lead_id,origem,data_cadastro,status_conversao,dias_ate_1o_trade,valor_deposito,perfil,pais
182621,E-mail Marketing,2024-11-12,Convertido,10.0,6445.13,Moderado,Japan
182622,E-mail Marketing,2024-11-15,Não Convertido,,0.0,Conservador,Cook Islands
182623,Facebook,2024-11-16,Não Convertido,,0.0,Conservador,Greece
182624,Google Ads,2024-11-15,Não Convertido,,0.0,Moderado,Saint Barthelemy
182625,TikTok,2024-11-13,Não Convertido,,0.0,Agressivo,Norway
182626,Facebook,2024-11-13,Não Convertido,,0.0,Desconhecido,Bhutan
182627,Google Ads,2024-11-14,Não Convertido,,0.0,Conservador,Kuwait
182628,YouTube Ads,2024-11-11,Não Convertido,,0.0,Moderado,Bhutan
182629,Orgânico,2024-11-15,Não Convertido,,0.0,Moderado,Armenia
182630,Orgânico,2024-11-12,Não Convertido,,0.0,Desconhecido,Falkland Islands (Malvinas)
182631,Orgânico,2024-11-14,Não Convertido,,0.0,Agressivo,Mayotte
182632,Instagram,2024-11-15,Não Convertido,,0.0,Moderado,Fiji
182633,Orgânico,2024-11-14,Não Convertido,,0.0,Conservador,Bangladesh
182634,Facebook,2024-11-15,Não Convertido,,0.0,Agressivo,Chile
182635,Instagram,2024-11-12,Não Convertido,,0.0,Moderado,Saudi Arabia
182636,Google Ads,2024-11-14,Não Convertido,,0.0,Moderado,Egypt
182637,Orgânico,2024-11-13,Não Convertido,,0.0,Agressivo,Greece
182638,Orgânico,2024-11-12,Convertido,28.0,8321.66,Agressivo,Timor-Leste
182639,Orgânico,2024-11-12,Não Convertido,,0.0,Moderado,Faroe Islands
182640,Google Ads,2024-11-13,Não Convertido,,0.0,Conservador,British Virgin Islands
182641,E-mail Marketing,2024-11-14,Não Convertido,,0.0,Moderado,Jamaica
182642,E-mail Marketing,2024-11-14,Não Convertido,,0.0,Agressivo,Togo
182643,Instagram,2024-11-13,Não Convertido,,0.0,Conservador,Ukraine
182644,Google Ads,2024-11-11,Não Convertido,,0.0,Agressivo,Puerto Rico
182645,YouTube Ads,2024-11-11,Não Convertido,,0.0,Moderado,Swaziland
182646,Orgânico,2024-11-15,Convertido,18.0,1386.14,Agressivo,Svalbard & Jan Mayen Islands
182647,E-mail Marketing,2024-11-12,Convertido,16.0,7760.4,Moderado,Madagascar
182648,YouTube Ads,2024-11-16,Não Convertido,,0.0,Moderado,Saudi Arabia
182649,WhatsApp,2024-11-13,Não Convertido,,0.0,Moderado,Benin
182650,Orgânico,2024-11-15,Não Convertido,,0.0,Agressivo,Trinidad and Tobago
182651,Indicação,2024-11-14,Não Convertido,,0.0,Conservador,Ethiopia
182652,E-mail Marketing,2024-11-14,Não Convertido,,0.0,Conservador,Tunisia
182653,WhatsApp,2024-11-16,Não Convertido,,0.0,Conservador,Saint Kitts and Nevis
182654,WhatsApp,2024-11-13,Não Convertido,,0.0,Moderado,Sao Tome and Principe
182655,Instagram,2024-11-12,Não Convertido,,0.0,Agressivo,Ghana
182656,Orgânico,2024-11-11,Não Convertido,,0.0,Desconhecido,Israel
182657,TikTok,2024-11-11,Não Convertido,,0.0,Moderado,Uzbekistan
182658,WhatsApp,2024-11-12,Não Convertido,,0.0,Moderado,Cuba
182659,Google Ads,2024-11-12,Não Convertido,,0.0,Agressivo,China
182660,Instagram,2024-11-12,Não Convertido,,0.0,Moderado,Latvia
182661,YouTube Ads,2024-11-15,Não Convertido,,0.0,Moderado,Congo
182662,TikTok,2024-11-15,Não Convertido,,0.0,Moderado,Greece
182663,TikTok,2024-11-12,Não Convertido,,0.0,Desconhecido,Lao People's Democratic Republic
182664,Indicação,2024-11-15,Não Convertido,,0.0,Moderado,Tanzania
182665,YouTube Ads,2024-11-16,Não Convertido,,0.0,Moderado,Korea
182666,YouTube Ads,2024-11-16,Não Convertido,,0.0,Conservador,Singapore
182667,YouTube Ads,2024-11-13,Não Convertido,,0.0,Agressivo,Bouvet Island (Bouvetoya)
182668,Instagram,2024-11-15,Não Convertido,,0.0,Moderado,Djibouti
182669,TikTok,2024-11-11,Não Convertido,,0.0,Conservador,Albania
182670,TikTok,2024-11-13,Não Convertido,,0.0,Moderado,Sweden
182671,Facebook,2024-11-13,Não Convertido,,0.0,Moderado,Wallis and Futuna
182672,Google Ads,2024-11-13,Não Convertido,,0.0,Agressivo,Saint Kitts and Nevis
182673,YouTube Ads,2024-11-16,Não Convertido,,0.0,Moderado,Turks and Caicos Islands
182674,Orgânico,2024-11-11,Não Convertido,,0.0,Agressivo,Greenland
182675,TikTok,2024-11-15,Não Convertido,,0.0,Agressivo,Tanzania
182676,Orgânico,2024-11-14,Não Convertido,,0.0,Moderado,Hungary
182677,Instagram,2024-11-12,Não Convertido,,0.0,Agressivo,Monaco
182678,Orgânico,2024-11-12,Não Convertido,,0.0,Moderado,Bahamas
182679,Instagram,2024-11-16,Não Convertido,,0.0,Agressivo,Albania
182680,Orgânico,2024-11-11,Não Convertido,,0.0,Agressivo,Eritrea
182681,YouTube Ads,2024-11-11,Não Convertido,,0.0,Agressivo,Armenia
182682,E-mail Marketing,2024-11-12,Não Convertido,,0.0,Conservador,New Zealand
182683,TikTok,2024-11-11,Não Convertido,,0.0,Agressivo,Barbados
182684,Instagram,2024-11-14,Não Convertido,,0.0,Conservador,Lithuania
182685,Facebook,2024-11-16,Não Convertido,,0.0,Moderado,Thailand
182686,Google Ads,2024-11-14,Convertido,13.0,1394.62,Agressivo,Antarctica (the territory South of 60 deg S)
182687,Orgânico,2024-11-15,Não Convertido,,0.0,Moderado,Luxembourg
182688,Facebook,2024-11-12,Não Convertido,,0.0,Moderado,New Zealand
182689,YouTube Ads,2024-11-11,Não Convertido,,0.0,Agressivo,Burundi
182690,Facebook,2024-11-13,Não Convertido,,0.0,Desconhecido,Iran
182691,TikTok,2024-11-15,Não Convertido,,0.0,Agressivo,Angola
182692,Google Ads,2024-11-15,Não Convertido,,0.0,Moderado,Algeria
182693,E-mail Marketing,2024-11-15,Não Convertido,,0.0,Agressivo,Cape Verde
182694,Google Ads,2024-11-15,Não Convertido,,0.0,Agressivo,Lebanon
182695,TikTok,2024-11-11,Não Convertido,,0.0,Desconhecido,Liberia
182696,Orgânico,2024-11-16,Não Convertido,,0.0,Moderado,Togo
182697,Instagram,2024-11-13,Não Convertido,,0.0,Moderado,Chile
182698,Instagram,2024-11-14,Não Convertido,,0.0,Moderado,Guinea
182699,TikTok,2024-11-13,Não Convertido,,0.0,Moderado,Grenada
182700,Orgânico,2024-11-14,Não Convertido,,0.0,Moderado,Anguilla
182701,E-mail Marketing,2024-11-12,Não Convertido,,0.0,Conservador,Congo
182702,Indicação,2024-11-15,Não Convertido,,0.0,Conservador,Malta
182703,TikTok,2024-11-14,Não Convertido,,0.0,Agressivo,Ethiopia
182704,Google Ads,2024-11-12,Não Convertido,,0.0,Moderado,Mauritius
182705,Orgânico,2024-11-15,Não Convertido,,0.0,Agressivo,Albania
182706,E-mail Marketing,2024-11-11,Não Convertido,,0.0,Conservador,Netherlands Antilles
182707,TikTok,2024-11-16,Não Convertido,,0.0,Moderado,Slovenia
182708,Instagram,2024-11-15,Não Convertido,,0.0,Agressivo,Svalbard & Jan Mayen Islands
182709,Instagram,2024-11-13,Não Convertido,,0.0,Moderado,Colombia
182710,Google Ads,2024-11-15,Convertido,15.0,1804.97,Moderado,Malaysia
182711,Instagram,2024-11-16,Não Convertido,,0.0,Conservador,Palestinian Territory
182712,Indicação,2024-11-14,Não Convertido,,0.0,Conservador,Netherlands Antilles
182713,Google Ads,2024-11-12,Não Convertido,,0.0,Desconhecido,Guadeloupe
182714,Instagram,2024-11-11,Não Convertido,,0.0,Agressivo,Spain
182715,Instagram,2024-11-12,Não Convertido,,0.0,Desconhecido,Liechtenstein
182716,Orgânico,2024-11-16,Não Convertido,,0.0,Moderado,Hungary
182717,Instagram,2024-11-13,Não Convertido,,0.0,Agressivo,Ukraine
182718,Facebook,2024-11-15,Não Convertido,,0.0,Moderado,Cuba
182719,TikTok,2024-11-13,Não Convertido,,0.0,Agressivo,Belize
182720,Orgânico,2024-11-13,Não Convertido,,0.0,Conservador,Singapore
182721,Instagram,2024-11-16,Não Convertido,,0.0,Moderado,Brunei Darussalam
182722,TikTok,2024-11-15,Não Convertido,,0.0,Conservador,Brazil
182723,Orgânico,2024-11-16,Não Convertido,,0.0,Conservador,Oman
182724,WhatsApp,2024-11-15,Não Convertido,,0.0,Moderado,Saint Pierre and Miquelon
182725,Google Ads,2024-11-14,Não Convertido,,0.0,Conservador,Oman
182726,Orgânico,2024-11-16,Não Convertido,,0.0,Agressivo,Saint Kitts and Nevis
182727,Orgânico,2024-11-16,Não Convertido,,0.0,Moderado,Sierra Leone
182728,Indicação,2024-11-12,Não Convertido,,0.0,Desconhecido,Ecuador
182729,TikTok,2024-11-16,Não Convertido,,0.0,Moderado,Micronesia
182730,Orgânico,2024-11-13,Não Convertido,,0.0,Conservador,Seychelles
182731,Google Ads,2024-11-16,Não Convertido,,0.0,Conservador,South Georgia and the South Sandwich Islands
182732,Google Ads,2024-11-15,Não Convertido,,0.0,Moderado,Moldova
182733,Facebook,2024-11-15,Não Convertido,,0.0,Agressivo,Djibouti
182734,Orgânico,2024-11-14,Não Convertido,,0.0,Agressivo,Maldives
182735,Google Ads,2024-11-16,Não Convertido,,0.0,Agressivo,Algeria
182736,WhatsApp,2024-11-12,Não Convertido,,0.0,Moderado,Rwanda
182737,TikTok,2024-11-13,Não Convertido,,0.0,Agressivo,Uganda
182738,WhatsApp,2024-11-11,Não Convertido,,0.0,Conservador,Czech Republic
182739,Indicação,2024-11-14,Não Convertido,,0.0,Moderado,Saudi Arabia
182740,Facebook,2024-11-13,Convertido,8.0,2529.37,Agressivo,Panama
182741,Facebook,2024-11-13,Não Convertido,,0.0,Moderado,Suriname
182742,E-mail Marketing,2024-11-15,Não Convertido,,0.0,Agressivo,Monaco
182743,E-mail Marketing,2024-11-11,Não Convertido,,0.0,Agressivo,Serbia
182744,Google Ads,2024-11-12,Não Convertido,,0.0,Agressivo,Philippines
182745,TikTok,2024-11-12,Não Convertido,,0.0,Agressivo,Greece
182746,Facebook,2024-11-11,Não Convertido,,0.0,Agressivo,South Georgia and the South Sandwich Islands
182747,Orgânico,2024-11-14,Não Convertido,,0.0,Conservador,Bermuda
182748,Google Ads,2024-11-16,Não Convertido,,0.0,Moderado,Anguilla
182749,TikTok,2024-11-13,Não Convertido,,0.0,Moderado,British Virgin Islands
182750,E-mail Marketing,2024-11-12,Não Convertido,,0.0,Agressivo,Iran
182751,Orgânico,2024-11-12,Não Convertido,,0.0,Moderado,Afghanistan
182752,WhatsApp,2024-11-15,Não Convertido,,0.0,Desconhecido,Papua New Guinea
182753,Google Ads,2024-11-15,Não Convertido,,0.0,Agressivo,United States Minor Outlying Islands
182754,Orgânico,2024-11-16,Não Convertido,,0.0,Desconhecido,Guatemala
182755,Instagram,2024-11-15,Não Convertido,,0.0,Agressivo,Nicaragua
182756,TikTok,2024-11-15,Não Convertido,,0.0,Conservador,United Kingdom
182757,Google Ads,2024-11-12,Não Convertido,,0.0,Conservador,Belarus
182758,Orgânico,2024-11-14,Não Convertido,,0.0,Agressivo,Suriname
182759,Instagram,2024-11-11,Não Convertido,,0.0,Agressivo,Italy
182760,WhatsApp,2024-11-16,Não Convertido,,0.0,Agressivo,San Marino
182761,Facebook,2024-11-16,Não Convertido,,0.0,Conservador,Uzbekistan
182762,Google Ads,2024-11-11,Não Convertido,,0.0,Desconhecido,Oman
182763,E-mail Marketing,2024-11-14,Não Convertido,,0.0,Desconhecido,Kyrgyz Republic
182764,WhatsApp,2024-11-15,Não Convertido,,0.0,Moderado,Spain
182765,Instagram,2024-11-13,Não Convertido,,0.0,Moderado,Burkina Faso
182766,TikTok,2024-11-11,Não Convertido,,0.0,Agressivo,Kazakhstan
182767,E-mail Marketing,2024-11-11,Não Convertido,,0.0,Agressivo,Colombia
182768,YouTube Ads,2024-11-14,Não Convertido,,0.0,Moderado,Argentina
182769,E-mail Marketing,2024-11-11,Não Convertido,,0.0,Desconhecido,Kiribati
182770,Instagram,2024-11-14,Não Convertido,,0.0,Conservador,Romania
182771,WhatsApp,2024-11-13,Não Convertido,,0.0,Conservador,Kiribati
182772,WhatsApp,2024-11-13,Não Convertido,,0.0,Moderado,Tunisia
182773,TikTok,2024-11-16,Não Convertido,,0.0,Moderado,Romania
182774,Orgânico,2024-11-11,Não Convertido,,0.0,Conservador,San Marino
182775,Instagram,2024-11-16,Não Convertido,,0.0,Agressivo,Guadeloupe
182776,WhatsApp,2024-11-13,Não Convertido,,0.0,Moderado,Korea
182777,Orgânico,2024-11-15,Não Convertido,,0.0,Moderado,United Arab Emirates
182778,WhatsApp,2024-11-12,Não Convertido,,0.0,Moderado,Mexico
182779,Orgânico,2024-11-14,Não Convertido,,0.0,Agressivo,China
182780,Instagram,2024-11-16,Não Convertido,,0.0,Agressivo,Turkey
182781,Facebook,2024-11-13,Não Convertido,,0.0,Agressivo,Guadeloupe
182782,TikTok,2024-11-12,Não Convertido,,0.0,Agressivo,Saint Lucia
182783,Orgânico,2024-11-13,Não Convertido,,0.0,Agressivo,Saint Barthelemy
182784,Orgânico,2024-11-11,Não Convertido,,0.0,Moderado,Indonesia
182785,Facebook,2024-11-16,Não Convertido,,0.0,Agressivo,Cyprus
182786,E-mail Marketing,2024-11-11,Não Convertido,,0.0,Conservador,Greenland
182787,Facebook,2024-11-11,Não Convertido,,0.0,Agressivo,Christmas Island
182788,Orgânico,2024-11-14,Não Convertido,,0.0,Moderado,South Georgia and the South Sandwich Islands
182789,Orgânico,2024-11-12,Não Convertido,,0.0,Agressivo,Reunion
182790,Facebook,2024-11-14,Convertido,13.0,8429.66,Moderado,Fiji
182791,Facebook,2024-11-16,Não Convertido,,0.0,Desconhecido,Wallis and Futuna
182792,Google Ads,2024-11-16,Não Convertido,,0.0,Agressivo,Gibraltar
182793,YouTube Ads,2024-11-13,Não Convertido,,0.0,Moderado,Cuba
182794,E-mail Marketing,2024-11-16,Não Convertido,,0.0,Moderado,Congo
182795,TikTok,2024-11-12,Não Convertido,,0.0,Agressivo,Czech Republic
182796,Instagram,2024-11-14,Não Convertido,,0.0,Conservador,Indonesia
182797,Google Ads,2024-11-11,Convertido,14.0,409.37,Moderado,Martinique
182798,Orgânico,2024-11-16,Não Convertido,,0.0,Moderado,Ecuador
182799,E-mail Marketing,2024-11-15,Não Convertido,,0.0,Moderado,Armenia
182800,E-mail Marketing,2024-11-16,Não Convertido,,0.0,Moderado,Philippines
182801,YouTube Ads,2024-11-15,Não Convertido,,0.0,Moderado,Mauritius
182802,TikTok,2024-11-14,Não Convertido,,0.0,Desconhecido,Slovenia
182803,TikTok,2024-11-15,Não Convertido,,0.0,Moderado,Egypt
182804,Orgânico,2024-11-13,Não Convertido,,0.0,Agressivo,Slovenia
182805,YouTube Ads,2024-11-12,Não Convertido,,0.0,Conservador,Timor-Leste
182806,Instagram,2024-11-16,Não Convertido,,0.0,Conservador,Oman
182807,WhatsApp,2024-11-16,Não Convertido,,0.0,Moderado,Solomon Islands
182808,Indicação,2024-11-11,Não Convertido,,0.0,Agressivo,United States of America
182809,TikTok,2024-11-11,Não Convertido,,0.0,Moderado,Palestinian Territory
182810,Facebook,2024-11-16,Não Convertido,,0.0,Desconhecido,Guinea-Bissau
182811,Facebook,2024-11-11,Não Convertido,,0.0,Agressivo,Papua New Guinea
182812,Indicação,2024-11-11,Não Convertido,,0.0,Conservador,Netherlands Antilles
182813,Orgânico,2024-11-13,Não Convertido,,0.0,Moderado,Aruba
182814,Instagram,2024-11-11,Não Convertido,,0.0,Moderado,Burkina Faso
182815,Google Ads,2024-11-15,Não Convertido,,0.0,Agressivo,Central African Republic
182816,WhatsApp,2024-11-11,Não Convertido,,0.0,Agressivo,Suriname
182817,E-mail Marketing,2024-11-13,Não Convertido,,0.0,Moderado,Mauritania
182818,TikTok,2024-11-13,Não Convertido,,0.0,Moderado,Egypt
182819,Google Ads,2024-11-16,Convertido,22.0,5334.76,Agressivo,Mexico
182820,TikTok,2024-11-14,Não Convertido,,0.0,Conservador,Jamaica
182821,WhatsApp,2024-11-15,Não Convertido,,0.0,Moderado,Korea
182822,Instagram,2024-11-12,Não Convertido,,0.0,Moderado,Mayotte
182823,Orgânico,2024-11-15,Não Convertido,,0.0,Agressivo,Bermuda
182824,Instagram,2024-11-16,Não Convertido,,0.0,Conservador,New Zealand
182825,WhatsApp,2024-11-13,Não Convertido,,0.0,Moderado,Guatemala
182826,WhatsApp,2024-11-12,Não Convertido,,0.0,Conservador,Gambia
182827,Indicação,2024-11-15,Não Convertido,,0.0,Conservador,Jersey
182828,Orgânico,2024-11-15,Não Convertido,,0.0,Moderado,Singapore
182829,Facebook,2024-11-12,Não Convertido,,0.0,Desconhecido,Palau
182830,Facebook,2024-11-11,Não Convertido,,0.0,Moderado,Cuba
182831,Indicação,2024-11-13,Não Convertido,,0.0,Agressivo,Zambia
182832,Google Ads,2024-11-12,Não Convertido,,0.0,Moderado,Cocos (Keeling) Islands
182833,Indicação,2024-11-11,Não Convertido,,0.0,Agressivo,Chad
182834,Facebook,2024-11-15,Não Convertido,,0.0,Agressivo,Uruguay
182835,Orgânico,2024-11-11,Não Convertido,,0.0,Agressivo,Hungary
182836,TikTok,2024-11-15,Não Convertido,,0.0,Moderado,Timor-Leste
182837,YouTube Ads,2024-11-15,Não Convertido,,0.0,Conservador,Belize
182838,TikTok,2024-11-13,Não Convertido,,0.0,Desconhecido,Bangladesh
182839,Orgânico,2024-11-14,Não Convertido,,0.0,Moderado,American Samoa
182840,WhatsApp,2024-11-12,Não Convertido,,0.0,Desconhecido,Nauru
182841,Instagram,2024-11-12,Não Convertido,,0.0,Moderado,Bouvet Island (Bouvetoya)
182842,E-mail Marketing,2024-11-14,Não Convertido,,0.0,Agressivo,Swaziland
182843,Orgânico,2024-11-13,Não Convertido,,0.0,Agressivo,Qatar
182844,WhatsApp,2024-11-12,Não Convertido,,0.0,Moderado,Guernsey
182845,Indicação,2024-11-13,Não Convertido,,0.0,Agressivo,Gibraltar
182846,Instagram,2024-11-11,Não Convertido,,0.0,Moderado,Libyan Arab Jamahiriya
182847,Orgânico,2024-11-16,Não Convertido,,0.0,Agressivo,Mozambique
182848,Facebook,2024-11-14,Não Convertido,,0.0,Moderado,France
182849,Orgânico,2024-11-12,Não Convertido,,0.0,Moderado,Azerbaijan
182850,Indicação,2024-11-13,Não Convertido,,0.0,Moderado,Bhutan
182851,Orgânico,2024-11-16,Não Convertido,,0.0,Agressivo,Panama
182852,Google Ads,2024-11-11,Não Convertido,,0.0,Agressivo,Western Sahara
182853,Google Ads,2024-11-11,Não Convertido,,0.0,Conservador,Senegal
182854,Indicação,2024-11-13,Não Convertido,,0.0,Moderado,Belgium
182855,Instagram,2024-11-15,Não Convertido,,0.0,Agressivo,Lebanon
182856,Facebook,2024-11-11,Não Convertido,,0.0,Agressivo,Yemen
182857,TikTok,2024-11-12,Não Convertido,,0.0,Moderado,Iraq
182858,Facebook,2024-11-15,Não Convertido,,0.0,Moderado,Saint Barthelemy
182859,Instagram,2024-11-12,Não Convertido,,0.0,Moderado,Nigeria
182860,E-mail Marketing,2024-11-12,Não Convertido,,0.0,Agressivo,Bahrain
182861,WhatsApp,2024-11-12,Não Convertido,,0.0,Agressivo,Brunei Darussalam
182862,Google Ads,2024-11-14,Não Convertido,,0.0,Conservador,Saint Martin
182863,TikTok,2024-11-15,Não Convertido,,0.0,Agressivo,Hungary
182864,WhatsApp,2024-11-15,Não Convertido,,0.0,Agressivo,Romania
182865,Instagram,2024-11-11,Não Convertido,,0.0,Desconhecido,Cote d'Ivoire
182866,YouTube Ads,2024-11-14,Não Convertido,,0.0,Conservador,Cote d'Ivoire
182867,Facebook,2024-11-11,Convertido,8.0,544.6,Conservador,Egypt
182868,Facebook,2024-11-14,Não Convertido,,0.0,Conservador,Syrian Arab Republic
182869,TikTok,2024-11-14,Não Convertido,,0.0,Moderado,Barbados
182870,WhatsApp,2024-11-13,Não Convertido,,0.0,Desconhecido,Azerbaijan
182871,YouTube Ads,2024-11-13,Não Convertido,,0.0,Moderado,Guinea-Bissau
182872,Orgânico,2024-11-15,Convertido,7.0,6886.97,Desconhecido,Brazil
182873,Orgânico,2024-11-12,Não Convertido,,0.0,Conservador,Namibia
182874,Orgânico,2024-11-11,Convertido,3.0,8047.0,Moderado,Niger
182875,E-mail Marketing,2024-11-14,Não Convertido,,0.0,Agressivo,Suriname
182876,TikTok,2024-11-14,Não Convertido,,0.0,Moderado,Cocos (Keeling) Islands
182877,E-mail Marketing,2024-11-13,Não Convertido,,0.0,Moderado,Palestinian Territory
182878,Instagram,2024-11-11,Não Convertido,,0.0,Conservador,Guam
182879,Instagram,2024-11-11,Não Convertido,,0.0,Desconhecido,Guinea
182880,Instagram,2024-11-12,Não Convertido,,0.0,Conservador,Pakistan
182881,Google Ads,2024-11-13,Não Convertido,,0.0,Agressivo,Barbados
182882,TikTok,2024-11-12,Não Convertido,,0.0,Agressivo,Bahamas
182883,Facebook,2024-11-14,Não Convertido,,0.0,Conservador,Georgia
182884,TikTok,2024-11-15,Não Convertido,,0.0,Agressivo,Kenya
182885,Google Ads,2024-11-12,Não Convertido,,0.0,Conservador,Angola
182886,Facebook,2024-11-11,Não Convertido,,0.0,Agressivo,Bhutan
182887,Facebook,2024-11-13,Não Convertido,,0.0,Desconhecido,Sweden
182888,Indicação,2024-11-14,Não Convertido,,0.0,Moderado,Samoa
182889,Orgânico,2024-11-12,Não Convertido,,0.0,Desconhecido,Ukraine
182890,Google Ads,2024-11-14,Não Convertido,,0.0,Agressivo,Belgium
182891,E-mail Marketing,2024-11-13,Não Convertido,,0.0,Conservador,Djibouti
182892,YouTube Ads,2024-11-15,Não Convertido,,0.0,Agressivo,Saint Vincent and the Grenadines
182893,Facebook,2024-11-14,Não Convertido,,0.0,Agressivo,Samoa
182894,Facebook,2024-11-13,Não Convertido,,0.0,Moderado,Vanuatu
182895,Google Ads,2024-11-12,Não Convertido,,0.0,Moderado,Comoros
182896,Facebook,2024-11-11,Não Convertido,,0.0,Moderado,Mali
182897,Instagram,2024-11-13,Não Convertido,,0.0,Moderado,Chile
182898,TikTok,2024-11-12,Convertido,10.0,6441.86,Conservador,El Salvador
182899,Orgânico,2024-11-13,Não Convertido,,0.0,Agressivo,Indonesia
182900,Orgânico,2024-11-12,Não Convertido,,0.0,Conservador,Nauru
182901,Orgânico,2024-11-11,Não Convertido,,0.0,Moderado,Guinea-Bissau
182902,E-mail Marketing,2024-11-14,Não Convertido,,0.0,Moderado,Gambia
182903,Instagram,2024-11-12,Não Convertido,,0.0,Moderado,Sierra Leone
182904,E-mail Marketing,2024-11-14,Não Convertido,,0.0,Desconhecido,Israel
182905,Instagram,2024-11-13,Não Convertido,,0.0,Moderado,Norway
182906,TikTok,2024-11-16,Não Convertido,,0.0,Agressivo,Reunion
182907,Google Ads,2024-11-11,Não Convertido,,0.0,Conservador,Russian Federation
182908,TikTok,2024-11-12,Não Convertido,,0.0,Conservador,Suriname
182909,Google Ads,2024-11-13,Não Convertido,,0.0,Moderado,Liberia
182910,Instagram,2024-11-13,Não Convertido,,0.0,Agressivo,Jersey
182911,E-mail Marketing,2024-11-13,Não Convertido,,0.0,Agressivo,Tuvalu
182912,WhatsApp,2024-11-15,Não Convertido,,0.0,Conservador,Italy
182913,Indicação,2024-11-11,Não Convertido,,0.0,Agressivo,Turks and Caicos Islands
182914,Indicação,2024-11-14,Não Convertido,,0.0,Agressivo,Lithuania
182915,YouTube Ads,2024-11-12,Não Convertido,,0.0,Conservador,French Polynesia
182916,Google Ads,2024-11-14,Não Convertido,,0.0,Conservador,Antarctica (the territory South of 60 deg S)
182917,Instagram,2024-11-12,Convertido,22.0,464.01,Desconhecido,Reunion
182918,Orgânico,2024-11-11,Não Convertido,,0.0,Conservador,Cayman Islands
182919,TikTok,2024-11-12,Não Convertido,,0.0,Agressivo,Liberia
182920,Facebook,2024-11-14,Não Convertido,,0.0,Conservador,Denmark
182921,Instagram,2024-11-11,Não Convertido,,0.0,Agressivo,Bahrain
182922,Indicação,2024-11-14,Não Convertido,,0.0,Conservador,Malaysia
182923,YouTube Ads,2024-11-13,Não Convertido,,0.0,Conservador,Morocco
182924,Orgânico,2024-11-14,Não Convertido,,0.0,Agressivo,Mayotte
182925,Instagram,2024-11-13,Não Convertido,,0.0,Desconhecido,Armenia
182926,YouTube Ads,2024-11-13,Não Convertido,,0.0,Desconhecido,Malaysia
182927,Orgânico,2024-11-13,Não Convertido,,0.0,Moderado,Vanuatu
182928,E-mail Marketing,2024-11-16,Convertido,23.0,3528.21,Agressivo,Greece
182929,TikTok,2024-11-12,Não Convertido,,0.0,Agressivo,Azerbaijan
182930,Orgânico,2024-11-13,Não Convertido,,0.0,Conservador,Sudan
182931,Google Ads,2024-11-16,Não Convertido,,0.0,Conservador,Morocco
182932,Instagram,2024-11-14,Não Convertido,,0.0,Conservador,Morocco
182933,TikTok,2024-11-11,Não Convertido,,0.0,Conservador,Marshall Islands
182934,E-mail Marketing,2024-11-15,Não Convertido,,0.0,Agressivo,Sao Tome and Principe
182935,Instagram,2024-11-15,Não Convertido,,0.0,Agressivo,Uruguay
182936,Instagram,2024-11-12,Não Convertido,,0.0,Conservador,Guam
182937,WhatsApp,2024-11-14,Não Convertido,,0.0,Moderado,Uruguay
182938,E-mail Marketing,2024-11-15,Não Convertido,,0.0,Agressivo,Nigeria
182939,Instagram,2024-11-16,Não Convertido,,0.0,Conservador,South Georgia and the South Sandwich Islands
182940,Indicação,2024-11-11,Não Convertido,,0.0,Moderado,Burkina Faso
182941,YouTube Ads,2024-11-14,Não Convertido,,0.0,Conservador,United Arab Emirates
182942,Facebook,2024-11-11,Não Convertido,,0.0,Moderado,Australia
182943,Orgânico,2024-11-13,Não Convertido,,0.0,Desconhecido,Papua New Guinea
182944,Orgânico,2024-11-15,Não Convertido,,0.0,Agressivo,El Salvador
182945,Facebook,2024-11-11,Não Convertido,,0.0,Moderado,Netherlands
182946,Instagram,2024-11-14,Não Convertido,,0.0,Conservador,Saint Kitts and Nevis
182947,YouTube Ads,2024-11-12,Não Convertido,,0.0,Agressivo,Tuvalu
182948,E-mail Marketing,2024-11-13,Não Convertido,,0.0,Agressivo,Ireland
182949,E-mail Marketing,2024-11-13,Não Convertido,,0.0,Agressivo,Equatorial Guinea
182950,Orgânico,2024-11-14,Não Convertido,,0.0,Moderado,American Samoa
182951,Instagram,2024-11-13,Não Convertido,,0.0,Moderado,Iran
182952,YouTube Ads,2024-11-15,Não Convertido,,0.0,Moderado,Sao Tome and Principe
182953,TikTok,2024-11-13,Não Convertido,,0.0,Desconhecido,Dominican Republic
182954,TikTok,2024-11-11,Não Convertido,,0.0,Moderado,Gambia
182955,TikTok,2024-11-13,Não Convertido,,0.0,Moderado,Ireland
182956,E-mail Marketing,2024-11-12,Não Convertido,,0.0,Agressivo,Mexico
182957,Orgânico,2024-11-15,Não Convertido,,0.0,Moderado,Norway
182958,E-mail Marketing,2024-11-15,Não Convertido,,0.0,Agressivo,Singapore
182959,TikTok,2024-11-16,Não Convertido,,0.0,Moderado,Liechtenstein
182960,Instagram,2024-11-15,Não Convertido,,0.0,Moderado,Dominica
182961,Facebook,2024-11-16,Não Convertido,,0.0,Moderado,Nicaragua
182962,TikTok,2024-11-12,Não Convertido,,0.0,Moderado,India
182963,Google Ads,2024-11-14,Não Convertido,,0.0,Agressivo,Russian Federation
182964,TikTok,2024-11-13,Não Convertido,,0.0,Desconhecido,Malta
182965,Facebook,2024-11-12,Não Convertido,,0.0,Agressivo,Holy See (Vatican City State)
182966,Indicação,2024-11-11,Não Convertido,,0.0,Agressivo,Finland
182967,Instagram,2024-11-13,Não Convertido,,0.0,Agressivo,Zimbabwe
182968,E-mail Marketing,2024-11-16,Não Convertido,,0.0,Moderado,Equatorial Guinea
182969,Orgânico,2024-11-15,Não Convertido,,0.0,Desconhecido,Bolivia
182970,TikTok,2024-11-12,Não Convertido,,0.0,Moderado,Peru
182971,TikTok,2024-11-11,Não Convertido,,0.0,Moderado,Costa Rica
182972,Facebook,2024-11-15,Não Convertido,,0.0,Moderado,Kenya
182973,WhatsApp,2024-11-11,Não Convertido,,0.0,Moderado,Congo
182974,TikTok,2024-11-12,Não Convertido,,0.0,Desconhecido,El Salvador
182975,Instagram,2024-11-12,Não Convertido,,0.0,Moderado,North Macedonia
182976,YouTube Ads,2024-11-13,Não Convertido,,0.0,Agressivo,Myanmar
182977,Facebook,2024-11-11,Não Convertido,,0.0,Desconhecido,Martinique
182978,Google Ads,2024-11-15,Não Convertido,,0.0,Desconhecido,Canada
182979,TikTok,2024-11-16,Não Convertido,,0.0,Agressivo,Puerto Rico
182980,Facebook,2024-11-13,Não Convertido,,0.0,Agressivo,Qatar
182981,TikTok,2024-11-11,Não Convertido,,0.0,Moderado,Faroe Islands
182982,TikTok,2024-11-15,Não Convertido,,0.0,Conservador,Jamaica
182983,Google Ads,2024-11-16,Não Convertido,,0.0,Agressivo,Western Sahara
182984,Orgânico,2024-11-16,Convertido,28.0,7636.98,Conservador,Fiji
182985,Orgânico,2024-11-13,Não Convertido,,0.0,Desconhecido,Sweden
182986,E-mail Marketing,2024-11-14,Não Convertido,,0.0,Conservador,Luxembourg
182987,WhatsApp,2024-11-15,Não Convertido,,0.0,Agressivo,Falkland Islands (Malvinas)
182988,E-mail Marketing,2024-11-11,Não Convertido,,0.0,Agressivo,United States of America
182989,TikTok,2024-11-13,Não Convertido,,0.0,Conservador,Algeria
182990,Facebook,2024-11-15,Não Convertido,,0.0,Moderado,Seychelles
182991,YouTube Ads,2024-11-15,Não Convertido,,0.0,Moderado,Cameroon
182992,TikTok,2024-11-14,Não Convertido,,0.0,Desconhecido,Mozambique
182993,Instagram,2024-11-14,Não Convertido,,0.0,Moderado,Eritrea
182994,Instagram,2024-11-13,Não Convertido,,0.0,Agressivo,Puerto Rico
182995,Indicação,2024-11-16,Não Convertido,,0.0,Desconhecido,Saint Kitts and Nevis
182996,E-mail Marketing,2024-11-11,Não Convertido,,0.0,Conservador,New Caledonia
182997,E-mail Marketing,2024-11-11,Não Convertido,,0.0,Moderado,Korea
182998,Instagram,2024-11-15,Não Convertido,,0.0,Moderado,Mayotte
182999,TikTok,2024-11-16,Não Convertido,,0.0,Agressivo,British Indian Ocean Territory (Chagos Archipelago)
183000,YouTube Ads,2024-11-11,Não Convertido,,0.0,Agressivo,Slovakia (Slovak Republic)
183001,E-mail Marketing,2024-11-15,Não Convertido,,0.0,Conservador,Peru
183002,TikTok,2024-11-16,Não Convertido,,0.0,Moderado,Korea
183003,Google Ads,2024-11-16,Não Convertido,,0.0,Conservador,Armenia
183004,Instagram,2024-11-12,Não Convertido,,0.0,Agressivo,Botswana
183005,TikTok,2024-11-14,Não Convertido,,0.0,Agressivo,Cote d'Ivoire
183006,YouTube Ads,2024-11-12,Não Convertido,,0.0,Agressivo,Montenegro
183007,Indicação,2024-11-15,Não Convertido,,0.0,Conservador,Guam
183008,Orgânico,2024-11-14,Não Convertido,,0.0,Moderado,France
183009,TikTok,2024-11-14,Não Convertido,,0.0,Agressivo,Guyana
183010,WhatsApp,2024-11-15,Não Convertido,,0.0,Agressivo,Wallis and Futuna
183011,Orgânico,2024-11-15,Não Convertido,,0.0,Moderado,Benin
183012,Instagram,2024-11-14,Não Convertido,,0.0,Agressivo,Sao Tome and Principe
183013,WhatsApp,2024-11-11,Não Convertido,,0.0,Conservador,Uruguay
183014,Orgânico,2024-11-15,Não Convertido,,0.0,Conservador,Botswana
183015,Facebook,2024-11-11,Não Convertido,,0.0,Agressivo,Suriname
183016,E-mail Marketing,2024-11-15,Não Convertido,,0.0,Agressivo,Libyan Arab Jamahiriya
183017,E-mail Marketing,2024-11-14,Não Convertido,,0.0,Moderado,Lesotho
183018,Orgânico,2024-11-11,Não Convertido,,0.0,Moderado,Belize
183019,TikTok,2024-11-15,Não Convertido,,0.0,Agressivo,American Samoa
183020,Instagram,2024-11-11,Não Convertido,,0.0,Conservador,Solomon Islands
183021,Instagram,2024-11-14,Não Convertido,,0.0,Moderado,Latvia
183022,TikTok,2024-11-11,Não Convertido,,0.0,Moderado,Saint Pierre and Miquelon
183023,Facebook,2024-11-12,Não Convertido,,0.0,Desconhecido,Palestinian Territory
183024,TikTok,2024-11-13,Não Convertido,,0.0,Moderado,Andorra
183025,TikTok,2024-11-13,Não Convertido,,0.0,Agressivo,Saudi Arabia
183026,Google Ads,2024-11-11,Não Convertido,,0.0,Agressivo,Mexico
183027,Instagram,2024-11-16,Não Convertido,,0.0,Conservador,Tuvalu
183028,Instagram,2024-11-16,Não Convertido,,0.0,Agressivo,Poland
183029,Orgânico,2024-11-14,Não Convertido,,0.0,Moderado,Christmas Island
183030,E-mail Marketing,2024-11-13,Não Convertido,,0.0,Agressivo,Greece
183031,Facebook,2024-11-12,Não Convertido,,0.0,Agressivo,Thailand
183032,Google Ads,2024-11-15,Não Convertido,,0.0,Conservador,Mali
183033,YouTube Ads,2024-11-14,Não Convertido,,0.0,Moderado,Bahrain
183034,Orgânico,2024-11-11,Não Convertido,,0.0,Agressivo,Sweden
183035,TikTok,2024-11-15,Não Convertido,,0.0,Moderado,Papua New Guinea
183036,Instagram,2024-11-12,Não Convertido,,0.0,Conservador,Zimbabwe
183037,Orgânico,2024-11-13,Não Convertido,,0.0,Agressivo,Botswana
183038,Instagram,2024-11-15,Não Convertido,,0.0,Moderado,Papua New Guinea
183039,Indicação,2024-11-16,Não Convertido,,0.0,Conservador,Saint Lucia
183040,Facebook,2024-11-14,Não Convertido,,0.0,Desconhecido,Lebanon
183041,E-mail Marketing,2024-11-15,Não Convertido,,0.0,Moderado,Qatar
183042,Instagram,2024-11-13,Não Convertido,,0.0,Agressivo,Montserrat
183043,WhatsApp,2024-11-13,Não Convertido,,0.0,Conservador,Malta
183044,Orgânico,2024-11-15,Não Convertido,,0.0,Agressivo,Kuwait
183045,Instagram,2024-11-12,Não Convertido,,0.0,Moderado,Cape Verde
183046,Facebook,2024-11-13,Não Convertido,,0.0,Moderado,Italy
183047,WhatsApp,2024-11-14,Não Convertido,,0.0,Conservador,Anguilla
183048,WhatsApp,2024-11-15,Não Convertido,,0.0,Agressivo,Sweden
183049,YouTube Ads,2024-11-12,Não Convertido,,0.0,Conservador,Ethiopia
183050,TikTok,2024-11-13,Convertido,20.0,7368.37,Moderado,Romania
183051,Google Ads,2024-11-12,Não Convertido,,0.0,Moderado,Timor-Leste
183052,Orgânico,2024-11-16,Não Convertido,,0.0,Conservador,Zambia
183053,WhatsApp,2024-11-12,Não Convertido,,0.0,Moderado,Yemen
183054,TikTok,2024-11-16,Não Convertido,,0.0,Desconhecido,Palestinian Territory
183055,Orgânico,2024-11-15,Não Convertido,,0.0,Moderado,Oman
183056,E-mail Marketing,2024-11-11,Não Convertido,,0.0,Moderado,Uzbekistan
183057,Instagram,2024-11-15,Não Convertido,,0.0,Agressivo,Serbia
183058,WhatsApp,2024-11-16,Não Convertido,,0.0,Agressivo,Indonesia
183059,TikTok,2024-11-11,Não Convertido,,0.0,Agressivo,Luxembourg
183060,TikTok,2024-11-15,Não Convertido,,0.0,Moderado,Saint Lucia
183061,Orgânico,2024-11-12,Não Convertido,,0.0,Conservador,Kuwait
183062,Orgânico,2024-11-13,Não Convertido,,0.0,Moderado,Cambodia
183063,Indicação,2024-11-16,Não Convertido,,0.0,Conservador,Timor-Leste
183064,E-mail Marketing,2024-11-15,Convertido,5.0,1790.78,Agressivo,Saint Vincent and the Grenadines
183065,TikTok,2024-11-14,Não Convertido,,0.0,Agressivo,Gabon
183066,Google Ads,2024-11-13,Não Convertido,,0.0,Agressivo,Bouvet Island (Bouvetoya)
183067,YouTube Ads,2024-11-12,Não Convertido,,0.0,Agressivo,Denmark
183068,Instagram,2024-11-12,Não Convertido,,0.0,Desconhecido,Estonia
183069,TikTok,2024-11-14,Não Convertido,,0.0,Agressivo,North Macedonia
183070,Instagram,2024-11-11,Convertido,22.0,771.46,Agressivo,Puerto Rico
183071,Google Ads,2024-11-13,Não Convertido,,0.0,Desconhecido,Cuba
183072,E-mail Marketing,2024-11-16,Não Convertido,,0.0,Conservador,Andorra
183073,Facebook,2024-11-16,Não Convertido,,0.0,Moderado,Christmas Island
183074,WhatsApp,2024-11-13,Não Convertido,,0.0,Moderado,Kazakhstan
183075,Instagram,2024-11-11,Não Convertido,,0.0,Agressivo,Slovenia
183076,Instagram,2024-11-13,Convertido,23.0,6057.03,Agressivo,Northern Mariana Islands
183077,Orgânico,2024-11-11,Não Convertido,,0.0,Moderado,Greece
183078,Orgânico,2024-11-16,Não Convertido,,0.0,Desconhecido,Hong Kong
183079,Orgânico,2024-11-13,Não Convertido,,0.0,Moderado,Georgia
183080,Facebook,2024-11-12,Não Convertido,,0.0,Moderado,Kenya
183081,E-mail Marketing,2024-11-16,Não Convertido,,0.0,Moderado,Brunei Darussalam
183082,YouTube Ads,2024-11-14,Não Convertido,,0.0,Moderado,Singapore
183083,Instagram,2024-11-13,Não Convertido,,0.0,Conservador,Niue
183084,Orgânico,2024-11-13,Não Convertido,,0.0,Agressivo,Northern Mariana Islands
183085,Orgânico,2024-11-16,Não Convertido,,0.0,Conservador,Cote d'Ivoire
183086,Facebook,2024-11-15,Não Convertido,,0.0,Moderado,India
183087,Orgânico,2024-11-11,Não Convertido,,0.0,Moderado,New Caledonia
183088,Google Ads,2024-11-15,Não Convertido,,0.0,Agressivo,Serbia
183089,Instagram,2024-11-14,Não Convertido,,0.0,Moderado,Egypt
183090,WhatsApp,2024-11-14,Não Convertido,,0.0,Moderado,Antigua and Barbuda
183091,Orgânico,2024-11-15,Não Convertido,,0.0,Conservador,Guadeloupe
183092,E-mail Marketing,2024-11-15,Não Convertido,,0.0,Moderado,New Zealand
183093,E-mail Marketing,2024-11-16,Não Convertido,,0.0,Moderado,Antigua and Barbuda
183094,Instagram,2024-11-15,Não Convertido,,0.0,Moderado,Russian Federation
183095,Google Ads,2024-11-16,Não Convertido,,0.0,Moderado,Afghanistan
183096,E-mail Marketing,2024-11-15,Não Convertido,,0.0,Agressivo,Thailand
183097,Instagram,2024-11-12,Não Convertido,,0.0,Moderado,Sri Lanka
183098,Google Ads,2024-11-13,Não Convertido,,0.0,Moderado,Tanzania
183099,TikTok,2024-11-14,Não Convertido,,0.0,Conservador,Italy
183100,YouTube Ads,2024-11-12,Não Convertido,,0.0,Agressivo,Greenland
183101,TikTok,2024-11-16,Não Convertido,,0.0,Agressivo,Saint Vincent and the Grenadines
183102,Google Ads,2024-11-13,Não Convertido,,0.0,Desconhecido,Japan
183103,Instagram,2024-11-15,Não Convertido,,0.0,Agressivo,Afghanistan
183104,Google Ads,2024-11-11,Não Convertido,,0.0,Conservador,El Salvador
183105,TikTok,2024-11-11,Não Convertido,,0.0,Moderado,Bahrain
183106,TikTok,2024-11-16,Não Convertido,,0.0,Moderado,Samoa
183107,Facebook,2024-11-15,Não Convertido,,0.0,Desconhecido,Western Sahara
183108,Facebook,2024-11-15,Convertido,13.0,9586.43,Moderado,Kyrgyz Republic
183109,TikTok,2024-11-12,Não Convertido,,0.0,Agressivo,Korea
183110,Google Ads,2024-11-15,Não Convertido,,0.0,Desconhecido,Hungary
183111,WhatsApp,2024-11-16,Não Convertido,,0.0,Conservador,Uganda
183112,Instagram,2024-11-14,Não Convertido,,0.0,Agressivo,Samoa
183113,YouTube Ads,2024-11-14,Não Convertido,,0.0,Agressivo,Heard Island and McDonald Islands
183114,E-mail Marketing,2024-11-13,Não Convertido,,0.0,Agressivo,Finland
183115,Indicação,2024-11-13,Não Convertido,,0.0,Conservador,Reunion
183116,Orgânico,2024-11-14,Não Convertido,,0.0,Moderado,Netherlands Antilles
183117,Google Ads,2024-11-16,Não Convertido,,0.0,Agressivo,Cameroon
183118,Orgânico,2024-11-15,Não Convertido,,0.0,Desconhecido,Svalbard & Jan Mayen Islands
183119,Facebook,2024-11-15,Não Convertido,,0.0,Desconhecido,Jamaica
183120,Orgânico,2024-11-11,Não Convertido,,0.0,Agressivo,American Samoa
183121,Orgânico,2024-11-16,Não Convertido,,0.0,Agressivo,Croatia
183122,Google Ads,2024-11-11,Não Convertido,,0.0,Agressivo,Saint Martin
183123,Orgânico,2024-11-11,Não Convertido,,0.0,Moderado,Libyan Arab Jamahiriya
183124,Facebook,2024-11-13,Não Convertido,,0.0,Conservador,Djibouti
183125,Orgânico,2024-11-13,Não Convertido,,0.0,Agressivo,Korea
183126,Google Ads,2024-11-16,Não Convertido,,0.0,Moderado,Chad
183127,Orgânico,2024-11-11,Não Convertido,,0.0,Agressivo,Chad
183128,Indicação,2024-11-15,Não Convertido,,0.0,Moderado,Togo
183129,TikTok,2024-11-14,Não Convertido,,0.0,Conservador,Angola
183130,Orgânico,2024-11-12,Não Convertido,,0.0,Agressivo,United States of America
183131,Instagram,2024-11-14,Não Convertido,,0.0,Agressivo,Ecuador
183132,WhatsApp,2024-11-11,Não Convertido,,0.0,Moderado,Svalbard & Jan Mayen Islands
183133,WhatsApp,2024-11-11,Não Convertido,,0.0,Desconhecido,Papua New Guinea
183134,Google Ads,2024-11-11,Não Convertido,,0.0,Moderado,Poland
183135,WhatsApp,2024-11-15,Não Convertido,,0.0,Moderado,Estonia
183136,TikTok,2024-11-11,Não Convertido,,0.0,Conservador,Guinea-Bissau
183137,Instagram,2024-11-12,Convertido,17.0,7996.87,Moderado,Cameroon
183138,Instagram,2024-11-11,Não Convertido,,0.0,Conservador,Serbia
183139,Google Ads,2024-11-14,Não Convertido,,0.0,Moderado,Sri Lanka
183140,Indicação,2024-11-14,Não Convertido,,0.0,Moderado,India
183141,TikTok,2024-11-15,Convertido,2.0,4443.32,Moderado,Zambia
183142,Instagram,2024-11-11,Não Convertido,,0.0,Moderado,Bahamas
183143,Orgânico,2024-11-14,Não Convertido,,0.0,Conservador,Comoros
183144,Google Ads,2024-11-13,Não Convertido,,0.0,Desconhecido,Ireland
183145,Instagram,2024-11-13,Não Convertido,,0.0,Moderado,Timor-Leste
183146,Google Ads,2024-11-12,Não Convertido,,0.0,Moderado,French Polynesia
183147,Instagram,2024-11-13,Não Convertido,,0.0,Agressivo,Guinea-Bissau
183148,Orgânico,2024-11-15,Não Convertido,,0.0,Agressivo,Iraq
183149,YouTube Ads,2024-11-12,Não Convertido,,0.0,Agressivo,Montserrat
183150,E-mail Marketing,2024-11-16,Não Convertido,,0.0,Moderado,San Marino
183151,Orgânico,2024-11-16,Não Convertido,,0.0,Agressivo,Vietnam
183152,Google Ads,2024-11-13,Não Convertido,,0.0,Desconhecido,Germany
183153,Instagram,2024-11-11,Convertido,8.0,2473.68,Desconhecido,Colombia
183154,TikTok,2024-11-12,Não Convertido,,0.0,Moderado,Saint Martin
183155,Indicação,2024-11-15,Não Convertido,,0.0,Moderado,Iraq
183156,TikTok,2024-11-11,Não Convertido,,0.0,Agressivo,South Africa
183157,Orgânico,2024-11-16,Não Convertido,,0.0,Conservador,United States Minor Outlying Islands
183158,Orgânico,2024-11-12,Convertido,17.0,5003.08,Moderado,Gibraltar
183159,Facebook,2024-11-15,Não Convertido,,0.0,Agressivo,Ireland
183160,E-mail Marketing,2024-11-15,Convertido,19.0,6365.49,Conservador,Thailand
183161,Indicação,2024-11-13,Não Convertido,,0.0,Agressivo,Cook Islands
183162,E-mail Marketing,2024-11-14,Não Convertido,,0.0,Moderado,Netherlands Antilles
183163,Google Ads,2024-11-14,Não Convertido,,0.0,Conservador,Myanmar
183164,Indicação,2024-11-11,Não Convertido,,0.0,Agressivo,New Caledonia
183165,YouTube Ads,2024-11-14,Não Convertido,,0.0,Conservador,Holy See (Vatican City State)
183166,Indicação,2024-11-13,Não Convertido,,0.0,Conservador,Vietnam
183167,Orgânico,2024-11-16,Não Convertido,,0.0,Agressivo,Algeria
183168,Orgânico,2024-11-13,Não Convertido,,0.0,Moderado,Nigeria
183169,Orgânico,2024-11-16,Não Convertido,,0.0,Conservador,Uganda
183170,WhatsApp,2024-11-13,Não Convertido,,0.0,Moderado,French Southern Territories
183171,Instagram,2024-11-12,Não Convertido,,0.0,Conservador,Uruguay
183172,Facebook,2024-11-12,Não Convertido,,0.0,Moderado,Denmark
183173,Orgânico,2024-11-14,Não Convertido,,0.0,Conservador,Uganda
183174,Orgânico,2024-11-15,Não Convertido,,0.0,Moderado,China
183175,Facebook,2024-11-15,Não Convertido,,0.0,Agressivo,Tuvalu
183176,Instagram,2024-11-12,Não Convertido,,0.0,Agressivo,Somalia
183177,TikTok,2024-11-16,Não Convertido,,0.0,Agressivo,Pitcairn Islands
183178,Facebook,2024-11-11,Não Convertido,,0.0,Moderado,Guam
183179,WhatsApp,2024-11-11,Não Convertido,,0.0,Moderado,Congo
183180,Indicação,2024-11-16,Não Convertido,,0.0,Conservador,Saint Pierre and Miquelon
183181,Instagram,2024-11-14,Não Convertido,,0.0,Conservador,Guyana
183182,E-mail Marketing,2024-11-16,Não Convertido,,0.0,Desconhecido,Netherlands
183183,Instagram,2024-11-16,Não Convertido,,0.0,Agressivo,Liberia
183184,WhatsApp,2024-11-12,Não Convertido,,0.0,Desconhecido,Korea
183185,TikTok,2024-11-14,Não Convertido,,0.0,Moderado,Georgia
183186,WhatsApp,2024-11-12,Não Convertido,,0.0,Agressivo,Faroe Islands
183187,TikTok,2024-11-13,Não Convertido,,0.0,Conservador,Equatorial Guinea
183188,Orgânico,2024-11-15,Convertido,18.0,188.64,Agressivo,Belarus
183189,Orgânico,2024-11-13,Não Convertido,,0.0,Conservador,Venezuela
183190,E-mail Marketing,2024-11-11,Não Convertido,,0.0,Moderado,Saint Helena
183191,Instagram,2024-11-14,Não Convertido,,0.0,Moderado,Serbia
183192,TikTok,2024-11-16,Não Convertido,,0.0,Agressivo,Chad
183193,Orgânico,2024-11-13,Não Convertido,,0.0,Agressivo,Ireland
183194,Instagram,2024-11-11,Não Convertido,,0.0,Agressivo,Nigeria
183195,E-mail Marketing,2024-11-11,Não Convertido,,0.0,Moderado,Lao People's Democratic Republic
183196,Google Ads,2024-11-16,Não Convertido,,0.0,Moderado,Mauritius
183197,Orgânico,2024-11-11,Não Convertido,,0.0,Moderado,Niger
183198,Instagram,2024-11-15,Não Convertido,,0.0,Conservador,Kiribati
183199,Orgânico,2024-11-15,Não Convertido,,0.0,Agressivo,Saint Pierre and Miquelon
183200,Indicação,2024-11-16,Não Convertido,,0.0,Moderado,Bangladesh
183201,Orgânico,2024-11-16,Não Convertido,,0.0,Moderado,Saudi Arabia
183202,Google Ads,2024-11-11,Não Convertido,,0.0,Conservador,Malaysia
183203,TikTok,2024-11-15,Não Convertido,,0.0,Moderado,Jordan
183204,Orgânico,2024-11-12,Não Convertido,,0.0,Agressivo,Burundi
183205,WhatsApp,2024-11-13,Não Convertido,,0.0,Agressivo,Andorra
183206,Facebook,2024-11-16,Não Convertido,,0.0,Moderado,Isle of Man
183207,TikTok,2024-11-16,Não Convertido,,0.0,Moderado,Spain
183208,TikTok,2024-11-13,Não Convertido,,0.0,Agressivo,Taiwan
183209,E-mail Marketing,2024-11-11,Não Convertido,,0.0,Moderado,Falkland Islands (Malvinas)
183210,TikTok,2024-11-15,Não Convertido,,0.0,Moderado,Guernsey
183211,Facebook,2024-11-15,Não Convertido,,0.0,Agressivo,Morocco
183212,Google Ads,2024-11-16,Não Convertido,,0.0,Agressivo,Netherlands Antilles
183213,E-mail Marketing,2024-11-16,Não Convertido,,0.0,Moderado,Hungary
183214,Orgânico,2024-11-11,Não Convertido,,0.0,Moderado,Bermuda
183215,Instagram,2024-11-15,Não Convertido,,0.0,Agressivo,Lebanon
183216,Facebook,2024-11-11,Não Convertido,,0.0,Agressivo,Colombia
183217,Google Ads,2024-11-13,Não Convertido,,0.0,Moderado,Iran
183218,TikTok,2024-11-16,Não Convertido,,0.0,Moderado,Vanuatu
183219,E-mail Marketing,2024-11-13,Não Convertido,,0.0,Agressivo,Switzerland
183220,Google Ads,2024-11-16,Não Convertido,,0.0,Moderado,Bangladesh
183221,Google Ads,2024-11-12,Não Convertido,,0.0,Moderado,Dominican Republic
183222,E-mail Marketing,2024-11-14,Não Convertido,,0.0,Conservador,Kazakhstan
183223,WhatsApp,2024-11-13,Não Convertido,,0.0,Conservador,Luxembourg
183224,Google Ads,2024-11-16,Não Convertido,,0.0,Moderado,Cambodia
183225,E-mail Marketing,2024-11-11,Não Convertido,,0.0,Moderado,Saint Martin
183226,TikTok,2024-11-15,Não Convertido,,0.0,Conservador,Estonia
183227,TikTok,2024-11-12,Não Convertido,,0.0,Moderado,Guinea-Bissau
183228,Facebook,2024-11-14,Não Convertido,,0.0,Moderado,Saint Kitts and Nevis
183229,YouTube Ads,2024-11-14,Não Convertido,,0.0,Desconhecido,Italy
183230,Facebook,2024-11-12,Não Convertido,,0.0,Moderado,Tonga
183231,Google Ads,2024-11-16,Não Convertido,,0.0,Agressivo,Faroe Islands
183232,TikTok,2024-11-16,Não Convertido,,0.0,Conservador,Romania
183233,WhatsApp,2024-11-12,Não Convertido,,0.0,Moderado,Bermuda
183234,Facebook,2024-11-16,Não Convertido,,0.0,Moderado,Togo
183235,Instagram,2024-11-11,Não Convertido,,0.0,Moderado,Gibraltar
183236,WhatsApp,2024-11-15,Não Convertido,,0.0,Moderado,Equatorial Guinea
183237,WhatsApp,2024-11-13,Não Convertido,,0.0,Desconhecido,New Zealand
183238,Facebook,2024-11-16,Convertido,17.0,2755.09,Moderado,Sri Lanka
183239,Google Ads,2024-11-16,Não Convertido,,0.0,Moderado,Comoros
183240,Orgânico,2024-11-13,Não Convertido,,0.0,Moderado,Yemen
183241,E-mail Marketing,2024-11-15,Não Convertido,,0.0,Agressivo,Pakistan
183242,TikTok,2024-11-15,Não Convertido,,0.0,Agressivo,Saint Lucia
183243,WhatsApp,2024-11-15,Convertido,18.0,331.11,Agressivo,Fiji
183244,Instagram,2024-11-11,Não Convertido,,0.0,Desconhecido,Pitcairn Islands
183245,E-mail Marketing,2024-11-11,Não Convertido,,0.0,Moderado,Armenia
183246,Orgânico,2024-11-12,Não Convertido,,0.0,Desconhecido,Anguilla
183247,Indicação,2024-11-12,Não Convertido,,0.0,Moderado,Niue
183248,Instagram,2024-11-11,Não Convertido,,0.0,Agressivo,Bolivia
183249,Orgânico,2024-11-16,Não Convertido,,0.0,Moderado,Haiti
183250,E-mail Marketing,2024-11-12,Não Convertido,,0.0,Moderado,Botswana
183251,YouTube Ads,2024-11-14,Não Convertido,,0.0,Moderado,Bouvet Island (Bouvetoya)
183252,Instagram,2024-11-16,Não Convertido,,0.0,Moderado,Lao People's Democratic Republic
183253,Orgânico,2024-11-14,Não Convertido,,0.0,Agressivo,Panama
183254,Instagram,2024-11-13,Convertido,5.0,1682.46,Moderado,Guyana
183255,Orgânico,2024-11-16,Não Convertido,,0.0,Desconhecido,Egypt
183256,Indicação,2024-11-11,Não Convertido,,0.0,Moderado,Northern Mariana Islands
183257,TikTok,2024-11-15,Não Convertido,,0.0,Moderado,Switzerland
183258,TikTok,2024-11-12,Não Convertido,,0.0,Desconhecido,Netherlands
183259,Instagram,2024-11-14,Não Convertido,,0.0,Agressivo,Georgia
183260,Indicação,2024-11-14,Não Convertido,,0.0,Moderado,Bangladesh
183261,Instagram,2024-11-13,Não Convertido,,0.0,Agressivo,Saint Lucia
183262,YouTube Ads,2024-11-15,Não Convertido,,0.0,Agressivo,Liberia
183263,Google Ads,2024-11-13,Não Convertido,,0.0,Moderado,Bulgaria
183264,TikTok,2024-11-14,Não Convertido,,0.0,Conservador,Bhutan
183265,Orgânico,2024-11-11,Não Convertido,,0.0,Moderado,Kuwait
183266,Indicação,2024-11-12,Não Convertido,,0.0,Moderado,Maldives
183267,YouTube Ads,2024-11-13,Não Convertido,,0.0,Agressivo,Cambodia
183268,E-mail Marketing,2024-11-14,Não Convertido,,0.0,Conservador,Peru
183269,YouTube Ads,2024-11-14,Não Convertido,,0.0,Agressivo,Chile
183270,YouTube Ads,2024-11-15,Não Convertido,,0.0,Agressivo,Qatar
183271,Orgânico,2024-11-14,Não Convertido,,0.0,Conservador,Netherlands
183272,Instagram,2024-11-12,Não Convertido,,0.0,Conservador,Zambia
183273,Orgânico,2024-11-16,Não Convertido,,0.0,Desconhecido,Thailand
183274,Orgânico,2024-11-11,Não Convertido,,0.0,Moderado,Ukraine
183275,YouTube Ads,2024-11-13,Não Convertido,,0.0,Agressivo,Marshall Islands
183276,TikTok,2024-11-15,Não Convertido,,0.0,Moderado,Gabon
183277,Facebook,2024-11-13,Não Convertido,,0.0,Moderado,Djibouti
183278,TikTok,2024-11-14,Não Convertido,,0.0,Desconhecido,Djibouti
183279,Google Ads,2024-11-14,Não Convertido,,0.0,Agressivo,Cape Verde
183280,E-mail Marketing,2024-11-16,Não Convertido,,0.0,Conservador,Vanuatu
183281,E-mail Marketing,2024-11-15,Não Convertido,,0.0,Conservador,Afghanistan
183282,Indicação,2024-11-13,Não Convertido,,0.0,Moderado,Guinea
183283,Google Ads,2024-11-16,Não Convertido,,0.0,Moderado,Oman
183284,TikTok,2024-11-14,Não Convertido,,0.0,Moderado,Peru
183285,WhatsApp,2024-11-14,Não Convertido,,0.0,Moderado,French Guiana
183286,TikTok,2024-11-12,Não Convertido,,0.0,Desconhecido,Colombia
183287,Indicação,2024-11-11,Não Convertido,,0.0,Conservador,Moldova
183288,TikTok,2024-11-14,Não Convertido,,0.0,Moderado,British Indian Ocean Territory (Chagos Archipelago)
183289,WhatsApp,2024-11-16,Não Convertido,,0.0,Moderado,American Samoa
183290,Google Ads,2024-11-13,Não Convertido,,0.0,Conservador,Comoros
183291,TikTok,2024-11-15,Não Convertido,,0.0,Agressivo,Greenland
183292,TikTok,2024-11-11,Não Convertido,,0.0,Moderado,Isle of Man
183293,Instagram,2024-11-13,Não Convertido,,0.0,Moderado,Gambia
183294,Facebook,2024-11-12,Não Convertido,,0.0,Desconhecido,Georgia
183295,Indicação,2024-11-16,Não Convertido,,0.0,Moderado,Nicaragua
183296,Google Ads,2024-11-16,Não Convertido,,0.0,Desconhecido,Brazil
183297,TikTok,2024-11-15,Não Convertido,,0.0,Agressivo,Bosnia and Herzegovina
183298,Orgânico,2024-11-13,Não Convertido,,0.0,Moderado,Morocco
183299,WhatsApp,2024-11-12,Não Convertido,,0.0,Conservador,Dominican Republic
183300,Orgânico,2024-11-15,Não Convertido,,0.0,Agressivo,Qatar
183301,Google Ads,2024-11-11,Não Convertido,,0.0,Conservador,Guadeloupe
183302,Orgânico,2024-11-16,Não Convertido,,0.0,Moderado,Argentina
183303,E-mail Marketing,2024-11-16,Convertido,10.0,3111.93,Moderado,Egypt
183304,E-mail Marketing,2024-11-15,Não Convertido,,0.0,Moderado,Solomon Islands
183305,Indicação,2024-11-14,Não Convertido,,0.0,Agressivo,Sweden
183306,Google Ads,2024-11-16,Não Convertido,,0.0,Moderado,Morocco
183307,Google Ads,2024-11-13,Não Convertido,,0.0,Agressivo,Maldives
183308,Orgânico,2024-11-11,Não Convertido,,0.0,Agressivo,Monaco
183309,E-mail Marketing,2024-11-11,Não Convertido,,0.0,Moderado,Uruguay
183310,E-mail Marketing,2024-11-13,Não Convertido,,0.0,Moderado,Botswana
183311,TikTok,2024-11-13,Não Convertido,,0.0,Agressivo,Hungary
183312,Facebook,2024-11-15,Não Convertido,,0.0,Agressivo,Finland
183313,E-mail Marketing,2024-11-15,Não Convertido,,0.0,Agressivo,Aruba
183314,Orgânico,2024-11-13,Convertido,6.0,5946.06,Conservador,Netherlands Antilles
183315,Orgânico,2024-11-14,Não Convertido,,0.0,Agressivo,Saint Lucia
183316,Orgânico,2024-11-14,Não Convertido,,0.0,Agressivo,Gambia
183317,Orgânico,2024-11-12,Não Convertido,,0.0,Moderado,Finland
183318,Orgânico,2024-11-16,Não Convertido,,0.0,Agressivo,Sao Tome and Principe
183319,Instagram,2024-11-16,Não Convertido,,0.0,Desconhecido,El Salvador
183320,Facebook,2024-11-13,Não Convertido,,0.0,Agressivo,Saint Vincent and the Grenadines
183321,E-mail Marketing,2024-11-13,Não Convertido,,0.0,Moderado,Kuwait
183322,Google Ads,2024-11-12,Não Convertido,,0.0,Conservador,Palestinian Territory
183323,Facebook,2024-11-16,Não Convertido,,0.0,Moderado,Luxembourg
183324,Orgânico,2024-11-14,Não Convertido,,0.0,Conservador,Saint Martin
183325,Google Ads,2024-11-15,Não Convertido,,0.0,Moderado,Suriname
183326,YouTube Ads,2024-11-14,Não Convertido,,0.0,Moderado,Congo
183327,Orgânico,2024-11-16,Não Convertido,,0.0,Agressivo,Madagascar
183328,Orgânico,2024-11-11,Não Convertido,,0.0,Agressivo,Austria
183329,Indicação,2024-11-15,Não Convertido,,0.0,Agressivo,Cook Islands
183330,Instagram,2024-11-12,Não Convertido,,0.0,Conservador,Haiti
183331,E-mail Marketing,2024-11-13,Não Convertido,,0.0,Agressivo,Congo
183332,Google Ads,2024-11-12,Não Convertido,,0.0,Conservador,Argentina
183333,Instagram,2024-11-16,Não Convertido,,0.0,Agressivo,Ghana
183334,TikTok,2024-11-13,Não Convertido,,0.0,Moderado,Togo
183335,Facebook,2024-11-16,Não Convertido,,0.0,Agressivo,Malaysia
183336,Google Ads,2024-11-15,Não Convertido,,0.0,Moderado,Bahrain
183337,TikTok,2024-11-11,Não Convertido,,0.0,Conservador,Paraguay
183338,Facebook,2024-11-14,Não Convertido,,0.0,Agressivo,Sweden
183339,WhatsApp,2024-11-15,Não Convertido,,0.0,Moderado,Angola
183340,Instagram,2024-11-11,Não Convertido,,0.0,Agressivo,Cote d'Ivoire
183341,YouTube Ads,2024-11-15,Não Convertido,,0.0,Moderado,Panama
183342,Facebook,2024-11-11,Não Convertido,,0.0,Moderado,Namibia
183343,TikTok,2024-11-13,Não Convertido,,0.0,Conservador,United States of America
183344,Orgânico,2024-11-14,Não Convertido,,0.0,Moderado,Guyana
183345,Instagram,2024-11-15,Não Convertido,,0.0,Moderado,Turks and Caicos Islands
183346,TikTok,2024-11-12,Não Convertido,,0.0,Moderado,Palestinian Territory
183347,Google Ads,2024-11-16,Convertido,15.0,7264.81,Moderado,Guyana
183348,TikTok,2024-11-15,Não Convertido,,0.0,Moderado,Tanzania
183349,TikTok,2024-11-16,Não Convertido,,0.0,Conservador,India
183350,Indicação,2024-11-16,Não Convertido,,0.0,Agressivo,Svalbard & Jan Mayen Islands
183351,TikTok,2024-11-16,Não Convertido,,0.0,Moderado,Heard Island and McDonald Islands
183352,TikTok,2024-11-11,Não Convertido,,0.0,Agressivo,Chile
183353,E-mail Marketing,2024-11-14,Não Convertido,,0.0,Moderado,Lebanon
183354,Orgânico,2024-11-12,Não Convertido,,0.0,Conservador,Korea
183355,Instagram,2024-11-13,Não Convertido,,0.0,Conservador,Faroe Islands
183356,Instagram,2024-11-11,Não Convertido,,0.0,Moderado,Cook Islands
183357,TikTok,2024-11-15,Não Convertido,,0.0,Conservador,Puerto Rico
183358,Google Ads,2024-11-15,Não Convertido,,0.0,Agressivo,Tonga
183359,YouTube Ads,2024-11-11,Não Convertido,,0.0,Agressivo,Australia
183360,Orgânico,2024-11-12,Não Convertido,,0.0,Agressivo,Taiwan
183361,TikTok,2024-11-16,Não Convertido,,0.0,Agressivo,Portugal
183362,Facebook,2024-11-13,Não Convertido,,0.0,Moderado,Madagascar
183363,Google Ads,2024-11-13,Não Convertido,,0.0,Moderado,Thailand
183364,E-mail Marketing,2024-11-13,Não Convertido,,0.0,Agressivo,Martinique
183365,YouTube Ads,2024-11-15,Não Convertido,,0.0,Moderado,Djibouti
183366,TikTok,2024-11-15,Não Convertido,,0.0,Conservador,Tunisia
183367,Facebook,2024-11-14,Não Convertido,,0.0,Desconhecido,Saint Pierre and Miquelon
183368,TikTok,2024-11-11,Não Convertido,,0.0,Agressivo,Nauru
183369,TikTok,2024-11-16,Não Convertido,,0.0,Moderado,Svalbard & Jan Mayen Islands
183370,TikTok,2024-11-11,Não Convertido,,0.0,Desconhecido,French Southern Territories
183371,TikTok,2024-11-16,Não Convertido,,0.0,Agressivo,Wallis and Futuna
183372,E-mail Marketing,2024-11-16,Não Convertido,,0.0,Conservador,Oman
183373,Orgânico,2024-11-16,Não Convertido,,0.0,Agressivo,Albania
183374,E-mail Marketing,2024-11-15,Não Convertido,,0.0,Agressivo,Gibraltar
183375,Facebook,2024-11-12,Não Convertido,,0.0,Conservador,Kyrgyz Republic
183376,WhatsApp,2024-11-16,Não Convertido,,0.0,Moderado,Israel
183377,WhatsApp,2024-11-13,Convertido,25.0,5936.2,Conservador,Cote d'Ivoire
183378,Orgânico,2024-11-14,Não Convertido,,0.0,Moderado,Andorra
183379,TikTok,2024-11-12,Não Convertido,,0.0,Conservador,Hong Kong
183380,TikTok,2024-11-11,Não Convertido,,0.0,Moderado,American Samoa
183381,Orgânico,2024-11-14,Não Convertido,,0.0,Agressivo,Iran
183382,TikTok,2024-11-15,Não Convertido,,0.0,Desconhecido,Togo
183383,TikTok,2024-11-15,Não Convertido,,0.0,Desconhecido,Equatorial Guinea
183384,Google Ads,2024-11-16,Não Convertido,,0.0,Moderado,Armenia
183385,E-mail Marketing,2024-11-12,Não Convertido,,0.0,Agressivo,Namibia
183386,E-mail Marketing,2024-11-13,Não Convertido,,0.0,Conservador,Guinea
183387,TikTok,2024-11-11,Não Convertido,,0.0,Desconhecido,Syrian Arab Republic
183388,Orgânico,2024-11-11,Não Convertido,,0.0,Moderado,Lithuania
183389,WhatsApp,2024-11-13,Não Convertido,,0.0,Agressivo,Bangladesh
183390,Facebook,2024-11-14,Não Convertido,,0.0,Moderado,Mauritania
183391,WhatsApp,2024-11-16,Não Convertido,,0.0,Agressivo,Cote d'Ivoire
183392,Instagram,2024-11-14,Convertido,18.0,6125.82,Desconhecido,Moldova
183393,Orgânico,2024-11-11,Não Convertido,,0.0,Desconhecido,Saint Barthelemy
183394,E-mail Marketing,2024-11-15,Não Convertido,,0.0,Conservador,Costa Rica
183395,Orgânico,2024-11-15,Não Convertido,,0.0,Conservador,Denmark
183396,E-mail Marketing,2024-11-15,Não Convertido,,0.0,Moderado,Faroe Islands
183397,WhatsApp,2024-11-15,Não Convertido,,0.0,Moderado,Paraguay
183398,YouTube Ads,2024-11-16,Não Convertido,,0.0,Moderado,Ghana
183399,Orgânico,2024-11-15,Não Convertido,,0.0,Conservador,Trinidad and Tobago
183400,E-mail Marketing,2024-11-11,Não Convertido,,0.0,Agressivo,Colombia
183401,TikTok,2024-11-14,Não Convertido,,0.0,Agressivo,Pakistan
183402,TikTok,2024-11-13,Não Convertido,,0.0,Agressivo,Malta
183403,TikTok,2024-11-16,Não Convertido,,0.0,Agressivo,Zambia
183404,WhatsApp,2024-11-16,Não Convertido,,0.0,Moderado,Botswana
183405,TikTok,2024-11-11,Não Convertido,,0.0,Moderado,Sierra Leone
183406,E-mail Marketing,2024-11-13,Não Convertido,,0.0,Conservador,Lesotho
183407,Orgânico,2024-11-11,Não Convertido,,0.0,Moderado,Albania
183408,Orgânico,2024-11-12,Não Convertido,,0.0,Agressivo,Czech Republic
183409,TikTok,2024-11-14,Não Convertido,,0.0,Conservador,American Samoa
183410,Instagram,2024-11-13,Não Convertido,,0.0,Desconhecido,Uzbekistan
183411,Facebook,2024-11-11,Não Convertido,,0.0,Moderado,Mauritius
183412,Orgânico,2024-11-13,Não Convertido,,0.0,Moderado,Comoros
183413,Orgânico,2024-11-11,Não Convertido,,0.0,Conservador,Burkina Faso
183414,Orgânico,2024-11-11,Não Convertido,,0.0,Agressivo,Dominica
183415,TikTok,2024-11-11,Não Convertido,,0.0,Moderado,United States Minor Outlying Islands
183416,TikTok,2024-11-14,Não Convertido,,0.0,Agressivo,Cameroon
183417,E-mail Marketing,2024-11-12,Não Convertido,,0.0,Moderado,French Guiana
183418,WhatsApp,2024-11-16,Não Convertido,,0.0,Conservador,Colombia
183419,Instagram,2024-11-14,Não Convertido,,0.0,Moderado,Haiti
183420,Instagram,2024-11-16,Não Convertido,,0.0,Moderado,Taiwan
183421,Instagram,2024-11-14,Não Convertido,,0.0,Desconhecido,China
183422,E-mail Marketing,2024-11-12,Não Convertido,,0.0,Desconhecido,Bulgaria
183423,E-mail Marketing,2024-11-13,Não Convertido,,0.0,Conservador,Northern Mariana Islands
183424,TikTok,2024-11-11,Não Convertido,,0.0,Moderado,Lesotho
183425,WhatsApp,2024-11-15,Não Convertido,,0.0,Moderado,Sao Tome and Principe
183426,E-mail Marketing,2024-11-16,Não Convertido,,0.0,Agressivo,Slovenia
183427,YouTube Ads,2024-11-11,Não Convertido,,0.0,Agressivo,Montenegro
183428,YouTube Ads,2024-11-14,Não Convertido,,0.0,Moderado,Italy
183429,Instagram,2024-11-12,Não Convertido,,0.0,Moderado,Comoros
183430,YouTube Ads,2024-11-16,Não Convertido,,0.0,Desconhecido,Norfolk Island
183431,Orgânico,2024-11-16,Não Convertido,,0.0,Agressivo,Belgium
183432,E-mail Marketing,2024-11-13,Convertido,17.0,2063.04,Conservador,Czech Republic
183433,Facebook,2024-11-12,Não Convertido,,0.0,Agressivo,Albania
183434,YouTube Ads,2024-11-16,Não Convertido,,0.0,Desconhecido,Saudi Arabia
183435,TikTok,2024-11-16,Não Convertido,,0.0,Conservador,Syrian Arab Republic
183436,Orgânico,2024-11-16,Não Convertido,,0.0,Agressivo,Cocos (Keeling) Islands
183437,TikTok,2024-11-11,Não Convertido,,0.0,Moderado,Eritrea
183438,TikTok,2024-11-11,Não Convertido,,0.0,Agressivo,Congo
183439,Orgânico,2024-11-13,Não Convertido,,0.0,Moderado,Spain
183440,E-mail Marketing,2024-11-13,Não Convertido,,0.0,Moderado,El Salvador
183441,E-mail Marketing,2024-11-13,Não Convertido,,0.0,Agressivo,Belize
183442,YouTube Ads,2024-11-13,Convertido,22.0,5484.02,Agressivo,Sao Tome and Principe
183443,Orgânico,2024-11-16,Não Convertido,,0.0,Moderado,Vietnam
183444,Google Ads,2024-11-14,Não Convertido,,0.0,Agressivo,Lao People's Democratic Republic
183445,E-mail Marketing,2024-11-12,Não Convertido,,0.0,Moderado,Bosnia and Herzegovina
183446,Instagram,2024-11-11,Não Convertido,,0.0,Agressivo,Australia
183447,Indicação,2024-11-16,Não Convertido,,0.0,Desconhecido,Yemen
183448,Facebook,2024-11-13,Não Convertido,,0.0,Moderado,Australia
183449,E-mail Marketing,2024-11-13,Não Convertido,,0.0,Desconhecido,Guinea-Bissau
183450,Instagram,2024-11-15,Não Convertido,,0.0,Moderado,Macao
183451,Orgânico,2024-11-13,Não Convertido,,0.0,Moderado,Iceland
183452,TikTok,2024-11-15,Não Convertido,,0.0,Desconhecido,Saint Barthelemy
183453,Orgânico,2024-11-14,Não Convertido,,0.0,Conservador,Panama
183454,YouTube Ads,2024-11-16,Não Convertido,,0.0,Moderado,United Kingdom
183455,Orgânico,2024-11-12,Convertido,4.0,8230.1,Conservador,Timor-Leste
183456,YouTube Ads,2024-11-14,Não Convertido,,0.0,Agressivo,Nauru
183457,Orgânico,2024-11-15,Não Convertido,,0.0,Moderado,Kyrgyz Republic
183458,Google Ads,2024-11-14,Não Convertido,,0.0,Conservador,Seychelles
183459,E-mail Marketing,2024-11-14,Não Convertido,,0.0,Moderado,Faroe Islands
183460,Facebook,2024-11-14,Não Convertido,,0.0,Conservador,Saint Lucia
183461,TikTok,2024-11-16,Não Convertido,,0.0,Moderado,Nepal
183462,Instagram,2024-11-14,Não Convertido,,0.0,Agressivo,Poland
183463,Google Ads,2024-11-14,Não Convertido,,0.0,Moderado,Lebanon
183464,YouTube Ads,2024-11-14,Não Convertido,,0.0,Conservador,Lithuania
183465,Orgânico,2024-11-11,Não Convertido,,0.0,Agressivo,Dominican Republic
183466,TikTok,2024-11-15,Não Convertido,,0.0,Desconhecido,Montserrat
183467,TikTok,2024-11-11,Não Convertido,,0.0,Moderado,Seychelles
183468,TikTok,2024-11-11,Não Convertido,,0.0,Agressivo,Yemen
183469,YouTube Ads,2024-11-12,Não Convertido,,0.0,Desconhecido,Latvia
183470,Google Ads,2024-11-16,Não Convertido,,0.0,Agressivo,Cuba
183471,Orgânico,2024-11-14,Não Convertido,,0.0,Desconhecido,Namibia
183472,Instagram,2024-11-13,Não Convertido,,0.0,Agressivo,Vanuatu
183473,Indicação,2024-11-11,Não Convertido,,0.0,Conservador,Botswana
183474,WhatsApp,2024-11-11,Não Convertido,,0.0,Agressivo,Netherlands
183475,Orgânico,2024-11-13,Não Convertido,,0.0,Moderado,Norway
183476,E-mail Marketing,2024-11-15,Não Convertido,,0.0,Moderado,Burundi
183477,Instagram,2024-11-14,Não Convertido,,0.0,Moderado,Falkland Islands (Malvinas)
183478,Instagram,2024-11-16,Não Convertido,,0.0,Agressivo,Gibraltar
183479,TikTok,2024-11-13,Não Convertido,,0.0,Agressivo,United States of America
183480,TikTok,2024-11-14,Não Convertido,,0.0,Moderado,Bouvet Island (Bouvetoya)
183481,Google Ads,2024-11-16,Não Convertido,,0.0,Moderado,Mongolia
183482,E-mail Marketing,2024-11-13,Não Convertido,,0.0,Conservador,Senegal
183483,TikTok,2024-11-11,Não Convertido,,0.0,Agressivo,Turkmenistan
183484,Facebook,2024-11-12,Não Convertido,,0.0,Moderado,Serbia
183485,Facebook,2024-11-16,Não Convertido,,0.0,Moderado,Singapore
183486,Orgânico,2024-11-11,Não Convertido,,0.0,Agressivo,Oman
183487,Instagram,2024-11-15,Convertido,25.0,8258.44,Desconhecido,Maldives
183488,Instagram,2024-11-12,Não Convertido,,0.0,Conservador,Afghanistan
183489,YouTube Ads,2024-11-11,Não Convertido,,0.0,Agressivo,Bulgaria
183490,Instagram,2024-11-11,Não Convertido,,0.0,Conservador,Dominican Republic
183491,Orgânico,2024-11-12,Não Convertido,,0.0,Agressivo,Kazakhstan
183492,Instagram,2024-11-16,Não Convertido,,0.0,Agressivo,Slovenia
183493,YouTube Ads,2024-11-14,Não Convertido,,0.0,Agressivo,Cocos (Keeling) Islands
183494,Google Ads,2024-11-14,Não Convertido,,0.0,Agressivo,El Salvador
183495,TikTok,2024-11-12,Não Convertido,,0.0,Moderado,Congo
183496,YouTube Ads,2024-11-12,Não Convertido,,0.0,Moderado,Malaysia
183497,Orgânico,2024-11-16,Não Convertido,,0.0,Moderado,Martinique
183498,Indicação,2024-11-15,Não Convertido,,0.0,Agressivo,Malawi
183499,TikTok,2024-11-14,Não Convertido,,0.0,Moderado,Saint Kitts and Nevis
183500,Google Ads,2024-11-16,Não Convertido,,0.0,Moderado,Palestinian Territory
183501,Instagram,2024-11-11,Não Convertido,,0.0,Moderado,Luxembourg
183502,Orgânico,2024-11-13,Não Convertido,,0.0,Agressivo,Rwanda
183503,Indicação,2024-11-14,Não Convertido,,0.0,Desconhecido,Korea
183504,WhatsApp,2024-11-13,Não Convertido,,0.0,Moderado,Congo
183505,Google Ads,2024-11-15,Não Convertido,,0.0,Moderado,Saint Pierre and Miquelon
183506,Facebook,2024-11-15,Não Convertido,,0.0,Moderado,Azerbaijan
183507,Instagram,2024-11-13,Convertido,24.0,2093.92,Agressivo,Greenland
183508,Google Ads,2024-11-13,Não Convertido,,0.0,Agressivo,Australia
183509,Google Ads,2024-11-13,Convertido,28.0,4304.96,Conservador,Haiti
183510,Instagram,2024-11-13,Não Convertido,,0.0,Desconhecido,Aruba
183511,Facebook,2024-11-16,Não Convertido,,0.0,Agressivo,Cayman Islands
183512,Orgânico,2024-11-14,Não Convertido,,0.0,Agressivo,Zimbabwe
183513,Instagram,2024-11-15,Não Convertido,,0.0,Desconhecido,Mauritius
183514,WhatsApp,2024-11-11,Não Convertido,,0.0,Moderado,Jamaica
183515,Orgânico,2024-11-16,Não Convertido,,0.0,Conservador,Libyan Arab Jamahiriya
183516,Instagram,2024-11-14,Não Convertido,,0.0,Agressivo,Falkland Islands (Malvinas)
183517,Facebook,2024-11-16,Não Convertido,,0.0,Moderado,Cook Islands
183518,Google Ads,2024-11-12,Convertido,25.0,4825.87,Conservador,Saint Kitts and Nevis
183519,E-mail Marketing,2024-11-16,Não Convertido,,0.0,Conservador,Singapore
183520,Facebook,2024-11-15,Não Convertido,,0.0,Moderado,Somalia
183521,E-mail Marketing,2024-11-13,Não Convertido,,0.0,Moderado,Kenya
183522,Facebook,2024-11-14,Não Convertido,,0.0,Moderado,Reunion
183523,Instagram,2024-11-13,Não Convertido,,0.0,Agressivo,Madagascar
183524,Instagram,2024-11-15,Não Convertido,,0.0,Moderado,Saint Kitts and Nevis
183525,Orgânico,2024-11-11,Não Convertido,,0.0,Moderado,Oman
183526,Google Ads,2024-11-14,Não Convertido,,0.0,Moderado,Romania
183527,YouTube Ads,2024-11-16,Não Convertido,,0.0,Conservador,Malaysia
183528,Instagram,2024-11-14,Não Convertido,,0.0,Conservador,Moldova
183529,Facebook,2024-11-16,Não Convertido,,0.0,Conservador,Seychelles
183530,Facebook,2024-11-15,Não Convertido,,0.0,Moderado,Antarctica (the territory South of 60 deg S)
183531,Instagram,2024-11-14,Não Convertido,,0.0,Moderado,Central African Republic
183532,Orgânico,2024-11-16,Não Convertido,,0.0,Desconhecido,Holy See (Vatican City State)
183533,YouTube Ads,2024-11-12,Não Convertido,,0.0,Agressivo,Isle of Man
183534,Instagram,2024-11-16,Não Convertido,,0.0,Moderado,Slovenia
183535,WhatsApp,2024-11-14,Convertido,13.0,6058.66,Agressivo,Albania
183536,TikTok,2024-11-13,Não Convertido,,0.0,Desconhecido,Uganda
183537,Indicação,2024-11-13,Não Convertido,,0.0,Moderado,Senegal
183538,TikTok,2024-11-13,Não Convertido,,0.0,Moderado,Egypt
183539,Facebook,2024-11-13,Convertido,21.0,2961.81,Conservador,Albania
183540,Instagram,2024-11-13,Não Convertido,,0.0,Agressivo,Gabon
183541,TikTok,2024-11-13,Não Convertido,,0.0,Moderado,Ireland
183542,WhatsApp,2024-11-11,Não Convertido,,0.0,Agressivo,Eritrea
183543,Google Ads,2024-11-14,Não Convertido,,0.0,Moderado,Lao People's Democratic Republic
183544,TikTok,2024-11-13,Não Convertido,,0.0,Agressivo,Slovakia (Slovak Republic)
183545,TikTok,2024-11-15,Não Convertido,,0.0,Agressivo,Mauritania
183546,Orgânico,2024-11-12,Não Convertido,,0.0,Moderado,Tonga
183547,E-mail Marketing,2024-11-13,Não Convertido,,0.0,Moderado,Central African Republic
183548,E-mail Marketing,2024-11-14,Não Convertido,,0.0,Conservador,Croatia
183549,TikTok,2024-11-12,Não Convertido,,0.0,Desconhecido,Saint Kitts and Nevis
183550,YouTube Ads,2024-11-16,Não Convertido,,0.0,Moderado,Colombia
183551,Facebook,2024-11-11,Não Convertido,,0.0,Moderado,Indonesia
183552,E-mail Marketing,2024-11-12,Não Convertido,,0.0,Conservador,China
183553,TikTok,2024-11-12,Não Convertido,,0.0,Agressivo,New Caledonia
183554,Google Ads,2024-11-12,Não Convertido,,0.0,Agressivo,Greenland
183555,YouTube Ads,2024-11-13,Não Convertido,,0.0,Conservador,Colombia
183556,E-mail Marketing,2024-11-11,Não Convertido,,0.0,Agressivo,Bangladesh
183557,TikTok,2024-11-12,Não Convertido,,0.0,Agressivo,Senegal
183558,WhatsApp,2024-11-11,Não Convertido,,0.0,Moderado,United Arab Emirates
183559,Facebook,2024-11-15,Não Convertido,,0.0,Conservador,Oman
183560,Indicação,2024-11-12,Não Convertido,,0.0,Moderado,Portugal
183561,Orgânico,2024-11-14,Não Convertido,,0.0,Conservador,Saudi Arabia
183562,WhatsApp,2024-11-14,Não Convertido,,0.0,Moderado,Suriname
183563,E-mail Marketing,2024-11-16,Não Convertido,,0.0,Agressivo,Nigeria
183564,Instagram,2024-11-14,Não Convertido,,0.0,Desconhecido,Bolivia
183565,Instagram,2024-11-14,Não Convertido,,0.0,Conservador,French Guiana
183566,WhatsApp,2024-11-11,Não Convertido,,0.0,Moderado,Venezuela
183567,YouTube Ads,2024-11-15,Não Convertido,,0.0,Moderado,Vanuatu
183568,TikTok,2024-11-13,Não Convertido,,0.0,Moderado,Greece
183569,Facebook,2024-11-15,Não Convertido,,0.0,Desconhecido,Tunisia
183570,E-mail Marketing,2024-11-15,Não Convertido,,0.0,Conservador,Malaysia
183571,TikTok,2024-11-12,Não Convertido,,0.0,Moderado,French Southern Territories
183572,Instagram,2024-11-15,Não Convertido,,0.0,Agressivo,Kenya
183573,Orgânico,2024-11-11,Não Convertido,,0.0,Moderado,Mauritania
183574,Facebook,2024-11-12,Não Convertido,,0.0,Moderado,Cocos (Keeling) Islands
183575,E-mail Marketing,2024-11-11,Não Convertido,,0.0,Conservador,Mozambique
183576,TikTok,2024-11-13,Não Convertido,,0.0,Agressivo,Zambia
183577,Google Ads,2024-11-13,Não Convertido,,0.0,Moderado,Korea
183578,TikTok,2024-11-12,Não Convertido,,0.0,Moderado,Saint Lucia
183579,Indicação,2024-11-11,Não Convertido,,0.0,Conservador,Malawi
183580,Orgânico,2024-11-15,Não Convertido,,0.0,Conservador,Indonesia
183581,E-mail Marketing,2024-11-15,Não Convertido,,0.0,Moderado,Congo
183582,Instagram,2024-11-14,Não Convertido,,0.0,Agressivo,Argentina
183583,WhatsApp,2024-11-14,Não Convertido,,0.0,Conservador,Lebanon
183584,Orgânico,2024-11-13,Convertido,0.0,7838.63,Moderado,Spain
183585,TikTok,2024-11-11,Não Convertido,,0.0,Agressivo,Isle of Man
183586,TikTok,2024-11-15,Não Convertido,,0.0,Conservador,Lebanon
183587,Facebook,2024-11-14,Não Convertido,,0.0,Agressivo,Cote d'Ivoire
183588,Orgânico,2024-11-16,Não Convertido,,0.0,Desconhecido,Germany
183589,Orgânico,2024-11-15,Não Convertido,,0.0,Moderado,Rwanda
183590,E-mail Marketing,2024-11-11,Não Convertido,,0.0,Agressivo,Dominica
183591,TikTok,2024-11-16,Não Convertido,,0.0,Conservador,Algeria
183592,YouTube Ads,2024-11-14,Não Convertido,,0.0,Moderado,Mauritius
183593,Google Ads,2024-11-12,Não Convertido,,0.0,Moderado,Mayotte
183594,TikTok,2024-11-15,Não Convertido,,0.0,Conservador,Italy
183595,TikTok,2024-11-16,Não Convertido,,0.0,Agressivo,Bahrain
183596,E-mail Marketing,2024-11-12,Não Convertido,,0.0,Moderado,Czech Republic
183597,WhatsApp,2024-11-16,Não Convertido,,0.0,Moderado,New Zealand
183598,Orgânico,2024-11-14,Não Convertido,,0.0,Moderado,Saint Pierre and Miquelon
183599,Indicação,2024-11-11,Não Convertido,,0.0,Moderado,Sierra Leone
183600,Google Ads,2024-11-16,Não Convertido,,0.0,Moderado,Cote d'Ivoire
183601,Facebook,2024-11-11,Não Convertido,,0.0,Moderado,Iran
183602,Orgânico,2024-11-11,Não Convertido,,0.0,Conservador,Spain
183603,Google Ads,2024-11-12,Não Convertido,,0.0,Conservador,Philippines
183604,Google Ads,2024-11-16,Não Convertido,,0.0,Agressivo,Tajikistan
183605,Facebook,2024-11-15,Não Convertido,,0.0,Moderado,Guyana
183606,YouTube Ads,2024-11-13,Não Convertido,,0.0,Agressivo,Pitcairn Islands
183607,WhatsApp,2024-11-12,Não Convertido,,0.0,Conservador,Cook Islands
183608,E-mail Marketing,2024-11-11,Não Convertido,,0.0,Moderado,Solomon Islands
183609,WhatsApp,2024-11-13,Não Convertido,,0.0,Moderado,Cook Islands
183610,E-mail Marketing,2024-11-11,Não Convertido,,0.0,Agressivo,Liberia
183611,Instagram,2024-11-15,Não Convertido,,0.0,Agressivo,France
183612,Facebook,2024-11-14,Convertido,13.0,2175.83,Agressivo,Syrian Arab Republic
183613,Orgânico,2024-11-13,Não Convertido,,0.0,Conservador,Albania
183614,E-mail Marketing,2024-11-11,Não Convertido,,0.0,Agressivo,Japan
183615,Orgânico,2024-11-15,Não Convertido,,0.0,Agressivo,Bolivia
183616,E-mail Marketing,2024-11-11,Não Convertido,,0.0,Moderado,Svalbard & Jan Mayen Islands
183617,E-mail Marketing,2024-11-12,Não Convertido,,0.0,Desconhecido,Guinea-Bissau
183618,YouTube Ads,2024-11-13,Não Convertido,,0.0,Moderado,Barbados
183619,TikTok,2024-11-14,Não Convertido,,0.0,Agressivo,Cook Islands
183620,Facebook,2024-11-15,Não Convertido,,0.0,Agressivo,Zambia
183621,TikTok,2024-11-13,Não Convertido,,0.0,Conservador,Albania
183622,TikTok,2024-11-15,Convertido,12.0,83.91,Moderado,Heard Island and McDonald Islands
183623,Instagram,2024-11-15,Não Convertido,,0.0,Desconhecido,Reunion
183624,Orgânico,2024-11-12,Não Convertido,,0.0,Desconhecido,Uruguay
183625,Facebook,2024-11-15,Não Convertido,,0.0,Desconhecido,Lao People's Democratic Republic
183626,TikTok,2024-11-13,Não Convertido,,0.0,Desconhecido,Aruba
183627,TikTok,2024-11-14,Não Convertido,,0.0,Moderado,Isle of Man
183628,Google Ads,2024-11-14,Não Convertido,,0.0,Agressivo,Pakistan
183629,YouTube Ads,2024-11-13,Não Convertido,,0.0,Desconhecido,Saint Vincent and the Grenadines
183630,Instagram,2024-11-16,Não Convertido,,0.0,Moderado,Ethiopia
183631,E-mail Marketing,2024-11-15,Não Convertido,,0.0,Agressivo,Nigeria
183632,Instagram,2024-11-11,Não Convertido,,0.0,Agressivo,Korea
183633,Orgânico,2024-11-11,Não Convertido,,0.0,Conservador,Azerbaijan
183634,Orgânico,2024-11-14,Não Convertido,,0.0,Agressivo,Uganda
183635,E-mail Marketing,2024-11-14,Não Convertido,,0.0,Conservador,Chad
183636,YouTube Ads,2024-11-11,Não Convertido,,0.0,Agressivo,Romania
183637,E-mail Marketing,2024-11-16,Não Convertido,,0.0,Moderado,Sudan
183638,Facebook,2024-11-11,Não Convertido,,0.0,Moderado,Sri Lanka
183639,WhatsApp,2024-11-15,Não Convertido,,0.0,Moderado,Romania
183640,TikTok,2024-11-14,Não Convertido,,0.0,Moderado,Kiribati
183641,Orgânico,2024-11-16,Não Convertido,,0.0,Agressivo,Hong Kong
183642,YouTube Ads,2024-11-14,Não Convertido,,0.0,Moderado,Saint Martin
183643,Facebook,2024-11-14,Não Convertido,,0.0,Desconhecido,Zimbabwe
183644,TikTok,2024-11-14,Não Convertido,,0.0,Agressivo,Burkina Faso
183645,E-mail Marketing,2024-11-14,Não Convertido,,0.0,Desconhecido,Denmark
183646,E-mail Marketing,2024-11-11,Não Convertido,,0.0,Agressivo,Cuba
183647,Orgânico,2024-11-15,Não Convertido,,0.0,Agressivo,Iran
183648,E-mail Marketing,2024-11-11,Não Convertido,,0.0,Agressivo,Guinea
183649,Instagram,2024-11-12,Não Convertido,,0.0,Agressivo,Svalbard & Jan Mayen Islands
183650,Instagram,2024-11-15,Não Convertido,,0.0,Conservador,Montserrat
183651,Google Ads,2024-11-15,Não Convertido,,0.0,Conservador,Anguilla
183652,WhatsApp,2024-11-16,Não Convertido,,0.0,Agressivo,Christmas Island
183653,Indicação,2024-11-16,Não Convertido,,0.0,Conservador,Singapore
183654,E-mail Marketing,2024-11-12,Não Convertido,,0.0,Conservador,Mauritania
183655,Instagram,2024-11-13,Não Convertido,,0.0,Desconhecido,Austria
183656,E-mail Marketing,2024-11-13,Não Convertido,,0.0,Moderado,Mayotte
183657,Google Ads,2024-11-12,Não Convertido,,0.0,Conservador,Guernsey
183658,Instagram,2024-11-14,Não Convertido,,0.0,Moderado,Madagascar
183659,TikTok,2024-11-14,Não Convertido,,0.0,Conservador,Iran
183660,Instagram,2024-11-12,Não Convertido,,0.0,Moderado,Syrian Arab Republic
183661,Google Ads,2024-11-15,Não Convertido,,0.0,Moderado,Netherlands
183662,Facebook,2024-11-11,Não Convertido,,0.0,Agressivo,Saint Kitts and Nevis
183663,Instagram,2024-11-16,Não Convertido,,0.0,Conservador,Iraq
183664,Facebook,2024-11-16,Não Convertido,,0.0,Moderado,Myanmar
183665,YouTube Ads,2024-11-12,Não Convertido,,0.0,Agressivo,Guinea-Bissau
183666,TikTok,2024-11-16,Não Convertido,,0.0,Moderado,Netherlands Antilles
183667,Indicação,2024-11-11,Não Convertido,,0.0,Agressivo,Oman
183668,WhatsApp,2024-11-11,Não Convertido,,0.0,Agressivo,Guinea
183669,Orgânico,2024-11-16,Não Convertido,,0.0,Moderado,Lebanon
183670,Instagram,2024-11-14,Não Convertido,,0.0,Conservador,Saint Pierre and Miquelon
183671,TikTok,2024-11-13,Não Convertido,,0.0,Moderado,China
183672,Google Ads,2024-11-14,Não Convertido,,0.0,Moderado,Brunei Darussalam
183673,Google Ads,2024-11-11,Não Convertido,,0.0,Moderado,Falkland Islands (Malvinas)
183674,Instagram,2024-11-15,Não Convertido,,0.0,Moderado,Peru
183675,YouTube Ads,2024-11-12,Não Convertido,,0.0,Agressivo,Liberia
183676,Orgânico,2024-11-14,Não Convertido,,0.0,Moderado,United Arab Emirates
183677,E-mail Marketing,2024-11-16,Não Convertido,,0.0,Conservador,France
183678,TikTok,2024-11-15,Não Convertido,,0.0,Conservador,Malta
183679,Indicação,2024-11-12,Não Convertido,,0.0,Moderado,Belgium
183680,Indicação,2024-11-16,Não Convertido,,0.0,Moderado,Gambia
183681,Orgânico,2024-11-11,Não Convertido,,0.0,Agressivo,Christmas Island
183682,Orgânico,2024-11-14,Convertido,9.0,5895.71,Desconhecido,Malaysia
183683,YouTube Ads,2024-11-13,Não Convertido,,0.0,Moderado,Nepal
183684,Instagram,2024-11-15,Não Convertido,,0.0,Desconhecido,North Macedonia
183685,TikTok,2024-11-11,Não Convertido,,0.0,Agressivo,Togo
183686,YouTube Ads,2024-11-15,Não Convertido,,0.0,Agressivo,Tuvalu
183687,E-mail Marketing,2024-11-11,Não Convertido,,0.0,Moderado,Ethiopia
183688,Instagram,2024-11-12,Não Convertido,,0.0,Moderado,Iceland
183689,Instagram,2024-11-12,Não Convertido,,0.0,Agressivo,Bahamas
183690,Instagram,2024-11-14,Não Convertido,,0.0,Agressivo,Mexico
183691,Facebook,2024-11-12,Não Convertido,,0.0,Desconhecido,Bermuda
183692,E-mail Marketing,2024-11-12,Não Convertido,,0.0,Moderado,Gibraltar
183693,Indicação,2024-11-15,Não Convertido,,0.0,Moderado,Kenya
183694,TikTok,2024-11-12,Não Convertido,,0.0,Agressivo,French Southern Territories
183695,TikTok,2024-11-12,Não Convertido,,0.0,Agressivo,Somalia
183696,E-mail Marketing,2024-11-12,Não Convertido,,0.0,Agressivo,Ecuador
183697,Instagram,2024-11-13,Não Convertido,,0.0,Conservador,Eritrea
183698,Orgânico,2024-11-16,Não Convertido,,0.0,Moderado,Guadeloupe
183699,WhatsApp,2024-11-15,Não Convertido,,0.0,Agressivo,Montserrat
183700,YouTube Ads,2024-11-16,Não Convertido,,0.0,Agressivo,Taiwan
183701,E-mail Marketing,2024-11-12,Não Convertido,,0.0,Agressivo,Croatia
183702,Instagram,2024-11-12,Não Convertido,,0.0,Moderado,Georgia
183703,Google Ads,2024-11-15,Não Convertido,,0.0,Conservador,Brunei Darussalam
183704,Facebook,2024-11-13,Não Convertido,,0.0,Agressivo,Mauritius
183705,TikTok,2024-11-13,Não Convertido,,0.0,Moderado,Vanuatu
183706,TikTok,2024-11-14,Não Convertido,,0.0,Desconhecido,Congo
183707,Google Ads,2024-11-11,Não Convertido,,0.0,Agressivo,Guinea
183708,Instagram,2024-11-12,Não Convertido,,0.0,Moderado,Canada
183709,YouTube Ads,2024-11-16,Não Convertido,,0.0,Agressivo,Namibia
183710,E-mail Marketing,2024-11-14,Não Convertido,,0.0,Moderado,Cambodia
183711,Facebook,2024-11-15,Não Convertido,,0.0,Conservador,Mauritius
183712,Indicação,2024-11-13,Não Convertido,,0.0,Desconhecido,Cape Verde
183713,WhatsApp,2024-11-12,Não Convertido,,0.0,Moderado,Tokelau
183714,TikTok,2024-11-16,Não Convertido,,0.0,Moderado,Tokelau
183715,WhatsApp,2024-11-12,Não Convertido,,0.0,Moderado,Panama
183716,Google Ads,2024-11-11,Não Convertido,,0.0,Moderado,Georgia
183717,WhatsApp,2024-11-16,Não Convertido,,0.0,Moderado,Angola
183718,Facebook,2024-11-16,Não Convertido,,0.0,Moderado,Saint Martin
183719,Google Ads,2024-11-11,Não Convertido,,0.0,Moderado,Argentina
183720,Instagram,2024-11-16,Não Convertido,,0.0,Conservador,French Polynesia
183721,Facebook,2024-11-11,Não Convertido,,0.0,Desconhecido,Egypt
183722,E-mail Marketing,2024-11-12,Não Convertido,,0.0,Agressivo,Guyana
183723,TikTok,2024-11-12,Não Convertido,,0.0,Desconhecido,Ukraine
183724,WhatsApp,2024-11-16,Não Convertido,,0.0,Moderado,Guernsey
183725,Instagram,2024-11-15,Convertido,21.0,7738.21,Agressivo,Samoa
183726,E-mail Marketing,2024-11-11,Não Convertido,,0.0,Moderado,Syrian Arab Republic
183727,WhatsApp,2024-11-16,Não Convertido,,0.0,Desconhecido,Rwanda
183728,YouTube Ads,2024-11-16,Não Convertido,,0.0,Conservador,Georgia
183729,Facebook,2024-11-12,Não Convertido,,0.0,Desconhecido,Tajikistan
183730,TikTok,2024-11-15,Não Convertido,,0.0,Desconhecido,Zambia
183731,TikTok,2024-11-11,Não Convertido,,0.0,Moderado,Canada
183732,TikTok,2024-11-12,Não Convertido,,0.0,Moderado,Gibraltar
183733,Instagram,2024-11-12,Não Convertido,,0.0,Conservador,Guinea-Bissau
183734,YouTube Ads,2024-11-12,Não Convertido,,0.0,Agressivo,United States of America
183735,E-mail Marketing,2024-11-11,Convertido,23.0,1806.78,Agressivo,Palau
183736,WhatsApp,2024-11-11,Não Convertido,,0.0,Moderado,Bangladesh
183737,TikTok,2024-11-16,Não Convertido,,0.0,Moderado,Montenegro
183738,E-mail Marketing,2024-11-12,Não Convertido,,0.0,Agressivo,Jersey
183739,Instagram,2024-11-14,Não Convertido,,0.0,Conservador,Equatorial Guinea
183740,E-mail Marketing,2024-11-12,Não Convertido,,0.0,Moderado,Northern Mariana Islands
183741,TikTok,2024-11-11,Não Convertido,,0.0,Desconhecido,Gambia
183742,Orgânico,2024-11-14,Não Convertido,,0.0,Desconhecido,Taiwan
183743,Google Ads,2024-11-16,Não Convertido,,0.0,Moderado,Andorra
183744,Instagram,2024-11-11,Não Convertido,,0.0,Agressivo,Marshall Islands
183745,E-mail Marketing,2024-11-11,Não Convertido,,0.0,Desconhecido,Argentina
183746,Orgânico,2024-11-11,Não Convertido,,0.0,Moderado,Cameroon
183747,E-mail Marketing,2024-11-11,Não Convertido,,0.0,Agressivo,Equatorial Guinea
183748,E-mail Marketing,2024-11-15,Não Convertido,,0.0,Moderado,Hong Kong
183749,TikTok,2024-11-16,Não Convertido,,0.0,Agressivo,Portugal
183750,Instagram,2024-11-16,Não Convertido,,0.0,Desconhecido,Austria
183751,Instagram,2024-11-15,Não Convertido,,0.0,Agressivo,Colombia
183752,Google Ads,2024-11-13,Não Convertido,,0.0,Conservador,Pakistan
183753,WhatsApp,2024-11-13,Não Convertido,,0.0,Agressivo,Austria
183754,YouTube Ads,2024-11-13,Convertido,28.0,5402.27,Conservador,Reunion
183755,Facebook,2024-11-13,Não Convertido,,0.0,Desconhecido,Cook Islands
183756,TikTok,2024-11-12,Não Convertido,,0.0,Moderado,Pakistan
183757,TikTok,2024-11-11,Não Convertido,,0.0,Agressivo,Bahrain
183758,Orgânico,2024-11-15,Não Convertido,,0.0,Moderado,Zambia
183759,E-mail Marketing,2024-11-11,Não Convertido,,0.0,Desconhecido,Cocos (Keeling) Islands
183760,TikTok,2024-11-15,Não Convertido,,0.0,Moderado,South Georgia and the South Sandwich Islands
183761,YouTube Ads,2024-11-15,Não Convertido,,0.0,Agressivo,Austria
183762,Orgânico,2024-11-16,Não Convertido,,0.0,Moderado,China
183763,Google Ads,2024-11-11,Não Convertido,,0.0,Agressivo,Lao People's Democratic Republic
183764,TikTok,2024-11-15,Não Convertido,,0.0,Agressivo,Moldova
183765,WhatsApp,2024-11-15,Não Convertido,,0.0,Moderado,Guam
183766,Orgânico,2024-11-13,Convertido,2.0,9226.48,Conservador,Oman
183767,Instagram,2024-11-13,Não Convertido,,0.0,Agressivo,Costa Rica
183768,WhatsApp,2024-11-15,Não Convertido,,0.0,Agressivo,Tonga
183769,Facebook,2024-11-11,Não Convertido,,0.0,Agressivo,French Guiana
183770,Instagram,2024-11-13,Não Convertido,,0.0,Desconhecido,Sao Tome and Principe
183771,Facebook,2024-11-16,Não Convertido,,0.0,Moderado,Japan
183772,Facebook,2024-11-16,Não Convertido,,0.0,Conservador,Maldives
183773,Google Ads,2024-11-16,Não Convertido,,0.0,Moderado,French Polynesia
183774,Orgânico,2024-11-11,Não Convertido,,0.0,Conservador,San Marino
183775,Instagram,2024-11-16,Não Convertido,,0.0,Moderado,Turkmenistan
183776,Instagram,2024-11-16,Não Convertido,,0.0,Moderado,Oman
183777,Orgânico,2024-11-13,Não Convertido,,0.0,Moderado,Croatia
183778,TikTok,2024-11-15,Convertido,9.0,9419.77,Moderado,Antigua and Barbuda
183779,Instagram,2024-11-13,Não Convertido,,0.0,Conservador,Guam
183780,WhatsApp,2024-11-14,Não Convertido,,0.0,Moderado,Honduras
183781,Facebook,2024-11-12,Não Convertido,,0.0,Agressivo,Bhutan
183782,Instagram,2024-11-15,Não Convertido,,0.0,Moderado,Falkland Islands (Malvinas)
183783,E-mail Marketing,2024-11-12,Não Convertido,,0.0,Agressivo,Madagascar
183784,Google Ads,2024-11-16,Convertido,12.0,117.48,Conservador,Mali
183785,Orgânico,2024-11-14,Não Convertido,,0.0,Conservador,Guernsey
183786,WhatsApp,2024-11-12,Não Convertido,,0.0,Agressivo,Lao People's Democratic Republic
183787,Facebook,2024-11-16,Não Convertido,,0.0,Agressivo,Sudan
183788,Instagram,2024-11-16,Não Convertido,,0.0,Agressivo,Heard Island and McDonald Islands
183789,Indicação,2024-11-13,Não Convertido,,0.0,Desconhecido,British Indian Ocean Territory (Chagos Archipelago)
183790,Facebook,2024-11-15,Não Convertido,,0.0,Agressivo,Zimbabwe
183791,WhatsApp,2024-11-11,Convertido,22.0,8150.66,Conservador,Trinidad and Tobago
183792,E-mail Marketing,2024-11-15,Não Convertido,,0.0,Conservador,Anguilla
183793,Orgânico,2024-11-11,Não Convertido,,0.0,Agressivo,Argentina
183794,TikTok,2024-11-11,Não Convertido,,0.0,Moderado,El Salvador
183795,Facebook,2024-11-15,Convertido,17.0,9871.14,Agressivo,Austria
183796,Orgânico,2024-11-16,Não Convertido,,0.0,Agressivo,Iraq
183797,Instagram,2024-11-12,Não Convertido,,0.0,Conservador,Puerto Rico
183798,Orgânico,2024-11-15,Não Convertido,,0.0,Conservador,Saint Barthelemy
183799,WhatsApp,2024-11-15,Não Convertido,,0.0,Moderado,South Africa
183800,Google Ads,2024-11-16,Não Convertido,,0.0,Agressivo,Guinea-Bissau
183801,Facebook,2024-11-12,Não Convertido,,0.0,Desconhecido,Lao People's Democratic Republic
183802,Google Ads,2024-11-13,Não Convertido,,0.0,Agressivo,Guernsey
183803,Google Ads,2024-11-11,Não Convertido,,0.0,Agressivo,Turkmenistan
183804,TikTok,2024-11-12,Não Convertido,,0.0,Agressivo,Kazakhstan
183805,Instagram,2024-11-12,Não Convertido,,0.0,Agressivo,Egypt
183806,Orgânico,2024-11-15,Não Convertido,,0.0,Agressivo,Ireland
183807,WhatsApp,2024-11-16,Não Convertido,,0.0,Moderado,Japan
183808,Facebook,2024-11-12,Não Convertido,,0.0,Conservador,Mexico
183809,Instagram,2024-11-14,Não Convertido,,0.0,Agressivo,Martinique
183810,Indicação,2024-11-13,Não Convertido,,0.0,Desconhecido,Nigeria
183811,Orgânico,2024-11-16,Não Convertido,,0.0,Agressivo,Dominican Republic
183812,WhatsApp,2024-11-15,Não Convertido,,0.0,Moderado,Botswana
183813,YouTube Ads,2024-11-12,Não Convertido,,0.0,Moderado,Bahamas
183814,E-mail Marketing,2024-11-15,Não Convertido,,0.0,Moderado,Venezuela
183815,Orgânico,2024-11-11,Não Convertido,,0.0,Agressivo,Poland
183816,Orgânico,2024-11-13,Não Convertido,,0.0,Moderado,Finland
183817,TikTok,2024-11-11,Não Convertido,,0.0,Agressivo,Malaysia
183818,WhatsApp,2024-11-15,Não Convertido,,0.0,Moderado,Myanmar
183819,Facebook,2024-11-13,Convertido,0.0,336.0,Moderado,Zimbabwe
183820,WhatsApp,2024-11-16,Convertido,12.0,4115.04,Moderado,Greenland
183821,E-mail Marketing,2024-11-15,Não Convertido,,0.0,Agressivo,Norfolk Island
183822,TikTok,2024-11-15,Não Convertido,,0.0,Agressivo,Malta
183823,Orgânico,2024-11-11,Não Convertido,,0.0,Conservador,Reunion
183824,TikTok,2024-11-15,Não Convertido,,0.0,Moderado,Finland
183825,Orgânico,2024-11-14,Não Convertido,,0.0,Agressivo,Myanmar
183826,Google Ads,2024-11-15,Não Convertido,,0.0,Moderado,Syrian Arab Republic
183827,WhatsApp,2024-11-12,Não Convertido,,0.0,Moderado,Romania
183828,Orgânico,2024-11-15,Não Convertido,,0.0,Agressivo,Belize
183829,E-mail Marketing,2024-11-16,Não Convertido,,0.0,Conservador,Aruba
183830,TikTok,2024-11-16,Não Convertido,,0.0,Conservador,Puerto Rico
183831,Instagram,2024-11-15,Não Convertido,,0.0,Moderado,Venezuela
183832,Google Ads,2024-11-14,Não Convertido,,0.0,Agressivo,San Marino
183833,TikTok,2024-11-13,Não Convertido,,0.0,Agressivo,Saint Martin
183834,Facebook,2024-11-12,Não Convertido,,0.0,Moderado,Marshall Islands
183835,Orgânico,2024-11-16,Não Convertido,,0.0,Conservador,Turkey
183836,TikTok,2024-11-15,Convertido,5.0,7294.2,Conservador,Indonesia
183837,Google Ads,2024-11-11,Não Convertido,,0.0,Moderado,Nepal
183838,E-mail Marketing,2024-11-16,Não Convertido,,0.0,Desconhecido,Paraguay
183839,Google Ads,2024-11-12,Não Convertido,,0.0,Moderado,Heard Island and McDonald Islands
183840,E-mail Marketing,2024-11-13,Não Convertido,,0.0,Moderado,Uruguay
183841,TikTok,2024-11-13,Não Convertido,,0.0,Agressivo,Bhutan
183842,Google Ads,2024-11-11,Não Convertido,,0.0,Moderado,Germany
183843,Instagram,2024-11-11,Convertido,1.0,5534.95,Agressivo,Ireland
183844,Instagram,2024-11-13,Não Convertido,,0.0,Agressivo,Martinique
183845,Instagram,2024-11-16,Não Convertido,,0.0,Conservador,Saudi Arabia
183846,Google Ads,2024-11-11,Não Convertido,,0.0,Conservador,Sri Lanka
183847,Instagram,2024-11-12,Não Convertido,,0.0,Moderado,Lithuania
183848,Instagram,2024-11-11,Não Convertido,,0.0,Moderado,Turkmenistan
183849,Google Ads,2024-11-14,Não Convertido,,0.0,Conservador,British Virgin Islands
183850,Instagram,2024-11-12,Não Convertido,,0.0,Moderado,Bahamas
183851,Instagram,2024-11-11,Não Convertido,,0.0,Moderado,Hong Kong
183852,Instagram,2024-11-13,Não Convertido,,0.0,Agressivo,British Indian Ocean Territory (Chagos Archipelago)
183853,Instagram,2024-11-11,Não Convertido,,0.0,Agressivo,Bermuda
183854,Instagram,2024-11-12,Não Convertido,,0.0,Desconhecido,Paraguay
183855,Orgânico,2024-11-13,Não Convertido,,0.0,Moderado,Romania
183856,Orgânico,2024-11-12,Não Convertido,,0.0,Moderado,Tunisia
183857,Orgânico,2024-11-13,Não Convertido,,0.0,Conservador,Korea
183858,TikTok,2024-11-11,Não Convertido,,0.0,Agressivo,Djibouti
183859,E-mail Marketing,2024-11-13,Não Convertido,,0.0,Moderado,Iraq
183860,WhatsApp,2024-11-14,Não Convertido,,0.0,Agressivo,United Arab Emirates
183861,Google Ads,2024-11-14,Não Convertido,,0.0,Conservador,Isle of Man
183862,Google Ads,2024-11-14,Não Convertido,,0.0,Moderado,Kyrgyz Republic
183863,E-mail Marketing,2024-11-14,Não Convertido,,0.0,Agressivo,Somalia
183864,TikTok,2024-11-15,Não Convertido,,0.0,Moderado,United States of America
183865,E-mail Marketing,2024-11-15,Não Convertido,,0.0,Conservador,Heard Island and McDonald Islands
183866,YouTube Ads,2024-11-16,Não Convertido,,0.0,Agressivo,United States Minor Outlying Islands
183867,E-mail Marketing,2024-11-14,Não Convertido,,0.0,Agressivo,Pitcairn Islands
183868,TikTok,2024-11-14,Não Convertido,,0.0,Conservador,Czech Republic
183869,Instagram,2024-11-12,Não Convertido,,0.0,Conservador,Saint Vincent and the Grenadines
183870,Facebook,2024-11-13,Não Convertido,,0.0,Moderado,Dominican Republic
183871,Facebook,2024-11-15,Não Convertido,,0.0,Agressivo,Cayman Islands
183872,Orgânico,2024-11-13,Não Convertido,,0.0,Conservador,Australia
183873,Instagram,2024-11-14,Convertido,17.0,8457.81,Agressivo,Ireland
183874,Google Ads,2024-11-15,Não Convertido,,0.0,Moderado,Uruguay
183875,WhatsApp,2024-11-14,Não Convertido,,0.0,Agressivo,Martinique
183876,WhatsApp,2024-11-16,Não Convertido,,0.0,Moderado,El Salvador
183877,Instagram,2024-11-11,Não Convertido,,0.0,Moderado,Congo
183878,Instagram,2024-11-12,Não Convertido,,0.0,Moderado,Montenegro
183879,Orgânico,2024-11-13,Não Convertido,,0.0,Conservador,Cocos (Keeling) Islands
183880,YouTube Ads,2024-11-13,Não Convertido,,0.0,Agressivo,Brunei Darussalam
183881,Orgânico,2024-11-15,Não Convertido,,0.0,Conservador,Mayotte
183882,YouTube Ads,2024-11-11,Não Convertido,,0.0,Agressivo,Brunei Darussalam
183883,Orgânico,2024-11-15,Não Convertido,,0.0,Agressivo,French Guiana
183884,E-mail Marketing,2024-11-15,Não Convertido,,0.0,Agressivo,Bolivia
183885,Instagram,2024-11-16,Não Convertido,,0.0,Moderado,Faroe Islands
183886,WhatsApp,2024-11-13,Não Convertido,,0.0,Moderado,Korea
183887,Orgânico,2024-11-15,Não Convertido,,0.0,Desconhecido,Grenada
183888,E-mail Marketing,2024-11-13,Não Convertido,,0.0,Moderado,Lithuania
183889,Instagram,2024-11-16,Não Convertido,,0.0,Moderado,Georgia
183890,E-mail Marketing,2024-11-16,Não Convertido,,0.0,Moderado,Finland
183891,E-mail Marketing,2024-11-14,Não Convertido,,0.0,Agressivo,Nigeria
183892,Instagram,2024-11-14,Não Convertido,,0.0,Agressivo,Belize
183893,TikTok,2024-11-14,Não Convertido,,0.0,Desconhecido,Venezuela
183894,E-mail Marketing,2024-11-11,Não Convertido,,0.0,Moderado,Sri Lanka
183895,YouTube Ads,2024-11-15,Não Convertido,,0.0,Moderado,Uruguay
183896,Instagram,2024-11-15,Convertido,25.0,5816.66,Moderado,Antigua and Barbuda
183897,E-mail Marketing,2024-11-14,Não Convertido,,0.0,Agressivo,Colombia
183898,Instagram,2024-11-16,Não Convertido,,0.0,Conservador,Poland
183899,WhatsApp,2024-11-12,Não Convertido,,0.0,Agressivo,Norfolk Island
183900,Orgânico,2024-11-15,Convertido,4.0,4501.9,Agressivo,Guinea
183901,TikTok,2024-11-12,Não Convertido,,0.0,Moderado,Peru
183902,Instagram,2024-11-15,Não Convertido,,0.0,Agressivo,Nepal
183903,Facebook,2024-11-15,Não Convertido,,0.0,Agressivo,United States of America
183904,Facebook,2024-11-13,Não Convertido,,0.0,Moderado,Ireland
183905,Instagram,2024-11-16,Não Convertido,,0.0,Moderado,Saint Lucia
183906,Orgânico,2024-11-14,Não Convertido,,0.0,Conservador,Indonesia
183907,Google Ads,2024-11-11,Convertido,9.0,3541.99,Agressivo,Moldova
183908,Orgânico,2024-11-14,Não Convertido,,0.0,Moderado,Bahamas
183909,E-mail Marketing,2024-11-15,Não Convertido,,0.0,Agressivo,Austria
183910,Facebook,2024-11-14,Convertido,29.0,7680.54,Agressivo,North Macedonia
183911,Instagram,2024-11-11,Não Convertido,,0.0,Desconhecido,Antigua and Barbuda
183912,YouTube Ads,2024-11-13,Não Convertido,,0.0,Conservador,Christmas Island
183913,Instagram,2024-11-14,Não Convertido,,0.0,Agressivo,Malta
183914,Google Ads,2024-11-14,Não Convertido,,0.0,Agressivo,Rwanda
183915,TikTok,2024-11-12,Não Convertido,,0.0,Moderado,British Indian Ocean Territory (Chagos Archipelago)
183916,TikTok,2024-11-15,Não Convertido,,0.0,Agressivo,El Salvador
183917,WhatsApp,2024-11-14,Não Convertido,,0.0,Conservador,Israel
183918,Instagram,2024-11-12,Não Convertido,,0.0,Desconhecido,Niger
183919,Google Ads,2024-11-14,Não Convertido,,0.0,Agressivo,Peru
183920,Instagram,2024-11-13,Não Convertido,,0.0,Agressivo,Colombia
183921,Instagram,2024-11-11,Convertido,2.0,1997.77,Moderado,Montserrat
183922,WhatsApp,2024-11-13,Não Convertido,,0.0,Agressivo,Svalbard & Jan Mayen Islands
183923,YouTube Ads,2024-11-14,Não Convertido,,0.0,Conservador,Philippines
183924,Instagram,2024-11-16,Não Convertido,,0.0,Agressivo,Bermuda
183925,Instagram,2024-11-13,Não Convertido,,0.0,Moderado,Burkina Faso
183926,Orgânico,2024-11-16,Não Convertido,,0.0,Conservador,Sweden
183927,TikTok,2024-11-12,Não Convertido,,0.0,Moderado,French Southern Territories
183928,Facebook,2024-11-12,Não Convertido,,0.0,Moderado,Palestinian Territory
183929,Google Ads,2024-11-11,Não Convertido,,0.0,Moderado,Belarus
183930,Instagram,2024-11-14,Não Convertido,,0.0,Agressivo,Vietnam
183931,Instagram,2024-11-12,Não Convertido,,0.0,Desconhecido,Kiribati
183932,Facebook,2024-11-14,Não Convertido,,0.0,Moderado,Peru
183933,Google Ads,2024-11-11,Não Convertido,,0.0,Conservador,Hungary
183934,TikTok,2024-11-12,Não Convertido,,0.0,Moderado,Antarctica (the territory South of 60 deg S)
183935,Facebook,2024-11-16,Não Convertido,,0.0,Agressivo,Turkmenistan
183936,Google Ads,2024-11-13,Não Convertido,,0.0,Agressivo,Taiwan
183937,Orgânico,2024-11-15,Convertido,15.0,9011.31,Agressivo,Armenia
183938,Instagram,2024-11-11,Não Convertido,,0.0,Desconhecido,Netherlands
183939,YouTube Ads,2024-11-12,Não Convertido,,0.0,Conservador,India
183940,YouTube Ads,2024-11-11,Não Convertido,,0.0,Moderado,Peru
183941,Orgânico,2024-11-15,Não Convertido,,0.0,Desconhecido,Bolivia
183942,Instagram,2024-11-11,Não Convertido,,0.0,Moderado,Albania
183943,Google Ads,2024-11-15,Não Convertido,,0.0,Moderado,Guinea
183944,Facebook,2024-11-12,Convertido,1.0,9789.49,Moderado,Dominica
183945,Instagram,2024-11-14,Não Convertido,,0.0,Conservador,French Polynesia
183946,Orgânico,2024-11-16,Não Convertido,,0.0,Moderado,Burkina Faso
183947,YouTube Ads,2024-11-16,Não Convertido,,0.0,Moderado,Lao People's Democratic Republic
183948,TikTok,2024-11-14,Não Convertido,,0.0,Moderado,Mongolia
183949,Google Ads,2024-11-13,Não Convertido,,0.0,Moderado,Georgia
183950,Facebook,2024-11-12,Não Convertido,,0.0,Agressivo,Guinea
183951,YouTube Ads,2024-11-16,Não Convertido,,0.0,Conservador,Japan
183952,Instagram,2024-11-15,Não Convertido,,0.0,Agressivo,Jordan
183953,Orgânico,2024-11-16,Não Convertido,,0.0,Agressivo,Sudan
183954,WhatsApp,2024-11-16,Não Convertido,,0.0,Moderado,Zambia
183955,E-mail Marketing,2024-11-12,Não Convertido,,0.0,Agressivo,Netherlands
183956,E-mail Marketing,2024-11-11,Não Convertido,,0.0,Moderado,Kuwait
183957,Orgânico,2024-11-16,Não Convertido,,0.0,Desconhecido,Guinea-Bissau
183958,YouTube Ads,2024-11-14,Não Convertido,,0.0,Agressivo,Monaco
183959,TikTok,2024-11-14,Não Convertido,,0.0,Agressivo,Israel
183960,E-mail Marketing,2024-11-15,Não Convertido,,0.0,Agressivo,Kiribati
183961,TikTok,2024-11-12,Convertido,19.0,9652.0,Moderado,French Southern Territories
183962,TikTok,2024-11-16,Convertido,23.0,2514.12,Moderado,Macao
183963,Orgânico,2024-11-13,Não Convertido,,0.0,Moderado,Liberia
183964,YouTube Ads,2024-11-13,Não Convertido,,0.0,Moderado,Uzbekistan
183965,YouTube Ads,2024-11-12,Não Convertido,,0.0,Moderado,Mexico
183966,E-mail Marketing,2024-11-11,Convertido,6.0,4477.92,Desconhecido,Iraq
183967,YouTube Ads,2024-11-13,Não Convertido,,0.0,Moderado,Syrian Arab Republic
183968,Facebook,2024-11-12,Não Convertido,,0.0,Agressivo,Solomon Islands
183969,E-mail Marketing,2024-11-12,Não Convertido,,0.0,Moderado,Serbia
183970,Indicação,2024-11-13,Não Convertido,,0.0,Conservador,Canada
183971,WhatsApp,2024-11-11,Não Convertido,,0.0,Moderado,Saint Helena
183972,YouTube Ads,2024-11-11,Não Convertido,,0.0,Agressivo,Namibia
183973,TikTok,2024-11-15,Não Convertido,,0.0,Desconhecido,Isle of Man
183974,Indicação,2024-11-16,Não Convertido,,0.0,Moderado,Andorra
183975,WhatsApp,2024-11-13,Convertido,21.0,909.01,Moderado,Pakistan
183976,TikTok,2024-11-15,Não Convertido,,0.0,Moderado,United Arab Emirates
183977,Instagram,2024-11-11,Não Convertido,,0.0,Moderado,Cayman Islands
183978,E-mail Marketing,2024-11-13,Não Convertido,,0.0,Moderado,United States Minor Outlying Islands
183979,Instagram,2024-11-16,Não Convertido,,0.0,Conservador,Mexico
183980,Facebook,2024-11-12,Não Convertido,,0.0,Moderado,Chad
183981,Google Ads,2024-11-14,Não Convertido,,0.0,Conservador,Angola
183982,E-mail Marketing,2024-11-11,Não Convertido,,0.0,Moderado,Romania
183983,WhatsApp,2024-11-15,Não Convertido,,0.0,Moderado,Guyana
183984,WhatsApp,2024-11-12,Não Convertido,,0.0,Agressivo,American Samoa
183985,Facebook,2024-11-16,Não Convertido,,0.0,Agressivo,Benin
183986,WhatsApp,2024-11-11,Não Convertido,,0.0,Agressivo,Lebanon
183987,Instagram,2024-11-16,Não Convertido,,0.0,Moderado,Belarus
183988,Instagram,2024-11-11,Não Convertido,,0.0,Desconhecido,Ethiopia
183989,TikTok,2024-11-16,Não Convertido,,0.0,Conservador,Maldives
183990,Orgânico,2024-11-13,Não Convertido,,0.0,Moderado,Iraq
183991,Facebook,2024-11-14,Não Convertido,,0.0,Agressivo,Guatemala
183992,Orgânico,2024-11-14,Não Convertido,,0.0,Moderado,Marshall Islands
183993,Instagram,2024-11-15,Não Convertido,,0.0,Moderado,Kenya
183994,YouTube Ads,2024-11-16,Não Convertido,,0.0,Conservador,Netherlands Antilles
183995,Instagram,2024-11-11,Não Convertido,,0.0,Conservador,American Samoa
183996,E-mail Marketing,2024-11-15,Convertido,27.0,8774.01,Moderado,Ecuador
183997,TikTok,2024-11-15,Não Convertido,,0.0,Agressivo,Fiji
183998,Orgânico,2024-11-15,Não Convertido,,0.0,Moderado,Pakistan
183999,Instagram,2024-11-15,Não Convertido,,0.0,Agressivo,Gibraltar
184000,TikTok,2024-11-16,Não Convertido,,0.0,Moderado,Russian Federation
184001,TikTok,2024-11-13,Não Convertido,,0.0,Conservador,Trinidad and Tobago
184002,Orgânico,2024-11-12,Não Convertido,,0.0,Moderado,Tajikistan
184003,Orgânico,2024-11-13,Não Convertido,,0.0,Moderado,Pakistan
184004,WhatsApp,2024-11-14,Não Convertido,,0.0,Conservador,Belize
184005,Facebook,2024-11-12,Não Convertido,,0.0,Moderado,Christmas Island
184006,Google Ads,2024-11-11,Não Convertido,,0.0,Agressivo,Tunisia
184007,E-mail Marketing,2024-11-16,Não Convertido,,0.0,Desconhecido,Kyrgyz Republic
184008,TikTok,2024-11-15,Não Convertido,,0.0,Moderado,Hong Kong
184009,E-mail Marketing,2024-11-11,Não Convertido,,0.0,Conservador,Bahrain
184010,E-mail Marketing,2024-11-13,Não Convertido,,0.0,Agressivo,Chad
184011,Orgânico,2024-11-13,Não Convertido,,0.0,Agressivo,Andorra
184012,Indicação,2024-11-12,Não Convertido,,0.0,Moderado,Malawi
184013,E-mail Marketing,2024-11-15,Não Convertido,,0.0,Moderado,Pakistan
184014,Instagram,2024-11-11,Não Convertido,,0.0,Agressivo,Cameroon
184015,WhatsApp,2024-11-14,Não Convertido,,0.0,Agressivo,Samoa
184016,YouTube Ads,2024-11-14,Não Convertido,,0.0,Moderado,Burkina Faso
184017,TikTok,2024-11-12,Não Convertido,,0.0,Conservador,Panama
184018,TikTok,2024-11-11,Não Convertido,,0.0,Conservador,French Polynesia
184019,E-mail Marketing,2024-11-13,Não Convertido,,0.0,Agressivo,Djibouti
184020,Instagram,2024-11-11,Não Convertido,,0.0,Moderado,South Africa
184021,Orgânico,2024-11-15,Não Convertido,,0.0,Conservador,Svalbard & Jan Mayen Islands
184022,E-mail Marketing,2024-11-11,Não Convertido,,0.0,Moderado,Philippines
184023,Orgânico,2024-11-16,Não Convertido,,0.0,Agressivo,Uganda
184024,Instagram,2024-11-15,Não Convertido,,0.0,Moderado,Montserrat
184025,Google Ads,2024-11-12,Não Convertido,,0.0,Moderado,Western Sahara
184026,Orgânico,2024-11-12,Não Convertido,,0.0,Moderado,Guernsey
184027,E-mail Marketing,2024-11-16,Não Convertido,,0.0,Conservador,Belgium
184028,Google Ads,2024-11-15,Não Convertido,,0.0,Moderado,Eritrea
184029,Orgânico,2024-11-15,Não Convertido,,0.0,Moderado,Guinea-Bissau
184030,E-mail Marketing,2024-11-15,Não Convertido,,0.0,Moderado,Falkland Islands (Malvinas)
184031,Instagram,2024-11-16,Não Convertido,,0.0,Moderado,Mongolia
184032,TikTok,2024-11-12,Não Convertido,,0.0,Moderado,Cook Islands
184033,Orgânico,2024-11-14,Não Convertido,,0.0,Moderado,Guinea
184034,Instagram,2024-11-16,Não Convertido,,0.0,Moderado,Falkland Islands (Malvinas)
184035,WhatsApp,2024-11-12,Convertido,26.0,9154.72,Conservador,Saint Kitts and Nevis
184036,Google Ads,2024-11-16,Não Convertido,,0.0,Agressivo,Tuvalu
184037,Indicação,2024-11-13,Não Convertido,,0.0,Moderado,Djibouti
184038,YouTube Ads,2024-11-11,Não Convertido,,0.0,Desconhecido,South Africa
184039,Instagram,2024-11-16,Não Convertido,,0.0,Agressivo,Barbados
184040,YouTube Ads,2024-11-13,Não Convertido,,0.0,Moderado,Japan
184041,Google Ads,2024-11-14,Convertido,1.0,5308.73,Desconhecido,Chad
184042,Instagram,2024-11-16,Não Convertido,,0.0,Conservador,Gabon
184043,WhatsApp,2024-11-13,Não Convertido,,0.0,Agressivo,Finland
184044,WhatsApp,2024-11-15,Não Convertido,,0.0,Agressivo,Saint Pierre and Miquelon
184045,YouTube Ads,2024-11-13,Não Convertido,,0.0,Moderado,Congo
184046,Instagram,2024-11-16,Não Convertido,,0.0,Agressivo,American Samoa
184047,Instagram,2024-11-15,Não Convertido,,0.0,Moderado,Madagascar
184048,Instagram,2024-11-12,Não Convertido,,0.0,Desconhecido,Turkmenistan
184049,Orgânico,2024-11-14,Não Convertido,,0.0,Agressivo,Ethiopia
184050,TikTok,2024-11-14,Não Convertido,,0.0,Agressivo,Senegal
184051,Instagram,2024-11-14,Não Convertido,,0.0,Moderado,French Southern Territories
184052,YouTube Ads,2024-11-11,Não Convertido,,0.0,Moderado,Mauritius
184053,Instagram,2024-11-12,Não Convertido,,0.0,Conservador,New Zealand
184054,WhatsApp,2024-11-15,Não Convertido,,0.0,Agressivo,Sudan
184055,E-mail Marketing,2024-11-12,Não Convertido,,0.0,Moderado,Kuwait
184056,TikTok,2024-11-15,Não Convertido,,0.0,Agressivo,Togo
184057,WhatsApp,2024-11-15,Não Convertido,,0.0,Agressivo,Palestinian Territory
184058,Instagram,2024-11-13,Não Convertido,,0.0,Conservador,Panama
184059,Instagram,2024-11-16,Não Convertido,,0.0,Agressivo,Benin
184060,Indicação,2024-11-14,Convertido,24.0,865.69,Agressivo,Thailand
184061,TikTok,2024-11-12,Não Convertido,,0.0,Conservador,Gibraltar
184062,Google Ads,2024-11-11,Não Convertido,,0.0,Moderado,Thailand
184063,Google Ads,2024-11-12,Não Convertido,,0.0,Desconhecido,Somalia
184064,TikTok,2024-11-12,Não Convertido,,0.0,Agressivo,Belarus
184065,Instagram,2024-11-13,Não Convertido,,0.0,Moderado,Hungary
184066,Orgânico,2024-11-14,Não Convertido,,0.0,Conservador,United States of America
184067,E-mail Marketing,2024-11-13,Não Convertido,,0.0,Agressivo,Seychelles
184068,Instagram,2024-11-16,Não Convertido,,0.0,Agressivo,Dominica
184069,Indicação,2024-11-16,Não Convertido,,0.0,Moderado,Saint Kitts and Nevis
184070,E-mail Marketing,2024-11-11,Não Convertido,,0.0,Conservador,United States of America
184071,TikTok,2024-11-12,Convertido,2.0,2367.53,Moderado,Mali
184072,Facebook,2024-11-16,Não Convertido,,0.0,Desconhecido,Ukraine
184073,TikTok,2024-11-13,Não Convertido,,0.0,Moderado,Marshall Islands
184074,E-mail Marketing,2024-11-16,Não Convertido,,0.0,Agressivo,Turkmenistan
184075,Instagram,2024-11-16,Não Convertido,,0.0,Desconhecido,Burundi
184076,E-mail Marketing,2024-11-12,Não Convertido,,0.0,Moderado,Haiti
184077,Google Ads,2024-11-16,Não Convertido,,0.0,Agressivo,Guernsey
184078,Instagram,2024-11-11,Não Convertido,,0.0,Conservador,Anguilla
184079,Instagram,2024-11-13,Não Convertido,,0.0,Moderado,Isle of Man
184080,E-mail Marketing,2024-11-12,Não Convertido,,0.0,Moderado,Solomon Islands
184081,WhatsApp,2024-11-12,Não Convertido,,0.0,Conservador,Montserrat
184082,E-mail Marketing,2024-11-12,Não Convertido,,0.0,Moderado,Bulgaria
184083,Instagram,2024-11-13,Não Convertido,,0.0,Agressivo,Gambia
184084,Facebook,2024-11-15,Não Convertido,,0.0,Conservador,Korea
184085,Google Ads,2024-11-14,Não Convertido,,0.0,Moderado,Malawi
184086,Facebook,2024-11-13,Não Convertido,,0.0,Moderado,Northern Mariana Islands
184087,Orgânico,2024-11-11,Não Convertido,,0.0,Moderado,Serbia
184088,Indicação,2024-11-11,Não Convertido,,0.0,Agressivo,Samoa
184089,Orgânico,2024-11-15,Não Convertido,,0.0,Conservador,Cote d'Ivoire
184090,Facebook,2024-11-16,Não Convertido,,0.0,Agressivo,Zambia
184091,Facebook,2024-11-14,Não Convertido,,0.0,Conservador,Bulgaria
184092,Instagram,2024-11-11,Não Convertido,,0.0,Agressivo,Tonga
184093,Orgânico,2024-11-11,Não Convertido,,0.0,Moderado,Malawi
184094,E-mail Marketing,2024-11-11,Convertido,19.0,8858.92,Moderado,Grenada
184095,Instagram,2024-11-15,Convertido,13.0,4217.99,Moderado,Turks and Caicos Islands
184096,Indicação,2024-11-11,Não Convertido,,0.0,Conservador,Belize
184097,Orgânico,2024-11-16,Convertido,10.0,3697.17,Desconhecido,South Africa
184098,Orgânico,2024-11-13,Não Convertido,,0.0,Desconhecido,Rwanda
184099,Instagram,2024-11-16,Não Convertido,,0.0,Moderado,Dominica
184100,Indicação,2024-11-16,Não Convertido,,0.0,Moderado,Myanmar
184101,Orgânico,2024-11-13,Não Convertido,,0.0,Conservador,French Polynesia
184102,Orgânico,2024-11-15,Não Convertido,,0.0,Agressivo,Antigua and Barbuda
184103,TikTok,2024-11-11,Não Convertido,,0.0,Agressivo,Vanuatu
184104,Orgânico,2024-11-14,Não Convertido,,0.0,Moderado,Northern Mariana Islands
184105,E-mail Marketing,2024-11-14,Não Convertido,,0.0,Moderado,Gabon
184106,Orgânico,2024-11-14,Não Convertido,,0.0,Moderado,Sweden
184107,YouTube Ads,2024-11-12,Não Convertido,,0.0,Moderado,Falkland Islands (Malvinas)
184108,WhatsApp,2024-11-11,Não Convertido,,0.0,Moderado,Qatar
184109,E-mail Marketing,2024-11-11,Não Convertido,,0.0,Moderado,Niger
184110,TikTok,2024-11-13,Não Convertido,,0.0,Agressivo,Comoros
184111,Indicação,2024-11-13,Não Convertido,,0.0,Moderado,Trinidad and Tobago
184112,Instagram,2024-11-12,Não Convertido,,0.0,Moderado,Dominica
184113,Orgânico,2024-11-11,Não Convertido,,0.0,Agressivo,Netherlands
184114,TikTok,2024-11-16,Não Convertido,,0.0,Moderado,Cook Islands
184115,Facebook,2024-11-12,Não Convertido,,0.0,Moderado,Faroe Islands
184116,TikTok,2024-11-14,Não Convertido,,0.0,Agressivo,Ecuador
184117,E-mail Marketing,2024-11-15,Não Convertido,,0.0,Agressivo,Austria
184118,Instagram,2024-11-12,Não Convertido,,0.0,Conservador,Argentina
184119,TikTok,2024-11-12,Não Convertido,,0.0,Moderado,Mozambique
184120,TikTok,2024-11-13,Não Convertido,,0.0,Agressivo,Solomon Islands
184121,Facebook,2024-11-14,Não Convertido,,0.0,Agressivo,Lesotho
184122,TikTok,2024-11-15,Não Convertido,,0.0,Moderado,Belize
184123,Google Ads,2024-11-11,Não Convertido,,0.0,Conservador,Turkey
184124,Orgânico,2024-11-16,Não Convertido,,0.0,Agressivo,Ecuador
184125,TikTok,2024-11-15,Não Convertido,,0.0,Conservador,Seychelles
184126,Facebook,2024-11-14,Não Convertido,,0.0,Agressivo,Liberia
184127,Orgânico,2024-11-12,Não Convertido,,0.0,Agressivo,Saint Helena
184128,YouTube Ads,2024-11-12,Não Convertido,,0.0,Moderado,Montserrat
184129,TikTok,2024-11-15,Não Convertido,,0.0,Moderado,Somalia
184130,Google Ads,2024-11-14,Não Convertido,,0.0,Moderado,Senegal
184131,E-mail Marketing,2024-11-16,Não Convertido,,0.0,Conservador,Tonga
184132,Google Ads,2024-11-12,Não Convertido,,0.0,Desconhecido,Zambia
184133,Orgânico,2024-11-15,Não Convertido,,0.0,Agressivo,Andorra
184134,Instagram,2024-11-16,Não Convertido,,0.0,Moderado,Algeria
184135,Google Ads,2024-11-14,Não Convertido,,0.0,Moderado,Monaco
184136,Instagram,2024-11-12,Não Convertido,,0.0,Agressivo,Nauru
184137,Instagram,2024-11-12,Não Convertido,,0.0,Agressivo,Saint Pierre and Miquelon
184138,TikTok,2024-11-13,Não Convertido,,0.0,Agressivo,Japan
184139,E-mail Marketing,2024-11-14,Não Convertido,,0.0,Moderado,Comoros
184140,Google Ads,2024-11-11,Não Convertido,,0.0,Moderado,India
184141,Instagram,2024-11-15,Não Convertido,,0.0,Conservador,Malta
184142,E-mail Marketing,2024-11-13,Não Convertido,,0.0,Moderado,Seychelles
184143,Orgânico,2024-11-11,Não Convertido,,0.0,Moderado,Palestinian Territory
184144,Indicação,2024-11-12,Não Convertido,,0.0,Agressivo,Christmas Island
184145,Google Ads,2024-11-15,Não Convertido,,0.0,Agressivo,Monaco
184146,Instagram,2024-11-15,Não Convertido,,0.0,Agressivo,Australia
184147,Instagram,2024-11-13,Não Convertido,,0.0,Agressivo,Germany
184148,Indicação,2024-11-11,Não Convertido,,0.0,Moderado,Greece
184149,TikTok,2024-11-15,Não Convertido,,0.0,Desconhecido,Honduras
184150,Instagram,2024-11-13,Não Convertido,,0.0,Conservador,Finland
184151,Orgânico,2024-11-13,Não Convertido,,0.0,Agressivo,Turks and Caicos Islands
184152,Instagram,2024-11-11,Não Convertido,,0.0,Agressivo,Cote d'Ivoire
184153,TikTok,2024-11-16,Não Convertido,,0.0,Moderado,Malta
184154,Instagram,2024-11-15,Convertido,17.0,285.37,Conservador,Uzbekistan
184155,Facebook,2024-11-12,Não Convertido,,0.0,Agressivo,Zambia
184156,YouTube Ads,2024-11-14,Não Convertido,,0.0,Agressivo,Guyana
184157,Orgânico,2024-11-13,Não Convertido,,0.0,Agressivo,Tuvalu
184158,Google Ads,2024-11-11,Não Convertido,,0.0,Moderado,Barbados
184159,Instagram,2024-11-15,Não Convertido,,0.0,Moderado,Cyprus
184160,Orgânico,2024-11-14,Não Convertido,,0.0,Moderado,United Arab Emirates
184161,YouTube Ads,2024-11-11,Não Convertido,,0.0,Moderado,American Samoa
184162,Indicação,2024-11-14,Não Convertido,,0.0,Agressivo,Lao People's Democratic Republic
184163,Facebook,2024-11-16,Não Convertido,,0.0,Agressivo,Sudan
184164,E-mail Marketing,2024-11-16,Não Convertido,,0.0,Agressivo,Portugal
184165,TikTok,2024-11-12,Não Convertido,,0.0,Conservador,Cape Verde
184166,Google Ads,2024-11-13,Não Convertido,,0.0,Conservador,Russian Federation
184167,Orgânico,2024-11-12,Não Convertido,,0.0,Moderado,Wallis and Futuna
184168,YouTube Ads,2024-11-12,Não Convertido,,0.0,Moderado,Mali
184169,Facebook,2024-11-14,Não Convertido,,0.0,Conservador,Antigua and Barbuda
184170,Orgânico,2024-11-12,Não Convertido,,0.0,Moderado,Mayotte
184171,Instagram,2024-11-14,Não Convertido,,0.0,Moderado,Senegal
184172,Google Ads,2024-11-16,Não Convertido,,0.0,Moderado,Haiti
184173,Orgânico,2024-11-13,Não Convertido,,0.0,Moderado,Morocco
184174,YouTube Ads,2024-11-11,Não Convertido,,0.0,Moderado,Zambia
184175,E-mail Marketing,2024-11-16,Convertido,2.0,2166.38,Moderado,Niger
184176,YouTube Ads,2024-11-14,Não Convertido,,0.0,Desconhecido,Israel
184177,Facebook,2024-11-11,Não Convertido,,0.0,Moderado,Paraguay
184178,TikTok,2024-11-11,Convertido,22.0,7444.32,Agressivo,Kuwait
184179,E-mail Marketing,2024-11-12,Não Convertido,,0.0,Agressivo,Tanzania
184180,Orgânico,2024-11-13,Convertido,12.0,1923.64,Agressivo,Guyana
184181,TikTok,2024-11-13,Não Convertido,,0.0,Agressivo,Niger
184182,E-mail Marketing,2024-11-16,Não Convertido,,0.0,Desconhecido,Western Sahara
184183,Facebook,2024-11-12,Não Convertido,,0.0,Moderado,Jamaica
184184,TikTok,2024-11-14,Não Convertido,,0.0,Agressivo,American Samoa
184185,YouTube Ads,2024-11-16,Não Convertido,,0.0,Desconhecido,South Georgia and the South Sandwich Islands
184186,Orgânico,2024-11-12,Convertido,30.0,2009.38,Desconhecido,Honduras
184187,Orgânico,2024-11-11,Não Convertido,,0.0,Moderado,Brazil
184188,Facebook,2024-11-15,Não Convertido,,0.0,Moderado,Saint Martin
184189,E-mail Marketing,2024-11-15,Não Convertido,,0.0,Desconhecido,Bouvet Island (Bouvetoya)
184190,WhatsApp,2024-11-12,Não Convertido,,0.0,Moderado,Namibia
184191,Orgânico,2024-11-11,Não Convertido,,0.0,Conservador,Sao Tome and Principe
184192,YouTube Ads,2024-11-16,Não Convertido,,0.0,Moderado,Romania
184193,Facebook,2024-11-13,Não Convertido,,0.0,Conservador,Japan
184194,Orgânico,2024-11-16,Não Convertido,,0.0,Conservador,Guyana
184195,Instagram,2024-11-16,Não Convertido,,0.0,Agressivo,Paraguay
184196,Facebook,2024-11-13,Não Convertido,,0.0,Moderado,Belgium
184197,YouTube Ads,2024-11-15,Não Convertido,,0.0,Desconhecido,Pakistan
184198,YouTube Ads,2024-11-12,Não Convertido,,0.0,Conservador,Hungary
184199,E-mail Marketing,2024-11-16,Não Convertido,,0.0,Conservador,Palau
184200,WhatsApp,2024-11-14,Não Convertido,,0.0,Moderado,Jordan
184201,Facebook,2024-11-15,Não Convertido,,0.0,Moderado,Korea
184202,Google Ads,2024-11-14,Não Convertido,,0.0,Conservador,Montenegro
184203,Instagram,2024-11-14,Não Convertido,,0.0,Moderado,Netherlands Antilles
184204,Orgânico,2024-11-12,Não Convertido,,0.0,Moderado,Bermuda
184205,Instagram,2024-11-12,Não Convertido,,0.0,Moderado,Reunion
184206,Orgânico,2024-11-12,Não Convertido,,0.0,Agressivo,Italy
184207,Indicação,2024-11-13,Não Convertido,,0.0,Moderado,Belize
184208,Orgânico,2024-11-15,Não Convertido,,0.0,Conservador,Saint Barthelemy
184209,Instagram,2024-11-13,Não Convertido,,0.0,Moderado,India
184210,YouTube Ads,2024-11-15,Não Convertido,,0.0,Moderado,Netherlands
184211,Facebook,2024-11-12,Não Convertido,,0.0,Agressivo,Latvia
184212,Google Ads,2024-11-11,Não Convertido,,0.0,Moderado,Sri Lanka
184213,TikTok,2024-11-11,Não Convertido,,0.0,Conservador,Brunei Darussalam
184214,TikTok,2024-11-15,Não Convertido,,0.0,Agressivo,Faroe Islands
184215,Indicação,2024-11-12,Não Convertido,,0.0,Conservador,Djibouti
184216,WhatsApp,2024-11-15,Não Convertido,,0.0,Agressivo,Honduras
184217,TikTok,2024-11-15,Não Convertido,,0.0,Moderado,Colombia
184218,Facebook,2024-11-14,Não Convertido,,0.0,Moderado,Tajikistan
184219,TikTok,2024-11-13,Não Convertido,,0.0,Agressivo,Austria
184220,WhatsApp,2024-11-15,Não Convertido,,0.0,Agressivo,Uzbekistan
184221,Orgânico,2024-11-12,Não Convertido,,0.0,Agressivo,Congo
184222,Orgânico,2024-11-11,Não Convertido,,0.0,Desconhecido,Senegal
184223,Instagram,2024-11-12,Não Convertido,,0.0,Conservador,Guatemala
184224,E-mail Marketing,2024-11-11,Não Convertido,,0.0,Moderado,Costa Rica
184225,Google Ads,2024-11-14,Não Convertido,,0.0,Moderado,Georgia
184226,Facebook,2024-11-15,Não Convertido,,0.0,Moderado,Monaco
184227,YouTube Ads,2024-11-13,Não Convertido,,0.0,Moderado,Macao
184228,Orgânico,2024-11-15,Não Convertido,,0.0,Moderado,Belgium
184229,E-mail Marketing,2024-11-11,Não Convertido,,0.0,Moderado,Liechtenstein
184230,E-mail Marketing,2024-11-15,Não Convertido,,0.0,Agressivo,Nigeria
184231,TikTok,2024-11-14,Não Convertido,,0.0,Agressivo,Sierra Leone
184232,E-mail Marketing,2024-11-11,Não Convertido,,0.0,Moderado,Peru
184233,WhatsApp,2024-11-12,Não Convertido,,0.0,Moderado,Gambia
184234,Orgânico,2024-11-14,Não Convertido,,0.0,Agressivo,Finland
184235,Orgânico,2024-11-11,Não Convertido,,0.0,Conservador,Singapore
184236,E-mail Marketing,2024-11-12,Não Convertido,,0.0,Agressivo,Thailand
184237,Google Ads,2024-11-16,Não Convertido,,0.0,Moderado,Malawi
184238,Google Ads,2024-11-15,Não Convertido,,0.0,Moderado,Taiwan
184239,TikTok,2024-11-12,Não Convertido,,0.0,Agressivo,Guam
184240,E-mail Marketing,2024-11-12,Não Convertido,,0.0,Moderado,Isle of Man
184241,Facebook,2024-11-12,Não Convertido,,0.0,Moderado,Costa Rica
184242,E-mail Marketing,2024-11-12,Não Convertido,,0.0,Moderado,Barbados
184243,E-mail Marketing,2024-11-13,Não Convertido,,0.0,Conservador,Dominica
184244,Orgânico,2024-11-15,Não Convertido,,0.0,Conservador,Vanuatu
184245,Facebook,2024-11-16,Não Convertido,,0.0,Agressivo,Bhutan
184246,Orgânico,2024-11-12,Não Convertido,,0.0,Conservador,Netherlands Antilles
184247,Orgânico,2024-11-14,Não Convertido,,0.0,Desconhecido,Montserrat
184248,Instagram,2024-11-14,Não Convertido,,0.0,Agressivo,Norway
184249,Facebook,2024-11-12,Não Convertido,,0.0,Conservador,French Polynesia
184250,Orgânico,2024-11-15,Convertido,28.0,2935.05,Moderado,Iran
184251,Indicação,2024-11-11,Não Convertido,,0.0,Agressivo,Saint Helena
184252,WhatsApp,2024-11-16,Não Convertido,,0.0,Desconhecido,Nicaragua
184253,Facebook,2024-11-14,Não Convertido,,0.0,Conservador,Greenland
184254,Instagram,2024-11-16,Não Convertido,,0.0,Moderado,Cocos (Keeling) Islands
184255,YouTube Ads,2024-11-16,Não Convertido,,0.0,Agressivo,Colombia
184256,Google Ads,2024-11-12,Não Convertido,,0.0,Conservador,Argentina
184257,YouTube Ads,2024-11-13,Não Convertido,,0.0,Moderado,Congo
184258,TikTok,2024-11-13,Não Convertido,,0.0,Agressivo,Kyrgyz Republic
184259,Indicação,2024-11-14,Não Convertido,,0.0,Moderado,Nepal
184260,Orgânico,2024-11-12,Não Convertido,,0.0,Moderado,Mauritania
184261,TikTok,2024-11-13,Não Convertido,,0.0,Moderado,Gibraltar
184262,TikTok,2024-11-12,Não Convertido,,0.0,Moderado,Congo
184263,Orgânico,2024-11-11,Não Convertido,,0.0,Moderado,Dominica
184264,WhatsApp,2024-11-14,Não Convertido,,0.0,Desconhecido,Equatorial Guinea
184265,Orgânico,2024-11-11,Não Convertido,,0.0,Conservador,Western Sahara
184266,Google Ads,2024-11-13,Não Convertido,,0.0,Moderado,Kuwait
184267,YouTube Ads,2024-11-11,Não Convertido,,0.0,Agressivo,Guernsey
184268,TikTok,2024-11-12,Não Convertido,,0.0,Moderado,Belarus
184269,TikTok,2024-11-16,Não Convertido,,0.0,Agressivo,Zambia
184270,E-mail Marketing,2024-11-12,Não Convertido,,0.0,Moderado,Fiji
184271,Google Ads,2024-11-14,Não Convertido,,0.0,Conservador,Palau
184272,Facebook,2024-11-11,Não Convertido,,0.0,Conservador,French Guiana
184273,Facebook,2024-11-13,Não Convertido,,0.0,Moderado,Lao People's Democratic Republic
184274,Orgânico,2024-11-13,Não Convertido,,0.0,Moderado,Sudan
184275,Google Ads,2024-11-16,Não Convertido,,0.0,Desconhecido,New Zealand
184276,Orgânico,2024-11-14,Não Convertido,,0.0,Conservador,Monaco
184277,YouTube Ads,2024-11-11,Não Convertido,,0.0,Moderado,Burundi
184278,Orgânico,2024-11-13,Não Convertido,,0.0,Conservador,Kyrgyz Republic
184279,YouTube Ads,2024-11-14,Não Convertido,,0.0,Moderado,Bahamas
184280,Instagram,2024-11-14,Não Convertido,,0.0,Agressivo,Cocos (Keeling) Islands
184281,Facebook,2024-11-14,Não Convertido,,0.0,Conservador,Guinea
184282,Facebook,2024-11-16,Não Convertido,,0.0,Conservador,Paraguay
184283,YouTube Ads,2024-11-13,Não Convertido,,0.0,Moderado,France
184284,Instagram,2024-11-14,Não Convertido,,0.0,Moderado,Finland
184285,E-mail Marketing,2024-11-13,Não Convertido,,0.0,Agressivo,Belgium
184286,E-mail Marketing,2024-11-15,Não Convertido,,0.0,Conservador,Slovakia (Slovak Republic)
184287,Orgânico,2024-11-14,Convertido,7.0,3335.79,Agressivo,Bouvet Island (Bouvetoya)
184288,Orgânico,2024-11-13,Não Convertido,,0.0,Desconhecido,Namibia
184289,Facebook,2024-11-16,Convertido,1.0,611.17,Conservador,Nauru
184290,Indicação,2024-11-11,Não Convertido,,0.0,Moderado,Isle of Man
184291,TikTok,2024-11-14,Não Convertido,,0.0,Agressivo,Turkey
184292,YouTube Ads,2024-11-12,Convertido,4.0,7188.56,Moderado,Uzbekistan
184293,Facebook,2024-11-14,Convertido,22.0,3287.23,Desconhecido,Pitcairn Islands
184294,Orgânico,2024-11-15,Não Convertido,,0.0,Conservador,Montserrat
184295,Facebook,2024-11-12,Não Convertido,,0.0,Conservador,United States Virgin Islands
184296,E-mail Marketing,2024-11-14,Não Convertido,,0.0,Moderado,Bhutan
184297,Instagram,2024-11-16,Não Convertido,,0.0,Agressivo,Cote d'Ivoire
184298,Orgânico,2024-11-15,Não Convertido,,0.0,Desconhecido,Russian Federation
184299,WhatsApp,2024-11-13,Não Convertido,,0.0,Agressivo,Croatia
184300,Orgânico,2024-11-15,Não Convertido,,0.0,Agressivo,Rwanda
184301,TikTok,2024-11-14,Não Convertido,,0.0,Conservador,French Guiana
184302,Instagram,2024-11-14,Não Convertido,,0.0,Conservador,Iran
184303,WhatsApp,2024-11-13,Não Convertido,,0.0,Moderado,Timor-Leste
184304,Orgânico,2024-11-11,Não Convertido,,0.0,Agressivo,Guam
184305,Orgânico,2024-11-14,Não Convertido,,0.0,Agressivo,Hungary
184306,E-mail Marketing,2024-11-15,Não Convertido,,0.0,Agressivo,Saint Lucia
184307,Orgânico,2024-11-15,Não Convertido,,0.0,Desconhecido,Moldova
184308,Instagram,2024-11-16,Não Convertido,,0.0,Moderado,Comoros
184309,Indicação,2024-11-13,Não Convertido,,0.0,Conservador,Timor-Leste
184310,Instagram,2024-11-12,Não Convertido,,0.0,Agressivo,French Southern Territories
184311,Google Ads,2024-11-12,Não Convertido,,0.0,Agressivo,Djibouti
184312,Orgânico,2024-11-14,Não Convertido,,0.0,Moderado,Haiti
184313,WhatsApp,2024-11-15,Não Convertido,,0.0,Conservador,Fiji
184314,Indicação,2024-11-13,Não Convertido,,0.0,Conservador,Trinidad and Tobago
184315,E-mail Marketing,2024-11-16,Convertido,28.0,2874.1,Moderado,Eritrea
184316,E-mail Marketing,2024-11-11,Não Convertido,,0.0,Agressivo,Singapore
184317,TikTok,2024-11-14,Não Convertido,,0.0,Moderado,Tanzania
184318,WhatsApp,2024-11-14,Não Convertido,,0.0,Agressivo,Saint Barthelemy
184319,WhatsApp,2024-11-16,Não Convertido,,0.0,Desconhecido,Guinea-Bissau
184320,Instagram,2024-11-15,Não Convertido,,0.0,Moderado,Solomon Islands
184321,Google Ads,2024-11-15,Não Convertido,,0.0,Agressivo,Palestinian Territory
184322,Orgânico,2024-11-15,Não Convertido,,0.0,Agressivo,Namibia
184323,Facebook,2024-11-13,Não Convertido,,0.0,Moderado,Guam
184324,TikTok,2024-11-15,Não Convertido,,0.0,Moderado,Slovenia
184325,E-mail Marketing,2024-11-13,Não Convertido,,0.0,Agressivo,Guam
184326,Instagram,2024-11-15,Não Convertido,,0.0,Desconhecido,New Zealand
184327,Google Ads,2024-11-15,Não Convertido,,0.0,Agressivo,Cote d'Ivoire
184328,WhatsApp,2024-11-12,Não Convertido,,0.0,Conservador,Antigua and Barbuda
184329,Facebook,2024-11-14,Não Convertido,,0.0,Conservador,Lao People's Democratic Republic
184330,Orgânico,2024-11-13,Não Convertido,,0.0,Agressivo,Malaysia
184331,Facebook,2024-11-11,Não Convertido,,0.0,Agressivo,Iraq
184332,Orgânico,2024-11-12,Não Convertido,,0.0,Agressivo,Jordan
184333,Facebook,2024-11-12,Não Convertido,,0.0,Moderado,Israel
184334,Orgânico,2024-11-12,Não Convertido,,0.0,Moderado,Serbia
184335,E-mail Marketing,2024-11-12,Não Convertido,,0.0,Moderado,Ireland
184336,Orgânico,2024-11-11,Não Convertido,,0.0,Moderado,Vietnam
184337,WhatsApp,2024-11-13,Não Convertido,,0.0,Moderado,Guyana
184338,TikTok,2024-11-12,Não Convertido,,0.0,Agressivo,Kiribati
184339,Orgânico,2024-11-14,Não Convertido,,0.0,Agressivo,Slovakia (Slovak Republic)
184340,Orgânico,2024-11-13,Não Convertido,,0.0,Agressivo,Saint Helena
184341,Orgânico,2024-11-15,Não Convertido,,0.0,Moderado,Russian Federation
184342,Orgânico,2024-11-13,Não Convertido,,0.0,Conservador,Israel
184343,E-mail Marketing,2024-11-16,Não Convertido,,0.0,Moderado,Vanuatu
184344,E-mail Marketing,2024-11-14,Não Convertido,,0.0,Moderado,Hong Kong
184345,TikTok,2024-11-13,Não Convertido,,0.0,Moderado,Iraq
184346,Orgânico,2024-11-15,Não Convertido,,0.0,Agressivo,Tonga
184347,Instagram,2024-11-14,Não Convertido,,0.0,Moderado,British Virgin Islands
184348,TikTok,2024-11-13,Não Convertido,,0.0,Moderado,Cook Islands
184349,TikTok,2024-11-15,Convertido,10.0,6982.58,Moderado,Zimbabwe
184350,WhatsApp,2024-11-13,Não Convertido,,0.0,Conservador,Barbados
184351,Instagram,2024-11-13,Não Convertido,,0.0,Conservador,Ecuador
184352,Orgânico,2024-11-11,Não Convertido,,0.0,Desconhecido,Korea
184353,TikTok,2024-11-11,Não Convertido,,0.0,Agressivo,Lebanon
184354,WhatsApp,2024-11-15,Não Convertido,,0.0,Agressivo,Saint Lucia
184355,Instagram,2024-11-12,Não Convertido,,0.0,Desconhecido,Venezuela
184356,TikTok,2024-11-13,Convertido,11.0,7327.37,Moderado,Panama
184357,Orgânico,2024-11-16,Não Convertido,,0.0,Moderado,France
184358,E-mail Marketing,2024-11-16,Não Convertido,,0.0,Moderado,Canada
184359,Facebook,2024-11-14,Não Convertido,,0.0,Agressivo,Hungary
184360,WhatsApp,2024-11-14,Não Convertido,,0.0,Conservador,Singapore
184361,TikTok,2024-11-15,Não Convertido,,0.0,Agressivo,El Salvador
184362,Instagram,2024-11-11,Não Convertido,,0.0,Moderado,Aruba
184363,E-mail Marketing,2024-11-15,Não Convertido,,0.0,Moderado,French Guiana
184364,E-mail Marketing,2024-11-13,Não Convertido,,0.0,Conservador,Moldova
184365,Instagram,2024-11-16,Não Convertido,,0.0,Desconhecido,Thailand
184366,WhatsApp,2024-11-15,Não Convertido,,0.0,Agressivo,Germany
184367,Instagram,2024-11-14,Não Convertido,,0.0,Agressivo,Yemen
184368,WhatsApp,2024-11-13,Não Convertido,,0.0,Conservador,Cuba
184369,Indicação,2024-11-12,Não Convertido,,0.0,Moderado,Mayotte
184370,Instagram,2024-11-15,Não Convertido,,0.0,Conservador,Lao People's Democratic Republic
184371,Facebook,2024-11-13,Não Convertido,,0.0,Moderado,Denmark
184372,Instagram,2024-11-13,Não Convertido,,0.0,Desconhecido,Belarus
184373,TikTok,2024-11-16,Não Convertido,,0.0,Moderado,Niue
184374,Instagram,2024-11-16,Não Convertido,,0.0,Conservador,Bahrain
184375,Orgânico,2024-11-12,Não Convertido,,0.0,Agressivo,Suriname
184376,Orgânico,2024-11-11,Não Convertido,,0.0,Desconhecido,Austria
184377,Google Ads,2024-11-15,Não Convertido,,0.0,Agressivo,Angola
184378,Orgânico,2024-11-13,Não Convertido,,0.0,Desconhecido,Korea
184379,Facebook,2024-11-14,Não Convertido,,0.0,Moderado,Chile
184380,WhatsApp,2024-11-15,Não Convertido,,0.0,Agressivo,Romania
184381,Facebook,2024-11-14,Não Convertido,,0.0,Conservador,France
184382,Orgânico,2024-11-16,Não Convertido,,0.0,Moderado,British Virgin Islands
184383,YouTube Ads,2024-11-13,Não Convertido,,0.0,Moderado,British Indian Ocean Territory (Chagos Archipelago)
184384,Instagram,2024-11-12,Não Convertido,,0.0,Conservador,Algeria
184385,TikTok,2024-11-13,Não Convertido,,0.0,Agressivo,Wallis and Futuna
184386,Orgânico,2024-11-16,Convertido,3.0,9337.3,Desconhecido,Qatar
184387,Facebook,2024-11-15,Não Convertido,,0.0,Desconhecido,Trinidad and Tobago
184388,Google Ads,2024-11-11,Não Convertido,,0.0,Agressivo,Saint Barthelemy
184389,Facebook,2024-11-13,Não Convertido,,0.0,Moderado,United States Virgin Islands
184390,YouTube Ads,2024-11-13,Não Convertido,,0.0,Conservador,Eritrea
184391,YouTube Ads,2024-11-14,Não Convertido,,0.0,Moderado,Antarctica (the territory South of 60 deg S)
184392,YouTube Ads,2024-11-14,Não Convertido,,0.0,Moderado,Djibouti
184393,Orgânico,2024-11-11,Não Convertido,,0.0,Moderado,Afghanistan
184394,Orgânico,2024-11-16,Não Convertido,,0.0,Moderado,Tuvalu
184395,Instagram,2024-11-13,Não Convertido,,0.0,Agressivo,Burundi
184396,Facebook,2024-11-14,Não Convertido,,0.0,Moderado,Philippines
184397,Instagram,2024-11-13,Não Convertido,,0.0,Moderado,Micronesia
184398,Indicação,2024-11-15,Não Convertido,,0.0,Moderado,Guam
184399,Instagram,2024-11-16,Não Convertido,,0.0,Moderado,Tanzania
184400,WhatsApp,2024-11-16,Não Convertido,,0.0,Agressivo,Georgia
184401,Facebook,2024-11-12,Não Convertido,,0.0,Conservador,Bangladesh
184402,Instagram,2024-11-12,Não Convertido,,0.0,Moderado,Holy See (Vatican City State)
184403,E-mail Marketing,2024-11-12,Não Convertido,,0.0,Moderado,United Arab Emirates
184404,E-mail Marketing,2024-11-14,Não Convertido,,0.0,Moderado,United States of America
184405,TikTok,2024-11-11,Convertido,17.0,2523.62,Conservador,Hong Kong
184406,Orgânico,2024-11-14,Não Convertido,,0.0,Conservador,North Macedonia
184407,Facebook,2024-11-15,Não Convertido,,0.0,Moderado,Montserrat
184408,Google Ads,2024-11-12,Não Convertido,,0.0,Conservador,Tuvalu
184409,WhatsApp,2024-11-12,Não Convertido,,0.0,Moderado,Myanmar
184410,E-mail Marketing,2024-11-13,Não Convertido,,0.0,Moderado,Poland
184411,Orgânico,2024-11-16,Não Convertido,,0.0,Conservador,Iceland
184412,Instagram,2024-11-12,Não Convertido,,0.0,Moderado,Mauritius
184413,WhatsApp,2024-11-12,Não Convertido,,0.0,Moderado,Hungary
184414,Indicação,2024-11-16,Não Convertido,,0.0,Conservador,Korea
184415,Facebook,2024-11-12,Não Convertido,,0.0,Moderado,Malaysia
184416,WhatsApp,2024-11-15,Não Convertido,,0.0,Agressivo,Uruguay
184417,Instagram,2024-11-16,Convertido,23.0,7958.23,Moderado,Papua New Guinea
184418,TikTok,2024-11-15,Não Convertido,,0.0,Conservador,Marshall Islands
184419,Instagram,2024-11-15,Não Convertido,,0.0,Agressivo,Cuba
184420,Google Ads,2024-11-15,Não Convertido,,0.0,Agressivo,Vanuatu
184421,Facebook,2024-11-13,Não Convertido,,0.0,Moderado,Honduras
184422,Google Ads,2024-11-14,Não Convertido,,0.0,Moderado,Iraq
184423,Instagram,2024-11-12,Convertido,20.0,4911.21,Moderado,Greenland
184424,Orgânico,2024-11-14,Não Convertido,,0.0,Moderado,United Arab Emirates
184425,YouTube Ads,2024-11-11,Não Convertido,,0.0,Agressivo,Holy See (Vatican City State)
184426,Orgânico,2024-11-11,Não Convertido,,0.0,Moderado,Belgium
184427,TikTok,2024-11-13,Não Convertido,,0.0,Moderado,American Samoa
184428,YouTube Ads,2024-11-13,Não Convertido,,0.0,Moderado,Nepal
184429,TikTok,2024-11-16,Não Convertido,,0.0,Conservador,Ireland
184430,Indicação,2024-11-11,Não Convertido,,0.0,Moderado,Sao Tome and Principe
184431,Orgânico,2024-11-13,Não Convertido,,0.0,Moderado,Bangladesh
184432,Orgânico,2024-11-11,Não Convertido,,0.0,Moderado,Niger
184433,Google Ads,2024-11-13,Não Convertido,,0.0,Moderado,Iceland
184434,YouTube Ads,2024-11-16,Não Convertido,,0.0,Moderado,Bosnia and Herzegovina
184435,TikTok,2024-11-15,Não Convertido,,0.0,Conservador,Antarctica (the territory South of 60 deg S)
184436,TikTok,2024-11-12,Não Convertido,,0.0,Conservador,Mexico
184437,Instagram,2024-11-13,Não Convertido,,0.0,Desconhecido,Tunisia
184438,E-mail Marketing,2024-11-15,Não Convertido,,0.0,Agressivo,Mongolia
184439,Indicação,2024-11-11,Não Convertido,,0.0,Moderado,Cuba
184440,WhatsApp,2024-11-11,Não Convertido,,0.0,Conservador,Kuwait
184441,Google Ads,2024-11-16,Não Convertido,,0.0,Agressivo,Tuvalu
184442,YouTube Ads,2024-11-16,Não Convertido,,0.0,Agressivo,Guinea
184443,Facebook,2024-11-11,Não Convertido,,0.0,Conservador,Puerto Rico
184444,Instagram,2024-11-11,Convertido,14.0,9558.21,Conservador,Marshall Islands
184445,Orgânico,2024-11-12,Não Convertido,,0.0,Moderado,Korea
184446,Indicação,2024-11-11,Não Convertido,,0.0,Agressivo,Cote d'Ivoire
184447,YouTube Ads,2024-11-14,Não Convertido,,0.0,Agressivo,Netherlands
184448,Orgânico,2024-11-15,Não Convertido,,0.0,Moderado,Saint Vincent and the Grenadines
184449,Google Ads,2024-11-12,Não Convertido,,0.0,Agressivo,Namibia
184450,YouTube Ads,2024-11-12,Não Convertido,,0.0,Conservador,United Arab Emirates
184451,Indicação,2024-11-11,Não Convertido,,0.0,Agressivo,Cocos (Keeling) Islands
184452,E-mail Marketing,2024-11-14,Não Convertido,,0.0,Moderado,North Macedonia
184453,Indicação,2024-11-14,Não Convertido,,0.0,Conservador,Bulgaria
184454,Google Ads,2024-11-14,Não Convertido,,0.0,Moderado,Malta
184455,WhatsApp,2024-11-13,Não Convertido,,0.0,Moderado,Monaco
184456,Instagram,2024-11-12,Não Convertido,,0.0,Desconhecido,Azerbaijan
184457,Google Ads,2024-11-13,Não Convertido,,0.0,Moderado,Mexico
184458,Facebook,2024-11-12,Não Convertido,,0.0,Moderado,Bulgaria
184459,Orgânico,2024-11-15,Não Convertido,,0.0,Moderado,Faroe Islands
184460,Instagram,2024-11-15,Não Convertido,,0.0,Agressivo,Moldova
184461,Instagram,2024-11-12,Não Convertido,,0.0,Moderado,Martinique
184462,Instagram,2024-11-11,Não Convertido,,0.0,Moderado,Kiribati
184463,TikTok,2024-11-11,Não Convertido,,0.0,Desconhecido,Guatemala
184464,YouTube Ads,2024-11-15,Não Convertido,,0.0,Desconhecido,Guam
184465,Orgânico,2024-11-16,Não Convertido,,0.0,Moderado,Moldova
184466,Orgânico,2024-11-11,Não Convertido,,0.0,Moderado,Greenland
184467,YouTube Ads,2024-11-15,Não Convertido,,0.0,Desconhecido,Korea
184468,Orgânico,2024-11-12,Não Convertido,,0.0,Moderado,Montserrat
184469,Facebook,2024-11-11,Não Convertido,,0.0,Agressivo,Bahrain
184470,TikTok,2024-11-13,Não Convertido,,0.0,Conservador,Jersey
184471,Facebook,2024-11-13,Não Convertido,,0.0,Conservador,Grenada
184472,Indicação,2024-11-12,Não Convertido,,0.0,Moderado,New Caledonia
184473,Orgânico,2024-11-12,Não Convertido,,0.0,Agressivo,Mongolia
184474,TikTok,2024-11-12,Não Convertido,,0.0,Agressivo,Heard Island and McDonald Islands
184475,Instagram,2024-11-15,Não Convertido,,0.0,Agressivo,Puerto Rico
184476,Instagram,2024-11-14,Não Convertido,,0.0,Conservador,United Arab Emirates
184477,Orgânico,2024-11-14,Convertido,29.0,2226.28,Moderado,Japan
184478,E-mail Marketing,2024-11-12,Não Convertido,,0.0,Moderado,Austria
184479,Orgânico,2024-11-12,Não Convertido,,0.0,Moderado,Cameroon
184480,Orgânico,2024-11-11,Não Convertido,,0.0,Agressivo,Portugal
184481,Facebook,2024-11-12,Não Convertido,,0.0,Moderado,Turkmenistan
184482,Facebook,2024-11-11,Não Convertido,,0.0,Desconhecido,Liberia
184483,WhatsApp,2024-11-12,Não Convertido,,0.0,Agressivo,Iceland
184484,TikTok,2024-11-16,Não Convertido,,0.0,Conservador,French Guiana
184485,Indicação,2024-11-13,Não Convertido,,0.0,Moderado,Gibraltar
184486,Instagram,2024-11-11,Não Convertido,,0.0,Conservador,Nauru
184487,Orgânico,2024-11-15,Não Convertido,,0.0,Agressivo,Belarus
184488,Google Ads,2024-11-16,Não Convertido,,0.0,Agressivo,French Polynesia
184489,Facebook,2024-11-15,Não Convertido,,0.0,Conservador,Liberia
184490,Indicação,2024-11-16,Não Convertido,,0.0,Agressivo,Bangladesh
184491,Orgânico,2024-11-15,Não Convertido,,0.0,Agressivo,Portugal
184492,Instagram,2024-11-14,Não Convertido,,0.0,Moderado,Guyana
184493,Orgânico,2024-11-13,Não Convertido,,0.0,Moderado,Benin
184494,Google Ads,2024-11-16,Não Convertido,,0.0,Conservador,Angola
184495,Indicação,2024-11-16,Não Convertido,,0.0,Agressivo,Bhutan
184496,Orgânico,2024-11-12,Não Convertido,,0.0,Moderado,Denmark
184497,Instagram,2024-11-12,Não Convertido,,0.0,Moderado,Kuwait
184498,TikTok,2024-11-12,Não Convertido,,0.0,Moderado,Peru
184499,TikTok,2024-11-13,Não Convertido,,0.0,Agressivo,Lesotho
184500,Instagram,2024-11-16,Não Convertido,,0.0,Moderado,Turkmenistan
184501,Indicação,2024-11-12,Não Convertido,,0.0,Moderado,Grenada
184502,Orgânico,2024-11-15,Não Convertido,,0.0,Moderado,Yemen
184503,Facebook,2024-11-11,Não Convertido,,0.0,Desconhecido,Saint Helena
184504,E-mail Marketing,2024-11-13,Não Convertido,,0.0,Moderado,Poland
184505,E-mail Marketing,2024-11-11,Não Convertido,,0.0,Agressivo,Gibraltar
184506,TikTok,2024-11-14,Não Convertido,,0.0,Moderado,Peru
184507,Facebook,2024-11-13,Não Convertido,,0.0,Conservador,Kyrgyz Republic
184508,YouTube Ads,2024-11-14,Não Convertido,,0.0,Moderado,Tuvalu
184509,TikTok,2024-11-15,Não Convertido,,0.0,Conservador,Ireland
184510,Indicação,2024-11-12,Não Convertido,,0.0,Desconhecido,Japan
184511,Orgânico,2024-11-15,Não Convertido,,0.0,Conservador,Algeria
184512,E-mail Marketing,2024-11-12,Não Convertido,,0.0,Agressivo,Benin
184513,Orgânico,2024-11-11,Não Convertido,,0.0,Conservador,Libyan Arab Jamahiriya
184514,Orgânico,2024-11-11,Não Convertido,,0.0,Conservador,Lao People's Democratic Republic
184515,TikTok,2024-11-14,Não Convertido,,0.0,Agressivo,Gibraltar
184516,Orgânico,2024-11-13,Não Convertido,,0.0,Conservador,Oman
184517,YouTube Ads,2024-11-12,Não Convertido,,0.0,Agressivo,Uganda
184518,TikTok,2024-11-16,Não Convertido,,0.0,Conservador,Antigua and Barbuda
184519,Instagram,2024-11-15,Não Convertido,,0.0,Agressivo,Sao Tome and Principe
184520,WhatsApp,2024-11-14,Convertido,6.0,2813.03,Moderado,Kyrgyz Republic
184521,Facebook,2024-11-13,Não Convertido,,0.0,Agressivo,French Guiana
184522,YouTube Ads,2024-11-12,Não Convertido,,0.0,Moderado,Afghanistan
184523,Instagram,2024-11-14,Não Convertido,,0.0,Conservador,Tuvalu
184524,Indicação,2024-11-13,Convertido,19.0,8537.83,Moderado,Italy
184525,Facebook,2024-11-16,Não Convertido,,0.0,Moderado,Hungary
184526,WhatsApp,2024-11-12,Não Convertido,,0.0,Moderado,Paraguay
184527,Google Ads,2024-11-14,Não Convertido,,0.0,Moderado,Togo
184528,TikTok,2024-11-12,Não Convertido,,0.0,Conservador,Andorra
184529,Instagram,2024-11-16,Não Convertido,,0.0,Agressivo,Botswana
184530,Orgânico,2024-11-12,Não Convertido,,0.0,Moderado,Bhutan
184531,TikTok,2024-11-15,Não Convertido,,0.0,Moderado,Turkey
184532,TikTok,2024-11-13,Não Convertido,,0.0,Agressivo,Estonia
184533,TikTok,2024-11-16,Não Convertido,,0.0,Moderado,Taiwan
184534,WhatsApp,2024-11-14,Não Convertido,,0.0,Conservador,Brazil
184535,WhatsApp,2024-11-11,Não Convertido,,0.0,Agressivo,Congo
184536,WhatsApp,2024-11-14,Não Convertido,,0.0,Conservador,British Indian Ocean Territory (Chagos Archipelago)
184537,YouTube Ads,2024-11-12,Não Convertido,,0.0,Moderado,Turkey
184538,Facebook,2024-11-13,Não Convertido,,0.0,Agressivo,Norway
184539,E-mail Marketing,2024-11-13,Não Convertido,,0.0,Moderado,Bhutan
184540,Orgânico,2024-11-15,Não Convertido,,0.0,Moderado,Norway
184541,Instagram,2024-11-13,Não Convertido,,0.0,Moderado,Saint Barthelemy
184542,WhatsApp,2024-11-14,Não Convertido,,0.0,Moderado,Belize
184543,Google Ads,2024-11-13,Não Convertido,,0.0,Moderado,Congo
184544,Instagram,2024-11-16,Não Convertido,,0.0,Moderado,Bulgaria
184545,Instagram,2024-11-11,Não Convertido,,0.0,Agressivo,Guernsey
184546,Orgânico,2024-11-16,Não Convertido,,0.0,Moderado,Hong Kong
184547,Instagram,2024-11-12,Não Convertido,,0.0,Moderado,Switzerland
184548,WhatsApp,2024-11-12,Não Convertido,,0.0,Moderado,Guyana
184549,Instagram,2024-11-16,Não Convertido,,0.0,Agressivo,Malawi
184550,E-mail Marketing,2024-11-15,Não Convertido,,0.0,Agressivo,Hong Kong
184551,Indicação,2024-11-12,Não Convertido,,0.0,Agressivo,Chile
184552,E-mail Marketing,2024-11-15,Não Convertido,,0.0,Agressivo,Swaziland
184553,E-mail Marketing,2024-11-15,Não Convertido,,0.0,Moderado,Netherlands
184554,YouTube Ads,2024-11-13,Não Convertido,,0.0,Desconhecido,Sierra Leone
184555,Orgânico,2024-11-14,Não Convertido,,0.0,Conservador,Sudan
184556,Orgânico,2024-11-12,Não Convertido,,0.0,Desconhecido,Burkina Faso
184557,E-mail Marketing,2024-11-15,Não Convertido,,0.0,Agressivo,Cook Islands
184558,Facebook,2024-11-12,Não Convertido,,0.0,Conservador,Bolivia
184559,E-mail Marketing,2024-11-16,Não Convertido,,0.0,Moderado,Uzbekistan
184560,Facebook,2024-11-13,Não Convertido,,0.0,Agressivo,Timor-Leste
184561,TikTok,2024-11-13,Não Convertido,,0.0,Conservador,Egypt
184562,Google Ads,2024-11-14,Não Convertido,,0.0,Conservador,Equatorial Guinea
184563,Google Ads,2024-11-14,Não Convertido,,0.0,Moderado,Israel
184564,Instagram,2024-11-13,Não Convertido,,0.0,Conservador,Suriname
184565,TikTok,2024-11-13,Não Convertido,,0.0,Moderado,Honduras
184566,Orgânico,2024-11-16,Não Convertido,,0.0,Conservador,Zambia
184567,E-mail Marketing,2024-11-14,Não Convertido,,0.0,Moderado,Tunisia
184568,E-mail Marketing,2024-11-12,Não Convertido,,0.0,Agressivo,Guatemala
184569,E-mail Marketing,2024-11-13,Não Convertido,,0.0,Moderado,Bahamas
184570,Google Ads,2024-11-15,Não Convertido,,0.0,Moderado,Ghana
184571,Facebook,2024-11-15,Não Convertido,,0.0,Moderado,Palau
184572,Orgânico,2024-11-12,Não Convertido,,0.0,Moderado,Morocco
184573,Instagram,2024-11-15,Convertido,13.0,3092.68,Moderado,Papua New Guinea
184574,YouTube Ads,2024-11-14,Não Convertido,,0.0,Agressivo,Russian Federation
184575,Orgânico,2024-11-12,Não Convertido,,0.0,Moderado,Dominican Republic
184576,Instagram,2024-11-11,Não Convertido,,0.0,Conservador,Tunisia
184577,Google Ads,2024-11-13,Não Convertido,,0.0,Conservador,Panama
184578,Orgânico,2024-11-16,Não Convertido,,0.0,Moderado,Sri Lanka
184579,TikTok,2024-11-16,Não Convertido,,0.0,Agressivo,Bahamas
184580,Orgânico,2024-11-11,Não Convertido,,0.0,Agressivo,Bosnia and Herzegovina
184581,Instagram,2024-11-16,Não Convertido,,0.0,Moderado,Pakistan
184582,TikTok,2024-11-11,Não Convertido,,0.0,Moderado,Antarctica (the territory South of 60 deg S)
184583,Orgânico,2024-11-11,Não Convertido,,0.0,Moderado,Northern Mariana Islands
184584,WhatsApp,2024-11-12,Não Convertido,,0.0,Agressivo,Liberia
184585,TikTok,2024-11-13,Não Convertido,,0.0,Desconhecido,San Marino
184586,E-mail Marketing,2024-11-15,Não Convertido,,0.0,Conservador,Sweden
184587,Instagram,2024-11-13,Não Convertido,,0.0,Moderado,Kazakhstan
184588,WhatsApp,2024-11-13,Não Convertido,,0.0,Agressivo,Switzerland
184589,WhatsApp,2024-11-12,Não Convertido,,0.0,Agressivo,Norfolk Island
184590,TikTok,2024-11-16,Não Convertido,,0.0,Agressivo,Colombia
184591,Orgânico,2024-11-16,Não Convertido,,0.0,Agressivo,France
184592,TikTok,2024-11-12,Não Convertido,,0.0,Moderado,Paraguay
184593,Orgânico,2024-11-15,Convertido,26.0,3726.97,Moderado,Western Sahara
184594,Instagram,2024-11-15,Não Convertido,,0.0,Agressivo,Montserrat
184595,Instagram,2024-11-16,Não Convertido,,0.0,Moderado,Turks and Caicos Islands
184596,Instagram,2024-11-16,Não Convertido,,0.0,Agressivo,United States Minor Outlying Islands
184597,WhatsApp,2024-11-15,Não Convertido,,0.0,Agressivo,Uruguay
184598,YouTube Ads,2024-11-13,Não Convertido,,0.0,Moderado,Liberia
184599,Indicação,2024-11-13,Não Convertido,,0.0,Agressivo,Sweden
184600,Orgânico,2024-11-13,Não Convertido,,0.0,Moderado,Uruguay
184601,Orgânico,2024-11-13,Não Convertido,,0.0,Agressivo,Australia
184602,Orgânico,2024-11-16,Não Convertido,,0.0,Moderado,Saint Vincent and the Grenadines
184603,E-mail Marketing,2024-11-14,Não Convertido,,0.0,Moderado,Zimbabwe
184604,E-mail Marketing,2024-11-13,Não Convertido,,0.0,Agressivo,Greece
184605,Orgânico,2024-11-14,Convertido,8.0,7269.87,Agressivo,Somalia
184606,Facebook,2024-11-15,Não Convertido,,0.0,Agressivo,Angola
184607,Google Ads,2024-11-14,Não Convertido,,0.0,Agressivo,Greenland
184608,TikTok,2024-11-13,Não Convertido,,0.0,Moderado,Mali
184609,Google Ads,2024-11-16,Não Convertido,,0.0,Moderado,Honduras
184610,E-mail Marketing,2024-11-12,Não Convertido,,0.0,Moderado,Burundi
184611,YouTube Ads,2024-11-14,Não Convertido,,0.0,Agressivo,Libyan Arab Jamahiriya
184612,Instagram,2024-11-12,Não Convertido,,0.0,Agressivo,Malawi
184613,E-mail Marketing,2024-11-13,Não Convertido,,0.0,Conservador,Ecuador
184614,Facebook,2024-11-13,Não Convertido,,0.0,Conservador,Northern Mariana Islands
184615,Instagram,2024-11-16,Não Convertido,,0.0,Agressivo,Barbados
184616,E-mail Marketing,2024-11-11,Não Convertido,,0.0,Conservador,Botswana
184617,E-mail Marketing,2024-11-13,Não Convertido,,0.0,Moderado,Kiribati
184618,Instagram,2024-11-14,Não Convertido,,0.0,Agressivo,China
184619,Facebook,2024-11-13,Não Convertido,,0.0,Agressivo,Iran
184620,TikTok,2024-11-11,Não Convertido,,0.0,Agressivo,Mali
184621,TikTok,2024-11-11,Não Convertido,,0.0,Moderado,El Salvador
184622,Facebook,2024-11-11,Não Convertido,,0.0,Conservador,Azerbaijan
184623,Google Ads,2024-11-15,Não Convertido,,0.0,Agressivo,Luxembourg
184624,WhatsApp,2024-11-12,Não Convertido,,0.0,Conservador,British Indian Ocean Territory (Chagos Archipelago)
184625,WhatsApp,2024-11-13,Não Convertido,,0.0,Conservador,Bahamas
184626,Orgânico,2024-11-11,Não Convertido,,0.0,Moderado,Korea
184627,Instagram,2024-11-14,Não Convertido,,0.0,Agressivo,Panama
184628,E-mail Marketing,2024-11-14,Não Convertido,,0.0,Desconhecido,Palau
184629,E-mail Marketing,2024-11-12,Não Convertido,,0.0,Agressivo,Madagascar
184630,TikTok,2024-11-15,Não Convertido,,0.0,Desconhecido,Vietnam
184631,YouTube Ads,2024-11-14,Convertido,7.0,239.24,Conservador,Mayotte
184632,YouTube Ads,2024-11-16,Não Convertido,,0.0,Moderado,South Georgia and the South Sandwich Islands
184633,YouTube Ads,2024-11-15,Não Convertido,,0.0,Conservador,Indonesia
184634,Orgânico,2024-11-14,Não Convertido,,0.0,Conservador,Germany
184635,E-mail Marketing,2024-11-13,Não Convertido,,0.0,Conservador,Philippines
184636,WhatsApp,2024-11-16,Não Convertido,,0.0,Conservador,Cote d'Ivoire
184637,Instagram,2024-11-12,Não Convertido,,0.0,Desconhecido,India
184638,Instagram,2024-11-16,Não Convertido,,0.0,Desconhecido,Kyrgyz Republic
184639,Google Ads,2024-11-16,Não Convertido,,0.0,Moderado,Afghanistan
184640,Instagram,2024-11-11,Não Convertido,,0.0,Conservador,China
184641,Orgânico,2024-11-15,Não Convertido,,0.0,Desconhecido,Albania
184642,Instagram,2024-11-15,Não Convertido,,0.0,Moderado,Montserrat
184643,E-mail Marketing,2024-11-16,Não Convertido,,0.0,Moderado,Martinique
184644,Orgânico,2024-11-11,Não Convertido,,0.0,Agressivo,Cambodia
184645,E-mail Marketing,2024-11-16,Convertido,17.0,3035.27,Moderado,Qatar
184646,E-mail Marketing,2024-11-15,Não Convertido,,0.0,Moderado,Togo
184647,YouTube Ads,2024-11-14,Não Convertido,,0.0,Moderado,Taiwan
184648,Indicação,2024-11-12,Não Convertido,,0.0,Moderado,New Caledonia
184649,Instagram,2024-11-16,Não Convertido,,0.0,Conservador,Niger
184650,Instagram,2024-11-13,Não Convertido,,0.0,Conservador,Sweden
184651,Instagram,2024-11-11,Não Convertido,,0.0,Agressivo,Libyan Arab Jamahiriya
184652,Orgânico,2024-11-12,Não Convertido,,0.0,Desconhecido,Marshall Islands
184653,Instagram,2024-11-15,Não Convertido,,0.0,Moderado,Turks and Caicos Islands
184654,WhatsApp,2024-11-14,Convertido,2.0,3216.66,Agressivo,Germany
184655,Instagram,2024-11-12,Não Convertido,,0.0,Moderado,Jersey
184656,TikTok,2024-11-16,Não Convertido,,0.0,Moderado,Marshall Islands
184657,Orgânico,2024-11-14,Não Convertido,,0.0,Desconhecido,Cyprus
184658,YouTube Ads,2024-11-13,Não Convertido,,0.0,Moderado,Brunei Darussalam
184659,Facebook,2024-11-12,Não Convertido,,0.0,Moderado,Falkland Islands (Malvinas)
184660,Indicação,2024-11-13,Não Convertido,,0.0,Moderado,France
184661,Facebook,2024-11-16,Convertido,24.0,2749.98,Moderado,Tokelau
184662,Facebook,2024-11-12,Não Convertido,,0.0,Moderado,Vanuatu
184663,WhatsApp,2024-11-13,Não Convertido,,0.0,Moderado,Tanzania
184664,Indicação,2024-11-13,Não Convertido,,0.0,Moderado,Cote d'Ivoire
184665,WhatsApp,2024-11-12,Não Convertido,,0.0,Agressivo,Saint Vincent and the Grenadines
184666,E-mail Marketing,2024-11-14,Não Convertido,,0.0,Conservador,Greenland
184667,Orgânico,2024-11-14,Não Convertido,,0.0,Conservador,Fiji
184668,Instagram,2024-11-11,Não Convertido,,0.0,Conservador,Qatar
184669,Orgânico,2024-11-16,Não Convertido,,0.0,Moderado,Niue
184670,Orgânico,2024-11-13,Não Convertido,,0.0,Agressivo,Sweden
184671,Google Ads,2024-11-15,Não Convertido,,0.0,Moderado,United Kingdom
184672,E-mail Marketing,2024-11-16,Não Convertido,,0.0,Moderado,Pitcairn Islands
184673,Facebook,2024-11-15,Não Convertido,,0.0,Agressivo,Switzerland
184674,Facebook,2024-11-14,Não Convertido,,0.0,Agressivo,Antigua and Barbuda
184675,TikTok,2024-11-13,Não Convertido,,0.0,Agressivo,Heard Island and McDonald Islands
184676,E-mail Marketing,2024-11-11,Convertido,18.0,4516.59,Conservador,Northern Mariana Islands
184677,E-mail Marketing,2024-11-14,Não Convertido,,0.0,Agressivo,Iran
184678,Instagram,2024-11-15,Não Convertido,,0.0,Moderado,Finland
184679,Instagram,2024-11-16,Não Convertido,,0.0,Moderado,Madagascar
184680,Instagram,2024-11-15,Não Convertido,,0.0,Moderado,Taiwan
184681,YouTube Ads,2024-11-11,Não Convertido,,0.0,Moderado,Lao People's Democratic Republic
184682,E-mail Marketing,2024-11-11,Não Convertido,,0.0,Agressivo,Kyrgyz Republic
184683,Google Ads,2024-11-14,Não Convertido,,0.0,Moderado,New Caledonia
184684,Indicação,2024-11-12,Não Convertido,,0.0,Agressivo,Belarus
184685,Orgânico,2024-11-15,Não Convertido,,0.0,Agressivo,Tanzania
184686,Google Ads,2024-11-15,Não Convertido,,0.0,Desconhecido,British Virgin Islands
184687,Orgânico,2024-11-12,Não Convertido,,0.0,Conservador,British Virgin Islands
184688,Google Ads,2024-11-16,Não Convertido,,0.0,Moderado,Bangladesh
184689,Instagram,2024-11-16,Não Convertido,,0.0,Agressivo,Solomon Islands
184690,E-mail Marketing,2024-11-14,Não Convertido,,0.0,Conservador,Martinique
184691,Instagram,2024-11-12,Não Convertido,,0.0,Conservador,Oman
184692,YouTube Ads,2024-11-13,Não Convertido,,0.0,Moderado,Benin
184693,Indicação,2024-11-16,Não Convertido,,0.0,Agressivo,Mexico
184694,E-mail Marketing,2024-11-15,Não Convertido,,0.0,Moderado,Algeria
184695,Facebook,2024-11-13,Não Convertido,,0.0,Desconhecido,Saudi Arabia
184696,Google Ads,2024-11-14,Não Convertido,,0.0,Agressivo,Djibouti
184697,Indicação,2024-11-12,Não Convertido,,0.0,Moderado,Russian Federation
184698,Orgânico,2024-11-14,Não Convertido,,0.0,Agressivo,Saint Vincent and the Grenadines
184699,WhatsApp,2024-11-15,Não Convertido,,0.0,Moderado,Mozambique
184700,Orgânico,2024-11-12,Não Convertido,,0.0,Moderado,South Georgia and the South Sandwich Islands
184701,Orgânico,2024-11-13,Não Convertido,,0.0,Agressivo,Egypt
184702,Orgânico,2024-11-13,Não Convertido,,0.0,Agressivo,El Salvador
184703,WhatsApp,2024-11-14,Convertido,10.0,5360.22,Conservador,Guyana
184704,E-mail Marketing,2024-11-11,Não Convertido,,0.0,Agressivo,Lao People's Democratic Republic
184705,Facebook,2024-11-16,Não Convertido,,0.0,Conservador,Philippines
184706,Orgânico,2024-11-12,Não Convertido,,0.0,Moderado,Korea
184707,YouTube Ads,2024-11-14,Não Convertido,,0.0,Agressivo,British Virgin Islands
184708,Google Ads,2024-11-16,Não Convertido,,0.0,Agressivo,Nepal
184709,Orgânico,2024-11-16,Não Convertido,,0.0,Desconhecido,Namibia
184710,WhatsApp,2024-11-14,Não Convertido,,0.0,Desconhecido,Albania
184711,Orgânico,2024-11-15,Não Convertido,,0.0,Conservador,Jamaica
184712,TikTok,2024-11-12,Não Convertido,,0.0,Moderado,Central African Republic
184713,Facebook,2024-11-14,Não Convertido,,0.0,Moderado,Papua New Guinea
184714,Google Ads,2024-11-13,Não Convertido,,0.0,Desconhecido,Angola
184715,Instagram,2024-11-13,Não Convertido,,0.0,Agressivo,Andorra
184716,TikTok,2024-11-15,Não Convertido,,0.0,Agressivo,Afghanistan
184717,Facebook,2024-11-16,Não Convertido,,0.0,Desconhecido,British Indian Ocean Territory (Chagos Archipelago)
184718,WhatsApp,2024-11-11,Não Convertido,,0.0,Moderado,Dominica
184719,Orgânico,2024-11-11,Não Convertido,,0.0,Moderado,Saint Pierre and Miquelon
184720,Google Ads,2024-11-16,Não Convertido,,0.0,Agressivo,New Zealand
184721,E-mail Marketing,2024-11-15,Não Convertido,,0.0,Desconhecido,Thailand
184722,Google Ads,2024-11-11,Não Convertido,,0.0,Moderado,El Salvador
184723,Instagram,2024-11-14,Não Convertido,,0.0,Agressivo,Belize
184724,YouTube Ads,2024-11-14,Não Convertido,,0.0,Moderado,Australia
184725,Instagram,2024-11-16,Não Convertido,,0.0,Moderado,Bahrain
184726,Instagram,2024-11-16,Não Convertido,,0.0,Moderado,Peru
184727,TikTok,2024-11-13,Não Convertido,,0.0,Agressivo,Singapore
184728,TikTok,2024-11-11,Não Convertido,,0.0,Moderado,Maldives
184729,Google Ads,2024-11-11,Não Convertido,,0.0,Moderado,Brunei Darussalam
184730,YouTube Ads,2024-11-14,Não Convertido,,0.0,Desconhecido,Guatemala
184731,Indicação,2024-11-11,Convertido,26.0,6530.29,Agressivo,Rwanda
184732,Google Ads,2024-11-16,Não Convertido,,0.0,Moderado,Fiji
184733,Indicação,2024-11-15,Não Convertido,,0.0,Moderado,Samoa
184734,WhatsApp,2024-11-13,Não Convertido,,0.0,Moderado,Mexico
184735,Instagram,2024-11-13,Não Convertido,,0.0,Conservador,Bermuda
184736,Google Ads,2024-11-11,Não Convertido,,0.0,Desconhecido,Turkmenistan
184737,Instagram,2024-11-13,Não Convertido,,0.0,Desconhecido,Bermuda
184738,Google Ads,2024-11-11,Não Convertido,,0.0,Desconhecido,Haiti
184739,Orgânico,2024-11-14,Não Convertido,,0.0,Desconhecido,Samoa
184740,Facebook,2024-11-16,Não Convertido,,0.0,Moderado,Canada
184741,Orgânico,2024-11-16,Não Convertido,,0.0,Moderado,New Zealand
184742,TikTok,2024-11-12,Não Convertido,,0.0,Agressivo,Malawi
184743,TikTok,2024-11-13,Não Convertido,,0.0,Moderado,Guadeloupe
184744,YouTube Ads,2024-11-12,Não Convertido,,0.0,Conservador,Cambodia
184745,E-mail Marketing,2024-11-13,Não Convertido,,0.0,Moderado,Bangladesh
184746,Instagram,2024-11-12,Não Convertido,,0.0,Conservador,French Polynesia
184747,Orgânico,2024-11-12,Não Convertido,,0.0,Desconhecido,Tanzania
184748,Orgânico,2024-11-15,Não Convertido,,0.0,Moderado,Jamaica
184749,Facebook,2024-11-13,Não Convertido,,0.0,Moderado,Cameroon
184750,Orgânico,2024-11-16,Não Convertido,,0.0,Moderado,Turkey
184751,E-mail Marketing,2024-11-12,Não Convertido,,0.0,Agressivo,Heard Island and McDonald Islands
184752,Orgânico,2024-11-14,Não Convertido,,0.0,Desconhecido,Cook Islands
184753,TikTok,2024-11-11,Não Convertido,,0.0,Moderado,Mexico
184754,Instagram,2024-11-11,Não Convertido,,0.0,Desconhecido,South Africa
184755,YouTube Ads,2024-11-16,Não Convertido,,0.0,Conservador,New Caledonia
184756,TikTok,2024-11-16,Não Convertido,,0.0,Agressivo,Mali
184757,WhatsApp,2024-11-14,Não Convertido,,0.0,Moderado,Marshall Islands
184758,Facebook,2024-11-13,Não Convertido,,0.0,Moderado,Norfolk Island
184759,Orgânico,2024-11-15,Não Convertido,,0.0,Moderado,United States Minor Outlying Islands
184760,TikTok,2024-11-12,Não Convertido,,0.0,Conservador,Greece
184761,Instagram,2024-11-13,Não Convertido,,0.0,Agressivo,Marshall Islands
184762,TikTok,2024-11-16,Não Convertido,,0.0,Agressivo,Mexico
184763,Google Ads,2024-11-12,Não Convertido,,0.0,Conservador,Kuwait
184764,Facebook,2024-11-12,Não Convertido,,0.0,Conservador,Switzerland
184765,E-mail Marketing,2024-11-13,Não Convertido,,0.0,Conservador,Falkland Islands (Malvinas)
184766,Google Ads,2024-11-11,Não Convertido,,0.0,Moderado,Nigeria
184767,E-mail Marketing,2024-11-15,Não Convertido,,0.0,Conservador,Chile
184768,YouTube Ads,2024-11-15,Não Convertido,,0.0,Moderado,Singapore
184769,Instagram,2024-11-14,Não Convertido,,0.0,Agressivo,Lithuania
184770,TikTok,2024-11-11,Não Convertido,,0.0,Agressivo,Cocos (Keeling) Islands
184771,E-mail Marketing,2024-11-12,Não Convertido,,0.0,Moderado,Guernsey
184772,YouTube Ads,2024-11-16,Não Convertido,,0.0,Conservador,Fiji
184773,Instagram,2024-11-14,Não Convertido,,0.0,Moderado,Northern Mariana Islands
184774,WhatsApp,2024-11-15,Não Convertido,,0.0,Conservador,India
184775,Google Ads,2024-11-15,Não Convertido,,0.0,Agressivo,Norfolk Island
184776,Orgânico,2024-11-13,Não Convertido,,0.0,Desconhecido,United States Virgin Islands
184777,Instagram,2024-11-11,Não Convertido,,0.0,Agressivo,Antarctica (the territory South of 60 deg S)
184778,TikTok,2024-11-15,Não Convertido,,0.0,Moderado,Macao
184779,YouTube Ads,2024-11-13,Não Convertido,,0.0,Desconhecido,Slovenia
184780,Orgânico,2024-11-14,Convertido,10.0,5445.12,Moderado,Suriname
184781,E-mail Marketing,2024-11-12,Não Convertido,,0.0,Moderado,Micronesia
184782,Instagram,2024-11-12,Não Convertido,,0.0,Conservador,United States Minor Outlying Islands
184783,E-mail Marketing,2024-11-16,Não Convertido,,0.0,Agressivo,North Macedonia
184784,Indicação,2024-11-13,Não Convertido,,0.0,Conservador,Guinea-Bissau
184785,Google Ads,2024-11-12,Não Convertido,,0.0,Agressivo,Guinea
184786,Indicação,2024-11-16,Não Convertido,,0.0,Moderado,Lao People's Democratic Republic
184787,TikTok,2024-11-11,Não Convertido,,0.0,Conservador,Latvia
184788,E-mail Marketing,2024-11-16,Não Convertido,,0.0,Moderado,Guam
184789,Facebook,2024-11-14,Não Convertido,,0.0,Moderado,Libyan Arab Jamahiriya
184790,Orgânico,2024-11-13,Não Convertido,,0.0,Agressivo,Cook Islands
184791,Indicação,2024-11-13,Não Convertido,,0.0,Moderado,Tunisia
184792,Orgânico,2024-11-16,Convertido,23.0,5579.96,Conservador,Croatia
184793,TikTok,2024-11-16,Não Convertido,,0.0,Moderado,Marshall Islands
184794,TikTok,2024-11-11,Convertido,18.0,6917.95,Moderado,Isle of Man
184795,Instagram,2024-11-15,Não Convertido,,0.0,Agressivo,Indonesia
184796,YouTube Ads,2024-11-15,Não Convertido,,0.0,Moderado,Monaco
184797,Instagram,2024-11-11,Não Convertido,,0.0,Moderado,New Caledonia
184798,Indicação,2024-11-13,Não Convertido,,0.0,Conservador,Netherlands Antilles
184799,WhatsApp,2024-11-13,Não Convertido,,0.0,Moderado,Moldova
184800,E-mail Marketing,2024-11-11,Não Convertido,,0.0,Moderado,Tuvalu
184801,TikTok,2024-11-12,Não Convertido,,0.0,Moderado,Guyana
184802,Facebook,2024-11-16,Não Convertido,,0.0,Agressivo,Singapore
184803,TikTok,2024-11-13,Não Convertido,,0.0,Agressivo,Colombia
184804,Orgânico,2024-11-15,Não Convertido,,0.0,Conservador,Honduras
184805,Indicação,2024-11-14,Não Convertido,,0.0,Moderado,Djibouti
184806,Instagram,2024-11-11,Não Convertido,,0.0,Moderado,Honduras
184807,E-mail Marketing,2024-11-15,Não Convertido,,0.0,Conservador,Guyana
184808,Instagram,2024-11-14,Não Convertido,,0.0,Moderado,Iceland
184809,E-mail Marketing,2024-11-15,Não Convertido,,0.0,Agressivo,Libyan Arab Jamahiriya
184810,E-mail Marketing,2024-11-16,Não Convertido,,0.0,Agressivo,Luxembourg
184811,Google Ads,2024-11-15,Não Convertido,,0.0,Agressivo,Morocco
184812,Indicação,2024-11-12,Não Convertido,,0.0,Agressivo,British Virgin Islands
184813,Instagram,2024-11-11,Não Convertido,,0.0,Conservador,Lao People's Democratic Republic
184814,Instagram,2024-11-13,Não Convertido,,0.0,Moderado,Kiribati
184815,WhatsApp,2024-11-12,Não Convertido,,0.0,Agressivo,Slovenia
184816,Facebook,2024-11-11,Não Convertido,,0.0,Agressivo,Finland
184817,YouTube Ads,2024-11-11,Não Convertido,,0.0,Agressivo,Malta
184818,TikTok,2024-11-15,Não Convertido,,0.0,Moderado,Korea
184819,WhatsApp,2024-11-14,Não Convertido,,0.0,Conservador,Zimbabwe
184820,Facebook,2024-11-11,Não Convertido,,0.0,Desconhecido,Argentina
184821,Orgânico,2024-11-11,Não Convertido,,0.0,Moderado,Lebanon
184822,WhatsApp,2024-11-16,Não Convertido,,0.0,Agressivo,India
184823,Orgânico,2024-11-13,Não Convertido,,0.0,Conservador,Andorra
184824,Orgânico,2024-11-11,Não Convertido,,0.0,Moderado,Malawi
184825,TikTok,2024-11-16,Não Convertido,,0.0,Moderado,Haiti
184826,Google Ads,2024-11-14,Não Convertido,,0.0,Desconhecido,Hong Kong
184827,Instagram,2024-11-16,Não Convertido,,0.0,Moderado,Norway
184828,Instagram,2024-11-13,Não Convertido,,0.0,Agressivo,Equatorial Guinea
184829,E-mail Marketing,2024-11-16,Não Convertido,,0.0,Desconhecido,Reunion
184830,Orgânico,2024-11-13,Não Convertido,,0.0,Moderado,Cyprus
184831,E-mail Marketing,2024-11-11,Não Convertido,,0.0,Moderado,Qatar
184832,WhatsApp,2024-11-14,Não Convertido,,0.0,Moderado,Syrian Arab Republic
184833,Orgânico,2024-11-12,Não Convertido,,0.0,Agressivo,Kiribati
184834,Google Ads,2024-11-13,Não Convertido,,0.0,Conservador,Sweden
184835,Instagram,2024-11-12,Não Convertido,,0.0,Agressivo,Mali
184836,Instagram,2024-11-13,Não Convertido,,0.0,Moderado,United Kingdom
184837,YouTube Ads,2024-11-11,Não Convertido,,0.0,Moderado,United Kingdom
184838,TikTok,2024-11-14,Não Convertido,,0.0,Agressivo,Tajikistan
184839,YouTube Ads,2024-11-14,Não Convertido,,0.0,Agressivo,Venezuela
184840,Instagram,2024-11-13,Não Convertido,,0.0,Moderado,Mauritania
184841,WhatsApp,2024-11-15,Não Convertido,,0.0,Agressivo,Venezuela
184842,TikTok,2024-11-14,Convertido,20.0,2236.31,Moderado,Myanmar
184843,Google Ads,2024-11-13,Não Convertido,,0.0,Moderado,Barbados
184844,Google Ads,2024-11-12,Não Convertido,,0.0,Conservador,Gambia
184845,Indicação,2024-11-14,Não Convertido,,0.0,Agressivo,Uruguay
184846,E-mail Marketing,2024-11-12,Não Convertido,,0.0,Agressivo,Philippines
184847,YouTube Ads,2024-11-14,Não Convertido,,0.0,Desconhecido,Albania
184848,Facebook,2024-11-14,Não Convertido,,0.0,Conservador,Burkina Faso
184849,YouTube Ads,2024-11-12,Não Convertido,,0.0,Desconhecido,Peru
184850,E-mail Marketing,2024-11-15,Não Convertido,,0.0,Moderado,Austria
184851,E-mail Marketing,2024-11-12,Não Convertido,,0.0,Moderado,Namibia
184852,Orgânico,2024-11-13,Não Convertido,,0.0,Conservador,Turkey
184853,TikTok,2024-11-16,Não Convertido,,0.0,Conservador,Syrian Arab Republic
184854,WhatsApp,2024-11-13,Não Convertido,,0.0,Agressivo,Tunisia
184855,Google Ads,2024-11-14,Não Convertido,,0.0,Conservador,South Georgia and the South Sandwich Islands
184856,Instagram,2024-11-12,Não Convertido,,0.0,Agressivo,Mayotte
184857,E-mail Marketing,2024-11-15,Não Convertido,,0.0,Agressivo,Pitcairn Islands
184858,Facebook,2024-11-13,Não Convertido,,0.0,Moderado,Gabon
184859,Facebook,2024-11-13,Não Convertido,,0.0,Moderado,Iraq
184860,Google Ads,2024-11-12,Não Convertido,,0.0,Agressivo,Gabon
184861,Google Ads,2024-11-14,Não Convertido,,0.0,Conservador,Nepal
184862,Instagram,2024-11-11,Não Convertido,,0.0,Conservador,Botswana
184863,Facebook,2024-11-12,Não Convertido,,0.0,Moderado,Western Sahara
184864,Google Ads,2024-11-15,Não Convertido,,0.0,Moderado,Timor-Leste
184865,E-mail Marketing,2024-11-12,Não Convertido,,0.0,Agressivo,Bolivia
184866,Instagram,2024-11-15,Não Convertido,,0.0,Conservador,Saint Lucia
184867,Instagram,2024-11-13,Não Convertido,,0.0,Moderado,Vietnam
184868,TikTok,2024-11-15,Não Convertido,,0.0,Moderado,United States Minor Outlying Islands
184869,WhatsApp,2024-11-11,Não Convertido,,0.0,Agressivo,South Africa
184870,TikTok,2024-11-14,Não Convertido,,0.0,Moderado,Samoa
184871,E-mail Marketing,2024-11-12,Não Convertido,,0.0,Agressivo,Luxembourg
184872,TikTok,2024-11-12,Não Convertido,,0.0,Agressivo,Saudi Arabia
184873,Facebook,2024-11-13,Não Convertido,,0.0,Desconhecido,Colombia
184874,TikTok,2024-11-12,Não Convertido,,0.0,Conservador,Spain
184875,Instagram,2024-11-15,Não Convertido,,0.0,Moderado,Kiribati
184876,YouTube Ads,2024-11-13,Não Convertido,,0.0,Agressivo,Tuvalu
184877,Instagram,2024-11-16,Não Convertido,,0.0,Agressivo,Namibia
184878,Instagram,2024-11-15,Não Convertido,,0.0,Conservador,Norway
184879,Orgânico,2024-11-15,Não Convertido,,0.0,Agressivo,Macao
184880,Instagram,2024-11-14,Não Convertido,,0.0,Conservador,Palau
184881,E-mail Marketing,2024-11-12,Não Convertido,,0.0,Desconhecido,Honduras
184882,YouTube Ads,2024-11-14,Não Convertido,,0.0,Conservador,Mauritania
184883,Google Ads,2024-11-14,Não Convertido,,0.0,Moderado,Georgia
184884,Orgânico,2024-11-13,Não Convertido,,0.0,Desconhecido,Bosnia and Herzegovina
184885,Instagram,2024-11-15,Não Convertido,,0.0,Moderado,Maldives
184886,Orgânico,2024-11-12,Não Convertido,,0.0,Agressivo,Pitcairn Islands
184887,E-mail Marketing,2024-11-15,Não Convertido,,0.0,Moderado,Cocos (Keeling) Islands
184888,Instagram,2024-11-15,Não Convertido,,0.0,Conservador,Palestinian Territory
184889,Orgânico,2024-11-11,Não Convertido,,0.0,Agressivo,Chad
184890,Instagram,2024-11-13,Não Convertido,,0.0,Conservador,Greece
184891,YouTube Ads,2024-11-12,Não Convertido,,0.0,Conservador,Barbados
184892,WhatsApp,2024-11-16,Não Convertido,,0.0,Moderado,Mali
184893,TikTok,2024-11-12,Não Convertido,,0.0,Desconhecido,Slovenia
184894,Orgânico,2024-11-14,Não Convertido,,0.0,Moderado,Myanmar
184895,Orgânico,2024-11-12,Não Convertido,,0.0,Desconhecido,Jersey
184896,Indicação,2024-11-12,Não Convertido,,0.0,Agressivo,Sierra Leone
184897,Instagram,2024-11-11,Não Convertido,,0.0,Moderado,Israel
184898,Facebook,2024-11-12,Não Convertido,,0.0,Desconhecido,Bosnia and Herzegovina
184899,WhatsApp,2024-11-12,Não Convertido,,0.0,Agressivo,Cocos (Keeling) Islands
184900,Instagram,2024-11-16,Não Convertido,,0.0,Moderado,Saint Kitts and Nevis
184901,TikTok,2024-11-11,Não Convertido,,0.0,Moderado,Niger
184902,Instagram,2024-11-14,Não Convertido,,0.0,Agressivo,Kenya
184903,E-mail Marketing,2024-11-12,Convertido,13.0,2981.28,Conservador,Russian Federation
184904,Instagram,2024-11-13,Não Convertido,,0.0,Agressivo,Gibraltar
184905,TikTok,2024-11-12,Não Convertido,,0.0,Moderado,French Southern Territories
184906,WhatsApp,2024-11-13,Não Convertido,,0.0,Conservador,Hong Kong
184907,Orgânico,2024-11-14,Não Convertido,,0.0,Agressivo,Mali
184908,Google Ads,2024-11-15,Não Convertido,,0.0,Conservador,Australia
184909,TikTok,2024-11-11,Não Convertido,,0.0,Moderado,Colombia
184910,Orgânico,2024-11-11,Não Convertido,,0.0,Agressivo,Bulgaria
184911,Instagram,2024-11-16,Não Convertido,,0.0,Moderado,Serbia
184912,Orgânico,2024-11-13,Não Convertido,,0.0,Moderado,Luxembourg
184913,Google Ads,2024-11-16,Não Convertido,,0.0,Conservador,Trinidad and Tobago
184914,Orgânico,2024-11-16,Não Convertido,,0.0,Moderado,Libyan Arab Jamahiriya
184915,Orgânico,2024-11-11,Não Convertido,,0.0,Moderado,Hong Kong
184916,WhatsApp,2024-11-13,Não Convertido,,0.0,Moderado,Dominican Republic
184917,Google Ads,2024-11-12,Não Convertido,,0.0,Moderado,France
184918,Instagram,2024-11-12,Não Convertido,,0.0,Desconhecido,Cuba
184919,Instagram,2024-11-13,Convertido,14.0,1640.66,Moderado,Antigua and Barbuda
184920,YouTube Ads,2024-11-13,Não Convertido,,0.0,Moderado,Venezuela
184921,TikTok,2024-11-13,Não Convertido,,0.0,Agressivo,Netherlands
184922,E-mail Marketing,2024-11-12,Não Convertido,,0.0,Desconhecido,Guam
184923,Instagram,2024-11-13,Não Convertido,,0.0,Desconhecido,Sweden
184924,WhatsApp,2024-11-16,Não Convertido,,0.0,Moderado,Wallis and Futuna
184925,E-mail Marketing,2024-11-12,Não Convertido,,0.0,Moderado,United Kingdom
184926,TikTok,2024-11-14,Não Convertido,,0.0,Moderado,Mexico
184927,E-mail Marketing,2024-11-11,Não Convertido,,0.0,Moderado,Saint Helena
184928,E-mail Marketing,2024-11-13,Não Convertido,,0.0,Moderado,Kazakhstan
184929,Instagram,2024-11-11,Não Convertido,,0.0,Moderado,United Kingdom
184930,TikTok,2024-11-12,Não Convertido,,0.0,Agressivo,Niger
184931,Instagram,2024-11-11,Não Convertido,,0.0,Moderado,Latvia
184932,Instagram,2024-11-15,Não Convertido,,0.0,Conservador,Vietnam
184933,TikTok,2024-11-15,Não Convertido,,0.0,Conservador,Barbados
184934,WhatsApp,2024-11-15,Convertido,7.0,514.17,Agressivo,Isle of Man
184935,Orgânico,2024-11-12,Não Convertido,,0.0,Conservador,Sao Tome and Principe
184936,Orgânico,2024-11-15,Não Convertido,,0.0,Moderado,Afghanistan
184937,E-mail Marketing,2024-11-12,Não Convertido,,0.0,Agressivo,Antarctica (the territory South of 60 deg S)
184938,TikTok,2024-11-12,Não Convertido,,0.0,Conservador,Oman
184939,Indicação,2024-11-11,Não Convertido,,0.0,Agressivo,Lesotho
184940,TikTok,2024-11-11,Não Convertido,,0.0,Desconhecido,India
184941,Instagram,2024-11-16,Não Convertido,,0.0,Agressivo,Iran
184942,YouTube Ads,2024-11-14,Não Convertido,,0.0,Moderado,India
184943,Instagram,2024-11-13,Não Convertido,,0.0,Moderado,Cuba
184944,Orgânico,2024-11-15,Não Convertido,,0.0,Agressivo,Macao
184945,Orgânico,2024-11-15,Não Convertido,,0.0,Moderado,Pakistan
184946,Orgânico,2024-11-11,Não Convertido,,0.0,Moderado,Bolivia
184947,TikTok,2024-11-13,Não Convertido,,0.0,Conservador,Palestinian Territory
184948,Orgânico,2024-11-12,Não Convertido,,0.0,Moderado,Malawi
184949,Orgânico,2024-11-15,Não Convertido,,0.0,Conservador,Micronesia
184950,Orgânico,2024-11-12,Não Convertido,,0.0,Moderado,Mali
184951,E-mail Marketing,2024-11-13,Não Convertido,,0.0,Moderado,Italy
184952,TikTok,2024-11-14,Não Convertido,,0.0,Moderado,Croatia
184953,Orgânico,2024-11-11,Não Convertido,,0.0,Desconhecido,Anguilla
184954,Google Ads,2024-11-11,Não Convertido,,0.0,Conservador,Colombia
184955,Facebook,2024-11-12,Não Convertido,,0.0,Moderado,Spain
184956,TikTok,2024-11-15,Convertido,22.0,1771.59,Conservador,Brunei Darussalam
184957,Orgânico,2024-11-14,Não Convertido,,0.0,Conservador,Central African Republic
184958,TikTok,2024-11-14,Não Convertido,,0.0,Moderado,Namibia
184959,WhatsApp,2024-11-15,Convertido,22.0,4096.67,Moderado,Vietnam
184960,YouTube Ads,2024-11-14,Não Convertido,,0.0,Moderado,Faroe Islands
184961,Orgânico,2024-11-12,Não Convertido,,0.0,Conservador,Solomon Islands
184962,WhatsApp,2024-11-14,Não Convertido,,0.0,Agressivo,Philippines
184963,Indicação,2024-11-13,Não Convertido,,0.0,Conservador,Andorra
184964,Facebook,2024-11-14,Não Convertido,,0.0,Moderado,New Caledonia
184965,TikTok,2024-11-15,Não Convertido,,0.0,Agressivo,Palestinian Territory
184966,E-mail Marketing,2024-11-13,Não Convertido,,0.0,Agressivo,Montserrat
184967,Google Ads,2024-11-12,Não Convertido,,0.0,Moderado,Equatorial Guinea
184968,Orgânico,2024-11-11,Não Convertido,,0.0,Desconhecido,Australia
184969,Indicação,2024-11-16,Não Convertido,,0.0,Agressivo,Cook Islands
184970,WhatsApp,2024-11-14,Não Convertido,,0.0,Desconhecido,Saint Lucia
184971,Indicação,2024-11-16,Não Convertido,,0.0,Conservador,Netherlands Antilles
184972,TikTok,2024-11-11,Não Convertido,,0.0,Agressivo,Dominica
184973,TikTok,2024-11-14,Convertido,1.0,7739.37,Moderado,Falkland Islands (Malvinas)
184974,Indicação,2024-11-15,Não Convertido,,0.0,Moderado,Ghana
184975,WhatsApp,2024-11-16,Não Convertido,,0.0,Conservador,Canada
184976,Google Ads,2024-11-14,Não Convertido,,0.0,Moderado,Iceland
184977,Instagram,2024-11-11,Não Convertido,,0.0,Moderado,Israel
184978,Facebook,2024-11-13,Não Convertido,,0.0,Agressivo,Armenia
184979,Facebook,2024-11-13,Não Convertido,,0.0,Moderado,El Salvador
184980,Instagram,2024-11-16,Não Convertido,,0.0,Agressivo,United States of America
184981,Orgânico,2024-11-14,Não Convertido,,0.0,Agressivo,Lesotho
184982,Orgânico,2024-11-16,Não Convertido,,0.0,Moderado,Antarctica (the territory South of 60 deg S)
184983,Indicação,2024-11-15,Não Convertido,,0.0,Conservador,Cote d'Ivoire
184984,Indicação,2024-11-12,Não Convertido,,0.0,Moderado,Isle of Man
184985,Orgânico,2024-11-14,Não Convertido,,0.0,Agressivo,Jamaica
184986,Instagram,2024-11-11,Não Convertido,,0.0,Moderado,Paraguay
184987,Instagram,2024-11-16,Não Convertido,,0.0,Desconhecido,Reunion
184988,Orgânico,2024-11-15,Convertido,25.0,9729.36,Conservador,Cocos (Keeling) Islands
184989,WhatsApp,2024-11-11,Não Convertido,,0.0,Conservador,Iraq
184990,Instagram,2024-11-12,Não Convertido,,0.0,Moderado,Puerto Rico
184991,YouTube Ads,2024-11-15,Não Convertido,,0.0,Conservador,Mauritius
184992,TikTok,2024-11-13,Não Convertido,,0.0,Moderado,Jersey
184993,Instagram,2024-11-14,Não Convertido,,0.0,Moderado,Paraguay
184994,YouTube Ads,2024-11-11,Não Convertido,,0.0,Moderado,Sweden
184995,Instagram,2024-11-12,Convertido,22.0,9894.07,Moderado,Jamaica
184996,Orgânico,2024-11-15,Não Convertido,,0.0,Agressivo,Togo
184997,Instagram,2024-11-16,Não Convertido,,0.0,Moderado,Mozambique
184998,Instagram,2024-11-14,Não Convertido,,0.0,Moderado,Myanmar
184999,E-mail Marketing,2024-11-15,Não Convertido,,0.0,Moderado,Sweden
185000,YouTube Ads,2024-11-13,Não Convertido,,0.0,Conservador,Slovenia
185001,Instagram,2024-11-13,Convertido,11.0,6577.32,Desconhecido,Zambia
185002,WhatsApp,2024-11-12,Não Convertido,,0.0,Moderado,Guyana
185003,Orgânico,2024-11-12,Não Convertido,,0.0,Moderado,Antigua and Barbuda
185004,Orgânico,2024-11-14,Não Convertido,,0.0,Moderado,Nepal
185005,WhatsApp,2024-11-13,Não Convertido,,0.0,Conservador,Somalia
185006,Instagram,2024-11-11,Não Convertido,,0.0,Desconhecido,Uruguay
185007,Orgânico,2024-11-11,Não Convertido,,0.0,Agressivo,Greece
185008,Google Ads,2024-11-16,Não Convertido,,0.0,Moderado,Barbados
185009,TikTok,2024-11-15,Não Convertido,,0.0,Moderado,Barbados
185010,Orgânico,2024-11-12,Não Convertido,,0.0,Moderado,Mauritius
185011,TikTok,2024-11-11,Não Convertido,,0.0,Agressivo,Somalia
185012,WhatsApp,2024-11-14,Não Convertido,,0.0,Moderado,Equatorial Guinea
185013,Orgânico,2024-11-16,Não Convertido,,0.0,Agressivo,Falkland Islands (Malvinas)
185014,Facebook,2024-11-14,Não Convertido,,0.0,Moderado,Maldives
185015,Google Ads,2024-11-11,Convertido,13.0,9301.38,Moderado,Zambia
185016,TikTok,2024-11-13,Não Convertido,,0.0,Agressivo,Kiribati
185017,Facebook,2024-11-12,Não Convertido,,0.0,Moderado,Singapore
185018,TikTok,2024-11-15,Não Convertido,,0.0,Agressivo,Reunion
185019,TikTok,2024-11-15,Não Convertido,,0.0,Moderado,Saint Lucia
185020,Google Ads,2024-11-16,Não Convertido,,0.0,Agressivo,Nepal
185021,Google Ads,2024-11-13,Não Convertido,,0.0,Moderado,Haiti
185022,Indicação,2024-11-11,Não Convertido,,0.0,Agressivo,Tanzania
185023,Google Ads,2024-11-16,Convertido,25.0,8903.03,Conservador,Congo
185024,Google Ads,2024-11-15,Não Convertido,,0.0,Moderado,Marshall Islands
185025,Facebook,2024-11-12,Não Convertido,,0.0,Desconhecido,Pakistan
185026,Orgânico,2024-11-13,Não Convertido,,0.0,Conservador,Malta
185027,Google Ads,2024-11-13,Não Convertido,,0.0,Moderado,Saint Kitts and Nevis
185028,Google Ads,2024-11-11,Não Convertido,,0.0,Moderado,Ecuador
185029,Orgânico,2024-11-11,Não Convertido,,0.0,Conservador,Central African Republic
185030,Google Ads,2024-11-12,Convertido,15.0,2739.36,Moderado,New Zealand
185031,Orgânico,2024-11-12,Não Convertido,,0.0,Moderado,Mali
185032,TikTok,2024-11-14,Não Convertido,,0.0,Agressivo,Saint Vincent and the Grenadines
185033,YouTube Ads,2024-11-15,Não Convertido,,0.0,Conservador,Honduras
185034,Facebook,2024-11-16,Não Convertido,,0.0,Agressivo,Marshall Islands
185035,E-mail Marketing,2024-11-13,Não Convertido,,0.0,Moderado,Congo
185036,Indicação,2024-11-11,Não Convertido,,0.0,Moderado,Denmark
185037,TikTok,2024-11-16,Não Convertido,,0.0,Agressivo,Canada
185038,Google Ads,2024-11-14,Não Convertido,,0.0,Conservador,Iran
185039,E-mail Marketing,2024-11-16,Não Convertido,,0.0,Moderado,Taiwan
185040,E-mail Marketing,2024-11-15,Não Convertido,,0.0,Moderado,Antigua and Barbuda
185041,Orgânico,2024-11-13,Não Convertido,,0.0,Agressivo,Palestinian Territory
185042,WhatsApp,2024-11-14,Não Convertido,,0.0,Conservador,Eritrea
185043,Orgânico,2024-11-13,Não Convertido,,0.0,Agressivo,Libyan Arab Jamahiriya
185044,Orgânico,2024-11-16,Não Convertido,,0.0,Agressivo,Djibouti
185045,Google Ads,2024-11-14,Não Convertido,,0.0,Agressivo,Marshall Islands
185046,Instagram,2024-11-14,Não Convertido,,0.0,Moderado,Equatorial Guinea
185047,Orgânico,2024-11-13,Não Convertido,,0.0,Conservador,Pakistan
185048,Orgânico,2024-11-13,Não Convertido,,0.0,Conservador,Comoros
185049,WhatsApp,2024-11-12,Não Convertido,,0.0,Moderado,New Zealand
185050,WhatsApp,2024-11-12,Não Convertido,,0.0,Moderado,Panama
185051,E-mail Marketing,2024-11-15,Não Convertido,,0.0,Agressivo,Canada
185052,Google Ads,2024-11-14,Não Convertido,,0.0,Desconhecido,Syrian Arab Republic
185053,Google Ads,2024-11-15,Não Convertido,,0.0,Moderado,Swaziland
185054,Instagram,2024-11-14,Não Convertido,,0.0,Conservador,Austria
185055,E-mail Marketing,2024-11-12,Não Convertido,,0.0,Agressivo,Bhutan
185056,E-mail Marketing,2024-11-16,Não Convertido,,0.0,Conservador,Sao Tome and Principe
185057,Orgânico,2024-11-12,Não Convertido,,0.0,Agressivo,Zambia
185058,TikTok,2024-11-15,Não Convertido,,0.0,Conservador,El Salvador
185059,Instagram,2024-11-11,Não Convertido,,0.0,Agressivo,Central African Republic
185060,Indicação,2024-11-12,Não Convertido,,0.0,Moderado,Kazakhstan
185061,Facebook,2024-11-12,Não Convertido,,0.0,Moderado,Guinea
185062,Orgânico,2024-11-12,Não Convertido,,0.0,Moderado,Croatia
185063,YouTube Ads,2024-11-12,Não Convertido,,0.0,Moderado,Seychelles
185064,YouTube Ads,2024-11-16,Convertido,4.0,2985.21,Moderado,Saudi Arabia
185065,WhatsApp,2024-11-16,Não Convertido,,0.0,Agressivo,Ethiopia
185066,Orgânico,2024-11-14,Não Convertido,,0.0,Moderado,Cocos (Keeling) Islands
185067,Facebook,2024-11-13,Não Convertido,,0.0,Moderado,Austria
185068,WhatsApp,2024-11-15,Não Convertido,,0.0,Moderado,Micronesia
185069,Orgânico,2024-11-15,Não Convertido,,0.0,Desconhecido,Honduras
185070,Facebook,2024-11-15,Não Convertido,,0.0,Moderado,North Macedonia
185071,Google Ads,2024-11-16,Não Convertido,,0.0,Conservador,Anguilla
185072,Instagram,2024-11-13,Não Convertido,,0.0,Moderado,Monaco
185073,YouTube Ads,2024-11-11,Não Convertido,,0.0,Moderado,Uganda
185074,Indicação,2024-11-14,Não Convertido,,0.0,Conservador,Haiti
185075,Facebook,2024-11-16,Não Convertido,,0.0,Conservador,Grenada
185076,Orgânico,2024-11-16,Não Convertido,,0.0,Conservador,Kenya
185077,Indicação,2024-11-12,Não Convertido,,0.0,Moderado,Estonia
185078,Orgânico,2024-11-14,Não Convertido,,0.0,Conservador,Cocos (Keeling) Islands
185079,WhatsApp,2024-11-11,Não Convertido,,0.0,Moderado,Saint Lucia
185080,WhatsApp,2024-11-12,Não Convertido,,0.0,Moderado,Monaco
185081,Facebook,2024-11-16,Não Convertido,,0.0,Agressivo,Honduras
185082,TikTok,2024-11-14,Não Convertido,,0.0,Agressivo,Dominican Republic
185083,Orgânico,2024-11-15,Não Convertido,,0.0,Agressivo,Bulgaria
185084,Orgânico,2024-11-15,Não Convertido,,0.0,Moderado,Norway
185085,Instagram,2024-11-16,Não Convertido,,0.0,Moderado,Venezuela
185086,Indicação,2024-11-15,Não Convertido,,0.0,Conservador,United Kingdom
185087,Orgânico,2024-11-13,Não Convertido,,0.0,Agressivo,Belize
185088,WhatsApp,2024-11-12,Não Convertido,,0.0,Agressivo,Angola
185089,Indicação,2024-11-15,Não Convertido,,0.0,Agressivo,Antigua and Barbuda
185090,YouTube Ads,2024-11-11,Convertido,12.0,7675.27,Moderado,Central African Republic
185091,YouTube Ads,2024-11-14,Não Convertido,,0.0,Agressivo,Croatia
185092,Orgânico,2024-11-16,Não Convertido,,0.0,Agressivo,Panama
185093,WhatsApp,2024-11-11,Não Convertido,,0.0,Conservador,Denmark
185094,Google Ads,2024-11-14,Não Convertido,,0.0,Agressivo,Zambia
185095,TikTok,2024-11-16,Não Convertido,,0.0,Moderado,Madagascar
185096,Instagram,2024-11-13,Não Convertido,,0.0,Moderado,Lithuania
185097,YouTube Ads,2024-11-13,Não Convertido,,0.0,Moderado,Saint Helena
185098,Instagram,2024-11-14,Não Convertido,,0.0,Desconhecido,Palau
185099,Facebook,2024-11-11,Não Convertido,,0.0,Moderado,Turkmenistan
185100,Orgânico,2024-11-16,Não Convertido,,0.0,Conservador,Kenya
185101,E-mail Marketing,2024-11-13,Não Convertido,,0.0,Agressivo,Barbados
185102,Orgânico,2024-11-15,Não Convertido,,0.0,Conservador,Isle of Man
185103,WhatsApp,2024-11-13,Não Convertido,,0.0,Agressivo,Anguilla
185104,YouTube Ads,2024-11-14,Não Convertido,,0.0,Agressivo,Malaysia
185105,TikTok,2024-11-11,Não Convertido,,0.0,Conservador,Benin
185106,Orgânico,2024-11-11,Não Convertido,,0.0,Moderado,Bolivia
185107,TikTok,2024-11-14,Não Convertido,,0.0,Desconhecido,Gabon
185108,Instagram,2024-11-14,Não Convertido,,0.0,Conservador,Palau
185109,Orgânico,2024-11-11,Não Convertido,,0.0,Moderado,Guyana
185110,TikTok,2024-11-14,Não Convertido,,0.0,Conservador,Guadeloupe
185111,Orgânico,2024-11-16,Não Convertido,,0.0,Conservador,Pakistan
185112,TikTok,2024-11-15,Não Convertido,,0.0,Agressivo,Nigeria
185113,Orgânico,2024-11-11,Não Convertido,,0.0,Desconhecido,Cook Islands
185114,Facebook,2024-11-15,Não Convertido,,0.0,Moderado,Cook Islands
185115,Facebook,2024-11-13,Não Convertido,,0.0,Agressivo,Benin
185116,E-mail Marketing,2024-11-13,Não Convertido,,0.0,Desconhecido,Ireland
185117,Instagram,2024-11-12,Não Convertido,,0.0,Moderado,Kenya
185118,Orgânico,2024-11-15,Não Convertido,,0.0,Desconhecido,Saint Lucia
185119,Instagram,2024-11-16,Não Convertido,,0.0,Conservador,Jersey
185120,Google Ads,2024-11-12,Não Convertido,,0.0,Agressivo,Holy See (Vatican City State)
185121,Google Ads,2024-11-11,Não Convertido,,0.0,Moderado,Mauritania
185122,Google Ads,2024-11-12,Não Convertido,,0.0,Conservador,Bulgaria
185123,TikTok,2024-11-15,Não Convertido,,0.0,Desconhecido,Taiwan
185124,Facebook,2024-11-14,Não Convertido,,0.0,Agressivo,Belize
185125,WhatsApp,2024-11-16,Não Convertido,,0.0,Agressivo,Gabon
185126,Facebook,2024-11-14,Não Convertido,,0.0,Agressivo,Korea
185127,Orgânico,2024-11-11,Não Convertido,,0.0,Agressivo,Antarctica (the territory South of 60 deg S)
185128,Orgânico,2024-11-11,Não Convertido,,0.0,Conservador,Bahamas
185129,Facebook,2024-11-16,Não Convertido,,0.0,Moderado,San Marino
185130,Facebook,2024-11-16,Não Convertido,,0.0,Conservador,United States Minor Outlying Islands
185131,Orgânico,2024-11-12,Não Convertido,,0.0,Agressivo,Kyrgyz Republic
185132,Instagram,2024-11-13,Não Convertido,,0.0,Conservador,Congo
185133,TikTok,2024-11-16,Não Convertido,,0.0,Conservador,Korea
185134,E-mail Marketing,2024-11-11,Não Convertido,,0.0,Conservador,Guadeloupe
185135,Facebook,2024-11-11,Não Convertido,,0.0,Moderado,Bosnia and Herzegovina
185136,Orgânico,2024-11-12,Não Convertido,,0.0,Moderado,Burkina Faso
185137,Indicação,2024-11-13,Não Convertido,,0.0,Moderado,Fiji
185138,Google Ads,2024-11-16,Não Convertido,,0.0,Desconhecido,Poland
185139,Orgânico,2024-11-13,Não Convertido,,0.0,Desconhecido,Malta
185140,Google Ads,2024-11-16,Não Convertido,,0.0,Moderado,United States Minor Outlying Islands
185141,Orgânico,2024-11-14,Não Convertido,,0.0,Conservador,Mauritius
185142,E-mail Marketing,2024-11-14,Não Convertido,,0.0,Moderado,Puerto Rico
185143,Google Ads,2024-11-11,Não Convertido,,0.0,Agressivo,Luxembourg
185144,Indicação,2024-11-16,Não Convertido,,0.0,Conservador,Hong Kong
185145,E-mail Marketing,2024-11-12,Não Convertido,,0.0,Agressivo,Faroe Islands
185146,Instagram,2024-11-11,Não Convertido,,0.0,Conservador,Algeria
185147,Instagram,2024-11-12,Não Convertido,,0.0,Conservador,Mexico
185148,Google Ads,2024-11-13,Não Convertido,,0.0,Conservador,Cape Verde
185149,Indicação,2024-11-13,Não Convertido,,0.0,Agressivo,Switzerland
185150,Google Ads,2024-11-11,Não Convertido,,0.0,Moderado,Nigeria
185151,TikTok,2024-11-11,Não Convertido,,0.0,Moderado,Liberia
185152,E-mail Marketing,2024-11-12,Não Convertido,,0.0,Moderado,Tajikistan
185153,Orgânico,2024-11-14,Não Convertido,,0.0,Desconhecido,Jersey
185154,Orgânico,2024-11-12,Não Convertido,,0.0,Moderado,Papua New Guinea
185155,Indicação,2024-11-16,Não Convertido,,0.0,Moderado,Pakistan
185156,Indicação,2024-11-13,Convertido,19.0,2183.6,Agressivo,Greece
185157,TikTok,2024-11-16,Convertido,2.0,664.9,Desconhecido,Martinique
185158,Instagram,2024-11-11,Não Convertido,,0.0,Moderado,Cote d'Ivoire
185159,YouTube Ads,2024-11-15,Não Convertido,,0.0,Moderado,Belarus
185160,WhatsApp,2024-11-16,Não Convertido,,0.0,Agressivo,Iceland
185161,Google Ads,2024-11-15,Não Convertido,,0.0,Moderado,Djibouti
185162,E-mail Marketing,2024-11-13,Não Convertido,,0.0,Agressivo,Slovenia
185163,YouTube Ads,2024-11-16,Não Convertido,,0.0,Agressivo,Faroe Islands
185164,Google Ads,2024-11-16,Não Convertido,,0.0,Agressivo,Bulgaria
185165,Indicação,2024-11-12,Não Convertido,,0.0,Agressivo,Botswana
185166,Facebook,2024-11-14,Não Convertido,,0.0,Conservador,Bosnia and Herzegovina
185167,TikTok,2024-11-12,Não Convertido,,0.0,Moderado,Germany
185168,Instagram,2024-11-14,Não Convertido,,0.0,Moderado,Svalbard & Jan Mayen Islands
185169,Orgânico,2024-11-15,Não Convertido,,0.0,Conservador,Yemen
185170,TikTok,2024-11-13,Não Convertido,,0.0,Agressivo,Saint Helena
185171,TikTok,2024-11-15,Convertido,16.0,4212.49,Agressivo,Micronesia
185172,Google Ads,2024-11-11,Não Convertido,,0.0,Moderado,Greenland
185173,TikTok,2024-11-14,Não Convertido,,0.0,Agressivo,Brunei Darussalam
185174,Google Ads,2024-11-11,Não Convertido,,0.0,Agressivo,Kuwait
185175,TikTok,2024-11-13,Não Convertido,,0.0,Moderado,Reunion
185176,Google Ads,2024-11-11,Não Convertido,,0.0,Agressivo,Saint Helena
185177,Instagram,2024-11-13,Não Convertido,,0.0,Conservador,Qatar
185178,Google Ads,2024-11-16,Não Convertido,,0.0,Conservador,Chad
185179,Instagram,2024-11-14,Convertido,23.0,6860.22,Agressivo,Sweden
185180,Facebook,2024-11-13,Não Convertido,,0.0,Moderado,Morocco
185181,E-mail Marketing,2024-11-11,Não Convertido,,0.0,Agressivo,Sweden
185182,Orgânico,2024-11-16,Não Convertido,,0.0,Conservador,Greenland
185183,Instagram,2024-11-13,Não Convertido,,0.0,Moderado,Myanmar
185184,YouTube Ads,2024-11-12,Convertido,22.0,6862.64,Conservador,Tonga
185185,TikTok,2024-11-15,Não Convertido,,0.0,Agressivo,Guatemala
185186,Orgânico,2024-11-15,Não Convertido,,0.0,Agressivo,Saint Kitts and Nevis
185187,Google Ads,2024-11-12,Não Convertido,,0.0,Agressivo,Oman
185188,TikTok,2024-11-11,Não Convertido,,0.0,Moderado,Finland
185189,Facebook,2024-11-11,Não Convertido,,0.0,Conservador,United States Virgin Islands
185190,TikTok,2024-11-11,Não Convertido,,0.0,Agressivo,Canada
185191,Orgânico,2024-11-14,Não Convertido,,0.0,Moderado,Indonesia
185192,TikTok,2024-11-11,Não Convertido,,0.0,Agressivo,Niue
185193,Instagram,2024-11-13,Não Convertido,,0.0,Moderado,Monaco
185194,Facebook,2024-11-15,Não Convertido,,0.0,Conservador,Congo
185195,TikTok,2024-11-11,Não Convertido,,0.0,Desconhecido,Saint Kitts and Nevis
185196,E-mail Marketing,2024-11-15,Não Convertido,,0.0,Moderado,Ukraine
185197,WhatsApp,2024-11-16,Não Convertido,,0.0,Moderado,Kazakhstan
185198,YouTube Ads,2024-11-15,Não Convertido,,0.0,Moderado,Zimbabwe
185199,Indicação,2024-11-11,Não Convertido,,0.0,Conservador,Gabon
185200,Instagram,2024-11-16,Não Convertido,,0.0,Moderado,Estonia
185201,Google Ads,2024-11-14,Não Convertido,,0.0,Conservador,Kazakhstan
185202,Facebook,2024-11-15,Não Convertido,,0.0,Agressivo,Papua New Guinea
185203,Instagram,2024-11-15,Não Convertido,,0.0,Desconhecido,Japan
185204,WhatsApp,2024-11-11,Não Convertido,,0.0,Moderado,Bolivia
185205,Instagram,2024-11-14,Não Convertido,,0.0,Conservador,Uruguay
185206,Google Ads,2024-11-11,Não Convertido,,0.0,Moderado,El Salvador
185207,Indicação,2024-11-16,Não Convertido,,0.0,Moderado,Vietnam
185208,Instagram,2024-11-12,Não Convertido,,0.0,Moderado,Paraguay
185209,Orgânico,2024-11-12,Não Convertido,,0.0,Moderado,Fiji
185210,E-mail Marketing,2024-11-15,Não Convertido,,0.0,Moderado,Tunisia
185211,Orgânico,2024-11-16,Não Convertido,,0.0,Moderado,Belize
185212,E-mail Marketing,2024-11-15,Convertido,20.0,5458.07,Moderado,Gabon
185213,Orgânico,2024-11-15,Não Convertido,,0.0,Conservador,Algeria
185214,Facebook,2024-11-15,Não Convertido,,0.0,Desconhecido,Guinea-Bissau
185215,WhatsApp,2024-11-14,Não Convertido,,0.0,Conservador,Jordan
185216,Google Ads,2024-11-16,Não Convertido,,0.0,Moderado,Equatorial Guinea
185217,E-mail Marketing,2024-11-13,Não Convertido,,0.0,Moderado,Belgium
185218,E-mail Marketing,2024-11-13,Não Convertido,,0.0,Agressivo,Moldova
185219,YouTube Ads,2024-11-14,Não Convertido,,0.0,Agressivo,United States Virgin Islands
185220,WhatsApp,2024-11-13,Não Convertido,,0.0,Conservador,Greenland
185221,TikTok,2024-11-11,Não Convertido,,0.0,Moderado,Isle of Man
185222,Indicação,2024-11-16,Não Convertido,,0.0,Agressivo,Togo
185223,E-mail Marketing,2024-11-12,Não Convertido,,0.0,Moderado,Denmark
185224,Facebook,2024-11-13,Não Convertido,,0.0,Moderado,Brazil
185225,Orgânico,2024-11-12,Não Convertido,,0.0,Moderado,Bouvet Island (Bouvetoya)
185226,YouTube Ads,2024-11-11,Não Convertido,,0.0,Conservador,Montenegro
185227,TikTok,2024-11-16,Não Convertido,,0.0,Agressivo,Israel
185228,Instagram,2024-11-15,Não Convertido,,0.0,Moderado,Cook Islands
185229,Indicação,2024-11-16,Não Convertido,,0.0,Agressivo,Guernsey
185230,WhatsApp,2024-11-15,Não Convertido,,0.0,Moderado,Sierra Leone
185231,TikTok,2024-11-16,Não Convertido,,0.0,Agressivo,American Samoa
185232,Google Ads,2024-11-15,Não Convertido,,0.0,Conservador,Saint Martin
185233,E-mail Marketing,2024-11-16,Não Convertido,,0.0,Conservador,Niue
185234,E-mail Marketing,2024-11-12,Não Convertido,,0.0,Desconhecido,Serbia
185235,Instagram,2024-11-12,Não Convertido,,0.0,Moderado,Belarus
185236,Instagram,2024-11-12,Não Convertido,,0.0,Agressivo,Croatia
185237,E-mail Marketing,2024-11-15,Não Convertido,,0.0,Moderado,Zimbabwe
185238,Facebook,2024-11-15,Convertido,21.0,4013.65,Moderado,Italy
185239,Facebook,2024-11-15,Não Convertido,,0.0,Agressivo,Iraq
185240,Facebook,2024-11-12,Não Convertido,,0.0,Conservador,Luxembourg
185241,TikTok,2024-11-16,Não Convertido,,0.0,Moderado,Christmas Island
185242,TikTok,2024-11-14,Não Convertido,,0.0,Moderado,Qatar
185243,Google Ads,2024-11-15,Não Convertido,,0.0,Moderado,Algeria
185244,Facebook,2024-11-15,Não Convertido,,0.0,Agressivo,Angola
185245,Orgânico,2024-11-15,Não Convertido,,0.0,Agressivo,Marshall Islands
185246,Orgânico,2024-11-14,Não Convertido,,0.0,Moderado,Rwanda
185247,TikTok,2024-11-12,Não Convertido,,0.0,Conservador,Micronesia
185248,YouTube Ads,2024-11-12,Não Convertido,,0.0,Desconhecido,Canada
185249,Orgânico,2024-11-16,Não Convertido,,0.0,Conservador,Cocos (Keeling) Islands
185250,YouTube Ads,2024-11-14,Não Convertido,,0.0,Desconhecido,Saint Pierre and Miquelon
185251,WhatsApp,2024-11-15,Não Convertido,,0.0,Moderado,Cambodia
185252,WhatsApp,2024-11-16,Não Convertido,,0.0,Moderado,Guernsey
185253,YouTube Ads,2024-11-13,Não Convertido,,0.0,Conservador,Reunion
185254,WhatsApp,2024-11-12,Não Convertido,,0.0,Agressivo,Finland
185255,WhatsApp,2024-11-11,Não Convertido,,0.0,Agressivo,Puerto Rico
185256,WhatsApp,2024-11-14,Não Convertido,,0.0,Desconhecido,Chad
185257,Orgânico,2024-11-16,Não Convertido,,0.0,Moderado,Uruguay
185258,Indicação,2024-11-12,Não Convertido,,0.0,Conservador,Congo
185259,WhatsApp,2024-11-14,Não Convertido,,0.0,Desconhecido,Bulgaria
185260,Indicação,2024-11-12,Não Convertido,,0.0,Agressivo,Costa Rica
185261,Google Ads,2024-11-15,Não Convertido,,0.0,Agressivo,Timor-Leste
185262,Orgânico,2024-11-14,Não Convertido,,0.0,Moderado,Congo
185263,Google Ads,2024-11-16,Não Convertido,,0.0,Agressivo,Uruguay
185264,E-mail Marketing,2024-11-15,Não Convertido,,0.0,Agressivo,Austria
185265,Instagram,2024-11-16,Não Convertido,,0.0,Moderado,Bouvet Island (Bouvetoya)
185266,Instagram,2024-11-12,Não Convertido,,0.0,Moderado,Poland
185267,Instagram,2024-11-16,Não Convertido,,0.0,Desconhecido,Tajikistan
185268,E-mail Marketing,2024-11-15,Não Convertido,,0.0,Moderado,Sudan
185269,Orgânico,2024-11-15,Não Convertido,,0.0,Moderado,Antarctica (the territory South of 60 deg S)
185270,Orgânico,2024-11-16,Convertido,1.0,9835.96,Conservador,Cambodia
185271,TikTok,2024-11-12,Não Convertido,,0.0,Agressivo,Jordan
185272,E-mail Marketing,2024-11-11,Não Convertido,,0.0,Conservador,French Southern Territories
185273,Instagram,2024-11-15,Não Convertido,,0.0,Moderado,Djibouti
185274,E-mail Marketing,2024-11-11,Não Convertido,,0.0,Conservador,Sweden
185275,E-mail Marketing,2024-11-15,Não Convertido,,0.0,Moderado,India
185276,Facebook,2024-11-16,Convertido,8.0,6007.75,Moderado,Estonia
185277,Google Ads,2024-11-15,Não Convertido,,0.0,Moderado,Palau
185278,E-mail Marketing,2024-11-11,Não Convertido,,0.0,Moderado,San Marino
185279,Instagram,2024-11-11,Não Convertido,,0.0,Moderado,Azerbaijan
185280,E-mail Marketing,2024-11-12,Não Convertido,,0.0,Conservador,Zambia
185281,E-mail Marketing,2024-11-15,Não Convertido,,0.0,Desconhecido,Aruba
185282,TikTok,2024-11-13,Não Convertido,,0.0,Agressivo,Liechtenstein
185283,Instagram,2024-11-14,Não Convertido,,0.0,Moderado,Korea
185284,TikTok,2024-11-15,Não Convertido,,0.0,Desconhecido,Costa Rica
185285,Instagram,2024-11-12,Não Convertido,,0.0,Moderado,Mauritania
185286,Orgânico,2024-11-16,Não Convertido,,0.0,Moderado,Suriname
185287,Orgânico,2024-11-14,Não Convertido,,0.0,Agressivo,Italy
185288,TikTok,2024-11-16,Não Convertido,,0.0,Conservador,Martinique
185289,Orgânico,2024-11-11,Não Convertido,,0.0,Agressivo,Saint Barthelemy
185290,E-mail Marketing,2024-11-12,Não Convertido,,0.0,Moderado,China
185291,Orgânico,2024-11-14,Convertido,18.0,6968.81,Moderado,Greece
185292,Instagram,2024-11-16,Não Convertido,,0.0,Moderado,Togo
185293,Google Ads,2024-11-11,Não Convertido,,0.0,Conservador,Kazakhstan
185294,WhatsApp,2024-11-14,Não Convertido,,0.0,Agressivo,Christmas Island
185295,E-mail Marketing,2024-11-14,Não Convertido,,0.0,Conservador,Haiti
185296,Indicação,2024-11-13,Não Convertido,,0.0,Moderado,Russian Federation
185297,Indicação,2024-11-16,Não Convertido,,0.0,Moderado,Afghanistan
185298,WhatsApp,2024-11-12,Não Convertido,,0.0,Agressivo,Brunei Darussalam
185299,Instagram,2024-11-12,Não Convertido,,0.0,Moderado,Russian Federation
185300,Google Ads,2024-11-13,Não Convertido,,0.0,Moderado,Maldives
185301,Orgânico,2024-11-15,Não Convertido,,0.0,Moderado,Macao
185302,Orgânico,2024-11-14,Não Convertido,,0.0,Moderado,Eritrea
185303,Google Ads,2024-11-13,Não Convertido,,0.0,Conservador,Bolivia
185304,E-mail Marketing,2024-11-14,Não Convertido,,0.0,Desconhecido,Singapore
185305,Facebook,2024-11-13,Não Convertido,,0.0,Agressivo,Tajikistan
185306,Facebook,2024-11-13,Não Convertido,,0.0,Moderado,Denmark
185307,Facebook,2024-11-16,Não Convertido,,0.0,Conservador,Saint Martin
185308,Facebook,2024-11-12,Não Convertido,,0.0,Moderado,Malta
185309,E-mail Marketing,2024-11-13,Convertido,7.0,6212.82,Desconhecido,Martinique
185310,E-mail Marketing,2024-11-12,Não Convertido,,0.0,Moderado,Saint Vincent and the Grenadines
185311,Facebook,2024-11-14,Não Convertido,,0.0,Agressivo,Latvia
185312,Facebook,2024-11-15,Não Convertido,,0.0,Moderado,Albania
185313,TikTok,2024-11-13,Não Convertido,,0.0,Moderado,Guernsey
185314,WhatsApp,2024-11-14,Não Convertido,,0.0,Moderado,Mexico
185315,TikTok,2024-11-13,Não Convertido,,0.0,Agressivo,Senegal
185316,Indicação,2024-11-12,Não Convertido,,0.0,Moderado,Cuba
185317,TikTok,2024-11-11,Não Convertido,,0.0,Conservador,Tuvalu
185318,YouTube Ads,2024-11-15,Não Convertido,,0.0,Moderado,Venezuela
185319,WhatsApp,2024-11-11,Não Convertido,,0.0,Agressivo,United Kingdom
185320,Orgânico,2024-11-11,Não Convertido,,0.0,Moderado,Hong Kong
185321,YouTube Ads,2024-11-13,Não Convertido,,0.0,Agressivo,Wallis and Futuna
185322,TikTok,2024-11-12,Não Convertido,,0.0,Moderado,Zimbabwe
185323,YouTube Ads,2024-11-13,Não Convertido,,0.0,Agressivo,Bahamas
185324,Instagram,2024-11-13,Não Convertido,,0.0,Agressivo,Kyrgyz Republic
185325,E-mail Marketing,2024-11-14,Não Convertido,,0.0,Agressivo,Turks and Caicos Islands
185326,E-mail Marketing,2024-11-11,Não Convertido,,0.0,Moderado,Oman
185327,Google Ads,2024-11-15,Não Convertido,,0.0,Moderado,Liberia
185328,Orgânico,2024-11-14,Não Convertido,,0.0,Conservador,Canada
185329,Instagram,2024-11-16,Não Convertido,,0.0,Agressivo,Russian Federation
185330,Orgânico,2024-11-12,Não Convertido,,0.0,Desconhecido,Mauritius
185331,Orgânico,2024-11-11,Não Convertido,,0.0,Agressivo,Tokelau
185332,Google Ads,2024-11-13,Não Convertido,,0.0,Moderado,Cape Verde
185333,Google Ads,2024-11-16,Não Convertido,,0.0,Agressivo,Tanzania
185334,Instagram,2024-11-14,Não Convertido,,0.0,Agressivo,Dominican Republic
185335,Orgânico,2024-11-11,Não Convertido,,0.0,Agressivo,Ghana
185336,E-mail Marketing,2024-11-11,Não Convertido,,0.0,Moderado,Tajikistan
185337,Facebook,2024-11-13,Não Convertido,,0.0,Moderado,Georgia
185338,Google Ads,2024-11-16,Não Convertido,,0.0,Desconhecido,Afghanistan
185339,Facebook,2024-11-16,Não Convertido,,0.0,Agressivo,Netherlands Antilles
185340,Orgânico,2024-11-14,Não Convertido,,0.0,Moderado,Nauru
185341,TikTok,2024-11-12,Não Convertido,,0.0,Agressivo,Equatorial Guinea
185342,E-mail Marketing,2024-11-12,Não Convertido,,0.0,Agressivo,Ethiopia
185343,Orgânico,2024-11-13,Não Convertido,,0.0,Conservador,Dominican Republic
185344,Indicação,2024-11-13,Não Convertido,,0.0,Agressivo,Saint Barthelemy
185345,WhatsApp,2024-11-16,Não Convertido,,0.0,Moderado,Malawi
185346,E-mail Marketing,2024-11-15,Não Convertido,,0.0,Moderado,Western Sahara
185347,Orgânico,2024-11-15,Não Convertido,,0.0,Conservador,Montserrat
185348,Instagram,2024-11-14,Não Convertido,,0.0,Moderado,Latvia
185349,Orgânico,2024-11-12,Não Convertido,,0.0,Moderado,Angola
185350,YouTube Ads,2024-11-13,Não Convertido,,0.0,Agressivo,Estonia
185351,E-mail Marketing,2024-11-11,Não Convertido,,0.0,Moderado,Falkland Islands (Malvinas)
185352,Facebook,2024-11-11,Não Convertido,,0.0,Agressivo,Serbia
185353,YouTube Ads,2024-11-16,Não Convertido,,0.0,Moderado,Marshall Islands
185354,E-mail Marketing,2024-11-13,Não Convertido,,0.0,Conservador,China
185355,Orgânico,2024-11-12,Não Convertido,,0.0,Moderado,Congo
185356,Orgânico,2024-11-13,Não Convertido,,0.0,Moderado,Monaco
185357,Google Ads,2024-11-16,Não Convertido,,0.0,Desconhecido,Aruba
185358,E-mail Marketing,2024-11-15,Não Convertido,,0.0,Agressivo,Mali
185359,TikTok,2024-11-16,Convertido,0.0,2140.71,Agressivo,Samoa
185360,TikTok,2024-11-13,Não Convertido,,0.0,Moderado,Mauritius
185361,YouTube Ads,2024-11-11,Não Convertido,,0.0,Moderado,Saudi Arabia
185362,Orgânico,2024-11-11,Não Convertido,,0.0,Agressivo,Burundi
185363,E-mail Marketing,2024-11-16,Não Convertido,,0.0,Moderado,Tuvalu
185364,TikTok,2024-11-14,Não Convertido,,0.0,Conservador,Honduras
185365,WhatsApp,2024-11-16,Não Convertido,,0.0,Moderado,Guinea
185366,Google Ads,2024-11-13,Não Convertido,,0.0,Agressivo,Bouvet Island (Bouvetoya)
185367,Instagram,2024-11-16,Não Convertido,,0.0,Moderado,Saint Pierre and Miquelon
185368,Orgânico,2024-11-11,Não Convertido,,0.0,Conservador,Zimbabwe
185369,Facebook,2024-11-11,Não Convertido,,0.0,Agressivo,Latvia
185370,Google Ads,2024-11-12,Não Convertido,,0.0,Agressivo,Sweden
185371,TikTok,2024-11-15,Não Convertido,,0.0,Moderado,Vietnam
185372,Instagram,2024-11-11,Não Convertido,,0.0,Conservador,Guernsey
185373,E-mail Marketing,2024-11-14,Não Convertido,,0.0,Agressivo,Bangladesh
185374,Orgânico,2024-11-16,Não Convertido,,0.0,Moderado,Qatar
185375,Google Ads,2024-11-14,Não Convertido,,0.0,Moderado,United Kingdom
185376,Instagram,2024-11-13,Não Convertido,,0.0,Moderado,United States of America
185377,Orgânico,2024-11-13,Não Convertido,,0.0,Agressivo,Russian Federation
185378,Instagram,2024-11-12,Não Convertido,,0.0,Moderado,Czech Republic
185379,E-mail Marketing,2024-11-12,Não Convertido,,0.0,Conservador,Sri Lanka
185380,Instagram,2024-11-15,Não Convertido,,0.0,Moderado,Lao People's Democratic Republic
185381,YouTube Ads,2024-11-13,Não Convertido,,0.0,Conservador,Cote d'Ivoire
185382,Facebook,2024-11-16,Não Convertido,,0.0,Moderado,Angola
185383,Orgânico,2024-11-13,Não Convertido,,0.0,Moderado,Iran
185384,E-mail Marketing,2024-11-14,Não Convertido,,0.0,Desconhecido,North Macedonia
185385,Instagram,2024-11-13,Não Convertido,,0.0,Agressivo,Guinea-Bissau
185386,YouTube Ads,2024-11-13,Não Convertido,,0.0,Agressivo,Fiji
185387,Google Ads,2024-11-15,Não Convertido,,0.0,Conservador,Libyan Arab Jamahiriya
185388,WhatsApp,2024-11-12,Não Convertido,,0.0,Agressivo,Niger
185389,Instagram,2024-11-15,Não Convertido,,0.0,Conservador,Uruguay
185390,Orgânico,2024-11-14,Não Convertido,,0.0,Agressivo,Cape Verde
185391,Facebook,2024-11-14,Não Convertido,,0.0,Conservador,Saint Vincent and the Grenadines
185392,TikTok,2024-11-14,Convertido,17.0,3474.56,Moderado,Christmas Island
185393,Orgânico,2024-11-14,Não Convertido,,0.0,Desconhecido,Niger
185394,E-mail Marketing,2024-11-11,Não Convertido,,0.0,Conservador,Trinidad and Tobago
185395,Instagram,2024-11-13,Não Convertido,,0.0,Moderado,Vanuatu
185396,YouTube Ads,2024-11-14,Não Convertido,,0.0,Moderado,Honduras
185397,Instagram,2024-11-13,Não Convertido,,0.0,Agressivo,Chad
185398,Orgânico,2024-11-16,Não Convertido,,0.0,Moderado,Chad
185399,TikTok,2024-11-16,Não Convertido,,0.0,Moderado,Saint Vincent and the Grenadines
185400,E-mail Marketing,2024-11-13,Não Convertido,,0.0,Conservador,Paraguay
185401,Google Ads,2024-11-11,Não Convertido,,0.0,Desconhecido,French Polynesia
185402,YouTube Ads,2024-11-16,Não Convertido,,0.0,Agressivo,Korea
185403,Instagram,2024-11-13,Não Convertido,,0.0,Moderado,Netherlands Antilles
185404,Orgânico,2024-11-14,Convertido,17.0,7126.8,Desconhecido,Armenia
185405,Instagram,2024-11-14,Não Convertido,,0.0,Moderado,Bulgaria
185406,Instagram,2024-11-11,Não Convertido,,0.0,Conservador,Canada
185407,WhatsApp,2024-11-16,Não Convertido,,0.0,Conservador,Saint Lucia
185408,TikTok,2024-11-11,Não Convertido,,0.0,Moderado,Syrian Arab Republic
185409,TikTok,2024-11-15,Não Convertido,,0.0,Moderado,Jersey
185410,TikTok,2024-11-11,Não Convertido,,0.0,Moderado,Jordan
185411,TikTok,2024-11-16,Não Convertido,,0.0,Moderado,Ghana
185412,Facebook,2024-11-13,Não Convertido,,0.0,Desconhecido,United States of America
185413,TikTok,2024-11-13,Não Convertido,,0.0,Agressivo,Pakistan
185414,Instagram,2024-11-11,Não Convertido,,0.0,Moderado,Latvia
185415,TikTok,2024-11-11,Não Convertido,,0.0,Conservador,Pitcairn Islands
185416,Google Ads,2024-11-13,Não Convertido,,0.0,Agressivo,Paraguay
185417,Facebook,2024-11-11,Não Convertido,,0.0,Agressivo,Syrian Arab Republic
185418,TikTok,2024-11-12,Não Convertido,,0.0,Agressivo,Andorra
185419,WhatsApp,2024-11-11,Não Convertido,,0.0,Desconhecido,Seychelles
185420,Facebook,2024-11-14,Não Convertido,,0.0,Conservador,Vietnam
185421,Google Ads,2024-11-16,Não Convertido,,0.0,Desconhecido,Hong Kong
185422,YouTube Ads,2024-11-16,Não Convertido,,0.0,Moderado,Saint Pierre and Miquelon
185423,WhatsApp,2024-11-14,Não Convertido,,0.0,Moderado,Norfolk Island
185424,E-mail Marketing,2024-11-14,Não Convertido,,0.0,Moderado,Kazakhstan
185425,E-mail Marketing,2024-11-16,Não Convertido,,0.0,Conservador,South Africa
185426,Instagram,2024-11-15,Convertido,20.0,8366.22,Agressivo,Gabon
185427,Instagram,2024-11-13,Não Convertido,,0.0,Desconhecido,Albania
185428,Orgânico,2024-11-13,Não Convertido,,0.0,Moderado,Chile
185429,Instagram,2024-11-13,Não Convertido,,0.0,Moderado,Tuvalu
185430,TikTok,2024-11-13,Não Convertido,,0.0,Agressivo,Cocos (Keeling) Islands
185431,Google Ads,2024-11-12,Não Convertido,,0.0,Agressivo,Kuwait
185432,TikTok,2024-11-16,Não Convertido,,0.0,Conservador,Tunisia
185433,YouTube Ads,2024-11-11,Não Convertido,,0.0,Conservador,Cocos (Keeling) Islands
185434,E-mail Marketing,2024-11-13,Não Convertido,,0.0,Moderado,Lebanon
185435,WhatsApp,2024-11-11,Não Convertido,,0.0,Agressivo,Northern Mariana Islands
185436,Instagram,2024-11-14,Não Convertido,,0.0,Conservador,Denmark
185437,Orgânico,2024-11-11,Não Convertido,,0.0,Conservador,Kyrgyz Republic
185438,Orgânico,2024-11-16,Não Convertido,,0.0,Moderado,Togo
185439,Orgânico,2024-11-11,Não Convertido,,0.0,Agressivo,American Samoa
185440,WhatsApp,2024-11-13,Não Convertido,,0.0,Desconhecido,Malta
185441,E-mail Marketing,2024-11-16,Não Convertido,,0.0,Desconhecido,Mexico
185442,Google Ads,2024-11-15,Não Convertido,,0.0,Agressivo,Paraguay
185443,Indicação,2024-11-15,Não Convertido,,0.0,Moderado,Peru
185444,Orgânico,2024-11-11,Não Convertido,,0.0,Moderado,Luxembourg
185445,Facebook,2024-11-13,Não Convertido,,0.0,Conservador,Lithuania
185446,Orgânico,2024-11-13,Não Convertido,,0.0,Moderado,Cape Verde
185447,TikTok,2024-11-16,Não Convertido,,0.0,Moderado,Vietnam
185448,YouTube Ads,2024-11-15,Não Convertido,,0.0,Moderado,Samoa
185449,Orgânico,2024-11-12,Não Convertido,,0.0,Moderado,Slovakia (Slovak Republic)
185450,YouTube Ads,2024-11-16,Não Convertido,,0.0,Conservador,Bolivia
185451,E-mail Marketing,2024-11-13,Não Convertido,,0.0,Agressivo,Uganda
185452,Facebook,2024-11-15,Não Convertido,,0.0,Conservador,Cayman Islands
185453,Instagram,2024-11-15,Não Convertido,,0.0,Conservador,Nauru
185454,Instagram,2024-11-12,Não Convertido,,0.0,Desconhecido,Antarctica (the territory South of 60 deg S)
185455,Orgânico,2024-11-15,Não Convertido,,0.0,Moderado,Latvia
185456,Orgânico,2024-11-15,Não Convertido,,0.0,Conservador,Nauru
185457,YouTube Ads,2024-11-14,Não Convertido,,0.0,Conservador,Palau
185458,Instagram,2024-11-11,Não Convertido,,0.0,Moderado,Hungary
185459,WhatsApp,2024-11-14,Não Convertido,,0.0,Agressivo,Saint Barthelemy
185460,Indicação,2024-11-16,Não Convertido,,0.0,Conservador,Sri Lanka
185461,Orgânico,2024-11-15,Convertido,17.0,2555.46,Conservador,Slovakia (Slovak Republic)
185462,WhatsApp,2024-11-14,Não Convertido,,0.0,Conservador,Thailand
185463,Orgânico,2024-11-16,Não Convertido,,0.0,Desconhecido,Guinea
185464,E-mail Marketing,2024-11-13,Não Convertido,,0.0,Moderado,Tajikistan
185465,Instagram,2024-11-14,Não Convertido,,0.0,Desconhecido,Cameroon
185466,E-mail Marketing,2024-11-15,Não Convertido,,0.0,Agressivo,Cyprus
185467,Orgânico,2024-11-12,Não Convertido,,0.0,Conservador,Comoros
185468,Google Ads,2024-11-13,Não Convertido,,0.0,Agressivo,Malaysia
185469,WhatsApp,2024-11-13,Não Convertido,,0.0,Moderado,San Marino
185470,Indicação,2024-11-15,Não Convertido,,0.0,Conservador,Tonga
185471,YouTube Ads,2024-11-11,Não Convertido,,0.0,Moderado,Suriname
185472,Orgânico,2024-11-12,Não Convertido,,0.0,Moderado,Yemen
185473,YouTube Ads,2024-11-14,Não Convertido,,0.0,Agressivo,Sao Tome and Principe
185474,Orgânico,2024-11-14,Não Convertido,,0.0,Agressivo,Cook Islands
185475,Google Ads,2024-11-11,Não Convertido,,0.0,Agressivo,Sweden
185476,Orgânico,2024-11-14,Não Convertido,,0.0,Agressivo,South Africa
185477,Google Ads,2024-11-16,Não Convertido,,0.0,Agressivo,Hungary
185478,TikTok,2024-11-16,Não Convertido,,0.0,Moderado,French Southern Territories
185479,Orgânico,2024-11-15,Não Convertido,,0.0,Agressivo,Guatemala
185480,Google Ads,2024-11-12,Não Convertido,,0.0,Moderado,Dominican Republic
185481,E-mail Marketing,2024-11-11,Não Convertido,,0.0,Conservador,Cook Islands
185482,WhatsApp,2024-11-12,Não Convertido,,0.0,Moderado,Ghana
185483,Instagram,2024-11-14,Não Convertido,,0.0,Agressivo,United States Virgin Islands
185484,Instagram,2024-11-11,Não Convertido,,0.0,Moderado,Northern Mariana Islands
185485,Google Ads,2024-11-14,Não Convertido,,0.0,Moderado,Macao
185486,Orgânico,2024-11-16,Não Convertido,,0.0,Moderado,China
185487,YouTube Ads,2024-11-12,Não Convertido,,0.0,Agressivo,Haiti
185488,TikTok,2024-11-11,Não Convertido,,0.0,Moderado,Vietnam
185489,Facebook,2024-11-14,Não Convertido,,0.0,Moderado,Costa Rica
185490,Google Ads,2024-11-15,Não Convertido,,0.0,Conservador,Afghanistan
185491,Orgânico,2024-11-15,Não Convertido,,0.0,Desconhecido,Uzbekistan
185492,YouTube Ads,2024-11-16,Não Convertido,,0.0,Desconhecido,Malawi
185493,Facebook,2024-11-16,Não Convertido,,0.0,Moderado,Niger
185494,Facebook,2024-11-12,Não Convertido,,0.0,Moderado,Cook Islands
185495,Orgânico,2024-11-14,Não Convertido,,0.0,Agressivo,Djibouti
185496,Orgânico,2024-11-11,Não Convertido,,0.0,Moderado,Kuwait
185497,Orgânico,2024-11-15,Não Convertido,,0.0,Conservador,Malta
185498,Instagram,2024-11-12,Não Convertido,,0.0,Agressivo,Lesotho
185499,E-mail Marketing,2024-11-13,Não Convertido,,0.0,Moderado,Oman
185500,TikTok,2024-11-13,Não Convertido,,0.0,Moderado,Ghana
185501,Facebook,2024-11-12,Não Convertido,,0.0,Moderado,Libyan Arab Jamahiriya
185502,Instagram,2024-11-11,Não Convertido,,0.0,Conservador,Denmark
185503,Instagram,2024-11-13,Não Convertido,,0.0,Conservador,Wallis and Futuna
185504,Indicação,2024-11-15,Não Convertido,,0.0,Moderado,Faroe Islands
185505,E-mail Marketing,2024-11-12,Não Convertido,,0.0,Agressivo,Georgia
185506,Orgânico,2024-11-15,Não Convertido,,0.0,Moderado,Benin
185507,Google Ads,2024-11-16,Não Convertido,,0.0,Agressivo,Saint Lucia
185508,WhatsApp,2024-11-11,Não Convertido,,0.0,Agressivo,Svalbard & Jan Mayen Islands
185509,Indicação,2024-11-15,Convertido,23.0,2667.66,Moderado,Turkey
185510,Indicação,2024-11-16,Não Convertido,,0.0,Conservador,Mongolia
185511,TikTok,2024-11-16,Não Convertido,,0.0,Agressivo,Singapore
185512,E-mail Marketing,2024-11-14,Não Convertido,,0.0,Agressivo,Saint Martin
185513,Orgânico,2024-11-11,Não Convertido,,0.0,Agressivo,Isle of Man
185514,TikTok,2024-11-16,Não Convertido,,0.0,Desconhecido,Tajikistan
185515,Orgânico,2024-11-11,Não Convertido,,0.0,Moderado,Andorra
185516,Orgânico,2024-11-15,Não Convertido,,0.0,Moderado,Luxembourg
185517,Orgânico,2024-11-14,Não Convertido,,0.0,Conservador,British Indian Ocean Territory (Chagos Archipelago)
185518,E-mail Marketing,2024-11-14,Não Convertido,,0.0,Agressivo,Barbados
185519,Facebook,2024-11-15,Não Convertido,,0.0,Agressivo,Azerbaijan
185520,Google Ads,2024-11-14,Não Convertido,,0.0,Agressivo,Korea
185521,WhatsApp,2024-11-16,Não Convertido,,0.0,Moderado,South Africa
185522,Orgânico,2024-11-13,Não Convertido,,0.0,Moderado,Isle of Man
185523,Google Ads,2024-11-11,Não Convertido,,0.0,Agressivo,Trinidad and Tobago
185524,Orgânico,2024-11-11,Não Convertido,,0.0,Desconhecido,Grenada
185525,Orgânico,2024-11-11,Não Convertido,,0.0,Conservador,Central African Republic
185526,Orgânico,2024-11-16,Não Convertido,,0.0,Agressivo,Liberia
185527,Orgânico,2024-11-16,Não Convertido,,0.0,Conservador,Hungary
185528,Orgânico,2024-11-13,Não Convertido,,0.0,Agressivo,Poland
185529,Facebook,2024-11-16,Não Convertido,,0.0,Agressivo,Romania
185530,WhatsApp,2024-11-12,Não Convertido,,0.0,Moderado,France
185531,Orgânico,2024-11-15,Não Convertido,,0.0,Agressivo,Tanzania
185532,Instagram,2024-11-14,Não Convertido,,0.0,Agressivo,Cote d'Ivoire
185533,TikTok,2024-11-15,Não Convertido,,0.0,Moderado,Bosnia and Herzegovina
185534,Google Ads,2024-11-15,Não Convertido,,0.0,Agressivo,Nigeria
185535,WhatsApp,2024-11-11,Não Convertido,,0.0,Moderado,Azerbaijan
185536,Orgânico,2024-11-16,Não Convertido,,0.0,Moderado,Saint Martin
185537,Orgânico,2024-11-13,Não Convertido,,0.0,Agressivo,Grenada
185538,Orgânico,2024-11-15,Não Convertido,,0.0,Moderado,Kiribati
185539,YouTube Ads,2024-11-15,Não Convertido,,0.0,Agressivo,Mongolia
185540,Orgânico,2024-11-15,Não Convertido,,0.0,Moderado,Papua New Guinea
185541,TikTok,2024-11-15,Não Convertido,,0.0,Agressivo,Micronesia
185542,Google Ads,2024-11-12,Não Convertido,,0.0,Conservador,Kiribati
185543,Facebook,2024-11-14,Não Convertido,,0.0,Conservador,Honduras
185544,TikTok,2024-11-16,Não Convertido,,0.0,Agressivo,Andorra
185545,Instagram,2024-11-12,Não Convertido,,0.0,Agressivo,Kenya
185546,Instagram,2024-11-15,Não Convertido,,0.0,Moderado,Eritrea
185547,WhatsApp,2024-11-14,Não Convertido,,0.0,Conservador,Brunei Darussalam
185548,Instagram,2024-11-13,Convertido,18.0,7440.31,Conservador,Uzbekistan
185549,TikTok,2024-11-14,Convertido,15.0,2035.75,Agressivo,Croatia
185550,Google Ads,2024-11-13,Não Convertido,,0.0,Moderado,China
185551,E-mail Marketing,2024-11-15,Não Convertido,,0.0,Agressivo,Solomon Islands
185552,WhatsApp,2024-11-11,Não Convertido,,0.0,Agressivo,Saint Pierre and Miquelon
185553,YouTube Ads,2024-11-11,Não Convertido,,0.0,Agressivo,France
185554,E-mail Marketing,2024-11-12,Não Convertido,,0.0,Conservador,Mozambique
185555,Indicação,2024-11-12,Não Convertido,,0.0,Desconhecido,Bahrain
185556,Instagram,2024-11-11,Não Convertido,,0.0,Desconhecido,United States Minor Outlying Islands
185557,Instagram,2024-11-14,Não Convertido,,0.0,Conservador,Botswana
185558,TikTok,2024-11-16,Não Convertido,,0.0,Moderado,Niger
185559,Google Ads,2024-11-16,Não Convertido,,0.0,Desconhecido,Thailand
185560,Instagram,2024-11-16,Não Convertido,,0.0,Agressivo,Netherlands Antilles
185561,E-mail Marketing,2024-11-12,Não Convertido,,0.0,Conservador,Montserrat
185562,Indicação,2024-11-14,Não Convertido,,0.0,Moderado,Dominica
185563,Instagram,2024-11-14,Convertido,2.0,4203.36,Moderado,Suriname
185564,Orgânico,2024-11-12,Não Convertido,,0.0,Agressivo,Nepal
185565,TikTok,2024-11-15,Não Convertido,,0.0,Conservador,Gabon
185566,WhatsApp,2024-11-11,Não Convertido,,0.0,Conservador,Denmark
185567,Google Ads,2024-11-14,Não Convertido,,0.0,Moderado,Brunei Darussalam
185568,Google Ads,2024-11-13,Não Convertido,,0.0,Moderado,Jamaica
185569,Instagram,2024-11-12,Convertido,5.0,2674.34,Agressivo,Switzerland
185570,Indicação,2024-11-15,Não Convertido,,0.0,Agressivo,Tajikistan
185571,WhatsApp,2024-11-11,Não Convertido,,0.0,Moderado,Morocco
185572,YouTube Ads,2024-11-13,Não Convertido,,0.0,Desconhecido,Aruba
185573,Instagram,2024-11-12,Não Convertido,,0.0,Conservador,Heard Island and McDonald Islands
185574,Facebook,2024-11-13,Não Convertido,,0.0,Agressivo,Western Sahara
185575,Facebook,2024-11-13,Não Convertido,,0.0,Moderado,Rwanda
185576,YouTube Ads,2024-11-15,Não Convertido,,0.0,Moderado,Kuwait
185577,Orgânico,2024-11-15,Não Convertido,,0.0,Desconhecido,British Indian Ocean Territory (Chagos Archipelago)
185578,Google Ads,2024-11-12,Não Convertido,,0.0,Agressivo,United States Minor Outlying Islands
185579,WhatsApp,2024-11-16,Não Convertido,,0.0,Conservador,Tunisia
185580,Google Ads,2024-11-13,Não Convertido,,0.0,Agressivo,Denmark
185581,Instagram,2024-11-12,Não Convertido,,0.0,Conservador,Liberia
185582,WhatsApp,2024-11-15,Não Convertido,,0.0,Moderado,Palau
185583,TikTok,2024-11-16,Não Convertido,,0.0,Agressivo,Belarus
185584,Google Ads,2024-11-11,Não Convertido,,0.0,Agressivo,Netherlands
185585,Orgânico,2024-11-16,Não Convertido,,0.0,Conservador,Holy See (Vatican City State)
185586,Google Ads,2024-11-12,Não Convertido,,0.0,Agressivo,Bahamas
185587,Orgânico,2024-11-13,Não Convertido,,0.0,Conservador,Tonga
185588,Instagram,2024-11-15,Não Convertido,,0.0,Conservador,Israel
185589,TikTok,2024-11-14,Não Convertido,,0.0,Moderado,Iraq
185590,Google Ads,2024-11-13,Não Convertido,,0.0,Agressivo,Indonesia
185591,Indicação,2024-11-11,Não Convertido,,0.0,Desconhecido,Sierra Leone
185592,Facebook,2024-11-14,Não Convertido,,0.0,Conservador,Singapore
185593,Google Ads,2024-11-14,Não Convertido,,0.0,Agressivo,Western Sahara
185594,TikTok,2024-11-11,Não Convertido,,0.0,Moderado,Iraq
185595,Facebook,2024-11-11,Não Convertido,,0.0,Agressivo,Philippines
185596,E-mail Marketing,2024-11-12,Não Convertido,,0.0,Moderado,Spain
185597,TikTok,2024-11-12,Não Convertido,,0.0,Desconhecido,Syrian Arab Republic
185598,Google Ads,2024-11-15,Não Convertido,,0.0,Moderado,Denmark
185599,TikTok,2024-11-13,Não Convertido,,0.0,Moderado,Sweden
185600,Instagram,2024-11-14,Não Convertido,,0.0,Moderado,Jersey
185601,Orgânico,2024-11-16,Não Convertido,,0.0,Desconhecido,Costa Rica
185602,TikTok,2024-11-16,Não Convertido,,0.0,Moderado,United States of America
185603,Orgânico,2024-11-15,Não Convertido,,0.0,Conservador,Turkey
185604,Orgânico,2024-11-12,Não Convertido,,0.0,Conservador,United States Minor Outlying Islands
185605,E-mail Marketing,2024-11-11,Não Convertido,,0.0,Moderado,Zimbabwe
185606,Indicação,2024-11-13,Não Convertido,,0.0,Moderado,Korea
185607,Instagram,2024-11-15,Não Convertido,,0.0,Conservador,Guam
185608,Instagram,2024-11-16,Não Convertido,,0.0,Conservador,American Samoa
185609,Google Ads,2024-11-16,Não Convertido,,0.0,Moderado,Burkina Faso
185610,Instagram,2024-11-16,Não Convertido,,0.0,Moderado,Cook Islands
185611,WhatsApp,2024-11-12,Não Convertido,,0.0,Moderado,Taiwan
185612,Instagram,2024-11-14,Não Convertido,,0.0,Agressivo,Jordan
185613,YouTube Ads,2024-11-15,Convertido,14.0,7017.8,Moderado,British Virgin Islands
185614,E-mail Marketing,2024-11-14,Convertido,9.0,1594.23,Agressivo,Spain
185615,TikTok,2024-11-13,Não Convertido,,0.0,Moderado,Palestinian Territory
185616,Google Ads,2024-11-16,Não Convertido,,0.0,Agressivo,Croatia
185617,Facebook,2024-11-11,Não Convertido,,0.0,Moderado,New Caledonia
185618,Instagram,2024-11-16,Não Convertido,,0.0,Moderado,Honduras
185619,Facebook,2024-11-16,Não Convertido,,0.0,Moderado,Nicaragua
185620,Indicação,2024-11-16,Não Convertido,,0.0,Agressivo,Cayman Islands
185621,Facebook,2024-11-13,Não Convertido,,0.0,Moderado,Costa Rica
185622,Orgânico,2024-11-12,Não Convertido,,0.0,Moderado,Bahrain
185623,E-mail Marketing,2024-11-15,Não Convertido,,0.0,Agressivo,Turkey
185624,Orgânico,2024-11-14,Não Convertido,,0.0,Conservador,Eritrea
185625,Orgânico,2024-11-16,Não Convertido,,0.0,Conservador,Lithuania
185626,Instagram,2024-11-15,Não Convertido,,0.0,Conservador,Greece
185627,Facebook,2024-11-12,Não Convertido,,0.0,Moderado,Heard Island and McDonald Islands
185628,WhatsApp,2024-11-14,Não Convertido,,0.0,Conservador,Montenegro
185629,Indicação,2024-11-16,Não Convertido,,0.0,Agressivo,Tunisia
185630,Orgânico,2024-11-13,Não Convertido,,0.0,Agressivo,Turkmenistan
185631,Orgânico,2024-11-15,Convertido,10.0,5475.39,Agressivo,Singapore
185632,TikTok,2024-11-16,Não Convertido,,0.0,Agressivo,Nauru
185633,YouTube Ads,2024-11-12,Não Convertido,,0.0,Moderado,Chad
185634,TikTok,2024-11-15,Não Convertido,,0.0,Agressivo,Haiti
185635,Google Ads,2024-11-11,Não Convertido,,0.0,Agressivo,Greece
185636,TikTok,2024-11-13,Não Convertido,,0.0,Moderado,El Salvador
185637,Orgânico,2024-11-11,Não Convertido,,0.0,Agressivo,United States Virgin Islands
185638,Facebook,2024-11-14,Não Convertido,,0.0,Moderado,Austria
185639,TikTok,2024-11-15,Não Convertido,,0.0,Agressivo,Tonga
185640,YouTube Ads,2024-11-15,Não Convertido,,0.0,Moderado,Myanmar
185641,Google Ads,2024-11-14,Não Convertido,,0.0,Conservador,Switzerland
185642,Google Ads,2024-11-16,Não Convertido,,0.0,Conservador,Eritrea
185643,Instagram,2024-11-11,Não Convertido,,0.0,Moderado,Montserrat
185644,YouTube Ads,2024-11-15,Não Convertido,,0.0,Moderado,Kiribati
185645,Instagram,2024-11-13,Não Convertido,,0.0,Desconhecido,Australia
185646,Orgânico,2024-11-14,Não Convertido,,0.0,Moderado,Mali
185647,TikTok,2024-11-11,Não Convertido,,0.0,Moderado,Armenia
185648,Google Ads,2024-11-14,Não Convertido,,0.0,Conservador,Grenada
185649,Instagram,2024-11-13,Não Convertido,,0.0,Conservador,Japan
185650,E-mail Marketing,2024-11-14,Não Convertido,,0.0,Agressivo,Russian Federation
185651,TikTok,2024-11-16,Não Convertido,,0.0,Desconhecido,Gambia
185652,Orgânico,2024-11-16,Não Convertido,,0.0,Conservador,Ukraine
185653,Facebook,2024-11-12,Não Convertido,,0.0,Conservador,Morocco
185654,Orgânico,2024-11-14,Não Convertido,,0.0,Agressivo,Afghanistan
185655,E-mail Marketing,2024-11-15,Não Convertido,,0.0,Desconhecido,Greece
185656,Orgânico,2024-11-11,Não Convertido,,0.0,Desconhecido,Togo
185657,Google Ads,2024-11-14,Não Convertido,,0.0,Agressivo,American Samoa
185658,Facebook,2024-11-14,Não Convertido,,0.0,Moderado,Liechtenstein
185659,Google Ads,2024-11-11,Não Convertido,,0.0,Moderado,Saint Martin
185660,Orgânico,2024-11-12,Não Convertido,,0.0,Moderado,Portugal
185661,Indicação,2024-11-16,Não Convertido,,0.0,Moderado,Luxembourg
185662,Orgânico,2024-11-14,Não Convertido,,0.0,Moderado,French Guiana
185663,Indicação,2024-11-16,Não Convertido,,0.0,Moderado,Tokelau
185664,E-mail Marketing,2024-11-11,Não Convertido,,0.0,Agressivo,Israel
185665,TikTok,2024-11-16,Não Convertido,,0.0,Moderado,Finland
185666,Instagram,2024-11-16,Não Convertido,,0.0,Agressivo,Samoa
185667,E-mail Marketing,2024-11-15,Não Convertido,,0.0,Moderado,Isle of Man
185668,TikTok,2024-11-11,Não Convertido,,0.0,Agressivo,Azerbaijan
185669,Orgânico,2024-11-16,Não Convertido,,0.0,Moderado,Morocco
185670,Google Ads,2024-11-12,Não Convertido,,0.0,Moderado,French Southern Territories
185671,Indicação,2024-11-12,Não Convertido,,0.0,Agressivo,Moldova
185672,Google Ads,2024-11-14,Não Convertido,,0.0,Agressivo,Bolivia
185673,Indicação,2024-11-13,Não Convertido,,0.0,Moderado,Japan
185674,Google Ads,2024-11-15,Não Convertido,,0.0,Moderado,Georgia
185675,WhatsApp,2024-11-11,Não Convertido,,0.0,Moderado,Libyan Arab Jamahiriya
185676,Orgânico,2024-11-16,Não Convertido,,0.0,Agressivo,British Virgin Islands
185677,Google Ads,2024-11-12,Convertido,13.0,6471.62,Moderado,Philippines
185678,Indicação,2024-11-16,Não Convertido,,0.0,Conservador,Saudi Arabia
185679,TikTok,2024-11-16,Não Convertido,,0.0,Agressivo,Tajikistan
185680,Orgânico,2024-11-11,Não Convertido,,0.0,Moderado,Bosnia and Herzegovina
185681,YouTube Ads,2024-11-14,Não Convertido,,0.0,Conservador,Namibia
185682,YouTube Ads,2024-11-15,Não Convertido,,0.0,Conservador,France
185683,E-mail Marketing,2024-11-11,Não Convertido,,0.0,Moderado,Cote d'Ivoire
185684,WhatsApp,2024-11-16,Não Convertido,,0.0,Agressivo,Lithuania
185685,Orgânico,2024-11-11,Não Convertido,,0.0,Moderado,Tonga
185686,Facebook,2024-11-16,Não Convertido,,0.0,Agressivo,Cape Verde
185687,Facebook,2024-11-11,Não Convertido,,0.0,Moderado,Australia
185688,Facebook,2024-11-15,Não Convertido,,0.0,Agressivo,Tajikistan
185689,Instagram,2024-11-13,Não Convertido,,0.0,Agressivo,Argentina
185690,TikTok,2024-11-11,Não Convertido,,0.0,Conservador,Mali
185691,Google Ads,2024-11-15,Não Convertido,,0.0,Agressivo,Turkey
185692,E-mail Marketing,2024-11-11,Não Convertido,,0.0,Moderado,Kazakhstan
185693,E-mail Marketing,2024-11-14,Não Convertido,,0.0,Conservador,Belarus
185694,WhatsApp,2024-11-16,Não Convertido,,0.0,Moderado,Tunisia
185695,Orgânico,2024-11-15,Não Convertido,,0.0,Moderado,Cook Islands
185696,YouTube Ads,2024-11-16,Não Convertido,,0.0,Moderado,Djibouti
185697,Instagram,2024-11-12,Não Convertido,,0.0,Agressivo,Jordan
185698,Google Ads,2024-11-14,Não Convertido,,0.0,Agressivo,Aruba
185699,Google Ads,2024-11-14,Não Convertido,,0.0,Moderado,Falkland Islands (Malvinas)
185700,Instagram,2024-11-16,Não Convertido,,0.0,Desconhecido,North Macedonia
185701,E-mail Marketing,2024-11-11,Não Convertido,,0.0,Conservador,Austria
185702,Indicação,2024-11-15,Não Convertido,,0.0,Agressivo,Svalbard & Jan Mayen Islands
185703,Google Ads,2024-11-16,Não Convertido,,0.0,Conservador,Macao
185704,Orgânico,2024-11-14,Não Convertido,,0.0,Agressivo,Korea
185705,TikTok,2024-11-12,Não Convertido,,0.0,Agressivo,Korea
185706,WhatsApp,2024-11-12,Não Convertido,,0.0,Moderado,Equatorial Guinea
185707,Facebook,2024-11-12,Não Convertido,,0.0,Conservador,Chad
185708,WhatsApp,2024-11-13,Convertido,7.0,8702.89,Moderado,Chile
185709,Instagram,2024-11-16,Não Convertido,,0.0,Moderado,Tonga
185710,Orgânico,2024-11-15,Não Convertido,,0.0,Agressivo,Micronesia
185711,Indicação,2024-11-16,Não Convertido,,0.0,Moderado,Afghanistan
185712,YouTube Ads,2024-11-16,Não Convertido,,0.0,Agressivo,Sao Tome and Principe
185713,Facebook,2024-11-11,Convertido,20.0,7237.85,Conservador,Nauru
185714,Orgânico,2024-11-13,Convertido,13.0,9525.98,Conservador,Christmas Island
185715,WhatsApp,2024-11-13,Convertido,9.0,2454.56,Moderado,United Arab Emirates
185716,Instagram,2024-11-16,Não Convertido,,0.0,Moderado,Qatar
185717,TikTok,2024-11-16,Não Convertido,,0.0,Moderado,Morocco
185718,Google Ads,2024-11-11,Não Convertido,,0.0,Desconhecido,Lithuania
185719,E-mail Marketing,2024-11-12,Não Convertido,,0.0,Agressivo,Tokelau
185720,TikTok,2024-11-15,Não Convertido,,0.0,Desconhecido,Egypt
185721,Instagram,2024-11-15,Não Convertido,,0.0,Desconhecido,Egypt
185722,Instagram,2024-11-11,Não Convertido,,0.0,Conservador,Jamaica
185723,Indicação,2024-11-11,Não Convertido,,0.0,Moderado,Jordan
185724,YouTube Ads,2024-11-11,Não Convertido,,0.0,Conservador,Germany
185725,Instagram,2024-11-15,Não Convertido,,0.0,Conservador,Gabon
185726,Instagram,2024-11-16,Não Convertido,,0.0,Moderado,Thailand
185727,TikTok,2024-11-12,Não Convertido,,0.0,Moderado,Norfolk Island
185728,Orgânico,2024-11-16,Não Convertido,,0.0,Moderado,Japan
185729,TikTok,2024-11-15,Não Convertido,,0.0,Moderado,Guadeloupe
185730,Orgânico,2024-11-15,Não Convertido,,0.0,Conservador,Mexico
185731,TikTok,2024-11-15,Não Convertido,,0.0,Agressivo,France
185732,Facebook,2024-11-15,Não Convertido,,0.0,Agressivo,Cote d'Ivoire
185733,TikTok,2024-11-11,Convertido,19.0,7245.65,Agressivo,Grenada
185734,Instagram,2024-11-11,Não Convertido,,0.0,Conservador,Lebanon
185735,Instagram,2024-11-11,Não Convertido,,0.0,Moderado,Jamaica
185736,Indicação,2024-11-15,Não Convertido,,0.0,Agressivo,Swaziland
185737,Instagram,2024-11-16,Não Convertido,,0.0,Conservador,Hungary
185738,E-mail Marketing,2024-11-16,Não Convertido,,0.0,Desconhecido,Cocos (Keeling) Islands
185739,Orgânico,2024-11-14,Não Convertido,,0.0,Moderado,Lithuania
185740,TikTok,2024-11-11,Não Convertido,,0.0,Moderado,Belarus
185741,TikTok,2024-11-11,Não Convertido,,0.0,Conservador,Cote d'Ivoire
185742,Orgânico,2024-11-11,Não Convertido,,0.0,Moderado,Namibia
185743,E-mail Marketing,2024-11-13,Não Convertido,,0.0,Conservador,Ethiopia
185744,TikTok,2024-11-11,Não Convertido,,0.0,Moderado,Dominica
185745,Instagram,2024-11-15,Não Convertido,,0.0,Agressivo,Bolivia
185746,Google Ads,2024-11-16,Não Convertido,,0.0,Agressivo,Cyprus
185747,WhatsApp,2024-11-16,Não Convertido,,0.0,Moderado,Belarus
185748,Facebook,2024-11-11,Não Convertido,,0.0,Moderado,Lebanon
185749,Indicação,2024-11-11,Não Convertido,,0.0,Moderado,Georgia
185750,WhatsApp,2024-11-15,Não Convertido,,0.0,Agressivo,Latvia
185751,Instagram,2024-11-16,Não Convertido,,0.0,Agressivo,Venezuela
185752,Facebook,2024-11-11,Não Convertido,,0.0,Desconhecido,Uruguay
185753,Orgânico,2024-11-14,Não Convertido,,0.0,Moderado,Kuwait
185754,Facebook,2024-11-15,Não Convertido,,0.0,Moderado,Iraq
185755,Instagram,2024-11-12,Não Convertido,,0.0,Moderado,El Salvador
185756,Instagram,2024-11-16,Não Convertido,,0.0,Moderado,Sao Tome and Principe
185757,Indicação,2024-11-15,Não Convertido,,0.0,Agressivo,Ecuador
185758,Orgânico,2024-11-16,Não Convertido,,0.0,Agressivo,Puerto Rico
185759,Instagram,2024-11-16,Não Convertido,,0.0,Moderado,Malaysia
185760,Google Ads,2024-11-12,Não Convertido,,0.0,Conservador,Saint Kitts and Nevis
185761,Orgânico,2024-11-14,Não Convertido,,0.0,Moderado,Egypt
185762,E-mail Marketing,2024-11-12,Não Convertido,,0.0,Moderado,Brazil
185763,E-mail Marketing,2024-11-15,Convertido,7.0,1959.84,Agressivo,Yemen
185764,Facebook,2024-11-16,Não Convertido,,0.0,Conservador,Tanzania
185765,Orgânico,2024-11-13,Não Convertido,,0.0,Agressivo,Zambia
185766,Facebook,2024-11-13,Não Convertido,,0.0,Agressivo,Saint Pierre and Miquelon
185767,Facebook,2024-11-11,Não Convertido,,0.0,Conservador,Bolivia
185768,TikTok,2024-11-11,Não Convertido,,0.0,Conservador,Central African Republic
185769,Instagram,2024-11-11,Não Convertido,,0.0,Moderado,Macao
185770,Instagram,2024-11-11,Não Convertido,,0.0,Desconhecido,Malawi
185771,Orgânico,2024-11-15,Não Convertido,,0.0,Agressivo,Saudi Arabia
185772,YouTube Ads,2024-11-15,Convertido,30.0,5788.36,Conservador,Sierra Leone
185773,Instagram,2024-11-12,Não Convertido,,0.0,Conservador,Ghana
185774,Orgânico,2024-11-11,Não Convertido,,0.0,Conservador,Bahamas
185775,Instagram,2024-11-13,Convertido,9.0,1540.87,Agressivo,Cocos (Keeling) Islands
185776,TikTok,2024-11-13,Não Convertido,,0.0,Moderado,Vanuatu
185777,YouTube Ads,2024-11-15,Não Convertido,,0.0,Desconhecido,Nepal
185778,Orgânico,2024-11-11,Não Convertido,,0.0,Conservador,Wallis and Futuna
185779,TikTok,2024-11-12,Não Convertido,,0.0,Conservador,Taiwan
185780,Google Ads,2024-11-13,Não Convertido,,0.0,Moderado,Solomon Islands
185781,Indicação,2024-11-15,Não Convertido,,0.0,Agressivo,Venezuela
185782,WhatsApp,2024-11-14,Não Convertido,,0.0,Moderado,Hungary
185783,TikTok,2024-11-14,Não Convertido,,0.0,Agressivo,Netherlands Antilles
185784,Orgânico,2024-11-15,Não Convertido,,0.0,Moderado,Cameroon
185785,TikTok,2024-11-14,Não Convertido,,0.0,Moderado,Falkland Islands (Malvinas)
185786,TikTok,2024-11-14,Não Convertido,,0.0,Conservador,Sierra Leone
185787,Indicação,2024-11-13,Convertido,17.0,5908.11,Moderado,Kyrgyz Republic
185788,E-mail Marketing,2024-11-14,Não Convertido,,0.0,Conservador,Australia
185789,Indicação,2024-11-11,Convertido,23.0,7125.82,Moderado,Mali
185790,Google Ads,2024-11-13,Não Convertido,,0.0,Agressivo,Cameroon
185791,Facebook,2024-11-13,Não Convertido,,0.0,Agressivo,Tunisia
185792,Orgânico,2024-11-11,Não Convertido,,0.0,Conservador,Cyprus
185793,Orgânico,2024-11-13,Não Convertido,,0.0,Moderado,Estonia
185794,Orgânico,2024-11-14,Não Convertido,,0.0,Desconhecido,Montenegro
185795,Instagram,2024-11-11,Não Convertido,,0.0,Agressivo,Zimbabwe
185796,Instagram,2024-11-12,Não Convertido,,0.0,Desconhecido,Tunisia
185797,Orgânico,2024-11-12,Não Convertido,,0.0,Conservador,Cape Verde
185798,E-mail Marketing,2024-11-16,Não Convertido,,0.0,Desconhecido,Turkey
185799,Instagram,2024-11-15,Não Convertido,,0.0,Conservador,Netherlands
185800,TikTok,2024-11-12,Não Convertido,,0.0,Moderado,Togo
185801,Instagram,2024-11-15,Não Convertido,,0.0,Agressivo,Tonga
185802,E-mail Marketing,2024-11-14,Não Convertido,,0.0,Moderado,Uzbekistan
185803,E-mail Marketing,2024-11-14,Não Convertido,,0.0,Moderado,Sierra Leone
185804,E-mail Marketing,2024-11-16,Não Convertido,,0.0,Moderado,Central African Republic
185805,Orgânico,2024-11-11,Não Convertido,,0.0,Moderado,Yemen
185806,E-mail Marketing,2024-11-15,Não Convertido,,0.0,Conservador,Puerto Rico
185807,TikTok,2024-11-14,Convertido,6.0,6216.11,Moderado,Brazil
185808,Orgânico,2024-11-15,Não Convertido,,0.0,Agressivo,Kuwait
185809,E-mail Marketing,2024-11-16,Não Convertido,,0.0,Moderado,Liberia
185810,Facebook,2024-11-15,Não Convertido,,0.0,Moderado,Jamaica
185811,Facebook,2024-11-11,Não Convertido,,0.0,Conservador,Maldives
185812,Instagram,2024-11-12,Não Convertido,,0.0,Desconhecido,Mongolia
185813,E-mail Marketing,2024-11-16,Não Convertido,,0.0,Moderado,Iraq
185814,Google Ads,2024-11-15,Não Convertido,,0.0,Conservador,Guam
185815,WhatsApp,2024-11-12,Não Convertido,,0.0,Desconhecido,Netherlands
185816,E-mail Marketing,2024-11-14,Não Convertido,,0.0,Agressivo,Tonga
185817,Facebook,2024-11-16,Não Convertido,,0.0,Moderado,United States of America
185818,E-mail Marketing,2024-11-16,Não Convertido,,0.0,Moderado,Faroe Islands
185819,Instagram,2024-11-16,Não Convertido,,0.0,Moderado,Saint Kitts and Nevis
185820,Orgânico,2024-11-13,Não Convertido,,0.0,Moderado,Andorra
185821,Orgânico,2024-11-16,Convertido,2.0,4708.64,Moderado,Qatar
185822,Facebook,2024-11-16,Não Convertido,,0.0,Desconhecido,Vanuatu
185823,Facebook,2024-11-15,Não Convertido,,0.0,Desconhecido,Ukraine
185824,TikTok,2024-11-15,Não Convertido,,0.0,Conservador,Morocco
185825,WhatsApp,2024-11-15,Não Convertido,,0.0,Moderado,Tonga
185826,TikTok,2024-11-16,Não Convertido,,0.0,Moderado,Norfolk Island
185827,TikTok,2024-11-16,Não Convertido,,0.0,Agressivo,Nigeria
185828,Orgânico,2024-11-16,Não Convertido,,0.0,Conservador,Cuba
185829,TikTok,2024-11-12,Não Convertido,,0.0,Desconhecido,Botswana
185830,Orgânico,2024-11-12,Não Convertido,,0.0,Moderado,Russian Federation
185831,Instagram,2024-11-13,Não Convertido,,0.0,Moderado,Vietnam
185832,Orgânico,2024-11-15,Não Convertido,,0.0,Agressivo,Zambia
185833,TikTok,2024-11-11,Não Convertido,,0.0,Moderado,Uganda
185834,Orgânico,2024-11-14,Não Convertido,,0.0,Desconhecido,Peru
185835,Google Ads,2024-11-12,Não Convertido,,0.0,Agressivo,Bulgaria
185836,Indicação,2024-11-12,Não Convertido,,0.0,Agressivo,Cameroon
185837,Google Ads,2024-11-11,Não Convertido,,0.0,Conservador,Dominican Republic
185838,Instagram,2024-11-16,Não Convertido,,0.0,Agressivo,Antarctica (the territory South of 60 deg S)
185839,Indicação,2024-11-13,Não Convertido,,0.0,Desconhecido,Slovenia
185840,Indicação,2024-11-12,Não Convertido,,0.0,Agressivo,Romania
185841,Instagram,2024-11-12,Não Convertido,,0.0,Conservador,Ghana
185842,Orgânico,2024-11-15,Não Convertido,,0.0,Desconhecido,Russian Federation
185843,Google Ads,2024-11-14,Não Convertido,,0.0,Agressivo,Fiji
185844,Google Ads,2024-11-15,Não Convertido,,0.0,Agressivo,Puerto Rico
185845,Orgânico,2024-11-12,Não Convertido,,0.0,Agressivo,Austria
185846,Google Ads,2024-11-13,Não Convertido,,0.0,Agressivo,Germany
185847,Google Ads,2024-11-15,Não Convertido,,0.0,Moderado,Mozambique
185848,Orgânico,2024-11-11,Não Convertido,,0.0,Agressivo,Dominican Republic
185849,Indicação,2024-11-14,Não Convertido,,0.0,Conservador,French Southern Territories
185850,Instagram,2024-11-14,Não Convertido,,0.0,Moderado,Burkina Faso
185851,Instagram,2024-11-11,Não Convertido,,0.0,Moderado,Timor-Leste
185852,Google Ads,2024-11-15,Não Convertido,,0.0,Conservador,Hungary
185853,Orgânico,2024-11-14,Não Convertido,,0.0,Moderado,Angola
185854,YouTube Ads,2024-11-15,Não Convertido,,0.0,Agressivo,Samoa
185855,Google Ads,2024-11-12,Não Convertido,,0.0,Moderado,Pakistan
185856,E-mail Marketing,2024-11-14,Não Convertido,,0.0,Moderado,Palestinian Territory
185857,Orgânico,2024-11-12,Não Convertido,,0.0,Conservador,United States Virgin Islands
185858,WhatsApp,2024-11-11,Não Convertido,,0.0,Conservador,San Marino
185859,E-mail Marketing,2024-11-14,Convertido,7.0,1987.04,Conservador,Malta
185860,E-mail Marketing,2024-11-12,Não Convertido,,0.0,Moderado,Mongolia
185861,TikTok,2024-11-15,Não Convertido,,0.0,Moderado,Germany
185862,TikTok,2024-11-13,Não Convertido,,0.0,Agressivo,Burkina Faso
185863,Google Ads,2024-11-12,Não Convertido,,0.0,Moderado,Qatar
185864,Instagram,2024-11-12,Não Convertido,,0.0,Conservador,Lithuania
185865,WhatsApp,2024-11-15,Não Convertido,,0.0,Desconhecido,Northern Mariana Islands
185866,Orgânico,2024-11-13,Não Convertido,,0.0,Moderado,Guinea-Bissau
185867,Google Ads,2024-11-15,Não Convertido,,0.0,Moderado,Venezuela
185868,Orgânico,2024-11-11,Não Convertido,,0.0,Conservador,Nauru
185869,Orgânico,2024-11-13,Não Convertido,,0.0,Conservador,Mongolia
185870,YouTube Ads,2024-11-15,Não Convertido,,0.0,Agressivo,Saint Vincent and the Grenadines
185871,Facebook,2024-11-11,Não Convertido,,0.0,Agressivo,Bolivia
185872,Orgânico,2024-11-12,Convertido,4.0,6444.31,Desconhecido,Vietnam
185873,Facebook,2024-11-11,Não Convertido,,0.0,Agressivo,Cook Islands
185874,E-mail Marketing,2024-11-11,Não Convertido,,0.0,Agressivo,Niger
185875,Indicação,2024-11-12,Não Convertido,,0.0,Moderado,Uganda
185876,Instagram,2024-11-12,Não Convertido,,0.0,Moderado,Aruba
185877,Instagram,2024-11-14,Não Convertido,,0.0,Moderado,Solomon Islands
185878,Facebook,2024-11-13,Não Convertido,,0.0,Moderado,Pitcairn Islands
185879,Instagram,2024-11-15,Não Convertido,,0.0,Agressivo,Saint Helena
185880,E-mail Marketing,2024-11-11,Não Convertido,,0.0,Conservador,Comoros
185881,Facebook,2024-11-14,Não Convertido,,0.0,Desconhecido,Malta
185882,Facebook,2024-11-15,Não Convertido,,0.0,Agressivo,Saint Lucia
185883,E-mail Marketing,2024-11-11,Não Convertido,,0.0,Agressivo,Russian Federation
185884,WhatsApp,2024-11-13,Não Convertido,,0.0,Moderado,Egypt
185885,Facebook,2024-11-11,Não Convertido,,0.0,Desconhecido,Western Sahara
185886,Google Ads,2024-11-12,Convertido,3.0,1524.22,Agressivo,Ghana
185887,Orgânico,2024-11-16,Não Convertido,,0.0,Desconhecido,Saint Vincent and the Grenadines
185888,Google Ads,2024-11-13,Não Convertido,,0.0,Moderado,Gabon
185889,Facebook,2024-11-14,Não Convertido,,0.0,Moderado,Hong Kong
185890,WhatsApp,2024-11-13,Não Convertido,,0.0,Agressivo,Solomon Islands
185891,Orgânico,2024-11-12,Não Convertido,,0.0,Agressivo,Lithuania
185892,Orgânico,2024-11-15,Não Convertido,,0.0,Agressivo,Mozambique
185893,Indicação,2024-11-15,Não Convertido,,0.0,Agressivo,Guinea
185894,Orgânico,2024-11-16,Não Convertido,,0.0,Agressivo,Fiji
185895,Google Ads,2024-11-14,Não Convertido,,0.0,Conservador,Namibia
185896,E-mail Marketing,2024-11-16,Não Convertido,,0.0,Moderado,Liechtenstein
185897,Indicação,2024-11-11,Não Convertido,,0.0,Agressivo,Panama
185898,E-mail Marketing,2024-11-11,Não Convertido,,0.0,Moderado,Panama
185899,Google Ads,2024-11-11,Não Convertido,,0.0,Conservador,Somalia
185900,Google Ads,2024-11-11,Não Convertido,,0.0,Moderado,Romania
185901,Facebook,2024-11-15,Não Convertido,,0.0,Moderado,Algeria
185902,WhatsApp,2024-11-12,Não Convertido,,0.0,Moderado,Benin
185903,Orgânico,2024-11-12,Não Convertido,,0.0,Moderado,Bosnia and Herzegovina
185904,Google Ads,2024-11-13,Não Convertido,,0.0,Moderado,Poland
185905,Orgânico,2024-11-15,Não Convertido,,0.0,Moderado,Albania
185906,Indicação,2024-11-11,Não Convertido,,0.0,Moderado,Estonia
185907,Google Ads,2024-11-12,Não Convertido,,0.0,Agressivo,United Arab Emirates
185908,TikTok,2024-11-16,Não Convertido,,0.0,Conservador,United States Virgin Islands
185909,Facebook,2024-11-11,Não Convertido,,0.0,Conservador,Cameroon
185910,Facebook,2024-11-16,Não Convertido,,0.0,Moderado,United Kingdom
185911,Google Ads,2024-11-12,Não Convertido,,0.0,Agressivo,Togo
185912,Indicação,2024-11-14,Não Convertido,,0.0,Moderado,Slovakia (Slovak Republic)
185913,E-mail Marketing,2024-11-11,Não Convertido,,0.0,Agressivo,Macao
185914,Facebook,2024-11-16,Não Convertido,,0.0,Moderado,Congo
185915,E-mail Marketing,2024-11-11,Não Convertido,,0.0,Moderado,Spain
185916,E-mail Marketing,2024-11-13,Não Convertido,,0.0,Agressivo,Lao People's Democratic Republic
185917,Orgânico,2024-11-11,Não Convertido,,0.0,Moderado,Tanzania
185918,Instagram,2024-11-11,Não Convertido,,0.0,Agressivo,French Guiana
185919,Orgânico,2024-11-12,Não Convertido,,0.0,Moderado,Liechtenstein
185920,Google Ads,2024-11-11,Convertido,6.0,3562.03,Moderado,Bosnia and Herzegovina
185921,Google Ads,2024-11-13,Não Convertido,,0.0,Moderado,Saudi Arabia
185922,Facebook,2024-11-11,Convertido,1.0,7825.11,Agressivo,Greece
185923,Orgânico,2024-11-14,Não Convertido,,0.0,Moderado,Qatar
185924,Instagram,2024-11-13,Não Convertido,,0.0,Desconhecido,Myanmar
185925,Facebook,2024-11-14,Não Convertido,,0.0,Agressivo,Monaco
185926,E-mail Marketing,2024-11-16,Não Convertido,,0.0,Moderado,Zambia
185927,Instagram,2024-11-15,Não Convertido,,0.0,Moderado,Kazakhstan
185928,TikTok,2024-11-13,Não Convertido,,0.0,Desconhecido,Turks and Caicos Islands
185929,Facebook,2024-11-14,Não Convertido,,0.0,Conservador,San Marino
185930,WhatsApp,2024-11-13,Não Convertido,,0.0,Conservador,Algeria
185931,Orgânico,2024-11-12,Não Convertido,,0.0,Desconhecido,Sweden
185932,WhatsApp,2024-11-12,Não Convertido,,0.0,Agressivo,Slovenia
185933,E-mail Marketing,2024-11-15,Não Convertido,,0.0,Moderado,Saint Helena
185934,Indicação,2024-11-13,Não Convertido,,0.0,Moderado,Guernsey
185935,WhatsApp,2024-11-11,Não Convertido,,0.0,Moderado,Mauritania
185936,Google Ads,2024-11-14,Não Convertido,,0.0,Agressivo,Mali
185937,TikTok,2024-11-16,Não Convertido,,0.0,Conservador,Armenia
185938,Google Ads,2024-11-11,Não Convertido,,0.0,Desconhecido,Liberia
185939,Indicação,2024-11-14,Não Convertido,,0.0,Agressivo,Colombia
185940,Orgânico,2024-11-12,Não Convertido,,0.0,Moderado,Lesotho
185941,TikTok,2024-11-14,Não Convertido,,0.0,Moderado,Gibraltar
185942,Orgânico,2024-11-12,Não Convertido,,0.0,Desconhecido,Jersey
185943,TikTok,2024-11-15,Não Convertido,,0.0,Moderado,Georgia
185944,Orgânico,2024-11-14,Não Convertido,,0.0,Agressivo,Christmas Island
185945,Orgânico,2024-11-11,Não Convertido,,0.0,Agressivo,Cote d'Ivoire
185946,Instagram,2024-11-15,Convertido,19.0,4642.49,Desconhecido,Paraguay
185947,Google Ads,2024-11-15,Não Convertido,,0.0,Agressivo,Western Sahara
185948,TikTok,2024-11-12,Não Convertido,,0.0,Moderado,Wallis and Futuna
185949,E-mail Marketing,2024-11-14,Não Convertido,,0.0,Agressivo,Tunisia
185950,Instagram,2024-11-13,Não Convertido,,0.0,Agressivo,Netherlands
185951,TikTok,2024-11-13,Não Convertido,,0.0,Agressivo,Taiwan
185952,TikTok,2024-11-14,Não Convertido,,0.0,Agressivo,Bulgaria
185953,E-mail Marketing,2024-11-15,Não Convertido,,0.0,Conservador,Egypt
185954,Google Ads,2024-11-13,Convertido,3.0,7575.68,Conservador,Niger
185955,Orgânico,2024-11-16,Não Convertido,,0.0,Conservador,New Zealand
185956,YouTube Ads,2024-11-14,Não Convertido,,0.0,Agressivo,Saint Pierre and Miquelon
185957,E-mail Marketing,2024-11-11,Não Convertido,,0.0,Conservador,Montserrat
185958,YouTube Ads,2024-11-12,Não Convertido,,0.0,Agressivo,Kazakhstan
185959,WhatsApp,2024-11-16,Não Convertido,,0.0,Moderado,Iceland
185960,Google Ads,2024-11-16,Não Convertido,,0.0,Agressivo,Guyana
185961,Google Ads,2024-11-14,Não Convertido,,0.0,Moderado,American Samoa
185962,Google Ads,2024-11-12,Não Convertido,,0.0,Agressivo,Trinidad and Tobago
185963,Google Ads,2024-11-12,Não Convertido,,0.0,Moderado,Northern Mariana Islands
185964,TikTok,2024-11-12,Não Convertido,,0.0,Agressivo,Netherlands
185965,Instagram,2024-11-16,Não Convertido,,0.0,Agressivo,Isle of Man
185966,TikTok,2024-11-12,Não Convertido,,0.0,Agressivo,Australia
185967,E-mail Marketing,2024-11-11,Não Convertido,,0.0,Moderado,Faroe Islands
185968,WhatsApp,2024-11-14,Não Convertido,,0.0,Agressivo,Palestinian Territory
185969,TikTok,2024-11-12,Não Convertido,,0.0,Moderado,Monaco
185970,Instagram,2024-11-13,Não Convertido,,0.0,Conservador,Montserrat
185971,WhatsApp,2024-11-15,Não Convertido,,0.0,Agressivo,Latvia
185972,YouTube Ads,2024-11-12,Não Convertido,,0.0,Conservador,Mali
185973,TikTok,2024-11-12,Não Convertido,,0.0,Conservador,Bulgaria
185974,TikTok,2024-11-16,Não Convertido,,0.0,Moderado,San Marino
185975,WhatsApp,2024-11-13,Não Convertido,,0.0,Conservador,Tuvalu
185976,Instagram,2024-11-13,Não Convertido,,0.0,Desconhecido,Gabon
185977,YouTube Ads,2024-11-12,Não Convertido,,0.0,Agressivo,French Polynesia
185978,Orgânico,2024-11-16,Não Convertido,,0.0,Moderado,Argentina
185979,Orgânico,2024-11-16,Não Convertido,,0.0,Moderado,Wallis and Futuna
185980,Instagram,2024-11-16,Não Convertido,,0.0,Agressivo,Brunei Darussalam
185981,Google Ads,2024-11-14,Não Convertido,,0.0,Conservador,Norway
185982,Google Ads,2024-11-15,Não Convertido,,0.0,Agressivo,Central African Republic
185983,Instagram,2024-11-14,Não Convertido,,0.0,Agressivo,Timor-Leste
185984,Orgânico,2024-11-16,Não Convertido,,0.0,Moderado,Saint Barthelemy
185985,TikTok,2024-11-12,Não Convertido,,0.0,Agressivo,Norway
185986,YouTube Ads,2024-11-12,Não Convertido,,0.0,Agressivo,United States Minor Outlying Islands
185987,Indicação,2024-11-12,Não Convertido,,0.0,Moderado,New Caledonia
185988,YouTube Ads,2024-11-13,Não Convertido,,0.0,Moderado,Slovakia (Slovak Republic)
185989,Orgânico,2024-11-15,Não Convertido,,0.0,Moderado,Haiti
185990,Indicação,2024-11-12,Não Convertido,,0.0,Conservador,Svalbard & Jan Mayen Islands
185991,WhatsApp,2024-11-13,Não Convertido,,0.0,Moderado,China
185992,E-mail Marketing,2024-11-15,Não Convertido,,0.0,Moderado,Saint Lucia
185993,Google Ads,2024-11-13,Não Convertido,,0.0,Agressivo,Burkina Faso
185994,Orgânico,2024-11-16,Não Convertido,,0.0,Conservador,Saint Kitts and Nevis
185995,TikTok,2024-11-15,Não Convertido,,0.0,Conservador,Cape Verde
185996,Indicação,2024-11-15,Não Convertido,,0.0,Agressivo,Jordan
185997,Orgânico,2024-11-15,Não Convertido,,0.0,Conservador,Zimbabwe
