lead_id,origem,data_cadastro,status_conversao,dias_ate_1o_trade,valor_deposito,perfil,pais
156625,Instagram,2024-09-16,Não Convertido,,0.0,Agressivo,Gambia
156626,Indicação,2024-09-17,Não Convertido,,0.0,Moderado,Jamaica
156627,WhatsApp,2024-09-17,Convertido,16.0,5448.82,Agressivo,United States Virgin Islands
156628,Orgânico,2024-09-20,Não Convertido,,0.0,Conservador,Guinea
156629,Indicação,2024-09-19,Não Convertido,,0.0,Conservador,Burundi
156630,TikTok,2024-09-19,Não Convertido,,0.0,Moderado,Czech Republic
156631,YouTube Ads,2024-09-17,Não Convertido,,0.0,Agressivo,Greece
156632,E-mail Marketing,2024-09-16,Não Convertido,,0.0,Agressivo,Ghana
156633,WhatsApp,2024-09-20,Convertido,2.0,7619.78,Agressivo,Mayotte
156634,YouTube Ads,2024-09-20,Não Convertido,,0.0,Conservador,Palestinian Territory
156635,Google Ads,2024-09-18,Não Convertido,,0.0,Moderado,Peru
156636,Google Ads,2024-09-20,Não Convertido,,0.0,Moderado,Albania
156637,TikTok,2024-09-19,Não Convertido,,0.0,Moderado,French Southern Territories
156638,Google Ads,2024-09-21,Não Convertido,,0.0,Conservador,Haiti
156639,E-mail Marketing,2024-09-20,Não Convertido,,0.0,Moderado,Bahamas
156640,E-mail Marketing,2024-09-16,Não Convertido,,0.0,Moderado,Jordan
156641,Facebook,2024-09-17,Não Convertido,,0.0,Conservador,Eritrea
156642,Instagram,2024-09-20,Não Convertido,,0.0,Agressivo,India
156643,Instagram,2024-09-20,Não Convertido,,0.0,Agressivo,Montserrat
156644,E-mail Marketing,2024-09-17,Não Convertido,,0.0,Desconhecido,Trinidad and Tobago
156645,Instagram,2024-09-19,Não Convertido,,0.0,Agressivo,Guernsey
156646,TikTok,2024-09-19,Não Convertido,,0.0,Desconhecido,Azerbaijan
156647,Orgânico,2024-09-17,Não Convertido,,0.0,Desconhecido,Chad
156648,Indicação,2024-09-17,Não Convertido,,0.0,Agressivo,Moldova
156649,Instagram,2024-09-16,Não Convertido,,0.0,Conservador,Togo
156650,Orgânico,2024-09-21,Não Convertido,,0.0,Conservador,Iran
156651,TikTok,2024-09-18,Não Convertido,,0.0,Conservador,Bahamas
156652,Instagram,2024-09-21,Não Convertido,,0.0,Moderado,Haiti
156653,YouTube Ads,2024-09-19,Não Convertido,,0.0,Conservador,Bangladesh
156654,Indicação,2024-09-19,Não Convertido,,0.0,Moderado,Eritrea
156655,Orgânico,2024-09-18,Não Convertido,,0.0,Agressivo,Grenada
156656,Google Ads,2024-09-18,Não Convertido,,0.0,Agressivo,United States Virgin Islands
156657,TikTok,2024-09-18,Não Convertido,,0.0,Agressivo,Vietnam
156658,TikTok,2024-09-18,Não Convertido,,0.0,Moderado,Montserrat
156659,Orgânico,2024-09-19,Não Convertido,,0.0,Agressivo,Kenya
156660,YouTube Ads,2024-09-17,Não Convertido,,0.0,Agressivo,Saint Vincent and the Grenadines
156661,Orgânico,2024-09-16,Não Convertido,,0.0,Agressivo,Samoa
156662,TikTok,2024-09-21,Não Convertido,,0.0,Moderado,New Zealand
156663,WhatsApp,2024-09-18,Não Convertido,,0.0,Agressivo,Martinique
156664,E-mail Marketing,2024-09-20,Não Convertido,,0.0,Conservador,French Southern Territories
156665,TikTok,2024-09-17,Não Convertido,,0.0,Agressivo,Guam
156666,Orgânico,2024-09-17,Não Convertido,,0.0,Agressivo,Singapore
156667,YouTube Ads,2024-09-17,Não Convertido,,0.0,Conservador,Chad
156668,TikTok,2024-09-17,Não Convertido,,0.0,Conservador,Japan
156669,YouTube Ads,2024-09-21,Não Convertido,,0.0,Moderado,Uganda
156670,Orgânico,2024-09-21,Não Convertido,,0.0,Desconhecido,Korea
156671,Orgânico,2024-09-20,Não Convertido,,0.0,Moderado,Australia
156672,Google Ads,2024-09-17,Não Convertido,,0.0,Moderado,Bouvet Island (Bouvetoya)
156673,Google Ads,2024-09-21,Não Convertido,,0.0,Agressivo,Zimbabwe
156674,Orgânico,2024-09-20,Não Convertido,,0.0,Desconhecido,Syrian Arab Republic
156675,Instagram,2024-09-16,Não Convertido,,0.0,Agressivo,Portugal
156676,Instagram,2024-09-17,Não Convertido,,0.0,Moderado,Congo
156677,Google Ads,2024-09-18,Não Convertido,,0.0,Agressivo,Comoros
156678,E-mail Marketing,2024-09-19,Não Convertido,,0.0,Agressivo,Anguilla
156679,Orgânico,2024-09-16,Não Convertido,,0.0,Conservador,Argentina
156680,Facebook,2024-09-17,Não Convertido,,0.0,Agressivo,Saint Vincent and the Grenadines
156681,Facebook,2024-09-17,Não Convertido,,0.0,Moderado,Svalbard & Jan Mayen Islands
156682,Instagram,2024-09-20,Não Convertido,,0.0,Desconhecido,Lithuania
156683,TikTok,2024-09-21,Não Convertido,,0.0,Moderado,Seychelles
156684,Indicação,2024-09-19,Não Convertido,,0.0,Desconhecido,Papua New Guinea
156685,Facebook,2024-09-20,Não Convertido,,0.0,Agressivo,Netherlands Antilles
156686,Google Ads,2024-09-17,Não Convertido,,0.0,Moderado,Qatar
156687,Orgânico,2024-09-21,Não Convertido,,0.0,Moderado,India
156688,Instagram,2024-09-20,Não Convertido,,0.0,Conservador,Vanuatu
156689,Instagram,2024-09-16,Não Convertido,,0.0,Agressivo,Guadeloupe
156690,Facebook,2024-09-18,Não Convertido,,0.0,Conservador,Rwanda
156691,Facebook,2024-09-21,Não Convertido,,0.0,Moderado,Jamaica
156692,Orgânico,2024-09-16,Não Convertido,,0.0,Moderado,Venezuela
156693,Google Ads,2024-09-16,Não Convertido,,0.0,Conservador,Kenya
156694,Instagram,2024-09-21,Não Convertido,,0.0,Agressivo,Trinidad and Tobago
156695,TikTok,2024-09-16,Não Convertido,,0.0,Moderado,Belize
156696,TikTok,2024-09-20,Não Convertido,,0.0,Moderado,Bosnia and Herzegovina
156697,Orgânico,2024-09-17,Não Convertido,,0.0,Agressivo,Tuvalu
156698,Orgânico,2024-09-16,Não Convertido,,0.0,Desconhecido,Dominican Republic
156699,Orgânico,2024-09-17,Não Convertido,,0.0,Conservador,Cuba
156700,WhatsApp,2024-09-19,Não Convertido,,0.0,Agressivo,South Georgia and the South Sandwich Islands
156701,Instagram,2024-09-19,Não Convertido,,0.0,Moderado,Trinidad and Tobago
156702,Instagram,2024-09-18,Não Convertido,,0.0,Agressivo,Saudi Arabia
156703,Orgânico,2024-09-19,Não Convertido,,0.0,Desconhecido,Marshall Islands
156704,Facebook,2024-09-17,Não Convertido,,0.0,Agressivo,Netherlands Antilles
156705,Indicação,2024-09-20,Não Convertido,,0.0,Desconhecido,Estonia
156706,TikTok,2024-09-21,Não Convertido,,0.0,Moderado,Sri Lanka
156707,Instagram,2024-09-19,Não Convertido,,0.0,Moderado,Saint Lucia
156708,YouTube Ads,2024-09-16,Não Convertido,,0.0,Desconhecido,Burkina Faso
156709,E-mail Marketing,2024-09-19,Não Convertido,,0.0,Agressivo,Serbia
156710,Indicação,2024-09-18,Não Convertido,,0.0,Moderado,Myanmar
156711,TikTok,2024-09-18,Não Convertido,,0.0,Moderado,Armenia
156712,Instagram,2024-09-17,Não Convertido,,0.0,Conservador,Albania
156713,TikTok,2024-09-19,Não Convertido,,0.0,Agressivo,Antarctica (the territory South of 60 deg S)
156714,WhatsApp,2024-09-21,Não Convertido,,0.0,Moderado,Thailand
156715,Indicação,2024-09-16,Não Convertido,,0.0,Moderado,Holy See (Vatican City State)
156716,Orgânico,2024-09-19,Não Convertido,,0.0,Agressivo,Macao
156717,Instagram,2024-09-19,Não Convertido,,0.0,Moderado,Taiwan
156718,Instagram,2024-09-20,Não Convertido,,0.0,Moderado,Solomon Islands
156719,Indicação,2024-09-19,Não Convertido,,0.0,Moderado,Niger
156720,YouTube Ads,2024-09-16,Não Convertido,,0.0,Agressivo,Bolivia
156721,WhatsApp,2024-09-19,Não Convertido,,0.0,Conservador,New Caledonia
156722,WhatsApp,2024-09-18,Não Convertido,,0.0,Moderado,Anguilla
156723,Facebook,2024-09-19,Não Convertido,,0.0,Agressivo,Sri Lanka
156724,TikTok,2024-09-21,Convertido,12.0,1050.51,Moderado,Guatemala
156725,Google Ads,2024-09-17,Não Convertido,,0.0,Agressivo,Bouvet Island (Bouvetoya)
156726,E-mail Marketing,2024-09-20,Não Convertido,,0.0,Desconhecido,British Indian Ocean Territory (Chagos Archipelago)
156727,E-mail Marketing,2024-09-17,Não Convertido,,0.0,Moderado,Egypt
156728,Facebook,2024-09-16,Não Convertido,,0.0,Conservador,Philippines
156729,Indicação,2024-09-18,Não Convertido,,0.0,Agressivo,Thailand
156730,E-mail Marketing,2024-09-18,Não Convertido,,0.0,Agressivo,Uganda
156731,Instagram,2024-09-18,Não Convertido,,0.0,Agressivo,Macao
156732,WhatsApp,2024-09-18,Não Convertido,,0.0,Moderado,South Africa
156733,Google Ads,2024-09-19,Não Convertido,,0.0,Moderado,Belize
156734,Instagram,2024-09-21,Não Convertido,,0.0,Moderado,Armenia
156735,TikTok,2024-09-21,Não Convertido,,0.0,Moderado,Andorra
156736,Google Ads,2024-09-17,Não Convertido,,0.0,Moderado,Yemen
156737,Instagram,2024-09-17,Não Convertido,,0.0,Agressivo,United States Minor Outlying Islands
156738,E-mail Marketing,2024-09-17,Não Convertido,,0.0,Agressivo,Finland
156739,E-mail Marketing,2024-09-17,Não Convertido,,0.0,Moderado,Trinidad and Tobago
156740,WhatsApp,2024-09-17,Não Convertido,,0.0,Moderado,Philippines
156741,E-mail Marketing,2024-09-21,Não Convertido,,0.0,Desconhecido,Georgia
156742,TikTok,2024-09-16,Não Convertido,,0.0,Conservador,Saudi Arabia
156743,YouTube Ads,2024-09-16,Não Convertido,,0.0,Agressivo,Pakistan
156744,E-mail Marketing,2024-09-20,Não Convertido,,0.0,Conservador,Jersey
156745,Facebook,2024-09-17,Não Convertido,,0.0,Agressivo,Belgium
156746,Orgânico,2024-09-18,Não Convertido,,0.0,Moderado,Antarctica (the territory South of 60 deg S)
156747,Instagram,2024-09-18,Não Convertido,,0.0,Desconhecido,Saint Vincent and the Grenadines
156748,E-mail Marketing,2024-09-19,Não Convertido,,0.0,Moderado,Bosnia and Herzegovina
156749,Orgânico,2024-09-21,Não Convertido,,0.0,Moderado,Turkey
156750,Instagram,2024-09-21,Não Convertido,,0.0,Desconhecido,Mexico
156751,WhatsApp,2024-09-18,Não Convertido,,0.0,Agressivo,Israel
156752,Facebook,2024-09-21,Não Convertido,,0.0,Agressivo,Iceland
156753,Facebook,2024-09-21,Não Convertido,,0.0,Moderado,Tunisia
156754,Facebook,2024-09-19,Não Convertido,,0.0,Conservador,New Zealand
156755,Facebook,2024-09-18,Não Convertido,,0.0,Moderado,Thailand
156756,Facebook,2024-09-18,Não Convertido,,0.0,Conservador,Iraq
156757,E-mail Marketing,2024-09-16,Não Convertido,,0.0,Moderado,Burkina Faso
156758,Facebook,2024-09-16,Não Convertido,,0.0,Agressivo,Tunisia
156759,Orgânico,2024-09-19,Não Convertido,,0.0,Agressivo,Korea
156760,TikTok,2024-09-19,Não Convertido,,0.0,Conservador,Seychelles
156761,Google Ads,2024-09-17,Não Convertido,,0.0,Agressivo,Switzerland
156762,Google Ads,2024-09-17,Não Convertido,,0.0,Moderado,San Marino
156763,Orgânico,2024-09-20,Não Convertido,,0.0,Moderado,United States Minor Outlying Islands
156764,E-mail Marketing,2024-09-20,Não Convertido,,0.0,Moderado,Marshall Islands
156765,Orgânico,2024-09-16,Não Convertido,,0.0,Conservador,Philippines
156766,TikTok,2024-09-20,Não Convertido,,0.0,Agressivo,Ukraine
156767,WhatsApp,2024-09-21,Não Convertido,,0.0,Moderado,Ukraine
156768,E-mail Marketing,2024-09-17,Não Convertido,,0.0,Moderado,Gabon
156769,E-mail Marketing,2024-09-16,Não Convertido,,0.0,Agressivo,Suriname
156770,YouTube Ads,2024-09-21,Convertido,30.0,2244.92,Moderado,Albania
156771,Google Ads,2024-09-21,Não Convertido,,0.0,Desconhecido,British Virgin Islands
156772,YouTube Ads,2024-09-16,Não Convertido,,0.0,Agressivo,Myanmar
156773,Facebook,2024-09-19,Não Convertido,,0.0,Agressivo,Heard Island and McDonald Islands
156774,TikTok,2024-09-21,Não Convertido,,0.0,Desconhecido,Guyana
156775,E-mail Marketing,2024-09-17,Não Convertido,,0.0,Conservador,Myanmar
156776,TikTok,2024-09-20,Não Convertido,,0.0,Agressivo,Christmas Island
156777,Instagram,2024-09-21,Convertido,14.0,4103.6,Agressivo,Lesotho
156778,Instagram,2024-09-20,Não Convertido,,0.0,Agressivo,Denmark
156779,Facebook,2024-09-20,Não Convertido,,0.0,Moderado,Uzbekistan
156780,Indicação,2024-09-20,Não Convertido,,0.0,Agressivo,Ukraine
156781,TikTok,2024-09-19,Não Convertido,,0.0,Agressivo,Gibraltar
156782,Google Ads,2024-09-16,Não Convertido,,0.0,Agressivo,Somalia
156783,Instagram,2024-09-16,Não Convertido,,0.0,Moderado,French Southern Territories
156784,Google Ads,2024-09-20,Não Convertido,,0.0,Moderado,United States Virgin Islands
156785,WhatsApp,2024-09-19,Não Convertido,,0.0,Agressivo,Finland
156786,Instagram,2024-09-16,Não Convertido,,0.0,Agressivo,Palestinian Territory
156787,Orgânico,2024-09-18,Não Convertido,,0.0,Agressivo,Turkmenistan
156788,Google Ads,2024-09-19,Não Convertido,,0.0,Agressivo,Germany
156789,Indicação,2024-09-20,Não Convertido,,0.0,Agressivo,Algeria
156790,Instagram,2024-09-18,Não Convertido,,0.0,Moderado,Zambia
156791,Instagram,2024-09-21,Não Convertido,,0.0,Agressivo,Cuba
156792,E-mail Marketing,2024-09-19,Não Convertido,,0.0,Moderado,Eritrea
156793,E-mail Marketing,2024-09-21,Não Convertido,,0.0,Agressivo,Puerto Rico
156794,Instagram,2024-09-16,Não Convertido,,0.0,Conservador,Indonesia
156795,Instagram,2024-09-21,Não Convertido,,0.0,Agressivo,Anguilla
156796,Orgânico,2024-09-20,Não Convertido,,0.0,Agressivo,Guam
156797,Google Ads,2024-09-19,Não Convertido,,0.0,Moderado,Iceland
156798,TikTok,2024-09-21,Não Convertido,,0.0,Desconhecido,Mauritania
156799,Instagram,2024-09-19,Convertido,10.0,2653.83,Conservador,Cameroon
156800,E-mail Marketing,2024-09-16,Não Convertido,,0.0,Moderado,Burundi
156801,Orgânico,2024-09-21,Convertido,19.0,8378.28,Moderado,Peru
156802,WhatsApp,2024-09-17,Não Convertido,,0.0,Agressivo,Saint Barthelemy
156803,E-mail Marketing,2024-09-17,Não Convertido,,0.0,Desconhecido,Falkland Islands (Malvinas)
156804,Orgânico,2024-09-16,Não Convertido,,0.0,Moderado,Philippines
156805,WhatsApp,2024-09-19,Não Convertido,,0.0,Conservador,Libyan Arab Jamahiriya
156806,Facebook,2024-09-19,Não Convertido,,0.0,Conservador,Pakistan
156807,TikTok,2024-09-21,Não Convertido,,0.0,Desconhecido,Netherlands Antilles
156808,Instagram,2024-09-19,Não Convertido,,0.0,Desconhecido,Niue
156809,Facebook,2024-09-20,Não Convertido,,0.0,Moderado,Macao
156810,Facebook,2024-09-21,Não Convertido,,0.0,Moderado,Poland
156811,Facebook,2024-09-16,Não Convertido,,0.0,Agressivo,Taiwan
156812,TikTok,2024-09-16,Não Convertido,,0.0,Agressivo,Latvia
156813,YouTube Ads,2024-09-20,Não Convertido,,0.0,Agressivo,Mayotte
156814,Facebook,2024-09-18,Convertido,4.0,2055.81,Moderado,Zambia
156815,Facebook,2024-09-21,Não Convertido,,0.0,Agressivo,North Macedonia
156816,TikTok,2024-09-17,Não Convertido,,0.0,Conservador,China
156817,WhatsApp,2024-09-20,Não Convertido,,0.0,Agressivo,Monaco
156818,Instagram,2024-09-16,Não Convertido,,0.0,Conservador,Mongolia
156819,TikTok,2024-09-16,Não Convertido,,0.0,Agressivo,United States of America
156820,Orgânico,2024-09-19,Não Convertido,,0.0,Moderado,France
156821,Instagram,2024-09-16,Convertido,16.0,8961.11,Moderado,Iran
156822,Google Ads,2024-09-19,Não Convertido,,0.0,Moderado,Israel
156823,Orgânico,2024-09-17,Não Convertido,,0.0,Moderado,Saint Vincent and the Grenadines
156824,Google Ads,2024-09-20,Não Convertido,,0.0,Agressivo,San Marino
156825,Indicação,2024-09-17,Não Convertido,,0.0,Conservador,Dominican Republic
156826,E-mail Marketing,2024-09-17,Não Convertido,,0.0,Conservador,Montenegro
156827,Orgânico,2024-09-18,Não Convertido,,0.0,Moderado,Niue
156828,E-mail Marketing,2024-09-16,Não Convertido,,0.0,Moderado,Greenland
156829,TikTok,2024-09-20,Não Convertido,,0.0,Moderado,Eritrea
156830,Google Ads,2024-09-19,Não Convertido,,0.0,Moderado,Antigua and Barbuda
156831,E-mail Marketing,2024-09-21,Não Convertido,,0.0,Agressivo,Poland
156832,Orgânico,2024-09-18,Não Convertido,,0.0,Moderado,Ghana
156833,Orgânico,2024-09-20,Não Convertido,,0.0,Moderado,Belarus
156834,Instagram,2024-09-16,Não Convertido,,0.0,Agressivo,Macao
156835,Instagram,2024-09-18,Não Convertido,,0.0,Moderado,Macao
156836,WhatsApp,2024-09-17,Não Convertido,,0.0,Agressivo,Vanuatu
156837,Instagram,2024-09-19,Não Convertido,,0.0,Moderado,Cuba
156838,TikTok,2024-09-21,Não Convertido,,0.0,Agressivo,Libyan Arab Jamahiriya
156839,Instagram,2024-09-18,Não Convertido,,0.0,Conservador,Bahamas
156840,Orgânico,2024-09-18,Não Convertido,,0.0,Conservador,Djibouti
156841,WhatsApp,2024-09-18,Convertido,22.0,1434.41,Desconhecido,Malawi
156842,WhatsApp,2024-09-20,Não Convertido,,0.0,Agressivo,Philippines
156843,YouTube Ads,2024-09-18,Não Convertido,,0.0,Moderado,Svalbard & Jan Mayen Islands
156844,E-mail Marketing,2024-09-20,Não Convertido,,0.0,Moderado,Marshall Islands
156845,TikTok,2024-09-18,Não Convertido,,0.0,Agressivo,Mauritius
156846,Indicação,2024-09-17,Não Convertido,,0.0,Moderado,Cape Verde
156847,WhatsApp,2024-09-19,Não Convertido,,0.0,Agressivo,Lebanon
156848,WhatsApp,2024-09-19,Não Convertido,,0.0,Moderado,Thailand
156849,TikTok,2024-09-17,Não Convertido,,0.0,Moderado,Moldova
156850,Facebook,2024-09-19,Não Convertido,,0.0,Moderado,Mozambique
156851,Orgânico,2024-09-18,Não Convertido,,0.0,Moderado,France
156852,Instagram,2024-09-20,Não Convertido,,0.0,Desconhecido,Pakistan
156853,WhatsApp,2024-09-20,Não Convertido,,0.0,Agressivo,Yemen
156854,YouTube Ads,2024-09-18,Não Convertido,,0.0,Moderado,South Africa
156855,Orgânico,2024-09-18,Não Convertido,,0.0,Agressivo,Pitcairn Islands
156856,Instagram,2024-09-17,Não Convertido,,0.0,Agressivo,Equatorial Guinea
156857,Google Ads,2024-09-17,Não Convertido,,0.0,Desconhecido,Cyprus
156858,Orgânico,2024-09-18,Não Convertido,,0.0,Agressivo,Holy See (Vatican City State)
156859,Orgânico,2024-09-18,Não Convertido,,0.0,Desconhecido,Moldova
156860,Facebook,2024-09-18,Não Convertido,,0.0,Agressivo,Tunisia
156861,Indicação,2024-09-19,Não Convertido,,0.0,Moderado,Tuvalu
156862,TikTok,2024-09-20,Não Convertido,,0.0,Desconhecido,Oman
156863,Instagram,2024-09-19,Não Convertido,,0.0,Conservador,Hungary
156864,Orgânico,2024-09-20,Não Convertido,,0.0,Conservador,El Salvador
156865,Google Ads,2024-09-21,Não Convertido,,0.0,Conservador,Vietnam
156866,WhatsApp,2024-09-21,Não Convertido,,0.0,Moderado,India
156867,Facebook,2024-09-16,Não Convertido,,0.0,Conservador,Greenland
156868,Orgânico,2024-09-21,Não Convertido,,0.0,Conservador,Botswana
156869,Google Ads,2024-09-19,Não Convertido,,0.0,Desconhecido,French Polynesia
156870,Instagram,2024-09-18,Não Convertido,,0.0,Desconhecido,Papua New Guinea
156871,Instagram,2024-09-16,Não Convertido,,0.0,Moderado,Sri Lanka
156872,YouTube Ads,2024-09-17,Não Convertido,,0.0,Conservador,Grenada
156873,Instagram,2024-09-19,Não Convertido,,0.0,Desconhecido,Armenia
156874,Instagram,2024-09-20,Não Convertido,,0.0,Moderado,Monaco
156875,Orgânico,2024-09-21,Não Convertido,,0.0,Desconhecido,Tunisia
156876,Facebook,2024-09-18,Não Convertido,,0.0,Desconhecido,Suriname
156877,Orgânico,2024-09-21,Não Convertido,,0.0,Conservador,Trinidad and Tobago
156878,Orgânico,2024-09-16,Não Convertido,,0.0,Desconhecido,Greece
156879,TikTok,2024-09-19,Convertido,12.0,1987.71,Conservador,Dominica
156880,Instagram,2024-09-18,Não Convertido,,0.0,Conservador,Mauritania
156881,Google Ads,2024-09-21,Não Convertido,,0.0,Desconhecido,Pakistan
156882,TikTok,2024-09-21,Não Convertido,,0.0,Agressivo,Netherlands Antilles
156883,Google Ads,2024-09-21,Não Convertido,,0.0,Conservador,Angola
156884,YouTube Ads,2024-09-19,Não Convertido,,0.0,Agressivo,Benin
156885,Instagram,2024-09-20,Não Convertido,,0.0,Agressivo,Micronesia
156886,WhatsApp,2024-09-19,Não Convertido,,0.0,Moderado,Mali
156887,YouTube Ads,2024-09-16,Convertido,19.0,4492.96,Agressivo,Panama
156888,Orgânico,2024-09-18,Não Convertido,,0.0,Moderado,Vanuatu
156889,Instagram,2024-09-18,Não Convertido,,0.0,Moderado,Serbia
156890,Orgânico,2024-09-19,Não Convertido,,0.0,Agressivo,Sierra Leone
156891,Facebook,2024-09-16,Não Convertido,,0.0,Agressivo,Maldives
156892,YouTube Ads,2024-09-21,Não Convertido,,0.0,Agressivo,Saint Kitts and Nevis
156893,Orgânico,2024-09-21,Não Convertido,,0.0,Agressivo,France
156894,TikTok,2024-09-19,Não Convertido,,0.0,Moderado,Saudi Arabia
156895,E-mail Marketing,2024-09-18,Não Convertido,,0.0,Moderado,Slovakia (Slovak Republic)
156896,Orgânico,2024-09-20,Não Convertido,,0.0,Conservador,Cyprus
156897,YouTube Ads,2024-09-20,Não Convertido,,0.0,Moderado,Kuwait
156898,TikTok,2024-09-18,Não Convertido,,0.0,Agressivo,Tuvalu
156899,Orgânico,2024-09-18,Convertido,9.0,9403.23,Moderado,Australia
156900,Google Ads,2024-09-16,Não Convertido,,0.0,Agressivo,French Southern Territories
156901,Instagram,2024-09-19,Não Convertido,,0.0,Agressivo,Switzerland
156902,E-mail Marketing,2024-09-17,Não Convertido,,0.0,Agressivo,Jamaica
156903,Google Ads,2024-09-20,Não Convertido,,0.0,Agressivo,Nepal
156904,WhatsApp,2024-09-17,Não Convertido,,0.0,Conservador,Martinique
156905,WhatsApp,2024-09-16,Não Convertido,,0.0,Moderado,Yemen
156906,Instagram,2024-09-19,Não Convertido,,0.0,Desconhecido,Yemen
156907,Google Ads,2024-09-19,Não Convertido,,0.0,Moderado,Peru
156908,Instagram,2024-09-20,Não Convertido,,0.0,Agressivo,Austria
156909,Orgânico,2024-09-16,Não Convertido,,0.0,Moderado,French Guiana
156910,TikTok,2024-09-20,Não Convertido,,0.0,Moderado,Antigua and Barbuda
156911,Facebook,2024-09-21,Não Convertido,,0.0,Conservador,Georgia
156912,YouTube Ads,2024-09-20,Não Convertido,,0.0,Moderado,India
156913,TikTok,2024-09-21,Convertido,1.0,9625.27,Moderado,Korea
156914,Instagram,2024-09-19,Não Convertido,,0.0,Moderado,Croatia
156915,WhatsApp,2024-09-17,Não Convertido,,0.0,Conservador,Kiribati
156916,YouTube Ads,2024-09-19,Não Convertido,,0.0,Desconhecido,Spain
156917,Facebook,2024-09-19,Não Convertido,,0.0,Conservador,Sao Tome and Principe
156918,Instagram,2024-09-20,Não Convertido,,0.0,Moderado,Dominican Republic
156919,Instagram,2024-09-17,Não Convertido,,0.0,Conservador,Taiwan
156920,Google Ads,2024-09-21,Não Convertido,,0.0,Conservador,China
156921,Orgânico,2024-09-21,Não Convertido,,0.0,Moderado,Guinea
156922,YouTube Ads,2024-09-18,Não Convertido,,0.0,Moderado,Solomon Islands
156923,Instagram,2024-09-18,Não Convertido,,0.0,Agressivo,El Salvador
156924,E-mail Marketing,2024-09-18,Não Convertido,,0.0,Moderado,Slovenia
156925,Instagram,2024-09-18,Não Convertido,,0.0,Conservador,United Arab Emirates
156926,E-mail Marketing,2024-09-20,Não Convertido,,0.0,Desconhecido,French Guiana
156927,E-mail Marketing,2024-09-17,Não Convertido,,0.0,Agressivo,Tonga
156928,WhatsApp,2024-09-20,Não Convertido,,0.0,Agressivo,Peru
156929,Indicação,2024-09-17,Não Convertido,,0.0,Conservador,Netherlands
156930,WhatsApp,2024-09-18,Não Convertido,,0.0,Agressivo,Puerto Rico
156931,TikTok,2024-09-20,Não Convertido,,0.0,Moderado,Nepal
156932,Facebook,2024-09-19,Não Convertido,,0.0,Moderado,American Samoa
156933,YouTube Ads,2024-09-21,Não Convertido,,0.0,Agressivo,Fiji
156934,Orgânico,2024-09-21,Não Convertido,,0.0,Moderado,French Polynesia
156935,Instagram,2024-09-20,Não Convertido,,0.0,Agressivo,Brazil
156936,E-mail Marketing,2024-09-21,Não Convertido,,0.0,Conservador,Guinea-Bissau
156937,Orgânico,2024-09-21,Não Convertido,,0.0,Moderado,Burundi
156938,Google Ads,2024-09-16,Não Convertido,,0.0,Moderado,Israel
156939,E-mail Marketing,2024-09-16,Não Convertido,,0.0,Agressivo,Heard Island and McDonald Islands
156940,Facebook,2024-09-18,Não Convertido,,0.0,Conservador,Saint Martin
156941,Orgânico,2024-09-17,Não Convertido,,0.0,Moderado,Ireland
156942,YouTube Ads,2024-09-16,Não Convertido,,0.0,Conservador,Ukraine
156943,TikTok,2024-09-19,Não Convertido,,0.0,Conservador,San Marino
156944,YouTube Ads,2024-09-20,Não Convertido,,0.0,Desconhecido,Czech Republic
156945,TikTok,2024-09-21,Não Convertido,,0.0,Moderado,Saint Pierre and Miquelon
156946,Orgânico,2024-09-16,Não Convertido,,0.0,Agressivo,Luxembourg
156947,E-mail Marketing,2024-09-20,Não Convertido,,0.0,Moderado,Brazil
156948,Orgânico,2024-09-16,Não Convertido,,0.0,Conservador,Ukraine
156949,Instagram,2024-09-20,Não Convertido,,0.0,Moderado,Austria
156950,Indicação,2024-09-19,Não Convertido,,0.0,Moderado,Saint Pierre and Miquelon
156951,Instagram,2024-09-17,Não Convertido,,0.0,Moderado,Croatia
156952,Google Ads,2024-09-16,Não Convertido,,0.0,Agressivo,Argentina
156953,TikTok,2024-09-18,Não Convertido,,0.0,Desconhecido,Haiti
156954,Orgânico,2024-09-21,Não Convertido,,0.0,Moderado,Congo
156955,Orgânico,2024-09-19,Não Convertido,,0.0,Moderado,Mayotte
156956,YouTube Ads,2024-09-17,Não Convertido,,0.0,Moderado,French Southern Territories
156957,WhatsApp,2024-09-20,Não Convertido,,0.0,Moderado,Peru
156958,TikTok,2024-09-19,Não Convertido,,0.0,Moderado,Canada
156959,YouTube Ads,2024-09-18,Não Convertido,,0.0,Desconhecido,Tonga
156960,TikTok,2024-09-18,Não Convertido,,0.0,Moderado,Libyan Arab Jamahiriya
156961,Google Ads,2024-09-19,Não Convertido,,0.0,Moderado,Syrian Arab Republic
156962,Orgânico,2024-09-16,Não Convertido,,0.0,Moderado,Monaco
156963,WhatsApp,2024-09-19,Não Convertido,,0.0,Agressivo,French Guiana
156964,Facebook,2024-09-19,Não Convertido,,0.0,Agressivo,Uganda
156965,Orgânico,2024-09-21,Não Convertido,,0.0,Agressivo,Zambia
156966,Orgânico,2024-09-19,Não Convertido,,0.0,Conservador,Netherlands
156967,Orgânico,2024-09-20,Não Convertido,,0.0,Conservador,Iceland
156968,Instagram,2024-09-16,Não Convertido,,0.0,Moderado,Guinea-Bissau
156969,E-mail Marketing,2024-09-16,Não Convertido,,0.0,Agressivo,Qatar
156970,Orgânico,2024-09-19,Não Convertido,,0.0,Desconhecido,Poland
156971,Facebook,2024-09-16,Não Convertido,,0.0,Moderado,Korea
156972,E-mail Marketing,2024-09-19,Não Convertido,,0.0,Conservador,Saint Vincent and the Grenadines
156973,YouTube Ads,2024-09-20,Não Convertido,,0.0,Moderado,Christmas Island
156974,Facebook,2024-09-20,Não Convertido,,0.0,Conservador,Switzerland
156975,Orgânico,2024-09-19,Não Convertido,,0.0,Desconhecido,Mongolia
156976,Facebook,2024-09-17,Não Convertido,,0.0,Conservador,Chad
156977,YouTube Ads,2024-09-21,Não Convertido,,0.0,Desconhecido,Dominica
156978,YouTube Ads,2024-09-19,Não Convertido,,0.0,Agressivo,Montenegro
156979,TikTok,2024-09-21,Não Convertido,,0.0,Agressivo,Rwanda
156980,Orgânico,2024-09-16,Não Convertido,,0.0,Desconhecido,Netherlands Antilles
156981,Indicação,2024-09-20,Não Convertido,,0.0,Agressivo,Taiwan
156982,TikTok,2024-09-21,Não Convertido,,0.0,Desconhecido,Palestinian Territory
156983,Indicação,2024-09-16,Não Convertido,,0.0,Desconhecido,Saint Kitts and Nevis
156984,YouTube Ads,2024-09-17,Não Convertido,,0.0,Conservador,Sao Tome and Principe
156985,E-mail Marketing,2024-09-19,Não Convertido,,0.0,Agressivo,Guadeloupe
156986,Instagram,2024-09-18,Não Convertido,,0.0,Agressivo,Botswana
156987,Google Ads,2024-09-16,Não Convertido,,0.0,Conservador,Kenya
156988,TikTok,2024-09-21,Não Convertido,,0.0,Moderado,Guyana
156989,TikTok,2024-09-21,Não Convertido,,0.0,Conservador,Hungary
156990,E-mail Marketing,2024-09-18,Não Convertido,,0.0,Moderado,Saudi Arabia
156991,TikTok,2024-09-21,Não Convertido,,0.0,Moderado,Poland
156992,Orgânico,2024-09-21,Não Convertido,,0.0,Moderado,Slovakia (Slovak Republic)
156993,WhatsApp,2024-09-20,Não Convertido,,0.0,Moderado,Tajikistan
156994,WhatsApp,2024-09-20,Não Convertido,,0.0,Agressivo,Cote d'Ivoire
156995,Instagram,2024-09-21,Não Convertido,,0.0,Conservador,Papua New Guinea
156996,Indicação,2024-09-19,Não Convertido,,0.0,Desconhecido,Guatemala
156997,TikTok,2024-09-20,Não Convertido,,0.0,Agressivo,Togo
156998,YouTube Ads,2024-09-17,Convertido,6.0,7548.63,Conservador,Liechtenstein
156999,TikTok,2024-09-20,Não Convertido,,0.0,Desconhecido,Andorra
157000,Google Ads,2024-09-21,Não Convertido,,0.0,Moderado,Ghana
157001,Indicação,2024-09-19,Não Convertido,,0.0,Conservador,Argentina
157002,Orgânico,2024-09-18,Não Convertido,,0.0,Moderado,Costa Rica
157003,Orgânico,2024-09-20,Não Convertido,,0.0,Conservador,Saint Barthelemy
157004,Google Ads,2024-09-19,Não Convertido,,0.0,Moderado,Antarctica (the territory South of 60 deg S)
157005,TikTok,2024-09-19,Não Convertido,,0.0,Agressivo,Guinea-Bissau
157006,Indicação,2024-09-19,Não Convertido,,0.0,Conservador,Sweden
157007,TikTok,2024-09-16,Não Convertido,,0.0,Moderado,Bangladesh
157008,Orgânico,2024-09-16,Não Convertido,,0.0,Desconhecido,Azerbaijan
157009,Instagram,2024-09-16,Não Convertido,,0.0,Agressivo,Lebanon
157010,YouTube Ads,2024-09-18,Não Convertido,,0.0,Agressivo,Haiti
157011,Instagram,2024-09-20,Não Convertido,,0.0,Moderado,Oman
157012,Orgânico,2024-09-19,Não Convertido,,0.0,Conservador,Indonesia
157013,E-mail Marketing,2024-09-21,Não Convertido,,0.0,Desconhecido,Vietnam
157014,Google Ads,2024-09-20,Não Convertido,,0.0,Agressivo,Mozambique
157015,Orgânico,2024-09-17,Não Convertido,,0.0,Desconhecido,Saint Martin
157016,YouTube Ads,2024-09-20,Não Convertido,,0.0,Agressivo,Dominica
157017,Indicação,2024-09-17,Não Convertido,,0.0,Agressivo,Russian Federation
157018,YouTube Ads,2024-09-18,Não Convertido,,0.0,Moderado,Hungary
157019,WhatsApp,2024-09-17,Não Convertido,,0.0,Agressivo,Austria
157020,Facebook,2024-09-21,Não Convertido,,0.0,Conservador,San Marino
157021,E-mail Marketing,2024-09-21,Não Convertido,,0.0,Moderado,Netherlands Antilles
157022,YouTube Ads,2024-09-19,Não Convertido,,0.0,Moderado,Western Sahara
157023,TikTok,2024-09-20,Não Convertido,,0.0,Moderado,Monaco
157024,WhatsApp,2024-09-20,Não Convertido,,0.0,Agressivo,Mauritania
157025,TikTok,2024-09-18,Não Convertido,,0.0,Moderado,Algeria
157026,Instagram,2024-09-18,Não Convertido,,0.0,Moderado,Guyana
157027,E-mail Marketing,2024-09-19,Não Convertido,,0.0,Agressivo,Tanzania
157028,Instagram,2024-09-18,Não Convertido,,0.0,Moderado,Fiji
157029,Instagram,2024-09-18,Não Convertido,,0.0,Moderado,Iran
157030,Instagram,2024-09-18,Não Convertido,,0.0,Moderado,Falkland Islands (Malvinas)
157031,Google Ads,2024-09-20,Não Convertido,,0.0,Conservador,Serbia
157032,Facebook,2024-09-18,Não Convertido,,0.0,Moderado,Guinea
157033,Instagram,2024-09-20,Não Convertido,,0.0,Conservador,Bahrain
157034,E-mail Marketing,2024-09-20,Não Convertido,,0.0,Moderado,Guam
157035,Orgânico,2024-09-19,Não Convertido,,0.0,Agressivo,Malta
157036,WhatsApp,2024-09-18,Não Convertido,,0.0,Agressivo,Gibraltar
157037,Instagram,2024-09-16,Não Convertido,,0.0,Agressivo,Saint Kitts and Nevis
157038,Google Ads,2024-09-19,Não Convertido,,0.0,Conservador,Seychelles
157039,E-mail Marketing,2024-09-19,Não Convertido,,0.0,Agressivo,Nauru
157040,WhatsApp,2024-09-17,Não Convertido,,0.0,Agressivo,Philippines
157041,YouTube Ads,2024-09-21,Não Convertido,,0.0,Conservador,French Polynesia
157042,Google Ads,2024-09-16,Não Convertido,,0.0,Conservador,Pitcairn Islands
157043,TikTok,2024-09-18,Não Convertido,,0.0,Conservador,Peru
157044,Orgânico,2024-09-18,Não Convertido,,0.0,Conservador,Bhutan
157045,Indicação,2024-09-19,Não Convertido,,0.0,Agressivo,Cocos (Keeling) Islands
157046,Instagram,2024-09-21,Não Convertido,,0.0,Agressivo,Cyprus
157047,Indicação,2024-09-21,Não Convertido,,0.0,Moderado,Andorra
157048,Orgânico,2024-09-19,Não Convertido,,0.0,Moderado,Zimbabwe
157049,Facebook,2024-09-21,Não Convertido,,0.0,Agressivo,Australia
157050,TikTok,2024-09-20,Não Convertido,,0.0,Moderado,Swaziland
157051,Facebook,2024-09-21,Não Convertido,,0.0,Agressivo,Germany
157052,E-mail Marketing,2024-09-18,Não Convertido,,0.0,Desconhecido,Bahamas
157053,Facebook,2024-09-20,Não Convertido,,0.0,Moderado,United States Virgin Islands
157054,Orgânico,2024-09-16,Não Convertido,,0.0,Desconhecido,South Africa
157055,Orgânico,2024-09-16,Não Convertido,,0.0,Moderado,Guatemala
157056,Google Ads,2024-09-18,Não Convertido,,0.0,Moderado,Guatemala
157057,WhatsApp,2024-09-21,Não Convertido,,0.0,Agressivo,Mali
157058,Orgânico,2024-09-17,Não Convertido,,0.0,Desconhecido,Montserrat
157059,WhatsApp,2024-09-18,Não Convertido,,0.0,Agressivo,Mongolia
157060,E-mail Marketing,2024-09-20,Não Convertido,,0.0,Moderado,Senegal
157061,Orgânico,2024-09-21,Não Convertido,,0.0,Conservador,Aruba
157062,Google Ads,2024-09-16,Não Convertido,,0.0,Desconhecido,Afghanistan
157063,Orgânico,2024-09-20,Convertido,29.0,2816.74,Moderado,United States of America
157064,Facebook,2024-09-17,Não Convertido,,0.0,Agressivo,Ecuador
157065,TikTok,2024-09-19,Não Convertido,,0.0,Moderado,Australia
157066,Instagram,2024-09-21,Não Convertido,,0.0,Moderado,Iraq
157067,Orgânico,2024-09-16,Convertido,13.0,8374.21,Agressivo,Saint Martin
157068,TikTok,2024-09-20,Não Convertido,,0.0,Desconhecido,India
157069,TikTok,2024-09-18,Não Convertido,,0.0,Agressivo,South Georgia and the South Sandwich Islands
157070,YouTube Ads,2024-09-17,Não Convertido,,0.0,Conservador,Cambodia
157071,Facebook,2024-09-20,Não Convertido,,0.0,Conservador,Canada
157072,Orgânico,2024-09-21,Não Convertido,,0.0,Agressivo,French Guiana
157073,Orgânico,2024-09-17,Não Convertido,,0.0,Conservador,Venezuela
157074,TikTok,2024-09-19,Não Convertido,,0.0,Moderado,Namibia
157075,WhatsApp,2024-09-17,Não Convertido,,0.0,Conservador,Honduras
157076,Orgânico,2024-09-17,Não Convertido,,0.0,Moderado,Mexico
157077,Facebook,2024-09-18,Não Convertido,,0.0,Moderado,Montenegro
157078,YouTube Ads,2024-09-17,Não Convertido,,0.0,Desconhecido,Argentina
157079,Orgânico,2024-09-19,Não Convertido,,0.0,Agressivo,Pakistan
157080,WhatsApp,2024-09-21,Não Convertido,,0.0,Agressivo,Mozambique
157081,TikTok,2024-09-16,Não Convertido,,0.0,Moderado,New Zealand
157082,Instagram,2024-09-18,Não Convertido,,0.0,Agressivo,Uruguay
157083,Google Ads,2024-09-18,Não Convertido,,0.0,Agressivo,Azerbaijan
157084,E-mail Marketing,2024-09-20,Não Convertido,,0.0,Agressivo,Finland
157085,Facebook,2024-09-16,Não Convertido,,0.0,Desconhecido,Niue
157086,WhatsApp,2024-09-21,Convertido,7.0,5454.83,Moderado,Kuwait
157087,Google Ads,2024-09-18,Não Convertido,,0.0,Moderado,Slovakia (Slovak Republic)
157088,Orgânico,2024-09-18,Não Convertido,,0.0,Desconhecido,Guinea-Bissau
157089,Instagram,2024-09-20,Não Convertido,,0.0,Agressivo,Cape Verde
157090,Instagram,2024-09-21,Não Convertido,,0.0,Conservador,Niger
157091,Orgânico,2024-09-21,Não Convertido,,0.0,Desconhecido,Belgium
157092,Indicação,2024-09-20,Não Convertido,,0.0,Agressivo,Congo
157093,WhatsApp,2024-09-19,Não Convertido,,0.0,Moderado,Slovenia
157094,E-mail Marketing,2024-09-18,Não Convertido,,0.0,Moderado,Switzerland
157095,Instagram,2024-09-17,Não Convertido,,0.0,Desconhecido,Greece
157096,YouTube Ads,2024-09-19,Não Convertido,,0.0,Agressivo,Central African Republic
157097,Indicação,2024-09-16,Não Convertido,,0.0,Agressivo,Bangladesh
157098,Google Ads,2024-09-17,Não Convertido,,0.0,Agressivo,Bosnia and Herzegovina
157099,TikTok,2024-09-21,Não Convertido,,0.0,Agressivo,Holy See (Vatican City State)
157100,Indicação,2024-09-20,Não Convertido,,0.0,Moderado,Syrian Arab Republic
157101,YouTube Ads,2024-09-21,Não Convertido,,0.0,Moderado,Benin
157102,TikTok,2024-09-20,Não Convertido,,0.0,Conservador,British Indian Ocean Territory (Chagos Archipelago)
157103,Orgânico,2024-09-17,Não Convertido,,0.0,Moderado,Namibia
157104,YouTube Ads,2024-09-18,Não Convertido,,0.0,Moderado,Belarus
157105,YouTube Ads,2024-09-16,Não Convertido,,0.0,Moderado,Azerbaijan
157106,YouTube Ads,2024-09-19,Não Convertido,,0.0,Agressivo,Cook Islands
157107,Orgânico,2024-09-19,Não Convertido,,0.0,Moderado,Guernsey
157108,Instagram,2024-09-19,Não Convertido,,0.0,Moderado,Papua New Guinea
157109,Orgânico,2024-09-18,Não Convertido,,0.0,Moderado,Palestinian Territory
157110,E-mail Marketing,2024-09-18,Não Convertido,,0.0,Conservador,Namibia
157111,Facebook,2024-09-16,Não Convertido,,0.0,Agressivo,Anguilla
157112,E-mail Marketing,2024-09-16,Não Convertido,,0.0,Moderado,Oman
157113,E-mail Marketing,2024-09-18,Não Convertido,,0.0,Desconhecido,Egypt
157114,Orgânico,2024-09-19,Não Convertido,,0.0,Moderado,Nigeria
157115,E-mail Marketing,2024-09-19,Não Convertido,,0.0,Agressivo,Guinea
157116,Orgânico,2024-09-16,Não Convertido,,0.0,Conservador,Angola
157117,Orgânico,2024-09-19,Não Convertido,,0.0,Agressivo,Germany
157118,Facebook,2024-09-21,Não Convertido,,0.0,Desconhecido,Cuba
157119,Instagram,2024-09-20,Não Convertido,,0.0,Moderado,Cambodia
157120,Orgânico,2024-09-20,Não Convertido,,0.0,Moderado,Turkey
157121,WhatsApp,2024-09-16,Não Convertido,,0.0,Moderado,Seychelles
157122,TikTok,2024-09-18,Não Convertido,,0.0,Agressivo,Luxembourg
157123,Orgânico,2024-09-16,Não Convertido,,0.0,Moderado,Suriname
157124,Instagram,2024-09-17,Convertido,2.0,8036.77,Conservador,Oman
157125,Orgânico,2024-09-21,Convertido,22.0,9815.1,Conservador,Sudan
157126,TikTok,2024-09-21,Não Convertido,,0.0,Agressivo,Cuba
157127,Facebook,2024-09-16,Não Convertido,,0.0,Moderado,Korea
157128,Facebook,2024-09-16,Não Convertido,,0.0,Agressivo,China
157129,TikTok,2024-09-18,Não Convertido,,0.0,Moderado,Dominica
157130,YouTube Ads,2024-09-19,Não Convertido,,0.0,Conservador,Denmark
157131,Facebook,2024-09-21,Não Convertido,,0.0,Moderado,Nauru
157132,YouTube Ads,2024-09-20,Não Convertido,,0.0,Desconhecido,Thailand
157133,E-mail Marketing,2024-09-21,Não Convertido,,0.0,Moderado,Liechtenstein
157134,Instagram,2024-09-21,Não Convertido,,0.0,Agressivo,Puerto Rico
157135,Instagram,2024-09-18,Não Convertido,,0.0,Agressivo,United States of America
157136,WhatsApp,2024-09-18,Não Convertido,,0.0,Agressivo,El Salvador
157137,Indicação,2024-09-20,Não Convertido,,0.0,Moderado,Saint Pierre and Miquelon
157138,Facebook,2024-09-18,Não Convertido,,0.0,Conservador,Zimbabwe
157139,E-mail Marketing,2024-09-16,Não Convertido,,0.0,Agressivo,Syrian Arab Republic
157140,TikTok,2024-09-16,Convertido,1.0,9301.81,Agressivo,Nigeria
157141,E-mail Marketing,2024-09-21,Não Convertido,,0.0,Desconhecido,San Marino
157142,Orgânico,2024-09-16,Não Convertido,,0.0,Agressivo,Jamaica
157143,WhatsApp,2024-09-21,Convertido,8.0,1582.4,Moderado,Hong Kong
157144,WhatsApp,2024-09-16,Não Convertido,,0.0,Agressivo,Peru
157145,TikTok,2024-09-18,Não Convertido,,0.0,Conservador,Malaysia
157146,Google Ads,2024-09-18,Não Convertido,,0.0,Conservador,Myanmar
157147,YouTube Ads,2024-09-17,Não Convertido,,0.0,Conservador,Guyana
157148,Orgânico,2024-09-17,Não Convertido,,0.0,Moderado,Haiti
157149,Orgânico,2024-09-19,Não Convertido,,0.0,Conservador,Saint Martin
157150,TikTok,2024-09-18,Não Convertido,,0.0,Conservador,Sri Lanka
157151,E-mail Marketing,2024-09-20,Não Convertido,,0.0,Moderado,Montenegro
157152,Instagram,2024-09-18,Não Convertido,,0.0,Moderado,Bulgaria
157153,TikTok,2024-09-16,Não Convertido,,0.0,Moderado,Saint Lucia
157154,Facebook,2024-09-20,Não Convertido,,0.0,Agressivo,Congo
157155,Orgânico,2024-09-17,Não Convertido,,0.0,Desconhecido,Guam
157156,WhatsApp,2024-09-16,Não Convertido,,0.0,Moderado,Malaysia
157157,Instagram,2024-09-19,Não Convertido,,0.0,Desconhecido,Congo
157158,Facebook,2024-09-21,Não Convertido,,0.0,Agressivo,Cuba
157159,Orgânico,2024-09-21,Não Convertido,,0.0,Desconhecido,Saint Kitts and Nevis
157160,Facebook,2024-09-16,Não Convertido,,0.0,Moderado,Bangladesh
157161,YouTube Ads,2024-09-18,Convertido,0.0,1602.51,Agressivo,Sao Tome and Principe
157162,Indicação,2024-09-17,Não Convertido,,0.0,Agressivo,North Macedonia
157163,Instagram,2024-09-20,Não Convertido,,0.0,Agressivo,Fiji
157164,Indicação,2024-09-18,Não Convertido,,0.0,Agressivo,Maldives
157165,Instagram,2024-09-20,Não Convertido,,0.0,Conservador,Nigeria
157166,TikTok,2024-09-16,Não Convertido,,0.0,Conservador,Bolivia
157167,Instagram,2024-09-17,Não Convertido,,0.0,Moderado,Botswana
157168,Google Ads,2024-09-21,Não Convertido,,0.0,Moderado,Gambia
157169,TikTok,2024-09-18,Convertido,0.0,4203.16,Moderado,Indonesia
157170,YouTube Ads,2024-09-20,Não Convertido,,0.0,Conservador,Bahrain
157171,Facebook,2024-09-16,Convertido,5.0,755.19,Moderado,Guadeloupe
157172,Orgânico,2024-09-17,Não Convertido,,0.0,Moderado,New Zealand
157173,E-mail Marketing,2024-09-18,Não Convertido,,0.0,Moderado,Turkey
157174,Instagram,2024-09-21,Não Convertido,,0.0,Moderado,Morocco
157175,TikTok,2024-09-17,Não Convertido,,0.0,Moderado,Isle of Man
157176,Orgânico,2024-09-18,Não Convertido,,0.0,Conservador,Brazil
157177,WhatsApp,2024-09-16,Não Convertido,,0.0,Moderado,Central African Republic
157178,Instagram,2024-09-16,Não Convertido,,0.0,Moderado,Cyprus
157179,Instagram,2024-09-21,Não Convertido,,0.0,Agressivo,Malawi
157180,WhatsApp,2024-09-16,Não Convertido,,0.0,Conservador,Reunion
157181,Instagram,2024-09-21,Não Convertido,,0.0,Agressivo,Guinea
157182,Indicação,2024-09-17,Não Convertido,,0.0,Moderado,Seychelles
157183,Facebook,2024-09-20,Não Convertido,,0.0,Desconhecido,Sweden
157184,Facebook,2024-09-20,Não Convertido,,0.0,Agressivo,Grenada
157185,Indicação,2024-09-20,Não Convertido,,0.0,Moderado,Korea
157186,TikTok,2024-09-16,Convertido,26.0,8880.21,Moderado,Aruba
157187,TikTok,2024-09-16,Não Convertido,,0.0,Agressivo,Cuba
157188,Google Ads,2024-09-20,Não Convertido,,0.0,Conservador,Macao
157189,TikTok,2024-09-17,Não Convertido,,0.0,Conservador,Dominica
157190,Instagram,2024-09-21,Não Convertido,,0.0,Agressivo,Puerto Rico
157191,Google Ads,2024-09-17,Não Convertido,,0.0,Agressivo,Bulgaria
157192,E-mail Marketing,2024-09-20,Não Convertido,,0.0,Moderado,Gambia
157193,Orgânico,2024-09-17,Não Convertido,,0.0,Agressivo,Eritrea
157194,Instagram,2024-09-21,Não Convertido,,0.0,Conservador,Suriname
157195,Orgânico,2024-09-20,Não Convertido,,0.0,Moderado,Greenland
157196,Orgânico,2024-09-19,Não Convertido,,0.0,Agressivo,Latvia
157197,Google Ads,2024-09-21,Não Convertido,,0.0,Moderado,Eritrea
157198,Facebook,2024-09-17,Não Convertido,,0.0,Moderado,Uzbekistan
157199,E-mail Marketing,2024-09-18,Não Convertido,,0.0,Moderado,Estonia
157200,TikTok,2024-09-20,Não Convertido,,0.0,Conservador,Congo
157201,E-mail Marketing,2024-09-19,Não Convertido,,0.0,Moderado,Serbia
157202,E-mail Marketing,2024-09-18,Não Convertido,,0.0,Desconhecido,Cook Islands
157203,Google Ads,2024-09-19,Não Convertido,,0.0,Desconhecido,Rwanda
157204,Facebook,2024-09-21,Não Convertido,,0.0,Agressivo,Austria
157205,Indicação,2024-09-18,Não Convertido,,0.0,Desconhecido,Bolivia
157206,Orgânico,2024-09-16,Não Convertido,,0.0,Moderado,Nauru
157207,Instagram,2024-09-17,Não Convertido,,0.0,Moderado,Chad
157208,E-mail Marketing,2024-09-18,Não Convertido,,0.0,Agressivo,Guadeloupe
157209,WhatsApp,2024-09-21,Não Convertido,,0.0,Agressivo,Samoa
157210,Instagram,2024-09-17,Não Convertido,,0.0,Agressivo,Tonga
157211,E-mail Marketing,2024-09-16,Não Convertido,,0.0,Moderado,Gabon
157212,TikTok,2024-09-20,Não Convertido,,0.0,Conservador,Guyana
157213,Facebook,2024-09-16,Não Convertido,,0.0,Moderado,Turkmenistan
157214,WhatsApp,2024-09-17,Não Convertido,,0.0,Moderado,Barbados
157215,WhatsApp,2024-09-16,Não Convertido,,0.0,Desconhecido,Australia
157216,Facebook,2024-09-19,Não Convertido,,0.0,Moderado,New Zealand
157217,E-mail Marketing,2024-09-20,Não Convertido,,0.0,Desconhecido,Malta
157218,YouTube Ads,2024-09-17,Não Convertido,,0.0,Conservador,China
157219,E-mail Marketing,2024-09-21,Não Convertido,,0.0,Moderado,Guinea-Bissau
157220,E-mail Marketing,2024-09-17,Não Convertido,,0.0,Moderado,Reunion
157221,WhatsApp,2024-09-20,Não Convertido,,0.0,Agressivo,Czech Republic
157222,Orgânico,2024-09-21,Não Convertido,,0.0,Moderado,Korea
157223,Google Ads,2024-09-17,Não Convertido,,0.0,Desconhecido,Indonesia
157224,Instagram,2024-09-18,Não Convertido,,0.0,Moderado,Kazakhstan
157225,YouTube Ads,2024-09-21,Convertido,10.0,4199.73,Moderado,Western Sahara
157226,Facebook,2024-09-17,Não Convertido,,0.0,Agressivo,Kenya
157227,TikTok,2024-09-20,Não Convertido,,0.0,Agressivo,Ghana
157228,YouTube Ads,2024-09-17,Não Convertido,,0.0,Moderado,Antarctica (the territory South of 60 deg S)
157229,Google Ads,2024-09-16,Não Convertido,,0.0,Conservador,Burkina Faso
157230,Instagram,2024-09-17,Não Convertido,,0.0,Desconhecido,Papua New Guinea
157231,Instagram,2024-09-17,Não Convertido,,0.0,Moderado,Peru
157232,Orgânico,2024-09-21,Não Convertido,,0.0,Agressivo,Congo
157233,Facebook,2024-09-17,Convertido,27.0,7777.61,Conservador,Kenya
157234,Orgânico,2024-09-20,Não Convertido,,0.0,Moderado,Afghanistan
157235,TikTok,2024-09-18,Não Convertido,,0.0,Moderado,Lithuania
157236,YouTube Ads,2024-09-16,Não Convertido,,0.0,Moderado,Libyan Arab Jamahiriya
157237,E-mail Marketing,2024-09-16,Não Convertido,,0.0,Agressivo,Burundi
157238,E-mail Marketing,2024-09-18,Não Convertido,,0.0,Moderado,Bahamas
157239,TikTok,2024-09-20,Não Convertido,,0.0,Moderado,Chad
157240,Google Ads,2024-09-18,Não Convertido,,0.0,Moderado,Malawi
157241,YouTube Ads,2024-09-18,Não Convertido,,0.0,Moderado,Papua New Guinea
157242,Orgânico,2024-09-19,Não Convertido,,0.0,Conservador,Pakistan
157243,Orgânico,2024-09-21,Não Convertido,,0.0,Agressivo,South Africa
157244,Google Ads,2024-09-21,Não Convertido,,0.0,Conservador,Latvia
157245,TikTok,2024-09-20,Não Convertido,,0.0,Agressivo,San Marino
157246,E-mail Marketing,2024-09-17,Não Convertido,,0.0,Agressivo,Liberia
157247,Orgânico,2024-09-18,Não Convertido,,0.0,Moderado,Uganda
157248,Orgânico,2024-09-20,Não Convertido,,0.0,Agressivo,Monaco
157249,WhatsApp,2024-09-17,Não Convertido,,0.0,Agressivo,Uzbekistan
157250,Google Ads,2024-09-17,Não Convertido,,0.0,Agressivo,British Virgin Islands
157251,E-mail Marketing,2024-09-19,Não Convertido,,0.0,Agressivo,Chad
157252,Instagram,2024-09-16,Não Convertido,,0.0,Moderado,Luxembourg
157253,TikTok,2024-09-17,Não Convertido,,0.0,Moderado,Martinique
157254,Facebook,2024-09-20,Não Convertido,,0.0,Moderado,Jamaica
157255,WhatsApp,2024-09-18,Não Convertido,,0.0,Conservador,Portugal
157256,Orgânico,2024-09-17,Não Convertido,,0.0,Desconhecido,Turkmenistan
157257,Orgânico,2024-09-16,Não Convertido,,0.0,Moderado,Cocos (Keeling) Islands
157258,Google Ads,2024-09-19,Não Convertido,,0.0,Agressivo,San Marino
157259,Facebook,2024-09-20,Não Convertido,,0.0,Moderado,Isle of Man
157260,E-mail Marketing,2024-09-17,Não Convertido,,0.0,Desconhecido,Qatar
157261,Orgânico,2024-09-21,Não Convertido,,0.0,Agressivo,Spain
157262,Google Ads,2024-09-21,Não Convertido,,0.0,Desconhecido,Norfolk Island
157263,Indicação,2024-09-16,Não Convertido,,0.0,Agressivo,El Salvador
157264,WhatsApp,2024-09-16,Não Convertido,,0.0,Agressivo,Egypt
157265,E-mail Marketing,2024-09-16,Não Convertido,,0.0,Agressivo,Saudi Arabia
157266,YouTube Ads,2024-09-18,Não Convertido,,0.0,Moderado,Uzbekistan
157267,Indicação,2024-09-17,Não Convertido,,0.0,Agressivo,Belarus
157268,Google Ads,2024-09-17,Não Convertido,,0.0,Moderado,Albania
157269,Orgânico,2024-09-16,Não Convertido,,0.0,Agressivo,Wallis and Futuna
157270,E-mail Marketing,2024-09-18,Não Convertido,,0.0,Conservador,Anguilla
157271,Facebook,2024-09-21,Não Convertido,,0.0,Agressivo,Palau
157272,Indicação,2024-09-18,Não Convertido,,0.0,Agressivo,Cyprus
157273,WhatsApp,2024-09-19,Não Convertido,,0.0,Moderado,Korea
157274,E-mail Marketing,2024-09-17,Não Convertido,,0.0,Conservador,Equatorial Guinea
157275,Instagram,2024-09-21,Não Convertido,,0.0,Moderado,Liberia
157276,TikTok,2024-09-17,Não Convertido,,0.0,Agressivo,Georgia
157277,Instagram,2024-09-19,Não Convertido,,0.0,Desconhecido,Cyprus
157278,Instagram,2024-09-20,Não Convertido,,0.0,Moderado,Nicaragua
157279,Indicação,2024-09-21,Não Convertido,,0.0,Agressivo,Swaziland
157280,E-mail Marketing,2024-09-16,Não Convertido,,0.0,Agressivo,Spain
157281,Orgânico,2024-09-20,Não Convertido,,0.0,Agressivo,Swaziland
157282,Orgânico,2024-09-16,Não Convertido,,0.0,Agressivo,Tokelau
157283,Facebook,2024-09-19,Não Convertido,,0.0,Agressivo,Belgium
157284,WhatsApp,2024-09-18,Não Convertido,,0.0,Agressivo,Tokelau
157285,Orgânico,2024-09-21,Não Convertido,,0.0,Conservador,Mexico
157286,Orgânico,2024-09-21,Não Convertido,,0.0,Conservador,Kazakhstan
157287,Orgânico,2024-09-21,Não Convertido,,0.0,Agressivo,Turkey
157288,Orgânico,2024-09-18,Não Convertido,,0.0,Moderado,Hungary
157289,Orgânico,2024-09-20,Não Convertido,,0.0,Conservador,Slovakia (Slovak Republic)
157290,Facebook,2024-09-16,Não Convertido,,0.0,Agressivo,Congo
157291,WhatsApp,2024-09-16,Não Convertido,,0.0,Moderado,Bhutan
157292,WhatsApp,2024-09-17,Não Convertido,,0.0,Moderado,Mexico
157293,Google Ads,2024-09-18,Não Convertido,,0.0,Conservador,Saint Helena
157294,TikTok,2024-09-20,Convertido,25.0,1295.14,Agressivo,Mexico
157295,TikTok,2024-09-20,Não Convertido,,0.0,Moderado,Myanmar
157296,TikTok,2024-09-18,Não Convertido,,0.0,Moderado,Panama
157297,E-mail Marketing,2024-09-16,Não Convertido,,0.0,Conservador,United Arab Emirates
157298,TikTok,2024-09-18,Não Convertido,,0.0,Conservador,Guadeloupe
157299,Orgânico,2024-09-19,Não Convertido,,0.0,Agressivo,Iraq
157300,Facebook,2024-09-17,Não Convertido,,0.0,Moderado,Kyrgyz Republic
157301,TikTok,2024-09-21,Não Convertido,,0.0,Conservador,Vietnam
157302,E-mail Marketing,2024-09-18,Não Convertido,,0.0,Moderado,Dominica
157303,Google Ads,2024-09-16,Convertido,25.0,6369.7,Agressivo,British Virgin Islands
157304,Google Ads,2024-09-21,Não Convertido,,0.0,Moderado,Guadeloupe
157305,Orgânico,2024-09-20,Não Convertido,,0.0,Conservador,Saint Martin
157306,E-mail Marketing,2024-09-17,Não Convertido,,0.0,Agressivo,Angola
157307,Orgânico,2024-09-19,Não Convertido,,0.0,Moderado,Poland
157308,Orgânico,2024-09-21,Não Convertido,,0.0,Conservador,India
157309,Google Ads,2024-09-19,Não Convertido,,0.0,Moderado,Barbados
157310,Orgânico,2024-09-19,Não Convertido,,0.0,Agressivo,Palau
157311,E-mail Marketing,2024-09-19,Não Convertido,,0.0,Agressivo,Niger
157312,TikTok,2024-09-18,Não Convertido,,0.0,Agressivo,Cameroon
157313,Indicação,2024-09-16,Não Convertido,,0.0,Desconhecido,Afghanistan
157314,E-mail Marketing,2024-09-17,Não Convertido,,0.0,Moderado,Bouvet Island (Bouvetoya)
157315,TikTok,2024-09-17,Não Convertido,,0.0,Moderado,Sierra Leone
157316,Orgânico,2024-09-16,Não Convertido,,0.0,Conservador,Ethiopia
157317,Instagram,2024-09-16,Não Convertido,,0.0,Conservador,Svalbard & Jan Mayen Islands
157318,Instagram,2024-09-16,Não Convertido,,0.0,Conservador,Belgium
157319,WhatsApp,2024-09-20,Não Convertido,,0.0,Moderado,Timor-Leste
157320,YouTube Ads,2024-09-20,Não Convertido,,0.0,Agressivo,Burkina Faso
157321,TikTok,2024-09-18,Não Convertido,,0.0,Conservador,Cote d'Ivoire
157322,Indicação,2024-09-16,Não Convertido,,0.0,Moderado,Gambia
157323,WhatsApp,2024-09-16,Não Convertido,,0.0,Agressivo,Iran
157324,Indicação,2024-09-21,Não Convertido,,0.0,Moderado,Saint Barthelemy
157325,Orgânico,2024-09-20,Não Convertido,,0.0,Agressivo,Burundi
157326,E-mail Marketing,2024-09-20,Não Convertido,,0.0,Moderado,Antarctica (the territory South of 60 deg S)
157327,TikTok,2024-09-18,Não Convertido,,0.0,Moderado,Palestinian Territory
157328,E-mail Marketing,2024-09-17,Não Convertido,,0.0,Conservador,Uganda
157329,E-mail Marketing,2024-09-18,Não Convertido,,0.0,Moderado,Maldives
157330,Google Ads,2024-09-20,Não Convertido,,0.0,Agressivo,Italy
157331,E-mail Marketing,2024-09-18,Não Convertido,,0.0,Desconhecido,Serbia
157332,Facebook,2024-09-21,Não Convertido,,0.0,Moderado,Armenia
157333,TikTok,2024-09-21,Não Convertido,,0.0,Conservador,Seychelles
157334,TikTok,2024-09-19,Não Convertido,,0.0,Moderado,Bermuda
157335,Google Ads,2024-09-16,Não Convertido,,0.0,Agressivo,Uruguay
157336,Instagram,2024-09-21,Não Convertido,,0.0,Agressivo,Bahrain
157337,Facebook,2024-09-16,Não Convertido,,0.0,Moderado,Puerto Rico
157338,TikTok,2024-09-18,Não Convertido,,0.0,Agressivo,Mexico
157339,Facebook,2024-09-20,Não Convertido,,0.0,Moderado,Jamaica
157340,E-mail Marketing,2024-09-16,Não Convertido,,0.0,Moderado,Iran
157341,Instagram,2024-09-18,Não Convertido,,0.0,Agressivo,Belarus
157342,Orgânico,2024-09-17,Não Convertido,,0.0,Agressivo,Lao People's Democratic Republic
157343,Google Ads,2024-09-16,Não Convertido,,0.0,Moderado,Kazakhstan
157344,E-mail Marketing,2024-09-17,Não Convertido,,0.0,Moderado,Cuba
157345,Orgânico,2024-09-17,Não Convertido,,0.0,Conservador,French Guiana
157346,E-mail Marketing,2024-09-16,Não Convertido,,0.0,Conservador,Turks and Caicos Islands
157347,E-mail Marketing,2024-09-18,Não Convertido,,0.0,Desconhecido,Oman
157348,TikTok,2024-09-18,Não Convertido,,0.0,Moderado,Netherlands
157349,Indicação,2024-09-19,Não Convertido,,0.0,Conservador,Anguilla
157350,E-mail Marketing,2024-09-16,Não Convertido,,0.0,Agressivo,Argentina
157351,WhatsApp,2024-09-19,Não Convertido,,0.0,Conservador,Italy
157352,Orgânico,2024-09-19,Não Convertido,,0.0,Desconhecido,Italy
157353,Instagram,2024-09-17,Não Convertido,,0.0,Agressivo,Mauritius
157354,YouTube Ads,2024-09-17,Não Convertido,,0.0,Conservador,Saint Martin
157355,YouTube Ads,2024-09-21,Não Convertido,,0.0,Moderado,Kyrgyz Republic
157356,Instagram,2024-09-21,Não Convertido,,0.0,Agressivo,Namibia
157357,Orgânico,2024-09-19,Não Convertido,,0.0,Agressivo,Hungary
157358,WhatsApp,2024-09-19,Não Convertido,,0.0,Agressivo,Mongolia
157359,Google Ads,2024-09-20,Não Convertido,,0.0,Moderado,Ethiopia
157360,Google Ads,2024-09-18,Não Convertido,,0.0,Moderado,Algeria
157361,Google Ads,2024-09-19,Não Convertido,,0.0,Agressivo,Guinea
157362,TikTok,2024-09-16,Não Convertido,,0.0,Conservador,Nauru
157363,Orgânico,2024-09-16,Não Convertido,,0.0,Desconhecido,Barbados
157364,TikTok,2024-09-18,Não Convertido,,0.0,Moderado,Eritrea
157365,Indicação,2024-09-20,Não Convertido,,0.0,Conservador,Micronesia
157366,Facebook,2024-09-18,Não Convertido,,0.0,Agressivo,Mali
157367,WhatsApp,2024-09-20,Não Convertido,,0.0,Conservador,Nepal
157368,Instagram,2024-09-18,Não Convertido,,0.0,Moderado,Ukraine
157369,E-mail Marketing,2024-09-21,Não Convertido,,0.0,Agressivo,Lesotho
157370,E-mail Marketing,2024-09-18,Não Convertido,,0.0,Agressivo,Tokelau
157371,YouTube Ads,2024-09-20,Não Convertido,,0.0,Agressivo,Saint Pierre and Miquelon
157372,Indicação,2024-09-17,Não Convertido,,0.0,Agressivo,Pitcairn Islands
157373,Orgânico,2024-09-21,Não Convertido,,0.0,Moderado,Tunisia
157374,Facebook,2024-09-17,Não Convertido,,0.0,Moderado,Tonga
157375,Indicação,2024-09-21,Não Convertido,,0.0,Moderado,Pakistan
157376,YouTube Ads,2024-09-19,Não Convertido,,0.0,Moderado,Nauru
157377,Facebook,2024-09-16,Não Convertido,,0.0,Agressivo,Heard Island and McDonald Islands
157378,Orgânico,2024-09-16,Não Convertido,,0.0,Conservador,United Arab Emirates
157379,YouTube Ads,2024-09-20,Não Convertido,,0.0,Conservador,Brunei Darussalam
157380,E-mail Marketing,2024-09-16,Não Convertido,,0.0,Agressivo,Lesotho
157381,TikTok,2024-09-17,Não Convertido,,0.0,Conservador,Djibouti
157382,Google Ads,2024-09-21,Não Convertido,,0.0,Desconhecido,Morocco
157383,WhatsApp,2024-09-19,Não Convertido,,0.0,Moderado,British Virgin Islands
157384,TikTok,2024-09-20,Não Convertido,,0.0,Agressivo,Martinique
157385,Orgânico,2024-09-19,Não Convertido,,0.0,Moderado,Cape Verde
157386,E-mail Marketing,2024-09-18,Não Convertido,,0.0,Agressivo,Nepal
157387,E-mail Marketing,2024-09-21,Não Convertido,,0.0,Agressivo,Somalia
157388,Google Ads,2024-09-21,Não Convertido,,0.0,Agressivo,Wallis and Futuna
157389,Orgânico,2024-09-17,Não Convertido,,0.0,Agressivo,Italy
157390,Instagram,2024-09-19,Não Convertido,,0.0,Agressivo,Lithuania
157391,TikTok,2024-09-20,Não Convertido,,0.0,Agressivo,Timor-Leste
157392,TikTok,2024-09-17,Não Convertido,,0.0,Moderado,Cote d'Ivoire
157393,Orgânico,2024-09-20,Não Convertido,,0.0,Desconhecido,New Zealand
157394,TikTok,2024-09-19,Não Convertido,,0.0,Agressivo,Guinea
157395,TikTok,2024-09-19,Não Convertido,,0.0,Conservador,Algeria
157396,Facebook,2024-09-16,Não Convertido,,0.0,Agressivo,Zambia
157397,E-mail Marketing,2024-09-19,Não Convertido,,0.0,Moderado,Kuwait
157398,WhatsApp,2024-09-21,Não Convertido,,0.0,Moderado,Australia
157399,Google Ads,2024-09-17,Não Convertido,,0.0,Agressivo,Denmark
157400,TikTok,2024-09-20,Não Convertido,,0.0,Moderado,Palau
157401,TikTok,2024-09-17,Convertido,17.0,6277.12,Conservador,Saint Lucia
157402,Instagram,2024-09-16,Não Convertido,,0.0,Agressivo,Cape Verde
157403,Facebook,2024-09-18,Não Convertido,,0.0,Conservador,Turkey
157404,Facebook,2024-09-19,Não Convertido,,0.0,Moderado,Dominica
157405,Orgânico,2024-09-17,Não Convertido,,0.0,Agressivo,Nigeria
157406,E-mail Marketing,2024-09-19,Não Convertido,,0.0,Conservador,Luxembourg
157407,E-mail Marketing,2024-09-19,Não Convertido,,0.0,Moderado,South Africa
157408,E-mail Marketing,2024-09-19,Não Convertido,,0.0,Moderado,Papua New Guinea
157409,TikTok,2024-09-16,Não Convertido,,0.0,Agressivo,Seychelles
157410,YouTube Ads,2024-09-18,Não Convertido,,0.0,Moderado,Kuwait
157411,WhatsApp,2024-09-21,Não Convertido,,0.0,Conservador,Grenada
157412,Facebook,2024-09-18,Não Convertido,,0.0,Conservador,Chad
157413,Google Ads,2024-09-16,Convertido,4.0,6728.4,Moderado,Malawi
157414,Orgânico,2024-09-20,Não Convertido,,0.0,Agressivo,Aruba
157415,Orgânico,2024-09-19,Não Convertido,,0.0,Moderado,Gambia
157416,Orgânico,2024-09-16,Convertido,2.0,859.05,Moderado,Niue
157417,YouTube Ads,2024-09-16,Não Convertido,,0.0,Conservador,Ecuador
157418,E-mail Marketing,2024-09-19,Não Convertido,,0.0,Moderado,Norway
157419,Orgânico,2024-09-18,Não Convertido,,0.0,Moderado,Costa Rica
157420,Orgânico,2024-09-17,Não Convertido,,0.0,Desconhecido,Kyrgyz Republic
157421,Facebook,2024-09-16,Não Convertido,,0.0,Desconhecido,Andorra
157422,Facebook,2024-09-21,Não Convertido,,0.0,Conservador,Ireland
157423,Instagram,2024-09-17,Não Convertido,,0.0,Agressivo,Cape Verde
157424,Indicação,2024-09-21,Não Convertido,,0.0,Agressivo,Trinidad and Tobago
157425,WhatsApp,2024-09-20,Não Convertido,,0.0,Conservador,Nauru
157426,Indicação,2024-09-20,Não Convertido,,0.0,Agressivo,Belarus
157427,Orgânico,2024-09-17,Não Convertido,,0.0,Agressivo,Antarctica (the territory South of 60 deg S)
157428,Orgânico,2024-09-21,Não Convertido,,0.0,Agressivo,Mongolia
157429,Orgânico,2024-09-21,Não Convertido,,0.0,Agressivo,Papua New Guinea
157430,TikTok,2024-09-16,Não Convertido,,0.0,Moderado,Ukraine
157431,E-mail Marketing,2024-09-20,Não Convertido,,0.0,Moderado,American Samoa
157432,TikTok,2024-09-16,Não Convertido,,0.0,Agressivo,Bosnia and Herzegovina
157433,TikTok,2024-09-21,Não Convertido,,0.0,Conservador,Ireland
157434,TikTok,2024-09-18,Não Convertido,,0.0,Moderado,Mauritius
157435,Instagram,2024-09-21,Não Convertido,,0.0,Moderado,Fiji
157436,TikTok,2024-09-19,Convertido,23.0,601.07,Desconhecido,Central African Republic
157437,Facebook,2024-09-18,Não Convertido,,0.0,Agressivo,Malawi
157438,Facebook,2024-09-16,Não Convertido,,0.0,Desconhecido,Palau
157439,Instagram,2024-09-20,Não Convertido,,0.0,Agressivo,Mayotte
157440,Indicação,2024-09-20,Não Convertido,,0.0,Moderado,Comoros
157441,YouTube Ads,2024-09-20,Não Convertido,,0.0,Moderado,Libyan Arab Jamahiriya
157442,Orgânico,2024-09-21,Não Convertido,,0.0,Moderado,Tunisia
157443,TikTok,2024-09-19,Não Convertido,,0.0,Moderado,Mexico
157444,E-mail Marketing,2024-09-16,Não Convertido,,0.0,Agressivo,Sierra Leone
157445,Facebook,2024-09-20,Não Convertido,,0.0,Moderado,Kazakhstan
157446,WhatsApp,2024-09-18,Não Convertido,,0.0,Moderado,Botswana
157447,E-mail Marketing,2024-09-18,Convertido,27.0,1945.4,Conservador,Netherlands Antilles
157448,Google Ads,2024-09-16,Não Convertido,,0.0,Agressivo,Morocco
157449,Orgânico,2024-09-17,Não Convertido,,0.0,Moderado,Moldova
157450,Google Ads,2024-09-16,Não Convertido,,0.0,Agressivo,Faroe Islands
157451,YouTube Ads,2024-09-16,Não Convertido,,0.0,Moderado,United States of America
157452,Instagram,2024-09-16,Não Convertido,,0.0,Agressivo,Georgia
157453,Instagram,2024-09-18,Não Convertido,,0.0,Desconhecido,Zambia
157454,Instagram,2024-09-21,Não Convertido,,0.0,Moderado,Bangladesh
157455,Instagram,2024-09-17,Não Convertido,,0.0,Moderado,Cook Islands
157456,TikTok,2024-09-16,Não Convertido,,0.0,Conservador,Yemen
157457,Google Ads,2024-09-20,Não Convertido,,0.0,Moderado,Guam
157458,E-mail Marketing,2024-09-16,Não Convertido,,0.0,Conservador,Heard Island and McDonald Islands
157459,Google Ads,2024-09-17,Não Convertido,,0.0,Conservador,Pitcairn Islands
157460,Orgânico,2024-09-19,Não Convertido,,0.0,Conservador,Sao Tome and Principe
157461,WhatsApp,2024-09-18,Não Convertido,,0.0,Agressivo,Mauritius
157462,WhatsApp,2024-09-18,Não Convertido,,0.0,Agressivo,Saint Barthelemy
157463,Google Ads,2024-09-18,Não Convertido,,0.0,Moderado,Kenya
157464,Instagram,2024-09-21,Não Convertido,,0.0,Moderado,Denmark
157465,TikTok,2024-09-21,Não Convertido,,0.0,Moderado,China
157466,YouTube Ads,2024-09-20,Não Convertido,,0.0,Conservador,Aruba
157467,TikTok,2024-09-18,Não Convertido,,0.0,Conservador,Suriname
157468,WhatsApp,2024-09-19,Não Convertido,,0.0,Moderado,Gabon
157469,Google Ads,2024-09-18,Não Convertido,,0.0,Moderado,Uganda
157470,Instagram,2024-09-21,Não Convertido,,0.0,Moderado,Marshall Islands
157471,Orgânico,2024-09-16,Não Convertido,,0.0,Conservador,Central African Republic
157472,TikTok,2024-09-21,Não Convertido,,0.0,Conservador,Cayman Islands
157473,Indicação,2024-09-16,Não Convertido,,0.0,Agressivo,Bermuda
157474,Instagram,2024-09-20,Não Convertido,,0.0,Conservador,Gibraltar
157475,Instagram,2024-09-18,Não Convertido,,0.0,Agressivo,Chile
157476,TikTok,2024-09-16,Não Convertido,,0.0,Moderado,United States of America
157477,Instagram,2024-09-18,Não Convertido,,0.0,Moderado,Palestinian Territory
157478,YouTube Ads,2024-09-21,Convertido,24.0,1550.98,Moderado,Fiji
157479,Orgânico,2024-09-18,Não Convertido,,0.0,Agressivo,Barbados
157480,Instagram,2024-09-17,Não Convertido,,0.0,Moderado,Angola
157481,Indicação,2024-09-18,Não Convertido,,0.0,Moderado,Ukraine
157482,YouTube Ads,2024-09-19,Não Convertido,,0.0,Agressivo,United States Minor Outlying Islands
157483,TikTok,2024-09-19,Não Convertido,,0.0,Agressivo,Spain
157484,TikTok,2024-09-21,Não Convertido,,0.0,Moderado,Kenya
157485,Orgânico,2024-09-19,Não Convertido,,0.0,Conservador,Guatemala
157486,Indicação,2024-09-19,Convertido,29.0,7450.83,Moderado,Philippines
157487,Google Ads,2024-09-20,Não Convertido,,0.0,Agressivo,Falkland Islands (Malvinas)
157488,Instagram,2024-09-18,Não Convertido,,0.0,Conservador,Aruba
157489,TikTok,2024-09-21,Não Convertido,,0.0,Agressivo,France
157490,Google Ads,2024-09-16,Não Convertido,,0.0,Agressivo,Kenya
157491,Orgânico,2024-09-21,Não Convertido,,0.0,Agressivo,Ukraine
157492,Orgânico,2024-09-17,Não Convertido,,0.0,Conservador,Norway
157493,Orgânico,2024-09-16,Não Convertido,,0.0,Moderado,Tajikistan
157494,E-mail Marketing,2024-09-20,Não Convertido,,0.0,Moderado,Congo
157495,Indicação,2024-09-18,Não Convertido,,0.0,Agressivo,Western Sahara
157496,YouTube Ads,2024-09-16,Não Convertido,,0.0,Moderado,Cameroon
157497,E-mail Marketing,2024-09-20,Não Convertido,,0.0,Moderado,Tuvalu
157498,Facebook,2024-09-19,Não Convertido,,0.0,Moderado,Switzerland
157499,E-mail Marketing,2024-09-16,Não Convertido,,0.0,Moderado,Liechtenstein
157500,Orgânico,2024-09-21,Não Convertido,,0.0,Agressivo,Burundi
157501,YouTube Ads,2024-09-18,Não Convertido,,0.0,Conservador,United Arab Emirates
157502,Google Ads,2024-09-20,Não Convertido,,0.0,Desconhecido,Spain
157503,Google Ads,2024-09-21,Não Convertido,,0.0,Desconhecido,Tanzania
157504,Google Ads,2024-09-18,Não Convertido,,0.0,Moderado,Kiribati
157505,E-mail Marketing,2024-09-21,Não Convertido,,0.0,Desconhecido,New Caledonia
157506,E-mail Marketing,2024-09-17,Não Convertido,,0.0,Moderado,Solomon Islands
157507,Instagram,2024-09-17,Não Convertido,,0.0,Agressivo,Israel
157508,E-mail Marketing,2024-09-19,Não Convertido,,0.0,Agressivo,Tuvalu
157509,TikTok,2024-09-16,Não Convertido,,0.0,Moderado,Lesotho
157510,TikTok,2024-09-19,Não Convertido,,0.0,Moderado,Bulgaria
157511,Indicação,2024-09-17,Não Convertido,,0.0,Desconhecido,Russian Federation
157512,E-mail Marketing,2024-09-20,Não Convertido,,0.0,Moderado,Dominican Republic
157513,YouTube Ads,2024-09-18,Não Convertido,,0.0,Moderado,Falkland Islands (Malvinas)
157514,TikTok,2024-09-21,Não Convertido,,0.0,Conservador,Kiribati
157515,Google Ads,2024-09-20,Não Convertido,,0.0,Desconhecido,Dominica
157516,TikTok,2024-09-19,Não Convertido,,0.0,Moderado,Bahamas
157517,Facebook,2024-09-21,Não Convertido,,0.0,Moderado,Haiti
157518,TikTok,2024-09-21,Não Convertido,,0.0,Conservador,Congo
157519,TikTok,2024-09-17,Não Convertido,,0.0,Agressivo,Rwanda
157520,YouTube Ads,2024-09-19,Não Convertido,,0.0,Moderado,Moldova
157521,Instagram,2024-09-17,Não Convertido,,0.0,Conservador,Italy
157522,E-mail Marketing,2024-09-20,Não Convertido,,0.0,Moderado,Cocos (Keeling) Islands
157523,Facebook,2024-09-19,Não Convertido,,0.0,Conservador,Sao Tome and Principe
157524,YouTube Ads,2024-09-21,Convertido,26.0,5397.01,Conservador,Guinea
157525,Instagram,2024-09-21,Não Convertido,,0.0,Moderado,Niue
157526,E-mail Marketing,2024-09-18,Não Convertido,,0.0,Moderado,Benin
157527,Orgânico,2024-09-21,Não Convertido,,0.0,Conservador,Moldova
157528,Orgânico,2024-09-17,Não Convertido,,0.0,Agressivo,Serbia
157529,Instagram,2024-09-17,Não Convertido,,0.0,Conservador,Bermuda
157530,Instagram,2024-09-16,Não Convertido,,0.0,Moderado,Barbados
157531,TikTok,2024-09-17,Não Convertido,,0.0,Agressivo,Poland
157532,TikTok,2024-09-21,Não Convertido,,0.0,Moderado,Montserrat
157533,E-mail Marketing,2024-09-19,Não Convertido,,0.0,Agressivo,North Macedonia
157534,Facebook,2024-09-20,Não Convertido,,0.0,Conservador,Montserrat
157535,TikTok,2024-09-17,Não Convertido,,0.0,Moderado,Bouvet Island (Bouvetoya)
157536,Google Ads,2024-09-20,Não Convertido,,0.0,Agressivo,India
157537,Orgânico,2024-09-21,Não Convertido,,0.0,Conservador,Antarctica (the territory South of 60 deg S)
157538,Google Ads,2024-09-21,Não Convertido,,0.0,Desconhecido,Colombia
157539,YouTube Ads,2024-09-18,Convertido,13.0,3772.18,Moderado,Indonesia
157540,Facebook,2024-09-21,Não Convertido,,0.0,Agressivo,Heard Island and McDonald Islands
157541,WhatsApp,2024-09-20,Não Convertido,,0.0,Moderado,Zambia
157542,YouTube Ads,2024-09-20,Não Convertido,,0.0,Agressivo,Andorra
157543,YouTube Ads,2024-09-21,Não Convertido,,0.0,Moderado,Turkmenistan
157544,E-mail Marketing,2024-09-19,Convertido,29.0,9092.59,Agressivo,Trinidad and Tobago
157545,Orgânico,2024-09-16,Não Convertido,,0.0,Conservador,Pitcairn Islands
157546,Facebook,2024-09-17,Convertido,7.0,7987.6,Moderado,Tokelau
157547,Google Ads,2024-09-21,Convertido,23.0,9917.75,Conservador,Latvia
157548,TikTok,2024-09-16,Não Convertido,,0.0,Desconhecido,Luxembourg
157549,TikTok,2024-09-17,Convertido,4.0,659.34,Desconhecido,Guatemala
157550,Instagram,2024-09-19,Não Convertido,,0.0,Agressivo,Paraguay
157551,TikTok,2024-09-17,Não Convertido,,0.0,Moderado,Belarus
157552,Google Ads,2024-09-18,Não Convertido,,0.0,Moderado,Georgia
157553,E-mail Marketing,2024-09-20,Não Convertido,,0.0,Moderado,Peru
157554,Orgânico,2024-09-20,Não Convertido,,0.0,Agressivo,Isle of Man
157555,E-mail Marketing,2024-09-16,Não Convertido,,0.0,Moderado,Costa Rica
157556,Instagram,2024-09-16,Não Convertido,,0.0,Moderado,Azerbaijan
157557,E-mail Marketing,2024-09-16,Não Convertido,,0.0,Desconhecido,Belgium
157558,TikTok,2024-09-20,Não Convertido,,0.0,Agressivo,Rwanda
157559,Facebook,2024-09-21,Não Convertido,,0.0,Agressivo,Austria
157560,TikTok,2024-09-19,Não Convertido,,0.0,Agressivo,Nepal
157561,YouTube Ads,2024-09-16,Não Convertido,,0.0,Agressivo,Paraguay
157562,TikTok,2024-09-20,Não Convertido,,0.0,Moderado,Turkmenistan
157563,Instagram,2024-09-16,Não Convertido,,0.0,Conservador,Saint Lucia
157564,YouTube Ads,2024-09-21,Não Convertido,,0.0,Desconhecido,Burkina Faso
157565,Google Ads,2024-09-16,Não Convertido,,0.0,Agressivo,Sweden
157566,WhatsApp,2024-09-21,Não Convertido,,0.0,Conservador,Syrian Arab Republic
157567,YouTube Ads,2024-09-20,Não Convertido,,0.0,Conservador,Bulgaria
157568,Facebook,2024-09-18,Convertido,9.0,9933.26,Moderado,Bosnia and Herzegovina
157569,Facebook,2024-09-17,Não Convertido,,0.0,Agressivo,Russian Federation
157570,Orgânico,2024-09-21,Não Convertido,,0.0,Agressivo,Netherlands
157571,WhatsApp,2024-09-19,Não Convertido,,0.0,Moderado,Bolivia
157572,E-mail Marketing,2024-09-21,Não Convertido,,0.0,Conservador,Saint Barthelemy
157573,Google Ads,2024-09-17,Não Convertido,,0.0,Moderado,Cape Verde
157574,Orgânico,2024-09-21,Convertido,13.0,3715.21,Agressivo,Tonga
157575,TikTok,2024-09-17,Não Convertido,,0.0,Conservador,Eritrea
157576,TikTok,2024-09-19,Não Convertido,,0.0,Agressivo,Philippines
157577,Orgânico,2024-09-16,Não Convertido,,0.0,Agressivo,Lithuania
157578,Facebook,2024-09-18,Não Convertido,,0.0,Agressivo,Austria
157579,Orgânico,2024-09-18,Não Convertido,,0.0,Moderado,Ireland
157580,YouTube Ads,2024-09-21,Não Convertido,,0.0,Conservador,Nicaragua
157581,Orgânico,2024-09-19,Não Convertido,,0.0,Conservador,Cocos (Keeling) Islands
157582,E-mail Marketing,2024-09-17,Não Convertido,,0.0,Moderado,Grenada
157583,YouTube Ads,2024-09-18,Não Convertido,,0.0,Desconhecido,Bahamas
157584,Indicação,2024-09-16,Não Convertido,,0.0,Moderado,Tunisia
157585,TikTok,2024-09-20,Não Convertido,,0.0,Moderado,Christmas Island
157586,Facebook,2024-09-18,Não Convertido,,0.0,Conservador,United States Virgin Islands
157587,Instagram,2024-09-20,Não Convertido,,0.0,Agressivo,Malaysia
157588,TikTok,2024-09-16,Não Convertido,,0.0,Moderado,Cayman Islands
157589,Instagram,2024-09-20,Não Convertido,,0.0,Moderado,Switzerland
157590,TikTok,2024-09-20,Não Convertido,,0.0,Moderado,Guadeloupe
157591,Orgânico,2024-09-19,Não Convertido,,0.0,Moderado,Andorra
157592,YouTube Ads,2024-09-18,Não Convertido,,0.0,Moderado,Guyana
157593,Facebook,2024-09-20,Não Convertido,,0.0,Agressivo,Nicaragua
157594,Google Ads,2024-09-21,Não Convertido,,0.0,Moderado,Saint Helena
157595,E-mail Marketing,2024-09-21,Não Convertido,,0.0,Desconhecido,Finland
157596,Indicação,2024-09-20,Não Convertido,,0.0,Moderado,Uzbekistan
157597,Google Ads,2024-09-18,Não Convertido,,0.0,Desconhecido,Bermuda
157598,WhatsApp,2024-09-18,Não Convertido,,0.0,Desconhecido,Azerbaijan
157599,Indicação,2024-09-16,Não Convertido,,0.0,Conservador,Eritrea
157600,TikTok,2024-09-21,Não Convertido,,0.0,Conservador,Rwanda
157601,Instagram,2024-09-16,Não Convertido,,0.0,Conservador,Dominican Republic
157602,YouTube Ads,2024-09-18,Não Convertido,,0.0,Agressivo,Israel
157603,E-mail Marketing,2024-09-18,Não Convertido,,0.0,Agressivo,Guinea
157604,Instagram,2024-09-17,Não Convertido,,0.0,Desconhecido,Senegal
157605,E-mail Marketing,2024-09-20,Não Convertido,,0.0,Moderado,Tonga
157606,TikTok,2024-09-16,Não Convertido,,0.0,Moderado,Saudi Arabia
157607,YouTube Ads,2024-09-16,Não Convertido,,0.0,Agressivo,Gibraltar
157608,WhatsApp,2024-09-16,Não Convertido,,0.0,Agressivo,Bolivia
157609,WhatsApp,2024-09-20,Convertido,13.0,2959.89,Agressivo,Slovakia (Slovak Republic)
157610,E-mail Marketing,2024-09-21,Não Convertido,,0.0,Moderado,Guinea
157611,Instagram,2024-09-16,Não Convertido,,0.0,Desconhecido,Moldova
157612,Facebook,2024-09-20,Não Convertido,,0.0,Agressivo,Zimbabwe
157613,TikTok,2024-09-21,Não Convertido,,0.0,Agressivo,United Kingdom
157614,Facebook,2024-09-20,Não Convertido,,0.0,Moderado,Gabon
157615,TikTok,2024-09-16,Não Convertido,,0.0,Agressivo,Belize
157616,Orgânico,2024-09-16,Não Convertido,,0.0,Moderado,British Virgin Islands
157617,TikTok,2024-09-18,Não Convertido,,0.0,Desconhecido,Azerbaijan
157618,Orgânico,2024-09-17,Não Convertido,,0.0,Moderado,China
157619,TikTok,2024-09-16,Não Convertido,,0.0,Desconhecido,Tuvalu
157620,Instagram,2024-09-16,Não Convertido,,0.0,Agressivo,Reunion
157621,WhatsApp,2024-09-20,Não Convertido,,0.0,Desconhecido,French Polynesia
157622,Instagram,2024-09-19,Convertido,22.0,9138.48,Agressivo,Marshall Islands
157623,E-mail Marketing,2024-09-16,Não Convertido,,0.0,Moderado,Namibia
157624,Instagram,2024-09-21,Não Convertido,,0.0,Conservador,Madagascar
157625,Instagram,2024-09-21,Não Convertido,,0.0,Agressivo,British Indian Ocean Territory (Chagos Archipelago)
157626,Instagram,2024-09-21,Não Convertido,,0.0,Moderado,Saint Pierre and Miquelon
157627,Instagram,2024-09-16,Não Convertido,,0.0,Agressivo,Jamaica
157628,E-mail Marketing,2024-09-20,Não Convertido,,0.0,Agressivo,Micronesia
157629,Google Ads,2024-09-21,Convertido,20.0,8791.11,Moderado,Haiti
157630,Orgânico,2024-09-20,Não Convertido,,0.0,Desconhecido,Belize
157631,WhatsApp,2024-09-21,Não Convertido,,0.0,Moderado,Yemen
157632,Orgânico,2024-09-21,Não Convertido,,0.0,Agressivo,Niue
157633,TikTok,2024-09-17,Não Convertido,,0.0,Desconhecido,Luxembourg
157634,E-mail Marketing,2024-09-20,Não Convertido,,0.0,Moderado,United States Virgin Islands
157635,TikTok,2024-09-21,Não Convertido,,0.0,Conservador,Romania
157636,Instagram,2024-09-21,Não Convertido,,0.0,Moderado,Portugal
157637,WhatsApp,2024-09-18,Não Convertido,,0.0,Desconhecido,Myanmar
157638,Instagram,2024-09-16,Não Convertido,,0.0,Conservador,Malawi
157639,TikTok,2024-09-19,Não Convertido,,0.0,Agressivo,Hungary
157640,Indicação,2024-09-21,Não Convertido,,0.0,Moderado,Madagascar
157641,Instagram,2024-09-16,Não Convertido,,0.0,Moderado,Brunei Darussalam
157642,Google Ads,2024-09-21,Não Convertido,,0.0,Agressivo,Cape Verde
157643,YouTube Ads,2024-09-21,Não Convertido,,0.0,Conservador,Armenia
157644,TikTok,2024-09-21,Não Convertido,,0.0,Agressivo,Mali
157645,Facebook,2024-09-17,Não Convertido,,0.0,Conservador,Netherlands Antilles
157646,E-mail Marketing,2024-09-19,Não Convertido,,0.0,Moderado,Sierra Leone
157647,Google Ads,2024-09-17,Não Convertido,,0.0,Agressivo,Saint Kitts and Nevis
157648,WhatsApp,2024-09-20,Não Convertido,,0.0,Moderado,British Indian Ocean Territory (Chagos Archipelago)
157649,Facebook,2024-09-20,Não Convertido,,0.0,Moderado,Falkland Islands (Malvinas)
157650,Google Ads,2024-09-16,Não Convertido,,0.0,Agressivo,Greece
157651,Facebook,2024-09-17,Não Convertido,,0.0,Conservador,New Zealand
157652,E-mail Marketing,2024-09-21,Não Convertido,,0.0,Agressivo,Bouvet Island (Bouvetoya)
157653,Facebook,2024-09-20,Não Convertido,,0.0,Conservador,Oman
157654,TikTok,2024-09-18,Não Convertido,,0.0,Moderado,Nepal
157655,E-mail Marketing,2024-09-18,Não Convertido,,0.0,Moderado,Jersey
157656,Orgânico,2024-09-21,Não Convertido,,0.0,Moderado,Cuba
157657,TikTok,2024-09-17,Não Convertido,,0.0,Moderado,Cocos (Keeling) Islands
157658,YouTube Ads,2024-09-17,Não Convertido,,0.0,Moderado,Afghanistan
157659,E-mail Marketing,2024-09-20,Não Convertido,,0.0,Desconhecido,Cook Islands
157660,Facebook,2024-09-18,Não Convertido,,0.0,Agressivo,Guinea-Bissau
157661,E-mail Marketing,2024-09-18,Não Convertido,,0.0,Moderado,Zimbabwe
157662,TikTok,2024-09-19,Não Convertido,,0.0,Agressivo,French Guiana
157663,Instagram,2024-09-20,Não Convertido,,0.0,Agressivo,Timor-Leste
157664,WhatsApp,2024-09-21,Não Convertido,,0.0,Conservador,Eritrea
157665,WhatsApp,2024-09-16,Não Convertido,,0.0,Agressivo,Turkey
157666,Facebook,2024-09-21,Não Convertido,,0.0,Desconhecido,Lithuania
157667,Orgânico,2024-09-18,Não Convertido,,0.0,Moderado,Reunion
157668,YouTube Ads,2024-09-17,Não Convertido,,0.0,Agressivo,Slovakia (Slovak Republic)
157669,Orgânico,2024-09-19,Não Convertido,,0.0,Moderado,Libyan Arab Jamahiriya
157670,Instagram,2024-09-16,Não Convertido,,0.0,Moderado,Latvia
157671,Orgânico,2024-09-19,Não Convertido,,0.0,Moderado,South Africa
157672,Orgânico,2024-09-19,Não Convertido,,0.0,Moderado,Norfolk Island
157673,Instagram,2024-09-18,Não Convertido,,0.0,Desconhecido,Bahrain
157674,WhatsApp,2024-09-18,Não Convertido,,0.0,Conservador,Panama
157675,WhatsApp,2024-09-16,Não Convertido,,0.0,Agressivo,Albania
157676,Instagram,2024-09-17,Não Convertido,,0.0,Desconhecido,Greenland
157677,Orgânico,2024-09-21,Não Convertido,,0.0,Conservador,Guinea-Bissau
157678,Indicação,2024-09-16,Não Convertido,,0.0,Agressivo,Saint Helena
157679,YouTube Ads,2024-09-20,Não Convertido,,0.0,Agressivo,Martinique
157680,Orgânico,2024-09-20,Não Convertido,,0.0,Conservador,Indonesia
157681,E-mail Marketing,2024-09-17,Não Convertido,,0.0,Agressivo,Jamaica
157682,YouTube Ads,2024-09-16,Não Convertido,,0.0,Moderado,Bahamas
157683,TikTok,2024-09-17,Não Convertido,,0.0,Agressivo,Seychelles
157684,E-mail Marketing,2024-09-18,Não Convertido,,0.0,Conservador,Greece
157685,TikTok,2024-09-18,Não Convertido,,0.0,Conservador,Turks and Caicos Islands
157686,WhatsApp,2024-09-17,Não Convertido,,0.0,Conservador,Maldives
157687,YouTube Ads,2024-09-19,Não Convertido,,0.0,Moderado,Afghanistan
157688,WhatsApp,2024-09-18,Não Convertido,,0.0,Agressivo,Swaziland
157689,Orgânico,2024-09-16,Não Convertido,,0.0,Agressivo,Philippines
157690,Instagram,2024-09-16,Não Convertido,,0.0,Desconhecido,Iran
157691,TikTok,2024-09-20,Convertido,11.0,9771.33,Agressivo,Niue
157692,Instagram,2024-09-20,Não Convertido,,0.0,Agressivo,Pitcairn Islands
157693,TikTok,2024-09-20,Não Convertido,,0.0,Conservador,Guam
157694,Instagram,2024-09-21,Não Convertido,,0.0,Agressivo,Pakistan
157695,WhatsApp,2024-09-20,Não Convertido,,0.0,Conservador,Sao Tome and Principe
157696,E-mail Marketing,2024-09-20,Não Convertido,,0.0,Agressivo,Burkina Faso
157697,YouTube Ads,2024-09-16,Não Convertido,,0.0,Agressivo,Senegal
157698,Facebook,2024-09-18,Não Convertido,,0.0,Moderado,Mayotte
157699,Orgânico,2024-09-19,Não Convertido,,0.0,Moderado,Belgium
157700,Facebook,2024-09-18,Não Convertido,,0.0,Desconhecido,India
157701,TikTok,2024-09-20,Não Convertido,,0.0,Desconhecido,Netherlands Antilles
157702,TikTok,2024-09-21,Não Convertido,,0.0,Agressivo,Burundi
157703,TikTok,2024-09-17,Não Convertido,,0.0,Conservador,Tokelau
157704,WhatsApp,2024-09-18,Não Convertido,,0.0,Moderado,Iraq
157705,TikTok,2024-09-17,Não Convertido,,0.0,Agressivo,Chile
157706,TikTok,2024-09-20,Não Convertido,,0.0,Moderado,Iceland
157707,Orgânico,2024-09-19,Convertido,0.0,9464.22,Moderado,Burundi
157708,E-mail Marketing,2024-09-18,Não Convertido,,0.0,Desconhecido,Iraq
157709,TikTok,2024-09-21,Não Convertido,,0.0,Agressivo,Romania
157710,WhatsApp,2024-09-17,Não Convertido,,0.0,Moderado,Brazil
157711,E-mail Marketing,2024-09-21,Não Convertido,,0.0,Agressivo,New Zealand
157712,WhatsApp,2024-09-20,Convertido,26.0,8385.14,Conservador,Colombia
157713,TikTok,2024-09-21,Não Convertido,,0.0,Agressivo,Tanzania
157714,Facebook,2024-09-20,Não Convertido,,0.0,Moderado,Qatar
157715,E-mail Marketing,2024-09-16,Não Convertido,,0.0,Moderado,Singapore
157716,Instagram,2024-09-21,Não Convertido,,0.0,Conservador,Jamaica
157717,Orgânico,2024-09-19,Não Convertido,,0.0,Conservador,Cote d'Ivoire
157718,Orgânico,2024-09-21,Não Convertido,,0.0,Agressivo,Antarctica (the territory South of 60 deg S)
157719,Facebook,2024-09-19,Não Convertido,,0.0,Agressivo,Bouvet Island (Bouvetoya)
157720,E-mail Marketing,2024-09-21,Não Convertido,,0.0,Moderado,Paraguay
157721,Orgânico,2024-09-20,Não Convertido,,0.0,Moderado,American Samoa
157722,Google Ads,2024-09-16,Não Convertido,,0.0,Moderado,Rwanda
157723,WhatsApp,2024-09-21,Não Convertido,,0.0,Conservador,Finland
157724,E-mail Marketing,2024-09-21,Não Convertido,,0.0,Agressivo,Canada
157725,WhatsApp,2024-09-18,Não Convertido,,0.0,Moderado,Guernsey
157726,E-mail Marketing,2024-09-16,Não Convertido,,0.0,Conservador,Macao
157727,Instagram,2024-09-20,Não Convertido,,0.0,Moderado,Svalbard & Jan Mayen Islands
157728,Google Ads,2024-09-17,Convertido,27.0,7116.45,Desconhecido,Belarus
157729,TikTok,2024-09-16,Não Convertido,,0.0,Moderado,Sweden
157730,TikTok,2024-09-17,Não Convertido,,0.0,Moderado,Qatar
157731,WhatsApp,2024-09-21,Não Convertido,,0.0,Moderado,Nigeria
157732,Google Ads,2024-09-20,Não Convertido,,0.0,Moderado,Georgia
157733,TikTok,2024-09-18,Não Convertido,,0.0,Conservador,India
157734,TikTok,2024-09-18,Não Convertido,,0.0,Agressivo,Senegal
157735,Instagram,2024-09-18,Não Convertido,,0.0,Moderado,Kenya
157736,TikTok,2024-09-16,Não Convertido,,0.0,Conservador,Congo
157737,Google Ads,2024-09-17,Não Convertido,,0.0,Conservador,Gabon
157738,WhatsApp,2024-09-20,Não Convertido,,0.0,Conservador,Bangladesh
157739,E-mail Marketing,2024-09-17,Não Convertido,,0.0,Agressivo,Mexico
157740,Facebook,2024-09-16,Não Convertido,,0.0,Agressivo,Mali
157741,Facebook,2024-09-21,Não Convertido,,0.0,Moderado,Jamaica
157742,E-mail Marketing,2024-09-18,Não Convertido,,0.0,Agressivo,South Africa
157743,TikTok,2024-09-21,Não Convertido,,0.0,Moderado,Trinidad and Tobago
157744,Instagram,2024-09-19,Não Convertido,,0.0,Conservador,Mayotte
157745,Facebook,2024-09-19,Não Convertido,,0.0,Agressivo,Germany
157746,YouTube Ads,2024-09-18,Não Convertido,,0.0,Agressivo,United Kingdom
157747,Orgânico,2024-09-20,Não Convertido,,0.0,Moderado,Singapore
157748,Orgânico,2024-09-18,Não Convertido,,0.0,Moderado,Slovakia (Slovak Republic)
157749,TikTok,2024-09-16,Não Convertido,,0.0,Desconhecido,Cape Verde
157750,Google Ads,2024-09-19,Não Convertido,,0.0,Moderado,Tuvalu
157751,E-mail Marketing,2024-09-17,Não Convertido,,0.0,Agressivo,Qatar
157752,Google Ads,2024-09-18,Não Convertido,,0.0,Agressivo,Greenland
157753,Orgânico,2024-09-17,Convertido,17.0,4572.74,Moderado,Greenland
157754,WhatsApp,2024-09-21,Não Convertido,,0.0,Agressivo,Suriname
157755,E-mail Marketing,2024-09-18,Não Convertido,,0.0,Agressivo,Eritrea
157756,Instagram,2024-09-16,Não Convertido,,0.0,Agressivo,Oman
157757,Instagram,2024-09-21,Não Convertido,,0.0,Moderado,Mauritius
157758,Instagram,2024-09-17,Convertido,29.0,1027.29,Moderado,Gibraltar
157759,Facebook,2024-09-21,Não Convertido,,0.0,Agressivo,Niue
157760,Instagram,2024-09-17,Não Convertido,,0.0,Moderado,Ecuador
157761,Google Ads,2024-09-16,Não Convertido,,0.0,Conservador,Anguilla
157762,Orgânico,2024-09-18,Não Convertido,,0.0,Moderado,Guinea
157763,Facebook,2024-09-20,Não Convertido,,0.0,Conservador,Liechtenstein
157764,Orgânico,2024-09-16,Não Convertido,,0.0,Moderado,San Marino
157765,Facebook,2024-09-16,Não Convertido,,0.0,Moderado,Wallis and Futuna
157766,Facebook,2024-09-21,Não Convertido,,0.0,Moderado,Comoros
157767,Facebook,2024-09-17,Não Convertido,,0.0,Moderado,Norway
157768,Orgânico,2024-09-21,Não Convertido,,0.0,Conservador,Myanmar
157769,Orgânico,2024-09-21,Não Convertido,,0.0,Agressivo,Guinea-Bissau
157770,E-mail Marketing,2024-09-17,Não Convertido,,0.0,Moderado,Comoros
157771,Facebook,2024-09-16,Não Convertido,,0.0,Agressivo,Macao
157772,Instagram,2024-09-20,Não Convertido,,0.0,Agressivo,Malaysia
157773,YouTube Ads,2024-09-19,Não Convertido,,0.0,Moderado,Sudan
157774,Orgânico,2024-09-20,Não Convertido,,0.0,Agressivo,Equatorial Guinea
157775,YouTube Ads,2024-09-21,Não Convertido,,0.0,Agressivo,Vanuatu
157776,TikTok,2024-09-20,Não Convertido,,0.0,Agressivo,Niue
157777,Indicação,2024-09-18,Não Convertido,,0.0,Agressivo,Bosnia and Herzegovina
157778,Instagram,2024-09-17,Não Convertido,,0.0,Moderado,Bahrain
157779,Google Ads,2024-09-21,Não Convertido,,0.0,Moderado,Ecuador
157780,YouTube Ads,2024-09-18,Não Convertido,,0.0,Agressivo,Pitcairn Islands
157781,Instagram,2024-09-19,Não Convertido,,0.0,Conservador,Guatemala
157782,E-mail Marketing,2024-09-21,Não Convertido,,0.0,Moderado,Algeria
157783,Google Ads,2024-09-19,Convertido,1.0,2303.4,Desconhecido,Montserrat
157784,TikTok,2024-09-19,Não Convertido,,0.0,Conservador,Tokelau
157785,Google Ads,2024-09-18,Não Convertido,,0.0,Moderado,Monaco
157786,E-mail Marketing,2024-09-17,Não Convertido,,0.0,Moderado,Sao Tome and Principe
157787,WhatsApp,2024-09-21,Não Convertido,,0.0,Moderado,Croatia
157788,Instagram,2024-09-17,Não Convertido,,0.0,Conservador,Cyprus
157789,YouTube Ads,2024-09-20,Não Convertido,,0.0,Agressivo,Western Sahara
157790,Instagram,2024-09-17,Não Convertido,,0.0,Moderado,Syrian Arab Republic
157791,Instagram,2024-09-20,Não Convertido,,0.0,Moderado,Mongolia
157792,Facebook,2024-09-17,Não Convertido,,0.0,Desconhecido,Bahamas
157793,Google Ads,2024-09-21,Não Convertido,,0.0,Agressivo,Macao
157794,Orgânico,2024-09-19,Não Convertido,,0.0,Agressivo,Burkina Faso
157795,Facebook,2024-09-20,Não Convertido,,0.0,Conservador,Sao Tome and Principe
157796,YouTube Ads,2024-09-21,Convertido,2.0,4540.95,Conservador,Mexico
157797,Instagram,2024-09-19,Não Convertido,,0.0,Moderado,Belize
157798,Indicação,2024-09-17,Não Convertido,,0.0,Conservador,Azerbaijan
157799,E-mail Marketing,2024-09-16,Não Convertido,,0.0,Agressivo,Chad
157800,TikTok,2024-09-20,Não Convertido,,0.0,Conservador,French Polynesia
157801,Facebook,2024-09-16,Não Convertido,,0.0,Agressivo,Barbados
157802,TikTok,2024-09-19,Não Convertido,,0.0,Agressivo,Fiji
157803,Orgânico,2024-09-20,Não Convertido,,0.0,Conservador,Aruba
157804,E-mail Marketing,2024-09-21,Não Convertido,,0.0,Conservador,Dominica
157805,TikTok,2024-09-18,Não Convertido,,0.0,Desconhecido,Solomon Islands
157806,Facebook,2024-09-21,Não Convertido,,0.0,Moderado,Aruba
157807,WhatsApp,2024-09-20,Convertido,12.0,7220.0,Conservador,British Indian Ocean Territory (Chagos Archipelago)
157808,Facebook,2024-09-16,Não Convertido,,0.0,Agressivo,Holy See (Vatican City State)
157809,Facebook,2024-09-21,Não Convertido,,0.0,Conservador,United States Virgin Islands
157810,E-mail Marketing,2024-09-19,Não Convertido,,0.0,Moderado,French Southern Territories
157811,YouTube Ads,2024-09-17,Não Convertido,,0.0,Conservador,Turks and Caicos Islands
157812,E-mail Marketing,2024-09-16,Não Convertido,,0.0,Agressivo,Gabon
157813,TikTok,2024-09-18,Não Convertido,,0.0,Agressivo,Ukraine
157814,YouTube Ads,2024-09-21,Convertido,16.0,397.79,Desconhecido,South Georgia and the South Sandwich Islands
157815,Instagram,2024-09-19,Não Convertido,,0.0,Agressivo,Ukraine
157816,Orgânico,2024-09-18,Não Convertido,,0.0,Desconhecido,Micronesia
157817,YouTube Ads,2024-09-18,Convertido,28.0,9384.91,Moderado,Cote d'Ivoire
157818,Google Ads,2024-09-18,Não Convertido,,0.0,Agressivo,Nigeria
157819,Instagram,2024-09-17,Não Convertido,,0.0,Moderado,Malaysia
157820,Orgânico,2024-09-17,Não Convertido,,0.0,Moderado,Puerto Rico
157821,Facebook,2024-09-16,Não Convertido,,0.0,Conservador,Bahamas
157822,YouTube Ads,2024-09-16,Não Convertido,,0.0,Conservador,Guadeloupe
157823,Facebook,2024-09-21,Não Convertido,,0.0,Agressivo,Guatemala
157824,TikTok,2024-09-19,Não Convertido,,0.0,Agressivo,Malaysia
157825,Orgânico,2024-09-16,Não Convertido,,0.0,Agressivo,Libyan Arab Jamahiriya
157826,Google Ads,2024-09-19,Não Convertido,,0.0,Agressivo,Eritrea
157827,Google Ads,2024-09-20,Não Convertido,,0.0,Agressivo,Czech Republic
157828,Orgânico,2024-09-16,Não Convertido,,0.0,Agressivo,Gambia
157829,Orgânico,2024-09-18,Convertido,29.0,1885.99,Agressivo,Brunei Darussalam
157830,E-mail Marketing,2024-09-18,Não Convertido,,0.0,Agressivo,Saint Lucia
157831,Orgânico,2024-09-18,Não Convertido,,0.0,Agressivo,Christmas Island
157832,Orgânico,2024-09-16,Não Convertido,,0.0,Moderado,China
157833,Orgânico,2024-09-17,Não Convertido,,0.0,Conservador,Sierra Leone
157834,Facebook,2024-09-20,Não Convertido,,0.0,Agressivo,China
157835,Orgânico,2024-09-21,Convertido,25.0,5074.98,Agressivo,Niue
157836,Instagram,2024-09-20,Não Convertido,,0.0,Moderado,Sierra Leone
157837,Facebook,2024-09-16,Não Convertido,,0.0,Agressivo,Maldives
157838,Facebook,2024-09-17,Não Convertido,,0.0,Conservador,Saint Martin
157839,TikTok,2024-09-20,Não Convertido,,0.0,Conservador,Sao Tome and Principe
157840,YouTube Ads,2024-09-20,Não Convertido,,0.0,Agressivo,Slovakia (Slovak Republic)
157841,Facebook,2024-09-17,Não Convertido,,0.0,Desconhecido,Saint Pierre and Miquelon
157842,YouTube Ads,2024-09-21,Não Convertido,,0.0,Moderado,Mozambique
157843,Google Ads,2024-09-19,Não Convertido,,0.0,Agressivo,United States of America
157844,Google Ads,2024-09-20,Não Convertido,,0.0,Desconhecido,Jamaica
157845,TikTok,2024-09-19,Não Convertido,,0.0,Moderado,Brazil
157846,YouTube Ads,2024-09-19,Não Convertido,,0.0,Conservador,Norfolk Island
157847,WhatsApp,2024-09-20,Não Convertido,,0.0,Agressivo,Libyan Arab Jamahiriya
157848,Orgânico,2024-09-19,Não Convertido,,0.0,Agressivo,Finland
157849,YouTube Ads,2024-09-18,Não Convertido,,0.0,Agressivo,Bermuda
157850,E-mail Marketing,2024-09-17,Não Convertido,,0.0,Moderado,Nepal
157851,Orgânico,2024-09-16,Não Convertido,,0.0,Conservador,Haiti
157852,E-mail Marketing,2024-09-17,Não Convertido,,0.0,Moderado,Romania
157853,Indicação,2024-09-20,Não Convertido,,0.0,Agressivo,Korea
157854,Orgânico,2024-09-18,Não Convertido,,0.0,Conservador,Afghanistan
157855,Instagram,2024-09-18,Não Convertido,,0.0,Moderado,Greece
157856,Google Ads,2024-09-18,Convertido,1.0,8653.07,Desconhecido,Mozambique
157857,E-mail Marketing,2024-09-21,Não Convertido,,0.0,Moderado,Guatemala
157858,Instagram,2024-09-19,Não Convertido,,0.0,Agressivo,Hong Kong
157859,Facebook,2024-09-16,Não Convertido,,0.0,Moderado,Moldova
157860,Orgânico,2024-09-16,Não Convertido,,0.0,Agressivo,Philippines
157861,Instagram,2024-09-19,Não Convertido,,0.0,Agressivo,Trinidad and Tobago
157862,Instagram,2024-09-17,Não Convertido,,0.0,Moderado,Greenland
157863,Google Ads,2024-09-17,Não Convertido,,0.0,Conservador,Moldova
157864,TikTok,2024-09-20,Não Convertido,,0.0,Moderado,Zambia
157865,Facebook,2024-09-17,Não Convertido,,0.0,Moderado,Guinea
157866,E-mail Marketing,2024-09-17,Não Convertido,,0.0,Moderado,Canada
157867,Facebook,2024-09-18,Não Convertido,,0.0,Agressivo,Zambia
157868,TikTok,2024-09-16,Não Convertido,,0.0,Desconhecido,Somalia
157869,Orgânico,2024-09-20,Não Convertido,,0.0,Agressivo,Greece
157870,TikTok,2024-09-16,Não Convertido,,0.0,Moderado,Gibraltar
157871,TikTok,2024-09-17,Não Convertido,,0.0,Moderado,Kazakhstan
157872,WhatsApp,2024-09-17,Não Convertido,,0.0,Agressivo,Turkmenistan
157873,Orgânico,2024-09-20,Não Convertido,,0.0,Agressivo,Malta
157874,Facebook,2024-09-20,Não Convertido,,0.0,Moderado,Fiji
157875,E-mail Marketing,2024-09-18,Não Convertido,,0.0,Moderado,Dominican Republic
157876,TikTok,2024-09-21,Não Convertido,,0.0,Conservador,Nicaragua
157877,Instagram,2024-09-20,Não Convertido,,0.0,Conservador,Sao Tome and Principe
157878,Facebook,2024-09-16,Não Convertido,,0.0,Moderado,Lao People's Democratic Republic
157879,Indicação,2024-09-16,Não Convertido,,0.0,Conservador,Antarctica (the territory South of 60 deg S)
157880,YouTube Ads,2024-09-20,Não Convertido,,0.0,Moderado,Russian Federation
157881,Orgânico,2024-09-20,Não Convertido,,0.0,Agressivo,Finland
157882,Orgânico,2024-09-20,Não Convertido,,0.0,Agressivo,Canada
157883,Orgânico,2024-09-19,Não Convertido,,0.0,Moderado,Spain
157884,Orgânico,2024-09-21,Não Convertido,,0.0,Desconhecido,Mauritius
157885,Facebook,2024-09-21,Não Convertido,,0.0,Desconhecido,Sao Tome and Principe
157886,Orgânico,2024-09-18,Não Convertido,,0.0,Desconhecido,Azerbaijan
157887,E-mail Marketing,2024-09-21,Não Convertido,,0.0,Moderado,Montenegro
157888,Facebook,2024-09-20,Não Convertido,,0.0,Moderado,Anguilla
157889,Instagram,2024-09-21,Convertido,8.0,6115.51,Moderado,Guatemala
157890,TikTok,2024-09-21,Não Convertido,,0.0,Moderado,Mauritania
157891,TikTok,2024-09-18,Não Convertido,,0.0,Conservador,South Georgia and the South Sandwich Islands
157892,Instagram,2024-09-16,Não Convertido,,0.0,Desconhecido,Jersey
157893,Instagram,2024-09-19,Não Convertido,,0.0,Moderado,Solomon Islands
157894,Indicação,2024-09-16,Não Convertido,,0.0,Agressivo,Iraq
157895,WhatsApp,2024-09-16,Não Convertido,,0.0,Conservador,Niger
157896,Orgânico,2024-09-16,Não Convertido,,0.0,Agressivo,Kyrgyz Republic
157897,TikTok,2024-09-20,Não Convertido,,0.0,Conservador,Montenegro
157898,Google Ads,2024-09-20,Não Convertido,,0.0,Moderado,Taiwan
157899,YouTube Ads,2024-09-16,Convertido,3.0,9874.68,Moderado,Iceland
157900,E-mail Marketing,2024-09-20,Não Convertido,,0.0,Agressivo,Barbados
157901,Orgânico,2024-09-18,Não Convertido,,0.0,Agressivo,Nepal
157902,Instagram,2024-09-17,Convertido,25.0,6045.93,Conservador,United Arab Emirates
157903,Orgânico,2024-09-21,Convertido,12.0,6592.56,Moderado,Rwanda
157904,Orgânico,2024-09-17,Não Convertido,,0.0,Agressivo,Turks and Caicos Islands
157905,Google Ads,2024-09-20,Não Convertido,,0.0,Moderado,Aruba
157906,YouTube Ads,2024-09-20,Não Convertido,,0.0,Agressivo,Egypt
157907,Facebook,2024-09-16,Não Convertido,,0.0,Moderado,Namibia
157908,Orgânico,2024-09-20,Não Convertido,,0.0,Agressivo,Trinidad and Tobago
157909,WhatsApp,2024-09-19,Não Convertido,,0.0,Moderado,Croatia
157910,Instagram,2024-09-17,Não Convertido,,0.0,Desconhecido,Falkland Islands (Malvinas)
157911,Facebook,2024-09-21,Não Convertido,,0.0,Moderado,Taiwan
157912,Indicação,2024-09-20,Não Convertido,,0.0,Agressivo,Ireland
157913,E-mail Marketing,2024-09-17,Não Convertido,,0.0,Moderado,Israel
157914,Orgânico,2024-09-21,Não Convertido,,0.0,Desconhecido,Bouvet Island (Bouvetoya)
157915,YouTube Ads,2024-09-19,Não Convertido,,0.0,Moderado,Christmas Island
157916,YouTube Ads,2024-09-18,Não Convertido,,0.0,Agressivo,Russian Federation
157917,Instagram,2024-09-21,Convertido,5.0,6628.3,Moderado,Spain
157918,TikTok,2024-09-21,Não Convertido,,0.0,Conservador,Hungary
157919,YouTube Ads,2024-09-19,Não Convertido,,0.0,Moderado,Antarctica (the territory South of 60 deg S)
157920,TikTok,2024-09-20,Não Convertido,,0.0,Agressivo,Brazil
157921,Instagram,2024-09-20,Não Convertido,,0.0,Agressivo,Kiribati
157922,Facebook,2024-09-21,Não Convertido,,0.0,Moderado,Jersey
157923,TikTok,2024-09-18,Não Convertido,,0.0,Desconhecido,Mauritania
157924,Instagram,2024-09-19,Não Convertido,,0.0,Moderado,Tokelau
157925,E-mail Marketing,2024-09-16,Não Convertido,,0.0,Moderado,Madagascar
157926,TikTok,2024-09-17,Não Convertido,,0.0,Moderado,Eritrea
157927,Orgânico,2024-09-16,Não Convertido,,0.0,Moderado,Togo
157928,Orgânico,2024-09-17,Não Convertido,,0.0,Conservador,Niger
157929,WhatsApp,2024-09-18,Não Convertido,,0.0,Moderado,Tonga
157930,TikTok,2024-09-20,Não Convertido,,0.0,Moderado,Bahamas
157931,Orgânico,2024-09-20,Não Convertido,,0.0,Agressivo,Nigeria
157932,TikTok,2024-09-19,Não Convertido,,0.0,Moderado,Libyan Arab Jamahiriya
157933,Instagram,2024-09-18,Não Convertido,,0.0,Moderado,United States Minor Outlying Islands
157934,E-mail Marketing,2024-09-19,Não Convertido,,0.0,Conservador,Nauru
157935,Facebook,2024-09-18,Não Convertido,,0.0,Conservador,Niger
157936,Instagram,2024-09-16,Não Convertido,,0.0,Agressivo,Panama
157937,WhatsApp,2024-09-19,Não Convertido,,0.0,Agressivo,Colombia
157938,Facebook,2024-09-19,Não Convertido,,0.0,Moderado,Vanuatu
157939,Instagram,2024-09-17,Não Convertido,,0.0,Agressivo,Nauru
157940,WhatsApp,2024-09-18,Não Convertido,,0.0,Moderado,Libyan Arab Jamahiriya
157941,Google Ads,2024-09-17,Não Convertido,,0.0,Conservador,Azerbaijan
157942,Orgânico,2024-09-16,Não Convertido,,0.0,Agressivo,Monaco
157943,TikTok,2024-09-17,Não Convertido,,0.0,Moderado,Australia
157944,Indicação,2024-09-16,Convertido,11.0,8833.72,Desconhecido,Niger
157945,TikTok,2024-09-17,Não Convertido,,0.0,Agressivo,Guernsey
157946,WhatsApp,2024-09-20,Não Convertido,,0.0,Moderado,Senegal
157947,WhatsApp,2024-09-16,Convertido,1.0,7446.43,Desconhecido,Venezuela
157948,E-mail Marketing,2024-09-16,Não Convertido,,0.0,Agressivo,Western Sahara
157949,Google Ads,2024-09-16,Não Convertido,,0.0,Conservador,Papua New Guinea
157950,Indicação,2024-09-16,Não Convertido,,0.0,Moderado,Guyana
157951,TikTok,2024-09-18,Não Convertido,,0.0,Agressivo,Ghana
157952,TikTok,2024-09-18,Não Convertido,,0.0,Conservador,Kyrgyz Republic
157953,Orgânico,2024-09-20,Não Convertido,,0.0,Agressivo,Italy
157954,Instagram,2024-09-20,Não Convertido,,0.0,Desconhecido,Grenada
157955,YouTube Ads,2024-09-18,Não Convertido,,0.0,Conservador,Anguilla
157956,TikTok,2024-09-18,Não Convertido,,0.0,Agressivo,Mozambique
157957,Google Ads,2024-09-19,Não Convertido,,0.0,Conservador,Barbados
157958,WhatsApp,2024-09-18,Não Convertido,,0.0,Desconhecido,Mongolia
157959,Orgânico,2024-09-18,Convertido,22.0,6462.74,Moderado,Argentina
157960,Orgânico,2024-09-19,Não Convertido,,0.0,Agressivo,Svalbard & Jan Mayen Islands
157961,WhatsApp,2024-09-19,Não Convertido,,0.0,Conservador,United States Virgin Islands
157962,TikTok,2024-09-16,Não Convertido,,0.0,Moderado,Congo
157963,Facebook,2024-09-17,Não Convertido,,0.0,Moderado,Aruba
157964,Orgânico,2024-09-17,Não Convertido,,0.0,Agressivo,Turkmenistan
157965,E-mail Marketing,2024-09-21,Não Convertido,,0.0,Agressivo,Latvia
157966,E-mail Marketing,2024-09-20,Não Convertido,,0.0,Moderado,Uzbekistan
157967,Orgânico,2024-09-19,Não Convertido,,0.0,Moderado,Algeria
157968,TikTok,2024-09-21,Não Convertido,,0.0,Moderado,Germany
157969,Indicação,2024-09-18,Não Convertido,,0.0,Conservador,Trinidad and Tobago
157970,Facebook,2024-09-16,Não Convertido,,0.0,Moderado,Bangladesh
157971,Facebook,2024-09-18,Não Convertido,,0.0,Moderado,Mauritania
157972,TikTok,2024-09-20,Não Convertido,,0.0,Agressivo,Kenya
157973,WhatsApp,2024-09-21,Não Convertido,,0.0,Conservador,Bahamas
157974,E-mail Marketing,2024-09-19,Não Convertido,,0.0,Agressivo,Saint Martin
157975,Orgânico,2024-09-16,Não Convertido,,0.0,Conservador,Equatorial Guinea
157976,Facebook,2024-09-17,Não Convertido,,0.0,Desconhecido,Wallis and Futuna
157977,E-mail Marketing,2024-09-16,Não Convertido,,0.0,Agressivo,Jamaica
157978,TikTok,2024-09-21,Não Convertido,,0.0,Conservador,Kiribati
157979,Orgânico,2024-09-19,Não Convertido,,0.0,Moderado,Cocos (Keeling) Islands
157980,Google Ads,2024-09-16,Não Convertido,,0.0,Moderado,Djibouti
157981,Google Ads,2024-09-20,Não Convertido,,0.0,Conservador,Canada
157982,WhatsApp,2024-09-16,Não Convertido,,0.0,Desconhecido,Comoros
157983,Instagram,2024-09-21,Não Convertido,,0.0,Agressivo,Chile
157984,Instagram,2024-09-16,Não Convertido,,0.0,Desconhecido,Bermuda
157985,Indicação,2024-09-16,Não Convertido,,0.0,Moderado,Dominican Republic
157986,TikTok,2024-09-19,Não Convertido,,0.0,Conservador,Martinique
157987,WhatsApp,2024-09-19,Não Convertido,,0.0,Moderado,Pitcairn Islands
157988,Orgânico,2024-09-16,Não Convertido,,0.0,Moderado,Vanuatu
157989,Facebook,2024-09-20,Não Convertido,,0.0,Agressivo,Qatar
157990,E-mail Marketing,2024-09-17,Não Convertido,,0.0,Desconhecido,Kiribati
157991,Google Ads,2024-09-16,Não Convertido,,0.0,Conservador,Estonia
157992,TikTok,2024-09-16,Não Convertido,,0.0,Moderado,Timor-Leste
157993,YouTube Ads,2024-09-19,Não Convertido,,0.0,Agressivo,Guyana
157994,E-mail Marketing,2024-09-16,Não Convertido,,0.0,Moderado,Afghanistan
157995,Facebook,2024-09-19,Não Convertido,,0.0,Moderado,French Guiana
157996,TikTok,2024-09-17,Não Convertido,,0.0,Conservador,Tonga
157997,Orgânico,2024-09-16,Não Convertido,,0.0,Agressivo,Saint Kitts and Nevis
157998,TikTok,2024-09-21,Não Convertido,,0.0,Agressivo,Iran
157999,Indicação,2024-09-18,Não Convertido,,0.0,Conservador,Azerbaijan
158000,Google Ads,2024-09-16,Não Convertido,,0.0,Conservador,Tokelau
158001,E-mail Marketing,2024-09-16,Não Convertido,,0.0,Conservador,Ukraine
158002,Orgânico,2024-09-17,Não Convertido,,0.0,Desconhecido,Niger
158003,TikTok,2024-09-21,Não Convertido,,0.0,Moderado,Mozambique
158004,Facebook,2024-09-17,Não Convertido,,0.0,Desconhecido,Guatemala
158005,E-mail Marketing,2024-09-18,Não Convertido,,0.0,Conservador,Ireland
158006,Google Ads,2024-09-16,Não Convertido,,0.0,Agressivo,Bulgaria
158007,TikTok,2024-09-17,Não Convertido,,0.0,Moderado,Morocco
158008,Instagram,2024-09-17,Não Convertido,,0.0,Moderado,Zimbabwe
158009,Instagram,2024-09-21,Não Convertido,,0.0,Conservador,Cayman Islands
158010,YouTube Ads,2024-09-19,Não Convertido,,0.0,Agressivo,Portugal
158011,Facebook,2024-09-21,Não Convertido,,0.0,Conservador,Chad
158012,Instagram,2024-09-19,Não Convertido,,0.0,Moderado,Honduras
158013,Orgânico,2024-09-19,Não Convertido,,0.0,Moderado,Tokelau
158014,Orgânico,2024-09-18,Não Convertido,,0.0,Agressivo,Guernsey
158015,WhatsApp,2024-09-17,Não Convertido,,0.0,Conservador,Cuba
158016,E-mail Marketing,2024-09-19,Não Convertido,,0.0,Moderado,Netherlands Antilles
158017,Google Ads,2024-09-19,Não Convertido,,0.0,Desconhecido,Greenland
158018,E-mail Marketing,2024-09-20,Não Convertido,,0.0,Agressivo,Ukraine
158019,Orgânico,2024-09-19,Não Convertido,,0.0,Moderado,Jamaica
158020,E-mail Marketing,2024-09-21,Não Convertido,,0.0,Moderado,Monaco
158021,Indicação,2024-09-19,Não Convertido,,0.0,Agressivo,Chile
158022,Google Ads,2024-09-16,Não Convertido,,0.0,Moderado,Senegal
158023,TikTok,2024-09-18,Não Convertido,,0.0,Agressivo,Cameroon
158024,WhatsApp,2024-09-19,Não Convertido,,0.0,Agressivo,Luxembourg
158025,Instagram,2024-09-20,Não Convertido,,0.0,Moderado,Niue
158026,TikTok,2024-09-21,Não Convertido,,0.0,Agressivo,Poland
158027,Google Ads,2024-09-16,Não Convertido,,0.0,Desconhecido,Oman
158028,Facebook,2024-09-21,Não Convertido,,0.0,Agressivo,Pakistan
158029,YouTube Ads,2024-09-17,Não Convertido,,0.0,Moderado,Montserrat
158030,Instagram,2024-09-16,Não Convertido,,0.0,Moderado,Kuwait
158031,Orgânico,2024-09-16,Não Convertido,,0.0,Conservador,Iraq
158032,Facebook,2024-09-19,Não Convertido,,0.0,Agressivo,Falkland Islands (Malvinas)
158033,Indicação,2024-09-20,Não Convertido,,0.0,Moderado,Gibraltar
158034,TikTok,2024-09-16,Não Convertido,,0.0,Agressivo,Papua New Guinea
158035,YouTube Ads,2024-09-19,Não Convertido,,0.0,Conservador,Sierra Leone
158036,Orgânico,2024-09-16,Não Convertido,,0.0,Moderado,Norfolk Island
158037,Google Ads,2024-09-21,Não Convertido,,0.0,Moderado,San Marino
158038,Facebook,2024-09-20,Não Convertido,,0.0,Agressivo,Comoros
158039,YouTube Ads,2024-09-18,Não Convertido,,0.0,Conservador,North Macedonia
158040,Google Ads,2024-09-17,Não Convertido,,0.0,Desconhecido,Ukraine
158041,Google Ads,2024-09-17,Não Convertido,,0.0,Moderado,Lao People's Democratic Republic
158042,TikTok,2024-09-21,Não Convertido,,0.0,Moderado,Saint Pierre and Miquelon
158043,TikTok,2024-09-17,Não Convertido,,0.0,Moderado,Kuwait
158044,Orgânico,2024-09-18,Não Convertido,,0.0,Agressivo,Colombia
158045,Google Ads,2024-09-19,Não Convertido,,0.0,Moderado,Nepal
158046,TikTok,2024-09-21,Não Convertido,,0.0,Desconhecido,Norway
158047,Orgânico,2024-09-19,Não Convertido,,0.0,Desconhecido,Burkina Faso
158048,TikTok,2024-09-19,Não Convertido,,0.0,Agressivo,Bahrain
158049,YouTube Ads,2024-09-20,Não Convertido,,0.0,Agressivo,Bosnia and Herzegovina
158050,TikTok,2024-09-16,Não Convertido,,0.0,Conservador,India
158051,TikTok,2024-09-19,Não Convertido,,0.0,Moderado,Belarus
158052,Google Ads,2024-09-17,Não Convertido,,0.0,Moderado,South Georgia and the South Sandwich Islands
158053,YouTube Ads,2024-09-18,Não Convertido,,0.0,Conservador,Namibia
158054,YouTube Ads,2024-09-18,Não Convertido,,0.0,Moderado,Faroe Islands
158055,E-mail Marketing,2024-09-19,Não Convertido,,0.0,Conservador,Germany
158056,Orgânico,2024-09-18,Não Convertido,,0.0,Agressivo,Saint Martin
158057,Orgânico,2024-09-17,Não Convertido,,0.0,Moderado,United States of America
158058,TikTok,2024-09-17,Não Convertido,,0.0,Conservador,Oman
158059,Orgânico,2024-09-20,Não Convertido,,0.0,Agressivo,Yemen
158060,WhatsApp,2024-09-18,Não Convertido,,0.0,Moderado,Costa Rica
158061,Facebook,2024-09-18,Não Convertido,,0.0,Moderado,United States of America
158062,Orgânico,2024-09-19,Não Convertido,,0.0,Conservador,Egypt
158063,Instagram,2024-09-19,Não Convertido,,0.0,Moderado,British Indian Ocean Territory (Chagos Archipelago)
158064,E-mail Marketing,2024-09-16,Não Convertido,,0.0,Agressivo,Bouvet Island (Bouvetoya)
158065,Facebook,2024-09-16,Não Convertido,,0.0,Agressivo,Swaziland
158066,Orgânico,2024-09-17,Convertido,15.0,2374.62,Moderado,British Virgin Islands
158067,Indicação,2024-09-20,Não Convertido,,0.0,Moderado,Finland
158068,Google Ads,2024-09-18,Não Convertido,,0.0,Desconhecido,Algeria
158069,Orgânico,2024-09-17,Não Convertido,,0.0,Moderado,Saint Vincent and the Grenadines
158070,YouTube Ads,2024-09-17,Não Convertido,,0.0,Moderado,Norfolk Island
158071,E-mail Marketing,2024-09-20,Não Convertido,,0.0,Moderado,Martinique
158072,WhatsApp,2024-09-16,Não Convertido,,0.0,Agressivo,Panama
158073,Google Ads,2024-09-19,Não Convertido,,0.0,Moderado,Martinique
158074,Instagram,2024-09-17,Não Convertido,,0.0,Moderado,Cayman Islands
158075,Google Ads,2024-09-20,Não Convertido,,0.0,Moderado,Malawi
158076,Instagram,2024-09-17,Não Convertido,,0.0,Moderado,Burundi
158077,E-mail Marketing,2024-09-16,Não Convertido,,0.0,Agressivo,Faroe Islands
158078,Facebook,2024-09-17,Não Convertido,,0.0,Moderado,Argentina
158079,Orgânico,2024-09-21,Não Convertido,,0.0,Moderado,Botswana
158080,WhatsApp,2024-09-17,Não Convertido,,0.0,Moderado,Guernsey
158081,E-mail Marketing,2024-09-19,Não Convertido,,0.0,Conservador,Niger
158082,Indicação,2024-09-17,Não Convertido,,0.0,Moderado,Brunei Darussalam
158083,Facebook,2024-09-16,Não Convertido,,0.0,Conservador,Turkmenistan
158084,TikTok,2024-09-17,Não Convertido,,0.0,Moderado,North Macedonia
158085,Orgânico,2024-09-21,Não Convertido,,0.0,Moderado,Zimbabwe
158086,Google Ads,2024-09-16,Não Convertido,,0.0,Desconhecido,Nepal
158087,E-mail Marketing,2024-09-16,Não Convertido,,0.0,Agressivo,Russian Federation
158088,TikTok,2024-09-21,Não Convertido,,0.0,Conservador,South Africa
158089,Orgânico,2024-09-16,Não Convertido,,0.0,Moderado,Uganda
158090,Orgânico,2024-09-20,Não Convertido,,0.0,Agressivo,Oman
158091,YouTube Ads,2024-09-18,Não Convertido,,0.0,Moderado,Tonga
158092,Orgânico,2024-09-20,Convertido,10.0,5092.06,Moderado,Bulgaria
158093,TikTok,2024-09-20,Não Convertido,,0.0,Conservador,Luxembourg
158094,E-mail Marketing,2024-09-16,Não Convertido,,0.0,Moderado,Argentina
158095,YouTube Ads,2024-09-17,Não Convertido,,0.0,Moderado,Tonga
158096,WhatsApp,2024-09-19,Não Convertido,,0.0,Moderado,Jersey
158097,Instagram,2024-09-16,Não Convertido,,0.0,Conservador,Suriname
158098,Instagram,2024-09-20,Não Convertido,,0.0,Moderado,Colombia
158099,Orgânico,2024-09-21,Não Convertido,,0.0,Conservador,India
158100,Facebook,2024-09-16,Não Convertido,,0.0,Moderado,San Marino
158101,TikTok,2024-09-19,Não Convertido,,0.0,Agressivo,Taiwan
158102,Instagram,2024-09-16,Não Convertido,,0.0,Moderado,Vanuatu
158103,E-mail Marketing,2024-09-20,Não Convertido,,0.0,Agressivo,Zimbabwe
158104,WhatsApp,2024-09-21,Não Convertido,,0.0,Moderado,Palestinian Territory
158105,Facebook,2024-09-18,Não Convertido,,0.0,Moderado,Cyprus
158106,Orgânico,2024-09-21,Não Convertido,,0.0,Agressivo,Colombia
158107,Orgânico,2024-09-21,Não Convertido,,0.0,Moderado,Luxembourg
158108,YouTube Ads,2024-09-21,Não Convertido,,0.0,Conservador,Saudi Arabia
158109,WhatsApp,2024-09-16,Não Convertido,,0.0,Moderado,Nicaragua
158110,Instagram,2024-09-16,Não Convertido,,0.0,Desconhecido,Kuwait
158111,WhatsApp,2024-09-21,Não Convertido,,0.0,Conservador,Belgium
158112,Facebook,2024-09-20,Não Convertido,,0.0,Conservador,Faroe Islands
158113,Google Ads,2024-09-17,Não Convertido,,0.0,Agressivo,Turkmenistan
158114,TikTok,2024-09-19,Não Convertido,,0.0,Moderado,Guam
158115,E-mail Marketing,2024-09-18,Não Convertido,,0.0,Desconhecido,Azerbaijan
158116,TikTok,2024-09-16,Não Convertido,,0.0,Agressivo,Chile
158117,TikTok,2024-09-21,Não Convertido,,0.0,Agressivo,Norfolk Island
158118,Google Ads,2024-09-18,Convertido,16.0,613.12,Agressivo,Ethiopia
158119,Orgânico,2024-09-18,Não Convertido,,0.0,Moderado,Bolivia
158120,Facebook,2024-09-16,Não Convertido,,0.0,Conservador,Finland
158121,WhatsApp,2024-09-21,Não Convertido,,0.0,Moderado,Saint Martin
158122,E-mail Marketing,2024-09-18,Não Convertido,,0.0,Moderado,Mauritania
158123,TikTok,2024-09-16,Não Convertido,,0.0,Moderado,Indonesia
158124,Google Ads,2024-09-16,Não Convertido,,0.0,Agressivo,Solomon Islands
158125,WhatsApp,2024-09-16,Não Convertido,,0.0,Conservador,French Polynesia
158126,E-mail Marketing,2024-09-18,Não Convertido,,0.0,Agressivo,Greece
158127,E-mail Marketing,2024-09-20,Não Convertido,,0.0,Moderado,United Arab Emirates
158128,TikTok,2024-09-19,Não Convertido,,0.0,Desconhecido,Ethiopia
158129,TikTok,2024-09-20,Não Convertido,,0.0,Agressivo,El Salvador
158130,YouTube Ads,2024-09-17,Não Convertido,,0.0,Moderado,Nauru
158131,Indicação,2024-09-21,Convertido,8.0,7126.91,Conservador,Czech Republic
158132,Facebook,2024-09-20,Não Convertido,,0.0,Moderado,Haiti
158133,TikTok,2024-09-19,Não Convertido,,0.0,Moderado,Guinea-Bissau
158134,Instagram,2024-09-18,Não Convertido,,0.0,Agressivo,Ecuador
158135,Google Ads,2024-09-16,Não Convertido,,0.0,Conservador,Somalia
158136,Instagram,2024-09-18,Não Convertido,,0.0,Moderado,Barbados
158137,Orgânico,2024-09-20,Não Convertido,,0.0,Moderado,Guam
158138,E-mail Marketing,2024-09-19,Não Convertido,,0.0,Desconhecido,Mozambique
158139,Orgânico,2024-09-20,Não Convertido,,0.0,Conservador,Nepal
158140,Google Ads,2024-09-16,Não Convertido,,0.0,Moderado,Nauru
158141,E-mail Marketing,2024-09-21,Não Convertido,,0.0,Conservador,El Salvador
158142,E-mail Marketing,2024-09-18,Não Convertido,,0.0,Desconhecido,Saint Kitts and Nevis
158143,YouTube Ads,2024-09-18,Não Convertido,,0.0,Moderado,Turkmenistan
158144,E-mail Marketing,2024-09-17,Não Convertido,,0.0,Agressivo,French Southern Territories
158145,Instagram,2024-09-17,Não Convertido,,0.0,Desconhecido,Tuvalu
158146,WhatsApp,2024-09-17,Não Convertido,,0.0,Moderado,Greece
158147,Google Ads,2024-09-21,Não Convertido,,0.0,Moderado,Holy See (Vatican City State)
158148,YouTube Ads,2024-09-18,Não Convertido,,0.0,Agressivo,Jersey
158149,WhatsApp,2024-09-18,Não Convertido,,0.0,Moderado,Mongolia
158150,WhatsApp,2024-09-16,Não Convertido,,0.0,Moderado,Lesotho
158151,Facebook,2024-09-19,Não Convertido,,0.0,Moderado,Qatar
158152,Facebook,2024-09-18,Não Convertido,,0.0,Agressivo,Panama
158153,Orgânico,2024-09-18,Não Convertido,,0.0,Agressivo,Belgium
158154,TikTok,2024-09-17,Não Convertido,,0.0,Agressivo,Serbia
158155,Orgânico,2024-09-19,Não Convertido,,0.0,Conservador,Tajikistan
158156,TikTok,2024-09-19,Não Convertido,,0.0,Desconhecido,Latvia
158157,Google Ads,2024-09-19,Não Convertido,,0.0,Conservador,British Indian Ocean Territory (Chagos Archipelago)
158158,WhatsApp,2024-09-21,Não Convertido,,0.0,Moderado,Guadeloupe
158159,E-mail Marketing,2024-09-18,Não Convertido,,0.0,Moderado,Ukraine
158160,WhatsApp,2024-09-21,Não Convertido,,0.0,Conservador,Rwanda
158161,E-mail Marketing,2024-09-20,Convertido,27.0,8794.14,Desconhecido,Spain
158162,Instagram,2024-09-17,Não Convertido,,0.0,Moderado,Saint Barthelemy
158163,Orgânico,2024-09-18,Convertido,30.0,6065.74,Moderado,Singapore
158164,Orgânico,2024-09-18,Não Convertido,,0.0,Moderado,Heard Island and McDonald Islands
158165,Google Ads,2024-09-20,Não Convertido,,0.0,Moderado,Egypt
158166,TikTok,2024-09-18,Não Convertido,,0.0,Conservador,Uruguay
158167,Orgânico,2024-09-18,Não Convertido,,0.0,Agressivo,Greenland
158168,TikTok,2024-09-18,Não Convertido,,0.0,Conservador,Australia
158169,YouTube Ads,2024-09-19,Não Convertido,,0.0,Moderado,Panama
158170,E-mail Marketing,2024-09-21,Não Convertido,,0.0,Moderado,French Guiana
158171,TikTok,2024-09-19,Não Convertido,,0.0,Agressivo,Burkina Faso
158172,E-mail Marketing,2024-09-20,Não Convertido,,0.0,Conservador,Timor-Leste
158173,TikTok,2024-09-19,Não Convertido,,0.0,Conservador,Palestinian Territory
158174,TikTok,2024-09-16,Não Convertido,,0.0,Moderado,Saint Lucia
158175,WhatsApp,2024-09-21,Não Convertido,,0.0,Desconhecido,Lao People's Democratic Republic
158176,Orgânico,2024-09-21,Não Convertido,,0.0,Agressivo,Pitcairn Islands
158177,E-mail Marketing,2024-09-20,Não Convertido,,0.0,Agressivo,Singapore
158178,Google Ads,2024-09-16,Convertido,14.0,2192.96,Agressivo,Liberia
158179,E-mail Marketing,2024-09-21,Não Convertido,,0.0,Moderado,Gabon
158180,Facebook,2024-09-21,Não Convertido,,0.0,Agressivo,New Zealand
158181,E-mail Marketing,2024-09-16,Não Convertido,,0.0,Desconhecido,El Salvador
158182,E-mail Marketing,2024-09-20,Não Convertido,,0.0,Moderado,Moldova
158183,YouTube Ads,2024-09-18,Não Convertido,,0.0,Conservador,Netherlands
158184,TikTok,2024-09-21,Não Convertido,,0.0,Moderado,Turks and Caicos Islands
158185,TikTok,2024-09-21,Não Convertido,,0.0,Moderado,Cambodia
158186,WhatsApp,2024-09-18,Não Convertido,,0.0,Desconhecido,Bahrain
158187,Orgânico,2024-09-18,Não Convertido,,0.0,Moderado,Fiji
158188,Orgânico,2024-09-16,Não Convertido,,0.0,Conservador,Libyan Arab Jamahiriya
158189,WhatsApp,2024-09-17,Não Convertido,,0.0,Agressivo,Romania
158190,Facebook,2024-09-20,Não Convertido,,0.0,Conservador,Bahrain
158191,WhatsApp,2024-09-21,Não Convertido,,0.0,Agressivo,Norway
158192,Google Ads,2024-09-21,Não Convertido,,0.0,Moderado,Papua New Guinea
158193,Instagram,2024-09-18,Não Convertido,,0.0,Moderado,Lao People's Democratic Republic
158194,TikTok,2024-09-17,Não Convertido,,0.0,Agressivo,Uzbekistan
158195,E-mail Marketing,2024-09-17,Não Convertido,,0.0,Desconhecido,Sao Tome and Principe
158196,Orgânico,2024-09-20,Não Convertido,,0.0,Agressivo,Nauru
158197,Facebook,2024-09-21,Não Convertido,,0.0,Moderado,Uruguay
158198,WhatsApp,2024-09-18,Não Convertido,,0.0,Moderado,Lebanon
158199,Instagram,2024-09-21,Não Convertido,,0.0,Conservador,Brazil
158200,TikTok,2024-09-17,Não Convertido,,0.0,Moderado,Martinique
158201,Orgânico,2024-09-19,Não Convertido,,0.0,Moderado,South Africa
158202,TikTok,2024-09-19,Não Convertido,,0.0,Moderado,Tanzania
158203,Orgânico,2024-09-17,Não Convertido,,0.0,Agressivo,Tuvalu
158204,E-mail Marketing,2024-09-21,Não Convertido,,0.0,Moderado,India
158205,Orgânico,2024-09-17,Não Convertido,,0.0,Desconhecido,Czech Republic
158206,Indicação,2024-09-17,Não Convertido,,0.0,Moderado,Saint Lucia
158207,Instagram,2024-09-17,Não Convertido,,0.0,Agressivo,Panama
158208,Orgânico,2024-09-19,Não Convertido,,0.0,Moderado,Jordan
158209,Orgânico,2024-09-16,Não Convertido,,0.0,Agressivo,Central African Republic
158210,TikTok,2024-09-16,Não Convertido,,0.0,Desconhecido,Uruguay
158211,WhatsApp,2024-09-18,Não Convertido,,0.0,Desconhecido,Burundi
158212,Orgânico,2024-09-20,Não Convertido,,0.0,Conservador,New Zealand
158213,Orgânico,2024-09-21,Não Convertido,,0.0,Agressivo,Australia
158214,E-mail Marketing,2024-09-21,Não Convertido,,0.0,Agressivo,Mayotte
158215,TikTok,2024-09-16,Não Convertido,,0.0,Agressivo,Mauritius
158216,Instagram,2024-09-17,Não Convertido,,0.0,Moderado,Hungary
158217,TikTok,2024-09-16,Não Convertido,,0.0,Conservador,Algeria
158218,Orgânico,2024-09-18,Não Convertido,,0.0,Moderado,Libyan Arab Jamahiriya
158219,E-mail Marketing,2024-09-20,Não Convertido,,0.0,Moderado,Nicaragua
158220,TikTok,2024-09-17,Não Convertido,,0.0,Moderado,Costa Rica
158221,YouTube Ads,2024-09-16,Não Convertido,,0.0,Conservador,Trinidad and Tobago
158222,E-mail Marketing,2024-09-19,Convertido,1.0,7521.58,Moderado,Egypt
158223,E-mail Marketing,2024-09-18,Não Convertido,,0.0,Moderado,Slovakia (Slovak Republic)
158224,Orgânico,2024-09-18,Não Convertido,,0.0,Agressivo,British Indian Ocean Territory (Chagos Archipelago)
158225,YouTube Ads,2024-09-21,Não Convertido,,0.0,Agressivo,Guadeloupe
158226,Instagram,2024-09-17,Não Convertido,,0.0,Moderado,Chad
158227,WhatsApp,2024-09-18,Não Convertido,,0.0,Desconhecido,Romania
158228,E-mail Marketing,2024-09-17,Convertido,13.0,8796.29,Moderado,Guam
158229,E-mail Marketing,2024-09-20,Não Convertido,,0.0,Moderado,India
158230,Facebook,2024-09-18,Não Convertido,,0.0,Agressivo,Grenada
158231,Orgânico,2024-09-17,Não Convertido,,0.0,Moderado,Argentina
158232,TikTok,2024-09-21,Não Convertido,,0.0,Conservador,Timor-Leste
158233,Instagram,2024-09-19,Não Convertido,,0.0,Moderado,Colombia
158234,E-mail Marketing,2024-09-21,Não Convertido,,0.0,Moderado,Andorra
158235,TikTok,2024-09-18,Não Convertido,,0.0,Moderado,Ireland
158236,YouTube Ads,2024-09-17,Não Convertido,,0.0,Moderado,Bahamas
158237,E-mail Marketing,2024-09-18,Convertido,23.0,2179.12,Conservador,Korea
158238,WhatsApp,2024-09-18,Não Convertido,,0.0,Moderado,British Virgin Islands
158239,E-mail Marketing,2024-09-19,Não Convertido,,0.0,Moderado,Luxembourg
158240,Orgânico,2024-09-18,Não Convertido,,0.0,Conservador,Croatia
158241,YouTube Ads,2024-09-16,Não Convertido,,0.0,Moderado,Chile
158242,Instagram,2024-09-18,Não Convertido,,0.0,Moderado,Tanzania
158243,Orgânico,2024-09-18,Não Convertido,,0.0,Agressivo,China
158244,Orgânico,2024-09-18,Não Convertido,,0.0,Agressivo,Romania
158245,Facebook,2024-09-20,Não Convertido,,0.0,Moderado,South Africa
158246,Instagram,2024-09-19,Não Convertido,,0.0,Moderado,Lithuania
158247,E-mail Marketing,2024-09-19,Não Convertido,,0.0,Conservador,Syrian Arab Republic
158248,Facebook,2024-09-21,Não Convertido,,0.0,Agressivo,China
158249,E-mail Marketing,2024-09-20,Não Convertido,,0.0,Conservador,United Kingdom
158250,Facebook,2024-09-20,Não Convertido,,0.0,Conservador,Finland
158251,Indicação,2024-09-19,Não Convertido,,0.0,Moderado,Philippines
158252,Indicação,2024-09-21,Não Convertido,,0.0,Moderado,Afghanistan
158253,E-mail Marketing,2024-09-21,Convertido,20.0,1974.6,Agressivo,Angola
158254,TikTok,2024-09-19,Não Convertido,,0.0,Moderado,Svalbard & Jan Mayen Islands
158255,Facebook,2024-09-17,Não Convertido,,0.0,Conservador,Mayotte
158256,Instagram,2024-09-18,Não Convertido,,0.0,Moderado,Malta
158257,Google Ads,2024-09-18,Convertido,22.0,7287.74,Moderado,Latvia
158258,E-mail Marketing,2024-09-17,Não Convertido,,0.0,Conservador,Puerto Rico
158259,WhatsApp,2024-09-21,Não Convertido,,0.0,Moderado,Malta
158260,Facebook,2024-09-19,Não Convertido,,0.0,Agressivo,Equatorial Guinea
158261,Facebook,2024-09-16,Não Convertido,,0.0,Moderado,Armenia
158262,TikTok,2024-09-17,Não Convertido,,0.0,Moderado,Palestinian Territory
158263,TikTok,2024-09-16,Não Convertido,,0.0,Moderado,Greenland
158264,Facebook,2024-09-20,Não Convertido,,0.0,Agressivo,Lebanon
158265,Facebook,2024-09-18,Não Convertido,,0.0,Moderado,Bahrain
158266,Facebook,2024-09-17,Não Convertido,,0.0,Agressivo,Ethiopia
158267,E-mail Marketing,2024-09-16,Não Convertido,,0.0,Agressivo,Cambodia
158268,Facebook,2024-09-17,Não Convertido,,0.0,Agressivo,Congo
158269,Orgânico,2024-09-20,Não Convertido,,0.0,Moderado,Saint Helena
158270,Facebook,2024-09-19,Não Convertido,,0.0,Moderado,El Salvador
158271,Orgânico,2024-09-16,Não Convertido,,0.0,Agressivo,Philippines
158272,Indicação,2024-09-21,Não Convertido,,0.0,Agressivo,Estonia
158273,Instagram,2024-09-21,Não Convertido,,0.0,Agressivo,Gibraltar
158274,Facebook,2024-09-17,Não Convertido,,0.0,Agressivo,Togo
158275,Orgânico,2024-09-19,Não Convertido,,0.0,Moderado,Maldives
158276,Instagram,2024-09-20,Não Convertido,,0.0,Agressivo,Slovakia (Slovak Republic)
158277,Instagram,2024-09-19,Não Convertido,,0.0,Conservador,Latvia
158278,WhatsApp,2024-09-19,Não Convertido,,0.0,Desconhecido,Reunion
158279,E-mail Marketing,2024-09-16,Não Convertido,,0.0,Agressivo,Ecuador
158280,E-mail Marketing,2024-09-18,Não Convertido,,0.0,Agressivo,Montserrat
158281,WhatsApp,2024-09-20,Não Convertido,,0.0,Desconhecido,Equatorial Guinea
158282,WhatsApp,2024-09-19,Não Convertido,,0.0,Agressivo,Ethiopia
158283,TikTok,2024-09-16,Não Convertido,,0.0,Moderado,Qatar
158284,Orgânico,2024-09-20,Não Convertido,,0.0,Desconhecido,Bosnia and Herzegovina
158285,Google Ads,2024-09-16,Não Convertido,,0.0,Desconhecido,Sierra Leone
158286,Instagram,2024-09-19,Não Convertido,,0.0,Agressivo,Morocco
158287,Instagram,2024-09-19,Convertido,25.0,8135.07,Conservador,Suriname
158288,Facebook,2024-09-20,Não Convertido,,0.0,Conservador,Zimbabwe
158289,Orgânico,2024-09-19,Não Convertido,,0.0,Agressivo,Marshall Islands
158290,Facebook,2024-09-16,Não Convertido,,0.0,Conservador,British Virgin Islands
158291,TikTok,2024-09-17,Não Convertido,,0.0,Agressivo,Turkmenistan
158292,TikTok,2024-09-18,Não Convertido,,0.0,Moderado,Czech Republic
158293,TikTok,2024-09-16,Convertido,6.0,7907.47,Desconhecido,Ethiopia
158294,WhatsApp,2024-09-17,Não Convertido,,0.0,Moderado,Bhutan
158295,YouTube Ads,2024-09-17,Não Convertido,,0.0,Conservador,Guatemala
158296,E-mail Marketing,2024-09-16,Não Convertido,,0.0,Desconhecido,Sierra Leone
158297,Instagram,2024-09-17,Convertido,1.0,7216.93,Agressivo,Korea
158298,Instagram,2024-09-17,Não Convertido,,0.0,Moderado,Australia
158299,Orgânico,2024-09-16,Não Convertido,,0.0,Moderado,Latvia
158300,Instagram,2024-09-17,Não Convertido,,0.0,Desconhecido,Morocco
158301,YouTube Ads,2024-09-16,Não Convertido,,0.0,Conservador,Saint Barthelemy
158302,Orgânico,2024-09-16,Não Convertido,,0.0,Agressivo,Netherlands
158303,Orgânico,2024-09-18,Não Convertido,,0.0,Conservador,United States of America
158304,E-mail Marketing,2024-09-18,Não Convertido,,0.0,Moderado,Comoros
158305,TikTok,2024-09-17,Não Convertido,,0.0,Moderado,Burkina Faso
158306,Orgânico,2024-09-20,Não Convertido,,0.0,Moderado,Chad
158307,Orgânico,2024-09-19,Não Convertido,,0.0,Agressivo,Bolivia
158308,YouTube Ads,2024-09-21,Não Convertido,,0.0,Conservador,Bulgaria
158309,E-mail Marketing,2024-09-21,Não Convertido,,0.0,Conservador,Malaysia
158310,Instagram,2024-09-20,Não Convertido,,0.0,Moderado,Liechtenstein
158311,TikTok,2024-09-18,Não Convertido,,0.0,Agressivo,Liberia
158312,Instagram,2024-09-17,Não Convertido,,0.0,Agressivo,Georgia
158313,TikTok,2024-09-20,Não Convertido,,0.0,Agressivo,Turkey
158314,E-mail Marketing,2024-09-20,Não Convertido,,0.0,Moderado,Egypt
158315,TikTok,2024-09-16,Não Convertido,,0.0,Moderado,Sudan
158316,YouTube Ads,2024-09-17,Não Convertido,,0.0,Conservador,Brazil
158317,Facebook,2024-09-17,Não Convertido,,0.0,Conservador,Lithuania
158318,E-mail Marketing,2024-09-21,Não Convertido,,0.0,Agressivo,Montserrat
158319,TikTok,2024-09-21,Não Convertido,,0.0,Moderado,Burundi
158320,E-mail Marketing,2024-09-18,Não Convertido,,0.0,Agressivo,Samoa
158321,YouTube Ads,2024-09-21,Não Convertido,,0.0,Moderado,Madagascar
158322,Orgânico,2024-09-20,Não Convertido,,0.0,Moderado,Saint Lucia
158323,Google Ads,2024-09-16,Não Convertido,,0.0,Desconhecido,Netherlands Antilles
158324,E-mail Marketing,2024-09-21,Não Convertido,,0.0,Moderado,Mozambique
158325,Instagram,2024-09-18,Não Convertido,,0.0,Desconhecido,Cook Islands
158326,Google Ads,2024-09-20,Não Convertido,,0.0,Moderado,Saint Kitts and Nevis
158327,TikTok,2024-09-21,Não Convertido,,0.0,Agressivo,Russian Federation
158328,YouTube Ads,2024-09-17,Não Convertido,,0.0,Moderado,Aruba
158329,WhatsApp,2024-09-20,Não Convertido,,0.0,Moderado,Guatemala
158330,Google Ads,2024-09-19,Não Convertido,,0.0,Conservador,Taiwan
158331,Orgânico,2024-09-19,Não Convertido,,0.0,Moderado,Belize
158332,E-mail Marketing,2024-09-18,Não Convertido,,0.0,Agressivo,Saint Martin
158333,E-mail Marketing,2024-09-16,Não Convertido,,0.0,Desconhecido,Guyana
158334,Instagram,2024-09-16,Não Convertido,,0.0,Moderado,Mongolia
158335,Facebook,2024-09-16,Não Convertido,,0.0,Conservador,Estonia
158336,Orgânico,2024-09-17,Não Convertido,,0.0,Agressivo,Trinidad and Tobago
158337,E-mail Marketing,2024-09-16,Não Convertido,,0.0,Conservador,Senegal
158338,Instagram,2024-09-21,Não Convertido,,0.0,Moderado,Congo
158339,Instagram,2024-09-20,Não Convertido,,0.0,Conservador,Chile
158340,TikTok,2024-09-20,Não Convertido,,0.0,Moderado,Martinique
158341,Facebook,2024-09-16,Não Convertido,,0.0,Desconhecido,Saint Vincent and the Grenadines
158342,WhatsApp,2024-09-19,Não Convertido,,0.0,Agressivo,Cape Verde
158343,Instagram,2024-09-17,Não Convertido,,0.0,Agressivo,Bosnia and Herzegovina
158344,WhatsApp,2024-09-16,Não Convertido,,0.0,Conservador,Norfolk Island
158345,Instagram,2024-09-21,Não Convertido,,0.0,Moderado,Algeria
158346,E-mail Marketing,2024-09-16,Não Convertido,,0.0,Moderado,Dominican Republic
158347,TikTok,2024-09-18,Não Convertido,,0.0,Moderado,Holy See (Vatican City State)
158348,Google Ads,2024-09-21,Não Convertido,,0.0,Moderado,Bhutan
158349,Instagram,2024-09-19,Não Convertido,,0.0,Moderado,Denmark
158350,Orgânico,2024-09-20,Não Convertido,,0.0,Moderado,Cocos (Keeling) Islands
158351,Orgânico,2024-09-17,Não Convertido,,0.0,Moderado,Canada
158352,Orgânico,2024-09-16,Não Convertido,,0.0,Agressivo,Falkland Islands (Malvinas)
158353,Instagram,2024-09-19,Não Convertido,,0.0,Conservador,Azerbaijan
158354,Facebook,2024-09-17,Não Convertido,,0.0,Moderado,Panama
158355,TikTok,2024-09-19,Não Convertido,,0.0,Conservador,Sao Tome and Principe
158356,Facebook,2024-09-16,Não Convertido,,0.0,Moderado,Mexico
158357,Instagram,2024-09-21,Convertido,17.0,186.53,Moderado,Bouvet Island (Bouvetoya)
158358,Facebook,2024-09-19,Não Convertido,,0.0,Moderado,Guam
158359,Orgânico,2024-09-19,Não Convertido,,0.0,Agressivo,Saint Lucia
158360,Instagram,2024-09-16,Não Convertido,,0.0,Conservador,Georgia
158361,Facebook,2024-09-18,Convertido,9.0,3372.74,Conservador,Guam
158362,YouTube Ads,2024-09-17,Não Convertido,,0.0,Moderado,Guinea
158363,Orgânico,2024-09-20,Não Convertido,,0.0,Moderado,Yemen
158364,YouTube Ads,2024-09-19,Não Convertido,,0.0,Conservador,Germany
158365,Indicação,2024-09-20,Não Convertido,,0.0,Desconhecido,Benin
158366,Facebook,2024-09-16,Não Convertido,,0.0,Agressivo,Malta
158367,E-mail Marketing,2024-09-16,Não Convertido,,0.0,Agressivo,Pitcairn Islands
158368,Facebook,2024-09-20,Não Convertido,,0.0,Agressivo,Philippines
158369,Facebook,2024-09-21,Não Convertido,,0.0,Moderado,Guinea-Bissau
158370,WhatsApp,2024-09-16,Não Convertido,,0.0,Conservador,Kuwait
158371,Google Ads,2024-09-21,Convertido,6.0,5347.53,Moderado,El Salvador
158372,YouTube Ads,2024-09-18,Não Convertido,,0.0,Conservador,Belgium
158373,Google Ads,2024-09-20,Não Convertido,,0.0,Agressivo,Papua New Guinea
158374,Instagram,2024-09-17,Não Convertido,,0.0,Conservador,Bouvet Island (Bouvetoya)
158375,WhatsApp,2024-09-19,Não Convertido,,0.0,Agressivo,Honduras
158376,Instagram,2024-09-16,Não Convertido,,0.0,Moderado,Cyprus
158377,Instagram,2024-09-20,Não Convertido,,0.0,Moderado,Micronesia
158378,WhatsApp,2024-09-19,Não Convertido,,0.0,Agressivo,El Salvador
158379,Instagram,2024-09-19,Não Convertido,,0.0,Agressivo,Georgia
158380,Indicação,2024-09-19,Não Convertido,,0.0,Moderado,Bulgaria
158381,TikTok,2024-09-18,Não Convertido,,0.0,Agressivo,Cayman Islands
158382,TikTok,2024-09-18,Não Convertido,,0.0,Agressivo,Saint Pierre and Miquelon
158383,Google Ads,2024-09-19,Convertido,12.0,4160.77,Moderado,Aruba
158384,Orgânico,2024-09-20,Não Convertido,,0.0,Agressivo,Armenia
158385,E-mail Marketing,2024-09-17,Não Convertido,,0.0,Conservador,Zimbabwe
158386,Google Ads,2024-09-19,Não Convertido,,0.0,Conservador,Benin
158387,Indicação,2024-09-21,Não Convertido,,0.0,Desconhecido,Togo
158388,TikTok,2024-09-16,Não Convertido,,0.0,Agressivo,Belarus
158389,Indicação,2024-09-21,Não Convertido,,0.0,Moderado,Latvia
158390,Orgânico,2024-09-17,Não Convertido,,0.0,Conservador,Kenya
158391,YouTube Ads,2024-09-19,Não Convertido,,0.0,Agressivo,Vanuatu
158392,YouTube Ads,2024-09-16,Não Convertido,,0.0,Conservador,Senegal
158393,Instagram,2024-09-18,Não Convertido,,0.0,Agressivo,Aruba
158394,Indicação,2024-09-21,Não Convertido,,0.0,Agressivo,Haiti
158395,Google Ads,2024-09-20,Não Convertido,,0.0,Agressivo,Algeria
158396,Indicação,2024-09-19,Não Convertido,,0.0,Conservador,Guadeloupe
158397,Instagram,2024-09-17,Não Convertido,,0.0,Moderado,France
158398,WhatsApp,2024-09-21,Não Convertido,,0.0,Moderado,Saint Kitts and Nevis
158399,Orgânico,2024-09-20,Não Convertido,,0.0,Moderado,Netherlands Antilles
158400,WhatsApp,2024-09-20,Não Convertido,,0.0,Desconhecido,Kyrgyz Republic
158401,Facebook,2024-09-19,Não Convertido,,0.0,Moderado,Nauru
158402,WhatsApp,2024-09-19,Convertido,0.0,3071.81,Desconhecido,Saint Helena
158403,E-mail Marketing,2024-09-16,Não Convertido,,0.0,Conservador,Guinea-Bissau
158404,Orgânico,2024-09-21,Não Convertido,,0.0,Agressivo,Albania
158405,Instagram,2024-09-20,Não Convertido,,0.0,Conservador,Singapore
158406,Orgânico,2024-09-19,Não Convertido,,0.0,Moderado,Micronesia
158407,YouTube Ads,2024-09-17,Não Convertido,,0.0,Agressivo,India
158408,Google Ads,2024-09-16,Não Convertido,,0.0,Moderado,Madagascar
158409,Google Ads,2024-09-18,Não Convertido,,0.0,Moderado,Saint Helena
158410,Google Ads,2024-09-20,Não Convertido,,0.0,Moderado,Tajikistan
158411,Instagram,2024-09-21,Não Convertido,,0.0,Desconhecido,Vanuatu
158412,E-mail Marketing,2024-09-19,Não Convertido,,0.0,Moderado,Rwanda
158413,TikTok,2024-09-18,Não Convertido,,0.0,Conservador,Djibouti
158414,Indicação,2024-09-21,Não Convertido,,0.0,Agressivo,Cote d'Ivoire
158415,E-mail Marketing,2024-09-17,Não Convertido,,0.0,Conservador,Anguilla
158416,E-mail Marketing,2024-09-18,Não Convertido,,0.0,Moderado,Brunei Darussalam
158417,YouTube Ads,2024-09-16,Não Convertido,,0.0,Agressivo,Niue
158418,Orgânico,2024-09-20,Não Convertido,,0.0,Moderado,Guyana
158419,Facebook,2024-09-21,Não Convertido,,0.0,Conservador,Nicaragua
158420,Orgânico,2024-09-16,Não Convertido,,0.0,Moderado,Mali
158421,Facebook,2024-09-21,Não Convertido,,0.0,Desconhecido,Bahrain
158422,E-mail Marketing,2024-09-18,Não Convertido,,0.0,Moderado,Namibia
158423,E-mail Marketing,2024-09-21,Não Convertido,,0.0,Conservador,Tuvalu
158424,Orgânico,2024-09-18,Não Convertido,,0.0,Agressivo,Reunion
158425,Orgânico,2024-09-17,Não Convertido,,0.0,Moderado,Wallis and Futuna
158426,Facebook,2024-09-19,Convertido,8.0,9647.6,Conservador,Ukraine
158427,Google Ads,2024-09-16,Não Convertido,,0.0,Conservador,Fiji
158428,Orgânico,2024-09-18,Não Convertido,,0.0,Desconhecido,Mauritius
158429,WhatsApp,2024-09-20,Não Convertido,,0.0,Agressivo,Cape Verde
158430,Google Ads,2024-09-19,Não Convertido,,0.0,Conservador,Guinea-Bissau
158431,TikTok,2024-09-19,Não Convertido,,0.0,Conservador,Cuba
158432,Facebook,2024-09-18,Não Convertido,,0.0,Agressivo,Liberia
158433,E-mail Marketing,2024-09-20,Não Convertido,,0.0,Agressivo,Lesotho
158434,E-mail Marketing,2024-09-18,Não Convertido,,0.0,Moderado,Chad
158435,Orgânico,2024-09-19,Não Convertido,,0.0,Agressivo,Vanuatu
158436,Orgânico,2024-09-16,Não Convertido,,0.0,Conservador,Korea
158437,E-mail Marketing,2024-09-16,Não Convertido,,0.0,Agressivo,Uzbekistan
158438,Google Ads,2024-09-21,Não Convertido,,0.0,Moderado,Guyana
158439,Facebook,2024-09-21,Não Convertido,,0.0,Moderado,Guinea
158440,Google Ads,2024-09-20,Não Convertido,,0.0,Moderado,Cambodia
158441,WhatsApp,2024-09-18,Não Convertido,,0.0,Desconhecido,Barbados
158442,Indicação,2024-09-17,Não Convertido,,0.0,Moderado,Georgia
158443,YouTube Ads,2024-09-18,Não Convertido,,0.0,Conservador,Guinea
158444,YouTube Ads,2024-09-16,Não Convertido,,0.0,Moderado,Morocco
158445,Google Ads,2024-09-16,Não Convertido,,0.0,Moderado,Micronesia
158446,Google Ads,2024-09-18,Não Convertido,,0.0,Desconhecido,Northern Mariana Islands
158447,Facebook,2024-09-17,Não Convertido,,0.0,Moderado,Congo
158448,Instagram,2024-09-18,Não Convertido,,0.0,Moderado,Tunisia
158449,Orgânico,2024-09-19,Não Convertido,,0.0,Conservador,Seychelles
158450,Orgânico,2024-09-19,Não Convertido,,0.0,Moderado,Slovenia
158451,WhatsApp,2024-09-20,Não Convertido,,0.0,Moderado,Senegal
158452,TikTok,2024-09-20,Não Convertido,,0.0,Moderado,Guadeloupe
158453,Google Ads,2024-09-17,Não Convertido,,0.0,Moderado,Brunei Darussalam
158454,Indicação,2024-09-18,Não Convertido,,0.0,Desconhecido,Togo
158455,Orgânico,2024-09-21,Não Convertido,,0.0,Agressivo,Wallis and Futuna
158456,Orgânico,2024-09-20,Não Convertido,,0.0,Moderado,Chile
158457,WhatsApp,2024-09-17,Não Convertido,,0.0,Desconhecido,Austria
158458,E-mail Marketing,2024-09-16,Não Convertido,,0.0,Conservador,Tajikistan
158459,Orgânico,2024-09-20,Não Convertido,,0.0,Moderado,Swaziland
158460,TikTok,2024-09-17,Não Convertido,,0.0,Agressivo,Brazil
158461,Instagram,2024-09-21,Não Convertido,,0.0,Desconhecido,Heard Island and McDonald Islands
158462,YouTube Ads,2024-09-16,Não Convertido,,0.0,Moderado,Guinea-Bissau
158463,E-mail Marketing,2024-09-19,Não Convertido,,0.0,Agressivo,British Virgin Islands
158464,Google Ads,2024-09-16,Não Convertido,,0.0,Moderado,New Zealand
158465,E-mail Marketing,2024-09-18,Não Convertido,,0.0,Moderado,San Marino
158466,E-mail Marketing,2024-09-17,Não Convertido,,0.0,Agressivo,San Marino
158467,YouTube Ads,2024-09-18,Não Convertido,,0.0,Conservador,Costa Rica
158468,Orgânico,2024-09-19,Não Convertido,,0.0,Moderado,Montserrat
158469,TikTok,2024-09-21,Não Convertido,,0.0,Agressivo,Moldova
158470,WhatsApp,2024-09-18,Não Convertido,,0.0,Moderado,Bahrain
158471,Google Ads,2024-09-16,Convertido,24.0,7556.08,Conservador,Saint Helena
158472,Google Ads,2024-09-16,Não Convertido,,0.0,Moderado,Oman
158473,Orgânico,2024-09-16,Não Convertido,,0.0,Agressivo,Latvia
158474,YouTube Ads,2024-09-21,Não Convertido,,0.0,Agressivo,Macao
158475,Instagram,2024-09-21,Não Convertido,,0.0,Conservador,United Kingdom
158476,TikTok,2024-09-18,Não Convertido,,0.0,Moderado,Korea
158477,WhatsApp,2024-09-17,Não Convertido,,0.0,Conservador,Taiwan
158478,Facebook,2024-09-18,Não Convertido,,0.0,Moderado,Palestinian Territory
158479,Orgânico,2024-09-19,Não Convertido,,0.0,Agressivo,Anguilla
158480,E-mail Marketing,2024-09-16,Não Convertido,,0.0,Moderado,Monaco
158481,TikTok,2024-09-18,Não Convertido,,0.0,Conservador,Thailand
158482,YouTube Ads,2024-09-16,Não Convertido,,0.0,Desconhecido,Sao Tome and Principe
158483,Orgânico,2024-09-16,Não Convertido,,0.0,Desconhecido,Georgia
158484,Facebook,2024-09-21,Não Convertido,,0.0,Agressivo,Vanuatu
158485,Orgânico,2024-09-16,Não Convertido,,0.0,Moderado,Dominican Republic
158486,WhatsApp,2024-09-17,Não Convertido,,0.0,Moderado,Czech Republic
158487,Orgânico,2024-09-18,Não Convertido,,0.0,Desconhecido,Panama
158488,YouTube Ads,2024-09-21,Não Convertido,,0.0,Moderado,El Salvador
158489,Google Ads,2024-09-20,Não Convertido,,0.0,Agressivo,Comoros
158490,Instagram,2024-09-20,Convertido,23.0,8491.19,Desconhecido,Norway
158491,WhatsApp,2024-09-17,Não Convertido,,0.0,Agressivo,Algeria
158492,Facebook,2024-09-21,Não Convertido,,0.0,Agressivo,Kiribati
158493,YouTube Ads,2024-09-19,Não Convertido,,0.0,Moderado,Suriname
158494,Indicação,2024-09-21,Não Convertido,,0.0,Moderado,Guinea
158495,WhatsApp,2024-09-19,Não Convertido,,0.0,Moderado,Congo
158496,Orgânico,2024-09-16,Não Convertido,,0.0,Agressivo,Benin
158497,E-mail Marketing,2024-09-21,Não Convertido,,0.0,Desconhecido,Niger
158498,E-mail Marketing,2024-09-16,Não Convertido,,0.0,Agressivo,Chad
158499,TikTok,2024-09-17,Não Convertido,,0.0,Agressivo,Pitcairn Islands
158500,Google Ads,2024-09-19,Não Convertido,,0.0,Moderado,Guyana
158501,YouTube Ads,2024-09-19,Não Convertido,,0.0,Desconhecido,Argentina
158502,Orgânico,2024-09-16,Não Convertido,,0.0,Conservador,Nepal
158503,E-mail Marketing,2024-09-21,Não Convertido,,0.0,Moderado,Luxembourg
158504,Instagram,2024-09-17,Não Convertido,,0.0,Moderado,Italy
158505,Instagram,2024-09-19,Não Convertido,,0.0,Desconhecido,Gibraltar
158506,TikTok,2024-09-16,Não Convertido,,0.0,Desconhecido,Hungary
158507,Orgânico,2024-09-18,Não Convertido,,0.0,Moderado,Moldova
158508,Indicação,2024-09-17,Não Convertido,,0.0,Moderado,Uzbekistan
158509,Google Ads,2024-09-18,Não Convertido,,0.0,Conservador,Seychelles
158510,YouTube Ads,2024-09-19,Não Convertido,,0.0,Moderado,Kenya
158511,Orgânico,2024-09-19,Não Convertido,,0.0,Moderado,Congo
158512,E-mail Marketing,2024-09-18,Não Convertido,,0.0,Agressivo,Kenya
158513,Google Ads,2024-09-17,Não Convertido,,0.0,Moderado,Nepal
158514,E-mail Marketing,2024-09-20,Não Convertido,,0.0,Agressivo,Guam
158515,Instagram,2024-09-20,Não Convertido,,0.0,Conservador,South Georgia and the South Sandwich Islands
158516,E-mail Marketing,2024-09-20,Não Convertido,,0.0,Moderado,Kyrgyz Republic
158517,Instagram,2024-09-17,Não Convertido,,0.0,Moderado,Italy
158518,Facebook,2024-09-16,Não Convertido,,0.0,Moderado,Taiwan
158519,Google Ads,2024-09-21,Não Convertido,,0.0,Agressivo,Kuwait
158520,Orgânico,2024-09-20,Não Convertido,,0.0,Moderado,Venezuela
158521,Google Ads,2024-09-18,Não Convertido,,0.0,Agressivo,Kyrgyz Republic
158522,E-mail Marketing,2024-09-17,Não Convertido,,0.0,Moderado,United States Minor Outlying Islands
158523,Instagram,2024-09-18,Não Convertido,,0.0,Desconhecido,Congo
158524,Orgânico,2024-09-16,Não Convertido,,0.0,Moderado,French Polynesia
158525,Instagram,2024-09-16,Não Convertido,,0.0,Agressivo,Uganda
158526,TikTok,2024-09-16,Não Convertido,,0.0,Agressivo,Antigua and Barbuda
158527,Google Ads,2024-09-20,Não Convertido,,0.0,Conservador,Bosnia and Herzegovina
158528,Instagram,2024-09-18,Não Convertido,,0.0,Conservador,Nauru
158529,Facebook,2024-09-21,Não Convertido,,0.0,Desconhecido,Israel
158530,E-mail Marketing,2024-09-17,Não Convertido,,0.0,Agressivo,Christmas Island
158531,Google Ads,2024-09-16,Convertido,8.0,1296.77,Moderado,New Caledonia
158532,TikTok,2024-09-16,Não Convertido,,0.0,Agressivo,Liberia
158533,Google Ads,2024-09-21,Não Convertido,,0.0,Moderado,Lao People's Democratic Republic
158534,TikTok,2024-09-18,Não Convertido,,0.0,Agressivo,Ecuador
158535,WhatsApp,2024-09-16,Não Convertido,,0.0,Moderado,Singapore
158536,Google Ads,2024-09-21,Não Convertido,,0.0,Agressivo,Sri Lanka
158537,Instagram,2024-09-17,Não Convertido,,0.0,Agressivo,Montserrat
158538,E-mail Marketing,2024-09-16,Não Convertido,,0.0,Agressivo,Belgium
158539,Instagram,2024-09-20,Não Convertido,,0.0,Desconhecido,Switzerland
158540,Google Ads,2024-09-18,Não Convertido,,0.0,Moderado,Angola
158541,Orgânico,2024-09-19,Não Convertido,,0.0,Agressivo,Slovenia
158542,Facebook,2024-09-18,Não Convertido,,0.0,Moderado,Uzbekistan
158543,YouTube Ads,2024-09-16,Não Convertido,,0.0,Agressivo,Bosnia and Herzegovina
158544,Instagram,2024-09-17,Não Convertido,,0.0,Agressivo,Kazakhstan
158545,Google Ads,2024-09-16,Não Convertido,,0.0,Agressivo,France
158546,Facebook,2024-09-18,Não Convertido,,0.0,Moderado,Greenland
158547,Indicação,2024-09-17,Não Convertido,,0.0,Conservador,Kenya
158548,TikTok,2024-09-21,Não Convertido,,0.0,Agressivo,Gambia
158549,Orgânico,2024-09-19,Não Convertido,,0.0,Moderado,Mayotte
158550,Orgânico,2024-09-21,Não Convertido,,0.0,Desconhecido,Hungary
158551,Instagram,2024-09-16,Não Convertido,,0.0,Agressivo,Saint Lucia
158552,YouTube Ads,2024-09-16,Não Convertido,,0.0,Conservador,Korea
158553,Facebook,2024-09-18,Não Convertido,,0.0,Moderado,Turkmenistan
158554,Orgânico,2024-09-19,Não Convertido,,0.0,Agressivo,Trinidad and Tobago
158555,Instagram,2024-09-19,Não Convertido,,0.0,Agressivo,Rwanda
158556,TikTok,2024-09-20,Não Convertido,,0.0,Agressivo,Azerbaijan
158557,Orgânico,2024-09-21,Não Convertido,,0.0,Agressivo,Turkey
158558,Instagram,2024-09-17,Não Convertido,,0.0,Agressivo,Iceland
158559,E-mail Marketing,2024-09-21,Não Convertido,,0.0,Desconhecido,Antarctica (the territory South of 60 deg S)
158560,Orgânico,2024-09-18,Não Convertido,,0.0,Conservador,Zambia
158561,Google Ads,2024-09-20,Não Convertido,,0.0,Conservador,Cambodia
158562,WhatsApp,2024-09-18,Não Convertido,,0.0,Agressivo,Montserrat
158563,WhatsApp,2024-09-20,Não Convertido,,0.0,Conservador,Liechtenstein
158564,E-mail Marketing,2024-09-18,Não Convertido,,0.0,Moderado,Lesotho
158565,TikTok,2024-09-17,Não Convertido,,0.0,Moderado,Vietnam
158566,E-mail Marketing,2024-09-17,Não Convertido,,0.0,Moderado,Azerbaijan
158567,E-mail Marketing,2024-09-20,Não Convertido,,0.0,Moderado,Guadeloupe
158568,Orgânico,2024-09-17,Não Convertido,,0.0,Desconhecido,Guinea
158569,Orgânico,2024-09-17,Não Convertido,,0.0,Moderado,Grenada
158570,Instagram,2024-09-19,Não Convertido,,0.0,Moderado,Dominica
158571,TikTok,2024-09-18,Não Convertido,,0.0,Moderado,Mayotte
158572,WhatsApp,2024-09-21,Não Convertido,,0.0,Moderado,Qatar
158573,TikTok,2024-09-18,Não Convertido,,0.0,Agressivo,Switzerland
158574,E-mail Marketing,2024-09-18,Não Convertido,,0.0,Moderado,Bahamas
158575,YouTube Ads,2024-09-21,Não Convertido,,0.0,Desconhecido,Mayotte
158576,Facebook,2024-09-19,Convertido,6.0,6274.88,Conservador,Gibraltar
158577,TikTok,2024-09-20,Não Convertido,,0.0,Moderado,Malawi
158578,TikTok,2024-09-16,Não Convertido,,0.0,Desconhecido,North Macedonia
158579,Orgânico,2024-09-17,Não Convertido,,0.0,Moderado,Puerto Rico
158580,E-mail Marketing,2024-09-20,Convertido,21.0,7244.01,Moderado,Myanmar
158581,Orgânico,2024-09-17,Não Convertido,,0.0,Agressivo,French Southern Territories
158582,Instagram,2024-09-20,Não Convertido,,0.0,Moderado,Swaziland
158583,TikTok,2024-09-17,Não Convertido,,0.0,Moderado,Iraq
158584,WhatsApp,2024-09-21,Não Convertido,,0.0,Agressivo,Congo
158585,WhatsApp,2024-09-21,Não Convertido,,0.0,Agressivo,Yemen
158586,TikTok,2024-09-21,Não Convertido,,0.0,Agressivo,Netherlands Antilles
158587,Instagram,2024-09-21,Não Convertido,,0.0,Agressivo,Italy
158588,Instagram,2024-09-21,Não Convertido,,0.0,Agressivo,Afghanistan
158589,TikTok,2024-09-16,Não Convertido,,0.0,Desconhecido,Tunisia
158590,TikTok,2024-09-19,Não Convertido,,0.0,Agressivo,Niger
158591,Facebook,2024-09-16,Convertido,9.0,4361.03,Moderado,Nicaragua
158592,WhatsApp,2024-09-17,Não Convertido,,0.0,Agressivo,Ireland
158593,WhatsApp,2024-09-18,Não Convertido,,0.0,Moderado,Pakistan
158594,TikTok,2024-09-17,Não Convertido,,0.0,Agressivo,Suriname
158595,Google Ads,2024-09-20,Não Convertido,,0.0,Moderado,Cambodia
158596,TikTok,2024-09-17,Não Convertido,,0.0,Moderado,Bosnia and Herzegovina
158597,WhatsApp,2024-09-21,Não Convertido,,0.0,Moderado,Lithuania
158598,Google Ads,2024-09-19,Não Convertido,,0.0,Agressivo,China
158599,Orgânico,2024-09-21,Não Convertido,,0.0,Moderado,Peru
158600,Orgânico,2024-09-18,Não Convertido,,0.0,Agressivo,Bouvet Island (Bouvetoya)
158601,Google Ads,2024-09-19,Não Convertido,,0.0,Desconhecido,Moldova
158602,Instagram,2024-09-21,Não Convertido,,0.0,Desconhecido,Mayotte
158603,Google Ads,2024-09-18,Não Convertido,,0.0,Desconhecido,Vanuatu
158604,TikTok,2024-09-21,Não Convertido,,0.0,Agressivo,Venezuela
158605,E-mail Marketing,2024-09-17,Não Convertido,,0.0,Moderado,Central African Republic
158606,Facebook,2024-09-16,Não Convertido,,0.0,Agressivo,Suriname
158607,WhatsApp,2024-09-16,Convertido,18.0,3245.32,Conservador,Uganda
158608,Google Ads,2024-09-19,Não Convertido,,0.0,Moderado,South Georgia and the South Sandwich Islands
158609,TikTok,2024-09-17,Não Convertido,,0.0,Moderado,Greenland
158610,Instagram,2024-09-21,Não Convertido,,0.0,Moderado,Turkmenistan
158611,E-mail Marketing,2024-09-18,Não Convertido,,0.0,Moderado,South Africa
158612,WhatsApp,2024-09-17,Não Convertido,,0.0,Moderado,Bolivia
158613,TikTok,2024-09-19,Não Convertido,,0.0,Moderado,Congo
158614,Orgânico,2024-09-18,Não Convertido,,0.0,Agressivo,Bolivia
158615,Orgânico,2024-09-18,Não Convertido,,0.0,Conservador,Korea
158616,Google Ads,2024-09-17,Não Convertido,,0.0,Moderado,Togo
158617,Facebook,2024-09-19,Não Convertido,,0.0,Moderado,Estonia
158618,TikTok,2024-09-19,Não Convertido,,0.0,Desconhecido,United States of America
158619,Orgânico,2024-09-18,Não Convertido,,0.0,Desconhecido,Malta
158620,Instagram,2024-09-21,Não Convertido,,0.0,Conservador,Turkmenistan
158621,E-mail Marketing,2024-09-18,Não Convertido,,0.0,Moderado,Kiribati
158622,TikTok,2024-09-19,Não Convertido,,0.0,Agressivo,Guyana
158623,Instagram,2024-09-16,Não Convertido,,0.0,Moderado,Norway
158624,WhatsApp,2024-09-21,Não Convertido,,0.0,Moderado,Germany
158625,Instagram,2024-09-18,Não Convertido,,0.0,Agressivo,Brunei Darussalam
158626,E-mail Marketing,2024-09-21,Não Convertido,,0.0,Moderado,Hungary
158627,Google Ads,2024-09-20,Não Convertido,,0.0,Conservador,Oman
158628,Google Ads,2024-09-21,Não Convertido,,0.0,Desconhecido,Korea
158629,TikTok,2024-09-16,Não Convertido,,0.0,Moderado,Congo
158630,Google Ads,2024-09-16,Não Convertido,,0.0,Conservador,Uganda
158631,TikTok,2024-09-17,Não Convertido,,0.0,Moderado,Turks and Caicos Islands
158632,YouTube Ads,2024-09-17,Não Convertido,,0.0,Moderado,Saint Vincent and the Grenadines
158633,TikTok,2024-09-21,Não Convertido,,0.0,Agressivo,Egypt
158634,Google Ads,2024-09-20,Convertido,1.0,6552.01,Desconhecido,Western Sahara
158635,E-mail Marketing,2024-09-20,Não Convertido,,0.0,Moderado,Sudan
158636,Instagram,2024-09-17,Não Convertido,,0.0,Moderado,Pitcairn Islands
158637,Google Ads,2024-09-16,Convertido,29.0,6286.65,Agressivo,Nauru
158638,Google Ads,2024-09-18,Não Convertido,,0.0,Agressivo,Antigua and Barbuda
158639,Indicação,2024-09-18,Não Convertido,,0.0,Moderado,Turkmenistan
158640,WhatsApp,2024-09-18,Não Convertido,,0.0,Moderado,Taiwan
158641,Google Ads,2024-09-20,Não Convertido,,0.0,Moderado,Jersey
158642,TikTok,2024-09-19,Não Convertido,,0.0,Moderado,Hungary
158643,YouTube Ads,2024-09-18,Não Convertido,,0.0,Moderado,India
158644,WhatsApp,2024-09-17,Não Convertido,,0.0,Moderado,Saint Pierre and Miquelon
158645,E-mail Marketing,2024-09-21,Não Convertido,,0.0,Desconhecido,Kyrgyz Republic
158646,Google Ads,2024-09-16,Não Convertido,,0.0,Agressivo,Denmark
158647,Facebook,2024-09-16,Não Convertido,,0.0,Agressivo,Togo
158648,Indicação,2024-09-20,Não Convertido,,0.0,Agressivo,Samoa
158649,Instagram,2024-09-18,Não Convertido,,0.0,Conservador,Fiji
158650,TikTok,2024-09-19,Não Convertido,,0.0,Agressivo,Libyan Arab Jamahiriya
158651,Google Ads,2024-09-18,Não Convertido,,0.0,Agressivo,Marshall Islands
158652,Facebook,2024-09-21,Não Convertido,,0.0,Moderado,Vietnam
158653,TikTok,2024-09-17,Não Convertido,,0.0,Conservador,Eritrea
158654,TikTok,2024-09-20,Não Convertido,,0.0,Moderado,Tajikistan
158655,Orgânico,2024-09-17,Não Convertido,,0.0,Moderado,Montserrat
158656,TikTok,2024-09-18,Não Convertido,,0.0,Moderado,Papua New Guinea
158657,Google Ads,2024-09-21,Não Convertido,,0.0,Moderado,Romania
158658,Instagram,2024-09-17,Não Convertido,,0.0,Moderado,Uruguay
158659,Facebook,2024-09-17,Não Convertido,,0.0,Moderado,Taiwan
158660,E-mail Marketing,2024-09-20,Convertido,28.0,9417.3,Conservador,Burkina Faso
158661,Orgânico,2024-09-20,Não Convertido,,0.0,Moderado,Liberia
158662,Facebook,2024-09-16,Não Convertido,,0.0,Agressivo,Panama
158663,TikTok,2024-09-17,Não Convertido,,0.0,Conservador,Denmark
158664,TikTok,2024-09-17,Não Convertido,,0.0,Moderado,Jordan
158665,TikTok,2024-09-21,Não Convertido,,0.0,Moderado,Niger
158666,Instagram,2024-09-21,Não Convertido,,0.0,Conservador,Turks and Caicos Islands
158667,TikTok,2024-09-18,Não Convertido,,0.0,Conservador,Estonia
158668,TikTok,2024-09-20,Não Convertido,,0.0,Agressivo,Fiji
158669,TikTok,2024-09-20,Não Convertido,,0.0,Agressivo,Guinea
158670,TikTok,2024-09-18,Não Convertido,,0.0,Moderado,Djibouti
158671,Google Ads,2024-09-16,Convertido,7.0,3448.73,Desconhecido,Nigeria
158672,Indicação,2024-09-21,Não Convertido,,0.0,Agressivo,Egypt
158673,Orgânico,2024-09-19,Não Convertido,,0.0,Desconhecido,Cayman Islands
158674,TikTok,2024-09-18,Não Convertido,,0.0,Moderado,Ukraine
158675,WhatsApp,2024-09-17,Não Convertido,,0.0,Agressivo,Iraq
158676,E-mail Marketing,2024-09-19,Não Convertido,,0.0,Moderado,Saint Barthelemy
158677,Google Ads,2024-09-20,Não Convertido,,0.0,Moderado,Libyan Arab Jamahiriya
158678,Facebook,2024-09-20,Não Convertido,,0.0,Desconhecido,Cape Verde
158679,TikTok,2024-09-21,Não Convertido,,0.0,Moderado,Tonga
158680,WhatsApp,2024-09-17,Não Convertido,,0.0,Conservador,American Samoa
158681,E-mail Marketing,2024-09-21,Não Convertido,,0.0,Conservador,Tajikistan
158682,E-mail Marketing,2024-09-21,Não Convertido,,0.0,Moderado,Slovakia (Slovak Republic)
158683,TikTok,2024-09-18,Não Convertido,,0.0,Conservador,Faroe Islands
158684,Google Ads,2024-09-17,Não Convertido,,0.0,Agressivo,Costa Rica
158685,Orgânico,2024-09-17,Não Convertido,,0.0,Moderado,Sudan
158686,TikTok,2024-09-16,Não Convertido,,0.0,Agressivo,Albania
158687,TikTok,2024-09-18,Não Convertido,,0.0,Desconhecido,Israel
158688,Facebook,2024-09-16,Não Convertido,,0.0,Desconhecido,Jordan
158689,Google Ads,2024-09-21,Não Convertido,,0.0,Desconhecido,San Marino
158690,Instagram,2024-09-21,Não Convertido,,0.0,Desconhecido,Poland
158691,WhatsApp,2024-09-20,Não Convertido,,0.0,Desconhecido,Cayman Islands
158692,Orgânico,2024-09-21,Não Convertido,,0.0,Agressivo,Luxembourg
158693,TikTok,2024-09-19,Não Convertido,,0.0,Agressivo,Qatar
158694,Instagram,2024-09-19,Não Convertido,,0.0,Agressivo,Greenland
158695,WhatsApp,2024-09-16,Não Convertido,,0.0,Agressivo,Syrian Arab Republic
158696,Facebook,2024-09-20,Não Convertido,,0.0,Moderado,South Georgia and the South Sandwich Islands
158697,E-mail Marketing,2024-09-17,Não Convertido,,0.0,Conservador,Congo
158698,YouTube Ads,2024-09-21,Não Convertido,,0.0,Desconhecido,Gambia
158699,Instagram,2024-09-17,Não Convertido,,0.0,Moderado,Mozambique
158700,WhatsApp,2024-09-19,Não Convertido,,0.0,Agressivo,Sri Lanka
158701,TikTok,2024-09-18,Não Convertido,,0.0,Moderado,Bouvet Island (Bouvetoya)
158702,Orgânico,2024-09-20,Não Convertido,,0.0,Agressivo,Lebanon
158703,Instagram,2024-09-21,Não Convertido,,0.0,Desconhecido,Bahrain
158704,TikTok,2024-09-20,Convertido,10.0,2170.02,Moderado,Ukraine
158705,TikTok,2024-09-21,Não Convertido,,0.0,Conservador,Iraq
158706,Indicação,2024-09-17,Não Convertido,,0.0,Moderado,Bolivia
158707,TikTok,2024-09-17,Não Convertido,,0.0,Conservador,Central African Republic
158708,WhatsApp,2024-09-16,Não Convertido,,0.0,Moderado,Cameroon
158709,Indicação,2024-09-19,Não Convertido,,0.0,Conservador,El Salvador
158710,Orgânico,2024-09-17,Não Convertido,,0.0,Moderado,Luxembourg
158711,Orgânico,2024-09-21,Não Convertido,,0.0,Conservador,Kiribati
158712,YouTube Ads,2024-09-16,Não Convertido,,0.0,Moderado,Comoros
158713,TikTok,2024-09-21,Não Convertido,,0.0,Agressivo,Poland
158714,Facebook,2024-09-21,Convertido,20.0,2769.86,Moderado,Croatia
158715,Instagram,2024-09-21,Convertido,5.0,509.09,Moderado,Guernsey
158716,Orgânico,2024-09-18,Não Convertido,,0.0,Conservador,Belarus
158717,Google Ads,2024-09-16,Não Convertido,,0.0,Moderado,Taiwan
158718,Orgânico,2024-09-16,Não Convertido,,0.0,Agressivo,Albania
158719,Orgânico,2024-09-19,Não Convertido,,0.0,Moderado,Syrian Arab Republic
158720,Orgânico,2024-09-19,Não Convertido,,0.0,Moderado,French Southern Territories
158721,Instagram,2024-09-20,Não Convertido,,0.0,Conservador,Saint Barthelemy
158722,TikTok,2024-09-19,Não Convertido,,0.0,Conservador,Greece
158723,Orgânico,2024-09-17,Não Convertido,,0.0,Moderado,Serbia
158724,Instagram,2024-09-18,Convertido,27.0,7483.82,Moderado,Iraq
158725,Orgânico,2024-09-21,Não Convertido,,0.0,Moderado,Swaziland
158726,WhatsApp,2024-09-20,Não Convertido,,0.0,Conservador,Ethiopia
158727,WhatsApp,2024-09-17,Não Convertido,,0.0,Moderado,Guatemala
158728,Indicação,2024-09-19,Não Convertido,,0.0,Agressivo,China
158729,Indicação,2024-09-17,Convertido,11.0,1226.7,Agressivo,Niger
158730,Orgânico,2024-09-20,Não Convertido,,0.0,Agressivo,Marshall Islands
158731,Orgânico,2024-09-19,Não Convertido,,0.0,Conservador,Cook Islands
158732,YouTube Ads,2024-09-19,Convertido,25.0,3751.88,Conservador,Sri Lanka
158733,Facebook,2024-09-19,Não Convertido,,0.0,Desconhecido,Philippines
158734,Instagram,2024-09-19,Não Convertido,,0.0,Moderado,Uruguay
158735,Google Ads,2024-09-17,Não Convertido,,0.0,Desconhecido,Morocco
158736,E-mail Marketing,2024-09-19,Não Convertido,,0.0,Conservador,British Indian Ocean Territory (Chagos Archipelago)
158737,Indicação,2024-09-17,Não Convertido,,0.0,Moderado,Thailand
158738,Facebook,2024-09-16,Não Convertido,,0.0,Moderado,Dominican Republic
158739,Instagram,2024-09-19,Não Convertido,,0.0,Moderado,Lao People's Democratic Republic
158740,Indicação,2024-09-21,Não Convertido,,0.0,Moderado,Tanzania
158741,Facebook,2024-09-20,Não Convertido,,0.0,Conservador,Indonesia
158742,TikTok,2024-09-18,Não Convertido,,0.0,Moderado,Tonga
158743,Indicação,2024-09-18,Não Convertido,,0.0,Agressivo,Venezuela
158744,Google Ads,2024-09-18,Não Convertido,,0.0,Agressivo,Tuvalu
158745,TikTok,2024-09-16,Não Convertido,,0.0,Moderado,Guam
158746,Indicação,2024-09-21,Não Convertido,,0.0,Agressivo,Guatemala
158747,E-mail Marketing,2024-09-20,Não Convertido,,0.0,Moderado,Yemen
158748,Orgânico,2024-09-17,Não Convertido,,0.0,Moderado,Jordan
158749,YouTube Ads,2024-09-16,Não Convertido,,0.0,Conservador,Gibraltar
158750,Orgânico,2024-09-18,Não Convertido,,0.0,Conservador,Romania
158751,Facebook,2024-09-21,Convertido,16.0,6515.91,Desconhecido,Niger
158752,TikTok,2024-09-18,Não Convertido,,0.0,Desconhecido,Holy See (Vatican City State)
158753,E-mail Marketing,2024-09-19,Não Convertido,,0.0,Moderado,Dominican Republic
158754,TikTok,2024-09-19,Não Convertido,,0.0,Moderado,Iran
158755,Instagram,2024-09-16,Não Convertido,,0.0,Moderado,Greenland
158756,YouTube Ads,2024-09-21,Não Convertido,,0.0,Conservador,Falkland Islands (Malvinas)
158757,WhatsApp,2024-09-18,Não Convertido,,0.0,Moderado,Cuba
158758,Instagram,2024-09-18,Não Convertido,,0.0,Moderado,Kazakhstan
158759,Indicação,2024-09-20,Não Convertido,,0.0,Conservador,Belize
158760,Facebook,2024-09-19,Não Convertido,,0.0,Moderado,Palau
158761,TikTok,2024-09-16,Não Convertido,,0.0,Agressivo,Saint Vincent and the Grenadines
158762,TikTok,2024-09-21,Não Convertido,,0.0,Agressivo,Sweden
158763,Instagram,2024-09-17,Não Convertido,,0.0,Conservador,North Macedonia
158764,Orgânico,2024-09-17,Não Convertido,,0.0,Agressivo,Costa Rica
158765,Orgânico,2024-09-16,Não Convertido,,0.0,Agressivo,Burkina Faso
158766,WhatsApp,2024-09-21,Não Convertido,,0.0,Conservador,Honduras
158767,Facebook,2024-09-20,Convertido,12.0,4000.62,Moderado,Palestinian Territory
158768,Orgânico,2024-09-18,Não Convertido,,0.0,Agressivo,Guatemala
158769,YouTube Ads,2024-09-18,Não Convertido,,0.0,Moderado,India
158770,Google Ads,2024-09-16,Convertido,26.0,9822.81,Agressivo,Paraguay
158771,Google Ads,2024-09-18,Não Convertido,,0.0,Agressivo,Cayman Islands
158772,E-mail Marketing,2024-09-16,Não Convertido,,0.0,Agressivo,Svalbard & Jan Mayen Islands
158773,E-mail Marketing,2024-09-16,Não Convertido,,0.0,Moderado,Mauritius
158774,Facebook,2024-09-21,Não Convertido,,0.0,Agressivo,Finland
158775,Orgânico,2024-09-21,Não Convertido,,0.0,Moderado,Congo
158776,E-mail Marketing,2024-09-21,Não Convertido,,0.0,Moderado,Iceland
158777,Google Ads,2024-09-19,Não Convertido,,0.0,Agressivo,Antarctica (the territory South of 60 deg S)
158778,WhatsApp,2024-09-21,Não Convertido,,0.0,Moderado,Qatar
158779,Orgânico,2024-09-18,Não Convertido,,0.0,Moderado,Saint Pierre and Miquelon
158780,TikTok,2024-09-16,Não Convertido,,0.0,Desconhecido,Singapore
158781,TikTok,2024-09-17,Não Convertido,,0.0,Moderado,Zimbabwe
158782,E-mail Marketing,2024-09-21,Não Convertido,,0.0,Moderado,Saint Helena
158783,TikTok,2024-09-18,Não Convertido,,0.0,Agressivo,Marshall Islands
158784,TikTok,2024-09-20,Não Convertido,,0.0,Conservador,Bouvet Island (Bouvetoya)
158785,Instagram,2024-09-17,Não Convertido,,0.0,Moderado,Portugal
158786,Facebook,2024-09-16,Não Convertido,,0.0,Conservador,Gabon
158787,YouTube Ads,2024-09-16,Não Convertido,,0.0,Moderado,Bahrain
158788,Facebook,2024-09-18,Não Convertido,,0.0,Moderado,Zimbabwe
158789,TikTok,2024-09-19,Não Convertido,,0.0,Conservador,Somalia
158790,Instagram,2024-09-18,Não Convertido,,0.0,Conservador,Antigua and Barbuda
158791,YouTube Ads,2024-09-21,Não Convertido,,0.0,Moderado,Reunion
158792,WhatsApp,2024-09-17,Não Convertido,,0.0,Desconhecido,Guinea-Bissau
158793,Google Ads,2024-09-19,Não Convertido,,0.0,Conservador,Tanzania
158794,E-mail Marketing,2024-09-18,Não Convertido,,0.0,Moderado,Kuwait
158795,Google Ads,2024-09-21,Não Convertido,,0.0,Moderado,Ethiopia
158796,Google Ads,2024-09-18,Não Convertido,,0.0,Moderado,Micronesia
158797,E-mail Marketing,2024-09-21,Não Convertido,,0.0,Desconhecido,United Kingdom
158798,Orgânico,2024-09-21,Não Convertido,,0.0,Agressivo,Cote d'Ivoire
158799,Orgânico,2024-09-17,Não Convertido,,0.0,Moderado,Martinique
158800,Instagram,2024-09-19,Convertido,16.0,1429.01,Agressivo,Estonia
158801,Facebook,2024-09-19,Não Convertido,,0.0,Agressivo,Jersey
158802,Orgânico,2024-09-20,Não Convertido,,0.0,Moderado,Germany
158803,YouTube Ads,2024-09-19,Não Convertido,,0.0,Moderado,Qatar
158804,TikTok,2024-09-20,Não Convertido,,0.0,Moderado,Togo
158805,E-mail Marketing,2024-09-16,Não Convertido,,0.0,Moderado,Qatar
158806,Google Ads,2024-09-17,Não Convertido,,0.0,Desconhecido,Holy See (Vatican City State)
158807,Instagram,2024-09-18,Não Convertido,,0.0,Agressivo,Venezuela
158808,Orgânico,2024-09-21,Não Convertido,,0.0,Moderado,Iceland
158809,Orgânico,2024-09-17,Não Convertido,,0.0,Moderado,Pitcairn Islands
158810,TikTok,2024-09-17,Não Convertido,,0.0,Moderado,Cambodia
158811,WhatsApp,2024-09-18,Não Convertido,,0.0,Agressivo,Sri Lanka
158812,Orgânico,2024-09-16,Não Convertido,,0.0,Moderado,Guatemala
158813,WhatsApp,2024-09-20,Não Convertido,,0.0,Agressivo,Iraq
158814,TikTok,2024-09-19,Não Convertido,,0.0,Agressivo,Aruba
158815,YouTube Ads,2024-09-21,Não Convertido,,0.0,Agressivo,Mauritania
158816,Instagram,2024-09-16,Não Convertido,,0.0,Moderado,Korea
158817,Instagram,2024-09-21,Não Convertido,,0.0,Moderado,Estonia
158818,WhatsApp,2024-09-16,Não Convertido,,0.0,Desconhecido,Brazil
158819,TikTok,2024-09-19,Não Convertido,,0.0,Agressivo,Bangladesh
158820,Instagram,2024-09-17,Não Convertido,,0.0,Agressivo,Benin
158821,Orgânico,2024-09-16,Não Convertido,,0.0,Agressivo,Turkey
158822,WhatsApp,2024-09-17,Não Convertido,,0.0,Agressivo,Malaysia
158823,TikTok,2024-09-21,Não Convertido,,0.0,Agressivo,Ethiopia
158824,TikTok,2024-09-20,Não Convertido,,0.0,Agressivo,Ireland
158825,Orgânico,2024-09-21,Não Convertido,,0.0,Agressivo,Montenegro
158826,Orgânico,2024-09-20,Não Convertido,,0.0,Moderado,Seychelles
158827,TikTok,2024-09-20,Não Convertido,,0.0,Moderado,Sweden
158828,Instagram,2024-09-18,Não Convertido,,0.0,Conservador,Heard Island and McDonald Islands
158829,Orgânico,2024-09-20,Não Convertido,,0.0,Moderado,Mauritania
158830,Facebook,2024-09-20,Não Convertido,,0.0,Conservador,Peru
158831,TikTok,2024-09-17,Não Convertido,,0.0,Moderado,Falkland Islands (Malvinas)
158832,YouTube Ads,2024-09-20,Não Convertido,,0.0,Agressivo,Equatorial Guinea
158833,Google Ads,2024-09-20,Não Convertido,,0.0,Agressivo,Palestinian Territory
158834,Google Ads,2024-09-17,Não Convertido,,0.0,Moderado,Zimbabwe
158835,Facebook,2024-09-21,Não Convertido,,0.0,Desconhecido,North Macedonia
158836,WhatsApp,2024-09-16,Não Convertido,,0.0,Agressivo,Croatia
158837,YouTube Ads,2024-09-20,Não Convertido,,0.0,Moderado,Qatar
158838,Facebook,2024-09-19,Não Convertido,,0.0,Desconhecido,Benin
158839,E-mail Marketing,2024-09-20,Não Convertido,,0.0,Agressivo,Bahrain
158840,Orgânico,2024-09-20,Não Convertido,,0.0,Agressivo,Australia
158841,TikTok,2024-09-21,Não Convertido,,0.0,Conservador,British Indian Ocean Territory (Chagos Archipelago)
158842,Orgânico,2024-09-21,Não Convertido,,0.0,Moderado,Peru
158843,YouTube Ads,2024-09-18,Não Convertido,,0.0,Moderado,Saint Martin
158844,Orgânico,2024-09-17,Não Convertido,,0.0,Conservador,Armenia
158845,Facebook,2024-09-20,Não Convertido,,0.0,Desconhecido,United States of America
158846,Facebook,2024-09-18,Não Convertido,,0.0,Moderado,Liberia
158847,Google Ads,2024-09-21,Não Convertido,,0.0,Agressivo,Saint Vincent and the Grenadines
158848,Facebook,2024-09-19,Não Convertido,,0.0,Agressivo,Pitcairn Islands
158849,Indicação,2024-09-17,Não Convertido,,0.0,Conservador,Nigeria
158850,Google Ads,2024-09-19,Não Convertido,,0.0,Agressivo,Micronesia
158851,E-mail Marketing,2024-09-20,Não Convertido,,0.0,Conservador,Turks and Caicos Islands
158852,TikTok,2024-09-17,Não Convertido,,0.0,Conservador,Nigeria
158853,Instagram,2024-09-17,Não Convertido,,0.0,Agressivo,Azerbaijan
158854,Orgânico,2024-09-18,Não Convertido,,0.0,Moderado,Ecuador
158855,E-mail Marketing,2024-09-20,Não Convertido,,0.0,Conservador,Bahrain
158856,Facebook,2024-09-18,Não Convertido,,0.0,Moderado,Jamaica
158857,Instagram,2024-09-20,Não Convertido,,0.0,Moderado,Iraq
158858,Instagram,2024-09-17,Não Convertido,,0.0,Agressivo,Honduras
158859,Orgânico,2024-09-18,Não Convertido,,0.0,Desconhecido,China
158860,Google Ads,2024-09-21,Não Convertido,,0.0,Moderado,Benin
158861,Orgânico,2024-09-20,Não Convertido,,0.0,Desconhecido,Vanuatu
158862,Orgânico,2024-09-16,Não Convertido,,0.0,Conservador,Ireland
158863,YouTube Ads,2024-09-16,Não Convertido,,0.0,Moderado,Guinea-Bissau
158864,Orgânico,2024-09-17,Não Convertido,,0.0,Desconhecido,Saint Helena
158865,WhatsApp,2024-09-20,Não Convertido,,0.0,Moderado,Korea
158866,WhatsApp,2024-09-20,Não Convertido,,0.0,Conservador,Christmas Island
158867,TikTok,2024-09-21,Não Convertido,,0.0,Conservador,Italy
158868,YouTube Ads,2024-09-20,Não Convertido,,0.0,Moderado,French Guiana
158869,Orgânico,2024-09-19,Não Convertido,,0.0,Agressivo,Croatia
158870,Indicação,2024-09-18,Não Convertido,,0.0,Moderado,Niue
158871,Orgânico,2024-09-21,Não Convertido,,0.0,Moderado,Mongolia
158872,Orgânico,2024-09-17,Não Convertido,,0.0,Moderado,Tajikistan
158873,Orgânico,2024-09-17,Não Convertido,,0.0,Conservador,Netherlands
158874,E-mail Marketing,2024-09-17,Não Convertido,,0.0,Agressivo,Paraguay
158875,WhatsApp,2024-09-16,Não Convertido,,0.0,Desconhecido,Jordan
158876,E-mail Marketing,2024-09-17,Não Convertido,,0.0,Conservador,United States Minor Outlying Islands
158877,TikTok,2024-09-18,Não Convertido,,0.0,Moderado,Uzbekistan
158878,Facebook,2024-09-21,Não Convertido,,0.0,Moderado,Togo
158879,TikTok,2024-09-20,Não Convertido,,0.0,Agressivo,Bosnia and Herzegovina
158880,Orgânico,2024-09-21,Não Convertido,,0.0,Moderado,Sri Lanka
158881,Facebook,2024-09-18,Não Convertido,,0.0,Moderado,Wallis and Futuna
158882,Google Ads,2024-09-16,Não Convertido,,0.0,Agressivo,Australia
158883,WhatsApp,2024-09-20,Não Convertido,,0.0,Conservador,Canada
158884,TikTok,2024-09-17,Não Convertido,,0.0,Agressivo,Sao Tome and Principe
158885,Google Ads,2024-09-17,Não Convertido,,0.0,Conservador,Afghanistan
158886,Google Ads,2024-09-16,Não Convertido,,0.0,Moderado,Burundi
158887,E-mail Marketing,2024-09-20,Não Convertido,,0.0,Agressivo,Oman
158888,Orgânico,2024-09-20,Não Convertido,,0.0,Moderado,Timor-Leste
158889,TikTok,2024-09-21,Não Convertido,,0.0,Moderado,Albania
158890,Orgânico,2024-09-18,Não Convertido,,0.0,Conservador,Japan
158891,Orgânico,2024-09-21,Não Convertido,,0.0,Moderado,Israel
158892,Orgânico,2024-09-21,Não Convertido,,0.0,Conservador,Trinidad and Tobago
158893,E-mail Marketing,2024-09-16,Não Convertido,,0.0,Conservador,Colombia
158894,Google Ads,2024-09-16,Não Convertido,,0.0,Moderado,Malaysia
158895,E-mail Marketing,2024-09-20,Não Convertido,,0.0,Conservador,Finland
158896,E-mail Marketing,2024-09-19,Não Convertido,,0.0,Conservador,Italy
158897,WhatsApp,2024-09-17,Não Convertido,,0.0,Desconhecido,Kiribati
158898,Indicação,2024-09-20,Não Convertido,,0.0,Desconhecido,Seychelles
158899,WhatsApp,2024-09-20,Não Convertido,,0.0,Agressivo,Liberia
158900,Orgânico,2024-09-19,Não Convertido,,0.0,Moderado,Faroe Islands
158901,E-mail Marketing,2024-09-18,Não Convertido,,0.0,Moderado,Maldives
158902,E-mail Marketing,2024-09-17,Não Convertido,,0.0,Moderado,Jersey
158903,YouTube Ads,2024-09-19,Não Convertido,,0.0,Moderado,Andorra
158904,TikTok,2024-09-20,Não Convertido,,0.0,Agressivo,Sri Lanka
158905,Facebook,2024-09-20,Não Convertido,,0.0,Agressivo,Bouvet Island (Bouvetoya)
158906,Google Ads,2024-09-21,Não Convertido,,0.0,Agressivo,Anguilla
158907,Instagram,2024-09-20,Não Convertido,,0.0,Agressivo,Gibraltar
158908,TikTok,2024-09-16,Não Convertido,,0.0,Desconhecido,Liberia
158909,Facebook,2024-09-18,Não Convertido,,0.0,Conservador,South Georgia and the South Sandwich Islands
158910,Instagram,2024-09-18,Não Convertido,,0.0,Moderado,Oman
158911,TikTok,2024-09-20,Não Convertido,,0.0,Desconhecido,Haiti
158912,Google Ads,2024-09-17,Não Convertido,,0.0,Conservador,Congo
158913,Orgânico,2024-09-16,Não Convertido,,0.0,Conservador,Moldova
158914,Orgânico,2024-09-17,Não Convertido,,0.0,Moderado,Paraguay
158915,Orgânico,2024-09-21,Não Convertido,,0.0,Moderado,American Samoa
158916,Instagram,2024-09-19,Não Convertido,,0.0,Agressivo,Jamaica
158917,Orgânico,2024-09-20,Convertido,0.0,472.38,Moderado,Dominican Republic
158918,TikTok,2024-09-20,Não Convertido,,0.0,Agressivo,Azerbaijan
158919,TikTok,2024-09-18,Não Convertido,,0.0,Desconhecido,Falkland Islands (Malvinas)
158920,TikTok,2024-09-17,Convertido,19.0,6428.93,Agressivo,Niger
158921,Facebook,2024-09-21,Não Convertido,,0.0,Conservador,Saint Barthelemy
158922,TikTok,2024-09-16,Convertido,7.0,5103.0,Conservador,Norway
158923,E-mail Marketing,2024-09-16,Não Convertido,,0.0,Moderado,Tajikistan
158924,Indicação,2024-09-20,Não Convertido,,0.0,Moderado,Sudan
158925,TikTok,2024-09-18,Não Convertido,,0.0,Conservador,Ukraine
158926,E-mail Marketing,2024-09-20,Não Convertido,,0.0,Conservador,Brazil
158927,YouTube Ads,2024-09-20,Não Convertido,,0.0,Moderado,Gabon
158928,Google Ads,2024-09-18,Não Convertido,,0.0,Conservador,Brazil
158929,Instagram,2024-09-21,Não Convertido,,0.0,Moderado,Colombia
158930,YouTube Ads,2024-09-17,Não Convertido,,0.0,Agressivo,Chad
158931,E-mail Marketing,2024-09-19,Não Convertido,,0.0,Moderado,India
158932,E-mail Marketing,2024-09-20,Não Convertido,,0.0,Moderado,Belgium
158933,YouTube Ads,2024-09-20,Não Convertido,,0.0,Moderado,India
158934,TikTok,2024-09-21,Não Convertido,,0.0,Conservador,Norway
158935,E-mail Marketing,2024-09-19,Não Convertido,,0.0,Agressivo,Macao
158936,E-mail Marketing,2024-09-16,Não Convertido,,0.0,Agressivo,Puerto Rico
158937,TikTok,2024-09-16,Não Convertido,,0.0,Moderado,El Salvador
158938,Orgânico,2024-09-21,Não Convertido,,0.0,Moderado,Kyrgyz Republic
158939,WhatsApp,2024-09-20,Não Convertido,,0.0,Agressivo,Belarus
158940,Facebook,2024-09-17,Não Convertido,,0.0,Conservador,Dominica
158941,YouTube Ads,2024-09-16,Não Convertido,,0.0,Conservador,Vanuatu
158942,TikTok,2024-09-19,Não Convertido,,0.0,Agressivo,Micronesia
158943,Orgânico,2024-09-20,Não Convertido,,0.0,Moderado,Equatorial Guinea
158944,E-mail Marketing,2024-09-20,Não Convertido,,0.0,Agressivo,Hong Kong
158945,Instagram,2024-09-18,Não Convertido,,0.0,Conservador,Zambia
158946,WhatsApp,2024-09-20,Não Convertido,,0.0,Agressivo,Lao People's Democratic Republic
158947,Indicação,2024-09-18,Não Convertido,,0.0,Moderado,Angola
158948,Instagram,2024-09-18,Não Convertido,,0.0,Moderado,Afghanistan
158949,Indicação,2024-09-21,Não Convertido,,0.0,Conservador,Tajikistan
158950,Orgânico,2024-09-20,Não Convertido,,0.0,Conservador,Solomon Islands
158951,Instagram,2024-09-19,Não Convertido,,0.0,Moderado,Saint Helena
158952,YouTube Ads,2024-09-20,Não Convertido,,0.0,Moderado,Faroe Islands
158953,Orgânico,2024-09-19,Não Convertido,,0.0,Agressivo,Ireland
158954,E-mail Marketing,2024-09-20,Não Convertido,,0.0,Desconhecido,Panama
158955,YouTube Ads,2024-09-20,Não Convertido,,0.0,Agressivo,Kyrgyz Republic
158956,Orgânico,2024-09-18,Não Convertido,,0.0,Agressivo,Serbia
158957,Instagram,2024-09-17,Não Convertido,,0.0,Moderado,Gibraltar
158958,YouTube Ads,2024-09-18,Não Convertido,,0.0,Conservador,Malaysia
158959,Orgânico,2024-09-19,Não Convertido,,0.0,Conservador,Iceland
158960,Facebook,2024-09-19,Não Convertido,,0.0,Agressivo,Holy See (Vatican City State)
158961,WhatsApp,2024-09-16,Não Convertido,,0.0,Conservador,Papua New Guinea
158962,E-mail Marketing,2024-09-19,Não Convertido,,0.0,Agressivo,Madagascar
158963,E-mail Marketing,2024-09-19,Não Convertido,,0.0,Agressivo,Ethiopia
158964,YouTube Ads,2024-09-21,Não Convertido,,0.0,Moderado,Romania
158965,Indicação,2024-09-20,Não Convertido,,0.0,Agressivo,Liechtenstein
158966,TikTok,2024-09-16,Não Convertido,,0.0,Agressivo,Australia
158967,Facebook,2024-09-21,Não Convertido,,0.0,Moderado,Myanmar
158968,TikTok,2024-09-18,Não Convertido,,0.0,Agressivo,Ireland
158969,Orgânico,2024-09-20,Não Convertido,,0.0,Agressivo,Ghana
158970,TikTok,2024-09-21,Não Convertido,,0.0,Agressivo,French Polynesia
158971,E-mail Marketing,2024-09-20,Não Convertido,,0.0,Moderado,Iraq
158972,TikTok,2024-09-17,Não Convertido,,0.0,Agressivo,El Salvador
158973,YouTube Ads,2024-09-20,Não Convertido,,0.0,Agressivo,Nicaragua
158974,Instagram,2024-09-20,Não Convertido,,0.0,Agressivo,United States of America
158975,E-mail Marketing,2024-09-20,Não Convertido,,0.0,Conservador,Ukraine
158976,TikTok,2024-09-21,Não Convertido,,0.0,Agressivo,Rwanda
158977,Facebook,2024-09-20,Não Convertido,,0.0,Moderado,Libyan Arab Jamahiriya
158978,Google Ads,2024-09-21,Não Convertido,,0.0,Conservador,Martinique
158979,Facebook,2024-09-16,Não Convertido,,0.0,Moderado,Maldives
158980,WhatsApp,2024-09-17,Não Convertido,,0.0,Moderado,Slovenia
158981,Instagram,2024-09-18,Não Convertido,,0.0,Moderado,Belgium
158982,Google Ads,2024-09-16,Não Convertido,,0.0,Agressivo,Papua New Guinea
158983,Facebook,2024-09-16,Não Convertido,,0.0,Moderado,Portugal
158984,Orgânico,2024-09-19,Não Convertido,,0.0,Desconhecido,Qatar
158985,Instagram,2024-09-19,Não Convertido,,0.0,Moderado,Cocos (Keeling) Islands
158986,Facebook,2024-09-21,Não Convertido,,0.0,Moderado,Estonia
158987,Instagram,2024-09-21,Não Convertido,,0.0,Agressivo,Turkmenistan
158988,Orgânico,2024-09-21,Não Convertido,,0.0,Agressivo,Saint Martin
158989,WhatsApp,2024-09-18,Não Convertido,,0.0,Agressivo,Isle of Man
158990,Facebook,2024-09-20,Não Convertido,,0.0,Moderado,Guatemala
158991,Instagram,2024-09-17,Não Convertido,,0.0,Agressivo,Barbados
158992,Facebook,2024-09-19,Não Convertido,,0.0,Agressivo,Belgium
158993,YouTube Ads,2024-09-18,Não Convertido,,0.0,Moderado,Mozambique
158994,Orgânico,2024-09-19,Não Convertido,,0.0,Moderado,Macao
158995,E-mail Marketing,2024-09-17,Não Convertido,,0.0,Desconhecido,Montserrat
158996,E-mail Marketing,2024-09-16,Não Convertido,,0.0,Agressivo,South Georgia and the South Sandwich Islands
158997,E-mail Marketing,2024-09-21,Não Convertido,,0.0,Conservador,British Indian Ocean Territory (Chagos Archipelago)
158998,WhatsApp,2024-09-21,Não Convertido,,0.0,Desconhecido,Saint Pierre and Miquelon
158999,TikTok,2024-09-20,Não Convertido,,0.0,Agressivo,Tokelau
159000,Instagram,2024-09-20,Não Convertido,,0.0,Moderado,Czech Republic
159001,TikTok,2024-09-19,Convertido,4.0,2008.76,Desconhecido,Mauritania
159002,Orgânico,2024-09-21,Convertido,24.0,1046.0,Agressivo,Afghanistan
159003,Orgânico,2024-09-19,Não Convertido,,0.0,Moderado,Cocos (Keeling) Islands
159004,Indicação,2024-09-17,Convertido,25.0,3055.86,Desconhecido,Palestinian Territory
159005,WhatsApp,2024-09-18,Não Convertido,,0.0,Conservador,United Arab Emirates
159006,Instagram,2024-09-16,Não Convertido,,0.0,Moderado,Djibouti
159007,YouTube Ads,2024-09-20,Convertido,18.0,7629.4,Conservador,Philippines
159008,WhatsApp,2024-09-20,Não Convertido,,0.0,Moderado,Syrian Arab Republic
159009,Facebook,2024-09-17,Não Convertido,,0.0,Agressivo,Somalia
159010,E-mail Marketing,2024-09-21,Não Convertido,,0.0,Conservador,Oman
159011,Google Ads,2024-09-19,Não Convertido,,0.0,Desconhecido,Czech Republic
159012,Instagram,2024-09-17,Não Convertido,,0.0,Conservador,Norway
159013,TikTok,2024-09-17,Não Convertido,,0.0,Conservador,Saudi Arabia
159014,YouTube Ads,2024-09-17,Não Convertido,,0.0,Desconhecido,Netherlands
159015,E-mail Marketing,2024-09-19,Não Convertido,,0.0,Conservador,Central African Republic
159016,TikTok,2024-09-19,Não Convertido,,0.0,Moderado,Gambia
159017,WhatsApp,2024-09-19,Não Convertido,,0.0,Agressivo,Philippines
159018,TikTok,2024-09-21,Não Convertido,,0.0,Agressivo,French Guiana
159019,WhatsApp,2024-09-20,Não Convertido,,0.0,Moderado,Egypt
159020,Orgânico,2024-09-17,Não Convertido,,0.0,Agressivo,Chile
159021,E-mail Marketing,2024-09-21,Não Convertido,,0.0,Agressivo,Ukraine
159022,Google Ads,2024-09-17,Não Convertido,,0.0,Agressivo,Equatorial Guinea
159023,TikTok,2024-09-16,Não Convertido,,0.0,Moderado,Saint Pierre and Miquelon
159024,Indicação,2024-09-18,Não Convertido,,0.0,Agressivo,Burundi
159025,YouTube Ads,2024-09-20,Não Convertido,,0.0,Desconhecido,Saint Kitts and Nevis
159026,Instagram,2024-09-17,Não Convertido,,0.0,Agressivo,San Marino
159027,Facebook,2024-09-20,Não Convertido,,0.0,Moderado,Romania
159028,TikTok,2024-09-17,Não Convertido,,0.0,Agressivo,Turkmenistan
159029,WhatsApp,2024-09-18,Não Convertido,,0.0,Conservador,Saint Barthelemy
159030,YouTube Ads,2024-09-16,Não Convertido,,0.0,Agressivo,Bahamas
159031,Facebook,2024-09-17,Não Convertido,,0.0,Agressivo,Kuwait
159032,Instagram,2024-09-18,Não Convertido,,0.0,Moderado,United Arab Emirates
159033,E-mail Marketing,2024-09-19,Não Convertido,,0.0,Agressivo,Switzerland
159034,Facebook,2024-09-19,Não Convertido,,0.0,Agressivo,Iran
159035,Google Ads,2024-09-20,Não Convertido,,0.0,Desconhecido,Iran
159036,Facebook,2024-09-16,Não Convertido,,0.0,Agressivo,Saint Martin
159037,Orgânico,2024-09-21,Não Convertido,,0.0,Moderado,Tuvalu
159038,Facebook,2024-09-20,Não Convertido,,0.0,Agressivo,Uganda
159039,TikTok,2024-09-19,Não Convertido,,0.0,Moderado,Kazakhstan
159040,Indicação,2024-09-18,Não Convertido,,0.0,Conservador,Liberia
159041,Google Ads,2024-09-18,Não Convertido,,0.0,Conservador,Canada
159042,Instagram,2024-09-19,Não Convertido,,0.0,Conservador,Malaysia
159043,Orgânico,2024-09-18,Não Convertido,,0.0,Conservador,United States of America
159044,Orgânico,2024-09-20,Não Convertido,,0.0,Agressivo,Samoa
159045,YouTube Ads,2024-09-16,Não Convertido,,0.0,Moderado,Dominica
159046,E-mail Marketing,2024-09-19,Não Convertido,,0.0,Moderado,Bouvet Island (Bouvetoya)
159047,Facebook,2024-09-20,Não Convertido,,0.0,Moderado,Israel
159048,Indicação,2024-09-17,Não Convertido,,0.0,Moderado,India
159049,TikTok,2024-09-16,Não Convertido,,0.0,Agressivo,Haiti
159050,WhatsApp,2024-09-18,Não Convertido,,0.0,Agressivo,Zimbabwe
159051,YouTube Ads,2024-09-18,Não Convertido,,0.0,Moderado,Nepal
159052,Indicação,2024-09-20,Não Convertido,,0.0,Desconhecido,Guam
159053,Instagram,2024-09-16,Não Convertido,,0.0,Agressivo,Malta
159054,YouTube Ads,2024-09-19,Não Convertido,,0.0,Agressivo,Belize
159055,YouTube Ads,2024-09-17,Não Convertido,,0.0,Agressivo,Latvia
159056,E-mail Marketing,2024-09-20,Não Convertido,,0.0,Moderado,French Polynesia
159057,TikTok,2024-09-17,Não Convertido,,0.0,Conservador,Guinea-Bissau
159058,Google Ads,2024-09-18,Não Convertido,,0.0,Agressivo,Montserrat
159059,Instagram,2024-09-18,Não Convertido,,0.0,Agressivo,Guadeloupe
159060,Google Ads,2024-09-21,Não Convertido,,0.0,Moderado,Guadeloupe
159061,Google Ads,2024-09-20,Não Convertido,,0.0,Moderado,Burkina Faso
159062,Instagram,2024-09-16,Não Convertido,,0.0,Agressivo,British Virgin Islands
159063,Orgânico,2024-09-17,Não Convertido,,0.0,Desconhecido,Finland
159064,TikTok,2024-09-16,Não Convertido,,0.0,Agressivo,American Samoa
159065,Orgânico,2024-09-20,Não Convertido,,0.0,Moderado,Nepal
159066,Facebook,2024-09-19,Não Convertido,,0.0,Moderado,Wallis and Futuna
159067,TikTok,2024-09-17,Não Convertido,,0.0,Moderado,Italy
159068,E-mail Marketing,2024-09-20,Não Convertido,,0.0,Moderado,Turkmenistan
159069,Orgânico,2024-09-17,Não Convertido,,0.0,Moderado,Lao People's Democratic Republic
159070,Instagram,2024-09-21,Não Convertido,,0.0,Agressivo,Lithuania
159071,Google Ads,2024-09-20,Não Convertido,,0.0,Conservador,French Guiana
159072,Orgânico,2024-09-18,Não Convertido,,0.0,Moderado,Heard Island and McDonald Islands
159073,TikTok,2024-09-20,Não Convertido,,0.0,Conservador,Mali
159074,Instagram,2024-09-16,Não Convertido,,0.0,Agressivo,Bermuda
159075,YouTube Ads,2024-09-16,Não Convertido,,0.0,Agressivo,Nicaragua
159076,E-mail Marketing,2024-09-19,Não Convertido,,0.0,Moderado,France
159077,Google Ads,2024-09-18,Não Convertido,,0.0,Desconhecido,Cote d'Ivoire
159078,Indicação,2024-09-16,Não Convertido,,0.0,Desconhecido,Vietnam
159079,Orgânico,2024-09-19,Não Convertido,,0.0,Agressivo,Romania
159080,Orgânico,2024-09-20,Não Convertido,,0.0,Conservador,Faroe Islands
159081,WhatsApp,2024-09-21,Não Convertido,,0.0,Agressivo,Somalia
159082,Google Ads,2024-09-16,Não Convertido,,0.0,Moderado,Puerto Rico
159083,Google Ads,2024-09-18,Não Convertido,,0.0,Agressivo,Botswana
159084,Instagram,2024-09-18,Não Convertido,,0.0,Moderado,Suriname
159085,Instagram,2024-09-16,Não Convertido,,0.0,Agressivo,Northern Mariana Islands
159086,E-mail Marketing,2024-09-16,Não Convertido,,0.0,Desconhecido,Svalbard & Jan Mayen Islands
159087,YouTube Ads,2024-09-18,Convertido,14.0,4198.56,Moderado,Angola
159088,Instagram,2024-09-16,Não Convertido,,0.0,Moderado,Bahrain
159089,Facebook,2024-09-18,Não Convertido,,0.0,Moderado,Bhutan
159090,YouTube Ads,2024-09-18,Não Convertido,,0.0,Moderado,Cote d'Ivoire
159091,Instagram,2024-09-20,Não Convertido,,0.0,Moderado,Grenada
159092,TikTok,2024-09-18,Não Convertido,,0.0,Moderado,Christmas Island
159093,Facebook,2024-09-16,Não Convertido,,0.0,Conservador,Lesotho
159094,Instagram,2024-09-19,Não Convertido,,0.0,Moderado,Estonia
159095,Orgânico,2024-09-18,Não Convertido,,0.0,Moderado,Netherlands Antilles
159096,Orgânico,2024-09-18,Não Convertido,,0.0,Moderado,Romania
159097,E-mail Marketing,2024-09-21,Não Convertido,,0.0,Conservador,France
159098,TikTok,2024-09-18,Não Convertido,,0.0,Moderado,French Southern Territories
159099,Orgânico,2024-09-18,Não Convertido,,0.0,Agressivo,Israel
159100,TikTok,2024-09-17,Não Convertido,,0.0,Moderado,Lao People's Democratic Republic
159101,Google Ads,2024-09-19,Não Convertido,,0.0,Agressivo,Kazakhstan
159102,E-mail Marketing,2024-09-19,Não Convertido,,0.0,Moderado,Romania
159103,Instagram,2024-09-20,Não Convertido,,0.0,Moderado,Malawi
159104,Instagram,2024-09-18,Não Convertido,,0.0,Conservador,Egypt
159105,WhatsApp,2024-09-19,Não Convertido,,0.0,Desconhecido,American Samoa
159106,TikTok,2024-09-21,Não Convertido,,0.0,Moderado,Afghanistan
159107,E-mail Marketing,2024-09-18,Não Convertido,,0.0,Conservador,Saint Lucia
159108,Google Ads,2024-09-20,Não Convertido,,0.0,Desconhecido,Libyan Arab Jamahiriya
159109,E-mail Marketing,2024-09-21,Não Convertido,,0.0,Moderado,Uganda
159110,Google Ads,2024-09-21,Não Convertido,,0.0,Conservador,Guam
159111,Facebook,2024-09-19,Não Convertido,,0.0,Moderado,Yemen
159112,Orgânico,2024-09-17,Não Convertido,,0.0,Conservador,Portugal
159113,Google Ads,2024-09-19,Não Convertido,,0.0,Agressivo,Singapore
159114,WhatsApp,2024-09-19,Não Convertido,,0.0,Moderado,Rwanda
159115,TikTok,2024-09-16,Não Convertido,,0.0,Agressivo,Gibraltar
159116,Google Ads,2024-09-17,Não Convertido,,0.0,Desconhecido,Benin
159117,Orgânico,2024-09-19,Não Convertido,,0.0,Moderado,Bangladesh
159118,Instagram,2024-09-19,Não Convertido,,0.0,Agressivo,Congo
159119,Facebook,2024-09-19,Convertido,17.0,7845.76,Agressivo,Nepal
159120,YouTube Ads,2024-09-20,Não Convertido,,0.0,Desconhecido,Yemen
159121,Orgânico,2024-09-16,Não Convertido,,0.0,Agressivo,Moldova
159122,YouTube Ads,2024-09-20,Não Convertido,,0.0,Conservador,Malawi
159123,Facebook,2024-09-20,Não Convertido,,0.0,Agressivo,Philippines
159124,TikTok,2024-09-16,Não Convertido,,0.0,Agressivo,Cameroon
159125,TikTok,2024-09-17,Não Convertido,,0.0,Desconhecido,Saint Vincent and the Grenadines
159126,E-mail Marketing,2024-09-16,Não Convertido,,0.0,Moderado,Taiwan
159127,YouTube Ads,2024-09-20,Convertido,0.0,4274.26,Agressivo,Ecuador
159128,Orgânico,2024-09-18,Não Convertido,,0.0,Agressivo,United States of America
159129,Google Ads,2024-09-21,Não Convertido,,0.0,Moderado,Bulgaria
159130,Orgânico,2024-09-18,Não Convertido,,0.0,Agressivo,Gambia
159131,Orgânico,2024-09-21,Não Convertido,,0.0,Moderado,Martinique
159132,YouTube Ads,2024-09-20,Não Convertido,,0.0,Moderado,Guinea
159133,TikTok,2024-09-20,Não Convertido,,0.0,Agressivo,Portugal
159134,Facebook,2024-09-21,Não Convertido,,0.0,Moderado,Nigeria
159135,TikTok,2024-09-19,Não Convertido,,0.0,Moderado,Benin
159136,E-mail Marketing,2024-09-19,Não Convertido,,0.0,Agressivo,Slovenia
159137,Instagram,2024-09-21,Não Convertido,,0.0,Moderado,Honduras
159138,Google Ads,2024-09-16,Não Convertido,,0.0,Moderado,Congo
159139,Orgânico,2024-09-19,Não Convertido,,0.0,Moderado,Guadeloupe
159140,Google Ads,2024-09-21,Não Convertido,,0.0,Moderado,Serbia
159141,Orgânico,2024-09-19,Não Convertido,,0.0,Conservador,Dominican Republic
159142,E-mail Marketing,2024-09-20,Não Convertido,,0.0,Moderado,Iceland
159143,TikTok,2024-09-17,Não Convertido,,0.0,Agressivo,Lesotho
159144,Orgânico,2024-09-17,Convertido,28.0,5145.13,Moderado,Tanzania
159145,Facebook,2024-09-16,Não Convertido,,0.0,Desconhecido,Nigeria
159146,TikTok,2024-09-20,Não Convertido,,0.0,Moderado,Mauritania
159147,TikTok,2024-09-16,Não Convertido,,0.0,Moderado,Argentina
159148,YouTube Ads,2024-09-20,Não Convertido,,0.0,Moderado,Liechtenstein
159149,YouTube Ads,2024-09-21,Não Convertido,,0.0,Conservador,Sudan
159150,Facebook,2024-09-17,Não Convertido,,0.0,Agressivo,Timor-Leste
159151,Indicação,2024-09-17,Não Convertido,,0.0,Agressivo,Estonia
159152,WhatsApp,2024-09-16,Convertido,15.0,1632.6,Agressivo,Kenya
159153,TikTok,2024-09-19,Não Convertido,,0.0,Agressivo,Hong Kong
159154,TikTok,2024-09-20,Não Convertido,,0.0,Moderado,Antarctica (the territory South of 60 deg S)
159155,Facebook,2024-09-18,Não Convertido,,0.0,Moderado,Maldives
159156,Facebook,2024-09-17,Não Convertido,,0.0,Moderado,Slovakia (Slovak Republic)
159157,E-mail Marketing,2024-09-17,Não Convertido,,0.0,Moderado,Gabon
159158,YouTube Ads,2024-09-16,Não Convertido,,0.0,Moderado,Oman
159159,Orgânico,2024-09-21,Convertido,2.0,212.52,Moderado,Egypt
159160,Instagram,2024-09-17,Não Convertido,,0.0,Agressivo,Samoa
159161,Orgânico,2024-09-21,Não Convertido,,0.0,Conservador,Hong Kong
159162,YouTube Ads,2024-09-21,Não Convertido,,0.0,Agressivo,Antigua and Barbuda
159163,Instagram,2024-09-17,Não Convertido,,0.0,Agressivo,Philippines
159164,YouTube Ads,2024-09-20,Não Convertido,,0.0,Moderado,Lithuania
159165,Facebook,2024-09-17,Não Convertido,,0.0,Desconhecido,United Arab Emirates
159166,Instagram,2024-09-16,Não Convertido,,0.0,Agressivo,Cyprus
159167,Indicação,2024-09-20,Convertido,4.0,7727.69,Agressivo,Portugal
159168,Orgânico,2024-09-21,Não Convertido,,0.0,Moderado,Pakistan
159169,TikTok,2024-09-17,Não Convertido,,0.0,Moderado,Namibia
159170,YouTube Ads,2024-09-17,Não Convertido,,0.0,Desconhecido,Montenegro
159171,Indicação,2024-09-18,Não Convertido,,0.0,Agressivo,Morocco
159172,Instagram,2024-09-18,Não Convertido,,0.0,Desconhecido,Croatia
159173,E-mail Marketing,2024-09-16,Não Convertido,,0.0,Agressivo,Bhutan
159174,Facebook,2024-09-19,Não Convertido,,0.0,Moderado,Marshall Islands
159175,YouTube Ads,2024-09-21,Não Convertido,,0.0,Agressivo,Yemen
159176,Orgânico,2024-09-18,Não Convertido,,0.0,Conservador,Senegal
159177,Instagram,2024-09-20,Não Convertido,,0.0,Agressivo,Cayman Islands
159178,WhatsApp,2024-09-20,Não Convertido,,0.0,Conservador,Panama
159179,YouTube Ads,2024-09-16,Não Convertido,,0.0,Agressivo,Nigeria
159180,E-mail Marketing,2024-09-19,Não Convertido,,0.0,Moderado,Iran
159181,E-mail Marketing,2024-09-17,Convertido,3.0,1321.06,Agressivo,Finland
159182,E-mail Marketing,2024-09-18,Não Convertido,,0.0,Conservador,Belize
159183,Orgânico,2024-09-19,Não Convertido,,0.0,Desconhecido,Peru
159184,E-mail Marketing,2024-09-20,Não Convertido,,0.0,Moderado,Kuwait
159185,TikTok,2024-09-17,Não Convertido,,0.0,Moderado,Liechtenstein
159186,Orgânico,2024-09-20,Não Convertido,,0.0,Agressivo,Gambia
159187,YouTube Ads,2024-09-17,Não Convertido,,0.0,Desconhecido,Bulgaria
159188,E-mail Marketing,2024-09-21,Não Convertido,,0.0,Moderado,Tonga
159189,E-mail Marketing,2024-09-16,Não Convertido,,0.0,Conservador,Costa Rica
159190,Instagram,2024-09-19,Não Convertido,,0.0,Moderado,Central African Republic
159191,Orgânico,2024-09-17,Não Convertido,,0.0,Moderado,Jamaica
159192,Instagram,2024-09-20,Convertido,11.0,6684.89,Conservador,Nicaragua
159193,Instagram,2024-09-16,Não Convertido,,0.0,Agressivo,Wallis and Futuna
159194,Facebook,2024-09-19,Não Convertido,,0.0,Conservador,Switzerland
159195,TikTok,2024-09-17,Não Convertido,,0.0,Moderado,Seychelles
159196,Instagram,2024-09-18,Não Convertido,,0.0,Moderado,Faroe Islands
159197,TikTok,2024-09-16,Não Convertido,,0.0,Conservador,Azerbaijan
159198,Orgânico,2024-09-21,Não Convertido,,0.0,Moderado,Seychelles
159199,Google Ads,2024-09-19,Não Convertido,,0.0,Moderado,Saint Barthelemy
159200,Facebook,2024-09-16,Não Convertido,,0.0,Moderado,Ecuador
159201,TikTok,2024-09-18,Não Convertido,,0.0,Desconhecido,Mozambique
159202,TikTok,2024-09-19,Não Convertido,,0.0,Agressivo,Latvia
159203,TikTok,2024-09-18,Não Convertido,,0.0,Moderado,Japan
159204,Orgânico,2024-09-21,Não Convertido,,0.0,Agressivo,Venezuela
159205,Instagram,2024-09-17,Não Convertido,,0.0,Agressivo,Zambia
159206,Google Ads,2024-09-19,Não Convertido,,0.0,Moderado,United States of America
159207,Facebook,2024-09-18,Não Convertido,,0.0,Moderado,Albania
159208,E-mail Marketing,2024-09-18,Não Convertido,,0.0,Desconhecido,Aruba
159209,Instagram,2024-09-18,Não Convertido,,0.0,Agressivo,Hungary
159210,WhatsApp,2024-09-18,Não Convertido,,0.0,Agressivo,Serbia
159211,E-mail Marketing,2024-09-16,Não Convertido,,0.0,Conservador,Barbados
159212,Orgânico,2024-09-19,Não Convertido,,0.0,Agressivo,Dominican Republic
159213,Facebook,2024-09-21,Não Convertido,,0.0,Moderado,Anguilla
159214,E-mail Marketing,2024-09-16,Não Convertido,,0.0,Moderado,Bangladesh
159215,TikTok,2024-09-20,Não Convertido,,0.0,Moderado,Croatia
159216,Facebook,2024-09-20,Não Convertido,,0.0,Desconhecido,Haiti
159217,E-mail Marketing,2024-09-19,Não Convertido,,0.0,Moderado,Peru
159218,Facebook,2024-09-17,Não Convertido,,0.0,Conservador,Ghana
159219,Instagram,2024-09-18,Não Convertido,,0.0,Conservador,Congo
159220,Google Ads,2024-09-19,Não Convertido,,0.0,Conservador,Sudan
159221,YouTube Ads,2024-09-20,Não Convertido,,0.0,Agressivo,Ethiopia
159222,E-mail Marketing,2024-09-18,Não Convertido,,0.0,Moderado,Brazil
159223,YouTube Ads,2024-09-16,Não Convertido,,0.0,Agressivo,Israel
159224,WhatsApp,2024-09-20,Não Convertido,,0.0,Conservador,Slovenia
159225,Instagram,2024-09-17,Não Convertido,,0.0,Agressivo,Armenia
159226,Google Ads,2024-09-21,Não Convertido,,0.0,Conservador,Mali
159227,TikTok,2024-09-17,Não Convertido,,0.0,Conservador,Libyan Arab Jamahiriya
159228,Instagram,2024-09-21,Não Convertido,,0.0,Agressivo,Sierra Leone
159229,Orgânico,2024-09-20,Não Convertido,,0.0,Moderado,Kyrgyz Republic
159230,YouTube Ads,2024-09-20,Não Convertido,,0.0,Agressivo,Tonga
159231,TikTok,2024-09-20,Não Convertido,,0.0,Moderado,Belarus
159232,Indicação,2024-09-21,Não Convertido,,0.0,Agressivo,Myanmar
159233,Instagram,2024-09-19,Não Convertido,,0.0,Moderado,Saudi Arabia
159234,Google Ads,2024-09-19,Não Convertido,,0.0,Moderado,Vanuatu
159235,E-mail Marketing,2024-09-20,Não Convertido,,0.0,Desconhecido,Czech Republic
159236,TikTok,2024-09-16,Não Convertido,,0.0,Conservador,Moldova
159237,Facebook,2024-09-20,Não Convertido,,0.0,Agressivo,Bermuda
159238,Orgânico,2024-09-18,Não Convertido,,0.0,Moderado,Kazakhstan
159239,Facebook,2024-09-19,Não Convertido,,0.0,Conservador,Nepal
159240,TikTok,2024-09-21,Não Convertido,,0.0,Agressivo,San Marino
159241,E-mail Marketing,2024-09-20,Não Convertido,,0.0,Agressivo,New Zealand
159242,Instagram,2024-09-20,Convertido,19.0,9612.26,Moderado,Nicaragua
159243,Instagram,2024-09-17,Não Convertido,,0.0,Conservador,Palau
159244,Indicação,2024-09-21,Não Convertido,,0.0,Moderado,Sudan
159245,Instagram,2024-09-19,Não Convertido,,0.0,Desconhecido,Palau
159246,Orgânico,2024-09-21,Não Convertido,,0.0,Conservador,Kenya
159247,E-mail Marketing,2024-09-16,Não Convertido,,0.0,Moderado,Iceland
159248,Google Ads,2024-09-16,Não Convertido,,0.0,Desconhecido,Kuwait
159249,Indicação,2024-09-18,Não Convertido,,0.0,Moderado,Palau
159250,TikTok,2024-09-21,Não Convertido,,0.0,Agressivo,Antarctica (the territory South of 60 deg S)
159251,Facebook,2024-09-17,Não Convertido,,0.0,Agressivo,Greece
159252,Orgânico,2024-09-21,Não Convertido,,0.0,Agressivo,Kazakhstan
159253,Facebook,2024-09-17,Não Convertido,,0.0,Conservador,Djibouti
159254,Instagram,2024-09-20,Não Convertido,,0.0,Moderado,Gambia
159255,E-mail Marketing,2024-09-21,Não Convertido,,0.0,Desconhecido,Montserrat
159256,YouTube Ads,2024-09-20,Não Convertido,,0.0,Conservador,South Georgia and the South Sandwich Islands
159257,Facebook,2024-09-20,Não Convertido,,0.0,Moderado,Tajikistan
159258,Instagram,2024-09-17,Não Convertido,,0.0,Moderado,Honduras
159259,Indicação,2024-09-21,Não Convertido,,0.0,Moderado,Faroe Islands
159260,TikTok,2024-09-19,Não Convertido,,0.0,Conservador,New Zealand
159261,Facebook,2024-09-21,Não Convertido,,0.0,Moderado,Iraq
159262,TikTok,2024-09-16,Não Convertido,,0.0,Agressivo,Iran
159263,YouTube Ads,2024-09-18,Não Convertido,,0.0,Desconhecido,Gambia
159264,Orgânico,2024-09-19,Não Convertido,,0.0,Moderado,North Macedonia
159265,Indicação,2024-09-18,Não Convertido,,0.0,Moderado,Tunisia
159266,YouTube Ads,2024-09-17,Não Convertido,,0.0,Desconhecido,Belarus
159267,Google Ads,2024-09-16,Não Convertido,,0.0,Agressivo,Greece
159268,TikTok,2024-09-16,Não Convertido,,0.0,Agressivo,Greenland
159269,Facebook,2024-09-17,Não Convertido,,0.0,Moderado,Libyan Arab Jamahiriya
159270,Orgânico,2024-09-19,Não Convertido,,0.0,Conservador,Cocos (Keeling) Islands
159271,Facebook,2024-09-20,Não Convertido,,0.0,Moderado,Papua New Guinea
159272,Instagram,2024-09-19,Não Convertido,,0.0,Moderado,Chad
159273,Google Ads,2024-09-18,Não Convertido,,0.0,Moderado,Papua New Guinea
159274,Orgânico,2024-09-19,Não Convertido,,0.0,Desconhecido,Nauru
159275,YouTube Ads,2024-09-17,Não Convertido,,0.0,Moderado,Tajikistan
159276,YouTube Ads,2024-09-20,Não Convertido,,0.0,Moderado,Nigeria
159277,Instagram,2024-09-20,Não Convertido,,0.0,Moderado,Belarus
159278,E-mail Marketing,2024-09-20,Não Convertido,,0.0,Conservador,Serbia
159279,Instagram,2024-09-19,Não Convertido,,0.0,Moderado,Papua New Guinea
159280,E-mail Marketing,2024-09-16,Não Convertido,,0.0,Moderado,Egypt
159281,E-mail Marketing,2024-09-17,Não Convertido,,0.0,Conservador,Nepal
159282,Orgânico,2024-09-19,Não Convertido,,0.0,Agressivo,Albania
159283,Orgânico,2024-09-16,Não Convertido,,0.0,Agressivo,Hungary
159284,Instagram,2024-09-18,Não Convertido,,0.0,Moderado,Oman
159285,Google Ads,2024-09-19,Não Convertido,,0.0,Conservador,Holy See (Vatican City State)
159286,Google Ads,2024-09-18,Não Convertido,,0.0,Moderado,Ukraine
159287,TikTok,2024-09-21,Não Convertido,,0.0,Moderado,Tunisia
159288,TikTok,2024-09-19,Não Convertido,,0.0,Conservador,Panama
159289,WhatsApp,2024-09-16,Não Convertido,,0.0,Moderado,Chad
159290,TikTok,2024-09-16,Não Convertido,,0.0,Conservador,Comoros
159291,Facebook,2024-09-17,Não Convertido,,0.0,Agressivo,Papua New Guinea
159292,TikTok,2024-09-19,Não Convertido,,0.0,Agressivo,Slovakia (Slovak Republic)
159293,Google Ads,2024-09-17,Não Convertido,,0.0,Moderado,Egypt
159294,E-mail Marketing,2024-09-19,Não Convertido,,0.0,Moderado,Malaysia
159295,Facebook,2024-09-18,Não Convertido,,0.0,Moderado,Oman
159296,YouTube Ads,2024-09-18,Não Convertido,,0.0,Moderado,Northern Mariana Islands
159297,Orgânico,2024-09-19,Não Convertido,,0.0,Agressivo,Cape Verde
159298,WhatsApp,2024-09-20,Não Convertido,,0.0,Agressivo,Saint Barthelemy
159299,Instagram,2024-09-19,Não Convertido,,0.0,Conservador,South Georgia and the South Sandwich Islands
159300,TikTok,2024-09-17,Não Convertido,,0.0,Conservador,Brazil
159301,YouTube Ads,2024-09-21,Não Convertido,,0.0,Agressivo,Albania
159302,Facebook,2024-09-16,Não Convertido,,0.0,Moderado,Niue
159303,TikTok,2024-09-20,Não Convertido,,0.0,Agressivo,Tajikistan
159304,WhatsApp,2024-09-17,Não Convertido,,0.0,Conservador,British Virgin Islands
159305,TikTok,2024-09-18,Não Convertido,,0.0,Conservador,Monaco
159306,YouTube Ads,2024-09-16,Convertido,11.0,5581.88,Conservador,Antigua and Barbuda
159307,Orgânico,2024-09-21,Não Convertido,,0.0,Moderado,Holy See (Vatican City State)
159308,TikTok,2024-09-21,Não Convertido,,0.0,Moderado,Canada
159309,Facebook,2024-09-18,Não Convertido,,0.0,Moderado,Falkland Islands (Malvinas)
159310,E-mail Marketing,2024-09-18,Convertido,2.0,6363.99,Moderado,Czech Republic
159311,E-mail Marketing,2024-09-20,Não Convertido,,0.0,Agressivo,Korea
159312,WhatsApp,2024-09-18,Não Convertido,,0.0,Moderado,San Marino
159313,TikTok,2024-09-20,Não Convertido,,0.0,Desconhecido,Honduras
159314,TikTok,2024-09-19,Não Convertido,,0.0,Moderado,New Caledonia
159315,Instagram,2024-09-20,Não Convertido,,0.0,Conservador,United Arab Emirates
159316,Orgânico,2024-09-20,Não Convertido,,0.0,Moderado,Guinea-Bissau
159317,Orgânico,2024-09-20,Não Convertido,,0.0,Desconhecido,Maldives
159318,Facebook,2024-09-19,Não Convertido,,0.0,Moderado,Nauru
159319,Orgânico,2024-09-20,Convertido,5.0,4853.02,Agressivo,Kenya
159320,Google Ads,2024-09-17,Não Convertido,,0.0,Conservador,Uzbekistan
159321,Orgânico,2024-09-19,Convertido,15.0,135.84,Conservador,Gibraltar
159322,Orgânico,2024-09-20,Não Convertido,,0.0,Agressivo,Switzerland
159323,Indicação,2024-09-21,Não Convertido,,0.0,Agressivo,South Georgia and the South Sandwich Islands
159324,Google Ads,2024-09-19,Não Convertido,,0.0,Conservador,Italy
159325,Instagram,2024-09-20,Não Convertido,,0.0,Moderado,Spain
159326,Instagram,2024-09-16,Não Convertido,,0.0,Moderado,Dominican Republic
159327,Instagram,2024-09-21,Não Convertido,,0.0,Conservador,South Georgia and the South Sandwich Islands
159328,Google Ads,2024-09-20,Não Convertido,,0.0,Desconhecido,Australia
159329,Google Ads,2024-09-16,Não Convertido,,0.0,Conservador,El Salvador
159330,Orgânico,2024-09-16,Não Convertido,,0.0,Moderado,Macao
159331,TikTok,2024-09-18,Não Convertido,,0.0,Conservador,Fiji
159332,Orgânico,2024-09-17,Não Convertido,,0.0,Agressivo,Serbia
159333,Instagram,2024-09-17,Não Convertido,,0.0,Moderado,Saudi Arabia
159334,YouTube Ads,2024-09-17,Não Convertido,,0.0,Desconhecido,Montenegro
159335,E-mail Marketing,2024-09-18,Não Convertido,,0.0,Moderado,Ghana
159336,Facebook,2024-09-19,Não Convertido,,0.0,Moderado,Austria
159337,TikTok,2024-09-16,Não Convertido,,0.0,Moderado,Guinea
159338,Instagram,2024-09-17,Não Convertido,,0.0,Moderado,Faroe Islands
159339,Instagram,2024-09-17,Não Convertido,,0.0,Desconhecido,Reunion
159340,TikTok,2024-09-17,Não Convertido,,0.0,Agressivo,Belarus
159341,E-mail Marketing,2024-09-16,Não Convertido,,0.0,Agressivo,Egypt
159342,WhatsApp,2024-09-17,Convertido,23.0,4448.94,Moderado,Austria
159343,Facebook,2024-09-18,Não Convertido,,0.0,Moderado,Falkland Islands (Malvinas)
159344,Indicação,2024-09-19,Não Convertido,,0.0,Agressivo,Congo
159345,TikTok,2024-09-21,Não Convertido,,0.0,Conservador,United Kingdom
159346,Instagram,2024-09-21,Não Convertido,,0.0,Agressivo,Canada
159347,TikTok,2024-09-16,Não Convertido,,0.0,Agressivo,Bouvet Island (Bouvetoya)
159348,Instagram,2024-09-19,Não Convertido,,0.0,Desconhecido,Kiribati
159349,TikTok,2024-09-20,Não Convertido,,0.0,Agressivo,Bolivia
159350,E-mail Marketing,2024-09-18,Não Convertido,,0.0,Conservador,Cuba
159351,Orgânico,2024-09-21,Não Convertido,,0.0,Moderado,Guadeloupe
159352,TikTok,2024-09-17,Não Convertido,,0.0,Moderado,Costa Rica
159353,YouTube Ads,2024-09-21,Não Convertido,,0.0,Moderado,Palestinian Territory
159354,Instagram,2024-09-21,Não Convertido,,0.0,Agressivo,Estonia
159355,Instagram,2024-09-19,Não Convertido,,0.0,Moderado,Philippines
159356,Instagram,2024-09-18,Não Convertido,,0.0,Conservador,Canada
159357,Facebook,2024-09-20,Não Convertido,,0.0,Moderado,Cayman Islands
159358,YouTube Ads,2024-09-21,Não Convertido,,0.0,Conservador,Sri Lanka
159359,Indicação,2024-09-16,Não Convertido,,0.0,Agressivo,Kenya
159360,Instagram,2024-09-18,Não Convertido,,0.0,Moderado,Mauritania
159361,Indicação,2024-09-20,Não Convertido,,0.0,Agressivo,Montserrat
159362,E-mail Marketing,2024-09-21,Não Convertido,,0.0,Moderado,Botswana
159363,Instagram,2024-09-16,Não Convertido,,0.0,Desconhecido,Antigua and Barbuda
159364,E-mail Marketing,2024-09-16,Não Convertido,,0.0,Agressivo,Mongolia
159365,Google Ads,2024-09-18,Não Convertido,,0.0,Moderado,British Indian Ocean Territory (Chagos Archipelago)
159366,Instagram,2024-09-20,Não Convertido,,0.0,Moderado,Liechtenstein
159367,Instagram,2024-09-20,Não Convertido,,0.0,Conservador,Portugal
159368,E-mail Marketing,2024-09-17,Não Convertido,,0.0,Agressivo,Nauru
159369,Google Ads,2024-09-18,Convertido,20.0,7410.1,Conservador,Spain
159370,Google Ads,2024-09-17,Não Convertido,,0.0,Moderado,Fiji
159371,YouTube Ads,2024-09-19,Não Convertido,,0.0,Moderado,Guinea
159372,YouTube Ads,2024-09-20,Não Convertido,,0.0,Conservador,Hong Kong
159373,Google Ads,2024-09-18,Não Convertido,,0.0,Conservador,Somalia
159374,Instagram,2024-09-18,Não Convertido,,0.0,Conservador,Saint Pierre and Miquelon
159375,WhatsApp,2024-09-21,Não Convertido,,0.0,Moderado,Mozambique
159376,Instagram,2024-09-16,Convertido,5.0,6692.23,Agressivo,Sao Tome and Principe
159377,YouTube Ads,2024-09-21,Não Convertido,,0.0,Agressivo,Saint Kitts and Nevis
159378,YouTube Ads,2024-09-18,Não Convertido,,0.0,Conservador,Guyana
159379,Orgânico,2024-09-16,Não Convertido,,0.0,Agressivo,Hong Kong
159380,Orgânico,2024-09-18,Não Convertido,,0.0,Agressivo,Sri Lanka
159381,TikTok,2024-09-20,Não Convertido,,0.0,Desconhecido,France
159382,WhatsApp,2024-09-19,Não Convertido,,0.0,Agressivo,Ukraine
159383,TikTok,2024-09-21,Não Convertido,,0.0,Conservador,French Polynesia
159384,Instagram,2024-09-17,Não Convertido,,0.0,Moderado,Slovakia (Slovak Republic)
159385,E-mail Marketing,2024-09-21,Convertido,5.0,4304.11,Desconhecido,Taiwan
159386,Orgânico,2024-09-18,Não Convertido,,0.0,Agressivo,Holy See (Vatican City State)
159387,Facebook,2024-09-19,Não Convertido,,0.0,Agressivo,Cuba
159388,Instagram,2024-09-20,Não Convertido,,0.0,Moderado,Korea
159389,Orgânico,2024-09-17,Não Convertido,,0.0,Moderado,Venezuela
159390,Google Ads,2024-09-21,Não Convertido,,0.0,Agressivo,Azerbaijan
159391,Orgânico,2024-09-21,Não Convertido,,0.0,Conservador,Iraq
159392,Orgânico,2024-09-16,Não Convertido,,0.0,Moderado,Norfolk Island
159393,Google Ads,2024-09-17,Não Convertido,,0.0,Moderado,Antigua and Barbuda
159394,Instagram,2024-09-16,Não Convertido,,0.0,Moderado,Trinidad and Tobago
159395,Google Ads,2024-09-16,Não Convertido,,0.0,Conservador,New Zealand
159396,Indicação,2024-09-16,Não Convertido,,0.0,Agressivo,Germany
159397,Instagram,2024-09-17,Não Convertido,,0.0,Moderado,Croatia
159398,Facebook,2024-09-18,Não Convertido,,0.0,Moderado,Nauru
159399,Instagram,2024-09-21,Convertido,16.0,3572.88,Agressivo,Qatar
159400,Orgânico,2024-09-16,Não Convertido,,0.0,Desconhecido,Cote d'Ivoire
159401,Orgânico,2024-09-16,Não Convertido,,0.0,Moderado,Ethiopia
159402,Orgânico,2024-09-16,Não Convertido,,0.0,Moderado,Lesotho
159403,Instagram,2024-09-20,Não Convertido,,0.0,Desconhecido,Togo
159404,E-mail Marketing,2024-09-16,Não Convertido,,0.0,Conservador,Mauritius
159405,Instagram,2024-09-16,Não Convertido,,0.0,Moderado,Ireland
159406,Orgânico,2024-09-17,Não Convertido,,0.0,Conservador,Burundi
159407,Google Ads,2024-09-20,Não Convertido,,0.0,Conservador,Eritrea
159408,YouTube Ads,2024-09-17,Não Convertido,,0.0,Desconhecido,Colombia
159409,Google Ads,2024-09-16,Não Convertido,,0.0,Moderado,United States Minor Outlying Islands
159410,Orgânico,2024-09-21,Não Convertido,,0.0,Conservador,Serbia
159411,WhatsApp,2024-09-16,Não Convertido,,0.0,Agressivo,Malta
159412,Facebook,2024-09-19,Não Convertido,,0.0,Moderado,Sierra Leone
159413,YouTube Ads,2024-09-17,Não Convertido,,0.0,Moderado,Saint Pierre and Miquelon
159414,Orgânico,2024-09-21,Não Convertido,,0.0,Desconhecido,Switzerland
159415,Facebook,2024-09-20,Não Convertido,,0.0,Moderado,Jordan
159416,Instagram,2024-09-17,Não Convertido,,0.0,Conservador,San Marino
159417,YouTube Ads,2024-09-16,Não Convertido,,0.0,Moderado,Portugal
159418,YouTube Ads,2024-09-21,Não Convertido,,0.0,Agressivo,Sierra Leone
159419,Orgânico,2024-09-17,Não Convertido,,0.0,Moderado,Ireland
159420,TikTok,2024-09-20,Não Convertido,,0.0,Agressivo,Gibraltar
159421,YouTube Ads,2024-09-17,Não Convertido,,0.0,Moderado,Ecuador
159422,WhatsApp,2024-09-19,Não Convertido,,0.0,Moderado,Papua New Guinea
159423,YouTube Ads,2024-09-21,Não Convertido,,0.0,Agressivo,Vanuatu
159424,Orgânico,2024-09-18,Convertido,16.0,7208.3,Agressivo,Finland
159425,Orgânico,2024-09-16,Não Convertido,,0.0,Agressivo,French Guiana
159426,Orgânico,2024-09-18,Não Convertido,,0.0,Agressivo,Serbia
159427,YouTube Ads,2024-09-18,Não Convertido,,0.0,Moderado,Panama
159428,Indicação,2024-09-18,Não Convertido,,0.0,Agressivo,Ukraine
159429,Orgânico,2024-09-18,Não Convertido,,0.0,Moderado,Lithuania
159430,Orgânico,2024-09-18,Não Convertido,,0.0,Conservador,Spain
159431,YouTube Ads,2024-09-19,Não Convertido,,0.0,Moderado,Denmark
159432,Instagram,2024-09-16,Não Convertido,,0.0,Agressivo,Hong Kong
159433,TikTok,2024-09-16,Não Convertido,,0.0,Agressivo,Russian Federation
159434,Instagram,2024-09-19,Não Convertido,,0.0,Agressivo,Saint Vincent and the Grenadines
159435,E-mail Marketing,2024-09-16,Não Convertido,,0.0,Conservador,Dominican Republic
159436,Google Ads,2024-09-20,Não Convertido,,0.0,Moderado,Yemen
159437,E-mail Marketing,2024-09-18,Não Convertido,,0.0,Moderado,Saint Martin
159438,TikTok,2024-09-21,Não Convertido,,0.0,Conservador,Iceland
159439,E-mail Marketing,2024-09-18,Não Convertido,,0.0,Conservador,Nepal
159440,E-mail Marketing,2024-09-21,Convertido,6.0,8782.11,Agressivo,Somalia
159441,Instagram,2024-09-19,Não Convertido,,0.0,Moderado,India
159442,Indicação,2024-09-19,Convertido,20.0,7508.75,Moderado,Hong Kong
159443,Instagram,2024-09-20,Não Convertido,,0.0,Agressivo,Chad
159444,YouTube Ads,2024-09-20,Não Convertido,,0.0,Agressivo,Belgium
159445,Facebook,2024-09-17,Não Convertido,,0.0,Moderado,Jamaica
159446,Orgânico,2024-09-16,Não Convertido,,0.0,Moderado,Peru
159447,YouTube Ads,2024-09-18,Não Convertido,,0.0,Moderado,Spain
159448,E-mail Marketing,2024-09-16,Não Convertido,,0.0,Desconhecido,Central African Republic
159449,Indicação,2024-09-20,Não Convertido,,0.0,Agressivo,Eritrea
159450,WhatsApp,2024-09-21,Não Convertido,,0.0,Moderado,Cocos (Keeling) Islands
159451,Indicação,2024-09-17,Não Convertido,,0.0,Conservador,British Indian Ocean Territory (Chagos Archipelago)
159452,Indicação,2024-09-21,Não Convertido,,0.0,Moderado,Thailand
159453,Google Ads,2024-09-17,Não Convertido,,0.0,Agressivo,Finland
159454,E-mail Marketing,2024-09-18,Não Convertido,,0.0,Desconhecido,Wallis and Futuna
159455,Google Ads,2024-09-17,Não Convertido,,0.0,Moderado,Cayman Islands
159456,YouTube Ads,2024-09-19,Não Convertido,,0.0,Moderado,Guinea
159457,TikTok,2024-09-18,Não Convertido,,0.0,Moderado,Korea
159458,Orgânico,2024-09-21,Não Convertido,,0.0,Agressivo,Cayman Islands
159459,E-mail Marketing,2024-09-16,Não Convertido,,0.0,Agressivo,American Samoa
159460,YouTube Ads,2024-09-20,Não Convertido,,0.0,Moderado,Iran
159461,Orgânico,2024-09-21,Não Convertido,,0.0,Agressivo,Venezuela
159462,Google Ads,2024-09-21,Não Convertido,,0.0,Moderado,Denmark
159463,Instagram,2024-09-18,Não Convertido,,0.0,Desconhecido,Swaziland
159464,YouTube Ads,2024-09-19,Não Convertido,,0.0,Moderado,Netherlands
159465,Orgânico,2024-09-17,Não Convertido,,0.0,Agressivo,Barbados
159466,Instagram,2024-09-16,Não Convertido,,0.0,Agressivo,Tonga
159467,E-mail Marketing,2024-09-16,Não Convertido,,0.0,Desconhecido,Iraq
159468,YouTube Ads,2024-09-20,Convertido,18.0,2520.39,Conservador,Hungary
159469,Facebook,2024-09-17,Não Convertido,,0.0,Agressivo,Armenia
159470,Google Ads,2024-09-16,Não Convertido,,0.0,Conservador,Northern Mariana Islands
159471,Orgânico,2024-09-16,Não Convertido,,0.0,Conservador,Portugal
159472,Google Ads,2024-09-17,Não Convertido,,0.0,Moderado,Benin
159473,E-mail Marketing,2024-09-21,Não Convertido,,0.0,Conservador,Mayotte
159474,Indicação,2024-09-18,Não Convertido,,0.0,Moderado,Botswana
159475,Facebook,2024-09-21,Não Convertido,,0.0,Moderado,Tajikistan
159476,E-mail Marketing,2024-09-20,Não Convertido,,0.0,Conservador,Pakistan
159477,Orgânico,2024-09-17,Não Convertido,,0.0,Desconhecido,Canada
159478,TikTok,2024-09-21,Não Convertido,,0.0,Agressivo,Guam
159479,TikTok,2024-09-16,Não Convertido,,0.0,Agressivo,Algeria
159480,Orgânico,2024-09-17,Não Convertido,,0.0,Agressivo,Taiwan
159481,WhatsApp,2024-09-20,Não Convertido,,0.0,Agressivo,Israel
159482,Google Ads,2024-09-19,Não Convertido,,0.0,Conservador,Guyana
159483,Orgânico,2024-09-17,Não Convertido,,0.0,Agressivo,Guatemala
159484,TikTok,2024-09-21,Não Convertido,,0.0,Moderado,Martinique
159485,YouTube Ads,2024-09-20,Não Convertido,,0.0,Agressivo,Bangladesh
159486,Orgânico,2024-09-16,Não Convertido,,0.0,Moderado,Swaziland
159487,Orgânico,2024-09-16,Não Convertido,,0.0,Conservador,French Polynesia
159488,Instagram,2024-09-19,Não Convertido,,0.0,Moderado,Norway
159489,Instagram,2024-09-17,Convertido,15.0,3649.04,Moderado,Sri Lanka
159490,YouTube Ads,2024-09-21,Não Convertido,,0.0,Moderado,Congo
159491,WhatsApp,2024-09-18,Não Convertido,,0.0,Agressivo,Zambia
159492,YouTube Ads,2024-09-20,Não Convertido,,0.0,Moderado,Paraguay
159493,E-mail Marketing,2024-09-21,Não Convertido,,0.0,Agressivo,Pitcairn Islands
159494,Facebook,2024-09-20,Não Convertido,,0.0,Conservador,Guernsey
159495,WhatsApp,2024-09-21,Não Convertido,,0.0,Conservador,Mauritania
159496,TikTok,2024-09-18,Não Convertido,,0.0,Conservador,Taiwan
159497,Facebook,2024-09-20,Não Convertido,,0.0,Conservador,Bhutan
159498,TikTok,2024-09-19,Não Convertido,,0.0,Moderado,Turkey
159499,Instagram,2024-09-20,Não Convertido,,0.0,Desconhecido,Pitcairn Islands
159500,Instagram,2024-09-18,Não Convertido,,0.0,Desconhecido,Comoros
159501,Google Ads,2024-09-18,Não Convertido,,0.0,Agressivo,South Africa
159502,Facebook,2024-09-17,Não Convertido,,0.0,Moderado,Heard Island and McDonald Islands
159503,TikTok,2024-09-20,Não Convertido,,0.0,Conservador,Mongolia
159504,Google Ads,2024-09-18,Não Convertido,,0.0,Moderado,Ireland
159505,Google Ads,2024-09-18,Não Convertido,,0.0,Agressivo,Trinidad and Tobago
159506,Orgânico,2024-09-20,Não Convertido,,0.0,Agressivo,Djibouti
159507,E-mail Marketing,2024-09-20,Não Convertido,,0.0,Agressivo,Niger
159508,Indicação,2024-09-19,Não Convertido,,0.0,Moderado,Montserrat
159509,Instagram,2024-09-16,Não Convertido,,0.0,Moderado,Eritrea
159510,E-mail Marketing,2024-09-21,Não Convertido,,0.0,Moderado,Finland
159511,E-mail Marketing,2024-09-16,Não Convertido,,0.0,Moderado,French Guiana
159512,Orgânico,2024-09-20,Não Convertido,,0.0,Agressivo,Swaziland
159513,Instagram,2024-09-19,Não Convertido,,0.0,Agressivo,Brazil
159514,YouTube Ads,2024-09-19,Não Convertido,,0.0,Desconhecido,Malta
159515,TikTok,2024-09-17,Não Convertido,,0.0,Moderado,Dominican Republic
159516,Orgânico,2024-09-17,Não Convertido,,0.0,Agressivo,Samoa
159517,Indicação,2024-09-19,Não Convertido,,0.0,Desconhecido,South Georgia and the South Sandwich Islands
159518,Indicação,2024-09-21,Não Convertido,,0.0,Moderado,Reunion
159519,Orgânico,2024-09-19,Não Convertido,,0.0,Agressivo,Peru
159520,Orgânico,2024-09-17,Não Convertido,,0.0,Conservador,United States Minor Outlying Islands
159521,Instagram,2024-09-19,Não Convertido,,0.0,Moderado,Samoa
159522,Instagram,2024-09-21,Não Convertido,,0.0,Moderado,Gabon
159523,YouTube Ads,2024-09-18,Não Convertido,,0.0,Conservador,Vanuatu
159524,TikTok,2024-09-21,Não Convertido,,0.0,Moderado,Liberia
159525,Indicação,2024-09-18,Não Convertido,,0.0,Conservador,Cyprus
159526,Google Ads,2024-09-20,Não Convertido,,0.0,Moderado,South Africa
159527,Orgânico,2024-09-18,Não Convertido,,0.0,Agressivo,Slovenia
159528,WhatsApp,2024-09-20,Não Convertido,,0.0,Agressivo,Taiwan
159529,Instagram,2024-09-16,Não Convertido,,0.0,Moderado,Nigeria
159530,E-mail Marketing,2024-09-18,Não Convertido,,0.0,Desconhecido,Antarctica (the territory South of 60 deg S)
159531,E-mail Marketing,2024-09-17,Não Convertido,,0.0,Agressivo,Taiwan
159532,E-mail Marketing,2024-09-20,Não Convertido,,0.0,Agressivo,Korea
159533,Indicação,2024-09-17,Não Convertido,,0.0,Agressivo,Nigeria
159534,TikTok,2024-09-16,Não Convertido,,0.0,Moderado,Kiribati
159535,Google Ads,2024-09-16,Não Convertido,,0.0,Agressivo,Burundi
159536,TikTok,2024-09-18,Não Convertido,,0.0,Agressivo,Bahamas
159537,Orgânico,2024-09-18,Não Convertido,,0.0,Moderado,Vanuatu
159538,TikTok,2024-09-21,Não Convertido,,0.0,Moderado,Guatemala
159539,Indicação,2024-09-21,Não Convertido,,0.0,Agressivo,Chad
159540,Orgânico,2024-09-16,Não Convertido,,0.0,Conservador,Guyana
159541,TikTok,2024-09-18,Não Convertido,,0.0,Moderado,Burundi
159542,Facebook,2024-09-19,Não Convertido,,0.0,Desconhecido,Egypt
159543,Facebook,2024-09-17,Não Convertido,,0.0,Agressivo,Guernsey
159544,TikTok,2024-09-18,Não Convertido,,0.0,Conservador,Falkland Islands (Malvinas)
159545,E-mail Marketing,2024-09-20,Não Convertido,,0.0,Agressivo,Afghanistan
159546,E-mail Marketing,2024-09-17,Não Convertido,,0.0,Conservador,Trinidad and Tobago
159547,Orgânico,2024-09-16,Não Convertido,,0.0,Conservador,Ghana
159548,Orgânico,2024-09-16,Não Convertido,,0.0,Conservador,Marshall Islands
159549,TikTok,2024-09-21,Não Convertido,,0.0,Conservador,Bosnia and Herzegovina
159550,Instagram,2024-09-21,Não Convertido,,0.0,Desconhecido,Bulgaria
159551,Orgânico,2024-09-21,Não Convertido,,0.0,Moderado,Netherlands
159552,Instagram,2024-09-19,Não Convertido,,0.0,Agressivo,Kazakhstan
159553,Orgânico,2024-09-18,Não Convertido,,0.0,Agressivo,Lesotho
159554,YouTube Ads,2024-09-17,Não Convertido,,0.0,Moderado,Palestinian Territory
159555,YouTube Ads,2024-09-20,Convertido,10.0,2044.93,Moderado,United Kingdom
159556,Orgânico,2024-09-16,Não Convertido,,0.0,Moderado,Vietnam
159557,Orgânico,2024-09-21,Não Convertido,,0.0,Moderado,Algeria
159558,E-mail Marketing,2024-09-16,Não Convertido,,0.0,Conservador,Hong Kong
159559,TikTok,2024-09-20,Não Convertido,,0.0,Desconhecido,Nauru
159560,Instagram,2024-09-19,Não Convertido,,0.0,Conservador,Switzerland
159561,Facebook,2024-09-16,Não Convertido,,0.0,Conservador,Bermuda
159562,Indicação,2024-09-18,Não Convertido,,0.0,Conservador,Nigeria
159563,E-mail Marketing,2024-09-18,Não Convertido,,0.0,Conservador,Congo
159564,TikTok,2024-09-19,Não Convertido,,0.0,Moderado,Cote d'Ivoire
159565,TikTok,2024-09-21,Não Convertido,,0.0,Agressivo,Singapore
159566,Google Ads,2024-09-16,Não Convertido,,0.0,Moderado,Panama
159567,Instagram,2024-09-19,Não Convertido,,0.0,Moderado,Czech Republic
159568,TikTok,2024-09-20,Não Convertido,,0.0,Agressivo,Kiribati
159569,Instagram,2024-09-18,Não Convertido,,0.0,Agressivo,Mongolia
159570,Google Ads,2024-09-20,Não Convertido,,0.0,Moderado,Israel
159571,Indicação,2024-09-17,Não Convertido,,0.0,Agressivo,Niger
159572,Orgânico,2024-09-20,Não Convertido,,0.0,Moderado,Dominica
159573,E-mail Marketing,2024-09-19,Não Convertido,,0.0,Conservador,Namibia
159574,Orgânico,2024-09-21,Convertido,30.0,5541.71,Moderado,Turkey
159575,TikTok,2024-09-18,Não Convertido,,0.0,Agressivo,Bermuda
159576,Facebook,2024-09-18,Não Convertido,,0.0,Desconhecido,Suriname
159577,E-mail Marketing,2024-09-18,Não Convertido,,0.0,Conservador,Bolivia
159578,WhatsApp,2024-09-21,Não Convertido,,0.0,Conservador,Montenegro
159579,TikTok,2024-09-17,Não Convertido,,0.0,Moderado,Syrian Arab Republic
159580,Instagram,2024-09-20,Não Convertido,,0.0,Moderado,Moldova
159581,WhatsApp,2024-09-18,Não Convertido,,0.0,Agressivo,Ecuador
159582,Google Ads,2024-09-21,Não Convertido,,0.0,Agressivo,Reunion
159583,Orgânico,2024-09-19,Não Convertido,,0.0,Agressivo,Azerbaijan
159584,TikTok,2024-09-20,Não Convertido,,0.0,Agressivo,Sao Tome and Principe
159585,E-mail Marketing,2024-09-17,Não Convertido,,0.0,Desconhecido,Saint Kitts and Nevis
159586,Orgânico,2024-09-20,Não Convertido,,0.0,Moderado,Reunion
159587,Facebook,2024-09-17,Não Convertido,,0.0,Moderado,Mali
159588,Indicação,2024-09-19,Não Convertido,,0.0,Conservador,El Salvador
159589,Orgânico,2024-09-18,Não Convertido,,0.0,Conservador,Indonesia
159590,YouTube Ads,2024-09-17,Não Convertido,,0.0,Agressivo,Chile
159591,Instagram,2024-09-16,Não Convertido,,0.0,Conservador,Netherlands
159592,WhatsApp,2024-09-19,Não Convertido,,0.0,Moderado,Wallis and Futuna
159593,TikTok,2024-09-20,Não Convertido,,0.0,Conservador,Sao Tome and Principe
159594,Facebook,2024-09-20,Não Convertido,,0.0,Agressivo,Montenegro
159595,WhatsApp,2024-09-17,Não Convertido,,0.0,Agressivo,Chad
159596,Orgânico,2024-09-19,Não Convertido,,0.0,Moderado,Cocos (Keeling) Islands
159597,Instagram,2024-09-16,Não Convertido,,0.0,Agressivo,Togo
159598,YouTube Ads,2024-09-18,Não Convertido,,0.0,Agressivo,Israel
159599,Instagram,2024-09-21,Não Convertido,,0.0,Moderado,Poland
159600,Orgânico,2024-09-18,Não Convertido,,0.0,Conservador,Saint Helena
159601,Instagram,2024-09-21,Não Convertido,,0.0,Moderado,Mali
159602,TikTok,2024-09-17,Não Convertido,,0.0,Moderado,Aruba
159603,Facebook,2024-09-21,Não Convertido,,0.0,Agressivo,Andorra
159604,WhatsApp,2024-09-19,Não Convertido,,0.0,Moderado,Estonia
159605,Facebook,2024-09-16,Não Convertido,,0.0,Desconhecido,Rwanda
159606,Google Ads,2024-09-17,Não Convertido,,0.0,Moderado,Czech Republic
159607,Orgânico,2024-09-18,Não Convertido,,0.0,Agressivo,Albania
159608,YouTube Ads,2024-09-18,Não Convertido,,0.0,Conservador,United Kingdom
159609,TikTok,2024-09-20,Não Convertido,,0.0,Conservador,French Southern Territories
159610,E-mail Marketing,2024-09-20,Convertido,29.0,3889.52,Moderado,Syrian Arab Republic
159611,WhatsApp,2024-09-20,Não Convertido,,0.0,Moderado,Saint Helena
159612,WhatsApp,2024-09-20,Não Convertido,,0.0,Moderado,Saint Vincent and the Grenadines
159613,E-mail Marketing,2024-09-19,Não Convertido,,0.0,Agressivo,Serbia
159614,E-mail Marketing,2024-09-17,Não Convertido,,0.0,Agressivo,Malaysia
159615,YouTube Ads,2024-09-16,Não Convertido,,0.0,Conservador,Mauritius
159616,E-mail Marketing,2024-09-18,Não Convertido,,0.0,Agressivo,Maldives
159617,TikTok,2024-09-17,Não Convertido,,0.0,Conservador,Kuwait
159618,Orgânico,2024-09-16,Não Convertido,,0.0,Moderado,Slovakia (Slovak Republic)
159619,Orgânico,2024-09-21,Não Convertido,,0.0,Conservador,United States Minor Outlying Islands
159620,TikTok,2024-09-21,Não Convertido,,0.0,Moderado,Central African Republic
159621,Facebook,2024-09-17,Não Convertido,,0.0,Moderado,Bahrain
159622,WhatsApp,2024-09-21,Não Convertido,,0.0,Agressivo,Denmark
159623,E-mail Marketing,2024-09-20,Não Convertido,,0.0,Agressivo,Honduras
159624,TikTok,2024-09-21,Não Convertido,,0.0,Agressivo,Mauritania
159625,WhatsApp,2024-09-21,Não Convertido,,0.0,Conservador,Sweden
159626,Orgânico,2024-09-20,Não Convertido,,0.0,Agressivo,Cambodia
159627,Facebook,2024-09-19,Não Convertido,,0.0,Moderado,Liechtenstein
159628,Instagram,2024-09-17,Não Convertido,,0.0,Conservador,Samoa
159629,Orgânico,2024-09-18,Não Convertido,,0.0,Moderado,Antigua and Barbuda
159630,E-mail Marketing,2024-09-19,Não Convertido,,0.0,Moderado,Namibia
159631,YouTube Ads,2024-09-16,Não Convertido,,0.0,Agressivo,Turkey
159632,Orgânico,2024-09-16,Não Convertido,,0.0,Moderado,Bahamas
159633,Google Ads,2024-09-21,Não Convertido,,0.0,Moderado,Solomon Islands
159634,TikTok,2024-09-16,Não Convertido,,0.0,Conservador,Canada
159635,Instagram,2024-09-19,Não Convertido,,0.0,Conservador,Canada
159636,WhatsApp,2024-09-18,Não Convertido,,0.0,Moderado,Central African Republic
159637,TikTok,2024-09-19,Convertido,4.0,3399.92,Conservador,Ghana
159638,TikTok,2024-09-18,Não Convertido,,0.0,Desconhecido,Western Sahara
159639,Indicação,2024-09-18,Não Convertido,,0.0,Moderado,Slovakia (Slovak Republic)
159640,YouTube Ads,2024-09-21,Não Convertido,,0.0,Agressivo,Saint Helena
159641,Orgânico,2024-09-18,Não Convertido,,0.0,Desconhecido,Chile
159642,Orgânico,2024-09-20,Não Convertido,,0.0,Conservador,Lesotho
159643,Orgânico,2024-09-18,Não Convertido,,0.0,Desconhecido,Russian Federation
159644,Orgânico,2024-09-19,Não Convertido,,0.0,Moderado,Bouvet Island (Bouvetoya)
159645,TikTok,2024-09-21,Não Convertido,,0.0,Moderado,Haiti
159646,E-mail Marketing,2024-09-16,Não Convertido,,0.0,Agressivo,Antigua and Barbuda
159647,WhatsApp,2024-09-19,Não Convertido,,0.0,Moderado,Somalia
159648,Instagram,2024-09-19,Não Convertido,,0.0,Agressivo,Venezuela
159649,YouTube Ads,2024-09-21,Não Convertido,,0.0,Conservador,Netherlands
159650,E-mail Marketing,2024-09-19,Não Convertido,,0.0,Agressivo,Nicaragua
159651,Orgânico,2024-09-20,Não Convertido,,0.0,Moderado,Antigua and Barbuda
159652,YouTube Ads,2024-09-18,Convertido,25.0,5548.1,Conservador,Slovenia
159653,Google Ads,2024-09-18,Não Convertido,,0.0,Moderado,British Indian Ocean Territory (Chagos Archipelago)
159654,Google Ads,2024-09-16,Não Convertido,,0.0,Moderado,Panama
159655,Orgânico,2024-09-20,Não Convertido,,0.0,Moderado,Zimbabwe
159656,Orgânico,2024-09-16,Não Convertido,,0.0,Conservador,Montenegro
159657,E-mail Marketing,2024-09-19,Não Convertido,,0.0,Moderado,Barbados
159658,Google Ads,2024-09-18,Não Convertido,,0.0,Moderado,United States of America
159659,Indicação,2024-09-19,Convertido,24.0,7994.56,Agressivo,Sao Tome and Principe
159660,Facebook,2024-09-18,Não Convertido,,0.0,Conservador,United Kingdom
159661,Instagram,2024-09-18,Não Convertido,,0.0,Moderado,Korea
159662,Instagram,2024-09-16,Não Convertido,,0.0,Moderado,Qatar
159663,Instagram,2024-09-18,Convertido,30.0,6616.79,Conservador,Trinidad and Tobago
159664,Indicação,2024-09-21,Não Convertido,,0.0,Agressivo,Montenegro
159665,Orgânico,2024-09-16,Não Convertido,,0.0,Conservador,Djibouti
159666,TikTok,2024-09-16,Não Convertido,,0.0,Desconhecido,India
159667,Facebook,2024-09-19,Não Convertido,,0.0,Desconhecido,Saint Barthelemy
159668,TikTok,2024-09-17,Não Convertido,,0.0,Conservador,France
159669,Facebook,2024-09-16,Não Convertido,,0.0,Moderado,Jersey
159670,Facebook,2024-09-18,Não Convertido,,0.0,Agressivo,Chile
159671,YouTube Ads,2024-09-20,Não Convertido,,0.0,Agressivo,Chile
159672,Orgânico,2024-09-19,Não Convertido,,0.0,Conservador,Greenland
159673,WhatsApp,2024-09-18,Não Convertido,,0.0,Moderado,Georgia
159674,WhatsApp,2024-09-18,Não Convertido,,0.0,Moderado,Somalia
159675,WhatsApp,2024-09-18,Não Convertido,,0.0,Moderado,Lao People's Democratic Republic
159676,Instagram,2024-09-21,Não Convertido,,0.0,Agressivo,Jordan
159677,TikTok,2024-09-18,Não Convertido,,0.0,Agressivo,Turkey
159678,Instagram,2024-09-19,Não Convertido,,0.0,Conservador,Congo
159679,E-mail Marketing,2024-09-18,Não Convertido,,0.0,Moderado,Oman
159680,Google Ads,2024-09-16,Não Convertido,,0.0,Desconhecido,Ireland
159681,E-mail Marketing,2024-09-18,Não Convertido,,0.0,Conservador,Guatemala
159682,TikTok,2024-09-21,Não Convertido,,0.0,Moderado,Saint Martin
159683,Orgânico,2024-09-16,Não Convertido,,0.0,Conservador,Saint Martin
159684,YouTube Ads,2024-09-18,Não Convertido,,0.0,Moderado,British Virgin Islands
159685,Google Ads,2024-09-19,Convertido,6.0,3235.33,Moderado,Comoros
159686,Orgânico,2024-09-19,Não Convertido,,0.0,Moderado,Guatemala
159687,WhatsApp,2024-09-17,Não Convertido,,0.0,Agressivo,Myanmar
159688,WhatsApp,2024-09-16,Não Convertido,,0.0,Moderado,Qatar
159689,Orgânico,2024-09-18,Não Convertido,,0.0,Agressivo,Myanmar
159690,Instagram,2024-09-21,Não Convertido,,0.0,Moderado,Saint Martin
159691,E-mail Marketing,2024-09-21,Não Convertido,,0.0,Agressivo,Kiribati
159692,TikTok,2024-09-19,Não Convertido,,0.0,Desconhecido,Malaysia
159693,Instagram,2024-09-20,Não Convertido,,0.0,Conservador,Seychelles
159694,Facebook,2024-09-17,Não Convertido,,0.0,Moderado,Guadeloupe
159695,Indicação,2024-09-19,Não Convertido,,0.0,Moderado,Kyrgyz Republic
159696,TikTok,2024-09-21,Não Convertido,,0.0,Conservador,Timor-Leste
159697,YouTube Ads,2024-09-19,Não Convertido,,0.0,Moderado,Falkland Islands (Malvinas)
159698,Instagram,2024-09-21,Não Convertido,,0.0,Conservador,Guernsey
159699,Indicação,2024-09-18,Não Convertido,,0.0,Agressivo,Belarus
159700,E-mail Marketing,2024-09-20,Não Convertido,,0.0,Agressivo,Finland
159701,Instagram,2024-09-21,Não Convertido,,0.0,Desconhecido,Hong Kong
159702,Instagram,2024-09-20,Não Convertido,,0.0,Desconhecido,Ghana
159703,E-mail Marketing,2024-09-19,Não Convertido,,0.0,Conservador,Finland
159704,Orgânico,2024-09-16,Não Convertido,,0.0,Conservador,Cape Verde
159705,E-mail Marketing,2024-09-17,Não Convertido,,0.0,Moderado,Pakistan
159706,E-mail Marketing,2024-09-19,Não Convertido,,0.0,Moderado,Poland
159707,Orgânico,2024-09-21,Não Convertido,,0.0,Agressivo,Tajikistan
159708,Orgânico,2024-09-20,Não Convertido,,0.0,Moderado,Svalbard & Jan Mayen Islands
159709,Facebook,2024-09-16,Não Convertido,,0.0,Agressivo,India
159710,TikTok,2024-09-17,Não Convertido,,0.0,Conservador,Anguilla
159711,Instagram,2024-09-18,Não Convertido,,0.0,Moderado,Macao
159712,Instagram,2024-09-21,Não Convertido,,0.0,Moderado,Canada
159713,Orgânico,2024-09-19,Não Convertido,,0.0,Moderado,Montenegro
159714,Orgânico,2024-09-16,Não Convertido,,0.0,Moderado,Egypt
159715,Facebook,2024-09-16,Convertido,9.0,4654.22,Desconhecido,British Indian Ocean Territory (Chagos Archipelago)
159716,TikTok,2024-09-20,Não Convertido,,0.0,Moderado,Svalbard & Jan Mayen Islands
159717,Google Ads,2024-09-16,Não Convertido,,0.0,Agressivo,Heard Island and McDonald Islands
159718,Instagram,2024-09-18,Não Convertido,,0.0,Agressivo,Taiwan
159719,WhatsApp,2024-09-20,Não Convertido,,0.0,Moderado,North Macedonia
159720,Instagram,2024-09-17,Não Convertido,,0.0,Agressivo,Malaysia
159721,TikTok,2024-09-17,Não Convertido,,0.0,Agressivo,Liechtenstein
159722,TikTok,2024-09-17,Convertido,30.0,9058.6,Conservador,Libyan Arab Jamahiriya
159723,TikTok,2024-09-16,Não Convertido,,0.0,Conservador,Kazakhstan
159724,Orgânico,2024-09-20,Não Convertido,,0.0,Desconhecido,Austria
159725,Instagram,2024-09-21,Não Convertido,,0.0,Desconhecido,Czech Republic
159726,Indicação,2024-09-19,Não Convertido,,0.0,Agressivo,Syrian Arab Republic
159727,TikTok,2024-09-18,Convertido,30.0,9987.16,Moderado,Monaco
159728,YouTube Ads,2024-09-17,Não Convertido,,0.0,Moderado,Nicaragua
159729,Instagram,2024-09-18,Não Convertido,,0.0,Conservador,Canada
159730,Instagram,2024-09-20,Convertido,14.0,7594.16,Moderado,Nepal
159731,TikTok,2024-09-16,Não Convertido,,0.0,Agressivo,Mauritius
159732,Facebook,2024-09-16,Não Convertido,,0.0,Moderado,Suriname
159733,WhatsApp,2024-09-19,Não Convertido,,0.0,Moderado,Dominica
159734,Orgânico,2024-09-21,Não Convertido,,0.0,Agressivo,Senegal
159735,TikTok,2024-09-19,Não Convertido,,0.0,Moderado,Swaziland
159736,Facebook,2024-09-17,Não Convertido,,0.0,Desconhecido,Martinique
159737,Google Ads,2024-09-19,Não Convertido,,0.0,Moderado,Peru
159738,Orgânico,2024-09-16,Não Convertido,,0.0,Agressivo,Kiribati
159739,Instagram,2024-09-18,Convertido,0.0,7762.2,Agressivo,Kuwait
159740,TikTok,2024-09-17,Não Convertido,,0.0,Moderado,United Kingdom
159741,Google Ads,2024-09-21,Não Convertido,,0.0,Agressivo,Mauritius
159742,Google Ads,2024-09-18,Não Convertido,,0.0,Moderado,Thailand
159743,Orgânico,2024-09-21,Convertido,29.0,8931.96,Moderado,Togo
159744,Instagram,2024-09-18,Não Convertido,,0.0,Desconhecido,Pitcairn Islands
159745,E-mail Marketing,2024-09-19,Não Convertido,,0.0,Agressivo,Mexico
159746,E-mail Marketing,2024-09-16,Não Convertido,,0.0,Conservador,Jersey
159747,E-mail Marketing,2024-09-19,Não Convertido,,0.0,Desconhecido,United States Virgin Islands
159748,Orgânico,2024-09-19,Não Convertido,,0.0,Moderado,Korea
159749,WhatsApp,2024-09-19,Não Convertido,,0.0,Moderado,Indonesia
159750,Facebook,2024-09-19,Não Convertido,,0.0,Agressivo,Vanuatu
159751,TikTok,2024-09-18,Não Convertido,,0.0,Conservador,Lithuania
159752,E-mail Marketing,2024-09-16,Não Convertido,,0.0,Moderado,Angola
159753,TikTok,2024-09-18,Não Convertido,,0.0,Moderado,Hong Kong
159754,Indicação,2024-09-17,Não Convertido,,0.0,Agressivo,Cayman Islands
159755,Google Ads,2024-09-18,Não Convertido,,0.0,Desconhecido,Sweden
159756,Google Ads,2024-09-19,Não Convertido,,0.0,Conservador,Norway
159757,Google Ads,2024-09-16,Não Convertido,,0.0,Moderado,Guam
159758,Instagram,2024-09-18,Não Convertido,,0.0,Agressivo,Northern Mariana Islands
159759,Facebook,2024-09-21,Não Convertido,,0.0,Moderado,Belize
159760,E-mail Marketing,2024-09-16,Não Convertido,,0.0,Agressivo,Bolivia
159761,Orgânico,2024-09-17,Convertido,28.0,4414.18,Moderado,Bosnia and Herzegovina
159762,WhatsApp,2024-09-19,Não Convertido,,0.0,Moderado,Ireland
159763,Facebook,2024-09-18,Não Convertido,,0.0,Moderado,Costa Rica
159764,WhatsApp,2024-09-18,Não Convertido,,0.0,Moderado,Madagascar
159765,E-mail Marketing,2024-09-18,Não Convertido,,0.0,Moderado,Netherlands
159766,Google Ads,2024-09-21,Não Convertido,,0.0,Agressivo,Nauru
159767,Facebook,2024-09-16,Não Convertido,,0.0,Moderado,Azerbaijan
159768,E-mail Marketing,2024-09-18,Não Convertido,,0.0,Agressivo,Malaysia
159769,Facebook,2024-09-21,Não Convertido,,0.0,Conservador,El Salvador
159770,TikTok,2024-09-21,Não Convertido,,0.0,Conservador,Gambia
159771,E-mail Marketing,2024-09-19,Não Convertido,,0.0,Agressivo,San Marino
159772,TikTok,2024-09-20,Não Convertido,,0.0,Conservador,Trinidad and Tobago
159773,E-mail Marketing,2024-09-19,Convertido,13.0,116.17,Moderado,South Georgia and the South Sandwich Islands
159774,E-mail Marketing,2024-09-17,Não Convertido,,0.0,Conservador,Wallis and Futuna
