lead_id,origem,data_cadastro,status_conversao,dias_ate_1o_trade,valor_deposito,perfil,pais
153503,Instagram,2024-09-12,Não Convertido,,0.0,Moderado,United States of America
153504,Orgânico,2024-09-14,Não Convertido,,0.0,Agressivo,Seychelles
153505,YouTube Ads,2024-09-11,Não Convertido,,0.0,Agressivo,Croatia
153506,E-mail Marketing,2024-09-10,Não Convertido,,0.0,Moderado,France
153507,TikTok,2024-09-14,Não Convertido,,0.0,Moderado,Italy
153508,Orgânico,2024-09-09,Não Convertido,,0.0,Agressivo,Guinea
153509,YouTube Ads,2024-09-12,Não Convertido,,0.0,Agressivo,British Virgin Islands
153510,TikTok,2024-09-10,Não Convertido,,0.0,Desconhecido,Algeria
153511,Instagram,2024-09-12,Não Convertido,,0.0,Agressivo,Cocos (Keeling) Islands
153512,TikTok,2024-09-10,Não Convertido,,0.0,Agressivo,Tajikistan
153513,Facebook,2024-09-11,Não Convertido,,0.0,Conservador,Kiribati
153514,E-mail Marketing,2024-09-09,Não Convertido,,0.0,Moderado,Turks and Caicos Islands
153515,Orgânico,2024-09-11,Não Convertido,,0.0,Desconhecido,Bangladesh
153516,TikTok,2024-09-12,Não Convertido,,0.0,Agressivo,Bulgaria
153517,Google Ads,2024-09-12,Não Convertido,,0.0,Agressivo,Tuvalu
153518,E-mail Marketing,2024-09-13,Não Convertido,,0.0,Moderado,Kenya
153519,YouTube Ads,2024-09-12,Não Convertido,,0.0,Agressivo,Czech Republic
153520,WhatsApp,2024-09-11,Não Convertido,,0.0,Conservador,Fiji
153521,Instagram,2024-09-12,Não Convertido,,0.0,Conservador,Mozambique
153522,Orgânico,2024-09-09,Não Convertido,,0.0,Agressivo,Saint Helena
153523,Facebook,2024-09-11,Não Convertido,,0.0,Agressivo,Paraguay
153524,Instagram,2024-09-11,Não Convertido,,0.0,Desconhecido,Singapore
153525,Orgânico,2024-09-12,Não Convertido,,0.0,Conservador,Ukraine
153526,WhatsApp,2024-09-14,Não Convertido,,0.0,Desconhecido,Bahamas
153527,Facebook,2024-09-14,Não Convertido,,0.0,Conservador,Ireland
153528,TikTok,2024-09-14,Não Convertido,,0.0,Agressivo,Antigua and Barbuda
153529,Instagram,2024-09-14,Não Convertido,,0.0,Agressivo,Indonesia
153530,Orgânico,2024-09-10,Não Convertido,,0.0,Agressivo,Cuba
153531,Instagram,2024-09-13,Não Convertido,,0.0,Conservador,Tonga
153532,WhatsApp,2024-09-10,Não Convertido,,0.0,Agressivo,Guam
153533,Orgânico,2024-09-09,Não Convertido,,0.0,Moderado,United States Minor Outlying Islands
153534,TikTok,2024-09-11,Não Convertido,,0.0,Moderado,Barbados
153535,Orgânico,2024-09-09,Não Convertido,,0.0,Moderado,Saint Martin
153536,Orgânico,2024-09-12,Não Convertido,,0.0,Conservador,Turkey
153537,Instagram,2024-09-10,Não Convertido,,0.0,Agressivo,Colombia
153538,Facebook,2024-09-13,Não Convertido,,0.0,Agressivo,Senegal
153539,WhatsApp,2024-09-11,Convertido,24.0,5659.01,Moderado,El Salvador
153540,TikTok,2024-09-10,Não Convertido,,0.0,Conservador,Guinea
153541,E-mail Marketing,2024-09-13,Não Convertido,,0.0,Conservador,Lithuania
153542,Instagram,2024-09-10,Não Convertido,,0.0,Desconhecido,Peru
153543,TikTok,2024-09-13,Não Convertido,,0.0,Moderado,Guernsey
153544,Instagram,2024-09-11,Não Convertido,,0.0,Moderado,Spain
153545,Instagram,2024-09-09,Não Convertido,,0.0,Agressivo,Bahamas
153546,Instagram,2024-09-10,Não Convertido,,0.0,Agressivo,Costa Rica
153547,Instagram,2024-09-11,Não Convertido,,0.0,Moderado,Solomon Islands
153548,WhatsApp,2024-09-10,Não Convertido,,0.0,Moderado,Oman
153549,Instagram,2024-09-11,Não Convertido,,0.0,Conservador,Cote d'Ivoire
153550,Orgânico,2024-09-13,Não Convertido,,0.0,Conservador,Saint Pierre and Miquelon
153551,Facebook,2024-09-09,Não Convertido,,0.0,Agressivo,Bahamas
153552,E-mail Marketing,2024-09-09,Não Convertido,,0.0,Moderado,Chile
153553,Orgânico,2024-09-10,Não Convertido,,0.0,Conservador,Malaysia
153554,Indicação,2024-09-11,Não Convertido,,0.0,Moderado,Slovakia (Slovak Republic)
153555,TikTok,2024-09-11,Não Convertido,,0.0,Agressivo,Colombia
153556,Facebook,2024-09-11,Não Convertido,,0.0,Moderado,Austria
153557,WhatsApp,2024-09-11,Não Convertido,,0.0,Conservador,Latvia
153558,Google Ads,2024-09-10,Não Convertido,,0.0,Desconhecido,Paraguay
153559,Indicação,2024-09-11,Não Convertido,,0.0,Moderado,Heard Island and McDonald Islands
153560,YouTube Ads,2024-09-10,Não Convertido,,0.0,Moderado,Bosnia and Herzegovina
153561,Orgânico,2024-09-09,Não Convertido,,0.0,Agressivo,Greece
153562,Indicação,2024-09-14,Não Convertido,,0.0,Moderado,Norfolk Island
153563,Orgânico,2024-09-11,Não Convertido,,0.0,Moderado,Saint Helena
153564,E-mail Marketing,2024-09-14,Não Convertido,,0.0,Moderado,Eritrea
153565,WhatsApp,2024-09-11,Não Convertido,,0.0,Moderado,Belize
153566,Orgânico,2024-09-10,Não Convertido,,0.0,Agressivo,Costa Rica
153567,Facebook,2024-09-10,Convertido,7.0,8439.12,Agressivo,Reunion
153568,Orgânico,2024-09-12,Não Convertido,,0.0,Desconhecido,Turkmenistan
153569,TikTok,2024-09-10,Não Convertido,,0.0,Agressivo,Aruba
153570,Orgânico,2024-09-14,Não Convertido,,0.0,Moderado,North Macedonia
153571,Facebook,2024-09-14,Não Convertido,,0.0,Moderado,Cuba
153572,Instagram,2024-09-10,Não Convertido,,0.0,Conservador,Mongolia
153573,YouTube Ads,2024-09-12,Não Convertido,,0.0,Moderado,Comoros
153574,Facebook,2024-09-12,Não Convertido,,0.0,Agressivo,Hong Kong
153575,Orgânico,2024-09-10,Não Convertido,,0.0,Moderado,Cayman Islands
153576,TikTok,2024-09-12,Não Convertido,,0.0,Agressivo,Angola
153577,Orgânico,2024-09-12,Não Convertido,,0.0,Conservador,Indonesia
153578,E-mail Marketing,2024-09-12,Não Convertido,,0.0,Moderado,Palestinian Territory
153579,Facebook,2024-09-11,Não Convertido,,0.0,Agressivo,Portugal
153580,YouTube Ads,2024-09-10,Não Convertido,,0.0,Conservador,New Caledonia
153581,Orgânico,2024-09-13,Não Convertido,,0.0,Conservador,Lithuania
153582,Instagram,2024-09-12,Não Convertido,,0.0,Agressivo,Bolivia
153583,Google Ads,2024-09-10,Não Convertido,,0.0,Moderado,Israel
153584,WhatsApp,2024-09-13,Não Convertido,,0.0,Moderado,Monaco
153585,Google Ads,2024-09-11,Não Convertido,,0.0,Moderado,Finland
153586,Orgânico,2024-09-09,Não Convertido,,0.0,Conservador,Mauritania
153587,E-mail Marketing,2024-09-11,Não Convertido,,0.0,Conservador,Mexico
153588,Instagram,2024-09-11,Não Convertido,,0.0,Agressivo,Dominica
153589,E-mail Marketing,2024-09-13,Não Convertido,,0.0,Moderado,Korea
153590,Orgânico,2024-09-14,Não Convertido,,0.0,Agressivo,Bulgaria
153591,YouTube Ads,2024-09-11,Não Convertido,,0.0,Agressivo,Norfolk Island
153592,Facebook,2024-09-10,Não Convertido,,0.0,Desconhecido,Saint Lucia
153593,TikTok,2024-09-11,Não Convertido,,0.0,Agressivo,Burundi
153594,TikTok,2024-09-11,Não Convertido,,0.0,Moderado,United States Virgin Islands
153595,TikTok,2024-09-10,Não Convertido,,0.0,Moderado,Central African Republic
153596,Orgânico,2024-09-13,Não Convertido,,0.0,Agressivo,Congo
153597,Instagram,2024-09-14,Não Convertido,,0.0,Agressivo,Gibraltar
153598,WhatsApp,2024-09-09,Não Convertido,,0.0,Moderado,Nepal
153599,Google Ads,2024-09-11,Não Convertido,,0.0,Moderado,Comoros
153600,TikTok,2024-09-14,Não Convertido,,0.0,Agressivo,Northern Mariana Islands
153601,Google Ads,2024-09-12,Não Convertido,,0.0,Moderado,Niue
153602,TikTok,2024-09-11,Não Convertido,,0.0,Conservador,Mauritania
153603,Orgânico,2024-09-14,Convertido,21.0,6805.76,Agressivo,Bhutan
153604,Instagram,2024-09-11,Não Convertido,,0.0,Conservador,Cuba
153605,Orgânico,2024-09-10,Não Convertido,,0.0,Agressivo,Singapore
153606,Instagram,2024-09-14,Não Convertido,,0.0,Moderado,Gibraltar
153607,TikTok,2024-09-13,Não Convertido,,0.0,Desconhecido,Mauritania
153608,TikTok,2024-09-14,Não Convertido,,0.0,Conservador,North Macedonia
153609,E-mail Marketing,2024-09-10,Não Convertido,,0.0,Conservador,Mexico
153610,Orgânico,2024-09-13,Não Convertido,,0.0,Moderado,Angola
153611,Google Ads,2024-09-13,Não Convertido,,0.0,Agressivo,Andorra
153612,Google Ads,2024-09-13,Não Convertido,,0.0,Moderado,South Georgia and the South Sandwich Islands
153613,TikTok,2024-09-10,Não Convertido,,0.0,Moderado,Burundi
153614,Orgânico,2024-09-13,Não Convertido,,0.0,Desconhecido,Cyprus
153615,Instagram,2024-09-09,Não Convertido,,0.0,Moderado,Niue
153616,Orgânico,2024-09-09,Convertido,19.0,5614.81,Conservador,Russian Federation
153617,Google Ads,2024-09-12,Não Convertido,,0.0,Moderado,Papua New Guinea
153618,E-mail Marketing,2024-09-10,Não Convertido,,0.0,Conservador,Guam
153619,Facebook,2024-09-12,Não Convertido,,0.0,Agressivo,South Africa
153620,Orgânico,2024-09-13,Não Convertido,,0.0,Conservador,Bolivia
153621,E-mail Marketing,2024-09-13,Convertido,8.0,4275.81,Moderado,French Southern Territories
153622,TikTok,2024-09-13,Não Convertido,,0.0,Desconhecido,Iceland
153623,Orgânico,2024-09-09,Não Convertido,,0.0,Moderado,Reunion
153624,Orgânico,2024-09-13,Não Convertido,,0.0,Agressivo,Gabon
153625,Orgânico,2024-09-09,Não Convertido,,0.0,Moderado,Mexico
153626,Google Ads,2024-09-11,Não Convertido,,0.0,Agressivo,Norway
153627,Instagram,2024-09-11,Não Convertido,,0.0,Agressivo,Syrian Arab Republic
153628,Google Ads,2024-09-11,Não Convertido,,0.0,Desconhecido,Moldova
153629,Facebook,2024-09-09,Não Convertido,,0.0,Agressivo,Djibouti
153630,Orgânico,2024-09-09,Não Convertido,,0.0,Conservador,Ecuador
153631,Indicação,2024-09-10,Não Convertido,,0.0,Moderado,India
153632,Google Ads,2024-09-10,Não Convertido,,0.0,Moderado,Anguilla
153633,E-mail Marketing,2024-09-10,Não Convertido,,0.0,Moderado,Chile
153634,Instagram,2024-09-12,Não Convertido,,0.0,Moderado,Andorra
153635,WhatsApp,2024-09-10,Não Convertido,,0.0,Moderado,Sao Tome and Principe
153636,E-mail Marketing,2024-09-13,Não Convertido,,0.0,Agressivo,Netherlands Antilles
153637,Google Ads,2024-09-11,Não Convertido,,0.0,Moderado,Switzerland
153638,Orgânico,2024-09-13,Não Convertido,,0.0,Moderado,Colombia
153639,Orgânico,2024-09-11,Não Convertido,,0.0,Moderado,Germany
153640,Orgânico,2024-09-10,Não Convertido,,0.0,Agressivo,Jersey
153641,TikTok,2024-09-14,Não Convertido,,0.0,Moderado,Maldives
153642,E-mail Marketing,2024-09-12,Não Convertido,,0.0,Moderado,Seychelles
153643,Instagram,2024-09-10,Não Convertido,,0.0,Conservador,South Africa
153644,Orgânico,2024-09-11,Não Convertido,,0.0,Moderado,Saint Helena
153645,E-mail Marketing,2024-09-10,Não Convertido,,0.0,Moderado,Malaysia
153646,Orgânico,2024-09-14,Não Convertido,,0.0,Moderado,Aruba
153647,Instagram,2024-09-10,Não Convertido,,0.0,Agressivo,Fiji
153648,YouTube Ads,2024-09-14,Não Convertido,,0.0,Moderado,Ireland
153649,E-mail Marketing,2024-09-11,Não Convertido,,0.0,Agressivo,Papua New Guinea
153650,TikTok,2024-09-13,Não Convertido,,0.0,Moderado,Eritrea
153651,Orgânico,2024-09-11,Não Convertido,,0.0,Moderado,Romania
153652,YouTube Ads,2024-09-13,Não Convertido,,0.0,Agressivo,Mauritania
153653,TikTok,2024-09-11,Não Convertido,,0.0,Moderado,Saint Helena
153654,Orgânico,2024-09-09,Não Convertido,,0.0,Moderado,Eritrea
153655,Indicação,2024-09-13,Não Convertido,,0.0,Moderado,Russian Federation
153656,YouTube Ads,2024-09-10,Não Convertido,,0.0,Moderado,Botswana
153657,Orgânico,2024-09-12,Não Convertido,,0.0,Conservador,Djibouti
153658,Instagram,2024-09-14,Não Convertido,,0.0,Conservador,Cambodia
153659,E-mail Marketing,2024-09-14,Não Convertido,,0.0,Conservador,Canada
153660,Orgânico,2024-09-09,Não Convertido,,0.0,Agressivo,Argentina
153661,Indicação,2024-09-13,Não Convertido,,0.0,Moderado,French Southern Territories
153662,E-mail Marketing,2024-09-11,Não Convertido,,0.0,Conservador,Cuba
153663,YouTube Ads,2024-09-14,Não Convertido,,0.0,Conservador,Saint Pierre and Miquelon
153664,Instagram,2024-09-12,Não Convertido,,0.0,Agressivo,British Indian Ocean Territory (Chagos Archipelago)
153665,Instagram,2024-09-14,Não Convertido,,0.0,Moderado,Saint Barthelemy
153666,TikTok,2024-09-13,Não Convertido,,0.0,Moderado,Palestinian Territory
153667,E-mail Marketing,2024-09-10,Não Convertido,,0.0,Agressivo,Dominica
153668,YouTube Ads,2024-09-14,Não Convertido,,0.0,Moderado,France
153669,Indicação,2024-09-13,Não Convertido,,0.0,Desconhecido,Bhutan
153670,Instagram,2024-09-11,Não Convertido,,0.0,Moderado,Bosnia and Herzegovina
153671,TikTok,2024-09-13,Não Convertido,,0.0,Moderado,Swaziland
153672,Indicação,2024-09-12,Não Convertido,,0.0,Moderado,Cuba
153673,Instagram,2024-09-11,Não Convertido,,0.0,Moderado,Vietnam
153674,WhatsApp,2024-09-11,Não Convertido,,0.0,Conservador,French Southern Territories
153675,Orgânico,2024-09-10,Não Convertido,,0.0,Moderado,Guinea
153676,E-mail Marketing,2024-09-10,Não Convertido,,0.0,Moderado,Marshall Islands
153677,Orgânico,2024-09-10,Não Convertido,,0.0,Agressivo,Guyana
153678,Orgânico,2024-09-12,Não Convertido,,0.0,Moderado,Kuwait
153679,Instagram,2024-09-11,Convertido,4.0,889.55,Moderado,Ukraine
153680,YouTube Ads,2024-09-10,Não Convertido,,0.0,Moderado,Iran
153681,Google Ads,2024-09-13,Não Convertido,,0.0,Conservador,Nepal
153682,E-mail Marketing,2024-09-09,Não Convertido,,0.0,Desconhecido,Grenada
153683,Orgânico,2024-09-11,Não Convertido,,0.0,Moderado,Russian Federation
153684,YouTube Ads,2024-09-10,Não Convertido,,0.0,Desconhecido,Cocos (Keeling) Islands
153685,Instagram,2024-09-14,Não Convertido,,0.0,Desconhecido,Madagascar
153686,E-mail Marketing,2024-09-09,Convertido,4.0,782.36,Conservador,Cambodia
153687,Indicação,2024-09-09,Não Convertido,,0.0,Conservador,El Salvador
153688,E-mail Marketing,2024-09-09,Não Convertido,,0.0,Moderado,Anguilla
153689,TikTok,2024-09-14,Não Convertido,,0.0,Moderado,Georgia
153690,Facebook,2024-09-10,Não Convertido,,0.0,Moderado,Haiti
153691,WhatsApp,2024-09-14,Não Convertido,,0.0,Moderado,Trinidad and Tobago
153692,Facebook,2024-09-12,Não Convertido,,0.0,Desconhecido,Libyan Arab Jamahiriya
153693,Instagram,2024-09-10,Não Convertido,,0.0,Conservador,Namibia
153694,Instagram,2024-09-12,Não Convertido,,0.0,Moderado,Luxembourg
153695,Orgânico,2024-09-11,Não Convertido,,0.0,Conservador,Costa Rica
153696,TikTok,2024-09-13,Não Convertido,,0.0,Agressivo,Belarus
153697,Google Ads,2024-09-09,Não Convertido,,0.0,Moderado,Turkmenistan
153698,Google Ads,2024-09-11,Não Convertido,,0.0,Moderado,Venezuela
153699,Instagram,2024-09-13,Não Convertido,,0.0,Agressivo,South Georgia and the South Sandwich Islands
153700,YouTube Ads,2024-09-13,Não Convertido,,0.0,Moderado,Saint Martin
153701,Instagram,2024-09-11,Não Convertido,,0.0,Moderado,French Polynesia
153702,WhatsApp,2024-09-10,Não Convertido,,0.0,Moderado,Saint Martin
153703,Orgânico,2024-09-11,Não Convertido,,0.0,Moderado,Benin
153704,Facebook,2024-09-11,Não Convertido,,0.0,Moderado,Guyana
153705,Instagram,2024-09-12,Não Convertido,,0.0,Moderado,South Georgia and the South Sandwich Islands
153706,E-mail Marketing,2024-09-13,Não Convertido,,0.0,Conservador,Ireland
153707,E-mail Marketing,2024-09-11,Não Convertido,,0.0,Moderado,Guernsey
153708,Instagram,2024-09-14,Não Convertido,,0.0,Agressivo,Sri Lanka
153709,WhatsApp,2024-09-09,Não Convertido,,0.0,Agressivo,Austria
153710,Orgânico,2024-09-14,Não Convertido,,0.0,Agressivo,Indonesia
153711,Facebook,2024-09-09,Não Convertido,,0.0,Moderado,United Kingdom
153712,TikTok,2024-09-10,Não Convertido,,0.0,Conservador,Kazakhstan
153713,Google Ads,2024-09-11,Não Convertido,,0.0,Agressivo,Papua New Guinea
153714,WhatsApp,2024-09-10,Não Convertido,,0.0,Agressivo,Belgium
153715,TikTok,2024-09-10,Não Convertido,,0.0,Moderado,Zambia
153716,WhatsApp,2024-09-10,Não Convertido,,0.0,Agressivo,Lithuania
153717,E-mail Marketing,2024-09-13,Não Convertido,,0.0,Moderado,Syrian Arab Republic
153718,Instagram,2024-09-11,Não Convertido,,0.0,Moderado,Lesotho
153719,E-mail Marketing,2024-09-10,Não Convertido,,0.0,Moderado,Uganda
153720,WhatsApp,2024-09-09,Não Convertido,,0.0,Agressivo,El Salvador
153721,Orgânico,2024-09-12,Não Convertido,,0.0,Moderado,Libyan Arab Jamahiriya
153722,TikTok,2024-09-10,Não Convertido,,0.0,Agressivo,Seychelles
153723,Google Ads,2024-09-09,Não Convertido,,0.0,Agressivo,Brunei Darussalam
153724,Instagram,2024-09-10,Não Convertido,,0.0,Moderado,Guyana
153725,E-mail Marketing,2024-09-13,Não Convertido,,0.0,Conservador,North Macedonia
153726,Orgânico,2024-09-09,Não Convertido,,0.0,Agressivo,Palau
153727,YouTube Ads,2024-09-09,Não Convertido,,0.0,Agressivo,Jordan
153728,Facebook,2024-09-10,Não Convertido,,0.0,Agressivo,Dominica
153729,WhatsApp,2024-09-09,Não Convertido,,0.0,Conservador,Russian Federation
153730,Facebook,2024-09-14,Não Convertido,,0.0,Agressivo,French Polynesia
153731,E-mail Marketing,2024-09-12,Não Convertido,,0.0,Agressivo,Sweden
153732,E-mail Marketing,2024-09-09,Não Convertido,,0.0,Conservador,Poland
153733,YouTube Ads,2024-09-12,Não Convertido,,0.0,Agressivo,Mexico
153734,YouTube Ads,2024-09-13,Não Convertido,,0.0,Agressivo,Spain
153735,E-mail Marketing,2024-09-12,Não Convertido,,0.0,Agressivo,Nigeria
153736,WhatsApp,2024-09-14,Não Convertido,,0.0,Desconhecido,Macao
153737,Orgânico,2024-09-12,Não Convertido,,0.0,Moderado,Equatorial Guinea
153738,Orgânico,2024-09-09,Não Convertido,,0.0,Conservador,Sri Lanka
153739,TikTok,2024-09-12,Não Convertido,,0.0,Conservador,Mayotte
153740,TikTok,2024-09-13,Não Convertido,,0.0,Moderado,Brunei Darussalam
153741,TikTok,2024-09-11,Não Convertido,,0.0,Desconhecido,China
153742,Facebook,2024-09-10,Não Convertido,,0.0,Agressivo,Tokelau
153743,Facebook,2024-09-14,Não Convertido,,0.0,Desconhecido,Ethiopia
153744,YouTube Ads,2024-09-14,Não Convertido,,0.0,Moderado,Sierra Leone
153745,Facebook,2024-09-09,Não Convertido,,0.0,Moderado,Philippines
153746,YouTube Ads,2024-09-13,Não Convertido,,0.0,Moderado,Singapore
153747,Indicação,2024-09-09,Não Convertido,,0.0,Desconhecido,Switzerland
153748,WhatsApp,2024-09-14,Não Convertido,,0.0,Conservador,El Salvador
153749,E-mail Marketing,2024-09-14,Não Convertido,,0.0,Desconhecido,Liechtenstein
153750,Orgânico,2024-09-14,Não Convertido,,0.0,Desconhecido,Chad
153751,Instagram,2024-09-13,Não Convertido,,0.0,Conservador,Nicaragua
153752,Instagram,2024-09-14,Não Convertido,,0.0,Moderado,Burkina Faso
153753,TikTok,2024-09-09,Não Convertido,,0.0,Moderado,Angola
153754,Orgânico,2024-09-13,Não Convertido,,0.0,Moderado,Brazil
153755,Indicação,2024-09-11,Não Convertido,,0.0,Desconhecido,Guyana
153756,Facebook,2024-09-13,Não Convertido,,0.0,Desconhecido,Honduras
153757,TikTok,2024-09-12,Não Convertido,,0.0,Conservador,Holy See (Vatican City State)
153758,E-mail Marketing,2024-09-10,Não Convertido,,0.0,Agressivo,North Macedonia
153759,Orgânico,2024-09-09,Não Convertido,,0.0,Agressivo,Mauritius
153760,YouTube Ads,2024-09-14,Não Convertido,,0.0,Agressivo,Congo
153761,Instagram,2024-09-13,Não Convertido,,0.0,Agressivo,Uzbekistan
153762,Orgânico,2024-09-09,Não Convertido,,0.0,Conservador,Ireland
153763,Orgânico,2024-09-12,Não Convertido,,0.0,Agressivo,Vanuatu
153764,TikTok,2024-09-12,Não Convertido,,0.0,Moderado,Morocco
153765,TikTok,2024-09-09,Não Convertido,,0.0,Agressivo,New Caledonia
153766,Orgânico,2024-09-14,Não Convertido,,0.0,Moderado,Kyrgyz Republic
153767,TikTok,2024-09-12,Não Convertido,,0.0,Agressivo,Western Sahara
153768,Indicação,2024-09-09,Não Convertido,,0.0,Conservador,Angola
153769,Orgânico,2024-09-13,Não Convertido,,0.0,Moderado,Yemen
153770,WhatsApp,2024-09-11,Não Convertido,,0.0,Conservador,Montenegro
153771,Instagram,2024-09-14,Não Convertido,,0.0,Agressivo,Guinea-Bissau
153772,E-mail Marketing,2024-09-10,Não Convertido,,0.0,Agressivo,Liberia
153773,Orgânico,2024-09-13,Não Convertido,,0.0,Moderado,Yemen
153774,TikTok,2024-09-13,Não Convertido,,0.0,Agressivo,Equatorial Guinea
153775,Facebook,2024-09-14,Não Convertido,,0.0,Agressivo,Belarus
153776,TikTok,2024-09-09,Não Convertido,,0.0,Agressivo,Swaziland
153777,Google Ads,2024-09-13,Não Convertido,,0.0,Moderado,Philippines
153778,Google Ads,2024-09-10,Não Convertido,,0.0,Moderado,Congo
153779,WhatsApp,2024-09-12,Não Convertido,,0.0,Agressivo,Qatar
153780,E-mail Marketing,2024-09-14,Não Convertido,,0.0,Desconhecido,Hungary
153781,Instagram,2024-09-12,Não Convertido,,0.0,Agressivo,Costa Rica
153782,Facebook,2024-09-10,Não Convertido,,0.0,Moderado,Zimbabwe
153783,TikTok,2024-09-12,Não Convertido,,0.0,Conservador,Central African Republic
153784,YouTube Ads,2024-09-13,Não Convertido,,0.0,Conservador,Jamaica
153785,Google Ads,2024-09-12,Não Convertido,,0.0,Moderado,Congo
153786,Instagram,2024-09-12,Não Convertido,,0.0,Agressivo,Peru
153787,Orgânico,2024-09-10,Não Convertido,,0.0,Agressivo,Monaco
153788,Google Ads,2024-09-13,Não Convertido,,0.0,Moderado,Eritrea
153789,Google Ads,2024-09-12,Não Convertido,,0.0,Moderado,Barbados
153790,Indicação,2024-09-10,Não Convertido,,0.0,Moderado,Iran
153791,Instagram,2024-09-10,Não Convertido,,0.0,Moderado,Turkey
153792,Orgânico,2024-09-13,Não Convertido,,0.0,Desconhecido,Comoros
153793,Google Ads,2024-09-12,Não Convertido,,0.0,Conservador,South Africa
153794,TikTok,2024-09-10,Não Convertido,,0.0,Agressivo,Yemen
153795,Orgânico,2024-09-13,Convertido,27.0,6722.06,Conservador,Suriname
153796,WhatsApp,2024-09-12,Não Convertido,,0.0,Agressivo,Sri Lanka
153797,Facebook,2024-09-11,Não Convertido,,0.0,Agressivo,Cameroon
153798,Orgânico,2024-09-14,Não Convertido,,0.0,Agressivo,Trinidad and Tobago
153799,Facebook,2024-09-14,Não Convertido,,0.0,Agressivo,Cocos (Keeling) Islands
153800,Orgânico,2024-09-11,Não Convertido,,0.0,Conservador,Bulgaria
153801,YouTube Ads,2024-09-10,Não Convertido,,0.0,Desconhecido,Mauritania
153802,Google Ads,2024-09-10,Convertido,7.0,6628.29,Moderado,Qatar
153803,WhatsApp,2024-09-13,Não Convertido,,0.0,Conservador,Korea
153804,Facebook,2024-09-13,Não Convertido,,0.0,Agressivo,Austria
153805,YouTube Ads,2024-09-11,Não Convertido,,0.0,Desconhecido,Greenland
153806,Facebook,2024-09-14,Não Convertido,,0.0,Moderado,British Indian Ocean Territory (Chagos Archipelago)
153807,TikTok,2024-09-13,Não Convertido,,0.0,Moderado,Guinea
153808,Facebook,2024-09-12,Não Convertido,,0.0,Conservador,Jamaica
153809,Instagram,2024-09-09,Não Convertido,,0.0,Moderado,San Marino
153810,Facebook,2024-09-10,Não Convertido,,0.0,Agressivo,Liechtenstein
153811,Facebook,2024-09-13,Não Convertido,,0.0,Agressivo,Svalbard & Jan Mayen Islands
153812,E-mail Marketing,2024-09-11,Não Convertido,,0.0,Desconhecido,Montserrat
153813,Orgânico,2024-09-12,Não Convertido,,0.0,Agressivo,Pitcairn Islands
153814,Orgânico,2024-09-14,Não Convertido,,0.0,Moderado,Uganda
153815,WhatsApp,2024-09-14,Não Convertido,,0.0,Desconhecido,Korea
153816,Facebook,2024-09-14,Não Convertido,,0.0,Agressivo,Liechtenstein
153817,TikTok,2024-09-13,Não Convertido,,0.0,Desconhecido,French Polynesia
153818,TikTok,2024-09-13,Não Convertido,,0.0,Desconhecido,Mauritania
153819,Orgânico,2024-09-14,Não Convertido,,0.0,Conservador,Philippines
153820,Instagram,2024-09-10,Não Convertido,,0.0,Desconhecido,Jordan
153821,Google Ads,2024-09-11,Não Convertido,,0.0,Moderado,Iran
153822,TikTok,2024-09-14,Não Convertido,,0.0,Agressivo,Falkland Islands (Malvinas)
153823,YouTube Ads,2024-09-13,Não Convertido,,0.0,Agressivo,Grenada
153824,E-mail Marketing,2024-09-11,Não Convertido,,0.0,Conservador,Benin
153825,Instagram,2024-09-14,Não Convertido,,0.0,Conservador,Mongolia
153826,YouTube Ads,2024-09-09,Não Convertido,,0.0,Conservador,Romania
153827,WhatsApp,2024-09-10,Não Convertido,,0.0,Moderado,Jamaica
153828,YouTube Ads,2024-09-09,Não Convertido,,0.0,Agressivo,American Samoa
153829,Instagram,2024-09-13,Não Convertido,,0.0,Agressivo,Northern Mariana Islands
153830,Google Ads,2024-09-13,Não Convertido,,0.0,Moderado,Heard Island and McDonald Islands
153831,Facebook,2024-09-10,Não Convertido,,0.0,Desconhecido,Qatar
153832,TikTok,2024-09-10,Não Convertido,,0.0,Agressivo,Netherlands
153833,Facebook,2024-09-12,Não Convertido,,0.0,Moderado,Brunei Darussalam
153834,WhatsApp,2024-09-14,Não Convertido,,0.0,Moderado,Malaysia
153835,YouTube Ads,2024-09-09,Não Convertido,,0.0,Moderado,Malta
153836,TikTok,2024-09-10,Não Convertido,,0.0,Moderado,Reunion
153837,E-mail Marketing,2024-09-11,Não Convertido,,0.0,Moderado,Romania
153838,Google Ads,2024-09-14,Convertido,24.0,9499.62,Conservador,Peru
153839,YouTube Ads,2024-09-13,Não Convertido,,0.0,Moderado,Dominica
153840,Google Ads,2024-09-12,Não Convertido,,0.0,Agressivo,Norway
153841,E-mail Marketing,2024-09-14,Não Convertido,,0.0,Conservador,Ecuador
153842,Orgânico,2024-09-13,Não Convertido,,0.0,Moderado,Bulgaria
153843,TikTok,2024-09-10,Convertido,2.0,9684.83,Moderado,Brazil
153844,E-mail Marketing,2024-09-13,Não Convertido,,0.0,Agressivo,Luxembourg
153845,E-mail Marketing,2024-09-09,Não Convertido,,0.0,Desconhecido,Burkina Faso
153846,TikTok,2024-09-13,Não Convertido,,0.0,Agressivo,Germany
153847,Facebook,2024-09-09,Não Convertido,,0.0,Moderado,Uganda
153848,Indicação,2024-09-11,Não Convertido,,0.0,Agressivo,Niger
153849,WhatsApp,2024-09-11,Não Convertido,,0.0,Agressivo,New Zealand
153850,YouTube Ads,2024-09-12,Não Convertido,,0.0,Moderado,Georgia
153851,Facebook,2024-09-14,Não Convertido,,0.0,Agressivo,Philippines
153852,E-mail Marketing,2024-09-11,Não Convertido,,0.0,Desconhecido,Albania
153853,Orgânico,2024-09-10,Não Convertido,,0.0,Agressivo,Chad
153854,WhatsApp,2024-09-13,Não Convertido,,0.0,Desconhecido,Saint Lucia
153855,TikTok,2024-09-10,Não Convertido,,0.0,Agressivo,Kyrgyz Republic
153856,YouTube Ads,2024-09-12,Convertido,11.0,5436.05,Desconhecido,Namibia
153857,Google Ads,2024-09-10,Não Convertido,,0.0,Moderado,Western Sahara
153858,Instagram,2024-09-13,Não Convertido,,0.0,Moderado,Netherlands Antilles
153859,Orgânico,2024-09-09,Não Convertido,,0.0,Agressivo,Libyan Arab Jamahiriya
153860,Instagram,2024-09-09,Não Convertido,,0.0,Agressivo,Malta
153861,Google Ads,2024-09-09,Não Convertido,,0.0,Moderado,Norway
153862,E-mail Marketing,2024-09-13,Não Convertido,,0.0,Moderado,Cocos (Keeling) Islands
153863,Orgânico,2024-09-10,Não Convertido,,0.0,Moderado,Greece
153864,Google Ads,2024-09-11,Não Convertido,,0.0,Conservador,Libyan Arab Jamahiriya
153865,WhatsApp,2024-09-12,Não Convertido,,0.0,Agressivo,Korea
153866,Orgânico,2024-09-10,Não Convertido,,0.0,Conservador,Myanmar
153867,WhatsApp,2024-09-09,Não Convertido,,0.0,Agressivo,San Marino
153868,Instagram,2024-09-13,Não Convertido,,0.0,Agressivo,British Virgin Islands
153869,E-mail Marketing,2024-09-13,Não Convertido,,0.0,Conservador,Philippines
153870,Facebook,2024-09-14,Não Convertido,,0.0,Conservador,Zimbabwe
153871,Facebook,2024-09-12,Não Convertido,,0.0,Conservador,Netherlands
153872,YouTube Ads,2024-09-13,Não Convertido,,0.0,Moderado,North Macedonia
153873,TikTok,2024-09-10,Não Convertido,,0.0,Agressivo,Sierra Leone
153874,YouTube Ads,2024-09-11,Não Convertido,,0.0,Conservador,Cocos (Keeling) Islands
153875,Instagram,2024-09-10,Não Convertido,,0.0,Conservador,Honduras
153876,TikTok,2024-09-10,Não Convertido,,0.0,Conservador,Trinidad and Tobago
153877,WhatsApp,2024-09-13,Não Convertido,,0.0,Conservador,Monaco
153878,Instagram,2024-09-14,Não Convertido,,0.0,Moderado,San Marino
153879,Orgânico,2024-09-14,Não Convertido,,0.0,Moderado,Ghana
153880,Orgânico,2024-09-10,Não Convertido,,0.0,Agressivo,French Guiana
153881,YouTube Ads,2024-09-14,Não Convertido,,0.0,Moderado,Belarus
153882,Facebook,2024-09-14,Não Convertido,,0.0,Desconhecido,British Virgin Islands
153883,E-mail Marketing,2024-09-14,Não Convertido,,0.0,Conservador,Guinea-Bissau
153884,YouTube Ads,2024-09-11,Não Convertido,,0.0,Moderado,Saint Kitts and Nevis
153885,Orgânico,2024-09-13,Não Convertido,,0.0,Conservador,Serbia
153886,E-mail Marketing,2024-09-12,Não Convertido,,0.0,Agressivo,Antigua and Barbuda
153887,YouTube Ads,2024-09-12,Não Convertido,,0.0,Moderado,Ghana
153888,Orgânico,2024-09-13,Não Convertido,,0.0,Agressivo,South Africa
153889,E-mail Marketing,2024-09-09,Não Convertido,,0.0,Agressivo,Norway
153890,WhatsApp,2024-09-09,Não Convertido,,0.0,Moderado,Antarctica (the territory South of 60 deg S)
153891,Orgânico,2024-09-12,Não Convertido,,0.0,Conservador,Estonia
153892,TikTok,2024-09-11,Não Convertido,,0.0,Conservador,Netherlands Antilles
153893,WhatsApp,2024-09-14,Não Convertido,,0.0,Desconhecido,Christmas Island
153894,Instagram,2024-09-14,Não Convertido,,0.0,Moderado,Swaziland
153895,TikTok,2024-09-13,Não Convertido,,0.0,Conservador,Ghana
153896,Orgânico,2024-09-10,Não Convertido,,0.0,Agressivo,Jersey
153897,Orgânico,2024-09-12,Não Convertido,,0.0,Moderado,Bosnia and Herzegovina
153898,YouTube Ads,2024-09-09,Não Convertido,,0.0,Moderado,Mozambique
153899,Instagram,2024-09-10,Não Convertido,,0.0,Moderado,Cook Islands
153900,TikTok,2024-09-10,Não Convertido,,0.0,Agressivo,Mayotte
153901,YouTube Ads,2024-09-11,Não Convertido,,0.0,Moderado,Nicaragua
153902,Orgânico,2024-09-09,Não Convertido,,0.0,Agressivo,Seychelles
153903,Instagram,2024-09-14,Não Convertido,,0.0,Desconhecido,Palestinian Territory
153904,TikTok,2024-09-12,Não Convertido,,0.0,Agressivo,Netherlands Antilles
153905,Facebook,2024-09-10,Não Convertido,,0.0,Moderado,Kyrgyz Republic
153906,WhatsApp,2024-09-13,Convertido,17.0,4780.61,Moderado,Czech Republic
153907,Indicação,2024-09-12,Não Convertido,,0.0,Agressivo,Czech Republic
153908,WhatsApp,2024-09-11,Não Convertido,,0.0,Conservador,Eritrea
153909,Facebook,2024-09-13,Não Convertido,,0.0,Moderado,Pitcairn Islands
153910,E-mail Marketing,2024-09-12,Não Convertido,,0.0,Agressivo,Tunisia
153911,Instagram,2024-09-11,Não Convertido,,0.0,Moderado,Morocco
153912,E-mail Marketing,2024-09-13,Não Convertido,,0.0,Conservador,Turkmenistan
153913,TikTok,2024-09-10,Convertido,21.0,1832.97,Conservador,Sao Tome and Principe
153914,WhatsApp,2024-09-10,Não Convertido,,0.0,Moderado,Samoa
153915,E-mail Marketing,2024-09-11,Não Convertido,,0.0,Conservador,Jamaica
153916,WhatsApp,2024-09-14,Não Convertido,,0.0,Agressivo,Norfolk Island
153917,Facebook,2024-09-14,Não Convertido,,0.0,Agressivo,Portugal
153918,TikTok,2024-09-11,Não Convertido,,0.0,Moderado,Bouvet Island (Bouvetoya)
153919,YouTube Ads,2024-09-11,Não Convertido,,0.0,Moderado,Hungary
153920,E-mail Marketing,2024-09-13,Não Convertido,,0.0,Conservador,Taiwan
153921,Instagram,2024-09-13,Não Convertido,,0.0,Agressivo,Seychelles
153922,Orgânico,2024-09-13,Não Convertido,,0.0,Desconhecido,Thailand
153923,Orgânico,2024-09-12,Não Convertido,,0.0,Moderado,Chad
153924,TikTok,2024-09-13,Não Convertido,,0.0,Desconhecido,Aruba
153925,Orgânico,2024-09-13,Não Convertido,,0.0,Moderado,United States Virgin Islands
153926,Orgânico,2024-09-14,Não Convertido,,0.0,Moderado,Ukraine
153927,TikTok,2024-09-12,Não Convertido,,0.0,Desconhecido,Cameroon
153928,TikTok,2024-09-09,Não Convertido,,0.0,Conservador,American Samoa
153929,Instagram,2024-09-10,Não Convertido,,0.0,Agressivo,Burkina Faso
153930,TikTok,2024-09-11,Não Convertido,,0.0,Agressivo,Heard Island and McDonald Islands
153931,Indicação,2024-09-11,Convertido,8.0,9491.5,Moderado,Papua New Guinea
153932,Facebook,2024-09-11,Não Convertido,,0.0,Agressivo,Kazakhstan
153933,WhatsApp,2024-09-14,Não Convertido,,0.0,Agressivo,El Salvador
153934,Facebook,2024-09-13,Não Convertido,,0.0,Agressivo,El Salvador
153935,Instagram,2024-09-09,Não Convertido,,0.0,Agressivo,Canada
153936,Orgânico,2024-09-14,Não Convertido,,0.0,Moderado,El Salvador
153937,Orgânico,2024-09-09,Não Convertido,,0.0,Moderado,Ireland
153938,Instagram,2024-09-13,Não Convertido,,0.0,Agressivo,Nicaragua
153939,TikTok,2024-09-10,Não Convertido,,0.0,Agressivo,Zimbabwe
153940,Instagram,2024-09-14,Não Convertido,,0.0,Conservador,Costa Rica
153941,Indicação,2024-09-11,Não Convertido,,0.0,Moderado,Brunei Darussalam
153942,Facebook,2024-09-11,Não Convertido,,0.0,Conservador,Afghanistan
153943,Orgânico,2024-09-09,Não Convertido,,0.0,Conservador,Austria
153944,Facebook,2024-09-13,Não Convertido,,0.0,Moderado,Venezuela
153945,Orgânico,2024-09-13,Convertido,0.0,2800.56,Desconhecido,Turkey
153946,E-mail Marketing,2024-09-11,Não Convertido,,0.0,Moderado,Slovenia
153947,Orgânico,2024-09-11,Não Convertido,,0.0,Desconhecido,Serbia
153948,Orgânico,2024-09-14,Não Convertido,,0.0,Moderado,Trinidad and Tobago
153949,E-mail Marketing,2024-09-12,Não Convertido,,0.0,Conservador,Guinea
153950,Google Ads,2024-09-09,Não Convertido,,0.0,Agressivo,Canada
153951,Facebook,2024-09-14,Não Convertido,,0.0,Agressivo,Papua New Guinea
153952,Orgânico,2024-09-11,Não Convertido,,0.0,Conservador,Micronesia
153953,Instagram,2024-09-12,Não Convertido,,0.0,Agressivo,Reunion
153954,Orgânico,2024-09-12,Não Convertido,,0.0,Agressivo,Sierra Leone
153955,Orgânico,2024-09-11,Não Convertido,,0.0,Agressivo,French Guiana
153956,YouTube Ads,2024-09-13,Não Convertido,,0.0,Moderado,Nauru
153957,Facebook,2024-09-09,Não Convertido,,0.0,Moderado,Dominican Republic
153958,TikTok,2024-09-10,Não Convertido,,0.0,Conservador,Timor-Leste
153959,Orgânico,2024-09-14,Convertido,10.0,1802.02,Moderado,Zimbabwe
153960,WhatsApp,2024-09-14,Não Convertido,,0.0,Agressivo,Paraguay
153961,Orgânico,2024-09-10,Convertido,4.0,3504.62,Moderado,Burundi
153962,Orgânico,2024-09-09,Não Convertido,,0.0,Agressivo,South Georgia and the South Sandwich Islands
153963,Google Ads,2024-09-13,Não Convertido,,0.0,Desconhecido,Norfolk Island
153964,Facebook,2024-09-10,Não Convertido,,0.0,Conservador,Barbados
153965,Orgânico,2024-09-12,Não Convertido,,0.0,Conservador,Uzbekistan
153966,Instagram,2024-09-12,Não Convertido,,0.0,Moderado,Sao Tome and Principe
153967,TikTok,2024-09-11,Não Convertido,,0.0,Agressivo,Azerbaijan
153968,Orgânico,2024-09-12,Não Convertido,,0.0,Moderado,Nepal
153969,Orgânico,2024-09-09,Não Convertido,,0.0,Conservador,Liberia
153970,TikTok,2024-09-11,Não Convertido,,0.0,Moderado,Liechtenstein
153971,Facebook,2024-09-11,Não Convertido,,0.0,Agressivo,Bosnia and Herzegovina
153972,YouTube Ads,2024-09-12,Não Convertido,,0.0,Agressivo,Gambia
153973,Instagram,2024-09-12,Não Convertido,,0.0,Moderado,Uganda
153974,WhatsApp,2024-09-10,Não Convertido,,0.0,Agressivo,Saint Barthelemy
153975,TikTok,2024-09-12,Não Convertido,,0.0,Conservador,Aruba
153976,TikTok,2024-09-09,Não Convertido,,0.0,Conservador,Montenegro
153977,YouTube Ads,2024-09-14,Convertido,15.0,5028.13,Moderado,Uruguay
153978,TikTok,2024-09-10,Não Convertido,,0.0,Moderado,Bouvet Island (Bouvetoya)
153979,E-mail Marketing,2024-09-09,Não Convertido,,0.0,Moderado,Saint Vincent and the Grenadines
153980,Orgânico,2024-09-12,Não Convertido,,0.0,Moderado,Egypt
153981,Orgânico,2024-09-10,Não Convertido,,0.0,Moderado,Norfolk Island
153982,Orgânico,2024-09-10,Não Convertido,,0.0,Moderado,New Zealand
153983,Google Ads,2024-09-14,Não Convertido,,0.0,Moderado,United States Minor Outlying Islands
153984,WhatsApp,2024-09-10,Não Convertido,,0.0,Conservador,Jordan
153985,Facebook,2024-09-13,Não Convertido,,0.0,Moderado,United States Virgin Islands
153986,Instagram,2024-09-13,Convertido,2.0,3652.3,Agressivo,French Guiana
153987,TikTok,2024-09-14,Não Convertido,,0.0,Conservador,Morocco
153988,Orgânico,2024-09-11,Não Convertido,,0.0,Agressivo,Montserrat
153989,TikTok,2024-09-09,Não Convertido,,0.0,Desconhecido,Isle of Man
153990,WhatsApp,2024-09-11,Não Convertido,,0.0,Moderado,Nepal
153991,Facebook,2024-09-09,Não Convertido,,0.0,Desconhecido,Tajikistan
153992,Facebook,2024-09-14,Não Convertido,,0.0,Moderado,Antarctica (the territory South of 60 deg S)
153993,WhatsApp,2024-09-10,Não Convertido,,0.0,Moderado,Oman
153994,TikTok,2024-09-12,Não Convertido,,0.0,Desconhecido,Jersey
153995,Orgânico,2024-09-14,Não Convertido,,0.0,Agressivo,Cote d'Ivoire
153996,WhatsApp,2024-09-13,Não Convertido,,0.0,Moderado,Azerbaijan
153997,YouTube Ads,2024-09-11,Não Convertido,,0.0,Agressivo,Netherlands Antilles
153998,Instagram,2024-09-11,Não Convertido,,0.0,Conservador,Paraguay
153999,Orgânico,2024-09-14,Não Convertido,,0.0,Conservador,Falkland Islands (Malvinas)
154000,Instagram,2024-09-12,Não Convertido,,0.0,Moderado,Portugal
154001,YouTube Ads,2024-09-09,Não Convertido,,0.0,Conservador,Cote d'Ivoire
154002,Indicação,2024-09-12,Não Convertido,,0.0,Moderado,Slovakia (Slovak Republic)
154003,TikTok,2024-09-11,Convertido,28.0,8559.24,Agressivo,Brazil
154004,Instagram,2024-09-10,Não Convertido,,0.0,Conservador,Equatorial Guinea
154005,YouTube Ads,2024-09-11,Não Convertido,,0.0,Conservador,Fiji
154006,Orgânico,2024-09-13,Não Convertido,,0.0,Moderado,Argentina
154007,Orgânico,2024-09-10,Não Convertido,,0.0,Moderado,Iceland
154008,Orgânico,2024-09-14,Não Convertido,,0.0,Conservador,Grenada
154009,Google Ads,2024-09-10,Não Convertido,,0.0,Desconhecido,Greece
154010,TikTok,2024-09-10,Não Convertido,,0.0,Desconhecido,Colombia
154011,YouTube Ads,2024-09-12,Não Convertido,,0.0,Moderado,Uzbekistan
154012,Orgânico,2024-09-09,Não Convertido,,0.0,Conservador,Nigeria
154013,Instagram,2024-09-09,Não Convertido,,0.0,Moderado,Honduras
154014,Orgânico,2024-09-13,Não Convertido,,0.0,Agressivo,Reunion
154015,TikTok,2024-09-14,Não Convertido,,0.0,Agressivo,Paraguay
154016,Facebook,2024-09-14,Convertido,4.0,4909.47,Agressivo,Kiribati
154017,Instagram,2024-09-11,Não Convertido,,0.0,Agressivo,Guinea-Bissau
154018,Orgânico,2024-09-13,Não Convertido,,0.0,Moderado,Paraguay
154019,WhatsApp,2024-09-11,Não Convertido,,0.0,Agressivo,Zimbabwe
154020,Facebook,2024-09-13,Não Convertido,,0.0,Agressivo,Saint Vincent and the Grenadines
154021,Google Ads,2024-09-13,Convertido,7.0,6096.7,Agressivo,Hong Kong
154022,E-mail Marketing,2024-09-10,Não Convertido,,0.0,Desconhecido,Peru
154023,Instagram,2024-09-14,Convertido,18.0,3256.42,Moderado,Zimbabwe
154024,Google Ads,2024-09-09,Não Convertido,,0.0,Agressivo,Saint Vincent and the Grenadines
154025,WhatsApp,2024-09-10,Não Convertido,,0.0,Moderado,El Salvador
154026,E-mail Marketing,2024-09-12,Não Convertido,,0.0,Conservador,Wallis and Futuna
154027,TikTok,2024-09-12,Não Convertido,,0.0,Moderado,Jamaica
154028,Instagram,2024-09-12,Não Convertido,,0.0,Conservador,Brunei Darussalam
154029,Orgânico,2024-09-10,Não Convertido,,0.0,Conservador,Cuba
154030,Orgânico,2024-09-12,Não Convertido,,0.0,Agressivo,Lesotho
154031,YouTube Ads,2024-09-14,Não Convertido,,0.0,Moderado,Tunisia
154032,Facebook,2024-09-14,Não Convertido,,0.0,Moderado,Trinidad and Tobago
154033,Google Ads,2024-09-13,Não Convertido,,0.0,Desconhecido,Spain
154034,Orgânico,2024-09-11,Não Convertido,,0.0,Agressivo,Trinidad and Tobago
154035,TikTok,2024-09-14,Não Convertido,,0.0,Moderado,Bahrain
154036,Instagram,2024-09-13,Não Convertido,,0.0,Agressivo,Mauritania
154037,TikTok,2024-09-10,Não Convertido,,0.0,Moderado,Holy See (Vatican City State)
154038,WhatsApp,2024-09-14,Não Convertido,,0.0,Agressivo,Lithuania
154039,YouTube Ads,2024-09-11,Não Convertido,,0.0,Conservador,Liberia
154040,YouTube Ads,2024-09-10,Não Convertido,,0.0,Agressivo,Eritrea
154041,Instagram,2024-09-09,Não Convertido,,0.0,Conservador,Tokelau
154042,YouTube Ads,2024-09-11,Não Convertido,,0.0,Agressivo,Bhutan
154043,Facebook,2024-09-11,Não Convertido,,0.0,Moderado,Bulgaria
154044,Instagram,2024-09-14,Não Convertido,,0.0,Agressivo,Tonga
154045,TikTok,2024-09-10,Não Convertido,,0.0,Moderado,Solomon Islands
154046,E-mail Marketing,2024-09-13,Não Convertido,,0.0,Conservador,Timor-Leste
154047,TikTok,2024-09-12,Não Convertido,,0.0,Conservador,Cook Islands
154048,E-mail Marketing,2024-09-10,Não Convertido,,0.0,Agressivo,Cuba
154049,Orgânico,2024-09-11,Não Convertido,,0.0,Agressivo,Tajikistan
154050,E-mail Marketing,2024-09-14,Não Convertido,,0.0,Agressivo,Seychelles
154051,Orgânico,2024-09-10,Convertido,24.0,3300.05,Conservador,Heard Island and McDonald Islands
154052,Google Ads,2024-09-12,Não Convertido,,0.0,Agressivo,Japan
154053,Instagram,2024-09-12,Não Convertido,,0.0,Moderado,Niger
154054,E-mail Marketing,2024-09-09,Não Convertido,,0.0,Desconhecido,Kyrgyz Republic
154055,E-mail Marketing,2024-09-10,Não Convertido,,0.0,Moderado,Egypt
154056,E-mail Marketing,2024-09-14,Não Convertido,,0.0,Moderado,Malta
154057,TikTok,2024-09-10,Não Convertido,,0.0,Moderado,Belarus
154058,Facebook,2024-09-12,Não Convertido,,0.0,Conservador,Ireland
154059,Instagram,2024-09-13,Não Convertido,,0.0,Conservador,Saint Pierre and Miquelon
154060,Orgânico,2024-09-13,Não Convertido,,0.0,Conservador,Spain
154061,Orgânico,2024-09-14,Não Convertido,,0.0,Agressivo,Venezuela
154062,TikTok,2024-09-12,Não Convertido,,0.0,Agressivo,China
154063,Orgânico,2024-09-14,Não Convertido,,0.0,Agressivo,India
154064,Google Ads,2024-09-09,Não Convertido,,0.0,Moderado,Lesotho
154065,Google Ads,2024-09-09,Não Convertido,,0.0,Agressivo,Saint Barthelemy
154066,E-mail Marketing,2024-09-09,Não Convertido,,0.0,Agressivo,Yemen
154067,Instagram,2024-09-12,Não Convertido,,0.0,Moderado,Macao
154068,Google Ads,2024-09-11,Não Convertido,,0.0,Agressivo,Peru
154069,Facebook,2024-09-11,Não Convertido,,0.0,Desconhecido,Qatar
154070,Facebook,2024-09-14,Não Convertido,,0.0,Moderado,Madagascar
154071,Instagram,2024-09-11,Não Convertido,,0.0,Moderado,Montserrat
154072,Indicação,2024-09-12,Não Convertido,,0.0,Conservador,Svalbard & Jan Mayen Islands
154073,Orgânico,2024-09-10,Não Convertido,,0.0,Desconhecido,Jordan
154074,E-mail Marketing,2024-09-09,Não Convertido,,0.0,Desconhecido,Russian Federation
154075,Instagram,2024-09-11,Não Convertido,,0.0,Agressivo,Jordan
154076,TikTok,2024-09-13,Não Convertido,,0.0,Moderado,Mozambique
154077,WhatsApp,2024-09-12,Não Convertido,,0.0,Conservador,Eritrea
154078,Orgânico,2024-09-13,Não Convertido,,0.0,Conservador,Croatia
154079,YouTube Ads,2024-09-10,Não Convertido,,0.0,Moderado,Latvia
154080,E-mail Marketing,2024-09-12,Não Convertido,,0.0,Moderado,Australia
154081,YouTube Ads,2024-09-13,Não Convertido,,0.0,Moderado,Latvia
154082,WhatsApp,2024-09-14,Não Convertido,,0.0,Conservador,Bangladesh
154083,Indicação,2024-09-09,Não Convertido,,0.0,Moderado,Saint Vincent and the Grenadines
154084,Instagram,2024-09-13,Não Convertido,,0.0,Conservador,Northern Mariana Islands
154085,WhatsApp,2024-09-10,Não Convertido,,0.0,Moderado,Costa Rica
154086,WhatsApp,2024-09-09,Não Convertido,,0.0,Moderado,Namibia
154087,Orgânico,2024-09-09,Não Convertido,,0.0,Agressivo,Uzbekistan
154088,Instagram,2024-09-12,Não Convertido,,0.0,Desconhecido,Brunei Darussalam
154089,Instagram,2024-09-10,Não Convertido,,0.0,Moderado,Japan
154090,Instagram,2024-09-13,Não Convertido,,0.0,Conservador,Malaysia
154091,Orgânico,2024-09-11,Não Convertido,,0.0,Moderado,Bulgaria
154092,Orgânico,2024-09-09,Não Convertido,,0.0,Moderado,Kyrgyz Republic
154093,TikTok,2024-09-10,Não Convertido,,0.0,Moderado,Afghanistan
154094,E-mail Marketing,2024-09-14,Não Convertido,,0.0,Moderado,Cape Verde
154095,E-mail Marketing,2024-09-14,Não Convertido,,0.0,Conservador,Puerto Rico
154096,YouTube Ads,2024-09-11,Não Convertido,,0.0,Desconhecido,Antigua and Barbuda
154097,Google Ads,2024-09-09,Não Convertido,,0.0,Agressivo,Saudi Arabia
154098,Orgânico,2024-09-13,Não Convertido,,0.0,Desconhecido,Georgia
154099,Instagram,2024-09-09,Não Convertido,,0.0,Desconhecido,French Polynesia
154100,Instagram,2024-09-12,Não Convertido,,0.0,Moderado,Burkina Faso
154101,Facebook,2024-09-09,Não Convertido,,0.0,Agressivo,Germany
154102,Google Ads,2024-09-11,Não Convertido,,0.0,Moderado,Fiji
154103,E-mail Marketing,2024-09-09,Não Convertido,,0.0,Agressivo,Slovenia
154104,E-mail Marketing,2024-09-11,Não Convertido,,0.0,Agressivo,Uruguay
154105,WhatsApp,2024-09-09,Não Convertido,,0.0,Moderado,Mayotte
154106,TikTok,2024-09-11,Convertido,13.0,176.97,Conservador,Saint Helena
154107,Orgânico,2024-09-09,Não Convertido,,0.0,Moderado,Falkland Islands (Malvinas)
154108,YouTube Ads,2024-09-09,Não Convertido,,0.0,Agressivo,Lebanon
154109,YouTube Ads,2024-09-10,Não Convertido,,0.0,Moderado,Djibouti
154110,Orgânico,2024-09-14,Não Convertido,,0.0,Agressivo,Macao
154111,TikTok,2024-09-11,Não Convertido,,0.0,Moderado,Argentina
154112,E-mail Marketing,2024-09-14,Não Convertido,,0.0,Agressivo,Romania
154113,TikTok,2024-09-10,Não Convertido,,0.0,Conservador,Cayman Islands
154114,E-mail Marketing,2024-09-11,Não Convertido,,0.0,Moderado,Trinidad and Tobago
154115,Instagram,2024-09-11,Não Convertido,,0.0,Moderado,Taiwan
154116,E-mail Marketing,2024-09-11,Não Convertido,,0.0,Conservador,Azerbaijan
154117,TikTok,2024-09-11,Não Convertido,,0.0,Moderado,Tokelau
154118,WhatsApp,2024-09-10,Não Convertido,,0.0,Moderado,Canada
154119,Google Ads,2024-09-10,Não Convertido,,0.0,Moderado,Seychelles
154120,Google Ads,2024-09-10,Não Convertido,,0.0,Moderado,Syrian Arab Republic
154121,TikTok,2024-09-11,Não Convertido,,0.0,Desconhecido,Georgia
154122,YouTube Ads,2024-09-13,Não Convertido,,0.0,Moderado,Dominican Republic
154123,TikTok,2024-09-12,Não Convertido,,0.0,Moderado,Guatemala
154124,YouTube Ads,2024-09-09,Não Convertido,,0.0,Conservador,Cameroon
154125,Google Ads,2024-09-09,Não Convertido,,0.0,Agressivo,French Polynesia
154126,Orgânico,2024-09-14,Não Convertido,,0.0,Conservador,Madagascar
154127,YouTube Ads,2024-09-10,Não Convertido,,0.0,Agressivo,Grenada
154128,Instagram,2024-09-13,Não Convertido,,0.0,Agressivo,Svalbard & Jan Mayen Islands
154129,WhatsApp,2024-09-14,Não Convertido,,0.0,Moderado,Cambodia
154130,Instagram,2024-09-11,Não Convertido,,0.0,Agressivo,Puerto Rico
154131,WhatsApp,2024-09-11,Não Convertido,,0.0,Agressivo,Antigua and Barbuda
154132,Google Ads,2024-09-10,Não Convertido,,0.0,Agressivo,India
154133,WhatsApp,2024-09-12,Não Convertido,,0.0,Agressivo,Slovakia (Slovak Republic)
154134,TikTok,2024-09-10,Não Convertido,,0.0,Conservador,Madagascar
154135,Facebook,2024-09-13,Não Convertido,,0.0,Agressivo,Estonia
154136,Instagram,2024-09-09,Não Convertido,,0.0,Agressivo,Malaysia
154137,E-mail Marketing,2024-09-11,Não Convertido,,0.0,Conservador,Iran
154138,Orgânico,2024-09-14,Não Convertido,,0.0,Moderado,Andorra
154139,TikTok,2024-09-11,Não Convertido,,0.0,Agressivo,Sierra Leone
154140,WhatsApp,2024-09-11,Não Convertido,,0.0,Agressivo,Gibraltar
154141,Google Ads,2024-09-09,Não Convertido,,0.0,Agressivo,Suriname
154142,Facebook,2024-09-10,Não Convertido,,0.0,Moderado,Bouvet Island (Bouvetoya)
154143,Instagram,2024-09-14,Não Convertido,,0.0,Moderado,Puerto Rico
154144,TikTok,2024-09-13,Não Convertido,,0.0,Conservador,Niger
154145,Facebook,2024-09-14,Não Convertido,,0.0,Agressivo,Jamaica
154146,Orgânico,2024-09-12,Não Convertido,,0.0,Agressivo,Belgium
154147,Instagram,2024-09-13,Não Convertido,,0.0,Agressivo,Yemen
154148,Facebook,2024-09-11,Não Convertido,,0.0,Moderado,Costa Rica
154149,TikTok,2024-09-12,Não Convertido,,0.0,Agressivo,French Southern Territories
154150,Instagram,2024-09-14,Não Convertido,,0.0,Desconhecido,Belgium
154151,Google Ads,2024-09-12,Não Convertido,,0.0,Moderado,Bangladesh
154152,YouTube Ads,2024-09-14,Não Convertido,,0.0,Moderado,Montserrat
154153,Instagram,2024-09-09,Não Convertido,,0.0,Moderado,Holy See (Vatican City State)
154154,TikTok,2024-09-10,Não Convertido,,0.0,Agressivo,British Indian Ocean Territory (Chagos Archipelago)
154155,YouTube Ads,2024-09-12,Não Convertido,,0.0,Moderado,Hong Kong
154156,Facebook,2024-09-14,Não Convertido,,0.0,Agressivo,Italy
154157,TikTok,2024-09-11,Não Convertido,,0.0,Conservador,United States of America
154158,WhatsApp,2024-09-12,Não Convertido,,0.0,Agressivo,American Samoa
154159,TikTok,2024-09-10,Não Convertido,,0.0,Agressivo,Malawi
154160,Indicação,2024-09-11,Não Convertido,,0.0,Agressivo,Georgia
154161,Orgânico,2024-09-09,Não Convertido,,0.0,Conservador,Gambia
154162,Facebook,2024-09-14,Não Convertido,,0.0,Agressivo,American Samoa
154163,TikTok,2024-09-13,Não Convertido,,0.0,Agressivo,Saint Pierre and Miquelon
154164,YouTube Ads,2024-09-14,Não Convertido,,0.0,Moderado,Solomon Islands
154165,TikTok,2024-09-11,Não Convertido,,0.0,Moderado,Botswana
154166,E-mail Marketing,2024-09-09,Não Convertido,,0.0,Agressivo,Grenada
154167,Orgânico,2024-09-09,Não Convertido,,0.0,Conservador,Cayman Islands
154168,Orgânico,2024-09-14,Não Convertido,,0.0,Moderado,Fiji
154169,YouTube Ads,2024-09-10,Não Convertido,,0.0,Conservador,Morocco
154170,Orgânico,2024-09-12,Não Convertido,,0.0,Conservador,Lithuania
154171,E-mail Marketing,2024-09-14,Não Convertido,,0.0,Conservador,Saint Barthelemy
154172,Facebook,2024-09-10,Não Convertido,,0.0,Agressivo,Thailand
154173,Google Ads,2024-09-09,Não Convertido,,0.0,Agressivo,New Caledonia
154174,Facebook,2024-09-09,Não Convertido,,0.0,Agressivo,Burundi
154175,Google Ads,2024-09-14,Não Convertido,,0.0,Moderado,Micronesia
154176,Facebook,2024-09-09,Não Convertido,,0.0,Conservador,Bosnia and Herzegovina
154177,YouTube Ads,2024-09-11,Convertido,24.0,9557.42,Desconhecido,Mauritania
154178,Orgânico,2024-09-13,Não Convertido,,0.0,Agressivo,Timor-Leste
154179,E-mail Marketing,2024-09-11,Não Convertido,,0.0,Moderado,Bosnia and Herzegovina
154180,WhatsApp,2024-09-12,Não Convertido,,0.0,Conservador,Saint Helena
154181,Google Ads,2024-09-11,Não Convertido,,0.0,Conservador,Saudi Arabia
154182,YouTube Ads,2024-09-11,Não Convertido,,0.0,Moderado,Faroe Islands
154183,TikTok,2024-09-11,Não Convertido,,0.0,Moderado,Belize
154184,Instagram,2024-09-12,Não Convertido,,0.0,Moderado,United Kingdom
154185,Facebook,2024-09-13,Convertido,28.0,6162.41,Conservador,Albania
154186,Instagram,2024-09-10,Não Convertido,,0.0,Conservador,Reunion
154187,Facebook,2024-09-09,Não Convertido,,0.0,Agressivo,Guam
154188,Google Ads,2024-09-14,Não Convertido,,0.0,Conservador,United States Minor Outlying Islands
154189,Google Ads,2024-09-14,Não Convertido,,0.0,Moderado,Uruguay
154190,E-mail Marketing,2024-09-14,Não Convertido,,0.0,Agressivo,Iran
154191,E-mail Marketing,2024-09-13,Não Convertido,,0.0,Desconhecido,Saint Vincent and the Grenadines
154192,Orgânico,2024-09-13,Não Convertido,,0.0,Conservador,Italy
154193,E-mail Marketing,2024-09-09,Não Convertido,,0.0,Moderado,Guernsey
154194,Google Ads,2024-09-11,Não Convertido,,0.0,Moderado,Venezuela
154195,E-mail Marketing,2024-09-11,Não Convertido,,0.0,Moderado,South Africa
154196,TikTok,2024-09-13,Não Convertido,,0.0,Desconhecido,Macao
154197,Orgânico,2024-09-14,Não Convertido,,0.0,Moderado,Solomon Islands
154198,Orgânico,2024-09-12,Não Convertido,,0.0,Desconhecido,Cook Islands
154199,E-mail Marketing,2024-09-13,Não Convertido,,0.0,Agressivo,South Africa
154200,E-mail Marketing,2024-09-10,Não Convertido,,0.0,Moderado,Vietnam
154201,Google Ads,2024-09-13,Não Convertido,,0.0,Moderado,Tanzania
154202,Google Ads,2024-09-09,Não Convertido,,0.0,Conservador,Ecuador
154203,Orgânico,2024-09-09,Não Convertido,,0.0,Conservador,Palestinian Territory
154204,TikTok,2024-09-11,Não Convertido,,0.0,Desconhecido,Paraguay
154205,Instagram,2024-09-14,Não Convertido,,0.0,Agressivo,Antarctica (the territory South of 60 deg S)
154206,Indicação,2024-09-12,Não Convertido,,0.0,Desconhecido,Indonesia
154207,Instagram,2024-09-12,Não Convertido,,0.0,Moderado,Andorra
154208,Facebook,2024-09-14,Não Convertido,,0.0,Agressivo,United States Virgin Islands
154209,TikTok,2024-09-14,Não Convertido,,0.0,Moderado,French Polynesia
154210,WhatsApp,2024-09-11,Não Convertido,,0.0,Conservador,Armenia
154211,YouTube Ads,2024-09-12,Não Convertido,,0.0,Conservador,Eritrea
154212,Instagram,2024-09-09,Não Convertido,,0.0,Moderado,Turks and Caicos Islands
154213,Orgânico,2024-09-12,Não Convertido,,0.0,Agressivo,Falkland Islands (Malvinas)
154214,Google Ads,2024-09-11,Não Convertido,,0.0,Conservador,Slovakia (Slovak Republic)
154215,Orgânico,2024-09-09,Não Convertido,,0.0,Moderado,Palestinian Territory
154216,Facebook,2024-09-14,Não Convertido,,0.0,Moderado,Italy
154217,Facebook,2024-09-12,Convertido,19.0,8730.29,Agressivo,Algeria
154218,Google Ads,2024-09-11,Não Convertido,,0.0,Moderado,Bhutan
154219,Instagram,2024-09-13,Não Convertido,,0.0,Desconhecido,Barbados
154220,Orgânico,2024-09-11,Não Convertido,,0.0,Conservador,Lesotho
154221,Google Ads,2024-09-11,Não Convertido,,0.0,Conservador,Saint Martin
154222,Google Ads,2024-09-11,Não Convertido,,0.0,Moderado,Jamaica
154223,E-mail Marketing,2024-09-10,Não Convertido,,0.0,Moderado,Canada
154224,Google Ads,2024-09-13,Não Convertido,,0.0,Moderado,Gambia
154225,YouTube Ads,2024-09-11,Não Convertido,,0.0,Moderado,Italy
154226,Orgânico,2024-09-12,Não Convertido,,0.0,Moderado,Niger
154227,Orgânico,2024-09-10,Não Convertido,,0.0,Moderado,Maldives
154228,Instagram,2024-09-14,Não Convertido,,0.0,Agressivo,Rwanda
154229,TikTok,2024-09-14,Não Convertido,,0.0,Desconhecido,Armenia
154230,Orgânico,2024-09-11,Não Convertido,,0.0,Moderado,Isle of Man
154231,Orgânico,2024-09-11,Não Convertido,,0.0,Conservador,Armenia
154232,Orgânico,2024-09-11,Não Convertido,,0.0,Moderado,Comoros
154233,E-mail Marketing,2024-09-11,Não Convertido,,0.0,Conservador,France
154234,Instagram,2024-09-12,Não Convertido,,0.0,Moderado,Gabon
154235,Orgânico,2024-09-09,Não Convertido,,0.0,Agressivo,Heard Island and McDonald Islands
154236,E-mail Marketing,2024-09-12,Não Convertido,,0.0,Moderado,Burkina Faso
154237,Orgânico,2024-09-12,Não Convertido,,0.0,Conservador,Seychelles
154238,Google Ads,2024-09-14,Não Convertido,,0.0,Agressivo,Germany
154239,Orgânico,2024-09-13,Não Convertido,,0.0,Agressivo,Martinique
154240,WhatsApp,2024-09-13,Não Convertido,,0.0,Moderado,South Georgia and the South Sandwich Islands
154241,Google Ads,2024-09-09,Não Convertido,,0.0,Moderado,Tonga
154242,Orgânico,2024-09-14,Não Convertido,,0.0,Conservador,Senegal
154243,Google Ads,2024-09-09,Não Convertido,,0.0,Conservador,Colombia
154244,Indicação,2024-09-11,Não Convertido,,0.0,Moderado,Bahamas
154245,Instagram,2024-09-13,Não Convertido,,0.0,Conservador,Vietnam
154246,Google Ads,2024-09-11,Não Convertido,,0.0,Moderado,Guam
154247,TikTok,2024-09-10,Não Convertido,,0.0,Moderado,Czech Republic
154248,WhatsApp,2024-09-09,Não Convertido,,0.0,Agressivo,Japan
154249,Orgânico,2024-09-10,Não Convertido,,0.0,Agressivo,El Salvador
154250,E-mail Marketing,2024-09-10,Não Convertido,,0.0,Moderado,Sudan
154251,E-mail Marketing,2024-09-10,Não Convertido,,0.0,Conservador,Palestinian Territory
154252,YouTube Ads,2024-09-11,Não Convertido,,0.0,Agressivo,Slovenia
154253,YouTube Ads,2024-09-09,Não Convertido,,0.0,Agressivo,Austria
154254,TikTok,2024-09-09,Não Convertido,,0.0,Moderado,Mauritania
154255,E-mail Marketing,2024-09-14,Não Convertido,,0.0,Agressivo,Gibraltar
154256,Orgânico,2024-09-12,Não Convertido,,0.0,Moderado,Egypt
154257,E-mail Marketing,2024-09-12,Não Convertido,,0.0,Agressivo,British Indian Ocean Territory (Chagos Archipelago)
154258,Facebook,2024-09-11,Não Convertido,,0.0,Agressivo,Papua New Guinea
154259,WhatsApp,2024-09-13,Não Convertido,,0.0,Desconhecido,Sweden
154260,E-mail Marketing,2024-09-12,Não Convertido,,0.0,Conservador,Argentina
154261,TikTok,2024-09-14,Não Convertido,,0.0,Moderado,Uganda
154262,E-mail Marketing,2024-09-10,Não Convertido,,0.0,Moderado,Honduras
154263,Orgânico,2024-09-12,Não Convertido,,0.0,Moderado,Trinidad and Tobago
154264,YouTube Ads,2024-09-12,Não Convertido,,0.0,Moderado,Ethiopia
154265,Instagram,2024-09-09,Não Convertido,,0.0,Agressivo,Bahrain
154266,Instagram,2024-09-11,Não Convertido,,0.0,Desconhecido,Mongolia
154267,Orgânico,2024-09-14,Não Convertido,,0.0,Agressivo,South Africa
154268,Orgânico,2024-09-10,Convertido,19.0,2534.05,Agressivo,Denmark
154269,Google Ads,2024-09-12,Não Convertido,,0.0,Agressivo,Saint Lucia
154270,E-mail Marketing,2024-09-13,Não Convertido,,0.0,Moderado,Turkey
154271,YouTube Ads,2024-09-11,Não Convertido,,0.0,Conservador,Tonga
154272,Google Ads,2024-09-11,Não Convertido,,0.0,Agressivo,Panama
154273,Google Ads,2024-09-11,Não Convertido,,0.0,Desconhecido,Norfolk Island
154274,WhatsApp,2024-09-12,Não Convertido,,0.0,Desconhecido,Syrian Arab Republic
154275,E-mail Marketing,2024-09-09,Não Convertido,,0.0,Moderado,Italy
154276,Orgânico,2024-09-13,Não Convertido,,0.0,Moderado,Svalbard & Jan Mayen Islands
154277,TikTok,2024-09-11,Não Convertido,,0.0,Agressivo,Bolivia
154278,Orgânico,2024-09-10,Convertido,30.0,9897.32,Desconhecido,Liberia
154279,Indicação,2024-09-12,Não Convertido,,0.0,Agressivo,Bosnia and Herzegovina
154280,TikTok,2024-09-13,Não Convertido,,0.0,Conservador,New Caledonia
154281,Orgânico,2024-09-09,Não Convertido,,0.0,Conservador,Pitcairn Islands
154282,Instagram,2024-09-11,Não Convertido,,0.0,Desconhecido,French Polynesia
154283,Facebook,2024-09-13,Não Convertido,,0.0,Moderado,Anguilla
154284,Indicação,2024-09-09,Convertido,23.0,5185.54,Desconhecido,Chad
154285,Instagram,2024-09-09,Não Convertido,,0.0,Moderado,Finland
154286,Facebook,2024-09-10,Não Convertido,,0.0,Agressivo,Kyrgyz Republic
154287,E-mail Marketing,2024-09-14,Não Convertido,,0.0,Moderado,Greenland
154288,E-mail Marketing,2024-09-10,Não Convertido,,0.0,Conservador,Jersey
154289,Orgânico,2024-09-10,Não Convertido,,0.0,Agressivo,Zambia
154290,E-mail Marketing,2024-09-11,Não Convertido,,0.0,Moderado,Switzerland
154291,TikTok,2024-09-13,Não Convertido,,0.0,Moderado,Cocos (Keeling) Islands
154292,Facebook,2024-09-10,Não Convertido,,0.0,Moderado,Puerto Rico
154293,Google Ads,2024-09-10,Não Convertido,,0.0,Agressivo,Luxembourg
154294,YouTube Ads,2024-09-14,Não Convertido,,0.0,Agressivo,United States of America
154295,WhatsApp,2024-09-09,Não Convertido,,0.0,Agressivo,Marshall Islands
154296,Instagram,2024-09-11,Não Convertido,,0.0,Moderado,Benin
154297,Orgânico,2024-09-13,Não Convertido,,0.0,Moderado,Ireland
154298,TikTok,2024-09-09,Não Convertido,,0.0,Moderado,Gibraltar
154299,E-mail Marketing,2024-09-09,Não Convertido,,0.0,Agressivo,Saudi Arabia
154300,Facebook,2024-09-14,Não Convertido,,0.0,Moderado,Kiribati
154301,Facebook,2024-09-14,Não Convertido,,0.0,Moderado,Thailand
154302,TikTok,2024-09-10,Não Convertido,,0.0,Agressivo,Wallis and Futuna
154303,Facebook,2024-09-14,Não Convertido,,0.0,Moderado,Liberia
154304,Orgânico,2024-09-10,Não Convertido,,0.0,Moderado,Reunion
154305,YouTube Ads,2024-09-14,Não Convertido,,0.0,Moderado,Thailand
154306,Facebook,2024-09-11,Não Convertido,,0.0,Agressivo,Iraq
154307,Orgânico,2024-09-12,Não Convertido,,0.0,Moderado,Oman
154308,Facebook,2024-09-14,Não Convertido,,0.0,Moderado,Spain
154309,YouTube Ads,2024-09-13,Não Convertido,,0.0,Conservador,Trinidad and Tobago
154310,WhatsApp,2024-09-13,Não Convertido,,0.0,Agressivo,Slovakia (Slovak Republic)
154311,E-mail Marketing,2024-09-11,Não Convertido,,0.0,Moderado,Congo
154312,Google Ads,2024-09-12,Não Convertido,,0.0,Agressivo,Brunei Darussalam
154313,Instagram,2024-09-09,Não Convertido,,0.0,Agressivo,Nepal
154314,Indicação,2024-09-14,Não Convertido,,0.0,Moderado,British Virgin Islands
154315,Orgânico,2024-09-10,Não Convertido,,0.0,Moderado,Slovenia
154316,YouTube Ads,2024-09-12,Convertido,14.0,7740.44,Moderado,Saint Martin
154317,Facebook,2024-09-10,Não Convertido,,0.0,Agressivo,French Guiana
154318,Orgânico,2024-09-12,Não Convertido,,0.0,Agressivo,Guinea-Bissau
154319,E-mail Marketing,2024-09-14,Não Convertido,,0.0,Moderado,Switzerland
154320,E-mail Marketing,2024-09-13,Não Convertido,,0.0,Agressivo,Reunion
154321,E-mail Marketing,2024-09-12,Não Convertido,,0.0,Moderado,Christmas Island
154322,Facebook,2024-09-09,Não Convertido,,0.0,Moderado,Russian Federation
154323,YouTube Ads,2024-09-14,Não Convertido,,0.0,Conservador,Montserrat
154324,Facebook,2024-09-10,Não Convertido,,0.0,Agressivo,Tonga
154325,TikTok,2024-09-13,Não Convertido,,0.0,Conservador,Sierra Leone
154326,Indicação,2024-09-14,Não Convertido,,0.0,Moderado,Djibouti
154327,TikTok,2024-09-13,Não Convertido,,0.0,Moderado,Antarctica (the territory South of 60 deg S)
154328,Instagram,2024-09-10,Não Convertido,,0.0,Agressivo,Antigua and Barbuda
154329,Orgânico,2024-09-10,Não Convertido,,0.0,Agressivo,Cambodia
154330,Google Ads,2024-09-10,Não Convertido,,0.0,Moderado,Serbia
154331,TikTok,2024-09-11,Não Convertido,,0.0,Agressivo,Montserrat
154332,TikTok,2024-09-09,Não Convertido,,0.0,Desconhecido,Nepal
154333,Instagram,2024-09-09,Não Convertido,,0.0,Agressivo,Germany
154334,YouTube Ads,2024-09-13,Não Convertido,,0.0,Moderado,Djibouti
154335,YouTube Ads,2024-09-11,Não Convertido,,0.0,Conservador,Armenia
154336,YouTube Ads,2024-09-14,Não Convertido,,0.0,Moderado,Sudan
154337,E-mail Marketing,2024-09-13,Não Convertido,,0.0,Agressivo,Korea
154338,YouTube Ads,2024-09-13,Não Convertido,,0.0,Conservador,Tuvalu
154339,Google Ads,2024-09-13,Não Convertido,,0.0,Agressivo,Cambodia
154340,Orgânico,2024-09-09,Não Convertido,,0.0,Moderado,Swaziland
154341,Orgânico,2024-09-11,Não Convertido,,0.0,Moderado,French Southern Territories
154342,Instagram,2024-09-13,Não Convertido,,0.0,Moderado,Dominica
154343,Orgânico,2024-09-11,Não Convertido,,0.0,Moderado,United States Virgin Islands
154344,WhatsApp,2024-09-14,Não Convertido,,0.0,Agressivo,Kazakhstan
154345,E-mail Marketing,2024-09-09,Não Convertido,,0.0,Agressivo,Bahamas
154346,TikTok,2024-09-14,Não Convertido,,0.0,Conservador,Reunion
154347,Orgânico,2024-09-14,Não Convertido,,0.0,Conservador,Maldives
154348,TikTok,2024-09-14,Não Convertido,,0.0,Agressivo,Saint Martin
154349,WhatsApp,2024-09-09,Não Convertido,,0.0,Agressivo,Botswana
154350,Facebook,2024-09-09,Não Convertido,,0.0,Moderado,Iraq
154351,Google Ads,2024-09-14,Não Convertido,,0.0,Agressivo,Armenia
154352,Orgânico,2024-09-14,Não Convertido,,0.0,Conservador,Wallis and Futuna
154353,Orgânico,2024-09-11,Não Convertido,,0.0,Moderado,Malawi
154354,TikTok,2024-09-09,Não Convertido,,0.0,Agressivo,Gibraltar
154355,Facebook,2024-09-14,Não Convertido,,0.0,Agressivo,Norfolk Island
154356,Orgânico,2024-09-11,Não Convertido,,0.0,Agressivo,Tokelau
154357,Google Ads,2024-09-11,Não Convertido,,0.0,Agressivo,Serbia
154358,WhatsApp,2024-09-10,Não Convertido,,0.0,Agressivo,Hong Kong
154359,TikTok,2024-09-09,Não Convertido,,0.0,Agressivo,Thailand
154360,Google Ads,2024-09-11,Não Convertido,,0.0,Conservador,Austria
154361,TikTok,2024-09-10,Não Convertido,,0.0,Moderado,Jamaica
154362,Indicação,2024-09-14,Não Convertido,,0.0,Moderado,Japan
154363,E-mail Marketing,2024-09-09,Não Convertido,,0.0,Conservador,Pitcairn Islands
154364,Facebook,2024-09-10,Não Convertido,,0.0,Moderado,Cambodia
154365,E-mail Marketing,2024-09-12,Não Convertido,,0.0,Desconhecido,Czech Republic
154366,Facebook,2024-09-12,Não Convertido,,0.0,Moderado,Seychelles
154367,Orgânico,2024-09-10,Não Convertido,,0.0,Desconhecido,Venezuela
154368,Orgânico,2024-09-09,Não Convertido,,0.0,Agressivo,Lao People's Democratic Republic
154369,YouTube Ads,2024-09-10,Não Convertido,,0.0,Agressivo,Northern Mariana Islands
154370,Orgânico,2024-09-12,Não Convertido,,0.0,Moderado,Congo
154371,Orgânico,2024-09-12,Não Convertido,,0.0,Agressivo,Saint Vincent and the Grenadines
154372,TikTok,2024-09-10,Não Convertido,,0.0,Agressivo,Anguilla
154373,TikTok,2024-09-09,Não Convertido,,0.0,Agressivo,Cote d'Ivoire
154374,Instagram,2024-09-09,Não Convertido,,0.0,Moderado,Bermuda
154375,Google Ads,2024-09-09,Não Convertido,,0.0,Moderado,Heard Island and McDonald Islands
154376,E-mail Marketing,2024-09-12,Não Convertido,,0.0,Desconhecido,Malta
154377,Google Ads,2024-09-13,Não Convertido,,0.0,Moderado,Eritrea
154378,Orgânico,2024-09-10,Convertido,28.0,9196.83,Moderado,Eritrea
154379,Facebook,2024-09-10,Convertido,23.0,6872.41,Agressivo,Anguilla
154380,Indicação,2024-09-10,Não Convertido,,0.0,Agressivo,Zambia
154381,Facebook,2024-09-14,Não Convertido,,0.0,Moderado,Syrian Arab Republic
154382,Facebook,2024-09-10,Não Convertido,,0.0,Conservador,Greece
154383,YouTube Ads,2024-09-13,Não Convertido,,0.0,Agressivo,Guadeloupe
154384,Instagram,2024-09-13,Não Convertido,,0.0,Desconhecido,Chile
154385,Indicação,2024-09-14,Não Convertido,,0.0,Agressivo,Congo
154386,Google Ads,2024-09-11,Não Convertido,,0.0,Moderado,Marshall Islands
154387,E-mail Marketing,2024-09-12,Não Convertido,,0.0,Agressivo,Russian Federation
154388,Facebook,2024-09-14,Não Convertido,,0.0,Conservador,Korea
154389,Instagram,2024-09-13,Não Convertido,,0.0,Conservador,Qatar
154390,E-mail Marketing,2024-09-11,Não Convertido,,0.0,Agressivo,Estonia
154391,Orgânico,2024-09-12,Não Convertido,,0.0,Desconhecido,Tokelau
154392,TikTok,2024-09-12,Não Convertido,,0.0,Moderado,Mongolia
154393,TikTok,2024-09-11,Não Convertido,,0.0,Agressivo,Cape Verde
154394,TikTok,2024-09-12,Não Convertido,,0.0,Moderado,Angola
154395,Orgânico,2024-09-09,Não Convertido,,0.0,Moderado,Tunisia
154396,TikTok,2024-09-14,Não Convertido,,0.0,Agressivo,South Africa
154397,Instagram,2024-09-10,Não Convertido,,0.0,Moderado,Cayman Islands
154398,TikTok,2024-09-10,Não Convertido,,0.0,Moderado,Peru
154399,Instagram,2024-09-14,Não Convertido,,0.0,Agressivo,Montserrat
154400,YouTube Ads,2024-09-10,Não Convertido,,0.0,Desconhecido,Costa Rica
154401,Instagram,2024-09-13,Não Convertido,,0.0,Conservador,Cameroon
154402,YouTube Ads,2024-09-09,Não Convertido,,0.0,Moderado,Portugal
154403,Facebook,2024-09-14,Não Convertido,,0.0,Moderado,Mali
154404,TikTok,2024-09-11,Não Convertido,,0.0,Agressivo,Ukraine
154405,WhatsApp,2024-09-12,Não Convertido,,0.0,Moderado,Jordan
154406,WhatsApp,2024-09-12,Não Convertido,,0.0,Conservador,Andorra
154407,WhatsApp,2024-09-11,Não Convertido,,0.0,Moderado,Austria
154408,Instagram,2024-09-10,Não Convertido,,0.0,Agressivo,Malta
154409,E-mail Marketing,2024-09-11,Não Convertido,,0.0,Agressivo,Samoa
154410,WhatsApp,2024-09-11,Não Convertido,,0.0,Conservador,Marshall Islands
154411,TikTok,2024-09-10,Não Convertido,,0.0,Agressivo,Montserrat
154412,Indicação,2024-09-10,Não Convertido,,0.0,Agressivo,Macao
154413,Google Ads,2024-09-14,Não Convertido,,0.0,Moderado,Zambia
154414,Orgânico,2024-09-09,Não Convertido,,0.0,Conservador,Guernsey
154415,YouTube Ads,2024-09-09,Não Convertido,,0.0,Moderado,Bahamas
154416,YouTube Ads,2024-09-11,Não Convertido,,0.0,Moderado,Mongolia
154417,E-mail Marketing,2024-09-11,Não Convertido,,0.0,Desconhecido,Nicaragua
154418,YouTube Ads,2024-09-13,Não Convertido,,0.0,Moderado,Uruguay
154419,Instagram,2024-09-10,Não Convertido,,0.0,Agressivo,Canada
154420,Instagram,2024-09-12,Não Convertido,,0.0,Conservador,Cayman Islands
154421,TikTok,2024-09-13,Não Convertido,,0.0,Agressivo,Aruba
154422,Orgânico,2024-09-10,Não Convertido,,0.0,Moderado,Belgium
154423,WhatsApp,2024-09-12,Não Convertido,,0.0,Moderado,Estonia
154424,Google Ads,2024-09-11,Não Convertido,,0.0,Moderado,New Caledonia
154425,Orgânico,2024-09-09,Não Convertido,,0.0,Conservador,Turkey
154426,Indicação,2024-09-10,Não Convertido,,0.0,Conservador,Poland
154427,E-mail Marketing,2024-09-14,Não Convertido,,0.0,Agressivo,Malta
154428,TikTok,2024-09-13,Não Convertido,,0.0,Conservador,Eritrea
154429,E-mail Marketing,2024-09-12,Não Convertido,,0.0,Agressivo,Eritrea
154430,TikTok,2024-09-09,Não Convertido,,0.0,Desconhecido,Mexico
154431,YouTube Ads,2024-09-13,Não Convertido,,0.0,Agressivo,Puerto Rico
154432,Instagram,2024-09-09,Não Convertido,,0.0,Agressivo,Lebanon
154433,Orgânico,2024-09-14,Não Convertido,,0.0,Agressivo,Finland
154434,YouTube Ads,2024-09-13,Não Convertido,,0.0,Moderado,Taiwan
154435,WhatsApp,2024-09-09,Convertido,29.0,5587.39,Agressivo,United States Minor Outlying Islands
154436,Instagram,2024-09-10,Não Convertido,,0.0,Conservador,Italy
154437,E-mail Marketing,2024-09-09,Não Convertido,,0.0,Conservador,Spain
154438,WhatsApp,2024-09-13,Não Convertido,,0.0,Agressivo,Palau
154439,WhatsApp,2024-09-11,Não Convertido,,0.0,Agressivo,Guatemala
154440,TikTok,2024-09-13,Não Convertido,,0.0,Conservador,Kyrgyz Republic
154441,Orgânico,2024-09-09,Convertido,11.0,4103.26,Conservador,Congo
154442,Google Ads,2024-09-14,Não Convertido,,0.0,Desconhecido,Libyan Arab Jamahiriya
154443,WhatsApp,2024-09-10,Não Convertido,,0.0,Conservador,United States Virgin Islands
154444,Google Ads,2024-09-10,Não Convertido,,0.0,Conservador,Rwanda
154445,Instagram,2024-09-09,Não Convertido,,0.0,Moderado,Nicaragua
154446,Instagram,2024-09-09,Não Convertido,,0.0,Agressivo,Suriname
154447,E-mail Marketing,2024-09-13,Convertido,11.0,3601.82,Moderado,Christmas Island
154448,TikTok,2024-09-14,Não Convertido,,0.0,Moderado,Gibraltar
154449,Facebook,2024-09-10,Não Convertido,,0.0,Desconhecido,Macao
154450,Instagram,2024-09-12,Não Convertido,,0.0,Conservador,Uruguay
154451,Instagram,2024-09-12,Não Convertido,,0.0,Moderado,Turks and Caicos Islands
154452,Google Ads,2024-09-10,Não Convertido,,0.0,Agressivo,Bahamas
154453,Instagram,2024-09-13,Não Convertido,,0.0,Agressivo,Malta
154454,TikTok,2024-09-10,Não Convertido,,0.0,Moderado,El Salvador
154455,YouTube Ads,2024-09-14,Não Convertido,,0.0,Moderado,Marshall Islands
154456,YouTube Ads,2024-09-11,Não Convertido,,0.0,Agressivo,Svalbard & Jan Mayen Islands
154457,E-mail Marketing,2024-09-12,Não Convertido,,0.0,Agressivo,Ireland
154458,TikTok,2024-09-14,Não Convertido,,0.0,Moderado,Northern Mariana Islands
154459,YouTube Ads,2024-09-14,Não Convertido,,0.0,Desconhecido,Saint Helena
154460,Instagram,2024-09-13,Não Convertido,,0.0,Conservador,Tunisia
154461,YouTube Ads,2024-09-14,Não Convertido,,0.0,Moderado,Switzerland
154462,YouTube Ads,2024-09-11,Não Convertido,,0.0,Desconhecido,Costa Rica
154463,TikTok,2024-09-10,Não Convertido,,0.0,Agressivo,Czech Republic
154464,TikTok,2024-09-09,Não Convertido,,0.0,Conservador,Slovenia
154465,Google Ads,2024-09-10,Não Convertido,,0.0,Moderado,Ecuador
154466,YouTube Ads,2024-09-14,Não Convertido,,0.0,Moderado,Iran
154467,Indicação,2024-09-12,Não Convertido,,0.0,Desconhecido,Mongolia
154468,Orgânico,2024-09-14,Não Convertido,,0.0,Conservador,Mongolia
154469,Google Ads,2024-09-11,Não Convertido,,0.0,Conservador,Luxembourg
154470,Google Ads,2024-09-10,Convertido,30.0,7551.79,Moderado,Panama
154471,YouTube Ads,2024-09-13,Não Convertido,,0.0,Agressivo,Palestinian Territory
154472,TikTok,2024-09-09,Não Convertido,,0.0,Conservador,Samoa
154473,E-mail Marketing,2024-09-10,Não Convertido,,0.0,Conservador,Saint Kitts and Nevis
154474,Google Ads,2024-09-09,Não Convertido,,0.0,Moderado,Gambia
154475,Orgânico,2024-09-14,Não Convertido,,0.0,Desconhecido,Kiribati
154476,Instagram,2024-09-13,Convertido,17.0,5842.74,Moderado,Brunei Darussalam
154477,Instagram,2024-09-11,Não Convertido,,0.0,Agressivo,Yemen
154478,WhatsApp,2024-09-11,Não Convertido,,0.0,Moderado,Czech Republic
154479,YouTube Ads,2024-09-10,Não Convertido,,0.0,Moderado,Belgium
154480,E-mail Marketing,2024-09-14,Não Convertido,,0.0,Conservador,Israel
154481,TikTok,2024-09-13,Não Convertido,,0.0,Agressivo,Germany
154482,YouTube Ads,2024-09-13,Não Convertido,,0.0,Moderado,Costa Rica
154483,Indicação,2024-09-09,Não Convertido,,0.0,Moderado,Uruguay
154484,Orgânico,2024-09-11,Não Convertido,,0.0,Moderado,Hungary
154485,E-mail Marketing,2024-09-12,Não Convertido,,0.0,Agressivo,Bahamas
154486,E-mail Marketing,2024-09-14,Não Convertido,,0.0,Desconhecido,Iran
154487,Google Ads,2024-09-10,Convertido,18.0,4661.48,Moderado,Anguilla
154488,Facebook,2024-09-13,Não Convertido,,0.0,Desconhecido,United States Minor Outlying Islands
154489,YouTube Ads,2024-09-09,Não Convertido,,0.0,Agressivo,Poland
154490,TikTok,2024-09-09,Não Convertido,,0.0,Agressivo,Honduras
154491,Facebook,2024-09-14,Não Convertido,,0.0,Agressivo,Cayman Islands
154492,TikTok,2024-09-13,Não Convertido,,0.0,Moderado,Somalia
154493,YouTube Ads,2024-09-12,Não Convertido,,0.0,Moderado,Mexico
154494,WhatsApp,2024-09-11,Não Convertido,,0.0,Agressivo,Kazakhstan
154495,E-mail Marketing,2024-09-11,Não Convertido,,0.0,Moderado,Chad
154496,E-mail Marketing,2024-09-14,Não Convertido,,0.0,Moderado,British Indian Ocean Territory (Chagos Archipelago)
154497,Indicação,2024-09-13,Não Convertido,,0.0,Moderado,Malta
154498,Facebook,2024-09-11,Não Convertido,,0.0,Conservador,Tokelau
154499,Indicação,2024-09-09,Não Convertido,,0.0,Agressivo,Gibraltar
154500,Facebook,2024-09-11,Não Convertido,,0.0,Moderado,Guatemala
154501,Google Ads,2024-09-12,Não Convertido,,0.0,Conservador,Georgia
154502,Facebook,2024-09-10,Não Convertido,,0.0,Moderado,North Macedonia
154503,E-mail Marketing,2024-09-09,Não Convertido,,0.0,Moderado,French Polynesia
154504,TikTok,2024-09-13,Não Convertido,,0.0,Agressivo,Honduras
154505,Instagram,2024-09-13,Não Convertido,,0.0,Agressivo,New Zealand
154506,Instagram,2024-09-12,Não Convertido,,0.0,Moderado,United States Virgin Islands
154507,Orgânico,2024-09-11,Não Convertido,,0.0,Moderado,United States Minor Outlying Islands
154508,Instagram,2024-09-11,Não Convertido,,0.0,Agressivo,Netherlands
154509,E-mail Marketing,2024-09-11,Não Convertido,,0.0,Conservador,Sri Lanka
154510,TikTok,2024-09-11,Não Convertido,,0.0,Agressivo,Azerbaijan
154511,YouTube Ads,2024-09-10,Não Convertido,,0.0,Agressivo,Sierra Leone
154512,TikTok,2024-09-14,Não Convertido,,0.0,Agressivo,Ecuador
154513,Orgânico,2024-09-14,Não Convertido,,0.0,Agressivo,Nepal
154514,Indicação,2024-09-09,Não Convertido,,0.0,Desconhecido,Suriname
154515,Facebook,2024-09-14,Não Convertido,,0.0,Conservador,Liberia
154516,Facebook,2024-09-10,Não Convertido,,0.0,Moderado,Ecuador
154517,WhatsApp,2024-09-12,Não Convertido,,0.0,Agressivo,Dominica
154518,TikTok,2024-09-09,Convertido,17.0,3933.15,Desconhecido,Cayman Islands
154519,Facebook,2024-09-11,Convertido,13.0,3122.25,Moderado,Northern Mariana Islands
154520,Google Ads,2024-09-10,Não Convertido,,0.0,Moderado,Somalia
154521,Orgânico,2024-09-09,Não Convertido,,0.0,Conservador,Norfolk Island
154522,Google Ads,2024-09-10,Não Convertido,,0.0,Agressivo,Guernsey
154523,Indicação,2024-09-11,Não Convertido,,0.0,Conservador,Germany
154524,E-mail Marketing,2024-09-10,Não Convertido,,0.0,Conservador,Mongolia
154525,TikTok,2024-09-12,Não Convertido,,0.0,Agressivo,Djibouti
154526,Indicação,2024-09-12,Não Convertido,,0.0,Agressivo,Seychelles
154527,TikTok,2024-09-11,Não Convertido,,0.0,Agressivo,Thailand
154528,Orgânico,2024-09-12,Não Convertido,,0.0,Conservador,Cameroon
154529,Orgânico,2024-09-09,Não Convertido,,0.0,Moderado,Cambodia
154530,TikTok,2024-09-10,Não Convertido,,0.0,Desconhecido,Niger
154531,TikTok,2024-09-14,Não Convertido,,0.0,Moderado,Comoros
154532,Orgânico,2024-09-10,Não Convertido,,0.0,Desconhecido,Marshall Islands
154533,Google Ads,2024-09-09,Não Convertido,,0.0,Agressivo,Hungary
154534,E-mail Marketing,2024-09-12,Não Convertido,,0.0,Agressivo,Monaco
154535,Facebook,2024-09-11,Não Convertido,,0.0,Agressivo,Heard Island and McDonald Islands
154536,WhatsApp,2024-09-10,Não Convertido,,0.0,Moderado,French Polynesia
154537,Indicação,2024-09-11,Não Convertido,,0.0,Conservador,Namibia
154538,Google Ads,2024-09-10,Não Convertido,,0.0,Agressivo,Armenia
154539,TikTok,2024-09-10,Convertido,30.0,2975.44,Moderado,Latvia
154540,Facebook,2024-09-12,Não Convertido,,0.0,Agressivo,Poland
154541,E-mail Marketing,2024-09-11,Não Convertido,,0.0,Moderado,Norfolk Island
154542,TikTok,2024-09-11,Não Convertido,,0.0,Desconhecido,Russian Federation
154543,Orgânico,2024-09-14,Não Convertido,,0.0,Moderado,Somalia
154544,Instagram,2024-09-11,Não Convertido,,0.0,Conservador,Senegal
154545,Instagram,2024-09-14,Convertido,1.0,7126.41,Agressivo,Maldives
154546,Google Ads,2024-09-13,Não Convertido,,0.0,Agressivo,Fiji
154547,Facebook,2024-09-09,Não Convertido,,0.0,Moderado,Angola
154548,Instagram,2024-09-10,Não Convertido,,0.0,Conservador,Tanzania
154549,Facebook,2024-09-12,Não Convertido,,0.0,Conservador,Jordan
154550,WhatsApp,2024-09-09,Não Convertido,,0.0,Desconhecido,Benin
154551,Facebook,2024-09-12,Não Convertido,,0.0,Moderado,Romania
154552,Orgânico,2024-09-12,Não Convertido,,0.0,Moderado,Colombia
154553,Instagram,2024-09-13,Não Convertido,,0.0,Moderado,San Marino
154554,Instagram,2024-09-12,Não Convertido,,0.0,Desconhecido,Mongolia
154555,WhatsApp,2024-09-09,Não Convertido,,0.0,Moderado,Bolivia
154556,Orgânico,2024-09-12,Convertido,3.0,4782.98,Agressivo,Mali
154557,E-mail Marketing,2024-09-14,Não Convertido,,0.0,Agressivo,Colombia
154558,E-mail Marketing,2024-09-10,Não Convertido,,0.0,Agressivo,Algeria
154559,Instagram,2024-09-14,Não Convertido,,0.0,Moderado,Mauritius
154560,E-mail Marketing,2024-09-10,Não Convertido,,0.0,Agressivo,Brunei Darussalam
154561,Instagram,2024-09-12,Não Convertido,,0.0,Conservador,Pitcairn Islands
154562,Instagram,2024-09-11,Não Convertido,,0.0,Moderado,Papua New Guinea
154563,Instagram,2024-09-10,Não Convertido,,0.0,Desconhecido,Togo
154564,YouTube Ads,2024-09-14,Não Convertido,,0.0,Conservador,Nepal
154565,Facebook,2024-09-13,Não Convertido,,0.0,Moderado,Finland
154566,TikTok,2024-09-12,Não Convertido,,0.0,Agressivo,Korea
154567,Indicação,2024-09-11,Não Convertido,,0.0,Desconhecido,Kuwait
154568,Orgânico,2024-09-09,Não Convertido,,0.0,Desconhecido,Congo
154569,Google Ads,2024-09-09,Não Convertido,,0.0,Agressivo,Moldova
154570,TikTok,2024-09-09,Não Convertido,,0.0,Moderado,New Caledonia
154571,Orgânico,2024-09-12,Não Convertido,,0.0,Moderado,United States Minor Outlying Islands
154572,YouTube Ads,2024-09-11,Não Convertido,,0.0,Conservador,Gabon
154573,Orgânico,2024-09-09,Não Convertido,,0.0,Agressivo,Bulgaria
154574,E-mail Marketing,2024-09-13,Convertido,20.0,8698.52,Agressivo,Bangladesh
154575,TikTok,2024-09-13,Convertido,24.0,9551.82,Moderado,Sierra Leone
154576,Instagram,2024-09-09,Não Convertido,,0.0,Agressivo,Kenya
154577,Instagram,2024-09-14,Não Convertido,,0.0,Moderado,Cuba
154578,Orgânico,2024-09-13,Não Convertido,,0.0,Moderado,Australia
154579,Orgânico,2024-09-11,Não Convertido,,0.0,Moderado,Guyana
154580,Orgânico,2024-09-13,Não Convertido,,0.0,Moderado,Gabon
154581,Facebook,2024-09-12,Não Convertido,,0.0,Conservador,Serbia
154582,Orgânico,2024-09-14,Não Convertido,,0.0,Agressivo,Sudan
154583,YouTube Ads,2024-09-13,Não Convertido,,0.0,Agressivo,Singapore
154584,TikTok,2024-09-11,Não Convertido,,0.0,Agressivo,United States Minor Outlying Islands
154585,Instagram,2024-09-14,Não Convertido,,0.0,Desconhecido,Zimbabwe
154586,Orgânico,2024-09-14,Não Convertido,,0.0,Moderado,Mozambique
154587,Facebook,2024-09-09,Não Convertido,,0.0,Conservador,Luxembourg
154588,Google Ads,2024-09-14,Não Convertido,,0.0,Desconhecido,Trinidad and Tobago
154589,Google Ads,2024-09-09,Não Convertido,,0.0,Moderado,Saint Lucia
154590,Google Ads,2024-09-11,Não Convertido,,0.0,Moderado,Argentina
154591,Facebook,2024-09-13,Não Convertido,,0.0,Conservador,Belgium
154592,Orgânico,2024-09-10,Não Convertido,,0.0,Moderado,Albania
154593,Orgânico,2024-09-10,Não Convertido,,0.0,Agressivo,Peru
154594,YouTube Ads,2024-09-11,Não Convertido,,0.0,Moderado,Haiti
154595,YouTube Ads,2024-09-10,Não Convertido,,0.0,Moderado,Tokelau
154596,Google Ads,2024-09-13,Não Convertido,,0.0,Agressivo,Fiji
154597,TikTok,2024-09-11,Não Convertido,,0.0,Agressivo,Swaziland
154598,WhatsApp,2024-09-13,Não Convertido,,0.0,Moderado,Lebanon
154599,Facebook,2024-09-10,Não Convertido,,0.0,Agressivo,Djibouti
154600,YouTube Ads,2024-09-09,Não Convertido,,0.0,Conservador,Lao People's Democratic Republic
154601,WhatsApp,2024-09-13,Não Convertido,,0.0,Agressivo,Bosnia and Herzegovina
154602,Instagram,2024-09-12,Convertido,4.0,1988.5,Agressivo,Romania
154603,Facebook,2024-09-11,Não Convertido,,0.0,Agressivo,Saint Barthelemy
154604,Google Ads,2024-09-13,Não Convertido,,0.0,Moderado,Sudan
154605,WhatsApp,2024-09-11,Não Convertido,,0.0,Moderado,North Macedonia
154606,Orgânico,2024-09-11,Não Convertido,,0.0,Conservador,Bulgaria
154607,Google Ads,2024-09-09,Não Convertido,,0.0,Moderado,Chile
154608,E-mail Marketing,2024-09-14,Não Convertido,,0.0,Moderado,Cayman Islands
154609,WhatsApp,2024-09-13,Não Convertido,,0.0,Conservador,Namibia
154610,E-mail Marketing,2024-09-13,Não Convertido,,0.0,Moderado,Cook Islands
154611,Orgânico,2024-09-13,Não Convertido,,0.0,Moderado,Burkina Faso
154612,E-mail Marketing,2024-09-13,Não Convertido,,0.0,Moderado,South Georgia and the South Sandwich Islands
154613,Orgânico,2024-09-09,Não Convertido,,0.0,Moderado,Gambia
154614,Instagram,2024-09-14,Não Convertido,,0.0,Moderado,Cayman Islands
154615,Facebook,2024-09-12,Não Convertido,,0.0,Desconhecido,Slovenia
154616,WhatsApp,2024-09-10,Não Convertido,,0.0,Moderado,Vietnam
154617,WhatsApp,2024-09-10,Não Convertido,,0.0,Agressivo,Nigeria
154618,Facebook,2024-09-13,Não Convertido,,0.0,Agressivo,Saint Vincent and the Grenadines
154619,E-mail Marketing,2024-09-14,Convertido,18.0,3356.83,Moderado,Micronesia
154620,Instagram,2024-09-14,Não Convertido,,0.0,Conservador,Canada
154621,Instagram,2024-09-14,Não Convertido,,0.0,Moderado,Australia
154622,Google Ads,2024-09-12,Não Convertido,,0.0,Desconhecido,Cuba
154623,Google Ads,2024-09-14,Convertido,20.0,2209.84,Agressivo,Singapore
154624,Orgânico,2024-09-13,Não Convertido,,0.0,Conservador,Albania
154625,Facebook,2024-09-11,Não Convertido,,0.0,Moderado,Lithuania
154626,Google Ads,2024-09-10,Não Convertido,,0.0,Moderado,Argentina
154627,Orgânico,2024-09-13,Não Convertido,,0.0,Moderado,Croatia
154628,Indicação,2024-09-14,Não Convertido,,0.0,Moderado,Heard Island and McDonald Islands
154629,TikTok,2024-09-13,Não Convertido,,0.0,Moderado,Sweden
154630,YouTube Ads,2024-09-09,Não Convertido,,0.0,Conservador,Chile
154631,TikTok,2024-09-10,Convertido,22.0,2511.61,Agressivo,Palau
154632,TikTok,2024-09-11,Não Convertido,,0.0,Agressivo,Libyan Arab Jamahiriya
154633,TikTok,2024-09-14,Não Convertido,,0.0,Conservador,Slovakia (Slovak Republic)
154634,TikTok,2024-09-10,Não Convertido,,0.0,Moderado,Bosnia and Herzegovina
154635,Orgânico,2024-09-10,Não Convertido,,0.0,Conservador,Mali
154636,Facebook,2024-09-13,Não Convertido,,0.0,Moderado,Gambia
154637,E-mail Marketing,2024-09-09,Não Convertido,,0.0,Conservador,Papua New Guinea
154638,Facebook,2024-09-11,Não Convertido,,0.0,Moderado,Netherlands
154639,Google Ads,2024-09-09,Não Convertido,,0.0,Moderado,Syrian Arab Republic
154640,Indicação,2024-09-14,Não Convertido,,0.0,Agressivo,United States Virgin Islands
154641,Orgânico,2024-09-13,Não Convertido,,0.0,Moderado,Jamaica
154642,Google Ads,2024-09-13,Não Convertido,,0.0,Moderado,Papua New Guinea
154643,Google Ads,2024-09-11,Não Convertido,,0.0,Moderado,Maldives
154644,WhatsApp,2024-09-14,Convertido,5.0,8730.53,Conservador,Turkmenistan
154645,YouTube Ads,2024-09-11,Não Convertido,,0.0,Agressivo,Tunisia
154646,Facebook,2024-09-09,Não Convertido,,0.0,Moderado,France
154647,E-mail Marketing,2024-09-09,Não Convertido,,0.0,Desconhecido,Peru
154648,Google Ads,2024-09-09,Não Convertido,,0.0,Agressivo,North Macedonia
154649,TikTok,2024-09-12,Não Convertido,,0.0,Desconhecido,Slovenia
154650,E-mail Marketing,2024-09-12,Não Convertido,,0.0,Agressivo,Mozambique
154651,Indicação,2024-09-09,Não Convertido,,0.0,Agressivo,Sweden
154652,E-mail Marketing,2024-09-12,Não Convertido,,0.0,Moderado,Italy
154653,Google Ads,2024-09-11,Não Convertido,,0.0,Moderado,Gabon
154654,TikTok,2024-09-13,Não Convertido,,0.0,Desconhecido,Vietnam
154655,Facebook,2024-09-14,Não Convertido,,0.0,Moderado,Italy
154656,E-mail Marketing,2024-09-14,Não Convertido,,0.0,Agressivo,Cote d'Ivoire
154657,Orgânico,2024-09-12,Não Convertido,,0.0,Moderado,Bolivia
154658,Google Ads,2024-09-10,Não Convertido,,0.0,Agressivo,Montenegro
154659,E-mail Marketing,2024-09-10,Não Convertido,,0.0,Moderado,Lesotho
154660,WhatsApp,2024-09-14,Não Convertido,,0.0,Conservador,American Samoa
154661,TikTok,2024-09-09,Não Convertido,,0.0,Conservador,Grenada
154662,Instagram,2024-09-14,Não Convertido,,0.0,Moderado,Pakistan
154663,Facebook,2024-09-13,Não Convertido,,0.0,Conservador,Sri Lanka
154664,E-mail Marketing,2024-09-13,Não Convertido,,0.0,Conservador,Azerbaijan
154665,WhatsApp,2024-09-12,Não Convertido,,0.0,Moderado,Maldives
154666,Google Ads,2024-09-09,Não Convertido,,0.0,Agressivo,Saint Lucia
154667,TikTok,2024-09-13,Não Convertido,,0.0,Moderado,Turkmenistan
154668,Orgânico,2024-09-13,Não Convertido,,0.0,Moderado,Dominican Republic
154669,YouTube Ads,2024-09-12,Não Convertido,,0.0,Agressivo,Jamaica
154670,Orgânico,2024-09-13,Não Convertido,,0.0,Moderado,Philippines
154671,E-mail Marketing,2024-09-13,Não Convertido,,0.0,Moderado,Trinidad and Tobago
154672,Facebook,2024-09-11,Não Convertido,,0.0,Desconhecido,Wallis and Futuna
154673,Facebook,2024-09-10,Não Convertido,,0.0,Conservador,Brunei Darussalam
154674,WhatsApp,2024-09-10,Não Convertido,,0.0,Agressivo,Somalia
154675,TikTok,2024-09-09,Não Convertido,,0.0,Conservador,Madagascar
154676,E-mail Marketing,2024-09-11,Não Convertido,,0.0,Agressivo,Guam
154677,Facebook,2024-09-14,Não Convertido,,0.0,Agressivo,Malta
154678,Orgânico,2024-09-12,Não Convertido,,0.0,Agressivo,Northern Mariana Islands
154679,Orgânico,2024-09-12,Não Convertido,,0.0,Conservador,Slovakia (Slovak Republic)
154680,YouTube Ads,2024-09-14,Não Convertido,,0.0,Conservador,Algeria
154681,Google Ads,2024-09-14,Não Convertido,,0.0,Agressivo,Northern Mariana Islands
154682,Orgânico,2024-09-12,Não Convertido,,0.0,Moderado,North Macedonia
154683,Orgânico,2024-09-10,Não Convertido,,0.0,Conservador,Uzbekistan
154684,E-mail Marketing,2024-09-11,Não Convertido,,0.0,Agressivo,Brunei Darussalam
154685,Instagram,2024-09-13,Não Convertido,,0.0,Conservador,Azerbaijan
154686,YouTube Ads,2024-09-13,Não Convertido,,0.0,Moderado,Equatorial Guinea
154687,TikTok,2024-09-13,Não Convertido,,0.0,Moderado,Denmark
154688,Indicação,2024-09-14,Não Convertido,,0.0,Moderado,Tonga
154689,Facebook,2024-09-11,Não Convertido,,0.0,Moderado,Wallis and Futuna
154690,Google Ads,2024-09-09,Não Convertido,,0.0,Moderado,Uganda
154691,E-mail Marketing,2024-09-12,Não Convertido,,0.0,Moderado,Mayotte
154692,Orgânico,2024-09-11,Não Convertido,,0.0,Moderado,Christmas Island
154693,TikTok,2024-09-09,Não Convertido,,0.0,Moderado,New Zealand
154694,Google Ads,2024-09-12,Não Convertido,,0.0,Desconhecido,Guatemala
154695,E-mail Marketing,2024-09-14,Não Convertido,,0.0,Agressivo,Uruguay
154696,Instagram,2024-09-14,Não Convertido,,0.0,Agressivo,United States Virgin Islands
154697,WhatsApp,2024-09-14,Não Convertido,,0.0,Moderado,Czech Republic
154698,Facebook,2024-09-10,Não Convertido,,0.0,Agressivo,Iceland
154699,Facebook,2024-09-11,Não Convertido,,0.0,Moderado,Reunion
154700,YouTube Ads,2024-09-10,Não Convertido,,0.0,Agressivo,Kyrgyz Republic
154701,WhatsApp,2024-09-10,Não Convertido,,0.0,Moderado,South Georgia and the South Sandwich Islands
154702,WhatsApp,2024-09-10,Não Convertido,,0.0,Moderado,Pitcairn Islands
154703,WhatsApp,2024-09-12,Não Convertido,,0.0,Moderado,Zimbabwe
154704,Instagram,2024-09-12,Não Convertido,,0.0,Moderado,Ethiopia
154705,Facebook,2024-09-12,Não Convertido,,0.0,Moderado,Holy See (Vatican City State)
154706,Orgânico,2024-09-11,Não Convertido,,0.0,Moderado,Saint Lucia
154707,Facebook,2024-09-09,Não Convertido,,0.0,Conservador,Macao
154708,Facebook,2024-09-11,Convertido,8.0,6566.02,Desconhecido,Spain
154709,Instagram,2024-09-09,Não Convertido,,0.0,Moderado,Western Sahara
154710,Google Ads,2024-09-12,Não Convertido,,0.0,Agressivo,Bolivia
154711,Orgânico,2024-09-11,Não Convertido,,0.0,Desconhecido,Malawi
154712,Facebook,2024-09-11,Não Convertido,,0.0,Moderado,Netherlands
154713,TikTok,2024-09-14,Não Convertido,,0.0,Agressivo,Gabon
154714,Facebook,2024-09-10,Não Convertido,,0.0,Conservador,San Marino
154715,TikTok,2024-09-13,Não Convertido,,0.0,Conservador,Slovakia (Slovak Republic)
154716,E-mail Marketing,2024-09-10,Não Convertido,,0.0,Conservador,Fiji
154717,TikTok,2024-09-09,Não Convertido,,0.0,Agressivo,Pitcairn Islands
154718,Instagram,2024-09-12,Não Convertido,,0.0,Moderado,Brazil
154719,Orgânico,2024-09-14,Não Convertido,,0.0,Agressivo,Cambodia
154720,Orgânico,2024-09-09,Convertido,4.0,1012.59,Agressivo,Mauritania
154721,Facebook,2024-09-13,Não Convertido,,0.0,Moderado,Christmas Island
154722,Facebook,2024-09-12,Não Convertido,,0.0,Moderado,Antigua and Barbuda
154723,Instagram,2024-09-14,Não Convertido,,0.0,Moderado,Bangladesh
154724,Facebook,2024-09-09,Não Convertido,,0.0,Agressivo,Djibouti
154725,WhatsApp,2024-09-14,Não Convertido,,0.0,Agressivo,Luxembourg
154726,Instagram,2024-09-11,Não Convertido,,0.0,Conservador,Senegal
154727,E-mail Marketing,2024-09-12,Não Convertido,,0.0,Conservador,Central African Republic
154728,E-mail Marketing,2024-09-13,Não Convertido,,0.0,Desconhecido,Sao Tome and Principe
154729,Facebook,2024-09-13,Não Convertido,,0.0,Conservador,India
154730,WhatsApp,2024-09-14,Não Convertido,,0.0,Conservador,Tokelau
154731,E-mail Marketing,2024-09-09,Não Convertido,,0.0,Moderado,Samoa
154732,Facebook,2024-09-14,Não Convertido,,0.0,Conservador,Tajikistan
154733,WhatsApp,2024-09-13,Não Convertido,,0.0,Moderado,France
154734,Orgânico,2024-09-14,Não Convertido,,0.0,Moderado,Tajikistan
154735,Orgânico,2024-09-11,Não Convertido,,0.0,Agressivo,Kuwait
154736,YouTube Ads,2024-09-14,Não Convertido,,0.0,Moderado,Iraq
154737,Orgânico,2024-09-11,Não Convertido,,0.0,Moderado,Benin
154738,E-mail Marketing,2024-09-14,Não Convertido,,0.0,Agressivo,Netherlands Antilles
154739,TikTok,2024-09-09,Não Convertido,,0.0,Moderado,Saint Helena
154740,Google Ads,2024-09-11,Não Convertido,,0.0,Moderado,French Polynesia
154741,YouTube Ads,2024-09-14,Não Convertido,,0.0,Desconhecido,Libyan Arab Jamahiriya
154742,TikTok,2024-09-12,Não Convertido,,0.0,Conservador,Guyana
154743,YouTube Ads,2024-09-12,Não Convertido,,0.0,Moderado,Oman
154744,Facebook,2024-09-09,Não Convertido,,0.0,Agressivo,Italy
154745,WhatsApp,2024-09-10,Não Convertido,,0.0,Agressivo,Latvia
154746,Facebook,2024-09-10,Não Convertido,,0.0,Moderado,New Caledonia
154747,Facebook,2024-09-11,Não Convertido,,0.0,Conservador,Palau
154748,YouTube Ads,2024-09-11,Não Convertido,,0.0,Agressivo,India
154749,Orgânico,2024-09-14,Não Convertido,,0.0,Moderado,Albania
154750,Orgânico,2024-09-12,Não Convertido,,0.0,Conservador,Croatia
154751,E-mail Marketing,2024-09-14,Não Convertido,,0.0,Desconhecido,New Zealand
154752,Orgânico,2024-09-12,Não Convertido,,0.0,Moderado,Sao Tome and Principe
154753,Instagram,2024-09-11,Não Convertido,,0.0,Agressivo,Norway
154754,WhatsApp,2024-09-14,Não Convertido,,0.0,Moderado,Denmark
154755,WhatsApp,2024-09-11,Não Convertido,,0.0,Moderado,China
154756,Indicação,2024-09-10,Não Convertido,,0.0,Conservador,Myanmar
154757,Google Ads,2024-09-11,Não Convertido,,0.0,Moderado,Guyana
154758,Indicação,2024-09-13,Não Convertido,,0.0,Desconhecido,Madagascar
154759,TikTok,2024-09-10,Não Convertido,,0.0,Agressivo,Syrian Arab Republic
154760,WhatsApp,2024-09-12,Não Convertido,,0.0,Agressivo,Saudi Arabia
154761,E-mail Marketing,2024-09-11,Não Convertido,,0.0,Conservador,Maldives
154762,YouTube Ads,2024-09-13,Não Convertido,,0.0,Agressivo,Norfolk Island
154763,E-mail Marketing,2024-09-14,Convertido,13.0,5809.38,Desconhecido,Burundi
154764,Google Ads,2024-09-09,Não Convertido,,0.0,Agressivo,Svalbard & Jan Mayen Islands
154765,Facebook,2024-09-12,Não Convertido,,0.0,Moderado,Korea
154766,Orgânico,2024-09-14,Não Convertido,,0.0,Conservador,Australia
154767,Google Ads,2024-09-12,Não Convertido,,0.0,Moderado,Namibia
154768,Orgânico,2024-09-10,Não Convertido,,0.0,Moderado,Paraguay
154769,TikTok,2024-09-12,Não Convertido,,0.0,Moderado,Swaziland
154770,Orgânico,2024-09-12,Não Convertido,,0.0,Moderado,Guam
154771,E-mail Marketing,2024-09-13,Convertido,17.0,2546.14,Moderado,Barbados
154772,E-mail Marketing,2024-09-10,Não Convertido,,0.0,Agressivo,Ghana
154773,Orgânico,2024-09-11,Não Convertido,,0.0,Moderado,Guernsey
154774,Indicação,2024-09-10,Não Convertido,,0.0,Agressivo,Cayman Islands
154775,E-mail Marketing,2024-09-13,Não Convertido,,0.0,Agressivo,Benin
154776,Instagram,2024-09-12,Convertido,14.0,1999.48,Agressivo,Nepal
154777,YouTube Ads,2024-09-09,Não Convertido,,0.0,Desconhecido,Saint Lucia
154778,Instagram,2024-09-13,Não Convertido,,0.0,Agressivo,South Africa
154779,Instagram,2024-09-11,Não Convertido,,0.0,Agressivo,Togo
154780,Facebook,2024-09-09,Não Convertido,,0.0,Moderado,Dominican Republic
154781,Google Ads,2024-09-13,Não Convertido,,0.0,Moderado,Congo
154782,Facebook,2024-09-13,Não Convertido,,0.0,Moderado,Iraq
154783,TikTok,2024-09-10,Não Convertido,,0.0,Moderado,Russian Federation
154784,E-mail Marketing,2024-09-12,Não Convertido,,0.0,Desconhecido,Lao People's Democratic Republic
154785,WhatsApp,2024-09-09,Não Convertido,,0.0,Moderado,Eritrea
154786,Google Ads,2024-09-11,Não Convertido,,0.0,Moderado,Ireland
154787,E-mail Marketing,2024-09-09,Não Convertido,,0.0,Moderado,Zimbabwe
154788,Instagram,2024-09-10,Não Convertido,,0.0,Moderado,Algeria
154789,Facebook,2024-09-10,Não Convertido,,0.0,Agressivo,Morocco
154790,E-mail Marketing,2024-09-09,Não Convertido,,0.0,Agressivo,Svalbard & Jan Mayen Islands
154791,TikTok,2024-09-14,Não Convertido,,0.0,Desconhecido,Guadeloupe
154792,Instagram,2024-09-12,Não Convertido,,0.0,Conservador,Reunion
154793,Orgânico,2024-09-11,Não Convertido,,0.0,Agressivo,Switzerland
154794,E-mail Marketing,2024-09-09,Não Convertido,,0.0,Moderado,Cameroon
154795,Orgânico,2024-09-12,Não Convertido,,0.0,Moderado,Guinea
154796,TikTok,2024-09-14,Não Convertido,,0.0,Agressivo,Montserrat
154797,Instagram,2024-09-13,Não Convertido,,0.0,Agressivo,Marshall Islands
154798,Orgânico,2024-09-11,Não Convertido,,0.0,Conservador,Kenya
154799,E-mail Marketing,2024-09-10,Não Convertido,,0.0,Agressivo,Kiribati
154800,Google Ads,2024-09-11,Não Convertido,,0.0,Moderado,South Georgia and the South Sandwich Islands
154801,Instagram,2024-09-11,Não Convertido,,0.0,Moderado,Gabon
154802,YouTube Ads,2024-09-10,Não Convertido,,0.0,Moderado,South Africa
154803,Facebook,2024-09-10,Não Convertido,,0.0,Desconhecido,Lao People's Democratic Republic
154804,Instagram,2024-09-14,Não Convertido,,0.0,Desconhecido,Singapore
154805,E-mail Marketing,2024-09-09,Não Convertido,,0.0,Agressivo,Faroe Islands
154806,Google Ads,2024-09-11,Não Convertido,,0.0,Moderado,Sierra Leone
154807,TikTok,2024-09-10,Não Convertido,,0.0,Moderado,Eritrea
154808,Instagram,2024-09-11,Não Convertido,,0.0,Agressivo,Congo
154809,Instagram,2024-09-10,Não Convertido,,0.0,Moderado,Czech Republic
154810,TikTok,2024-09-11,Não Convertido,,0.0,Agressivo,Kuwait
154811,Orgânico,2024-09-12,Não Convertido,,0.0,Agressivo,Nicaragua
154812,YouTube Ads,2024-09-09,Não Convertido,,0.0,Moderado,Reunion
154813,E-mail Marketing,2024-09-10,Não Convertido,,0.0,Moderado,South Africa
154814,YouTube Ads,2024-09-13,Não Convertido,,0.0,Agressivo,Sao Tome and Principe
154815,TikTok,2024-09-09,Não Convertido,,0.0,Moderado,Burundi
154816,Instagram,2024-09-12,Não Convertido,,0.0,Moderado,Western Sahara
154817,TikTok,2024-09-10,Não Convertido,,0.0,Conservador,American Samoa
154818,Orgânico,2024-09-13,Não Convertido,,0.0,Conservador,Uganda
154819,Instagram,2024-09-10,Não Convertido,,0.0,Moderado,Colombia
154820,Orgânico,2024-09-12,Não Convertido,,0.0,Agressivo,France
154821,YouTube Ads,2024-09-13,Não Convertido,,0.0,Conservador,India
154822,Orgânico,2024-09-13,Não Convertido,,0.0,Moderado,Martinique
154823,Indicação,2024-09-09,Não Convertido,,0.0,Agressivo,Sweden
154824,Instagram,2024-09-10,Não Convertido,,0.0,Conservador,Northern Mariana Islands
154825,Instagram,2024-09-13,Não Convertido,,0.0,Moderado,Ethiopia
154826,TikTok,2024-09-13,Não Convertido,,0.0,Agressivo,Belgium
154827,Orgânico,2024-09-14,Não Convertido,,0.0,Agressivo,Guinea
154828,TikTok,2024-09-11,Não Convertido,,0.0,Agressivo,Tonga
154829,Instagram,2024-09-13,Não Convertido,,0.0,Moderado,Antigua and Barbuda
154830,Orgânico,2024-09-11,Não Convertido,,0.0,Conservador,Saint Kitts and Nevis
154831,E-mail Marketing,2024-09-14,Não Convertido,,0.0,Conservador,Serbia
154832,Facebook,2024-09-11,Não Convertido,,0.0,Moderado,Venezuela
154833,Facebook,2024-09-14,Não Convertido,,0.0,Agressivo,Libyan Arab Jamahiriya
154834,Google Ads,2024-09-13,Não Convertido,,0.0,Moderado,Suriname
154835,Orgânico,2024-09-09,Não Convertido,,0.0,Conservador,Vanuatu
154836,Instagram,2024-09-09,Não Convertido,,0.0,Desconhecido,Heard Island and McDonald Islands
154837,Facebook,2024-09-09,Não Convertido,,0.0,Conservador,Suriname
154838,WhatsApp,2024-09-12,Não Convertido,,0.0,Moderado,Tuvalu
154839,Orgânico,2024-09-09,Não Convertido,,0.0,Moderado,Mayotte
154840,E-mail Marketing,2024-09-10,Não Convertido,,0.0,Moderado,Gambia
154841,TikTok,2024-09-14,Não Convertido,,0.0,Moderado,Costa Rica
154842,Indicação,2024-09-12,Convertido,0.0,299.68,Moderado,Croatia
154843,Indicação,2024-09-12,Não Convertido,,0.0,Desconhecido,United Kingdom
154844,TikTok,2024-09-14,Não Convertido,,0.0,Desconhecido,Uganda
154845,Instagram,2024-09-13,Não Convertido,,0.0,Moderado,Somalia
154846,Google Ads,2024-09-14,Convertido,25.0,5770.42,Desconhecido,Romania
154847,E-mail Marketing,2024-09-09,Não Convertido,,0.0,Agressivo,Antarctica (the territory South of 60 deg S)
154848,Instagram,2024-09-10,Não Convertido,,0.0,Conservador,Haiti
154849,WhatsApp,2024-09-11,Não Convertido,,0.0,Agressivo,Seychelles
154850,TikTok,2024-09-14,Não Convertido,,0.0,Agressivo,Burundi
154851,Instagram,2024-09-11,Não Convertido,,0.0,Desconhecido,Tuvalu
154852,Google Ads,2024-09-14,Não Convertido,,0.0,Desconhecido,Anguilla
154853,Google Ads,2024-09-12,Não Convertido,,0.0,Moderado,Netherlands Antilles
154854,Google Ads,2024-09-09,Não Convertido,,0.0,Moderado,Martinique
154855,Facebook,2024-09-12,Não Convertido,,0.0,Moderado,Aruba
154856,Facebook,2024-09-09,Não Convertido,,0.0,Desconhecido,Equatorial Guinea
154857,E-mail Marketing,2024-09-10,Não Convertido,,0.0,Moderado,Belarus
154858,Orgânico,2024-09-13,Não Convertido,,0.0,Agressivo,Holy See (Vatican City State)
154859,Orgânico,2024-09-10,Não Convertido,,0.0,Moderado,Albania
154860,YouTube Ads,2024-09-13,Não Convertido,,0.0,Moderado,French Polynesia
154861,Orgânico,2024-09-11,Não Convertido,,0.0,Agressivo,Trinidad and Tobago
154862,TikTok,2024-09-14,Não Convertido,,0.0,Desconhecido,Philippines
154863,Orgânico,2024-09-14,Não Convertido,,0.0,Agressivo,Niger
154864,E-mail Marketing,2024-09-10,Não Convertido,,0.0,Agressivo,Mayotte
154865,Orgânico,2024-09-09,Não Convertido,,0.0,Moderado,Angola
154866,TikTok,2024-09-14,Não Convertido,,0.0,Agressivo,Greece
154867,E-mail Marketing,2024-09-14,Não Convertido,,0.0,Agressivo,Bulgaria
154868,Google Ads,2024-09-12,Não Convertido,,0.0,Desconhecido,Belarus
154869,Orgânico,2024-09-09,Não Convertido,,0.0,Moderado,Sudan
154870,Instagram,2024-09-11,Não Convertido,,0.0,Conservador,Lebanon
154871,TikTok,2024-09-09,Não Convertido,,0.0,Agressivo,Turkmenistan
154872,Indicação,2024-09-10,Não Convertido,,0.0,Agressivo,Jamaica
154873,Orgânico,2024-09-11,Não Convertido,,0.0,Moderado,Niger
154874,YouTube Ads,2024-09-10,Não Convertido,,0.0,Conservador,Western Sahara
154875,Google Ads,2024-09-10,Não Convertido,,0.0,Agressivo,Comoros
154876,Instagram,2024-09-14,Não Convertido,,0.0,Conservador,Montserrat
154877,YouTube Ads,2024-09-11,Não Convertido,,0.0,Conservador,Somalia
154878,Instagram,2024-09-11,Não Convertido,,0.0,Conservador,Finland
154879,Instagram,2024-09-09,Não Convertido,,0.0,Moderado,Finland
154880,Facebook,2024-09-10,Não Convertido,,0.0,Agressivo,Maldives
154881,E-mail Marketing,2024-09-14,Não Convertido,,0.0,Moderado,Australia
154882,Orgânico,2024-09-11,Não Convertido,,0.0,Moderado,Seychelles
154883,Facebook,2024-09-14,Não Convertido,,0.0,Moderado,Nigeria
154884,Indicação,2024-09-14,Não Convertido,,0.0,Agressivo,Qatar
154885,Instagram,2024-09-09,Não Convertido,,0.0,Moderado,Uzbekistan
154886,E-mail Marketing,2024-09-14,Não Convertido,,0.0,Conservador,El Salvador
154887,Facebook,2024-09-11,Não Convertido,,0.0,Conservador,Maldives
154888,WhatsApp,2024-09-09,Não Convertido,,0.0,Conservador,Somalia
154889,WhatsApp,2024-09-11,Não Convertido,,0.0,Agressivo,Dominican Republic
154890,Indicação,2024-09-13,Não Convertido,,0.0,Moderado,Luxembourg
154891,YouTube Ads,2024-09-14,Não Convertido,,0.0,Conservador,Cape Verde
154892,Instagram,2024-09-13,Não Convertido,,0.0,Desconhecido,Lebanon
154893,Orgânico,2024-09-14,Não Convertido,,0.0,Conservador,Guam
154894,Facebook,2024-09-12,Não Convertido,,0.0,Conservador,Tunisia
154895,Orgânico,2024-09-10,Não Convertido,,0.0,Agressivo,Venezuela
154896,Instagram,2024-09-11,Não Convertido,,0.0,Moderado,Saint Kitts and Nevis
154897,Google Ads,2024-09-09,Não Convertido,,0.0,Agressivo,Liechtenstein
154898,YouTube Ads,2024-09-10,Não Convertido,,0.0,Agressivo,Turks and Caicos Islands
154899,TikTok,2024-09-12,Não Convertido,,0.0,Agressivo,Palau
154900,Orgânico,2024-09-09,Não Convertido,,0.0,Agressivo,Uruguay
154901,YouTube Ads,2024-09-10,Não Convertido,,0.0,Moderado,San Marino
154902,Facebook,2024-09-11,Não Convertido,,0.0,Agressivo,Martinique
154903,Google Ads,2024-09-10,Não Convertido,,0.0,Moderado,Togo
154904,Facebook,2024-09-09,Não Convertido,,0.0,Desconhecido,Ecuador
154905,Indicação,2024-09-09,Convertido,20.0,5372.75,Agressivo,Zimbabwe
154906,Google Ads,2024-09-11,Não Convertido,,0.0,Conservador,Korea
154907,E-mail Marketing,2024-09-09,Convertido,3.0,7183.41,Moderado,Central African Republic
154908,Indicação,2024-09-11,Não Convertido,,0.0,Agressivo,Dominica
154909,Instagram,2024-09-14,Convertido,7.0,9043.78,Agressivo,Sierra Leone
154910,Instagram,2024-09-12,Não Convertido,,0.0,Agressivo,British Virgin Islands
154911,YouTube Ads,2024-09-13,Não Convertido,,0.0,Moderado,Haiti
154912,Google Ads,2024-09-14,Não Convertido,,0.0,Moderado,Ghana
154913,E-mail Marketing,2024-09-12,Não Convertido,,0.0,Conservador,Mongolia
154914,Orgânico,2024-09-14,Não Convertido,,0.0,Moderado,Belize
154915,TikTok,2024-09-09,Não Convertido,,0.0,Agressivo,Hungary
154916,Google Ads,2024-09-10,Não Convertido,,0.0,Agressivo,Maldives
154917,Orgânico,2024-09-14,Não Convertido,,0.0,Moderado,Dominican Republic
154918,TikTok,2024-09-14,Não Convertido,,0.0,Agressivo,Greece
154919,Orgânico,2024-09-10,Não Convertido,,0.0,Agressivo,Netherlands
154920,Facebook,2024-09-10,Não Convertido,,0.0,Moderado,Bahamas
154921,Instagram,2024-09-10,Não Convertido,,0.0,Moderado,Anguilla
154922,Facebook,2024-09-10,Não Convertido,,0.0,Moderado,Trinidad and Tobago
154923,E-mail Marketing,2024-09-10,Não Convertido,,0.0,Conservador,Turkmenistan
154924,Instagram,2024-09-09,Não Convertido,,0.0,Agressivo,Svalbard & Jan Mayen Islands
154925,Google Ads,2024-09-14,Não Convertido,,0.0,Agressivo,Armenia
154926,Google Ads,2024-09-12,Não Convertido,,0.0,Conservador,Sao Tome and Principe
154927,Orgânico,2024-09-13,Não Convertido,,0.0,Conservador,Italy
154928,YouTube Ads,2024-09-12,Não Convertido,,0.0,Agressivo,Puerto Rico
154929,Facebook,2024-09-11,Não Convertido,,0.0,Conservador,Mali
154930,Google Ads,2024-09-13,Não Convertido,,0.0,Agressivo,French Polynesia
154931,WhatsApp,2024-09-12,Não Convertido,,0.0,Agressivo,Saint Martin
154932,WhatsApp,2024-09-14,Não Convertido,,0.0,Agressivo,Svalbard & Jan Mayen Islands
154933,WhatsApp,2024-09-10,Não Convertido,,0.0,Moderado,Albania
154934,TikTok,2024-09-10,Não Convertido,,0.0,Moderado,Saint Vincent and the Grenadines
154935,Instagram,2024-09-11,Não Convertido,,0.0,Conservador,Pitcairn Islands
154936,TikTok,2024-09-09,Não Convertido,,0.0,Moderado,Nicaragua
154937,Instagram,2024-09-10,Não Convertido,,0.0,Moderado,Bermuda
154938,TikTok,2024-09-09,Não Convertido,,0.0,Moderado,Cape Verde
154939,Orgânico,2024-09-13,Não Convertido,,0.0,Agressivo,Sri Lanka
154940,YouTube Ads,2024-09-10,Não Convertido,,0.0,Agressivo,Cocos (Keeling) Islands
154941,Orgânico,2024-09-09,Não Convertido,,0.0,Moderado,Cyprus
154942,Google Ads,2024-09-11,Não Convertido,,0.0,Agressivo,Mayotte
154943,Orgânico,2024-09-10,Não Convertido,,0.0,Conservador,Antarctica (the territory South of 60 deg S)
154944,TikTok,2024-09-11,Não Convertido,,0.0,Agressivo,Germany
154945,WhatsApp,2024-09-09,Não Convertido,,0.0,Conservador,Malawi
154946,TikTok,2024-09-09,Não Convertido,,0.0,Agressivo,Niue
154947,YouTube Ads,2024-09-09,Não Convertido,,0.0,Agressivo,Venezuela
154948,Orgânico,2024-09-12,Convertido,6.0,8897.41,Moderado,Uruguay
154949,Facebook,2024-09-14,Não Convertido,,0.0,Moderado,Cape Verde
154950,Google Ads,2024-09-14,Não Convertido,,0.0,Agressivo,Tunisia
154951,E-mail Marketing,2024-09-12,Não Convertido,,0.0,Moderado,Senegal
154952,WhatsApp,2024-09-14,Não Convertido,,0.0,Agressivo,Qatar
154953,Orgânico,2024-09-11,Não Convertido,,0.0,Agressivo,Burundi
154954,Indicação,2024-09-12,Não Convertido,,0.0,Moderado,El Salvador
154955,Google Ads,2024-09-11,Não Convertido,,0.0,Moderado,Honduras
154956,Orgânico,2024-09-13,Não Convertido,,0.0,Moderado,Ecuador
154957,YouTube Ads,2024-09-14,Não Convertido,,0.0,Moderado,Tunisia
154958,E-mail Marketing,2024-09-14,Não Convertido,,0.0,Agressivo,Sudan
154959,Facebook,2024-09-09,Não Convertido,,0.0,Moderado,Burkina Faso
154960,Instagram,2024-09-14,Não Convertido,,0.0,Agressivo,Cyprus
154961,Orgânico,2024-09-10,Não Convertido,,0.0,Moderado,Bermuda
154962,E-mail Marketing,2024-09-11,Não Convertido,,0.0,Desconhecido,Georgia
154963,E-mail Marketing,2024-09-12,Não Convertido,,0.0,Agressivo,Sweden
154964,WhatsApp,2024-09-14,Não Convertido,,0.0,Moderado,Montserrat
154965,Orgânico,2024-09-11,Não Convertido,,0.0,Conservador,Seychelles
154966,Orgânico,2024-09-10,Não Convertido,,0.0,Moderado,Tonga
154967,WhatsApp,2024-09-14,Não Convertido,,0.0,Desconhecido,Falkland Islands (Malvinas)
154968,TikTok,2024-09-11,Não Convertido,,0.0,Conservador,Tunisia
154969,Google Ads,2024-09-12,Não Convertido,,0.0,Agressivo,Uganda
154970,WhatsApp,2024-09-14,Não Convertido,,0.0,Moderado,Micronesia
154971,Indicação,2024-09-14,Não Convertido,,0.0,Moderado,Niue
154972,Orgânico,2024-09-13,Não Convertido,,0.0,Agressivo,Timor-Leste
154973,Orgânico,2024-09-10,Não Convertido,,0.0,Moderado,Austria
154974,Instagram,2024-09-10,Não Convertido,,0.0,Moderado,Cocos (Keeling) Islands
154975,Orgânico,2024-09-14,Não Convertido,,0.0,Moderado,Fiji
154976,Google Ads,2024-09-12,Não Convertido,,0.0,Desconhecido,Philippines
154977,Facebook,2024-09-11,Não Convertido,,0.0,Moderado,Namibia
154978,WhatsApp,2024-09-13,Não Convertido,,0.0,Moderado,Svalbard & Jan Mayen Islands
154979,Instagram,2024-09-09,Não Convertido,,0.0,Agressivo,Congo
154980,TikTok,2024-09-11,Convertido,0.0,9337.01,Conservador,Honduras
154981,Instagram,2024-09-13,Não Convertido,,0.0,Agressivo,Taiwan
154982,Orgânico,2024-09-14,Não Convertido,,0.0,Moderado,Jamaica
154983,Orgânico,2024-09-10,Convertido,19.0,9718.7,Moderado,Uruguay
154984,TikTok,2024-09-09,Não Convertido,,0.0,Moderado,Algeria
154985,E-mail Marketing,2024-09-13,Não Convertido,,0.0,Agressivo,Armenia
154986,Orgânico,2024-09-10,Convertido,27.0,711.74,Moderado,Kazakhstan
154987,TikTok,2024-09-13,Não Convertido,,0.0,Moderado,Swaziland
154988,Orgânico,2024-09-10,Não Convertido,,0.0,Moderado,Jamaica
154989,Instagram,2024-09-11,Não Convertido,,0.0,Agressivo,Aruba
154990,Instagram,2024-09-13,Não Convertido,,0.0,Moderado,Tajikistan
154991,TikTok,2024-09-11,Não Convertido,,0.0,Agressivo,Antarctica (the territory South of 60 deg S)
154992,Instagram,2024-09-13,Não Convertido,,0.0,Moderado,Venezuela
154993,Google Ads,2024-09-09,Não Convertido,,0.0,Agressivo,Micronesia
154994,Orgânico,2024-09-12,Não Convertido,,0.0,Moderado,Marshall Islands
154995,TikTok,2024-09-14,Não Convertido,,0.0,Agressivo,Botswana
154996,TikTok,2024-09-10,Não Convertido,,0.0,Conservador,Kiribati
154997,Facebook,2024-09-10,Não Convertido,,0.0,Moderado,Denmark
154998,Orgânico,2024-09-12,Não Convertido,,0.0,Desconhecido,Ukraine
154999,Instagram,2024-09-12,Não Convertido,,0.0,Agressivo,Bahrain
155000,Indicação,2024-09-13,Não Convertido,,0.0,Agressivo,Greenland
155001,Instagram,2024-09-10,Não Convertido,,0.0,Moderado,Norway
155002,Facebook,2024-09-12,Não Convertido,,0.0,Conservador,Benin
155003,TikTok,2024-09-09,Não Convertido,,0.0,Moderado,Greece
155004,Instagram,2024-09-09,Não Convertido,,0.0,Moderado,French Southern Territories
155005,YouTube Ads,2024-09-14,Não Convertido,,0.0,Desconhecido,Trinidad and Tobago
155006,Facebook,2024-09-09,Não Convertido,,0.0,Conservador,Turks and Caicos Islands
155007,Instagram,2024-09-12,Não Convertido,,0.0,Desconhecido,Samoa
155008,Indicação,2024-09-12,Não Convertido,,0.0,Agressivo,Anguilla
155009,Facebook,2024-09-12,Não Convertido,,0.0,Moderado,Mauritius
155010,Orgânico,2024-09-10,Convertido,12.0,7051.47,Moderado,Austria
155011,TikTok,2024-09-09,Não Convertido,,0.0,Agressivo,Mali
155012,Facebook,2024-09-13,Não Convertido,,0.0,Conservador,Zimbabwe
155013,Orgânico,2024-09-11,Convertido,5.0,7809.14,Moderado,Syrian Arab Republic
155014,Instagram,2024-09-09,Convertido,17.0,9713.73,Moderado,Bahrain
155015,TikTok,2024-09-14,Não Convertido,,0.0,Moderado,Tokelau
155016,Orgânico,2024-09-10,Não Convertido,,0.0,Desconhecido,Slovakia (Slovak Republic)
155017,E-mail Marketing,2024-09-11,Não Convertido,,0.0,Moderado,Uganda
155018,E-mail Marketing,2024-09-09,Não Convertido,,0.0,Agressivo,Macao
155019,WhatsApp,2024-09-10,Não Convertido,,0.0,Agressivo,Malta
155020,Instagram,2024-09-12,Não Convertido,,0.0,Agressivo,Aruba
155021,Google Ads,2024-09-12,Não Convertido,,0.0,Moderado,Luxembourg
155022,TikTok,2024-09-09,Não Convertido,,0.0,Agressivo,Lebanon
155023,TikTok,2024-09-14,Não Convertido,,0.0,Moderado,Saint Lucia
155024,Facebook,2024-09-14,Não Convertido,,0.0,Agressivo,Slovenia
155025,Orgânico,2024-09-13,Não Convertido,,0.0,Agressivo,Barbados
155026,E-mail Marketing,2024-09-12,Não Convertido,,0.0,Agressivo,Nepal
155027,Google Ads,2024-09-10,Não Convertido,,0.0,Moderado,Ghana
155028,Instagram,2024-09-12,Não Convertido,,0.0,Moderado,French Guiana
155029,Orgânico,2024-09-12,Convertido,13.0,1384.96,Conservador,Malta
155030,Orgânico,2024-09-12,Não Convertido,,0.0,Agressivo,Iraq
155031,YouTube Ads,2024-09-10,Não Convertido,,0.0,Agressivo,Germany
155032,Instagram,2024-09-13,Não Convertido,,0.0,Desconhecido,British Indian Ocean Territory (Chagos Archipelago)
155033,Facebook,2024-09-12,Não Convertido,,0.0,Moderado,Zambia
155034,Orgânico,2024-09-13,Não Convertido,,0.0,Moderado,Dominican Republic
155035,Instagram,2024-09-12,Não Convertido,,0.0,Desconhecido,Saint Kitts and Nevis
155036,Indicação,2024-09-09,Não Convertido,,0.0,Desconhecido,Madagascar
155037,Instagram,2024-09-10,Não Convertido,,0.0,Desconhecido,Estonia
155038,Instagram,2024-09-10,Não Convertido,,0.0,Conservador,Equatorial Guinea
155039,TikTok,2024-09-12,Não Convertido,,0.0,Desconhecido,Zambia
155040,TikTok,2024-09-12,Não Convertido,,0.0,Moderado,Tuvalu
155041,E-mail Marketing,2024-09-12,Não Convertido,,0.0,Desconhecido,United States Minor Outlying Islands
155042,Instagram,2024-09-11,Não Convertido,,0.0,Moderado,Jamaica
155043,Facebook,2024-09-13,Não Convertido,,0.0,Agressivo,French Southern Territories
155044,Orgânico,2024-09-13,Não Convertido,,0.0,Moderado,Aruba
155045,Orgânico,2024-09-14,Não Convertido,,0.0,Conservador,Norway
155046,Facebook,2024-09-12,Não Convertido,,0.0,Moderado,Haiti
155047,TikTok,2024-09-09,Não Convertido,,0.0,Agressivo,Gabon
155048,Instagram,2024-09-13,Não Convertido,,0.0,Agressivo,Burundi
155049,Orgânico,2024-09-13,Não Convertido,,0.0,Conservador,Sao Tome and Principe
155050,Indicação,2024-09-11,Convertido,23.0,4947.83,Moderado,Guinea
155051,Instagram,2024-09-10,Não Convertido,,0.0,Desconhecido,Montenegro
155052,Google Ads,2024-09-10,Não Convertido,,0.0,Moderado,Armenia
155053,Instagram,2024-09-10,Não Convertido,,0.0,Moderado,Heard Island and McDonald Islands
155054,Facebook,2024-09-13,Não Convertido,,0.0,Agressivo,Burkina Faso
155055,TikTok,2024-09-11,Não Convertido,,0.0,Agressivo,Venezuela
155056,Indicação,2024-09-13,Não Convertido,,0.0,Agressivo,Northern Mariana Islands
155057,Instagram,2024-09-12,Não Convertido,,0.0,Desconhecido,Tuvalu
155058,E-mail Marketing,2024-09-11,Não Convertido,,0.0,Conservador,Greenland
155059,Orgânico,2024-09-09,Não Convertido,,0.0,Moderado,Marshall Islands
155060,Orgânico,2024-09-12,Não Convertido,,0.0,Moderado,Tokelau
155061,WhatsApp,2024-09-10,Não Convertido,,0.0,Desconhecido,Mozambique
155062,Indicação,2024-09-13,Não Convertido,,0.0,Moderado,Montenegro
155063,Instagram,2024-09-13,Não Convertido,,0.0,Conservador,China
155064,Instagram,2024-09-14,Não Convertido,,0.0,Agressivo,Solomon Islands
155065,WhatsApp,2024-09-11,Não Convertido,,0.0,Agressivo,Ukraine
155066,Orgânico,2024-09-10,Não Convertido,,0.0,Moderado,Liberia
155067,TikTok,2024-09-14,Não Convertido,,0.0,Desconhecido,Cameroon
155068,Orgânico,2024-09-10,Não Convertido,,0.0,Conservador,Cape Verde
155069,Instagram,2024-09-12,Não Convertido,,0.0,Moderado,Zambia
155070,Instagram,2024-09-13,Não Convertido,,0.0,Conservador,French Southern Territories
155071,WhatsApp,2024-09-14,Não Convertido,,0.0,Agressivo,Grenada
155072,TikTok,2024-09-14,Convertido,6.0,8745.41,Moderado,Kyrgyz Republic
155073,E-mail Marketing,2024-09-11,Não Convertido,,0.0,Agressivo,Portugal
155074,Orgânico,2024-09-14,Não Convertido,,0.0,Moderado,Saint Lucia
155075,Instagram,2024-09-13,Não Convertido,,0.0,Agressivo,Malta
155076,Facebook,2024-09-13,Não Convertido,,0.0,Agressivo,Germany
155077,Indicação,2024-09-13,Não Convertido,,0.0,Moderado,Northern Mariana Islands
155078,Orgânico,2024-09-10,Não Convertido,,0.0,Agressivo,Swaziland
155079,Instagram,2024-09-11,Convertido,13.0,4325.34,Moderado,Bolivia
155080,Orgânico,2024-09-12,Não Convertido,,0.0,Moderado,Malaysia
155081,E-mail Marketing,2024-09-12,Não Convertido,,0.0,Conservador,Burundi
155082,E-mail Marketing,2024-09-14,Não Convertido,,0.0,Moderado,Bhutan
155083,Instagram,2024-09-11,Não Convertido,,0.0,Moderado,Timor-Leste
155084,YouTube Ads,2024-09-11,Não Convertido,,0.0,Moderado,Egypt
155085,TikTok,2024-09-13,Não Convertido,,0.0,Agressivo,Monaco
155086,E-mail Marketing,2024-09-11,Não Convertido,,0.0,Moderado,Morocco
155087,E-mail Marketing,2024-09-13,Não Convertido,,0.0,Moderado,Philippines
155088,Instagram,2024-09-14,Não Convertido,,0.0,Desconhecido,Chile
155089,Instagram,2024-09-09,Não Convertido,,0.0,Moderado,Uganda
155090,Indicação,2024-09-09,Não Convertido,,0.0,Conservador,Kyrgyz Republic
155091,Google Ads,2024-09-10,Não Convertido,,0.0,Conservador,Liechtenstein
155092,YouTube Ads,2024-09-13,Convertido,11.0,1527.85,Moderado,Germany
155093,Instagram,2024-09-11,Não Convertido,,0.0,Moderado,Kuwait
155094,YouTube Ads,2024-09-13,Não Convertido,,0.0,Moderado,Cameroon
155095,Indicação,2024-09-14,Não Convertido,,0.0,Moderado,Grenada
155096,TikTok,2024-09-09,Não Convertido,,0.0,Moderado,Chile
155097,Orgânico,2024-09-10,Não Convertido,,0.0,Moderado,Nicaragua
155098,Facebook,2024-09-11,Não Convertido,,0.0,Agressivo,Guinea
155099,Facebook,2024-09-12,Não Convertido,,0.0,Agressivo,Barbados
155100,TikTok,2024-09-09,Não Convertido,,0.0,Moderado,Slovakia (Slovak Republic)
155101,YouTube Ads,2024-09-10,Não Convertido,,0.0,Desconhecido,Haiti
155102,E-mail Marketing,2024-09-09,Não Convertido,,0.0,Conservador,Azerbaijan
155103,Orgânico,2024-09-12,Não Convertido,,0.0,Agressivo,Eritrea
155104,Indicação,2024-09-11,Não Convertido,,0.0,Moderado,San Marino
155105,Google Ads,2024-09-10,Não Convertido,,0.0,Conservador,Austria
155106,Instagram,2024-09-09,Não Convertido,,0.0,Desconhecido,Somalia
155107,Facebook,2024-09-12,Não Convertido,,0.0,Conservador,Brazil
155108,Orgânico,2024-09-09,Não Convertido,,0.0,Moderado,Mongolia
155109,Google Ads,2024-09-14,Não Convertido,,0.0,Agressivo,Honduras
155110,E-mail Marketing,2024-09-10,Não Convertido,,0.0,Conservador,Guam
155111,Orgânico,2024-09-10,Não Convertido,,0.0,Conservador,Austria
155112,Orgânico,2024-09-12,Não Convertido,,0.0,Moderado,Palestinian Territory
155113,TikTok,2024-09-13,Não Convertido,,0.0,Moderado,Qatar
155114,Facebook,2024-09-12,Não Convertido,,0.0,Moderado,United States Minor Outlying Islands
155115,TikTok,2024-09-12,Não Convertido,,0.0,Agressivo,Tuvalu
155116,Google Ads,2024-09-10,Não Convertido,,0.0,Conservador,Pakistan
155117,TikTok,2024-09-10,Não Convertido,,0.0,Agressivo,Iceland
155118,Orgânico,2024-09-11,Não Convertido,,0.0,Moderado,Netherlands
155119,E-mail Marketing,2024-09-13,Não Convertido,,0.0,Moderado,Panama
155120,Google Ads,2024-09-13,Não Convertido,,0.0,Agressivo,Western Sahara
155121,E-mail Marketing,2024-09-11,Não Convertido,,0.0,Desconhecido,Mongolia
155122,YouTube Ads,2024-09-12,Não Convertido,,0.0,Moderado,Guam
155123,Instagram,2024-09-11,Não Convertido,,0.0,Agressivo,Togo
155124,Facebook,2024-09-13,Não Convertido,,0.0,Agressivo,South Africa
155125,TikTok,2024-09-14,Não Convertido,,0.0,Agressivo,French Southern Territories
155126,Facebook,2024-09-11,Não Convertido,,0.0,Moderado,Mauritius
155127,Orgânico,2024-09-10,Não Convertido,,0.0,Desconhecido,Uruguay
155128,Google Ads,2024-09-10,Não Convertido,,0.0,Conservador,Azerbaijan
155129,Instagram,2024-09-13,Não Convertido,,0.0,Agressivo,Malaysia
155130,Instagram,2024-09-11,Não Convertido,,0.0,Moderado,Namibia
155131,TikTok,2024-09-11,Não Convertido,,0.0,Agressivo,Estonia
155132,E-mail Marketing,2024-09-14,Não Convertido,,0.0,Moderado,Samoa
155133,WhatsApp,2024-09-14,Não Convertido,,0.0,Desconhecido,Togo
155134,WhatsApp,2024-09-11,Não Convertido,,0.0,Desconhecido,Guatemala
155135,WhatsApp,2024-09-09,Não Convertido,,0.0,Agressivo,Honduras
155136,YouTube Ads,2024-09-14,Não Convertido,,0.0,Conservador,Uruguay
155137,Orgânico,2024-09-14,Não Convertido,,0.0,Agressivo,South Africa
155138,WhatsApp,2024-09-12,Não Convertido,,0.0,Agressivo,Martinique
155139,Facebook,2024-09-12,Convertido,23.0,238.06,Moderado,Anguilla
155140,Google Ads,2024-09-12,Não Convertido,,0.0,Moderado,Ireland
155141,Indicação,2024-09-11,Não Convertido,,0.0,Conservador,Northern Mariana Islands
155142,WhatsApp,2024-09-13,Não Convertido,,0.0,Agressivo,Lebanon
155143,Orgânico,2024-09-12,Não Convertido,,0.0,Agressivo,Zambia
155144,Google Ads,2024-09-10,Não Convertido,,0.0,Moderado,Bulgaria
155145,E-mail Marketing,2024-09-13,Não Convertido,,0.0,Agressivo,South Africa
155146,YouTube Ads,2024-09-14,Não Convertido,,0.0,Agressivo,Namibia
155147,E-mail Marketing,2024-09-12,Não Convertido,,0.0,Agressivo,Belgium
155148,Instagram,2024-09-13,Não Convertido,,0.0,Agressivo,Costa Rica
155149,YouTube Ads,2024-09-12,Não Convertido,,0.0,Moderado,Bahrain
155150,TikTok,2024-09-10,Não Convertido,,0.0,Moderado,Lesotho
155151,WhatsApp,2024-09-09,Não Convertido,,0.0,Desconhecido,Macao
155152,Orgânico,2024-09-14,Não Convertido,,0.0,Conservador,French Guiana
155153,Instagram,2024-09-13,Não Convertido,,0.0,Agressivo,Puerto Rico
155154,TikTok,2024-09-10,Não Convertido,,0.0,Moderado,Kazakhstan
155155,Google Ads,2024-09-12,Não Convertido,,0.0,Moderado,Latvia
155156,Instagram,2024-09-14,Não Convertido,,0.0,Desconhecido,Seychelles
155157,WhatsApp,2024-09-10,Não Convertido,,0.0,Moderado,Guam
155158,TikTok,2024-09-10,Não Convertido,,0.0,Conservador,Niue
155159,Orgânico,2024-09-13,Não Convertido,,0.0,Agressivo,Thailand
155160,Facebook,2024-09-14,Não Convertido,,0.0,Agressivo,Togo
155161,Orgânico,2024-09-12,Não Convertido,,0.0,Moderado,San Marino
155162,TikTok,2024-09-14,Não Convertido,,0.0,Moderado,Namibia
155163,E-mail Marketing,2024-09-12,Não Convertido,,0.0,Agressivo,Guadeloupe
155164,Instagram,2024-09-12,Não Convertido,,0.0,Agressivo,Mauritania
155165,YouTube Ads,2024-09-09,Não Convertido,,0.0,Moderado,Marshall Islands
155166,E-mail Marketing,2024-09-13,Não Convertido,,0.0,Agressivo,Guatemala
155167,E-mail Marketing,2024-09-12,Não Convertido,,0.0,Moderado,Timor-Leste
155168,Facebook,2024-09-11,Não Convertido,,0.0,Conservador,Lesotho
155169,Indicação,2024-09-10,Não Convertido,,0.0,Moderado,Guyana
155170,YouTube Ads,2024-09-10,Não Convertido,,0.0,Moderado,Russian Federation
155171,Google Ads,2024-09-11,Não Convertido,,0.0,Conservador,Antarctica (the territory South of 60 deg S)
155172,E-mail Marketing,2024-09-10,Não Convertido,,0.0,Moderado,India
155173,YouTube Ads,2024-09-12,Não Convertido,,0.0,Moderado,Zambia
155174,Instagram,2024-09-13,Não Convertido,,0.0,Conservador,Namibia
155175,TikTok,2024-09-09,Não Convertido,,0.0,Moderado,Korea
155176,Orgânico,2024-09-14,Não Convertido,,0.0,Desconhecido,Philippines
155177,TikTok,2024-09-10,Não Convertido,,0.0,Conservador,Algeria
155178,Orgânico,2024-09-13,Não Convertido,,0.0,Conservador,Taiwan
155179,YouTube Ads,2024-09-11,Não Convertido,,0.0,Desconhecido,Mali
155180,Instagram,2024-09-10,Não Convertido,,0.0,Conservador,Angola
155181,WhatsApp,2024-09-13,Não Convertido,,0.0,Conservador,Sudan
155182,Google Ads,2024-09-09,Não Convertido,,0.0,Moderado,Congo
155183,E-mail Marketing,2024-09-12,Não Convertido,,0.0,Moderado,Burkina Faso
155184,Orgânico,2024-09-11,Não Convertido,,0.0,Moderado,Togo
155185,E-mail Marketing,2024-09-14,Não Convertido,,0.0,Moderado,Fiji
155186,Indicação,2024-09-14,Não Convertido,,0.0,Agressivo,Christmas Island
155187,Instagram,2024-09-12,Convertido,10.0,8121.28,Agressivo,Cuba
155188,Google Ads,2024-09-10,Não Convertido,,0.0,Moderado,Saint Pierre and Miquelon
155189,TikTok,2024-09-14,Não Convertido,,0.0,Conservador,Monaco
155190,Facebook,2024-09-09,Não Convertido,,0.0,Agressivo,Cambodia
155191,YouTube Ads,2024-09-12,Não Convertido,,0.0,Moderado,Palestinian Territory
155192,Facebook,2024-09-09,Não Convertido,,0.0,Moderado,Bangladesh
155193,Instagram,2024-09-11,Convertido,3.0,3902.52,Agressivo,Western Sahara
155194,E-mail Marketing,2024-09-09,Não Convertido,,0.0,Moderado,Russian Federation
155195,E-mail Marketing,2024-09-12,Não Convertido,,0.0,Moderado,Tanzania
155196,Indicação,2024-09-10,Não Convertido,,0.0,Moderado,Canada
155197,Google Ads,2024-09-09,Não Convertido,,0.0,Agressivo,Togo
155198,Orgânico,2024-09-11,Não Convertido,,0.0,Desconhecido,El Salvador
155199,E-mail Marketing,2024-09-10,Não Convertido,,0.0,Moderado,Tanzania
155200,E-mail Marketing,2024-09-11,Não Convertido,,0.0,Agressivo,Serbia
155201,Facebook,2024-09-10,Não Convertido,,0.0,Desconhecido,Turks and Caicos Islands
155202,TikTok,2024-09-11,Não Convertido,,0.0,Agressivo,Pitcairn Islands
155203,Google Ads,2024-09-09,Não Convertido,,0.0,Agressivo,Libyan Arab Jamahiriya
155204,E-mail Marketing,2024-09-10,Não Convertido,,0.0,Moderado,Guyana
155205,TikTok,2024-09-14,Não Convertido,,0.0,Moderado,Vietnam
155206,TikTok,2024-09-11,Não Convertido,,0.0,Moderado,Suriname
155207,Orgânico,2024-09-13,Não Convertido,,0.0,Conservador,Saint Martin
155208,Instagram,2024-09-12,Não Convertido,,0.0,Agressivo,French Southern Territories
155209,Orgânico,2024-09-13,Não Convertido,,0.0,Conservador,Romania
155210,Facebook,2024-09-10,Não Convertido,,0.0,Conservador,Dominica
155211,TikTok,2024-09-12,Não Convertido,,0.0,Moderado,Ethiopia
155212,Orgânico,2024-09-14,Não Convertido,,0.0,Moderado,Equatorial Guinea
155213,Orgânico,2024-09-14,Não Convertido,,0.0,Moderado,Moldova
155214,TikTok,2024-09-11,Não Convertido,,0.0,Conservador,Kazakhstan
155215,YouTube Ads,2024-09-09,Não Convertido,,0.0,Conservador,Micronesia
155216,Orgânico,2024-09-12,Não Convertido,,0.0,Moderado,French Guiana
155217,Orgânico,2024-09-11,Não Convertido,,0.0,Moderado,Syrian Arab Republic
155218,TikTok,2024-09-12,Convertido,12.0,796.76,Desconhecido,Andorra
155219,Orgânico,2024-09-11,Não Convertido,,0.0,Moderado,Madagascar
155220,Indicação,2024-09-11,Não Convertido,,0.0,Moderado,Poland
155221,E-mail Marketing,2024-09-14,Não Convertido,,0.0,Conservador,San Marino
155222,Orgânico,2024-09-11,Não Convertido,,0.0,Agressivo,Swaziland
155223,WhatsApp,2024-09-09,Não Convertido,,0.0,Moderado,Moldova
155224,Instagram,2024-09-09,Não Convertido,,0.0,Agressivo,Bouvet Island (Bouvetoya)
155225,Orgânico,2024-09-13,Não Convertido,,0.0,Conservador,Puerto Rico
155226,Instagram,2024-09-12,Não Convertido,,0.0,Agressivo,Martinique
155227,Google Ads,2024-09-12,Não Convertido,,0.0,Conservador,Afghanistan
155228,TikTok,2024-09-09,Não Convertido,,0.0,Moderado,Saint Lucia
155229,Instagram,2024-09-12,Não Convertido,,0.0,Conservador,Sierra Leone
155230,E-mail Marketing,2024-09-12,Não Convertido,,0.0,Desconhecido,Argentina
155231,E-mail Marketing,2024-09-13,Não Convertido,,0.0,Moderado,Sudan
155232,Indicação,2024-09-09,Não Convertido,,0.0,Moderado,Martinique
155233,Facebook,2024-09-09,Não Convertido,,0.0,Conservador,Saint Vincent and the Grenadines
155234,Instagram,2024-09-11,Não Convertido,,0.0,Agressivo,Lesotho
155235,TikTok,2024-09-13,Não Convertido,,0.0,Agressivo,Thailand
155236,E-mail Marketing,2024-09-13,Não Convertido,,0.0,Desconhecido,Denmark
155237,TikTok,2024-09-11,Não Convertido,,0.0,Agressivo,Palestinian Territory
155238,Instagram,2024-09-13,Não Convertido,,0.0,Moderado,El Salvador
155239,TikTok,2024-09-11,Não Convertido,,0.0,Moderado,Guinea
155240,Orgânico,2024-09-12,Não Convertido,,0.0,Moderado,Greenland
155241,YouTube Ads,2024-09-10,Não Convertido,,0.0,Moderado,Indonesia
155242,Instagram,2024-09-13,Não Convertido,,0.0,Agressivo,Uruguay
155243,WhatsApp,2024-09-14,Não Convertido,,0.0,Agressivo,Samoa
155244,Facebook,2024-09-12,Não Convertido,,0.0,Conservador,Finland
155245,Instagram,2024-09-12,Não Convertido,,0.0,Moderado,Ghana
155246,Indicação,2024-09-13,Não Convertido,,0.0,Conservador,Haiti
155247,TikTok,2024-09-12,Não Convertido,,0.0,Agressivo,Malawi
155248,Google Ads,2024-09-09,Não Convertido,,0.0,Moderado,Israel
155249,E-mail Marketing,2024-09-10,Não Convertido,,0.0,Agressivo,Barbados
155250,YouTube Ads,2024-09-09,Não Convertido,,0.0,Moderado,Bolivia
155251,Indicação,2024-09-14,Não Convertido,,0.0,Moderado,Ireland
155252,Instagram,2024-09-09,Não Convertido,,0.0,Agressivo,Iraq
155253,Google Ads,2024-09-11,Não Convertido,,0.0,Moderado,French Polynesia
155254,WhatsApp,2024-09-11,Não Convertido,,0.0,Moderado,Syrian Arab Republic
155255,Google Ads,2024-09-14,Não Convertido,,0.0,Agressivo,Slovenia
155256,WhatsApp,2024-09-14,Não Convertido,,0.0,Moderado,Eritrea
155257,TikTok,2024-09-09,Não Convertido,,0.0,Agressivo,Madagascar
155258,E-mail Marketing,2024-09-09,Não Convertido,,0.0,Agressivo,Guernsey
155259,Orgânico,2024-09-09,Não Convertido,,0.0,Conservador,Egypt
155260,Google Ads,2024-09-10,Não Convertido,,0.0,Conservador,Niue
155261,Instagram,2024-09-11,Não Convertido,,0.0,Agressivo,Algeria
155262,Instagram,2024-09-11,Não Convertido,,0.0,Conservador,Jersey
155263,Orgânico,2024-09-10,Não Convertido,,0.0,Moderado,Tajikistan
155264,Google Ads,2024-09-13,Não Convertido,,0.0,Moderado,Greece
155265,Facebook,2024-09-14,Não Convertido,,0.0,Moderado,Micronesia
155266,YouTube Ads,2024-09-09,Não Convertido,,0.0,Moderado,Cyprus
155267,TikTok,2024-09-10,Não Convertido,,0.0,Moderado,Monaco
155268,WhatsApp,2024-09-13,Não Convertido,,0.0,Conservador,Anguilla
155269,Facebook,2024-09-11,Não Convertido,,0.0,Conservador,Nauru
155270,Orgânico,2024-09-14,Não Convertido,,0.0,Moderado,India
155271,Instagram,2024-09-09,Não Convertido,,0.0,Agressivo,Jordan
155272,TikTok,2024-09-10,Não Convertido,,0.0,Agressivo,France
155273,YouTube Ads,2024-09-09,Não Convertido,,0.0,Agressivo,Georgia
155274,YouTube Ads,2024-09-11,Não Convertido,,0.0,Moderado,Hong Kong
155275,Orgânico,2024-09-14,Convertido,12.0,9201.75,Agressivo,Saint Helena
155276,TikTok,2024-09-09,Não Convertido,,0.0,Desconhecido,Sweden
155277,E-mail Marketing,2024-09-12,Não Convertido,,0.0,Desconhecido,Central African Republic
155278,Google Ads,2024-09-10,Não Convertido,,0.0,Moderado,Oman
155279,WhatsApp,2024-09-09,Não Convertido,,0.0,Desconhecido,Afghanistan
155280,Google Ads,2024-09-09,Não Convertido,,0.0,Desconhecido,Azerbaijan
155281,Orgânico,2024-09-12,Não Convertido,,0.0,Agressivo,Syrian Arab Republic
155282,Instagram,2024-09-13,Não Convertido,,0.0,Agressivo,Bangladesh
155283,Instagram,2024-09-10,Não Convertido,,0.0,Agressivo,Myanmar
155284,E-mail Marketing,2024-09-14,Não Convertido,,0.0,Agressivo,Cyprus
155285,Google Ads,2024-09-13,Não Convertido,,0.0,Agressivo,Latvia
155286,TikTok,2024-09-10,Não Convertido,,0.0,Moderado,Slovenia
155287,YouTube Ads,2024-09-13,Não Convertido,,0.0,Agressivo,Congo
155288,Indicação,2024-09-14,Não Convertido,,0.0,Moderado,Saint Lucia
155289,Facebook,2024-09-11,Não Convertido,,0.0,Agressivo,Belize
155290,Orgânico,2024-09-12,Não Convertido,,0.0,Moderado,Greece
155291,Indicação,2024-09-13,Não Convertido,,0.0,Agressivo,Eritrea
155292,Orgânico,2024-09-10,Não Convertido,,0.0,Moderado,British Virgin Islands
155293,YouTube Ads,2024-09-13,Não Convertido,,0.0,Moderado,Algeria
155294,Google Ads,2024-09-14,Não Convertido,,0.0,Desconhecido,Zimbabwe
155295,E-mail Marketing,2024-09-09,Não Convertido,,0.0,Agressivo,Guyana
155296,Orgânico,2024-09-14,Não Convertido,,0.0,Desconhecido,Guinea
155297,Instagram,2024-09-10,Não Convertido,,0.0,Conservador,Equatorial Guinea
155298,Facebook,2024-09-09,Não Convertido,,0.0,Conservador,Russian Federation
155299,Orgânico,2024-09-12,Não Convertido,,0.0,Conservador,Zambia
155300,Orgânico,2024-09-12,Não Convertido,,0.0,Agressivo,Pitcairn Islands
155301,Google Ads,2024-09-13,Não Convertido,,0.0,Agressivo,Saint Martin
155302,Facebook,2024-09-14,Não Convertido,,0.0,Conservador,Malawi
155303,Instagram,2024-09-12,Não Convertido,,0.0,Conservador,Norfolk Island
155304,Facebook,2024-09-11,Não Convertido,,0.0,Moderado,Iran
155305,E-mail Marketing,2024-09-10,Não Convertido,,0.0,Desconhecido,Uganda
155306,Google Ads,2024-09-14,Não Convertido,,0.0,Moderado,Cyprus
155307,E-mail Marketing,2024-09-14,Não Convertido,,0.0,Conservador,Guinea-Bissau
155308,Orgânico,2024-09-09,Não Convertido,,0.0,Conservador,Guatemala
155309,WhatsApp,2024-09-09,Não Convertido,,0.0,Moderado,Portugal
155310,WhatsApp,2024-09-11,Não Convertido,,0.0,Conservador,Morocco
155311,YouTube Ads,2024-09-10,Não Convertido,,0.0,Agressivo,Peru
155312,WhatsApp,2024-09-12,Não Convertido,,0.0,Agressivo,Colombia
155313,TikTok,2024-09-13,Convertido,16.0,9425.52,Agressivo,Gabon
155314,Orgânico,2024-09-13,Não Convertido,,0.0,Moderado,Solomon Islands
155315,E-mail Marketing,2024-09-14,Não Convertido,,0.0,Moderado,Malaysia
155316,TikTok,2024-09-10,Não Convertido,,0.0,Agressivo,Japan
155317,Orgânico,2024-09-11,Não Convertido,,0.0,Moderado,Ireland
155318,Google Ads,2024-09-09,Não Convertido,,0.0,Moderado,Brunei Darussalam
155319,E-mail Marketing,2024-09-13,Não Convertido,,0.0,Agressivo,Morocco
155320,Instagram,2024-09-12,Não Convertido,,0.0,Agressivo,Jamaica
155321,TikTok,2024-09-13,Não Convertido,,0.0,Moderado,Burkina Faso
155322,Orgânico,2024-09-10,Não Convertido,,0.0,Moderado,Somalia
155323,E-mail Marketing,2024-09-13,Não Convertido,,0.0,Agressivo,Finland
155324,Instagram,2024-09-12,Não Convertido,,0.0,Conservador,China
155325,Instagram,2024-09-13,Não Convertido,,0.0,Desconhecido,Nauru
155326,Orgânico,2024-09-09,Não Convertido,,0.0,Agressivo,Bolivia
155327,Orgânico,2024-09-13,Não Convertido,,0.0,Moderado,Honduras
155328,Instagram,2024-09-09,Não Convertido,,0.0,Agressivo,Bahrain
155329,Google Ads,2024-09-09,Não Convertido,,0.0,Conservador,Guyana
155330,WhatsApp,2024-09-12,Não Convertido,,0.0,Desconhecido,Faroe Islands
155331,Google Ads,2024-09-14,Não Convertido,,0.0,Moderado,Northern Mariana Islands
155332,Facebook,2024-09-09,Não Convertido,,0.0,Agressivo,Myanmar
155333,E-mail Marketing,2024-09-14,Não Convertido,,0.0,Moderado,Saint Martin
155334,Instagram,2024-09-10,Não Convertido,,0.0,Conservador,Angola
155335,Orgânico,2024-09-13,Não Convertido,,0.0,Conservador,Bulgaria
155336,TikTok,2024-09-14,Não Convertido,,0.0,Agressivo,Western Sahara
155337,YouTube Ads,2024-09-10,Não Convertido,,0.0,Conservador,Mongolia
155338,YouTube Ads,2024-09-09,Não Convertido,,0.0,Desconhecido,Russian Federation
155339,Instagram,2024-09-11,Não Convertido,,0.0,Conservador,Tunisia
155340,Facebook,2024-09-12,Não Convertido,,0.0,Conservador,Anguilla
155341,Facebook,2024-09-13,Não Convertido,,0.0,Moderado,Ethiopia
155342,Facebook,2024-09-12,Não Convertido,,0.0,Desconhecido,Netherlands
155343,Indicação,2024-09-12,Não Convertido,,0.0,Conservador,Svalbard & Jan Mayen Islands
155344,YouTube Ads,2024-09-11,Não Convertido,,0.0,Desconhecido,Andorra
155345,Indicação,2024-09-13,Não Convertido,,0.0,Conservador,Grenada
155346,Indicação,2024-09-10,Não Convertido,,0.0,Moderado,Tajikistan
155347,Instagram,2024-09-10,Não Convertido,,0.0,Moderado,Turkmenistan
155348,Google Ads,2024-09-12,Convertido,10.0,2126.04,Agressivo,Sri Lanka
155349,Orgânico,2024-09-13,Não Convertido,,0.0,Moderado,Liechtenstein
155350,Instagram,2024-09-14,Não Convertido,,0.0,Agressivo,Finland
155351,Google Ads,2024-09-14,Não Convertido,,0.0,Conservador,Thailand
155352,Orgânico,2024-09-11,Não Convertido,,0.0,Conservador,Guatemala
155353,Orgânico,2024-09-13,Não Convertido,,0.0,Moderado,Tunisia
155354,Instagram,2024-09-11,Não Convertido,,0.0,Agressivo,Samoa
155355,Instagram,2024-09-09,Não Convertido,,0.0,Moderado,Canada
155356,Indicação,2024-09-12,Convertido,28.0,2672.18,Agressivo,Palestinian Territory
155357,Instagram,2024-09-14,Não Convertido,,0.0,Moderado,Burundi
155358,Orgânico,2024-09-09,Não Convertido,,0.0,Moderado,Brunei Darussalam
155359,Google Ads,2024-09-10,Não Convertido,,0.0,Moderado,Malawi
155360,Google Ads,2024-09-12,Convertido,17.0,1853.33,Moderado,Niue
155361,TikTok,2024-09-11,Não Convertido,,0.0,Agressivo,Sri Lanka
155362,Orgânico,2024-09-14,Não Convertido,,0.0,Agressivo,Indonesia
155363,Orgânico,2024-09-09,Não Convertido,,0.0,Agressivo,Argentina
155364,Orgânico,2024-09-12,Não Convertido,,0.0,Conservador,Fiji
155365,YouTube Ads,2024-09-12,Não Convertido,,0.0,Conservador,Comoros
155366,E-mail Marketing,2024-09-09,Não Convertido,,0.0,Desconhecido,Nepal
155367,Google Ads,2024-09-11,Convertido,16.0,2765.58,Moderado,Zimbabwe
155368,YouTube Ads,2024-09-09,Não Convertido,,0.0,Moderado,Denmark
155369,Instagram,2024-09-13,Não Convertido,,0.0,Moderado,Haiti
155370,TikTok,2024-09-13,Não Convertido,,0.0,Moderado,Yemen
155371,WhatsApp,2024-09-11,Não Convertido,,0.0,Agressivo,Netherlands
155372,YouTube Ads,2024-09-10,Não Convertido,,0.0,Agressivo,Serbia
155373,E-mail Marketing,2024-09-11,Não Convertido,,0.0,Agressivo,Latvia
155374,YouTube Ads,2024-09-13,Não Convertido,,0.0,Agressivo,Mongolia
155375,Indicação,2024-09-09,Não Convertido,,0.0,Moderado,Costa Rica
155376,E-mail Marketing,2024-09-10,Não Convertido,,0.0,Moderado,Turks and Caicos Islands
155377,TikTok,2024-09-10,Não Convertido,,0.0,Conservador,Thailand
155378,E-mail Marketing,2024-09-14,Não Convertido,,0.0,Agressivo,Maldives
155379,Instagram,2024-09-09,Não Convertido,,0.0,Moderado,Austria
155380,E-mail Marketing,2024-09-14,Não Convertido,,0.0,Moderado,Belarus
155381,E-mail Marketing,2024-09-10,Não Convertido,,0.0,Agressivo,Gambia
155382,TikTok,2024-09-13,Não Convertido,,0.0,Desconhecido,Uruguay
155383,Indicação,2024-09-10,Não Convertido,,0.0,Moderado,Anguilla
155384,E-mail Marketing,2024-09-09,Não Convertido,,0.0,Moderado,Tuvalu
155385,Instagram,2024-09-10,Não Convertido,,0.0,Desconhecido,Reunion
155386,YouTube Ads,2024-09-09,Não Convertido,,0.0,Desconhecido,Mayotte
155387,Instagram,2024-09-13,Não Convertido,,0.0,Moderado,Cuba
155388,Orgânico,2024-09-09,Não Convertido,,0.0,Moderado,South Georgia and the South Sandwich Islands
155389,YouTube Ads,2024-09-13,Não Convertido,,0.0,Desconhecido,United Arab Emirates
155390,YouTube Ads,2024-09-11,Não Convertido,,0.0,Desconhecido,Tajikistan
155391,Instagram,2024-09-10,Não Convertido,,0.0,Conservador,Turkey
155392,Google Ads,2024-09-11,Não Convertido,,0.0,Desconhecido,Hong Kong
155393,E-mail Marketing,2024-09-11,Não Convertido,,0.0,Moderado,Italy
155394,Instagram,2024-09-10,Não Convertido,,0.0,Moderado,United States of America
155395,WhatsApp,2024-09-10,Não Convertido,,0.0,Agressivo,Korea
155396,Facebook,2024-09-10,Não Convertido,,0.0,Agressivo,Slovenia
155397,Facebook,2024-09-12,Não Convertido,,0.0,Conservador,Niger
155398,TikTok,2024-09-11,Não Convertido,,0.0,Moderado,Puerto Rico
155399,Orgânico,2024-09-10,Não Convertido,,0.0,Agressivo,Macao
155400,Instagram,2024-09-12,Não Convertido,,0.0,Agressivo,Burkina Faso
155401,Orgânico,2024-09-10,Não Convertido,,0.0,Agressivo,Dominica
155402,YouTube Ads,2024-09-12,Não Convertido,,0.0,Moderado,Barbados
155403,Facebook,2024-09-13,Não Convertido,,0.0,Desconhecido,Myanmar
155404,Orgânico,2024-09-12,Não Convertido,,0.0,Moderado,Madagascar
155405,WhatsApp,2024-09-13,Não Convertido,,0.0,Moderado,Moldova
155406,E-mail Marketing,2024-09-10,Não Convertido,,0.0,Agressivo,Seychelles
155407,E-mail Marketing,2024-09-11,Não Convertido,,0.0,Conservador,Andorra
155408,Orgânico,2024-09-13,Não Convertido,,0.0,Moderado,Ireland
155409,Instagram,2024-09-10,Não Convertido,,0.0,Conservador,Mayotte
155410,Google Ads,2024-09-14,Não Convertido,,0.0,Desconhecido,Nauru
155411,YouTube Ads,2024-09-12,Não Convertido,,0.0,Agressivo,Israel
155412,TikTok,2024-09-11,Não Convertido,,0.0,Desconhecido,Palestinian Territory
155413,E-mail Marketing,2024-09-12,Não Convertido,,0.0,Desconhecido,Zimbabwe
155414,Orgânico,2024-09-12,Não Convertido,,0.0,Agressivo,Canada
155415,Orgânico,2024-09-14,Não Convertido,,0.0,Agressivo,Australia
155416,Orgânico,2024-09-14,Não Convertido,,0.0,Moderado,Uruguay
155417,WhatsApp,2024-09-13,Não Convertido,,0.0,Moderado,Cape Verde
155418,WhatsApp,2024-09-13,Não Convertido,,0.0,Agressivo,Sierra Leone
155419,Orgânico,2024-09-12,Não Convertido,,0.0,Agressivo,Kenya
155420,Facebook,2024-09-10,Não Convertido,,0.0,Conservador,Turkey
155421,WhatsApp,2024-09-12,Não Convertido,,0.0,Conservador,Pitcairn Islands
155422,YouTube Ads,2024-09-13,Não Convertido,,0.0,Conservador,Japan
155423,Google Ads,2024-09-11,Não Convertido,,0.0,Moderado,Uzbekistan
155424,Orgânico,2024-09-10,Não Convertido,,0.0,Desconhecido,Mexico
155425,YouTube Ads,2024-09-09,Não Convertido,,0.0,Desconhecido,India
155426,Google Ads,2024-09-13,Não Convertido,,0.0,Conservador,French Southern Territories
155427,Orgânico,2024-09-14,Não Convertido,,0.0,Agressivo,Turks and Caicos Islands
155428,TikTok,2024-09-09,Não Convertido,,0.0,Moderado,Taiwan
155429,YouTube Ads,2024-09-14,Não Convertido,,0.0,Agressivo,Kyrgyz Republic
155430,Orgânico,2024-09-11,Não Convertido,,0.0,Moderado,Reunion
155431,Orgânico,2024-09-10,Não Convertido,,0.0,Moderado,Suriname
155432,TikTok,2024-09-11,Não Convertido,,0.0,Agressivo,Denmark
155433,Instagram,2024-09-14,Não Convertido,,0.0,Moderado,Costa Rica
155434,Instagram,2024-09-09,Não Convertido,,0.0,Agressivo,Papua New Guinea
155435,TikTok,2024-09-11,Não Convertido,,0.0,Moderado,Lao People's Democratic Republic
155436,WhatsApp,2024-09-12,Não Convertido,,0.0,Moderado,Djibouti
155437,Instagram,2024-09-13,Não Convertido,,0.0,Conservador,Mongolia
155438,Indicação,2024-09-12,Não Convertido,,0.0,Conservador,Thailand
155439,YouTube Ads,2024-09-11,Não Convertido,,0.0,Conservador,Austria
155440,TikTok,2024-09-13,Não Convertido,,0.0,Conservador,Bulgaria
155441,WhatsApp,2024-09-11,Não Convertido,,0.0,Moderado,Papua New Guinea
155442,TikTok,2024-09-09,Não Convertido,,0.0,Moderado,Korea
155443,Orgânico,2024-09-11,Não Convertido,,0.0,Agressivo,Syrian Arab Republic
155444,TikTok,2024-09-09,Não Convertido,,0.0,Conservador,Congo
155445,Orgânico,2024-09-11,Não Convertido,,0.0,Agressivo,Ethiopia
155446,WhatsApp,2024-09-12,Não Convertido,,0.0,Agressivo,Saint Kitts and Nevis
155447,TikTok,2024-09-09,Não Convertido,,0.0,Desconhecido,Senegal
155448,Google Ads,2024-09-09,Não Convertido,,0.0,Moderado,China
155449,YouTube Ads,2024-09-11,Não Convertido,,0.0,Desconhecido,Serbia
155450,TikTok,2024-09-10,Não Convertido,,0.0,Agressivo,Luxembourg
155451,Orgânico,2024-09-13,Não Convertido,,0.0,Moderado,Papua New Guinea
155452,WhatsApp,2024-09-12,Convertido,25.0,1735.46,Agressivo,Kuwait
155453,Indicação,2024-09-14,Não Convertido,,0.0,Moderado,Saint Martin
155454,E-mail Marketing,2024-09-09,Não Convertido,,0.0,Agressivo,Colombia
155455,Google Ads,2024-09-13,Não Convertido,,0.0,Moderado,Anguilla
155456,WhatsApp,2024-09-10,Não Convertido,,0.0,Agressivo,Romania
155457,TikTok,2024-09-09,Não Convertido,,0.0,Conservador,Jersey
155458,Instagram,2024-09-14,Não Convertido,,0.0,Desconhecido,Pakistan
155459,Google Ads,2024-09-13,Não Convertido,,0.0,Desconhecido,Palau
155460,Indicação,2024-09-12,Não Convertido,,0.0,Desconhecido,British Indian Ocean Territory (Chagos Archipelago)
155461,WhatsApp,2024-09-09,Não Convertido,,0.0,Conservador,Libyan Arab Jamahiriya
155462,Instagram,2024-09-14,Não Convertido,,0.0,Agressivo,Afghanistan
155463,Orgânico,2024-09-14,Não Convertido,,0.0,Moderado,Finland
155464,Facebook,2024-09-13,Não Convertido,,0.0,Moderado,Lao People's Democratic Republic
155465,TikTok,2024-09-09,Não Convertido,,0.0,Desconhecido,Philippines
155466,Instagram,2024-09-09,Não Convertido,,0.0,Moderado,Finland
155467,Google Ads,2024-09-09,Não Convertido,,0.0,Moderado,Gambia
155468,Facebook,2024-09-09,Convertido,25.0,2841.52,Conservador,Netherlands
155469,E-mail Marketing,2024-09-12,Não Convertido,,0.0,Agressivo,Namibia
155470,Orgânico,2024-09-09,Não Convertido,,0.0,Agressivo,Antigua and Barbuda
155471,TikTok,2024-09-12,Não Convertido,,0.0,Moderado,Trinidad and Tobago
155472,Instagram,2024-09-12,Não Convertido,,0.0,Conservador,Brunei Darussalam
155473,Orgânico,2024-09-12,Não Convertido,,0.0,Moderado,Bouvet Island (Bouvetoya)
155474,Facebook,2024-09-12,Não Convertido,,0.0,Moderado,Somalia
155475,Google Ads,2024-09-10,Não Convertido,,0.0,Agressivo,Madagascar
155476,Orgânico,2024-09-10,Não Convertido,,0.0,Agressivo,Christmas Island
155477,E-mail Marketing,2024-09-09,Não Convertido,,0.0,Conservador,Poland
155478,Facebook,2024-09-12,Não Convertido,,0.0,Moderado,Vietnam
155479,Indicação,2024-09-10,Não Convertido,,0.0,Moderado,Cook Islands
155480,Indicação,2024-09-14,Não Convertido,,0.0,Conservador,Mongolia
155481,YouTube Ads,2024-09-14,Não Convertido,,0.0,Agressivo,Monaco
155482,WhatsApp,2024-09-09,Não Convertido,,0.0,Agressivo,Saint Kitts and Nevis
155483,E-mail Marketing,2024-09-10,Não Convertido,,0.0,Moderado,Central African Republic
155484,Indicação,2024-09-10,Não Convertido,,0.0,Conservador,Uganda
155485,E-mail Marketing,2024-09-10,Não Convertido,,0.0,Conservador,Venezuela
155486,TikTok,2024-09-11,Não Convertido,,0.0,Desconhecido,Turkmenistan
155487,Google Ads,2024-09-14,Não Convertido,,0.0,Moderado,Spain
155488,E-mail Marketing,2024-09-11,Não Convertido,,0.0,Desconhecido,Uzbekistan
155489,TikTok,2024-09-10,Não Convertido,,0.0,Moderado,Liberia
155490,TikTok,2024-09-11,Não Convertido,,0.0,Moderado,Cook Islands
155491,Orgânico,2024-09-12,Não Convertido,,0.0,Moderado,Turkey
155492,Facebook,2024-09-14,Não Convertido,,0.0,Conservador,Australia
155493,Google Ads,2024-09-11,Não Convertido,,0.0,Moderado,Vanuatu
155494,TikTok,2024-09-10,Não Convertido,,0.0,Moderado,Finland
155495,E-mail Marketing,2024-09-09,Não Convertido,,0.0,Agressivo,Serbia
155496,Google Ads,2024-09-10,Não Convertido,,0.0,Conservador,Switzerland
155497,Facebook,2024-09-12,Não Convertido,,0.0,Agressivo,United States of America
155498,TikTok,2024-09-14,Não Convertido,,0.0,Agressivo,Saint Helena
155499,Facebook,2024-09-13,Não Convertido,,0.0,Moderado,Cuba
155500,Google Ads,2024-09-10,Não Convertido,,0.0,Agressivo,Lithuania
155501,TikTok,2024-09-11,Não Convertido,,0.0,Moderado,Nicaragua
155502,E-mail Marketing,2024-09-10,Não Convertido,,0.0,Moderado,Mauritania
155503,Orgânico,2024-09-09,Não Convertido,,0.0,Agressivo,Algeria
155504,TikTok,2024-09-12,Não Convertido,,0.0,Moderado,Egypt
155505,Google Ads,2024-09-10,Não Convertido,,0.0,Agressivo,Armenia
155506,TikTok,2024-09-09,Não Convertido,,0.0,Agressivo,Colombia
155507,TikTok,2024-09-12,Convertido,10.0,7998.24,Agressivo,Macao
155508,Indicação,2024-09-13,Não Convertido,,0.0,Conservador,United States Minor Outlying Islands
155509,Instagram,2024-09-11,Não Convertido,,0.0,Moderado,Saint Kitts and Nevis
155510,E-mail Marketing,2024-09-09,Não Convertido,,0.0,Moderado,Guyana
155511,Facebook,2024-09-10,Não Convertido,,0.0,Conservador,Indonesia
155512,Facebook,2024-09-13,Não Convertido,,0.0,Moderado,Costa Rica
155513,Instagram,2024-09-10,Não Convertido,,0.0,Desconhecido,Benin
155514,WhatsApp,2024-09-13,Não Convertido,,0.0,Agressivo,Pakistan
155515,Orgânico,2024-09-09,Não Convertido,,0.0,Agressivo,Haiti
155516,TikTok,2024-09-10,Não Convertido,,0.0,Agressivo,Iran
155517,E-mail Marketing,2024-09-10,Não Convertido,,0.0,Conservador,American Samoa
155518,E-mail Marketing,2024-09-11,Não Convertido,,0.0,Desconhecido,Pitcairn Islands
155519,Facebook,2024-09-14,Não Convertido,,0.0,Conservador,Seychelles
155520,Indicação,2024-09-11,Não Convertido,,0.0,Moderado,Greece
155521,Orgânico,2024-09-11,Não Convertido,,0.0,Agressivo,Reunion
155522,E-mail Marketing,2024-09-14,Não Convertido,,0.0,Moderado,Malawi
155523,Instagram,2024-09-14,Não Convertido,,0.0,Agressivo,Saint Helena
155524,Instagram,2024-09-13,Não Convertido,,0.0,Conservador,Macao
155525,YouTube Ads,2024-09-14,Não Convertido,,0.0,Conservador,Bolivia
155526,Instagram,2024-09-13,Não Convertido,,0.0,Conservador,Swaziland
155527,Orgânico,2024-09-11,Não Convertido,,0.0,Moderado,Bolivia
155528,TikTok,2024-09-09,Convertido,4.0,1960.08,Desconhecido,Western Sahara
155529,TikTok,2024-09-10,Não Convertido,,0.0,Agressivo,Cape Verde
155530,YouTube Ads,2024-09-09,Convertido,18.0,7087.24,Agressivo,Norway
155531,TikTok,2024-09-10,Não Convertido,,0.0,Desconhecido,Papua New Guinea
155532,WhatsApp,2024-09-10,Não Convertido,,0.0,Desconhecido,Cayman Islands
155533,Orgânico,2024-09-14,Não Convertido,,0.0,Conservador,Gibraltar
155534,Orgânico,2024-09-09,Não Convertido,,0.0,Moderado,Bahrain
155535,Google Ads,2024-09-10,Não Convertido,,0.0,Conservador,Trinidad and Tobago
155536,E-mail Marketing,2024-09-12,Não Convertido,,0.0,Moderado,Bermuda
155537,WhatsApp,2024-09-13,Não Convertido,,0.0,Moderado,Bangladesh
155538,E-mail Marketing,2024-09-12,Não Convertido,,0.0,Moderado,Bouvet Island (Bouvetoya)
155539,TikTok,2024-09-12,Não Convertido,,0.0,Moderado,North Macedonia
155540,E-mail Marketing,2024-09-10,Não Convertido,,0.0,Conservador,Saint Martin
155541,Orgânico,2024-09-14,Não Convertido,,0.0,Conservador,Malawi
155542,Facebook,2024-09-09,Não Convertido,,0.0,Agressivo,Colombia
155543,Indicação,2024-09-12,Não Convertido,,0.0,Moderado,Antarctica (the territory South of 60 deg S)
155544,E-mail Marketing,2024-09-13,Não Convertido,,0.0,Agressivo,Turks and Caicos Islands
155545,Instagram,2024-09-11,Não Convertido,,0.0,Agressivo,Malawi
155546,WhatsApp,2024-09-11,Convertido,22.0,1874.44,Moderado,Guatemala
155547,Instagram,2024-09-10,Não Convertido,,0.0,Agressivo,Libyan Arab Jamahiriya
155548,Instagram,2024-09-10,Não Convertido,,0.0,Agressivo,Lesotho
155549,Facebook,2024-09-09,Não Convertido,,0.0,Agressivo,Costa Rica
155550,TikTok,2024-09-14,Não Convertido,,0.0,Agressivo,South Georgia and the South Sandwich Islands
155551,Orgânico,2024-09-13,Não Convertido,,0.0,Moderado,Armenia
155552,Facebook,2024-09-09,Não Convertido,,0.0,Agressivo,Yemen
155553,E-mail Marketing,2024-09-10,Não Convertido,,0.0,Moderado,United States of America
155554,WhatsApp,2024-09-12,Não Convertido,,0.0,Conservador,Saint Helena
155555,YouTube Ads,2024-09-10,Não Convertido,,0.0,Moderado,Timor-Leste
155556,YouTube Ads,2024-09-10,Não Convertido,,0.0,Moderado,Martinique
155557,Facebook,2024-09-14,Convertido,10.0,3306.11,Agressivo,Austria
155558,Google Ads,2024-09-14,Não Convertido,,0.0,Moderado,Lebanon
155559,TikTok,2024-09-10,Não Convertido,,0.0,Moderado,Mongolia
155560,Facebook,2024-09-10,Não Convertido,,0.0,Desconhecido,British Indian Ocean Territory (Chagos Archipelago)
155561,Indicação,2024-09-12,Não Convertido,,0.0,Moderado,Sierra Leone
155562,E-mail Marketing,2024-09-12,Não Convertido,,0.0,Agressivo,Kuwait
155563,Orgânico,2024-09-14,Não Convertido,,0.0,Desconhecido,Central African Republic
155564,Google Ads,2024-09-14,Não Convertido,,0.0,Agressivo,Mongolia
155565,Orgânico,2024-09-11,Não Convertido,,0.0,Moderado,Venezuela
155566,Google Ads,2024-09-11,Não Convertido,,0.0,Desconhecido,Sri Lanka
155567,Instagram,2024-09-14,Não Convertido,,0.0,Agressivo,Russian Federation
155568,E-mail Marketing,2024-09-14,Não Convertido,,0.0,Moderado,Mali
155569,Instagram,2024-09-09,Não Convertido,,0.0,Moderado,Mozambique
155570,YouTube Ads,2024-09-11,Não Convertido,,0.0,Desconhecido,Bolivia
155571,Facebook,2024-09-10,Não Convertido,,0.0,Agressivo,Taiwan
155572,Orgânico,2024-09-10,Não Convertido,,0.0,Agressivo,Korea
155573,YouTube Ads,2024-09-12,Não Convertido,,0.0,Moderado,Myanmar
155574,Orgânico,2024-09-14,Não Convertido,,0.0,Conservador,Mali
155575,Facebook,2024-09-13,Não Convertido,,0.0,Agressivo,Panama
155576,Orgânico,2024-09-11,Não Convertido,,0.0,Moderado,Luxembourg
155577,E-mail Marketing,2024-09-11,Não Convertido,,0.0,Moderado,Palestinian Territory
155578,Indicação,2024-09-13,Não Convertido,,0.0,Conservador,Senegal
155579,TikTok,2024-09-09,Não Convertido,,0.0,Agressivo,Cote d'Ivoire
155580,WhatsApp,2024-09-10,Não Convertido,,0.0,Moderado,Slovakia (Slovak Republic)
155581,Google Ads,2024-09-12,Não Convertido,,0.0,Conservador,Switzerland
155582,YouTube Ads,2024-09-09,Convertido,23.0,7701.26,Conservador,Korea
155583,Orgânico,2024-09-13,Não Convertido,,0.0,Conservador,Luxembourg
155584,Instagram,2024-09-12,Não Convertido,,0.0,Moderado,Maldives
155585,TikTok,2024-09-12,Não Convertido,,0.0,Conservador,Svalbard & Jan Mayen Islands
155586,WhatsApp,2024-09-14,Não Convertido,,0.0,Conservador,Zimbabwe
155587,TikTok,2024-09-09,Não Convertido,,0.0,Conservador,Cambodia
155588,WhatsApp,2024-09-12,Não Convertido,,0.0,Moderado,Zimbabwe
155589,YouTube Ads,2024-09-12,Não Convertido,,0.0,Conservador,Uzbekistan
155590,TikTok,2024-09-11,Não Convertido,,0.0,Moderado,Algeria
155591,TikTok,2024-09-14,Não Convertido,,0.0,Agressivo,Sao Tome and Principe
155592,Orgânico,2024-09-13,Convertido,25.0,8095.44,Moderado,Bahrain
155593,Orgânico,2024-09-14,Não Convertido,,0.0,Agressivo,Uganda
155594,E-mail Marketing,2024-09-11,Não Convertido,,0.0,Agressivo,Guinea
155595,Google Ads,2024-09-13,Não Convertido,,0.0,Agressivo,Brunei Darussalam
155596,TikTok,2024-09-11,Não Convertido,,0.0,Moderado,Isle of Man
155597,Instagram,2024-09-14,Não Convertido,,0.0,Moderado,Saint Helena
155598,E-mail Marketing,2024-09-13,Não Convertido,,0.0,Agressivo,Indonesia
155599,Orgânico,2024-09-13,Não Convertido,,0.0,Conservador,Estonia
155600,Instagram,2024-09-09,Não Convertido,,0.0,Moderado,Bolivia
155601,Orgânico,2024-09-10,Não Convertido,,0.0,Agressivo,Belgium
155602,Google Ads,2024-09-14,Não Convertido,,0.0,Agressivo,Anguilla
155603,Instagram,2024-09-13,Não Convertido,,0.0,Conservador,Russian Federation
155604,WhatsApp,2024-09-14,Não Convertido,,0.0,Moderado,Congo
155605,Facebook,2024-09-14,Não Convertido,,0.0,Conservador,Tanzania
155606,Google Ads,2024-09-14,Não Convertido,,0.0,Agressivo,Uganda
155607,Orgânico,2024-09-13,Não Convertido,,0.0,Conservador,Bahrain
155608,Facebook,2024-09-11,Convertido,11.0,4570.85,Conservador,Heard Island and McDonald Islands
155609,Instagram,2024-09-12,Não Convertido,,0.0,Moderado,Korea
155610,E-mail Marketing,2024-09-13,Não Convertido,,0.0,Moderado,Poland
155611,Indicação,2024-09-10,Não Convertido,,0.0,Moderado,Dominican Republic
155612,YouTube Ads,2024-09-09,Não Convertido,,0.0,Conservador,Italy
155613,Google Ads,2024-09-14,Não Convertido,,0.0,Agressivo,Gabon
155614,E-mail Marketing,2024-09-11,Convertido,18.0,7485.75,Conservador,Falkland Islands (Malvinas)
155615,TikTok,2024-09-12,Não Convertido,,0.0,Desconhecido,Thailand
155616,YouTube Ads,2024-09-13,Não Convertido,,0.0,Agressivo,Pakistan
155617,Orgânico,2024-09-10,Convertido,0.0,4081.1,Agressivo,Comoros
155618,E-mail Marketing,2024-09-10,Não Convertido,,0.0,Desconhecido,British Virgin Islands
155619,E-mail Marketing,2024-09-13,Não Convertido,,0.0,Agressivo,Equatorial Guinea
155620,YouTube Ads,2024-09-09,Não Convertido,,0.0,Moderado,Kuwait
155621,Google Ads,2024-09-10,Não Convertido,,0.0,Agressivo,Trinidad and Tobago
155622,TikTok,2024-09-09,Não Convertido,,0.0,Agressivo,Lao People's Democratic Republic
155623,E-mail Marketing,2024-09-11,Não Convertido,,0.0,Conservador,Australia
155624,Facebook,2024-09-13,Não Convertido,,0.0,Conservador,British Virgin Islands
155625,WhatsApp,2024-09-11,Não Convertido,,0.0,Conservador,Costa Rica
155626,Facebook,2024-09-09,Não Convertido,,0.0,Moderado,China
155627,Google Ads,2024-09-12,Não Convertido,,0.0,Moderado,Marshall Islands
155628,Instagram,2024-09-09,Não Convertido,,0.0,Moderado,Gabon
155629,Instagram,2024-09-10,Não Convertido,,0.0,Agressivo,Central African Republic
155630,WhatsApp,2024-09-10,Não Convertido,,0.0,Agressivo,Russian Federation
155631,Instagram,2024-09-11,Não Convertido,,0.0,Conservador,Uganda
155632,Facebook,2024-09-13,Não Convertido,,0.0,Moderado,Vanuatu
155633,Google Ads,2024-09-10,Não Convertido,,0.0,Desconhecido,Israel
155634,Orgânico,2024-09-14,Não Convertido,,0.0,Conservador,Portugal
155635,YouTube Ads,2024-09-13,Não Convertido,,0.0,Moderado,South Georgia and the South Sandwich Islands
155636,YouTube Ads,2024-09-12,Não Convertido,,0.0,Agressivo,Nigeria
155637,Orgânico,2024-09-10,Não Convertido,,0.0,Agressivo,Netherlands
155638,TikTok,2024-09-11,Não Convertido,,0.0,Conservador,Greece
155639,Instagram,2024-09-12,Convertido,11.0,1254.54,Desconhecido,Cyprus
155640,Google Ads,2024-09-14,Não Convertido,,0.0,Moderado,Greece
155641,TikTok,2024-09-13,Não Convertido,,0.0,Agressivo,Netherlands
155642,Google Ads,2024-09-09,Não Convertido,,0.0,Desconhecido,Belgium
155643,Facebook,2024-09-10,Não Convertido,,0.0,Conservador,Macao
155644,Facebook,2024-09-13,Não Convertido,,0.0,Agressivo,Martinique
155645,Instagram,2024-09-09,Não Convertido,,0.0,Agressivo,French Polynesia
155646,Indicação,2024-09-12,Não Convertido,,0.0,Agressivo,Tokelau
155647,Facebook,2024-09-09,Não Convertido,,0.0,Agressivo,Jordan
155648,Instagram,2024-09-09,Não Convertido,,0.0,Moderado,Tajikistan
155649,Orgânico,2024-09-09,Não Convertido,,0.0,Desconhecido,Saint Martin
155650,Orgânico,2024-09-10,Não Convertido,,0.0,Moderado,Belgium
155651,Indicação,2024-09-13,Não Convertido,,0.0,Moderado,Bulgaria
155652,Orgânico,2024-09-11,Não Convertido,,0.0,Conservador,Yemen
155653,E-mail Marketing,2024-09-12,Não Convertido,,0.0,Agressivo,Vanuatu
155654,Google Ads,2024-09-13,Não Convertido,,0.0,Moderado,Egypt
155655,Instagram,2024-09-09,Não Convertido,,0.0,Moderado,Brunei Darussalam
155656,Orgânico,2024-09-14,Não Convertido,,0.0,Moderado,Malaysia
155657,E-mail Marketing,2024-09-09,Não Convertido,,0.0,Moderado,Palau
155658,Facebook,2024-09-13,Não Convertido,,0.0,Moderado,Nicaragua
155659,Orgânico,2024-09-11,Não Convertido,,0.0,Moderado,Isle of Man
155660,Facebook,2024-09-12,Não Convertido,,0.0,Moderado,France
155661,Orgânico,2024-09-12,Não Convertido,,0.0,Moderado,Bolivia
155662,YouTube Ads,2024-09-09,Não Convertido,,0.0,Moderado,Falkland Islands (Malvinas)
155663,E-mail Marketing,2024-09-13,Não Convertido,,0.0,Desconhecido,Dominica
155664,Facebook,2024-09-10,Não Convertido,,0.0,Moderado,Romania
155665,E-mail Marketing,2024-09-10,Não Convertido,,0.0,Moderado,Norfolk Island
155666,WhatsApp,2024-09-11,Não Convertido,,0.0,Agressivo,Seychelles
155667,Instagram,2024-09-12,Não Convertido,,0.0,Agressivo,Tunisia
155668,E-mail Marketing,2024-09-13,Não Convertido,,0.0,Agressivo,Guernsey
155669,Orgânico,2024-09-09,Não Convertido,,0.0,Agressivo,United States Virgin Islands
155670,Orgânico,2024-09-10,Convertido,11.0,7921.09,Agressivo,Lebanon
155671,TikTok,2024-09-12,Não Convertido,,0.0,Moderado,Ukraine
155672,Google Ads,2024-09-12,Não Convertido,,0.0,Desconhecido,Antarctica (the territory South of 60 deg S)
155673,Instagram,2024-09-12,Não Convertido,,0.0,Agressivo,Madagascar
155674,E-mail Marketing,2024-09-13,Não Convertido,,0.0,Agressivo,Syrian Arab Republic
155675,Google Ads,2024-09-12,Não Convertido,,0.0,Moderado,Moldova
155676,E-mail Marketing,2024-09-09,Não Convertido,,0.0,Agressivo,Lesotho
155677,E-mail Marketing,2024-09-14,Não Convertido,,0.0,Agressivo,Costa Rica
155678,Instagram,2024-09-14,Não Convertido,,0.0,Agressivo,India
155679,TikTok,2024-09-11,Não Convertido,,0.0,Agressivo,Peru
155680,WhatsApp,2024-09-13,Não Convertido,,0.0,Agressivo,Armenia
155681,WhatsApp,2024-09-11,Não Convertido,,0.0,Moderado,Turkey
155682,Orgânico,2024-09-14,Não Convertido,,0.0,Moderado,Samoa
155683,Instagram,2024-09-13,Não Convertido,,0.0,Moderado,Guernsey
155684,Instagram,2024-09-13,Não Convertido,,0.0,Conservador,Nigeria
155685,Facebook,2024-09-09,Não Convertido,,0.0,Conservador,Burundi
155686,E-mail Marketing,2024-09-14,Não Convertido,,0.0,Agressivo,Sweden
155687,WhatsApp,2024-09-10,Não Convertido,,0.0,Moderado,Tajikistan
155688,Instagram,2024-09-13,Não Convertido,,0.0,Conservador,Slovakia (Slovak Republic)
155689,YouTube Ads,2024-09-14,Não Convertido,,0.0,Moderado,Sao Tome and Principe
155690,Google Ads,2024-09-11,Não Convertido,,0.0,Moderado,Bangladesh
155691,Orgânico,2024-09-09,Não Convertido,,0.0,Agressivo,French Polynesia
155692,Instagram,2024-09-10,Não Convertido,,0.0,Moderado,Nigeria
155693,E-mail Marketing,2024-09-11,Não Convertido,,0.0,Agressivo,Oman
155694,YouTube Ads,2024-09-12,Não Convertido,,0.0,Conservador,Gambia
155695,Facebook,2024-09-12,Não Convertido,,0.0,Conservador,Madagascar
155696,E-mail Marketing,2024-09-11,Não Convertido,,0.0,Desconhecido,Dominican Republic
155697,Facebook,2024-09-11,Não Convertido,,0.0,Moderado,United Arab Emirates
155698,Orgânico,2024-09-11,Não Convertido,,0.0,Conservador,Cameroon
155699,Orgânico,2024-09-09,Não Convertido,,0.0,Moderado,Sri Lanka
155700,Instagram,2024-09-13,Não Convertido,,0.0,Agressivo,Morocco
155701,Indicação,2024-09-12,Não Convertido,,0.0,Moderado,Rwanda
155702,Orgânico,2024-09-11,Não Convertido,,0.0,Moderado,Svalbard & Jan Mayen Islands
155703,Google Ads,2024-09-10,Não Convertido,,0.0,Moderado,Latvia
155704,Orgânico,2024-09-13,Não Convertido,,0.0,Moderado,Greece
155705,E-mail Marketing,2024-09-14,Não Convertido,,0.0,Conservador,Northern Mariana Islands
155706,Google Ads,2024-09-12,Não Convertido,,0.0,Conservador,Slovakia (Slovak Republic)
155707,Instagram,2024-09-14,Não Convertido,,0.0,Agressivo,Lao People's Democratic Republic
155708,E-mail Marketing,2024-09-14,Não Convertido,,0.0,Moderado,Nicaragua
155709,Facebook,2024-09-09,Não Convertido,,0.0,Agressivo,Sao Tome and Principe
155710,YouTube Ads,2024-09-14,Não Convertido,,0.0,Moderado,Bermuda
155711,TikTok,2024-09-11,Não Convertido,,0.0,Conservador,Philippines
155712,Indicação,2024-09-11,Não Convertido,,0.0,Conservador,Uganda
155713,Orgânico,2024-09-11,Não Convertido,,0.0,Agressivo,British Indian Ocean Territory (Chagos Archipelago)
155714,Orgânico,2024-09-14,Não Convertido,,0.0,Desconhecido,Sao Tome and Principe
155715,Facebook,2024-09-13,Não Convertido,,0.0,Agressivo,Zambia
155716,YouTube Ads,2024-09-12,Não Convertido,,0.0,Agressivo,Western Sahara
155717,Google Ads,2024-09-11,Não Convertido,,0.0,Conservador,Macao
155718,TikTok,2024-09-11,Não Convertido,,0.0,Moderado,Puerto Rico
155719,Orgânico,2024-09-09,Não Convertido,,0.0,Agressivo,British Indian Ocean Territory (Chagos Archipelago)
155720,Instagram,2024-09-10,Convertido,19.0,609.36,Conservador,Czech Republic
155721,WhatsApp,2024-09-11,Convertido,17.0,2685.87,Moderado,Chile
155722,TikTok,2024-09-14,Não Convertido,,0.0,Moderado,Tokelau
155723,TikTok,2024-09-10,Não Convertido,,0.0,Conservador,Sri Lanka
155724,YouTube Ads,2024-09-10,Não Convertido,,0.0,Agressivo,Haiti
155725,Instagram,2024-09-10,Não Convertido,,0.0,Moderado,Marshall Islands
155726,YouTube Ads,2024-09-13,Não Convertido,,0.0,Agressivo,Philippines
155727,Facebook,2024-09-10,Não Convertido,,0.0,Agressivo,Netherlands
155728,YouTube Ads,2024-09-11,Não Convertido,,0.0,Moderado,Jordan
155729,E-mail Marketing,2024-09-12,Não Convertido,,0.0,Desconhecido,Palau
155730,Google Ads,2024-09-09,Não Convertido,,0.0,Desconhecido,Denmark
155731,Google Ads,2024-09-14,Convertido,22.0,2736.52,Agressivo,Qatar
155732,Instagram,2024-09-14,Não Convertido,,0.0,Moderado,New Zealand
155733,Instagram,2024-09-14,Não Convertido,,0.0,Conservador,South Africa
155734,E-mail Marketing,2024-09-11,Não Convertido,,0.0,Agressivo,Holy See (Vatican City State)
155735,WhatsApp,2024-09-11,Não Convertido,,0.0,Conservador,Turkmenistan
155736,E-mail Marketing,2024-09-10,Não Convertido,,0.0,Agressivo,Nauru
155737,Instagram,2024-09-11,Não Convertido,,0.0,Desconhecido,Suriname
155738,E-mail Marketing,2024-09-12,Não Convertido,,0.0,Conservador,Saint Barthelemy
155739,Instagram,2024-09-12,Não Convertido,,0.0,Conservador,Saint Martin
155740,E-mail Marketing,2024-09-11,Não Convertido,,0.0,Agressivo,Kuwait
155741,WhatsApp,2024-09-10,Não Convertido,,0.0,Agressivo,Sri Lanka
155742,Facebook,2024-09-14,Não Convertido,,0.0,Moderado,Belgium
155743,Facebook,2024-09-13,Não Convertido,,0.0,Conservador,Kazakhstan
155744,Orgânico,2024-09-12,Não Convertido,,0.0,Desconhecido,Congo
155745,Orgânico,2024-09-12,Não Convertido,,0.0,Agressivo,Algeria
155746,Instagram,2024-09-14,Não Convertido,,0.0,Moderado,Venezuela
155747,Instagram,2024-09-13,Não Convertido,,0.0,Moderado,Tajikistan
155748,YouTube Ads,2024-09-10,Não Convertido,,0.0,Moderado,Reunion
155749,WhatsApp,2024-09-09,Convertido,18.0,8030.81,Conservador,Zambia
155750,Indicação,2024-09-14,Não Convertido,,0.0,Moderado,Cape Verde
155751,E-mail Marketing,2024-09-14,Não Convertido,,0.0,Agressivo,Morocco
155752,YouTube Ads,2024-09-12,Não Convertido,,0.0,Conservador,Equatorial Guinea
155753,Instagram,2024-09-14,Não Convertido,,0.0,Agressivo,Pakistan
155754,E-mail Marketing,2024-09-13,Não Convertido,,0.0,Moderado,Mali
155755,WhatsApp,2024-09-10,Não Convertido,,0.0,Conservador,Guinea
155756,YouTube Ads,2024-09-10,Não Convertido,,0.0,Moderado,Bahrain
155757,TikTok,2024-09-14,Não Convertido,,0.0,Moderado,Thailand
155758,Orgânico,2024-09-10,Não Convertido,,0.0,Moderado,India
155759,Facebook,2024-09-11,Não Convertido,,0.0,Agressivo,Switzerland
155760,E-mail Marketing,2024-09-14,Não Convertido,,0.0,Moderado,Nicaragua
155761,TikTok,2024-09-14,Não Convertido,,0.0,Desconhecido,Ghana
155762,Instagram,2024-09-10,Não Convertido,,0.0,Moderado,French Southern Territories
155763,Google Ads,2024-09-11,Não Convertido,,0.0,Conservador,Isle of Man
155764,TikTok,2024-09-14,Não Convertido,,0.0,Agressivo,Oman
155765,E-mail Marketing,2024-09-13,Não Convertido,,0.0,Conservador,Malaysia
155766,Orgânico,2024-09-14,Não Convertido,,0.0,Conservador,Zimbabwe
155767,Orgânico,2024-09-13,Não Convertido,,0.0,Conservador,Senegal
155768,Instagram,2024-09-10,Não Convertido,,0.0,Moderado,Namibia
155769,Instagram,2024-09-14,Não Convertido,,0.0,Moderado,Guinea
155770,YouTube Ads,2024-09-12,Não Convertido,,0.0,Moderado,China
155771,Facebook,2024-09-11,Não Convertido,,0.0,Agressivo,Tajikistan
155772,Google Ads,2024-09-09,Não Convertido,,0.0,Desconhecido,Greece
155773,WhatsApp,2024-09-09,Não Convertido,,0.0,Agressivo,Japan
155774,E-mail Marketing,2024-09-13,Não Convertido,,0.0,Desconhecido,Saint Martin
155775,Facebook,2024-09-10,Não Convertido,,0.0,Agressivo,Algeria
155776,Facebook,2024-09-13,Não Convertido,,0.0,Agressivo,Jamaica
155777,WhatsApp,2024-09-14,Não Convertido,,0.0,Conservador,Pakistan
155778,TikTok,2024-09-14,Não Convertido,,0.0,Moderado,South Georgia and the South Sandwich Islands
155779,Facebook,2024-09-09,Não Convertido,,0.0,Desconhecido,Pakistan
155780,Google Ads,2024-09-11,Não Convertido,,0.0,Moderado,Singapore
155781,Facebook,2024-09-10,Não Convertido,,0.0,Desconhecido,Palau
155782,WhatsApp,2024-09-13,Não Convertido,,0.0,Moderado,Burkina Faso
155783,Orgânico,2024-09-09,Não Convertido,,0.0,Moderado,Dominica
155784,Orgânico,2024-09-10,Não Convertido,,0.0,Moderado,Mayotte
155785,Orgânico,2024-09-10,Não Convertido,,0.0,Moderado,Kazakhstan
155786,WhatsApp,2024-09-13,Não Convertido,,0.0,Agressivo,Montserrat
155787,Orgânico,2024-09-14,Não Convertido,,0.0,Moderado,Benin
155788,Facebook,2024-09-09,Não Convertido,,0.0,Moderado,Liberia
155789,Instagram,2024-09-09,Não Convertido,,0.0,Agressivo,Vietnam
155790,TikTok,2024-09-10,Não Convertido,,0.0,Moderado,Ghana
155791,TikTok,2024-09-09,Não Convertido,,0.0,Moderado,Antigua and Barbuda
155792,Orgânico,2024-09-11,Não Convertido,,0.0,Moderado,Kuwait
155793,E-mail Marketing,2024-09-14,Não Convertido,,0.0,Agressivo,Bangladesh
155794,Orgânico,2024-09-10,Não Convertido,,0.0,Conservador,Brazil
155795,WhatsApp,2024-09-13,Não Convertido,,0.0,Moderado,Puerto Rico
155796,E-mail Marketing,2024-09-12,Não Convertido,,0.0,Moderado,Sri Lanka
155797,TikTok,2024-09-10,Não Convertido,,0.0,Moderado,Australia
155798,Indicação,2024-09-09,Não Convertido,,0.0,Agressivo,Australia
155799,Instagram,2024-09-12,Não Convertido,,0.0,Agressivo,Belarus
155800,Google Ads,2024-09-09,Não Convertido,,0.0,Conservador,Nicaragua
155801,Instagram,2024-09-10,Não Convertido,,0.0,Moderado,Montserrat
155802,TikTok,2024-09-12,Não Convertido,,0.0,Moderado,Slovakia (Slovak Republic)
155803,TikTok,2024-09-10,Não Convertido,,0.0,Agressivo,Paraguay
155804,Instagram,2024-09-11,Não Convertido,,0.0,Desconhecido,Bangladesh
155805,YouTube Ads,2024-09-10,Não Convertido,,0.0,Moderado,French Guiana
155806,Orgânico,2024-09-12,Não Convertido,,0.0,Agressivo,Mauritius
155807,Facebook,2024-09-14,Não Convertido,,0.0,Agressivo,Paraguay
155808,Orgânico,2024-09-09,Não Convertido,,0.0,Moderado,Moldova
155809,Orgânico,2024-09-10,Não Convertido,,0.0,Agressivo,Saint Kitts and Nevis
155810,Instagram,2024-09-11,Não Convertido,,0.0,Moderado,Czech Republic
155811,TikTok,2024-09-11,Não Convertido,,0.0,Conservador,Falkland Islands (Malvinas)
155812,Instagram,2024-09-10,Não Convertido,,0.0,Moderado,Bouvet Island (Bouvetoya)
155813,YouTube Ads,2024-09-11,Não Convertido,,0.0,Agressivo,Zimbabwe
155814,Orgânico,2024-09-09,Não Convertido,,0.0,Agressivo,Madagascar
155815,WhatsApp,2024-09-12,Não Convertido,,0.0,Moderado,Bahamas
155816,Indicação,2024-09-11,Não Convertido,,0.0,Moderado,Cook Islands
155817,TikTok,2024-09-12,Não Convertido,,0.0,Moderado,Tonga
155818,TikTok,2024-09-13,Não Convertido,,0.0,Agressivo,Nigeria
155819,Facebook,2024-09-12,Não Convertido,,0.0,Agressivo,Cocos (Keeling) Islands
155820,YouTube Ads,2024-09-11,Não Convertido,,0.0,Agressivo,Uruguay
155821,Orgânico,2024-09-13,Não Convertido,,0.0,Conservador,Sierra Leone
155822,Indicação,2024-09-09,Não Convertido,,0.0,Moderado,Tanzania
155823,Instagram,2024-09-11,Não Convertido,,0.0,Moderado,American Samoa
155824,Instagram,2024-09-13,Convertido,21.0,2513.23,Moderado,Barbados
155825,Facebook,2024-09-14,Não Convertido,,0.0,Agressivo,Pitcairn Islands
155826,YouTube Ads,2024-09-10,Não Convertido,,0.0,Moderado,Madagascar
155827,TikTok,2024-09-09,Não Convertido,,0.0,Agressivo,India
155828,TikTok,2024-09-09,Não Convertido,,0.0,Moderado,Sierra Leone
155829,Facebook,2024-09-10,Não Convertido,,0.0,Moderado,Malta
155830,Facebook,2024-09-14,Não Convertido,,0.0,Moderado,Palau
155831,TikTok,2024-09-09,Não Convertido,,0.0,Desconhecido,Serbia
155832,WhatsApp,2024-09-09,Não Convertido,,0.0,Conservador,Turkey
155833,E-mail Marketing,2024-09-14,Não Convertido,,0.0,Agressivo,North Macedonia
155834,Facebook,2024-09-14,Não Convertido,,0.0,Conservador,Morocco
155835,Indicação,2024-09-14,Não Convertido,,0.0,Moderado,India
155836,WhatsApp,2024-09-10,Não Convertido,,0.0,Desconhecido,Namibia
155837,Orgânico,2024-09-10,Não Convertido,,0.0,Moderado,Cape Verde
155838,Orgânico,2024-09-13,Não Convertido,,0.0,Moderado,Tanzania
155839,Instagram,2024-09-14,Não Convertido,,0.0,Desconhecido,Saint Kitts and Nevis
155840,TikTok,2024-09-12,Não Convertido,,0.0,Agressivo,Croatia
155841,Orgânico,2024-09-13,Não Convertido,,0.0,Desconhecido,Monaco
155842,YouTube Ads,2024-09-13,Não Convertido,,0.0,Moderado,Belgium
155843,Orgânico,2024-09-12,Não Convertido,,0.0,Conservador,Tokelau
155844,YouTube Ads,2024-09-12,Não Convertido,,0.0,Moderado,Sweden
155845,TikTok,2024-09-09,Não Convertido,,0.0,Desconhecido,Mexico
155846,TikTok,2024-09-09,Não Convertido,,0.0,Conservador,Comoros
155847,Google Ads,2024-09-12,Não Convertido,,0.0,Agressivo,Saint Vincent and the Grenadines
155848,YouTube Ads,2024-09-11,Não Convertido,,0.0,Agressivo,Falkland Islands (Malvinas)
155849,E-mail Marketing,2024-09-10,Não Convertido,,0.0,Conservador,Oman
155850,Facebook,2024-09-10,Não Convertido,,0.0,Agressivo,Dominican Republic
155851,Facebook,2024-09-14,Não Convertido,,0.0,Conservador,Svalbard & Jan Mayen Islands
155852,YouTube Ads,2024-09-11,Não Convertido,,0.0,Conservador,Cuba
155853,Google Ads,2024-09-11,Não Convertido,,0.0,Agressivo,Bahrain
155854,YouTube Ads,2024-09-10,Não Convertido,,0.0,Conservador,Pakistan
155855,Instagram,2024-09-13,Não Convertido,,0.0,Agressivo,Northern Mariana Islands
155856,Facebook,2024-09-10,Não Convertido,,0.0,Moderado,Holy See (Vatican City State)
155857,TikTok,2024-09-13,Não Convertido,,0.0,Moderado,Bahrain
155858,Instagram,2024-09-10,Não Convertido,,0.0,Conservador,Belarus
155859,Orgânico,2024-09-11,Não Convertido,,0.0,Moderado,Antarctica (the territory South of 60 deg S)
155860,E-mail Marketing,2024-09-11,Não Convertido,,0.0,Moderado,Tajikistan
155861,Instagram,2024-09-13,Não Convertido,,0.0,Conservador,Christmas Island
155862,Orgânico,2024-09-12,Não Convertido,,0.0,Agressivo,Italy
155863,Instagram,2024-09-11,Não Convertido,,0.0,Moderado,Gambia
155864,E-mail Marketing,2024-09-14,Não Convertido,,0.0,Agressivo,Heard Island and McDonald Islands
155865,Orgânico,2024-09-10,Não Convertido,,0.0,Agressivo,Bahamas
155866,WhatsApp,2024-09-14,Não Convertido,,0.0,Moderado,Canada
155867,Facebook,2024-09-10,Não Convertido,,0.0,Moderado,Korea
155868,TikTok,2024-09-13,Não Convertido,,0.0,Agressivo,Barbados
155869,Instagram,2024-09-14,Não Convertido,,0.0,Desconhecido,Burundi
155870,Facebook,2024-09-13,Convertido,3.0,5092.44,Agressivo,Ghana
155871,Instagram,2024-09-14,Não Convertido,,0.0,Moderado,Burkina Faso
155872,Facebook,2024-09-09,Não Convertido,,0.0,Conservador,Belgium
155873,Facebook,2024-09-14,Não Convertido,,0.0,Conservador,Sweden
155874,Orgânico,2024-09-11,Não Convertido,,0.0,Agressivo,Lao People's Democratic Republic
155875,TikTok,2024-09-11,Não Convertido,,0.0,Conservador,Malaysia
155876,TikTok,2024-09-14,Não Convertido,,0.0,Moderado,Tonga
155877,Facebook,2024-09-12,Não Convertido,,0.0,Moderado,Niue
155878,Facebook,2024-09-10,Não Convertido,,0.0,Moderado,Saint Vincent and the Grenadines
155879,Instagram,2024-09-13,Não Convertido,,0.0,Conservador,Barbados
155880,TikTok,2024-09-12,Não Convertido,,0.0,Agressivo,Germany
155881,Instagram,2024-09-13,Não Convertido,,0.0,Conservador,Cameroon
155882,Instagram,2024-09-10,Não Convertido,,0.0,Desconhecido,Cyprus
155883,Orgânico,2024-09-14,Não Convertido,,0.0,Moderado,San Marino
155884,WhatsApp,2024-09-10,Não Convertido,,0.0,Agressivo,Chile
155885,Facebook,2024-09-12,Não Convertido,,0.0,Moderado,Portugal
155886,TikTok,2024-09-09,Não Convertido,,0.0,Moderado,Monaco
155887,Orgânico,2024-09-09,Não Convertido,,0.0,Agressivo,Cyprus
155888,Instagram,2024-09-09,Não Convertido,,0.0,Agressivo,China
155889,Instagram,2024-09-11,Não Convertido,,0.0,Moderado,Bosnia and Herzegovina
155890,Indicação,2024-09-10,Não Convertido,,0.0,Moderado,Christmas Island
155891,Instagram,2024-09-14,Não Convertido,,0.0,Conservador,Malta
155892,Google Ads,2024-09-12,Não Convertido,,0.0,Conservador,French Guiana
155893,Facebook,2024-09-14,Não Convertido,,0.0,Moderado,Angola
155894,Orgânico,2024-09-11,Não Convertido,,0.0,Moderado,Grenada
155895,Google Ads,2024-09-11,Convertido,0.0,7215.56,Agressivo,Ireland
155896,E-mail Marketing,2024-09-09,Não Convertido,,0.0,Moderado,Russian Federation
155897,YouTube Ads,2024-09-12,Não Convertido,,0.0,Agressivo,Wallis and Futuna
155898,YouTube Ads,2024-09-11,Não Convertido,,0.0,Agressivo,Jordan
155899,TikTok,2024-09-14,Não Convertido,,0.0,Moderado,Bosnia and Herzegovina
155900,Indicação,2024-09-09,Não Convertido,,0.0,Agressivo,Mali
155901,Google Ads,2024-09-09,Não Convertido,,0.0,Moderado,Jamaica
155902,YouTube Ads,2024-09-09,Não Convertido,,0.0,Agressivo,Lithuania
155903,Instagram,2024-09-09,Não Convertido,,0.0,Agressivo,Bulgaria
155904,WhatsApp,2024-09-09,Não Convertido,,0.0,Agressivo,Swaziland
155905,Orgânico,2024-09-14,Não Convertido,,0.0,Conservador,Spain
155906,TikTok,2024-09-09,Não Convertido,,0.0,Conservador,Papua New Guinea
155907,Google Ads,2024-09-13,Não Convertido,,0.0,Conservador,British Indian Ocean Territory (Chagos Archipelago)
155908,TikTok,2024-09-11,Não Convertido,,0.0,Conservador,Libyan Arab Jamahiriya
155909,Orgânico,2024-09-10,Não Convertido,,0.0,Moderado,Antigua and Barbuda
155910,Instagram,2024-09-14,Não Convertido,,0.0,Agressivo,Ecuador
155911,E-mail Marketing,2024-09-09,Não Convertido,,0.0,Agressivo,Trinidad and Tobago
155912,Instagram,2024-09-11,Não Convertido,,0.0,Agressivo,Monaco
155913,Indicação,2024-09-12,Não Convertido,,0.0,Moderado,Korea
155914,Google Ads,2024-09-10,Não Convertido,,0.0,Moderado,Mexico
155915,WhatsApp,2024-09-10,Não Convertido,,0.0,Agressivo,Kuwait
155916,TikTok,2024-09-14,Não Convertido,,0.0,Moderado,Armenia
155917,Google Ads,2024-09-12,Não Convertido,,0.0,Moderado,Ukraine
155918,Instagram,2024-09-12,Convertido,13.0,3803.77,Moderado,Guernsey
155919,Indicação,2024-09-10,Não Convertido,,0.0,Moderado,Northern Mariana Islands
155920,Instagram,2024-09-09,Não Convertido,,0.0,Agressivo,Ghana
155921,WhatsApp,2024-09-12,Não Convertido,,0.0,Moderado,Fiji
155922,TikTok,2024-09-11,Não Convertido,,0.0,Conservador,South Georgia and the South Sandwich Islands
155923,Orgânico,2024-09-10,Não Convertido,,0.0,Moderado,Cambodia
155924,Orgânico,2024-09-13,Não Convertido,,0.0,Moderado,Madagascar
155925,E-mail Marketing,2024-09-10,Não Convertido,,0.0,Moderado,Serbia
155926,Orgânico,2024-09-10,Não Convertido,,0.0,Moderado,Libyan Arab Jamahiriya
155927,WhatsApp,2024-09-09,Não Convertido,,0.0,Moderado,Singapore
155928,Google Ads,2024-09-10,Não Convertido,,0.0,Agressivo,Suriname
155929,Orgânico,2024-09-13,Não Convertido,,0.0,Moderado,Bhutan
155930,Orgânico,2024-09-09,Não Convertido,,0.0,Moderado,New Zealand
155931,Indicação,2024-09-09,Não Convertido,,0.0,Moderado,Somalia
155932,Instagram,2024-09-12,Não Convertido,,0.0,Moderado,Burkina Faso
155933,Facebook,2024-09-10,Convertido,10.0,8093.15,Conservador,Monaco
155934,Orgânico,2024-09-13,Não Convertido,,0.0,Moderado,Pitcairn Islands
155935,Indicação,2024-09-13,Não Convertido,,0.0,Moderado,Palestinian Territory
155936,Instagram,2024-09-13,Não Convertido,,0.0,Agressivo,Comoros
155937,Instagram,2024-09-11,Não Convertido,,0.0,Conservador,Maldives
155938,WhatsApp,2024-09-14,Não Convertido,,0.0,Agressivo,Norfolk Island
155939,Instagram,2024-09-11,Não Convertido,,0.0,Conservador,Belgium
155940,TikTok,2024-09-10,Convertido,13.0,6294.69,Moderado,Cook Islands
155941,E-mail Marketing,2024-09-12,Não Convertido,,0.0,Moderado,Bhutan
155942,Orgânico,2024-09-14,Não Convertido,,0.0,Moderado,Honduras
155943,Facebook,2024-09-12,Não Convertido,,0.0,Desconhecido,Tunisia
155944,WhatsApp,2024-09-14,Não Convertido,,0.0,Moderado,Georgia
155945,Facebook,2024-09-10,Não Convertido,,0.0,Moderado,Israel
155946,E-mail Marketing,2024-09-13,Não Convertido,,0.0,Conservador,Thailand
155947,Instagram,2024-09-10,Não Convertido,,0.0,Agressivo,Guatemala
155948,Orgânico,2024-09-13,Não Convertido,,0.0,Moderado,Gambia
155949,Facebook,2024-09-12,Não Convertido,,0.0,Moderado,Saudi Arabia
155950,Google Ads,2024-09-14,Não Convertido,,0.0,Agressivo,Bosnia and Herzegovina
155951,Instagram,2024-09-11,Não Convertido,,0.0,Desconhecido,Armenia
155952,Instagram,2024-09-11,Não Convertido,,0.0,Moderado,Mali
155953,Facebook,2024-09-12,Não Convertido,,0.0,Agressivo,Mongolia
155954,YouTube Ads,2024-09-11,Não Convertido,,0.0,Moderado,Cambodia
155955,Facebook,2024-09-14,Não Convertido,,0.0,Conservador,Egypt
155956,Orgânico,2024-09-10,Não Convertido,,0.0,Moderado,Greenland
155957,TikTok,2024-09-11,Não Convertido,,0.0,Conservador,Antigua and Barbuda
155958,E-mail Marketing,2024-09-12,Não Convertido,,0.0,Moderado,Latvia
155959,Orgânico,2024-09-12,Não Convertido,,0.0,Moderado,Luxembourg
155960,Instagram,2024-09-12,Não Convertido,,0.0,Agressivo,Uganda
155961,E-mail Marketing,2024-09-14,Não Convertido,,0.0,Moderado,Paraguay
155962,TikTok,2024-09-10,Não Convertido,,0.0,Desconhecido,Turkey
155963,WhatsApp,2024-09-13,Não Convertido,,0.0,Moderado,Zambia
155964,Orgânico,2024-09-10,Não Convertido,,0.0,Agressivo,Heard Island and McDonald Islands
155965,WhatsApp,2024-09-11,Não Convertido,,0.0,Moderado,Northern Mariana Islands
155966,Google Ads,2024-09-13,Não Convertido,,0.0,Desconhecido,Ukraine
155967,Facebook,2024-09-14,Não Convertido,,0.0,Moderado,Hungary
155968,E-mail Marketing,2024-09-12,Não Convertido,,0.0,Moderado,French Southern Territories
155969,WhatsApp,2024-09-14,Não Convertido,,0.0,Agressivo,Madagascar
155970,Orgânico,2024-09-14,Não Convertido,,0.0,Moderado,San Marino
155971,Instagram,2024-09-11,Não Convertido,,0.0,Conservador,France
155972,Facebook,2024-09-13,Não Convertido,,0.0,Desconhecido,Honduras
155973,TikTok,2024-09-11,Não Convertido,,0.0,Conservador,Suriname
155974,Indicação,2024-09-14,Não Convertido,,0.0,Moderado,Poland
155975,WhatsApp,2024-09-12,Não Convertido,,0.0,Moderado,Cayman Islands
155976,WhatsApp,2024-09-14,Não Convertido,,0.0,Agressivo,Cocos (Keeling) Islands
155977,TikTok,2024-09-14,Não Convertido,,0.0,Conservador,Ghana
155978,TikTok,2024-09-10,Não Convertido,,0.0,Moderado,North Macedonia
155979,TikTok,2024-09-10,Não Convertido,,0.0,Desconhecido,Nauru
155980,Facebook,2024-09-12,Não Convertido,,0.0,Agressivo,Sierra Leone
155981,Indicação,2024-09-13,Não Convertido,,0.0,Agressivo,Somalia
155982,Orgânico,2024-09-11,Não Convertido,,0.0,Conservador,Belize
155983,TikTok,2024-09-11,Não Convertido,,0.0,Desconhecido,Honduras
155984,E-mail Marketing,2024-09-14,Não Convertido,,0.0,Agressivo,Serbia
155985,TikTok,2024-09-12,Não Convertido,,0.0,Moderado,Saint Kitts and Nevis
155986,Google Ads,2024-09-10,Não Convertido,,0.0,Agressivo,Uganda
155987,Instagram,2024-09-11,Não Convertido,,0.0,Conservador,Bahamas
155988,YouTube Ads,2024-09-09,Não Convertido,,0.0,Moderado,Christmas Island
155989,Google Ads,2024-09-13,Não Convertido,,0.0,Agressivo,Aruba
155990,YouTube Ads,2024-09-10,Não Convertido,,0.0,Agressivo,Lithuania
155991,WhatsApp,2024-09-12,Não Convertido,,0.0,Conservador,Guyana
155992,Instagram,2024-09-09,Não Convertido,,0.0,Conservador,Equatorial Guinea
155993,Google Ads,2024-09-11,Não Convertido,,0.0,Moderado,Burkina Faso
155994,Facebook,2024-09-09,Não Convertido,,0.0,Agressivo,Uzbekistan
155995,Instagram,2024-09-12,Convertido,9.0,1796.14,Desconhecido,Cayman Islands
155996,TikTok,2024-09-14,Não Convertido,,0.0,Moderado,Netherlands Antilles
155997,TikTok,2024-09-11,Não Convertido,,0.0,Conservador,Tuvalu
155998,TikTok,2024-09-10,Não Convertido,,0.0,Moderado,Czech Republic
155999,E-mail Marketing,2024-09-09,Não Convertido,,0.0,Conservador,Panama
156000,Facebook,2024-09-12,Não Convertido,,0.0,Agressivo,Puerto Rico
156001,E-mail Marketing,2024-09-11,Não Convertido,,0.0,Conservador,Ireland
156002,Google Ads,2024-09-14,Não Convertido,,0.0,Conservador,Croatia
156003,Instagram,2024-09-10,Não Convertido,,0.0,Agressivo,Christmas Island
156004,Instagram,2024-09-09,Não Convertido,,0.0,Moderado,Romania
156005,Instagram,2024-09-12,Não Convertido,,0.0,Agressivo,Tokelau
156006,Instagram,2024-09-11,Não Convertido,,0.0,Conservador,Hungary
156007,Facebook,2024-09-14,Não Convertido,,0.0,Moderado,French Polynesia
156008,E-mail Marketing,2024-09-14,Não Convertido,,0.0,Desconhecido,Sudan
156009,Instagram,2024-09-09,Não Convertido,,0.0,Moderado,Burkina Faso
156010,Google Ads,2024-09-10,Não Convertido,,0.0,Moderado,Saint Vincent and the Grenadines
156011,Orgânico,2024-09-14,Convertido,16.0,4092.04,Moderado,Falkland Islands (Malvinas)
156012,Orgânico,2024-09-11,Não Convertido,,0.0,Moderado,Cayman Islands
156013,Instagram,2024-09-10,Não Convertido,,0.0,Moderado,Guam
156014,YouTube Ads,2024-09-09,Não Convertido,,0.0,Moderado,Tokelau
156015,TikTok,2024-09-13,Não Convertido,,0.0,Moderado,Indonesia
156016,TikTok,2024-09-10,Não Convertido,,0.0,Agressivo,Cook Islands
156017,Instagram,2024-09-12,Não Convertido,,0.0,Moderado,San Marino
156018,Facebook,2024-09-09,Não Convertido,,0.0,Moderado,Sudan
156019,Google Ads,2024-09-10,Não Convertido,,0.0,Moderado,Gambia
156020,E-mail Marketing,2024-09-11,Não Convertido,,0.0,Agressivo,Senegal
156021,Orgânico,2024-09-14,Não Convertido,,0.0,Moderado,Guatemala
156022,YouTube Ads,2024-09-14,Não Convertido,,0.0,Agressivo,France
156023,Instagram,2024-09-14,Convertido,25.0,8925.09,Moderado,Trinidad and Tobago
156024,TikTok,2024-09-13,Não Convertido,,0.0,Conservador,Haiti
156025,TikTok,2024-09-12,Não Convertido,,0.0,Conservador,South Africa
156026,Orgânico,2024-09-14,Não Convertido,,0.0,Desconhecido,Isle of Man
156027,Orgânico,2024-09-09,Não Convertido,,0.0,Moderado,Tunisia
156028,E-mail Marketing,2024-09-09,Não Convertido,,0.0,Agressivo,Antigua and Barbuda
156029,Google Ads,2024-09-12,Não Convertido,,0.0,Moderado,Denmark
156030,Facebook,2024-09-12,Não Convertido,,0.0,Desconhecido,Tajikistan
156031,TikTok,2024-09-13,Não Convertido,,0.0,Moderado,Colombia
156032,Orgânico,2024-09-10,Não Convertido,,0.0,Conservador,Falkland Islands (Malvinas)
156033,WhatsApp,2024-09-12,Não Convertido,,0.0,Agressivo,Lithuania
156034,TikTok,2024-09-09,Não Convertido,,0.0,Agressivo,Liechtenstein
156035,Facebook,2024-09-14,Não Convertido,,0.0,Moderado,Seychelles
156036,E-mail Marketing,2024-09-13,Não Convertido,,0.0,Moderado,Georgia
156037,Indicação,2024-09-13,Não Convertido,,0.0,Moderado,Australia
156038,Orgânico,2024-09-13,Não Convertido,,0.0,Desconhecido,Taiwan
156039,E-mail Marketing,2024-09-13,Não Convertido,,0.0,Agressivo,Finland
156040,Orgânico,2024-09-13,Não Convertido,,0.0,Moderado,Suriname
156041,WhatsApp,2024-09-10,Não Convertido,,0.0,Agressivo,Egypt
156042,YouTube Ads,2024-09-09,Não Convertido,,0.0,Conservador,Slovenia
156043,Orgânico,2024-09-11,Não Convertido,,0.0,Moderado,British Virgin Islands
156044,Facebook,2024-09-11,Não Convertido,,0.0,Moderado,Brunei Darussalam
156045,TikTok,2024-09-12,Não Convertido,,0.0,Agressivo,Svalbard & Jan Mayen Islands
156046,Facebook,2024-09-12,Não Convertido,,0.0,Moderado,British Virgin Islands
156047,Orgânico,2024-09-10,Não Convertido,,0.0,Moderado,Slovakia (Slovak Republic)
156048,Google Ads,2024-09-14,Não Convertido,,0.0,Moderado,Portugal
156049,WhatsApp,2024-09-14,Não Convertido,,0.0,Agressivo,Northern Mariana Islands
156050,Orgânico,2024-09-14,Não Convertido,,0.0,Moderado,Cuba
156051,Orgânico,2024-09-14,Não Convertido,,0.0,Conservador,Ghana
156052,Instagram,2024-09-09,Não Convertido,,0.0,Conservador,Kazakhstan
156053,Indicação,2024-09-12,Não Convertido,,0.0,Agressivo,Bouvet Island (Bouvetoya)
156054,WhatsApp,2024-09-12,Não Convertido,,0.0,Agressivo,Thailand
156055,WhatsApp,2024-09-09,Não Convertido,,0.0,Agressivo,Indonesia
156056,E-mail Marketing,2024-09-11,Não Convertido,,0.0,Conservador,Palau
156057,E-mail Marketing,2024-09-11,Não Convertido,,0.0,Agressivo,Namibia
156058,Orgânico,2024-09-14,Não Convertido,,0.0,Agressivo,Moldova
156059,Orgânico,2024-09-12,Não Convertido,,0.0,Moderado,Bahamas
156060,E-mail Marketing,2024-09-14,Não Convertido,,0.0,Moderado,Jamaica
156061,E-mail Marketing,2024-09-13,Não Convertido,,0.0,Agressivo,Mali
156062,E-mail Marketing,2024-09-14,Não Convertido,,0.0,Moderado,Hungary
156063,YouTube Ads,2024-09-12,Não Convertido,,0.0,Conservador,Nauru
156064,Orgânico,2024-09-13,Não Convertido,,0.0,Moderado,Equatorial Guinea
156065,E-mail Marketing,2024-09-09,Não Convertido,,0.0,Conservador,Burkina Faso
156066,Instagram,2024-09-13,Não Convertido,,0.0,Agressivo,Jordan
156067,Instagram,2024-09-14,Não Convertido,,0.0,Desconhecido,Cameroon
156068,Facebook,2024-09-13,Não Convertido,,0.0,Moderado,France
156069,Orgânico,2024-09-14,Não Convertido,,0.0,Agressivo,Brunei Darussalam
156070,E-mail Marketing,2024-09-09,Não Convertido,,0.0,Conservador,Ghana
156071,WhatsApp,2024-09-12,Não Convertido,,0.0,Conservador,Bulgaria
156072,Google Ads,2024-09-11,Não Convertido,,0.0,Desconhecido,Indonesia
156073,Orgânico,2024-09-12,Não Convertido,,0.0,Agressivo,Afghanistan
156074,Orgânico,2024-09-10,Não Convertido,,0.0,Desconhecido,Eritrea
156075,Orgânico,2024-09-14,Não Convertido,,0.0,Conservador,Paraguay
156076,Instagram,2024-09-14,Não Convertido,,0.0,Agressivo,South Africa
156077,Instagram,2024-09-10,Não Convertido,,0.0,Agressivo,Liechtenstein
156078,Orgânico,2024-09-14,Não Convertido,,0.0,Agressivo,Central African Republic
156079,Orgânico,2024-09-10,Não Convertido,,0.0,Moderado,Uruguay
156080,YouTube Ads,2024-09-09,Não Convertido,,0.0,Agressivo,Mauritania
156081,YouTube Ads,2024-09-09,Não Convertido,,0.0,Moderado,Slovakia (Slovak Republic)
156082,Instagram,2024-09-11,Não Convertido,,0.0,Agressivo,Western Sahara
156083,WhatsApp,2024-09-13,Não Convertido,,0.0,Moderado,Saudi Arabia
156084,Instagram,2024-09-14,Não Convertido,,0.0,Desconhecido,Senegal
156085,Orgânico,2024-09-14,Não Convertido,,0.0,Agressivo,Niger
156086,Google Ads,2024-09-10,Não Convertido,,0.0,Conservador,Fiji
156087,Google Ads,2024-09-12,Não Convertido,,0.0,Moderado,Montserrat
156088,E-mail Marketing,2024-09-14,Não Convertido,,0.0,Moderado,Monaco
156089,Orgânico,2024-09-10,Não Convertido,,0.0,Agressivo,Timor-Leste
156090,TikTok,2024-09-14,Não Convertido,,0.0,Conservador,Kenya
156091,Facebook,2024-09-12,Não Convertido,,0.0,Agressivo,Bouvet Island (Bouvetoya)
156092,Instagram,2024-09-12,Não Convertido,,0.0,Conservador,Korea
156093,E-mail Marketing,2024-09-09,Não Convertido,,0.0,Moderado,Greece
156094,WhatsApp,2024-09-11,Não Convertido,,0.0,Moderado,Jersey
156095,E-mail Marketing,2024-09-10,Não Convertido,,0.0,Conservador,Bosnia and Herzegovina
156096,Orgânico,2024-09-12,Não Convertido,,0.0,Moderado,Lithuania
156097,E-mail Marketing,2024-09-13,Não Convertido,,0.0,Agressivo,Portugal
156098,E-mail Marketing,2024-09-10,Não Convertido,,0.0,Conservador,Singapore
156099,Facebook,2024-09-11,Não Convertido,,0.0,Desconhecido,Djibouti
156100,Google Ads,2024-09-10,Não Convertido,,0.0,Conservador,Venezuela
156101,Orgânico,2024-09-11,Convertido,23.0,9065.86,Agressivo,Iran
156102,E-mail Marketing,2024-09-13,Não Convertido,,0.0,Moderado,Rwanda
156103,TikTok,2024-09-13,Não Convertido,,0.0,Moderado,Georgia
156104,Facebook,2024-09-10,Não Convertido,,0.0,Moderado,Congo
156105,Instagram,2024-09-13,Não Convertido,,0.0,Moderado,Belgium
156106,Orgânico,2024-09-12,Não Convertido,,0.0,Agressivo,Saudi Arabia
156107,WhatsApp,2024-09-12,Não Convertido,,0.0,Agressivo,Reunion
156108,E-mail Marketing,2024-09-10,Não Convertido,,0.0,Desconhecido,Rwanda
156109,E-mail Marketing,2024-09-13,Não Convertido,,0.0,Agressivo,Afghanistan
156110,Orgânico,2024-09-12,Não Convertido,,0.0,Desconhecido,Reunion
156111,TikTok,2024-09-12,Não Convertido,,0.0,Agressivo,Taiwan
156112,YouTube Ads,2024-09-13,Não Convertido,,0.0,Agressivo,Kazakhstan
156113,E-mail Marketing,2024-09-14,Não Convertido,,0.0,Agressivo,French Polynesia
156114,Orgânico,2024-09-14,Não Convertido,,0.0,Agressivo,Timor-Leste
156115,Google Ads,2024-09-12,Não Convertido,,0.0,Conservador,Sierra Leone
156116,TikTok,2024-09-13,Não Convertido,,0.0,Agressivo,Norfolk Island
156117,Orgânico,2024-09-11,Convertido,12.0,4935.02,Agressivo,Reunion
156118,Orgânico,2024-09-12,Não Convertido,,0.0,Agressivo,Micronesia
156119,Orgânico,2024-09-09,Não Convertido,,0.0,Conservador,Cambodia
156120,Instagram,2024-09-10,Não Convertido,,0.0,Agressivo,Korea
156121,Instagram,2024-09-11,Não Convertido,,0.0,Conservador,Germany
156122,WhatsApp,2024-09-12,Não Convertido,,0.0,Agressivo,Qatar
156123,E-mail Marketing,2024-09-10,Não Convertido,,0.0,Agressivo,Bhutan
156124,TikTok,2024-09-13,Convertido,15.0,9702.04,Conservador,Saint Vincent and the Grenadines
156125,Google Ads,2024-09-10,Convertido,8.0,9725.58,Agressivo,Ukraine
156126,WhatsApp,2024-09-10,Não Convertido,,0.0,Agressivo,Fiji
156127,E-mail Marketing,2024-09-11,Não Convertido,,0.0,Conservador,Niger
156128,E-mail Marketing,2024-09-12,Não Convertido,,0.0,Moderado,Afghanistan
156129,Orgânico,2024-09-09,Não Convertido,,0.0,Moderado,Belgium
156130,Indicação,2024-09-12,Não Convertido,,0.0,Conservador,Uzbekistan
156131,E-mail Marketing,2024-09-13,Não Convertido,,0.0,Conservador,Lao People's Democratic Republic
156132,Orgânico,2024-09-09,Não Convertido,,0.0,Conservador,Bhutan
156133,Instagram,2024-09-12,Não Convertido,,0.0,Moderado,Uganda
156134,TikTok,2024-09-13,Não Convertido,,0.0,Moderado,Guam
156135,E-mail Marketing,2024-09-13,Convertido,19.0,3267.62,Moderado,Turkey
156136,TikTok,2024-09-09,Não Convertido,,0.0,Moderado,Switzerland
156137,YouTube Ads,2024-09-09,Não Convertido,,0.0,Conservador,Guadeloupe
156138,YouTube Ads,2024-09-12,Não Convertido,,0.0,Agressivo,Swaziland
156139,Instagram,2024-09-13,Não Convertido,,0.0,Conservador,Austria
156140,E-mail Marketing,2024-09-14,Não Convertido,,0.0,Conservador,Namibia
156141,Instagram,2024-09-10,Não Convertido,,0.0,Moderado,Iran
156142,Instagram,2024-09-13,Não Convertido,,0.0,Agressivo,Western Sahara
156143,E-mail Marketing,2024-09-14,Não Convertido,,0.0,Agressivo,Guatemala
156144,Indicação,2024-09-10,Não Convertido,,0.0,Conservador,Zimbabwe
156145,Facebook,2024-09-13,Não Convertido,,0.0,Conservador,Svalbard & Jan Mayen Islands
156146,Instagram,2024-09-12,Não Convertido,,0.0,Conservador,Armenia
156147,Instagram,2024-09-12,Não Convertido,,0.0,Agressivo,Burundi
156148,Orgânico,2024-09-14,Não Convertido,,0.0,Moderado,Paraguay
156149,Google Ads,2024-09-14,Não Convertido,,0.0,Agressivo,Lesotho
156150,Orgânico,2024-09-11,Não Convertido,,0.0,Agressivo,Lesotho
156151,Facebook,2024-09-10,Não Convertido,,0.0,Moderado,Niue
156152,Instagram,2024-09-14,Não Convertido,,0.0,Agressivo,Reunion
156153,Instagram,2024-09-14,Não Convertido,,0.0,Desconhecido,Serbia
156154,Orgânico,2024-09-09,Não Convertido,,0.0,Agressivo,Saudi Arabia
156155,Facebook,2024-09-10,Não Convertido,,0.0,Moderado,Saint Kitts and Nevis
156156,Facebook,2024-09-14,Não Convertido,,0.0,Moderado,Taiwan
156157,Indicação,2024-09-09,Não Convertido,,0.0,Agressivo,Myanmar
156158,Orgânico,2024-09-12,Não Convertido,,0.0,Moderado,Albania
156159,Instagram,2024-09-11,Não Convertido,,0.0,Moderado,Cambodia
156160,TikTok,2024-09-11,Não Convertido,,0.0,Desconhecido,Saudi Arabia
156161,YouTube Ads,2024-09-14,Não Convertido,,0.0,Moderado,Angola
156162,TikTok,2024-09-14,Não Convertido,,0.0,Agressivo,Norfolk Island
156163,Orgânico,2024-09-09,Não Convertido,,0.0,Moderado,Korea
156164,Orgânico,2024-09-10,Não Convertido,,0.0,Conservador,Tunisia
156165,Instagram,2024-09-11,Não Convertido,,0.0,Moderado,Cape Verde
156166,Facebook,2024-09-12,Não Convertido,,0.0,Agressivo,China
156167,WhatsApp,2024-09-09,Não Convertido,,0.0,Agressivo,Christmas Island
156168,Instagram,2024-09-14,Não Convertido,,0.0,Conservador,Angola
156169,YouTube Ads,2024-09-11,Não Convertido,,0.0,Agressivo,Cote d'Ivoire
156170,TikTok,2024-09-12,Convertido,16.0,7212.36,Moderado,Montserrat
156171,E-mail Marketing,2024-09-10,Não Convertido,,0.0,Moderado,Sudan
156172,Instagram,2024-09-14,Não Convertido,,0.0,Moderado,United States Virgin Islands
156173,YouTube Ads,2024-09-13,Não Convertido,,0.0,Agressivo,Gambia
156174,E-mail Marketing,2024-09-10,Não Convertido,,0.0,Moderado,Bhutan
156175,Indicação,2024-09-10,Não Convertido,,0.0,Desconhecido,Belarus
156176,Google Ads,2024-09-14,Não Convertido,,0.0,Conservador,Poland
156177,Instagram,2024-09-13,Não Convertido,,0.0,Desconhecido,Spain
156178,E-mail Marketing,2024-09-13,Não Convertido,,0.0,Moderado,Australia
156179,Orgânico,2024-09-10,Não Convertido,,0.0,Agressivo,Guyana
156180,TikTok,2024-09-09,Não Convertido,,0.0,Agressivo,Cayman Islands
156181,Indicação,2024-09-12,Não Convertido,,0.0,Moderado,Burkina Faso
156182,Orgânico,2024-09-13,Não Convertido,,0.0,Moderado,Belize
156183,Instagram,2024-09-11,Não Convertido,,0.0,Desconhecido,Gambia
156184,Orgânico,2024-09-14,Não Convertido,,0.0,Agressivo,Netherlands
156185,WhatsApp,2024-09-14,Não Convertido,,0.0,Agressivo,Pitcairn Islands
156186,YouTube Ads,2024-09-12,Convertido,4.0,2231.57,Desconhecido,Malta
156187,WhatsApp,2024-09-12,Não Convertido,,0.0,Moderado,Nauru
156188,TikTok,2024-09-12,Não Convertido,,0.0,Moderado,Belize
156189,Orgânico,2024-09-10,Não Convertido,,0.0,Moderado,Puerto Rico
156190,TikTok,2024-09-14,Não Convertido,,0.0,Moderado,Croatia
156191,Google Ads,2024-09-10,Não Convertido,,0.0,Moderado,Oman
156192,Indicação,2024-09-09,Não Convertido,,0.0,Moderado,Dominican Republic
156193,E-mail Marketing,2024-09-09,Não Convertido,,0.0,Agressivo,Saint Kitts and Nevis
156194,TikTok,2024-09-11,Não Convertido,,0.0,Desconhecido,Slovakia (Slovak Republic)
156195,WhatsApp,2024-09-13,Não Convertido,,0.0,Moderado,Saint Martin
156196,Orgânico,2024-09-14,Não Convertido,,0.0,Conservador,India
156197,Facebook,2024-09-11,Não Convertido,,0.0,Agressivo,Grenada
156198,Facebook,2024-09-11,Não Convertido,,0.0,Agressivo,Congo
156199,Google Ads,2024-09-12,Convertido,3.0,4688.42,Moderado,Holy See (Vatican City State)
156200,TikTok,2024-09-13,Não Convertido,,0.0,Desconhecido,Bermuda
156201,Instagram,2024-09-14,Não Convertido,,0.0,Agressivo,Monaco
156202,Orgânico,2024-09-12,Não Convertido,,0.0,Moderado,Togo
156203,Orgânico,2024-09-09,Não Convertido,,0.0,Agressivo,Turkey
156204,Instagram,2024-09-11,Não Convertido,,0.0,Agressivo,South Africa
156205,Indicação,2024-09-09,Não Convertido,,0.0,Moderado,United States Minor Outlying Islands
156206,YouTube Ads,2024-09-11,Não Convertido,,0.0,Moderado,Dominican Republic
156207,TikTok,2024-09-14,Convertido,5.0,9580.96,Agressivo,Kuwait
156208,Google Ads,2024-09-09,Não Convertido,,0.0,Conservador,Aruba
156209,Orgânico,2024-09-14,Não Convertido,,0.0,Desconhecido,Tonga
156210,Instagram,2024-09-11,Não Convertido,,0.0,Agressivo,Senegal
156211,TikTok,2024-09-09,Não Convertido,,0.0,Moderado,Reunion
156212,E-mail Marketing,2024-09-14,Não Convertido,,0.0,Moderado,Georgia
156213,E-mail Marketing,2024-09-10,Não Convertido,,0.0,Conservador,Angola
156214,Instagram,2024-09-13,Não Convertido,,0.0,Moderado,Solomon Islands
156215,E-mail Marketing,2024-09-14,Não Convertido,,0.0,Moderado,Saudi Arabia
156216,TikTok,2024-09-13,Não Convertido,,0.0,Conservador,Morocco
156217,TikTok,2024-09-14,Não Convertido,,0.0,Moderado,Tajikistan
156218,WhatsApp,2024-09-11,Convertido,20.0,8255.32,Moderado,Nigeria
156219,Orgânico,2024-09-10,Não Convertido,,0.0,Conservador,Niue
156220,Google Ads,2024-09-10,Não Convertido,,0.0,Agressivo,Maldives
156221,Instagram,2024-09-13,Não Convertido,,0.0,Moderado,Northern Mariana Islands
156222,WhatsApp,2024-09-12,Não Convertido,,0.0,Conservador,Slovakia (Slovak Republic)
156223,Google Ads,2024-09-13,Não Convertido,,0.0,Agressivo,American Samoa
156224,YouTube Ads,2024-09-09,Não Convertido,,0.0,Moderado,British Indian Ocean Territory (Chagos Archipelago)
156225,Google Ads,2024-09-09,Não Convertido,,0.0,Agressivo,Yemen
156226,Orgânico,2024-09-10,Não Convertido,,0.0,Conservador,Lao People's Democratic Republic
156227,Instagram,2024-09-13,Não Convertido,,0.0,Moderado,Rwanda
156228,Orgânico,2024-09-14,Não Convertido,,0.0,Agressivo,Finland
156229,Orgânico,2024-09-14,Não Convertido,,0.0,Agressivo,Congo
156230,Instagram,2024-09-12,Não Convertido,,0.0,Conservador,Sri Lanka
156231,Orgânico,2024-09-10,Não Convertido,,0.0,Agressivo,Ghana
156232,YouTube Ads,2024-09-11,Não Convertido,,0.0,Moderado,Albania
156233,Orgânico,2024-09-14,Não Convertido,,0.0,Moderado,Saint Helena
156234,Facebook,2024-09-14,Não Convertido,,0.0,Conservador,Slovenia
156235,WhatsApp,2024-09-09,Não Convertido,,0.0,Conservador,Anguilla
156236,TikTok,2024-09-10,Não Convertido,,0.0,Desconhecido,Italy
156237,TikTok,2024-09-14,Não Convertido,,0.0,Conservador,Bosnia and Herzegovina
156238,Google Ads,2024-09-10,Não Convertido,,0.0,Moderado,Montserrat
156239,Orgânico,2024-09-10,Não Convertido,,0.0,Desconhecido,Moldova
156240,Instagram,2024-09-10,Não Convertido,,0.0,Moderado,Singapore
156241,Instagram,2024-09-14,Não Convertido,,0.0,Conservador,Chad
156242,Indicação,2024-09-12,Não Convertido,,0.0,Moderado,Seychelles
156243,Instagram,2024-09-14,Não Convertido,,0.0,Agressivo,Latvia
156244,E-mail Marketing,2024-09-11,Não Convertido,,0.0,Agressivo,Turks and Caicos Islands
156245,YouTube Ads,2024-09-12,Não Convertido,,0.0,Conservador,Brunei Darussalam
156246,Instagram,2024-09-13,Convertido,15.0,6099.11,Moderado,Timor-Leste
156247,Instagram,2024-09-11,Não Convertido,,0.0,Agressivo,Ukraine
156248,YouTube Ads,2024-09-12,Não Convertido,,0.0,Conservador,Pakistan
156249,Orgânico,2024-09-10,Não Convertido,,0.0,Agressivo,Niue
156250,Facebook,2024-09-10,Não Convertido,,0.0,Agressivo,Djibouti
156251,Orgânico,2024-09-12,Não Convertido,,0.0,Conservador,Zambia
156252,YouTube Ads,2024-09-11,Não Convertido,,0.0,Agressivo,Algeria
156253,E-mail Marketing,2024-09-14,Não Convertido,,0.0,Moderado,Western Sahara
156254,WhatsApp,2024-09-12,Não Convertido,,0.0,Agressivo,Saint Lucia
156255,TikTok,2024-09-14,Não Convertido,,0.0,Conservador,Chad
156256,E-mail Marketing,2024-09-13,Não Convertido,,0.0,Agressivo,Vietnam
156257,TikTok,2024-09-11,Não Convertido,,0.0,Desconhecido,Myanmar
156258,Instagram,2024-09-11,Não Convertido,,0.0,Agressivo,Cape Verde
156259,Orgânico,2024-09-10,Não Convertido,,0.0,Conservador,Yemen
156260,Indicação,2024-09-12,Não Convertido,,0.0,Agressivo,Moldova
156261,YouTube Ads,2024-09-14,Não Convertido,,0.0,Desconhecido,Turkmenistan
156262,Indicação,2024-09-14,Não Convertido,,0.0,Moderado,Ireland
156263,Instagram,2024-09-13,Não Convertido,,0.0,Desconhecido,Guyana
156264,YouTube Ads,2024-09-09,Não Convertido,,0.0,Conservador,Tanzania
156265,YouTube Ads,2024-09-09,Não Convertido,,0.0,Moderado,Korea
156266,TikTok,2024-09-12,Não Convertido,,0.0,Agressivo,Tokelau
156267,Facebook,2024-09-10,Não Convertido,,0.0,Conservador,Comoros
156268,Instagram,2024-09-14,Não Convertido,,0.0,Agressivo,India
156269,Facebook,2024-09-14,Não Convertido,,0.0,Moderado,Trinidad and Tobago
156270,TikTok,2024-09-09,Não Convertido,,0.0,Moderado,North Macedonia
156271,Facebook,2024-09-10,Não Convertido,,0.0,Conservador,Jamaica
156272,Orgânico,2024-09-11,Não Convertido,,0.0,Desconhecido,Benin
156273,Indicação,2024-09-11,Não Convertido,,0.0,Agressivo,Bouvet Island (Bouvetoya)
156274,Instagram,2024-09-10,Não Convertido,,0.0,Moderado,France
156275,TikTok,2024-09-14,Não Convertido,,0.0,Agressivo,Cuba
156276,Facebook,2024-09-11,Não Convertido,,0.0,Moderado,Serbia
156277,TikTok,2024-09-14,Não Convertido,,0.0,Conservador,Bosnia and Herzegovina
156278,Google Ads,2024-09-14,Não Convertido,,0.0,Agressivo,Bahrain
156279,Facebook,2024-09-13,Não Convertido,,0.0,Agressivo,Kiribati
156280,Facebook,2024-09-11,Não Convertido,,0.0,Desconhecido,Central African Republic
156281,Instagram,2024-09-13,Não Convertido,,0.0,Conservador,Montenegro
156282,E-mail Marketing,2024-09-10,Não Convertido,,0.0,Agressivo,Tonga
156283,Orgânico,2024-09-13,Não Convertido,,0.0,Desconhecido,Vietnam
156284,Indicação,2024-09-09,Não Convertido,,0.0,Conservador,Maldives
156285,Indicação,2024-09-12,Não Convertido,,0.0,Conservador,Tanzania
156286,E-mail Marketing,2024-09-10,Não Convertido,,0.0,Moderado,Ireland
156287,Orgânico,2024-09-12,Não Convertido,,0.0,Desconhecido,Saint Helena
156288,WhatsApp,2024-09-11,Não Convertido,,0.0,Agressivo,Norway
156289,E-mail Marketing,2024-09-12,Não Convertido,,0.0,Agressivo,American Samoa
156290,Orgânico,2024-09-14,Não Convertido,,0.0,Conservador,Mayotte
156291,Orgânico,2024-09-13,Não Convertido,,0.0,Desconhecido,Malawi
156292,Instagram,2024-09-12,Não Convertido,,0.0,Moderado,Lesotho
156293,Google Ads,2024-09-14,Não Convertido,,0.0,Agressivo,Svalbard & Jan Mayen Islands
156294,Orgânico,2024-09-12,Não Convertido,,0.0,Conservador,Poland
156295,Orgânico,2024-09-12,Não Convertido,,0.0,Agressivo,Uruguay
156296,TikTok,2024-09-11,Não Convertido,,0.0,Conservador,Austria
156297,WhatsApp,2024-09-14,Não Convertido,,0.0,Agressivo,Faroe Islands
156298,Google Ads,2024-09-10,Não Convertido,,0.0,Moderado,Qatar
156299,TikTok,2024-09-13,Não Convertido,,0.0,Agressivo,United States Virgin Islands
156300,Facebook,2024-09-14,Não Convertido,,0.0,Agressivo,Israel
156301,E-mail Marketing,2024-09-11,Não Convertido,,0.0,Agressivo,Mali
156302,Instagram,2024-09-11,Não Convertido,,0.0,Moderado,Niger
156303,TikTok,2024-09-14,Não Convertido,,0.0,Moderado,Mali
156304,E-mail Marketing,2024-09-10,Não Convertido,,0.0,Conservador,Armenia
156305,WhatsApp,2024-09-13,Não Convertido,,0.0,Agressivo,Bosnia and Herzegovina
156306,E-mail Marketing,2024-09-14,Não Convertido,,0.0,Conservador,United States of America
156307,TikTok,2024-09-09,Não Convertido,,0.0,Conservador,Cambodia
156308,E-mail Marketing,2024-09-13,Não Convertido,,0.0,Moderado,Brunei Darussalam
156309,Indicação,2024-09-13,Não Convertido,,0.0,Moderado,Saint Pierre and Miquelon
156310,YouTube Ads,2024-09-09,Não Convertido,,0.0,Moderado,Slovenia
156311,Google Ads,2024-09-11,Não Convertido,,0.0,Moderado,Tajikistan
156312,Facebook,2024-09-10,Não Convertido,,0.0,Agressivo,Bulgaria
156313,WhatsApp,2024-09-10,Não Convertido,,0.0,Moderado,Jamaica
156314,Orgânico,2024-09-12,Convertido,25.0,6029.3,Moderado,Estonia
156315,E-mail Marketing,2024-09-10,Não Convertido,,0.0,Conservador,Burundi
156316,Facebook,2024-09-10,Não Convertido,,0.0,Moderado,Mauritius
156317,Orgânico,2024-09-14,Não Convertido,,0.0,Conservador,Dominica
156318,Instagram,2024-09-09,Não Convertido,,0.0,Moderado,Congo
156319,Instagram,2024-09-10,Convertido,21.0,6880.53,Moderado,Anguilla
156320,Orgânico,2024-09-10,Não Convertido,,0.0,Conservador,Guinea-Bissau
156321,Indicação,2024-09-09,Não Convertido,,0.0,Conservador,Latvia
156322,Orgânico,2024-09-10,Convertido,6.0,208.76,Moderado,Suriname
156323,Orgânico,2024-09-09,Não Convertido,,0.0,Agressivo,Bhutan
156324,Orgânico,2024-09-14,Convertido,2.0,6548.32,Agressivo,Papua New Guinea
156325,E-mail Marketing,2024-09-10,Não Convertido,,0.0,Moderado,China
156326,E-mail Marketing,2024-09-11,Não Convertido,,0.0,Agressivo,Tanzania
156327,Google Ads,2024-09-11,Não Convertido,,0.0,Conservador,Sudan
156328,Instagram,2024-09-14,Não Convertido,,0.0,Agressivo,Guinea
156329,Google Ads,2024-09-10,Não Convertido,,0.0,Moderado,Nauru
156330,Orgânico,2024-09-10,Não Convertido,,0.0,Desconhecido,Kyrgyz Republic
156331,Facebook,2024-09-10,Não Convertido,,0.0,Conservador,Mexico
156332,Facebook,2024-09-09,Não Convertido,,0.0,Moderado,Morocco
156333,YouTube Ads,2024-09-13,Não Convertido,,0.0,Agressivo,Vanuatu
156334,TikTok,2024-09-13,Não Convertido,,0.0,Conservador,Portugal
156335,Facebook,2024-09-11,Não Convertido,,0.0,Desconhecido,Ukraine
156336,Facebook,2024-09-09,Não Convertido,,0.0,Agressivo,Sudan
156337,Instagram,2024-09-10,Convertido,23.0,8307.68,Conservador,Togo
156338,Orgânico,2024-09-12,Não Convertido,,0.0,Agressivo,Netherlands
156339,Google Ads,2024-09-11,Não Convertido,,0.0,Agressivo,Myanmar
156340,TikTok,2024-09-10,Não Convertido,,0.0,Agressivo,Finland
156341,Google Ads,2024-09-11,Não Convertido,,0.0,Conservador,Jordan
156342,Facebook,2024-09-13,Não Convertido,,0.0,Moderado,New Zealand
156343,Indicação,2024-09-12,Não Convertido,,0.0,Agressivo,Saint Vincent and the Grenadines
156344,Indicação,2024-09-13,Não Convertido,,0.0,Moderado,Burkina Faso
156345,WhatsApp,2024-09-11,Não Convertido,,0.0,Conservador,Guatemala
156346,E-mail Marketing,2024-09-09,Não Convertido,,0.0,Moderado,Pakistan
156347,WhatsApp,2024-09-14,Não Convertido,,0.0,Moderado,Tajikistan
156348,TikTok,2024-09-13,Não Convertido,,0.0,Agressivo,Saint Vincent and the Grenadines
156349,Facebook,2024-09-10,Não Convertido,,0.0,Moderado,Mongolia
156350,E-mail Marketing,2024-09-12,Não Convertido,,0.0,Conservador,United States of America
156351,TikTok,2024-09-13,Não Convertido,,0.0,Moderado,Guinea
156352,Orgânico,2024-09-09,Não Convertido,,0.0,Desconhecido,Zimbabwe
156353,TikTok,2024-09-10,Não Convertido,,0.0,Agressivo,Tokelau
156354,E-mail Marketing,2024-09-11,Não Convertido,,0.0,Moderado,Kuwait
156355,Orgânico,2024-09-09,Não Convertido,,0.0,Conservador,Jamaica
156356,YouTube Ads,2024-09-10,Não Convertido,,0.0,Moderado,Nepal
156357,Orgânico,2024-09-13,Não Convertido,,0.0,Agressivo,Martinique
156358,TikTok,2024-09-14,Não Convertido,,0.0,Agressivo,Togo
156359,TikTok,2024-09-14,Não Convertido,,0.0,Desconhecido,Belize
156360,Google Ads,2024-09-09,Não Convertido,,0.0,Moderado,Norfolk Island
156361,Instagram,2024-09-11,Não Convertido,,0.0,Moderado,Austria
156362,Instagram,2024-09-14,Não Convertido,,0.0,Agressivo,Namibia
156363,TikTok,2024-09-10,Não Convertido,,0.0,Moderado,Honduras
156364,Facebook,2024-09-11,Não Convertido,,0.0,Agressivo,Niue
156365,Google Ads,2024-09-09,Convertido,22.0,5011.6,Conservador,Isle of Man
156366,Facebook,2024-09-13,Não Convertido,,0.0,Moderado,Albania
156367,Instagram,2024-09-11,Não Convertido,,0.0,Moderado,Afghanistan
156368,TikTok,2024-09-11,Não Convertido,,0.0,Desconhecido,Serbia
156369,YouTube Ads,2024-09-14,Convertido,28.0,255.1,Moderado,Panama
156370,Google Ads,2024-09-12,Não Convertido,,0.0,Conservador,Turkmenistan
156371,Instagram,2024-09-09,Não Convertido,,0.0,Conservador,Switzerland
156372,E-mail Marketing,2024-09-12,Não Convertido,,0.0,Moderado,American Samoa
156373,Instagram,2024-09-12,Não Convertido,,0.0,Agressivo,Venezuela
156374,YouTube Ads,2024-09-10,Não Convertido,,0.0,Agressivo,Sri Lanka
156375,Facebook,2024-09-11,Não Convertido,,0.0,Agressivo,Brunei Darussalam
156376,Google Ads,2024-09-09,Não Convertido,,0.0,Conservador,Sao Tome and Principe
156377,Orgânico,2024-09-13,Não Convertido,,0.0,Agressivo,Benin
156378,YouTube Ads,2024-09-13,Não Convertido,,0.0,Moderado,Korea
156379,Facebook,2024-09-11,Não Convertido,,0.0,Conservador,Saint Martin
156380,Facebook,2024-09-10,Não Convertido,,0.0,Moderado,Kuwait
156381,TikTok,2024-09-12,Não Convertido,,0.0,Agressivo,Kazakhstan
156382,Facebook,2024-09-11,Não Convertido,,0.0,Moderado,Latvia
156383,WhatsApp,2024-09-11,Não Convertido,,0.0,Agressivo,Solomon Islands
156384,Orgânico,2024-09-12,Não Convertido,,0.0,Desconhecido,United States of America
156385,Facebook,2024-09-11,Não Convertido,,0.0,Moderado,Lao People's Democratic Republic
156386,Orgânico,2024-09-12,Não Convertido,,0.0,Moderado,Burkina Faso
156387,Orgânico,2024-09-14,Não Convertido,,0.0,Moderado,Bermuda
156388,E-mail Marketing,2024-09-10,Não Convertido,,0.0,Moderado,Papua New Guinea
156389,Facebook,2024-09-12,Não Convertido,,0.0,Agressivo,Botswana
156390,Facebook,2024-09-14,Convertido,4.0,6646.77,Moderado,Martinique
156391,E-mail Marketing,2024-09-13,Não Convertido,,0.0,Conservador,Kyrgyz Republic
156392,Google Ads,2024-09-11,Não Convertido,,0.0,Conservador,Isle of Man
156393,Orgânico,2024-09-09,Não Convertido,,0.0,Agressivo,Paraguay
156394,YouTube Ads,2024-09-12,Não Convertido,,0.0,Moderado,Chad
156395,YouTube Ads,2024-09-09,Não Convertido,,0.0,Moderado,Algeria
156396,TikTok,2024-09-12,Não Convertido,,0.0,Desconhecido,Peru
156397,E-mail Marketing,2024-09-09,Não Convertido,,0.0,Conservador,Iceland
156398,YouTube Ads,2024-09-11,Não Convertido,,0.0,Conservador,Zambia
156399,Instagram,2024-09-14,Não Convertido,,0.0,Moderado,Lao People's Democratic Republic
156400,Facebook,2024-09-09,Convertido,9.0,2612.87,Conservador,Libyan Arab Jamahiriya
156401,Orgânico,2024-09-09,Não Convertido,,0.0,Conservador,Western Sahara
156402,WhatsApp,2024-09-09,Não Convertido,,0.0,Moderado,Egypt
156403,Facebook,2024-09-10,Não Convertido,,0.0,Moderado,Iceland
156404,WhatsApp,2024-09-11,Não Convertido,,0.0,Agressivo,Turks and Caicos Islands
156405,Orgânico,2024-09-09,Não Convertido,,0.0,Desconhecido,Indonesia
156406,Orgânico,2024-09-12,Não Convertido,,0.0,Agressivo,Iceland
156407,WhatsApp,2024-09-11,Não Convertido,,0.0,Moderado,Kazakhstan
156408,Facebook,2024-09-13,Não Convertido,,0.0,Moderado,Mozambique
156409,YouTube Ads,2024-09-10,Não Convertido,,0.0,Agressivo,Maldives
156410,YouTube Ads,2024-09-14,Não Convertido,,0.0,Moderado,Guadeloupe
156411,TikTok,2024-09-13,Não Convertido,,0.0,Agressivo,Peru
156412,Orgânico,2024-09-13,Não Convertido,,0.0,Moderado,Taiwan
156413,WhatsApp,2024-09-13,Não Convertido,,0.0,Moderado,Mexico
156414,Google Ads,2024-09-13,Não Convertido,,0.0,Agressivo,South Africa
156415,Instagram,2024-09-10,Não Convertido,,0.0,Agressivo,Greece
156416,TikTok,2024-09-14,Não Convertido,,0.0,Agressivo,Taiwan
156417,WhatsApp,2024-09-10,Não Convertido,,0.0,Moderado,France
156418,YouTube Ads,2024-09-11,Não Convertido,,0.0,Moderado,Tokelau
156419,Instagram,2024-09-09,Convertido,3.0,5686.82,Conservador,Argentina
156420,TikTok,2024-09-14,Não Convertido,,0.0,Moderado,Antigua and Barbuda
156421,Instagram,2024-09-10,Não Convertido,,0.0,Conservador,Bermuda
156422,YouTube Ads,2024-09-09,Convertido,16.0,7238.85,Moderado,Bolivia
156423,E-mail Marketing,2024-09-13,Não Convertido,,0.0,Moderado,Ukraine
156424,Instagram,2024-09-12,Não Convertido,,0.0,Conservador,Romania
156425,Orgânico,2024-09-11,Não Convertido,,0.0,Agressivo,Nepal
156426,TikTok,2024-09-10,Convertido,4.0,4175.15,Moderado,Moldova
156427,E-mail Marketing,2024-09-11,Não Convertido,,0.0,Agressivo,Australia
156428,Instagram,2024-09-12,Não Convertido,,0.0,Conservador,Mayotte
156429,Orgânico,2024-09-11,Não Convertido,,0.0,Moderado,Liberia
156430,Google Ads,2024-09-10,Não Convertido,,0.0,Agressivo,Spain
156431,E-mail Marketing,2024-09-13,Não Convertido,,0.0,Moderado,Nicaragua
156432,Orgânico,2024-09-14,Não Convertido,,0.0,Moderado,Tokelau
156433,Facebook,2024-09-12,Não Convertido,,0.0,Agressivo,Honduras
156434,Orgânico,2024-09-12,Não Convertido,,0.0,Agressivo,Tajikistan
156435,Facebook,2024-09-11,Não Convertido,,0.0,Agressivo,Guyana
156436,Orgânico,2024-09-11,Não Convertido,,0.0,Agressivo,Angola
156437,YouTube Ads,2024-09-11,Não Convertido,,0.0,Moderado,Aruba
156438,YouTube Ads,2024-09-12,Não Convertido,,0.0,Moderado,United Kingdom
156439,Facebook,2024-09-12,Não Convertido,,0.0,Agressivo,Tajikistan
156440,Google Ads,2024-09-12,Não Convertido,,0.0,Agressivo,Albania
156441,Facebook,2024-09-11,Não Convertido,,0.0,Agressivo,Mexico
156442,Orgânico,2024-09-10,Não Convertido,,0.0,Conservador,Tuvalu
156443,Google Ads,2024-09-11,Não Convertido,,0.0,Moderado,Singapore
156444,TikTok,2024-09-09,Não Convertido,,0.0,Moderado,United Kingdom
156445,Facebook,2024-09-14,Convertido,17.0,8768.77,Desconhecido,Wallis and Futuna
156446,Google Ads,2024-09-09,Não Convertido,,0.0,Moderado,Syrian Arab Republic
156447,Google Ads,2024-09-10,Não Convertido,,0.0,Conservador,Czech Republic
156448,WhatsApp,2024-09-10,Não Convertido,,0.0,Agressivo,Nicaragua
156449,Instagram,2024-09-12,Não Convertido,,0.0,Moderado,United Arab Emirates
156450,TikTok,2024-09-09,Não Convertido,,0.0,Moderado,Tajikistan
156451,Orgânico,2024-09-13,Não Convertido,,0.0,Conservador,Belarus
156452,Facebook,2024-09-10,Não Convertido,,0.0,Agressivo,Korea
156453,WhatsApp,2024-09-10,Não Convertido,,0.0,Moderado,Senegal
156454,Orgânico,2024-09-09,Não Convertido,,0.0,Agressivo,Guinea
156455,TikTok,2024-09-10,Não Convertido,,0.0,Moderado,Bolivia
156456,Facebook,2024-09-14,Não Convertido,,0.0,Moderado,Mongolia
156457,Instagram,2024-09-13,Não Convertido,,0.0,Conservador,Saint Barthelemy
156458,E-mail Marketing,2024-09-11,Não Convertido,,0.0,Agressivo,Saint Barthelemy
156459,E-mail Marketing,2024-09-12,Não Convertido,,0.0,Moderado,United Kingdom
156460,Instagram,2024-09-13,Não Convertido,,0.0,Agressivo,Central African Republic
156461,YouTube Ads,2024-09-09,Não Convertido,,0.0,Agressivo,Lesotho
156462,Google Ads,2024-09-12,Não Convertido,,0.0,Moderado,Bulgaria
156463,Indicação,2024-09-14,Não Convertido,,0.0,Moderado,Ireland
156464,Instagram,2024-09-11,Não Convertido,,0.0,Moderado,Mozambique
156465,TikTok,2024-09-11,Não Convertido,,0.0,Agressivo,Monaco
156466,WhatsApp,2024-09-09,Não Convertido,,0.0,Agressivo,Syrian Arab Republic
156467,E-mail Marketing,2024-09-14,Não Convertido,,0.0,Conservador,Tajikistan
156468,Orgânico,2024-09-14,Não Convertido,,0.0,Agressivo,Kenya
156469,YouTube Ads,2024-09-13,Não Convertido,,0.0,Conservador,Bhutan
156470,E-mail Marketing,2024-09-14,Não Convertido,,0.0,Moderado,Malawi
156471,TikTok,2024-09-14,Não Convertido,,0.0,Moderado,Isle of Man
156472,Instagram,2024-09-14,Não Convertido,,0.0,Moderado,Croatia
156473,Instagram,2024-09-09,Não Convertido,,0.0,Moderado,Western Sahara
156474,Google Ads,2024-09-13,Não Convertido,,0.0,Moderado,Guadeloupe
156475,WhatsApp,2024-09-11,Não Convertido,,0.0,Moderado,Christmas Island
156476,YouTube Ads,2024-09-12,Não Convertido,,0.0,Agressivo,Guatemala
156477,Google Ads,2024-09-12,Não Convertido,,0.0,Agressivo,Bangladesh
156478,Orgânico,2024-09-14,Não Convertido,,0.0,Agressivo,Sudan
156479,YouTube Ads,2024-09-12,Não Convertido,,0.0,Moderado,Belarus
156480,Facebook,2024-09-12,Não Convertido,,0.0,Desconhecido,South Africa
156481,E-mail Marketing,2024-09-11,Não Convertido,,0.0,Agressivo,Holy See (Vatican City State)
156482,Google Ads,2024-09-09,Não Convertido,,0.0,Desconhecido,Anguilla
156483,WhatsApp,2024-09-12,Não Convertido,,0.0,Conservador,Ecuador
156484,Instagram,2024-09-10,Não Convertido,,0.0,Moderado,Hungary
156485,Instagram,2024-09-09,Não Convertido,,0.0,Moderado,Congo
156486,Instagram,2024-09-11,Não Convertido,,0.0,Agressivo,Saint Pierre and Miquelon
156487,Indicação,2024-09-11,Não Convertido,,0.0,Agressivo,Moldova
156488,Instagram,2024-09-09,Não Convertido,,0.0,Moderado,Niue
156489,Instagram,2024-09-12,Não Convertido,,0.0,Moderado,Sierra Leone
156490,Orgânico,2024-09-11,Não Convertido,,0.0,Agressivo,Tunisia
156491,Orgânico,2024-09-10,Não Convertido,,0.0,Conservador,Saint Barthelemy
156492,YouTube Ads,2024-09-12,Não Convertido,,0.0,Agressivo,Mozambique
156493,Instagram,2024-09-10,Não Convertido,,0.0,Agressivo,Iraq
156494,WhatsApp,2024-09-14,Não Convertido,,0.0,Moderado,Jordan
156495,Facebook,2024-09-12,Não Convertido,,0.0,Moderado,Gibraltar
156496,Instagram,2024-09-09,Não Convertido,,0.0,Agressivo,Andorra
156497,WhatsApp,2024-09-14,Não Convertido,,0.0,Conservador,Afghanistan
156498,Indicação,2024-09-13,Não Convertido,,0.0,Agressivo,Finland
156499,YouTube Ads,2024-09-09,Não Convertido,,0.0,Conservador,Western Sahara
156500,TikTok,2024-09-10,Não Convertido,,0.0,Agressivo,Bangladesh
156501,E-mail Marketing,2024-09-11,Não Convertido,,0.0,Agressivo,Cayman Islands
156502,Instagram,2024-09-14,Não Convertido,,0.0,Desconhecido,Morocco
156503,Instagram,2024-09-14,Não Convertido,,0.0,Moderado,Cayman Islands
156504,TikTok,2024-09-14,Não Convertido,,0.0,Desconhecido,Brazil
156505,Instagram,2024-09-09,Não Convertido,,0.0,Agressivo,Jamaica
156506,E-mail Marketing,2024-09-11,Não Convertido,,0.0,Moderado,Greece
156507,Instagram,2024-09-12,Não Convertido,,0.0,Moderado,Tunisia
156508,Instagram,2024-09-14,Não Convertido,,0.0,Moderado,Aruba
156509,TikTok,2024-09-11,Não Convertido,,0.0,Moderado,Malta
156510,Google Ads,2024-09-09,Não Convertido,,0.0,Moderado,Nigeria
156511,Google Ads,2024-09-13,Não Convertido,,0.0,Moderado,Nauru
156512,Facebook,2024-09-11,Não Convertido,,0.0,Desconhecido,Liechtenstein
156513,Google Ads,2024-09-10,Não Convertido,,0.0,Moderado,Heard Island and McDonald Islands
156514,TikTok,2024-09-14,Não Convertido,,0.0,Agressivo,Azerbaijan
156515,WhatsApp,2024-09-10,Não Convertido,,0.0,Moderado,Saint Kitts and Nevis
156516,E-mail Marketing,2024-09-14,Não Convertido,,0.0,Moderado,Philippines
156517,Facebook,2024-09-12,Não Convertido,,0.0,Agressivo,Philippines
156518,YouTube Ads,2024-09-13,Não Convertido,,0.0,Conservador,Costa Rica
156519,WhatsApp,2024-09-13,Não Convertido,,0.0,Desconhecido,Kazakhstan
156520,Indicação,2024-09-13,Não Convertido,,0.0,Desconhecido,Central African Republic
156521,Google Ads,2024-09-12,Não Convertido,,0.0,Agressivo,Saint Vincent and the Grenadines
156522,Indicação,2024-09-10,Não Convertido,,0.0,Moderado,Guinea
156523,Indicação,2024-09-09,Não Convertido,,0.0,Conservador,Costa Rica
156524,Google Ads,2024-09-11,Não Convertido,,0.0,Conservador,Uruguay
156525,Orgânico,2024-09-12,Não Convertido,,0.0,Moderado,Slovakia (Slovak Republic)
156526,Instagram,2024-09-09,Não Convertido,,0.0,Agressivo,China
156527,Indicação,2024-09-12,Não Convertido,,0.0,Desconhecido,Timor-Leste
156528,YouTube Ads,2024-09-10,Não Convertido,,0.0,Agressivo,Maldives
156529,E-mail Marketing,2024-09-11,Não Convertido,,0.0,Conservador,Palau
156530,Instagram,2024-09-09,Não Convertido,,0.0,Agressivo,Portugal
156531,Instagram,2024-09-10,Não Convertido,,0.0,Conservador,Monaco
156532,Orgânico,2024-09-12,Não Convertido,,0.0,Agressivo,Iran
156533,WhatsApp,2024-09-12,Não Convertido,,0.0,Desconhecido,Uzbekistan
156534,YouTube Ads,2024-09-11,Não Convertido,,0.0,Agressivo,Vietnam
156535,Instagram,2024-09-12,Não Convertido,,0.0,Agressivo,Brazil
156536,Orgânico,2024-09-12,Não Convertido,,0.0,Agressivo,Russian Federation
156537,WhatsApp,2024-09-13,Não Convertido,,0.0,Moderado,San Marino
156538,TikTok,2024-09-13,Não Convertido,,0.0,Conservador,Faroe Islands
156539,Facebook,2024-09-11,Não Convertido,,0.0,Agressivo,Ukraine
156540,Orgânico,2024-09-14,Não Convertido,,0.0,Conservador,Western Sahara
156541,Orgânico,2024-09-13,Não Convertido,,0.0,Moderado,Oman
156542,Orgânico,2024-09-11,Não Convertido,,0.0,Moderado,United States Virgin Islands
156543,E-mail Marketing,2024-09-11,Não Convertido,,0.0,Moderado,Argentina
156544,Instagram,2024-09-13,Não Convertido,,0.0,Conservador,Latvia
156545,YouTube Ads,2024-09-14,Não Convertido,,0.0,Desconhecido,Puerto Rico
156546,WhatsApp,2024-09-14,Não Convertido,,0.0,Moderado,Philippines
156547,Indicação,2024-09-12,Não Convertido,,0.0,Desconhecido,French Southern Territories
156548,Orgânico,2024-09-11,Não Convertido,,0.0,Moderado,Thailand
156549,E-mail Marketing,2024-09-13,Não Convertido,,0.0,Conservador,Dominica
156550,Indicação,2024-09-11,Convertido,19.0,8764.84,Desconhecido,Niger
156551,Instagram,2024-09-10,Convertido,11.0,7729.23,Agressivo,Pakistan
156552,YouTube Ads,2024-09-14,Não Convertido,,0.0,Desconhecido,Eritrea
156553,Orgânico,2024-09-14,Não Convertido,,0.0,Moderado,Benin
156554,TikTok,2024-09-14,Não Convertido,,0.0,Agressivo,Saudi Arabia
156555,TikTok,2024-09-13,Não Convertido,,0.0,Agressivo,India
156556,E-mail Marketing,2024-09-10,Não Convertido,,0.0,Moderado,Jordan
156557,YouTube Ads,2024-09-11,Não Convertido,,0.0,Agressivo,Guadeloupe
156558,Google Ads,2024-09-11,Não Convertido,,0.0,Agressivo,Christmas Island
156559,Facebook,2024-09-11,Não Convertido,,0.0,Desconhecido,Israel
156560,Orgânico,2024-09-09,Não Convertido,,0.0,Agressivo,Grenada
156561,Indicação,2024-09-14,Não Convertido,,0.0,Agressivo,Hungary
156562,Indicação,2024-09-10,Não Convertido,,0.0,Moderado,Malawi
156563,Instagram,2024-09-10,Não Convertido,,0.0,Moderado,Uruguay
156564,TikTok,2024-09-11,Não Convertido,,0.0,Conservador,Christmas Island
156565,Google Ads,2024-09-14,Não Convertido,,0.0,Agressivo,China
156566,Orgânico,2024-09-14,Não Convertido,,0.0,Desconhecido,Djibouti
156567,Orgânico,2024-09-12,Não Convertido,,0.0,Agressivo,Turkmenistan
156568,YouTube Ads,2024-09-13,Não Convertido,,0.0,Conservador,Bulgaria
156569,WhatsApp,2024-09-09,Não Convertido,,0.0,Moderado,Qatar
156570,Google Ads,2024-09-13,Não Convertido,,0.0,Moderado,Bahamas
156571,Google Ads,2024-09-09,Não Convertido,,0.0,Conservador,Tonga
156572,TikTok,2024-09-10,Não Convertido,,0.0,Agressivo,Togo
156573,Instagram,2024-09-09,Não Convertido,,0.0,Agressivo,Spain
156574,Google Ads,2024-09-10,Não Convertido,,0.0,Desconhecido,Vanuatu
156575,Orgânico,2024-09-10,Não Convertido,,0.0,Agressivo,Haiti
156576,Facebook,2024-09-12,Não Convertido,,0.0,Moderado,Antigua and Barbuda
156577,YouTube Ads,2024-09-09,Não Convertido,,0.0,Desconhecido,Uzbekistan
156578,Orgânico,2024-09-14,Convertido,1.0,7534.0,Desconhecido,Poland
156579,Google Ads,2024-09-10,Não Convertido,,0.0,Agressivo,Iran
156580,TikTok,2024-09-13,Não Convertido,,0.0,Moderado,Aruba
156581,Instagram,2024-09-09,Não Convertido,,0.0,Conservador,Malaysia
156582,Facebook,2024-09-09,Não Convertido,,0.0,Agressivo,Jordan
156583,TikTok,2024-09-09,Não Convertido,,0.0,Agressivo,Martinique
156584,Orgânico,2024-09-11,Não Convertido,,0.0,Agressivo,Zimbabwe
156585,YouTube Ads,2024-09-11,Não Convertido,,0.0,Agressivo,Montenegro
156586,YouTube Ads,2024-09-14,Não Convertido,,0.0,Moderado,Saint Pierre and Miquelon
156587,Orgânico,2024-09-09,Não Convertido,,0.0,Agressivo,American Samoa
156588,Indicação,2024-09-13,Não Convertido,,0.0,Moderado,Gibraltar
156589,Orgânico,2024-09-11,Não Convertido,,0.0,Agressivo,Martinique
156590,E-mail Marketing,2024-09-13,Não Convertido,,0.0,Desconhecido,France
156591,Instagram,2024-09-14,Convertido,8.0,7839.72,Moderado,Latvia
156592,Instagram,2024-09-09,Convertido,6.0,3571.68,Agressivo,Guernsey
156593,Google Ads,2024-09-12,Não Convertido,,0.0,Agressivo,Bahamas
156594,E-mail Marketing,2024-09-10,Não Convertido,,0.0,Agressivo,Burundi
156595,E-mail Marketing,2024-09-11,Não Convertido,,0.0,Agressivo,United Arab Emirates
156596,E-mail Marketing,2024-09-11,Não Convertido,,0.0,Agressivo,Senegal
156597,Orgânico,2024-09-10,Convertido,28.0,4137.2,Desconhecido,Korea
156598,YouTube Ads,2024-09-09,Não Convertido,,0.0,Conservador,Tunisia
156599,Instagram,2024-09-09,Não Convertido,,0.0,Conservador,Panama
156600,Instagram,2024-09-12,Não Convertido,,0.0,Agressivo,Uganda
156601,E-mail Marketing,2024-09-13,Não Convertido,,0.0,Agressivo,Singapore
156602,E-mail Marketing,2024-09-11,Não Convertido,,0.0,Moderado,Tajikistan
156603,Instagram,2024-09-12,Não Convertido,,0.0,Agressivo,Mozambique
156604,Google Ads,2024-09-11,Não Convertido,,0.0,Agressivo,Japan
156605,Instagram,2024-09-13,Não Convertido,,0.0,Moderado,Indonesia
156606,YouTube Ads,2024-09-09,Não Convertido,,0.0,Moderado,Uzbekistan
156607,TikTok,2024-09-10,Não Convertido,,0.0,Conservador,Slovakia (Slovak Republic)
156608,Facebook,2024-09-12,Não Convertido,,0.0,Moderado,Christmas Island
156609,Facebook,2024-09-14,Não Convertido,,0.0,Moderado,Malta
156610,TikTok,2024-09-12,Não Convertido,,0.0,Agressivo,Cook Islands
156611,Instagram,2024-09-14,Não Convertido,,0.0,Agressivo,Saint Vincent and the Grenadines
156612,WhatsApp,2024-09-14,Não Convertido,,0.0,Moderado,Hungary
156613,Indicação,2024-09-13,Não Convertido,,0.0,Moderado,Venezuela
156614,Facebook,2024-09-10,Não Convertido,,0.0,Desconhecido,Lebanon
156615,YouTube Ads,2024-09-14,Não Convertido,,0.0,Moderado,Central African Republic
156616,Facebook,2024-09-09,Não Convertido,,0.0,Moderado,Malta
156617,TikTok,2024-09-09,Não Convertido,,0.0,Agressivo,Sudan
156618,Google Ads,2024-09-11,Não Convertido,,0.0,Conservador,Sri Lanka
156619,E-mail Marketing,2024-09-09,Convertido,29.0,1996.49,Agressivo,Cocos (Keeling) Islands
156620,Orgânico,2024-09-14,Não Convertido,,0.0,Moderado,Bolivia
156621,WhatsApp,2024-09-09,Não Convertido,,0.0,Agressivo,Aruba
156622,E-mail Marketing,2024-09-13,Não Convertido,,0.0,Agressivo,Kiribati
156623,Orgânico,2024-09-09,Convertido,23.0,9696.96,Agressivo,Saint Kitts and Nevis
156624,Google Ads,2024-09-14,Não Convertido,,0.0,Conservador,Barbados
