lead_id,origem,data_cadastro,status_conversao,dias_ate_1o_trade,valor_deposito,perfil,pais
150409,Indicação,2024-09-07,Não Convertido,,0.0,Desconhecido,Suriname
150410,Google Ads,2024-09-02,Não Convertido,,0.0,Conservador,Burkina Faso
150411,Facebook,2024-09-05,Não Convertido,,0.0,Desconhecido,Kiribati
150412,Orgânico,2024-09-03,Não Convertido,,0.0,Desconhecido,Slovenia
150413,Facebook,2024-09-03,Não Convertido,,0.0,Moderado,El Salvador
150414,Orgânico,2024-09-04,Convertido,14.0,4225.82,Moderado,Sudan
150415,Orgânico,2024-09-02,Convertido,22.0,3857.24,Desconhecido,Falkland Islands (Malvinas)
150416,Instagram,2024-09-06,Não Convertido,,0.0,Moderado,Egypt
150417,Instagram,2024-09-05,Não Convertido,,0.0,Moderado,South Africa
150418,Indicação,2024-09-06,Não Convertido,,0.0,Moderado,Cameroon
150419,Google Ads,2024-09-03,Não Convertido,,0.0,Conservador,United Arab Emirates
150420,Orgânico,2024-09-06,Não Convertido,,0.0,Agressivo,Norway
150421,TikTok,2024-09-05,Não Convertido,,0.0,Moderado,Nicaragua
150422,Indicação,2024-09-07,Não Convertido,,0.0,Conservador,Burundi
150423,YouTube Ads,2024-09-07,Não Convertido,,0.0,Agressivo,Tokelau
150424,E-mail Marketing,2024-09-06,Não Convertido,,0.0,Conservador,Niger
150425,TikTok,2024-09-04,Não Convertido,,0.0,Agressivo,Marshall Islands
150426,TikTok,2024-09-03,Não Convertido,,0.0,Agressivo,Afghanistan
150427,TikTok,2024-09-07,Não Convertido,,0.0,Conservador,Georgia
150428,E-mail Marketing,2024-09-02,Não Convertido,,0.0,Desconhecido,Niger
150429,YouTube Ads,2024-09-06,Não Convertido,,0.0,Moderado,Ecuador
150430,Facebook,2024-09-07,Não Convertido,,0.0,Moderado,Thailand
150431,YouTube Ads,2024-09-04,Não Convertido,,0.0,Agressivo,Turkmenistan
150432,YouTube Ads,2024-09-05,Não Convertido,,0.0,Conservador,Paraguay
150433,Indicação,2024-09-05,Não Convertido,,0.0,Moderado,Cameroon
150434,Instagram,2024-09-06,Não Convertido,,0.0,Moderado,Holy See (Vatican City State)
150435,Instagram,2024-09-04,Não Convertido,,0.0,Moderado,Namibia
150436,YouTube Ads,2024-09-06,Não Convertido,,0.0,Moderado,Bahrain
150437,Orgânico,2024-09-07,Não Convertido,,0.0,Moderado,Libyan Arab Jamahiriya
150438,E-mail Marketing,2024-09-05,Não Convertido,,0.0,Conservador,Cocos (Keeling) Islands
150439,Instagram,2024-09-05,Não Convertido,,0.0,Moderado,Faroe Islands
150440,Orgânico,2024-09-03,Não Convertido,,0.0,Conservador,Sri Lanka
150441,TikTok,2024-09-03,Não Convertido,,0.0,Conservador,Western Sahara
150442,TikTok,2024-09-02,Não Convertido,,0.0,Agressivo,Benin
150443,TikTok,2024-09-07,Não Convertido,,0.0,Desconhecido,Holy See (Vatican City State)
150444,E-mail Marketing,2024-09-04,Convertido,17.0,2647.4,Moderado,Costa Rica
150445,TikTok,2024-09-06,Não Convertido,,0.0,Moderado,Burkina Faso
150446,TikTok,2024-09-04,Não Convertido,,0.0,Agressivo,Bangladesh
150447,Google Ads,2024-09-07,Não Convertido,,0.0,Conservador,Niue
150448,YouTube Ads,2024-09-03,Não Convertido,,0.0,Desconhecido,Lao People's Democratic Republic
150449,WhatsApp,2024-09-02,Não Convertido,,0.0,Conservador,Luxembourg
150450,Indicação,2024-09-06,Não Convertido,,0.0,Moderado,Austria
150451,TikTok,2024-09-05,Não Convertido,,0.0,Desconhecido,United Kingdom
150452,Instagram,2024-09-07,Não Convertido,,0.0,Conservador,Algeria
150453,TikTok,2024-09-07,Não Convertido,,0.0,Agressivo,Cambodia
150454,Orgânico,2024-09-06,Não Convertido,,0.0,Agressivo,Slovakia (Slovak Republic)
150455,YouTube Ads,2024-09-06,Não Convertido,,0.0,Moderado,Bolivia
150456,Facebook,2024-09-06,Não Convertido,,0.0,Agressivo,Cyprus
150457,YouTube Ads,2024-09-02,Não Convertido,,0.0,Agressivo,Monaco
150458,Facebook,2024-09-07,Não Convertido,,0.0,Conservador,Cook Islands
150459,Instagram,2024-09-06,Não Convertido,,0.0,Conservador,Namibia
150460,YouTube Ads,2024-09-02,Não Convertido,,0.0,Conservador,United States Minor Outlying Islands
150461,TikTok,2024-09-03,Convertido,10.0,2105.57,Desconhecido,Saudi Arabia
150462,Instagram,2024-09-03,Não Convertido,,0.0,Desconhecido,Gambia
150463,TikTok,2024-09-02,Não Convertido,,0.0,Conservador,Iran
150464,Orgânico,2024-09-03,Não Convertido,,0.0,Desconhecido,Libyan Arab Jamahiriya
150465,Instagram,2024-09-02,Não Convertido,,0.0,Moderado,Togo
150466,WhatsApp,2024-09-05,Não Convertido,,0.0,Agressivo,Mayotte
150467,Instagram,2024-09-03,Não Convertido,,0.0,Conservador,Syrian Arab Republic
150468,YouTube Ads,2024-09-06,Não Convertido,,0.0,Moderado,Latvia
150469,Instagram,2024-09-04,Não Convertido,,0.0,Agressivo,Georgia
150470,TikTok,2024-09-04,Não Convertido,,0.0,Moderado,Isle of Man
150471,YouTube Ads,2024-09-05,Não Convertido,,0.0,Conservador,France
150472,WhatsApp,2024-09-02,Não Convertido,,0.0,Moderado,Cyprus
150473,YouTube Ads,2024-09-04,Não Convertido,,0.0,Conservador,Zimbabwe
150474,Indicação,2024-09-04,Não Convertido,,0.0,Agressivo,Honduras
150475,Orgânico,2024-09-02,Não Convertido,,0.0,Moderado,Nigeria
150476,TikTok,2024-09-03,Não Convertido,,0.0,Moderado,Tokelau
150477,Google Ads,2024-09-06,Não Convertido,,0.0,Moderado,Gabon
150478,Instagram,2024-09-05,Não Convertido,,0.0,Moderado,Thailand
150479,TikTok,2024-09-04,Não Convertido,,0.0,Conservador,Fiji
150480,Google Ads,2024-09-02,Não Convertido,,0.0,Moderado,Kazakhstan
150481,Google Ads,2024-09-05,Não Convertido,,0.0,Agressivo,Belgium
150482,WhatsApp,2024-09-06,Não Convertido,,0.0,Agressivo,Western Sahara
150483,Orgânico,2024-09-03,Não Convertido,,0.0,Agressivo,Australia
150484,Orgânico,2024-09-06,Não Convertido,,0.0,Agressivo,Central African Republic
150485,TikTok,2024-09-02,Não Convertido,,0.0,Conservador,Martinique
150486,E-mail Marketing,2024-09-02,Não Convertido,,0.0,Agressivo,Cameroon
150487,TikTok,2024-09-03,Não Convertido,,0.0,Moderado,Australia
150488,WhatsApp,2024-09-04,Não Convertido,,0.0,Moderado,Greece
150489,E-mail Marketing,2024-09-05,Não Convertido,,0.0,Moderado,Guernsey
150490,WhatsApp,2024-09-06,Não Convertido,,0.0,Conservador,Nauru
150491,Orgânico,2024-09-03,Não Convertido,,0.0,Conservador,Liechtenstein
150492,TikTok,2024-09-03,Não Convertido,,0.0,Conservador,Puerto Rico
150493,WhatsApp,2024-09-04,Não Convertido,,0.0,Moderado,Finland
150494,TikTok,2024-09-02,Não Convertido,,0.0,Moderado,Solomon Islands
150495,Instagram,2024-09-05,Não Convertido,,0.0,Conservador,Hong Kong
150496,Facebook,2024-09-06,Não Convertido,,0.0,Agressivo,France
150497,Google Ads,2024-09-03,Não Convertido,,0.0,Moderado,Dominican Republic
150498,Google Ads,2024-09-06,Não Convertido,,0.0,Agressivo,Korea
150499,TikTok,2024-09-02,Não Convertido,,0.0,Agressivo,South Georgia and the South Sandwich Islands
150500,Orgânico,2024-09-02,Não Convertido,,0.0,Moderado,Angola
150501,E-mail Marketing,2024-09-02,Não Convertido,,0.0,Moderado,Iceland
150502,Instagram,2024-09-04,Não Convertido,,0.0,Desconhecido,Palestinian Territory
150503,Facebook,2024-09-03,Não Convertido,,0.0,Conservador,Mauritania
150504,Google Ads,2024-09-05,Convertido,11.0,2869.93,Agressivo,Papua New Guinea
150505,Indicação,2024-09-06,Não Convertido,,0.0,Conservador,Brazil
150506,YouTube Ads,2024-09-04,Não Convertido,,0.0,Moderado,Singapore
150507,Orgânico,2024-09-02,Não Convertido,,0.0,Agressivo,Korea
150508,Facebook,2024-09-05,Não Convertido,,0.0,Agressivo,Anguilla
150509,TikTok,2024-09-03,Não Convertido,,0.0,Desconhecido,Haiti
150510,Orgânico,2024-09-03,Não Convertido,,0.0,Conservador,Uzbekistan
150511,WhatsApp,2024-09-02,Não Convertido,,0.0,Conservador,Lithuania
150512,YouTube Ads,2024-09-05,Não Convertido,,0.0,Moderado,Greece
150513,WhatsApp,2024-09-07,Não Convertido,,0.0,Moderado,Korea
150514,Orgânico,2024-09-07,Não Convertido,,0.0,Conservador,Zambia
150515,Instagram,2024-09-03,Não Convertido,,0.0,Conservador,Ethiopia
150516,Instagram,2024-09-02,Não Convertido,,0.0,Agressivo,Egypt
150517,Google Ads,2024-09-02,Não Convertido,,0.0,Moderado,Antarctica (the territory South of 60 deg S)
150518,Facebook,2024-09-05,Não Convertido,,0.0,Moderado,Sudan
150519,TikTok,2024-09-05,Não Convertido,,0.0,Agressivo,Somalia
150520,Orgânico,2024-09-04,Não Convertido,,0.0,Desconhecido,Slovakia (Slovak Republic)
150521,Indicação,2024-09-07,Não Convertido,,0.0,Moderado,Antarctica (the territory South of 60 deg S)
150522,Google Ads,2024-09-06,Convertido,6.0,4831.75,Conservador,Barbados
150523,TikTok,2024-09-03,Não Convertido,,0.0,Conservador,Korea
150524,Orgânico,2024-09-07,Não Convertido,,0.0,Moderado,Eritrea
150525,E-mail Marketing,2024-09-03,Não Convertido,,0.0,Moderado,Swaziland
150526,WhatsApp,2024-09-04,Não Convertido,,0.0,Agressivo,Macao
150527,TikTok,2024-09-06,Não Convertido,,0.0,Agressivo,Russian Federation
150528,YouTube Ads,2024-09-03,Não Convertido,,0.0,Moderado,Sao Tome and Principe
150529,Facebook,2024-09-06,Não Convertido,,0.0,Moderado,Burundi
150530,TikTok,2024-09-07,Não Convertido,,0.0,Conservador,Japan
150531,TikTok,2024-09-04,Não Convertido,,0.0,Conservador,Armenia
150532,TikTok,2024-09-06,Não Convertido,,0.0,Moderado,Tunisia
150533,Google Ads,2024-09-07,Não Convertido,,0.0,Conservador,Korea
150534,TikTok,2024-09-07,Não Convertido,,0.0,Agressivo,Guinea
150535,Instagram,2024-09-06,Não Convertido,,0.0,Moderado,Martinique
150536,Orgânico,2024-09-07,Não Convertido,,0.0,Agressivo,Nauru
150537,Orgânico,2024-09-02,Não Convertido,,0.0,Agressivo,Brazil
150538,Instagram,2024-09-07,Não Convertido,,0.0,Moderado,Armenia
150539,Facebook,2024-09-05,Convertido,24.0,5057.79,Moderado,Cameroon
150540,Orgânico,2024-09-05,Não Convertido,,0.0,Moderado,Gabon
150541,E-mail Marketing,2024-09-03,Não Convertido,,0.0,Agressivo,Guernsey
150542,Orgânico,2024-09-04,Não Convertido,,0.0,Moderado,Mauritania
150543,YouTube Ads,2024-09-07,Não Convertido,,0.0,Moderado,Netherlands
150544,Orgânico,2024-09-03,Não Convertido,,0.0,Conservador,Grenada
150545,TikTok,2024-09-02,Não Convertido,,0.0,Desconhecido,Georgia
150546,Facebook,2024-09-02,Não Convertido,,0.0,Agressivo,Samoa
150547,E-mail Marketing,2024-09-07,Não Convertido,,0.0,Moderado,France
150548,YouTube Ads,2024-09-06,Não Convertido,,0.0,Moderado,Kuwait
150549,Indicação,2024-09-03,Não Convertido,,0.0,Moderado,El Salvador
150550,E-mail Marketing,2024-09-04,Não Convertido,,0.0,Moderado,Zambia
150551,TikTok,2024-09-06,Não Convertido,,0.0,Agressivo,Hong Kong
150552,E-mail Marketing,2024-09-06,Não Convertido,,0.0,Agressivo,Dominica
150553,Facebook,2024-09-05,Não Convertido,,0.0,Moderado,Benin
150554,WhatsApp,2024-09-03,Não Convertido,,0.0,Agressivo,Morocco
150555,Orgânico,2024-09-07,Não Convertido,,0.0,Agressivo,Belgium
150556,Orgânico,2024-09-02,Não Convertido,,0.0,Moderado,Lithuania
150557,WhatsApp,2024-09-06,Não Convertido,,0.0,Conservador,Hungary
150558,E-mail Marketing,2024-09-07,Não Convertido,,0.0,Conservador,Malawi
150559,Orgânico,2024-09-07,Não Convertido,,0.0,Moderado,Ecuador
150560,Orgânico,2024-09-07,Não Convertido,,0.0,Conservador,Kyrgyz Republic
150561,TikTok,2024-09-06,Não Convertido,,0.0,Moderado,Rwanda
150562,Instagram,2024-09-05,Não Convertido,,0.0,Conservador,Saint Martin
150563,TikTok,2024-09-05,Não Convertido,,0.0,Desconhecido,South Africa
150564,Instagram,2024-09-05,Convertido,19.0,4430.95,Agressivo,South Georgia and the South Sandwich Islands
150565,TikTok,2024-09-05,Não Convertido,,0.0,Agressivo,Chile
150566,Facebook,2024-09-06,Não Convertido,,0.0,Moderado,Turks and Caicos Islands
150567,Instagram,2024-09-05,Não Convertido,,0.0,Conservador,Madagascar
150568,WhatsApp,2024-09-07,Não Convertido,,0.0,Moderado,Antigua and Barbuda
150569,Orgânico,2024-09-04,Não Convertido,,0.0,Moderado,Reunion
150570,TikTok,2024-09-04,Não Convertido,,0.0,Desconhecido,Kazakhstan
150571,Google Ads,2024-09-03,Não Convertido,,0.0,Conservador,Malaysia
150572,Instagram,2024-09-04,Não Convertido,,0.0,Agressivo,Malawi
150573,WhatsApp,2024-09-07,Não Convertido,,0.0,Conservador,Nepal
150574,Facebook,2024-09-03,Não Convertido,,0.0,Conservador,Japan
150575,TikTok,2024-09-05,Não Convertido,,0.0,Moderado,Mali
150576,TikTok,2024-09-05,Não Convertido,,0.0,Conservador,Vietnam
150577,Facebook,2024-09-02,Não Convertido,,0.0,Desconhecido,Panama
150578,Indicação,2024-09-03,Não Convertido,,0.0,Agressivo,Denmark
150579,Orgânico,2024-09-07,Não Convertido,,0.0,Moderado,Equatorial Guinea
150580,Instagram,2024-09-03,Não Convertido,,0.0,Conservador,Micronesia
150581,E-mail Marketing,2024-09-06,Não Convertido,,0.0,Moderado,Denmark
150582,Facebook,2024-09-04,Não Convertido,,0.0,Moderado,Belarus
150583,Instagram,2024-09-06,Não Convertido,,0.0,Moderado,Andorra
150584,Orgânico,2024-09-04,Não Convertido,,0.0,Moderado,Cocos (Keeling) Islands
150585,Facebook,2024-09-02,Não Convertido,,0.0,Moderado,Brunei Darussalam
150586,Instagram,2024-09-03,Não Convertido,,0.0,Desconhecido,Belize
150587,Google Ads,2024-09-03,Não Convertido,,0.0,Moderado,Tajikistan
150588,WhatsApp,2024-09-04,Não Convertido,,0.0,Agressivo,Mauritius
150589,Facebook,2024-09-05,Não Convertido,,0.0,Agressivo,Mali
150590,WhatsApp,2024-09-05,Não Convertido,,0.0,Agressivo,Mauritius
150591,Orgânico,2024-09-07,Não Convertido,,0.0,Conservador,Syrian Arab Republic
150592,Google Ads,2024-09-02,Não Convertido,,0.0,Agressivo,Czech Republic
150593,Orgânico,2024-09-06,Não Convertido,,0.0,Conservador,Moldova
150594,WhatsApp,2024-09-06,Não Convertido,,0.0,Agressivo,Lebanon
150595,YouTube Ads,2024-09-02,Não Convertido,,0.0,Moderado,Kuwait
150596,Instagram,2024-09-06,Não Convertido,,0.0,Moderado,Eritrea
150597,Orgânico,2024-09-05,Não Convertido,,0.0,Moderado,Peru
150598,Google Ads,2024-09-02,Não Convertido,,0.0,Desconhecido,Senegal
150599,Indicação,2024-09-06,Não Convertido,,0.0,Conservador,Kiribati
150600,Orgânico,2024-09-05,Não Convertido,,0.0,Moderado,Luxembourg
150601,TikTok,2024-09-05,Não Convertido,,0.0,Agressivo,North Macedonia
150602,Facebook,2024-09-06,Não Convertido,,0.0,Moderado,Switzerland
150603,TikTok,2024-09-02,Não Convertido,,0.0,Moderado,Chad
150604,Facebook,2024-09-04,Não Convertido,,0.0,Moderado,Dominica
150605,Orgânico,2024-09-02,Não Convertido,,0.0,Moderado,United Kingdom
150606,WhatsApp,2024-09-02,Não Convertido,,0.0,Moderado,Angola
150607,Orgânico,2024-09-07,Não Convertido,,0.0,Moderado,Turkmenistan
150608,Instagram,2024-09-02,Não Convertido,,0.0,Desconhecido,Kazakhstan
150609,Instagram,2024-09-05,Não Convertido,,0.0,Agressivo,Sri Lanka
150610,YouTube Ads,2024-09-07,Não Convertido,,0.0,Desconhecido,Ghana
150611,YouTube Ads,2024-09-03,Não Convertido,,0.0,Conservador,Turkey
150612,TikTok,2024-09-03,Não Convertido,,0.0,Agressivo,Zambia
150613,WhatsApp,2024-09-07,Não Convertido,,0.0,Moderado,Palau
150614,E-mail Marketing,2024-09-03,Não Convertido,,0.0,Desconhecido,Saint Barthelemy
150615,Facebook,2024-09-03,Não Convertido,,0.0,Moderado,Korea
150616,Google Ads,2024-09-07,Não Convertido,,0.0,Moderado,Qatar
150617,Orgânico,2024-09-06,Não Convertido,,0.0,Conservador,Dominican Republic
150618,Facebook,2024-09-05,Não Convertido,,0.0,Moderado,Antigua and Barbuda
150619,Facebook,2024-09-04,Não Convertido,,0.0,Moderado,Gabon
150620,Google Ads,2024-09-07,Não Convertido,,0.0,Agressivo,Djibouti
150621,Instagram,2024-09-02,Não Convertido,,0.0,Moderado,Niue
150622,Facebook,2024-09-06,Convertido,26.0,2626.86,Moderado,Syrian Arab Republic
150623,Instagram,2024-09-06,Não Convertido,,0.0,Moderado,Yemen
150624,TikTok,2024-09-05,Não Convertido,,0.0,Agressivo,India
150625,E-mail Marketing,2024-09-06,Não Convertido,,0.0,Moderado,Botswana
150626,TikTok,2024-09-07,Não Convertido,,0.0,Moderado,Slovakia (Slovak Republic)
150627,Instagram,2024-09-05,Não Convertido,,0.0,Conservador,Slovakia (Slovak Republic)
150628,Google Ads,2024-09-07,Não Convertido,,0.0,Conservador,Bermuda
150629,YouTube Ads,2024-09-03,Não Convertido,,0.0,Moderado,Dominica
150630,E-mail Marketing,2024-09-06,Não Convertido,,0.0,Moderado,El Salvador
150631,TikTok,2024-09-04,Não Convertido,,0.0,Moderado,Turkmenistan
150632,Orgânico,2024-09-02,Não Convertido,,0.0,Agressivo,French Guiana
150633,Google Ads,2024-09-07,Não Convertido,,0.0,Moderado,Lithuania
150634,E-mail Marketing,2024-09-02,Convertido,6.0,1133.68,Agressivo,Mauritius
150635,E-mail Marketing,2024-09-04,Não Convertido,,0.0,Desconhecido,Mongolia
150636,Google Ads,2024-09-04,Não Convertido,,0.0,Moderado,Algeria
150637,Facebook,2024-09-05,Não Convertido,,0.0,Agressivo,Lao People's Democratic Republic
150638,E-mail Marketing,2024-09-06,Não Convertido,,0.0,Desconhecido,Martinique
150639,Orgânico,2024-09-04,Não Convertido,,0.0,Agressivo,Equatorial Guinea
150640,TikTok,2024-09-06,Não Convertido,,0.0,Moderado,Japan
150641,Facebook,2024-09-07,Não Convertido,,0.0,Conservador,Chile
150642,WhatsApp,2024-09-07,Não Convertido,,0.0,Conservador,Philippines
150643,Instagram,2024-09-02,Não Convertido,,0.0,Moderado,Saint Helena
150644,Google Ads,2024-09-06,Não Convertido,,0.0,Agressivo,Rwanda
150645,E-mail Marketing,2024-09-05,Não Convertido,,0.0,Conservador,Zimbabwe
150646,Google Ads,2024-09-06,Não Convertido,,0.0,Moderado,United Arab Emirates
150647,Orgânico,2024-09-03,Não Convertido,,0.0,Agressivo,Martinique
150648,Google Ads,2024-09-02,Não Convertido,,0.0,Moderado,American Samoa
150649,TikTok,2024-09-07,Não Convertido,,0.0,Moderado,Uganda
150650,Orgânico,2024-09-07,Não Convertido,,0.0,Agressivo,Chile
150651,E-mail Marketing,2024-09-03,Não Convertido,,0.0,Moderado,Romania
150652,Facebook,2024-09-05,Convertido,5.0,2458.65,Conservador,Spain
150653,Instagram,2024-09-04,Não Convertido,,0.0,Moderado,Antarctica (the territory South of 60 deg S)
150654,E-mail Marketing,2024-09-03,Convertido,15.0,1434.04,Moderado,Tajikistan
150655,YouTube Ads,2024-09-03,Não Convertido,,0.0,Moderado,Argentina
150656,Instagram,2024-09-05,Não Convertido,,0.0,Agressivo,United States Virgin Islands
150657,Instagram,2024-09-06,Não Convertido,,0.0,Moderado,Singapore
150658,E-mail Marketing,2024-09-03,Não Convertido,,0.0,Desconhecido,Somalia
150659,Instagram,2024-09-05,Não Convertido,,0.0,Conservador,Marshall Islands
150660,Orgânico,2024-09-07,Não Convertido,,0.0,Moderado,Nauru
150661,Orgânico,2024-09-06,Não Convertido,,0.0,Moderado,Saint Pierre and Miquelon
150662,Instagram,2024-09-02,Não Convertido,,0.0,Moderado,Togo
150663,Orgânico,2024-09-04,Não Convertido,,0.0,Agressivo,Bahrain
150664,Google Ads,2024-09-06,Não Convertido,,0.0,Agressivo,Botswana
150665,Orgânico,2024-09-03,Não Convertido,,0.0,Moderado,Spain
150666,Instagram,2024-09-05,Não Convertido,,0.0,Agressivo,Sao Tome and Principe
150667,TikTok,2024-09-06,Não Convertido,,0.0,Moderado,Bermuda
150668,Indicação,2024-09-03,Não Convertido,,0.0,Conservador,Aruba
150669,Google Ads,2024-09-07,Não Convertido,,0.0,Moderado,Costa Rica
150670,TikTok,2024-09-05,Não Convertido,,0.0,Desconhecido,Ecuador
150671,TikTok,2024-09-07,Convertido,30.0,1883.38,Moderado,India
150672,YouTube Ads,2024-09-02,Não Convertido,,0.0,Agressivo,Bulgaria
150673,WhatsApp,2024-09-05,Não Convertido,,0.0,Moderado,China
150674,WhatsApp,2024-09-05,Convertido,19.0,1655.53,Desconhecido,Madagascar
150675,Orgânico,2024-09-02,Não Convertido,,0.0,Conservador,Togo
150676,WhatsApp,2024-09-07,Convertido,17.0,5808.26,Moderado,Latvia
150677,Instagram,2024-09-05,Não Convertido,,0.0,Moderado,Belize
150678,Instagram,2024-09-02,Não Convertido,,0.0,Agressivo,Honduras
150679,Orgânico,2024-09-03,Não Convertido,,0.0,Moderado,Colombia
150680,Orgânico,2024-09-07,Não Convertido,,0.0,Moderado,Bangladesh
150681,Google Ads,2024-09-07,Não Convertido,,0.0,Moderado,Sao Tome and Principe
150682,Orgânico,2024-09-06,Não Convertido,,0.0,Agressivo,Tokelau
150683,Google Ads,2024-09-06,Não Convertido,,0.0,Moderado,Netherlands Antilles
150684,Facebook,2024-09-04,Não Convertido,,0.0,Desconhecido,Kazakhstan
150685,TikTok,2024-09-03,Não Convertido,,0.0,Conservador,Faroe Islands
150686,Instagram,2024-09-04,Não Convertido,,0.0,Moderado,American Samoa
150687,TikTok,2024-09-02,Não Convertido,,0.0,Moderado,Niger
150688,TikTok,2024-09-02,Não Convertido,,0.0,Moderado,Belarus
150689,Facebook,2024-09-02,Não Convertido,,0.0,Agressivo,Ghana
150690,TikTok,2024-09-07,Não Convertido,,0.0,Moderado,Micronesia
150691,Facebook,2024-09-02,Não Convertido,,0.0,Desconhecido,Turks and Caicos Islands
150692,WhatsApp,2024-09-07,Não Convertido,,0.0,Desconhecido,Finland
150693,Instagram,2024-09-06,Não Convertido,,0.0,Moderado,Nicaragua
150694,Orgânico,2024-09-03,Não Convertido,,0.0,Moderado,Belgium
150695,E-mail Marketing,2024-09-03,Não Convertido,,0.0,Agressivo,Belgium
150696,E-mail Marketing,2024-09-05,Não Convertido,,0.0,Moderado,Cameroon
150697,TikTok,2024-09-07,Não Convertido,,0.0,Agressivo,Sao Tome and Principe
150698,Orgânico,2024-09-02,Não Convertido,,0.0,Desconhecido,Nicaragua
150699,Orgânico,2024-09-04,Não Convertido,,0.0,Moderado,Argentina
150700,Indicação,2024-09-05,Não Convertido,,0.0,Moderado,Montserrat
150701,WhatsApp,2024-09-07,Não Convertido,,0.0,Agressivo,Montenegro
150702,Indicação,2024-09-04,Não Convertido,,0.0,Agressivo,Montenegro
150703,WhatsApp,2024-09-07,Não Convertido,,0.0,Agressivo,Italy
150704,Google Ads,2024-09-04,Não Convertido,,0.0,Conservador,Mauritius
150705,TikTok,2024-09-07,Não Convertido,,0.0,Agressivo,Cape Verde
150706,Google Ads,2024-09-07,Não Convertido,,0.0,Conservador,Turkey
150707,Facebook,2024-09-06,Não Convertido,,0.0,Agressivo,Australia
150708,Orgânico,2024-09-05,Não Convertido,,0.0,Moderado,Serbia
150709,Instagram,2024-09-06,Não Convertido,,0.0,Desconhecido,Jordan
150710,Instagram,2024-09-02,Não Convertido,,0.0,Moderado,Heard Island and McDonald Islands
150711,TikTok,2024-09-07,Não Convertido,,0.0,Moderado,Sudan
150712,Orgânico,2024-09-06,Não Convertido,,0.0,Moderado,North Macedonia
150713,Facebook,2024-09-06,Convertido,5.0,2862.95,Conservador,Western Sahara
150714,YouTube Ads,2024-09-02,Não Convertido,,0.0,Conservador,Eritrea
150715,Google Ads,2024-09-04,Não Convertido,,0.0,Conservador,Micronesia
150716,Instagram,2024-09-06,Não Convertido,,0.0,Agressivo,Isle of Man
150717,Instagram,2024-09-05,Não Convertido,,0.0,Conservador,El Salvador
150718,E-mail Marketing,2024-09-03,Não Convertido,,0.0,Moderado,Latvia
150719,WhatsApp,2024-09-06,Não Convertido,,0.0,Conservador,Zambia
150720,Orgânico,2024-09-06,Não Convertido,,0.0,Agressivo,Cayman Islands
150721,TikTok,2024-09-07,Não Convertido,,0.0,Agressivo,New Caledonia
150722,YouTube Ads,2024-09-03,Não Convertido,,0.0,Moderado,New Caledonia
150723,Orgânico,2024-09-06,Não Convertido,,0.0,Moderado,Nepal
150724,YouTube Ads,2024-09-06,Convertido,20.0,944.17,Moderado,South Africa
150725,Instagram,2024-09-06,Não Convertido,,0.0,Moderado,Liberia
150726,Google Ads,2024-09-04,Não Convertido,,0.0,Desconhecido,Vanuatu
150727,TikTok,2024-09-02,Não Convertido,,0.0,Moderado,Portugal
150728,Facebook,2024-09-07,Não Convertido,,0.0,Conservador,Faroe Islands
150729,TikTok,2024-09-05,Não Convertido,,0.0,Moderado,Uganda
150730,E-mail Marketing,2024-09-05,Não Convertido,,0.0,Moderado,Austria
150731,Google Ads,2024-09-04,Não Convertido,,0.0,Conservador,Vanuatu
150732,Instagram,2024-09-02,Não Convertido,,0.0,Conservador,Tonga
150733,YouTube Ads,2024-09-06,Não Convertido,,0.0,Conservador,Burundi
150734,Instagram,2024-09-07,Não Convertido,,0.0,Moderado,Central African Republic
150735,TikTok,2024-09-06,Não Convertido,,0.0,Agressivo,Italy
150736,E-mail Marketing,2024-09-03,Não Convertido,,0.0,Agressivo,Norway
150737,WhatsApp,2024-09-05,Não Convertido,,0.0,Moderado,Germany
150738,E-mail Marketing,2024-09-04,Convertido,17.0,7749.28,Moderado,French Polynesia
150739,Facebook,2024-09-07,Não Convertido,,0.0,Agressivo,Qatar
150740,WhatsApp,2024-09-02,Não Convertido,,0.0,Agressivo,Russian Federation
150741,Google Ads,2024-09-05,Não Convertido,,0.0,Moderado,Macao
150742,E-mail Marketing,2024-09-02,Não Convertido,,0.0,Desconhecido,Luxembourg
150743,Google Ads,2024-09-02,Não Convertido,,0.0,Moderado,Philippines
150744,TikTok,2024-09-02,Não Convertido,,0.0,Moderado,Costa Rica
150745,E-mail Marketing,2024-09-03,Não Convertido,,0.0,Agressivo,Yemen
150746,Orgânico,2024-09-02,Não Convertido,,0.0,Moderado,Jordan
150747,Facebook,2024-09-04,Convertido,11.0,8220.55,Agressivo,Brazil
150748,E-mail Marketing,2024-09-03,Não Convertido,,0.0,Desconhecido,Czech Republic
150749,Instagram,2024-09-05,Não Convertido,,0.0,Moderado,Namibia
150750,Instagram,2024-09-04,Não Convertido,,0.0,Moderado,French Southern Territories
150751,E-mail Marketing,2024-09-04,Não Convertido,,0.0,Moderado,Lesotho
150752,Google Ads,2024-09-06,Não Convertido,,0.0,Conservador,Mozambique
150753,Facebook,2024-09-02,Não Convertido,,0.0,Agressivo,Ethiopia
150754,Orgânico,2024-09-05,Não Convertido,,0.0,Agressivo,Indonesia
150755,Orgânico,2024-09-04,Não Convertido,,0.0,Agressivo,Antigua and Barbuda
150756,Orgânico,2024-09-07,Não Convertido,,0.0,Agressivo,Kazakhstan
150757,YouTube Ads,2024-09-03,Não Convertido,,0.0,Desconhecido,Guyana
150758,Google Ads,2024-09-04,Não Convertido,,0.0,Agressivo,Germany
150759,Facebook,2024-09-02,Não Convertido,,0.0,Moderado,Singapore
150760,WhatsApp,2024-09-05,Não Convertido,,0.0,Conservador,Equatorial Guinea
150761,E-mail Marketing,2024-09-06,Não Convertido,,0.0,Agressivo,Wallis and Futuna
150762,YouTube Ads,2024-09-02,Não Convertido,,0.0,Agressivo,Palau
150763,E-mail Marketing,2024-09-03,Não Convertido,,0.0,Conservador,Thailand
150764,Orgânico,2024-09-07,Não Convertido,,0.0,Moderado,Jamaica
150765,TikTok,2024-09-06,Não Convertido,,0.0,Agressivo,French Polynesia
150766,WhatsApp,2024-09-03,Não Convertido,,0.0,Moderado,Faroe Islands
150767,TikTok,2024-09-04,Não Convertido,,0.0,Moderado,Seychelles
150768,E-mail Marketing,2024-09-06,Não Convertido,,0.0,Agressivo,Poland
150769,Orgânico,2024-09-05,Não Convertido,,0.0,Moderado,Japan
150770,Google Ads,2024-09-05,Não Convertido,,0.0,Moderado,Montenegro
150771,Instagram,2024-09-04,Não Convertido,,0.0,Conservador,Mexico
150772,WhatsApp,2024-09-05,Não Convertido,,0.0,Agressivo,Colombia
150773,Instagram,2024-09-05,Convertido,26.0,526.59,Moderado,Saint Lucia
150774,TikTok,2024-09-06,Não Convertido,,0.0,Moderado,Heard Island and McDonald Islands
150775,Orgânico,2024-09-06,Não Convertido,,0.0,Moderado,Somalia
150776,Instagram,2024-09-04,Convertido,2.0,3000.97,Agressivo,Brunei Darussalam
150777,Instagram,2024-09-05,Não Convertido,,0.0,Agressivo,Uzbekistan
150778,Instagram,2024-09-06,Não Convertido,,0.0,Agressivo,French Guiana
150779,Orgânico,2024-09-06,Não Convertido,,0.0,Agressivo,French Guiana
150780,TikTok,2024-09-07,Não Convertido,,0.0,Agressivo,Georgia
150781,WhatsApp,2024-09-05,Não Convertido,,0.0,Moderado,Libyan Arab Jamahiriya
150782,TikTok,2024-09-05,Não Convertido,,0.0,Conservador,Malaysia
150783,Instagram,2024-09-04,Não Convertido,,0.0,Moderado,Belarus
150784,Instagram,2024-09-06,Não Convertido,,0.0,Conservador,Botswana
150785,Facebook,2024-09-05,Não Convertido,,0.0,Conservador,Reunion
150786,Instagram,2024-09-03,Convertido,3.0,5923.49,Moderado,Iceland
150787,Instagram,2024-09-06,Não Convertido,,0.0,Moderado,Colombia
150788,TikTok,2024-09-03,Não Convertido,,0.0,Moderado,Vietnam
150789,Orgânico,2024-09-04,Não Convertido,,0.0,Desconhecido,Georgia
150790,Facebook,2024-09-05,Não Convertido,,0.0,Desconhecido,French Polynesia
150791,TikTok,2024-09-03,Não Convertido,,0.0,Moderado,Papua New Guinea
150792,Instagram,2024-09-05,Não Convertido,,0.0,Moderado,Maldives
150793,TikTok,2024-09-02,Não Convertido,,0.0,Moderado,Peru
150794,E-mail Marketing,2024-09-05,Não Convertido,,0.0,Agressivo,Malaysia
150795,Orgânico,2024-09-06,Não Convertido,,0.0,Conservador,Azerbaijan
150796,YouTube Ads,2024-09-05,Não Convertido,,0.0,Moderado,Yemen
150797,YouTube Ads,2024-09-02,Não Convertido,,0.0,Agressivo,Guernsey
150798,YouTube Ads,2024-09-06,Não Convertido,,0.0,Moderado,Heard Island and McDonald Islands
150799,YouTube Ads,2024-09-07,Não Convertido,,0.0,Moderado,Uzbekistan
150800,Google Ads,2024-09-02,Não Convertido,,0.0,Moderado,Belarus
150801,WhatsApp,2024-09-07,Não Convertido,,0.0,Desconhecido,Mozambique
150802,TikTok,2024-09-02,Não Convertido,,0.0,Conservador,Sudan
150803,Instagram,2024-09-05,Não Convertido,,0.0,Agressivo,Qatar
150804,E-mail Marketing,2024-09-04,Não Convertido,,0.0,Agressivo,Antarctica (the territory South of 60 deg S)
150805,TikTok,2024-09-02,Não Convertido,,0.0,Moderado,Holy See (Vatican City State)
150806,Google Ads,2024-09-06,Não Convertido,,0.0,Conservador,Turkey
150807,Orgânico,2024-09-04,Não Convertido,,0.0,Agressivo,Czech Republic
150808,Orgânico,2024-09-07,Não Convertido,,0.0,Moderado,Lesotho
150809,TikTok,2024-09-04,Não Convertido,,0.0,Moderado,Nigeria
150810,WhatsApp,2024-09-04,Não Convertido,,0.0,Conservador,Turkmenistan
150811,WhatsApp,2024-09-06,Não Convertido,,0.0,Conservador,Azerbaijan
150812,Google Ads,2024-09-02,Não Convertido,,0.0,Conservador,United States Virgin Islands
150813,TikTok,2024-09-06,Não Convertido,,0.0,Conservador,Gibraltar
150814,Facebook,2024-09-07,Não Convertido,,0.0,Conservador,Turkmenistan
150815,YouTube Ads,2024-09-06,Não Convertido,,0.0,Conservador,Netherlands Antilles
150816,YouTube Ads,2024-09-02,Não Convertido,,0.0,Conservador,Colombia
150817,Instagram,2024-09-05,Não Convertido,,0.0,Moderado,Cyprus
150818,YouTube Ads,2024-09-04,Não Convertido,,0.0,Agressivo,Kenya
150819,TikTok,2024-09-03,Não Convertido,,0.0,Conservador,San Marino
150820,Instagram,2024-09-06,Não Convertido,,0.0,Agressivo,Portugal
150821,TikTok,2024-09-07,Não Convertido,,0.0,Agressivo,Lebanon
150822,Orgânico,2024-09-02,Não Convertido,,0.0,Moderado,Czech Republic
150823,Orgânico,2024-09-04,Não Convertido,,0.0,Desconhecido,Philippines
150824,Facebook,2024-09-04,Não Convertido,,0.0,Desconhecido,Australia
150825,Instagram,2024-09-07,Não Convertido,,0.0,Agressivo,Croatia
150826,Orgânico,2024-09-03,Não Convertido,,0.0,Moderado,Belgium
150827,Instagram,2024-09-05,Não Convertido,,0.0,Agressivo,Turkey
150828,Google Ads,2024-09-07,Não Convertido,,0.0,Moderado,Liechtenstein
150829,Indicação,2024-09-04,Não Convertido,,0.0,Desconhecido,Philippines
150830,WhatsApp,2024-09-02,Não Convertido,,0.0,Desconhecido,Burkina Faso
150831,Instagram,2024-09-06,Não Convertido,,0.0,Moderado,French Polynesia
150832,Indicação,2024-09-02,Não Convertido,,0.0,Moderado,Western Sahara
150833,Instagram,2024-09-07,Não Convertido,,0.0,Desconhecido,Vanuatu
150834,E-mail Marketing,2024-09-04,Não Convertido,,0.0,Moderado,Mayotte
150835,E-mail Marketing,2024-09-05,Convertido,21.0,1331.87,Conservador,Djibouti
150836,Instagram,2024-09-06,Não Convertido,,0.0,Agressivo,Kyrgyz Republic
150837,Google Ads,2024-09-02,Não Convertido,,0.0,Desconhecido,Mayotte
150838,TikTok,2024-09-07,Não Convertido,,0.0,Moderado,Equatorial Guinea
150839,Orgânico,2024-09-03,Não Convertido,,0.0,Conservador,Jersey
150840,Google Ads,2024-09-07,Não Convertido,,0.0,Desconhecido,Cyprus
150841,Instagram,2024-09-06,Não Convertido,,0.0,Agressivo,Jersey
150842,Orgânico,2024-09-02,Não Convertido,,0.0,Moderado,Mongolia
150843,TikTok,2024-09-04,Não Convertido,,0.0,Agressivo,Vanuatu
150844,Instagram,2024-09-04,Não Convertido,,0.0,Agressivo,Tokelau
150845,WhatsApp,2024-09-04,Não Convertido,,0.0,Moderado,Mauritania
150846,Orgânico,2024-09-02,Não Convertido,,0.0,Conservador,Palestinian Territory
150847,E-mail Marketing,2024-09-05,Não Convertido,,0.0,Moderado,Peru
150848,Orgânico,2024-09-04,Não Convertido,,0.0,Moderado,Ghana
150849,WhatsApp,2024-09-04,Não Convertido,,0.0,Desconhecido,Liberia
150850,TikTok,2024-09-02,Não Convertido,,0.0,Moderado,China
150851,WhatsApp,2024-09-06,Não Convertido,,0.0,Conservador,Morocco
150852,Orgânico,2024-09-05,Não Convertido,,0.0,Desconhecido,Saudi Arabia
150853,E-mail Marketing,2024-09-06,Não Convertido,,0.0,Conservador,Paraguay
150854,Facebook,2024-09-07,Não Convertido,,0.0,Moderado,United Kingdom
150855,Facebook,2024-09-06,Não Convertido,,0.0,Agressivo,Tonga
150856,WhatsApp,2024-09-05,Não Convertido,,0.0,Agressivo,Gambia
150857,Google Ads,2024-09-06,Não Convertido,,0.0,Moderado,Equatorial Guinea
150858,Facebook,2024-09-07,Não Convertido,,0.0,Moderado,Singapore
150859,TikTok,2024-09-02,Não Convertido,,0.0,Conservador,Guadeloupe
150860,Orgânico,2024-09-04,Não Convertido,,0.0,Moderado,Argentina
150861,Facebook,2024-09-04,Não Convertido,,0.0,Moderado,Bosnia and Herzegovina
150862,Facebook,2024-09-03,Convertido,28.0,4305.95,Conservador,Bolivia
150863,TikTok,2024-09-05,Não Convertido,,0.0,Conservador,Montenegro
150864,TikTok,2024-09-05,Não Convertido,,0.0,Agressivo,Czech Republic
150865,Facebook,2024-09-02,Não Convertido,,0.0,Moderado,Algeria
150866,Orgânico,2024-09-02,Não Convertido,,0.0,Moderado,Tonga
150867,Orgânico,2024-09-03,Não Convertido,,0.0,Agressivo,Greece
150868,Instagram,2024-09-03,Não Convertido,,0.0,Moderado,Italy
150869,Google Ads,2024-09-05,Não Convertido,,0.0,Agressivo,Bulgaria
150870,YouTube Ads,2024-09-04,Não Convertido,,0.0,Agressivo,Lesotho
150871,YouTube Ads,2024-09-03,Não Convertido,,0.0,Agressivo,Albania
150872,Google Ads,2024-09-05,Não Convertido,,0.0,Moderado,Netherlands Antilles
150873,Indicação,2024-09-06,Não Convertido,,0.0,Agressivo,Puerto Rico
150874,WhatsApp,2024-09-07,Não Convertido,,0.0,Moderado,Greece
150875,Orgânico,2024-09-02,Não Convertido,,0.0,Agressivo,Fiji
150876,E-mail Marketing,2024-09-05,Não Convertido,,0.0,Moderado,Palau
150877,YouTube Ads,2024-09-07,Não Convertido,,0.0,Agressivo,Burkina Faso
150878,TikTok,2024-09-06,Não Convertido,,0.0,Conservador,Saudi Arabia
150879,TikTok,2024-09-04,Não Convertido,,0.0,Conservador,Korea
150880,Google Ads,2024-09-06,Não Convertido,,0.0,Moderado,Liberia
150881,Instagram,2024-09-03,Não Convertido,,0.0,Agressivo,Saint Vincent and the Grenadines
150882,Orgânico,2024-09-02,Convertido,4.0,2993.14,Desconhecido,Micronesia
150883,E-mail Marketing,2024-09-06,Não Convertido,,0.0,Agressivo,Vanuatu
150884,Instagram,2024-09-02,Não Convertido,,0.0,Moderado,Estonia
150885,Instagram,2024-09-06,Não Convertido,,0.0,Moderado,Saint Pierre and Miquelon
150886,TikTok,2024-09-07,Não Convertido,,0.0,Desconhecido,Uganda
150887,Orgânico,2024-09-02,Não Convertido,,0.0,Moderado,Gibraltar
150888,E-mail Marketing,2024-09-02,Não Convertido,,0.0,Moderado,Macao
150889,Google Ads,2024-09-07,Não Convertido,,0.0,Agressivo,Monaco
150890,Orgânico,2024-09-07,Não Convertido,,0.0,Agressivo,Cameroon
150891,Instagram,2024-09-03,Não Convertido,,0.0,Moderado,Cuba
150892,WhatsApp,2024-09-05,Não Convertido,,0.0,Agressivo,Argentina
150893,Orgânico,2024-09-03,Não Convertido,,0.0,Moderado,Namibia
150894,E-mail Marketing,2024-09-03,Não Convertido,,0.0,Desconhecido,Bolivia
150895,Google Ads,2024-09-05,Convertido,16.0,1097.36,Moderado,Spain
150896,TikTok,2024-09-04,Não Convertido,,0.0,Conservador,Martinique
150897,TikTok,2024-09-02,Não Convertido,,0.0,Agressivo,Saudi Arabia
150898,YouTube Ads,2024-09-02,Não Convertido,,0.0,Moderado,Saint Vincent and the Grenadines
150899,Facebook,2024-09-05,Não Convertido,,0.0,Moderado,Jersey
150900,Instagram,2024-09-06,Não Convertido,,0.0,Moderado,Brazil
150901,TikTok,2024-09-04,Não Convertido,,0.0,Moderado,Ghana
150902,Instagram,2024-09-06,Não Convertido,,0.0,Conservador,Austria
150903,Orgânico,2024-09-07,Não Convertido,,0.0,Moderado,Ecuador
150904,E-mail Marketing,2024-09-03,Não Convertido,,0.0,Agressivo,Zimbabwe
150905,Orgânico,2024-09-04,Não Convertido,,0.0,Agressivo,Guinea-Bissau
150906,Orgânico,2024-09-07,Não Convertido,,0.0,Desconhecido,Niue
150907,Facebook,2024-09-05,Não Convertido,,0.0,Desconhecido,Solomon Islands
150908,Google Ads,2024-09-07,Não Convertido,,0.0,Moderado,Egypt
150909,Instagram,2024-09-05,Não Convertido,,0.0,Moderado,Monaco
150910,Facebook,2024-09-07,Não Convertido,,0.0,Moderado,American Samoa
150911,TikTok,2024-09-04,Não Convertido,,0.0,Moderado,Kazakhstan
150912,YouTube Ads,2024-09-07,Não Convertido,,0.0,Desconhecido,Syrian Arab Republic
150913,Instagram,2024-09-03,Não Convertido,,0.0,Agressivo,Cocos (Keeling) Islands
150914,E-mail Marketing,2024-09-07,Não Convertido,,0.0,Agressivo,Cote d'Ivoire
150915,Orgânico,2024-09-07,Não Convertido,,0.0,Moderado,North Macedonia
150916,Orgânico,2024-09-07,Não Convertido,,0.0,Conservador,Equatorial Guinea
150917,Instagram,2024-09-03,Não Convertido,,0.0,Conservador,Slovakia (Slovak Republic)
150918,TikTok,2024-09-05,Não Convertido,,0.0,Desconhecido,Northern Mariana Islands
150919,TikTok,2024-09-04,Não Convertido,,0.0,Moderado,Niger
150920,Google Ads,2024-09-06,Não Convertido,,0.0,Desconhecido,Portugal
150921,Instagram,2024-09-07,Não Convertido,,0.0,Agressivo,Angola
150922,WhatsApp,2024-09-04,Não Convertido,,0.0,Agressivo,Suriname
150923,Orgânico,2024-09-06,Não Convertido,,0.0,Conservador,Japan
150924,Facebook,2024-09-02,Convertido,19.0,4712.95,Conservador,Saint Vincent and the Grenadines
150925,Google Ads,2024-09-04,Não Convertido,,0.0,Agressivo,Serbia
150926,WhatsApp,2024-09-02,Não Convertido,,0.0,Agressivo,Mozambique
150927,WhatsApp,2024-09-07,Não Convertido,,0.0,Desconhecido,Cape Verde
150928,Google Ads,2024-09-06,Não Convertido,,0.0,Desconhecido,Guernsey
150929,WhatsApp,2024-09-06,Não Convertido,,0.0,Conservador,Andorra
150930,Instagram,2024-09-02,Não Convertido,,0.0,Agressivo,Iran
150931,YouTube Ads,2024-09-05,Convertido,19.0,2188.99,Agressivo,Haiti
150932,WhatsApp,2024-09-05,Não Convertido,,0.0,Moderado,Singapore
150933,Orgânico,2024-09-03,Convertido,28.0,1516.13,Agressivo,Jordan
150934,Orgânico,2024-09-02,Não Convertido,,0.0,Desconhecido,Denmark
150935,Facebook,2024-09-06,Não Convertido,,0.0,Desconhecido,Trinidad and Tobago
150936,Facebook,2024-09-07,Não Convertido,,0.0,Agressivo,Myanmar
150937,Orgânico,2024-09-02,Não Convertido,,0.0,Conservador,Czech Republic
150938,TikTok,2024-09-04,Não Convertido,,0.0,Agressivo,Brunei Darussalam
150939,E-mail Marketing,2024-09-05,Não Convertido,,0.0,Conservador,Nicaragua
150940,YouTube Ads,2024-09-02,Não Convertido,,0.0,Moderado,Chad
150941,Facebook,2024-09-04,Não Convertido,,0.0,Moderado,Norfolk Island
150942,Google Ads,2024-09-07,Não Convertido,,0.0,Desconhecido,Pitcairn Islands
150943,Instagram,2024-09-07,Convertido,21.0,337.41,Desconhecido,Monaco
150944,Instagram,2024-09-04,Não Convertido,,0.0,Moderado,Egypt
150945,Google Ads,2024-09-05,Não Convertido,,0.0,Conservador,Syrian Arab Republic
150946,WhatsApp,2024-09-04,Não Convertido,,0.0,Moderado,Nicaragua
150947,TikTok,2024-09-06,Não Convertido,,0.0,Agressivo,Romania
150948,Instagram,2024-09-04,Não Convertido,,0.0,Moderado,Maldives
150949,Facebook,2024-09-07,Não Convertido,,0.0,Moderado,Rwanda
150950,Google Ads,2024-09-05,Não Convertido,,0.0,Agressivo,Libyan Arab Jamahiriya
150951,Instagram,2024-09-05,Não Convertido,,0.0,Conservador,Jordan
150952,E-mail Marketing,2024-09-04,Não Convertido,,0.0,Moderado,Slovenia
150953,Orgânico,2024-09-04,Não Convertido,,0.0,Agressivo,Mauritania
150954,Facebook,2024-09-06,Não Convertido,,0.0,Agressivo,Uruguay
150955,TikTok,2024-09-03,Não Convertido,,0.0,Agressivo,Bosnia and Herzegovina
150956,Google Ads,2024-09-02,Não Convertido,,0.0,Agressivo,Tokelau
150957,Instagram,2024-09-05,Convertido,8.0,8266.76,Agressivo,Korea
150958,TikTok,2024-09-02,Não Convertido,,0.0,Agressivo,Cuba
150959,Orgânico,2024-09-04,Não Convertido,,0.0,Moderado,United States Minor Outlying Islands
150960,Instagram,2024-09-03,Não Convertido,,0.0,Moderado,Reunion
150961,Indicação,2024-09-03,Não Convertido,,0.0,Moderado,Portugal
150962,TikTok,2024-09-06,Não Convertido,,0.0,Agressivo,United States Minor Outlying Islands
150963,E-mail Marketing,2024-09-03,Não Convertido,,0.0,Desconhecido,Portugal
150964,Indicação,2024-09-06,Não Convertido,,0.0,Agressivo,Oman
150965,Facebook,2024-09-06,Não Convertido,,0.0,Agressivo,Mali
150966,E-mail Marketing,2024-09-07,Não Convertido,,0.0,Agressivo,Cayman Islands
150967,Orgânico,2024-09-04,Não Convertido,,0.0,Moderado,United Kingdom
150968,WhatsApp,2024-09-05,Não Convertido,,0.0,Moderado,Rwanda
150969,Google Ads,2024-09-04,Não Convertido,,0.0,Conservador,Benin
150970,Instagram,2024-09-05,Não Convertido,,0.0,Moderado,Russian Federation
150971,YouTube Ads,2024-09-03,Não Convertido,,0.0,Agressivo,Cook Islands
150972,Orgânico,2024-09-05,Não Convertido,,0.0,Moderado,China
150973,WhatsApp,2024-09-06,Não Convertido,,0.0,Agressivo,Dominica
150974,TikTok,2024-09-06,Não Convertido,,0.0,Conservador,Spain
150975,Instagram,2024-09-03,Não Convertido,,0.0,Moderado,American Samoa
150976,Orgânico,2024-09-07,Não Convertido,,0.0,Agressivo,Comoros
150977,TikTok,2024-09-07,Não Convertido,,0.0,Agressivo,Andorra
150978,Orgânico,2024-09-07,Não Convertido,,0.0,Agressivo,Puerto Rico
150979,Instagram,2024-09-07,Não Convertido,,0.0,Agressivo,Austria
150980,Instagram,2024-09-02,Não Convertido,,0.0,Conservador,Japan
150981,Facebook,2024-09-03,Não Convertido,,0.0,Agressivo,Lao People's Democratic Republic
150982,WhatsApp,2024-09-02,Não Convertido,,0.0,Moderado,Nigeria
150983,Facebook,2024-09-05,Não Convertido,,0.0,Agressivo,Norway
150984,Instagram,2024-09-04,Não Convertido,,0.0,Moderado,Vietnam
150985,TikTok,2024-09-03,Não Convertido,,0.0,Conservador,Somalia
150986,Google Ads,2024-09-07,Não Convertido,,0.0,Agressivo,Wallis and Futuna
150987,Instagram,2024-09-05,Não Convertido,,0.0,Agressivo,Ecuador
150988,E-mail Marketing,2024-09-04,Não Convertido,,0.0,Moderado,Guyana
150989,E-mail Marketing,2024-09-05,Não Convertido,,0.0,Agressivo,Antigua and Barbuda
150990,YouTube Ads,2024-09-04,Não Convertido,,0.0,Conservador,Mali
150991,Orgânico,2024-09-06,Não Convertido,,0.0,Conservador,Burkina Faso
150992,E-mail Marketing,2024-09-05,Convertido,10.0,569.57,Moderado,Puerto Rico
150993,Instagram,2024-09-06,Não Convertido,,0.0,Agressivo,Suriname
150994,Indicação,2024-09-04,Não Convertido,,0.0,Moderado,Congo
150995,E-mail Marketing,2024-09-02,Não Convertido,,0.0,Conservador,Georgia
150996,Google Ads,2024-09-07,Não Convertido,,0.0,Conservador,Pakistan
150997,Orgânico,2024-09-03,Não Convertido,,0.0,Moderado,Latvia
150998,Google Ads,2024-09-02,Não Convertido,,0.0,Desconhecido,Venezuela
150999,Orgânico,2024-09-06,Não Convertido,,0.0,Agressivo,French Southern Territories
151000,Google Ads,2024-09-03,Não Convertido,,0.0,Agressivo,Vanuatu
151001,Orgânico,2024-09-04,Não Convertido,,0.0,Agressivo,Tokelau
151002,Instagram,2024-09-06,Não Convertido,,0.0,Conservador,India
151003,E-mail Marketing,2024-09-06,Não Convertido,,0.0,Agressivo,Kiribati
151004,Facebook,2024-09-02,Não Convertido,,0.0,Moderado,Gibraltar
151005,Instagram,2024-09-02,Não Convertido,,0.0,Desconhecido,Christmas Island
151006,TikTok,2024-09-05,Convertido,24.0,8536.67,Moderado,Jamaica
151007,Indicação,2024-09-05,Não Convertido,,0.0,Desconhecido,Croatia
151008,Facebook,2024-09-03,Não Convertido,,0.0,Moderado,United States Virgin Islands
151009,Google Ads,2024-09-06,Não Convertido,,0.0,Conservador,Papua New Guinea
151010,Orgânico,2024-09-04,Não Convertido,,0.0,Desconhecido,Comoros
151011,Google Ads,2024-09-07,Não Convertido,,0.0,Agressivo,Niger
151012,Orgânico,2024-09-06,Não Convertido,,0.0,Moderado,Mauritius
151013,WhatsApp,2024-09-07,Não Convertido,,0.0,Moderado,Australia
151014,TikTok,2024-09-05,Não Convertido,,0.0,Moderado,Saint Lucia
151015,Indicação,2024-09-07,Não Convertido,,0.0,Agressivo,Moldova
151016,YouTube Ads,2024-09-07,Não Convertido,,0.0,Moderado,Serbia
151017,E-mail Marketing,2024-09-07,Não Convertido,,0.0,Moderado,Greece
151018,Instagram,2024-09-05,Não Convertido,,0.0,Moderado,Japan
151019,TikTok,2024-09-05,Não Convertido,,0.0,Moderado,Chad
151020,Instagram,2024-09-05,Não Convertido,,0.0,Moderado,Holy See (Vatican City State)
151021,E-mail Marketing,2024-09-03,Não Convertido,,0.0,Moderado,Czech Republic
151022,WhatsApp,2024-09-05,Não Convertido,,0.0,Moderado,Faroe Islands
151023,E-mail Marketing,2024-09-04,Não Convertido,,0.0,Agressivo,Peru
151024,Instagram,2024-09-03,Não Convertido,,0.0,Moderado,India
151025,E-mail Marketing,2024-09-03,Não Convertido,,0.0,Moderado,Canada
151026,E-mail Marketing,2024-09-02,Não Convertido,,0.0,Desconhecido,Turks and Caicos Islands
151027,Instagram,2024-09-07,Não Convertido,,0.0,Desconhecido,Senegal
151028,E-mail Marketing,2024-09-03,Não Convertido,,0.0,Moderado,Congo
151029,Google Ads,2024-09-05,Não Convertido,,0.0,Agressivo,British Indian Ocean Territory (Chagos Archipelago)
151030,Instagram,2024-09-02,Não Convertido,,0.0,Moderado,Azerbaijan
151031,TikTok,2024-09-03,Não Convertido,,0.0,Desconhecido,Marshall Islands
151032,Instagram,2024-09-05,Não Convertido,,0.0,Moderado,Guinea
151033,E-mail Marketing,2024-09-07,Não Convertido,,0.0,Agressivo,Cocos (Keeling) Islands
151034,Google Ads,2024-09-07,Não Convertido,,0.0,Conservador,New Zealand
151035,Orgânico,2024-09-06,Não Convertido,,0.0,Conservador,American Samoa
151036,YouTube Ads,2024-09-04,Não Convertido,,0.0,Agressivo,United States of America
151037,Instagram,2024-09-03,Não Convertido,,0.0,Moderado,Nicaragua
151038,E-mail Marketing,2024-09-06,Não Convertido,,0.0,Moderado,Haiti
151039,Orgânico,2024-09-04,Não Convertido,,0.0,Desconhecido,Marshall Islands
151040,TikTok,2024-09-03,Não Convertido,,0.0,Moderado,Finland
151041,E-mail Marketing,2024-09-03,Não Convertido,,0.0,Conservador,Honduras
151042,Google Ads,2024-09-07,Não Convertido,,0.0,Agressivo,Bhutan
151043,E-mail Marketing,2024-09-05,Não Convertido,,0.0,Moderado,Heard Island and McDonald Islands
151044,YouTube Ads,2024-09-03,Não Convertido,,0.0,Conservador,San Marino
151045,Google Ads,2024-09-03,Não Convertido,,0.0,Desconhecido,Haiti
151046,WhatsApp,2024-09-02,Não Convertido,,0.0,Moderado,United Arab Emirates
151047,E-mail Marketing,2024-09-07,Não Convertido,,0.0,Moderado,Finland
151048,WhatsApp,2024-09-02,Não Convertido,,0.0,Moderado,Moldova
151049,Google Ads,2024-09-04,Convertido,27.0,353.26,Agressivo,Guernsey
151050,YouTube Ads,2024-09-07,Não Convertido,,0.0,Conservador,Antarctica (the territory South of 60 deg S)
151051,Facebook,2024-09-06,Não Convertido,,0.0,Agressivo,Papua New Guinea
151052,Orgânico,2024-09-04,Não Convertido,,0.0,Moderado,Serbia
151053,Facebook,2024-09-03,Não Convertido,,0.0,Agressivo,Iceland
151054,YouTube Ads,2024-09-03,Convertido,8.0,115.29,Agressivo,Bahamas
151055,Indicação,2024-09-05,Não Convertido,,0.0,Moderado,Czech Republic
151056,Google Ads,2024-09-03,Não Convertido,,0.0,Moderado,Bhutan
151057,Orgânico,2024-09-03,Não Convertido,,0.0,Conservador,Jersey
151058,Orgânico,2024-09-02,Convertido,29.0,2900.2,Agressivo,Fiji
151059,Instagram,2024-09-07,Não Convertido,,0.0,Agressivo,Bouvet Island (Bouvetoya)
151060,Google Ads,2024-09-02,Não Convertido,,0.0,Agressivo,Slovenia
151061,Orgânico,2024-09-04,Não Convertido,,0.0,Moderado,Peru
151062,TikTok,2024-09-07,Não Convertido,,0.0,Moderado,Mauritania
151063,Google Ads,2024-09-03,Não Convertido,,0.0,Conservador,Gambia
151064,Instagram,2024-09-02,Não Convertido,,0.0,Moderado,Benin
151065,E-mail Marketing,2024-09-02,Não Convertido,,0.0,Agressivo,Nigeria
151066,Orgânico,2024-09-04,Não Convertido,,0.0,Moderado,Wallis and Futuna
151067,YouTube Ads,2024-09-06,Não Convertido,,0.0,Moderado,Ukraine
151068,TikTok,2024-09-05,Não Convertido,,0.0,Moderado,Andorra
151069,Google Ads,2024-09-04,Não Convertido,,0.0,Agressivo,Ecuador
151070,Google Ads,2024-09-02,Não Convertido,,0.0,Moderado,Madagascar
151071,Orgânico,2024-09-07,Não Convertido,,0.0,Agressivo,Korea
151072,Facebook,2024-09-05,Não Convertido,,0.0,Conservador,Netherlands
151073,Indicação,2024-09-04,Não Convertido,,0.0,Agressivo,Sri Lanka
151074,Instagram,2024-09-02,Não Convertido,,0.0,Agressivo,Pakistan
151075,Facebook,2024-09-02,Não Convertido,,0.0,Moderado,North Macedonia
151076,Orgânico,2024-09-04,Não Convertido,,0.0,Moderado,North Macedonia
151077,Instagram,2024-09-05,Não Convertido,,0.0,Moderado,French Southern Territories
151078,E-mail Marketing,2024-09-07,Não Convertido,,0.0,Agressivo,Eritrea
151079,WhatsApp,2024-09-07,Não Convertido,,0.0,Agressivo,Ghana
151080,Orgânico,2024-09-04,Não Convertido,,0.0,Moderado,Uganda
151081,Orgânico,2024-09-04,Não Convertido,,0.0,Moderado,Congo
151082,Orgânico,2024-09-03,Não Convertido,,0.0,Moderado,Pakistan
151083,YouTube Ads,2024-09-03,Não Convertido,,0.0,Agressivo,Sri Lanka
151084,Facebook,2024-09-04,Não Convertido,,0.0,Desconhecido,Taiwan
151085,Instagram,2024-09-04,Não Convertido,,0.0,Moderado,Antarctica (the territory South of 60 deg S)
151086,Facebook,2024-09-05,Não Convertido,,0.0,Conservador,Bahamas
151087,TikTok,2024-09-04,Não Convertido,,0.0,Desconhecido,Reunion
151088,E-mail Marketing,2024-09-06,Não Convertido,,0.0,Agressivo,Azerbaijan
151089,Instagram,2024-09-06,Convertido,13.0,4252.61,Conservador,Tokelau
151090,Google Ads,2024-09-07,Não Convertido,,0.0,Conservador,Russian Federation
151091,Google Ads,2024-09-07,Não Convertido,,0.0,Moderado,Honduras
151092,WhatsApp,2024-09-05,Não Convertido,,0.0,Moderado,Anguilla
151093,Orgânico,2024-09-05,Não Convertido,,0.0,Desconhecido,Bosnia and Herzegovina
151094,E-mail Marketing,2024-09-05,Não Convertido,,0.0,Desconhecido,France
151095,YouTube Ads,2024-09-05,Não Convertido,,0.0,Conservador,Saint Vincent and the Grenadines
151096,TikTok,2024-09-02,Não Convertido,,0.0,Conservador,United States Minor Outlying Islands
151097,Facebook,2024-09-04,Não Convertido,,0.0,Moderado,Bosnia and Herzegovina
151098,Orgânico,2024-09-04,Não Convertido,,0.0,Conservador,Antarctica (the territory South of 60 deg S)
151099,Google Ads,2024-09-02,Não Convertido,,0.0,Conservador,Western Sahara
151100,Orgânico,2024-09-02,Não Convertido,,0.0,Moderado,Aruba
151101,Google Ads,2024-09-02,Não Convertido,,0.0,Conservador,Hong Kong
151102,Google Ads,2024-09-04,Não Convertido,,0.0,Conservador,Angola
151103,TikTok,2024-09-02,Não Convertido,,0.0,Agressivo,Malawi
151104,Instagram,2024-09-03,Não Convertido,,0.0,Agressivo,Singapore
151105,Orgânico,2024-09-02,Convertido,9.0,5721.75,Conservador,Kuwait
151106,TikTok,2024-09-06,Não Convertido,,0.0,Moderado,Western Sahara
151107,Instagram,2024-09-07,Não Convertido,,0.0,Moderado,United States Virgin Islands
151108,WhatsApp,2024-09-02,Convertido,18.0,8147.34,Agressivo,Libyan Arab Jamahiriya
151109,Indicação,2024-09-02,Não Convertido,,0.0,Conservador,Russian Federation
151110,Instagram,2024-09-07,Não Convertido,,0.0,Moderado,Norfolk Island
151111,TikTok,2024-09-05,Não Convertido,,0.0,Moderado,New Zealand
151112,Instagram,2024-09-03,Não Convertido,,0.0,Moderado,Saint Kitts and Nevis
151113,E-mail Marketing,2024-09-03,Não Convertido,,0.0,Agressivo,Ukraine
151114,E-mail Marketing,2024-09-05,Não Convertido,,0.0,Conservador,New Caledonia
151115,Facebook,2024-09-02,Não Convertido,,0.0,Moderado,Libyan Arab Jamahiriya
151116,E-mail Marketing,2024-09-06,Não Convertido,,0.0,Agressivo,Norway
151117,Orgânico,2024-09-02,Não Convertido,,0.0,Moderado,New Zealand
151118,E-mail Marketing,2024-09-02,Não Convertido,,0.0,Conservador,Bulgaria
151119,E-mail Marketing,2024-09-07,Não Convertido,,0.0,Conservador,Bahrain
151120,TikTok,2024-09-07,Não Convertido,,0.0,Moderado,Equatorial Guinea
151121,E-mail Marketing,2024-09-04,Não Convertido,,0.0,Moderado,Canada
151122,Google Ads,2024-09-05,Não Convertido,,0.0,Agressivo,Italy
151123,TikTok,2024-09-04,Não Convertido,,0.0,Moderado,Ghana
151124,Instagram,2024-09-05,Não Convertido,,0.0,Moderado,Bangladesh
151125,Instagram,2024-09-02,Não Convertido,,0.0,Conservador,Dominican Republic
151126,Facebook,2024-09-03,Não Convertido,,0.0,Agressivo,Honduras
151127,Orgânico,2024-09-07,Não Convertido,,0.0,Moderado,Afghanistan
151128,Instagram,2024-09-02,Não Convertido,,0.0,Moderado,Sao Tome and Principe
151129,Instagram,2024-09-05,Não Convertido,,0.0,Moderado,British Virgin Islands
151130,Instagram,2024-09-06,Não Convertido,,0.0,Moderado,Colombia
151131,Indicação,2024-09-05,Não Convertido,,0.0,Moderado,Jamaica
151132,Indicação,2024-09-02,Não Convertido,,0.0,Moderado,Liechtenstein
151133,Facebook,2024-09-04,Não Convertido,,0.0,Conservador,Grenada
151134,YouTube Ads,2024-09-06,Não Convertido,,0.0,Agressivo,Austria
151135,Orgânico,2024-09-03,Não Convertido,,0.0,Conservador,Saint Lucia
151136,Facebook,2024-09-02,Não Convertido,,0.0,Desconhecido,Korea
151137,WhatsApp,2024-09-06,Não Convertido,,0.0,Conservador,Belize
151138,E-mail Marketing,2024-09-05,Não Convertido,,0.0,Desconhecido,United States of America
151139,YouTube Ads,2024-09-04,Não Convertido,,0.0,Moderado,Belgium
151140,TikTok,2024-09-05,Não Convertido,,0.0,Desconhecido,Bermuda
151141,Instagram,2024-09-03,Não Convertido,,0.0,Moderado,Switzerland
151142,Orgânico,2024-09-02,Não Convertido,,0.0,Moderado,Lao People's Democratic Republic
151143,Google Ads,2024-09-02,Não Convertido,,0.0,Moderado,Mexico
151144,TikTok,2024-09-07,Não Convertido,,0.0,Moderado,Saint Martin
151145,TikTok,2024-09-07,Convertido,0.0,3907.12,Agressivo,Bolivia
151146,Instagram,2024-09-03,Não Convertido,,0.0,Conservador,Jersey
151147,Facebook,2024-09-03,Convertido,5.0,2689.35,Moderado,India
151148,WhatsApp,2024-09-04,Não Convertido,,0.0,Agressivo,Svalbard & Jan Mayen Islands
151149,Instagram,2024-09-02,Não Convertido,,0.0,Desconhecido,Bolivia
151150,Facebook,2024-09-05,Não Convertido,,0.0,Agressivo,British Virgin Islands
151151,Indicação,2024-09-07,Não Convertido,,0.0,Conservador,Finland
151152,TikTok,2024-09-04,Não Convertido,,0.0,Moderado,Timor-Leste
151153,E-mail Marketing,2024-09-02,Não Convertido,,0.0,Conservador,Hong Kong
151154,Instagram,2024-09-05,Não Convertido,,0.0,Desconhecido,Guinea-Bissau
151155,WhatsApp,2024-09-05,Convertido,28.0,8885.75,Moderado,Northern Mariana Islands
151156,Orgânico,2024-09-06,Não Convertido,,0.0,Agressivo,Tunisia
151157,E-mail Marketing,2024-09-03,Não Convertido,,0.0,Moderado,San Marino
151158,Orgânico,2024-09-06,Não Convertido,,0.0,Moderado,Montserrat
151159,Orgânico,2024-09-04,Não Convertido,,0.0,Conservador,United States of America
151160,E-mail Marketing,2024-09-06,Não Convertido,,0.0,Conservador,Yemen
151161,YouTube Ads,2024-09-04,Não Convertido,,0.0,Moderado,Wallis and Futuna
151162,WhatsApp,2024-09-06,Não Convertido,,0.0,Moderado,Turkmenistan
151163,YouTube Ads,2024-09-03,Não Convertido,,0.0,Agressivo,Gambia
151164,Orgânico,2024-09-03,Não Convertido,,0.0,Agressivo,American Samoa
151165,Instagram,2024-09-02,Não Convertido,,0.0,Moderado,Austria
151166,Facebook,2024-09-05,Não Convertido,,0.0,Agressivo,Hong Kong
151167,Indicação,2024-09-03,Não Convertido,,0.0,Moderado,Uzbekistan
151168,Orgânico,2024-09-05,Não Convertido,,0.0,Agressivo,Portugal
151169,Google Ads,2024-09-05,Não Convertido,,0.0,Moderado,Pakistan
151170,YouTube Ads,2024-09-02,Não Convertido,,0.0,Desconhecido,Isle of Man
151171,Google Ads,2024-09-02,Não Convertido,,0.0,Moderado,Heard Island and McDonald Islands
151172,Instagram,2024-09-03,Não Convertido,,0.0,Moderado,Venezuela
151173,TikTok,2024-09-06,Não Convertido,,0.0,Moderado,Mauritius
151174,E-mail Marketing,2024-09-02,Não Convertido,,0.0,Agressivo,Kazakhstan
151175,YouTube Ads,2024-09-04,Não Convertido,,0.0,Conservador,Palau
151176,WhatsApp,2024-09-06,Não Convertido,,0.0,Agressivo,Cambodia
151177,Google Ads,2024-09-04,Não Convertido,,0.0,Agressivo,Myanmar
151178,TikTok,2024-09-04,Não Convertido,,0.0,Moderado,Tunisia
151179,YouTube Ads,2024-09-02,Não Convertido,,0.0,Moderado,Bosnia and Herzegovina
151180,Google Ads,2024-09-05,Não Convertido,,0.0,Desconhecido,Saint Pierre and Miquelon
151181,TikTok,2024-09-02,Não Convertido,,0.0,Moderado,Netherlands Antilles
151182,E-mail Marketing,2024-09-06,Não Convertido,,0.0,Moderado,Dominica
151183,E-mail Marketing,2024-09-05,Não Convertido,,0.0,Agressivo,Anguilla
151184,Instagram,2024-09-02,Não Convertido,,0.0,Agressivo,Guadeloupe
151185,Instagram,2024-09-04,Convertido,19.0,216.89,Desconhecido,Mayotte
151186,TikTok,2024-09-04,Não Convertido,,0.0,Agressivo,Micronesia
151187,YouTube Ads,2024-09-02,Não Convertido,,0.0,Agressivo,Peru
151188,Instagram,2024-09-04,Não Convertido,,0.0,Agressivo,Japan
151189,Indicação,2024-09-06,Não Convertido,,0.0,Moderado,Comoros
151190,Google Ads,2024-09-03,Não Convertido,,0.0,Moderado,Saint Helena
151191,Google Ads,2024-09-06,Não Convertido,,0.0,Moderado,Burundi
151192,Instagram,2024-09-05,Não Convertido,,0.0,Agressivo,Slovakia (Slovak Republic)
151193,Google Ads,2024-09-07,Não Convertido,,0.0,Agressivo,Uruguay
151194,Google Ads,2024-09-05,Não Convertido,,0.0,Moderado,Lithuania
151195,Indicação,2024-09-04,Não Convertido,,0.0,Moderado,Indonesia
151196,E-mail Marketing,2024-09-04,Não Convertido,,0.0,Moderado,Svalbard & Jan Mayen Islands
151197,Instagram,2024-09-05,Não Convertido,,0.0,Agressivo,Zambia
151198,TikTok,2024-09-02,Não Convertido,,0.0,Moderado,India
151199,E-mail Marketing,2024-09-04,Não Convertido,,0.0,Agressivo,United States Minor Outlying Islands
151200,WhatsApp,2024-09-07,Não Convertido,,0.0,Agressivo,Brazil
151201,TikTok,2024-09-05,Não Convertido,,0.0,Moderado,Mongolia
151202,WhatsApp,2024-09-03,Não Convertido,,0.0,Moderado,Cook Islands
151203,YouTube Ads,2024-09-06,Não Convertido,,0.0,Moderado,Bangladesh
151204,TikTok,2024-09-03,Não Convertido,,0.0,Moderado,Swaziland
151205,Orgânico,2024-09-04,Não Convertido,,0.0,Moderado,Malta
151206,Instagram,2024-09-06,Não Convertido,,0.0,Moderado,Ukraine
151207,Facebook,2024-09-07,Não Convertido,,0.0,Agressivo,Australia
151208,Orgânico,2024-09-02,Não Convertido,,0.0,Desconhecido,Switzerland
151209,Orgânico,2024-09-06,Não Convertido,,0.0,Conservador,Norway
151210,TikTok,2024-09-02,Não Convertido,,0.0,Conservador,Martinique
151211,Orgânico,2024-09-02,Convertido,6.0,1559.32,Conservador,British Virgin Islands
151212,TikTok,2024-09-05,Não Convertido,,0.0,Moderado,Holy See (Vatican City State)
151213,Facebook,2024-09-04,Não Convertido,,0.0,Conservador,Belize
151214,Instagram,2024-09-07,Não Convertido,,0.0,Agressivo,New Zealand
151215,Google Ads,2024-09-04,Não Convertido,,0.0,Moderado,Western Sahara
151216,WhatsApp,2024-09-06,Não Convertido,,0.0,Conservador,Qatar
151217,Orgânico,2024-09-05,Não Convertido,,0.0,Desconhecido,Isle of Man
151218,Google Ads,2024-09-03,Não Convertido,,0.0,Moderado,Greece
151219,Orgânico,2024-09-04,Não Convertido,,0.0,Moderado,Zambia
151220,Orgânico,2024-09-05,Não Convertido,,0.0,Conservador,Brazil
151221,WhatsApp,2024-09-02,Não Convertido,,0.0,Moderado,Pakistan
151222,Orgânico,2024-09-03,Não Convertido,,0.0,Conservador,Solomon Islands
151223,Facebook,2024-09-06,Convertido,18.0,6119.35,Agressivo,Guinea
151224,Orgânico,2024-09-02,Não Convertido,,0.0,Agressivo,French Guiana
151225,TikTok,2024-09-02,Convertido,10.0,8269.22,Moderado,Guinea-Bissau
151226,Indicação,2024-09-07,Não Convertido,,0.0,Conservador,Mauritius
151227,Orgânico,2024-09-07,Não Convertido,,0.0,Agressivo,Namibia
151228,Instagram,2024-09-04,Não Convertido,,0.0,Moderado,Anguilla
151229,WhatsApp,2024-09-05,Não Convertido,,0.0,Moderado,Costa Rica
151230,Facebook,2024-09-02,Não Convertido,,0.0,Agressivo,Micronesia
151231,Facebook,2024-09-04,Não Convertido,,0.0,Moderado,Libyan Arab Jamahiriya
151232,Instagram,2024-09-06,Não Convertido,,0.0,Conservador,Djibouti
151233,Instagram,2024-09-07,Não Convertido,,0.0,Conservador,Palau
151234,Instagram,2024-09-03,Não Convertido,,0.0,Conservador,Gambia
151235,Orgânico,2024-09-03,Não Convertido,,0.0,Conservador,French Guiana
151236,Google Ads,2024-09-07,Não Convertido,,0.0,Conservador,Tanzania
151237,E-mail Marketing,2024-09-06,Não Convertido,,0.0,Moderado,Comoros
151238,Instagram,2024-09-03,Não Convertido,,0.0,Moderado,Sweden
151239,Orgânico,2024-09-05,Não Convertido,,0.0,Moderado,Faroe Islands
151240,Orgânico,2024-09-06,Não Convertido,,0.0,Moderado,Netherlands Antilles
151241,Orgânico,2024-09-04,Convertido,26.0,9135.69,Desconhecido,Heard Island and McDonald Islands
151242,YouTube Ads,2024-09-04,Não Convertido,,0.0,Agressivo,Germany
151243,Orgânico,2024-09-02,Não Convertido,,0.0,Moderado,Estonia
151244,TikTok,2024-09-06,Não Convertido,,0.0,Conservador,New Caledonia
151245,TikTok,2024-09-07,Convertido,19.0,7852.78,Desconhecido,Anguilla
151246,E-mail Marketing,2024-09-06,Não Convertido,,0.0,Agressivo,United States of America
151247,YouTube Ads,2024-09-05,Não Convertido,,0.0,Agressivo,Yemen
151248,Facebook,2024-09-05,Não Convertido,,0.0,Agressivo,Isle of Man
151249,YouTube Ads,2024-09-06,Não Convertido,,0.0,Conservador,Cook Islands
151250,Instagram,2024-09-02,Não Convertido,,0.0,Agressivo,Kenya
151251,E-mail Marketing,2024-09-03,Não Convertido,,0.0,Conservador,French Guiana
151252,TikTok,2024-09-02,Não Convertido,,0.0,Moderado,Finland
151253,Orgânico,2024-09-03,Não Convertido,,0.0,Moderado,Burkina Faso
151254,E-mail Marketing,2024-09-07,Não Convertido,,0.0,Moderado,Bulgaria
151255,E-mail Marketing,2024-09-07,Não Convertido,,0.0,Moderado,Wallis and Futuna
151256,Facebook,2024-09-07,Não Convertido,,0.0,Moderado,Pitcairn Islands
151257,Orgânico,2024-09-05,Não Convertido,,0.0,Conservador,Mali
151258,E-mail Marketing,2024-09-04,Não Convertido,,0.0,Moderado,Cocos (Keeling) Islands
151259,Facebook,2024-09-02,Não Convertido,,0.0,Desconhecido,Tokelau
151260,Orgânico,2024-09-06,Não Convertido,,0.0,Agressivo,Micronesia
151261,Facebook,2024-09-02,Não Convertido,,0.0,Agressivo,Hungary
151262,YouTube Ads,2024-09-02,Não Convertido,,0.0,Agressivo,Dominican Republic
151263,WhatsApp,2024-09-03,Não Convertido,,0.0,Moderado,Sweden
151264,YouTube Ads,2024-09-02,Não Convertido,,0.0,Agressivo,Turkmenistan
151265,Instagram,2024-09-07,Não Convertido,,0.0,Moderado,Kyrgyz Republic
151266,TikTok,2024-09-02,Não Convertido,,0.0,Conservador,Brunei Darussalam
151267,Instagram,2024-09-02,Não Convertido,,0.0,Conservador,Yemen
151268,E-mail Marketing,2024-09-03,Não Convertido,,0.0,Agressivo,Palau
151269,E-mail Marketing,2024-09-04,Não Convertido,,0.0,Conservador,India
151270,TikTok,2024-09-04,Não Convertido,,0.0,Agressivo,Namibia
151271,WhatsApp,2024-09-04,Não Convertido,,0.0,Moderado,Antigua and Barbuda
151272,Indicação,2024-09-03,Não Convertido,,0.0,Moderado,Colombia
151273,Orgânico,2024-09-03,Não Convertido,,0.0,Conservador,Armenia
151274,Orgânico,2024-09-02,Não Convertido,,0.0,Agressivo,Armenia
151275,Orgânico,2024-09-05,Não Convertido,,0.0,Conservador,Mali
151276,Google Ads,2024-09-05,Não Convertido,,0.0,Conservador,Russian Federation
151277,Orgânico,2024-09-02,Não Convertido,,0.0,Agressivo,Spain
151278,Google Ads,2024-09-04,Não Convertido,,0.0,Moderado,British Virgin Islands
151279,Google Ads,2024-09-04,Não Convertido,,0.0,Conservador,Brunei Darussalam
151280,Google Ads,2024-09-05,Não Convertido,,0.0,Agressivo,Antigua and Barbuda
151281,WhatsApp,2024-09-06,Não Convertido,,0.0,Moderado,Saint Lucia
151282,Orgânico,2024-09-07,Não Convertido,,0.0,Conservador,Saint Lucia
151283,YouTube Ads,2024-09-06,Não Convertido,,0.0,Conservador,Slovakia (Slovak Republic)
151284,WhatsApp,2024-09-06,Não Convertido,,0.0,Agressivo,Madagascar
151285,E-mail Marketing,2024-09-03,Não Convertido,,0.0,Moderado,Guinea-Bissau
151286,Instagram,2024-09-03,Não Convertido,,0.0,Conservador,Monaco
151287,TikTok,2024-09-07,Não Convertido,,0.0,Moderado,Somalia
151288,Orgânico,2024-09-02,Não Convertido,,0.0,Agressivo,Solomon Islands
151289,Orgânico,2024-09-03,Não Convertido,,0.0,Conservador,Russian Federation
151290,E-mail Marketing,2024-09-02,Não Convertido,,0.0,Moderado,China
151291,E-mail Marketing,2024-09-02,Não Convertido,,0.0,Moderado,Tuvalu
151292,TikTok,2024-09-06,Não Convertido,,0.0,Agressivo,Equatorial Guinea
151293,TikTok,2024-09-05,Não Convertido,,0.0,Moderado,Wallis and Futuna
151294,Instagram,2024-09-05,Não Convertido,,0.0,Agressivo,Guatemala
151295,TikTok,2024-09-07,Não Convertido,,0.0,Moderado,Chile
151296,WhatsApp,2024-09-04,Não Convertido,,0.0,Moderado,Moldova
151297,Instagram,2024-09-05,Não Convertido,,0.0,Moderado,Ireland
151298,Instagram,2024-09-06,Não Convertido,,0.0,Agressivo,British Indian Ocean Territory (Chagos Archipelago)
151299,Orgânico,2024-09-06,Não Convertido,,0.0,Moderado,Belgium
151300,Google Ads,2024-09-06,Não Convertido,,0.0,Conservador,Lithuania
151301,TikTok,2024-09-07,Não Convertido,,0.0,Moderado,Somalia
151302,YouTube Ads,2024-09-02,Não Convertido,,0.0,Moderado,Palau
151303,Google Ads,2024-09-03,Não Convertido,,0.0,Agressivo,Lao People's Democratic Republic
151304,Google Ads,2024-09-04,Não Convertido,,0.0,Moderado,Ethiopia
151305,E-mail Marketing,2024-09-06,Não Convertido,,0.0,Desconhecido,Cocos (Keeling) Islands
151306,TikTok,2024-09-06,Não Convertido,,0.0,Desconhecido,Belgium
151307,Orgânico,2024-09-04,Não Convertido,,0.0,Conservador,Rwanda
151308,E-mail Marketing,2024-09-05,Não Convertido,,0.0,Agressivo,Tajikistan
151309,Instagram,2024-09-02,Não Convertido,,0.0,Moderado,Paraguay
151310,Orgânico,2024-09-03,Não Convertido,,0.0,Desconhecido,Italy
151311,WhatsApp,2024-09-05,Não Convertido,,0.0,Conservador,Togo
151312,TikTok,2024-09-06,Não Convertido,,0.0,Agressivo,Togo
151313,Orgânico,2024-09-03,Não Convertido,,0.0,Conservador,Estonia
151314,YouTube Ads,2024-09-05,Convertido,9.0,1685.12,Moderado,Gambia
151315,YouTube Ads,2024-09-03,Não Convertido,,0.0,Moderado,Latvia
151316,Orgânico,2024-09-05,Não Convertido,,0.0,Agressivo,Denmark
151317,WhatsApp,2024-09-07,Convertido,10.0,8982.38,Agressivo,French Southern Territories
151318,TikTok,2024-09-02,Não Convertido,,0.0,Moderado,Fiji
151319,YouTube Ads,2024-09-06,Convertido,5.0,8288.8,Agressivo,British Virgin Islands
151320,Instagram,2024-09-04,Não Convertido,,0.0,Conservador,Yemen
151321,Google Ads,2024-09-03,Não Convertido,,0.0,Agressivo,Albania
151322,E-mail Marketing,2024-09-02,Não Convertido,,0.0,Desconhecido,Ireland
151323,Orgânico,2024-09-06,Não Convertido,,0.0,Moderado,United Arab Emirates
151324,YouTube Ads,2024-09-03,Não Convertido,,0.0,Agressivo,Congo
151325,E-mail Marketing,2024-09-02,Não Convertido,,0.0,Conservador,Botswana
151326,Indicação,2024-09-07,Não Convertido,,0.0,Agressivo,Croatia
151327,Indicação,2024-09-03,Não Convertido,,0.0,Desconhecido,Denmark
151328,Facebook,2024-09-06,Não Convertido,,0.0,Agressivo,Somalia
151329,Instagram,2024-09-03,Não Convertido,,0.0,Agressivo,Gambia
151330,Instagram,2024-09-03,Não Convertido,,0.0,Desconhecido,Congo
151331,E-mail Marketing,2024-09-06,Não Convertido,,0.0,Moderado,Chile
151332,Orgânico,2024-09-02,Não Convertido,,0.0,Desconhecido,United States Minor Outlying Islands
151333,WhatsApp,2024-09-03,Não Convertido,,0.0,Moderado,Nigeria
151334,Instagram,2024-09-05,Não Convertido,,0.0,Conservador,Norway
151335,E-mail Marketing,2024-09-06,Não Convertido,,0.0,Agressivo,El Salvador
151336,Orgânico,2024-09-07,Não Convertido,,0.0,Conservador,Barbados
151337,Google Ads,2024-09-05,Não Convertido,,0.0,Agressivo,Slovakia (Slovak Republic)
151338,Google Ads,2024-09-07,Não Convertido,,0.0,Conservador,Isle of Man
151339,TikTok,2024-09-03,Não Convertido,,0.0,Moderado,Samoa
151340,Facebook,2024-09-03,Não Convertido,,0.0,Moderado,French Polynesia
151341,TikTok,2024-09-02,Não Convertido,,0.0,Agressivo,Samoa
151342,E-mail Marketing,2024-09-06,Não Convertido,,0.0,Conservador,Tunisia
151343,E-mail Marketing,2024-09-06,Não Convertido,,0.0,Agressivo,Finland
151344,Google Ads,2024-09-05,Não Convertido,,0.0,Conservador,Lesotho
151345,Instagram,2024-09-02,Não Convertido,,0.0,Agressivo,Croatia
151346,Google Ads,2024-09-05,Não Convertido,,0.0,Moderado,Israel
151347,Google Ads,2024-09-07,Não Convertido,,0.0,Agressivo,Venezuela
151348,TikTok,2024-09-06,Não Convertido,,0.0,Desconhecido,Somalia
151349,TikTok,2024-09-06,Não Convertido,,0.0,Agressivo,Norway
151350,Google Ads,2024-09-07,Não Convertido,,0.0,Agressivo,Faroe Islands
151351,WhatsApp,2024-09-06,Não Convertido,,0.0,Conservador,French Guiana
151352,Orgânico,2024-09-02,Não Convertido,,0.0,Moderado,Gabon
151353,Facebook,2024-09-03,Não Convertido,,0.0,Moderado,Isle of Man
151354,Indicação,2024-09-06,Convertido,30.0,7400.01,Conservador,Kiribati
151355,Orgânico,2024-09-02,Não Convertido,,0.0,Moderado,Gabon
151356,Google Ads,2024-09-05,Não Convertido,,0.0,Agressivo,Heard Island and McDonald Islands
151357,TikTok,2024-09-05,Não Convertido,,0.0,Conservador,Norway
151358,Orgânico,2024-09-06,Não Convertido,,0.0,Desconhecido,Tanzania
151359,Instagram,2024-09-03,Não Convertido,,0.0,Conservador,Turkmenistan
151360,Facebook,2024-09-04,Não Convertido,,0.0,Conservador,Guyana
151361,Instagram,2024-09-07,Não Convertido,,0.0,Moderado,United States Minor Outlying Islands
151362,Google Ads,2024-09-02,Não Convertido,,0.0,Agressivo,Belgium
151363,WhatsApp,2024-09-02,Não Convertido,,0.0,Desconhecido,Sudan
151364,Orgânico,2024-09-04,Não Convertido,,0.0,Agressivo,Montserrat
151365,TikTok,2024-09-06,Não Convertido,,0.0,Agressivo,Denmark
151366,Instagram,2024-09-04,Não Convertido,,0.0,Conservador,Turks and Caicos Islands
151367,Orgânico,2024-09-06,Não Convertido,,0.0,Moderado,Sierra Leone
151368,E-mail Marketing,2024-09-07,Não Convertido,,0.0,Moderado,El Salvador
151369,Orgânico,2024-09-03,Não Convertido,,0.0,Moderado,Palestinian Territory
151370,E-mail Marketing,2024-09-07,Convertido,17.0,5651.89,Conservador,Central African Republic
151371,YouTube Ads,2024-09-06,Não Convertido,,0.0,Conservador,Taiwan
151372,TikTok,2024-09-05,Não Convertido,,0.0,Conservador,French Southern Territories
151373,Instagram,2024-09-03,Não Convertido,,0.0,Moderado,Hong Kong
151374,YouTube Ads,2024-09-02,Não Convertido,,0.0,Agressivo,Russian Federation
151375,Orgânico,2024-09-02,Não Convertido,,0.0,Conservador,Kyrgyz Republic
151376,Orgânico,2024-09-04,Não Convertido,,0.0,Moderado,Barbados
151377,E-mail Marketing,2024-09-07,Não Convertido,,0.0,Desconhecido,French Guiana
151378,Google Ads,2024-09-07,Não Convertido,,0.0,Moderado,Central African Republic
151379,Indicação,2024-09-04,Não Convertido,,0.0,Agressivo,French Polynesia
151380,Instagram,2024-09-03,Não Convertido,,0.0,Moderado,Lesotho
151381,YouTube Ads,2024-09-07,Não Convertido,,0.0,Agressivo,Argentina
151382,Indicação,2024-09-04,Não Convertido,,0.0,Conservador,Bosnia and Herzegovina
151383,Instagram,2024-09-04,Não Convertido,,0.0,Moderado,British Indian Ocean Territory (Chagos Archipelago)
151384,Orgânico,2024-09-04,Não Convertido,,0.0,Conservador,Mauritius
151385,TikTok,2024-09-07,Não Convertido,,0.0,Moderado,United Kingdom
151386,YouTube Ads,2024-09-05,Não Convertido,,0.0,Conservador,Saint Pierre and Miquelon
151387,Orgânico,2024-09-07,Não Convertido,,0.0,Moderado,Aruba
151388,YouTube Ads,2024-09-07,Não Convertido,,0.0,Conservador,United States Minor Outlying Islands
151389,Orgânico,2024-09-06,Não Convertido,,0.0,Moderado,United Arab Emirates
151390,Instagram,2024-09-02,Não Convertido,,0.0,Agressivo,Australia
151391,WhatsApp,2024-09-05,Não Convertido,,0.0,Moderado,Indonesia
151392,Instagram,2024-09-06,Não Convertido,,0.0,Conservador,Barbados
151393,Orgânico,2024-09-04,Não Convertido,,0.0,Conservador,China
151394,Orgânico,2024-09-05,Não Convertido,,0.0,Conservador,Norway
151395,Orgânico,2024-09-03,Não Convertido,,0.0,Agressivo,Greenland
151396,YouTube Ads,2024-09-04,Não Convertido,,0.0,Desconhecido,Falkland Islands (Malvinas)
151397,Google Ads,2024-09-02,Não Convertido,,0.0,Moderado,Mayotte
151398,Google Ads,2024-09-03,Não Convertido,,0.0,Agressivo,Iran
151399,E-mail Marketing,2024-09-07,Não Convertido,,0.0,Conservador,San Marino
151400,E-mail Marketing,2024-09-06,Não Convertido,,0.0,Agressivo,Dominican Republic
151401,Google Ads,2024-09-04,Não Convertido,,0.0,Conservador,Korea
151402,Orgânico,2024-09-05,Não Convertido,,0.0,Agressivo,Andorra
151403,Google Ads,2024-09-03,Não Convertido,,0.0,Agressivo,Peru
151404,Orgânico,2024-09-03,Não Convertido,,0.0,Agressivo,Cyprus
151405,YouTube Ads,2024-09-05,Não Convertido,,0.0,Agressivo,Jordan
151406,E-mail Marketing,2024-09-07,Não Convertido,,0.0,Conservador,Lesotho
151407,Indicação,2024-09-06,Não Convertido,,0.0,Agressivo,Suriname
151408,WhatsApp,2024-09-07,Não Convertido,,0.0,Conservador,Bouvet Island (Bouvetoya)
151409,TikTok,2024-09-02,Não Convertido,,0.0,Agressivo,Papua New Guinea
151410,Instagram,2024-09-02,Não Convertido,,0.0,Conservador,Lebanon
151411,WhatsApp,2024-09-04,Não Convertido,,0.0,Moderado,Nicaragua
151412,Instagram,2024-09-03,Não Convertido,,0.0,Agressivo,Jamaica
151413,Orgânico,2024-09-03,Não Convertido,,0.0,Moderado,Uruguay
151414,Facebook,2024-09-04,Não Convertido,,0.0,Conservador,Barbados
151415,Instagram,2024-09-05,Não Convertido,,0.0,Agressivo,Turks and Caicos Islands
151416,TikTok,2024-09-07,Não Convertido,,0.0,Moderado,American Samoa
151417,YouTube Ads,2024-09-05,Não Convertido,,0.0,Conservador,New Caledonia
151418,Indicação,2024-09-07,Não Convertido,,0.0,Desconhecido,Panama
151419,TikTok,2024-09-02,Não Convertido,,0.0,Moderado,Turkmenistan
151420,TikTok,2024-09-04,Não Convertido,,0.0,Agressivo,Cape Verde
151421,TikTok,2024-09-05,Não Convertido,,0.0,Conservador,Dominican Republic
151422,TikTok,2024-09-07,Não Convertido,,0.0,Moderado,New Zealand
151423,E-mail Marketing,2024-09-02,Não Convertido,,0.0,Moderado,Yemen
151424,Orgânico,2024-09-06,Não Convertido,,0.0,Moderado,Congo
151425,Orgânico,2024-09-05,Não Convertido,,0.0,Agressivo,Suriname
151426,E-mail Marketing,2024-09-06,Convertido,25.0,1541.03,Moderado,Malta
151427,Instagram,2024-09-04,Não Convertido,,0.0,Conservador,Greece
151428,Instagram,2024-09-06,Não Convertido,,0.0,Moderado,Iceland
151429,E-mail Marketing,2024-09-02,Não Convertido,,0.0,Agressivo,Qatar
151430,WhatsApp,2024-09-02,Não Convertido,,0.0,Moderado,Norway
151431,Orgânico,2024-09-04,Não Convertido,,0.0,Moderado,Slovakia (Slovak Republic)
151432,Indicação,2024-09-04,Não Convertido,,0.0,Desconhecido,Sierra Leone
151433,E-mail Marketing,2024-09-02,Não Convertido,,0.0,Moderado,Puerto Rico
151434,Instagram,2024-09-07,Não Convertido,,0.0,Moderado,Austria
151435,Orgânico,2024-09-04,Não Convertido,,0.0,Moderado,Ecuador
151436,Google Ads,2024-09-02,Não Convertido,,0.0,Moderado,Algeria
151437,Orgânico,2024-09-02,Não Convertido,,0.0,Moderado,Jersey
151438,TikTok,2024-09-03,Não Convertido,,0.0,Moderado,Thailand
151439,Instagram,2024-09-04,Não Convertido,,0.0,Agressivo,British Indian Ocean Territory (Chagos Archipelago)
151440,Facebook,2024-09-07,Não Convertido,,0.0,Conservador,Tonga
151441,WhatsApp,2024-09-03,Não Convertido,,0.0,Agressivo,Cayman Islands
151442,Indicação,2024-09-02,Não Convertido,,0.0,Conservador,Lebanon
151443,Instagram,2024-09-05,Não Convertido,,0.0,Agressivo,Ghana
151444,E-mail Marketing,2024-09-02,Não Convertido,,0.0,Moderado,Suriname
151445,Orgânico,2024-09-07,Não Convertido,,0.0,Conservador,Saint Lucia
151446,E-mail Marketing,2024-09-06,Não Convertido,,0.0,Conservador,Ecuador
151447,TikTok,2024-09-07,Não Convertido,,0.0,Conservador,Saint Helena
151448,Indicação,2024-09-04,Não Convertido,,0.0,Moderado,Belgium
151449,YouTube Ads,2024-09-05,Não Convertido,,0.0,Agressivo,Egypt
151450,Google Ads,2024-09-07,Não Convertido,,0.0,Conservador,Belarus
151451,Facebook,2024-09-05,Não Convertido,,0.0,Agressivo,Nicaragua
151452,Facebook,2024-09-05,Não Convertido,,0.0,Agressivo,Malawi
151453,Facebook,2024-09-07,Não Convertido,,0.0,Moderado,Czech Republic
151454,Instagram,2024-09-04,Não Convertido,,0.0,Agressivo,Tokelau
151455,E-mail Marketing,2024-09-03,Não Convertido,,0.0,Agressivo,Benin
151456,Instagram,2024-09-05,Não Convertido,,0.0,Agressivo,Cook Islands
151457,WhatsApp,2024-09-03,Não Convertido,,0.0,Moderado,Senegal
151458,YouTube Ads,2024-09-04,Não Convertido,,0.0,Agressivo,Cuba
151459,YouTube Ads,2024-09-07,Não Convertido,,0.0,Moderado,Lebanon
151460,Indicação,2024-09-05,Não Convertido,,0.0,Conservador,Liberia
151461,YouTube Ads,2024-09-03,Convertido,16.0,5204.91,Moderado,Belarus
151462,Orgânico,2024-09-05,Não Convertido,,0.0,Agressivo,Ecuador
151463,Facebook,2024-09-06,Não Convertido,,0.0,Moderado,Christmas Island
151464,Orgânico,2024-09-06,Não Convertido,,0.0,Moderado,French Polynesia
151465,Instagram,2024-09-06,Não Convertido,,0.0,Moderado,Croatia
151466,Google Ads,2024-09-04,Não Convertido,,0.0,Agressivo,Luxembourg
151467,E-mail Marketing,2024-09-06,Não Convertido,,0.0,Moderado,Croatia
151468,Orgânico,2024-09-03,Não Convertido,,0.0,Conservador,Samoa
151469,TikTok,2024-09-04,Não Convertido,,0.0,Conservador,Bahamas
151470,Orgânico,2024-09-03,Não Convertido,,0.0,Moderado,Saudi Arabia
151471,Instagram,2024-09-04,Não Convertido,,0.0,Agressivo,Burundi
151472,Instagram,2024-09-03,Convertido,11.0,9679.79,Agressivo,Cape Verde
151473,YouTube Ads,2024-09-04,Não Convertido,,0.0,Moderado,French Southern Territories
151474,Orgânico,2024-09-02,Não Convertido,,0.0,Moderado,Argentina
151475,WhatsApp,2024-09-04,Não Convertido,,0.0,Agressivo,Serbia
151476,Google Ads,2024-09-02,Não Convertido,,0.0,Agressivo,Cambodia
151477,Instagram,2024-09-06,Não Convertido,,0.0,Conservador,French Guiana
151478,Orgânico,2024-09-06,Não Convertido,,0.0,Moderado,Holy See (Vatican City State)
151479,Instagram,2024-09-04,Não Convertido,,0.0,Agressivo,Chile
151480,Orgânico,2024-09-02,Não Convertido,,0.0,Moderado,Cocos (Keeling) Islands
151481,TikTok,2024-09-07,Não Convertido,,0.0,Moderado,Nicaragua
151482,TikTok,2024-09-05,Convertido,2.0,2464.12,Agressivo,Vietnam
151483,Google Ads,2024-09-05,Não Convertido,,0.0,Agressivo,Comoros
151484,WhatsApp,2024-09-07,Não Convertido,,0.0,Moderado,Aruba
151485,E-mail Marketing,2024-09-07,Não Convertido,,0.0,Conservador,Libyan Arab Jamahiriya
151486,Instagram,2024-09-03,Não Convertido,,0.0,Conservador,New Caledonia
151487,Orgânico,2024-09-05,Não Convertido,,0.0,Conservador,India
151488,Instagram,2024-09-06,Não Convertido,,0.0,Agressivo,Gibraltar
151489,Orgânico,2024-09-05,Não Convertido,,0.0,Moderado,Ethiopia
151490,WhatsApp,2024-09-06,Não Convertido,,0.0,Agressivo,Faroe Islands
151491,Google Ads,2024-09-02,Não Convertido,,0.0,Desconhecido,Vietnam
151492,YouTube Ads,2024-09-05,Não Convertido,,0.0,Agressivo,Eritrea
151493,YouTube Ads,2024-09-07,Não Convertido,,0.0,Moderado,United States Virgin Islands
151494,Orgânico,2024-09-04,Não Convertido,,0.0,Conservador,Chad
151495,Instagram,2024-09-02,Não Convertido,,0.0,Conservador,Norfolk Island
151496,Google Ads,2024-09-04,Não Convertido,,0.0,Agressivo,Syrian Arab Republic
151497,Indicação,2024-09-03,Não Convertido,,0.0,Agressivo,Saint Kitts and Nevis
151498,E-mail Marketing,2024-09-07,Não Convertido,,0.0,Moderado,Nicaragua
151499,E-mail Marketing,2024-09-03,Não Convertido,,0.0,Desconhecido,Aruba
151500,Orgânico,2024-09-03,Não Convertido,,0.0,Agressivo,Myanmar
151501,Orgânico,2024-09-04,Não Convertido,,0.0,Desconhecido,Thailand
151502,WhatsApp,2024-09-04,Não Convertido,,0.0,Conservador,Nigeria
151503,TikTok,2024-09-02,Não Convertido,,0.0,Desconhecido,Jordan
151504,Orgânico,2024-09-03,Não Convertido,,0.0,Desconhecido,Myanmar
151505,Facebook,2024-09-04,Não Convertido,,0.0,Conservador,Burkina Faso
151506,Instagram,2024-09-03,Não Convertido,,0.0,Moderado,Nigeria
151507,Google Ads,2024-09-03,Não Convertido,,0.0,Agressivo,Nepal
151508,Instagram,2024-09-06,Não Convertido,,0.0,Moderado,Hungary
151509,E-mail Marketing,2024-09-03,Não Convertido,,0.0,Agressivo,Swaziland
151510,Facebook,2024-09-02,Não Convertido,,0.0,Moderado,Samoa
151511,Instagram,2024-09-02,Não Convertido,,0.0,Desconhecido,Vanuatu
151512,YouTube Ads,2024-09-04,Não Convertido,,0.0,Agressivo,Qatar
151513,Orgânico,2024-09-04,Não Convertido,,0.0,Moderado,Georgia
151514,Instagram,2024-09-03,Não Convertido,,0.0,Moderado,Papua New Guinea
151515,TikTok,2024-09-05,Não Convertido,,0.0,Conservador,Mozambique
151516,YouTube Ads,2024-09-07,Não Convertido,,0.0,Moderado,Paraguay
151517,TikTok,2024-09-06,Não Convertido,,0.0,Moderado,Svalbard & Jan Mayen Islands
151518,WhatsApp,2024-09-02,Não Convertido,,0.0,Agressivo,Mauritania
151519,WhatsApp,2024-09-06,Não Convertido,,0.0,Agressivo,Heard Island and McDonald Islands
151520,Google Ads,2024-09-05,Não Convertido,,0.0,Agressivo,Turkey
151521,YouTube Ads,2024-09-04,Não Convertido,,0.0,Moderado,Holy See (Vatican City State)
151522,Instagram,2024-09-04,Não Convertido,,0.0,Agressivo,Martinique
151523,Facebook,2024-09-05,Não Convertido,,0.0,Agressivo,British Indian Ocean Territory (Chagos Archipelago)
151524,Orgânico,2024-09-05,Não Convertido,,0.0,Conservador,Comoros
151525,TikTok,2024-09-03,Convertido,23.0,8066.01,Agressivo,Mozambique
151526,YouTube Ads,2024-09-03,Não Convertido,,0.0,Moderado,Sao Tome and Principe
151527,Instagram,2024-09-06,Não Convertido,,0.0,Conservador,Ukraine
151528,YouTube Ads,2024-09-07,Não Convertido,,0.0,Moderado,Bermuda
151529,YouTube Ads,2024-09-06,Não Convertido,,0.0,Agressivo,Japan
151530,E-mail Marketing,2024-09-04,Não Convertido,,0.0,Agressivo,Saudi Arabia
151531,WhatsApp,2024-09-04,Não Convertido,,0.0,Agressivo,Chile
151532,WhatsApp,2024-09-07,Não Convertido,,0.0,Moderado,British Virgin Islands
151533,E-mail Marketing,2024-09-04,Convertido,11.0,6572.77,Agressivo,Ireland
151534,E-mail Marketing,2024-09-03,Não Convertido,,0.0,Moderado,Madagascar
151535,Google Ads,2024-09-03,Não Convertido,,0.0,Agressivo,Malawi
151536,Instagram,2024-09-05,Não Convertido,,0.0,Moderado,Algeria
151537,WhatsApp,2024-09-02,Não Convertido,,0.0,Agressivo,China
151538,Google Ads,2024-09-07,Não Convertido,,0.0,Agressivo,Bhutan
151539,Instagram,2024-09-04,Não Convertido,,0.0,Conservador,Morocco
151540,E-mail Marketing,2024-09-05,Não Convertido,,0.0,Agressivo,Italy
151541,Orgânico,2024-09-02,Não Convertido,,0.0,Moderado,Solomon Islands
151542,E-mail Marketing,2024-09-02,Não Convertido,,0.0,Moderado,Ireland
151543,WhatsApp,2024-09-04,Não Convertido,,0.0,Moderado,Iceland
151544,E-mail Marketing,2024-09-02,Não Convertido,,0.0,Moderado,Mayotte
151545,Facebook,2024-09-05,Não Convertido,,0.0,Moderado,Slovakia (Slovak Republic)
151546,TikTok,2024-09-05,Não Convertido,,0.0,Moderado,Ghana
151547,Orgânico,2024-09-05,Não Convertido,,0.0,Conservador,Wallis and Futuna
151548,YouTube Ads,2024-09-04,Não Convertido,,0.0,Moderado,Cote d'Ivoire
151549,Google Ads,2024-09-06,Não Convertido,,0.0,Agressivo,Poland
151550,E-mail Marketing,2024-09-04,Não Convertido,,0.0,Conservador,Norway
151551,TikTok,2024-09-07,Não Convertido,,0.0,Agressivo,Gibraltar
151552,Orgânico,2024-09-02,Não Convertido,,0.0,Conservador,Dominica
151553,Google Ads,2024-09-05,Não Convertido,,0.0,Desconhecido,Somalia
151554,Orgânico,2024-09-02,Não Convertido,,0.0,Agressivo,Nicaragua
151555,Facebook,2024-09-05,Não Convertido,,0.0,Moderado,Jordan
151556,Instagram,2024-09-02,Não Convertido,,0.0,Moderado,Cape Verde
151557,Orgânico,2024-09-07,Não Convertido,,0.0,Agressivo,British Indian Ocean Territory (Chagos Archipelago)
151558,TikTok,2024-09-07,Não Convertido,,0.0,Agressivo,Panama
151559,Facebook,2024-09-07,Não Convertido,,0.0,Agressivo,Czech Republic
151560,WhatsApp,2024-09-04,Não Convertido,,0.0,Conservador,Spain
151561,Orgânico,2024-09-02,Não Convertido,,0.0,Agressivo,Tanzania
151562,WhatsApp,2024-09-06,Não Convertido,,0.0,Conservador,Hong Kong
151563,Instagram,2024-09-03,Não Convertido,,0.0,Agressivo,British Indian Ocean Territory (Chagos Archipelago)
151564,Google Ads,2024-09-06,Não Convertido,,0.0,Moderado,Sao Tome and Principe
151565,Google Ads,2024-09-06,Não Convertido,,0.0,Moderado,Gambia
151566,E-mail Marketing,2024-09-05,Não Convertido,,0.0,Agressivo,Syrian Arab Republic
151567,Orgânico,2024-09-04,Não Convertido,,0.0,Desconhecido,Nigeria
151568,YouTube Ads,2024-09-03,Não Convertido,,0.0,Desconhecido,Benin
151569,Indicação,2024-09-04,Convertido,11.0,6892.66,Moderado,United Arab Emirates
151570,Instagram,2024-09-07,Não Convertido,,0.0,Conservador,Samoa
151571,Orgânico,2024-09-04,Não Convertido,,0.0,Moderado,Somalia
151572,TikTok,2024-09-06,Não Convertido,,0.0,Moderado,Turks and Caicos Islands
151573,TikTok,2024-09-06,Não Convertido,,0.0,Moderado,Cocos (Keeling) Islands
151574,WhatsApp,2024-09-07,Não Convertido,,0.0,Desconhecido,Congo
151575,Instagram,2024-09-05,Não Convertido,,0.0,Desconhecido,Nigeria
151576,Indicação,2024-09-03,Não Convertido,,0.0,Agressivo,Tunisia
151577,E-mail Marketing,2024-09-06,Não Convertido,,0.0,Moderado,Russian Federation
151578,Instagram,2024-09-04,Não Convertido,,0.0,Moderado,Isle of Man
151579,Orgânico,2024-09-06,Não Convertido,,0.0,Conservador,Solomon Islands
151580,Orgânico,2024-09-06,Não Convertido,,0.0,Conservador,Suriname
151581,TikTok,2024-09-03,Não Convertido,,0.0,Moderado,Germany
151582,Facebook,2024-09-03,Não Convertido,,0.0,Moderado,Cote d'Ivoire
151583,Facebook,2024-09-05,Não Convertido,,0.0,Moderado,North Macedonia
151584,Orgânico,2024-09-07,Não Convertido,,0.0,Agressivo,Turkey
151585,TikTok,2024-09-06,Não Convertido,,0.0,Moderado,Vanuatu
151586,TikTok,2024-09-04,Não Convertido,,0.0,Agressivo,Nicaragua
151587,TikTok,2024-09-07,Não Convertido,,0.0,Moderado,Comoros
151588,Orgânico,2024-09-07,Não Convertido,,0.0,Conservador,Bangladesh
151589,Google Ads,2024-09-05,Não Convertido,,0.0,Agressivo,Norway
151590,YouTube Ads,2024-09-03,Não Convertido,,0.0,Agressivo,Fiji
151591,TikTok,2024-09-03,Não Convertido,,0.0,Moderado,El Salvador
151592,Orgânico,2024-09-07,Não Convertido,,0.0,Moderado,El Salvador
151593,YouTube Ads,2024-09-06,Não Convertido,,0.0,Moderado,Rwanda
151594,WhatsApp,2024-09-03,Não Convertido,,0.0,Moderado,Gambia
151595,Indicação,2024-09-02,Não Convertido,,0.0,Agressivo,United States of America
151596,WhatsApp,2024-09-06,Não Convertido,,0.0,Conservador,Vanuatu
151597,Orgânico,2024-09-07,Não Convertido,,0.0,Agressivo,Sudan
151598,Facebook,2024-09-04,Não Convertido,,0.0,Moderado,Saint Pierre and Miquelon
151599,Facebook,2024-09-05,Não Convertido,,0.0,Agressivo,Lao People's Democratic Republic
151600,TikTok,2024-09-06,Não Convertido,,0.0,Desconhecido,Portugal
151601,Facebook,2024-09-03,Convertido,18.0,776.48,Moderado,Haiti
151602,Google Ads,2024-09-05,Não Convertido,,0.0,Conservador,Croatia
151603,Instagram,2024-09-07,Não Convertido,,0.0,Desconhecido,Austria
151604,Instagram,2024-09-07,Não Convertido,,0.0,Moderado,Australia
151605,Instagram,2024-09-06,Não Convertido,,0.0,Desconhecido,French Polynesia
151606,Facebook,2024-09-02,Não Convertido,,0.0,Desconhecido,Turkmenistan
151607,Google Ads,2024-09-03,Não Convertido,,0.0,Conservador,Niger
151608,Instagram,2024-09-04,Não Convertido,,0.0,Moderado,Libyan Arab Jamahiriya
151609,YouTube Ads,2024-09-06,Não Convertido,,0.0,Moderado,Saint Barthelemy
151610,Orgânico,2024-09-07,Não Convertido,,0.0,Agressivo,Saudi Arabia
151611,Instagram,2024-09-04,Não Convertido,,0.0,Agressivo,Tanzania
151612,YouTube Ads,2024-09-07,Não Convertido,,0.0,Moderado,Rwanda
151613,WhatsApp,2024-09-03,Não Convertido,,0.0,Conservador,New Caledonia
151614,E-mail Marketing,2024-09-05,Não Convertido,,0.0,Moderado,Algeria
151615,Instagram,2024-09-02,Não Convertido,,0.0,Moderado,Australia
151616,Orgânico,2024-09-03,Não Convertido,,0.0,Agressivo,Barbados
151617,E-mail Marketing,2024-09-07,Não Convertido,,0.0,Desconhecido,Palau
151618,Facebook,2024-09-03,Não Convertido,,0.0,Conservador,Guadeloupe
151619,E-mail Marketing,2024-09-04,Não Convertido,,0.0,Agressivo,Congo
151620,Google Ads,2024-09-07,Não Convertido,,0.0,Moderado,Djibouti
151621,E-mail Marketing,2024-09-05,Não Convertido,,0.0,Conservador,Cuba
151622,Facebook,2024-09-02,Não Convertido,,0.0,Moderado,Montserrat
151623,E-mail Marketing,2024-09-06,Não Convertido,,0.0,Moderado,North Macedonia
151624,Orgânico,2024-09-04,Não Convertido,,0.0,Moderado,Maldives
151625,TikTok,2024-09-05,Não Convertido,,0.0,Agressivo,Bosnia and Herzegovina
151626,Orgânico,2024-09-06,Não Convertido,,0.0,Moderado,Brazil
151627,YouTube Ads,2024-09-03,Não Convertido,,0.0,Moderado,British Indian Ocean Territory (Chagos Archipelago)
151628,Facebook,2024-09-07,Não Convertido,,0.0,Agressivo,Barbados
151629,Instagram,2024-09-04,Não Convertido,,0.0,Moderado,Anguilla
151630,Facebook,2024-09-02,Não Convertido,,0.0,Conservador,Romania
151631,Facebook,2024-09-06,Não Convertido,,0.0,Moderado,Saint Pierre and Miquelon
151632,Instagram,2024-09-04,Não Convertido,,0.0,Agressivo,Guinea
151633,E-mail Marketing,2024-09-05,Não Convertido,,0.0,Moderado,Holy See (Vatican City State)
151634,E-mail Marketing,2024-09-03,Não Convertido,,0.0,Moderado,Jamaica
151635,Instagram,2024-09-07,Não Convertido,,0.0,Agressivo,Guinea-Bissau
151636,Orgânico,2024-09-04,Não Convertido,,0.0,Agressivo,Falkland Islands (Malvinas)
151637,Orgânico,2024-09-04,Não Convertido,,0.0,Moderado,Qatar
151638,TikTok,2024-09-05,Não Convertido,,0.0,Moderado,Aruba
151639,YouTube Ads,2024-09-04,Não Convertido,,0.0,Moderado,Belize
151640,Indicação,2024-09-06,Não Convertido,,0.0,Moderado,Switzerland
151641,Indicação,2024-09-07,Não Convertido,,0.0,Desconhecido,French Polynesia
151642,Facebook,2024-09-05,Não Convertido,,0.0,Moderado,Morocco
151643,Orgânico,2024-09-02,Não Convertido,,0.0,Agressivo,Mozambique
151644,Instagram,2024-09-06,Não Convertido,,0.0,Conservador,Belgium
151645,E-mail Marketing,2024-09-02,Não Convertido,,0.0,Moderado,Pitcairn Islands
151646,Orgânico,2024-09-07,Não Convertido,,0.0,Agressivo,Tonga
151647,Instagram,2024-09-07,Não Convertido,,0.0,Moderado,Chad
151648,Orgânico,2024-09-06,Convertido,10.0,8048.19,Moderado,Spain
151649,Orgânico,2024-09-04,Não Convertido,,0.0,Desconhecido,Kenya
151650,Facebook,2024-09-02,Não Convertido,,0.0,Desconhecido,Finland
151651,YouTube Ads,2024-09-07,Não Convertido,,0.0,Moderado,British Virgin Islands
151652,Instagram,2024-09-06,Não Convertido,,0.0,Conservador,Maldives
151653,Instagram,2024-09-05,Não Convertido,,0.0,Moderado,Guinea
151654,E-mail Marketing,2024-09-05,Não Convertido,,0.0,Agressivo,Seychelles
151655,Orgânico,2024-09-06,Não Convertido,,0.0,Agressivo,Peru
151656,WhatsApp,2024-09-06,Convertido,4.0,5848.2,Moderado,Cambodia
151657,TikTok,2024-09-02,Não Convertido,,0.0,Desconhecido,Palestinian Territory
151658,Orgânico,2024-09-07,Não Convertido,,0.0,Agressivo,Syrian Arab Republic
151659,Facebook,2024-09-04,Não Convertido,,0.0,Moderado,Paraguay
151660,Orgânico,2024-09-07,Não Convertido,,0.0,Conservador,Sao Tome and Principe
151661,E-mail Marketing,2024-09-03,Não Convertido,,0.0,Conservador,Greenland
151662,Instagram,2024-09-04,Não Convertido,,0.0,Conservador,Bhutan
151663,TikTok,2024-09-07,Não Convertido,,0.0,Agressivo,Japan
151664,Orgânico,2024-09-04,Não Convertido,,0.0,Agressivo,Cape Verde
151665,WhatsApp,2024-09-03,Não Convertido,,0.0,Conservador,Thailand
151666,Orgânico,2024-09-03,Não Convertido,,0.0,Conservador,South Georgia and the South Sandwich Islands
151667,TikTok,2024-09-07,Não Convertido,,0.0,Moderado,Qatar
151668,Facebook,2024-09-02,Não Convertido,,0.0,Conservador,Argentina
151669,YouTube Ads,2024-09-04,Não Convertido,,0.0,Desconhecido,Mongolia
151670,Facebook,2024-09-06,Não Convertido,,0.0,Agressivo,Poland
151671,TikTok,2024-09-04,Não Convertido,,0.0,Moderado,Angola
151672,YouTube Ads,2024-09-02,Não Convertido,,0.0,Conservador,Japan
151673,TikTok,2024-09-04,Não Convertido,,0.0,Desconhecido,Tokelau
151674,YouTube Ads,2024-09-04,Não Convertido,,0.0,Agressivo,Canada
151675,Google Ads,2024-09-07,Não Convertido,,0.0,Agressivo,Armenia
151676,TikTok,2024-09-04,Convertido,12.0,4452.4,Agressivo,Malaysia
151677,Facebook,2024-09-03,Não Convertido,,0.0,Conservador,Lebanon
151678,YouTube Ads,2024-09-04,Não Convertido,,0.0,Moderado,Timor-Leste
151679,TikTok,2024-09-07,Não Convertido,,0.0,Desconhecido,Turkmenistan
151680,Orgânico,2024-09-06,Não Convertido,,0.0,Desconhecido,Saint Helena
151681,Orgânico,2024-09-05,Não Convertido,,0.0,Conservador,Philippines
151682,TikTok,2024-09-05,Não Convertido,,0.0,Agressivo,Thailand
151683,Orgânico,2024-09-04,Não Convertido,,0.0,Desconhecido,Vietnam
151684,WhatsApp,2024-09-02,Não Convertido,,0.0,Agressivo,Haiti
151685,YouTube Ads,2024-09-06,Não Convertido,,0.0,Conservador,Bolivia
151686,TikTok,2024-09-07,Não Convertido,,0.0,Conservador,Bouvet Island (Bouvetoya)
151687,Facebook,2024-09-04,Convertido,28.0,7263.38,Moderado,United States Virgin Islands
151688,Google Ads,2024-09-03,Não Convertido,,0.0,Conservador,Svalbard & Jan Mayen Islands
151689,Orgânico,2024-09-03,Não Convertido,,0.0,Moderado,Guinea-Bissau
151690,Facebook,2024-09-04,Não Convertido,,0.0,Agressivo,Korea
151691,WhatsApp,2024-09-04,Não Convertido,,0.0,Desconhecido,Fiji
151692,Google Ads,2024-09-03,Não Convertido,,0.0,Moderado,Gabon
151693,TikTok,2024-09-06,Não Convertido,,0.0,Moderado,Sweden
151694,YouTube Ads,2024-09-05,Não Convertido,,0.0,Conservador,Portugal
151695,YouTube Ads,2024-09-02,Não Convertido,,0.0,Moderado,Latvia
151696,WhatsApp,2024-09-04,Não Convertido,,0.0,Conservador,Western Sahara
151697,E-mail Marketing,2024-09-05,Não Convertido,,0.0,Moderado,Lithuania
151698,Orgânico,2024-09-03,Não Convertido,,0.0,Conservador,Suriname
151699,Orgânico,2024-09-05,Não Convertido,,0.0,Moderado,Cayman Islands
151700,Instagram,2024-09-07,Não Convertido,,0.0,Agressivo,New Caledonia
151701,WhatsApp,2024-09-06,Não Convertido,,0.0,Agressivo,Botswana
151702,Instagram,2024-09-06,Não Convertido,,0.0,Moderado,Israel
151703,Instagram,2024-09-05,Não Convertido,,0.0,Agressivo,Puerto Rico
151704,E-mail Marketing,2024-09-06,Não Convertido,,0.0,Moderado,Finland
151705,WhatsApp,2024-09-07,Não Convertido,,0.0,Desconhecido,Dominica
151706,Orgânico,2024-09-02,Não Convertido,,0.0,Desconhecido,Saint Vincent and the Grenadines
151707,Orgânico,2024-09-07,Não Convertido,,0.0,Moderado,Timor-Leste
151708,E-mail Marketing,2024-09-05,Não Convertido,,0.0,Moderado,Anguilla
151709,TikTok,2024-09-03,Não Convertido,,0.0,Moderado,Iran
151710,Indicação,2024-09-05,Não Convertido,,0.0,Agressivo,Mayotte
151711,Facebook,2024-09-05,Não Convertido,,0.0,Conservador,Macao
151712,TikTok,2024-09-06,Não Convertido,,0.0,Agressivo,Poland
151713,Facebook,2024-09-03,Não Convertido,,0.0,Agressivo,Kuwait
151714,WhatsApp,2024-09-06,Não Convertido,,0.0,Moderado,Micronesia
151715,Google Ads,2024-09-06,Não Convertido,,0.0,Agressivo,Gabon
151716,TikTok,2024-09-02,Não Convertido,,0.0,Agressivo,Sweden
151717,Instagram,2024-09-04,Não Convertido,,0.0,Agressivo,Reunion
151718,Orgânico,2024-09-06,Não Convertido,,0.0,Moderado,Kiribati
151719,Instagram,2024-09-02,Não Convertido,,0.0,Agressivo,Spain
151720,E-mail Marketing,2024-09-03,Não Convertido,,0.0,Moderado,Chile
151721,WhatsApp,2024-09-03,Não Convertido,,0.0,Agressivo,Haiti
151722,Instagram,2024-09-02,Não Convertido,,0.0,Agressivo,Israel
151723,Orgânico,2024-09-03,Não Convertido,,0.0,Moderado,Central African Republic
151724,E-mail Marketing,2024-09-05,Não Convertido,,0.0,Moderado,France
151725,WhatsApp,2024-09-05,Não Convertido,,0.0,Conservador,Malta
151726,Facebook,2024-09-04,Convertido,23.0,7165.01,Moderado,Timor-Leste
151727,Google Ads,2024-09-05,Não Convertido,,0.0,Agressivo,Cyprus
151728,Orgânico,2024-09-03,Não Convertido,,0.0,Conservador,Mauritius
151729,Indicação,2024-09-02,Não Convertido,,0.0,Moderado,Belgium
151730,YouTube Ads,2024-09-02,Não Convertido,,0.0,Moderado,Timor-Leste
151731,Facebook,2024-09-05,Não Convertido,,0.0,Moderado,Oman
151732,Instagram,2024-09-06,Não Convertido,,0.0,Conservador,Netherlands
151733,Facebook,2024-09-07,Não Convertido,,0.0,Conservador,Bahrain
151734,Google Ads,2024-09-03,Não Convertido,,0.0,Desconhecido,France
151735,Orgânico,2024-09-04,Não Convertido,,0.0,Moderado,Guinea
151736,TikTok,2024-09-02,Não Convertido,,0.0,Moderado,Kiribati
151737,Facebook,2024-09-06,Não Convertido,,0.0,Moderado,Argentina
151738,Instagram,2024-09-04,Não Convertido,,0.0,Moderado,French Polynesia
151739,E-mail Marketing,2024-09-04,Não Convertido,,0.0,Moderado,Canada
151740,E-mail Marketing,2024-09-03,Não Convertido,,0.0,Conservador,Andorra
151741,Facebook,2024-09-06,Não Convertido,,0.0,Moderado,Chile
151742,E-mail Marketing,2024-09-04,Não Convertido,,0.0,Desconhecido,Jamaica
151743,Google Ads,2024-09-03,Não Convertido,,0.0,Conservador,Seychelles
151744,Indicação,2024-09-04,Não Convertido,,0.0,Agressivo,Christmas Island
151745,Orgânico,2024-09-05,Não Convertido,,0.0,Conservador,Namibia
151746,Facebook,2024-09-04,Não Convertido,,0.0,Moderado,Turkey
151747,Instagram,2024-09-06,Não Convertido,,0.0,Agressivo,India
151748,Indicação,2024-09-05,Não Convertido,,0.0,Agressivo,Botswana
151749,YouTube Ads,2024-09-06,Convertido,21.0,259.53,Moderado,Seychelles
151750,WhatsApp,2024-09-05,Não Convertido,,0.0,Moderado,Azerbaijan
151751,Google Ads,2024-09-07,Não Convertido,,0.0,Moderado,Czech Republic
151752,TikTok,2024-09-06,Não Convertido,,0.0,Conservador,Greece
151753,Facebook,2024-09-07,Não Convertido,,0.0,Agressivo,Samoa
151754,Google Ads,2024-09-03,Não Convertido,,0.0,Conservador,Colombia
151755,TikTok,2024-09-06,Não Convertido,,0.0,Agressivo,Syrian Arab Republic
151756,Instagram,2024-09-04,Convertido,17.0,7524.07,Moderado,Eritrea
151757,Facebook,2024-09-03,Não Convertido,,0.0,Conservador,Monaco
151758,YouTube Ads,2024-09-03,Não Convertido,,0.0,Conservador,Finland
151759,Orgânico,2024-09-07,Não Convertido,,0.0,Moderado,Equatorial Guinea
151760,Orgânico,2024-09-06,Não Convertido,,0.0,Conservador,Kyrgyz Republic
151761,Indicação,2024-09-05,Não Convertido,,0.0,Conservador,Peru
151762,Instagram,2024-09-06,Não Convertido,,0.0,Agressivo,United States Minor Outlying Islands
151763,E-mail Marketing,2024-09-07,Não Convertido,,0.0,Agressivo,Lithuania
151764,TikTok,2024-09-05,Não Convertido,,0.0,Conservador,Haiti
151765,Facebook,2024-09-04,Convertido,3.0,1201.8,Moderado,Moldova
151766,TikTok,2024-09-03,Não Convertido,,0.0,Conservador,Thailand
151767,Orgânico,2024-09-04,Não Convertido,,0.0,Moderado,Guadeloupe
151768,WhatsApp,2024-09-04,Não Convertido,,0.0,Desconhecido,Morocco
151769,TikTok,2024-09-03,Não Convertido,,0.0,Conservador,Montenegro
151770,Facebook,2024-09-06,Não Convertido,,0.0,Desconhecido,Greenland
151771,Indicação,2024-09-03,Não Convertido,,0.0,Conservador,Saint Pierre and Miquelon
151772,TikTok,2024-09-03,Não Convertido,,0.0,Agressivo,Uzbekistan
151773,Orgânico,2024-09-05,Não Convertido,,0.0,Agressivo,Cuba
151774,TikTok,2024-09-06,Não Convertido,,0.0,Agressivo,Kyrgyz Republic
151775,Orgânico,2024-09-06,Não Convertido,,0.0,Agressivo,Iran
151776,Instagram,2024-09-05,Não Convertido,,0.0,Conservador,United States Minor Outlying Islands
151777,Instagram,2024-09-02,Não Convertido,,0.0,Conservador,Myanmar
151778,E-mail Marketing,2024-09-03,Não Convertido,,0.0,Agressivo,Niue
151779,YouTube Ads,2024-09-04,Convertido,13.0,3369.63,Conservador,Gibraltar
151780,Instagram,2024-09-02,Não Convertido,,0.0,Agressivo,Tokelau
151781,YouTube Ads,2024-09-03,Não Convertido,,0.0,Agressivo,Uzbekistan
151782,E-mail Marketing,2024-09-02,Não Convertido,,0.0,Desconhecido,Azerbaijan
151783,Indicação,2024-09-07,Não Convertido,,0.0,Agressivo,Tunisia
151784,TikTok,2024-09-05,Não Convertido,,0.0,Desconhecido,Belgium
151785,TikTok,2024-09-03,Não Convertido,,0.0,Agressivo,New Caledonia
151786,Instagram,2024-09-04,Não Convertido,,0.0,Agressivo,Guadeloupe
151787,Orgânico,2024-09-03,Não Convertido,,0.0,Moderado,Bouvet Island (Bouvetoya)
151788,TikTok,2024-09-05,Convertido,6.0,3138.74,Agressivo,Ecuador
151789,YouTube Ads,2024-09-07,Não Convertido,,0.0,Conservador,Netherlands Antilles
151790,Facebook,2024-09-04,Não Convertido,,0.0,Moderado,France
151791,Orgânico,2024-09-03,Não Convertido,,0.0,Moderado,Mexico
151792,WhatsApp,2024-09-05,Não Convertido,,0.0,Moderado,India
151793,TikTok,2024-09-02,Não Convertido,,0.0,Agressivo,Mayotte
151794,Facebook,2024-09-07,Não Convertido,,0.0,Moderado,Tokelau
151795,TikTok,2024-09-02,Não Convertido,,0.0,Moderado,Indonesia
151796,Google Ads,2024-09-02,Não Convertido,,0.0,Desconhecido,Panama
151797,Instagram,2024-09-05,Não Convertido,,0.0,Agressivo,Burundi
151798,TikTok,2024-09-06,Não Convertido,,0.0,Agressivo,North Macedonia
151799,YouTube Ads,2024-09-05,Não Convertido,,0.0,Agressivo,British Virgin Islands
151800,E-mail Marketing,2024-09-05,Não Convertido,,0.0,Moderado,Lithuania
151801,Facebook,2024-09-02,Não Convertido,,0.0,Agressivo,Bhutan
151802,Orgânico,2024-09-06,Não Convertido,,0.0,Desconhecido,Brazil
151803,TikTok,2024-09-05,Não Convertido,,0.0,Agressivo,Greenland
151804,TikTok,2024-09-04,Não Convertido,,0.0,Agressivo,Seychelles
151805,Google Ads,2024-09-07,Não Convertido,,0.0,Agressivo,New Zealand
151806,WhatsApp,2024-09-05,Não Convertido,,0.0,Conservador,Russian Federation
151807,Orgânico,2024-09-07,Não Convertido,,0.0,Moderado,Uganda
151808,Instagram,2024-09-06,Não Convertido,,0.0,Moderado,Greece
151809,Facebook,2024-09-07,Não Convertido,,0.0,Moderado,Burundi
151810,TikTok,2024-09-04,Convertido,22.0,9152.03,Agressivo,Cayman Islands
151811,Indicação,2024-09-05,Convertido,15.0,5961.57,Desconhecido,Anguilla
151812,Orgânico,2024-09-06,Convertido,12.0,1533.41,Agressivo,Cocos (Keeling) Islands
151813,Instagram,2024-09-03,Não Convertido,,0.0,Agressivo,Yemen
151814,WhatsApp,2024-09-03,Não Convertido,,0.0,Moderado,Timor-Leste
151815,Facebook,2024-09-03,Não Convertido,,0.0,Agressivo,Congo
151816,E-mail Marketing,2024-09-06,Não Convertido,,0.0,Conservador,Indonesia
151817,Facebook,2024-09-02,Não Convertido,,0.0,Moderado,United States Virgin Islands
151818,TikTok,2024-09-03,Não Convertido,,0.0,Moderado,Holy See (Vatican City State)
151819,E-mail Marketing,2024-09-03,Não Convertido,,0.0,Moderado,Dominica
151820,Instagram,2024-09-03,Não Convertido,,0.0,Moderado,Malawi
151821,Orgânico,2024-09-06,Não Convertido,,0.0,Conservador,Netherlands Antilles
151822,YouTube Ads,2024-09-07,Não Convertido,,0.0,Moderado,Heard Island and McDonald Islands
151823,TikTok,2024-09-06,Não Convertido,,0.0,Agressivo,Moldova
151824,Google Ads,2024-09-07,Convertido,7.0,6621.5,Moderado,Costa Rica
151825,WhatsApp,2024-09-05,Não Convertido,,0.0,Desconhecido,Bosnia and Herzegovina
151826,E-mail Marketing,2024-09-04,Não Convertido,,0.0,Desconhecido,Venezuela
151827,Orgânico,2024-09-07,Não Convertido,,0.0,Conservador,Mongolia
151828,Facebook,2024-09-03,Não Convertido,,0.0,Agressivo,Spain
151829,Google Ads,2024-09-06,Não Convertido,,0.0,Conservador,Albania
151830,Orgânico,2024-09-05,Não Convertido,,0.0,Moderado,Ireland
151831,YouTube Ads,2024-09-06,Não Convertido,,0.0,Desconhecido,Serbia
151832,Google Ads,2024-09-07,Não Convertido,,0.0,Agressivo,American Samoa
151833,TikTok,2024-09-04,Não Convertido,,0.0,Moderado,Guatemala
151834,YouTube Ads,2024-09-05,Não Convertido,,0.0,Moderado,Estonia
151835,WhatsApp,2024-09-04,Não Convertido,,0.0,Agressivo,Guinea
151836,Indicação,2024-09-04,Não Convertido,,0.0,Moderado,Qatar
151837,Instagram,2024-09-03,Não Convertido,,0.0,Desconhecido,North Macedonia
151838,Google Ads,2024-09-03,Não Convertido,,0.0,Agressivo,El Salvador
151839,Orgânico,2024-09-06,Não Convertido,,0.0,Agressivo,Kyrgyz Republic
151840,Facebook,2024-09-06,Não Convertido,,0.0,Conservador,Chad
151841,Indicação,2024-09-02,Não Convertido,,0.0,Agressivo,Dominica
151842,TikTok,2024-09-04,Não Convertido,,0.0,Moderado,Bahrain
151843,Instagram,2024-09-07,Convertido,14.0,5553.49,Agressivo,Trinidad and Tobago
151844,Facebook,2024-09-02,Não Convertido,,0.0,Moderado,Zimbabwe
151845,Facebook,2024-09-02,Não Convertido,,0.0,Moderado,Antarctica (the territory South of 60 deg S)
151846,Instagram,2024-09-05,Não Convertido,,0.0,Moderado,Portugal
151847,Orgânico,2024-09-04,Não Convertido,,0.0,Agressivo,Pakistan
151848,Instagram,2024-09-05,Não Convertido,,0.0,Agressivo,Uruguay
151849,E-mail Marketing,2024-09-04,Não Convertido,,0.0,Moderado,Croatia
151850,WhatsApp,2024-09-06,Não Convertido,,0.0,Conservador,Bouvet Island (Bouvetoya)
151851,TikTok,2024-09-03,Não Convertido,,0.0,Agressivo,Chad
151852,Orgânico,2024-09-02,Não Convertido,,0.0,Conservador,Argentina
151853,Instagram,2024-09-05,Não Convertido,,0.0,Agressivo,Dominican Republic
151854,Orgânico,2024-09-07,Não Convertido,,0.0,Moderado,Saint Lucia
151855,Instagram,2024-09-05,Não Convertido,,0.0,Agressivo,Iran
151856,E-mail Marketing,2024-09-04,Não Convertido,,0.0,Moderado,Lao People's Democratic Republic
151857,Orgânico,2024-09-05,Não Convertido,,0.0,Conservador,Cocos (Keeling) Islands
151858,Orgânico,2024-09-07,Não Convertido,,0.0,Moderado,Italy
151859,E-mail Marketing,2024-09-05,Não Convertido,,0.0,Moderado,Norway
151860,Instagram,2024-09-05,Não Convertido,,0.0,Conservador,Somalia
151861,YouTube Ads,2024-09-07,Não Convertido,,0.0,Desconhecido,Djibouti
151862,Instagram,2024-09-03,Convertido,8.0,9627.99,Agressivo,Cook Islands
151863,Orgânico,2024-09-03,Não Convertido,,0.0,Agressivo,Kiribati
151864,TikTok,2024-09-02,Não Convertido,,0.0,Moderado,Grenada
151865,YouTube Ads,2024-09-03,Não Convertido,,0.0,Conservador,Bahrain
151866,TikTok,2024-09-03,Não Convertido,,0.0,Moderado,Burkina Faso
151867,Orgânico,2024-09-04,Não Convertido,,0.0,Desconhecido,Dominica
151868,YouTube Ads,2024-09-04,Não Convertido,,0.0,Agressivo,Iran
151869,Facebook,2024-09-04,Não Convertido,,0.0,Conservador,Turkey
151870,TikTok,2024-09-05,Não Convertido,,0.0,Moderado,Bermuda
151871,TikTok,2024-09-03,Convertido,12.0,3818.34,Agressivo,Russian Federation
151872,Orgânico,2024-09-06,Não Convertido,,0.0,Moderado,Croatia
151873,WhatsApp,2024-09-05,Não Convertido,,0.0,Desconhecido,Swaziland
151874,Orgânico,2024-09-05,Não Convertido,,0.0,Agressivo,Samoa
151875,Instagram,2024-09-04,Não Convertido,,0.0,Moderado,Kyrgyz Republic
151876,Orgânico,2024-09-04,Não Convertido,,0.0,Agressivo,Guinea
151877,Orgânico,2024-09-04,Não Convertido,,0.0,Moderado,Cambodia
151878,Instagram,2024-09-02,Não Convertido,,0.0,Conservador,Namibia
151879,Orgânico,2024-09-07,Não Convertido,,0.0,Agressivo,Botswana
151880,Orgânico,2024-09-02,Não Convertido,,0.0,Conservador,Guadeloupe
151881,TikTok,2024-09-07,Não Convertido,,0.0,Moderado,Malawi
151882,Orgânico,2024-09-04,Não Convertido,,0.0,Agressivo,Somalia
151883,Orgânico,2024-09-04,Não Convertido,,0.0,Conservador,Mauritania
151884,Instagram,2024-09-06,Não Convertido,,0.0,Moderado,Swaziland
151885,TikTok,2024-09-03,Não Convertido,,0.0,Desconhecido,Saint Lucia
151886,Orgânico,2024-09-06,Não Convertido,,0.0,Agressivo,Faroe Islands
151887,Orgânico,2024-09-07,Não Convertido,,0.0,Agressivo,Saint Martin
151888,Instagram,2024-09-04,Não Convertido,,0.0,Conservador,Bosnia and Herzegovina
151889,Instagram,2024-09-03,Não Convertido,,0.0,Moderado,Hong Kong
151890,TikTok,2024-09-03,Convertido,29.0,9058.25,Conservador,Tuvalu
151891,Orgânico,2024-09-02,Não Convertido,,0.0,Agressivo,Cuba
151892,WhatsApp,2024-09-04,Não Convertido,,0.0,Conservador,Sweden
151893,WhatsApp,2024-09-02,Não Convertido,,0.0,Conservador,Iran
151894,E-mail Marketing,2024-09-06,Não Convertido,,0.0,Moderado,Belize
151895,Orgânico,2024-09-02,Não Convertido,,0.0,Agressivo,Pitcairn Islands
151896,TikTok,2024-09-07,Não Convertido,,0.0,Moderado,Norway
151897,E-mail Marketing,2024-09-06,Não Convertido,,0.0,Conservador,Jordan
151898,YouTube Ads,2024-09-05,Não Convertido,,0.0,Conservador,Kenya
151899,Orgânico,2024-09-05,Não Convertido,,0.0,Moderado,Russian Federation
151900,TikTok,2024-09-06,Não Convertido,,0.0,Conservador,Germany
151901,Google Ads,2024-09-02,Não Convertido,,0.0,Conservador,Colombia
151902,Instagram,2024-09-02,Não Convertido,,0.0,Moderado,Swaziland
151903,YouTube Ads,2024-09-02,Não Convertido,,0.0,Agressivo,United States Virgin Islands
151904,Instagram,2024-09-07,Não Convertido,,0.0,Moderado,Cyprus
151905,WhatsApp,2024-09-07,Não Convertido,,0.0,Agressivo,Martinique
151906,TikTok,2024-09-06,Não Convertido,,0.0,Moderado,Czech Republic
151907,Instagram,2024-09-04,Não Convertido,,0.0,Desconhecido,Indonesia
151908,Facebook,2024-09-03,Não Convertido,,0.0,Agressivo,Syrian Arab Republic
151909,WhatsApp,2024-09-06,Não Convertido,,0.0,Conservador,Guernsey
151910,Google Ads,2024-09-07,Não Convertido,,0.0,Moderado,Martinique
151911,Instagram,2024-09-05,Não Convertido,,0.0,Conservador,Peru
151912,Instagram,2024-09-02,Não Convertido,,0.0,Moderado,Slovenia
151913,E-mail Marketing,2024-09-07,Não Convertido,,0.0,Moderado,Macao
151914,TikTok,2024-09-07,Não Convertido,,0.0,Agressivo,Gabon
151915,Instagram,2024-09-02,Não Convertido,,0.0,Agressivo,Benin
151916,Instagram,2024-09-05,Não Convertido,,0.0,Agressivo,Paraguay
151917,YouTube Ads,2024-09-04,Não Convertido,,0.0,Moderado,Vietnam
151918,YouTube Ads,2024-09-03,Não Convertido,,0.0,Agressivo,Myanmar
151919,Orgânico,2024-09-02,Não Convertido,,0.0,Conservador,Jamaica
151920,WhatsApp,2024-09-06,Não Convertido,,0.0,Agressivo,Saint Pierre and Miquelon
151921,Instagram,2024-09-07,Não Convertido,,0.0,Agressivo,Brunei Darussalam
151922,Instagram,2024-09-07,Não Convertido,,0.0,Desconhecido,Dominican Republic
151923,E-mail Marketing,2024-09-03,Não Convertido,,0.0,Moderado,Maldives
151924,Facebook,2024-09-03,Não Convertido,,0.0,Agressivo,Romania
151925,Instagram,2024-09-04,Não Convertido,,0.0,Agressivo,Cuba
151926,Facebook,2024-09-07,Não Convertido,,0.0,Desconhecido,Seychelles
151927,Google Ads,2024-09-06,Não Convertido,,0.0,Moderado,Aruba
151928,YouTube Ads,2024-09-03,Não Convertido,,0.0,Moderado,Luxembourg
151929,Instagram,2024-09-02,Não Convertido,,0.0,Moderado,Lebanon
151930,Indicação,2024-09-07,Não Convertido,,0.0,Agressivo,Poland
151931,Indicação,2024-09-05,Não Convertido,,0.0,Agressivo,Kenya
151932,TikTok,2024-09-05,Não Convertido,,0.0,Agressivo,Sri Lanka
151933,Instagram,2024-09-06,Não Convertido,,0.0,Agressivo,Cuba
151934,Orgânico,2024-09-03,Não Convertido,,0.0,Conservador,Montserrat
151935,TikTok,2024-09-06,Não Convertido,,0.0,Conservador,Guinea
151936,YouTube Ads,2024-09-05,Não Convertido,,0.0,Desconhecido,Taiwan
151937,Instagram,2024-09-07,Não Convertido,,0.0,Agressivo,Ukraine
151938,Orgânico,2024-09-03,Não Convertido,,0.0,Conservador,Guatemala
151939,Google Ads,2024-09-02,Não Convertido,,0.0,Moderado,Martinique
151940,WhatsApp,2024-09-07,Convertido,28.0,1304.46,Agressivo,Saint Kitts and Nevis
151941,Facebook,2024-09-05,Não Convertido,,0.0,Moderado,Spain
151942,WhatsApp,2024-09-02,Não Convertido,,0.0,Moderado,South Georgia and the South Sandwich Islands
151943,WhatsApp,2024-09-04,Não Convertido,,0.0,Moderado,Qatar
151944,Orgânico,2024-09-07,Não Convertido,,0.0,Conservador,Jersey
151945,Instagram,2024-09-04,Não Convertido,,0.0,Moderado,Costa Rica
151946,TikTok,2024-09-06,Não Convertido,,0.0,Moderado,Ireland
151947,WhatsApp,2024-09-02,Não Convertido,,0.0,Conservador,Northern Mariana Islands
151948,Orgânico,2024-09-07,Convertido,29.0,9109.29,Agressivo,Moldova
151949,YouTube Ads,2024-09-04,Não Convertido,,0.0,Conservador,Vanuatu
151950,TikTok,2024-09-06,Não Convertido,,0.0,Moderado,Congo
151951,Facebook,2024-09-07,Não Convertido,,0.0,Conservador,Iran
151952,TikTok,2024-09-07,Não Convertido,,0.0,Conservador,Ireland
151953,Instagram,2024-09-07,Não Convertido,,0.0,Agressivo,Serbia
151954,Facebook,2024-09-04,Não Convertido,,0.0,Conservador,Sudan
151955,Indicação,2024-09-03,Não Convertido,,0.0,Agressivo,Egypt
151956,Indicação,2024-09-02,Não Convertido,,0.0,Agressivo,Taiwan
151957,YouTube Ads,2024-09-03,Não Convertido,,0.0,Moderado,Bhutan
151958,Facebook,2024-09-05,Não Convertido,,0.0,Moderado,Oman
151959,WhatsApp,2024-09-06,Não Convertido,,0.0,Agressivo,Moldova
151960,Orgânico,2024-09-03,Não Convertido,,0.0,Moderado,Venezuela
151961,Instagram,2024-09-07,Não Convertido,,0.0,Agressivo,Aruba
151962,YouTube Ads,2024-09-06,Não Convertido,,0.0,Moderado,Saint Martin
151963,TikTok,2024-09-06,Não Convertido,,0.0,Conservador,United States Minor Outlying Islands
151964,YouTube Ads,2024-09-07,Não Convertido,,0.0,Desconhecido,Korea
151965,YouTube Ads,2024-09-06,Não Convertido,,0.0,Agressivo,Saudi Arabia
151966,Orgânico,2024-09-02,Não Convertido,,0.0,Moderado,Gabon
151967,TikTok,2024-09-02,Não Convertido,,0.0,Agressivo,Isle of Man
151968,E-mail Marketing,2024-09-05,Convertido,11.0,8105.12,Desconhecido,Dominican Republic
151969,TikTok,2024-09-05,Não Convertido,,0.0,Moderado,Heard Island and McDonald Islands
151970,TikTok,2024-09-07,Não Convertido,,0.0,Agressivo,Ukraine
151971,Instagram,2024-09-07,Não Convertido,,0.0,Moderado,Israel
151972,Indicação,2024-09-03,Não Convertido,,0.0,Moderado,Gambia
151973,Orgânico,2024-09-03,Não Convertido,,0.0,Moderado,Saint Lucia
151974,Instagram,2024-09-06,Não Convertido,,0.0,Conservador,Cook Islands
151975,TikTok,2024-09-02,Não Convertido,,0.0,Moderado,Sierra Leone
151976,Facebook,2024-09-04,Não Convertido,,0.0,Moderado,Solomon Islands
151977,Instagram,2024-09-07,Não Convertido,,0.0,Moderado,Netherlands
151978,Orgânico,2024-09-02,Não Convertido,,0.0,Conservador,Comoros
151979,Google Ads,2024-09-06,Não Convertido,,0.0,Moderado,Sao Tome and Principe
151980,Orgânico,2024-09-04,Não Convertido,,0.0,Agressivo,Venezuela
151981,TikTok,2024-09-07,Não Convertido,,0.0,Agressivo,Kenya
151982,Orgânico,2024-09-02,Não Convertido,,0.0,Moderado,Algeria
151983,Instagram,2024-09-07,Não Convertido,,0.0,Agressivo,Guadeloupe
151984,YouTube Ads,2024-09-03,Não Convertido,,0.0,Moderado,Bosnia and Herzegovina
151985,E-mail Marketing,2024-09-04,Não Convertido,,0.0,Agressivo,Congo
151986,WhatsApp,2024-09-03,Não Convertido,,0.0,Moderado,Turks and Caicos Islands
151987,YouTube Ads,2024-09-06,Não Convertido,,0.0,Agressivo,Reunion
151988,Google Ads,2024-09-07,Não Convertido,,0.0,Conservador,Malta
151989,Instagram,2024-09-04,Não Convertido,,0.0,Conservador,Congo
151990,E-mail Marketing,2024-09-03,Convertido,10.0,5632.61,Moderado,Slovakia (Slovak Republic)
151991,Google Ads,2024-09-02,Não Convertido,,0.0,Agressivo,Bosnia and Herzegovina
151992,TikTok,2024-09-06,Não Convertido,,0.0,Moderado,South Georgia and the South Sandwich Islands
151993,Orgânico,2024-09-04,Não Convertido,,0.0,Desconhecido,Rwanda
151994,TikTok,2024-09-06,Não Convertido,,0.0,Agressivo,Western Sahara
151995,TikTok,2024-09-05,Não Convertido,,0.0,Conservador,Zimbabwe
151996,Orgânico,2024-09-02,Convertido,11.0,1465.54,Agressivo,Jordan
151997,YouTube Ads,2024-09-06,Não Convertido,,0.0,Agressivo,Syrian Arab Republic
151998,Google Ads,2024-09-03,Não Convertido,,0.0,Moderado,Niue
151999,TikTok,2024-09-06,Não Convertido,,0.0,Agressivo,Greece
152000,YouTube Ads,2024-09-03,Não Convertido,,0.0,Moderado,Jordan
152001,TikTok,2024-09-07,Convertido,21.0,1172.69,Agressivo,Norway
152002,Google Ads,2024-09-05,Não Convertido,,0.0,Moderado,Syrian Arab Republic
152003,TikTok,2024-09-03,Não Convertido,,0.0,Conservador,Nepal
152004,TikTok,2024-09-04,Não Convertido,,0.0,Moderado,Mauritania
152005,TikTok,2024-09-05,Não Convertido,,0.0,Agressivo,Jersey
152006,TikTok,2024-09-07,Não Convertido,,0.0,Agressivo,Chad
152007,WhatsApp,2024-09-02,Não Convertido,,0.0,Agressivo,United Kingdom
152008,Instagram,2024-09-03,Não Convertido,,0.0,Agressivo,Bolivia
152009,TikTok,2024-09-02,Não Convertido,,0.0,Conservador,Timor-Leste
152010,WhatsApp,2024-09-06,Não Convertido,,0.0,Moderado,Pakistan
152011,Orgânico,2024-09-04,Não Convertido,,0.0,Moderado,Korea
152012,WhatsApp,2024-09-06,Não Convertido,,0.0,Agressivo,Suriname
152013,Orgânico,2024-09-05,Não Convertido,,0.0,Moderado,Libyan Arab Jamahiriya
152014,Instagram,2024-09-07,Não Convertido,,0.0,Desconhecido,Saint Pierre and Miquelon
152015,E-mail Marketing,2024-09-07,Não Convertido,,0.0,Moderado,Colombia
152016,YouTube Ads,2024-09-06,Não Convertido,,0.0,Desconhecido,Norfolk Island
152017,Orgânico,2024-09-07,Não Convertido,,0.0,Desconhecido,Sweden
152018,Instagram,2024-09-03,Não Convertido,,0.0,Moderado,Israel
152019,Google Ads,2024-09-04,Não Convertido,,0.0,Moderado,Malaysia
152020,Instagram,2024-09-05,Não Convertido,,0.0,Moderado,Korea
152021,TikTok,2024-09-04,Não Convertido,,0.0,Agressivo,Christmas Island
152022,E-mail Marketing,2024-09-02,Não Convertido,,0.0,Moderado,Egypt
152023,Facebook,2024-09-05,Não Convertido,,0.0,Agressivo,Bosnia and Herzegovina
152024,Orgânico,2024-09-07,Não Convertido,,0.0,Desconhecido,Monaco
152025,WhatsApp,2024-09-06,Convertido,13.0,588.06,Moderado,Niger
152026,Orgânico,2024-09-06,Não Convertido,,0.0,Agressivo,Saint Vincent and the Grenadines
152027,YouTube Ads,2024-09-04,Não Convertido,,0.0,Agressivo,Dominica
152028,E-mail Marketing,2024-09-07,Não Convertido,,0.0,Agressivo,Estonia
152029,E-mail Marketing,2024-09-04,Convertido,18.0,8981.21,Agressivo,Hungary
152030,Instagram,2024-09-04,Não Convertido,,0.0,Moderado,New Caledonia
152031,Google Ads,2024-09-04,Não Convertido,,0.0,Moderado,Mayotte
152032,Orgânico,2024-09-02,Não Convertido,,0.0,Moderado,Bouvet Island (Bouvetoya)
152033,YouTube Ads,2024-09-06,Não Convertido,,0.0,Conservador,Liberia
152034,E-mail Marketing,2024-09-04,Não Convertido,,0.0,Moderado,Suriname
152035,E-mail Marketing,2024-09-03,Não Convertido,,0.0,Moderado,Uganda
152036,Google Ads,2024-09-05,Não Convertido,,0.0,Moderado,Guam
152037,E-mail Marketing,2024-09-05,Não Convertido,,0.0,Agressivo,Italy
152038,Orgânico,2024-09-07,Não Convertido,,0.0,Agressivo,Eritrea
152039,Instagram,2024-09-03,Não Convertido,,0.0,Moderado,Norway
152040,TikTok,2024-09-02,Não Convertido,,0.0,Agressivo,Guernsey
152041,Facebook,2024-09-04,Não Convertido,,0.0,Agressivo,Ethiopia
152042,YouTube Ads,2024-09-07,Não Convertido,,0.0,Conservador,Guinea-Bissau
152043,WhatsApp,2024-09-05,Não Convertido,,0.0,Conservador,Latvia
152044,YouTube Ads,2024-09-02,Não Convertido,,0.0,Conservador,Liberia
152045,Instagram,2024-09-02,Não Convertido,,0.0,Agressivo,Dominican Republic
152046,Orgânico,2024-09-02,Não Convertido,,0.0,Moderado,Nauru
152047,TikTok,2024-09-03,Não Convertido,,0.0,Moderado,Ukraine
152048,TikTok,2024-09-02,Não Convertido,,0.0,Moderado,Australia
152049,Instagram,2024-09-02,Não Convertido,,0.0,Moderado,Bangladesh
152050,E-mail Marketing,2024-09-04,Não Convertido,,0.0,Conservador,Honduras
152051,Facebook,2024-09-04,Não Convertido,,0.0,Agressivo,Qatar
152052,WhatsApp,2024-09-07,Não Convertido,,0.0,Moderado,Sudan
152053,E-mail Marketing,2024-09-05,Não Convertido,,0.0,Moderado,Mauritania
152054,Google Ads,2024-09-02,Não Convertido,,0.0,Agressivo,American Samoa
152055,Instagram,2024-09-03,Não Convertido,,0.0,Agressivo,Australia
152056,YouTube Ads,2024-09-04,Não Convertido,,0.0,Agressivo,Azerbaijan
152057,Facebook,2024-09-06,Não Convertido,,0.0,Moderado,Greenland
152058,Google Ads,2024-09-06,Convertido,6.0,1536.5,Agressivo,Cocos (Keeling) Islands
152059,Google Ads,2024-09-05,Não Convertido,,0.0,Conservador,Afghanistan
152060,WhatsApp,2024-09-03,Não Convertido,,0.0,Agressivo,Portugal
152061,YouTube Ads,2024-09-04,Não Convertido,,0.0,Moderado,Marshall Islands
152062,Facebook,2024-09-02,Não Convertido,,0.0,Conservador,Gabon
152063,Google Ads,2024-09-04,Não Convertido,,0.0,Conservador,Malaysia
152064,Google Ads,2024-09-02,Não Convertido,,0.0,Agressivo,Saint Barthelemy
152065,Instagram,2024-09-07,Não Convertido,,0.0,Agressivo,Bolivia
152066,YouTube Ads,2024-09-04,Não Convertido,,0.0,Agressivo,Lao People's Democratic Republic
152067,Orgânico,2024-09-03,Não Convertido,,0.0,Agressivo,Canada
152068,E-mail Marketing,2024-09-02,Não Convertido,,0.0,Moderado,Slovakia (Slovak Republic)
152069,Instagram,2024-09-06,Não Convertido,,0.0,Moderado,Paraguay
152070,TikTok,2024-09-02,Não Convertido,,0.0,Moderado,United Kingdom
152071,Orgânico,2024-09-06,Não Convertido,,0.0,Moderado,Kazakhstan
152072,Orgânico,2024-09-06,Não Convertido,,0.0,Moderado,Bouvet Island (Bouvetoya)
152073,E-mail Marketing,2024-09-06,Não Convertido,,0.0,Moderado,Cuba
152074,Facebook,2024-09-06,Não Convertido,,0.0,Conservador,Tuvalu
152075,Orgânico,2024-09-06,Não Convertido,,0.0,Moderado,Mali
152076,E-mail Marketing,2024-09-03,Não Convertido,,0.0,Moderado,Suriname
152077,Orgânico,2024-09-07,Não Convertido,,0.0,Moderado,Namibia
152078,E-mail Marketing,2024-09-05,Não Convertido,,0.0,Conservador,Grenada
152079,Instagram,2024-09-02,Convertido,23.0,657.92,Moderado,India
152080,Orgânico,2024-09-06,Não Convertido,,0.0,Desconhecido,Lao People's Democratic Republic
152081,TikTok,2024-09-07,Não Convertido,,0.0,Moderado,Antarctica (the territory South of 60 deg S)
152082,TikTok,2024-09-04,Não Convertido,,0.0,Conservador,Indonesia
152083,TikTok,2024-09-05,Não Convertido,,0.0,Moderado,Northern Mariana Islands
152084,Google Ads,2024-09-05,Não Convertido,,0.0,Agressivo,South Africa
152085,TikTok,2024-09-03,Não Convertido,,0.0,Agressivo,Kiribati
152086,Instagram,2024-09-04,Não Convertido,,0.0,Desconhecido,Guatemala
152087,Facebook,2024-09-03,Não Convertido,,0.0,Conservador,Malta
152088,Google Ads,2024-09-02,Não Convertido,,0.0,Conservador,Algeria
152089,YouTube Ads,2024-09-04,Não Convertido,,0.0,Moderado,Chile
152090,Facebook,2024-09-07,Não Convertido,,0.0,Moderado,Malta
152091,Indicação,2024-09-07,Não Convertido,,0.0,Conservador,Spain
152092,E-mail Marketing,2024-09-06,Não Convertido,,0.0,Moderado,Iceland
152093,E-mail Marketing,2024-09-06,Não Convertido,,0.0,Agressivo,Saint Kitts and Nevis
152094,Instagram,2024-09-06,Não Convertido,,0.0,Agressivo,Botswana
152095,E-mail Marketing,2024-09-06,Não Convertido,,0.0,Desconhecido,Uruguay
152096,WhatsApp,2024-09-06,Não Convertido,,0.0,Desconhecido,Taiwan
152097,Facebook,2024-09-07,Não Convertido,,0.0,Moderado,Northern Mariana Islands
152098,Google Ads,2024-09-05,Não Convertido,,0.0,Agressivo,Latvia
152099,Indicação,2024-09-07,Não Convertido,,0.0,Conservador,Cocos (Keeling) Islands
152100,E-mail Marketing,2024-09-05,Não Convertido,,0.0,Moderado,Peru
152101,Google Ads,2024-09-03,Não Convertido,,0.0,Desconhecido,Reunion
152102,TikTok,2024-09-02,Não Convertido,,0.0,Agressivo,Myanmar
152103,YouTube Ads,2024-09-05,Não Convertido,,0.0,Desconhecido,Somalia
152104,Orgânico,2024-09-04,Não Convertido,,0.0,Agressivo,Czech Republic
152105,Facebook,2024-09-07,Não Convertido,,0.0,Desconhecido,Chad
152106,E-mail Marketing,2024-09-07,Não Convertido,,0.0,Conservador,Gabon
152107,Orgânico,2024-09-06,Não Convertido,,0.0,Moderado,Malaysia
152108,WhatsApp,2024-09-06,Não Convertido,,0.0,Moderado,Botswana
152109,Google Ads,2024-09-06,Não Convertido,,0.0,Desconhecido,Chad
152110,WhatsApp,2024-09-04,Não Convertido,,0.0,Agressivo,Heard Island and McDonald Islands
152111,Google Ads,2024-09-07,Não Convertido,,0.0,Moderado,Barbados
152112,Instagram,2024-09-04,Não Convertido,,0.0,Moderado,Iraq
152113,Indicação,2024-09-07,Não Convertido,,0.0,Desconhecido,Djibouti
152114,Orgânico,2024-09-04,Não Convertido,,0.0,Desconhecido,Belize
152115,WhatsApp,2024-09-07,Não Convertido,,0.0,Moderado,Niue
152116,Instagram,2024-09-04,Não Convertido,,0.0,Conservador,Reunion
152117,Indicação,2024-09-04,Não Convertido,,0.0,Moderado,Mexico
152118,Google Ads,2024-09-06,Não Convertido,,0.0,Conservador,Rwanda
152119,Orgânico,2024-09-02,Não Convertido,,0.0,Moderado,Hungary
152120,TikTok,2024-09-03,Não Convertido,,0.0,Agressivo,Canada
152121,Google Ads,2024-09-04,Não Convertido,,0.0,Conservador,Guatemala
152122,E-mail Marketing,2024-09-03,Não Convertido,,0.0,Moderado,Fiji
152123,Indicação,2024-09-02,Não Convertido,,0.0,Agressivo,Poland
152124,Orgânico,2024-09-04,Não Convertido,,0.0,Agressivo,Morocco
152125,YouTube Ads,2024-09-02,Não Convertido,,0.0,Moderado,Somalia
152126,E-mail Marketing,2024-09-06,Não Convertido,,0.0,Desconhecido,Chile
152127,Facebook,2024-09-04,Convertido,17.0,3776.82,Moderado,Russian Federation
152128,Instagram,2024-09-07,Não Convertido,,0.0,Conservador,Netherlands Antilles
152129,YouTube Ads,2024-09-04,Não Convertido,,0.0,Agressivo,French Southern Territories
152130,WhatsApp,2024-09-06,Convertido,19.0,5599.14,Agressivo,Christmas Island
152131,YouTube Ads,2024-09-04,Não Convertido,,0.0,Agressivo,Gabon
152132,Instagram,2024-09-06,Não Convertido,,0.0,Agressivo,Jamaica
152133,YouTube Ads,2024-09-07,Convertido,16.0,5760.57,Moderado,Pitcairn Islands
152134,TikTok,2024-09-02,Não Convertido,,0.0,Desconhecido,Morocco
152135,E-mail Marketing,2024-09-02,Não Convertido,,0.0,Agressivo,Tunisia
152136,WhatsApp,2024-09-02,Convertido,23.0,9912.62,Conservador,Central African Republic
152137,Orgânico,2024-09-04,Não Convertido,,0.0,Agressivo,Jordan
152138,Indicação,2024-09-05,Não Convertido,,0.0,Agressivo,Svalbard & Jan Mayen Islands
152139,Indicação,2024-09-05,Não Convertido,,0.0,Agressivo,Slovakia (Slovak Republic)
152140,Instagram,2024-09-05,Não Convertido,,0.0,Agressivo,Philippines
152141,Orgânico,2024-09-05,Não Convertido,,0.0,Agressivo,Liechtenstein
152142,Instagram,2024-09-04,Não Convertido,,0.0,Conservador,Solomon Islands
152143,Orgânico,2024-09-03,Não Convertido,,0.0,Conservador,United Arab Emirates
152144,E-mail Marketing,2024-09-06,Não Convertido,,0.0,Conservador,Korea
152145,WhatsApp,2024-09-05,Não Convertido,,0.0,Moderado,Mozambique
152146,Orgânico,2024-09-07,Não Convertido,,0.0,Agressivo,Saint Lucia
152147,Orgânico,2024-09-03,Não Convertido,,0.0,Conservador,Latvia
152148,Instagram,2024-09-05,Convertido,5.0,5763.37,Conservador,Uruguay
152149,E-mail Marketing,2024-09-03,Não Convertido,,0.0,Moderado,Antigua and Barbuda
152150,E-mail Marketing,2024-09-06,Não Convertido,,0.0,Moderado,Mali
152151,Google Ads,2024-09-07,Não Convertido,,0.0,Moderado,Lebanon
152152,Orgânico,2024-09-03,Não Convertido,,0.0,Desconhecido,Sierra Leone
152153,Google Ads,2024-09-05,Não Convertido,,0.0,Moderado,Kenya
152154,YouTube Ads,2024-09-03,Não Convertido,,0.0,Agressivo,Taiwan
152155,YouTube Ads,2024-09-04,Não Convertido,,0.0,Conservador,Mauritania
152156,YouTube Ads,2024-09-07,Não Convertido,,0.0,Conservador,Bouvet Island (Bouvetoya)
152157,Google Ads,2024-09-02,Não Convertido,,0.0,Agressivo,New Caledonia
152158,E-mail Marketing,2024-09-02,Não Convertido,,0.0,Conservador,Eritrea
152159,Orgânico,2024-09-05,Não Convertido,,0.0,Conservador,French Southern Territories
152160,Orgânico,2024-09-03,Não Convertido,,0.0,Conservador,Bahamas
152161,YouTube Ads,2024-09-06,Não Convertido,,0.0,Agressivo,Tajikistan
152162,WhatsApp,2024-09-04,Não Convertido,,0.0,Moderado,Paraguay
152163,Facebook,2024-09-06,Não Convertido,,0.0,Desconhecido,Aruba
152164,Indicação,2024-09-07,Não Convertido,,0.0,Moderado,Brazil
152165,TikTok,2024-09-06,Não Convertido,,0.0,Agressivo,Sudan
152166,Google Ads,2024-09-03,Não Convertido,,0.0,Agressivo,Wallis and Futuna
152167,Facebook,2024-09-04,Não Convertido,,0.0,Moderado,Burundi
152168,Orgânico,2024-09-02,Não Convertido,,0.0,Moderado,Bolivia
152169,YouTube Ads,2024-09-03,Não Convertido,,0.0,Moderado,Mali
152170,YouTube Ads,2024-09-04,Não Convertido,,0.0,Moderado,Niue
152171,Orgânico,2024-09-03,Não Convertido,,0.0,Agressivo,Cayman Islands
152172,WhatsApp,2024-09-02,Não Convertido,,0.0,Agressivo,Saint Barthelemy
152173,YouTube Ads,2024-09-02,Não Convertido,,0.0,Desconhecido,Japan
152174,E-mail Marketing,2024-09-03,Não Convertido,,0.0,Agressivo,Tokelau
152175,YouTube Ads,2024-09-03,Não Convertido,,0.0,Desconhecido,Svalbard & Jan Mayen Islands
152176,Facebook,2024-09-05,Não Convertido,,0.0,Moderado,British Virgin Islands
152177,TikTok,2024-09-07,Não Convertido,,0.0,Agressivo,Armenia
152178,Google Ads,2024-09-03,Não Convertido,,0.0,Moderado,Tanzania
152179,E-mail Marketing,2024-09-02,Não Convertido,,0.0,Conservador,Senegal
152180,Indicação,2024-09-02,Não Convertido,,0.0,Agressivo,Niger
152181,YouTube Ads,2024-09-02,Não Convertido,,0.0,Agressivo,Gibraltar
152182,Orgânico,2024-09-02,Não Convertido,,0.0,Moderado,Luxembourg
152183,YouTube Ads,2024-09-06,Não Convertido,,0.0,Moderado,Eritrea
152184,Google Ads,2024-09-03,Não Convertido,,0.0,Agressivo,Nepal
152185,Instagram,2024-09-06,Não Convertido,,0.0,Conservador,Slovakia (Slovak Republic)
152186,WhatsApp,2024-09-02,Não Convertido,,0.0,Moderado,Bermuda
152187,Orgânico,2024-09-04,Não Convertido,,0.0,Moderado,Gibraltar
152188,YouTube Ads,2024-09-07,Não Convertido,,0.0,Agressivo,Gambia
152189,E-mail Marketing,2024-09-02,Não Convertido,,0.0,Moderado,Somalia
152190,WhatsApp,2024-09-03,Não Convertido,,0.0,Moderado,Morocco
152191,Indicação,2024-09-03,Não Convertido,,0.0,Moderado,Bahamas
152192,Orgânico,2024-09-05,Não Convertido,,0.0,Agressivo,Bulgaria
152193,Orgânico,2024-09-04,Não Convertido,,0.0,Agressivo,China
152194,Orgânico,2024-09-04,Não Convertido,,0.0,Moderado,Jordan
152195,TikTok,2024-09-02,Não Convertido,,0.0,Agressivo,Kuwait
152196,YouTube Ads,2024-09-04,Não Convertido,,0.0,Conservador,Mexico
152197,TikTok,2024-09-04,Não Convertido,,0.0,Moderado,Mozambique
152198,TikTok,2024-09-04,Não Convertido,,0.0,Moderado,Djibouti
152199,YouTube Ads,2024-09-03,Não Convertido,,0.0,Conservador,Bahamas
152200,Instagram,2024-09-02,Não Convertido,,0.0,Conservador,Ireland
152201,YouTube Ads,2024-09-05,Não Convertido,,0.0,Conservador,United States Minor Outlying Islands
152202,TikTok,2024-09-03,Não Convertido,,0.0,Agressivo,Spain
152203,Facebook,2024-09-07,Não Convertido,,0.0,Agressivo,Serbia
152204,Facebook,2024-09-04,Não Convertido,,0.0,Moderado,Cote d'Ivoire
152205,E-mail Marketing,2024-09-06,Convertido,10.0,9418.67,Moderado,Bolivia
152206,Orgânico,2024-09-03,Não Convertido,,0.0,Agressivo,Mali
152207,Instagram,2024-09-03,Não Convertido,,0.0,Conservador,Puerto Rico
152208,YouTube Ads,2024-09-03,Não Convertido,,0.0,Moderado,Sao Tome and Principe
152209,Orgânico,2024-09-06,Não Convertido,,0.0,Moderado,Korea
152210,TikTok,2024-09-05,Não Convertido,,0.0,Agressivo,Bolivia
152211,TikTok,2024-09-04,Não Convertido,,0.0,Conservador,Heard Island and McDonald Islands
152212,Orgânico,2024-09-04,Não Convertido,,0.0,Agressivo,Japan
152213,Instagram,2024-09-07,Não Convertido,,0.0,Moderado,Poland
152214,TikTok,2024-09-07,Não Convertido,,0.0,Agressivo,Kenya
152215,Indicação,2024-09-03,Não Convertido,,0.0,Conservador,Tanzania
152216,YouTube Ads,2024-09-07,Não Convertido,,0.0,Desconhecido,Kenya
152217,Google Ads,2024-09-07,Não Convertido,,0.0,Moderado,Wallis and Futuna
152218,WhatsApp,2024-09-05,Não Convertido,,0.0,Moderado,Gabon
152219,Orgânico,2024-09-05,Não Convertido,,0.0,Moderado,South Georgia and the South Sandwich Islands
152220,E-mail Marketing,2024-09-05,Não Convertido,,0.0,Agressivo,Micronesia
152221,YouTube Ads,2024-09-07,Não Convertido,,0.0,Moderado,Philippines
152222,Orgânico,2024-09-05,Não Convertido,,0.0,Conservador,Tuvalu
152223,YouTube Ads,2024-09-04,Não Convertido,,0.0,Conservador,Antigua and Barbuda
152224,TikTok,2024-09-06,Não Convertido,,0.0,Conservador,Turks and Caicos Islands
152225,TikTok,2024-09-03,Não Convertido,,0.0,Desconhecido,Georgia
152226,Orgânico,2024-09-06,Não Convertido,,0.0,Conservador,Nicaragua
152227,Facebook,2024-09-05,Convertido,12.0,4161.38,Moderado,Ghana
152228,TikTok,2024-09-05,Não Convertido,,0.0,Agressivo,Swaziland
152229,Instagram,2024-09-05,Não Convertido,,0.0,Conservador,Mali
152230,WhatsApp,2024-09-07,Não Convertido,,0.0,Conservador,Chile
152231,E-mail Marketing,2024-09-04,Não Convertido,,0.0,Moderado,Guam
152232,Facebook,2024-09-05,Não Convertido,,0.0,Desconhecido,Jamaica
152233,Google Ads,2024-09-04,Não Convertido,,0.0,Moderado,San Marino
152234,E-mail Marketing,2024-09-07,Não Convertido,,0.0,Moderado,Seychelles
152235,Google Ads,2024-09-05,Não Convertido,,0.0,Agressivo,Libyan Arab Jamahiriya
152236,Indicação,2024-09-05,Não Convertido,,0.0,Agressivo,Haiti
152237,WhatsApp,2024-09-07,Não Convertido,,0.0,Conservador,Malta
152238,Orgânico,2024-09-02,Não Convertido,,0.0,Agressivo,Guernsey
152239,Instagram,2024-09-03,Não Convertido,,0.0,Moderado,Thailand
152240,YouTube Ads,2024-09-04,Não Convertido,,0.0,Moderado,Andorra
152241,Orgânico,2024-09-02,Não Convertido,,0.0,Moderado,Greece
152242,Instagram,2024-09-05,Não Convertido,,0.0,Conservador,Saint Kitts and Nevis
152243,Instagram,2024-09-06,Não Convertido,,0.0,Desconhecido,Isle of Man
152244,Facebook,2024-09-02,Não Convertido,,0.0,Moderado,Kyrgyz Republic
152245,Facebook,2024-09-04,Não Convertido,,0.0,Agressivo,Christmas Island
152246,Google Ads,2024-09-07,Não Convertido,,0.0,Moderado,Tunisia
152247,Instagram,2024-09-02,Não Convertido,,0.0,Moderado,Micronesia
152248,Orgânico,2024-09-05,Não Convertido,,0.0,Moderado,Nicaragua
152249,Orgânico,2024-09-06,Não Convertido,,0.0,Moderado,United States of America
152250,Orgânico,2024-09-04,Não Convertido,,0.0,Agressivo,Brazil
152251,Instagram,2024-09-02,Não Convertido,,0.0,Agressivo,Georgia
152252,E-mail Marketing,2024-09-05,Não Convertido,,0.0,Conservador,Afghanistan
152253,Facebook,2024-09-03,Convertido,0.0,8832.97,Conservador,Fiji
152254,WhatsApp,2024-09-03,Não Convertido,,0.0,Moderado,Congo
152255,TikTok,2024-09-04,Não Convertido,,0.0,Conservador,British Virgin Islands
152256,WhatsApp,2024-09-05,Não Convertido,,0.0,Agressivo,Italy
152257,Orgânico,2024-09-05,Não Convertido,,0.0,Moderado,Myanmar
152258,Indicação,2024-09-04,Não Convertido,,0.0,Agressivo,Kiribati
152259,Instagram,2024-09-05,Não Convertido,,0.0,Agressivo,Ireland
152260,Instagram,2024-09-04,Não Convertido,,0.0,Moderado,Saint Pierre and Miquelon
152261,TikTok,2024-09-02,Não Convertido,,0.0,Conservador,Samoa
152262,E-mail Marketing,2024-09-06,Não Convertido,,0.0,Moderado,Saint Lucia
152263,Instagram,2024-09-02,Não Convertido,,0.0,Agressivo,Niue
152264,Facebook,2024-09-04,Não Convertido,,0.0,Agressivo,French Polynesia
152265,TikTok,2024-09-05,Não Convertido,,0.0,Moderado,Estonia
152266,E-mail Marketing,2024-09-03,Não Convertido,,0.0,Agressivo,Somalia
152267,Google Ads,2024-09-07,Não Convertido,,0.0,Agressivo,Guyana
152268,Orgânico,2024-09-03,Não Convertido,,0.0,Agressivo,Portugal
152269,TikTok,2024-09-04,Não Convertido,,0.0,Moderado,North Macedonia
152270,TikTok,2024-09-03,Não Convertido,,0.0,Agressivo,Georgia
152271,Orgânico,2024-09-06,Não Convertido,,0.0,Moderado,Bolivia
152272,Orgânico,2024-09-05,Não Convertido,,0.0,Agressivo,Luxembourg
152273,Google Ads,2024-09-04,Não Convertido,,0.0,Agressivo,Thailand
152274,TikTok,2024-09-04,Não Convertido,,0.0,Conservador,Cocos (Keeling) Islands
152275,WhatsApp,2024-09-06,Não Convertido,,0.0,Agressivo,Poland
152276,TikTok,2024-09-04,Não Convertido,,0.0,Moderado,Qatar
152277,Indicação,2024-09-05,Não Convertido,,0.0,Moderado,Guam
152278,Instagram,2024-09-02,Convertido,17.0,9764.22,Agressivo,Bulgaria
152279,Instagram,2024-09-03,Não Convertido,,0.0,Agressivo,Falkland Islands (Malvinas)
152280,Google Ads,2024-09-05,Não Convertido,,0.0,Moderado,Dominica
152281,Instagram,2024-09-07,Não Convertido,,0.0,Conservador,Bangladesh
152282,Facebook,2024-09-03,Não Convertido,,0.0,Moderado,Afghanistan
152283,Orgânico,2024-09-06,Não Convertido,,0.0,Moderado,Guam
152284,WhatsApp,2024-09-05,Não Convertido,,0.0,Desconhecido,British Virgin Islands
152285,Instagram,2024-09-07,Não Convertido,,0.0,Moderado,Aruba
152286,Instagram,2024-09-04,Não Convertido,,0.0,Moderado,Kiribati
152287,TikTok,2024-09-04,Não Convertido,,0.0,Agressivo,Mauritius
152288,WhatsApp,2024-09-06,Não Convertido,,0.0,Moderado,Guatemala
152289,Instagram,2024-09-05,Não Convertido,,0.0,Moderado,Gabon
152290,Instagram,2024-09-07,Não Convertido,,0.0,Desconhecido,Ireland
152291,Instagram,2024-09-02,Não Convertido,,0.0,Agressivo,Guinea
152292,Indicação,2024-09-02,Não Convertido,,0.0,Moderado,Saint Lucia
152293,TikTok,2024-09-03,Não Convertido,,0.0,Moderado,Cape Verde
152294,Google Ads,2024-09-05,Não Convertido,,0.0,Moderado,French Guiana
152295,Instagram,2024-09-07,Não Convertido,,0.0,Agressivo,Botswana
152296,Google Ads,2024-09-02,Não Convertido,,0.0,Agressivo,Egypt
152297,WhatsApp,2024-09-04,Não Convertido,,0.0,Moderado,Afghanistan
152298,E-mail Marketing,2024-09-06,Não Convertido,,0.0,Desconhecido,Bahrain
152299,WhatsApp,2024-09-07,Não Convertido,,0.0,Conservador,Cape Verde
152300,Orgânico,2024-09-03,Não Convertido,,0.0,Moderado,Heard Island and McDonald Islands
152301,Instagram,2024-09-04,Convertido,16.0,9741.6,Moderado,Isle of Man
152302,Google Ads,2024-09-07,Não Convertido,,0.0,Moderado,Palau
152303,E-mail Marketing,2024-09-03,Não Convertido,,0.0,Desconhecido,French Southern Territories
152304,YouTube Ads,2024-09-02,Convertido,29.0,5722.59,Agressivo,Lithuania
152305,TikTok,2024-09-07,Não Convertido,,0.0,Agressivo,Dominican Republic
152306,TikTok,2024-09-05,Não Convertido,,0.0,Conservador,Antigua and Barbuda
152307,Instagram,2024-09-07,Não Convertido,,0.0,Agressivo,El Salvador
152308,Instagram,2024-09-03,Não Convertido,,0.0,Moderado,Timor-Leste
152309,Instagram,2024-09-03,Não Convertido,,0.0,Agressivo,Faroe Islands
152310,YouTube Ads,2024-09-04,Não Convertido,,0.0,Moderado,New Zealand
152311,Google Ads,2024-09-07,Não Convertido,,0.0,Conservador,Christmas Island
152312,Orgânico,2024-09-03,Não Convertido,,0.0,Conservador,Ukraine
152313,E-mail Marketing,2024-09-06,Não Convertido,,0.0,Agressivo,Iceland
152314,WhatsApp,2024-09-06,Não Convertido,,0.0,Agressivo,Saudi Arabia
152315,WhatsApp,2024-09-02,Não Convertido,,0.0,Moderado,Lebanon
152316,YouTube Ads,2024-09-03,Não Convertido,,0.0,Moderado,Slovakia (Slovak Republic)
152317,E-mail Marketing,2024-09-05,Não Convertido,,0.0,Agressivo,Congo
152318,Orgânico,2024-09-06,Não Convertido,,0.0,Agressivo,Montserrat
152319,YouTube Ads,2024-09-03,Não Convertido,,0.0,Agressivo,Jamaica
152320,Instagram,2024-09-07,Não Convertido,,0.0,Agressivo,Palestinian Territory
152321,YouTube Ads,2024-09-07,Não Convertido,,0.0,Conservador,Papua New Guinea
152322,Orgânico,2024-09-02,Não Convertido,,0.0,Moderado,Barbados
152323,TikTok,2024-09-06,Não Convertido,,0.0,Conservador,Malaysia
152324,Instagram,2024-09-05,Não Convertido,,0.0,Moderado,Saint Martin
152325,TikTok,2024-09-07,Não Convertido,,0.0,Moderado,Congo
152326,TikTok,2024-09-05,Não Convertido,,0.0,Agressivo,Mauritius
152327,WhatsApp,2024-09-03,Não Convertido,,0.0,Agressivo,Congo
152328,Google Ads,2024-09-06,Não Convertido,,0.0,Agressivo,Lesotho
152329,Orgânico,2024-09-04,Não Convertido,,0.0,Moderado,Romania
152330,Orgânico,2024-09-07,Não Convertido,,0.0,Agressivo,Northern Mariana Islands
152331,TikTok,2024-09-05,Não Convertido,,0.0,Moderado,Haiti
152332,Indicação,2024-09-02,Não Convertido,,0.0,Moderado,Nauru
152333,TikTok,2024-09-03,Convertido,20.0,8158.44,Moderado,Portugal
152334,WhatsApp,2024-09-04,Não Convertido,,0.0,Moderado,Anguilla
152335,Orgânico,2024-09-03,Não Convertido,,0.0,Desconhecido,Congo
152336,Facebook,2024-09-05,Não Convertido,,0.0,Agressivo,Serbia
152337,TikTok,2024-09-04,Não Convertido,,0.0,Agressivo,Jersey
152338,Orgânico,2024-09-07,Não Convertido,,0.0,Desconhecido,Zambia
152339,YouTube Ads,2024-09-06,Não Convertido,,0.0,Agressivo,Cook Islands
152340,WhatsApp,2024-09-06,Não Convertido,,0.0,Moderado,Belarus
152341,WhatsApp,2024-09-02,Não Convertido,,0.0,Moderado,Ghana
152342,Facebook,2024-09-07,Não Convertido,,0.0,Moderado,Cocos (Keeling) Islands
152343,Google Ads,2024-09-06,Não Convertido,,0.0,Moderado,United Kingdom
152344,E-mail Marketing,2024-09-07,Não Convertido,,0.0,Moderado,Liberia
152345,YouTube Ads,2024-09-07,Não Convertido,,0.0,Moderado,Papua New Guinea
152346,Facebook,2024-09-06,Não Convertido,,0.0,Moderado,Cote d'Ivoire
152347,Facebook,2024-09-07,Não Convertido,,0.0,Conservador,Anguilla
152348,Orgânico,2024-09-06,Não Convertido,,0.0,Moderado,Estonia
152349,WhatsApp,2024-09-07,Não Convertido,,0.0,Moderado,Eritrea
152350,Google Ads,2024-09-06,Não Convertido,,0.0,Agressivo,Nauru
152351,Instagram,2024-09-03,Não Convertido,,0.0,Moderado,Lebanon
152352,Instagram,2024-09-03,Não Convertido,,0.0,Agressivo,Estonia
152353,Instagram,2024-09-06,Não Convertido,,0.0,Agressivo,Finland
152354,Facebook,2024-09-05,Não Convertido,,0.0,Moderado,Peru
152355,Orgânico,2024-09-07,Não Convertido,,0.0,Agressivo,Isle of Man
152356,Orgânico,2024-09-07,Não Convertido,,0.0,Moderado,Namibia
152357,Instagram,2024-09-02,Não Convertido,,0.0,Agressivo,Bulgaria
152358,Orgânico,2024-09-05,Não Convertido,,0.0,Moderado,El Salvador
152359,TikTok,2024-09-03,Não Convertido,,0.0,Moderado,Palau
152360,Facebook,2024-09-07,Não Convertido,,0.0,Moderado,Lebanon
152361,Google Ads,2024-09-07,Não Convertido,,0.0,Conservador,Sweden
152362,Instagram,2024-09-05,Convertido,6.0,1567.93,Conservador,Bulgaria
152363,Google Ads,2024-09-07,Não Convertido,,0.0,Moderado,Kenya
152364,TikTok,2024-09-05,Não Convertido,,0.0,Moderado,Marshall Islands
152365,Facebook,2024-09-04,Não Convertido,,0.0,Agressivo,Guernsey
152366,Instagram,2024-09-07,Não Convertido,,0.0,Moderado,Zimbabwe
152367,TikTok,2024-09-03,Não Convertido,,0.0,Moderado,Mauritania
152368,YouTube Ads,2024-09-07,Não Convertido,,0.0,Desconhecido,Dominica
152369,Google Ads,2024-09-02,Não Convertido,,0.0,Moderado,Anguilla
152370,Google Ads,2024-09-02,Convertido,2.0,1613.48,Agressivo,Italy
152371,E-mail Marketing,2024-09-05,Não Convertido,,0.0,Moderado,Congo
152372,Orgânico,2024-09-05,Não Convertido,,0.0,Conservador,Kenya
152373,Orgânico,2024-09-06,Convertido,7.0,9562.25,Agressivo,Jamaica
152374,Facebook,2024-09-03,Não Convertido,,0.0,Moderado,Reunion
152375,E-mail Marketing,2024-09-03,Não Convertido,,0.0,Agressivo,Maldives
152376,Orgânico,2024-09-04,Não Convertido,,0.0,Conservador,France
152377,YouTube Ads,2024-09-02,Não Convertido,,0.0,Moderado,Benin
152378,Orgânico,2024-09-07,Não Convertido,,0.0,Agressivo,Vanuatu
152379,Indicação,2024-09-06,Não Convertido,,0.0,Moderado,Kenya
152380,TikTok,2024-09-06,Não Convertido,,0.0,Agressivo,Uzbekistan
152381,E-mail Marketing,2024-09-02,Não Convertido,,0.0,Agressivo,Guinea-Bissau
152382,YouTube Ads,2024-09-07,Não Convertido,,0.0,Moderado,Guatemala
152383,WhatsApp,2024-09-05,Convertido,8.0,9356.33,Moderado,Falkland Islands (Malvinas)
152384,Orgânico,2024-09-03,Não Convertido,,0.0,Moderado,Svalbard & Jan Mayen Islands
152385,TikTok,2024-09-04,Não Convertido,,0.0,Moderado,Gabon
152386,TikTok,2024-09-02,Convertido,29.0,2846.13,Conservador,Saint Pierre and Miquelon
152387,YouTube Ads,2024-09-02,Não Convertido,,0.0,Agressivo,Equatorial Guinea
152388,YouTube Ads,2024-09-07,Não Convertido,,0.0,Conservador,Brunei Darussalam
152389,Orgânico,2024-09-05,Não Convertido,,0.0,Conservador,Pakistan
152390,Google Ads,2024-09-03,Não Convertido,,0.0,Moderado,Swaziland
152391,E-mail Marketing,2024-09-03,Não Convertido,,0.0,Agressivo,Malta
152392,Instagram,2024-09-02,Não Convertido,,0.0,Agressivo,Belgium
152393,Google Ads,2024-09-03,Não Convertido,,0.0,Desconhecido,Russian Federation
152394,YouTube Ads,2024-09-05,Não Convertido,,0.0,Agressivo,Turks and Caicos Islands
152395,TikTok,2024-09-06,Não Convertido,,0.0,Agressivo,China
152396,Indicação,2024-09-03,Não Convertido,,0.0,Conservador,Sierra Leone
152397,Orgânico,2024-09-04,Não Convertido,,0.0,Moderado,Papua New Guinea
152398,Instagram,2024-09-06,Não Convertido,,0.0,Desconhecido,Aruba
152399,Orgânico,2024-09-05,Não Convertido,,0.0,Moderado,Niger
152400,YouTube Ads,2024-09-02,Não Convertido,,0.0,Desconhecido,Bhutan
152401,YouTube Ads,2024-09-02,Não Convertido,,0.0,Moderado,Saint Helena
152402,Instagram,2024-09-05,Não Convertido,,0.0,Conservador,Maldives
152403,TikTok,2024-09-07,Não Convertido,,0.0,Agressivo,Jersey
152404,E-mail Marketing,2024-09-02,Não Convertido,,0.0,Agressivo,Tunisia
152405,Facebook,2024-09-04,Não Convertido,,0.0,Agressivo,Northern Mariana Islands
152406,TikTok,2024-09-05,Não Convertido,,0.0,Desconhecido,Central African Republic
152407,Google Ads,2024-09-07,Não Convertido,,0.0,Conservador,Uzbekistan
152408,Orgânico,2024-09-05,Não Convertido,,0.0,Moderado,Belarus
152409,WhatsApp,2024-09-02,Não Convertido,,0.0,Moderado,Ukraine
152410,Google Ads,2024-09-06,Não Convertido,,0.0,Conservador,Puerto Rico
152411,TikTok,2024-09-06,Não Convertido,,0.0,Agressivo,French Polynesia
152412,WhatsApp,2024-09-04,Não Convertido,,0.0,Desconhecido,China
152413,E-mail Marketing,2024-09-06,Não Convertido,,0.0,Moderado,French Polynesia
152414,YouTube Ads,2024-09-03,Não Convertido,,0.0,Agressivo,Guernsey
152415,YouTube Ads,2024-09-03,Convertido,13.0,2469.59,Conservador,Tonga
152416,Indicação,2024-09-05,Não Convertido,,0.0,Conservador,Egypt
152417,WhatsApp,2024-09-06,Não Convertido,,0.0,Agressivo,Sao Tome and Principe
152418,WhatsApp,2024-09-02,Não Convertido,,0.0,Moderado,Nauru
152419,Facebook,2024-09-04,Não Convertido,,0.0,Conservador,Grenada
152420,Instagram,2024-09-07,Não Convertido,,0.0,Moderado,Suriname
152421,Orgânico,2024-09-04,Não Convertido,,0.0,Moderado,Saudi Arabia
152422,Orgânico,2024-09-06,Não Convertido,,0.0,Moderado,Seychelles
152423,Instagram,2024-09-07,Não Convertido,,0.0,Desconhecido,Bahrain
152424,Google Ads,2024-09-06,Não Convertido,,0.0,Moderado,Bangladesh
152425,WhatsApp,2024-09-07,Não Convertido,,0.0,Agressivo,Pakistan
152426,TikTok,2024-09-07,Não Convertido,,0.0,Agressivo,Serbia
152427,Orgânico,2024-09-06,Não Convertido,,0.0,Agressivo,Sao Tome and Principe
152428,Instagram,2024-09-04,Não Convertido,,0.0,Moderado,Libyan Arab Jamahiriya
152429,Facebook,2024-09-06,Não Convertido,,0.0,Moderado,Swaziland
152430,E-mail Marketing,2024-09-04,Não Convertido,,0.0,Conservador,Switzerland
152431,Orgânico,2024-09-06,Não Convertido,,0.0,Agressivo,Bolivia
152432,Orgânico,2024-09-04,Não Convertido,,0.0,Moderado,Brunei Darussalam
152433,Orgânico,2024-09-05,Não Convertido,,0.0,Agressivo,Gambia
152434,E-mail Marketing,2024-09-03,Não Convertido,,0.0,Desconhecido,Lesotho
152435,Facebook,2024-09-02,Não Convertido,,0.0,Moderado,Netherlands Antilles
152436,Orgânico,2024-09-06,Não Convertido,,0.0,Agressivo,Fiji
152437,Instagram,2024-09-02,Não Convertido,,0.0,Moderado,Seychelles
152438,E-mail Marketing,2024-09-07,Não Convertido,,0.0,Agressivo,Madagascar
152439,Facebook,2024-09-06,Não Convertido,,0.0,Conservador,France
152440,Orgânico,2024-09-04,Não Convertido,,0.0,Moderado,Czech Republic
152441,Google Ads,2024-09-02,Não Convertido,,0.0,Moderado,Montenegro
152442,Facebook,2024-09-04,Não Convertido,,0.0,Desconhecido,Senegal
152443,TikTok,2024-09-02,Não Convertido,,0.0,Moderado,France
152444,Orgânico,2024-09-06,Não Convertido,,0.0,Conservador,Montserrat
152445,Google Ads,2024-09-04,Não Convertido,,0.0,Conservador,Jordan
152446,Facebook,2024-09-05,Não Convertido,,0.0,Moderado,New Caledonia
152447,Google Ads,2024-09-07,Não Convertido,,0.0,Moderado,Niue
152448,Instagram,2024-09-06,Convertido,3.0,4076.94,Moderado,Armenia
152449,Orgânico,2024-09-02,Não Convertido,,0.0,Conservador,North Macedonia
152450,Instagram,2024-09-07,Não Convertido,,0.0,Agressivo,Spain
152451,YouTube Ads,2024-09-03,Não Convertido,,0.0,Desconhecido,Afghanistan
152452,Orgânico,2024-09-07,Não Convertido,,0.0,Moderado,Marshall Islands
152453,Google Ads,2024-09-05,Não Convertido,,0.0,Moderado,Romania
152454,Orgânico,2024-09-07,Não Convertido,,0.0,Moderado,Saint Vincent and the Grenadines
152455,Instagram,2024-09-03,Não Convertido,,0.0,Moderado,Comoros
152456,YouTube Ads,2024-09-06,Não Convertido,,0.0,Moderado,Equatorial Guinea
152457,TikTok,2024-09-02,Não Convertido,,0.0,Moderado,Colombia
152458,YouTube Ads,2024-09-06,Não Convertido,,0.0,Agressivo,Iceland
152459,E-mail Marketing,2024-09-05,Não Convertido,,0.0,Agressivo,Ireland
152460,Orgânico,2024-09-06,Não Convertido,,0.0,Agressivo,Reunion
152461,Orgânico,2024-09-04,Não Convertido,,0.0,Moderado,Central African Republic
152462,YouTube Ads,2024-09-04,Não Convertido,,0.0,Conservador,Ireland
152463,Orgânico,2024-09-06,Não Convertido,,0.0,Moderado,Russian Federation
152464,Instagram,2024-09-03,Não Convertido,,0.0,Agressivo,Sierra Leone
152465,Indicação,2024-09-05,Não Convertido,,0.0,Desconhecido,Albania
152466,Orgânico,2024-09-03,Não Convertido,,0.0,Agressivo,Ukraine
152467,TikTok,2024-09-07,Não Convertido,,0.0,Agressivo,South Africa
152468,Facebook,2024-09-06,Não Convertido,,0.0,Conservador,Tonga
152469,Instagram,2024-09-05,Não Convertido,,0.0,Moderado,Holy See (Vatican City State)
152470,Instagram,2024-09-07,Não Convertido,,0.0,Moderado,Slovakia (Slovak Republic)
152471,Instagram,2024-09-02,Não Convertido,,0.0,Agressivo,Israel
152472,Google Ads,2024-09-02,Convertido,12.0,7911.83,Agressivo,Honduras
152473,YouTube Ads,2024-09-03,Não Convertido,,0.0,Moderado,Slovakia (Slovak Republic)
152474,Indicação,2024-09-02,Não Convertido,,0.0,Agressivo,Marshall Islands
152475,Indicação,2024-09-04,Não Convertido,,0.0,Agressivo,Botswana
152476,TikTok,2024-09-04,Convertido,1.0,716.97,Agressivo,Andorra
152477,TikTok,2024-09-06,Não Convertido,,0.0,Moderado,Canada
152478,TikTok,2024-09-05,Não Convertido,,0.0,Moderado,Estonia
152479,Orgânico,2024-09-05,Não Convertido,,0.0,Conservador,Heard Island and McDonald Islands
152480,WhatsApp,2024-09-07,Não Convertido,,0.0,Moderado,Bulgaria
152481,E-mail Marketing,2024-09-03,Não Convertido,,0.0,Moderado,Gabon
152482,Orgânico,2024-09-02,Não Convertido,,0.0,Desconhecido,Israel
152483,TikTok,2024-09-07,Não Convertido,,0.0,Moderado,United States of America
152484,WhatsApp,2024-09-05,Não Convertido,,0.0,Agressivo,Turkmenistan
152485,YouTube Ads,2024-09-06,Convertido,2.0,3620.11,Conservador,Oman
152486,Google Ads,2024-09-06,Não Convertido,,0.0,Moderado,Bulgaria
152487,WhatsApp,2024-09-03,Não Convertido,,0.0,Moderado,New Zealand
152488,Indicação,2024-09-04,Não Convertido,,0.0,Conservador,Norfolk Island
152489,Instagram,2024-09-03,Não Convertido,,0.0,Moderado,Togo
152490,TikTok,2024-09-07,Não Convertido,,0.0,Moderado,Cameroon
152491,WhatsApp,2024-09-06,Não Convertido,,0.0,Moderado,Montserrat
152492,E-mail Marketing,2024-09-07,Não Convertido,,0.0,Agressivo,Sao Tome and Principe
152493,TikTok,2024-09-06,Não Convertido,,0.0,Moderado,Saint Kitts and Nevis
152494,Google Ads,2024-09-04,Não Convertido,,0.0,Agressivo,North Macedonia
152495,Orgânico,2024-09-03,Não Convertido,,0.0,Desconhecido,Saint Martin
152496,Instagram,2024-09-03,Não Convertido,,0.0,Agressivo,Norfolk Island
152497,WhatsApp,2024-09-05,Não Convertido,,0.0,Conservador,Burkina Faso
152498,E-mail Marketing,2024-09-06,Não Convertido,,0.0,Desconhecido,Andorra
152499,YouTube Ads,2024-09-05,Não Convertido,,0.0,Conservador,Myanmar
152500,Orgânico,2024-09-02,Não Convertido,,0.0,Moderado,Vanuatu
152501,Google Ads,2024-09-05,Não Convertido,,0.0,Agressivo,Czech Republic
152502,E-mail Marketing,2024-09-04,Não Convertido,,0.0,Moderado,Belgium
152503,Orgânico,2024-09-07,Não Convertido,,0.0,Agressivo,Syrian Arab Republic
152504,Orgânico,2024-09-03,Não Convertido,,0.0,Conservador,Armenia
152505,YouTube Ads,2024-09-05,Não Convertido,,0.0,Agressivo,Mali
152506,Instagram,2024-09-03,Não Convertido,,0.0,Desconhecido,Ethiopia
152507,Google Ads,2024-09-06,Não Convertido,,0.0,Moderado,Jersey
152508,TikTok,2024-09-05,Não Convertido,,0.0,Conservador,Central African Republic
152509,Orgânico,2024-09-04,Não Convertido,,0.0,Moderado,Korea
152510,Orgânico,2024-09-04,Não Convertido,,0.0,Moderado,Uruguay
152511,Orgânico,2024-09-05,Não Convertido,,0.0,Desconhecido,Peru
152512,Indicação,2024-09-07,Não Convertido,,0.0,Conservador,Netherlands
152513,Google Ads,2024-09-03,Não Convertido,,0.0,Conservador,Bosnia and Herzegovina
152514,Facebook,2024-09-02,Não Convertido,,0.0,Desconhecido,Cocos (Keeling) Islands
152515,Google Ads,2024-09-06,Não Convertido,,0.0,Moderado,Luxembourg
152516,TikTok,2024-09-04,Não Convertido,,0.0,Agressivo,Iceland
152517,E-mail Marketing,2024-09-07,Não Convertido,,0.0,Agressivo,Cuba
152518,Instagram,2024-09-02,Não Convertido,,0.0,Agressivo,India
152519,YouTube Ads,2024-09-02,Não Convertido,,0.0,Agressivo,China
152520,Indicação,2024-09-07,Não Convertido,,0.0,Moderado,Ireland
152521,YouTube Ads,2024-09-05,Não Convertido,,0.0,Agressivo,French Polynesia
152522,TikTok,2024-09-02,Não Convertido,,0.0,Moderado,Turkmenistan
152523,Orgânico,2024-09-06,Não Convertido,,0.0,Conservador,Gabon
152524,Google Ads,2024-09-06,Não Convertido,,0.0,Agressivo,United Kingdom
152525,E-mail Marketing,2024-09-05,Não Convertido,,0.0,Moderado,Cuba
152526,E-mail Marketing,2024-09-07,Não Convertido,,0.0,Moderado,Moldova
152527,YouTube Ads,2024-09-03,Não Convertido,,0.0,Moderado,Armenia
152528,Instagram,2024-09-03,Não Convertido,,0.0,Desconhecido,Cyprus
152529,TikTok,2024-09-06,Não Convertido,,0.0,Agressivo,Switzerland
152530,Orgânico,2024-09-07,Não Convertido,,0.0,Conservador,Latvia
152531,TikTok,2024-09-02,Não Convertido,,0.0,Moderado,Ireland
152532,Google Ads,2024-09-07,Não Convertido,,0.0,Agressivo,Rwanda
152533,Orgânico,2024-09-02,Não Convertido,,0.0,Conservador,United States Virgin Islands
152534,Orgânico,2024-09-04,Não Convertido,,0.0,Conservador,Tunisia
152535,E-mail Marketing,2024-09-04,Não Convertido,,0.0,Conservador,Azerbaijan
152536,Facebook,2024-09-05,Não Convertido,,0.0,Moderado,Paraguay
152537,Orgânico,2024-09-02,Não Convertido,,0.0,Agressivo,French Guiana
152538,WhatsApp,2024-09-04,Não Convertido,,0.0,Agressivo,Falkland Islands (Malvinas)
152539,Google Ads,2024-09-03,Não Convertido,,0.0,Conservador,Albania
152540,TikTok,2024-09-06,Convertido,29.0,7637.23,Moderado,Djibouti
152541,Instagram,2024-09-04,Não Convertido,,0.0,Conservador,Denmark
152542,YouTube Ads,2024-09-05,Não Convertido,,0.0,Conservador,Botswana
152543,Instagram,2024-09-02,Não Convertido,,0.0,Conservador,Uzbekistan
152544,Facebook,2024-09-05,Não Convertido,,0.0,Conservador,Egypt
152545,E-mail Marketing,2024-09-03,Não Convertido,,0.0,Agressivo,Guyana
152546,WhatsApp,2024-09-04,Não Convertido,,0.0,Agressivo,Syrian Arab Republic
152547,TikTok,2024-09-04,Não Convertido,,0.0,Desconhecido,Afghanistan
152548,TikTok,2024-09-03,Não Convertido,,0.0,Agressivo,New Zealand
152549,Instagram,2024-09-03,Não Convertido,,0.0,Desconhecido,Antarctica (the territory South of 60 deg S)
152550,TikTok,2024-09-03,Não Convertido,,0.0,Conservador,Pakistan
152551,E-mail Marketing,2024-09-05,Não Convertido,,0.0,Moderado,Chile
152552,Facebook,2024-09-03,Não Convertido,,0.0,Moderado,Sweden
152553,Instagram,2024-09-04,Não Convertido,,0.0,Agressivo,Djibouti
152554,Instagram,2024-09-02,Convertido,0.0,1440.05,Agressivo,Suriname
152555,E-mail Marketing,2024-09-05,Não Convertido,,0.0,Agressivo,Botswana
152556,E-mail Marketing,2024-09-04,Não Convertido,,0.0,Desconhecido,Singapore
152557,Facebook,2024-09-03,Não Convertido,,0.0,Conservador,Saint Vincent and the Grenadines
152558,Facebook,2024-09-02,Não Convertido,,0.0,Agressivo,Greece
152559,Orgânico,2024-09-05,Não Convertido,,0.0,Desconhecido,Uzbekistan
152560,Google Ads,2024-09-02,Não Convertido,,0.0,Moderado,Egypt
152561,Orgânico,2024-09-04,Não Convertido,,0.0,Moderado,Marshall Islands
152562,TikTok,2024-09-04,Não Convertido,,0.0,Moderado,Kazakhstan
152563,TikTok,2024-09-03,Não Convertido,,0.0,Moderado,Ecuador
152564,Instagram,2024-09-02,Não Convertido,,0.0,Moderado,Colombia
152565,Orgânico,2024-09-05,Não Convertido,,0.0,Agressivo,Pakistan
152566,Indicação,2024-09-06,Não Convertido,,0.0,Moderado,Iran
152567,Orgânico,2024-09-02,Não Convertido,,0.0,Desconhecido,Angola
152568,WhatsApp,2024-09-03,Não Convertido,,0.0,Agressivo,Taiwan
152569,TikTok,2024-09-04,Não Convertido,,0.0,Conservador,Western Sahara
152570,TikTok,2024-09-02,Não Convertido,,0.0,Agressivo,Bermuda
152571,TikTok,2024-09-04,Não Convertido,,0.0,Moderado,Turkey
152572,Facebook,2024-09-03,Convertido,0.0,3850.53,Moderado,Slovakia (Slovak Republic)
152573,Instagram,2024-09-02,Não Convertido,,0.0,Agressivo,Australia
152574,Orgânico,2024-09-05,Convertido,14.0,8669.17,Moderado,Tuvalu
152575,E-mail Marketing,2024-09-02,Convertido,6.0,2627.04,Moderado,Algeria
152576,WhatsApp,2024-09-04,Não Convertido,,0.0,Desconhecido,Cayman Islands
152577,WhatsApp,2024-09-07,Não Convertido,,0.0,Desconhecido,Luxembourg
152578,Orgânico,2024-09-04,Não Convertido,,0.0,Moderado,Cambodia
152579,Google Ads,2024-09-04,Não Convertido,,0.0,Agressivo,Tajikistan
152580,Orgânico,2024-09-03,Não Convertido,,0.0,Moderado,Madagascar
152581,Instagram,2024-09-02,Não Convertido,,0.0,Moderado,Guam
152582,Instagram,2024-09-02,Não Convertido,,0.0,Moderado,United Arab Emirates
152583,TikTok,2024-09-04,Não Convertido,,0.0,Conservador,Bolivia
152584,Instagram,2024-09-03,Não Convertido,,0.0,Moderado,Bulgaria
152585,E-mail Marketing,2024-09-03,Não Convertido,,0.0,Conservador,Guatemala
152586,Facebook,2024-09-04,Não Convertido,,0.0,Conservador,Togo
152587,Indicação,2024-09-04,Não Convertido,,0.0,Conservador,Barbados
152588,Google Ads,2024-09-03,Não Convertido,,0.0,Conservador,Tonga
152589,E-mail Marketing,2024-09-04,Não Convertido,,0.0,Moderado,Swaziland
152590,TikTok,2024-09-05,Não Convertido,,0.0,Moderado,Cambodia
152591,WhatsApp,2024-09-03,Não Convertido,,0.0,Agressivo,Ecuador
152592,Instagram,2024-09-03,Não Convertido,,0.0,Moderado,Antarctica (the territory South of 60 deg S)
152593,Orgânico,2024-09-07,Não Convertido,,0.0,Moderado,Chad
152594,Orgânico,2024-09-02,Convertido,24.0,3493.15,Agressivo,Senegal
152595,Instagram,2024-09-06,Não Convertido,,0.0,Desconhecido,Mongolia
152596,YouTube Ads,2024-09-07,Não Convertido,,0.0,Agressivo,Saint Kitts and Nevis
152597,YouTube Ads,2024-09-07,Não Convertido,,0.0,Agressivo,Nicaragua
152598,E-mail Marketing,2024-09-07,Não Convertido,,0.0,Moderado,Heard Island and McDonald Islands
152599,Instagram,2024-09-05,Não Convertido,,0.0,Moderado,Heard Island and McDonald Islands
152600,Indicação,2024-09-04,Não Convertido,,0.0,Moderado,United States Virgin Islands
152601,E-mail Marketing,2024-09-07,Não Convertido,,0.0,Moderado,Cape Verde
152602,E-mail Marketing,2024-09-05,Não Convertido,,0.0,Agressivo,Central African Republic
152603,Instagram,2024-09-07,Não Convertido,,0.0,Moderado,Gambia
152604,Google Ads,2024-09-04,Não Convertido,,0.0,Conservador,Wallis and Futuna
152605,Google Ads,2024-09-03,Não Convertido,,0.0,Agressivo,Samoa
152606,TikTok,2024-09-04,Não Convertido,,0.0,Conservador,Ecuador
152607,Indicação,2024-09-06,Não Convertido,,0.0,Moderado,United States of America
152608,E-mail Marketing,2024-09-04,Não Convertido,,0.0,Moderado,Azerbaijan
152609,Facebook,2024-09-06,Não Convertido,,0.0,Agressivo,Holy See (Vatican City State)
152610,Instagram,2024-09-05,Não Convertido,,0.0,Agressivo,Armenia
152611,Orgânico,2024-09-05,Não Convertido,,0.0,Conservador,Algeria
152612,Orgânico,2024-09-02,Não Convertido,,0.0,Moderado,Hong Kong
152613,Orgânico,2024-09-05,Não Convertido,,0.0,Agressivo,Falkland Islands (Malvinas)
152614,WhatsApp,2024-09-02,Não Convertido,,0.0,Conservador,Uzbekistan
152615,Orgânico,2024-09-07,Não Convertido,,0.0,Agressivo,Finland
152616,Google Ads,2024-09-06,Não Convertido,,0.0,Conservador,Romania
152617,Google Ads,2024-09-05,Não Convertido,,0.0,Conservador,Sri Lanka
152618,WhatsApp,2024-09-04,Não Convertido,,0.0,Moderado,Ireland
152619,YouTube Ads,2024-09-02,Não Convertido,,0.0,Conservador,Guatemala
152620,Instagram,2024-09-05,Não Convertido,,0.0,Moderado,Yemen
152621,Facebook,2024-09-03,Não Convertido,,0.0,Moderado,El Salvador
152622,Orgânico,2024-09-07,Não Convertido,,0.0,Agressivo,Tuvalu
152623,Indicação,2024-09-06,Não Convertido,,0.0,Conservador,Martinique
152624,Facebook,2024-09-05,Não Convertido,,0.0,Agressivo,Niger
152625,Instagram,2024-09-04,Não Convertido,,0.0,Agressivo,Burkina Faso
152626,Facebook,2024-09-04,Não Convertido,,0.0,Moderado,Dominican Republic
152627,Orgânico,2024-09-02,Não Convertido,,0.0,Agressivo,Grenada
152628,Orgânico,2024-09-06,Não Convertido,,0.0,Conservador,Comoros
152629,E-mail Marketing,2024-09-06,Não Convertido,,0.0,Moderado,Azerbaijan
152630,YouTube Ads,2024-09-02,Não Convertido,,0.0,Desconhecido,Mongolia
152631,Instagram,2024-09-03,Não Convertido,,0.0,Agressivo,Taiwan
152632,Orgânico,2024-09-07,Não Convertido,,0.0,Moderado,Papua New Guinea
152633,Orgânico,2024-09-02,Não Convertido,,0.0,Conservador,Seychelles
152634,TikTok,2024-09-06,Não Convertido,,0.0,Moderado,Italy
152635,Facebook,2024-09-02,Convertido,15.0,5113.13,Agressivo,Fiji
152636,WhatsApp,2024-09-05,Não Convertido,,0.0,Moderado,Gibraltar
152637,E-mail Marketing,2024-09-02,Não Convertido,,0.0,Agressivo,Palestinian Territory
152638,Orgânico,2024-09-02,Não Convertido,,0.0,Agressivo,Netherlands
152639,Orgânico,2024-09-06,Não Convertido,,0.0,Moderado,Kazakhstan
152640,Facebook,2024-09-07,Não Convertido,,0.0,Moderado,Belize
152641,TikTok,2024-09-05,Não Convertido,,0.0,Moderado,Anguilla
152642,Orgânico,2024-09-03,Não Convertido,,0.0,Conservador,Togo
152643,E-mail Marketing,2024-09-03,Não Convertido,,0.0,Moderado,Japan
152644,E-mail Marketing,2024-09-04,Não Convertido,,0.0,Conservador,Saint Lucia
152645,Orgânico,2024-09-07,Não Convertido,,0.0,Conservador,Zimbabwe
152646,Facebook,2024-09-04,Não Convertido,,0.0,Conservador,Kiribati
152647,Indicação,2024-09-05,Não Convertido,,0.0,Moderado,Guam
152648,Google Ads,2024-09-04,Não Convertido,,0.0,Moderado,Tunisia
152649,TikTok,2024-09-02,Não Convertido,,0.0,Conservador,Uganda
152650,TikTok,2024-09-03,Convertido,12.0,6734.72,Moderado,Czech Republic
152651,Facebook,2024-09-02,Não Convertido,,0.0,Agressivo,Niger
152652,E-mail Marketing,2024-09-05,Não Convertido,,0.0,Moderado,Lebanon
152653,Facebook,2024-09-06,Não Convertido,,0.0,Agressivo,Greenland
152654,Instagram,2024-09-03,Não Convertido,,0.0,Conservador,Hungary
152655,TikTok,2024-09-07,Não Convertido,,0.0,Conservador,Algeria
152656,Facebook,2024-09-03,Não Convertido,,0.0,Conservador,Canada
152657,Indicação,2024-09-05,Não Convertido,,0.0,Moderado,Cook Islands
152658,Instagram,2024-09-07,Não Convertido,,0.0,Moderado,Netherlands
152659,Instagram,2024-09-02,Não Convertido,,0.0,Desconhecido,Gabon
152660,Orgânico,2024-09-04,Não Convertido,,0.0,Agressivo,Zimbabwe
152661,YouTube Ads,2024-09-06,Não Convertido,,0.0,Agressivo,Antigua and Barbuda
152662,Orgânico,2024-09-04,Não Convertido,,0.0,Moderado,Jamaica
152663,WhatsApp,2024-09-03,Não Convertido,,0.0,Agressivo,Western Sahara
152664,Indicação,2024-09-07,Convertido,28.0,4130.41,Conservador,Mayotte
152665,Instagram,2024-09-05,Convertido,3.0,8302.65,Agressivo,Timor-Leste
152666,Facebook,2024-09-07,Não Convertido,,0.0,Moderado,Cook Islands
152667,Instagram,2024-09-05,Não Convertido,,0.0,Moderado,United Arab Emirates
152668,Instagram,2024-09-03,Não Convertido,,0.0,Moderado,Kiribati
152669,WhatsApp,2024-09-03,Não Convertido,,0.0,Agressivo,Cayman Islands
152670,Orgânico,2024-09-04,Convertido,8.0,153.02,Agressivo,Tajikistan
152671,Orgânico,2024-09-02,Não Convertido,,0.0,Conservador,Barbados
152672,Google Ads,2024-09-04,Não Convertido,,0.0,Agressivo,Madagascar
152673,WhatsApp,2024-09-07,Não Convertido,,0.0,Agressivo,Belarus
152674,YouTube Ads,2024-09-05,Não Convertido,,0.0,Conservador,Colombia
152675,TikTok,2024-09-03,Não Convertido,,0.0,Desconhecido,Guernsey
152676,Facebook,2024-09-04,Convertido,25.0,176.88,Moderado,Cape Verde
152677,Orgânico,2024-09-05,Não Convertido,,0.0,Desconhecido,Guernsey
152678,WhatsApp,2024-09-04,Não Convertido,,0.0,Conservador,Bosnia and Herzegovina
152679,Indicação,2024-09-02,Não Convertido,,0.0,Agressivo,Kiribati
152680,YouTube Ads,2024-09-03,Não Convertido,,0.0,Moderado,Andorra
152681,E-mail Marketing,2024-09-05,Não Convertido,,0.0,Agressivo,Antarctica (the territory South of 60 deg S)
152682,Indicação,2024-09-03,Não Convertido,,0.0,Desconhecido,Singapore
152683,Orgânico,2024-09-06,Não Convertido,,0.0,Moderado,Iran
152684,Instagram,2024-09-06,Não Convertido,,0.0,Agressivo,Antarctica (the territory South of 60 deg S)
152685,Indicação,2024-09-05,Não Convertido,,0.0,Desconhecido,Serbia
152686,Google Ads,2024-09-05,Não Convertido,,0.0,Moderado,Seychelles
152687,Indicação,2024-09-02,Convertido,5.0,8841.06,Conservador,Gabon
152688,Instagram,2024-09-05,Não Convertido,,0.0,Conservador,Vanuatu
152689,Orgânico,2024-09-05,Não Convertido,,0.0,Agressivo,Guadeloupe
152690,Instagram,2024-09-03,Não Convertido,,0.0,Desconhecido,Lao People's Democratic Republic
152691,Indicação,2024-09-06,Não Convertido,,0.0,Conservador,India
152692,Facebook,2024-09-04,Não Convertido,,0.0,Agressivo,Jamaica
152693,E-mail Marketing,2024-09-05,Não Convertido,,0.0,Moderado,Brunei Darussalam
152694,YouTube Ads,2024-09-03,Não Convertido,,0.0,Agressivo,Romania
152695,Google Ads,2024-09-07,Não Convertido,,0.0,Conservador,Croatia
152696,TikTok,2024-09-06,Não Convertido,,0.0,Moderado,Comoros
152697,E-mail Marketing,2024-09-05,Não Convertido,,0.0,Moderado,United States Virgin Islands
152698,Orgânico,2024-09-07,Não Convertido,,0.0,Moderado,Iran
152699,Orgânico,2024-09-03,Convertido,2.0,6581.55,Moderado,Cameroon
152700,YouTube Ads,2024-09-04,Não Convertido,,0.0,Conservador,Eritrea
152701,Instagram,2024-09-03,Não Convertido,,0.0,Conservador,Fiji
152702,Orgânico,2024-09-06,Não Convertido,,0.0,Desconhecido,Andorra
152703,Orgânico,2024-09-07,Não Convertido,,0.0,Agressivo,Somalia
152704,TikTok,2024-09-06,Não Convertido,,0.0,Agressivo,Poland
152705,WhatsApp,2024-09-07,Não Convertido,,0.0,Conservador,Zambia
152706,Orgânico,2024-09-07,Não Convertido,,0.0,Agressivo,Uzbekistan
152707,Facebook,2024-09-04,Não Convertido,,0.0,Conservador,Algeria
152708,WhatsApp,2024-09-05,Não Convertido,,0.0,Agressivo,Tajikistan
152709,Orgânico,2024-09-06,Não Convertido,,0.0,Moderado,Wallis and Futuna
152710,Orgânico,2024-09-03,Não Convertido,,0.0,Moderado,Singapore
152711,TikTok,2024-09-07,Não Convertido,,0.0,Agressivo,Malta
152712,Indicação,2024-09-04,Não Convertido,,0.0,Moderado,France
152713,Google Ads,2024-09-06,Não Convertido,,0.0,Moderado,Israel
152714,E-mail Marketing,2024-09-03,Não Convertido,,0.0,Desconhecido,Kyrgyz Republic
152715,Orgânico,2024-09-02,Não Convertido,,0.0,Agressivo,Yemen
152716,Instagram,2024-09-06,Não Convertido,,0.0,Desconhecido,Armenia
152717,WhatsApp,2024-09-02,Não Convertido,,0.0,Moderado,Guinea-Bissau
152718,Facebook,2024-09-04,Não Convertido,,0.0,Moderado,United States Minor Outlying Islands
152719,Orgânico,2024-09-07,Não Convertido,,0.0,Moderado,Venezuela
152720,Facebook,2024-09-06,Não Convertido,,0.0,Moderado,Peru
152721,E-mail Marketing,2024-09-03,Não Convertido,,0.0,Moderado,Cayman Islands
152722,E-mail Marketing,2024-09-05,Não Convertido,,0.0,Agressivo,Uzbekistan
152723,TikTok,2024-09-02,Não Convertido,,0.0,Moderado,Uzbekistan
152724,TikTok,2024-09-07,Não Convertido,,0.0,Desconhecido,Singapore
152725,E-mail Marketing,2024-09-02,Não Convertido,,0.0,Agressivo,Benin
152726,WhatsApp,2024-09-07,Não Convertido,,0.0,Moderado,Switzerland
152727,Orgânico,2024-09-04,Não Convertido,,0.0,Moderado,Guatemala
152728,YouTube Ads,2024-09-07,Não Convertido,,0.0,Conservador,Antigua and Barbuda
152729,WhatsApp,2024-09-07,Não Convertido,,0.0,Desconhecido,Uruguay
152730,TikTok,2024-09-05,Não Convertido,,0.0,Agressivo,Mali
152731,TikTok,2024-09-03,Não Convertido,,0.0,Agressivo,Swaziland
152732,Orgânico,2024-09-03,Não Convertido,,0.0,Conservador,Kenya
152733,TikTok,2024-09-02,Não Convertido,,0.0,Moderado,Jersey
152734,Facebook,2024-09-03,Não Convertido,,0.0,Agressivo,United Arab Emirates
152735,Orgânico,2024-09-05,Não Convertido,,0.0,Moderado,Bulgaria
152736,YouTube Ads,2024-09-05,Não Convertido,,0.0,Moderado,Portugal
152737,TikTok,2024-09-07,Não Convertido,,0.0,Moderado,Reunion
152738,Orgânico,2024-09-03,Não Convertido,,0.0,Agressivo,Netherlands Antilles
152739,Instagram,2024-09-06,Não Convertido,,0.0,Desconhecido,Indonesia
152740,TikTok,2024-09-05,Não Convertido,,0.0,Moderado,Gibraltar
152741,Instagram,2024-09-03,Não Convertido,,0.0,Conservador,Christmas Island
152742,Orgânico,2024-09-06,Não Convertido,,0.0,Conservador,Morocco
152743,WhatsApp,2024-09-03,Não Convertido,,0.0,Moderado,Afghanistan
152744,Google Ads,2024-09-06,Não Convertido,,0.0,Agressivo,Netherlands Antilles
152745,YouTube Ads,2024-09-05,Não Convertido,,0.0,Moderado,Cambodia
152746,Orgânico,2024-09-05,Não Convertido,,0.0,Conservador,Bahamas
152747,E-mail Marketing,2024-09-02,Não Convertido,,0.0,Desconhecido,Australia
152748,Indicação,2024-09-03,Não Convertido,,0.0,Agressivo,Mali
152749,TikTok,2024-09-02,Não Convertido,,0.0,Moderado,Cayman Islands
152750,Orgânico,2024-09-04,Não Convertido,,0.0,Conservador,Papua New Guinea
152751,Orgânico,2024-09-07,Não Convertido,,0.0,Conservador,Monaco
152752,E-mail Marketing,2024-09-02,Não Convertido,,0.0,Moderado,Iraq
152753,WhatsApp,2024-09-07,Não Convertido,,0.0,Agressivo,Peru
152754,Facebook,2024-09-07,Não Convertido,,0.0,Moderado,Vietnam
152755,TikTok,2024-09-04,Não Convertido,,0.0,Agressivo,British Virgin Islands
152756,Instagram,2024-09-04,Convertido,30.0,6934.83,Desconhecido,Kenya
152757,WhatsApp,2024-09-02,Não Convertido,,0.0,Desconhecido,Rwanda
152758,E-mail Marketing,2024-09-06,Não Convertido,,0.0,Agressivo,Colombia
152759,WhatsApp,2024-09-04,Não Convertido,,0.0,Moderado,Nigeria
152760,TikTok,2024-09-06,Não Convertido,,0.0,Agressivo,Cuba
152761,Orgânico,2024-09-03,Não Convertido,,0.0,Moderado,Tuvalu
152762,TikTok,2024-09-07,Convertido,18.0,774.13,Agressivo,Finland
152763,TikTok,2024-09-07,Não Convertido,,0.0,Moderado,Tajikistan
152764,E-mail Marketing,2024-09-06,Não Convertido,,0.0,Agressivo,San Marino
152765,Orgânico,2024-09-04,Não Convertido,,0.0,Agressivo,French Polynesia
152766,TikTok,2024-09-02,Convertido,1.0,2648.72,Conservador,Nicaragua
152767,Indicação,2024-09-03,Convertido,4.0,2228.34,Agressivo,Jordan
152768,YouTube Ads,2024-09-02,Não Convertido,,0.0,Moderado,Slovakia (Slovak Republic)
152769,Orgânico,2024-09-05,Não Convertido,,0.0,Moderado,Vietnam
152770,E-mail Marketing,2024-09-03,Convertido,20.0,510.36,Moderado,Guinea
152771,Instagram,2024-09-07,Não Convertido,,0.0,Agressivo,American Samoa
152772,WhatsApp,2024-09-04,Não Convertido,,0.0,Moderado,Germany
152773,YouTube Ads,2024-09-07,Não Convertido,,0.0,Moderado,Ethiopia
152774,E-mail Marketing,2024-09-02,Não Convertido,,0.0,Agressivo,Guernsey
152775,E-mail Marketing,2024-09-05,Não Convertido,,0.0,Moderado,United Arab Emirates
152776,YouTube Ads,2024-09-05,Não Convertido,,0.0,Conservador,American Samoa
152777,YouTube Ads,2024-09-04,Não Convertido,,0.0,Agressivo,United Kingdom
152778,Instagram,2024-09-04,Não Convertido,,0.0,Moderado,Finland
152779,E-mail Marketing,2024-09-05,Não Convertido,,0.0,Agressivo,Congo
152780,Indicação,2024-09-07,Não Convertido,,0.0,Agressivo,Cayman Islands
152781,WhatsApp,2024-09-02,Convertido,25.0,7791.4,Moderado,Bangladesh
152782,Google Ads,2024-09-02,Não Convertido,,0.0,Agressivo,Cook Islands
152783,TikTok,2024-09-04,Não Convertido,,0.0,Moderado,Yemen
152784,TikTok,2024-09-05,Não Convertido,,0.0,Conservador,Greenland
152785,Orgânico,2024-09-02,Não Convertido,,0.0,Moderado,Kazakhstan
152786,Facebook,2024-09-05,Não Convertido,,0.0,Moderado,Nicaragua
152787,Facebook,2024-09-03,Não Convertido,,0.0,Desconhecido,Cyprus
152788,E-mail Marketing,2024-09-02,Não Convertido,,0.0,Agressivo,Panama
152789,E-mail Marketing,2024-09-04,Não Convertido,,0.0,Moderado,Moldova
152790,E-mail Marketing,2024-09-02,Não Convertido,,0.0,Conservador,Germany
152791,TikTok,2024-09-06,Não Convertido,,0.0,Moderado,Isle of Man
152792,WhatsApp,2024-09-03,Não Convertido,,0.0,Conservador,Mozambique
152793,Orgânico,2024-09-03,Não Convertido,,0.0,Moderado,Suriname
152794,Google Ads,2024-09-03,Não Convertido,,0.0,Conservador,Tunisia
152795,Google Ads,2024-09-05,Não Convertido,,0.0,Agressivo,Haiti
152796,Facebook,2024-09-03,Não Convertido,,0.0,Desconhecido,Taiwan
152797,TikTok,2024-09-04,Não Convertido,,0.0,Moderado,Malta
152798,WhatsApp,2024-09-04,Não Convertido,,0.0,Agressivo,Bermuda
152799,TikTok,2024-09-07,Não Convertido,,0.0,Moderado,Cambodia
152800,Indicação,2024-09-02,Não Convertido,,0.0,Moderado,Antigua and Barbuda
152801,Facebook,2024-09-05,Não Convertido,,0.0,Desconhecido,Estonia
152802,Google Ads,2024-09-03,Não Convertido,,0.0,Agressivo,United States of America
152803,Indicação,2024-09-02,Não Convertido,,0.0,Moderado,Guatemala
152804,Google Ads,2024-09-07,Convertido,21.0,7301.51,Agressivo,Austria
152805,Orgânico,2024-09-02,Não Convertido,,0.0,Desconhecido,Australia
152806,Facebook,2024-09-03,Não Convertido,,0.0,Moderado,Kazakhstan
152807,TikTok,2024-09-03,Não Convertido,,0.0,Agressivo,New Zealand
152808,YouTube Ads,2024-09-07,Não Convertido,,0.0,Agressivo,Lao People's Democratic Republic
152809,YouTube Ads,2024-09-03,Não Convertido,,0.0,Moderado,Guernsey
152810,Orgânico,2024-09-07,Não Convertido,,0.0,Moderado,Turkey
152811,WhatsApp,2024-09-03,Não Convertido,,0.0,Moderado,Falkland Islands (Malvinas)
152812,Facebook,2024-09-02,Não Convertido,,0.0,Moderado,Bahamas
152813,Instagram,2024-09-06,Não Convertido,,0.0,Moderado,Senegal
152814,Facebook,2024-09-06,Não Convertido,,0.0,Desconhecido,Nicaragua
152815,Google Ads,2024-09-05,Não Convertido,,0.0,Agressivo,Gibraltar
152816,Google Ads,2024-09-02,Não Convertido,,0.0,Conservador,Mexico
152817,Facebook,2024-09-02,Não Convertido,,0.0,Conservador,Senegal
152818,TikTok,2024-09-02,Não Convertido,,0.0,Agressivo,Sao Tome and Principe
152819,E-mail Marketing,2024-09-07,Não Convertido,,0.0,Agressivo,Austria
152820,Facebook,2024-09-02,Não Convertido,,0.0,Conservador,Zimbabwe
152821,Instagram,2024-09-07,Convertido,25.0,7668.62,Moderado,Central African Republic
152822,TikTok,2024-09-04,Não Convertido,,0.0,Conservador,Honduras
152823,Instagram,2024-09-04,Não Convertido,,0.0,Agressivo,Sudan
152824,Facebook,2024-09-05,Não Convertido,,0.0,Moderado,Georgia
152825,Orgânico,2024-09-04,Não Convertido,,0.0,Moderado,Nepal
152826,Google Ads,2024-09-06,Não Convertido,,0.0,Moderado,Brunei Darussalam
152827,Orgânico,2024-09-07,Não Convertido,,0.0,Agressivo,Faroe Islands
152828,Instagram,2024-09-04,Não Convertido,,0.0,Moderado,Benin
152829,Orgânico,2024-09-06,Convertido,2.0,5025.69,Agressivo,Palau
152830,Google Ads,2024-09-05,Não Convertido,,0.0,Conservador,Denmark
152831,Google Ads,2024-09-07,Não Convertido,,0.0,Desconhecido,Honduras
152832,Google Ads,2024-09-05,Não Convertido,,0.0,Moderado,Mongolia
152833,Instagram,2024-09-04,Não Convertido,,0.0,Agressivo,Sao Tome and Principe
152834,E-mail Marketing,2024-09-03,Não Convertido,,0.0,Conservador,Chad
152835,Google Ads,2024-09-02,Não Convertido,,0.0,Moderado,Cayman Islands
152836,E-mail Marketing,2024-09-04,Não Convertido,,0.0,Moderado,Latvia
152837,E-mail Marketing,2024-09-06,Não Convertido,,0.0,Conservador,Spain
152838,Orgânico,2024-09-03,Convertido,17.0,3267.98,Agressivo,Syrian Arab Republic
152839,TikTok,2024-09-03,Não Convertido,,0.0,Agressivo,Gambia
152840,TikTok,2024-09-04,Não Convertido,,0.0,Agressivo,Venezuela
152841,Google Ads,2024-09-04,Não Convertido,,0.0,Moderado,Bolivia
152842,Orgânico,2024-09-03,Não Convertido,,0.0,Conservador,United States of America
152843,Instagram,2024-09-03,Não Convertido,,0.0,Moderado,Vanuatu
152844,Facebook,2024-09-02,Não Convertido,,0.0,Moderado,Malawi
152845,Orgânico,2024-09-05,Não Convertido,,0.0,Conservador,Isle of Man
152846,E-mail Marketing,2024-09-04,Não Convertido,,0.0,Conservador,Lithuania
152847,Orgânico,2024-09-04,Não Convertido,,0.0,Conservador,New Zealand
152848,Instagram,2024-09-02,Não Convertido,,0.0,Desconhecido,French Guiana
152849,Instagram,2024-09-05,Não Convertido,,0.0,Moderado,Brazil
152850,Facebook,2024-09-02,Não Convertido,,0.0,Moderado,Malawi
152851,Facebook,2024-09-02,Não Convertido,,0.0,Moderado,Lesotho
152852,Orgânico,2024-09-07,Não Convertido,,0.0,Agressivo,Azerbaijan
152853,Instagram,2024-09-03,Não Convertido,,0.0,Agressivo,Mali
152854,YouTube Ads,2024-09-05,Não Convertido,,0.0,Desconhecido,Svalbard & Jan Mayen Islands
152855,Facebook,2024-09-06,Não Convertido,,0.0,Moderado,French Southern Territories
152856,E-mail Marketing,2024-09-03,Não Convertido,,0.0,Moderado,Australia
152857,YouTube Ads,2024-09-07,Não Convertido,,0.0,Conservador,Holy See (Vatican City State)
152858,Orgânico,2024-09-06,Não Convertido,,0.0,Moderado,Cambodia
152859,YouTube Ads,2024-09-04,Não Convertido,,0.0,Moderado,Honduras
152860,Orgânico,2024-09-07,Não Convertido,,0.0,Moderado,Cuba
152861,Indicação,2024-09-03,Convertido,22.0,7895.41,Desconhecido,Ukraine
152862,Orgânico,2024-09-03,Não Convertido,,0.0,Moderado,Saint Lucia
152863,E-mail Marketing,2024-09-07,Não Convertido,,0.0,Moderado,Lao People's Democratic Republic
152864,WhatsApp,2024-09-05,Não Convertido,,0.0,Moderado,Lao People's Democratic Republic
152865,Instagram,2024-09-03,Não Convertido,,0.0,Moderado,Jersey
152866,TikTok,2024-09-04,Não Convertido,,0.0,Desconhecido,Saint Pierre and Miquelon
152867,TikTok,2024-09-05,Não Convertido,,0.0,Agressivo,Mexico
152868,Facebook,2024-09-04,Não Convertido,,0.0,Agressivo,Austria
152869,Facebook,2024-09-02,Não Convertido,,0.0,Conservador,Switzerland
152870,TikTok,2024-09-02,Não Convertido,,0.0,Moderado,Moldova
152871,Orgânico,2024-09-07,Não Convertido,,0.0,Conservador,Singapore
152872,E-mail Marketing,2024-09-03,Não Convertido,,0.0,Agressivo,Iceland
152873,Orgânico,2024-09-05,Não Convertido,,0.0,Moderado,Iraq
152874,TikTok,2024-09-03,Não Convertido,,0.0,Moderado,Russian Federation
152875,E-mail Marketing,2024-09-04,Não Convertido,,0.0,Agressivo,Western Sahara
152876,TikTok,2024-09-04,Não Convertido,,0.0,Moderado,Qatar
152877,YouTube Ads,2024-09-06,Não Convertido,,0.0,Agressivo,Nigeria
152878,Indicação,2024-09-07,Não Convertido,,0.0,Moderado,Slovakia (Slovak Republic)
152879,E-mail Marketing,2024-09-03,Não Convertido,,0.0,Desconhecido,Thailand
152880,Orgânico,2024-09-05,Não Convertido,,0.0,Agressivo,Uruguay
152881,Orgânico,2024-09-06,Convertido,17.0,1149.34,Agressivo,Palestinian Territory
152882,Google Ads,2024-09-04,Não Convertido,,0.0,Agressivo,Namibia
152883,Orgânico,2024-09-04,Não Convertido,,0.0,Moderado,Indonesia
152884,Orgânico,2024-09-04,Não Convertido,,0.0,Agressivo,Egypt
152885,E-mail Marketing,2024-09-05,Não Convertido,,0.0,Moderado,Bulgaria
152886,Google Ads,2024-09-07,Não Convertido,,0.0,Moderado,Brunei Darussalam
152887,TikTok,2024-09-05,Não Convertido,,0.0,Moderado,Argentina
152888,Orgânico,2024-09-02,Não Convertido,,0.0,Agressivo,American Samoa
152889,WhatsApp,2024-09-05,Não Convertido,,0.0,Moderado,Nicaragua
152890,Instagram,2024-09-05,Não Convertido,,0.0,Moderado,Belarus
152891,E-mail Marketing,2024-09-05,Não Convertido,,0.0,Moderado,Saint Kitts and Nevis
152892,Google Ads,2024-09-03,Não Convertido,,0.0,Agressivo,Liechtenstein
152893,Orgânico,2024-09-06,Não Convertido,,0.0,Conservador,Latvia
152894,Instagram,2024-09-05,Não Convertido,,0.0,Conservador,Saint Kitts and Nevis
152895,TikTok,2024-09-02,Não Convertido,,0.0,Moderado,Grenada
152896,E-mail Marketing,2024-09-07,Não Convertido,,0.0,Moderado,Taiwan
152897,Facebook,2024-09-04,Não Convertido,,0.0,Desconhecido,Niue
152898,Facebook,2024-09-02,Não Convertido,,0.0,Desconhecido,Singapore
152899,Instagram,2024-09-03,Não Convertido,,0.0,Moderado,Turks and Caicos Islands
152900,E-mail Marketing,2024-09-03,Não Convertido,,0.0,Desconhecido,Turkey
152901,Orgânico,2024-09-05,Não Convertido,,0.0,Agressivo,Sudan
152902,TikTok,2024-09-03,Não Convertido,,0.0,Agressivo,Ethiopia
152903,TikTok,2024-09-02,Não Convertido,,0.0,Moderado,Poland
152904,Instagram,2024-09-06,Não Convertido,,0.0,Moderado,Denmark
152905,Orgânico,2024-09-03,Não Convertido,,0.0,Desconhecido,Somalia
152906,Orgânico,2024-09-06,Não Convertido,,0.0,Moderado,Congo
152907,Orgânico,2024-09-06,Não Convertido,,0.0,Conservador,Belgium
152908,Indicação,2024-09-04,Não Convertido,,0.0,Moderado,France
152909,TikTok,2024-09-07,Não Convertido,,0.0,Desconhecido,Togo
152910,TikTok,2024-09-06,Não Convertido,,0.0,Moderado,Slovakia (Slovak Republic)
152911,Instagram,2024-09-06,Não Convertido,,0.0,Moderado,Palestinian Territory
152912,WhatsApp,2024-09-07,Não Convertido,,0.0,Agressivo,Saint Barthelemy
152913,E-mail Marketing,2024-09-07,Não Convertido,,0.0,Conservador,Bouvet Island (Bouvetoya)
152914,Orgânico,2024-09-06,Não Convertido,,0.0,Agressivo,Spain
152915,Orgânico,2024-09-07,Não Convertido,,0.0,Moderado,Denmark
152916,YouTube Ads,2024-09-07,Não Convertido,,0.0,Conservador,Canada
152917,Orgânico,2024-09-03,Não Convertido,,0.0,Conservador,Anguilla
152918,E-mail Marketing,2024-09-07,Não Convertido,,0.0,Desconhecido,Spain
152919,Google Ads,2024-09-04,Não Convertido,,0.0,Moderado,Ukraine
152920,Google Ads,2024-09-03,Não Convertido,,0.0,Moderado,Italy
152921,Orgânico,2024-09-06,Não Convertido,,0.0,Agressivo,El Salvador
152922,Indicação,2024-09-05,Não Convertido,,0.0,Moderado,Pakistan
152923,Facebook,2024-09-03,Não Convertido,,0.0,Moderado,United Arab Emirates
152924,Instagram,2024-09-04,Não Convertido,,0.0,Moderado,Reunion
152925,TikTok,2024-09-02,Não Convertido,,0.0,Conservador,Haiti
152926,Orgânico,2024-09-04,Não Convertido,,0.0,Moderado,Antarctica (the territory South of 60 deg S)
152927,WhatsApp,2024-09-03,Não Convertido,,0.0,Moderado,Cayman Islands
152928,Google Ads,2024-09-04,Não Convertido,,0.0,Moderado,Thailand
152929,Instagram,2024-09-02,Não Convertido,,0.0,Moderado,Japan
152930,TikTok,2024-09-04,Não Convertido,,0.0,Agressivo,Sudan
152931,Orgânico,2024-09-07,Não Convertido,,0.0,Conservador,Chad
152932,Orgânico,2024-09-03,Não Convertido,,0.0,Moderado,Kenya
152933,E-mail Marketing,2024-09-06,Não Convertido,,0.0,Desconhecido,Namibia
152934,TikTok,2024-09-06,Não Convertido,,0.0,Desconhecido,American Samoa
152935,Indicação,2024-09-04,Não Convertido,,0.0,Moderado,Tuvalu
152936,Indicação,2024-09-02,Não Convertido,,0.0,Agressivo,Cambodia
152937,E-mail Marketing,2024-09-03,Não Convertido,,0.0,Conservador,Marshall Islands
152938,Google Ads,2024-09-02,Não Convertido,,0.0,Agressivo,Somalia
152939,Orgânico,2024-09-03,Não Convertido,,0.0,Conservador,Australia
152940,Google Ads,2024-09-05,Não Convertido,,0.0,Agressivo,Mauritius
152941,TikTok,2024-09-05,Não Convertido,,0.0,Moderado,Martinique
152942,Instagram,2024-09-03,Não Convertido,,0.0,Moderado,Bulgaria
152943,TikTok,2024-09-02,Não Convertido,,0.0,Agressivo,Honduras
152944,Facebook,2024-09-06,Não Convertido,,0.0,Conservador,Gambia
152945,Facebook,2024-09-02,Não Convertido,,0.0,Agressivo,Tanzania
152946,Instagram,2024-09-06,Não Convertido,,0.0,Moderado,Saint Lucia
152947,Instagram,2024-09-03,Não Convertido,,0.0,Moderado,Latvia
152948,Instagram,2024-09-05,Não Convertido,,0.0,Moderado,Ecuador
152949,E-mail Marketing,2024-09-07,Não Convertido,,0.0,Moderado,Austria
152950,TikTok,2024-09-04,Não Convertido,,0.0,Moderado,French Polynesia
152951,Orgânico,2024-09-04,Não Convertido,,0.0,Moderado,Netherlands Antilles
152952,Orgânico,2024-09-07,Convertido,11.0,9229.51,Agressivo,Mayotte
152953,TikTok,2024-09-02,Convertido,2.0,6073.87,Moderado,Gambia
152954,YouTube Ads,2024-09-07,Não Convertido,,0.0,Agressivo,Guatemala
152955,Orgânico,2024-09-04,Não Convertido,,0.0,Conservador,Indonesia
152956,Facebook,2024-09-07,Não Convertido,,0.0,Moderado,Pakistan
152957,E-mail Marketing,2024-09-05,Não Convertido,,0.0,Conservador,Greenland
152958,Instagram,2024-09-04,Não Convertido,,0.0,Desconhecido,Dominican Republic
152959,Google Ads,2024-09-06,Não Convertido,,0.0,Conservador,Seychelles
152960,TikTok,2024-09-05,Convertido,13.0,153.83,Moderado,Haiti
152961,Google Ads,2024-09-03,Não Convertido,,0.0,Desconhecido,Spain
152962,Instagram,2024-09-06,Não Convertido,,0.0,Moderado,Jordan
152963,Orgânico,2024-09-07,Não Convertido,,0.0,Agressivo,United States of America
152964,TikTok,2024-09-04,Não Convertido,,0.0,Moderado,Christmas Island
152965,Instagram,2024-09-03,Não Convertido,,0.0,Agressivo,Maldives
152966,Orgânico,2024-09-07,Não Convertido,,0.0,Agressivo,Cocos (Keeling) Islands
152967,TikTok,2024-09-07,Não Convertido,,0.0,Agressivo,Bhutan
152968,YouTube Ads,2024-09-06,Não Convertido,,0.0,Moderado,Israel
152969,Orgânico,2024-09-05,Convertido,8.0,7846.63,Conservador,Germany
152970,Orgânico,2024-09-02,Não Convertido,,0.0,Agressivo,Fiji
152971,Orgânico,2024-09-07,Não Convertido,,0.0,Moderado,Lao People's Democratic Republic
152972,Google Ads,2024-09-07,Não Convertido,,0.0,Conservador,Christmas Island
152973,Orgânico,2024-09-02,Não Convertido,,0.0,Agressivo,Uruguay
152974,E-mail Marketing,2024-09-02,Não Convertido,,0.0,Agressivo,Chile
152975,E-mail Marketing,2024-09-05,Não Convertido,,0.0,Agressivo,Mauritius
152976,Google Ads,2024-09-03,Não Convertido,,0.0,Moderado,Venezuela
152977,Orgânico,2024-09-06,Não Convertido,,0.0,Moderado,Latvia
152978,WhatsApp,2024-09-04,Não Convertido,,0.0,Moderado,Lebanon
152979,Instagram,2024-09-05,Não Convertido,,0.0,Desconhecido,Uzbekistan
152980,Orgânico,2024-09-06,Não Convertido,,0.0,Agressivo,Holy See (Vatican City State)
152981,Facebook,2024-09-07,Não Convertido,,0.0,Desconhecido,Japan
152982,Google Ads,2024-09-03,Não Convertido,,0.0,Agressivo,Cuba
152983,Orgânico,2024-09-07,Não Convertido,,0.0,Moderado,Belize
152984,Google Ads,2024-09-02,Não Convertido,,0.0,Agressivo,Rwanda
152985,WhatsApp,2024-09-07,Não Convertido,,0.0,Agressivo,Indonesia
152986,Orgânico,2024-09-07,Não Convertido,,0.0,Agressivo,Yemen
152987,Orgânico,2024-09-03,Não Convertido,,0.0,Agressivo,Zambia
152988,YouTube Ads,2024-09-07,Não Convertido,,0.0,Moderado,Portugal
152989,Orgânico,2024-09-06,Não Convertido,,0.0,Moderado,Cameroon
152990,Instagram,2024-09-06,Não Convertido,,0.0,Conservador,Hungary
152991,Instagram,2024-09-02,Não Convertido,,0.0,Desconhecido,Yemen
152992,Orgânico,2024-09-06,Não Convertido,,0.0,Moderado,Belarus
152993,YouTube Ads,2024-09-05,Não Convertido,,0.0,Agressivo,Afghanistan
152994,Facebook,2024-09-02,Não Convertido,,0.0,Desconhecido,Bouvet Island (Bouvetoya)
152995,Instagram,2024-09-07,Não Convertido,,0.0,Conservador,Nepal
152996,Instagram,2024-09-03,Não Convertido,,0.0,Desconhecido,Samoa
152997,Orgânico,2024-09-05,Não Convertido,,0.0,Agressivo,Peru
152998,TikTok,2024-09-03,Não Convertido,,0.0,Agressivo,Latvia
152999,Facebook,2024-09-07,Não Convertido,,0.0,Moderado,Dominica
153000,Orgânico,2024-09-03,Não Convertido,,0.0,Moderado,Tunisia
153001,YouTube Ads,2024-09-03,Não Convertido,,0.0,Conservador,Morocco
153002,WhatsApp,2024-09-07,Não Convertido,,0.0,Agressivo,Holy See (Vatican City State)
153003,Orgânico,2024-09-04,Não Convertido,,0.0,Agressivo,Latvia
153004,Instagram,2024-09-05,Não Convertido,,0.0,Conservador,Mongolia
153005,Orgânico,2024-09-03,Não Convertido,,0.0,Moderado,Yemen
153006,Google Ads,2024-09-04,Não Convertido,,0.0,Moderado,Ecuador
153007,Orgânico,2024-09-05,Não Convertido,,0.0,Moderado,Bhutan
153008,Orgânico,2024-09-04,Não Convertido,,0.0,Moderado,South Georgia and the South Sandwich Islands
153009,Orgânico,2024-09-07,Não Convertido,,0.0,Agressivo,Malaysia
153010,Instagram,2024-09-05,Não Convertido,,0.0,Moderado,Denmark
153011,Orgânico,2024-09-06,Não Convertido,,0.0,Moderado,Algeria
153012,E-mail Marketing,2024-09-07,Não Convertido,,0.0,Agressivo,Antarctica (the territory South of 60 deg S)
153013,Orgânico,2024-09-07,Não Convertido,,0.0,Agressivo,Lesotho
153014,Instagram,2024-09-05,Não Convertido,,0.0,Moderado,Myanmar
153015,Facebook,2024-09-04,Não Convertido,,0.0,Agressivo,Guyana
153016,TikTok,2024-09-04,Não Convertido,,0.0,Moderado,Cook Islands
153017,WhatsApp,2024-09-07,Não Convertido,,0.0,Agressivo,Guinea
153018,Instagram,2024-09-05,Não Convertido,,0.0,Conservador,Austria
153019,Instagram,2024-09-07,Não Convertido,,0.0,Moderado,Liberia
153020,Indicação,2024-09-03,Não Convertido,,0.0,Moderado,Hong Kong
153021,E-mail Marketing,2024-09-07,Não Convertido,,0.0,Moderado,Papua New Guinea
153022,TikTok,2024-09-02,Não Convertido,,0.0,Desconhecido,Jordan
153023,TikTok,2024-09-07,Não Convertido,,0.0,Moderado,Tokelau
153024,TikTok,2024-09-07,Não Convertido,,0.0,Agressivo,Zambia
153025,Orgânico,2024-09-06,Não Convertido,,0.0,Agressivo,Luxembourg
153026,Google Ads,2024-09-07,Não Convertido,,0.0,Moderado,Nepal
153027,Facebook,2024-09-04,Não Convertido,,0.0,Agressivo,Heard Island and McDonald Islands
153028,Google Ads,2024-09-07,Não Convertido,,0.0,Conservador,Kiribati
153029,WhatsApp,2024-09-02,Não Convertido,,0.0,Agressivo,Morocco
153030,Orgânico,2024-09-06,Não Convertido,,0.0,Agressivo,Iraq
153031,Orgânico,2024-09-06,Não Convertido,,0.0,Moderado,Armenia
153032,Google Ads,2024-09-04,Não Convertido,,0.0,Conservador,Bolivia
153033,Instagram,2024-09-05,Não Convertido,,0.0,Moderado,Portugal
153034,Indicação,2024-09-04,Não Convertido,,0.0,Desconhecido,Nauru
153035,Facebook,2024-09-05,Não Convertido,,0.0,Agressivo,Netherlands Antilles
153036,Google Ads,2024-09-05,Não Convertido,,0.0,Moderado,Cook Islands
153037,TikTok,2024-09-06,Não Convertido,,0.0,Moderado,Estonia
153038,YouTube Ads,2024-09-03,Não Convertido,,0.0,Agressivo,Switzerland
153039,Instagram,2024-09-06,Não Convertido,,0.0,Conservador,Monaco
153040,E-mail Marketing,2024-09-04,Não Convertido,,0.0,Moderado,Croatia
153041,Instagram,2024-09-05,Não Convertido,,0.0,Moderado,Mauritius
153042,Orgânico,2024-09-06,Não Convertido,,0.0,Agressivo,Gibraltar
153043,TikTok,2024-09-07,Não Convertido,,0.0,Agressivo,Saint Lucia
153044,Google Ads,2024-09-02,Não Convertido,,0.0,Conservador,Sri Lanka
153045,E-mail Marketing,2024-09-05,Não Convertido,,0.0,Agressivo,Cameroon
153046,Orgânico,2024-09-07,Não Convertido,,0.0,Moderado,Guam
153047,YouTube Ads,2024-09-07,Não Convertido,,0.0,Agressivo,Saint Lucia
153048,TikTok,2024-09-04,Convertido,14.0,4980.31,Conservador,Ukraine
153049,Facebook,2024-09-05,Não Convertido,,0.0,Agressivo,Bulgaria
153050,TikTok,2024-09-07,Não Convertido,,0.0,Moderado,Cote d'Ivoire
153051,Facebook,2024-09-06,Não Convertido,,0.0,Moderado,Norway
153052,E-mail Marketing,2024-09-04,Não Convertido,,0.0,Agressivo,Honduras
153053,Google Ads,2024-09-07,Não Convertido,,0.0,Moderado,Sri Lanka
153054,Instagram,2024-09-02,Não Convertido,,0.0,Conservador,Mali
153055,Orgânico,2024-09-02,Não Convertido,,0.0,Moderado,France
153056,Instagram,2024-09-04,Não Convertido,,0.0,Conservador,Namibia
153057,E-mail Marketing,2024-09-07,Não Convertido,,0.0,Moderado,Pakistan
153058,Facebook,2024-09-07,Não Convertido,,0.0,Agressivo,Portugal
153059,Orgânico,2024-09-03,Não Convertido,,0.0,Moderado,Congo
153060,Orgânico,2024-09-07,Não Convertido,,0.0,Moderado,Korea
153061,WhatsApp,2024-09-05,Não Convertido,,0.0,Moderado,Iraq
153062,Orgânico,2024-09-03,Não Convertido,,0.0,Moderado,Egypt
153063,Google Ads,2024-09-07,Não Convertido,,0.0,Agressivo,Belize
153064,Orgânico,2024-09-07,Não Convertido,,0.0,Moderado,Norfolk Island
153065,Facebook,2024-09-03,Não Convertido,,0.0,Conservador,Norfolk Island
153066,Google Ads,2024-09-04,Não Convertido,,0.0,Moderado,Burundi
153067,E-mail Marketing,2024-09-06,Não Convertido,,0.0,Conservador,Venezuela
153068,WhatsApp,2024-09-04,Não Convertido,,0.0,Moderado,El Salvador
153069,TikTok,2024-09-03,Não Convertido,,0.0,Moderado,Djibouti
153070,E-mail Marketing,2024-09-05,Convertido,23.0,8653.64,Moderado,Nepal
153071,Instagram,2024-09-02,Não Convertido,,0.0,Moderado,Kiribati
153072,Indicação,2024-09-02,Não Convertido,,0.0,Moderado,Ecuador
153073,TikTok,2024-09-03,Não Convertido,,0.0,Agressivo,Mauritania
153074,Instagram,2024-09-05,Não Convertido,,0.0,Conservador,Mozambique
153075,Orgânico,2024-09-02,Não Convertido,,0.0,Conservador,Cameroon
153076,TikTok,2024-09-04,Não Convertido,,0.0,Agressivo,Namibia
153077,Instagram,2024-09-05,Não Convertido,,0.0,Moderado,Estonia
153078,Indicação,2024-09-05,Não Convertido,,0.0,Moderado,United States of America
153079,E-mail Marketing,2024-09-07,Não Convertido,,0.0,Agressivo,Slovenia
153080,Google Ads,2024-09-07,Não Convertido,,0.0,Desconhecido,Luxembourg
153081,Google Ads,2024-09-07,Não Convertido,,0.0,Moderado,Guadeloupe
153082,Facebook,2024-09-06,Não Convertido,,0.0,Agressivo,Kazakhstan
153083,Instagram,2024-09-02,Não Convertido,,0.0,Agressivo,Timor-Leste
153084,YouTube Ads,2024-09-02,Não Convertido,,0.0,Moderado,Korea
153085,Instagram,2024-09-06,Não Convertido,,0.0,Desconhecido,Equatorial Guinea
153086,Facebook,2024-09-05,Não Convertido,,0.0,Agressivo,Thailand
153087,E-mail Marketing,2024-09-06,Não Convertido,,0.0,Agressivo,United Arab Emirates
153088,Google Ads,2024-09-02,Não Convertido,,0.0,Agressivo,Guatemala
153089,E-mail Marketing,2024-09-06,Não Convertido,,0.0,Conservador,Afghanistan
153090,Instagram,2024-09-04,Não Convertido,,0.0,Agressivo,Iran
153091,E-mail Marketing,2024-09-03,Não Convertido,,0.0,Moderado,Cook Islands
153092,YouTube Ads,2024-09-05,Não Convertido,,0.0,Moderado,Samoa
153093,TikTok,2024-09-05,Não Convertido,,0.0,Agressivo,Falkland Islands (Malvinas)
153094,TikTok,2024-09-06,Não Convertido,,0.0,Conservador,French Polynesia
153095,WhatsApp,2024-09-07,Não Convertido,,0.0,Agressivo,Turkey
153096,Indicação,2024-09-06,Não Convertido,,0.0,Moderado,Guyana
153097,Google Ads,2024-09-02,Não Convertido,,0.0,Agressivo,Nepal
153098,Instagram,2024-09-06,Não Convertido,,0.0,Agressivo,Paraguay
153099,Google Ads,2024-09-03,Não Convertido,,0.0,Agressivo,Saint Helena
153100,Google Ads,2024-09-03,Não Convertido,,0.0,Moderado,Ethiopia
153101,Facebook,2024-09-06,Não Convertido,,0.0,Moderado,Lesotho
153102,Orgânico,2024-09-03,Não Convertido,,0.0,Agressivo,Tuvalu
153103,Indicação,2024-09-06,Não Convertido,,0.0,Agressivo,United States Minor Outlying Islands
153104,TikTok,2024-09-03,Não Convertido,,0.0,Conservador,Kuwait
153105,Orgânico,2024-09-03,Não Convertido,,0.0,Agressivo,Burundi
153106,Indicação,2024-09-05,Não Convertido,,0.0,Conservador,Norfolk Island
153107,Instagram,2024-09-05,Convertido,19.0,2259.62,Agressivo,Israel
153108,Indicação,2024-09-04,Não Convertido,,0.0,Conservador,Montserrat
153109,Orgânico,2024-09-05,Não Convertido,,0.0,Desconhecido,Israel
153110,Orgânico,2024-09-02,Não Convertido,,0.0,Moderado,Aruba
153111,YouTube Ads,2024-09-06,Não Convertido,,0.0,Agressivo,Mongolia
153112,WhatsApp,2024-09-04,Não Convertido,,0.0,Agressivo,Chile
153113,Instagram,2024-09-05,Não Convertido,,0.0,Agressivo,Yemen
153114,Instagram,2024-09-04,Não Convertido,,0.0,Agressivo,Hungary
153115,YouTube Ads,2024-09-07,Não Convertido,,0.0,Agressivo,Korea
153116,WhatsApp,2024-09-03,Não Convertido,,0.0,Agressivo,Belize
153117,Instagram,2024-09-03,Não Convertido,,0.0,Conservador,Angola
153118,E-mail Marketing,2024-09-02,Não Convertido,,0.0,Desconhecido,Gambia
153119,Orgânico,2024-09-05,Convertido,3.0,878.33,Conservador,Hungary
153120,Google Ads,2024-09-06,Não Convertido,,0.0,Agressivo,New Zealand
153121,Orgânico,2024-09-04,Não Convertido,,0.0,Desconhecido,Hong Kong
153122,TikTok,2024-09-03,Não Convertido,,0.0,Agressivo,American Samoa
153123,WhatsApp,2024-09-06,Não Convertido,,0.0,Conservador,Heard Island and McDonald Islands
153124,E-mail Marketing,2024-09-07,Não Convertido,,0.0,Conservador,Cape Verde
153125,YouTube Ads,2024-09-05,Não Convertido,,0.0,Moderado,Liechtenstein
153126,E-mail Marketing,2024-09-06,Não Convertido,,0.0,Conservador,Panama
153127,E-mail Marketing,2024-09-06,Não Convertido,,0.0,Agressivo,Malaysia
153128,WhatsApp,2024-09-04,Não Convertido,,0.0,Agressivo,Zambia
153129,YouTube Ads,2024-09-04,Não Convertido,,0.0,Moderado,Belgium
153130,E-mail Marketing,2024-09-05,Não Convertido,,0.0,Moderado,Pakistan
153131,Google Ads,2024-09-05,Não Convertido,,0.0,Desconhecido,Gibraltar
153132,Instagram,2024-09-02,Não Convertido,,0.0,Desconhecido,Israel
153133,Indicação,2024-09-07,Não Convertido,,0.0,Moderado,Uzbekistan
153134,Instagram,2024-09-07,Não Convertido,,0.0,Moderado,Micronesia
153135,TikTok,2024-09-04,Não Convertido,,0.0,Moderado,Nauru
153136,YouTube Ads,2024-09-04,Não Convertido,,0.0,Moderado,Croatia
153137,Instagram,2024-09-04,Não Convertido,,0.0,Conservador,Taiwan
153138,Google Ads,2024-09-03,Não Convertido,,0.0,Moderado,Ecuador
153139,Google Ads,2024-09-05,Não Convertido,,0.0,Moderado,Netherlands Antilles
153140,YouTube Ads,2024-09-02,Não Convertido,,0.0,Conservador,Ukraine
153141,TikTok,2024-09-05,Não Convertido,,0.0,Moderado,Ghana
153142,Indicação,2024-09-07,Não Convertido,,0.0,Agressivo,Costa Rica
153143,Google Ads,2024-09-02,Não Convertido,,0.0,Agressivo,New Zealand
153144,WhatsApp,2024-09-03,Não Convertido,,0.0,Desconhecido,Palestinian Territory
153145,Facebook,2024-09-06,Não Convertido,,0.0,Moderado,Japan
153146,Orgânico,2024-09-06,Não Convertido,,0.0,Moderado,Romania
153147,TikTok,2024-09-07,Não Convertido,,0.0,Moderado,Jordan
153148,Facebook,2024-09-02,Não Convertido,,0.0,Agressivo,Bosnia and Herzegovina
153149,E-mail Marketing,2024-09-03,Não Convertido,,0.0,Agressivo,Norfolk Island
153150,Instagram,2024-09-04,Não Convertido,,0.0,Moderado,Reunion
153151,E-mail Marketing,2024-09-03,Não Convertido,,0.0,Agressivo,Monaco
153152,YouTube Ads,2024-09-05,Não Convertido,,0.0,Moderado,Tonga
153153,YouTube Ads,2024-09-03,Não Convertido,,0.0,Moderado,United States of America
153154,Google Ads,2024-09-06,Não Convertido,,0.0,Agressivo,Norway
153155,YouTube Ads,2024-09-02,Não Convertido,,0.0,Conservador,Haiti
153156,Instagram,2024-09-06,Não Convertido,,0.0,Conservador,Gabon
153157,Facebook,2024-09-04,Não Convertido,,0.0,Conservador,Mauritania
153158,Instagram,2024-09-05,Não Convertido,,0.0,Desconhecido,Dominican Republic
153159,Instagram,2024-09-03,Não Convertido,,0.0,Conservador,Moldova
153160,Orgânico,2024-09-05,Não Convertido,,0.0,Desconhecido,Morocco
153161,YouTube Ads,2024-09-02,Não Convertido,,0.0,Moderado,Czech Republic
153162,YouTube Ads,2024-09-07,Não Convertido,,0.0,Moderado,Cote d'Ivoire
153163,Instagram,2024-09-03,Não Convertido,,0.0,Moderado,Argentina
153164,WhatsApp,2024-09-04,Não Convertido,,0.0,Moderado,Guadeloupe
153165,Facebook,2024-09-04,Não Convertido,,0.0,Moderado,Benin
153166,Instagram,2024-09-07,Não Convertido,,0.0,Moderado,San Marino
153167,Instagram,2024-09-06,Não Convertido,,0.0,Conservador,Jamaica
153168,Instagram,2024-09-03,Não Convertido,,0.0,Agressivo,United States of America
153169,Orgânico,2024-09-06,Não Convertido,,0.0,Moderado,Namibia
153170,Indicação,2024-09-07,Convertido,1.0,9669.38,Conservador,Croatia
153171,Facebook,2024-09-05,Não Convertido,,0.0,Moderado,Palau
153172,E-mail Marketing,2024-09-05,Não Convertido,,0.0,Desconhecido,Papua New Guinea
153173,TikTok,2024-09-02,Não Convertido,,0.0,Conservador,San Marino
153174,Google Ads,2024-09-03,Não Convertido,,0.0,Moderado,Mauritania
153175,WhatsApp,2024-09-04,Não Convertido,,0.0,Agressivo,Mali
153176,Orgânico,2024-09-02,Não Convertido,,0.0,Conservador,Benin
153177,YouTube Ads,2024-09-05,Não Convertido,,0.0,Desconhecido,Syrian Arab Republic
153178,Google Ads,2024-09-04,Não Convertido,,0.0,Moderado,Morocco
153179,Orgânico,2024-09-07,Não Convertido,,0.0,Desconhecido,Faroe Islands
153180,Facebook,2024-09-06,Não Convertido,,0.0,Agressivo,Micronesia
153181,Orgânico,2024-09-04,Não Convertido,,0.0,Desconhecido,Turks and Caicos Islands
153182,Orgânico,2024-09-07,Não Convertido,,0.0,Desconhecido,Azerbaijan
153183,Google Ads,2024-09-02,Não Convertido,,0.0,Desconhecido,Tokelau
153184,Orgânico,2024-09-04,Não Convertido,,0.0,Agressivo,Angola
153185,TikTok,2024-09-07,Não Convertido,,0.0,Conservador,Anguilla
153186,Google Ads,2024-09-03,Não Convertido,,0.0,Desconhecido,Solomon Islands
153187,TikTok,2024-09-05,Não Convertido,,0.0,Desconhecido,Lao People's Democratic Republic
153188,Facebook,2024-09-07,Não Convertido,,0.0,Moderado,Yemen
153189,E-mail Marketing,2024-09-05,Não Convertido,,0.0,Agressivo,South Africa
153190,E-mail Marketing,2024-09-02,Não Convertido,,0.0,Conservador,Sri Lanka
153191,E-mail Marketing,2024-09-04,Não Convertido,,0.0,Agressivo,Sweden
153192,Google Ads,2024-09-06,Não Convertido,,0.0,Agressivo,Malta
153193,Instagram,2024-09-07,Não Convertido,,0.0,Conservador,Mongolia
153194,Instagram,2024-09-07,Não Convertido,,0.0,Agressivo,Taiwan
153195,E-mail Marketing,2024-09-02,Não Convertido,,0.0,Moderado,Holy See (Vatican City State)
153196,Google Ads,2024-09-03,Não Convertido,,0.0,Conservador,Japan
153197,Orgânico,2024-09-05,Não Convertido,,0.0,Agressivo,Greenland
153198,WhatsApp,2024-09-04,Não Convertido,,0.0,Desconhecido,Anguilla
153199,Orgânico,2024-09-05,Não Convertido,,0.0,Agressivo,Antarctica (the territory South of 60 deg S)
153200,Orgânico,2024-09-02,Convertido,24.0,7154.34,Moderado,Holy See (Vatican City State)
153201,Google Ads,2024-09-05,Não Convertido,,0.0,Moderado,Tunisia
153202,YouTube Ads,2024-09-04,Convertido,21.0,8469.97,Conservador,Netherlands
153203,Google Ads,2024-09-04,Não Convertido,,0.0,Conservador,Hungary
153204,Orgânico,2024-09-05,Não Convertido,,0.0,Agressivo,Argentina
153205,TikTok,2024-09-06,Não Convertido,,0.0,Agressivo,Saint Helena
153206,TikTok,2024-09-07,Não Convertido,,0.0,Moderado,Iran
153207,WhatsApp,2024-09-03,Não Convertido,,0.0,Agressivo,Saint Pierre and Miquelon
153208,Instagram,2024-09-07,Não Convertido,,0.0,Desconhecido,Indonesia
153209,Instagram,2024-09-06,Não Convertido,,0.0,Moderado,Netherlands
153210,Orgânico,2024-09-07,Não Convertido,,0.0,Moderado,United States of America
153211,E-mail Marketing,2024-09-05,Não Convertido,,0.0,Conservador,Kuwait
153212,YouTube Ads,2024-09-06,Não Convertido,,0.0,Moderado,Western Sahara
153213,E-mail Marketing,2024-09-06,Não Convertido,,0.0,Moderado,Nicaragua
153214,Indicação,2024-09-03,Convertido,12.0,9396.31,Moderado,Kiribati
153215,TikTok,2024-09-07,Não Convertido,,0.0,Moderado,Albania
153216,WhatsApp,2024-09-04,Não Convertido,,0.0,Agressivo,Guinea
153217,Instagram,2024-09-04,Não Convertido,,0.0,Agressivo,Saint Helena
153218,E-mail Marketing,2024-09-07,Não Convertido,,0.0,Moderado,Jamaica
153219,TikTok,2024-09-03,Não Convertido,,0.0,Moderado,Kyrgyz Republic
153220,WhatsApp,2024-09-07,Não Convertido,,0.0,Agressivo,Brunei Darussalam
153221,Orgânico,2024-09-02,Não Convertido,,0.0,Desconhecido,Moldova
153222,Instagram,2024-09-05,Não Convertido,,0.0,Conservador,New Caledonia
153223,Instagram,2024-09-05,Convertido,30.0,1875.17,Agressivo,Turks and Caicos Islands
153224,Facebook,2024-09-06,Não Convertido,,0.0,Moderado,Gambia
153225,Facebook,2024-09-02,Não Convertido,,0.0,Moderado,Pitcairn Islands
153226,E-mail Marketing,2024-09-06,Não Convertido,,0.0,Moderado,New Caledonia
153227,Facebook,2024-09-02,Não Convertido,,0.0,Desconhecido,Bosnia and Herzegovina
153228,Orgânico,2024-09-04,Não Convertido,,0.0,Desconhecido,Iran
153229,E-mail Marketing,2024-09-07,Não Convertido,,0.0,Moderado,Uganda
153230,TikTok,2024-09-07,Não Convertido,,0.0,Conservador,Samoa
153231,Orgânico,2024-09-04,Não Convertido,,0.0,Agressivo,Montenegro
153232,TikTok,2024-09-02,Não Convertido,,0.0,Moderado,Estonia
153233,Orgânico,2024-09-04,Não Convertido,,0.0,Agressivo,Armenia
153234,YouTube Ads,2024-09-07,Não Convertido,,0.0,Moderado,Russian Federation
153235,Instagram,2024-09-06,Não Convertido,,0.0,Moderado,Montserrat
153236,Orgânico,2024-09-02,Não Convertido,,0.0,Moderado,Congo
153237,Orgânico,2024-09-04,Não Convertido,,0.0,Agressivo,Romania
153238,Orgânico,2024-09-02,Convertido,17.0,1441.44,Moderado,Nepal
153239,Facebook,2024-09-02,Não Convertido,,0.0,Conservador,Cocos (Keeling) Islands
153240,WhatsApp,2024-09-03,Não Convertido,,0.0,Agressivo,Saint Kitts and Nevis
153241,YouTube Ads,2024-09-07,Não Convertido,,0.0,Moderado,Niger
153242,Orgânico,2024-09-03,Não Convertido,,0.0,Conservador,Cook Islands
153243,Google Ads,2024-09-03,Não Convertido,,0.0,Agressivo,Belize
153244,Facebook,2024-09-03,Não Convertido,,0.0,Conservador,Cuba
153245,Orgânico,2024-09-07,Não Convertido,,0.0,Agressivo,Brunei Darussalam
153246,E-mail Marketing,2024-09-03,Não Convertido,,0.0,Agressivo,Guatemala
153247,Facebook,2024-09-06,Não Convertido,,0.0,Agressivo,Tonga
153248,Orgânico,2024-09-06,Não Convertido,,0.0,Moderado,Sierra Leone
153249,Orgânico,2024-09-02,Não Convertido,,0.0,Conservador,Chad
153250,Orgânico,2024-09-02,Não Convertido,,0.0,Agressivo,Algeria
153251,TikTok,2024-09-07,Não Convertido,,0.0,Desconhecido,Puerto Rico
153252,Orgânico,2024-09-06,Não Convertido,,0.0,Agressivo,Northern Mariana Islands
153253,Orgânico,2024-09-03,Não Convertido,,0.0,Moderado,Dominica
153254,Orgânico,2024-09-04,Não Convertido,,0.0,Agressivo,Eritrea
153255,Instagram,2024-09-06,Não Convertido,,0.0,Conservador,Reunion
153256,Instagram,2024-09-04,Não Convertido,,0.0,Conservador,Bahrain
153257,Orgânico,2024-09-06,Não Convertido,,0.0,Moderado,Tunisia
153258,WhatsApp,2024-09-02,Não Convertido,,0.0,Agressivo,Burkina Faso
153259,Google Ads,2024-09-02,Não Convertido,,0.0,Agressivo,Andorra
153260,Instagram,2024-09-02,Não Convertido,,0.0,Moderado,Korea
153261,Facebook,2024-09-07,Não Convertido,,0.0,Agressivo,American Samoa
153262,Indicação,2024-09-02,Não Convertido,,0.0,Moderado,Oman
153263,E-mail Marketing,2024-09-03,Não Convertido,,0.0,Desconhecido,Nigeria
153264,E-mail Marketing,2024-09-04,Não Convertido,,0.0,Conservador,Montenegro
153265,TikTok,2024-09-04,Não Convertido,,0.0,Moderado,Ethiopia
153266,Orgânico,2024-09-06,Não Convertido,,0.0,Conservador,Lao People's Democratic Republic
153267,YouTube Ads,2024-09-02,Não Convertido,,0.0,Moderado,Seychelles
153268,WhatsApp,2024-09-02,Não Convertido,,0.0,Moderado,Cayman Islands
153269,TikTok,2024-09-05,Não Convertido,,0.0,Agressivo,Wallis and Futuna
153270,Orgânico,2024-09-05,Não Convertido,,0.0,Agressivo,Vanuatu
153271,Instagram,2024-09-04,Não Convertido,,0.0,Agressivo,Anguilla
153272,TikTok,2024-09-04,Não Convertido,,0.0,Moderado,Romania
153273,Orgânico,2024-09-05,Não Convertido,,0.0,Agressivo,Switzerland
153274,TikTok,2024-09-07,Não Convertido,,0.0,Moderado,Central African Republic
153275,WhatsApp,2024-09-06,Não Convertido,,0.0,Moderado,Myanmar
153276,WhatsApp,2024-09-02,Não Convertido,,0.0,Agressivo,Philippines
153277,YouTube Ads,2024-09-02,Não Convertido,,0.0,Conservador,Vietnam
153278,Google Ads,2024-09-05,Não Convertido,,0.0,Desconhecido,Fiji
153279,WhatsApp,2024-09-07,Não Convertido,,0.0,Moderado,Greenland
153280,WhatsApp,2024-09-04,Não Convertido,,0.0,Conservador,Chad
153281,TikTok,2024-09-06,Não Convertido,,0.0,Moderado,Austria
153282,Facebook,2024-09-03,Não Convertido,,0.0,Conservador,Hong Kong
153283,Orgânico,2024-09-04,Não Convertido,,0.0,Moderado,Libyan Arab Jamahiriya
153284,Instagram,2024-09-04,Não Convertido,,0.0,Conservador,Kenya
153285,WhatsApp,2024-09-03,Não Convertido,,0.0,Moderado,Panama
153286,TikTok,2024-09-07,Não Convertido,,0.0,Moderado,Venezuela
153287,Facebook,2024-09-05,Não Convertido,,0.0,Moderado,Central African Republic
153288,WhatsApp,2024-09-02,Não Convertido,,0.0,Conservador,Poland
153289,Orgânico,2024-09-06,Não Convertido,,0.0,Moderado,Zambia
153290,YouTube Ads,2024-09-06,Não Convertido,,0.0,Desconhecido,Morocco
153291,TikTok,2024-09-04,Não Convertido,,0.0,Desconhecido,Zambia
153292,Orgânico,2024-09-06,Não Convertido,,0.0,Moderado,Belgium
153293,Orgânico,2024-09-07,Não Convertido,,0.0,Agressivo,Palestinian Territory
153294,Orgânico,2024-09-02,Não Convertido,,0.0,Moderado,Martinique
153295,WhatsApp,2024-09-07,Não Convertido,,0.0,Conservador,Ecuador
153296,Instagram,2024-09-06,Não Convertido,,0.0,Moderado,Honduras
153297,Instagram,2024-09-04,Não Convertido,,0.0,Agressivo,Pitcairn Islands
153298,TikTok,2024-09-05,Não Convertido,,0.0,Agressivo,Pitcairn Islands
153299,Google Ads,2024-09-03,Não Convertido,,0.0,Moderado,Ecuador
153300,E-mail Marketing,2024-09-06,Não Convertido,,0.0,Agressivo,Brazil
153301,Orgânico,2024-09-06,Não Convertido,,0.0,Desconhecido,Chile
153302,E-mail Marketing,2024-09-07,Não Convertido,,0.0,Desconhecido,Faroe Islands
153303,Orgânico,2024-09-02,Não Convertido,,0.0,Agressivo,Barbados
153304,TikTok,2024-09-04,Não Convertido,,0.0,Conservador,Burundi
153305,Facebook,2024-09-07,Não Convertido,,0.0,Agressivo,Greece
153306,Instagram,2024-09-02,Não Convertido,,0.0,Moderado,Bangladesh
153307,Google Ads,2024-09-06,Não Convertido,,0.0,Desconhecido,United States of America
153308,Instagram,2024-09-02,Convertido,2.0,5878.3,Conservador,United Arab Emirates
153309,Instagram,2024-09-02,Não Convertido,,0.0,Conservador,Slovenia
153310,TikTok,2024-09-03,Não Convertido,,0.0,Agressivo,Vietnam
153311,E-mail Marketing,2024-09-07,Não Convertido,,0.0,Moderado,Senegal
153312,Indicação,2024-09-06,Não Convertido,,0.0,Moderado,Heard Island and McDonald Islands
153313,Instagram,2024-09-02,Convertido,30.0,8859.05,Agressivo,Dominican Republic
153314,TikTok,2024-09-04,Não Convertido,,0.0,Agressivo,Saint Helena
153315,Indicação,2024-09-07,Não Convertido,,0.0,Moderado,Thailand
153316,WhatsApp,2024-09-04,Convertido,18.0,9123.42,Conservador,Suriname
153317,Google Ads,2024-09-07,Não Convertido,,0.0,Moderado,Mali
153318,Orgânico,2024-09-07,Não Convertido,,0.0,Moderado,Colombia
153319,YouTube Ads,2024-09-02,Não Convertido,,0.0,Moderado,Guatemala
153320,TikTok,2024-09-06,Não Convertido,,0.0,Desconhecido,Armenia
153321,TikTok,2024-09-06,Não Convertido,,0.0,Desconhecido,Malaysia
153322,Indicação,2024-09-04,Não Convertido,,0.0,Agressivo,Saudi Arabia
153323,Orgânico,2024-09-06,Não Convertido,,0.0,Moderado,Macao
153324,Indicação,2024-09-03,Não Convertido,,0.0,Moderado,Iran
153325,Facebook,2024-09-06,Não Convertido,,0.0,Agressivo,Benin
153326,Orgânico,2024-09-06,Não Convertido,,0.0,Moderado,Micronesia
153327,TikTok,2024-09-06,Convertido,30.0,4543.43,Moderado,Cyprus
153328,Instagram,2024-09-03,Não Convertido,,0.0,Desconhecido,Singapore
153329,Instagram,2024-09-03,Não Convertido,,0.0,Moderado,Malaysia
153330,Facebook,2024-09-07,Não Convertido,,0.0,Moderado,Saint Pierre and Miquelon
153331,Instagram,2024-09-04,Não Convertido,,0.0,Moderado,Albania
153332,Orgânico,2024-09-05,Não Convertido,,0.0,Conservador,Australia
153333,Instagram,2024-09-06,Não Convertido,,0.0,Moderado,Timor-Leste
153334,Indicação,2024-09-02,Não Convertido,,0.0,Conservador,Pakistan
153335,Google Ads,2024-09-04,Não Convertido,,0.0,Moderado,Botswana
153336,Instagram,2024-09-03,Não Convertido,,0.0,Moderado,Azerbaijan
153337,Facebook,2024-09-06,Não Convertido,,0.0,Agressivo,Uzbekistan
153338,E-mail Marketing,2024-09-05,Não Convertido,,0.0,Moderado,Sudan
153339,E-mail Marketing,2024-09-04,Não Convertido,,0.0,Moderado,Sweden
153340,Orgânico,2024-09-07,Não Convertido,,0.0,Moderado,Guyana
153341,Google Ads,2024-09-05,Não Convertido,,0.0,Moderado,Uzbekistan
153342,Google Ads,2024-09-02,Não Convertido,,0.0,Conservador,Anguilla
153343,Facebook,2024-09-05,Não Convertido,,0.0,Desconhecido,Mayotte
153344,E-mail Marketing,2024-09-02,Não Convertido,,0.0,Moderado,Northern Mariana Islands
153345,Orgânico,2024-09-04,Não Convertido,,0.0,Conservador,Romania
153346,TikTok,2024-09-03,Não Convertido,,0.0,Moderado,Reunion
153347,Orgânico,2024-09-06,Não Convertido,,0.0,Conservador,Micronesia
153348,Orgânico,2024-09-07,Não Convertido,,0.0,Moderado,Saint Vincent and the Grenadines
153349,Orgânico,2024-09-07,Não Convertido,,0.0,Moderado,Morocco
153350,TikTok,2024-09-05,Não Convertido,,0.0,Agressivo,United States of America
153351,Instagram,2024-09-03,Não Convertido,,0.0,Agressivo,Madagascar
153352,Indicação,2024-09-05,Não Convertido,,0.0,Agressivo,Australia
153353,E-mail Marketing,2024-09-03,Não Convertido,,0.0,Moderado,Gibraltar
153354,E-mail Marketing,2024-09-04,Não Convertido,,0.0,Moderado,Liechtenstein
153355,TikTok,2024-09-05,Não Convertido,,0.0,Agressivo,Seychelles
153356,YouTube Ads,2024-09-05,Não Convertido,,0.0,Agressivo,Canada
153357,TikTok,2024-09-03,Não Convertido,,0.0,Moderado,Isle of Man
153358,TikTok,2024-09-04,Não Convertido,,0.0,Moderado,Uganda
153359,Google Ads,2024-09-07,Não Convertido,,0.0,Moderado,Singapore
153360,Instagram,2024-09-06,Não Convertido,,0.0,Conservador,Djibouti
153361,YouTube Ads,2024-09-07,Não Convertido,,0.0,Agressivo,Belize
153362,Instagram,2024-09-04,Não Convertido,,0.0,Conservador,Korea
153363,Instagram,2024-09-02,Não Convertido,,0.0,Moderado,Saint Martin
153364,TikTok,2024-09-04,Não Convertido,,0.0,Moderado,Congo
153365,YouTube Ads,2024-09-02,Não Convertido,,0.0,Moderado,Morocco
153366,E-mail Marketing,2024-09-04,Não Convertido,,0.0,Moderado,Mali
153367,E-mail Marketing,2024-09-06,Não Convertido,,0.0,Conservador,Greenland
153368,YouTube Ads,2024-09-07,Não Convertido,,0.0,Agressivo,Brunei Darussalam
153369,Orgânico,2024-09-02,Não Convertido,,0.0,Moderado,Switzerland
153370,TikTok,2024-09-02,Não Convertido,,0.0,Agressivo,Uzbekistan
153371,TikTok,2024-09-07,Não Convertido,,0.0,Moderado,Hong Kong
153372,Google Ads,2024-09-06,Não Convertido,,0.0,Moderado,Paraguay
153373,YouTube Ads,2024-09-02,Não Convertido,,0.0,Agressivo,South Africa
153374,Facebook,2024-09-06,Não Convertido,,0.0,Agressivo,Saint Kitts and Nevis
153375,TikTok,2024-09-06,Não Convertido,,0.0,Moderado,Lithuania
153376,E-mail Marketing,2024-09-05,Não Convertido,,0.0,Agressivo,Niue
153377,TikTok,2024-09-02,Não Convertido,,0.0,Moderado,Gabon
153378,Instagram,2024-09-05,Não Convertido,,0.0,Agressivo,Turkmenistan
153379,WhatsApp,2024-09-04,Não Convertido,,0.0,Moderado,Turkey
153380,YouTube Ads,2024-09-04,Não Convertido,,0.0,Agressivo,Cyprus
153381,YouTube Ads,2024-09-02,Não Convertido,,0.0,Moderado,Heard Island and McDonald Islands
153382,Google Ads,2024-09-05,Não Convertido,,0.0,Agressivo,El Salvador
153383,TikTok,2024-09-03,Não Convertido,,0.0,Agressivo,Latvia
153384,Instagram,2024-09-06,Não Convertido,,0.0,Conservador,Burundi
153385,WhatsApp,2024-09-07,Não Convertido,,0.0,Moderado,Ecuador
153386,Instagram,2024-09-05,Não Convertido,,0.0,Moderado,Somalia
153387,Google Ads,2024-09-03,Não Convertido,,0.0,Desconhecido,Timor-Leste
153388,Google Ads,2024-09-07,Não Convertido,,0.0,Desconhecido,Antigua and Barbuda
153389,TikTok,2024-09-02,Não Convertido,,0.0,Agressivo,Samoa
153390,Instagram,2024-09-03,Não Convertido,,0.0,Moderado,Malaysia
153391,WhatsApp,2024-09-04,Não Convertido,,0.0,Agressivo,Netherlands
153392,Instagram,2024-09-05,Não Convertido,,0.0,Agressivo,Niue
153393,Google Ads,2024-09-02,Não Convertido,,0.0,Moderado,Algeria
153394,Orgânico,2024-09-03,Não Convertido,,0.0,Agressivo,Malta
153395,TikTok,2024-09-03,Não Convertido,,0.0,Conservador,Samoa
153396,E-mail Marketing,2024-09-05,Não Convertido,,0.0,Moderado,Libyan Arab Jamahiriya
153397,Instagram,2024-09-04,Não Convertido,,0.0,Desconhecido,Vanuatu
153398,E-mail Marketing,2024-09-04,Não Convertido,,0.0,Agressivo,Cuba
153399,WhatsApp,2024-09-03,Não Convertido,,0.0,Moderado,Malawi
153400,Orgânico,2024-09-04,Não Convertido,,0.0,Conservador,Mali
153401,Instagram,2024-09-05,Não Convertido,,0.0,Moderado,Afghanistan
153402,WhatsApp,2024-09-03,Não Convertido,,0.0,Agressivo,Denmark
153403,Facebook,2024-09-04,Não Convertido,,0.0,Agressivo,Samoa
153404,TikTok,2024-09-04,Não Convertido,,0.0,Moderado,Christmas Island
153405,YouTube Ads,2024-09-06,Não Convertido,,0.0,Agressivo,Indonesia
153406,Instagram,2024-09-07,Não Convertido,,0.0,Desconhecido,Cocos (Keeling) Islands
153407,WhatsApp,2024-09-06,Não Convertido,,0.0,Agressivo,Micronesia
153408,E-mail Marketing,2024-09-03,Não Convertido,,0.0,Moderado,Jamaica
153409,YouTube Ads,2024-09-03,Não Convertido,,0.0,Conservador,Cambodia
153410,YouTube Ads,2024-09-06,Não Convertido,,0.0,Moderado,Italy
153411,Orgânico,2024-09-06,Não Convertido,,0.0,Conservador,Holy See (Vatican City State)
153412,YouTube Ads,2024-09-06,Não Convertido,,0.0,Agressivo,Switzerland
153413,WhatsApp,2024-09-05,Não Convertido,,0.0,Conservador,Jordan
153414,E-mail Marketing,2024-09-04,Não Convertido,,0.0,Conservador,French Southern Territories
153415,WhatsApp,2024-09-03,Não Convertido,,0.0,Conservador,Singapore
153416,TikTok,2024-09-07,Não Convertido,,0.0,Desconhecido,Dominican Republic
153417,WhatsApp,2024-09-04,Não Convertido,,0.0,Moderado,Costa Rica
153418,Orgânico,2024-09-02,Não Convertido,,0.0,Moderado,Korea
153419,Indicação,2024-09-02,Não Convertido,,0.0,Moderado,Djibouti
153420,TikTok,2024-09-05,Não Convertido,,0.0,Moderado,Guadeloupe
153421,YouTube Ads,2024-09-02,Não Convertido,,0.0,Agressivo,Suriname
153422,YouTube Ads,2024-09-02,Não Convertido,,0.0,Agressivo,French Polynesia
153423,Facebook,2024-09-06,Não Convertido,,0.0,Desconhecido,Ecuador
153424,E-mail Marketing,2024-09-06,Não Convertido,,0.0,Conservador,Montserrat
153425,Indicação,2024-09-06,Não Convertido,,0.0,Conservador,Somalia
153426,Orgânico,2024-09-07,Não Convertido,,0.0,Conservador,Antarctica (the territory South of 60 deg S)
153427,Facebook,2024-09-06,Não Convertido,,0.0,Moderado,Bolivia
153428,Facebook,2024-09-07,Não Convertido,,0.0,Conservador,Congo
153429,YouTube Ads,2024-09-07,Não Convertido,,0.0,Moderado,Cuba
153430,TikTok,2024-09-02,Não Convertido,,0.0,Agressivo,Argentina
153431,E-mail Marketing,2024-09-04,Não Convertido,,0.0,Moderado,Mauritius
153432,Facebook,2024-09-03,Não Convertido,,0.0,Conservador,Jordan
153433,Orgânico,2024-09-07,Não Convertido,,0.0,Moderado,Congo
153434,Orgânico,2024-09-07,Não Convertido,,0.0,Agressivo,Uruguay
153435,Orgânico,2024-09-06,Não Convertido,,0.0,Moderado,Korea
153436,Orgânico,2024-09-05,Não Convertido,,0.0,Conservador,Estonia
153437,E-mail Marketing,2024-09-02,Não Convertido,,0.0,Desconhecido,Syrian Arab Republic
153438,Google Ads,2024-09-07,Não Convertido,,0.0,Agressivo,Nauru
153439,Instagram,2024-09-05,Não Convertido,,0.0,Conservador,Denmark
153440,Indicação,2024-09-03,Não Convertido,,0.0,Conservador,Honduras
153441,WhatsApp,2024-09-06,Não Convertido,,0.0,Moderado,Cocos (Keeling) Islands
153442,TikTok,2024-09-03,Não Convertido,,0.0,Agressivo,Turks and Caicos Islands
153443,Orgânico,2024-09-03,Não Convertido,,0.0,Moderado,Romania
153444,TikTok,2024-09-06,Não Convertido,,0.0,Agressivo,Mongolia
153445,Orgânico,2024-09-03,Não Convertido,,0.0,Agressivo,New Zealand
153446,E-mail Marketing,2024-09-02,Não Convertido,,0.0,Moderado,Guam
153447,Instagram,2024-09-06,Não Convertido,,0.0,Moderado,Chad
153448,E-mail Marketing,2024-09-02,Não Convertido,,0.0,Moderado,Kuwait
153449,Instagram,2024-09-04,Não Convertido,,0.0,Moderado,Venezuela
153450,Google Ads,2024-09-03,Não Convertido,,0.0,Agressivo,Oman
153451,E-mail Marketing,2024-09-04,Não Convertido,,0.0,Conservador,Ecuador
153452,Facebook,2024-09-02,Não Convertido,,0.0,Moderado,Indonesia
153453,Instagram,2024-09-05,Não Convertido,,0.0,Moderado,Saudi Arabia
153454,E-mail Marketing,2024-09-02,Não Convertido,,0.0,Moderado,Netherlands
153455,Facebook,2024-09-05,Não Convertido,,0.0,Conservador,Armenia
153456,YouTube Ads,2024-09-05,Não Convertido,,0.0,Desconhecido,Turkey
153457,Facebook,2024-09-02,Não Convertido,,0.0,Desconhecido,Brunei Darussalam
153458,WhatsApp,2024-09-06,Não Convertido,,0.0,Conservador,Philippines
153459,Google Ads,2024-09-04,Não Convertido,,0.0,Agressivo,Equatorial Guinea
153460,TikTok,2024-09-03,Não Convertido,,0.0,Conservador,Central African Republic
153461,Facebook,2024-09-05,Não Convertido,,0.0,Moderado,Cameroon
153462,Orgânico,2024-09-07,Não Convertido,,0.0,Agressivo,Kuwait
153463,Instagram,2024-09-02,Não Convertido,,0.0,Agressivo,Trinidad and Tobago
153464,TikTok,2024-09-05,Não Convertido,,0.0,Moderado,United States Virgin Islands
153465,Orgânico,2024-09-03,Não Convertido,,0.0,Moderado,British Indian Ocean Territory (Chagos Archipelago)
153466,Facebook,2024-09-02,Não Convertido,,0.0,Moderado,Palestinian Territory
153467,Indicação,2024-09-05,Não Convertido,,0.0,Moderado,Bermuda
153468,WhatsApp,2024-09-07,Não Convertido,,0.0,Agressivo,Colombia
153469,Facebook,2024-09-05,Não Convertido,,0.0,Agressivo,Reunion
153470,YouTube Ads,2024-09-02,Não Convertido,,0.0,Agressivo,Gibraltar
153471,Indicação,2024-09-07,Não Convertido,,0.0,Moderado,Micronesia
153472,Orgânico,2024-09-04,Não Convertido,,0.0,Agressivo,Egypt
153473,TikTok,2024-09-05,Não Convertido,,0.0,Moderado,Hungary
153474,Orgânico,2024-09-05,Não Convertido,,0.0,Desconhecido,Taiwan
153475,Indicação,2024-09-04,Não Convertido,,0.0,Conservador,Iraq
153476,YouTube Ads,2024-09-04,Não Convertido,,0.0,Moderado,Saint Pierre and Miquelon
153477,Instagram,2024-09-06,Não Convertido,,0.0,Agressivo,Iraq
153478,TikTok,2024-09-03,Convertido,20.0,2285.57,Agressivo,Pitcairn Islands
153479,WhatsApp,2024-09-02,Não Convertido,,0.0,Desconhecido,Qatar
153480,Orgânico,2024-09-06,Não Convertido,,0.0,Moderado,Venezuela
153481,Google Ads,2024-09-04,Não Convertido,,0.0,Agressivo,Iran
153482,E-mail Marketing,2024-09-03,Não Convertido,,0.0,Agressivo,Mozambique
153483,Instagram,2024-09-03,Não Convertido,,0.0,Moderado,Canada
153484,Google Ads,2024-09-02,Convertido,11.0,5645.31,Agressivo,Vietnam
153485,WhatsApp,2024-09-06,Não Convertido,,0.0,Moderado,Christmas Island
153486,Instagram,2024-09-04,Não Convertido,,0.0,Conservador,Lebanon
153487,Orgânico,2024-09-06,Não Convertido,,0.0,Desconhecido,Micronesia
153488,Orgânico,2024-09-07,Não Convertido,,0.0,Conservador,Guernsey
153489,Orgânico,2024-09-02,Não Convertido,,0.0,Desconhecido,Isle of Man
153490,WhatsApp,2024-09-05,Não Convertido,,0.0,Agressivo,Central African Republic
153491,Orgânico,2024-09-04,Não Convertido,,0.0,Agressivo,Micronesia
153492,Instagram,2024-09-06,Não Convertido,,0.0,Moderado,Burundi
153493,Orgânico,2024-09-02,Não Convertido,,0.0,Agressivo,Mayotte
153494,Instagram,2024-09-04,Não Convertido,,0.0,Agressivo,Denmark
153495,E-mail Marketing,2024-09-06,Não Convertido,,0.0,Conservador,Nauru
153496,YouTube Ads,2024-09-05,Não Convertido,,0.0,Conservador,Iceland
153497,Instagram,2024-09-07,Convertido,16.0,8993.0,Conservador,Christmas Island
153498,TikTok,2024-09-02,Não Convertido,,0.0,Conservador,Brazil
153499,Indicação,2024-09-04,Não Convertido,,0.0,Agressivo,Hong Kong
153500,Facebook,2024-09-06,Não Convertido,,0.0,Moderado,Norway
153501,YouTube Ads,2024-09-06,Não Convertido,,0.0,Desconhecido,Bulgaria
153502,Orgânico,2024-09-04,Não Convertido,,0.0,Moderado,Andorra
