lead_id,origem,data_cadastro,status_conversao,dias_ate_1o_trade,valor_deposito,perfil,pais
135364,Facebook,2024-08-01,Não Convertido,,0.0,Agressivo,Timor-Leste
135365,Orgânico,2024-07-29,Não Convertido,,0.0,Agressivo,France
135366,Orgânico,2024-08-03,Não Convertido,,0.0,Conservador,Pakistan
135367,Instagram,2024-08-02,Não Convertido,,0.0,Moderado,Maldives
135368,Orgânico,2024-08-01,Não Convertido,,0.0,Moderado,Belarus
135369,WhatsApp,2024-07-30,Não Convertido,,0.0,Conservador,Bermuda
135370,Orgânico,2024-07-30,Não Convertido,,0.0,Conservador,Sri Lanka
135371,TikTok,2024-07-31,Não Convertido,,0.0,Conservador,Netherlands
135372,Instagram,2024-08-03,Não Convertido,,0.0,Conservador,Rwanda
135373,Indicação,2024-07-31,Não Convertido,,0.0,Agressivo,Saint Lucia
135374,Google Ads,2024-07-31,Convertido,12.0,3362.24,Conservador,Gambia
135375,TikTok,2024-07-29,Não Convertido,,0.0,Moderado,Brunei Darussalam
135376,Google Ads,2024-07-31,Não Convertido,,0.0,Moderado,Bahamas
135377,TikTok,2024-08-01,Não Convertido,,0.0,Moderado,Bahrain
135378,TikTok,2024-08-02,Não Convertido,,0.0,Moderado,Saint Helena
135379,Instagram,2024-08-02,Não Convertido,,0.0,Conservador,Brazil
135380,Instagram,2024-07-30,Não Convertido,,0.0,Conservador,Malta
135381,E-mail Marketing,2024-08-02,Não Convertido,,0.0,Moderado,Comoros
135382,Google Ads,2024-07-31,Não Convertido,,0.0,Agressivo,Latvia
135383,Instagram,2024-08-01,Não Convertido,,0.0,Desconhecido,Qatar
135384,Google Ads,2024-08-01,Não Convertido,,0.0,Agressivo,Reunion
135385,Instagram,2024-07-29,Não Convertido,,0.0,Desconhecido,Norfolk Island
135386,TikTok,2024-08-03,Não Convertido,,0.0,Moderado,French Southern Territories
135387,Orgânico,2024-08-02,Não Convertido,,0.0,Moderado,Solomon Islands
135388,Google Ads,2024-08-01,Não Convertido,,0.0,Moderado,Palau
135389,E-mail Marketing,2024-07-29,Não Convertido,,0.0,Agressivo,Trinidad and Tobago
135390,Orgânico,2024-08-03,Não Convertido,,0.0,Conservador,Tokelau
135391,E-mail Marketing,2024-08-01,Não Convertido,,0.0,Moderado,Thailand
135392,Instagram,2024-08-03,Não Convertido,,0.0,Conservador,Iran
135393,Facebook,2024-07-31,Não Convertido,,0.0,Agressivo,Cook Islands
135394,TikTok,2024-07-29,Não Convertido,,0.0,Conservador,Namibia
135395,TikTok,2024-08-01,Não Convertido,,0.0,Moderado,Peru
135396,Facebook,2024-07-30,Não Convertido,,0.0,Moderado,Albania
135397,Indicação,2024-07-31,Não Convertido,,0.0,Agressivo,Finland
135398,Orgânico,2024-08-02,Não Convertido,,0.0,Conservador,Slovenia
135399,Orgânico,2024-08-02,Não Convertido,,0.0,Conservador,American Samoa
135400,TikTok,2024-07-30,Não Convertido,,0.0,Moderado,Saint Helena
135401,Instagram,2024-08-01,Não Convertido,,0.0,Desconhecido,Maldives
135402,YouTube Ads,2024-07-31,Não Convertido,,0.0,Conservador,Liechtenstein
135403,Facebook,2024-08-02,Não Convertido,,0.0,Agressivo,Tanzania
135404,Google Ads,2024-07-29,Não Convertido,,0.0,Conservador,Benin
135405,Orgânico,2024-08-01,Não Convertido,,0.0,Agressivo,Jordan
135406,Orgânico,2024-07-31,Não Convertido,,0.0,Moderado,Morocco
135407,WhatsApp,2024-07-29,Não Convertido,,0.0,Conservador,Martinique
135408,YouTube Ads,2024-08-01,Não Convertido,,0.0,Agressivo,Namibia
135409,WhatsApp,2024-08-01,Não Convertido,,0.0,Moderado,Isle of Man
135410,Instagram,2024-08-01,Não Convertido,,0.0,Desconhecido,Korea
135411,Google Ads,2024-07-30,Não Convertido,,0.0,Agressivo,Albania
135412,Orgânico,2024-07-30,Não Convertido,,0.0,Moderado,Guam
135413,Facebook,2024-07-30,Não Convertido,,0.0,Moderado,Seychelles
135414,YouTube Ads,2024-07-30,Não Convertido,,0.0,Moderado,Sri Lanka
135415,TikTok,2024-08-01,Não Convertido,,0.0,Moderado,Congo
135416,Instagram,2024-07-29,Não Convertido,,0.0,Conservador,Pitcairn Islands
135417,WhatsApp,2024-07-31,Não Convertido,,0.0,Conservador,Costa Rica
135418,YouTube Ads,2024-08-03,Não Convertido,,0.0,Desconhecido,Saint Kitts and Nevis
135419,TikTok,2024-08-02,Não Convertido,,0.0,Moderado,Christmas Island
135420,Orgânico,2024-08-01,Não Convertido,,0.0,Conservador,British Indian Ocean Territory (Chagos Archipelago)
135421,Orgânico,2024-08-03,Não Convertido,,0.0,Moderado,Ukraine
135422,Instagram,2024-07-29,Não Convertido,,0.0,Agressivo,Malaysia
135423,YouTube Ads,2024-07-30,Convertido,5.0,2288.52,Agressivo,Israel
135424,E-mail Marketing,2024-07-29,Não Convertido,,0.0,Agressivo,Kazakhstan
135425,Orgânico,2024-08-01,Não Convertido,,0.0,Desconhecido,Iraq
135426,Facebook,2024-08-03,Não Convertido,,0.0,Agressivo,Kuwait
135427,Facebook,2024-07-31,Não Convertido,,0.0,Agressivo,Nauru
135428,Orgânico,2024-08-02,Não Convertido,,0.0,Moderado,Estonia
135429,Google Ads,2024-08-02,Não Convertido,,0.0,Desconhecido,Sao Tome and Principe
135430,Facebook,2024-08-01,Não Convertido,,0.0,Conservador,Iran
135431,E-mail Marketing,2024-08-02,Não Convertido,,0.0,Agressivo,Norfolk Island
135432,Facebook,2024-08-02,Não Convertido,,0.0,Desconhecido,Algeria
135433,E-mail Marketing,2024-08-03,Não Convertido,,0.0,Agressivo,Sweden
135434,TikTok,2024-08-01,Não Convertido,,0.0,Moderado,Moldova
135435,Orgânico,2024-07-29,Não Convertido,,0.0,Desconhecido,Senegal
135436,Facebook,2024-07-29,Não Convertido,,0.0,Conservador,Puerto Rico
135437,Google Ads,2024-07-29,Não Convertido,,0.0,Desconhecido,Saint Barthelemy
135438,TikTok,2024-08-01,Não Convertido,,0.0,Moderado,Lesotho
135439,Instagram,2024-07-29,Não Convertido,,0.0,Desconhecido,Saint Barthelemy
135440,YouTube Ads,2024-08-01,Não Convertido,,0.0,Agressivo,Tunisia
135441,YouTube Ads,2024-08-03,Não Convertido,,0.0,Desconhecido,Dominica
135442,Orgânico,2024-07-31,Não Convertido,,0.0,Moderado,Greenland
135443,WhatsApp,2024-07-30,Não Convertido,,0.0,Moderado,Mayotte
135444,Google Ads,2024-07-30,Não Convertido,,0.0,Agressivo,United States Virgin Islands
135445,TikTok,2024-08-01,Não Convertido,,0.0,Moderado,Malta
135446,TikTok,2024-08-01,Não Convertido,,0.0,Moderado,Saint Barthelemy
135447,Facebook,2024-07-29,Não Convertido,,0.0,Conservador,France
135448,TikTok,2024-08-01,Não Convertido,,0.0,Agressivo,Zimbabwe
135449,E-mail Marketing,2024-08-03,Não Convertido,,0.0,Moderado,Iran
135450,Google Ads,2024-08-03,Convertido,13.0,3082.09,Moderado,Mongolia
135451,Orgânico,2024-08-01,Não Convertido,,0.0,Conservador,Germany
135452,Orgânico,2024-07-30,Não Convertido,,0.0,Moderado,Cocos (Keeling) Islands
135453,Orgânico,2024-07-31,Não Convertido,,0.0,Moderado,Thailand
135454,Instagram,2024-08-02,Não Convertido,,0.0,Moderado,Samoa
135455,Google Ads,2024-08-02,Não Convertido,,0.0,Conservador,South Georgia and the South Sandwich Islands
135456,TikTok,2024-08-01,Não Convertido,,0.0,Moderado,Taiwan
135457,Indicação,2024-08-01,Não Convertido,,0.0,Agressivo,Reunion
135458,Instagram,2024-08-03,Não Convertido,,0.0,Moderado,Central African Republic
135459,TikTok,2024-08-03,Não Convertido,,0.0,Moderado,Canada
135460,Google Ads,2024-08-01,Não Convertido,,0.0,Conservador,Comoros
135461,TikTok,2024-08-03,Não Convertido,,0.0,Desconhecido,Korea
135462,YouTube Ads,2024-08-01,Não Convertido,,0.0,Conservador,Gambia
135463,Google Ads,2024-07-30,Não Convertido,,0.0,Conservador,Argentina
135464,Orgânico,2024-08-02,Não Convertido,,0.0,Desconhecido,Eritrea
135465,WhatsApp,2024-08-02,Não Convertido,,0.0,Desconhecido,Congo
135466,Google Ads,2024-07-31,Não Convertido,,0.0,Agressivo,Qatar
135467,E-mail Marketing,2024-07-29,Não Convertido,,0.0,Conservador,Estonia
135468,YouTube Ads,2024-08-01,Não Convertido,,0.0,Conservador,Nigeria
135469,E-mail Marketing,2024-07-30,Não Convertido,,0.0,Moderado,Gambia
135470,Orgânico,2024-08-01,Não Convertido,,0.0,Moderado,Lesotho
135471,WhatsApp,2024-08-03,Não Convertido,,0.0,Agressivo,Saint Kitts and Nevis
135472,Indicação,2024-07-31,Não Convertido,,0.0,Moderado,Myanmar
135473,TikTok,2024-07-29,Não Convertido,,0.0,Conservador,Sudan
135474,E-mail Marketing,2024-08-01,Não Convertido,,0.0,Moderado,Cape Verde
135475,Google Ads,2024-08-01,Não Convertido,,0.0,Agressivo,Latvia
135476,E-mail Marketing,2024-07-29,Não Convertido,,0.0,Moderado,Kyrgyz Republic
135477,Indicação,2024-07-30,Não Convertido,,0.0,Agressivo,Guatemala
135478,YouTube Ads,2024-08-03,Não Convertido,,0.0,Moderado,Bosnia and Herzegovina
135479,Instagram,2024-07-31,Não Convertido,,0.0,Agressivo,Costa Rica
135480,TikTok,2024-07-29,Não Convertido,,0.0,Agressivo,Montserrat
135481,TikTok,2024-07-30,Convertido,12.0,6610.15,Agressivo,Jordan
135482,Orgânico,2024-08-01,Não Convertido,,0.0,Agressivo,Serbia
135483,Orgânico,2024-08-01,Não Convertido,,0.0,Conservador,Tanzania
135484,TikTok,2024-07-30,Não Convertido,,0.0,Conservador,Sri Lanka
135485,E-mail Marketing,2024-07-31,Não Convertido,,0.0,Moderado,Korea
135486,Instagram,2024-07-30,Não Convertido,,0.0,Agressivo,Haiti
135487,TikTok,2024-08-03,Não Convertido,,0.0,Moderado,United States of America
135488,Instagram,2024-08-02,Não Convertido,,0.0,Moderado,Suriname
135489,Instagram,2024-08-01,Não Convertido,,0.0,Moderado,Austria
135490,Orgânico,2024-08-02,Não Convertido,,0.0,Moderado,Reunion
135491,E-mail Marketing,2024-08-01,Não Convertido,,0.0,Moderado,Togo
135492,Instagram,2024-08-01,Não Convertido,,0.0,Moderado,Congo
135493,Orgânico,2024-07-29,Não Convertido,,0.0,Agressivo,Guatemala
135494,Instagram,2024-08-03,Não Convertido,,0.0,Moderado,American Samoa
135495,Facebook,2024-07-31,Não Convertido,,0.0,Conservador,Gambia
135496,Instagram,2024-08-01,Não Convertido,,0.0,Agressivo,Cook Islands
135497,Instagram,2024-08-02,Não Convertido,,0.0,Moderado,Zambia
135498,E-mail Marketing,2024-07-31,Não Convertido,,0.0,Conservador,Saint Lucia
135499,Indicação,2024-07-29,Não Convertido,,0.0,Agressivo,Australia
135500,Instagram,2024-07-30,Não Convertido,,0.0,Moderado,Finland
135501,Orgânico,2024-08-02,Não Convertido,,0.0,Agressivo,Ethiopia
135502,TikTok,2024-07-29,Não Convertido,,0.0,Moderado,Jersey
135503,Instagram,2024-08-01,Não Convertido,,0.0,Agressivo,Greece
135504,Google Ads,2024-08-02,Não Convertido,,0.0,Moderado,Netherlands
135505,Facebook,2024-07-30,Não Convertido,,0.0,Agressivo,Tonga
135506,TikTok,2024-07-29,Não Convertido,,0.0,Moderado,Anguilla
135507,Orgânico,2024-07-29,Não Convertido,,0.0,Conservador,United States Minor Outlying Islands
135508,Instagram,2024-07-31,Não Convertido,,0.0,Moderado,Guadeloupe
135509,WhatsApp,2024-08-01,Não Convertido,,0.0,Agressivo,Trinidad and Tobago
135510,TikTok,2024-08-02,Não Convertido,,0.0,Agressivo,Liberia
135511,YouTube Ads,2024-07-31,Não Convertido,,0.0,Moderado,China
135512,Orgânico,2024-08-03,Não Convertido,,0.0,Conservador,Papua New Guinea
135513,Orgânico,2024-08-02,Não Convertido,,0.0,Agressivo,Spain
135514,TikTok,2024-07-30,Não Convertido,,0.0,Moderado,Netherlands Antilles
135515,TikTok,2024-08-03,Não Convertido,,0.0,Moderado,Canada
135516,Indicação,2024-07-30,Não Convertido,,0.0,Conservador,Trinidad and Tobago
135517,Instagram,2024-07-31,Não Convertido,,0.0,Moderado,Portugal
135518,TikTok,2024-07-29,Não Convertido,,0.0,Conservador,Heard Island and McDonald Islands
135519,Instagram,2024-08-01,Não Convertido,,0.0,Moderado,Uzbekistan
135520,Facebook,2024-08-03,Não Convertido,,0.0,Moderado,Bosnia and Herzegovina
135521,Facebook,2024-08-03,Não Convertido,,0.0,Moderado,Jamaica
135522,Google Ads,2024-08-02,Não Convertido,,0.0,Agressivo,Kiribati
135523,Google Ads,2024-07-29,Não Convertido,,0.0,Moderado,Canada
135524,Indicação,2024-08-02,Não Convertido,,0.0,Moderado,British Indian Ocean Territory (Chagos Archipelago)
135525,Orgânico,2024-07-30,Não Convertido,,0.0,Agressivo,New Zealand
135526,Orgânico,2024-07-30,Não Convertido,,0.0,Conservador,Kenya
135527,Orgânico,2024-07-31,Convertido,19.0,7615.17,Agressivo,Guadeloupe
135528,Orgânico,2024-07-31,Não Convertido,,0.0,Moderado,Chile
135529,TikTok,2024-07-30,Não Convertido,,0.0,Moderado,Belgium
135530,Orgânico,2024-08-01,Não Convertido,,0.0,Agressivo,Bolivia
135531,WhatsApp,2024-08-02,Não Convertido,,0.0,Moderado,Tunisia
135532,Instagram,2024-07-29,Não Convertido,,0.0,Conservador,Zambia
135533,Orgânico,2024-07-29,Não Convertido,,0.0,Moderado,Seychelles
135534,Facebook,2024-07-30,Não Convertido,,0.0,Agressivo,Mayotte
135535,Instagram,2024-07-31,Não Convertido,,0.0,Agressivo,Congo
135536,Google Ads,2024-08-03,Não Convertido,,0.0,Agressivo,Equatorial Guinea
135537,Google Ads,2024-08-01,Não Convertido,,0.0,Conservador,Cote d'Ivoire
135538,YouTube Ads,2024-08-02,Não Convertido,,0.0,Moderado,Venezuela
135539,TikTok,2024-07-30,Não Convertido,,0.0,Moderado,Solomon Islands
135540,E-mail Marketing,2024-08-02,Não Convertido,,0.0,Moderado,Brunei Darussalam
135541,Orgânico,2024-08-01,Não Convertido,,0.0,Moderado,Guinea
135542,YouTube Ads,2024-07-31,Não Convertido,,0.0,Moderado,Niue
135543,Google Ads,2024-08-01,Não Convertido,,0.0,Agressivo,Belgium
135544,YouTube Ads,2024-08-01,Não Convertido,,0.0,Agressivo,Malta
135545,Instagram,2024-08-02,Não Convertido,,0.0,Conservador,Myanmar
135546,Google Ads,2024-07-29,Não Convertido,,0.0,Moderado,Falkland Islands (Malvinas)
135547,Orgânico,2024-07-30,Não Convertido,,0.0,Conservador,Netherlands
135548,Orgânico,2024-07-30,Não Convertido,,0.0,Conservador,Morocco
135549,Google Ads,2024-07-31,Não Convertido,,0.0,Moderado,Falkland Islands (Malvinas)
135550,YouTube Ads,2024-07-29,Não Convertido,,0.0,Moderado,Iraq
135551,WhatsApp,2024-07-29,Não Convertido,,0.0,Desconhecido,Mauritius
135552,WhatsApp,2024-07-31,Não Convertido,,0.0,Agressivo,Thailand
135553,Instagram,2024-07-29,Não Convertido,,0.0,Agressivo,Norfolk Island
135554,Orgânico,2024-07-30,Não Convertido,,0.0,Agressivo,Jordan
135555,Indicação,2024-08-02,Não Convertido,,0.0,Moderado,Central African Republic
135556,Facebook,2024-07-29,Não Convertido,,0.0,Agressivo,Hong Kong
135557,Orgânico,2024-07-31,Não Convertido,,0.0,Desconhecido,Czech Republic
135558,TikTok,2024-07-31,Não Convertido,,0.0,Moderado,Jersey
135559,TikTok,2024-08-02,Não Convertido,,0.0,Desconhecido,New Zealand
135560,YouTube Ads,2024-08-01,Não Convertido,,0.0,Desconhecido,New Zealand
135561,E-mail Marketing,2024-07-31,Não Convertido,,0.0,Moderado,Holy See (Vatican City State)
135562,Facebook,2024-08-02,Não Convertido,,0.0,Moderado,Brazil
135563,TikTok,2024-07-30,Não Convertido,,0.0,Moderado,San Marino
135564,Facebook,2024-07-30,Não Convertido,,0.0,Moderado,Sierra Leone
135565,Orgânico,2024-08-03,Não Convertido,,0.0,Moderado,Malta
135566,YouTube Ads,2024-07-30,Não Convertido,,0.0,Moderado,Serbia
135567,Orgânico,2024-07-29,Não Convertido,,0.0,Moderado,Lao People's Democratic Republic
135568,Instagram,2024-08-02,Não Convertido,,0.0,Moderado,China
135569,TikTok,2024-08-03,Não Convertido,,0.0,Agressivo,Solomon Islands
135570,Google Ads,2024-07-30,Não Convertido,,0.0,Moderado,Vietnam
135571,TikTok,2024-07-31,Não Convertido,,0.0,Desconhecido,Argentina
135572,YouTube Ads,2024-07-30,Não Convertido,,0.0,Conservador,El Salvador
135573,Google Ads,2024-07-29,Não Convertido,,0.0,Moderado,Bahamas
135574,TikTok,2024-08-02,Não Convertido,,0.0,Moderado,Peru
135575,Orgânico,2024-08-02,Não Convertido,,0.0,Agressivo,Guernsey
135576,Indicação,2024-08-03,Não Convertido,,0.0,Moderado,Slovakia (Slovak Republic)
135577,Google Ads,2024-07-30,Não Convertido,,0.0,Moderado,Guinea
135578,E-mail Marketing,2024-08-03,Não Convertido,,0.0,Moderado,Sri Lanka
135579,E-mail Marketing,2024-07-30,Não Convertido,,0.0,Moderado,Bangladesh
135580,YouTube Ads,2024-08-01,Não Convertido,,0.0,Moderado,Gambia
135581,Instagram,2024-07-29,Não Convertido,,0.0,Moderado,Tajikistan
135582,Orgânico,2024-08-02,Não Convertido,,0.0,Conservador,Western Sahara
135583,E-mail Marketing,2024-08-01,Não Convertido,,0.0,Desconhecido,Kuwait
135584,Google Ads,2024-07-30,Não Convertido,,0.0,Conservador,Saint Pierre and Miquelon
135585,Instagram,2024-07-29,Não Convertido,,0.0,Moderado,Bouvet Island (Bouvetoya)
135586,E-mail Marketing,2024-07-30,Não Convertido,,0.0,Moderado,Nicaragua
135587,WhatsApp,2024-07-30,Não Convertido,,0.0,Agressivo,Zimbabwe
135588,Google Ads,2024-08-03,Não Convertido,,0.0,Desconhecido,Saint Vincent and the Grenadines
135589,E-mail Marketing,2024-08-02,Não Convertido,,0.0,Conservador,Guinea
135590,Orgânico,2024-07-31,Não Convertido,,0.0,Conservador,Portugal
135591,TikTok,2024-07-29,Não Convertido,,0.0,Agressivo,Bosnia and Herzegovina
135592,Facebook,2024-07-30,Não Convertido,,0.0,Agressivo,Pitcairn Islands
135593,E-mail Marketing,2024-07-30,Não Convertido,,0.0,Conservador,Sao Tome and Principe
135594,Instagram,2024-07-29,Não Convertido,,0.0,Moderado,Bermuda
135595,E-mail Marketing,2024-07-29,Não Convertido,,0.0,Moderado,British Virgin Islands
135596,E-mail Marketing,2024-07-29,Não Convertido,,0.0,Conservador,Uruguay
135597,Facebook,2024-07-31,Não Convertido,,0.0,Moderado,Kazakhstan
135598,TikTok,2024-07-31,Não Convertido,,0.0,Conservador,El Salvador
135599,E-mail Marketing,2024-07-30,Não Convertido,,0.0,Agressivo,Russian Federation
135600,Google Ads,2024-08-03,Não Convertido,,0.0,Agressivo,Ethiopia
135601,Instagram,2024-08-02,Não Convertido,,0.0,Desconhecido,Tonga
135602,TikTok,2024-07-30,Não Convertido,,0.0,Desconhecido,Lao People's Democratic Republic
135603,YouTube Ads,2024-07-30,Não Convertido,,0.0,Agressivo,Kenya
135604,TikTok,2024-08-02,Não Convertido,,0.0,Conservador,Morocco
135605,Instagram,2024-08-03,Não Convertido,,0.0,Desconhecido,Uruguay
135606,Instagram,2024-07-31,Não Convertido,,0.0,Agressivo,Liechtenstein
135607,WhatsApp,2024-08-01,Não Convertido,,0.0,Moderado,Iraq
135608,Instagram,2024-07-29,Não Convertido,,0.0,Agressivo,Australia
135609,Orgânico,2024-07-31,Não Convertido,,0.0,Moderado,Saint Helena
135610,WhatsApp,2024-08-03,Não Convertido,,0.0,Agressivo,San Marino
135611,YouTube Ads,2024-07-30,Não Convertido,,0.0,Agressivo,Isle of Man
135612,Facebook,2024-08-03,Não Convertido,,0.0,Desconhecido,Tunisia
135613,Instagram,2024-08-01,Não Convertido,,0.0,Desconhecido,Benin
135614,Instagram,2024-08-02,Não Convertido,,0.0,Agressivo,Iceland
135615,Orgânico,2024-08-03,Não Convertido,,0.0,Agressivo,Sierra Leone
135616,YouTube Ads,2024-07-29,Não Convertido,,0.0,Desconhecido,Sri Lanka
135617,YouTube Ads,2024-07-29,Não Convertido,,0.0,Agressivo,Netherlands Antilles
135618,Orgânico,2024-08-01,Não Convertido,,0.0,Moderado,Argentina
135619,Orgânico,2024-08-01,Não Convertido,,0.0,Desconhecido,Germany
135620,WhatsApp,2024-08-01,Não Convertido,,0.0,Agressivo,New Caledonia
135621,Facebook,2024-07-29,Não Convertido,,0.0,Agressivo,Saint Kitts and Nevis
135622,Orgânico,2024-07-30,Não Convertido,,0.0,Conservador,Guadeloupe
135623,E-mail Marketing,2024-07-30,Não Convertido,,0.0,Conservador,Poland
135624,TikTok,2024-07-31,Não Convertido,,0.0,Moderado,Fiji
135625,Orgânico,2024-08-02,Não Convertido,,0.0,Agressivo,French Guiana
135626,TikTok,2024-08-01,Não Convertido,,0.0,Moderado,Guadeloupe
135627,Google Ads,2024-08-03,Não Convertido,,0.0,Agressivo,Qatar
135628,Facebook,2024-08-01,Não Convertido,,0.0,Agressivo,Venezuela
135629,Orgânico,2024-07-29,Não Convertido,,0.0,Moderado,Guinea-Bissau
135630,Google Ads,2024-07-29,Não Convertido,,0.0,Agressivo,Mali
135631,YouTube Ads,2024-07-31,Não Convertido,,0.0,Moderado,Peru
135632,Facebook,2024-08-02,Não Convertido,,0.0,Desconhecido,Congo
135633,TikTok,2024-08-02,Não Convertido,,0.0,Moderado,Mexico
135634,Orgânico,2024-08-02,Não Convertido,,0.0,Conservador,Spain
135635,TikTok,2024-08-01,Não Convertido,,0.0,Conservador,Eritrea
135636,Google Ads,2024-07-31,Não Convertido,,0.0,Agressivo,Mauritius
135637,YouTube Ads,2024-07-29,Não Convertido,,0.0,Conservador,Greenland
135638,E-mail Marketing,2024-07-30,Não Convertido,,0.0,Desconhecido,Mexico
135639,Facebook,2024-07-30,Não Convertido,,0.0,Moderado,Taiwan
135640,Facebook,2024-08-03,Não Convertido,,0.0,Moderado,Haiti
135641,Orgânico,2024-08-01,Não Convertido,,0.0,Moderado,Montserrat
135642,Orgânico,2024-07-31,Não Convertido,,0.0,Moderado,Isle of Man
135643,Facebook,2024-08-01,Não Convertido,,0.0,Moderado,Barbados
135644,E-mail Marketing,2024-08-02,Não Convertido,,0.0,Moderado,Jamaica
135645,Google Ads,2024-07-31,Não Convertido,,0.0,Moderado,Syrian Arab Republic
135646,Instagram,2024-07-29,Não Convertido,,0.0,Conservador,Gabon
135647,WhatsApp,2024-07-30,Não Convertido,,0.0,Conservador,Solomon Islands
135648,Orgânico,2024-07-29,Não Convertido,,0.0,Desconhecido,Bosnia and Herzegovina
135649,Facebook,2024-08-02,Não Convertido,,0.0,Conservador,Bhutan
135650,TikTok,2024-08-03,Não Convertido,,0.0,Conservador,British Virgin Islands
135651,E-mail Marketing,2024-07-31,Não Convertido,,0.0,Agressivo,Mongolia
135652,WhatsApp,2024-07-30,Não Convertido,,0.0,Agressivo,French Polynesia
135653,TikTok,2024-08-03,Não Convertido,,0.0,Agressivo,Uzbekistan
135654,Instagram,2024-08-01,Não Convertido,,0.0,Moderado,Egypt
135655,E-mail Marketing,2024-08-02,Não Convertido,,0.0,Conservador,Denmark
135656,Google Ads,2024-07-31,Não Convertido,,0.0,Agressivo,Ireland
135657,Orgânico,2024-07-30,Não Convertido,,0.0,Conservador,Belarus
135658,WhatsApp,2024-08-01,Não Convertido,,0.0,Moderado,South Georgia and the South Sandwich Islands
135659,Indicação,2024-08-01,Não Convertido,,0.0,Agressivo,Greenland
135660,TikTok,2024-08-02,Não Convertido,,0.0,Moderado,Mali
135661,Facebook,2024-08-01,Não Convertido,,0.0,Moderado,Taiwan
135662,Orgânico,2024-08-02,Não Convertido,,0.0,Moderado,Lithuania
135663,Orgânico,2024-08-01,Não Convertido,,0.0,Conservador,Cape Verde
135664,Orgânico,2024-07-29,Não Convertido,,0.0,Agressivo,Cote d'Ivoire
135665,Orgânico,2024-08-02,Não Convertido,,0.0,Agressivo,Peru
135666,E-mail Marketing,2024-07-30,Não Convertido,,0.0,Agressivo,Sri Lanka
135667,Orgânico,2024-08-03,Não Convertido,,0.0,Agressivo,Turkmenistan
135668,TikTok,2024-07-29,Não Convertido,,0.0,Moderado,Northern Mariana Islands
135669,WhatsApp,2024-07-29,Não Convertido,,0.0,Moderado,Sudan
135670,Facebook,2024-07-29,Não Convertido,,0.0,Moderado,Slovenia
135671,E-mail Marketing,2024-07-29,Não Convertido,,0.0,Agressivo,Rwanda
135672,YouTube Ads,2024-07-31,Convertido,24.0,9062.6,Conservador,Kenya
135673,WhatsApp,2024-07-29,Não Convertido,,0.0,Desconhecido,Estonia
135674,Instagram,2024-07-31,Não Convertido,,0.0,Moderado,Angola
135675,E-mail Marketing,2024-08-01,Convertido,12.0,2230.69,Moderado,Jordan
135676,Facebook,2024-08-02,Não Convertido,,0.0,Moderado,Puerto Rico
135677,YouTube Ads,2024-07-29,Não Convertido,,0.0,Moderado,Costa Rica
135678,Orgânico,2024-08-02,Não Convertido,,0.0,Desconhecido,Chad
135679,Facebook,2024-07-30,Não Convertido,,0.0,Moderado,Serbia
135680,Facebook,2024-08-02,Não Convertido,,0.0,Agressivo,Lithuania
135681,Facebook,2024-08-03,Não Convertido,,0.0,Agressivo,Togo
135682,E-mail Marketing,2024-07-30,Não Convertido,,0.0,Conservador,Australia
135683,Facebook,2024-07-29,Não Convertido,,0.0,Moderado,Mexico
135684,Indicação,2024-08-01,Não Convertido,,0.0,Agressivo,Chad
135685,TikTok,2024-08-03,Não Convertido,,0.0,Agressivo,French Guiana
135686,Google Ads,2024-07-30,Não Convertido,,0.0,Desconhecido,Anguilla
135687,YouTube Ads,2024-07-29,Não Convertido,,0.0,Moderado,Austria
135688,Facebook,2024-08-02,Não Convertido,,0.0,Agressivo,Georgia
135689,E-mail Marketing,2024-08-03,Não Convertido,,0.0,Conservador,Brazil
135690,Instagram,2024-08-01,Não Convertido,,0.0,Agressivo,Oman
135691,Orgânico,2024-07-31,Não Convertido,,0.0,Moderado,Yemen
135692,Indicação,2024-08-03,Não Convertido,,0.0,Conservador,Swaziland
135693,WhatsApp,2024-08-03,Não Convertido,,0.0,Conservador,French Southern Territories
135694,Instagram,2024-07-29,Não Convertido,,0.0,Agressivo,Tajikistan
135695,E-mail Marketing,2024-07-30,Não Convertido,,0.0,Conservador,Bahrain
135696,Indicação,2024-07-31,Não Convertido,,0.0,Moderado,Seychelles
135697,Orgânico,2024-07-31,Não Convertido,,0.0,Conservador,Haiti
135698,Orgânico,2024-08-01,Não Convertido,,0.0,Conservador,United States Minor Outlying Islands
135699,Instagram,2024-08-02,Não Convertido,,0.0,Conservador,Cook Islands
135700,TikTok,2024-07-30,Não Convertido,,0.0,Moderado,Italy
135701,Instagram,2024-08-02,Não Convertido,,0.0,Agressivo,Singapore
135702,Orgânico,2024-08-03,Não Convertido,,0.0,Agressivo,Grenada
135703,Orgânico,2024-07-30,Não Convertido,,0.0,Agressivo,Heard Island and McDonald Islands
135704,E-mail Marketing,2024-07-31,Não Convertido,,0.0,Agressivo,Wallis and Futuna
135705,Instagram,2024-08-02,Não Convertido,,0.0,Agressivo,Peru
135706,Facebook,2024-07-30,Não Convertido,,0.0,Desconhecido,Swaziland
135707,Instagram,2024-08-01,Não Convertido,,0.0,Agressivo,Djibouti
135708,Facebook,2024-07-29,Não Convertido,,0.0,Moderado,Qatar
135709,WhatsApp,2024-08-01,Não Convertido,,0.0,Desconhecido,Tanzania
135710,YouTube Ads,2024-08-02,Não Convertido,,0.0,Conservador,Antigua and Barbuda
135711,TikTok,2024-08-03,Não Convertido,,0.0,Agressivo,Latvia
135712,Google Ads,2024-08-03,Não Convertido,,0.0,Agressivo,Costa Rica
135713,Orgânico,2024-07-30,Convertido,8.0,8855.1,Moderado,Czech Republic
135714,TikTok,2024-07-30,Não Convertido,,0.0,Conservador,Mayotte
135715,Orgânico,2024-08-02,Não Convertido,,0.0,Agressivo,Ukraine
135716,Instagram,2024-07-29,Convertido,27.0,1984.37,Conservador,Lesotho
135717,YouTube Ads,2024-08-01,Não Convertido,,0.0,Agressivo,Martinique
135718,TikTok,2024-08-02,Não Convertido,,0.0,Moderado,Bahamas
135719,E-mail Marketing,2024-07-30,Não Convertido,,0.0,Agressivo,Cote d'Ivoire
135720,Orgânico,2024-08-02,Convertido,2.0,7319.77,Desconhecido,Cocos (Keeling) Islands
135721,E-mail Marketing,2024-07-29,Não Convertido,,0.0,Desconhecido,Antarctica (the territory South of 60 deg S)
135722,TikTok,2024-08-02,Não Convertido,,0.0,Moderado,Korea
135723,Orgânico,2024-07-30,Não Convertido,,0.0,Conservador,Montenegro
135724,Facebook,2024-08-01,Não Convertido,,0.0,Conservador,Montserrat
135725,Instagram,2024-08-02,Não Convertido,,0.0,Moderado,Uzbekistan
135726,Google Ads,2024-08-03,Não Convertido,,0.0,Moderado,Madagascar
135727,Orgânico,2024-08-01,Não Convertido,,0.0,Agressivo,Antigua and Barbuda
135728,WhatsApp,2024-07-30,Não Convertido,,0.0,Agressivo,Austria
135729,E-mail Marketing,2024-07-31,Convertido,24.0,8895.78,Moderado,Netherlands Antilles
135730,TikTok,2024-08-02,Não Convertido,,0.0,Agressivo,Kiribati
135731,Orgânico,2024-07-29,Não Convertido,,0.0,Moderado,Singapore
135732,WhatsApp,2024-08-01,Não Convertido,,0.0,Agressivo,Moldova
135733,Facebook,2024-08-02,Não Convertido,,0.0,Agressivo,Faroe Islands
135734,TikTok,2024-07-29,Não Convertido,,0.0,Moderado,Saint Kitts and Nevis
135735,Facebook,2024-07-29,Não Convertido,,0.0,Conservador,Poland
135736,TikTok,2024-07-31,Não Convertido,,0.0,Moderado,Macao
135737,WhatsApp,2024-08-01,Não Convertido,,0.0,Conservador,Zambia
135738,Facebook,2024-07-29,Não Convertido,,0.0,Conservador,Belgium
135739,Facebook,2024-07-30,Convertido,2.0,2823.51,Moderado,Barbados
135740,Instagram,2024-07-29,Não Convertido,,0.0,Moderado,Guatemala
135741,YouTube Ads,2024-08-03,Não Convertido,,0.0,Agressivo,Antarctica (the territory South of 60 deg S)
135742,WhatsApp,2024-07-31,Não Convertido,,0.0,Agressivo,Norfolk Island
135743,E-mail Marketing,2024-08-02,Não Convertido,,0.0,Moderado,Vanuatu
135744,E-mail Marketing,2024-08-02,Não Convertido,,0.0,Moderado,Niue
135745,Facebook,2024-08-03,Não Convertido,,0.0,Agressivo,Japan
135746,Orgânico,2024-07-30,Convertido,6.0,9862.75,Desconhecido,Central African Republic
135747,Facebook,2024-08-03,Não Convertido,,0.0,Conservador,Sao Tome and Principe
135748,E-mail Marketing,2024-07-31,Não Convertido,,0.0,Conservador,Oman
135749,Google Ads,2024-07-31,Não Convertido,,0.0,Agressivo,Korea
135750,YouTube Ads,2024-07-31,Não Convertido,,0.0,Moderado,Spain
135751,Facebook,2024-08-02,Não Convertido,,0.0,Agressivo,Iceland
135752,Facebook,2024-07-29,Não Convertido,,0.0,Conservador,Gabon
135753,WhatsApp,2024-07-30,Não Convertido,,0.0,Moderado,Belgium
135754,WhatsApp,2024-07-31,Não Convertido,,0.0,Agressivo,Mauritania
135755,E-mail Marketing,2024-07-30,Não Convertido,,0.0,Agressivo,Heard Island and McDonald Islands
135756,YouTube Ads,2024-08-02,Não Convertido,,0.0,Moderado,Namibia
135757,E-mail Marketing,2024-08-03,Não Convertido,,0.0,Moderado,Qatar
135758,Google Ads,2024-07-29,Não Convertido,,0.0,Moderado,Faroe Islands
135759,Google Ads,2024-07-31,Convertido,22.0,1938.05,Moderado,Netherlands Antilles
135760,Orgânico,2024-08-01,Não Convertido,,0.0,Agressivo,Myanmar
135761,Instagram,2024-08-02,Não Convertido,,0.0,Desconhecido,Bolivia
135762,Google Ads,2024-08-01,Não Convertido,,0.0,Moderado,Swaziland
135763,YouTube Ads,2024-08-03,Não Convertido,,0.0,Conservador,Svalbard & Jan Mayen Islands
135764,E-mail Marketing,2024-08-02,Não Convertido,,0.0,Desconhecido,Mozambique
135765,Google Ads,2024-07-29,Não Convertido,,0.0,Conservador,China
135766,E-mail Marketing,2024-08-03,Não Convertido,,0.0,Agressivo,Yemen
135767,Google Ads,2024-07-30,Não Convertido,,0.0,Moderado,El Salvador
135768,TikTok,2024-08-03,Não Convertido,,0.0,Agressivo,Burundi
135769,Orgânico,2024-07-30,Não Convertido,,0.0,Agressivo,Botswana
135770,E-mail Marketing,2024-08-02,Convertido,21.0,7398.13,Agressivo,Ireland
135771,Instagram,2024-07-29,Não Convertido,,0.0,Desconhecido,Guyana
135772,Google Ads,2024-08-02,Não Convertido,,0.0,Moderado,Canada
135773,Instagram,2024-08-03,Não Convertido,,0.0,Moderado,Bangladesh
135774,Orgânico,2024-08-02,Não Convertido,,0.0,Conservador,Kenya
135775,WhatsApp,2024-07-29,Convertido,15.0,8941.45,Agressivo,United States of America
135776,Google Ads,2024-07-30,Não Convertido,,0.0,Agressivo,Azerbaijan
135777,WhatsApp,2024-08-01,Não Convertido,,0.0,Conservador,Bahamas
135778,TikTok,2024-08-03,Não Convertido,,0.0,Moderado,French Guiana
135779,TikTok,2024-08-01,Não Convertido,,0.0,Moderado,Netherlands
135780,Google Ads,2024-07-29,Não Convertido,,0.0,Moderado,French Polynesia
135781,Orgânico,2024-08-02,Não Convertido,,0.0,Agressivo,Palau
135782,Google Ads,2024-08-03,Não Convertido,,0.0,Agressivo,Holy See (Vatican City State)
135783,Instagram,2024-07-30,Não Convertido,,0.0,Agressivo,Sweden
135784,Orgânico,2024-08-01,Convertido,14.0,949.36,Agressivo,Chile
135785,WhatsApp,2024-07-31,Não Convertido,,0.0,Agressivo,United States Virgin Islands
135786,WhatsApp,2024-07-29,Não Convertido,,0.0,Agressivo,Romania
135787,Orgânico,2024-08-03,Não Convertido,,0.0,Agressivo,South Georgia and the South Sandwich Islands
135788,E-mail Marketing,2024-07-29,Não Convertido,,0.0,Agressivo,Mayotte
135789,Orgânico,2024-08-03,Não Convertido,,0.0,Agressivo,Ethiopia
135790,Orgânico,2024-08-01,Não Convertido,,0.0,Moderado,United States Minor Outlying Islands
135791,Orgânico,2024-08-03,Não Convertido,,0.0,Agressivo,Congo
135792,Google Ads,2024-07-30,Não Convertido,,0.0,Moderado,Solomon Islands
135793,Instagram,2024-07-30,Não Convertido,,0.0,Moderado,Eritrea
135794,WhatsApp,2024-07-29,Não Convertido,,0.0,Moderado,Taiwan
135795,Google Ads,2024-07-30,Não Convertido,,0.0,Conservador,Hungary
135796,TikTok,2024-07-30,Não Convertido,,0.0,Moderado,Kenya
135797,WhatsApp,2024-08-01,Não Convertido,,0.0,Moderado,Bosnia and Herzegovina
135798,Orgânico,2024-07-31,Não Convertido,,0.0,Moderado,Singapore
135799,Instagram,2024-08-02,Não Convertido,,0.0,Conservador,Kenya
135800,Facebook,2024-08-03,Não Convertido,,0.0,Agressivo,Faroe Islands
135801,Orgânico,2024-08-02,Convertido,17.0,8104.32,Agressivo,Turkmenistan
135802,Google Ads,2024-08-02,Não Convertido,,0.0,Moderado,Nepal
135803,Facebook,2024-08-01,Não Convertido,,0.0,Moderado,Slovenia
135804,Orgânico,2024-08-03,Não Convertido,,0.0,Moderado,Lao People's Democratic Republic
135805,Instagram,2024-08-03,Não Convertido,,0.0,Moderado,Brunei Darussalam
135806,E-mail Marketing,2024-07-31,Não Convertido,,0.0,Moderado,Panama
135807,Google Ads,2024-07-29,Não Convertido,,0.0,Desconhecido,Zambia
135808,WhatsApp,2024-07-29,Não Convertido,,0.0,Moderado,Mauritius
135809,Instagram,2024-08-03,Não Convertido,,0.0,Agressivo,Saint Pierre and Miquelon
135810,YouTube Ads,2024-07-29,Não Convertido,,0.0,Conservador,Uruguay
135811,Facebook,2024-07-31,Não Convertido,,0.0,Conservador,Palau
135812,Orgânico,2024-08-02,Não Convertido,,0.0,Agressivo,Bhutan
135813,Facebook,2024-07-31,Não Convertido,,0.0,Agressivo,Sweden
135814,Facebook,2024-08-02,Não Convertido,,0.0,Moderado,Sao Tome and Principe
135815,Orgânico,2024-08-02,Não Convertido,,0.0,Conservador,United States Minor Outlying Islands
135816,Instagram,2024-07-31,Não Convertido,,0.0,Agressivo,Marshall Islands
135817,E-mail Marketing,2024-08-02,Não Convertido,,0.0,Moderado,South Africa
135818,Indicação,2024-08-03,Não Convertido,,0.0,Agressivo,Dominican Republic
135819,Indicação,2024-07-31,Não Convertido,,0.0,Moderado,Greece
135820,YouTube Ads,2024-07-30,Não Convertido,,0.0,Moderado,Angola
135821,TikTok,2024-07-30,Não Convertido,,0.0,Conservador,Turkey
135822,Orgânico,2024-07-29,Não Convertido,,0.0,Moderado,Togo
135823,WhatsApp,2024-08-01,Não Convertido,,0.0,Agressivo,Sierra Leone
135824,Orgânico,2024-08-01,Convertido,6.0,6008.76,Agressivo,Cote d'Ivoire
135825,E-mail Marketing,2024-07-30,Não Convertido,,0.0,Conservador,Isle of Man
135826,Instagram,2024-08-02,Não Convertido,,0.0,Desconhecido,Argentina
135827,Google Ads,2024-08-01,Não Convertido,,0.0,Moderado,Poland
135828,YouTube Ads,2024-08-03,Não Convertido,,0.0,Moderado,Congo
135829,YouTube Ads,2024-08-02,Não Convertido,,0.0,Agressivo,Cook Islands
135830,Google Ads,2024-08-03,Não Convertido,,0.0,Moderado,Bouvet Island (Bouvetoya)
135831,WhatsApp,2024-08-02,Não Convertido,,0.0,Desconhecido,Saint Lucia
135832,Orgânico,2024-08-03,Não Convertido,,0.0,Agressivo,Togo
135833,Facebook,2024-08-02,Não Convertido,,0.0,Moderado,Romania
135834,YouTube Ads,2024-08-03,Não Convertido,,0.0,Moderado,Guatemala
135835,Google Ads,2024-07-29,Não Convertido,,0.0,Conservador,Uganda
135836,Google Ads,2024-08-02,Não Convertido,,0.0,Conservador,El Salvador
135837,Instagram,2024-07-30,Não Convertido,,0.0,Agressivo,Grenada
135838,Orgânico,2024-07-30,Não Convertido,,0.0,Moderado,Chile
135839,TikTok,2024-07-29,Não Convertido,,0.0,Agressivo,Lebanon
135840,Instagram,2024-07-31,Não Convertido,,0.0,Moderado,Ireland
135841,WhatsApp,2024-07-31,Não Convertido,,0.0,Conservador,Italy
135842,Facebook,2024-07-29,Não Convertido,,0.0,Moderado,Senegal
135843,Google Ads,2024-08-03,Não Convertido,,0.0,Agressivo,Taiwan
135844,E-mail Marketing,2024-08-03,Não Convertido,,0.0,Moderado,Saint Barthelemy
135845,Facebook,2024-07-29,Não Convertido,,0.0,Agressivo,Guinea-Bissau
135846,Google Ads,2024-07-31,Não Convertido,,0.0,Moderado,Singapore
135847,E-mail Marketing,2024-08-03,Convertido,30.0,5581.42,Agressivo,Jersey
135848,Google Ads,2024-08-03,Não Convertido,,0.0,Conservador,Hungary
135849,TikTok,2024-07-29,Não Convertido,,0.0,Agressivo,New Caledonia
135850,TikTok,2024-07-30,Convertido,17.0,6131.39,Agressivo,Afghanistan
135851,Indicação,2024-07-29,Não Convertido,,0.0,Desconhecido,Syrian Arab Republic
135852,E-mail Marketing,2024-08-02,Não Convertido,,0.0,Conservador,Seychelles
135853,TikTok,2024-07-30,Não Convertido,,0.0,Moderado,Uzbekistan
135854,Instagram,2024-07-29,Não Convertido,,0.0,Desconhecido,Venezuela
135855,Instagram,2024-08-02,Não Convertido,,0.0,Conservador,Panama
135856,WhatsApp,2024-07-29,Não Convertido,,0.0,Agressivo,Thailand
135857,Instagram,2024-08-02,Não Convertido,,0.0,Moderado,Namibia
135858,Instagram,2024-07-31,Não Convertido,,0.0,Conservador,Portugal
135859,Indicação,2024-07-31,Não Convertido,,0.0,Moderado,Nepal
135860,Facebook,2024-07-31,Não Convertido,,0.0,Moderado,Falkland Islands (Malvinas)
135861,Instagram,2024-07-30,Não Convertido,,0.0,Agressivo,Uganda
135862,Facebook,2024-07-31,Convertido,18.0,7887.79,Conservador,Liberia
135863,Orgânico,2024-07-30,Não Convertido,,0.0,Moderado,Turkey
135864,Facebook,2024-07-30,Não Convertido,,0.0,Moderado,Uganda
135865,Orgânico,2024-07-31,Não Convertido,,0.0,Moderado,Netherlands
135866,Google Ads,2024-07-30,Não Convertido,,0.0,Agressivo,Norfolk Island
135867,Indicação,2024-07-30,Não Convertido,,0.0,Conservador,Timor-Leste
135868,Orgânico,2024-07-30,Não Convertido,,0.0,Agressivo,Guatemala
135869,Orgânico,2024-07-30,Não Convertido,,0.0,Agressivo,Croatia
135870,YouTube Ads,2024-07-29,Não Convertido,,0.0,Desconhecido,Dominica
135871,Orgânico,2024-07-31,Não Convertido,,0.0,Moderado,Ecuador
135872,Orgânico,2024-08-01,Não Convertido,,0.0,Conservador,Marshall Islands
135873,E-mail Marketing,2024-08-03,Não Convertido,,0.0,Moderado,Aruba
135874,Orgânico,2024-07-29,Não Convertido,,0.0,Agressivo,Jamaica
135875,Facebook,2024-08-02,Não Convertido,,0.0,Desconhecido,Netherlands Antilles
135876,YouTube Ads,2024-08-02,Não Convertido,,0.0,Moderado,Poland
135877,Google Ads,2024-07-29,Não Convertido,,0.0,Desconhecido,Finland
135878,Orgânico,2024-07-29,Não Convertido,,0.0,Moderado,Cayman Islands
135879,TikTok,2024-08-02,Não Convertido,,0.0,Conservador,Latvia
135880,Instagram,2024-08-01,Não Convertido,,0.0,Moderado,Bangladesh
135881,E-mail Marketing,2024-08-01,Não Convertido,,0.0,Moderado,United States of America
135882,Instagram,2024-07-29,Não Convertido,,0.0,Conservador,Gibraltar
135883,E-mail Marketing,2024-07-29,Não Convertido,,0.0,Moderado,Ireland
135884,Orgânico,2024-07-29,Não Convertido,,0.0,Agressivo,Tuvalu
135885,E-mail Marketing,2024-08-03,Não Convertido,,0.0,Moderado,Malaysia
135886,Indicação,2024-07-30,Não Convertido,,0.0,Moderado,Bahamas
135887,Facebook,2024-08-03,Convertido,14.0,2924.53,Conservador,Saint Kitts and Nevis
135888,TikTok,2024-07-31,Não Convertido,,0.0,Conservador,Honduras
135889,Instagram,2024-07-30,Não Convertido,,0.0,Moderado,Japan
135890,YouTube Ads,2024-07-31,Não Convertido,,0.0,Moderado,Greece
135891,E-mail Marketing,2024-08-03,Convertido,7.0,913.51,Agressivo,Uganda
135892,Indicação,2024-07-29,Não Convertido,,0.0,Agressivo,Western Sahara
135893,Instagram,2024-08-02,Não Convertido,,0.0,Moderado,Bosnia and Herzegovina
135894,Instagram,2024-07-30,Não Convertido,,0.0,Moderado,Slovenia
135895,Instagram,2024-07-29,Não Convertido,,0.0,Agressivo,United Arab Emirates
135896,Orgânico,2024-08-03,Não Convertido,,0.0,Desconhecido,Northern Mariana Islands
135897,Instagram,2024-08-02,Não Convertido,,0.0,Moderado,Norfolk Island
135898,Orgânico,2024-07-29,Não Convertido,,0.0,Desconhecido,New Zealand
135899,Facebook,2024-07-30,Não Convertido,,0.0,Moderado,Kazakhstan
135900,Google Ads,2024-08-01,Não Convertido,,0.0,Agressivo,Mayotte
135901,TikTok,2024-07-31,Não Convertido,,0.0,Moderado,Netherlands
135902,E-mail Marketing,2024-08-03,Não Convertido,,0.0,Conservador,United States of America
135903,Orgânico,2024-07-30,Convertido,12.0,6988.89,Agressivo,Mexico
135904,Facebook,2024-08-01,Não Convertido,,0.0,Conservador,India
135905,Google Ads,2024-08-02,Não Convertido,,0.0,Moderado,Zimbabwe
135906,WhatsApp,2024-07-30,Não Convertido,,0.0,Conservador,Iran
135907,Facebook,2024-07-29,Não Convertido,,0.0,Moderado,Ireland
135908,E-mail Marketing,2024-08-03,Não Convertido,,0.0,Moderado,Lebanon
135909,Orgânico,2024-08-01,Não Convertido,,0.0,Moderado,Paraguay
135910,TikTok,2024-07-31,Não Convertido,,0.0,Moderado,Australia
135911,Instagram,2024-08-01,Não Convertido,,0.0,Agressivo,Antigua and Barbuda
135912,Instagram,2024-07-30,Não Convertido,,0.0,Agressivo,Haiti
135913,Instagram,2024-08-02,Convertido,5.0,1212.52,Desconhecido,Congo
135914,Orgânico,2024-07-29,Não Convertido,,0.0,Agressivo,Wallis and Futuna
135915,E-mail Marketing,2024-08-01,Não Convertido,,0.0,Desconhecido,Saudi Arabia
135916,Indicação,2024-07-29,Não Convertido,,0.0,Agressivo,South Africa
135917,Instagram,2024-08-02,Não Convertido,,0.0,Moderado,Turks and Caicos Islands
135918,Instagram,2024-07-30,Não Convertido,,0.0,Moderado,Germany
135919,Orgânico,2024-07-31,Não Convertido,,0.0,Moderado,Germany
135920,Orgânico,2024-07-30,Não Convertido,,0.0,Agressivo,Netherlands
135921,Google Ads,2024-07-30,Não Convertido,,0.0,Desconhecido,Cape Verde
135922,Instagram,2024-07-31,Não Convertido,,0.0,Conservador,Samoa
135923,WhatsApp,2024-08-01,Não Convertido,,0.0,Agressivo,Kuwait
135924,Orgânico,2024-07-30,Não Convertido,,0.0,Moderado,Saint Helena
135925,Instagram,2024-08-03,Não Convertido,,0.0,Agressivo,Benin
135926,Facebook,2024-08-02,Não Convertido,,0.0,Conservador,Svalbard & Jan Mayen Islands
135927,Instagram,2024-08-03,Não Convertido,,0.0,Conservador,India
135928,Google Ads,2024-08-02,Não Convertido,,0.0,Conservador,Greenland
135929,YouTube Ads,2024-08-01,Não Convertido,,0.0,Conservador,Morocco
135930,Orgânico,2024-07-31,Não Convertido,,0.0,Agressivo,Vanuatu
135931,Orgânico,2024-07-29,Não Convertido,,0.0,Agressivo,Kenya
135932,TikTok,2024-08-01,Não Convertido,,0.0,Moderado,British Virgin Islands
135933,Facebook,2024-07-31,Convertido,22.0,2109.24,Agressivo,Czech Republic
135934,YouTube Ads,2024-07-29,Não Convertido,,0.0,Agressivo,Sao Tome and Principe
135935,Google Ads,2024-07-29,Não Convertido,,0.0,Agressivo,Comoros
135936,Google Ads,2024-08-01,Não Convertido,,0.0,Conservador,Turkmenistan
135937,Instagram,2024-08-02,Não Convertido,,0.0,Conservador,Cocos (Keeling) Islands
135938,Indicação,2024-07-29,Não Convertido,,0.0,Moderado,Ireland
135939,Facebook,2024-08-02,Não Convertido,,0.0,Moderado,Netherlands Antilles
135940,E-mail Marketing,2024-08-01,Não Convertido,,0.0,Agressivo,Yemen
135941,Instagram,2024-07-29,Não Convertido,,0.0,Conservador,Nauru
135942,Instagram,2024-08-02,Não Convertido,,0.0,Moderado,Tonga
135943,E-mail Marketing,2024-07-29,Não Convertido,,0.0,Moderado,Liberia
135944,Google Ads,2024-07-31,Não Convertido,,0.0,Conservador,Bermuda
135945,Instagram,2024-07-29,Não Convertido,,0.0,Agressivo,Somalia
135946,Google Ads,2024-07-31,Não Convertido,,0.0,Moderado,Cuba
135947,Orgânico,2024-08-02,Não Convertido,,0.0,Conservador,Guatemala
135948,E-mail Marketing,2024-08-02,Não Convertido,,0.0,Moderado,Bahamas
135949,WhatsApp,2024-08-01,Não Convertido,,0.0,Moderado,Peru
135950,Google Ads,2024-08-02,Não Convertido,,0.0,Moderado,Netherlands
135951,TikTok,2024-07-31,Não Convertido,,0.0,Moderado,Myanmar
135952,TikTok,2024-08-01,Não Convertido,,0.0,Moderado,Serbia
135953,Facebook,2024-08-03,Não Convertido,,0.0,Moderado,Rwanda
135954,Orgânico,2024-07-30,Não Convertido,,0.0,Moderado,New Caledonia
135955,YouTube Ads,2024-08-01,Não Convertido,,0.0,Moderado,Namibia
135956,E-mail Marketing,2024-08-03,Não Convertido,,0.0,Moderado,Mozambique
135957,TikTok,2024-07-30,Não Convertido,,0.0,Agressivo,Barbados
135958,Facebook,2024-08-02,Convertido,14.0,5153.45,Agressivo,Singapore
135959,E-mail Marketing,2024-07-29,Não Convertido,,0.0,Agressivo,Isle of Man
135960,Instagram,2024-07-30,Convertido,9.0,482.83,Agressivo,Palestinian Territory
135961,E-mail Marketing,2024-08-03,Não Convertido,,0.0,Moderado,Congo
135962,Facebook,2024-08-01,Não Convertido,,0.0,Conservador,Slovakia (Slovak Republic)
135963,TikTok,2024-08-01,Não Convertido,,0.0,Moderado,Micronesia
135964,Orgânico,2024-08-03,Não Convertido,,0.0,Conservador,Sao Tome and Principe
135965,Orgânico,2024-08-03,Não Convertido,,0.0,Moderado,Saint Pierre and Miquelon
135966,Instagram,2024-08-01,Não Convertido,,0.0,Conservador,Lao People's Democratic Republic
135967,TikTok,2024-07-29,Não Convertido,,0.0,Moderado,Syrian Arab Republic
135968,Google Ads,2024-07-30,Não Convertido,,0.0,Moderado,Switzerland
135969,Indicação,2024-07-29,Não Convertido,,0.0,Agressivo,Mexico
135970,Facebook,2024-07-30,Não Convertido,,0.0,Agressivo,Micronesia
135971,Orgânico,2024-07-30,Não Convertido,,0.0,Moderado,Uzbekistan
135972,E-mail Marketing,2024-07-30,Não Convertido,,0.0,Moderado,Somalia
135973,Orgânico,2024-07-31,Não Convertido,,0.0,Moderado,Antarctica (the territory South of 60 deg S)
135974,TikTok,2024-07-31,Não Convertido,,0.0,Moderado,Turkmenistan
135975,Instagram,2024-08-03,Não Convertido,,0.0,Agressivo,Benin
135976,Google Ads,2024-07-29,Não Convertido,,0.0,Agressivo,Jordan
135977,E-mail Marketing,2024-07-31,Não Convertido,,0.0,Moderado,Syrian Arab Republic
135978,WhatsApp,2024-07-30,Não Convertido,,0.0,Agressivo,Equatorial Guinea
135979,Orgânico,2024-07-30,Convertido,18.0,5826.75,Agressivo,Estonia
135980,WhatsApp,2024-07-30,Não Convertido,,0.0,Moderado,Belarus
135981,Instagram,2024-07-31,Convertido,14.0,1674.04,Agressivo,Uruguay
135982,E-mail Marketing,2024-07-31,Não Convertido,,0.0,Conservador,Burkina Faso
135983,TikTok,2024-07-31,Não Convertido,,0.0,Moderado,China
135984,E-mail Marketing,2024-07-30,Não Convertido,,0.0,Conservador,Dominica
135985,Orgânico,2024-07-31,Não Convertido,,0.0,Agressivo,Jersey
135986,TikTok,2024-07-30,Não Convertido,,0.0,Agressivo,United States of America
135987,Instagram,2024-08-02,Não Convertido,,0.0,Moderado,Papua New Guinea
135988,YouTube Ads,2024-08-03,Não Convertido,,0.0,Agressivo,Maldives
135989,E-mail Marketing,2024-08-03,Não Convertido,,0.0,Agressivo,British Virgin Islands
135990,E-mail Marketing,2024-07-29,Não Convertido,,0.0,Agressivo,Samoa
135991,WhatsApp,2024-07-31,Não Convertido,,0.0,Agressivo,Slovenia
135992,E-mail Marketing,2024-07-31,Não Convertido,,0.0,Agressivo,Botswana
135993,Orgânico,2024-07-30,Não Convertido,,0.0,Conservador,Korea
135994,Indicação,2024-08-03,Não Convertido,,0.0,Moderado,Swaziland
135995,Google Ads,2024-07-29,Convertido,4.0,1257.83,Moderado,Thailand
135996,E-mail Marketing,2024-07-30,Não Convertido,,0.0,Agressivo,British Virgin Islands
135997,WhatsApp,2024-07-30,Não Convertido,,0.0,Conservador,Namibia
135998,E-mail Marketing,2024-08-02,Não Convertido,,0.0,Agressivo,Jersey
135999,Orgânico,2024-08-01,Não Convertido,,0.0,Agressivo,Micronesia
136000,Facebook,2024-08-02,Não Convertido,,0.0,Conservador,Indonesia
136001,TikTok,2024-07-29,Não Convertido,,0.0,Moderado,Fiji
136002,Instagram,2024-07-29,Não Convertido,,0.0,Agressivo,Holy See (Vatican City State)
136003,Instagram,2024-08-01,Não Convertido,,0.0,Moderado,Falkland Islands (Malvinas)
136004,TikTok,2024-08-03,Convertido,10.0,9264.69,Conservador,Cayman Islands
136005,WhatsApp,2024-07-31,Não Convertido,,0.0,Moderado,Romania
136006,Google Ads,2024-07-30,Não Convertido,,0.0,Conservador,Togo
136007,E-mail Marketing,2024-08-01,Não Convertido,,0.0,Moderado,Mexico
136008,Google Ads,2024-07-29,Não Convertido,,0.0,Moderado,New Caledonia
136009,TikTok,2024-07-30,Não Convertido,,0.0,Moderado,Korea
136010,YouTube Ads,2024-07-31,Não Convertido,,0.0,Agressivo,Monaco
136011,Orgânico,2024-08-03,Não Convertido,,0.0,Moderado,Nicaragua
136012,Instagram,2024-07-31,Não Convertido,,0.0,Desconhecido,Kenya
136013,Orgânico,2024-08-01,Não Convertido,,0.0,Agressivo,Poland
136014,Google Ads,2024-07-30,Não Convertido,,0.0,Conservador,Cameroon
136015,Orgânico,2024-07-30,Não Convertido,,0.0,Agressivo,Panama
136016,YouTube Ads,2024-07-30,Não Convertido,,0.0,Moderado,Kiribati
136017,Facebook,2024-07-31,Não Convertido,,0.0,Moderado,Netherlands
136018,Instagram,2024-08-03,Não Convertido,,0.0,Conservador,Denmark
136019,Orgânico,2024-07-29,Não Convertido,,0.0,Conservador,Cambodia
136020,WhatsApp,2024-08-03,Não Convertido,,0.0,Agressivo,China
136021,Orgânico,2024-08-03,Não Convertido,,0.0,Moderado,Kuwait
136022,YouTube Ads,2024-07-29,Não Convertido,,0.0,Agressivo,Western Sahara
136023,Orgânico,2024-08-02,Não Convertido,,0.0,Moderado,Burkina Faso
136024,Instagram,2024-08-01,Não Convertido,,0.0,Agressivo,Heard Island and McDonald Islands
136025,E-mail Marketing,2024-07-31,Não Convertido,,0.0,Conservador,Mongolia
136026,Orgânico,2024-07-31,Não Convertido,,0.0,Conservador,Peru
136027,TikTok,2024-07-29,Não Convertido,,0.0,Agressivo,Micronesia
136028,Orgânico,2024-07-30,Não Convertido,,0.0,Moderado,Philippines
136029,Google Ads,2024-08-01,Não Convertido,,0.0,Moderado,Colombia
136030,Instagram,2024-07-29,Não Convertido,,0.0,Moderado,Cameroon
136031,TikTok,2024-07-30,Não Convertido,,0.0,Moderado,United Arab Emirates
136032,Orgânico,2024-07-29,Não Convertido,,0.0,Agressivo,Bhutan
136033,E-mail Marketing,2024-08-02,Não Convertido,,0.0,Moderado,Iceland
136034,TikTok,2024-07-29,Não Convertido,,0.0,Agressivo,Northern Mariana Islands
136035,E-mail Marketing,2024-07-30,Não Convertido,,0.0,Moderado,Mongolia
136036,TikTok,2024-08-02,Não Convertido,,0.0,Agressivo,Gibraltar
136037,Facebook,2024-07-31,Não Convertido,,0.0,Moderado,Kiribati
136038,Instagram,2024-08-03,Não Convertido,,0.0,Moderado,Greece
136039,Google Ads,2024-07-30,Não Convertido,,0.0,Agressivo,Namibia
136040,Instagram,2024-08-03,Não Convertido,,0.0,Desconhecido,United Kingdom
136041,E-mail Marketing,2024-08-02,Não Convertido,,0.0,Agressivo,Bhutan
136042,Facebook,2024-08-01,Não Convertido,,0.0,Agressivo,Holy See (Vatican City State)
136043,TikTok,2024-07-29,Não Convertido,,0.0,Conservador,Cameroon
136044,TikTok,2024-07-29,Convertido,12.0,4479.91,Moderado,Panama
136045,WhatsApp,2024-07-29,Não Convertido,,0.0,Moderado,Guinea-Bissau
136046,TikTok,2024-08-02,Convertido,7.0,5150.61,Moderado,Guatemala
136047,YouTube Ads,2024-08-03,Não Convertido,,0.0,Desconhecido,Mauritania
136048,WhatsApp,2024-07-31,Convertido,30.0,7404.16,Moderado,Kuwait
136049,Orgânico,2024-08-02,Não Convertido,,0.0,Desconhecido,Swaziland
136050,WhatsApp,2024-07-30,Não Convertido,,0.0,Moderado,Rwanda
136051,Indicação,2024-07-30,Não Convertido,,0.0,Moderado,Switzerland
136052,Indicação,2024-08-02,Não Convertido,,0.0,Moderado,Korea
136053,WhatsApp,2024-07-30,Não Convertido,,0.0,Moderado,Zambia
136054,YouTube Ads,2024-08-03,Não Convertido,,0.0,Agressivo,Nauru
136055,Google Ads,2024-07-29,Não Convertido,,0.0,Conservador,Zimbabwe
136056,E-mail Marketing,2024-07-29,Não Convertido,,0.0,Moderado,Iraq
136057,Orgânico,2024-08-01,Não Convertido,,0.0,Moderado,Myanmar
136058,Orgânico,2024-08-02,Não Convertido,,0.0,Moderado,Iraq
136059,Facebook,2024-07-29,Não Convertido,,0.0,Agressivo,Aruba
136060,E-mail Marketing,2024-08-03,Não Convertido,,0.0,Agressivo,Montenegro
136061,Instagram,2024-07-30,Não Convertido,,0.0,Moderado,Solomon Islands
136062,Orgânico,2024-07-31,Não Convertido,,0.0,Moderado,Malawi
136063,Orgânico,2024-08-03,Não Convertido,,0.0,Conservador,Iran
136064,Orgânico,2024-07-31,Não Convertido,,0.0,Moderado,Brazil
136065,TikTok,2024-07-30,Convertido,18.0,3563.82,Moderado,Armenia
136066,YouTube Ads,2024-07-31,Não Convertido,,0.0,Agressivo,Poland
136067,Google Ads,2024-07-31,Não Convertido,,0.0,Agressivo,Bahamas
136068,E-mail Marketing,2024-08-01,Não Convertido,,0.0,Conservador,Oman
136069,YouTube Ads,2024-07-31,Não Convertido,,0.0,Conservador,Macao
136070,YouTube Ads,2024-07-30,Não Convertido,,0.0,Moderado,Saint Barthelemy
136071,Facebook,2024-07-29,Não Convertido,,0.0,Moderado,Puerto Rico
136072,TikTok,2024-08-02,Não Convertido,,0.0,Agressivo,India
136073,Google Ads,2024-08-02,Não Convertido,,0.0,Conservador,Norway
136074,Instagram,2024-08-02,Não Convertido,,0.0,Moderado,Burkina Faso
136075,Orgânico,2024-07-31,Não Convertido,,0.0,Desconhecido,Korea
136076,Orgânico,2024-08-02,Não Convertido,,0.0,Conservador,Czech Republic
136077,TikTok,2024-08-02,Não Convertido,,0.0,Moderado,Aruba
136078,TikTok,2024-08-03,Convertido,4.0,6256.39,Moderado,Bhutan
136079,Orgânico,2024-08-01,Não Convertido,,0.0,Conservador,Honduras
136080,Instagram,2024-07-30,Não Convertido,,0.0,Agressivo,South Georgia and the South Sandwich Islands
136081,WhatsApp,2024-08-03,Não Convertido,,0.0,Desconhecido,Saint Pierre and Miquelon
136082,Facebook,2024-08-02,Não Convertido,,0.0,Conservador,Estonia
136083,Instagram,2024-08-02,Não Convertido,,0.0,Conservador,Estonia
136084,Instagram,2024-07-29,Não Convertido,,0.0,Desconhecido,Tuvalu
136085,TikTok,2024-08-03,Não Convertido,,0.0,Desconhecido,Jordan
136086,Orgânico,2024-07-30,Não Convertido,,0.0,Moderado,United States of America
136087,E-mail Marketing,2024-08-01,Não Convertido,,0.0,Conservador,China
136088,Instagram,2024-07-30,Não Convertido,,0.0,Moderado,Pitcairn Islands
136089,Orgânico,2024-08-02,Não Convertido,,0.0,Moderado,Philippines
136090,Indicação,2024-07-30,Não Convertido,,0.0,Conservador,United States Minor Outlying Islands
136091,YouTube Ads,2024-08-02,Não Convertido,,0.0,Moderado,Afghanistan
136092,E-mail Marketing,2024-07-30,Não Convertido,,0.0,Moderado,Guadeloupe
136093,Facebook,2024-07-29,Não Convertido,,0.0,Moderado,Australia
136094,Orgânico,2024-07-29,Não Convertido,,0.0,Desconhecido,Slovenia
136095,Orgânico,2024-07-29,Não Convertido,,0.0,Moderado,Latvia
136096,Orgânico,2024-07-30,Não Convertido,,0.0,Moderado,Jamaica
136097,Orgânico,2024-08-01,Não Convertido,,0.0,Desconhecido,Somalia
136098,Orgânico,2024-07-30,Não Convertido,,0.0,Agressivo,Poland
136099,TikTok,2024-08-01,Não Convertido,,0.0,Agressivo,Algeria
136100,E-mail Marketing,2024-08-01,Não Convertido,,0.0,Desconhecido,Niger
136101,Facebook,2024-07-29,Não Convertido,,0.0,Conservador,Burundi
136102,Google Ads,2024-08-02,Não Convertido,,0.0,Moderado,United States of America
136103,Facebook,2024-08-02,Não Convertido,,0.0,Desconhecido,Honduras
136104,WhatsApp,2024-08-02,Não Convertido,,0.0,Conservador,Bahrain
136105,Orgânico,2024-08-03,Não Convertido,,0.0,Moderado,Australia
136106,TikTok,2024-07-30,Não Convertido,,0.0,Agressivo,Russian Federation
136107,Indicação,2024-08-03,Não Convertido,,0.0,Moderado,Uruguay
136108,Instagram,2024-07-31,Não Convertido,,0.0,Conservador,New Caledonia
136109,E-mail Marketing,2024-08-03,Não Convertido,,0.0,Moderado,Uzbekistan
136110,TikTok,2024-08-02,Não Convertido,,0.0,Agressivo,Montserrat
136111,E-mail Marketing,2024-08-01,Não Convertido,,0.0,Moderado,Aruba
136112,WhatsApp,2024-08-03,Não Convertido,,0.0,Moderado,Somalia
136113,E-mail Marketing,2024-08-03,Não Convertido,,0.0,Conservador,Solomon Islands
136114,Orgânico,2024-08-03,Não Convertido,,0.0,Agressivo,Uganda
136115,Orgânico,2024-08-02,Não Convertido,,0.0,Agressivo,Comoros
136116,Instagram,2024-07-30,Não Convertido,,0.0,Moderado,Dominica
136117,E-mail Marketing,2024-07-31,Não Convertido,,0.0,Conservador,Nigeria
136118,WhatsApp,2024-08-02,Não Convertido,,0.0,Conservador,Morocco
136119,Facebook,2024-08-03,Não Convertido,,0.0,Conservador,Falkland Islands (Malvinas)
136120,TikTok,2024-07-31,Não Convertido,,0.0,Agressivo,Afghanistan
136121,E-mail Marketing,2024-07-31,Não Convertido,,0.0,Moderado,Singapore
136122,Instagram,2024-07-29,Não Convertido,,0.0,Moderado,Western Sahara
136123,WhatsApp,2024-08-01,Não Convertido,,0.0,Agressivo,Falkland Islands (Malvinas)
136124,Instagram,2024-07-30,Não Convertido,,0.0,Moderado,Gibraltar
136125,Instagram,2024-08-03,Não Convertido,,0.0,Agressivo,Jersey
136126,WhatsApp,2024-08-03,Não Convertido,,0.0,Agressivo,Gibraltar
136127,Orgânico,2024-08-03,Não Convertido,,0.0,Moderado,Sierra Leone
136128,YouTube Ads,2024-08-01,Não Convertido,,0.0,Conservador,San Marino
136129,E-mail Marketing,2024-07-30,Não Convertido,,0.0,Moderado,Denmark
136130,TikTok,2024-07-31,Não Convertido,,0.0,Agressivo,Madagascar
136131,TikTok,2024-07-29,Não Convertido,,0.0,Agressivo,Burkina Faso
136132,Indicação,2024-07-30,Não Convertido,,0.0,Moderado,Grenada
136133,E-mail Marketing,2024-07-30,Não Convertido,,0.0,Conservador,Saudi Arabia
136134,Instagram,2024-07-31,Não Convertido,,0.0,Moderado,Myanmar
136135,YouTube Ads,2024-07-31,Não Convertido,,0.0,Conservador,Rwanda
136136,Facebook,2024-08-02,Não Convertido,,0.0,Agressivo,Puerto Rico
136137,E-mail Marketing,2024-07-30,Não Convertido,,0.0,Desconhecido,North Macedonia
136138,Google Ads,2024-08-02,Não Convertido,,0.0,Conservador,Papua New Guinea
136139,YouTube Ads,2024-07-29,Não Convertido,,0.0,Moderado,Oman
136140,Facebook,2024-08-03,Não Convertido,,0.0,Agressivo,Gabon
136141,E-mail Marketing,2024-08-01,Não Convertido,,0.0,Moderado,Turks and Caicos Islands
136142,Instagram,2024-08-03,Não Convertido,,0.0,Agressivo,Cyprus
136143,Instagram,2024-07-30,Não Convertido,,0.0,Moderado,Monaco
136144,Orgânico,2024-07-29,Não Convertido,,0.0,Moderado,Malawi
136145,E-mail Marketing,2024-07-31,Não Convertido,,0.0,Agressivo,United Arab Emirates
136146,YouTube Ads,2024-07-29,Não Convertido,,0.0,Agressivo,Niger
136147,Indicação,2024-08-03,Não Convertido,,0.0,Moderado,British Indian Ocean Territory (Chagos Archipelago)
136148,Google Ads,2024-08-03,Não Convertido,,0.0,Moderado,United States Minor Outlying Islands
136149,WhatsApp,2024-08-01,Convertido,23.0,8280.82,Agressivo,Timor-Leste
136150,TikTok,2024-08-01,Não Convertido,,0.0,Conservador,Maldives
136151,Orgânico,2024-07-29,Não Convertido,,0.0,Agressivo,Netherlands
136152,E-mail Marketing,2024-07-30,Não Convertido,,0.0,Moderado,Faroe Islands
136153,TikTok,2024-08-03,Não Convertido,,0.0,Moderado,Nauru
136154,Instagram,2024-08-02,Não Convertido,,0.0,Agressivo,Bolivia
136155,Orgânico,2024-08-02,Não Convertido,,0.0,Moderado,Azerbaijan
136156,E-mail Marketing,2024-08-03,Não Convertido,,0.0,Moderado,French Guiana
136157,YouTube Ads,2024-07-29,Não Convertido,,0.0,Conservador,Norway
136158,WhatsApp,2024-08-01,Não Convertido,,0.0,Agressivo,Bermuda
136159,WhatsApp,2024-08-01,Convertido,11.0,5698.47,Moderado,Serbia
136160,Facebook,2024-08-01,Convertido,21.0,7267.8,Agressivo,Netherlands Antilles
136161,TikTok,2024-08-02,Não Convertido,,0.0,Desconhecido,Wallis and Futuna
136162,Orgânico,2024-07-31,Não Convertido,,0.0,Conservador,Mongolia
136163,Indicação,2024-07-29,Convertido,14.0,8392.63,Conservador,Maldives
136164,WhatsApp,2024-07-30,Não Convertido,,0.0,Desconhecido,Mongolia
136165,TikTok,2024-08-03,Não Convertido,,0.0,Moderado,Christmas Island
136166,WhatsApp,2024-07-30,Não Convertido,,0.0,Moderado,Georgia
136167,Instagram,2024-08-02,Não Convertido,,0.0,Moderado,Niue
136168,Facebook,2024-07-31,Não Convertido,,0.0,Moderado,Mayotte
136169,TikTok,2024-08-02,Não Convertido,,0.0,Conservador,Portugal
136170,Facebook,2024-08-01,Não Convertido,,0.0,Moderado,Togo
136171,Google Ads,2024-07-29,Não Convertido,,0.0,Conservador,Greece
136172,Orgânico,2024-08-01,Não Convertido,,0.0,Moderado,Saint Barthelemy
136173,Orgânico,2024-07-29,Não Convertido,,0.0,Conservador,Estonia
136174,Facebook,2024-07-29,Não Convertido,,0.0,Conservador,Benin
136175,Instagram,2024-07-30,Não Convertido,,0.0,Agressivo,Eritrea
136176,TikTok,2024-07-30,Não Convertido,,0.0,Agressivo,Bosnia and Herzegovina
136177,Google Ads,2024-08-02,Não Convertido,,0.0,Moderado,Estonia
136178,TikTok,2024-07-31,Convertido,0.0,3232.07,Agressivo,Sri Lanka
136179,Orgânico,2024-07-30,Não Convertido,,0.0,Agressivo,Saint Kitts and Nevis
136180,Facebook,2024-07-31,Não Convertido,,0.0,Agressivo,Greenland
136181,YouTube Ads,2024-07-29,Não Convertido,,0.0,Conservador,Azerbaijan
136182,YouTube Ads,2024-08-02,Não Convertido,,0.0,Agressivo,Mali
136183,E-mail Marketing,2024-07-29,Não Convertido,,0.0,Conservador,Rwanda
136184,TikTok,2024-08-01,Não Convertido,,0.0,Agressivo,Cyprus
136185,YouTube Ads,2024-07-30,Não Convertido,,0.0,Conservador,Macao
136186,Orgânico,2024-08-02,Não Convertido,,0.0,Desconhecido,Palestinian Territory
136187,Instagram,2024-08-03,Não Convertido,,0.0,Conservador,Lao People's Democratic Republic
136188,Google Ads,2024-08-01,Não Convertido,,0.0,Moderado,Guinea
136189,WhatsApp,2024-07-31,Não Convertido,,0.0,Conservador,Netherlands
136190,Instagram,2024-07-29,Não Convertido,,0.0,Moderado,Suriname
136191,Orgânico,2024-08-01,Não Convertido,,0.0,Conservador,Samoa
136192,Orgânico,2024-07-30,Não Convertido,,0.0,Moderado,Dominican Republic
136193,TikTok,2024-07-31,Não Convertido,,0.0,Agressivo,American Samoa
136194,Instagram,2024-08-02,Não Convertido,,0.0,Conservador,Gambia
136195,Google Ads,2024-08-03,Não Convertido,,0.0,Moderado,Tunisia
136196,Indicação,2024-07-30,Convertido,24.0,291.41,Conservador,Guinea-Bissau
136197,E-mail Marketing,2024-08-01,Não Convertido,,0.0,Desconhecido,Jordan
136198,E-mail Marketing,2024-07-31,Convertido,17.0,1476.66,Agressivo,Zimbabwe
136199,YouTube Ads,2024-07-31,Não Convertido,,0.0,Agressivo,Mali
136200,Instagram,2024-07-31,Não Convertido,,0.0,Moderado,Mexico
136201,Instagram,2024-07-31,Não Convertido,,0.0,Moderado,Russian Federation
136202,E-mail Marketing,2024-08-02,Não Convertido,,0.0,Agressivo,Macao
136203,Orgânico,2024-07-31,Não Convertido,,0.0,Agressivo,Vietnam
136204,WhatsApp,2024-07-30,Não Convertido,,0.0,Agressivo,Israel
136205,Google Ads,2024-07-29,Não Convertido,,0.0,Agressivo,United States Virgin Islands
136206,TikTok,2024-07-29,Não Convertido,,0.0,Moderado,Portugal
136207,Google Ads,2024-08-01,Não Convertido,,0.0,Agressivo,South Africa
136208,E-mail Marketing,2024-07-31,Não Convertido,,0.0,Agressivo,Cambodia
136209,TikTok,2024-07-29,Não Convertido,,0.0,Conservador,Aruba
136210,YouTube Ads,2024-07-31,Não Convertido,,0.0,Conservador,British Virgin Islands
136211,E-mail Marketing,2024-07-30,Não Convertido,,0.0,Agressivo,French Polynesia
136212,Google Ads,2024-07-29,Não Convertido,,0.0,Agressivo,Austria
136213,Orgânico,2024-07-31,Não Convertido,,0.0,Moderado,Mauritius
136214,YouTube Ads,2024-07-31,Convertido,23.0,4680.24,Agressivo,Samoa
136215,Instagram,2024-07-31,Não Convertido,,0.0,Agressivo,Turkmenistan
136216,TikTok,2024-08-01,Não Convertido,,0.0,Conservador,Honduras
136217,TikTok,2024-07-29,Não Convertido,,0.0,Moderado,South Africa
136218,TikTok,2024-07-30,Não Convertido,,0.0,Moderado,Uruguay
136219,E-mail Marketing,2024-07-30,Convertido,22.0,4257.92,Agressivo,Suriname
136220,Instagram,2024-08-01,Não Convertido,,0.0,Agressivo,Uzbekistan
136221,WhatsApp,2024-07-29,Não Convertido,,0.0,Conservador,Armenia
136222,Instagram,2024-08-02,Não Convertido,,0.0,Moderado,Faroe Islands
136223,TikTok,2024-07-29,Convertido,14.0,1056.51,Agressivo,Tokelau
136224,WhatsApp,2024-08-01,Não Convertido,,0.0,Conservador,Reunion
136225,E-mail Marketing,2024-07-31,Não Convertido,,0.0,Desconhecido,Zimbabwe
136226,Instagram,2024-08-01,Não Convertido,,0.0,Moderado,Benin
136227,Google Ads,2024-07-30,Não Convertido,,0.0,Moderado,Micronesia
136228,WhatsApp,2024-08-01,Não Convertido,,0.0,Moderado,Saint Helena
136229,TikTok,2024-08-03,Não Convertido,,0.0,Agressivo,Serbia
136230,Indicação,2024-07-31,Não Convertido,,0.0,Moderado,Eritrea
136231,Instagram,2024-07-30,Não Convertido,,0.0,Moderado,Tokelau
136232,Orgânico,2024-08-01,Não Convertido,,0.0,Agressivo,Equatorial Guinea
136233,WhatsApp,2024-07-31,Não Convertido,,0.0,Moderado,Benin
136234,Google Ads,2024-07-30,Não Convertido,,0.0,Agressivo,Japan
136235,E-mail Marketing,2024-08-01,Não Convertido,,0.0,Agressivo,Norfolk Island
136236,Instagram,2024-08-03,Não Convertido,,0.0,Agressivo,Israel
136237,Facebook,2024-07-31,Não Convertido,,0.0,Agressivo,Colombia
136238,E-mail Marketing,2024-07-30,Não Convertido,,0.0,Desconhecido,Mayotte
136239,TikTok,2024-08-01,Não Convertido,,0.0,Agressivo,Congo
136240,Google Ads,2024-08-01,Não Convertido,,0.0,Agressivo,British Virgin Islands
136241,Orgânico,2024-08-02,Não Convertido,,0.0,Conservador,British Virgin Islands
136242,Google Ads,2024-07-31,Não Convertido,,0.0,Moderado,Benin
136243,Google Ads,2024-07-29,Convertido,18.0,4268.84,Desconhecido,Colombia
136244,Instagram,2024-08-01,Não Convertido,,0.0,Moderado,Rwanda
136245,Instagram,2024-07-29,Não Convertido,,0.0,Moderado,Saint Barthelemy
136246,Google Ads,2024-07-30,Não Convertido,,0.0,Agressivo,Brunei Darussalam
136247,YouTube Ads,2024-07-31,Não Convertido,,0.0,Moderado,Jamaica
136248,WhatsApp,2024-08-02,Não Convertido,,0.0,Agressivo,Cape Verde
136249,Orgânico,2024-07-31,Não Convertido,,0.0,Agressivo,Ukraine
136250,Orgânico,2024-07-29,Não Convertido,,0.0,Conservador,Bangladesh
136251,Orgânico,2024-08-02,Não Convertido,,0.0,Moderado,Equatorial Guinea
136252,E-mail Marketing,2024-08-02,Não Convertido,,0.0,Moderado,Netherlands Antilles
136253,YouTube Ads,2024-07-29,Não Convertido,,0.0,Agressivo,Croatia
136254,Orgânico,2024-07-29,Não Convertido,,0.0,Moderado,Bouvet Island (Bouvetoya)
136255,Google Ads,2024-07-29,Não Convertido,,0.0,Agressivo,India
136256,Google Ads,2024-07-30,Não Convertido,,0.0,Agressivo,Eritrea
136257,Orgânico,2024-07-29,Não Convertido,,0.0,Agressivo,Papua New Guinea
136258,Google Ads,2024-08-02,Não Convertido,,0.0,Desconhecido,Congo
136259,E-mail Marketing,2024-08-01,Não Convertido,,0.0,Agressivo,Antarctica (the territory South of 60 deg S)
136260,Instagram,2024-08-02,Não Convertido,,0.0,Moderado,Iceland
136261,Instagram,2024-08-02,Não Convertido,,0.0,Moderado,Cyprus
136262,TikTok,2024-07-29,Não Convertido,,0.0,Agressivo,Kiribati
136263,TikTok,2024-08-01,Não Convertido,,0.0,Conservador,Palestinian Territory
136264,Google Ads,2024-07-29,Não Convertido,,0.0,Conservador,Egypt
136265,Google Ads,2024-07-30,Não Convertido,,0.0,Conservador,Lao People's Democratic Republic
136266,Indicação,2024-07-29,Não Convertido,,0.0,Conservador,Niue
136267,Orgânico,2024-08-02,Não Convertido,,0.0,Agressivo,Lebanon
136268,Facebook,2024-07-31,Não Convertido,,0.0,Moderado,Sao Tome and Principe
136269,E-mail Marketing,2024-08-03,Não Convertido,,0.0,Agressivo,Reunion
136270,TikTok,2024-07-29,Não Convertido,,0.0,Agressivo,Hungary
136271,E-mail Marketing,2024-07-30,Não Convertido,,0.0,Agressivo,Hong Kong
136272,Orgânico,2024-07-30,Não Convertido,,0.0,Agressivo,Swaziland
136273,E-mail Marketing,2024-08-03,Não Convertido,,0.0,Moderado,Morocco
136274,Facebook,2024-07-29,Não Convertido,,0.0,Agressivo,Latvia
136275,Google Ads,2024-07-29,Não Convertido,,0.0,Agressivo,Timor-Leste
136276,Instagram,2024-08-02,Não Convertido,,0.0,Moderado,Norway
136277,Google Ads,2024-07-31,Não Convertido,,0.0,Agressivo,Argentina
136278,TikTok,2024-08-02,Não Convertido,,0.0,Conservador,Yemen
136279,Instagram,2024-08-01,Convertido,2.0,5550.41,Moderado,Jamaica
136280,Instagram,2024-08-01,Não Convertido,,0.0,Agressivo,Saudi Arabia
136281,Instagram,2024-07-30,Não Convertido,,0.0,Desconhecido,Hong Kong
136282,Orgânico,2024-08-02,Não Convertido,,0.0,Conservador,Hungary
136283,Instagram,2024-08-03,Não Convertido,,0.0,Agressivo,Romania
136284,Orgânico,2024-07-29,Não Convertido,,0.0,Conservador,Guinea
136285,Instagram,2024-07-31,Não Convertido,,0.0,Agressivo,Myanmar
136286,Orgânico,2024-08-03,Não Convertido,,0.0,Agressivo,Guernsey
136287,Google Ads,2024-07-31,Não Convertido,,0.0,Agressivo,Croatia
136288,E-mail Marketing,2024-08-03,Não Convertido,,0.0,Agressivo,Jordan
136289,TikTok,2024-07-31,Não Convertido,,0.0,Moderado,Tuvalu
136290,E-mail Marketing,2024-07-31,Não Convertido,,0.0,Conservador,Malaysia
136291,E-mail Marketing,2024-07-31,Convertido,22.0,1056.74,Moderado,Montserrat
136292,TikTok,2024-07-30,Não Convertido,,0.0,Agressivo,Reunion
136293,Instagram,2024-07-29,Não Convertido,,0.0,Desconhecido,Guyana
136294,WhatsApp,2024-08-02,Não Convertido,,0.0,Moderado,Honduras
136295,Instagram,2024-07-30,Não Convertido,,0.0,Moderado,Antarctica (the territory South of 60 deg S)
136296,Indicação,2024-08-02,Não Convertido,,0.0,Agressivo,Pitcairn Islands
136297,Instagram,2024-07-30,Não Convertido,,0.0,Moderado,South Georgia and the South Sandwich Islands
136298,Instagram,2024-07-31,Não Convertido,,0.0,Moderado,Indonesia
136299,E-mail Marketing,2024-07-29,Convertido,4.0,7080.62,Conservador,Sao Tome and Principe
136300,Instagram,2024-07-30,Não Convertido,,0.0,Agressivo,Bulgaria
136301,Orgânico,2024-07-30,Não Convertido,,0.0,Moderado,India
136302,TikTok,2024-07-30,Não Convertido,,0.0,Conservador,Kuwait
136303,Orgânico,2024-08-02,Não Convertido,,0.0,Moderado,Egypt
136304,YouTube Ads,2024-07-29,Não Convertido,,0.0,Conservador,Liechtenstein
136305,Instagram,2024-08-02,Não Convertido,,0.0,Agressivo,Japan
136306,TikTok,2024-07-31,Não Convertido,,0.0,Conservador,Uruguay
136307,Orgânico,2024-08-02,Não Convertido,,0.0,Moderado,Norfolk Island
136308,Orgânico,2024-08-03,Não Convertido,,0.0,Moderado,Malawi
136309,E-mail Marketing,2024-07-31,Não Convertido,,0.0,Agressivo,Burundi
136310,E-mail Marketing,2024-07-31,Não Convertido,,0.0,Moderado,Ghana
136311,Orgânico,2024-08-02,Não Convertido,,0.0,Moderado,China
136312,Instagram,2024-08-03,Não Convertido,,0.0,Moderado,Luxembourg
136313,E-mail Marketing,2024-08-02,Convertido,24.0,9208.52,Moderado,France
136314,Indicação,2024-08-03,Convertido,0.0,4093.24,Agressivo,Cambodia
136315,Instagram,2024-07-31,Não Convertido,,0.0,Moderado,Guam
136316,Instagram,2024-08-03,Não Convertido,,0.0,Conservador,Turks and Caicos Islands
136317,E-mail Marketing,2024-07-29,Não Convertido,,0.0,Conservador,Guinea
136318,Google Ads,2024-08-03,Não Convertido,,0.0,Moderado,Guernsey
136319,Instagram,2024-07-30,Não Convertido,,0.0,Agressivo,Svalbard & Jan Mayen Islands
136320,TikTok,2024-08-03,Não Convertido,,0.0,Agressivo,British Indian Ocean Territory (Chagos Archipelago)
136321,E-mail Marketing,2024-07-30,Convertido,12.0,7716.27,Desconhecido,Maldives
136322,WhatsApp,2024-07-30,Não Convertido,,0.0,Agressivo,Burkina Faso
136323,Indicação,2024-08-01,Não Convertido,,0.0,Desconhecido,Chile
136324,Instagram,2024-07-31,Não Convertido,,0.0,Conservador,Mali
136325,Indicação,2024-07-30,Convertido,7.0,1411.85,Agressivo,Moldova
136326,E-mail Marketing,2024-08-02,Não Convertido,,0.0,Desconhecido,Saint Helena
136327,YouTube Ads,2024-08-02,Não Convertido,,0.0,Moderado,Vietnam
136328,Google Ads,2024-08-01,Não Convertido,,0.0,Agressivo,United Arab Emirates
136329,Google Ads,2024-08-03,Não Convertido,,0.0,Agressivo,Macao
136330,TikTok,2024-08-02,Não Convertido,,0.0,Conservador,Taiwan
136331,TikTok,2024-08-01,Não Convertido,,0.0,Moderado,Brazil
136332,WhatsApp,2024-08-01,Não Convertido,,0.0,Agressivo,Latvia
136333,E-mail Marketing,2024-07-31,Não Convertido,,0.0,Conservador,Senegal
136334,E-mail Marketing,2024-07-29,Convertido,10.0,8537.42,Agressivo,Rwanda
136335,E-mail Marketing,2024-08-02,Não Convertido,,0.0,Moderado,Myanmar
136336,Orgânico,2024-08-01,Não Convertido,,0.0,Conservador,Bahrain
136337,Orgânico,2024-08-01,Não Convertido,,0.0,Conservador,Belize
136338,Facebook,2024-08-03,Não Convertido,,0.0,Moderado,Qatar
136339,Orgânico,2024-07-30,Não Convertido,,0.0,Conservador,Gambia
136340,TikTok,2024-07-31,Não Convertido,,0.0,Agressivo,Heard Island and McDonald Islands
136341,Orgânico,2024-08-01,Não Convertido,,0.0,Agressivo,Kuwait
136342,YouTube Ads,2024-07-31,Não Convertido,,0.0,Moderado,Costa Rica
136343,Instagram,2024-08-03,Não Convertido,,0.0,Conservador,Central African Republic
136344,Orgânico,2024-08-01,Convertido,9.0,2473.45,Agressivo,Cuba
136345,Google Ads,2024-07-31,Não Convertido,,0.0,Agressivo,Faroe Islands
136346,Google Ads,2024-08-02,Não Convertido,,0.0,Agressivo,Congo
136347,E-mail Marketing,2024-07-29,Não Convertido,,0.0,Moderado,Taiwan
136348,E-mail Marketing,2024-07-30,Não Convertido,,0.0,Conservador,Netherlands
136349,WhatsApp,2024-08-02,Não Convertido,,0.0,Moderado,Croatia
136350,WhatsApp,2024-07-31,Não Convertido,,0.0,Moderado,Martinique
136351,WhatsApp,2024-07-31,Não Convertido,,0.0,Agressivo,Jersey
136352,WhatsApp,2024-08-02,Não Convertido,,0.0,Moderado,Finland
136353,TikTok,2024-08-03,Não Convertido,,0.0,Conservador,Somalia
136354,Indicação,2024-07-30,Não Convertido,,0.0,Conservador,Palestinian Territory
136355,Google Ads,2024-08-03,Não Convertido,,0.0,Agressivo,United Arab Emirates
136356,Orgânico,2024-07-31,Não Convertido,,0.0,Moderado,Antarctica (the territory South of 60 deg S)
136357,Orgânico,2024-08-01,Não Convertido,,0.0,Moderado,Colombia
136358,WhatsApp,2024-07-31,Não Convertido,,0.0,Moderado,Portugal
136359,Indicação,2024-08-01,Não Convertido,,0.0,Desconhecido,Colombia
136360,TikTok,2024-08-03,Não Convertido,,0.0,Moderado,New Caledonia
136361,Orgânico,2024-07-29,Convertido,24.0,1338.33,Moderado,Chad
136362,Instagram,2024-08-01,Não Convertido,,0.0,Conservador,Myanmar
136363,Orgânico,2024-08-01,Convertido,21.0,6204.29,Agressivo,Saint Barthelemy
136364,Orgânico,2024-07-30,Não Convertido,,0.0,Agressivo,Belarus
136365,TikTok,2024-07-31,Não Convertido,,0.0,Moderado,Luxembourg
136366,Instagram,2024-07-30,Não Convertido,,0.0,Agressivo,Iraq
136367,TikTok,2024-07-31,Não Convertido,,0.0,Agressivo,Nepal
136368,YouTube Ads,2024-08-01,Não Convertido,,0.0,Conservador,Luxembourg
136369,Instagram,2024-07-30,Não Convertido,,0.0,Moderado,Czech Republic
136370,YouTube Ads,2024-08-03,Não Convertido,,0.0,Moderado,Mauritania
136371,Facebook,2024-07-30,Não Convertido,,0.0,Desconhecido,Niger
136372,Instagram,2024-07-30,Não Convertido,,0.0,Conservador,Morocco
136373,Google Ads,2024-08-02,Não Convertido,,0.0,Agressivo,Holy See (Vatican City State)
136374,E-mail Marketing,2024-08-02,Não Convertido,,0.0,Desconhecido,Germany
136375,TikTok,2024-07-31,Não Convertido,,0.0,Agressivo,Uzbekistan
136376,Instagram,2024-07-29,Não Convertido,,0.0,Moderado,Myanmar
136377,Orgânico,2024-08-01,Não Convertido,,0.0,Moderado,Hong Kong
136378,Orgânico,2024-07-31,Não Convertido,,0.0,Conservador,Aruba
136379,TikTok,2024-08-01,Não Convertido,,0.0,Agressivo,Tonga
136380,WhatsApp,2024-08-03,Não Convertido,,0.0,Agressivo,Slovenia
136381,Orgânico,2024-08-01,Não Convertido,,0.0,Moderado,Norfolk Island
136382,E-mail Marketing,2024-08-01,Não Convertido,,0.0,Moderado,Russian Federation
136383,Indicação,2024-08-03,Não Convertido,,0.0,Agressivo,Israel
136384,WhatsApp,2024-08-03,Não Convertido,,0.0,Agressivo,Argentina
136385,YouTube Ads,2024-08-02,Não Convertido,,0.0,Moderado,Saint Vincent and the Grenadines
136386,TikTok,2024-08-02,Não Convertido,,0.0,Conservador,Timor-Leste
136387,Orgânico,2024-08-01,Não Convertido,,0.0,Agressivo,French Guiana
136388,Google Ads,2024-07-29,Não Convertido,,0.0,Agressivo,Paraguay
136389,Orgânico,2024-07-31,Não Convertido,,0.0,Moderado,Western Sahara
136390,Instagram,2024-07-31,Não Convertido,,0.0,Agressivo,Malawi
136391,TikTok,2024-08-03,Não Convertido,,0.0,Agressivo,Haiti
136392,Instagram,2024-07-31,Não Convertido,,0.0,Moderado,Tuvalu
136393,Google Ads,2024-08-03,Não Convertido,,0.0,Desconhecido,Papua New Guinea
136394,Orgânico,2024-07-30,Não Convertido,,0.0,Moderado,Sierra Leone
136395,Instagram,2024-08-02,Não Convertido,,0.0,Conservador,Honduras
136396,Google Ads,2024-07-30,Não Convertido,,0.0,Desconhecido,Palau
136397,Indicação,2024-07-29,Não Convertido,,0.0,Agressivo,Pakistan
136398,Indicação,2024-08-01,Não Convertido,,0.0,Moderado,Bhutan
136399,Orgânico,2024-07-30,Não Convertido,,0.0,Moderado,Sao Tome and Principe
136400,Instagram,2024-07-30,Não Convertido,,0.0,Conservador,Hungary
136401,E-mail Marketing,2024-07-29,Não Convertido,,0.0,Moderado,Guyana
136402,Orgânico,2024-07-31,Não Convertido,,0.0,Agressivo,Cayman Islands
136403,TikTok,2024-07-30,Não Convertido,,0.0,Conservador,Botswana
136404,Instagram,2024-07-30,Não Convertido,,0.0,Desconhecido,Lesotho
136405,Orgânico,2024-07-29,Não Convertido,,0.0,Agressivo,Gabon
136406,Indicação,2024-07-31,Não Convertido,,0.0,Agressivo,Kiribati
136407,E-mail Marketing,2024-08-01,Não Convertido,,0.0,Moderado,Mayotte
136408,Orgânico,2024-07-30,Não Convertido,,0.0,Moderado,Angola
136409,Google Ads,2024-07-31,Não Convertido,,0.0,Desconhecido,Belize
136410,Facebook,2024-07-30,Não Convertido,,0.0,Moderado,Israel
136411,Google Ads,2024-08-03,Não Convertido,,0.0,Moderado,Jordan
136412,E-mail Marketing,2024-08-03,Não Convertido,,0.0,Conservador,Azerbaijan
136413,Orgânico,2024-08-03,Não Convertido,,0.0,Moderado,Estonia
136414,Orgânico,2024-08-01,Não Convertido,,0.0,Moderado,Sri Lanka
136415,TikTok,2024-08-02,Não Convertido,,0.0,Agressivo,Bahrain
136416,Instagram,2024-07-29,Não Convertido,,0.0,Agressivo,Sudan
136417,Orgânico,2024-07-31,Convertido,27.0,9575.77,Agressivo,Turkey
136418,Google Ads,2024-08-02,Não Convertido,,0.0,Moderado,Algeria
136419,Orgânico,2024-08-02,Não Convertido,,0.0,Agressivo,Norway
136420,WhatsApp,2024-08-02,Não Convertido,,0.0,Moderado,Taiwan
136421,Orgânico,2024-08-02,Não Convertido,,0.0,Agressivo,Holy See (Vatican City State)
136422,TikTok,2024-08-02,Não Convertido,,0.0,Moderado,Poland
136423,Facebook,2024-07-31,Não Convertido,,0.0,Moderado,Finland
136424,Orgânico,2024-08-03,Não Convertido,,0.0,Agressivo,Israel
136425,TikTok,2024-08-02,Não Convertido,,0.0,Conservador,Uzbekistan
136426,E-mail Marketing,2024-08-02,Não Convertido,,0.0,Moderado,Andorra
136427,TikTok,2024-07-31,Não Convertido,,0.0,Agressivo,Senegal
136428,E-mail Marketing,2024-08-02,Não Convertido,,0.0,Moderado,French Polynesia
136429,Orgânico,2024-07-31,Não Convertido,,0.0,Agressivo,Iceland
136430,Orgânico,2024-07-29,Não Convertido,,0.0,Agressivo,Benin
136431,E-mail Marketing,2024-08-01,Não Convertido,,0.0,Agressivo,Northern Mariana Islands
136432,YouTube Ads,2024-07-31,Não Convertido,,0.0,Moderado,Benin
136433,WhatsApp,2024-08-03,Não Convertido,,0.0,Conservador,Japan
136434,Instagram,2024-07-29,Não Convertido,,0.0,Agressivo,Netherlands Antilles
136435,TikTok,2024-07-29,Não Convertido,,0.0,Agressivo,Zimbabwe
136436,E-mail Marketing,2024-07-30,Não Convertido,,0.0,Moderado,United States of America
136437,TikTok,2024-07-30,Não Convertido,,0.0,Moderado,Palau
136438,Instagram,2024-08-02,Não Convertido,,0.0,Agressivo,Samoa
136439,WhatsApp,2024-07-31,Não Convertido,,0.0,Agressivo,Fiji
136440,Google Ads,2024-08-01,Não Convertido,,0.0,Moderado,Vanuatu
136441,Orgânico,2024-07-30,Convertido,13.0,1165.39,Desconhecido,Guam
136442,TikTok,2024-07-29,Não Convertido,,0.0,Agressivo,Tokelau
136443,E-mail Marketing,2024-07-31,Não Convertido,,0.0,Moderado,Bahamas
136444,Facebook,2024-08-02,Não Convertido,,0.0,Agressivo,Gibraltar
136445,Orgânico,2024-07-29,Não Convertido,,0.0,Moderado,French Polynesia
136446,Orgânico,2024-07-29,Não Convertido,,0.0,Moderado,United Kingdom
136447,TikTok,2024-07-30,Não Convertido,,0.0,Desconhecido,Congo
136448,TikTok,2024-08-01,Não Convertido,,0.0,Conservador,Turkmenistan
136449,Orgânico,2024-08-02,Não Convertido,,0.0,Conservador,Mauritius
136450,Facebook,2024-07-30,Não Convertido,,0.0,Desconhecido,Tanzania
136451,Indicação,2024-08-02,Não Convertido,,0.0,Agressivo,Saint Lucia
136452,TikTok,2024-07-31,Não Convertido,,0.0,Agressivo,Paraguay
136453,YouTube Ads,2024-08-01,Convertido,22.0,9714.25,Moderado,Bolivia
136454,E-mail Marketing,2024-07-29,Não Convertido,,0.0,Conservador,Norfolk Island
136455,YouTube Ads,2024-08-01,Não Convertido,,0.0,Moderado,Peru
136456,E-mail Marketing,2024-07-31,Não Convertido,,0.0,Desconhecido,Uganda
136457,TikTok,2024-08-01,Não Convertido,,0.0,Moderado,Grenada
136458,TikTok,2024-08-02,Não Convertido,,0.0,Conservador,Paraguay
136459,Instagram,2024-08-03,Não Convertido,,0.0,Moderado,Cote d'Ivoire
136460,E-mail Marketing,2024-07-31,Não Convertido,,0.0,Moderado,Denmark
136461,TikTok,2024-08-01,Não Convertido,,0.0,Moderado,Burundi
136462,Facebook,2024-08-03,Não Convertido,,0.0,Moderado,Jordan
136463,Facebook,2024-07-30,Não Convertido,,0.0,Moderado,Ethiopia
136464,Indicação,2024-07-31,Não Convertido,,0.0,Conservador,Honduras
136465,Google Ads,2024-07-31,Não Convertido,,0.0,Agressivo,Cyprus
136466,YouTube Ads,2024-08-01,Não Convertido,,0.0,Conservador,Central African Republic
136467,Orgânico,2024-07-29,Não Convertido,,0.0,Agressivo,Pitcairn Islands
136468,Instagram,2024-08-01,Não Convertido,,0.0,Conservador,Poland
136469,WhatsApp,2024-07-31,Não Convertido,,0.0,Moderado,Malawi
136470,YouTube Ads,2024-08-01,Não Convertido,,0.0,Conservador,Ireland
136471,TikTok,2024-07-30,Não Convertido,,0.0,Agressivo,Christmas Island
136472,WhatsApp,2024-07-31,Não Convertido,,0.0,Moderado,Malawi
136473,Google Ads,2024-08-01,Não Convertido,,0.0,Moderado,Palau
136474,E-mail Marketing,2024-07-29,Não Convertido,,0.0,Agressivo,Bulgaria
136475,Facebook,2024-07-29,Convertido,6.0,6598.33,Moderado,Western Sahara
136476,WhatsApp,2024-08-01,Não Convertido,,0.0,Agressivo,Bulgaria
136477,Orgânico,2024-08-02,Não Convertido,,0.0,Moderado,Burundi
136478,Orgânico,2024-08-02,Não Convertido,,0.0,Moderado,Holy See (Vatican City State)
136479,WhatsApp,2024-07-30,Não Convertido,,0.0,Conservador,Armenia
136480,TikTok,2024-07-29,Não Convertido,,0.0,Desconhecido,Kiribati
136481,Google Ads,2024-08-01,Não Convertido,,0.0,Moderado,Iran
136482,YouTube Ads,2024-08-02,Não Convertido,,0.0,Moderado,Congo
136483,Instagram,2024-07-29,Não Convertido,,0.0,Agressivo,Antarctica (the territory South of 60 deg S)
136484,Instagram,2024-07-31,Não Convertido,,0.0,Moderado,Ireland
136485,Facebook,2024-08-03,Não Convertido,,0.0,Desconhecido,Grenada
136486,E-mail Marketing,2024-07-31,Não Convertido,,0.0,Agressivo,Iraq
136487,Orgânico,2024-07-29,Não Convertido,,0.0,Moderado,Dominica
136488,TikTok,2024-08-03,Não Convertido,,0.0,Conservador,Mayotte
136489,YouTube Ads,2024-07-29,Não Convertido,,0.0,Moderado,Czech Republic
136490,E-mail Marketing,2024-07-31,Não Convertido,,0.0,Agressivo,Denmark
136491,Instagram,2024-08-03,Não Convertido,,0.0,Conservador,Mauritania
136492,TikTok,2024-07-30,Não Convertido,,0.0,Agressivo,Venezuela
136493,Indicação,2024-07-30,Não Convertido,,0.0,Moderado,Yemen
136494,Orgânico,2024-08-01,Não Convertido,,0.0,Moderado,Guyana
136495,Orgânico,2024-08-01,Não Convertido,,0.0,Conservador,Guatemala
136496,Indicação,2024-08-03,Não Convertido,,0.0,Agressivo,Bosnia and Herzegovina
136497,Indicação,2024-08-03,Não Convertido,,0.0,Conservador,Armenia
136498,Orgânico,2024-08-03,Não Convertido,,0.0,Moderado,Canada
136499,E-mail Marketing,2024-08-01,Não Convertido,,0.0,Moderado,United Arab Emirates
136500,WhatsApp,2024-08-01,Não Convertido,,0.0,Moderado,Myanmar
136501,Orgânico,2024-08-01,Não Convertido,,0.0,Moderado,British Virgin Islands
136502,TikTok,2024-07-31,Não Convertido,,0.0,Moderado,Bahamas
136503,WhatsApp,2024-08-02,Não Convertido,,0.0,Conservador,Cocos (Keeling) Islands
136504,WhatsApp,2024-07-31,Não Convertido,,0.0,Conservador,Malawi
136505,Facebook,2024-08-03,Não Convertido,,0.0,Agressivo,Albania
136506,Orgânico,2024-07-30,Não Convertido,,0.0,Agressivo,Australia
136507,Instagram,2024-08-03,Não Convertido,,0.0,Moderado,Svalbard & Jan Mayen Islands
136508,Google Ads,2024-07-29,Não Convertido,,0.0,Moderado,Dominican Republic
136509,Orgânico,2024-07-30,Não Convertido,,0.0,Moderado,Rwanda
136510,Orgânico,2024-07-29,Não Convertido,,0.0,Desconhecido,Norfolk Island
136511,Orgânico,2024-08-03,Não Convertido,,0.0,Desconhecido,Gibraltar
136512,Orgânico,2024-08-02,Não Convertido,,0.0,Moderado,Sweden
136513,E-mail Marketing,2024-07-29,Não Convertido,,0.0,Agressivo,Estonia
136514,TikTok,2024-07-30,Não Convertido,,0.0,Desconhecido,Greece
136515,Instagram,2024-08-03,Não Convertido,,0.0,Moderado,Singapore
136516,Facebook,2024-07-29,Não Convertido,,0.0,Conservador,Dominican Republic
136517,Indicação,2024-08-03,Não Convertido,,0.0,Conservador,Jordan
136518,WhatsApp,2024-07-31,Não Convertido,,0.0,Conservador,Morocco
136519,Orgânico,2024-08-03,Não Convertido,,0.0,Agressivo,Antarctica (the territory South of 60 deg S)
136520,TikTok,2024-07-31,Não Convertido,,0.0,Conservador,Nicaragua
136521,Indicação,2024-08-03,Não Convertido,,0.0,Agressivo,Portugal
136522,E-mail Marketing,2024-08-01,Não Convertido,,0.0,Desconhecido,Cook Islands
136523,E-mail Marketing,2024-07-31,Não Convertido,,0.0,Conservador,Brunei Darussalam
136524,Orgânico,2024-07-29,Não Convertido,,0.0,Moderado,Cambodia
136525,Instagram,2024-07-30,Não Convertido,,0.0,Conservador,Norway
136526,TikTok,2024-08-02,Não Convertido,,0.0,Agressivo,Puerto Rico
136527,YouTube Ads,2024-07-30,Não Convertido,,0.0,Moderado,Slovenia
136528,TikTok,2024-08-03,Não Convertido,,0.0,Moderado,Zimbabwe
136529,Google Ads,2024-08-01,Não Convertido,,0.0,Moderado,Swaziland
136530,YouTube Ads,2024-07-29,Não Convertido,,0.0,Moderado,Mozambique
136531,WhatsApp,2024-07-30,Não Convertido,,0.0,Moderado,Mauritania
136532,YouTube Ads,2024-07-29,Não Convertido,,0.0,Moderado,Kuwait
136533,Instagram,2024-08-03,Não Convertido,,0.0,Moderado,Thailand
136534,TikTok,2024-08-01,Não Convertido,,0.0,Conservador,Namibia
136535,Orgânico,2024-08-03,Não Convertido,,0.0,Moderado,Vietnam
136536,Instagram,2024-08-01,Não Convertido,,0.0,Moderado,Togo
136537,WhatsApp,2024-07-31,Não Convertido,,0.0,Moderado,Ecuador
136538,Facebook,2024-08-01,Não Convertido,,0.0,Moderado,Egypt
136539,Instagram,2024-07-30,Não Convertido,,0.0,Moderado,French Guiana
136540,TikTok,2024-07-30,Não Convertido,,0.0,Agressivo,Panama
136541,Orgânico,2024-08-03,Não Convertido,,0.0,Moderado,New Caledonia
136542,Instagram,2024-07-31,Não Convertido,,0.0,Agressivo,Latvia
136543,Facebook,2024-08-01,Não Convertido,,0.0,Agressivo,Marshall Islands
136544,Facebook,2024-08-01,Não Convertido,,0.0,Moderado,Vietnam
136545,Orgânico,2024-07-31,Não Convertido,,0.0,Moderado,Central African Republic
136546,TikTok,2024-08-01,Não Convertido,,0.0,Agressivo,Denmark
136547,YouTube Ads,2024-07-31,Não Convertido,,0.0,Moderado,Australia
136548,E-mail Marketing,2024-07-30,Convertido,1.0,7783.63,Moderado,Kazakhstan
136549,Orgânico,2024-07-29,Não Convertido,,0.0,Agressivo,Bermuda
136550,Facebook,2024-07-30,Não Convertido,,0.0,Moderado,Kuwait
136551,Google Ads,2024-07-30,Não Convertido,,0.0,Agressivo,Zambia
136552,TikTok,2024-07-30,Convertido,0.0,8526.55,Moderado,Palau
136553,TikTok,2024-08-03,Não Convertido,,0.0,Moderado,Mongolia
136554,Google Ads,2024-08-02,Não Convertido,,0.0,Moderado,Cote d'Ivoire
136555,Indicação,2024-07-30,Não Convertido,,0.0,Moderado,Malta
136556,Google Ads,2024-08-03,Não Convertido,,0.0,Desconhecido,Guyana
136557,Instagram,2024-07-30,Não Convertido,,0.0,Moderado,Antigua and Barbuda
136558,E-mail Marketing,2024-07-31,Não Convertido,,0.0,Moderado,Lesotho
136559,TikTok,2024-08-01,Não Convertido,,0.0,Moderado,Bhutan
136560,Orgânico,2024-07-29,Convertido,18.0,572.64,Moderado,Guadeloupe
136561,WhatsApp,2024-08-02,Não Convertido,,0.0,Conservador,Paraguay
136562,Google Ads,2024-07-31,Não Convertido,,0.0,Agressivo,Ghana
136563,WhatsApp,2024-08-02,Não Convertido,,0.0,Moderado,Heard Island and McDonald Islands
136564,Instagram,2024-08-03,Não Convertido,,0.0,Conservador,El Salvador
136565,TikTok,2024-08-03,Não Convertido,,0.0,Agressivo,Kyrgyz Republic
136566,E-mail Marketing,2024-07-30,Não Convertido,,0.0,Conservador,Burundi
136567,Instagram,2024-08-02,Não Convertido,,0.0,Moderado,Macao
136568,Instagram,2024-07-30,Não Convertido,,0.0,Agressivo,Montenegro
136569,Google Ads,2024-07-30,Não Convertido,,0.0,Conservador,Martinique
136570,E-mail Marketing,2024-08-03,Não Convertido,,0.0,Desconhecido,Belgium
136571,Google Ads,2024-07-30,Não Convertido,,0.0,Agressivo,Cook Islands
136572,YouTube Ads,2024-07-31,Não Convertido,,0.0,Conservador,Iran
136573,Orgânico,2024-08-01,Não Convertido,,0.0,Agressivo,Heard Island and McDonald Islands
136574,Google Ads,2024-08-02,Não Convertido,,0.0,Agressivo,Panama
136575,Orgânico,2024-07-31,Não Convertido,,0.0,Moderado,Costa Rica
136576,E-mail Marketing,2024-08-01,Não Convertido,,0.0,Moderado,Trinidad and Tobago
136577,Instagram,2024-08-01,Não Convertido,,0.0,Moderado,British Virgin Islands
136578,YouTube Ads,2024-08-02,Não Convertido,,0.0,Moderado,Swaziland
136579,Instagram,2024-07-29,Não Convertido,,0.0,Conservador,French Guiana
136580,Instagram,2024-08-01,Não Convertido,,0.0,Moderado,French Southern Territories
136581,Instagram,2024-08-02,Não Convertido,,0.0,Moderado,Ghana
136582,Orgânico,2024-08-02,Não Convertido,,0.0,Agressivo,South Africa
136583,Orgânico,2024-08-02,Não Convertido,,0.0,Conservador,Greece
136584,WhatsApp,2024-08-01,Não Convertido,,0.0,Moderado,Equatorial Guinea
136585,Google Ads,2024-08-02,Não Convertido,,0.0,Agressivo,American Samoa
136586,Orgânico,2024-08-03,Não Convertido,,0.0,Conservador,Senegal
136587,Instagram,2024-07-29,Não Convertido,,0.0,Conservador,Uruguay
136588,Instagram,2024-07-31,Convertido,13.0,5467.16,Moderado,Isle of Man
136589,TikTok,2024-08-02,Não Convertido,,0.0,Moderado,Central African Republic
136590,Instagram,2024-07-31,Não Convertido,,0.0,Conservador,Saint Helena
136591,E-mail Marketing,2024-07-29,Convertido,26.0,2843.68,Agressivo,Luxembourg
136592,Google Ads,2024-08-01,Não Convertido,,0.0,Agressivo,Qatar
136593,Orgânico,2024-08-01,Não Convertido,,0.0,Agressivo,Cameroon
136594,Instagram,2024-07-29,Convertido,28.0,9880.3,Agressivo,Japan
136595,Orgânico,2024-08-03,Não Convertido,,0.0,Desconhecido,Barbados
136596,E-mail Marketing,2024-07-29,Não Convertido,,0.0,Conservador,Liberia
136597,Google Ads,2024-07-29,Não Convertido,,0.0,Desconhecido,Kenya
136598,TikTok,2024-07-29,Não Convertido,,0.0,Agressivo,Qatar
136599,Instagram,2024-08-01,Não Convertido,,0.0,Conservador,Benin
136600,YouTube Ads,2024-07-30,Não Convertido,,0.0,Conservador,Yemen
136601,TikTok,2024-07-29,Não Convertido,,0.0,Moderado,Honduras
136602,TikTok,2024-07-29,Não Convertido,,0.0,Agressivo,South Georgia and the South Sandwich Islands
136603,Facebook,2024-07-30,Não Convertido,,0.0,Moderado,Turkmenistan
136604,Instagram,2024-07-30,Não Convertido,,0.0,Agressivo,Kuwait
136605,WhatsApp,2024-07-29,Não Convertido,,0.0,Agressivo,Nicaragua
136606,Indicação,2024-07-31,Não Convertido,,0.0,Moderado,Argentina
136607,Instagram,2024-08-01,Não Convertido,,0.0,Agressivo,Costa Rica
136608,Indicação,2024-08-02,Não Convertido,,0.0,Conservador,France
136609,Orgânico,2024-08-01,Não Convertido,,0.0,Moderado,China
136610,E-mail Marketing,2024-08-01,Não Convertido,,0.0,Agressivo,New Caledonia
136611,Orgânico,2024-08-01,Não Convertido,,0.0,Moderado,Mali
136612,Facebook,2024-08-01,Convertido,17.0,5011.24,Moderado,Anguilla
136613,TikTok,2024-08-03,Não Convertido,,0.0,Conservador,Saint Pierre and Miquelon
136614,Google Ads,2024-07-30,Não Convertido,,0.0,Desconhecido,Uganda
136615,YouTube Ads,2024-08-02,Não Convertido,,0.0,Moderado,Kyrgyz Republic
136616,Orgânico,2024-07-31,Não Convertido,,0.0,Conservador,Puerto Rico
136617,Orgânico,2024-07-29,Não Convertido,,0.0,Conservador,Saint Martin
136618,WhatsApp,2024-08-03,Não Convertido,,0.0,Moderado,Botswana
136619,E-mail Marketing,2024-07-30,Não Convertido,,0.0,Agressivo,Burundi
136620,Instagram,2024-07-31,Não Convertido,,0.0,Agressivo,France
136621,YouTube Ads,2024-07-31,Não Convertido,,0.0,Moderado,Falkland Islands (Malvinas)
136622,WhatsApp,2024-07-31,Não Convertido,,0.0,Desconhecido,Burundi
136623,E-mail Marketing,2024-08-02,Não Convertido,,0.0,Moderado,Isle of Man
136624,Orgânico,2024-07-31,Não Convertido,,0.0,Moderado,Maldives
136625,Facebook,2024-08-01,Não Convertido,,0.0,Desconhecido,Congo
136626,E-mail Marketing,2024-08-01,Não Convertido,,0.0,Conservador,Portugal
136627,Indicação,2024-07-30,Não Convertido,,0.0,Moderado,Aruba
136628,TikTok,2024-07-29,Não Convertido,,0.0,Moderado,Kyrgyz Republic
136629,Instagram,2024-07-31,Não Convertido,,0.0,Desconhecido,Austria
136630,Orgânico,2024-07-31,Não Convertido,,0.0,Conservador,Lao People's Democratic Republic
136631,Orgânico,2024-07-31,Não Convertido,,0.0,Agressivo,India
136632,Facebook,2024-08-01,Não Convertido,,0.0,Moderado,Seychelles
136633,Google Ads,2024-08-03,Convertido,25.0,7673.04,Moderado,Cambodia
136634,Facebook,2024-07-31,Não Convertido,,0.0,Moderado,Antarctica (the territory South of 60 deg S)
136635,Instagram,2024-07-31,Não Convertido,,0.0,Moderado,Algeria
136636,Instagram,2024-07-30,Convertido,0.0,639.23,Desconhecido,New Caledonia
136637,Facebook,2024-08-01,Não Convertido,,0.0,Moderado,Korea
136638,WhatsApp,2024-07-30,Não Convertido,,0.0,Moderado,China
136639,WhatsApp,2024-07-31,Não Convertido,,0.0,Agressivo,Samoa
136640,Google Ads,2024-08-02,Não Convertido,,0.0,Agressivo,American Samoa
136641,E-mail Marketing,2024-08-03,Convertido,24.0,1305.35,Agressivo,Cook Islands
136642,Instagram,2024-08-03,Não Convertido,,0.0,Conservador,Nicaragua
136643,TikTok,2024-08-03,Não Convertido,,0.0,Agressivo,Saint Lucia
136644,Orgânico,2024-08-03,Não Convertido,,0.0,Moderado,Bhutan
136645,TikTok,2024-07-31,Não Convertido,,0.0,Agressivo,Malaysia
136646,Facebook,2024-08-01,Não Convertido,,0.0,Conservador,Pakistan
136647,Indicação,2024-07-30,Não Convertido,,0.0,Moderado,El Salvador
136648,Facebook,2024-07-29,Não Convertido,,0.0,Agressivo,Kuwait
136649,Instagram,2024-08-03,Não Convertido,,0.0,Desconhecido,Wallis and Futuna
136650,Orgânico,2024-08-01,Não Convertido,,0.0,Conservador,Brazil
136651,Google Ads,2024-07-29,Não Convertido,,0.0,Desconhecido,Equatorial Guinea
136652,YouTube Ads,2024-07-30,Não Convertido,,0.0,Moderado,Trinidad and Tobago
136653,Orgânico,2024-08-01,Não Convertido,,0.0,Moderado,Turks and Caicos Islands
136654,TikTok,2024-07-29,Não Convertido,,0.0,Agressivo,Norfolk Island
136655,Google Ads,2024-08-02,Não Convertido,,0.0,Conservador,Haiti
136656,Indicação,2024-07-29,Não Convertido,,0.0,Moderado,Christmas Island
136657,Instagram,2024-07-30,Não Convertido,,0.0,Moderado,Isle of Man
136658,Instagram,2024-07-29,Não Convertido,,0.0,Agressivo,Brazil
136659,YouTube Ads,2024-08-01,Não Convertido,,0.0,Moderado,Afghanistan
136660,Google Ads,2024-08-01,Não Convertido,,0.0,Agressivo,Grenada
136661,Instagram,2024-08-03,Não Convertido,,0.0,Conservador,Tokelau
136662,Instagram,2024-07-31,Não Convertido,,0.0,Agressivo,Uganda
136663,E-mail Marketing,2024-07-29,Convertido,8.0,7897.19,Moderado,Saint Kitts and Nevis
136664,Orgânico,2024-08-01,Não Convertido,,0.0,Moderado,Cambodia
136665,Indicação,2024-07-30,Convertido,7.0,3211.94,Moderado,Luxembourg
136666,WhatsApp,2024-07-31,Não Convertido,,0.0,Moderado,Saint Barthelemy
136667,E-mail Marketing,2024-08-02,Convertido,26.0,9423.61,Desconhecido,Zambia
136668,Instagram,2024-07-30,Não Convertido,,0.0,Conservador,Uganda
136669,Facebook,2024-08-03,Não Convertido,,0.0,Moderado,Guinea
136670,Instagram,2024-07-29,Não Convertido,,0.0,Conservador,Tanzania
136671,WhatsApp,2024-07-30,Não Convertido,,0.0,Moderado,Comoros
136672,Instagram,2024-07-31,Não Convertido,,0.0,Conservador,Benin
136673,Orgânico,2024-08-01,Não Convertido,,0.0,Desconhecido,Heard Island and McDonald Islands
136674,E-mail Marketing,2024-07-30,Não Convertido,,0.0,Agressivo,Guinea-Bissau
136675,TikTok,2024-08-02,Não Convertido,,0.0,Agressivo,Tunisia
136676,Google Ads,2024-08-03,Não Convertido,,0.0,Moderado,Bolivia
136677,E-mail Marketing,2024-08-01,Não Convertido,,0.0,Moderado,Gabon
136678,Facebook,2024-08-02,Não Convertido,,0.0,Conservador,British Indian Ocean Territory (Chagos Archipelago)
136679,Instagram,2024-08-03,Não Convertido,,0.0,Moderado,Tajikistan
136680,Orgânico,2024-08-03,Não Convertido,,0.0,Moderado,Puerto Rico
136681,TikTok,2024-07-29,Não Convertido,,0.0,Moderado,Saudi Arabia
136682,Instagram,2024-08-03,Não Convertido,,0.0,Conservador,South Africa
136683,Facebook,2024-07-31,Convertido,19.0,7136.58,Moderado,Georgia
136684,TikTok,2024-07-31,Não Convertido,,0.0,Moderado,Tokelau
136685,Orgânico,2024-08-03,Não Convertido,,0.0,Moderado,Bermuda
136686,Orgânico,2024-08-01,Não Convertido,,0.0,Desconhecido,Niue
136687,TikTok,2024-07-29,Não Convertido,,0.0,Moderado,Benin
136688,E-mail Marketing,2024-07-29,Não Convertido,,0.0,Desconhecido,Kazakhstan
136689,TikTok,2024-08-02,Não Convertido,,0.0,Conservador,Namibia
136690,Instagram,2024-08-03,Não Convertido,,0.0,Moderado,Cook Islands
136691,Indicação,2024-07-29,Não Convertido,,0.0,Agressivo,Italy
136692,Orgânico,2024-08-03,Não Convertido,,0.0,Moderado,Afghanistan
136693,Orgânico,2024-07-29,Não Convertido,,0.0,Moderado,Monaco
136694,Orgânico,2024-07-30,Não Convertido,,0.0,Agressivo,Antarctica (the territory South of 60 deg S)
136695,Orgânico,2024-08-01,Não Convertido,,0.0,Agressivo,Benin
136696,Instagram,2024-07-29,Não Convertido,,0.0,Desconhecido,Guernsey
136697,TikTok,2024-07-30,Não Convertido,,0.0,Conservador,Singapore
136698,Facebook,2024-07-30,Não Convertido,,0.0,Moderado,Tuvalu
136699,YouTube Ads,2024-07-30,Não Convertido,,0.0,Agressivo,Pakistan
136700,Orgânico,2024-07-30,Não Convertido,,0.0,Conservador,Cameroon
136701,Indicação,2024-07-29,Não Convertido,,0.0,Moderado,Nauru
136702,Orgânico,2024-08-03,Não Convertido,,0.0,Desconhecido,Greenland
136703,Facebook,2024-08-01,Não Convertido,,0.0,Moderado,Cayman Islands
136704,TikTok,2024-08-01,Não Convertido,,0.0,Agressivo,Belgium
136705,Orgânico,2024-08-01,Não Convertido,,0.0,Agressivo,South Georgia and the South Sandwich Islands
136706,WhatsApp,2024-07-31,Não Convertido,,0.0,Agressivo,French Polynesia
136707,TikTok,2024-07-29,Não Convertido,,0.0,Agressivo,Chad
136708,Facebook,2024-07-31,Convertido,2.0,6737.0,Conservador,Denmark
136709,E-mail Marketing,2024-08-02,Não Convertido,,0.0,Agressivo,Israel
136710,WhatsApp,2024-08-03,Não Convertido,,0.0,Desconhecido,Pakistan
136711,Facebook,2024-07-29,Não Convertido,,0.0,Moderado,Reunion
136712,YouTube Ads,2024-08-02,Não Convertido,,0.0,Conservador,Bosnia and Herzegovina
136713,Instagram,2024-08-03,Não Convertido,,0.0,Agressivo,Norfolk Island
136714,Instagram,2024-07-29,Não Convertido,,0.0,Conservador,Mauritania
136715,E-mail Marketing,2024-07-29,Convertido,13.0,3665.81,Moderado,Jersey
136716,Indicação,2024-07-29,Não Convertido,,0.0,Moderado,Saint Helena
136717,E-mail Marketing,2024-08-01,Não Convertido,,0.0,Moderado,Djibouti
136718,WhatsApp,2024-07-29,Não Convertido,,0.0,Conservador,Korea
136719,Facebook,2024-07-31,Não Convertido,,0.0,Moderado,Norfolk Island
136720,Instagram,2024-08-02,Não Convertido,,0.0,Conservador,Somalia
136721,TikTok,2024-07-31,Não Convertido,,0.0,Moderado,Japan
136722,Orgânico,2024-08-02,Não Convertido,,0.0,Agressivo,Malawi
136723,Facebook,2024-07-29,Não Convertido,,0.0,Agressivo,Nigeria
136724,TikTok,2024-07-30,Não Convertido,,0.0,Agressivo,Montenegro
136725,WhatsApp,2024-08-03,Não Convertido,,0.0,Conservador,British Indian Ocean Territory (Chagos Archipelago)
136726,YouTube Ads,2024-08-02,Não Convertido,,0.0,Conservador,Netherlands
136727,Instagram,2024-07-30,Não Convertido,,0.0,Moderado,Paraguay
136728,WhatsApp,2024-07-30,Não Convertido,,0.0,Moderado,Congo
136729,Instagram,2024-07-31,Não Convertido,,0.0,Moderado,Comoros
136730,Indicação,2024-08-03,Não Convertido,,0.0,Agressivo,Anguilla
136731,TikTok,2024-07-31,Não Convertido,,0.0,Agressivo,Philippines
136732,YouTube Ads,2024-07-30,Não Convertido,,0.0,Conservador,France
136733,TikTok,2024-08-01,Não Convertido,,0.0,Desconhecido,Rwanda
136734,TikTok,2024-08-01,Não Convertido,,0.0,Desconhecido,Bahrain
136735,Orgânico,2024-08-03,Não Convertido,,0.0,Agressivo,British Indian Ocean Territory (Chagos Archipelago)
136736,Orgânico,2024-07-31,Não Convertido,,0.0,Agressivo,Cocos (Keeling) Islands
136737,E-mail Marketing,2024-08-01,Não Convertido,,0.0,Conservador,Guinea
136738,WhatsApp,2024-07-31,Não Convertido,,0.0,Agressivo,Paraguay
136739,Orgânico,2024-07-31,Não Convertido,,0.0,Desconhecido,Saint Lucia
136740,Google Ads,2024-07-30,Não Convertido,,0.0,Agressivo,Seychelles
136741,Google Ads,2024-07-29,Não Convertido,,0.0,Conservador,Madagascar
136742,Instagram,2024-08-03,Não Convertido,,0.0,Desconhecido,Zimbabwe
136743,Orgânico,2024-08-01,Não Convertido,,0.0,Conservador,Wallis and Futuna
136744,Facebook,2024-08-02,Não Convertido,,0.0,Agressivo,Burundi
136745,E-mail Marketing,2024-08-03,Não Convertido,,0.0,Moderado,Dominica
136746,TikTok,2024-08-02,Não Convertido,,0.0,Moderado,Cameroon
136747,Orgânico,2024-08-03,Convertido,13.0,5280.04,Conservador,Nauru
136748,Google Ads,2024-07-29,Não Convertido,,0.0,Conservador,Monaco
136749,E-mail Marketing,2024-08-03,Não Convertido,,0.0,Agressivo,Christmas Island
136750,Facebook,2024-08-03,Não Convertido,,0.0,Agressivo,Tuvalu
136751,TikTok,2024-08-02,Não Convertido,,0.0,Agressivo,Tunisia
136752,Google Ads,2024-08-02,Não Convertido,,0.0,Desconhecido,Nepal
136753,Instagram,2024-07-31,Convertido,27.0,4516.4,Conservador,Ethiopia
136754,Google Ads,2024-07-31,Não Convertido,,0.0,Agressivo,Kiribati
136755,E-mail Marketing,2024-07-30,Não Convertido,,0.0,Conservador,Gabon
136756,Instagram,2024-08-01,Não Convertido,,0.0,Agressivo,Ecuador
136757,Orgânico,2024-07-29,Não Convertido,,0.0,Conservador,South Georgia and the South Sandwich Islands
136758,WhatsApp,2024-08-02,Não Convertido,,0.0,Conservador,Italy
136759,Instagram,2024-08-02,Não Convertido,,0.0,Agressivo,Norway
136760,Orgânico,2024-07-30,Não Convertido,,0.0,Moderado,Papua New Guinea
136761,TikTok,2024-08-02,Não Convertido,,0.0,Agressivo,Greece
136762,TikTok,2024-07-31,Convertido,18.0,4890.7,Moderado,Serbia
136763,Facebook,2024-07-31,Não Convertido,,0.0,Desconhecido,Uganda
136764,Orgânico,2024-07-30,Não Convertido,,0.0,Agressivo,Austria
136765,Indicação,2024-07-31,Não Convertido,,0.0,Agressivo,Palestinian Territory
136766,Google Ads,2024-08-01,Não Convertido,,0.0,Agressivo,Greenland
136767,WhatsApp,2024-08-01,Não Convertido,,0.0,Agressivo,Japan
136768,Facebook,2024-08-03,Não Convertido,,0.0,Desconhecido,Malta
136769,Instagram,2024-08-03,Não Convertido,,0.0,Moderado,Wallis and Futuna
136770,TikTok,2024-07-29,Não Convertido,,0.0,Agressivo,Turkmenistan
136771,TikTok,2024-08-03,Não Convertido,,0.0,Agressivo,Qatar
136772,Orgânico,2024-08-01,Não Convertido,,0.0,Agressivo,Burundi
136773,Instagram,2024-08-02,Não Convertido,,0.0,Moderado,Dominican Republic
136774,Facebook,2024-07-29,Não Convertido,,0.0,Moderado,Indonesia
136775,WhatsApp,2024-08-01,Não Convertido,,0.0,Conservador,Turkmenistan
136776,Instagram,2024-08-03,Não Convertido,,0.0,Moderado,Estonia
136777,TikTok,2024-07-30,Não Convertido,,0.0,Agressivo,Turks and Caicos Islands
136778,TikTok,2024-07-31,Não Convertido,,0.0,Moderado,Togo
136779,E-mail Marketing,2024-07-30,Não Convertido,,0.0,Agressivo,Seychelles
136780,Google Ads,2024-07-31,Não Convertido,,0.0,Conservador,Niue
136781,Google Ads,2024-07-29,Não Convertido,,0.0,Agressivo,Puerto Rico
136782,Facebook,2024-08-02,Não Convertido,,0.0,Desconhecido,Sweden
136783,Facebook,2024-07-30,Não Convertido,,0.0,Moderado,Bolivia
136784,Orgânico,2024-07-30,Não Convertido,,0.0,Agressivo,Saudi Arabia
136785,Google Ads,2024-08-03,Não Convertido,,0.0,Conservador,Palau
136786,Instagram,2024-07-30,Não Convertido,,0.0,Conservador,Guinea-Bissau
136787,Google Ads,2024-07-31,Não Convertido,,0.0,Conservador,Maldives
136788,Instagram,2024-08-03,Não Convertido,,0.0,Agressivo,French Southern Territories
136789,Instagram,2024-07-29,Não Convertido,,0.0,Moderado,Netherlands
136790,Facebook,2024-07-29,Não Convertido,,0.0,Moderado,Trinidad and Tobago
136791,Facebook,2024-07-31,Não Convertido,,0.0,Moderado,Ecuador
136792,YouTube Ads,2024-07-30,Não Convertido,,0.0,Agressivo,Malaysia
136793,E-mail Marketing,2024-07-31,Não Convertido,,0.0,Desconhecido,Azerbaijan
136794,Google Ads,2024-08-02,Não Convertido,,0.0,Conservador,Turkmenistan
136795,Orgânico,2024-08-03,Não Convertido,,0.0,Conservador,Saint Lucia
136796,Orgânico,2024-08-03,Não Convertido,,0.0,Moderado,Montenegro
136797,TikTok,2024-08-03,Não Convertido,,0.0,Agressivo,Cuba
136798,Instagram,2024-08-02,Não Convertido,,0.0,Moderado,Jamaica
136799,E-mail Marketing,2024-08-02,Não Convertido,,0.0,Agressivo,Bahamas
136800,Instagram,2024-07-30,Não Convertido,,0.0,Conservador,Liberia
136801,YouTube Ads,2024-08-03,Não Convertido,,0.0,Agressivo,Canada
136802,Facebook,2024-07-31,Não Convertido,,0.0,Conservador,Luxembourg
136803,Orgânico,2024-07-29,Não Convertido,,0.0,Moderado,British Virgin Islands
136804,E-mail Marketing,2024-07-31,Não Convertido,,0.0,Moderado,Singapore
136805,TikTok,2024-08-03,Não Convertido,,0.0,Conservador,Iraq
136806,Orgânico,2024-08-03,Não Convertido,,0.0,Conservador,Saint Barthelemy
136807,WhatsApp,2024-07-31,Convertido,8.0,5070.41,Agressivo,British Indian Ocean Territory (Chagos Archipelago)
136808,Instagram,2024-08-02,Não Convertido,,0.0,Agressivo,Algeria
136809,Orgânico,2024-07-30,Não Convertido,,0.0,Moderado,Cayman Islands
136810,Facebook,2024-08-02,Não Convertido,,0.0,Conservador,Burkina Faso
136811,E-mail Marketing,2024-07-31,Não Convertido,,0.0,Agressivo,Marshall Islands
136812,Indicação,2024-08-01,Não Convertido,,0.0,Agressivo,Bangladesh
136813,WhatsApp,2024-08-03,Não Convertido,,0.0,Agressivo,United States of America
136814,E-mail Marketing,2024-07-29,Não Convertido,,0.0,Agressivo,New Zealand
136815,Instagram,2024-07-30,Não Convertido,,0.0,Moderado,Dominican Republic
136816,Indicação,2024-08-01,Não Convertido,,0.0,Agressivo,Jamaica
136817,E-mail Marketing,2024-07-30,Não Convertido,,0.0,Moderado,Papua New Guinea
136818,TikTok,2024-08-02,Não Convertido,,0.0,Agressivo,Uruguay
136819,TikTok,2024-07-29,Não Convertido,,0.0,Moderado,Greenland
136820,Orgânico,2024-08-01,Não Convertido,,0.0,Moderado,Montserrat
136821,TikTok,2024-08-01,Não Convertido,,0.0,Agressivo,Palestinian Territory
136822,TikTok,2024-07-31,Não Convertido,,0.0,Conservador,Saint Helena
136823,WhatsApp,2024-07-31,Não Convertido,,0.0,Agressivo,Israel
136824,Orgânico,2024-07-29,Não Convertido,,0.0,Moderado,Tokelau
136825,Facebook,2024-08-01,Não Convertido,,0.0,Moderado,Vietnam
136826,Instagram,2024-08-02,Não Convertido,,0.0,Conservador,Ghana
136827,Facebook,2024-08-02,Não Convertido,,0.0,Moderado,Benin
136828,Google Ads,2024-07-31,Não Convertido,,0.0,Desconhecido,Uganda
136829,Orgânico,2024-07-29,Não Convertido,,0.0,Agressivo,Algeria
136830,Instagram,2024-08-03,Não Convertido,,0.0,Moderado,Egypt
136831,Orgânico,2024-08-01,Não Convertido,,0.0,Desconhecido,Palestinian Territory
136832,YouTube Ads,2024-07-29,Não Convertido,,0.0,Moderado,Iraq
136833,Orgânico,2024-08-03,Não Convertido,,0.0,Agressivo,North Macedonia
136834,Google Ads,2024-07-30,Não Convertido,,0.0,Agressivo,Guinea
136835,E-mail Marketing,2024-07-30,Não Convertido,,0.0,Agressivo,Netherlands Antilles
136836,Instagram,2024-08-01,Não Convertido,,0.0,Conservador,Ecuador
136837,TikTok,2024-08-03,Não Convertido,,0.0,Desconhecido,Saint Martin
136838,WhatsApp,2024-07-31,Não Convertido,,0.0,Moderado,Isle of Man
136839,Instagram,2024-08-03,Não Convertido,,0.0,Moderado,Togo
136840,TikTok,2024-08-02,Não Convertido,,0.0,Desconhecido,Antigua and Barbuda
136841,WhatsApp,2024-07-31,Não Convertido,,0.0,Agressivo,Palestinian Territory
136842,Instagram,2024-07-31,Não Convertido,,0.0,Conservador,Mayotte
136843,Instagram,2024-07-29,Não Convertido,,0.0,Moderado,Greece
136844,WhatsApp,2024-08-02,Não Convertido,,0.0,Agressivo,Italy
136845,E-mail Marketing,2024-08-01,Não Convertido,,0.0,Agressivo,Hong Kong
136846,Facebook,2024-08-03,Não Convertido,,0.0,Moderado,Korea
136847,TikTok,2024-08-01,Não Convertido,,0.0,Moderado,Thailand
136848,Orgânico,2024-08-01,Não Convertido,,0.0,Conservador,Botswana
136849,Instagram,2024-07-29,Não Convertido,,0.0,Agressivo,Heard Island and McDonald Islands
136850,TikTok,2024-08-01,Não Convertido,,0.0,Moderado,Bouvet Island (Bouvetoya)
136851,Indicação,2024-07-29,Não Convertido,,0.0,Moderado,Saint Barthelemy
136852,Facebook,2024-08-03,Não Convertido,,0.0,Agressivo,Angola
136853,TikTok,2024-08-03,Não Convertido,,0.0,Agressivo,Haiti
136854,E-mail Marketing,2024-07-30,Não Convertido,,0.0,Moderado,American Samoa
136855,TikTok,2024-07-30,Não Convertido,,0.0,Agressivo,Poland
136856,WhatsApp,2024-07-30,Não Convertido,,0.0,Agressivo,Singapore
136857,TikTok,2024-08-03,Não Convertido,,0.0,Agressivo,Cocos (Keeling) Islands
136858,Google Ads,2024-07-31,Não Convertido,,0.0,Moderado,Guam
136859,WhatsApp,2024-07-31,Não Convertido,,0.0,Desconhecido,Palestinian Territory
136860,YouTube Ads,2024-08-03,Não Convertido,,0.0,Moderado,Kenya
136861,Instagram,2024-08-01,Não Convertido,,0.0,Desconhecido,Bulgaria
136862,Facebook,2024-08-02,Não Convertido,,0.0,Conservador,Holy See (Vatican City State)
136863,Instagram,2024-08-01,Não Convertido,,0.0,Conservador,Tunisia
136864,Google Ads,2024-07-30,Não Convertido,,0.0,Moderado,Cambodia
136865,E-mail Marketing,2024-07-29,Não Convertido,,0.0,Moderado,Sierra Leone
136866,Orgânico,2024-08-01,Não Convertido,,0.0,Agressivo,Uganda
136867,TikTok,2024-08-03,Não Convertido,,0.0,Agressivo,Oman
136868,Google Ads,2024-07-30,Não Convertido,,0.0,Moderado,Jersey
136869,Orgânico,2024-08-03,Não Convertido,,0.0,Desconhecido,Portugal
136870,Google Ads,2024-08-01,Não Convertido,,0.0,Agressivo,Norway
136871,TikTok,2024-07-29,Não Convertido,,0.0,Desconhecido,Malawi
136872,Instagram,2024-07-30,Não Convertido,,0.0,Moderado,Zambia
136873,Orgânico,2024-08-01,Não Convertido,,0.0,Moderado,Equatorial Guinea
136874,Orgânico,2024-08-02,Não Convertido,,0.0,Agressivo,Chile
136875,Facebook,2024-07-29,Não Convertido,,0.0,Moderado,Greenland
136876,Facebook,2024-08-02,Não Convertido,,0.0,Agressivo,Luxembourg
136877,Orgânico,2024-08-03,Não Convertido,,0.0,Moderado,British Virgin Islands
136878,Instagram,2024-08-02,Não Convertido,,0.0,Moderado,Tajikistan
136879,TikTok,2024-08-03,Não Convertido,,0.0,Moderado,Paraguay
136880,Instagram,2024-07-31,Não Convertido,,0.0,Moderado,Guadeloupe
136881,YouTube Ads,2024-08-01,Não Convertido,,0.0,Agressivo,Cook Islands
136882,YouTube Ads,2024-08-03,Não Convertido,,0.0,Moderado,Dominica
136883,TikTok,2024-07-30,Não Convertido,,0.0,Desconhecido,Saint Pierre and Miquelon
136884,Instagram,2024-07-30,Não Convertido,,0.0,Agressivo,France
136885,TikTok,2024-08-03,Não Convertido,,0.0,Moderado,Sao Tome and Principe
136886,Facebook,2024-07-30,Não Convertido,,0.0,Moderado,Guinea
136887,Facebook,2024-08-02,Não Convertido,,0.0,Moderado,Syrian Arab Republic
136888,Instagram,2024-08-03,Não Convertido,,0.0,Moderado,Switzerland
136889,E-mail Marketing,2024-07-29,Não Convertido,,0.0,Conservador,Guatemala
136890,YouTube Ads,2024-08-01,Não Convertido,,0.0,Agressivo,Guinea
136891,TikTok,2024-08-03,Não Convertido,,0.0,Conservador,Equatorial Guinea
136892,Orgânico,2024-07-30,Não Convertido,,0.0,Desconhecido,Andorra
136893,YouTube Ads,2024-08-01,Não Convertido,,0.0,Moderado,Serbia
136894,E-mail Marketing,2024-07-29,Não Convertido,,0.0,Moderado,Svalbard & Jan Mayen Islands
136895,Orgânico,2024-08-01,Não Convertido,,0.0,Moderado,Nicaragua
136896,Indicação,2024-08-01,Não Convertido,,0.0,Conservador,Sudan
136897,E-mail Marketing,2024-08-01,Convertido,28.0,2348.35,Conservador,Northern Mariana Islands
136898,Facebook,2024-08-03,Não Convertido,,0.0,Moderado,Pakistan
136899,YouTube Ads,2024-07-30,Não Convertido,,0.0,Agressivo,British Virgin Islands
136900,Google Ads,2024-07-31,Não Convertido,,0.0,Conservador,Chile
136901,TikTok,2024-08-01,Não Convertido,,0.0,Conservador,Somalia
136902,Instagram,2024-07-31,Não Convertido,,0.0,Moderado,China
136903,YouTube Ads,2024-07-30,Convertido,22.0,1611.53,Conservador,Isle of Man
136904,WhatsApp,2024-07-30,Não Convertido,,0.0,Moderado,Tunisia
136905,Orgânico,2024-08-03,Não Convertido,,0.0,Agressivo,Solomon Islands
136906,E-mail Marketing,2024-08-02,Não Convertido,,0.0,Conservador,Azerbaijan
136907,Orgânico,2024-07-30,Não Convertido,,0.0,Moderado,Reunion
136908,Indicação,2024-07-29,Não Convertido,,0.0,Conservador,China
136909,Instagram,2024-07-31,Não Convertido,,0.0,Moderado,Samoa
136910,Facebook,2024-08-01,Não Convertido,,0.0,Agressivo,Australia
136911,Instagram,2024-08-02,Não Convertido,,0.0,Desconhecido,Paraguay
136912,Google Ads,2024-07-29,Não Convertido,,0.0,Conservador,Panama
136913,TikTok,2024-08-03,Não Convertido,,0.0,Moderado,Bosnia and Herzegovina
136914,Orgânico,2024-08-02,Não Convertido,,0.0,Agressivo,Mali
136915,Instagram,2024-08-02,Não Convertido,,0.0,Agressivo,Ethiopia
136916,Orgânico,2024-07-30,Convertido,26.0,7136.06,Desconhecido,Niue
136917,WhatsApp,2024-08-03,Não Convertido,,0.0,Agressivo,Antarctica (the territory South of 60 deg S)
136918,YouTube Ads,2024-07-30,Não Convertido,,0.0,Agressivo,Tunisia
136919,Orgânico,2024-08-01,Não Convertido,,0.0,Conservador,Egypt
136920,Facebook,2024-08-01,Não Convertido,,0.0,Agressivo,Guadeloupe
136921,Instagram,2024-07-30,Não Convertido,,0.0,Agressivo,Mexico
136922,Facebook,2024-07-29,Não Convertido,,0.0,Moderado,Lao People's Democratic Republic
136923,Facebook,2024-07-30,Não Convertido,,0.0,Moderado,Mali
136924,WhatsApp,2024-07-31,Não Convertido,,0.0,Moderado,Estonia
136925,TikTok,2024-07-31,Não Convertido,,0.0,Agressivo,Benin
136926,Instagram,2024-08-02,Não Convertido,,0.0,Moderado,Zimbabwe
136927,E-mail Marketing,2024-08-02,Não Convertido,,0.0,Moderado,Cyprus
136928,E-mail Marketing,2024-08-02,Não Convertido,,0.0,Agressivo,Botswana
136929,Orgânico,2024-08-03,Não Convertido,,0.0,Moderado,Chad
136930,Instagram,2024-08-03,Não Convertido,,0.0,Agressivo,Pitcairn Islands
136931,Instagram,2024-07-31,Não Convertido,,0.0,Agressivo,Portugal
136932,YouTube Ads,2024-08-02,Não Convertido,,0.0,Moderado,Antigua and Barbuda
136933,Instagram,2024-07-30,Não Convertido,,0.0,Moderado,Bouvet Island (Bouvetoya)
136934,WhatsApp,2024-08-02,Não Convertido,,0.0,Conservador,Turks and Caicos Islands
136935,Instagram,2024-08-01,Não Convertido,,0.0,Desconhecido,Colombia
136936,YouTube Ads,2024-08-01,Não Convertido,,0.0,Moderado,South Africa
136937,Instagram,2024-07-30,Não Convertido,,0.0,Moderado,Turkmenistan
136938,Instagram,2024-07-29,Convertido,5.0,6062.59,Desconhecido,Antigua and Barbuda
136939,YouTube Ads,2024-07-29,Não Convertido,,0.0,Agressivo,Micronesia
136940,YouTube Ads,2024-07-29,Não Convertido,,0.0,Moderado,Micronesia
136941,Indicação,2024-08-01,Não Convertido,,0.0,Moderado,Jordan
136942,Google Ads,2024-07-29,Não Convertido,,0.0,Moderado,Sri Lanka
136943,Google Ads,2024-07-30,Não Convertido,,0.0,Conservador,Spain
136944,TikTok,2024-08-01,Não Convertido,,0.0,Agressivo,Iceland
136945,Orgânico,2024-08-02,Não Convertido,,0.0,Moderado,Grenada
136946,Indicação,2024-07-29,Não Convertido,,0.0,Desconhecido,Senegal
136947,Instagram,2024-08-01,Não Convertido,,0.0,Desconhecido,Saudi Arabia
136948,Orgânico,2024-08-03,Não Convertido,,0.0,Moderado,Finland
136949,WhatsApp,2024-08-01,Não Convertido,,0.0,Conservador,Tonga
136950,Google Ads,2024-07-31,Não Convertido,,0.0,Agressivo,Korea
136951,WhatsApp,2024-07-29,Não Convertido,,0.0,Agressivo,Jersey
136952,Orgânico,2024-08-02,Não Convertido,,0.0,Conservador,Paraguay
136953,E-mail Marketing,2024-07-30,Não Convertido,,0.0,Moderado,French Guiana
136954,Orgânico,2024-07-29,Não Convertido,,0.0,Agressivo,Mauritania
136955,Instagram,2024-08-02,Não Convertido,,0.0,Conservador,Mongolia
136956,Orgânico,2024-08-03,Não Convertido,,0.0,Agressivo,Benin
136957,TikTok,2024-08-03,Convertido,0.0,7414.99,Agressivo,Yemen
136958,E-mail Marketing,2024-08-02,Não Convertido,,0.0,Agressivo,Peru
136959,WhatsApp,2024-07-31,Não Convertido,,0.0,Conservador,Jersey
136960,YouTube Ads,2024-08-01,Não Convertido,,0.0,Conservador,Japan
136961,WhatsApp,2024-08-02,Não Convertido,,0.0,Agressivo,Cameroon
136962,TikTok,2024-07-31,Não Convertido,,0.0,Moderado,Suriname
136963,Google Ads,2024-07-29,Não Convertido,,0.0,Agressivo,Zimbabwe
136964,E-mail Marketing,2024-08-01,Não Convertido,,0.0,Conservador,Isle of Man
136965,Google Ads,2024-08-01,Não Convertido,,0.0,Desconhecido,Aruba
136966,Instagram,2024-07-31,Não Convertido,,0.0,Desconhecido,Pitcairn Islands
136967,Orgânico,2024-07-29,Não Convertido,,0.0,Moderado,Tanzania
136968,Instagram,2024-07-30,Não Convertido,,0.0,Agressivo,Guadeloupe
136969,Orgânico,2024-08-01,Não Convertido,,0.0,Conservador,Rwanda
136970,TikTok,2024-07-31,Não Convertido,,0.0,Agressivo,Cocos (Keeling) Islands
136971,E-mail Marketing,2024-07-31,Não Convertido,,0.0,Conservador,Mauritius
136972,Orgânico,2024-07-30,Não Convertido,,0.0,Moderado,Philippines
136973,Google Ads,2024-07-30,Convertido,24.0,8250.45,Desconhecido,Turkmenistan
136974,YouTube Ads,2024-08-01,Não Convertido,,0.0,Moderado,Heard Island and McDonald Islands
136975,TikTok,2024-08-02,Não Convertido,,0.0,Moderado,Barbados
136976,Indicação,2024-08-01,Convertido,15.0,9996.39,Moderado,Cayman Islands
136977,WhatsApp,2024-07-30,Não Convertido,,0.0,Desconhecido,Tajikistan
136978,TikTok,2024-07-29,Não Convertido,,0.0,Conservador,Afghanistan
136979,Orgânico,2024-08-03,Não Convertido,,0.0,Moderado,Colombia
136980,YouTube Ads,2024-07-29,Não Convertido,,0.0,Agressivo,Marshall Islands
136981,Orgânico,2024-07-31,Não Convertido,,0.0,Agressivo,Mongolia
136982,Instagram,2024-07-31,Não Convertido,,0.0,Agressivo,Fiji
136983,TikTok,2024-07-31,Não Convertido,,0.0,Conservador,Ireland
136984,YouTube Ads,2024-07-29,Não Convertido,,0.0,Agressivo,Egypt
136985,Facebook,2024-08-01,Não Convertido,,0.0,Moderado,Iraq
136986,WhatsApp,2024-08-02,Não Convertido,,0.0,Moderado,Sudan
136987,Google Ads,2024-07-29,Não Convertido,,0.0,Agressivo,Comoros
136988,Facebook,2024-08-03,Não Convertido,,0.0,Desconhecido,Nicaragua
136989,TikTok,2024-07-29,Não Convertido,,0.0,Moderado,Solomon Islands
136990,Facebook,2024-07-31,Não Convertido,,0.0,Moderado,Libyan Arab Jamahiriya
136991,Google Ads,2024-07-31,Convertido,26.0,4927.96,Agressivo,Puerto Rico
136992,E-mail Marketing,2024-07-29,Não Convertido,,0.0,Moderado,Micronesia
136993,E-mail Marketing,2024-07-29,Não Convertido,,0.0,Desconhecido,Bermuda
136994,Facebook,2024-08-03,Convertido,27.0,3088.23,Moderado,Malaysia
136995,Orgânico,2024-08-01,Não Convertido,,0.0,Agressivo,Andorra
136996,WhatsApp,2024-08-01,Não Convertido,,0.0,Agressivo,Montenegro
136997,Facebook,2024-07-29,Não Convertido,,0.0,Desconhecido,Morocco
136998,WhatsApp,2024-08-03,Não Convertido,,0.0,Moderado,Benin
136999,Orgânico,2024-07-31,Não Convertido,,0.0,Moderado,United States Virgin Islands
137000,TikTok,2024-07-29,Não Convertido,,0.0,Moderado,Micronesia
137001,Orgânico,2024-08-02,Não Convertido,,0.0,Moderado,Grenada
137002,Google Ads,2024-08-02,Não Convertido,,0.0,Agressivo,Finland
137003,WhatsApp,2024-08-03,Não Convertido,,0.0,Agressivo,Aruba
137004,WhatsApp,2024-08-01,Não Convertido,,0.0,Moderado,Suriname
137005,Instagram,2024-08-02,Não Convertido,,0.0,Moderado,Monaco
137006,Google Ads,2024-07-31,Não Convertido,,0.0,Moderado,Serbia
137007,Facebook,2024-08-01,Não Convertido,,0.0,Agressivo,Malta
137008,Instagram,2024-07-29,Convertido,9.0,760.94,Moderado,Mali
137009,Indicação,2024-08-01,Não Convertido,,0.0,Desconhecido,Lao People's Democratic Republic
137010,YouTube Ads,2024-08-03,Não Convertido,,0.0,Agressivo,Venezuela
137011,WhatsApp,2024-07-31,Não Convertido,,0.0,Desconhecido,Lebanon
137012,Instagram,2024-07-30,Não Convertido,,0.0,Moderado,Israel
137013,E-mail Marketing,2024-07-30,Não Convertido,,0.0,Desconhecido,Oman
137014,YouTube Ads,2024-07-30,Não Convertido,,0.0,Conservador,Indonesia
137015,TikTok,2024-07-31,Não Convertido,,0.0,Moderado,Marshall Islands
137016,Facebook,2024-07-29,Não Convertido,,0.0,Moderado,Costa Rica
137017,Instagram,2024-07-30,Não Convertido,,0.0,Conservador,Martinique
137018,TikTok,2024-07-30,Não Convertido,,0.0,Conservador,Bahrain
137019,Orgânico,2024-07-29,Não Convertido,,0.0,Agressivo,San Marino
137020,Facebook,2024-07-29,Não Convertido,,0.0,Agressivo,Palau
137021,Instagram,2024-07-30,Não Convertido,,0.0,Moderado,Indonesia
137022,Instagram,2024-08-02,Não Convertido,,0.0,Agressivo,Jersey
137023,Facebook,2024-08-01,Não Convertido,,0.0,Desconhecido,Bhutan
137024,Orgânico,2024-07-30,Não Convertido,,0.0,Moderado,Qatar
137025,Orgânico,2024-07-30,Não Convertido,,0.0,Moderado,Portugal
137026,TikTok,2024-07-31,Não Convertido,,0.0,Moderado,Uzbekistan
137027,TikTok,2024-08-01,Não Convertido,,0.0,Agressivo,Papua New Guinea
137028,YouTube Ads,2024-08-02,Não Convertido,,0.0,Moderado,Lithuania
137029,Instagram,2024-08-01,Convertido,18.0,157.18,Moderado,Yemen
137030,E-mail Marketing,2024-07-30,Não Convertido,,0.0,Agressivo,Congo
137031,Facebook,2024-07-29,Não Convertido,,0.0,Agressivo,Taiwan
137032,Orgânico,2024-07-31,Não Convertido,,0.0,Moderado,Zambia
137033,E-mail Marketing,2024-07-29,Não Convertido,,0.0,Moderado,Micronesia
137034,TikTok,2024-07-29,Não Convertido,,0.0,Moderado,Greece
137035,Instagram,2024-08-03,Não Convertido,,0.0,Moderado,Azerbaijan
137036,WhatsApp,2024-07-29,Não Convertido,,0.0,Conservador,Nicaragua
137037,E-mail Marketing,2024-08-02,Não Convertido,,0.0,Agressivo,Seychelles
137038,Orgânico,2024-07-31,Não Convertido,,0.0,Agressivo,Swaziland
137039,Instagram,2024-07-29,Não Convertido,,0.0,Moderado,Lebanon
137040,TikTok,2024-07-29,Não Convertido,,0.0,Agressivo,Isle of Man
137041,Facebook,2024-08-03,Não Convertido,,0.0,Moderado,Russian Federation
137042,Orgânico,2024-07-30,Não Convertido,,0.0,Moderado,Equatorial Guinea
137043,E-mail Marketing,2024-07-29,Não Convertido,,0.0,Moderado,Norway
137044,E-mail Marketing,2024-08-02,Não Convertido,,0.0,Moderado,United States Virgin Islands
137045,Instagram,2024-07-29,Não Convertido,,0.0,Moderado,Cook Islands
137046,E-mail Marketing,2024-07-30,Não Convertido,,0.0,Moderado,Cote d'Ivoire
137047,Google Ads,2024-07-30,Não Convertido,,0.0,Conservador,Paraguay
137048,TikTok,2024-08-03,Não Convertido,,0.0,Moderado,Tokelau
137049,Instagram,2024-08-03,Não Convertido,,0.0,Moderado,Bhutan
137050,E-mail Marketing,2024-08-01,Não Convertido,,0.0,Moderado,Belgium
137051,Instagram,2024-08-02,Não Convertido,,0.0,Agressivo,Bolivia
137052,Orgânico,2024-08-01,Não Convertido,,0.0,Agressivo,Albania
137053,Indicação,2024-08-02,Não Convertido,,0.0,Conservador,Slovakia (Slovak Republic)
137054,Instagram,2024-07-29,Não Convertido,,0.0,Moderado,Ireland
137055,Orgânico,2024-07-29,Não Convertido,,0.0,Agressivo,Ghana
137056,Orgânico,2024-07-29,Não Convertido,,0.0,Conservador,Hungary
137057,TikTok,2024-07-30,Convertido,29.0,7713.47,Desconhecido,Equatorial Guinea
137058,YouTube Ads,2024-08-03,Não Convertido,,0.0,Conservador,Saint Pierre and Miquelon
137059,E-mail Marketing,2024-07-31,Não Convertido,,0.0,Agressivo,Micronesia
137060,Google Ads,2024-08-03,Não Convertido,,0.0,Conservador,Kyrgyz Republic
137061,Facebook,2024-08-03,Não Convertido,,0.0,Moderado,Turkey
137062,Google Ads,2024-07-31,Não Convertido,,0.0,Moderado,Sri Lanka
137063,Orgânico,2024-08-03,Não Convertido,,0.0,Moderado,Dominica
137064,Orgânico,2024-07-31,Não Convertido,,0.0,Agressivo,Iceland
137065,WhatsApp,2024-07-30,Não Convertido,,0.0,Moderado,Canada
137066,TikTok,2024-07-30,Não Convertido,,0.0,Desconhecido,American Samoa
137067,Facebook,2024-07-31,Não Convertido,,0.0,Moderado,Tanzania
137068,Facebook,2024-07-30,Não Convertido,,0.0,Agressivo,New Caledonia
137069,Instagram,2024-07-31,Não Convertido,,0.0,Desconhecido,Cook Islands
137070,TikTok,2024-07-30,Não Convertido,,0.0,Moderado,Albania
137071,Orgânico,2024-08-03,Não Convertido,,0.0,Conservador,Timor-Leste
137072,TikTok,2024-07-30,Não Convertido,,0.0,Agressivo,United States Minor Outlying Islands
137073,WhatsApp,2024-08-03,Não Convertido,,0.0,Moderado,France
137074,E-mail Marketing,2024-07-31,Não Convertido,,0.0,Moderado,Cyprus
137075,Indicação,2024-07-30,Não Convertido,,0.0,Moderado,Tunisia
137076,Orgânico,2024-07-29,Não Convertido,,0.0,Moderado,Switzerland
137077,Orgânico,2024-07-30,Não Convertido,,0.0,Moderado,Saint Martin
137078,E-mail Marketing,2024-07-29,Não Convertido,,0.0,Conservador,Greece
137079,Instagram,2024-07-29,Não Convertido,,0.0,Moderado,Turkey
137080,Instagram,2024-07-30,Não Convertido,,0.0,Agressivo,Azerbaijan
137081,Indicação,2024-07-29,Não Convertido,,0.0,Agressivo,Bosnia and Herzegovina
137082,TikTok,2024-07-30,Não Convertido,,0.0,Agressivo,Armenia
137083,TikTok,2024-08-01,Não Convertido,,0.0,Conservador,Qatar
137084,Orgânico,2024-07-29,Não Convertido,,0.0,Agressivo,Kazakhstan
137085,TikTok,2024-08-03,Não Convertido,,0.0,Agressivo,Papua New Guinea
137086,E-mail Marketing,2024-07-31,Não Convertido,,0.0,Agressivo,Libyan Arab Jamahiriya
137087,Facebook,2024-07-30,Não Convertido,,0.0,Conservador,Korea
137088,Orgânico,2024-08-02,Não Convertido,,0.0,Agressivo,Zimbabwe
137089,WhatsApp,2024-08-03,Não Convertido,,0.0,Conservador,Portugal
137090,E-mail Marketing,2024-07-30,Não Convertido,,0.0,Moderado,Brunei Darussalam
137091,Google Ads,2024-08-02,Não Convertido,,0.0,Conservador,Panama
137092,WhatsApp,2024-07-29,Não Convertido,,0.0,Moderado,United States Minor Outlying Islands
137093,E-mail Marketing,2024-08-02,Não Convertido,,0.0,Desconhecido,Cote d'Ivoire
137094,Orgânico,2024-08-01,Não Convertido,,0.0,Moderado,Burkina Faso
137095,Instagram,2024-08-01,Não Convertido,,0.0,Moderado,Saint Barthelemy
137096,Instagram,2024-07-30,Não Convertido,,0.0,Conservador,Guyana
137097,Google Ads,2024-07-30,Não Convertido,,0.0,Conservador,Jersey
137098,Google Ads,2024-08-01,Não Convertido,,0.0,Moderado,Indonesia
137099,Indicação,2024-07-29,Não Convertido,,0.0,Agressivo,Cook Islands
137100,E-mail Marketing,2024-07-29,Não Convertido,,0.0,Agressivo,Marshall Islands
137101,Facebook,2024-08-01,Não Convertido,,0.0,Moderado,Wallis and Futuna
137102,YouTube Ads,2024-07-31,Não Convertido,,0.0,Agressivo,Macao
137103,E-mail Marketing,2024-07-30,Não Convertido,,0.0,Moderado,Martinique
137104,Instagram,2024-08-02,Convertido,26.0,6685.19,Conservador,Liechtenstein
137105,TikTok,2024-08-01,Não Convertido,,0.0,Conservador,Myanmar
137106,Orgânico,2024-07-29,Não Convertido,,0.0,Moderado,New Caledonia
137107,YouTube Ads,2024-07-29,Não Convertido,,0.0,Moderado,Tanzania
137108,Orgânico,2024-07-29,Não Convertido,,0.0,Moderado,Papua New Guinea
137109,WhatsApp,2024-07-30,Não Convertido,,0.0,Agressivo,Korea
137110,E-mail Marketing,2024-07-29,Não Convertido,,0.0,Conservador,Cambodia
137111,YouTube Ads,2024-08-03,Não Convertido,,0.0,Moderado,Barbados
137112,Orgânico,2024-08-01,Não Convertido,,0.0,Conservador,Jamaica
137113,Google Ads,2024-08-01,Não Convertido,,0.0,Moderado,Albania
137114,Orgânico,2024-08-01,Não Convertido,,0.0,Conservador,United States Minor Outlying Islands
137115,Facebook,2024-08-02,Não Convertido,,0.0,Moderado,United Arab Emirates
137116,WhatsApp,2024-07-29,Não Convertido,,0.0,Moderado,United States Virgin Islands
137117,Orgânico,2024-07-31,Não Convertido,,0.0,Agressivo,France
137118,Orgânico,2024-07-29,Convertido,25.0,113.1,Moderado,Burundi
137119,YouTube Ads,2024-08-02,Não Convertido,,0.0,Moderado,Qatar
137120,Instagram,2024-07-30,Não Convertido,,0.0,Moderado,Spain
137121,Instagram,2024-08-01,Não Convertido,,0.0,Conservador,Mexico
137122,Orgânico,2024-07-30,Não Convertido,,0.0,Agressivo,Guinea-Bissau
137123,Orgânico,2024-08-02,Não Convertido,,0.0,Agressivo,Rwanda
137124,Google Ads,2024-07-29,Não Convertido,,0.0,Conservador,French Polynesia
137125,E-mail Marketing,2024-07-30,Convertido,13.0,2934.18,Conservador,Kiribati
137126,Instagram,2024-07-31,Não Convertido,,0.0,Agressivo,Turks and Caicos Islands
137127,Facebook,2024-08-03,Não Convertido,,0.0,Moderado,Botswana
137128,Instagram,2024-08-02,Não Convertido,,0.0,Agressivo,French Guiana
137129,YouTube Ads,2024-07-30,Não Convertido,,0.0,Moderado,Malawi
137130,Facebook,2024-08-03,Não Convertido,,0.0,Agressivo,Botswana
137131,Facebook,2024-07-29,Não Convertido,,0.0,Agressivo,Belgium
137132,YouTube Ads,2024-07-31,Não Convertido,,0.0,Conservador,Cameroon
137133,TikTok,2024-08-01,Não Convertido,,0.0,Moderado,Seychelles
137134,TikTok,2024-08-02,Não Convertido,,0.0,Moderado,Chad
137135,TikTok,2024-07-30,Convertido,12.0,3445.93,Moderado,Greece
137136,E-mail Marketing,2024-07-31,Não Convertido,,0.0,Moderado,Kazakhstan
137137,Orgânico,2024-07-31,Não Convertido,,0.0,Moderado,Iraq
137138,Orgânico,2024-08-03,Não Convertido,,0.0,Agressivo,Bolivia
137139,Google Ads,2024-08-02,Não Convertido,,0.0,Conservador,San Marino
137140,E-mail Marketing,2024-08-02,Não Convertido,,0.0,Conservador,Sweden
137141,TikTok,2024-08-01,Não Convertido,,0.0,Conservador,Montserrat
137142,Instagram,2024-07-31,Não Convertido,,0.0,Agressivo,Mexico
137143,WhatsApp,2024-08-01,Não Convertido,,0.0,Agressivo,Cuba
137144,Indicação,2024-07-31,Não Convertido,,0.0,Agressivo,Maldives
137145,Orgânico,2024-07-30,Não Convertido,,0.0,Moderado,Serbia
137146,Instagram,2024-07-31,Não Convertido,,0.0,Moderado,Cuba
137147,Instagram,2024-08-01,Não Convertido,,0.0,Moderado,Armenia
137148,Orgânico,2024-08-01,Não Convertido,,0.0,Moderado,Pakistan
137149,E-mail Marketing,2024-08-01,Convertido,12.0,6450.33,Conservador,Togo
137150,Orgânico,2024-07-30,Não Convertido,,0.0,Conservador,Congo
137151,E-mail Marketing,2024-07-29,Não Convertido,,0.0,Moderado,Wallis and Futuna
137152,TikTok,2024-08-03,Não Convertido,,0.0,Moderado,Estonia
137153,Instagram,2024-08-01,Não Convertido,,0.0,Conservador,Macao
137154,YouTube Ads,2024-07-31,Não Convertido,,0.0,Conservador,Guernsey
137155,Orgânico,2024-07-30,Não Convertido,,0.0,Conservador,Mali
137156,YouTube Ads,2024-08-01,Não Convertido,,0.0,Agressivo,Bolivia
137157,YouTube Ads,2024-08-02,Não Convertido,,0.0,Moderado,New Caledonia
137158,YouTube Ads,2024-07-30,Não Convertido,,0.0,Agressivo,Ukraine
137159,Google Ads,2024-08-03,Não Convertido,,0.0,Agressivo,Martinique
137160,Orgânico,2024-08-01,Não Convertido,,0.0,Conservador,Ecuador
137161,YouTube Ads,2024-07-30,Não Convertido,,0.0,Agressivo,Guam
137162,Orgânico,2024-07-30,Não Convertido,,0.0,Agressivo,Latvia
137163,TikTok,2024-07-29,Não Convertido,,0.0,Conservador,Netherlands
137164,Facebook,2024-08-01,Não Convertido,,0.0,Moderado,Lesotho
137165,Instagram,2024-08-02,Não Convertido,,0.0,Desconhecido,Tunisia
137166,Google Ads,2024-08-01,Não Convertido,,0.0,Moderado,French Southern Territories
137167,Instagram,2024-08-01,Não Convertido,,0.0,Conservador,Namibia
137168,Instagram,2024-07-29,Não Convertido,,0.0,Agressivo,Tokelau
137169,Orgânico,2024-08-01,Não Convertido,,0.0,Conservador,Saint Helena
137170,TikTok,2024-08-03,Não Convertido,,0.0,Agressivo,Cocos (Keeling) Islands
137171,WhatsApp,2024-08-03,Não Convertido,,0.0,Agressivo,Christmas Island
137172,Facebook,2024-07-30,Não Convertido,,0.0,Agressivo,Bosnia and Herzegovina
137173,Orgânico,2024-07-31,Não Convertido,,0.0,Conservador,Lithuania
137174,TikTok,2024-08-03,Não Convertido,,0.0,Conservador,Kazakhstan
137175,TikTok,2024-07-31,Não Convertido,,0.0,Moderado,Cayman Islands
137176,YouTube Ads,2024-08-02,Não Convertido,,0.0,Moderado,Singapore
137177,Indicação,2024-07-31,Não Convertido,,0.0,Moderado,Guam
137178,Indicação,2024-08-02,Não Convertido,,0.0,Moderado,Serbia
137179,TikTok,2024-08-03,Não Convertido,,0.0,Moderado,Russian Federation
137180,Instagram,2024-08-01,Não Convertido,,0.0,Desconhecido,Mozambique
137181,Orgânico,2024-08-01,Convertido,22.0,926.98,Moderado,Moldova
137182,Instagram,2024-08-02,Não Convertido,,0.0,Conservador,Equatorial Guinea
137183,Facebook,2024-07-29,Convertido,6.0,892.06,Agressivo,Saint Kitts and Nevis
137184,Orgânico,2024-07-31,Não Convertido,,0.0,Conservador,Poland
137185,E-mail Marketing,2024-08-02,Não Convertido,,0.0,Conservador,Greenland
137186,Facebook,2024-07-30,Não Convertido,,0.0,Agressivo,Iceland
137187,TikTok,2024-07-30,Não Convertido,,0.0,Agressivo,Saudi Arabia
137188,Google Ads,2024-07-29,Não Convertido,,0.0,Conservador,Russian Federation
137189,Orgânico,2024-08-02,Não Convertido,,0.0,Agressivo,French Guiana
137190,Orgânico,2024-07-29,Não Convertido,,0.0,Moderado,Netherlands
137191,Orgânico,2024-07-31,Não Convertido,,0.0,Moderado,Kazakhstan
137192,Orgânico,2024-07-29,Não Convertido,,0.0,Agressivo,Thailand
137193,TikTok,2024-07-31,Não Convertido,,0.0,Agressivo,Georgia
137194,WhatsApp,2024-07-31,Não Convertido,,0.0,Moderado,Saudi Arabia
137195,E-mail Marketing,2024-08-03,Não Convertido,,0.0,Agressivo,Latvia
137196,TikTok,2024-08-02,Não Convertido,,0.0,Agressivo,Puerto Rico
137197,E-mail Marketing,2024-07-29,Não Convertido,,0.0,Moderado,Korea
137198,Instagram,2024-08-02,Não Convertido,,0.0,Moderado,Lao People's Democratic Republic
137199,Orgânico,2024-07-29,Não Convertido,,0.0,Agressivo,Micronesia
137200,WhatsApp,2024-08-03,Não Convertido,,0.0,Agressivo,Andorra
137201,WhatsApp,2024-08-01,Não Convertido,,0.0,Desconhecido,Gibraltar
137202,Orgânico,2024-07-31,Convertido,1.0,5689.32,Agressivo,French Guiana
137203,YouTube Ads,2024-07-31,Não Convertido,,0.0,Agressivo,Tunisia
137204,Facebook,2024-08-03,Não Convertido,,0.0,Conservador,Lebanon
137205,Orgânico,2024-08-02,Não Convertido,,0.0,Conservador,Swaziland
137206,Orgânico,2024-07-29,Não Convertido,,0.0,Desconhecido,Pitcairn Islands
137207,YouTube Ads,2024-08-01,Não Convertido,,0.0,Desconhecido,Lithuania
137208,WhatsApp,2024-07-30,Não Convertido,,0.0,Conservador,Guinea
137209,Google Ads,2024-07-31,Convertido,5.0,5606.94,Desconhecido,Montserrat
137210,Indicação,2024-08-02,Não Convertido,,0.0,Moderado,Madagascar
137211,Google Ads,2024-08-01,Não Convertido,,0.0,Moderado,Libyan Arab Jamahiriya
137212,Indicação,2024-08-02,Não Convertido,,0.0,Agressivo,Namibia
137213,TikTok,2024-07-30,Não Convertido,,0.0,Conservador,Guinea
137214,Facebook,2024-08-01,Não Convertido,,0.0,Conservador,Cocos (Keeling) Islands
137215,Google Ads,2024-07-30,Não Convertido,,0.0,Agressivo,Saudi Arabia
137216,Indicação,2024-07-30,Não Convertido,,0.0,Agressivo,Rwanda
137217,YouTube Ads,2024-08-01,Não Convertido,,0.0,Moderado,Kenya
137218,Orgânico,2024-07-29,Não Convertido,,0.0,Agressivo,Croatia
137219,Google Ads,2024-07-30,Não Convertido,,0.0,Conservador,Grenada
137220,WhatsApp,2024-08-01,Não Convertido,,0.0,Moderado,Sri Lanka
137221,WhatsApp,2024-08-02,Não Convertido,,0.0,Moderado,Singapore
137222,Orgânico,2024-08-01,Não Convertido,,0.0,Moderado,British Virgin Islands
137223,Orgânico,2024-07-29,Não Convertido,,0.0,Agressivo,Monaco
137224,Instagram,2024-07-31,Não Convertido,,0.0,Agressivo,Gibraltar
137225,Orgânico,2024-08-03,Não Convertido,,0.0,Conservador,Ukraine
137226,Indicação,2024-08-03,Não Convertido,,0.0,Conservador,Ghana
137227,Instagram,2024-07-30,Não Convertido,,0.0,Moderado,Western Sahara
137228,Orgânico,2024-08-03,Não Convertido,,0.0,Conservador,Jordan
137229,TikTok,2024-08-01,Convertido,9.0,3487.04,Agressivo,Congo
137230,TikTok,2024-07-31,Não Convertido,,0.0,Agressivo,Brunei Darussalam
137231,E-mail Marketing,2024-07-29,Não Convertido,,0.0,Desconhecido,Belize
137232,YouTube Ads,2024-08-03,Convertido,10.0,2362.78,Moderado,Bhutan
137233,Instagram,2024-07-30,Não Convertido,,0.0,Agressivo,Czech Republic
137234,Orgânico,2024-07-29,Não Convertido,,0.0,Agressivo,Tuvalu
137235,TikTok,2024-08-02,Não Convertido,,0.0,Agressivo,Malaysia
137236,Google Ads,2024-08-03,Convertido,27.0,7300.98,Conservador,Poland
137237,Instagram,2024-08-01,Não Convertido,,0.0,Moderado,United States Virgin Islands
137238,Google Ads,2024-07-30,Não Convertido,,0.0,Conservador,Samoa
137239,Instagram,2024-07-30,Não Convertido,,0.0,Agressivo,Brunei Darussalam
137240,E-mail Marketing,2024-08-01,Não Convertido,,0.0,Agressivo,Zimbabwe
137241,Google Ads,2024-07-29,Não Convertido,,0.0,Moderado,Liberia
137242,Instagram,2024-08-03,Não Convertido,,0.0,Agressivo,Romania
137243,Instagram,2024-07-29,Não Convertido,,0.0,Desconhecido,Sudan
137244,Orgânico,2024-08-03,Não Convertido,,0.0,Conservador,North Macedonia
137245,Google Ads,2024-07-29,Não Convertido,,0.0,Agressivo,Puerto Rico
137246,Orgânico,2024-07-29,Não Convertido,,0.0,Agressivo,Guyana
137247,Orgânico,2024-07-30,Não Convertido,,0.0,Moderado,Norfolk Island
137248,YouTube Ads,2024-08-01,Não Convertido,,0.0,Conservador,Malaysia
137249,Indicação,2024-08-01,Não Convertido,,0.0,Conservador,Gibraltar
137250,Orgânico,2024-08-03,Convertido,18.0,9730.35,Moderado,Maldives
137251,Indicação,2024-07-29,Não Convertido,,0.0,Conservador,Portugal
137252,E-mail Marketing,2024-08-02,Não Convertido,,0.0,Agressivo,Ecuador
137253,TikTok,2024-07-31,Não Convertido,,0.0,Agressivo,Montenegro
137254,E-mail Marketing,2024-07-29,Convertido,20.0,6527.69,Desconhecido,Pitcairn Islands
137255,TikTok,2024-07-31,Não Convertido,,0.0,Agressivo,Saint Lucia
137256,Instagram,2024-07-30,Não Convertido,,0.0,Moderado,Grenada
137257,Instagram,2024-08-03,Não Convertido,,0.0,Moderado,Colombia
137258,TikTok,2024-08-01,Não Convertido,,0.0,Desconhecido,United Arab Emirates
137259,Orgânico,2024-08-01,Não Convertido,,0.0,Moderado,Kyrgyz Republic
137260,Instagram,2024-08-01,Não Convertido,,0.0,Moderado,Swaziland
137261,TikTok,2024-08-02,Não Convertido,,0.0,Moderado,Heard Island and McDonald Islands
137262,Indicação,2024-08-01,Não Convertido,,0.0,Moderado,Serbia
137263,Facebook,2024-08-01,Não Convertido,,0.0,Conservador,Bhutan
137264,WhatsApp,2024-07-30,Não Convertido,,0.0,Desconhecido,Burundi
137265,E-mail Marketing,2024-07-31,Não Convertido,,0.0,Moderado,Western Sahara
137266,TikTok,2024-08-01,Não Convertido,,0.0,Agressivo,Guatemala
137267,Instagram,2024-07-29,Não Convertido,,0.0,Agressivo,Sao Tome and Principe
137268,TikTok,2024-07-31,Não Convertido,,0.0,Conservador,Portugal
137269,WhatsApp,2024-08-02,Não Convertido,,0.0,Moderado,Antarctica (the territory South of 60 deg S)
137270,YouTube Ads,2024-07-29,Não Convertido,,0.0,Conservador,Portugal
137271,Indicação,2024-08-03,Não Convertido,,0.0,Moderado,French Polynesia
137272,YouTube Ads,2024-08-02,Não Convertido,,0.0,Moderado,Canada
137273,E-mail Marketing,2024-08-03,Não Convertido,,0.0,Moderado,Saint Lucia
137274,Google Ads,2024-08-03,Não Convertido,,0.0,Conservador,Central African Republic
137275,TikTok,2024-07-29,Não Convertido,,0.0,Moderado,Guyana
137276,Orgânico,2024-08-03,Não Convertido,,0.0,Desconhecido,Uruguay
137277,Google Ads,2024-08-01,Não Convertido,,0.0,Desconhecido,British Virgin Islands
137278,TikTok,2024-08-02,Não Convertido,,0.0,Moderado,Nepal
137279,TikTok,2024-07-30,Não Convertido,,0.0,Conservador,Anguilla
137280,TikTok,2024-07-31,Não Convertido,,0.0,Moderado,Tajikistan
137281,Instagram,2024-08-02,Não Convertido,,0.0,Agressivo,Vietnam
137282,Instagram,2024-08-02,Não Convertido,,0.0,Desconhecido,Bosnia and Herzegovina
137283,Instagram,2024-07-29,Não Convertido,,0.0,Agressivo,Isle of Man
137284,YouTube Ads,2024-07-31,Não Convertido,,0.0,Moderado,Thailand
137285,Instagram,2024-08-02,Não Convertido,,0.0,Conservador,Bahrain
137286,TikTok,2024-08-03,Não Convertido,,0.0,Moderado,Bangladesh
137287,YouTube Ads,2024-07-31,Não Convertido,,0.0,Moderado,Samoa
137288,TikTok,2024-07-31,Não Convertido,,0.0,Moderado,French Polynesia
137289,Facebook,2024-07-31,Não Convertido,,0.0,Moderado,Tuvalu
137290,Facebook,2024-07-29,Não Convertido,,0.0,Agressivo,Haiti
137291,Facebook,2024-08-02,Não Convertido,,0.0,Desconhecido,Sri Lanka
137292,WhatsApp,2024-07-30,Não Convertido,,0.0,Agressivo,Antarctica (the territory South of 60 deg S)
137293,Facebook,2024-07-29,Não Convertido,,0.0,Conservador,Japan
137294,Orgânico,2024-08-02,Não Convertido,,0.0,Moderado,Bermuda
137295,E-mail Marketing,2024-07-31,Não Convertido,,0.0,Moderado,Kenya
137296,WhatsApp,2024-08-03,Não Convertido,,0.0,Moderado,American Samoa
137297,Instagram,2024-07-31,Não Convertido,,0.0,Moderado,Barbados
137298,Instagram,2024-08-03,Não Convertido,,0.0,Conservador,Saint Pierre and Miquelon
137299,Orgânico,2024-08-03,Não Convertido,,0.0,Agressivo,Saint Vincent and the Grenadines
137300,E-mail Marketing,2024-08-01,Não Convertido,,0.0,Moderado,Syrian Arab Republic
137301,Google Ads,2024-08-03,Não Convertido,,0.0,Agressivo,Mali
137302,Facebook,2024-07-29,Não Convertido,,0.0,Conservador,Argentina
137303,YouTube Ads,2024-07-29,Não Convertido,,0.0,Conservador,Svalbard & Jan Mayen Islands
137304,Orgânico,2024-07-29,Convertido,13.0,9638.08,Agressivo,Israel
137305,TikTok,2024-08-03,Não Convertido,,0.0,Agressivo,Mauritius
137306,Indicação,2024-08-03,Não Convertido,,0.0,Desconhecido,Djibouti
137307,Orgânico,2024-08-01,Não Convertido,,0.0,Moderado,Guernsey
137308,WhatsApp,2024-07-29,Não Convertido,,0.0,Moderado,Norfolk Island
137309,Orgânico,2024-08-02,Não Convertido,,0.0,Moderado,Indonesia
137310,Orgânico,2024-07-30,Não Convertido,,0.0,Conservador,Jersey
137311,Orgânico,2024-08-03,Não Convertido,,0.0,Agressivo,Iceland
137312,WhatsApp,2024-07-31,Não Convertido,,0.0,Desconhecido,Macao
137313,Instagram,2024-08-02,Não Convertido,,0.0,Desconhecido,Angola
137314,Facebook,2024-07-30,Convertido,17.0,7197.87,Conservador,Sweden
137315,Facebook,2024-07-30,Não Convertido,,0.0,Moderado,Pakistan
137316,Facebook,2024-07-30,Não Convertido,,0.0,Agressivo,Bouvet Island (Bouvetoya)
137317,TikTok,2024-08-01,Não Convertido,,0.0,Moderado,Luxembourg
137318,TikTok,2024-07-30,Não Convertido,,0.0,Conservador,Libyan Arab Jamahiriya
137319,TikTok,2024-07-31,Não Convertido,,0.0,Moderado,Greece
137320,Orgânico,2024-08-02,Não Convertido,,0.0,Moderado,Vietnam
137321,TikTok,2024-07-30,Não Convertido,,0.0,Moderado,Yemen
137322,Instagram,2024-08-03,Não Convertido,,0.0,Agressivo,Qatar
137323,Facebook,2024-08-03,Não Convertido,,0.0,Moderado,Iceland
137324,WhatsApp,2024-07-31,Não Convertido,,0.0,Agressivo,Afghanistan
137325,Indicação,2024-08-03,Não Convertido,,0.0,Conservador,Ghana
137326,Facebook,2024-08-01,Não Convertido,,0.0,Agressivo,Togo
137327,Google Ads,2024-07-31,Não Convertido,,0.0,Agressivo,Uzbekistan
137328,E-mail Marketing,2024-07-30,Não Convertido,,0.0,Agressivo,Kazakhstan
137329,Google Ads,2024-08-01,Não Convertido,,0.0,Moderado,Suriname
137330,E-mail Marketing,2024-08-01,Não Convertido,,0.0,Moderado,Kyrgyz Republic
137331,Google Ads,2024-08-02,Não Convertido,,0.0,Moderado,Grenada
137332,Indicação,2024-08-01,Não Convertido,,0.0,Agressivo,Nicaragua
137333,TikTok,2024-08-01,Não Convertido,,0.0,Moderado,Faroe Islands
137334,Google Ads,2024-07-30,Não Convertido,,0.0,Agressivo,Saint Martin
137335,Orgânico,2024-07-31,Não Convertido,,0.0,Conservador,Guadeloupe
137336,E-mail Marketing,2024-07-31,Não Convertido,,0.0,Agressivo,Ecuador
137337,Google Ads,2024-08-01,Não Convertido,,0.0,Moderado,Botswana
137338,Instagram,2024-08-01,Não Convertido,,0.0,Conservador,Falkland Islands (Malvinas)
137339,TikTok,2024-08-01,Não Convertido,,0.0,Moderado,Moldova
137340,TikTok,2024-08-03,Não Convertido,,0.0,Moderado,French Guiana
137341,Orgânico,2024-08-01,Convertido,19.0,6443.99,Moderado,Jamaica
137342,Instagram,2024-08-01,Não Convertido,,0.0,Agressivo,Namibia
137343,Instagram,2024-07-31,Não Convertido,,0.0,Moderado,Bermuda
137344,Facebook,2024-07-29,Não Convertido,,0.0,Moderado,Heard Island and McDonald Islands
137345,TikTok,2024-07-30,Não Convertido,,0.0,Agressivo,Myanmar
137346,Facebook,2024-07-29,Não Convertido,,0.0,Moderado,Dominica
137347,Instagram,2024-08-02,Não Convertido,,0.0,Moderado,Tokelau
137348,E-mail Marketing,2024-08-03,Não Convertido,,0.0,Moderado,Latvia
137349,TikTok,2024-07-29,Não Convertido,,0.0,Moderado,Kazakhstan
137350,Instagram,2024-08-02,Não Convertido,,0.0,Moderado,Saint Martin
137351,E-mail Marketing,2024-07-30,Não Convertido,,0.0,Conservador,China
137352,Instagram,2024-07-30,Não Convertido,,0.0,Conservador,Sweden
137353,Facebook,2024-08-02,Não Convertido,,0.0,Conservador,Haiti
137354,TikTok,2024-07-30,Não Convertido,,0.0,Moderado,Sweden
137355,Orgânico,2024-08-02,Não Convertido,,0.0,Moderado,Bahamas
137356,WhatsApp,2024-07-31,Não Convertido,,0.0,Moderado,Belize
137357,TikTok,2024-07-29,Não Convertido,,0.0,Moderado,Saint Vincent and the Grenadines
137358,TikTok,2024-07-30,Não Convertido,,0.0,Moderado,United States Minor Outlying Islands
137359,Instagram,2024-07-30,Não Convertido,,0.0,Moderado,Swaziland
137360,Instagram,2024-07-31,Não Convertido,,0.0,Moderado,Gibraltar
137361,E-mail Marketing,2024-08-01,Não Convertido,,0.0,Conservador,Angola
137362,Instagram,2024-07-30,Não Convertido,,0.0,Moderado,Cocos (Keeling) Islands
137363,Instagram,2024-07-31,Não Convertido,,0.0,Conservador,Romania
137364,TikTok,2024-07-30,Não Convertido,,0.0,Conservador,Saint Kitts and Nevis
137365,Instagram,2024-08-03,Não Convertido,,0.0,Moderado,Equatorial Guinea
137366,E-mail Marketing,2024-08-03,Não Convertido,,0.0,Agressivo,Greece
137367,Google Ads,2024-08-01,Não Convertido,,0.0,Agressivo,Macao
137368,Facebook,2024-08-03,Não Convertido,,0.0,Agressivo,Italy
137369,Orgânico,2024-07-30,Não Convertido,,0.0,Agressivo,Bulgaria
137370,TikTok,2024-07-31,Não Convertido,,0.0,Agressivo,Uruguay
137371,Indicação,2024-08-01,Não Convertido,,0.0,Conservador,Sweden
137372,E-mail Marketing,2024-07-31,Não Convertido,,0.0,Moderado,Comoros
137373,Instagram,2024-07-29,Não Convertido,,0.0,Agressivo,Eritrea
137374,Orgânico,2024-08-02,Não Convertido,,0.0,Conservador,British Virgin Islands
137375,TikTok,2024-08-01,Não Convertido,,0.0,Agressivo,Slovakia (Slovak Republic)
137376,Google Ads,2024-07-30,Não Convertido,,0.0,Conservador,Italy
137377,Facebook,2024-08-01,Não Convertido,,0.0,Moderado,Ecuador
137378,Orgânico,2024-07-31,Não Convertido,,0.0,Moderado,Guinea-Bissau
137379,Instagram,2024-07-30,Não Convertido,,0.0,Conservador,Libyan Arab Jamahiriya
137380,TikTok,2024-07-30,Não Convertido,,0.0,Agressivo,Cayman Islands
137381,Orgânico,2024-08-02,Não Convertido,,0.0,Moderado,Dominican Republic
137382,TikTok,2024-07-29,Não Convertido,,0.0,Agressivo,Turkey
137383,Orgânico,2024-08-03,Não Convertido,,0.0,Agressivo,Ecuador
137384,TikTok,2024-08-02,Não Convertido,,0.0,Conservador,Greenland
137385,TikTok,2024-07-29,Convertido,10.0,6305.14,Moderado,Sao Tome and Principe
137386,Indicação,2024-07-30,Não Convertido,,0.0,Moderado,Cameroon
137387,YouTube Ads,2024-07-29,Convertido,6.0,3464.39,Moderado,Guernsey
137388,Indicação,2024-07-31,Não Convertido,,0.0,Conservador,Netherlands
137389,Instagram,2024-08-03,Não Convertido,,0.0,Agressivo,Cayman Islands
137390,Orgânico,2024-08-01,Não Convertido,,0.0,Agressivo,Norway
137391,Facebook,2024-07-30,Não Convertido,,0.0,Agressivo,Anguilla
137392,YouTube Ads,2024-07-31,Convertido,4.0,9991.95,Moderado,Solomon Islands
137393,Instagram,2024-08-02,Não Convertido,,0.0,Desconhecido,Botswana
137394,Orgânico,2024-07-30,Não Convertido,,0.0,Agressivo,Anguilla
137395,Indicação,2024-08-03,Não Convertido,,0.0,Moderado,Papua New Guinea
137396,Facebook,2024-07-31,Não Convertido,,0.0,Conservador,Bhutan
137397,Facebook,2024-08-03,Não Convertido,,0.0,Conservador,Namibia
137398,Orgânico,2024-08-01,Não Convertido,,0.0,Moderado,Bosnia and Herzegovina
137399,TikTok,2024-07-31,Não Convertido,,0.0,Conservador,Senegal
137400,YouTube Ads,2024-07-29,Não Convertido,,0.0,Conservador,Czech Republic
137401,Google Ads,2024-07-31,Não Convertido,,0.0,Moderado,Moldova
137402,TikTok,2024-08-01,Não Convertido,,0.0,Moderado,Kiribati
137403,TikTok,2024-07-29,Não Convertido,,0.0,Conservador,Qatar
137404,TikTok,2024-07-31,Convertido,23.0,2663.01,Desconhecido,Dominica
137405,YouTube Ads,2024-07-31,Não Convertido,,0.0,Moderado,British Virgin Islands
137406,Facebook,2024-07-29,Não Convertido,,0.0,Agressivo,Fiji
137407,Instagram,2024-08-02,Não Convertido,,0.0,Conservador,Tonga
137408,Instagram,2024-07-31,Não Convertido,,0.0,Agressivo,Croatia
137409,TikTok,2024-08-01,Não Convertido,,0.0,Moderado,Netherlands Antilles
137410,Google Ads,2024-08-01,Não Convertido,,0.0,Moderado,Syrian Arab Republic
137411,WhatsApp,2024-08-01,Não Convertido,,0.0,Conservador,Iraq
137412,E-mail Marketing,2024-08-03,Não Convertido,,0.0,Agressivo,Oman
137413,Indicação,2024-07-29,Não Convertido,,0.0,Agressivo,Martinique
137414,Google Ads,2024-07-30,Não Convertido,,0.0,Conservador,Romania
137415,Facebook,2024-07-29,Não Convertido,,0.0,Moderado,South Georgia and the South Sandwich Islands
137416,Instagram,2024-08-03,Não Convertido,,0.0,Conservador,Thailand
137417,Instagram,2024-07-31,Não Convertido,,0.0,Moderado,Finland
137418,Orgânico,2024-08-03,Não Convertido,,0.0,Agressivo,Cayman Islands
137419,Orgânico,2024-07-31,Não Convertido,,0.0,Conservador,Yemen
137420,Orgânico,2024-08-01,Não Convertido,,0.0,Moderado,United Kingdom
137421,E-mail Marketing,2024-08-03,Não Convertido,,0.0,Conservador,Gabon
137422,E-mail Marketing,2024-07-31,Não Convertido,,0.0,Moderado,Spain
137423,Indicação,2024-07-29,Convertido,0.0,3328.74,Conservador,Uzbekistan
137424,E-mail Marketing,2024-07-30,Não Convertido,,0.0,Conservador,Cocos (Keeling) Islands
137425,Orgânico,2024-08-03,Não Convertido,,0.0,Agressivo,Christmas Island
137426,TikTok,2024-07-30,Não Convertido,,0.0,Agressivo,Cote d'Ivoire
137427,E-mail Marketing,2024-07-29,Não Convertido,,0.0,Agressivo,Uruguay
137428,YouTube Ads,2024-07-29,Não Convertido,,0.0,Agressivo,Pitcairn Islands
137429,YouTube Ads,2024-07-30,Não Convertido,,0.0,Agressivo,Sweden
137430,YouTube Ads,2024-07-31,Não Convertido,,0.0,Moderado,Heard Island and McDonald Islands
137431,Instagram,2024-07-29,Não Convertido,,0.0,Agressivo,Canada
137432,WhatsApp,2024-08-01,Não Convertido,,0.0,Agressivo,Liechtenstein
137433,Orgânico,2024-08-03,Não Convertido,,0.0,Agressivo,Paraguay
137434,Orgânico,2024-07-31,Não Convertido,,0.0,Moderado,Iran
137435,Instagram,2024-07-31,Não Convertido,,0.0,Moderado,Saint Helena
137436,Instagram,2024-07-30,Convertido,26.0,7949.31,Agressivo,Luxembourg
137437,YouTube Ads,2024-08-03,Não Convertido,,0.0,Conservador,Austria
137438,Facebook,2024-08-01,Não Convertido,,0.0,Moderado,Sri Lanka
137439,TikTok,2024-07-30,Não Convertido,,0.0,Agressivo,Niue
137440,Instagram,2024-07-31,Não Convertido,,0.0,Agressivo,Denmark
137441,E-mail Marketing,2024-07-29,Não Convertido,,0.0,Moderado,Solomon Islands
137442,YouTube Ads,2024-08-02,Não Convertido,,0.0,Agressivo,United States of America
137443,Google Ads,2024-08-01,Não Convertido,,0.0,Moderado,Zimbabwe
137444,E-mail Marketing,2024-08-03,Não Convertido,,0.0,Moderado,Myanmar
137445,Orgânico,2024-08-02,Convertido,18.0,934.85,Agressivo,Latvia
137446,YouTube Ads,2024-08-02,Não Convertido,,0.0,Moderado,Saint Kitts and Nevis
137447,Google Ads,2024-08-01,Não Convertido,,0.0,Agressivo,Mongolia
137448,E-mail Marketing,2024-07-31,Não Convertido,,0.0,Moderado,Gibraltar
137449,Facebook,2024-07-30,Não Convertido,,0.0,Moderado,Marshall Islands
137450,TikTok,2024-08-02,Não Convertido,,0.0,Moderado,Bouvet Island (Bouvetoya)
137451,TikTok,2024-07-29,Não Convertido,,0.0,Conservador,Myanmar
137452,Google Ads,2024-07-31,Não Convertido,,0.0,Agressivo,Bahamas
137453,Orgânico,2024-08-03,Não Convertido,,0.0,Conservador,Armenia
137454,Orgânico,2024-07-29,Não Convertido,,0.0,Agressivo,Timor-Leste
137455,Facebook,2024-08-02,Não Convertido,,0.0,Agressivo,Belize
137456,TikTok,2024-08-01,Não Convertido,,0.0,Agressivo,Cyprus
137457,YouTube Ads,2024-07-29,Não Convertido,,0.0,Moderado,Benin
137458,E-mail Marketing,2024-07-29,Não Convertido,,0.0,Moderado,Myanmar
137459,Facebook,2024-07-31,Não Convertido,,0.0,Moderado,Kazakhstan
137460,E-mail Marketing,2024-08-01,Não Convertido,,0.0,Agressivo,Christmas Island
137461,Indicação,2024-07-31,Não Convertido,,0.0,Moderado,Finland
137462,Instagram,2024-07-29,Não Convertido,,0.0,Desconhecido,Dominica
137463,Indicação,2024-08-02,Não Convertido,,0.0,Conservador,Djibouti
137464,TikTok,2024-07-29,Não Convertido,,0.0,Agressivo,Comoros
137465,Instagram,2024-08-03,Não Convertido,,0.0,Moderado,Niger
137466,Facebook,2024-07-30,Não Convertido,,0.0,Conservador,Svalbard & Jan Mayen Islands
137467,WhatsApp,2024-07-31,Não Convertido,,0.0,Desconhecido,Wallis and Futuna
137468,E-mail Marketing,2024-08-02,Não Convertido,,0.0,Moderado,British Indian Ocean Territory (Chagos Archipelago)
137469,Orgânico,2024-08-01,Não Convertido,,0.0,Moderado,Indonesia
137470,Facebook,2024-08-02,Não Convertido,,0.0,Conservador,Sierra Leone
137471,Orgânico,2024-07-29,Não Convertido,,0.0,Agressivo,United States Virgin Islands
137472,Facebook,2024-07-29,Não Convertido,,0.0,Conservador,Ethiopia
137473,WhatsApp,2024-08-02,Não Convertido,,0.0,Agressivo,Estonia
137474,Instagram,2024-07-31,Não Convertido,,0.0,Agressivo,British Virgin Islands
137475,Orgânico,2024-07-31,Não Convertido,,0.0,Conservador,Togo
137476,Orgânico,2024-08-02,Não Convertido,,0.0,Moderado,Comoros
137477,E-mail Marketing,2024-07-30,Não Convertido,,0.0,Moderado,Sierra Leone
137478,Google Ads,2024-08-01,Não Convertido,,0.0,Moderado,Germany
137479,Google Ads,2024-08-03,Não Convertido,,0.0,Moderado,Venezuela
137480,TikTok,2024-08-03,Não Convertido,,0.0,Moderado,Tajikistan
137481,Facebook,2024-07-30,Não Convertido,,0.0,Conservador,Sweden
137482,YouTube Ads,2024-07-31,Não Convertido,,0.0,Agressivo,Solomon Islands
137483,Orgânico,2024-08-01,Não Convertido,,0.0,Moderado,Finland
137484,Google Ads,2024-07-29,Não Convertido,,0.0,Moderado,Sri Lanka
137485,E-mail Marketing,2024-07-30,Não Convertido,,0.0,Moderado,Tunisia
137486,WhatsApp,2024-08-01,Convertido,8.0,5544.29,Agressivo,Palestinian Territory
137487,TikTok,2024-08-02,Não Convertido,,0.0,Moderado,Wallis and Futuna
137488,YouTube Ads,2024-07-31,Convertido,5.0,5931.69,Conservador,Slovenia
137489,Indicação,2024-07-31,Convertido,5.0,9310.41,Desconhecido,Canada
137490,E-mail Marketing,2024-08-01,Não Convertido,,0.0,Moderado,Costa Rica
137491,Orgânico,2024-08-02,Não Convertido,,0.0,Agressivo,Bangladesh
137492,TikTok,2024-08-02,Não Convertido,,0.0,Agressivo,Holy See (Vatican City State)
137493,E-mail Marketing,2024-08-03,Não Convertido,,0.0,Desconhecido,Solomon Islands
137494,Indicação,2024-07-29,Não Convertido,,0.0,Moderado,Western Sahara
137495,Instagram,2024-08-03,Não Convertido,,0.0,Desconhecido,Cocos (Keeling) Islands
137496,E-mail Marketing,2024-07-29,Não Convertido,,0.0,Agressivo,Jersey
137497,Orgânico,2024-08-01,Não Convertido,,0.0,Moderado,Algeria
137498,Google Ads,2024-08-01,Não Convertido,,0.0,Conservador,Jersey
137499,Google Ads,2024-08-01,Não Convertido,,0.0,Agressivo,Honduras
137500,Instagram,2024-07-29,Convertido,5.0,9390.57,Moderado,United Kingdom
137501,TikTok,2024-08-03,Não Convertido,,0.0,Agressivo,Israel
137502,Orgânico,2024-07-31,Não Convertido,,0.0,Agressivo,Svalbard & Jan Mayen Islands
137503,E-mail Marketing,2024-07-30,Não Convertido,,0.0,Moderado,Hong Kong
137504,E-mail Marketing,2024-08-02,Não Convertido,,0.0,Agressivo,Yemen
137505,YouTube Ads,2024-08-02,Não Convertido,,0.0,Moderado,Mayotte
137506,Instagram,2024-07-30,Não Convertido,,0.0,Desconhecido,Suriname
137507,Orgânico,2024-07-29,Não Convertido,,0.0,Agressivo,Samoa
137508,Instagram,2024-07-30,Não Convertido,,0.0,Agressivo,Bahamas
137509,TikTok,2024-08-01,Não Convertido,,0.0,Moderado,Saint Kitts and Nevis
137510,Orgânico,2024-07-31,Não Convertido,,0.0,Moderado,French Southern Territories
137511,TikTok,2024-08-03,Não Convertido,,0.0,Agressivo,France
137512,TikTok,2024-08-02,Não Convertido,,0.0,Conservador,Ghana
137513,Orgânico,2024-08-01,Não Convertido,,0.0,Agressivo,Palestinian Territory
137514,Facebook,2024-07-29,Não Convertido,,0.0,Moderado,Madagascar
137515,Instagram,2024-08-01,Não Convertido,,0.0,Agressivo,Marshall Islands
137516,TikTok,2024-07-30,Não Convertido,,0.0,Moderado,Suriname
137517,Orgânico,2024-08-01,Não Convertido,,0.0,Moderado,Montenegro
137518,YouTube Ads,2024-08-03,Não Convertido,,0.0,Moderado,Martinique
137519,Google Ads,2024-07-31,Não Convertido,,0.0,Desconhecido,Saint Vincent and the Grenadines
137520,Orgânico,2024-08-01,Não Convertido,,0.0,Agressivo,Greece
137521,TikTok,2024-08-01,Convertido,30.0,4195.97,Moderado,Peru
137522,Instagram,2024-08-03,Não Convertido,,0.0,Moderado,Reunion
137523,E-mail Marketing,2024-07-30,Não Convertido,,0.0,Agressivo,Madagascar
137524,E-mail Marketing,2024-08-03,Não Convertido,,0.0,Agressivo,San Marino
137525,TikTok,2024-08-01,Convertido,18.0,1785.81,Moderado,Bermuda
137526,Instagram,2024-08-03,Não Convertido,,0.0,Agressivo,Bhutan
137527,WhatsApp,2024-07-31,Não Convertido,,0.0,Desconhecido,Nicaragua
137528,Instagram,2024-08-03,Não Convertido,,0.0,Agressivo,Papua New Guinea
137529,E-mail Marketing,2024-08-01,Não Convertido,,0.0,Moderado,French Polynesia
137530,Indicação,2024-07-30,Não Convertido,,0.0,Moderado,Vietnam
137531,E-mail Marketing,2024-08-01,Não Convertido,,0.0,Moderado,Madagascar
137532,Orgânico,2024-08-02,Não Convertido,,0.0,Conservador,Congo
137533,Google Ads,2024-08-03,Não Convertido,,0.0,Moderado,Belgium
137534,Instagram,2024-08-02,Não Convertido,,0.0,Moderado,Qatar
137535,Orgânico,2024-07-30,Não Convertido,,0.0,Agressivo,Mayotte
137536,Instagram,2024-08-01,Não Convertido,,0.0,Moderado,Namibia
137537,TikTok,2024-07-30,Não Convertido,,0.0,Moderado,Guatemala
137538,Orgânico,2024-07-31,Não Convertido,,0.0,Conservador,Colombia
137539,Google Ads,2024-07-29,Não Convertido,,0.0,Agressivo,Saint Lucia
137540,Instagram,2024-08-02,Não Convertido,,0.0,Desconhecido,Albania
137541,E-mail Marketing,2024-07-29,Não Convertido,,0.0,Conservador,Fiji
137542,Instagram,2024-07-31,Não Convertido,,0.0,Conservador,Costa Rica
137543,WhatsApp,2024-07-31,Convertido,13.0,161.56,Moderado,South Africa
137544,Facebook,2024-08-01,Convertido,7.0,6303.97,Moderado,Mayotte
137545,Facebook,2024-08-03,Convertido,12.0,7822.08,Moderado,British Indian Ocean Territory (Chagos Archipelago)
137546,Orgânico,2024-08-01,Não Convertido,,0.0,Moderado,Slovakia (Slovak Republic)
137547,Orgânico,2024-08-03,Não Convertido,,0.0,Moderado,Chad
137548,Orgânico,2024-08-02,Não Convertido,,0.0,Agressivo,American Samoa
137549,WhatsApp,2024-08-01,Não Convertido,,0.0,Agressivo,Swaziland
137550,Facebook,2024-08-02,Não Convertido,,0.0,Desconhecido,South Georgia and the South Sandwich Islands
137551,Google Ads,2024-08-02,Não Convertido,,0.0,Moderado,Bosnia and Herzegovina
137552,Instagram,2024-08-01,Não Convertido,,0.0,Conservador,Estonia
137553,WhatsApp,2024-07-31,Não Convertido,,0.0,Desconhecido,Montenegro
137554,E-mail Marketing,2024-07-29,Não Convertido,,0.0,Moderado,Tunisia
137555,Orgânico,2024-07-31,Não Convertido,,0.0,Conservador,Gabon
137556,Facebook,2024-08-02,Não Convertido,,0.0,Moderado,Niue
137557,Instagram,2024-07-29,Não Convertido,,0.0,Agressivo,Cuba
137558,YouTube Ads,2024-08-01,Não Convertido,,0.0,Moderado,Gabon
137559,Facebook,2024-08-03,Não Convertido,,0.0,Agressivo,Bahamas
137560,Google Ads,2024-08-03,Não Convertido,,0.0,Moderado,Zimbabwe
137561,YouTube Ads,2024-07-30,Não Convertido,,0.0,Conservador,Yemen
137562,Instagram,2024-08-02,Não Convertido,,0.0,Moderado,Brazil
137563,YouTube Ads,2024-08-02,Não Convertido,,0.0,Moderado,Bahamas
137564,Orgânico,2024-08-03,Não Convertido,,0.0,Moderado,Turkey
137565,E-mail Marketing,2024-08-03,Não Convertido,,0.0,Conservador,Faroe Islands
137566,Orgânico,2024-08-03,Não Convertido,,0.0,Agressivo,Nepal
137567,E-mail Marketing,2024-07-30,Não Convertido,,0.0,Moderado,Liechtenstein
137568,E-mail Marketing,2024-08-01,Não Convertido,,0.0,Moderado,Japan
137569,Facebook,2024-07-30,Não Convertido,,0.0,Moderado,Fiji
137570,Facebook,2024-07-30,Não Convertido,,0.0,Moderado,Costa Rica
137571,TikTok,2024-07-29,Não Convertido,,0.0,Conservador,Samoa
137572,Facebook,2024-07-31,Não Convertido,,0.0,Moderado,Togo
137573,Orgânico,2024-08-02,Convertido,8.0,4479.41,Moderado,Montserrat
137574,TikTok,2024-08-01,Não Convertido,,0.0,Moderado,Gibraltar
137575,Orgânico,2024-07-29,Não Convertido,,0.0,Agressivo,Moldova
137576,Facebook,2024-08-03,Não Convertido,,0.0,Conservador,Saint Pierre and Miquelon
137577,Orgânico,2024-07-29,Não Convertido,,0.0,Moderado,Holy See (Vatican City State)
137578,Instagram,2024-08-01,Não Convertido,,0.0,Desconhecido,Hungary
137579,Instagram,2024-07-29,Não Convertido,,0.0,Desconhecido,Bahamas
137580,Instagram,2024-07-29,Não Convertido,,0.0,Agressivo,Iraq
137581,WhatsApp,2024-08-03,Não Convertido,,0.0,Conservador,Bosnia and Herzegovina
137582,YouTube Ads,2024-07-30,Não Convertido,,0.0,Agressivo,Lithuania
137583,YouTube Ads,2024-08-02,Não Convertido,,0.0,Desconhecido,Reunion
137584,WhatsApp,2024-07-30,Convertido,18.0,9014.52,Moderado,France
137585,TikTok,2024-07-31,Não Convertido,,0.0,Moderado,Namibia
137586,Orgânico,2024-07-31,Não Convertido,,0.0,Moderado,Bouvet Island (Bouvetoya)
137587,Instagram,2024-07-29,Não Convertido,,0.0,Conservador,Korea
137588,Instagram,2024-07-29,Não Convertido,,0.0,Moderado,India
137589,WhatsApp,2024-07-30,Não Convertido,,0.0,Agressivo,Nauru
137590,Orgânico,2024-08-02,Não Convertido,,0.0,Agressivo,Ghana
137591,Orgânico,2024-08-01,Não Convertido,,0.0,Moderado,Cape Verde
137592,Google Ads,2024-08-01,Não Convertido,,0.0,Moderado,Iran
137593,Google Ads,2024-08-03,Não Convertido,,0.0,Moderado,Burkina Faso
137594,Facebook,2024-07-30,Não Convertido,,0.0,Agressivo,Myanmar
137595,TikTok,2024-08-01,Não Convertido,,0.0,Agressivo,New Zealand
137596,YouTube Ads,2024-07-30,Não Convertido,,0.0,Agressivo,France
137597,E-mail Marketing,2024-07-30,Não Convertido,,0.0,Conservador,Puerto Rico
137598,Google Ads,2024-07-30,Não Convertido,,0.0,Moderado,Chad
137599,Orgânico,2024-08-02,Não Convertido,,0.0,Agressivo,Nicaragua
137600,WhatsApp,2024-07-30,Não Convertido,,0.0,Agressivo,Western Sahara
137601,WhatsApp,2024-08-01,Não Convertido,,0.0,Moderado,New Caledonia
137602,WhatsApp,2024-07-29,Não Convertido,,0.0,Moderado,Luxembourg
137603,Google Ads,2024-07-30,Não Convertido,,0.0,Agressivo,Romania
137604,Orgânico,2024-08-01,Não Convertido,,0.0,Agressivo,Ireland
137605,Facebook,2024-08-02,Não Convertido,,0.0,Agressivo,Malaysia
137606,E-mail Marketing,2024-08-01,Não Convertido,,0.0,Agressivo,Hungary
137607,E-mail Marketing,2024-07-31,Não Convertido,,0.0,Moderado,Tonga
137608,E-mail Marketing,2024-07-29,Não Convertido,,0.0,Agressivo,Falkland Islands (Malvinas)
137609,Google Ads,2024-07-29,Não Convertido,,0.0,Agressivo,Morocco
137610,Orgânico,2024-07-29,Não Convertido,,0.0,Moderado,Cape Verde
137611,WhatsApp,2024-08-01,Não Convertido,,0.0,Agressivo,Sri Lanka
137612,Facebook,2024-07-30,Não Convertido,,0.0,Desconhecido,Guatemala
137613,TikTok,2024-08-01,Não Convertido,,0.0,Agressivo,Grenada
137614,WhatsApp,2024-07-30,Não Convertido,,0.0,Moderado,Italy
137615,Orgânico,2024-08-02,Convertido,18.0,2728.69,Moderado,Samoa
137616,Orgânico,2024-07-30,Não Convertido,,0.0,Moderado,Vietnam
137617,Google Ads,2024-08-03,Não Convertido,,0.0,Agressivo,Ireland
137618,WhatsApp,2024-08-03,Não Convertido,,0.0,Conservador,Bahamas
137619,Facebook,2024-07-31,Não Convertido,,0.0,Moderado,Swaziland
137620,Instagram,2024-07-31,Não Convertido,,0.0,Agressivo,Nigeria
137621,Instagram,2024-08-02,Não Convertido,,0.0,Conservador,United States of America
137622,TikTok,2024-07-30,Não Convertido,,0.0,Agressivo,Puerto Rico
137623,E-mail Marketing,2024-07-29,Não Convertido,,0.0,Moderado,Saint Pierre and Miquelon
137624,TikTok,2024-07-29,Não Convertido,,0.0,Moderado,Montserrat
137625,Instagram,2024-08-02,Não Convertido,,0.0,Desconhecido,Malawi
137626,Facebook,2024-08-03,Não Convertido,,0.0,Conservador,South Georgia and the South Sandwich Islands
137627,WhatsApp,2024-08-03,Não Convertido,,0.0,Moderado,Vietnam
137628,TikTok,2024-08-01,Não Convertido,,0.0,Agressivo,Palestinian Territory
137629,TikTok,2024-08-01,Não Convertido,,0.0,Moderado,Tuvalu
137630,Instagram,2024-08-01,Não Convertido,,0.0,Moderado,Venezuela
137631,TikTok,2024-07-31,Não Convertido,,0.0,Moderado,Vietnam
137632,Indicação,2024-08-01,Não Convertido,,0.0,Conservador,Cape Verde
137633,TikTok,2024-08-03,Não Convertido,,0.0,Moderado,Uganda
137634,YouTube Ads,2024-07-31,Não Convertido,,0.0,Conservador,Equatorial Guinea
137635,Google Ads,2024-08-01,Convertido,13.0,6308.3,Moderado,American Samoa
137636,Facebook,2024-07-30,Não Convertido,,0.0,Conservador,Djibouti
137637,E-mail Marketing,2024-07-31,Não Convertido,,0.0,Agressivo,Barbados
137638,Facebook,2024-08-03,Não Convertido,,0.0,Agressivo,Pakistan
137639,Google Ads,2024-08-02,Não Convertido,,0.0,Agressivo,Ecuador
137640,Instagram,2024-08-03,Não Convertido,,0.0,Moderado,Vanuatu
137641,Instagram,2024-08-03,Não Convertido,,0.0,Conservador,South Africa
137642,Google Ads,2024-08-01,Não Convertido,,0.0,Agressivo,Latvia
137643,Orgânico,2024-08-01,Convertido,2.0,6495.69,Agressivo,Tonga
137644,E-mail Marketing,2024-07-30,Não Convertido,,0.0,Moderado,Cook Islands
137645,Orgânico,2024-08-01,Convertido,19.0,3497.24,Agressivo,Kuwait
137646,Google Ads,2024-07-29,Não Convertido,,0.0,Agressivo,Montenegro
137647,Orgânico,2024-07-29,Convertido,19.0,7100.98,Agressivo,Trinidad and Tobago
137648,TikTok,2024-08-03,Não Convertido,,0.0,Desconhecido,Ghana
137649,TikTok,2024-08-01,Não Convertido,,0.0,Conservador,Cameroon
137650,Orgânico,2024-08-02,Não Convertido,,0.0,Moderado,Kyrgyz Republic
137651,Facebook,2024-07-30,Não Convertido,,0.0,Moderado,Iraq
137652,YouTube Ads,2024-08-02,Não Convertido,,0.0,Conservador,Kuwait
137653,Google Ads,2024-08-03,Convertido,8.0,665.85,Agressivo,French Guiana
137654,TikTok,2024-08-02,Não Convertido,,0.0,Moderado,Greece
137655,YouTube Ads,2024-07-31,Não Convertido,,0.0,Conservador,Tonga
137656,Instagram,2024-08-03,Não Convertido,,0.0,Agressivo,Comoros
137657,E-mail Marketing,2024-08-03,Não Convertido,,0.0,Desconhecido,Sweden
137658,E-mail Marketing,2024-08-03,Não Convertido,,0.0,Desconhecido,Canada
137659,TikTok,2024-07-29,Não Convertido,,0.0,Moderado,Syrian Arab Republic
137660,Orgânico,2024-08-02,Não Convertido,,0.0,Moderado,Antigua and Barbuda
137661,TikTok,2024-07-30,Não Convertido,,0.0,Agressivo,Saint Helena
137662,Orgânico,2024-08-03,Não Convertido,,0.0,Moderado,Australia
137663,Orgânico,2024-08-01,Não Convertido,,0.0,Agressivo,United Arab Emirates
137664,Google Ads,2024-08-01,Não Convertido,,0.0,Agressivo,Jamaica
137665,Orgânico,2024-07-31,Não Convertido,,0.0,Moderado,Lebanon
137666,Google Ads,2024-07-29,Não Convertido,,0.0,Moderado,Qatar
137667,E-mail Marketing,2024-07-31,Não Convertido,,0.0,Conservador,Bouvet Island (Bouvetoya)
137668,Instagram,2024-07-29,Não Convertido,,0.0,Moderado,Comoros
137669,Orgânico,2024-07-29,Não Convertido,,0.0,Moderado,Cook Islands
137670,Orgânico,2024-07-29,Não Convertido,,0.0,Agressivo,Ecuador
137671,Instagram,2024-07-29,Não Convertido,,0.0,Conservador,Uzbekistan
137672,Instagram,2024-07-29,Não Convertido,,0.0,Moderado,United States Minor Outlying Islands
137673,Facebook,2024-08-02,Não Convertido,,0.0,Desconhecido,Guinea
137674,Orgânico,2024-08-03,Convertido,21.0,130.96,Desconhecido,Italy
137675,WhatsApp,2024-08-01,Não Convertido,,0.0,Agressivo,Venezuela
137676,WhatsApp,2024-08-03,Não Convertido,,0.0,Moderado,Lithuania
137677,Google Ads,2024-08-03,Não Convertido,,0.0,Moderado,Namibia
137678,Instagram,2024-07-30,Não Convertido,,0.0,Moderado,Turkey
137679,E-mail Marketing,2024-07-30,Não Convertido,,0.0,Desconhecido,Anguilla
137680,Instagram,2024-08-01,Não Convertido,,0.0,Agressivo,Korea
137681,Indicação,2024-08-03,Não Convertido,,0.0,Agressivo,Denmark
137682,E-mail Marketing,2024-08-03,Não Convertido,,0.0,Agressivo,Maldives
137683,E-mail Marketing,2024-07-31,Não Convertido,,0.0,Moderado,Macao
137684,Indicação,2024-08-03,Não Convertido,,0.0,Agressivo,Slovakia (Slovak Republic)
137685,Instagram,2024-07-31,Não Convertido,,0.0,Moderado,Vietnam
137686,Orgânico,2024-08-01,Não Convertido,,0.0,Conservador,Malaysia
137687,Instagram,2024-08-01,Não Convertido,,0.0,Agressivo,Slovenia
137688,TikTok,2024-07-29,Não Convertido,,0.0,Conservador,Nigeria
137689,E-mail Marketing,2024-08-03,Não Convertido,,0.0,Moderado,Kiribati
137690,Google Ads,2024-08-02,Não Convertido,,0.0,Agressivo,Iraq
137691,Facebook,2024-08-02,Não Convertido,,0.0,Moderado,Honduras
137692,Orgânico,2024-08-02,Não Convertido,,0.0,Desconhecido,Suriname
137693,Instagram,2024-08-01,Não Convertido,,0.0,Moderado,Cook Islands
137694,Instagram,2024-08-03,Não Convertido,,0.0,Moderado,Lebanon
137695,Instagram,2024-08-01,Não Convertido,,0.0,Moderado,Sierra Leone
137696,Instagram,2024-08-03,Não Convertido,,0.0,Moderado,Saint Barthelemy
137697,Orgânico,2024-08-03,Não Convertido,,0.0,Moderado,Israel
137698,Orgânico,2024-08-03,Não Convertido,,0.0,Conservador,Hungary
137699,Instagram,2024-08-02,Não Convertido,,0.0,Moderado,Vanuatu
137700,Orgânico,2024-07-31,Não Convertido,,0.0,Agressivo,Dominican Republic
137701,YouTube Ads,2024-07-30,Não Convertido,,0.0,Moderado,Nepal
137702,Instagram,2024-07-31,Não Convertido,,0.0,Moderado,Chad
137703,Instagram,2024-08-03,Não Convertido,,0.0,Conservador,Estonia
137704,YouTube Ads,2024-08-02,Não Convertido,,0.0,Moderado,Greenland
137705,Facebook,2024-08-02,Não Convertido,,0.0,Moderado,Nicaragua
137706,E-mail Marketing,2024-07-30,Não Convertido,,0.0,Moderado,United States Minor Outlying Islands
137707,TikTok,2024-07-31,Não Convertido,,0.0,Conservador,Chad
137708,Indicação,2024-07-29,Não Convertido,,0.0,Agressivo,Saint Kitts and Nevis
137709,Instagram,2024-07-31,Não Convertido,,0.0,Moderado,Brazil
137710,Facebook,2024-08-01,Não Convertido,,0.0,Moderado,Botswana
137711,Instagram,2024-07-29,Não Convertido,,0.0,Desconhecido,Cambodia
137712,Instagram,2024-07-31,Não Convertido,,0.0,Moderado,Slovenia
137713,TikTok,2024-08-02,Não Convertido,,0.0,Moderado,Swaziland
137714,Indicação,2024-07-29,Convertido,8.0,1703.78,Moderado,Colombia
137715,Orgânico,2024-07-29,Não Convertido,,0.0,Conservador,Nauru
137716,TikTok,2024-08-03,Não Convertido,,0.0,Moderado,Djibouti
137717,Indicação,2024-08-02,Não Convertido,,0.0,Conservador,French Guiana
137718,Instagram,2024-07-30,Não Convertido,,0.0,Moderado,Burkina Faso
137719,E-mail Marketing,2024-07-31,Não Convertido,,0.0,Moderado,Morocco
137720,Orgânico,2024-08-02,Não Convertido,,0.0,Conservador,Saint Helena
137721,E-mail Marketing,2024-08-02,Não Convertido,,0.0,Conservador,Niger
137722,YouTube Ads,2024-08-02,Não Convertido,,0.0,Desconhecido,Christmas Island
137723,Orgânico,2024-08-03,Não Convertido,,0.0,Agressivo,Zimbabwe
137724,Instagram,2024-08-03,Não Convertido,,0.0,Agressivo,Cayman Islands
137725,E-mail Marketing,2024-08-03,Não Convertido,,0.0,Agressivo,Somalia
137726,Google Ads,2024-08-01,Não Convertido,,0.0,Desconhecido,Tokelau
137727,Instagram,2024-07-29,Não Convertido,,0.0,Moderado,British Indian Ocean Territory (Chagos Archipelago)
137728,Google Ads,2024-07-30,Convertido,27.0,2669.7,Agressivo,France
137729,YouTube Ads,2024-08-03,Não Convertido,,0.0,Agressivo,Seychelles
137730,Instagram,2024-07-29,Não Convertido,,0.0,Agressivo,Chile
137731,TikTok,2024-08-02,Não Convertido,,0.0,Desconhecido,Reunion
137732,E-mail Marketing,2024-07-31,Não Convertido,,0.0,Moderado,Mali
137733,Facebook,2024-08-01,Não Convertido,,0.0,Agressivo,Niue
137734,TikTok,2024-08-02,Não Convertido,,0.0,Agressivo,Iceland
137735,WhatsApp,2024-07-30,Não Convertido,,0.0,Agressivo,Sao Tome and Principe
137736,Orgânico,2024-08-02,Convertido,20.0,8707.05,Moderado,Puerto Rico
137737,E-mail Marketing,2024-07-31,Não Convertido,,0.0,Moderado,Palestinian Territory
137738,E-mail Marketing,2024-08-03,Não Convertido,,0.0,Moderado,Costa Rica
137739,Facebook,2024-07-29,Não Convertido,,0.0,Agressivo,Belgium
137740,YouTube Ads,2024-07-31,Não Convertido,,0.0,Conservador,Iraq
137741,Orgânico,2024-08-02,Não Convertido,,0.0,Conservador,Madagascar
137742,Orgânico,2024-08-02,Não Convertido,,0.0,Moderado,British Indian Ocean Territory (Chagos Archipelago)
137743,Indicação,2024-08-01,Não Convertido,,0.0,Moderado,Liechtenstein
137744,YouTube Ads,2024-07-31,Não Convertido,,0.0,Desconhecido,Saudi Arabia
137745,Facebook,2024-07-30,Não Convertido,,0.0,Agressivo,Cameroon
137746,Orgânico,2024-08-01,Não Convertido,,0.0,Moderado,Cameroon
137747,E-mail Marketing,2024-08-01,Não Convertido,,0.0,Agressivo,Libyan Arab Jamahiriya
137748,Instagram,2024-07-30,Não Convertido,,0.0,Conservador,Belarus
137749,YouTube Ads,2024-08-01,Não Convertido,,0.0,Moderado,Holy See (Vatican City State)
137750,Orgânico,2024-07-31,Não Convertido,,0.0,Desconhecido,Lebanon
137751,TikTok,2024-08-02,Não Convertido,,0.0,Conservador,Bouvet Island (Bouvetoya)
137752,Orgânico,2024-07-30,Não Convertido,,0.0,Conservador,Slovenia
137753,Instagram,2024-08-01,Não Convertido,,0.0,Conservador,Montserrat
137754,Instagram,2024-07-30,Não Convertido,,0.0,Conservador,Guernsey
137755,TikTok,2024-08-03,Não Convertido,,0.0,Moderado,Tunisia
137756,E-mail Marketing,2024-07-30,Não Convertido,,0.0,Moderado,Sierra Leone
137757,Orgânico,2024-08-02,Não Convertido,,0.0,Desconhecido,Grenada
137758,Instagram,2024-08-03,Não Convertido,,0.0,Moderado,Turks and Caicos Islands
137759,Facebook,2024-08-02,Não Convertido,,0.0,Agressivo,Mongolia
137760,WhatsApp,2024-07-30,Não Convertido,,0.0,Desconhecido,Saint Martin
137761,E-mail Marketing,2024-07-29,Não Convertido,,0.0,Moderado,North Macedonia
137762,Google Ads,2024-08-01,Não Convertido,,0.0,Conservador,Svalbard & Jan Mayen Islands
137763,Instagram,2024-07-29,Não Convertido,,0.0,Conservador,Saint Vincent and the Grenadines
137764,Facebook,2024-07-31,Não Convertido,,0.0,Agressivo,North Macedonia
137765,Orgânico,2024-08-01,Não Convertido,,0.0,Conservador,Turkmenistan
137766,Orgânico,2024-07-29,Não Convertido,,0.0,Agressivo,Denmark
137767,Google Ads,2024-08-02,Não Convertido,,0.0,Desconhecido,Comoros
137768,TikTok,2024-07-31,Não Convertido,,0.0,Moderado,Mali
137769,Instagram,2024-08-01,Não Convertido,,0.0,Moderado,Samoa
137770,Facebook,2024-08-03,Não Convertido,,0.0,Conservador,Monaco
137771,Orgânico,2024-08-03,Não Convertido,,0.0,Moderado,Botswana
137772,TikTok,2024-08-01,Não Convertido,,0.0,Moderado,Central African Republic
137773,E-mail Marketing,2024-07-29,Não Convertido,,0.0,Moderado,Holy See (Vatican City State)
137774,Orgânico,2024-08-01,Não Convertido,,0.0,Moderado,Saint Lucia
137775,Orgânico,2024-07-29,Não Convertido,,0.0,Moderado,United Kingdom
137776,E-mail Marketing,2024-08-02,Não Convertido,,0.0,Conservador,Poland
137777,WhatsApp,2024-07-30,Não Convertido,,0.0,Moderado,Samoa
137778,Facebook,2024-08-01,Não Convertido,,0.0,Moderado,Burundi
137779,E-mail Marketing,2024-07-31,Não Convertido,,0.0,Agressivo,Niger
137780,Google Ads,2024-08-01,Não Convertido,,0.0,Moderado,Saint Helena
137781,WhatsApp,2024-08-03,Não Convertido,,0.0,Moderado,Benin
137782,Instagram,2024-07-30,Não Convertido,,0.0,Moderado,Tonga
137783,Instagram,2024-07-31,Não Convertido,,0.0,Agressivo,Niger
137784,E-mail Marketing,2024-07-30,Não Convertido,,0.0,Desconhecido,Cambodia
137785,YouTube Ads,2024-07-29,Não Convertido,,0.0,Desconhecido,Lithuania
137786,Instagram,2024-07-30,Não Convertido,,0.0,Conservador,Bahrain
137787,E-mail Marketing,2024-07-31,Não Convertido,,0.0,Moderado,Czech Republic
137788,Google Ads,2024-08-02,Não Convertido,,0.0,Conservador,Venezuela
137789,E-mail Marketing,2024-08-03,Não Convertido,,0.0,Desconhecido,Palau
137790,Google Ads,2024-07-29,Não Convertido,,0.0,Moderado,British Indian Ocean Territory (Chagos Archipelago)
137791,TikTok,2024-07-29,Não Convertido,,0.0,Moderado,Norway
137792,TikTok,2024-07-31,Não Convertido,,0.0,Moderado,Montenegro
137793,Instagram,2024-07-29,Não Convertido,,0.0,Agressivo,Wallis and Futuna
137794,Instagram,2024-08-01,Convertido,17.0,8620.77,Agressivo,Congo
137795,E-mail Marketing,2024-07-31,Não Convertido,,0.0,Moderado,Aruba
137796,TikTok,2024-07-31,Não Convertido,,0.0,Conservador,Nauru
137797,Orgânico,2024-07-31,Não Convertido,,0.0,Agressivo,Bahamas
137798,Facebook,2024-07-29,Não Convertido,,0.0,Desconhecido,Heard Island and McDonald Islands
137799,E-mail Marketing,2024-07-31,Não Convertido,,0.0,Moderado,Palau
137800,E-mail Marketing,2024-08-03,Não Convertido,,0.0,Conservador,Nepal
137801,E-mail Marketing,2024-07-29,Não Convertido,,0.0,Moderado,Ethiopia
137802,Orgânico,2024-07-31,Não Convertido,,0.0,Moderado,Netherlands Antilles
137803,Orgânico,2024-07-30,Não Convertido,,0.0,Desconhecido,French Guiana
137804,TikTok,2024-07-30,Não Convertido,,0.0,Moderado,Niger
137805,Orgânico,2024-07-30,Não Convertido,,0.0,Moderado,Philippines
137806,Orgânico,2024-08-02,Não Convertido,,0.0,Agressivo,Egypt
137807,Google Ads,2024-08-03,Não Convertido,,0.0,Agressivo,French Polynesia
137808,Google Ads,2024-08-02,Não Convertido,,0.0,Conservador,Sao Tome and Principe
137809,Orgânico,2024-08-01,Não Convertido,,0.0,Moderado,Thailand
137810,Google Ads,2024-08-03,Não Convertido,,0.0,Agressivo,Turks and Caicos Islands
137811,Orgânico,2024-07-29,Não Convertido,,0.0,Conservador,Portugal
137812,E-mail Marketing,2024-08-03,Não Convertido,,0.0,Conservador,Guatemala
137813,Orgânico,2024-07-29,Não Convertido,,0.0,Moderado,Lithuania
137814,Orgânico,2024-07-29,Não Convertido,,0.0,Desconhecido,Bermuda
137815,TikTok,2024-08-02,Convertido,18.0,5094.25,Agressivo,Saint Martin
137816,Orgânico,2024-07-30,Não Convertido,,0.0,Agressivo,Hungary
137817,Google Ads,2024-08-01,Não Convertido,,0.0,Agressivo,Puerto Rico
137818,Orgânico,2024-08-03,Não Convertido,,0.0,Agressivo,United Kingdom
137819,YouTube Ads,2024-08-03,Não Convertido,,0.0,Conservador,Lesotho
137820,WhatsApp,2024-08-02,Não Convertido,,0.0,Moderado,United States Virgin Islands
137821,Facebook,2024-07-31,Não Convertido,,0.0,Conservador,Yemen
137822,TikTok,2024-07-29,Não Convertido,,0.0,Moderado,Finland
137823,Instagram,2024-08-02,Não Convertido,,0.0,Moderado,Ethiopia
137824,Orgânico,2024-08-01,Não Convertido,,0.0,Conservador,Honduras
137825,Facebook,2024-08-01,Não Convertido,,0.0,Moderado,Netherlands Antilles
137826,Google Ads,2024-08-02,Não Convertido,,0.0,Agressivo,Tunisia
137827,Facebook,2024-07-29,Não Convertido,,0.0,Moderado,Panama
137828,TikTok,2024-07-30,Não Convertido,,0.0,Desconhecido,Panama
137829,Facebook,2024-08-02,Não Convertido,,0.0,Moderado,Norfolk Island
137830,Orgânico,2024-08-01,Não Convertido,,0.0,Agressivo,Latvia
137831,WhatsApp,2024-07-31,Não Convertido,,0.0,Conservador,Japan
137832,Instagram,2024-07-30,Não Convertido,,0.0,Agressivo,Antarctica (the territory South of 60 deg S)
137833,Orgânico,2024-08-01,Não Convertido,,0.0,Agressivo,Guam
137834,WhatsApp,2024-08-02,Não Convertido,,0.0,Agressivo,Cuba
137835,E-mail Marketing,2024-08-03,Não Convertido,,0.0,Conservador,Gibraltar
137836,WhatsApp,2024-07-30,Não Convertido,,0.0,Moderado,Antarctica (the territory South of 60 deg S)
137837,Facebook,2024-08-01,Não Convertido,,0.0,Agressivo,Guatemala
137838,Orgânico,2024-08-02,Não Convertido,,0.0,Moderado,Egypt
137839,Facebook,2024-08-03,Não Convertido,,0.0,Moderado,Thailand
137840,Orgânico,2024-08-02,Não Convertido,,0.0,Moderado,Myanmar
137841,Google Ads,2024-08-03,Não Convertido,,0.0,Desconhecido,Timor-Leste
137842,TikTok,2024-07-31,Não Convertido,,0.0,Moderado,Guam
137843,WhatsApp,2024-08-02,Não Convertido,,0.0,Moderado,Cuba
137844,Facebook,2024-07-31,Não Convertido,,0.0,Desconhecido,Kuwait
137845,Indicação,2024-08-01,Não Convertido,,0.0,Agressivo,Netherlands Antilles
137846,Orgânico,2024-08-03,Não Convertido,,0.0,Conservador,Gambia
137847,TikTok,2024-08-03,Não Convertido,,0.0,Moderado,Sao Tome and Principe
137848,YouTube Ads,2024-08-02,Não Convertido,,0.0,Moderado,Colombia
137849,TikTok,2024-08-03,Não Convertido,,0.0,Agressivo,Barbados
137850,Facebook,2024-08-01,Não Convertido,,0.0,Agressivo,Anguilla
137851,Orgânico,2024-08-01,Não Convertido,,0.0,Moderado,Norway
137852,Orgânico,2024-07-29,Não Convertido,,0.0,Moderado,British Indian Ocean Territory (Chagos Archipelago)
137853,E-mail Marketing,2024-07-31,Não Convertido,,0.0,Moderado,Brunei Darussalam
137854,Orgânico,2024-08-03,Não Convertido,,0.0,Moderado,Guadeloupe
137855,Google Ads,2024-08-02,Não Convertido,,0.0,Moderado,Netherlands
137856,Indicação,2024-08-02,Não Convertido,,0.0,Conservador,Antigua and Barbuda
137857,E-mail Marketing,2024-07-30,Não Convertido,,0.0,Agressivo,Estonia
137858,TikTok,2024-07-29,Não Convertido,,0.0,Conservador,Algeria
137859,Orgânico,2024-08-03,Não Convertido,,0.0,Conservador,Sudan
137860,Facebook,2024-08-03,Não Convertido,,0.0,Moderado,Congo
137861,Facebook,2024-07-31,Não Convertido,,0.0,Moderado,French Polynesia
137862,TikTok,2024-08-03,Não Convertido,,0.0,Agressivo,Denmark
137863,Orgânico,2024-08-02,Não Convertido,,0.0,Moderado,Colombia
137864,WhatsApp,2024-08-03,Não Convertido,,0.0,Agressivo,Kiribati
137865,Instagram,2024-07-30,Não Convertido,,0.0,Conservador,Cook Islands
137866,E-mail Marketing,2024-07-30,Não Convertido,,0.0,Agressivo,Jordan
137867,Facebook,2024-07-31,Não Convertido,,0.0,Agressivo,Gabon
137868,E-mail Marketing,2024-07-29,Não Convertido,,0.0,Agressivo,Zimbabwe
137869,Orgânico,2024-08-02,Não Convertido,,0.0,Desconhecido,Finland
137870,Instagram,2024-08-03,Não Convertido,,0.0,Moderado,Kenya
137871,Instagram,2024-07-30,Não Convertido,,0.0,Conservador,Ireland
137872,E-mail Marketing,2024-08-03,Não Convertido,,0.0,Desconhecido,Falkland Islands (Malvinas)
137873,Instagram,2024-07-29,Convertido,24.0,2971.08,Moderado,Micronesia
137874,Instagram,2024-07-30,Não Convertido,,0.0,Agressivo,Ireland
137875,TikTok,2024-08-03,Não Convertido,,0.0,Desconhecido,South Georgia and the South Sandwich Islands
137876,WhatsApp,2024-07-30,Não Convertido,,0.0,Moderado,New Caledonia
137877,Orgânico,2024-07-29,Não Convertido,,0.0,Desconhecido,Eritrea
137878,Orgânico,2024-07-29,Não Convertido,,0.0,Conservador,Turks and Caicos Islands
137879,Orgânico,2024-08-03,Não Convertido,,0.0,Agressivo,Saint Lucia
137880,TikTok,2024-08-02,Não Convertido,,0.0,Moderado,Azerbaijan
137881,Google Ads,2024-07-31,Não Convertido,,0.0,Moderado,Thailand
137882,Facebook,2024-08-01,Não Convertido,,0.0,Moderado,El Salvador
137883,E-mail Marketing,2024-07-31,Não Convertido,,0.0,Conservador,Norfolk Island
137884,YouTube Ads,2024-08-03,Não Convertido,,0.0,Moderado,Djibouti
137885,WhatsApp,2024-07-31,Não Convertido,,0.0,Moderado,Niger
137886,Orgânico,2024-07-30,Não Convertido,,0.0,Moderado,French Polynesia
137887,WhatsApp,2024-07-30,Não Convertido,,0.0,Moderado,Malta
137888,Google Ads,2024-08-02,Não Convertido,,0.0,Desconhecido,North Macedonia
137889,Instagram,2024-07-29,Não Convertido,,0.0,Moderado,Central African Republic
137890,WhatsApp,2024-07-31,Não Convertido,,0.0,Moderado,Palau
137891,Indicação,2024-07-30,Não Convertido,,0.0,Agressivo,Gibraltar
137892,Orgânico,2024-08-02,Não Convertido,,0.0,Agressivo,San Marino
137893,Facebook,2024-07-29,Não Convertido,,0.0,Moderado,Pakistan
137894,TikTok,2024-08-03,Não Convertido,,0.0,Agressivo,Northern Mariana Islands
137895,E-mail Marketing,2024-07-30,Não Convertido,,0.0,Moderado,Svalbard & Jan Mayen Islands
137896,Indicação,2024-08-01,Não Convertido,,0.0,Conservador,Benin
137897,E-mail Marketing,2024-08-02,Não Convertido,,0.0,Moderado,Cyprus
137898,WhatsApp,2024-07-31,Não Convertido,,0.0,Moderado,Tonga
137899,Orgânico,2024-08-03,Não Convertido,,0.0,Moderado,Congo
137900,WhatsApp,2024-07-29,Não Convertido,,0.0,Moderado,Serbia
137901,TikTok,2024-07-30,Convertido,26.0,2492.26,Moderado,Guatemala
137902,Indicação,2024-07-29,Não Convertido,,0.0,Agressivo,Heard Island and McDonald Islands
137903,Indicação,2024-07-31,Não Convertido,,0.0,Agressivo,British Virgin Islands
137904,E-mail Marketing,2024-08-03,Não Convertido,,0.0,Moderado,Mauritania
137905,Instagram,2024-08-01,Não Convertido,,0.0,Agressivo,Uruguay
137906,Orgânico,2024-07-30,Não Convertido,,0.0,Conservador,Yemen
137907,TikTok,2024-08-03,Não Convertido,,0.0,Agressivo,Albania
137908,Orgânico,2024-07-31,Não Convertido,,0.0,Agressivo,Nigeria
137909,Google Ads,2024-07-31,Não Convertido,,0.0,Conservador,Angola
137910,Google Ads,2024-07-30,Não Convertido,,0.0,Moderado,Yemen
137911,Facebook,2024-07-31,Não Convertido,,0.0,Moderado,North Macedonia
137912,Instagram,2024-07-29,Não Convertido,,0.0,Desconhecido,Gibraltar
137913,E-mail Marketing,2024-07-30,Não Convertido,,0.0,Moderado,Italy
137914,Orgânico,2024-07-30,Não Convertido,,0.0,Agressivo,New Caledonia
137915,Google Ads,2024-08-02,Não Convertido,,0.0,Conservador,Congo
137916,TikTok,2024-08-03,Não Convertido,,0.0,Moderado,Angola
137917,YouTube Ads,2024-08-01,Não Convertido,,0.0,Moderado,Tuvalu
137918,Facebook,2024-07-31,Convertido,21.0,450.74,Desconhecido,French Polynesia
137919,TikTok,2024-08-02,Não Convertido,,0.0,Agressivo,Morocco
137920,E-mail Marketing,2024-08-01,Não Convertido,,0.0,Moderado,Switzerland
137921,TikTok,2024-08-02,Não Convertido,,0.0,Moderado,Guam
137922,Orgânico,2024-07-30,Convertido,25.0,2456.99,Moderado,Turkey
137923,TikTok,2024-08-01,Não Convertido,,0.0,Moderado,Jordan
137924,YouTube Ads,2024-07-29,Não Convertido,,0.0,Conservador,China
137925,YouTube Ads,2024-07-31,Não Convertido,,0.0,Conservador,Antigua and Barbuda
137926,TikTok,2024-07-29,Não Convertido,,0.0,Conservador,Germany
137927,TikTok,2024-08-03,Não Convertido,,0.0,Conservador,Kyrgyz Republic
137928,TikTok,2024-07-29,Não Convertido,,0.0,Desconhecido,Montenegro
137929,Instagram,2024-07-30,Não Convertido,,0.0,Desconhecido,Namibia
137930,WhatsApp,2024-07-30,Não Convertido,,0.0,Agressivo,Kyrgyz Republic
137931,TikTok,2024-07-29,Não Convertido,,0.0,Conservador,Costa Rica
137932,Instagram,2024-08-03,Não Convertido,,0.0,Moderado,Oman
137933,TikTok,2024-08-01,Não Convertido,,0.0,Agressivo,Palestinian Territory
137934,TikTok,2024-07-31,Não Convertido,,0.0,Moderado,Bosnia and Herzegovina
137935,Instagram,2024-07-29,Não Convertido,,0.0,Moderado,Gambia
137936,TikTok,2024-08-03,Não Convertido,,0.0,Moderado,British Virgin Islands
137937,Instagram,2024-08-01,Não Convertido,,0.0,Moderado,Suriname
137938,Orgânico,2024-08-01,Não Convertido,,0.0,Desconhecido,Canada
137939,TikTok,2024-07-31,Não Convertido,,0.0,Conservador,New Caledonia
137940,Instagram,2024-08-01,Não Convertido,,0.0,Moderado,Cayman Islands
137941,Google Ads,2024-08-01,Não Convertido,,0.0,Agressivo,Andorra
137942,TikTok,2024-08-01,Não Convertido,,0.0,Moderado,Lebanon
137943,Indicação,2024-08-02,Não Convertido,,0.0,Agressivo,Poland
137944,Google Ads,2024-07-29,Não Convertido,,0.0,Agressivo,Liechtenstein
137945,Instagram,2024-08-03,Não Convertido,,0.0,Moderado,Libyan Arab Jamahiriya
137946,Facebook,2024-07-29,Não Convertido,,0.0,Agressivo,Guernsey
137947,TikTok,2024-07-30,Não Convertido,,0.0,Agressivo,Tajikistan
137948,WhatsApp,2024-07-31,Não Convertido,,0.0,Agressivo,Kenya
137949,Facebook,2024-08-03,Não Convertido,,0.0,Agressivo,Uruguay
137950,E-mail Marketing,2024-07-31,Não Convertido,,0.0,Conservador,Taiwan
137951,TikTok,2024-08-03,Não Convertido,,0.0,Agressivo,San Marino
137952,Google Ads,2024-07-31,Não Convertido,,0.0,Agressivo,Palau
137953,Facebook,2024-07-29,Não Convertido,,0.0,Conservador,Western Sahara
137954,TikTok,2024-07-30,Não Convertido,,0.0,Moderado,Jamaica
137955,Facebook,2024-08-01,Não Convertido,,0.0,Moderado,Turkey
137956,Instagram,2024-07-30,Não Convertido,,0.0,Conservador,Lesotho
137957,WhatsApp,2024-07-29,Não Convertido,,0.0,Moderado,Dominican Republic
137958,TikTok,2024-07-31,Não Convertido,,0.0,Moderado,Senegal
137959,Indicação,2024-07-30,Convertido,8.0,4033.93,Desconhecido,Taiwan
137960,Orgânico,2024-07-29,Não Convertido,,0.0,Agressivo,Somalia
137961,Orgânico,2024-07-31,Não Convertido,,0.0,Moderado,Guam
137962,Indicação,2024-08-02,Não Convertido,,0.0,Desconhecido,Suriname
137963,Orgânico,2024-07-30,Não Convertido,,0.0,Moderado,El Salvador
137964,Instagram,2024-07-31,Não Convertido,,0.0,Moderado,Russian Federation
137965,Instagram,2024-08-01,Não Convertido,,0.0,Agressivo,Guatemala
137966,TikTok,2024-07-30,Não Convertido,,0.0,Agressivo,Isle of Man
137967,Facebook,2024-07-31,Não Convertido,,0.0,Moderado,Hungary
137968,Orgânico,2024-07-29,Não Convertido,,0.0,Conservador,Qatar
137969,Orgânico,2024-07-30,Não Convertido,,0.0,Desconhecido,Palestinian Territory
137970,Orgânico,2024-07-31,Não Convertido,,0.0,Agressivo,Germany
137971,E-mail Marketing,2024-08-01,Não Convertido,,0.0,Agressivo,Nauru
137972,Instagram,2024-08-01,Não Convertido,,0.0,Desconhecido,Christmas Island
137973,Google Ads,2024-07-29,Não Convertido,,0.0,Moderado,Saint Pierre and Miquelon
137974,Google Ads,2024-07-31,Não Convertido,,0.0,Agressivo,Bolivia
137975,Facebook,2024-08-03,Não Convertido,,0.0,Agressivo,Sierra Leone
137976,Indicação,2024-07-29,Não Convertido,,0.0,Conservador,Bhutan
137977,Instagram,2024-07-29,Não Convertido,,0.0,Agressivo,Kenya
137978,Google Ads,2024-07-29,Não Convertido,,0.0,Moderado,Jersey
137979,TikTok,2024-07-29,Não Convertido,,0.0,Agressivo,Falkland Islands (Malvinas)
137980,Google Ads,2024-08-03,Não Convertido,,0.0,Moderado,Kazakhstan
137981,Orgânico,2024-08-01,Não Convertido,,0.0,Desconhecido,Lithuania
137982,TikTok,2024-08-03,Não Convertido,,0.0,Moderado,Guatemala
137983,Orgânico,2024-07-29,Não Convertido,,0.0,Moderado,Korea
137984,Orgânico,2024-07-30,Não Convertido,,0.0,Agressivo,Northern Mariana Islands
137985,E-mail Marketing,2024-08-01,Não Convertido,,0.0,Conservador,Guernsey
137986,Instagram,2024-08-02,Não Convertido,,0.0,Moderado,Aruba
137987,Orgânico,2024-08-03,Não Convertido,,0.0,Moderado,Kenya
137988,Orgânico,2024-08-03,Não Convertido,,0.0,Moderado,Lesotho
137989,Instagram,2024-08-02,Não Convertido,,0.0,Desconhecido,Mauritius
137990,YouTube Ads,2024-08-02,Não Convertido,,0.0,Desconhecido,Netherlands Antilles
137991,Orgânico,2024-07-30,Não Convertido,,0.0,Moderado,Armenia
137992,WhatsApp,2024-07-31,Não Convertido,,0.0,Conservador,North Macedonia
137993,TikTok,2024-08-03,Não Convertido,,0.0,Agressivo,Ukraine
137994,TikTok,2024-07-31,Convertido,27.0,9713.57,Agressivo,Monaco
137995,Google Ads,2024-08-03,Não Convertido,,0.0,Conservador,Montenegro
137996,TikTok,2024-07-29,Convertido,1.0,8800.51,Agressivo,Kenya
137997,Facebook,2024-07-30,Não Convertido,,0.0,Agressivo,Turks and Caicos Islands
137998,Instagram,2024-08-02,Não Convertido,,0.0,Agressivo,Bouvet Island (Bouvetoya)
137999,Instagram,2024-07-30,Não Convertido,,0.0,Moderado,United States of America
138000,Google Ads,2024-08-03,Não Convertido,,0.0,Desconhecido,Reunion
138001,E-mail Marketing,2024-07-30,Não Convertido,,0.0,Agressivo,Colombia
138002,Google Ads,2024-07-29,Não Convertido,,0.0,Moderado,Guam
138003,TikTok,2024-08-01,Não Convertido,,0.0,Conservador,Slovenia
138004,Instagram,2024-08-01,Não Convertido,,0.0,Moderado,Lithuania
138005,Instagram,2024-08-01,Não Convertido,,0.0,Agressivo,Jamaica
138006,Instagram,2024-08-02,Não Convertido,,0.0,Moderado,Micronesia
138007,TikTok,2024-07-29,Não Convertido,,0.0,Desconhecido,Gibraltar
138008,Orgânico,2024-08-01,Não Convertido,,0.0,Moderado,Gambia
138009,Orgânico,2024-07-30,Não Convertido,,0.0,Moderado,Czech Republic
138010,Indicação,2024-08-02,Não Convertido,,0.0,Moderado,Brazil
138011,E-mail Marketing,2024-07-29,Não Convertido,,0.0,Moderado,Antarctica (the territory South of 60 deg S)
138012,E-mail Marketing,2024-07-30,Não Convertido,,0.0,Agressivo,Libyan Arab Jamahiriya
138013,TikTok,2024-08-02,Não Convertido,,0.0,Agressivo,Australia
138014,Google Ads,2024-07-29,Não Convertido,,0.0,Agressivo,Slovakia (Slovak Republic)
138015,TikTok,2024-08-01,Não Convertido,,0.0,Moderado,Dominica
138016,E-mail Marketing,2024-07-29,Não Convertido,,0.0,Agressivo,Syrian Arab Republic
138017,TikTok,2024-08-02,Não Convertido,,0.0,Moderado,Niue
138018,Orgânico,2024-07-30,Não Convertido,,0.0,Moderado,Italy
138019,E-mail Marketing,2024-07-31,Não Convertido,,0.0,Conservador,Poland
138020,Google Ads,2024-08-01,Não Convertido,,0.0,Agressivo,Saudi Arabia
138021,YouTube Ads,2024-08-01,Não Convertido,,0.0,Agressivo,Isle of Man
138022,Google Ads,2024-08-02,Não Convertido,,0.0,Agressivo,United Arab Emirates
138023,TikTok,2024-07-30,Não Convertido,,0.0,Moderado,Belarus
138024,Orgânico,2024-08-01,Não Convertido,,0.0,Moderado,Samoa
138025,Instagram,2024-07-29,Não Convertido,,0.0,Moderado,Togo
138026,WhatsApp,2024-08-03,Convertido,28.0,7702.81,Agressivo,Morocco
138027,Instagram,2024-07-29,Não Convertido,,0.0,Conservador,Australia
138028,Facebook,2024-08-01,Não Convertido,,0.0,Conservador,Austria
138029,Facebook,2024-08-02,Não Convertido,,0.0,Moderado,Saint Lucia
138030,Instagram,2024-07-30,Não Convertido,,0.0,Moderado,Senegal
138031,Orgânico,2024-07-29,Não Convertido,,0.0,Desconhecido,Qatar
138032,Indicação,2024-07-30,Convertido,8.0,9828.06,Conservador,Greenland
138033,Orgânico,2024-07-31,Não Convertido,,0.0,Agressivo,Lao People's Democratic Republic
138034,Instagram,2024-07-31,Não Convertido,,0.0,Desconhecido,Niger
138035,Instagram,2024-08-03,Não Convertido,,0.0,Conservador,Fiji
138036,Indicação,2024-08-03,Não Convertido,,0.0,Moderado,Saint Helena
138037,YouTube Ads,2024-07-29,Não Convertido,,0.0,Agressivo,Guinea-Bissau
138038,Google Ads,2024-08-01,Não Convertido,,0.0,Conservador,Kiribati
138039,Instagram,2024-07-31,Não Convertido,,0.0,Desconhecido,Ireland
138040,Orgânico,2024-08-03,Não Convertido,,0.0,Moderado,New Caledonia
138041,Google Ads,2024-07-31,Não Convertido,,0.0,Desconhecido,Norfolk Island
138042,Facebook,2024-08-02,Não Convertido,,0.0,Moderado,Mongolia
138043,E-mail Marketing,2024-08-02,Não Convertido,,0.0,Conservador,Latvia
138044,Instagram,2024-07-29,Não Convertido,,0.0,Desconhecido,Mongolia
138045,Facebook,2024-07-30,Não Convertido,,0.0,Conservador,Romania
138046,Instagram,2024-08-01,Não Convertido,,0.0,Moderado,Cocos (Keeling) Islands
138047,Orgânico,2024-07-29,Não Convertido,,0.0,Agressivo,Slovenia
138048,Instagram,2024-08-01,Não Convertido,,0.0,Conservador,French Polynesia
138049,TikTok,2024-08-02,Não Convertido,,0.0,Desconhecido,Bahamas
138050,Orgânico,2024-08-03,Não Convertido,,0.0,Desconhecido,Serbia
138051,Indicação,2024-08-01,Não Convertido,,0.0,Desconhecido,French Guiana
138052,Instagram,2024-07-31,Não Convertido,,0.0,Agressivo,Jamaica
138053,Orgânico,2024-08-02,Não Convertido,,0.0,Agressivo,United States Virgin Islands
138054,E-mail Marketing,2024-07-29,Não Convertido,,0.0,Agressivo,Luxembourg
138055,YouTube Ads,2024-08-03,Não Convertido,,0.0,Moderado,Bermuda
138056,YouTube Ads,2024-07-30,Não Convertido,,0.0,Conservador,Mayotte
138057,Facebook,2024-07-31,Não Convertido,,0.0,Moderado,Cameroon
138058,Google Ads,2024-07-30,Não Convertido,,0.0,Agressivo,Poland
138059,Google Ads,2024-08-01,Não Convertido,,0.0,Conservador,Togo
138060,TikTok,2024-08-03,Não Convertido,,0.0,Moderado,Montserrat
138061,WhatsApp,2024-08-02,Não Convertido,,0.0,Desconhecido,Samoa
138062,Facebook,2024-08-02,Não Convertido,,0.0,Moderado,Monaco
138063,YouTube Ads,2024-08-01,Não Convertido,,0.0,Moderado,Greece
138064,Google Ads,2024-07-31,Não Convertido,,0.0,Moderado,Ghana
138065,Orgânico,2024-07-30,Não Convertido,,0.0,Moderado,El Salvador
138066,Instagram,2024-08-03,Não Convertido,,0.0,Conservador,Sweden
138067,Orgânico,2024-07-30,Não Convertido,,0.0,Moderado,Mongolia
138068,TikTok,2024-08-02,Não Convertido,,0.0,Agressivo,Israel
138069,Facebook,2024-07-31,Não Convertido,,0.0,Moderado,Kuwait
138070,E-mail Marketing,2024-07-30,Não Convertido,,0.0,Desconhecido,Uganda
138071,WhatsApp,2024-07-31,Não Convertido,,0.0,Moderado,United Arab Emirates
138072,Orgânico,2024-07-29,Não Convertido,,0.0,Agressivo,Gambia
138073,Orgânico,2024-08-03,Não Convertido,,0.0,Conservador,New Zealand
138074,Orgânico,2024-08-01,Convertido,24.0,4608.18,Moderado,French Guiana
138075,Orgânico,2024-07-29,Não Convertido,,0.0,Moderado,Burundi
138076,TikTok,2024-07-31,Convertido,27.0,1438.83,Desconhecido,Netherlands
138077,Orgânico,2024-08-03,Não Convertido,,0.0,Moderado,Austria
138078,YouTube Ads,2024-08-03,Não Convertido,,0.0,Moderado,Myanmar
138079,Facebook,2024-08-03,Não Convertido,,0.0,Agressivo,Timor-Leste
138080,WhatsApp,2024-08-03,Não Convertido,,0.0,Agressivo,Austria
138081,Orgânico,2024-08-01,Não Convertido,,0.0,Desconhecido,United Kingdom
138082,Facebook,2024-07-31,Não Convertido,,0.0,Moderado,Faroe Islands
138083,Facebook,2024-08-01,Não Convertido,,0.0,Moderado,Seychelles
138084,E-mail Marketing,2024-08-01,Não Convertido,,0.0,Moderado,Venezuela
138085,Instagram,2024-08-02,Não Convertido,,0.0,Conservador,Romania
138086,Google Ads,2024-08-02,Não Convertido,,0.0,Moderado,Burundi
138087,Instagram,2024-07-30,Não Convertido,,0.0,Desconhecido,Venezuela
138088,Instagram,2024-08-01,Não Convertido,,0.0,Conservador,Samoa
138089,Orgânico,2024-08-03,Não Convertido,,0.0,Moderado,Oman
138090,Facebook,2024-07-31,Não Convertido,,0.0,Conservador,Vanuatu
138091,Indicação,2024-07-29,Não Convertido,,0.0,Moderado,Guernsey
138092,Facebook,2024-07-31,Não Convertido,,0.0,Agressivo,Antigua and Barbuda
138093,Instagram,2024-08-02,Não Convertido,,0.0,Moderado,Nepal
138094,YouTube Ads,2024-07-31,Não Convertido,,0.0,Desconhecido,Algeria
138095,Facebook,2024-08-02,Não Convertido,,0.0,Moderado,Belize
138096,Google Ads,2024-08-02,Não Convertido,,0.0,Conservador,Montserrat
138097,Facebook,2024-08-03,Não Convertido,,0.0,Agressivo,Venezuela
138098,Facebook,2024-07-30,Não Convertido,,0.0,Agressivo,Belgium
138099,Google Ads,2024-07-31,Não Convertido,,0.0,Moderado,Malta
138100,WhatsApp,2024-08-02,Não Convertido,,0.0,Moderado,Saint Kitts and Nevis
138101,Orgânico,2024-07-29,Não Convertido,,0.0,Moderado,Italy
138102,Orgânico,2024-08-02,Não Convertido,,0.0,Moderado,Suriname
138103,E-mail Marketing,2024-08-01,Não Convertido,,0.0,Conservador,Rwanda
138104,E-mail Marketing,2024-07-29,Não Convertido,,0.0,Conservador,Cook Islands
138105,YouTube Ads,2024-07-31,Não Convertido,,0.0,Conservador,Cape Verde
138106,Instagram,2024-07-31,Não Convertido,,0.0,Desconhecido,Luxembourg
138107,Orgânico,2024-08-01,Não Convertido,,0.0,Agressivo,Egypt
138108,WhatsApp,2024-07-31,Convertido,16.0,6115.4,Conservador,Mali
138109,Facebook,2024-08-03,Não Convertido,,0.0,Agressivo,Tonga
138110,Orgânico,2024-08-03,Não Convertido,,0.0,Agressivo,Niger
138111,Indicação,2024-08-03,Não Convertido,,0.0,Moderado,Ireland
138112,Orgânico,2024-08-02,Convertido,10.0,4837.33,Agressivo,Libyan Arab Jamahiriya
138113,WhatsApp,2024-07-31,Não Convertido,,0.0,Moderado,Croatia
138114,Facebook,2024-08-03,Não Convertido,,0.0,Agressivo,Azerbaijan
138115,TikTok,2024-08-03,Não Convertido,,0.0,Moderado,Marshall Islands
138116,Indicação,2024-08-01,Não Convertido,,0.0,Conservador,Libyan Arab Jamahiriya
138117,WhatsApp,2024-08-02,Não Convertido,,0.0,Conservador,Ethiopia
138118,Indicação,2024-07-29,Não Convertido,,0.0,Moderado,Netherlands
138119,E-mail Marketing,2024-07-29,Não Convertido,,0.0,Agressivo,Saint Barthelemy
138120,WhatsApp,2024-07-31,Não Convertido,,0.0,Conservador,Dominican Republic
138121,WhatsApp,2024-07-31,Não Convertido,,0.0,Desconhecido,Namibia
138122,Google Ads,2024-08-03,Não Convertido,,0.0,Moderado,Cape Verde
138123,Orgânico,2024-08-03,Não Convertido,,0.0,Conservador,Chad
138124,TikTok,2024-08-01,Não Convertido,,0.0,Conservador,Cote d'Ivoire
138125,Facebook,2024-07-30,Não Convertido,,0.0,Moderado,Puerto Rico
138126,TikTok,2024-08-03,Não Convertido,,0.0,Desconhecido,Tajikistan
138127,Facebook,2024-07-31,Não Convertido,,0.0,Agressivo,Cyprus
138128,Orgânico,2024-07-30,Não Convertido,,0.0,Moderado,Kiribati
138129,Instagram,2024-07-31,Não Convertido,,0.0,Conservador,Moldova
138130,Instagram,2024-07-31,Não Convertido,,0.0,Agressivo,Estonia
138131,Facebook,2024-07-29,Não Convertido,,0.0,Moderado,Saint Martin
138132,TikTok,2024-07-31,Não Convertido,,0.0,Conservador,Jordan
138133,Orgânico,2024-08-02,Não Convertido,,0.0,Conservador,Sri Lanka
138134,Orgânico,2024-07-29,Não Convertido,,0.0,Desconhecido,Montserrat
138135,Google Ads,2024-07-30,Não Convertido,,0.0,Agressivo,Netherlands Antilles
138136,Facebook,2024-07-30,Não Convertido,,0.0,Moderado,Lesotho
138137,Google Ads,2024-07-31,Convertido,29.0,5844.73,Agressivo,United Arab Emirates
138138,Orgânico,2024-08-03,Não Convertido,,0.0,Moderado,Spain
138139,Facebook,2024-08-01,Não Convertido,,0.0,Agressivo,Germany
138140,Orgânico,2024-08-02,Não Convertido,,0.0,Conservador,Niger
138141,Orgânico,2024-07-31,Não Convertido,,0.0,Desconhecido,Czech Republic
138142,YouTube Ads,2024-07-31,Não Convertido,,0.0,Moderado,Canada
138143,Orgânico,2024-08-02,Não Convertido,,0.0,Agressivo,Tokelau
138144,WhatsApp,2024-08-03,Não Convertido,,0.0,Moderado,Benin
138145,Instagram,2024-08-01,Não Convertido,,0.0,Desconhecido,Paraguay
138146,Indicação,2024-07-31,Convertido,16.0,4179.55,Conservador,Cuba
138147,Indicação,2024-07-31,Não Convertido,,0.0,Moderado,Faroe Islands
138148,Instagram,2024-07-29,Não Convertido,,0.0,Agressivo,Liberia
138149,Facebook,2024-07-29,Convertido,22.0,5052.78,Moderado,South Africa
138150,Instagram,2024-08-01,Não Convertido,,0.0,Agressivo,Slovenia
138151,Orgânico,2024-08-01,Não Convertido,,0.0,Moderado,Nicaragua
138152,Orgânico,2024-08-01,Não Convertido,,0.0,Moderado,Croatia
138153,E-mail Marketing,2024-07-30,Não Convertido,,0.0,Moderado,Bahrain
138154,E-mail Marketing,2024-07-29,Não Convertido,,0.0,Moderado,Antarctica (the territory South of 60 deg S)
138155,E-mail Marketing,2024-08-03,Não Convertido,,0.0,Moderado,Cuba
138156,Facebook,2024-08-02,Não Convertido,,0.0,Moderado,Moldova
138157,Google Ads,2024-08-03,Não Convertido,,0.0,Conservador,Kenya
138158,Instagram,2024-07-30,Convertido,1.0,6908.16,Agressivo,Georgia
138159,TikTok,2024-07-31,Não Convertido,,0.0,Moderado,Greece
138160,E-mail Marketing,2024-07-29,Não Convertido,,0.0,Desconhecido,Panama
138161,Indicação,2024-07-30,Não Convertido,,0.0,Moderado,Jordan
138162,Instagram,2024-07-30,Não Convertido,,0.0,Moderado,Sri Lanka
138163,Facebook,2024-08-03,Não Convertido,,0.0,Moderado,Ecuador
138164,Facebook,2024-07-29,Não Convertido,,0.0,Moderado,Kenya
138165,Instagram,2024-07-30,Não Convertido,,0.0,Agressivo,Equatorial Guinea
138166,Orgânico,2024-07-31,Não Convertido,,0.0,Desconhecido,Saint Vincent and the Grenadines
138167,Orgânico,2024-07-29,Não Convertido,,0.0,Conservador,Greece
138168,TikTok,2024-08-03,Não Convertido,,0.0,Agressivo,Saudi Arabia
138169,E-mail Marketing,2024-08-03,Não Convertido,,0.0,Moderado,Armenia
138170,Instagram,2024-07-30,Não Convertido,,0.0,Moderado,Belize
138171,Orgânico,2024-08-02,Não Convertido,,0.0,Desconhecido,Korea
138172,WhatsApp,2024-07-29,Não Convertido,,0.0,Moderado,Saint Kitts and Nevis
138173,Google Ads,2024-07-31,Não Convertido,,0.0,Conservador,Saint Barthelemy
138174,Google Ads,2024-07-31,Convertido,16.0,4052.03,Conservador,Argentina
138175,YouTube Ads,2024-08-02,Não Convertido,,0.0,Moderado,China
138176,Google Ads,2024-08-02,Não Convertido,,0.0,Conservador,Turks and Caicos Islands
138177,YouTube Ads,2024-07-31,Não Convertido,,0.0,Moderado,Malta
138178,E-mail Marketing,2024-08-03,Não Convertido,,0.0,Moderado,Micronesia
138179,Orgânico,2024-07-30,Não Convertido,,0.0,Agressivo,United Arab Emirates
138180,Orgânico,2024-07-30,Não Convertido,,0.0,Conservador,Marshall Islands
138181,Orgânico,2024-08-03,Não Convertido,,0.0,Conservador,Zimbabwe
138182,Facebook,2024-08-02,Não Convertido,,0.0,Conservador,Australia
138183,Indicação,2024-07-30,Não Convertido,,0.0,Moderado,United States Minor Outlying Islands
138184,YouTube Ads,2024-07-29,Não Convertido,,0.0,Conservador,Equatorial Guinea
138185,Instagram,2024-07-31,Não Convertido,,0.0,Moderado,Guyana
138186,TikTok,2024-08-01,Não Convertido,,0.0,Conservador,United Kingdom
138187,Facebook,2024-08-03,Não Convertido,,0.0,Moderado,Samoa
138188,E-mail Marketing,2024-07-31,Não Convertido,,0.0,Moderado,Philippines
138189,Google Ads,2024-07-30,Não Convertido,,0.0,Conservador,Mauritania
138190,Orgânico,2024-08-03,Não Convertido,,0.0,Moderado,Antigua and Barbuda
138191,Indicação,2024-08-01,Não Convertido,,0.0,Moderado,Russian Federation
138192,Orgânico,2024-08-01,Convertido,0.0,6787.3,Moderado,Japan
138193,WhatsApp,2024-07-30,Não Convertido,,0.0,Moderado,Guadeloupe
138194,E-mail Marketing,2024-08-03,Não Convertido,,0.0,Agressivo,Saint Barthelemy
138195,WhatsApp,2024-07-29,Não Convertido,,0.0,Agressivo,Namibia
138196,Google Ads,2024-08-01,Não Convertido,,0.0,Desconhecido,Congo
138197,WhatsApp,2024-07-29,Não Convertido,,0.0,Moderado,Puerto Rico
138198,Orgânico,2024-07-31,Não Convertido,,0.0,Moderado,Macao
138199,Instagram,2024-07-30,Não Convertido,,0.0,Moderado,Papua New Guinea
138200,Google Ads,2024-08-03,Não Convertido,,0.0,Moderado,Grenada
138201,Orgânico,2024-08-01,Não Convertido,,0.0,Desconhecido,Nauru
138202,Instagram,2024-08-01,Não Convertido,,0.0,Conservador,French Guiana
138203,E-mail Marketing,2024-08-02,Não Convertido,,0.0,Moderado,Greenland
138204,Google Ads,2024-08-02,Não Convertido,,0.0,Agressivo,Malaysia
138205,Instagram,2024-08-01,Não Convertido,,0.0,Desconhecido,Cook Islands
138206,TikTok,2024-08-01,Não Convertido,,0.0,Agressivo,Congo
138207,Instagram,2024-07-31,Não Convertido,,0.0,Agressivo,Barbados
138208,Orgânico,2024-07-29,Não Convertido,,0.0,Conservador,Solomon Islands
138209,Orgânico,2024-07-31,Não Convertido,,0.0,Conservador,Kiribati
138210,Google Ads,2024-08-01,Não Convertido,,0.0,Moderado,Western Sahara
138211,TikTok,2024-08-01,Não Convertido,,0.0,Moderado,Lebanon
138212,E-mail Marketing,2024-07-29,Não Convertido,,0.0,Moderado,Finland
138213,TikTok,2024-08-03,Não Convertido,,0.0,Moderado,Comoros
138214,WhatsApp,2024-08-01,Não Convertido,,0.0,Conservador,Croatia
138215,E-mail Marketing,2024-07-29,Não Convertido,,0.0,Agressivo,United States Virgin Islands
138216,E-mail Marketing,2024-08-01,Não Convertido,,0.0,Agressivo,Fiji
138217,YouTube Ads,2024-07-31,Não Convertido,,0.0,Conservador,Puerto Rico
138218,E-mail Marketing,2024-08-03,Não Convertido,,0.0,Moderado,Uganda
138219,YouTube Ads,2024-07-30,Não Convertido,,0.0,Moderado,Korea
138220,Facebook,2024-07-30,Não Convertido,,0.0,Agressivo,Latvia
138221,YouTube Ads,2024-08-03,Não Convertido,,0.0,Agressivo,Indonesia
138222,WhatsApp,2024-08-03,Não Convertido,,0.0,Conservador,Chad
138223,WhatsApp,2024-07-31,Não Convertido,,0.0,Moderado,Rwanda
138224,Instagram,2024-07-30,Não Convertido,,0.0,Desconhecido,Guinea-Bissau
138225,YouTube Ads,2024-07-30,Não Convertido,,0.0,Agressivo,Nepal
138226,E-mail Marketing,2024-07-29,Não Convertido,,0.0,Conservador,Switzerland
138227,Orgânico,2024-07-30,Não Convertido,,0.0,Moderado,Kiribati
138228,TikTok,2024-07-29,Não Convertido,,0.0,Conservador,Jordan
138229,Facebook,2024-07-29,Não Convertido,,0.0,Conservador,Jamaica
138230,Google Ads,2024-08-01,Não Convertido,,0.0,Moderado,Czech Republic
138231,Facebook,2024-08-03,Não Convertido,,0.0,Conservador,Finland
138232,E-mail Marketing,2024-07-31,Convertido,24.0,188.05,Agressivo,Vietnam
138233,Google Ads,2024-08-03,Não Convertido,,0.0,Desconhecido,Togo
138234,Facebook,2024-08-03,Não Convertido,,0.0,Conservador,Iceland
138235,Facebook,2024-07-31,Não Convertido,,0.0,Conservador,British Indian Ocean Territory (Chagos Archipelago)
138236,Facebook,2024-08-03,Não Convertido,,0.0,Moderado,Iceland
138237,TikTok,2024-07-31,Não Convertido,,0.0,Agressivo,Ghana
138238,Facebook,2024-07-29,Não Convertido,,0.0,Moderado,Martinique
138239,WhatsApp,2024-07-29,Convertido,28.0,5826.13,Agressivo,Nicaragua
138240,Orgânico,2024-07-30,Não Convertido,,0.0,Moderado,New Zealand
138241,TikTok,2024-07-31,Não Convertido,,0.0,Agressivo,Montserrat
138242,TikTok,2024-08-02,Não Convertido,,0.0,Moderado,Burkina Faso
138243,Orgânico,2024-08-02,Não Convertido,,0.0,Agressivo,Kyrgyz Republic
138244,Google Ads,2024-08-01,Não Convertido,,0.0,Desconhecido,Saint Kitts and Nevis
138245,WhatsApp,2024-08-01,Não Convertido,,0.0,Conservador,Cook Islands
138246,TikTok,2024-07-31,Não Convertido,,0.0,Agressivo,Mozambique
138247,YouTube Ads,2024-08-01,Não Convertido,,0.0,Agressivo,Georgia
138248,TikTok,2024-07-29,Não Convertido,,0.0,Conservador,Timor-Leste
138249,Facebook,2024-08-01,Não Convertido,,0.0,Agressivo,American Samoa
138250,Orgânico,2024-07-30,Não Convertido,,0.0,Conservador,Panama
138251,Facebook,2024-07-30,Não Convertido,,0.0,Agressivo,Trinidad and Tobago
138252,Instagram,2024-08-02,Não Convertido,,0.0,Conservador,French Southern Territories
138253,Indicação,2024-08-03,Não Convertido,,0.0,Desconhecido,Slovakia (Slovak Republic)
138254,Orgânico,2024-07-31,Não Convertido,,0.0,Conservador,Palau
138255,E-mail Marketing,2024-08-01,Não Convertido,,0.0,Agressivo,Micronesia
138256,Google Ads,2024-08-02,Não Convertido,,0.0,Conservador,Faroe Islands
138257,YouTube Ads,2024-07-30,Não Convertido,,0.0,Desconhecido,Wallis and Futuna
138258,Orgânico,2024-07-29,Não Convertido,,0.0,Agressivo,Sierra Leone
138259,YouTube Ads,2024-08-03,Não Convertido,,0.0,Agressivo,Lao People's Democratic Republic
138260,Orgânico,2024-08-01,Não Convertido,,0.0,Moderado,Seychelles
138261,Orgânico,2024-08-03,Não Convertido,,0.0,Moderado,Slovakia (Slovak Republic)
138262,Facebook,2024-08-02,Não Convertido,,0.0,Agressivo,Monaco
138263,Orgânico,2024-07-30,Não Convertido,,0.0,Moderado,Tokelau
138264,TikTok,2024-07-31,Não Convertido,,0.0,Moderado,Christmas Island
138265,WhatsApp,2024-07-31,Não Convertido,,0.0,Moderado,Djibouti
138266,TikTok,2024-07-31,Não Convertido,,0.0,Moderado,Paraguay
138267,YouTube Ads,2024-07-30,Não Convertido,,0.0,Desconhecido,Lesotho
138268,E-mail Marketing,2024-07-29,Não Convertido,,0.0,Moderado,Saint Martin
138269,TikTok,2024-07-30,Não Convertido,,0.0,Agressivo,Chad
138270,TikTok,2024-08-02,Não Convertido,,0.0,Desconhecido,Trinidad and Tobago
138271,WhatsApp,2024-07-31,Não Convertido,,0.0,Desconhecido,Argentina
138272,WhatsApp,2024-08-03,Não Convertido,,0.0,Moderado,Gibraltar
138273,Indicação,2024-08-03,Não Convertido,,0.0,Moderado,Norway
138274,Google Ads,2024-08-02,Não Convertido,,0.0,Moderado,Ukraine
138275,Instagram,2024-08-03,Não Convertido,,0.0,Agressivo,Myanmar
138276,Instagram,2024-07-30,Não Convertido,,0.0,Moderado,Congo
138277,YouTube Ads,2024-07-29,Não Convertido,,0.0,Desconhecido,Belize
138278,Google Ads,2024-08-02,Não Convertido,,0.0,Moderado,Anguilla
138279,Orgânico,2024-08-03,Não Convertido,,0.0,Conservador,Iraq
138280,Orgânico,2024-07-29,Não Convertido,,0.0,Desconhecido,Slovenia
138281,E-mail Marketing,2024-07-31,Não Convertido,,0.0,Agressivo,Benin
138282,Instagram,2024-07-31,Não Convertido,,0.0,Moderado,Seychelles
138283,E-mail Marketing,2024-07-31,Não Convertido,,0.0,Moderado,Belize
138284,Google Ads,2024-07-30,Não Convertido,,0.0,Moderado,Cameroon
138285,Facebook,2024-08-03,Não Convertido,,0.0,Moderado,Tunisia
138286,Orgânico,2024-08-01,Não Convertido,,0.0,Agressivo,Sweden
138287,Instagram,2024-07-29,Não Convertido,,0.0,Moderado,United States Virgin Islands
138288,Indicação,2024-08-01,Não Convertido,,0.0,Conservador,Greenland
138289,Facebook,2024-08-02,Não Convertido,,0.0,Moderado,Cameroon
138290,YouTube Ads,2024-07-30,Não Convertido,,0.0,Agressivo,Nauru
138291,Facebook,2024-08-02,Convertido,26.0,6656.75,Agressivo,Equatorial Guinea
138292,Instagram,2024-07-29,Não Convertido,,0.0,Moderado,Western Sahara
138293,TikTok,2024-08-03,Não Convertido,,0.0,Conservador,Mexico
138294,Google Ads,2024-08-03,Não Convertido,,0.0,Conservador,Serbia
138295,Instagram,2024-07-31,Não Convertido,,0.0,Conservador,Sweden
138296,Facebook,2024-08-03,Não Convertido,,0.0,Conservador,Faroe Islands
138297,YouTube Ads,2024-08-02,Não Convertido,,0.0,Conservador,Benin
138298,Orgânico,2024-08-01,Não Convertido,,0.0,Moderado,Iceland
138299,Instagram,2024-08-02,Não Convertido,,0.0,Agressivo,Gabon
138300,Orgânico,2024-07-30,Convertido,4.0,5382.67,Moderado,American Samoa
138301,Orgânico,2024-08-03,Convertido,16.0,8411.63,Conservador,Senegal
138302,E-mail Marketing,2024-07-29,Não Convertido,,0.0,Moderado,Saint Pierre and Miquelon
138303,WhatsApp,2024-07-31,Não Convertido,,0.0,Moderado,Sudan
138304,Facebook,2024-08-01,Não Convertido,,0.0,Conservador,Saint Helena
138305,YouTube Ads,2024-07-29,Não Convertido,,0.0,Agressivo,Guadeloupe
138306,TikTok,2024-07-30,Não Convertido,,0.0,Moderado,Morocco
138307,TikTok,2024-08-01,Não Convertido,,0.0,Desconhecido,South Georgia and the South Sandwich Islands
138308,Instagram,2024-08-01,Não Convertido,,0.0,Moderado,Sao Tome and Principe
138309,TikTok,2024-08-02,Não Convertido,,0.0,Agressivo,Ireland
138310,TikTok,2024-07-31,Não Convertido,,0.0,Agressivo,Saint Vincent and the Grenadines
138311,Orgânico,2024-08-01,Não Convertido,,0.0,Moderado,Belize
138312,Instagram,2024-07-30,Não Convertido,,0.0,Moderado,Niger
138313,YouTube Ads,2024-07-29,Não Convertido,,0.0,Conservador,Eritrea
138314,Instagram,2024-07-31,Não Convertido,,0.0,Moderado,Vietnam
138315,TikTok,2024-07-31,Não Convertido,,0.0,Conservador,Belize
