lead_id,origem,data_cadastro,status_conversao,dias_ate_1o_trade,valor_deposito,perfil,pais
144306,Instagram,2024-08-21,Não Convertido,,0.0,Moderado,Guatemala
144307,Orgânico,2024-08-21,Não Convertido,,0.0,Moderado,Switzerland
144308,Instagram,2024-08-20,Não Convertido,,0.0,Conservador,Ecuador
144309,Orgânico,2024-08-19,Não Convertido,,0.0,Agressivo,Mongolia
144310,Instagram,2024-08-19,Convertido,18.0,1285.42,Moderado,Tuvalu
144311,Facebook,2024-08-22,Convertido,10.0,9346.63,Moderado,Spain
144312,YouTube Ads,2024-08-21,Não Convertido,,0.0,Agressivo,Serbia
144313,E-mail Marketing,2024-08-23,Não Convertido,,0.0,Agressivo,San Marino
144314,Facebook,2024-08-23,Não Convertido,,0.0,Agressivo,Uruguay
144315,TikTok,2024-08-23,Não Convertido,,0.0,Agressivo,Austria
144316,TikTok,2024-08-23,Não Convertido,,0.0,Moderado,Turkmenistan
144317,TikTok,2024-08-22,Não Convertido,,0.0,Moderado,South Georgia and the South Sandwich Islands
144318,Instagram,2024-08-19,Convertido,28.0,3059.29,Conservador,Eritrea
144319,Facebook,2024-08-21,Não Convertido,,0.0,Conservador,Sweden
144320,TikTok,2024-08-20,Não Convertido,,0.0,Moderado,Cuba
144321,Google Ads,2024-08-21,Convertido,4.0,7006.0,Desconhecido,Bhutan
144322,WhatsApp,2024-08-23,Não Convertido,,0.0,Conservador,Sudan
144323,Orgânico,2024-08-20,Não Convertido,,0.0,Moderado,Andorra
144324,Google Ads,2024-08-23,Não Convertido,,0.0,Conservador,Wallis and Futuna
144325,WhatsApp,2024-08-22,Não Convertido,,0.0,Agressivo,Central African Republic
144326,WhatsApp,2024-08-23,Não Convertido,,0.0,Conservador,Venezuela
144327,Facebook,2024-08-19,Não Convertido,,0.0,Agressivo,Romania
144328,Orgânico,2024-08-21,Não Convertido,,0.0,Conservador,Congo
144329,Instagram,2024-08-22,Não Convertido,,0.0,Moderado,Angola
144330,Facebook,2024-08-19,Não Convertido,,0.0,Agressivo,Bahrain
144331,TikTok,2024-08-20,Não Convertido,,0.0,Moderado,Syrian Arab Republic
144332,E-mail Marketing,2024-08-20,Não Convertido,,0.0,Moderado,Romania
144333,Orgânico,2024-08-19,Não Convertido,,0.0,Desconhecido,Hong Kong
144334,Instagram,2024-08-23,Não Convertido,,0.0,Moderado,Czech Republic
144335,TikTok,2024-08-24,Não Convertido,,0.0,Agressivo,Denmark
144336,Google Ads,2024-08-19,Não Convertido,,0.0,Moderado,Bermuda
144337,E-mail Marketing,2024-08-23,Não Convertido,,0.0,Conservador,Guam
144338,YouTube Ads,2024-08-19,Não Convertido,,0.0,Moderado,San Marino
144339,TikTok,2024-08-21,Não Convertido,,0.0,Agressivo,Mali
144340,Instagram,2024-08-22,Não Convertido,,0.0,Conservador,Italy
144341,Facebook,2024-08-20,Não Convertido,,0.0,Moderado,Denmark
144342,Google Ads,2024-08-21,Não Convertido,,0.0,Moderado,Tokelau
144343,Facebook,2024-08-19,Não Convertido,,0.0,Agressivo,Uruguay
144344,YouTube Ads,2024-08-23,Não Convertido,,0.0,Agressivo,Madagascar
144345,TikTok,2024-08-22,Não Convertido,,0.0,Agressivo,Mauritania
144346,E-mail Marketing,2024-08-23,Não Convertido,,0.0,Desconhecido,Djibouti
144347,TikTok,2024-08-21,Não Convertido,,0.0,Conservador,Fiji
144348,Instagram,2024-08-24,Não Convertido,,0.0,Moderado,Botswana
144349,TikTok,2024-08-22,Não Convertido,,0.0,Moderado,Guatemala
144350,E-mail Marketing,2024-08-20,Não Convertido,,0.0,Moderado,Palau
144351,TikTok,2024-08-19,Não Convertido,,0.0,Agressivo,Dominica
144352,Orgânico,2024-08-24,Não Convertido,,0.0,Conservador,Latvia
144353,Orgânico,2024-08-22,Não Convertido,,0.0,Moderado,Burkina Faso
144354,Orgânico,2024-08-23,Não Convertido,,0.0,Conservador,Portugal
144355,Google Ads,2024-08-22,Não Convertido,,0.0,Desconhecido,Jersey
144356,Instagram,2024-08-22,Não Convertido,,0.0,Moderado,South Africa
144357,Instagram,2024-08-19,Não Convertido,,0.0,Moderado,Pakistan
144358,Google Ads,2024-08-21,Não Convertido,,0.0,Moderado,South Georgia and the South Sandwich Islands
144359,TikTok,2024-08-23,Não Convertido,,0.0,Agressivo,Trinidad and Tobago
144360,Facebook,2024-08-20,Não Convertido,,0.0,Agressivo,Faroe Islands
144361,Orgânico,2024-08-22,Não Convertido,,0.0,Agressivo,Bermuda
144362,TikTok,2024-08-20,Não Convertido,,0.0,Desconhecido,New Zealand
144363,YouTube Ads,2024-08-20,Não Convertido,,0.0,Moderado,Croatia
144364,E-mail Marketing,2024-08-23,Não Convertido,,0.0,Moderado,Spain
144365,WhatsApp,2024-08-23,Não Convertido,,0.0,Moderado,Serbia
144366,TikTok,2024-08-23,Não Convertido,,0.0,Conservador,Tunisia
144367,Orgânico,2024-08-24,Não Convertido,,0.0,Moderado,Libyan Arab Jamahiriya
144368,Orgânico,2024-08-19,Não Convertido,,0.0,Moderado,Mexico
144369,Facebook,2024-08-19,Não Convertido,,0.0,Agressivo,San Marino
144370,E-mail Marketing,2024-08-24,Não Convertido,,0.0,Moderado,Andorra
144371,Orgânico,2024-08-22,Não Convertido,,0.0,Moderado,Marshall Islands
144372,Google Ads,2024-08-22,Não Convertido,,0.0,Agressivo,Swaziland
144373,Orgânico,2024-08-23,Não Convertido,,0.0,Moderado,Lithuania
144374,Indicação,2024-08-23,Não Convertido,,0.0,Agressivo,Finland
144375,Facebook,2024-08-19,Não Convertido,,0.0,Moderado,Hong Kong
144376,Google Ads,2024-08-19,Não Convertido,,0.0,Agressivo,Russian Federation
144377,WhatsApp,2024-08-22,Não Convertido,,0.0,Moderado,Venezuela
144378,YouTube Ads,2024-08-23,Convertido,8.0,5526.13,Agressivo,Bhutan
144379,Indicação,2024-08-21,Não Convertido,,0.0,Moderado,Zambia
144380,Indicação,2024-08-20,Não Convertido,,0.0,Moderado,Philippines
144381,E-mail Marketing,2024-08-23,Não Convertido,,0.0,Agressivo,Spain
144382,WhatsApp,2024-08-22,Não Convertido,,0.0,Moderado,Greenland
144383,TikTok,2024-08-19,Não Convertido,,0.0,Desconhecido,Switzerland
144384,E-mail Marketing,2024-08-19,Não Convertido,,0.0,Agressivo,Niger
144385,TikTok,2024-08-22,Não Convertido,,0.0,Desconhecido,Japan
144386,Facebook,2024-08-22,Não Convertido,,0.0,Desconhecido,Solomon Islands
144387,Orgânico,2024-08-20,Não Convertido,,0.0,Moderado,Papua New Guinea
144388,Indicação,2024-08-20,Não Convertido,,0.0,Agressivo,Gambia
144389,Orgânico,2024-08-24,Não Convertido,,0.0,Conservador,Nauru
144390,Orgânico,2024-08-19,Não Convertido,,0.0,Moderado,Andorra
144391,Orgânico,2024-08-19,Não Convertido,,0.0,Desconhecido,Guernsey
144392,Instagram,2024-08-24,Não Convertido,,0.0,Agressivo,Turks and Caicos Islands
144393,TikTok,2024-08-23,Não Convertido,,0.0,Moderado,Niue
144394,Instagram,2024-08-20,Convertido,23.0,4998.18,Agressivo,Greece
144395,Facebook,2024-08-20,Não Convertido,,0.0,Agressivo,Romania
144396,Instagram,2024-08-20,Não Convertido,,0.0,Agressivo,Nauru
144397,Facebook,2024-08-19,Não Convertido,,0.0,Moderado,Tokelau
144398,Facebook,2024-08-22,Não Convertido,,0.0,Moderado,Rwanda
144399,Google Ads,2024-08-22,Não Convertido,,0.0,Moderado,Canada
144400,Indicação,2024-08-23,Não Convertido,,0.0,Moderado,Jordan
144401,Facebook,2024-08-24,Não Convertido,,0.0,Conservador,Dominican Republic
144402,TikTok,2024-08-24,Não Convertido,,0.0,Moderado,Taiwan
144403,Instagram,2024-08-23,Não Convertido,,0.0,Agressivo,Cayman Islands
144404,Facebook,2024-08-22,Não Convertido,,0.0,Conservador,New Zealand
144405,Facebook,2024-08-22,Não Convertido,,0.0,Agressivo,United States Minor Outlying Islands
144406,Instagram,2024-08-19,Não Convertido,,0.0,Agressivo,Philippines
144407,Instagram,2024-08-23,Não Convertido,,0.0,Desconhecido,Botswana
144408,Orgânico,2024-08-19,Não Convertido,,0.0,Moderado,Northern Mariana Islands
144409,YouTube Ads,2024-08-21,Não Convertido,,0.0,Agressivo,Guam
144410,Google Ads,2024-08-19,Não Convertido,,0.0,Desconhecido,Bahrain
144411,Instagram,2024-08-21,Não Convertido,,0.0,Moderado,Tajikistan
144412,WhatsApp,2024-08-19,Não Convertido,,0.0,Agressivo,Puerto Rico
144413,Instagram,2024-08-23,Não Convertido,,0.0,Agressivo,Pakistan
144414,Orgânico,2024-08-22,Não Convertido,,0.0,Moderado,Indonesia
144415,WhatsApp,2024-08-24,Não Convertido,,0.0,Desconhecido,Morocco
144416,YouTube Ads,2024-08-23,Não Convertido,,0.0,Moderado,Iceland
144417,Instagram,2024-08-20,Não Convertido,,0.0,Agressivo,Lesotho
144418,Orgânico,2024-08-21,Não Convertido,,0.0,Agressivo,Cambodia
144419,YouTube Ads,2024-08-24,Não Convertido,,0.0,Agressivo,Bermuda
144420,E-mail Marketing,2024-08-19,Não Convertido,,0.0,Agressivo,Togo
144421,TikTok,2024-08-21,Não Convertido,,0.0,Moderado,Syrian Arab Republic
144422,Google Ads,2024-08-22,Não Convertido,,0.0,Desconhecido,Palau
144423,TikTok,2024-08-22,Não Convertido,,0.0,Moderado,Dominican Republic
144424,Orgânico,2024-08-23,Não Convertido,,0.0,Moderado,Bosnia and Herzegovina
144425,Google Ads,2024-08-21,Não Convertido,,0.0,Agressivo,Cuba
144426,E-mail Marketing,2024-08-23,Não Convertido,,0.0,Moderado,United Arab Emirates
144427,Instagram,2024-08-23,Não Convertido,,0.0,Agressivo,Benin
144428,Google Ads,2024-08-21,Não Convertido,,0.0,Desconhecido,Turks and Caicos Islands
144429,Google Ads,2024-08-24,Não Convertido,,0.0,Conservador,Mayotte
144430,Orgânico,2024-08-22,Convertido,13.0,2352.21,Conservador,Tonga
144431,Google Ads,2024-08-21,Não Convertido,,0.0,Agressivo,Dominica
144432,E-mail Marketing,2024-08-22,Não Convertido,,0.0,Moderado,Mozambique
144433,Google Ads,2024-08-22,Não Convertido,,0.0,Agressivo,Sierra Leone
144434,Instagram,2024-08-19,Não Convertido,,0.0,Moderado,Philippines
144435,Orgânico,2024-08-22,Não Convertido,,0.0,Desconhecido,Hong Kong
144436,Instagram,2024-08-19,Não Convertido,,0.0,Agressivo,Zimbabwe
144437,Orgânico,2024-08-20,Não Convertido,,0.0,Conservador,Svalbard & Jan Mayen Islands
144438,TikTok,2024-08-22,Não Convertido,,0.0,Desconhecido,Brazil
144439,E-mail Marketing,2024-08-21,Não Convertido,,0.0,Agressivo,Zambia
144440,TikTok,2024-08-21,Não Convertido,,0.0,Conservador,Uruguay
144441,Facebook,2024-08-21,Não Convertido,,0.0,Moderado,Peru
144442,Instagram,2024-08-21,Não Convertido,,0.0,Agressivo,Saint Martin
144443,WhatsApp,2024-08-21,Não Convertido,,0.0,Moderado,Iceland
144444,Orgânico,2024-08-24,Não Convertido,,0.0,Desconhecido,Poland
144445,E-mail Marketing,2024-08-24,Não Convertido,,0.0,Conservador,Dominican Republic
144446,Instagram,2024-08-20,Não Convertido,,0.0,Moderado,Saint Lucia
144447,Indicação,2024-08-24,Não Convertido,,0.0,Agressivo,Malaysia
144448,E-mail Marketing,2024-08-22,Não Convertido,,0.0,Conservador,Argentina
144449,Orgânico,2024-08-21,Não Convertido,,0.0,Conservador,Mozambique
144450,TikTok,2024-08-24,Não Convertido,,0.0,Agressivo,Equatorial Guinea
144451,Orgânico,2024-08-20,Não Convertido,,0.0,Conservador,Palau
144452,YouTube Ads,2024-08-24,Não Convertido,,0.0,Moderado,Guyana
144453,Instagram,2024-08-22,Não Convertido,,0.0,Desconhecido,Poland
144454,Instagram,2024-08-20,Não Convertido,,0.0,Moderado,Sudan
144455,Instagram,2024-08-23,Não Convertido,,0.0,Desconhecido,Malaysia
144456,WhatsApp,2024-08-23,Não Convertido,,0.0,Moderado,Mauritius
144457,Orgânico,2024-08-23,Não Convertido,,0.0,Agressivo,Canada
144458,TikTok,2024-08-19,Não Convertido,,0.0,Moderado,Sudan
144459,YouTube Ads,2024-08-20,Não Convertido,,0.0,Agressivo,United States Virgin Islands
144460,YouTube Ads,2024-08-23,Não Convertido,,0.0,Agressivo,Dominica
144461,Orgânico,2024-08-20,Não Convertido,,0.0,Conservador,Georgia
144462,Indicação,2024-08-24,Não Convertido,,0.0,Desconhecido,Korea
144463,Facebook,2024-08-24,Não Convertido,,0.0,Agressivo,Saint Lucia
144464,YouTube Ads,2024-08-20,Não Convertido,,0.0,Agressivo,Angola
144465,Instagram,2024-08-21,Não Convertido,,0.0,Agressivo,Barbados
144466,Orgânico,2024-08-21,Não Convertido,,0.0,Moderado,Uruguay
144467,E-mail Marketing,2024-08-21,Não Convertido,,0.0,Moderado,Finland
144468,Facebook,2024-08-23,Não Convertido,,0.0,Moderado,United Kingdom
144469,Instagram,2024-08-22,Não Convertido,,0.0,Agressivo,Heard Island and McDonald Islands
144470,Facebook,2024-08-23,Não Convertido,,0.0,Moderado,Qatar
144471,Orgânico,2024-08-19,Não Convertido,,0.0,Moderado,Sao Tome and Principe
144472,Google Ads,2024-08-21,Não Convertido,,0.0,Moderado,Tunisia
144473,Instagram,2024-08-22,Não Convertido,,0.0,Moderado,Namibia
144474,E-mail Marketing,2024-08-22,Não Convertido,,0.0,Conservador,Somalia
144475,Indicação,2024-08-20,Não Convertido,,0.0,Agressivo,Belarus
144476,Google Ads,2024-08-23,Não Convertido,,0.0,Conservador,Lesotho
144477,Orgânico,2024-08-23,Não Convertido,,0.0,Moderado,Holy See (Vatican City State)
144478,Orgânico,2024-08-20,Não Convertido,,0.0,Agressivo,Tunisia
144479,Orgânico,2024-08-22,Não Convertido,,0.0,Desconhecido,Sudan
144480,E-mail Marketing,2024-08-21,Não Convertido,,0.0,Moderado,Armenia
144481,E-mail Marketing,2024-08-23,Não Convertido,,0.0,Moderado,Burundi
144482,Instagram,2024-08-19,Não Convertido,,0.0,Moderado,El Salvador
144483,Orgânico,2024-08-23,Não Convertido,,0.0,Conservador,Equatorial Guinea
144484,Google Ads,2024-08-20,Não Convertido,,0.0,Agressivo,Ethiopia
144485,YouTube Ads,2024-08-21,Não Convertido,,0.0,Moderado,Greece
144486,Orgânico,2024-08-24,Não Convertido,,0.0,Moderado,Haiti
144487,Orgânico,2024-08-19,Não Convertido,,0.0,Moderado,Uzbekistan
144488,WhatsApp,2024-08-22,Não Convertido,,0.0,Moderado,South Africa
144489,YouTube Ads,2024-08-21,Não Convertido,,0.0,Moderado,Monaco
144490,E-mail Marketing,2024-08-20,Não Convertido,,0.0,Desconhecido,Romania
144491,Indicação,2024-08-20,Não Convertido,,0.0,Moderado,Marshall Islands
144492,Instagram,2024-08-22,Não Convertido,,0.0,Agressivo,Albania
144493,Facebook,2024-08-20,Não Convertido,,0.0,Moderado,Vietnam
144494,Instagram,2024-08-20,Não Convertido,,0.0,Moderado,Eritrea
144495,Indicação,2024-08-23,Não Convertido,,0.0,Moderado,New Zealand
144496,TikTok,2024-08-23,Não Convertido,,0.0,Moderado,Bosnia and Herzegovina
144497,E-mail Marketing,2024-08-23,Não Convertido,,0.0,Moderado,Liechtenstein
144498,Orgânico,2024-08-21,Não Convertido,,0.0,Moderado,Bulgaria
144499,Facebook,2024-08-24,Não Convertido,,0.0,Desconhecido,Botswana
144500,Orgânico,2024-08-19,Não Convertido,,0.0,Moderado,Trinidad and Tobago
144501,Instagram,2024-08-24,Não Convertido,,0.0,Moderado,Japan
144502,YouTube Ads,2024-08-22,Não Convertido,,0.0,Agressivo,Uzbekistan
144503,Facebook,2024-08-23,Não Convertido,,0.0,Conservador,Guam
144504,Indicação,2024-08-24,Não Convertido,,0.0,Moderado,France
144505,Instagram,2024-08-19,Não Convertido,,0.0,Conservador,Bhutan
144506,Orgânico,2024-08-22,Não Convertido,,0.0,Moderado,Spain
144507,Indicação,2024-08-23,Não Convertido,,0.0,Agressivo,Tokelau
144508,Instagram,2024-08-21,Não Convertido,,0.0,Moderado,Northern Mariana Islands
144509,Orgânico,2024-08-21,Não Convertido,,0.0,Conservador,Algeria
144510,WhatsApp,2024-08-22,Não Convertido,,0.0,Agressivo,Nigeria
144511,Instagram,2024-08-21,Não Convertido,,0.0,Moderado,Greenland
144512,YouTube Ads,2024-08-21,Não Convertido,,0.0,Agressivo,Pitcairn Islands
144513,Google Ads,2024-08-23,Não Convertido,,0.0,Moderado,Singapore
144514,E-mail Marketing,2024-08-24,Não Convertido,,0.0,Agressivo,United States Minor Outlying Islands
144515,TikTok,2024-08-23,Não Convertido,,0.0,Moderado,Netherlands Antilles
144516,E-mail Marketing,2024-08-21,Convertido,13.0,506.15,Agressivo,Malaysia
144517,Orgânico,2024-08-23,Não Convertido,,0.0,Conservador,Bhutan
144518,Google Ads,2024-08-21,Não Convertido,,0.0,Agressivo,Costa Rica
144519,Facebook,2024-08-23,Não Convertido,,0.0,Agressivo,United States Virgin Islands
144520,WhatsApp,2024-08-21,Não Convertido,,0.0,Agressivo,Trinidad and Tobago
144521,Instagram,2024-08-22,Não Convertido,,0.0,Moderado,Slovenia
144522,TikTok,2024-08-19,Não Convertido,,0.0,Conservador,North Macedonia
144523,TikTok,2024-08-21,Não Convertido,,0.0,Desconhecido,Congo
144524,Instagram,2024-08-24,Não Convertido,,0.0,Agressivo,Cape Verde
144525,TikTok,2024-08-21,Não Convertido,,0.0,Agressivo,Iran
144526,Orgânico,2024-08-24,Não Convertido,,0.0,Moderado,Colombia
144527,E-mail Marketing,2024-08-23,Não Convertido,,0.0,Agressivo,Bosnia and Herzegovina
144528,E-mail Marketing,2024-08-19,Não Convertido,,0.0,Moderado,Pakistan
144529,Instagram,2024-08-20,Não Convertido,,0.0,Agressivo,Guam
144530,Orgânico,2024-08-24,Não Convertido,,0.0,Agressivo,Romania
144531,Instagram,2024-08-20,Não Convertido,,0.0,Agressivo,Morocco
144532,Indicação,2024-08-19,Não Convertido,,0.0,Moderado,Latvia
144533,Orgânico,2024-08-24,Não Convertido,,0.0,Conservador,Hong Kong
144534,Google Ads,2024-08-20,Não Convertido,,0.0,Agressivo,Italy
144535,Indicação,2024-08-23,Convertido,27.0,3766.2,Moderado,Guam
144536,Instagram,2024-08-20,Não Convertido,,0.0,Moderado,Barbados
144537,WhatsApp,2024-08-21,Convertido,27.0,9818.66,Conservador,Italy
144538,Google Ads,2024-08-22,Não Convertido,,0.0,Conservador,Antarctica (the territory South of 60 deg S)
144539,Indicação,2024-08-19,Não Convertido,,0.0,Agressivo,Montenegro
144540,E-mail Marketing,2024-08-20,Não Convertido,,0.0,Moderado,Kiribati
144541,Instagram,2024-08-20,Não Convertido,,0.0,Moderado,Latvia
144542,Google Ads,2024-08-24,Convertido,22.0,8324.86,Agressivo,Uzbekistan
144543,TikTok,2024-08-20,Não Convertido,,0.0,Agressivo,Kuwait
144544,Instagram,2024-08-21,Não Convertido,,0.0,Moderado,Norway
144545,Facebook,2024-08-23,Não Convertido,,0.0,Conservador,Sierra Leone
144546,YouTube Ads,2024-08-23,Convertido,0.0,2491.83,Agressivo,Lebanon
144547,Google Ads,2024-08-19,Não Convertido,,0.0,Agressivo,Taiwan
144548,Instagram,2024-08-19,Convertido,17.0,3293.66,Moderado,Afghanistan
144549,E-mail Marketing,2024-08-21,Não Convertido,,0.0,Moderado,Bulgaria
144550,YouTube Ads,2024-08-19,Não Convertido,,0.0,Moderado,Suriname
144551,Orgânico,2024-08-24,Não Convertido,,0.0,Conservador,New Zealand
144552,Facebook,2024-08-19,Não Convertido,,0.0,Desconhecido,Mongolia
144553,E-mail Marketing,2024-08-19,Não Convertido,,0.0,Desconhecido,Serbia
144554,YouTube Ads,2024-08-24,Não Convertido,,0.0,Moderado,Korea
144555,Google Ads,2024-08-23,Não Convertido,,0.0,Conservador,Colombia
144556,TikTok,2024-08-21,Não Convertido,,0.0,Moderado,Samoa
144557,Instagram,2024-08-21,Não Convertido,,0.0,Desconhecido,Cape Verde
144558,YouTube Ads,2024-08-20,Não Convertido,,0.0,Agressivo,Ireland
144559,Google Ads,2024-08-22,Não Convertido,,0.0,Moderado,Costa Rica
144560,YouTube Ads,2024-08-22,Não Convertido,,0.0,Moderado,Northern Mariana Islands
144561,Orgânico,2024-08-24,Não Convertido,,0.0,Moderado,United States Minor Outlying Islands
144562,WhatsApp,2024-08-22,Convertido,2.0,6794.71,Conservador,New Caledonia
144563,WhatsApp,2024-08-21,Não Convertido,,0.0,Moderado,Belize
144564,E-mail Marketing,2024-08-20,Não Convertido,,0.0,Desconhecido,Morocco
144565,TikTok,2024-08-19,Convertido,30.0,2747.14,Moderado,Timor-Leste
144566,Google Ads,2024-08-23,Convertido,6.0,9855.42,Moderado,Liechtenstein
144567,Instagram,2024-08-20,Não Convertido,,0.0,Conservador,United Kingdom
144568,Instagram,2024-08-22,Não Convertido,,0.0,Conservador,Jordan
144569,WhatsApp,2024-08-21,Não Convertido,,0.0,Agressivo,Saint Barthelemy
144570,TikTok,2024-08-23,Não Convertido,,0.0,Conservador,Brazil
144571,Instagram,2024-08-19,Não Convertido,,0.0,Agressivo,Brunei Darussalam
144572,Facebook,2024-08-24,Não Convertido,,0.0,Agressivo,Mayotte
144573,Orgânico,2024-08-24,Não Convertido,,0.0,Conservador,Nigeria
144574,Google Ads,2024-08-20,Não Convertido,,0.0,Agressivo,Central African Republic
144575,Google Ads,2024-08-19,Não Convertido,,0.0,Agressivo,Bahamas
144576,Google Ads,2024-08-20,Não Convertido,,0.0,Moderado,Haiti
144577,Orgânico,2024-08-20,Não Convertido,,0.0,Agressivo,Saint Lucia
144578,YouTube Ads,2024-08-19,Não Convertido,,0.0,Agressivo,Slovenia
144579,WhatsApp,2024-08-20,Não Convertido,,0.0,Agressivo,Azerbaijan
144580,Indicação,2024-08-23,Não Convertido,,0.0,Conservador,North Macedonia
144581,E-mail Marketing,2024-08-24,Não Convertido,,0.0,Agressivo,Uganda
144582,Orgânico,2024-08-24,Não Convertido,,0.0,Moderado,Mongolia
144583,Instagram,2024-08-22,Não Convertido,,0.0,Conservador,Central African Republic
144584,Instagram,2024-08-21,Não Convertido,,0.0,Moderado,New Caledonia
144585,Instagram,2024-08-20,Não Convertido,,0.0,Moderado,American Samoa
144586,E-mail Marketing,2024-08-24,Não Convertido,,0.0,Moderado,South Africa
144587,Instagram,2024-08-24,Não Convertido,,0.0,Moderado,Romania
144588,Instagram,2024-08-23,Convertido,28.0,5937.96,Agressivo,Malaysia
144589,Facebook,2024-08-20,Não Convertido,,0.0,Agressivo,Niger
144590,Facebook,2024-08-24,Não Convertido,,0.0,Moderado,Taiwan
144591,Facebook,2024-08-22,Convertido,18.0,4054.97,Desconhecido,Haiti
144592,Orgânico,2024-08-24,Não Convertido,,0.0,Moderado,Palau
144593,Orgânico,2024-08-20,Não Convertido,,0.0,Moderado,Ireland
144594,Orgânico,2024-08-19,Não Convertido,,0.0,Conservador,Falkland Islands (Malvinas)
144595,Orgânico,2024-08-21,Não Convertido,,0.0,Moderado,Croatia
144596,E-mail Marketing,2024-08-24,Não Convertido,,0.0,Moderado,Congo
144597,E-mail Marketing,2024-08-23,Não Convertido,,0.0,Moderado,Portugal
144598,E-mail Marketing,2024-08-24,Não Convertido,,0.0,Agressivo,Jersey
144599,E-mail Marketing,2024-08-24,Não Convertido,,0.0,Moderado,Russian Federation
144600,TikTok,2024-08-21,Não Convertido,,0.0,Agressivo,Rwanda
144601,Google Ads,2024-08-23,Não Convertido,,0.0,Agressivo,Cape Verde
144602,Facebook,2024-08-23,Não Convertido,,0.0,Desconhecido,American Samoa
144603,Instagram,2024-08-23,Não Convertido,,0.0,Moderado,Angola
144604,Google Ads,2024-08-23,Não Convertido,,0.0,Agressivo,Ghana
144605,Orgânico,2024-08-19,Não Convertido,,0.0,Agressivo,Bolivia
144606,TikTok,2024-08-24,Não Convertido,,0.0,Conservador,Azerbaijan
144607,WhatsApp,2024-08-24,Não Convertido,,0.0,Moderado,Nicaragua
144608,Orgânico,2024-08-22,Não Convertido,,0.0,Agressivo,Montenegro
144609,TikTok,2024-08-24,Não Convertido,,0.0,Moderado,Moldova
144610,TikTok,2024-08-19,Não Convertido,,0.0,Agressivo,Ecuador
144611,Google Ads,2024-08-24,Não Convertido,,0.0,Agressivo,Korea
144612,TikTok,2024-08-19,Não Convertido,,0.0,Moderado,South Georgia and the South Sandwich Islands
144613,E-mail Marketing,2024-08-22,Não Convertido,,0.0,Agressivo,Pakistan
144614,TikTok,2024-08-24,Não Convertido,,0.0,Conservador,Northern Mariana Islands
144615,Facebook,2024-08-24,Não Convertido,,0.0,Desconhecido,United States of America
144616,E-mail Marketing,2024-08-19,Não Convertido,,0.0,Desconhecido,Brunei Darussalam
144617,Instagram,2024-08-23,Não Convertido,,0.0,Conservador,Aruba
144618,TikTok,2024-08-22,Não Convertido,,0.0,Moderado,Falkland Islands (Malvinas)
144619,TikTok,2024-08-19,Não Convertido,,0.0,Desconhecido,Mongolia
144620,E-mail Marketing,2024-08-20,Não Convertido,,0.0,Moderado,Namibia
144621,Orgânico,2024-08-20,Não Convertido,,0.0,Agressivo,Jamaica
144622,YouTube Ads,2024-08-20,Não Convertido,,0.0,Conservador,Faroe Islands
144623,TikTok,2024-08-20,Não Convertido,,0.0,Agressivo,Ghana
144624,E-mail Marketing,2024-08-24,Não Convertido,,0.0,Moderado,Sierra Leone
144625,Google Ads,2024-08-24,Não Convertido,,0.0,Conservador,Bulgaria
144626,Google Ads,2024-08-19,Não Convertido,,0.0,Moderado,Cook Islands
144627,YouTube Ads,2024-08-21,Não Convertido,,0.0,Agressivo,Burundi
144628,Facebook,2024-08-22,Não Convertido,,0.0,Agressivo,Heard Island and McDonald Islands
144629,Instagram,2024-08-24,Não Convertido,,0.0,Moderado,Falkland Islands (Malvinas)
144630,Google Ads,2024-08-23,Não Convertido,,0.0,Moderado,Montenegro
144631,Indicação,2024-08-22,Não Convertido,,0.0,Conservador,Egypt
144632,Orgânico,2024-08-19,Convertido,0.0,1396.28,Desconhecido,Iceland
144633,Facebook,2024-08-19,Não Convertido,,0.0,Moderado,Vanuatu
144634,E-mail Marketing,2024-08-22,Não Convertido,,0.0,Moderado,Iraq
144635,Google Ads,2024-08-23,Não Convertido,,0.0,Moderado,Liechtenstein
144636,Orgânico,2024-08-21,Não Convertido,,0.0,Agressivo,Netherlands
144637,Instagram,2024-08-19,Não Convertido,,0.0,Agressivo,Christmas Island
144638,TikTok,2024-08-21,Não Convertido,,0.0,Moderado,Switzerland
144639,YouTube Ads,2024-08-23,Não Convertido,,0.0,Agressivo,Christmas Island
144640,E-mail Marketing,2024-08-24,Não Convertido,,0.0,Moderado,Christmas Island
144641,E-mail Marketing,2024-08-23,Não Convertido,,0.0,Desconhecido,Dominica
144642,Google Ads,2024-08-21,Não Convertido,,0.0,Agressivo,Norfolk Island
144643,YouTube Ads,2024-08-24,Não Convertido,,0.0,Conservador,Fiji
144644,Facebook,2024-08-23,Não Convertido,,0.0,Moderado,Lebanon
144645,Orgânico,2024-08-22,Não Convertido,,0.0,Agressivo,Heard Island and McDonald Islands
144646,Facebook,2024-08-23,Não Convertido,,0.0,Moderado,Bangladesh
144647,WhatsApp,2024-08-20,Não Convertido,,0.0,Desconhecido,Cuba
144648,Orgânico,2024-08-19,Não Convertido,,0.0,Moderado,Algeria
144649,Instagram,2024-08-21,Convertido,14.0,6862.67,Agressivo,Portugal
144650,Orgânico,2024-08-21,Não Convertido,,0.0,Moderado,Italy
144651,Instagram,2024-08-21,Não Convertido,,0.0,Moderado,Luxembourg
144652,Instagram,2024-08-19,Não Convertido,,0.0,Agressivo,North Macedonia
144653,WhatsApp,2024-08-20,Não Convertido,,0.0,Agressivo,Cote d'Ivoire
144654,WhatsApp,2024-08-23,Convertido,15.0,3339.56,Moderado,Ghana
144655,YouTube Ads,2024-08-24,Convertido,26.0,5727.23,Agressivo,Mozambique
144656,YouTube Ads,2024-08-21,Não Convertido,,0.0,Desconhecido,Taiwan
144657,WhatsApp,2024-08-19,Não Convertido,,0.0,Moderado,Marshall Islands
144658,TikTok,2024-08-23,Não Convertido,,0.0,Agressivo,Guadeloupe
144659,Instagram,2024-08-22,Não Convertido,,0.0,Moderado,Seychelles
144660,Indicação,2024-08-22,Não Convertido,,0.0,Desconhecido,Australia
144661,TikTok,2024-08-20,Não Convertido,,0.0,Moderado,Philippines
144662,E-mail Marketing,2024-08-20,Não Convertido,,0.0,Moderado,American Samoa
144663,Indicação,2024-08-22,Não Convertido,,0.0,Agressivo,Philippines
144664,E-mail Marketing,2024-08-20,Não Convertido,,0.0,Agressivo,Western Sahara
144665,YouTube Ads,2024-08-21,Não Convertido,,0.0,Agressivo,Venezuela
144666,Instagram,2024-08-20,Não Convertido,,0.0,Conservador,Antigua and Barbuda
144667,TikTok,2024-08-20,Não Convertido,,0.0,Desconhecido,San Marino
144668,Google Ads,2024-08-20,Não Convertido,,0.0,Moderado,Tunisia
144669,TikTok,2024-08-21,Não Convertido,,0.0,Agressivo,Guadeloupe
144670,Instagram,2024-08-23,Não Convertido,,0.0,Moderado,Malta
144671,Orgânico,2024-08-23,Não Convertido,,0.0,Conservador,Italy
144672,Google Ads,2024-08-24,Não Convertido,,0.0,Agressivo,Syrian Arab Republic
144673,YouTube Ads,2024-08-23,Não Convertido,,0.0,Moderado,Guernsey
144674,E-mail Marketing,2024-08-20,Não Convertido,,0.0,Moderado,Honduras
144675,E-mail Marketing,2024-08-19,Não Convertido,,0.0,Agressivo,Djibouti
144676,Instagram,2024-08-23,Não Convertido,,0.0,Moderado,Nicaragua
144677,Google Ads,2024-08-24,Não Convertido,,0.0,Agressivo,Guyana
144678,Facebook,2024-08-20,Não Convertido,,0.0,Agressivo,Denmark
144679,TikTok,2024-08-19,Convertido,3.0,7295.17,Agressivo,Timor-Leste
144680,E-mail Marketing,2024-08-24,Não Convertido,,0.0,Agressivo,Azerbaijan
144681,Orgânico,2024-08-20,Convertido,15.0,4401.6,Moderado,Rwanda
144682,Orgânico,2024-08-23,Não Convertido,,0.0,Moderado,Taiwan
144683,TikTok,2024-08-19,Convertido,3.0,4644.38,Conservador,Turks and Caicos Islands
144684,WhatsApp,2024-08-23,Não Convertido,,0.0,Moderado,Mali
144685,E-mail Marketing,2024-08-24,Não Convertido,,0.0,Agressivo,Madagascar
144686,E-mail Marketing,2024-08-21,Não Convertido,,0.0,Conservador,Burkina Faso
144687,Indicação,2024-08-22,Não Convertido,,0.0,Conservador,Spain
144688,WhatsApp,2024-08-23,Não Convertido,,0.0,Moderado,Lebanon
144689,Indicação,2024-08-20,Não Convertido,,0.0,Conservador,French Southern Territories
144690,Orgânico,2024-08-20,Não Convertido,,0.0,Agressivo,Faroe Islands
144691,Indicação,2024-08-22,Não Convertido,,0.0,Agressivo,Ghana
144692,TikTok,2024-08-24,Não Convertido,,0.0,Agressivo,Bermuda
144693,WhatsApp,2024-08-19,Não Convertido,,0.0,Moderado,Israel
144694,YouTube Ads,2024-08-19,Não Convertido,,0.0,Moderado,Lithuania
144695,Facebook,2024-08-24,Não Convertido,,0.0,Agressivo,British Virgin Islands
144696,Instagram,2024-08-22,Não Convertido,,0.0,Agressivo,Aruba
144697,Google Ads,2024-08-24,Não Convertido,,0.0,Moderado,Bosnia and Herzegovina
144698,Orgânico,2024-08-21,Não Convertido,,0.0,Agressivo,Solomon Islands
144699,WhatsApp,2024-08-23,Não Convertido,,0.0,Conservador,Togo
144700,Orgânico,2024-08-22,Não Convertido,,0.0,Moderado,Denmark
144701,TikTok,2024-08-20,Convertido,0.0,4171.02,Moderado,Seychelles
144702,Facebook,2024-08-21,Não Convertido,,0.0,Conservador,British Virgin Islands
144703,YouTube Ads,2024-08-20,Não Convertido,,0.0,Moderado,Nepal
144704,WhatsApp,2024-08-19,Não Convertido,,0.0,Conservador,Andorra
144705,Instagram,2024-08-21,Não Convertido,,0.0,Conservador,Sweden
144706,Google Ads,2024-08-20,Não Convertido,,0.0,Moderado,Holy See (Vatican City State)
144707,Instagram,2024-08-19,Não Convertido,,0.0,Moderado,Jamaica
144708,YouTube Ads,2024-08-21,Não Convertido,,0.0,Agressivo,United States of America
144709,Indicação,2024-08-22,Não Convertido,,0.0,Agressivo,Netherlands Antilles
144710,Indicação,2024-08-20,Não Convertido,,0.0,Moderado,Colombia
144711,YouTube Ads,2024-08-19,Não Convertido,,0.0,Conservador,Sweden
144712,Google Ads,2024-08-21,Não Convertido,,0.0,Moderado,Slovakia (Slovak Republic)
144713,TikTok,2024-08-20,Não Convertido,,0.0,Desconhecido,Burkina Faso
144714,YouTube Ads,2024-08-24,Não Convertido,,0.0,Moderado,Puerto Rico
144715,WhatsApp,2024-08-20,Não Convertido,,0.0,Moderado,Guadeloupe
144716,WhatsApp,2024-08-24,Não Convertido,,0.0,Agressivo,Oman
144717,Indicação,2024-08-24,Não Convertido,,0.0,Conservador,Russian Federation
144718,Facebook,2024-08-19,Não Convertido,,0.0,Conservador,Bouvet Island (Bouvetoya)
144719,WhatsApp,2024-08-23,Não Convertido,,0.0,Conservador,American Samoa
144720,YouTube Ads,2024-08-19,Não Convertido,,0.0,Desconhecido,Zambia
144721,Facebook,2024-08-23,Não Convertido,,0.0,Moderado,Solomon Islands
144722,Facebook,2024-08-20,Não Convertido,,0.0,Moderado,Czech Republic
144723,Facebook,2024-08-23,Não Convertido,,0.0,Moderado,Norway
144724,TikTok,2024-08-23,Não Convertido,,0.0,Agressivo,Heard Island and McDonald Islands
144725,Facebook,2024-08-21,Não Convertido,,0.0,Conservador,Myanmar
144726,TikTok,2024-08-24,Não Convertido,,0.0,Desconhecido,Burkina Faso
144727,Google Ads,2024-08-24,Não Convertido,,0.0,Desconhecido,Yemen
144728,Instagram,2024-08-20,Não Convertido,,0.0,Agressivo,Uganda
144729,Indicação,2024-08-22,Não Convertido,,0.0,Moderado,Antigua and Barbuda
144730,E-mail Marketing,2024-08-24,Não Convertido,,0.0,Moderado,Romania
144731,YouTube Ads,2024-08-23,Não Convertido,,0.0,Moderado,Sweden
144732,Orgânico,2024-08-22,Não Convertido,,0.0,Moderado,Sweden
144733,YouTube Ads,2024-08-21,Não Convertido,,0.0,Moderado,Hungary
144734,Facebook,2024-08-23,Não Convertido,,0.0,Moderado,Trinidad and Tobago
144735,Google Ads,2024-08-20,Não Convertido,,0.0,Conservador,Trinidad and Tobago
144736,Facebook,2024-08-20,Não Convertido,,0.0,Moderado,Mayotte
144737,Google Ads,2024-08-20,Não Convertido,,0.0,Moderado,Mexico
144738,Instagram,2024-08-20,Não Convertido,,0.0,Agressivo,Yemen
144739,Orgânico,2024-08-24,Não Convertido,,0.0,Desconhecido,Bolivia
144740,E-mail Marketing,2024-08-20,Não Convertido,,0.0,Agressivo,Grenada
144741,Google Ads,2024-08-20,Não Convertido,,0.0,Desconhecido,Kuwait
144742,Facebook,2024-08-22,Não Convertido,,0.0,Agressivo,South Africa
144743,Indicação,2024-08-21,Não Convertido,,0.0,Agressivo,Syrian Arab Republic
144744,Instagram,2024-08-24,Não Convertido,,0.0,Desconhecido,Venezuela
144745,Instagram,2024-08-20,Não Convertido,,0.0,Moderado,Mayotte
144746,Facebook,2024-08-20,Não Convertido,,0.0,Conservador,Botswana
144747,YouTube Ads,2024-08-24,Não Convertido,,0.0,Agressivo,Trinidad and Tobago
144748,WhatsApp,2024-08-23,Não Convertido,,0.0,Moderado,Saint Kitts and Nevis
144749,Google Ads,2024-08-20,Não Convertido,,0.0,Desconhecido,Nigeria
144750,TikTok,2024-08-21,Não Convertido,,0.0,Moderado,Uganda
144751,Facebook,2024-08-23,Não Convertido,,0.0,Moderado,Eritrea
144752,YouTube Ads,2024-08-22,Não Convertido,,0.0,Moderado,Indonesia
144753,YouTube Ads,2024-08-20,Não Convertido,,0.0,Moderado,British Virgin Islands
144754,Facebook,2024-08-20,Não Convertido,,0.0,Moderado,Iraq
144755,Orgânico,2024-08-24,Não Convertido,,0.0,Agressivo,Trinidad and Tobago
144756,Orgânico,2024-08-22,Não Convertido,,0.0,Moderado,Moldova
144757,Orgânico,2024-08-21,Não Convertido,,0.0,Moderado,Saint Martin
144758,Orgânico,2024-08-21,Não Convertido,,0.0,Conservador,Thailand
144759,Orgânico,2024-08-19,Não Convertido,,0.0,Conservador,Mongolia
144760,Instagram,2024-08-22,Não Convertido,,0.0,Conservador,Switzerland
144761,WhatsApp,2024-08-21,Não Convertido,,0.0,Agressivo,Cote d'Ivoire
144762,E-mail Marketing,2024-08-22,Não Convertido,,0.0,Conservador,Papua New Guinea
144763,E-mail Marketing,2024-08-20,Não Convertido,,0.0,Desconhecido,Canada
144764,Orgânico,2024-08-19,Não Convertido,,0.0,Moderado,Tunisia
144765,Instagram,2024-08-20,Não Convertido,,0.0,Moderado,American Samoa
144766,Orgânico,2024-08-23,Não Convertido,,0.0,Moderado,Timor-Leste
144767,E-mail Marketing,2024-08-24,Não Convertido,,0.0,Moderado,Zimbabwe
144768,Orgânico,2024-08-23,Não Convertido,,0.0,Desconhecido,Peru
144769,Facebook,2024-08-21,Não Convertido,,0.0,Moderado,British Indian Ocean Territory (Chagos Archipelago)
144770,Facebook,2024-08-20,Não Convertido,,0.0,Agressivo,Italy
144771,TikTok,2024-08-19,Não Convertido,,0.0,Desconhecido,Georgia
144772,Orgânico,2024-08-24,Não Convertido,,0.0,Moderado,Congo
144773,Google Ads,2024-08-21,Não Convertido,,0.0,Moderado,Jersey
144774,Instagram,2024-08-19,Não Convertido,,0.0,Conservador,Pitcairn Islands
144775,Google Ads,2024-08-22,Não Convertido,,0.0,Moderado,Montserrat
144776,Facebook,2024-08-23,Não Convertido,,0.0,Agressivo,Zambia
144777,YouTube Ads,2024-08-24,Não Convertido,,0.0,Conservador,British Indian Ocean Territory (Chagos Archipelago)
144778,Instagram,2024-08-21,Não Convertido,,0.0,Moderado,Marshall Islands
144779,Instagram,2024-08-20,Não Convertido,,0.0,Moderado,Mayotte
144780,Orgânico,2024-08-24,Não Convertido,,0.0,Moderado,Namibia
144781,WhatsApp,2024-08-20,Não Convertido,,0.0,Moderado,Russian Federation
144782,Orgânico,2024-08-21,Não Convertido,,0.0,Conservador,Nigeria
144783,Facebook,2024-08-22,Não Convertido,,0.0,Conservador,Lebanon
144784,E-mail Marketing,2024-08-24,Não Convertido,,0.0,Moderado,Cayman Islands
144785,Instagram,2024-08-22,Não Convertido,,0.0,Conservador,Andorra
144786,E-mail Marketing,2024-08-22,Não Convertido,,0.0,Conservador,Kenya
144787,Orgânico,2024-08-23,Não Convertido,,0.0,Moderado,Chad
144788,WhatsApp,2024-08-21,Não Convertido,,0.0,Moderado,British Indian Ocean Territory (Chagos Archipelago)
144789,Orgânico,2024-08-23,Não Convertido,,0.0,Moderado,Reunion
144790,Orgânico,2024-08-22,Não Convertido,,0.0,Conservador,Togo
144791,YouTube Ads,2024-08-19,Não Convertido,,0.0,Conservador,Pakistan
144792,Instagram,2024-08-23,Não Convertido,,0.0,Moderado,Japan
144793,Instagram,2024-08-21,Não Convertido,,0.0,Agressivo,Spain
144794,E-mail Marketing,2024-08-24,Convertido,22.0,3408.88,Moderado,Burkina Faso
144795,Orgânico,2024-08-22,Não Convertido,,0.0,Desconhecido,Kiribati
144796,Instagram,2024-08-24,Não Convertido,,0.0,Conservador,Jamaica
144797,Instagram,2024-08-22,Não Convertido,,0.0,Moderado,Gambia
144798,YouTube Ads,2024-08-19,Convertido,28.0,8379.38,Agressivo,Puerto Rico
144799,Indicação,2024-08-24,Não Convertido,,0.0,Moderado,Togo
144800,Orgânico,2024-08-19,Não Convertido,,0.0,Conservador,Pakistan
144801,YouTube Ads,2024-08-20,Não Convertido,,0.0,Conservador,Montenegro
144802,E-mail Marketing,2024-08-23,Não Convertido,,0.0,Agressivo,Turks and Caicos Islands
144803,E-mail Marketing,2024-08-22,Não Convertido,,0.0,Agressivo,Morocco
144804,YouTube Ads,2024-08-21,Não Convertido,,0.0,Moderado,French Guiana
144805,Facebook,2024-08-22,Não Convertido,,0.0,Desconhecido,Myanmar
144806,WhatsApp,2024-08-23,Não Convertido,,0.0,Conservador,Kyrgyz Republic
144807,Orgânico,2024-08-21,Não Convertido,,0.0,Moderado,Seychelles
144808,Google Ads,2024-08-21,Convertido,24.0,8900.87,Moderado,Chad
144809,Orgânico,2024-08-21,Não Convertido,,0.0,Agressivo,Azerbaijan
144810,Instagram,2024-08-23,Não Convertido,,0.0,Moderado,Congo
144811,Orgânico,2024-08-20,Não Convertido,,0.0,Moderado,Trinidad and Tobago
144812,Instagram,2024-08-22,Não Convertido,,0.0,Conservador,Montenegro
144813,TikTok,2024-08-23,Não Convertido,,0.0,Desconhecido,Saint Kitts and Nevis
144814,YouTube Ads,2024-08-24,Não Convertido,,0.0,Conservador,Seychelles
144815,Orgânico,2024-08-22,Não Convertido,,0.0,Conservador,Cuba
144816,Instagram,2024-08-21,Não Convertido,,0.0,Desconhecido,Micronesia
144817,Google Ads,2024-08-21,Não Convertido,,0.0,Moderado,Kazakhstan
144818,Orgânico,2024-08-23,Não Convertido,,0.0,Moderado,Liberia
144819,Instagram,2024-08-20,Não Convertido,,0.0,Desconhecido,Denmark
144820,Orgânico,2024-08-21,Não Convertido,,0.0,Moderado,Saint Barthelemy
144821,YouTube Ads,2024-08-21,Não Convertido,,0.0,Moderado,Saint Barthelemy
144822,Facebook,2024-08-20,Não Convertido,,0.0,Agressivo,Christmas Island
144823,Orgânico,2024-08-21,Não Convertido,,0.0,Conservador,Holy See (Vatican City State)
144824,Orgânico,2024-08-22,Não Convertido,,0.0,Agressivo,Belarus
144825,TikTok,2024-08-19,Não Convertido,,0.0,Moderado,Papua New Guinea
144826,Google Ads,2024-08-23,Não Convertido,,0.0,Agressivo,Russian Federation
144827,Instagram,2024-08-24,Não Convertido,,0.0,Moderado,Netherlands
144828,YouTube Ads,2024-08-22,Não Convertido,,0.0,Desconhecido,Singapore
144829,WhatsApp,2024-08-23,Não Convertido,,0.0,Agressivo,Bulgaria
144830,Orgânico,2024-08-23,Não Convertido,,0.0,Conservador,Denmark
144831,TikTok,2024-08-23,Não Convertido,,0.0,Agressivo,Saint Martin
144832,TikTok,2024-08-24,Não Convertido,,0.0,Moderado,Kuwait
144833,Orgânico,2024-08-20,Não Convertido,,0.0,Conservador,Gibraltar
144834,WhatsApp,2024-08-22,Não Convertido,,0.0,Conservador,Seychelles
144835,WhatsApp,2024-08-22,Não Convertido,,0.0,Moderado,Mauritania
144836,TikTok,2024-08-22,Não Convertido,,0.0,Conservador,Jersey
144837,Instagram,2024-08-22,Não Convertido,,0.0,Conservador,Romania
144838,E-mail Marketing,2024-08-23,Não Convertido,,0.0,Agressivo,United States of America
144839,YouTube Ads,2024-08-22,Não Convertido,,0.0,Moderado,Spain
144840,Instagram,2024-08-19,Não Convertido,,0.0,Agressivo,Libyan Arab Jamahiriya
144841,Facebook,2024-08-19,Não Convertido,,0.0,Moderado,Equatorial Guinea
144842,TikTok,2024-08-19,Não Convertido,,0.0,Moderado,Barbados
144843,TikTok,2024-08-21,Não Convertido,,0.0,Moderado,Burkina Faso
144844,Facebook,2024-08-21,Não Convertido,,0.0,Agressivo,Austria
144845,E-mail Marketing,2024-08-23,Não Convertido,,0.0,Agressivo,Equatorial Guinea
144846,Orgânico,2024-08-23,Não Convertido,,0.0,Conservador,Austria
144847,Instagram,2024-08-22,Não Convertido,,0.0,Agressivo,Guinea-Bissau
144848,WhatsApp,2024-08-22,Não Convertido,,0.0,Conservador,Tanzania
144849,E-mail Marketing,2024-08-19,Não Convertido,,0.0,Moderado,Turks and Caicos Islands
144850,Instagram,2024-08-24,Não Convertido,,0.0,Moderado,Pakistan
144851,TikTok,2024-08-22,Não Convertido,,0.0,Moderado,Lesotho
144852,YouTube Ads,2024-08-23,Não Convertido,,0.0,Moderado,Cameroon
144853,YouTube Ads,2024-08-20,Não Convertido,,0.0,Agressivo,United States Virgin Islands
144854,YouTube Ads,2024-08-19,Não Convertido,,0.0,Desconhecido,Guyana
144855,Google Ads,2024-08-21,Não Convertido,,0.0,Moderado,Spain
144856,Orgânico,2024-08-23,Não Convertido,,0.0,Moderado,Saint Kitts and Nevis
144857,Facebook,2024-08-23,Não Convertido,,0.0,Agressivo,Gambia
144858,Orgânico,2024-08-20,Não Convertido,,0.0,Moderado,Luxembourg
144859,Instagram,2024-08-19,Não Convertido,,0.0,Conservador,Luxembourg
144860,E-mail Marketing,2024-08-19,Não Convertido,,0.0,Moderado,Congo
144861,Instagram,2024-08-22,Não Convertido,,0.0,Conservador,Trinidad and Tobago
144862,TikTok,2024-08-22,Não Convertido,,0.0,Desconhecido,Monaco
144863,Google Ads,2024-08-21,Não Convertido,,0.0,Conservador,Uzbekistan
144864,Google Ads,2024-08-23,Convertido,2.0,5668.96,Agressivo,Gabon
144865,E-mail Marketing,2024-08-24,Não Convertido,,0.0,Agressivo,Svalbard & Jan Mayen Islands
144866,TikTok,2024-08-21,Não Convertido,,0.0,Agressivo,United States Virgin Islands
144867,WhatsApp,2024-08-23,Não Convertido,,0.0,Conservador,Madagascar
144868,E-mail Marketing,2024-08-23,Não Convertido,,0.0,Agressivo,Gabon
144869,WhatsApp,2024-08-24,Não Convertido,,0.0,Moderado,Philippines
144870,Indicação,2024-08-19,Convertido,26.0,3009.97,Agressivo,Guinea
144871,Instagram,2024-08-23,Não Convertido,,0.0,Desconhecido,Brazil
144872,WhatsApp,2024-08-24,Não Convertido,,0.0,Conservador,United Arab Emirates
144873,Facebook,2024-08-24,Não Convertido,,0.0,Agressivo,Cyprus
144874,Google Ads,2024-08-22,Não Convertido,,0.0,Moderado,Saint Lucia
144875,Instagram,2024-08-22,Não Convertido,,0.0,Desconhecido,Taiwan
144876,Orgânico,2024-08-22,Não Convertido,,0.0,Moderado,Lebanon
144877,TikTok,2024-08-21,Não Convertido,,0.0,Agressivo,Liberia
144878,Orgânico,2024-08-19,Não Convertido,,0.0,Conservador,Guatemala
144879,Orgânico,2024-08-21,Não Convertido,,0.0,Moderado,Guadeloupe
144880,Orgânico,2024-08-20,Não Convertido,,0.0,Moderado,Grenada
144881,WhatsApp,2024-08-21,Não Convertido,,0.0,Moderado,Malta
144882,TikTok,2024-08-24,Não Convertido,,0.0,Agressivo,Ethiopia
144883,TikTok,2024-08-22,Não Convertido,,0.0,Moderado,Saint Helena
144884,E-mail Marketing,2024-08-21,Não Convertido,,0.0,Moderado,Mauritania
144885,YouTube Ads,2024-08-19,Não Convertido,,0.0,Desconhecido,Uganda
144886,Facebook,2024-08-19,Não Convertido,,0.0,Agressivo,Christmas Island
144887,Orgânico,2024-08-23,Não Convertido,,0.0,Agressivo,Armenia
144888,Instagram,2024-08-22,Não Convertido,,0.0,Conservador,Bouvet Island (Bouvetoya)
144889,TikTok,2024-08-24,Não Convertido,,0.0,Agressivo,Honduras
144890,Google Ads,2024-08-22,Não Convertido,,0.0,Conservador,Saint Helena
144891,Orgânico,2024-08-20,Não Convertido,,0.0,Moderado,Guatemala
144892,Instagram,2024-08-24,Não Convertido,,0.0,Desconhecido,Latvia
144893,Instagram,2024-08-23,Não Convertido,,0.0,Desconhecido,Spain
144894,E-mail Marketing,2024-08-20,Não Convertido,,0.0,Conservador,Pakistan
144895,Facebook,2024-08-21,Não Convertido,,0.0,Desconhecido,Saint Barthelemy
144896,E-mail Marketing,2024-08-23,Não Convertido,,0.0,Agressivo,Palau
144897,TikTok,2024-08-21,Não Convertido,,0.0,Conservador,Sierra Leone
144898,Instagram,2024-08-24,Não Convertido,,0.0,Moderado,Jamaica
144899,Instagram,2024-08-19,Não Convertido,,0.0,Agressivo,Kiribati
144900,Instagram,2024-08-21,Não Convertido,,0.0,Moderado,Israel
144901,YouTube Ads,2024-08-21,Não Convertido,,0.0,Moderado,Denmark
144902,WhatsApp,2024-08-20,Não Convertido,,0.0,Conservador,Qatar
144903,Orgânico,2024-08-23,Não Convertido,,0.0,Agressivo,Afghanistan
144904,TikTok,2024-08-19,Convertido,29.0,1825.74,Moderado,United States of America
144905,TikTok,2024-08-21,Não Convertido,,0.0,Conservador,Svalbard & Jan Mayen Islands
144906,TikTok,2024-08-19,Não Convertido,,0.0,Conservador,Nauru
144907,E-mail Marketing,2024-08-24,Não Convertido,,0.0,Moderado,Brazil
144908,TikTok,2024-08-20,Não Convertido,,0.0,Desconhecido,Uganda
144909,E-mail Marketing,2024-08-23,Não Convertido,,0.0,Agressivo,Sudan
144910,E-mail Marketing,2024-08-19,Não Convertido,,0.0,Conservador,Algeria
144911,Instagram,2024-08-19,Não Convertido,,0.0,Agressivo,United Arab Emirates
144912,Google Ads,2024-08-22,Não Convertido,,0.0,Moderado,Oman
144913,Orgânico,2024-08-24,Não Convertido,,0.0,Moderado,Ireland
144914,Indicação,2024-08-21,Não Convertido,,0.0,Moderado,Ghana
144915,Facebook,2024-08-22,Não Convertido,,0.0,Agressivo,South Georgia and the South Sandwich Islands
144916,Orgânico,2024-08-19,Não Convertido,,0.0,Agressivo,Iraq
144917,Google Ads,2024-08-22,Não Convertido,,0.0,Agressivo,Kenya
144918,Orgânico,2024-08-21,Não Convertido,,0.0,Agressivo,Panama
144919,TikTok,2024-08-19,Não Convertido,,0.0,Moderado,Saint Kitts and Nevis
144920,Instagram,2024-08-23,Não Convertido,,0.0,Desconhecido,Northern Mariana Islands
144921,TikTok,2024-08-21,Não Convertido,,0.0,Agressivo,Guernsey
144922,Instagram,2024-08-21,Não Convertido,,0.0,Moderado,Gibraltar
144923,E-mail Marketing,2024-08-24,Não Convertido,,0.0,Moderado,Martinique
144924,YouTube Ads,2024-08-20,Não Convertido,,0.0,Agressivo,Uganda
144925,YouTube Ads,2024-08-22,Não Convertido,,0.0,Agressivo,Madagascar
144926,E-mail Marketing,2024-08-19,Não Convertido,,0.0,Moderado,Holy See (Vatican City State)
144927,YouTube Ads,2024-08-21,Não Convertido,,0.0,Moderado,Afghanistan
144928,Orgânico,2024-08-23,Não Convertido,,0.0,Moderado,Singapore
144929,WhatsApp,2024-08-20,Não Convertido,,0.0,Agressivo,Cocos (Keeling) Islands
144930,Facebook,2024-08-24,Não Convertido,,0.0,Conservador,Madagascar
144931,YouTube Ads,2024-08-21,Não Convertido,,0.0,Conservador,Indonesia
144932,Instagram,2024-08-21,Não Convertido,,0.0,Moderado,Marshall Islands
144933,Instagram,2024-08-19,Não Convertido,,0.0,Conservador,Mauritania
144934,TikTok,2024-08-20,Não Convertido,,0.0,Moderado,Fiji
144935,YouTube Ads,2024-08-19,Não Convertido,,0.0,Agressivo,Ireland
144936,E-mail Marketing,2024-08-21,Não Convertido,,0.0,Agressivo,Chad
144937,YouTube Ads,2024-08-19,Não Convertido,,0.0,Moderado,Western Sahara
144938,Instagram,2024-08-22,Não Convertido,,0.0,Desconhecido,Puerto Rico
144939,E-mail Marketing,2024-08-19,Não Convertido,,0.0,Agressivo,Martinique
144940,Indicação,2024-08-21,Não Convertido,,0.0,Moderado,Cocos (Keeling) Islands
144941,TikTok,2024-08-23,Não Convertido,,0.0,Moderado,Malaysia
144942,TikTok,2024-08-24,Não Convertido,,0.0,Moderado,Togo
144943,Orgânico,2024-08-23,Não Convertido,,0.0,Agressivo,Brunei Darussalam
144944,Orgânico,2024-08-21,Não Convertido,,0.0,Agressivo,Sri Lanka
144945,Orgânico,2024-08-23,Não Convertido,,0.0,Moderado,Kenya
144946,TikTok,2024-08-21,Não Convertido,,0.0,Agressivo,Panama
144947,Orgânico,2024-08-23,Não Convertido,,0.0,Moderado,Bolivia
144948,Google Ads,2024-08-24,Não Convertido,,0.0,Conservador,Iran
144949,WhatsApp,2024-08-20,Não Convertido,,0.0,Moderado,Turkmenistan
144950,Orgânico,2024-08-22,Não Convertido,,0.0,Moderado,American Samoa
144951,E-mail Marketing,2024-08-24,Não Convertido,,0.0,Desconhecido,Papua New Guinea
144952,WhatsApp,2024-08-20,Não Convertido,,0.0,Moderado,Armenia
144953,Orgânico,2024-08-24,Não Convertido,,0.0,Conservador,Serbia
144954,Instagram,2024-08-20,Não Convertido,,0.0,Moderado,French Guiana
144955,Indicação,2024-08-21,Não Convertido,,0.0,Moderado,Egypt
144956,Orgânico,2024-08-20,Não Convertido,,0.0,Conservador,Moldova
144957,WhatsApp,2024-08-24,Não Convertido,,0.0,Conservador,Saint Barthelemy
144958,TikTok,2024-08-24,Não Convertido,,0.0,Agressivo,Saint Lucia
144959,Orgânico,2024-08-20,Não Convertido,,0.0,Conservador,Syrian Arab Republic
144960,E-mail Marketing,2024-08-22,Não Convertido,,0.0,Conservador,Madagascar
144961,Instagram,2024-08-23,Não Convertido,,0.0,Agressivo,Poland
144962,E-mail Marketing,2024-08-23,Não Convertido,,0.0,Agressivo,Papua New Guinea
144963,E-mail Marketing,2024-08-21,Não Convertido,,0.0,Agressivo,Reunion
144964,WhatsApp,2024-08-21,Não Convertido,,0.0,Moderado,Guinea-Bissau
144965,E-mail Marketing,2024-08-20,Convertido,26.0,5833.76,Agressivo,Burundi
144966,WhatsApp,2024-08-20,Convertido,28.0,4562.26,Conservador,Bouvet Island (Bouvetoya)
144967,Instagram,2024-08-20,Não Convertido,,0.0,Moderado,Saudi Arabia
144968,Instagram,2024-08-20,Não Convertido,,0.0,Moderado,Croatia
144969,Google Ads,2024-08-21,Não Convertido,,0.0,Desconhecido,Burkina Faso
144970,Orgânico,2024-08-20,Não Convertido,,0.0,Conservador,Antarctica (the territory South of 60 deg S)
144971,TikTok,2024-08-21,Não Convertido,,0.0,Moderado,Slovenia
144972,Instagram,2024-08-22,Não Convertido,,0.0,Moderado,Rwanda
144973,Orgânico,2024-08-21,Não Convertido,,0.0,Conservador,Uzbekistan
144974,TikTok,2024-08-21,Não Convertido,,0.0,Agressivo,Guatemala
144975,E-mail Marketing,2024-08-22,Não Convertido,,0.0,Desconhecido,Palau
144976,Orgânico,2024-08-21,Não Convertido,,0.0,Conservador,Kenya
144977,Orgânico,2024-08-23,Não Convertido,,0.0,Conservador,Faroe Islands
144978,YouTube Ads,2024-08-24,Não Convertido,,0.0,Agressivo,Falkland Islands (Malvinas)
144979,TikTok,2024-08-20,Não Convertido,,0.0,Conservador,Fiji
144980,Google Ads,2024-08-24,Não Convertido,,0.0,Conservador,Namibia
144981,YouTube Ads,2024-08-19,Não Convertido,,0.0,Agressivo,Burundi
144982,Facebook,2024-08-21,Não Convertido,,0.0,Conservador,Dominican Republic
144983,TikTok,2024-08-24,Não Convertido,,0.0,Conservador,Tunisia
144984,YouTube Ads,2024-08-23,Não Convertido,,0.0,Agressivo,El Salvador
144985,YouTube Ads,2024-08-20,Não Convertido,,0.0,Desconhecido,Puerto Rico
144986,Orgânico,2024-08-21,Não Convertido,,0.0,Moderado,Jamaica
144987,Orgânico,2024-08-23,Não Convertido,,0.0,Agressivo,Western Sahara
144988,Indicação,2024-08-19,Não Convertido,,0.0,Desconhecido,France
144989,Instagram,2024-08-20,Não Convertido,,0.0,Desconhecido,Turkmenistan
144990,Instagram,2024-08-19,Não Convertido,,0.0,Agressivo,El Salvador
144991,E-mail Marketing,2024-08-22,Não Convertido,,0.0,Conservador,Sudan
144992,TikTok,2024-08-21,Não Convertido,,0.0,Moderado,Saint Barthelemy
144993,WhatsApp,2024-08-24,Não Convertido,,0.0,Moderado,Senegal
144994,TikTok,2024-08-21,Não Convertido,,0.0,Conservador,Puerto Rico
144995,TikTok,2024-08-24,Não Convertido,,0.0,Conservador,Iran
144996,Instagram,2024-08-23,Não Convertido,,0.0,Moderado,Malaysia
144997,Orgânico,2024-08-19,Não Convertido,,0.0,Agressivo,Belize
144998,YouTube Ads,2024-08-24,Não Convertido,,0.0,Conservador,Lithuania
144999,WhatsApp,2024-08-20,Não Convertido,,0.0,Moderado,Timor-Leste
145000,Google Ads,2024-08-24,Não Convertido,,0.0,Conservador,Yemen
145001,TikTok,2024-08-23,Não Convertido,,0.0,Moderado,Liechtenstein
145002,E-mail Marketing,2024-08-19,Não Convertido,,0.0,Agressivo,Senegal
145003,Google Ads,2024-08-24,Não Convertido,,0.0,Moderado,Myanmar
145004,YouTube Ads,2024-08-21,Não Convertido,,0.0,Agressivo,Saint Helena
145005,Orgânico,2024-08-23,Não Convertido,,0.0,Moderado,British Virgin Islands
145006,Orgânico,2024-08-21,Não Convertido,,0.0,Conservador,Hungary
145007,Orgânico,2024-08-19,Não Convertido,,0.0,Conservador,Honduras
145008,YouTube Ads,2024-08-24,Não Convertido,,0.0,Conservador,Norway
145009,Instagram,2024-08-22,Não Convertido,,0.0,Moderado,Colombia
145010,Instagram,2024-08-24,Não Convertido,,0.0,Moderado,Belize
145011,Orgânico,2024-08-21,Não Convertido,,0.0,Conservador,Heard Island and McDonald Islands
145012,YouTube Ads,2024-08-22,Não Convertido,,0.0,Conservador,Jordan
145013,Indicação,2024-08-21,Não Convertido,,0.0,Desconhecido,Costa Rica
145014,Google Ads,2024-08-22,Não Convertido,,0.0,Agressivo,Burkina Faso
145015,YouTube Ads,2024-08-23,Não Convertido,,0.0,Moderado,Wallis and Futuna
145016,Instagram,2024-08-24,Não Convertido,,0.0,Agressivo,United Arab Emirates
145017,TikTok,2024-08-22,Não Convertido,,0.0,Desconhecido,Yemen
145018,E-mail Marketing,2024-08-19,Não Convertido,,0.0,Agressivo,Mayotte
145019,E-mail Marketing,2024-08-19,Não Convertido,,0.0,Conservador,Tunisia
145020,Instagram,2024-08-20,Não Convertido,,0.0,Moderado,Japan
145021,YouTube Ads,2024-08-21,Convertido,15.0,404.55,Moderado,Kiribati
145022,E-mail Marketing,2024-08-19,Não Convertido,,0.0,Desconhecido,Maldives
145023,Google Ads,2024-08-24,Não Convertido,,0.0,Agressivo,India
145024,WhatsApp,2024-08-23,Não Convertido,,0.0,Agressivo,United States of America
145025,Orgânico,2024-08-19,Não Convertido,,0.0,Agressivo,Saudi Arabia
145026,YouTube Ads,2024-08-24,Não Convertido,,0.0,Desconhecido,Cape Verde
145027,Orgânico,2024-08-20,Não Convertido,,0.0,Agressivo,Germany
145028,Orgânico,2024-08-23,Não Convertido,,0.0,Conservador,Guyana
145029,WhatsApp,2024-08-24,Não Convertido,,0.0,Desconhecido,El Salvador
145030,YouTube Ads,2024-08-20,Não Convertido,,0.0,Moderado,Bolivia
145031,Facebook,2024-08-20,Não Convertido,,0.0,Desconhecido,British Indian Ocean Territory (Chagos Archipelago)
145032,WhatsApp,2024-08-24,Não Convertido,,0.0,Agressivo,Myanmar
145033,Google Ads,2024-08-21,Não Convertido,,0.0,Agressivo,San Marino
145034,Orgânico,2024-08-21,Não Convertido,,0.0,Moderado,Zimbabwe
145035,Facebook,2024-08-24,Convertido,3.0,9711.53,Conservador,Uzbekistan
145036,WhatsApp,2024-08-19,Não Convertido,,0.0,Moderado,Tonga
145037,Facebook,2024-08-22,Não Convertido,,0.0,Agressivo,Dominica
145038,Orgânico,2024-08-20,Não Convertido,,0.0,Desconhecido,Gibraltar
145039,Facebook,2024-08-24,Não Convertido,,0.0,Agressivo,Kyrgyz Republic
145040,Orgânico,2024-08-19,Não Convertido,,0.0,Moderado,Central African Republic
145041,Orgânico,2024-08-24,Não Convertido,,0.0,Desconhecido,Barbados
145042,Indicação,2024-08-24,Não Convertido,,0.0,Conservador,Iran
145043,Facebook,2024-08-20,Não Convertido,,0.0,Agressivo,Iraq
145044,Google Ads,2024-08-20,Não Convertido,,0.0,Agressivo,Tonga
145045,TikTok,2024-08-23,Não Convertido,,0.0,Agressivo,Tunisia
145046,Orgânico,2024-08-23,Não Convertido,,0.0,Desconhecido,Bosnia and Herzegovina
145047,Facebook,2024-08-19,Não Convertido,,0.0,Conservador,Bolivia
145048,Google Ads,2024-08-20,Não Convertido,,0.0,Conservador,Haiti
145049,Instagram,2024-08-23,Não Convertido,,0.0,Moderado,Palau
145050,E-mail Marketing,2024-08-21,Não Convertido,,0.0,Conservador,French Southern Territories
145051,E-mail Marketing,2024-08-20,Não Convertido,,0.0,Agressivo,Sri Lanka
145052,Indicação,2024-08-24,Não Convertido,,0.0,Moderado,Brazil
145053,E-mail Marketing,2024-08-19,Não Convertido,,0.0,Agressivo,Saint Vincent and the Grenadines
145054,Orgânico,2024-08-21,Não Convertido,,0.0,Conservador,Sri Lanka
145055,Google Ads,2024-08-21,Convertido,14.0,695.85,Desconhecido,Italy
145056,Instagram,2024-08-24,Não Convertido,,0.0,Agressivo,Barbados
145057,WhatsApp,2024-08-19,Não Convertido,,0.0,Desconhecido,Nicaragua
145058,Google Ads,2024-08-22,Não Convertido,,0.0,Agressivo,Gambia
145059,TikTok,2024-08-24,Não Convertido,,0.0,Conservador,Mongolia
145060,Instagram,2024-08-21,Não Convertido,,0.0,Moderado,Suriname
145061,E-mail Marketing,2024-08-21,Não Convertido,,0.0,Agressivo,Togo
145062,Orgânico,2024-08-21,Não Convertido,,0.0,Moderado,Senegal
145063,E-mail Marketing,2024-08-21,Não Convertido,,0.0,Agressivo,American Samoa
145064,WhatsApp,2024-08-23,Não Convertido,,0.0,Moderado,Liechtenstein
145065,Orgânico,2024-08-23,Não Convertido,,0.0,Moderado,Estonia
145066,Orgânico,2024-08-22,Não Convertido,,0.0,Moderado,Cook Islands
145067,Instagram,2024-08-24,Não Convertido,,0.0,Agressivo,Algeria
145068,TikTok,2024-08-22,Não Convertido,,0.0,Agressivo,Armenia
145069,Google Ads,2024-08-24,Não Convertido,,0.0,Moderado,Ecuador
145070,Orgânico,2024-08-24,Não Convertido,,0.0,Agressivo,El Salvador
145071,TikTok,2024-08-19,Não Convertido,,0.0,Conservador,Falkland Islands (Malvinas)
145072,Instagram,2024-08-22,Não Convertido,,0.0,Conservador,Qatar
145073,Google Ads,2024-08-19,Não Convertido,,0.0,Conservador,Kuwait
145074,Indicação,2024-08-23,Não Convertido,,0.0,Conservador,Argentina
145075,Instagram,2024-08-19,Não Convertido,,0.0,Moderado,Oman
145076,Facebook,2024-08-23,Não Convertido,,0.0,Moderado,Bangladesh
145077,Indicação,2024-08-21,Não Convertido,,0.0,Agressivo,Fiji
145078,Orgânico,2024-08-19,Não Convertido,,0.0,Agressivo,Lesotho
145079,Orgânico,2024-08-23,Não Convertido,,0.0,Moderado,Finland
145080,Google Ads,2024-08-24,Não Convertido,,0.0,Agressivo,Gabon
145081,Instagram,2024-08-20,Não Convertido,,0.0,Agressivo,Chile
145082,Indicação,2024-08-22,Não Convertido,,0.0,Conservador,Equatorial Guinea
145083,Orgânico,2024-08-20,Não Convertido,,0.0,Moderado,Nauru
145084,Facebook,2024-08-21,Não Convertido,,0.0,Agressivo,New Caledonia
145085,E-mail Marketing,2024-08-21,Não Convertido,,0.0,Agressivo,Saint Barthelemy
145086,Indicação,2024-08-21,Não Convertido,,0.0,Moderado,Italy
145087,WhatsApp,2024-08-19,Não Convertido,,0.0,Moderado,United Kingdom
145088,WhatsApp,2024-08-24,Não Convertido,,0.0,Agressivo,Sierra Leone
145089,TikTok,2024-08-24,Não Convertido,,0.0,Agressivo,Luxembourg
145090,Instagram,2024-08-22,Não Convertido,,0.0,Agressivo,Nicaragua
145091,TikTok,2024-08-22,Não Convertido,,0.0,Moderado,Denmark
145092,Indicação,2024-08-23,Não Convertido,,0.0,Agressivo,Sudan
145093,YouTube Ads,2024-08-24,Não Convertido,,0.0,Conservador,China
145094,Orgânico,2024-08-24,Não Convertido,,0.0,Desconhecido,Madagascar
145095,Facebook,2024-08-24,Não Convertido,,0.0,Moderado,Western Sahara
145096,Instagram,2024-08-20,Não Convertido,,0.0,Moderado,Iceland
145097,TikTok,2024-08-24,Não Convertido,,0.0,Conservador,Sao Tome and Principe
145098,Google Ads,2024-08-22,Não Convertido,,0.0,Moderado,Bangladesh
145099,E-mail Marketing,2024-08-22,Não Convertido,,0.0,Conservador,French Guiana
145100,Instagram,2024-08-22,Convertido,28.0,6150.02,Agressivo,Solomon Islands
145101,E-mail Marketing,2024-08-24,Não Convertido,,0.0,Agressivo,Angola
145102,Orgânico,2024-08-23,Não Convertido,,0.0,Moderado,Mozambique
145103,YouTube Ads,2024-08-22,Não Convertido,,0.0,Moderado,Saint Martin
145104,E-mail Marketing,2024-08-22,Não Convertido,,0.0,Agressivo,India
145105,YouTube Ads,2024-08-23,Não Convertido,,0.0,Moderado,Tuvalu
145106,Facebook,2024-08-23,Não Convertido,,0.0,Moderado,Namibia
145107,TikTok,2024-08-22,Não Convertido,,0.0,Conservador,Afghanistan
145108,WhatsApp,2024-08-19,Não Convertido,,0.0,Moderado,South Georgia and the South Sandwich Islands
145109,YouTube Ads,2024-08-19,Não Convertido,,0.0,Agressivo,Afghanistan
145110,Google Ads,2024-08-23,Não Convertido,,0.0,Moderado,Ecuador
145111,TikTok,2024-08-21,Não Convertido,,0.0,Desconhecido,Heard Island and McDonald Islands
145112,WhatsApp,2024-08-23,Não Convertido,,0.0,Moderado,Mexico
145113,Orgânico,2024-08-19,Não Convertido,,0.0,Agressivo,Costa Rica
145114,WhatsApp,2024-08-23,Convertido,4.0,1101.99,Agressivo,Nauru
145115,TikTok,2024-08-20,Não Convertido,,0.0,Conservador,Sudan
145116,Facebook,2024-08-22,Não Convertido,,0.0,Agressivo,Anguilla
145117,Orgânico,2024-08-21,Não Convertido,,0.0,Desconhecido,Azerbaijan
145118,YouTube Ads,2024-08-24,Não Convertido,,0.0,Agressivo,Taiwan
145119,Orgânico,2024-08-20,Não Convertido,,0.0,Moderado,Chad
145120,Instagram,2024-08-24,Não Convertido,,0.0,Moderado,French Guiana
145121,Instagram,2024-08-21,Não Convertido,,0.0,Agressivo,Lithuania
145122,Facebook,2024-08-19,Não Convertido,,0.0,Agressivo,Tokelau
145123,Indicação,2024-08-23,Não Convertido,,0.0,Moderado,Sri Lanka
145124,E-mail Marketing,2024-08-21,Não Convertido,,0.0,Agressivo,Malta
145125,Indicação,2024-08-23,Não Convertido,,0.0,Agressivo,Mayotte
145126,Indicação,2024-08-20,Não Convertido,,0.0,Desconhecido,Senegal
145127,E-mail Marketing,2024-08-19,Não Convertido,,0.0,Moderado,Mozambique
145128,Instagram,2024-08-21,Não Convertido,,0.0,Moderado,Armenia
145129,Google Ads,2024-08-19,Não Convertido,,0.0,Agressivo,Norfolk Island
145130,Facebook,2024-08-21,Não Convertido,,0.0,Agressivo,Sierra Leone
145131,Facebook,2024-08-22,Não Convertido,,0.0,Agressivo,Albania
145132,Google Ads,2024-08-24,Não Convertido,,0.0,Moderado,Puerto Rico
145133,E-mail Marketing,2024-08-21,Não Convertido,,0.0,Conservador,Tuvalu
145134,Orgânico,2024-08-20,Convertido,23.0,3078.57,Moderado,Tonga
145135,TikTok,2024-08-20,Não Convertido,,0.0,Desconhecido,Cocos (Keeling) Islands
145136,Facebook,2024-08-22,Não Convertido,,0.0,Agressivo,Montenegro
145137,YouTube Ads,2024-08-21,Não Convertido,,0.0,Agressivo,Norfolk Island
145138,E-mail Marketing,2024-08-22,Convertido,1.0,5904.66,Conservador,China
145139,Instagram,2024-08-21,Não Convertido,,0.0,Agressivo,Libyan Arab Jamahiriya
145140,Facebook,2024-08-22,Não Convertido,,0.0,Moderado,Mali
145141,WhatsApp,2024-08-24,Não Convertido,,0.0,Conservador,Tajikistan
145142,Instagram,2024-08-21,Não Convertido,,0.0,Conservador,Central African Republic
145143,Facebook,2024-08-20,Não Convertido,,0.0,Moderado,Saint Barthelemy
145144,Orgânico,2024-08-21,Não Convertido,,0.0,Moderado,Tuvalu
145145,Instagram,2024-08-22,Não Convertido,,0.0,Moderado,Gabon
145146,YouTube Ads,2024-08-19,Não Convertido,,0.0,Moderado,Ireland
145147,Instagram,2024-08-21,Não Convertido,,0.0,Agressivo,Marshall Islands
145148,Instagram,2024-08-19,Não Convertido,,0.0,Agressivo,Portugal
145149,TikTok,2024-08-20,Não Convertido,,0.0,Desconhecido,Mongolia
145150,Facebook,2024-08-22,Não Convertido,,0.0,Agressivo,Oman
145151,Instagram,2024-08-24,Não Convertido,,0.0,Moderado,Equatorial Guinea
145152,WhatsApp,2024-08-21,Não Convertido,,0.0,Conservador,Lao People's Democratic Republic
145153,Google Ads,2024-08-19,Não Convertido,,0.0,Moderado,Burundi
145154,Google Ads,2024-08-24,Não Convertido,,0.0,Agressivo,Mali
145155,Orgânico,2024-08-19,Não Convertido,,0.0,Moderado,Bulgaria
145156,YouTube Ads,2024-08-19,Não Convertido,,0.0,Conservador,Slovakia (Slovak Republic)
145157,Facebook,2024-08-22,Não Convertido,,0.0,Agressivo,Iran
145158,YouTube Ads,2024-08-23,Não Convertido,,0.0,Moderado,Turkey
145159,E-mail Marketing,2024-08-23,Não Convertido,,0.0,Conservador,Ghana
145160,WhatsApp,2024-08-24,Não Convertido,,0.0,Moderado,Libyan Arab Jamahiriya
145161,Orgânico,2024-08-22,Não Convertido,,0.0,Moderado,Albania
145162,YouTube Ads,2024-08-21,Não Convertido,,0.0,Agressivo,Egypt
145163,WhatsApp,2024-08-23,Não Convertido,,0.0,Agressivo,China
145164,Google Ads,2024-08-19,Não Convertido,,0.0,Agressivo,Saint Kitts and Nevis
145165,Google Ads,2024-08-22,Não Convertido,,0.0,Agressivo,Faroe Islands
145166,Facebook,2024-08-22,Não Convertido,,0.0,Agressivo,Mongolia
145167,Google Ads,2024-08-24,Não Convertido,,0.0,Moderado,Philippines
145168,E-mail Marketing,2024-08-21,Não Convertido,,0.0,Conservador,Iran
145169,Facebook,2024-08-24,Não Convertido,,0.0,Moderado,Algeria
145170,E-mail Marketing,2024-08-20,Não Convertido,,0.0,Agressivo,Bolivia
145171,E-mail Marketing,2024-08-22,Não Convertido,,0.0,Moderado,Hong Kong
145172,Orgânico,2024-08-23,Não Convertido,,0.0,Moderado,Andorra
145173,YouTube Ads,2024-08-24,Não Convertido,,0.0,Conservador,Turks and Caicos Islands
145174,Instagram,2024-08-19,Não Convertido,,0.0,Agressivo,Congo
145175,WhatsApp,2024-08-20,Não Convertido,,0.0,Agressivo,San Marino
145176,Facebook,2024-08-20,Não Convertido,,0.0,Desconhecido,Zimbabwe
145177,Google Ads,2024-08-19,Não Convertido,,0.0,Moderado,Croatia
145178,YouTube Ads,2024-08-19,Não Convertido,,0.0,Moderado,Western Sahara
145179,TikTok,2024-08-19,Não Convertido,,0.0,Desconhecido,Bulgaria
145180,Instagram,2024-08-23,Não Convertido,,0.0,Agressivo,Guam
145181,Orgânico,2024-08-21,Não Convertido,,0.0,Agressivo,Egypt
145182,Google Ads,2024-08-23,Não Convertido,,0.0,Desconhecido,Guinea
145183,Orgânico,2024-08-21,Não Convertido,,0.0,Desconhecido,United Kingdom
145184,Facebook,2024-08-19,Não Convertido,,0.0,Moderado,Cocos (Keeling) Islands
145185,TikTok,2024-08-21,Não Convertido,,0.0,Moderado,Ireland
145186,WhatsApp,2024-08-19,Não Convertido,,0.0,Moderado,Palestinian Territory
145187,Google Ads,2024-08-19,Não Convertido,,0.0,Moderado,Denmark
145188,E-mail Marketing,2024-08-20,Não Convertido,,0.0,Conservador,Zimbabwe
145189,Orgânico,2024-08-21,Não Convertido,,0.0,Agressivo,Nigeria
145190,Orgânico,2024-08-21,Não Convertido,,0.0,Moderado,Myanmar
145191,Google Ads,2024-08-22,Não Convertido,,0.0,Agressivo,India
145192,Google Ads,2024-08-19,Não Convertido,,0.0,Conservador,Madagascar
145193,Orgânico,2024-08-20,Não Convertido,,0.0,Agressivo,American Samoa
145194,TikTok,2024-08-19,Não Convertido,,0.0,Moderado,Australia
145195,E-mail Marketing,2024-08-19,Não Convertido,,0.0,Conservador,United States Minor Outlying Islands
145196,WhatsApp,2024-08-23,Não Convertido,,0.0,Conservador,Christmas Island
145197,Orgânico,2024-08-24,Convertido,8.0,7396.44,Moderado,Austria
145198,E-mail Marketing,2024-08-22,Não Convertido,,0.0,Moderado,Brazil
145199,Orgânico,2024-08-23,Não Convertido,,0.0,Moderado,Bhutan
145200,Instagram,2024-08-24,Não Convertido,,0.0,Moderado,Lebanon
145201,TikTok,2024-08-24,Não Convertido,,0.0,Desconhecido,Malawi
145202,Instagram,2024-08-22,Não Convertido,,0.0,Conservador,Ukraine
145203,Instagram,2024-08-20,Não Convertido,,0.0,Agressivo,Saint Barthelemy
145204,E-mail Marketing,2024-08-21,Não Convertido,,0.0,Conservador,Albania
145205,WhatsApp,2024-08-19,Não Convertido,,0.0,Conservador,United Arab Emirates
145206,Orgânico,2024-08-20,Não Convertido,,0.0,Desconhecido,Anguilla
145207,WhatsApp,2024-08-22,Não Convertido,,0.0,Agressivo,Lithuania
145208,E-mail Marketing,2024-08-21,Não Convertido,,0.0,Desconhecido,Burundi
145209,Google Ads,2024-08-23,Não Convertido,,0.0,Agressivo,Saint Lucia
145210,Google Ads,2024-08-21,Não Convertido,,0.0,Conservador,Lithuania
145211,Instagram,2024-08-22,Não Convertido,,0.0,Agressivo,Iraq
145212,YouTube Ads,2024-08-21,Não Convertido,,0.0,Agressivo,Jordan
145213,TikTok,2024-08-21,Não Convertido,,0.0,Conservador,Solomon Islands
145214,Facebook,2024-08-24,Não Convertido,,0.0,Agressivo,Argentina
145215,Facebook,2024-08-20,Não Convertido,,0.0,Agressivo,Solomon Islands
145216,Facebook,2024-08-19,Não Convertido,,0.0,Agressivo,Cambodia
145217,E-mail Marketing,2024-08-22,Não Convertido,,0.0,Desconhecido,Mongolia
145218,Facebook,2024-08-20,Não Convertido,,0.0,Agressivo,Pitcairn Islands
145219,Instagram,2024-08-21,Convertido,12.0,5320.54,Desconhecido,Togo
145220,Instagram,2024-08-22,Convertido,23.0,6608.2,Conservador,Saint Pierre and Miquelon
145221,Instagram,2024-08-23,Não Convertido,,0.0,Desconhecido,Barbados
145222,Google Ads,2024-08-19,Não Convertido,,0.0,Agressivo,Lao People's Democratic Republic
145223,Instagram,2024-08-19,Não Convertido,,0.0,Moderado,Finland
145224,TikTok,2024-08-22,Não Convertido,,0.0,Conservador,Brazil
145225,Orgânico,2024-08-22,Não Convertido,,0.0,Conservador,Belgium
145226,E-mail Marketing,2024-08-19,Não Convertido,,0.0,Agressivo,Peru
145227,TikTok,2024-08-21,Não Convertido,,0.0,Conservador,Guernsey
145228,Orgânico,2024-08-20,Não Convertido,,0.0,Moderado,Netherlands
145229,TikTok,2024-08-21,Não Convertido,,0.0,Moderado,Bermuda
145230,Orgânico,2024-08-21,Não Convertido,,0.0,Moderado,Rwanda
145231,YouTube Ads,2024-08-24,Não Convertido,,0.0,Moderado,Papua New Guinea
145232,E-mail Marketing,2024-08-23,Não Convertido,,0.0,Conservador,Palestinian Territory
145233,Indicação,2024-08-22,Não Convertido,,0.0,Moderado,Burkina Faso
145234,Instagram,2024-08-21,Não Convertido,,0.0,Agressivo,China
145235,Facebook,2024-08-22,Não Convertido,,0.0,Moderado,Afghanistan
145236,Orgânico,2024-08-19,Não Convertido,,0.0,Conservador,Iran
145237,Instagram,2024-08-24,Convertido,29.0,5094.13,Moderado,Eritrea
145238,E-mail Marketing,2024-08-21,Não Convertido,,0.0,Moderado,Guyana
145239,Orgânico,2024-08-20,Não Convertido,,0.0,Conservador,Martinique
145240,Instagram,2024-08-20,Não Convertido,,0.0,Agressivo,Indonesia
145241,WhatsApp,2024-08-19,Não Convertido,,0.0,Agressivo,Guernsey
145242,Facebook,2024-08-20,Não Convertido,,0.0,Moderado,Solomon Islands
145243,E-mail Marketing,2024-08-24,Não Convertido,,0.0,Agressivo,Congo
145244,Instagram,2024-08-19,Convertido,26.0,8382.67,Moderado,Gambia
145245,YouTube Ads,2024-08-22,Não Convertido,,0.0,Conservador,Azerbaijan
145246,Orgânico,2024-08-21,Não Convertido,,0.0,Moderado,Solomon Islands
145247,Instagram,2024-08-21,Não Convertido,,0.0,Conservador,Saint Helena
145248,Orgânico,2024-08-20,Não Convertido,,0.0,Agressivo,Kyrgyz Republic
145249,Facebook,2024-08-24,Não Convertido,,0.0,Moderado,Burundi
145250,YouTube Ads,2024-08-21,Não Convertido,,0.0,Moderado,Niue
145251,Facebook,2024-08-24,Não Convertido,,0.0,Moderado,Cook Islands
145252,Instagram,2024-08-24,Não Convertido,,0.0,Moderado,Norway
145253,Orgânico,2024-08-22,Não Convertido,,0.0,Agressivo,United Arab Emirates
145254,Orgânico,2024-08-23,Não Convertido,,0.0,Moderado,Egypt
145255,TikTok,2024-08-20,Não Convertido,,0.0,Moderado,Costa Rica
145256,Orgânico,2024-08-19,Não Convertido,,0.0,Moderado,Dominica
145257,WhatsApp,2024-08-19,Não Convertido,,0.0,Agressivo,Pakistan
145258,Orgânico,2024-08-19,Não Convertido,,0.0,Moderado,Mozambique
145259,YouTube Ads,2024-08-22,Não Convertido,,0.0,Conservador,New Zealand
145260,Orgânico,2024-08-20,Convertido,28.0,4953.62,Moderado,Brazil
145261,Orgânico,2024-08-19,Não Convertido,,0.0,Moderado,Iceland
145262,Instagram,2024-08-24,Não Convertido,,0.0,Moderado,Antarctica (the territory South of 60 deg S)
145263,Facebook,2024-08-21,Não Convertido,,0.0,Agressivo,Bolivia
145264,Orgânico,2024-08-22,Não Convertido,,0.0,Desconhecido,Saint Vincent and the Grenadines
145265,TikTok,2024-08-21,Não Convertido,,0.0,Agressivo,Denmark
145266,Google Ads,2024-08-23,Não Convertido,,0.0,Moderado,Togo
145267,Instagram,2024-08-19,Convertido,23.0,4562.49,Agressivo,Finland
145268,Instagram,2024-08-22,Não Convertido,,0.0,Agressivo,Monaco
145269,Facebook,2024-08-20,Não Convertido,,0.0,Agressivo,Serbia
145270,TikTok,2024-08-22,Não Convertido,,0.0,Agressivo,El Salvador
145271,E-mail Marketing,2024-08-19,Não Convertido,,0.0,Agressivo,Palau
145272,Orgânico,2024-08-20,Não Convertido,,0.0,Moderado,Guinea-Bissau
145273,Google Ads,2024-08-20,Não Convertido,,0.0,Conservador,Finland
145274,TikTok,2024-08-23,Não Convertido,,0.0,Moderado,Cambodia
145275,Facebook,2024-08-21,Não Convertido,,0.0,Conservador,Poland
145276,Instagram,2024-08-21,Não Convertido,,0.0,Agressivo,Philippines
145277,Instagram,2024-08-21,Não Convertido,,0.0,Conservador,Micronesia
145278,Instagram,2024-08-20,Não Convertido,,0.0,Moderado,Somalia
145279,Facebook,2024-08-20,Não Convertido,,0.0,Agressivo,Germany
145280,TikTok,2024-08-21,Não Convertido,,0.0,Agressivo,Haiti
145281,Instagram,2024-08-21,Não Convertido,,0.0,Agressivo,Belarus
145282,Google Ads,2024-08-22,Não Convertido,,0.0,Agressivo,Niue
145283,TikTok,2024-08-23,Não Convertido,,0.0,Agressivo,Burundi
145284,Orgânico,2024-08-22,Não Convertido,,0.0,Agressivo,Bhutan
145285,TikTok,2024-08-21,Não Convertido,,0.0,Desconhecido,Cocos (Keeling) Islands
145286,Indicação,2024-08-19,Não Convertido,,0.0,Moderado,Syrian Arab Republic
145287,TikTok,2024-08-21,Não Convertido,,0.0,Desconhecido,Pitcairn Islands
145288,TikTok,2024-08-24,Não Convertido,,0.0,Moderado,Singapore
145289,YouTube Ads,2024-08-19,Não Convertido,,0.0,Conservador,Falkland Islands (Malvinas)
145290,Instagram,2024-08-22,Não Convertido,,0.0,Moderado,Romania
145291,TikTok,2024-08-23,Não Convertido,,0.0,Moderado,Norway
145292,Orgânico,2024-08-22,Não Convertido,,0.0,Conservador,Cuba
145293,WhatsApp,2024-08-22,Não Convertido,,0.0,Desconhecido,Cayman Islands
145294,Facebook,2024-08-21,Não Convertido,,0.0,Moderado,Kyrgyz Republic
145295,Instagram,2024-08-24,Não Convertido,,0.0,Agressivo,Azerbaijan
145296,WhatsApp,2024-08-20,Não Convertido,,0.0,Conservador,Pakistan
145297,Facebook,2024-08-24,Convertido,26.0,8343.65,Agressivo,Netherlands Antilles
145298,Orgânico,2024-08-19,Convertido,14.0,6773.67,Conservador,Bangladesh
145299,Instagram,2024-08-23,Não Convertido,,0.0,Conservador,Guadeloupe
145300,WhatsApp,2024-08-21,Não Convertido,,0.0,Moderado,Costa Rica
145301,Orgânico,2024-08-22,Não Convertido,,0.0,Moderado,Reunion
145302,TikTok,2024-08-22,Não Convertido,,0.0,Agressivo,United States of America
145303,Orgânico,2024-08-24,Não Convertido,,0.0,Moderado,Tonga
145304,WhatsApp,2024-08-20,Não Convertido,,0.0,Agressivo,Lithuania
145305,WhatsApp,2024-08-21,Não Convertido,,0.0,Conservador,North Macedonia
145306,Orgânico,2024-08-24,Não Convertido,,0.0,Desconhecido,Madagascar
145307,Indicação,2024-08-23,Não Convertido,,0.0,Moderado,Lesotho
145308,Instagram,2024-08-22,Não Convertido,,0.0,Agressivo,Seychelles
145309,WhatsApp,2024-08-24,Não Convertido,,0.0,Agressivo,Philippines
145310,Google Ads,2024-08-23,Não Convertido,,0.0,Moderado,Uganda
145311,WhatsApp,2024-08-20,Não Convertido,,0.0,Moderado,Bahrain
145312,Orgânico,2024-08-22,Não Convertido,,0.0,Agressivo,Guatemala
145313,WhatsApp,2024-08-24,Não Convertido,,0.0,Conservador,Colombia
145314,Facebook,2024-08-22,Não Convertido,,0.0,Conservador,Burkina Faso
145315,E-mail Marketing,2024-08-20,Não Convertido,,0.0,Conservador,Australia
145316,Orgânico,2024-08-20,Não Convertido,,0.0,Moderado,Iran
145317,Orgânico,2024-08-24,Não Convertido,,0.0,Moderado,Germany
145318,TikTok,2024-08-23,Não Convertido,,0.0,Moderado,British Indian Ocean Territory (Chagos Archipelago)
145319,Orgânico,2024-08-21,Não Convertido,,0.0,Moderado,Congo
145320,Orgânico,2024-08-23,Não Convertido,,0.0,Agressivo,Armenia
145321,TikTok,2024-08-23,Não Convertido,,0.0,Conservador,Romania
145322,Google Ads,2024-08-23,Não Convertido,,0.0,Agressivo,Cyprus
145323,Orgânico,2024-08-20,Não Convertido,,0.0,Conservador,Svalbard & Jan Mayen Islands
145324,Orgânico,2024-08-24,Não Convertido,,0.0,Conservador,Ukraine
145325,Facebook,2024-08-21,Não Convertido,,0.0,Agressivo,Libyan Arab Jamahiriya
145326,YouTube Ads,2024-08-19,Não Convertido,,0.0,Desconhecido,Armenia
145327,TikTok,2024-08-22,Não Convertido,,0.0,Agressivo,Palestinian Territory
145328,Orgânico,2024-08-21,Não Convertido,,0.0,Moderado,Puerto Rico
145329,E-mail Marketing,2024-08-19,Não Convertido,,0.0,Moderado,Martinique
145330,Indicação,2024-08-22,Não Convertido,,0.0,Moderado,Iran
145331,Orgânico,2024-08-23,Convertido,12.0,4239.35,Agressivo,Guyana
145332,Instagram,2024-08-20,Não Convertido,,0.0,Moderado,Cocos (Keeling) Islands
145333,Google Ads,2024-08-20,Não Convertido,,0.0,Moderado,Djibouti
145334,WhatsApp,2024-08-24,Não Convertido,,0.0,Conservador,Turkey
145335,E-mail Marketing,2024-08-21,Não Convertido,,0.0,Agressivo,Maldives
145336,TikTok,2024-08-24,Não Convertido,,0.0,Agressivo,Suriname
145337,Orgânico,2024-08-20,Não Convertido,,0.0,Desconhecido,Netherlands Antilles
145338,E-mail Marketing,2024-08-23,Não Convertido,,0.0,Desconhecido,Venezuela
145339,Orgânico,2024-08-19,Não Convertido,,0.0,Moderado,Morocco
145340,E-mail Marketing,2024-08-24,Não Convertido,,0.0,Moderado,Poland
145341,Orgânico,2024-08-24,Não Convertido,,0.0,Agressivo,Ecuador
145342,Instagram,2024-08-21,Não Convertido,,0.0,Agressivo,Holy See (Vatican City State)
145343,Google Ads,2024-08-20,Não Convertido,,0.0,Agressivo,Brazil
145344,YouTube Ads,2024-08-23,Não Convertido,,0.0,Agressivo,Northern Mariana Islands
145345,Instagram,2024-08-24,Não Convertido,,0.0,Conservador,Zambia
145346,Google Ads,2024-08-21,Não Convertido,,0.0,Moderado,Kuwait
145347,Instagram,2024-08-22,Não Convertido,,0.0,Moderado,Cocos (Keeling) Islands
145348,Instagram,2024-08-19,Não Convertido,,0.0,Agressivo,Libyan Arab Jamahiriya
145349,Facebook,2024-08-23,Não Convertido,,0.0,Moderado,Bosnia and Herzegovina
145350,Facebook,2024-08-22,Não Convertido,,0.0,Conservador,Uzbekistan
145351,Facebook,2024-08-21,Não Convertido,,0.0,Moderado,Guam
145352,WhatsApp,2024-08-24,Não Convertido,,0.0,Agressivo,Greenland
145353,Google Ads,2024-08-22,Não Convertido,,0.0,Moderado,Monaco
145354,TikTok,2024-08-19,Não Convertido,,0.0,Moderado,Australia
145355,Orgânico,2024-08-20,Não Convertido,,0.0,Moderado,Ireland
145356,E-mail Marketing,2024-08-20,Não Convertido,,0.0,Moderado,Monaco
145357,YouTube Ads,2024-08-20,Não Convertido,,0.0,Agressivo,Haiti
145358,Facebook,2024-08-24,Não Convertido,,0.0,Moderado,United Kingdom
145359,Orgânico,2024-08-24,Não Convertido,,0.0,Conservador,Svalbard & Jan Mayen Islands
145360,E-mail Marketing,2024-08-22,Não Convertido,,0.0,Agressivo,Ecuador
145361,Instagram,2024-08-19,Não Convertido,,0.0,Moderado,Bahrain
145362,Google Ads,2024-08-20,Não Convertido,,0.0,Moderado,Kuwait
145363,TikTok,2024-08-21,Não Convertido,,0.0,Agressivo,Marshall Islands
145364,Orgânico,2024-08-22,Não Convertido,,0.0,Desconhecido,Serbia
145365,Instagram,2024-08-23,Não Convertido,,0.0,Agressivo,Turkmenistan
145366,YouTube Ads,2024-08-20,Não Convertido,,0.0,Conservador,Malta
145367,Facebook,2024-08-20,Convertido,2.0,8204.73,Agressivo,Greece
145368,E-mail Marketing,2024-08-23,Não Convertido,,0.0,Moderado,Ethiopia
145369,Facebook,2024-08-24,Não Convertido,,0.0,Agressivo,Honduras
145370,Indicação,2024-08-24,Não Convertido,,0.0,Conservador,Brazil
145371,Facebook,2024-08-22,Não Convertido,,0.0,Agressivo,United States Virgin Islands
145372,Google Ads,2024-08-21,Não Convertido,,0.0,Moderado,Ethiopia
145373,WhatsApp,2024-08-23,Não Convertido,,0.0,Agressivo,British Virgin Islands
145374,Google Ads,2024-08-23,Não Convertido,,0.0,Desconhecido,British Indian Ocean Territory (Chagos Archipelago)
145375,YouTube Ads,2024-08-19,Não Convertido,,0.0,Conservador,China
145376,WhatsApp,2024-08-24,Não Convertido,,0.0,Agressivo,Poland
145377,Instagram,2024-08-19,Não Convertido,,0.0,Moderado,New Caledonia
145378,Instagram,2024-08-19,Não Convertido,,0.0,Moderado,Germany
145379,Orgânico,2024-08-23,Não Convertido,,0.0,Agressivo,French Southern Territories
145380,Orgânico,2024-08-23,Não Convertido,,0.0,Agressivo,Tanzania
145381,Instagram,2024-08-19,Não Convertido,,0.0,Agressivo,Lao People's Democratic Republic
145382,E-mail Marketing,2024-08-20,Não Convertido,,0.0,Desconhecido,Cayman Islands
145383,TikTok,2024-08-23,Não Convertido,,0.0,Agressivo,Saint Kitts and Nevis
145384,E-mail Marketing,2024-08-23,Não Convertido,,0.0,Conservador,Bulgaria
145385,Google Ads,2024-08-19,Não Convertido,,0.0,Agressivo,Montserrat
145386,Instagram,2024-08-21,Não Convertido,,0.0,Agressivo,Nigeria
145387,TikTok,2024-08-24,Não Convertido,,0.0,Agressivo,Tunisia
145388,Google Ads,2024-08-19,Não Convertido,,0.0,Moderado,Saint Barthelemy
145389,Facebook,2024-08-21,Não Convertido,,0.0,Moderado,Togo
145390,TikTok,2024-08-22,Não Convertido,,0.0,Conservador,Ireland
145391,Indicação,2024-08-23,Não Convertido,,0.0,Moderado,Nicaragua
145392,Google Ads,2024-08-19,Não Convertido,,0.0,Agressivo,Heard Island and McDonald Islands
145393,Indicação,2024-08-21,Não Convertido,,0.0,Agressivo,Hong Kong
145394,Orgânico,2024-08-22,Não Convertido,,0.0,Conservador,Eritrea
145395,Indicação,2024-08-24,Não Convertido,,0.0,Agressivo,Portugal
145396,WhatsApp,2024-08-20,Não Convertido,,0.0,Agressivo,Namibia
145397,Facebook,2024-08-20,Não Convertido,,0.0,Agressivo,Belize
145398,Indicação,2024-08-22,Convertido,5.0,5265.56,Agressivo,Macao
145399,Instagram,2024-08-19,Não Convertido,,0.0,Conservador,Sao Tome and Principe
145400,Instagram,2024-08-24,Não Convertido,,0.0,Moderado,Greece
145401,YouTube Ads,2024-08-22,Não Convertido,,0.0,Conservador,Belarus
145402,Orgânico,2024-08-24,Não Convertido,,0.0,Agressivo,Burkina Faso
145403,TikTok,2024-08-24,Não Convertido,,0.0,Agressivo,Holy See (Vatican City State)
145404,Orgânico,2024-08-21,Não Convertido,,0.0,Agressivo,Indonesia
145405,Instagram,2024-08-24,Não Convertido,,0.0,Moderado,Namibia
145406,Instagram,2024-08-24,Não Convertido,,0.0,Moderado,Saint Pierre and Miquelon
145407,TikTok,2024-08-21,Não Convertido,,0.0,Moderado,Mongolia
145408,Google Ads,2024-08-23,Não Convertido,,0.0,Moderado,Guyana
145409,WhatsApp,2024-08-23,Não Convertido,,0.0,Agressivo,Tajikistan
145410,WhatsApp,2024-08-20,Não Convertido,,0.0,Agressivo,Comoros
145411,E-mail Marketing,2024-08-19,Não Convertido,,0.0,Desconhecido,Estonia
145412,TikTok,2024-08-22,Não Convertido,,0.0,Agressivo,Lesotho
145413,TikTok,2024-08-20,Não Convertido,,0.0,Conservador,Heard Island and McDonald Islands
145414,YouTube Ads,2024-08-19,Não Convertido,,0.0,Agressivo,Turks and Caicos Islands
145415,Instagram,2024-08-19,Não Convertido,,0.0,Conservador,Netherlands Antilles
145416,Facebook,2024-08-22,Não Convertido,,0.0,Conservador,Mongolia
145417,YouTube Ads,2024-08-20,Não Convertido,,0.0,Agressivo,Bahrain
145418,E-mail Marketing,2024-08-19,Não Convertido,,0.0,Agressivo,Zimbabwe
145419,Facebook,2024-08-21,Não Convertido,,0.0,Moderado,Korea
145420,TikTok,2024-08-20,Não Convertido,,0.0,Moderado,Nepal
145421,Indicação,2024-08-24,Não Convertido,,0.0,Moderado,Faroe Islands
145422,E-mail Marketing,2024-08-20,Não Convertido,,0.0,Conservador,Congo
145423,Instagram,2024-08-21,Não Convertido,,0.0,Agressivo,Myanmar
145424,Instagram,2024-08-23,Não Convertido,,0.0,Agressivo,North Macedonia
145425,Instagram,2024-08-20,Não Convertido,,0.0,Agressivo,Malta
145426,Instagram,2024-08-21,Não Convertido,,0.0,Agressivo,Latvia
145427,Indicação,2024-08-22,Não Convertido,,0.0,Conservador,Saudi Arabia
145428,Facebook,2024-08-19,Não Convertido,,0.0,Conservador,Svalbard & Jan Mayen Islands
145429,Instagram,2024-08-20,Não Convertido,,0.0,Conservador,Somalia
145430,Facebook,2024-08-24,Não Convertido,,0.0,Desconhecido,Libyan Arab Jamahiriya
145431,YouTube Ads,2024-08-23,Não Convertido,,0.0,Moderado,Jersey
145432,YouTube Ads,2024-08-20,Não Convertido,,0.0,Conservador,Azerbaijan
145433,YouTube Ads,2024-08-20,Convertido,13.0,6560.37,Desconhecido,Cambodia
145434,TikTok,2024-08-22,Não Convertido,,0.0,Conservador,Singapore
145435,E-mail Marketing,2024-08-24,Não Convertido,,0.0,Moderado,Poland
145436,TikTok,2024-08-19,Não Convertido,,0.0,Conservador,Puerto Rico
145437,Orgânico,2024-08-23,Não Convertido,,0.0,Agressivo,United States of America
145438,E-mail Marketing,2024-08-21,Não Convertido,,0.0,Moderado,Cameroon
145439,Orgânico,2024-08-20,Não Convertido,,0.0,Moderado,Guatemala
145440,Orgânico,2024-08-21,Não Convertido,,0.0,Conservador,Austria
145441,Instagram,2024-08-22,Não Convertido,,0.0,Moderado,Pakistan
145442,Facebook,2024-08-21,Não Convertido,,0.0,Agressivo,Thailand
145443,Google Ads,2024-08-24,Não Convertido,,0.0,Moderado,Bulgaria
145444,Indicação,2024-08-21,Não Convertido,,0.0,Agressivo,Seychelles
145445,Orgânico,2024-08-20,Não Convertido,,0.0,Moderado,Indonesia
145446,TikTok,2024-08-23,Não Convertido,,0.0,Moderado,Guernsey
145447,E-mail Marketing,2024-08-19,Não Convertido,,0.0,Desconhecido,Swaziland
145448,Orgânico,2024-08-20,Não Convertido,,0.0,Agressivo,Bahamas
145449,E-mail Marketing,2024-08-19,Não Convertido,,0.0,Agressivo,Ukraine
145450,Instagram,2024-08-21,Convertido,15.0,8559.28,Agressivo,Czech Republic
145451,Orgânico,2024-08-19,Não Convertido,,0.0,Desconhecido,Bangladesh
145452,Facebook,2024-08-21,Não Convertido,,0.0,Moderado,Kuwait
145453,Orgânico,2024-08-22,Não Convertido,,0.0,Agressivo,Portugal
145454,Orgânico,2024-08-20,Não Convertido,,0.0,Moderado,Saint Kitts and Nevis
145455,WhatsApp,2024-08-22,Não Convertido,,0.0,Agressivo,Chile
145456,TikTok,2024-08-24,Não Convertido,,0.0,Agressivo,Paraguay
145457,YouTube Ads,2024-08-21,Convertido,18.0,7444.97,Moderado,Fiji
145458,Facebook,2024-08-21,Não Convertido,,0.0,Moderado,Cyprus
145459,Google Ads,2024-08-21,Não Convertido,,0.0,Moderado,Pitcairn Islands
145460,Orgânico,2024-08-21,Não Convertido,,0.0,Desconhecido,Dominican Republic
145461,YouTube Ads,2024-08-19,Não Convertido,,0.0,Agressivo,South Georgia and the South Sandwich Islands
145462,WhatsApp,2024-08-22,Não Convertido,,0.0,Moderado,Lao People's Democratic Republic
145463,TikTok,2024-08-19,Não Convertido,,0.0,Conservador,Cameroon
145464,Facebook,2024-08-24,Não Convertido,,0.0,Agressivo,Qatar
145465,Google Ads,2024-08-22,Não Convertido,,0.0,Desconhecido,South Georgia and the South Sandwich Islands
145466,E-mail Marketing,2024-08-21,Não Convertido,,0.0,Moderado,Malta
145467,E-mail Marketing,2024-08-21,Não Convertido,,0.0,Agressivo,Croatia
145468,Instagram,2024-08-22,Não Convertido,,0.0,Conservador,Mauritius
145469,Facebook,2024-08-24,Não Convertido,,0.0,Conservador,Jamaica
145470,Orgânico,2024-08-19,Não Convertido,,0.0,Desconhecido,Tajikistan
145471,Google Ads,2024-08-20,Não Convertido,,0.0,Desconhecido,United States Virgin Islands
145472,TikTok,2024-08-19,Convertido,16.0,5675.37,Moderado,Kiribati
145473,Instagram,2024-08-20,Não Convertido,,0.0,Desconhecido,Ukraine
145474,Instagram,2024-08-24,Não Convertido,,0.0,Conservador,Mexico
145475,Instagram,2024-08-24,Não Convertido,,0.0,Agressivo,Nigeria
145476,Facebook,2024-08-20,Não Convertido,,0.0,Conservador,Barbados
145477,Google Ads,2024-08-24,Não Convertido,,0.0,Conservador,Belize
145478,Orgânico,2024-08-23,Não Convertido,,0.0,Conservador,Croatia
145479,WhatsApp,2024-08-20,Não Convertido,,0.0,Desconhecido,Saint Martin
145480,Orgânico,2024-08-24,Não Convertido,,0.0,Moderado,Netherlands Antilles
145481,TikTok,2024-08-24,Não Convertido,,0.0,Agressivo,Cook Islands
145482,Instagram,2024-08-24,Não Convertido,,0.0,Conservador,Mozambique
145483,Google Ads,2024-08-22,Não Convertido,,0.0,Conservador,United States Minor Outlying Islands
145484,Facebook,2024-08-19,Não Convertido,,0.0,Agressivo,Saint Helena
145485,Facebook,2024-08-22,Não Convertido,,0.0,Conservador,Belgium
145486,TikTok,2024-08-20,Não Convertido,,0.0,Agressivo,Qatar
145487,Orgânico,2024-08-22,Não Convertido,,0.0,Moderado,Chile
145488,Instagram,2024-08-22,Não Convertido,,0.0,Moderado,Samoa
145489,Facebook,2024-08-22,Não Convertido,,0.0,Agressivo,Seychelles
145490,WhatsApp,2024-08-20,Não Convertido,,0.0,Moderado,Gambia
145491,Google Ads,2024-08-23,Não Convertido,,0.0,Moderado,Lithuania
145492,Instagram,2024-08-20,Não Convertido,,0.0,Conservador,Cocos (Keeling) Islands
145493,WhatsApp,2024-08-23,Não Convertido,,0.0,Conservador,Faroe Islands
145494,Facebook,2024-08-19,Não Convertido,,0.0,Moderado,Grenada
145495,Orgânico,2024-08-19,Não Convertido,,0.0,Moderado,Thailand
145496,WhatsApp,2024-08-23,Não Convertido,,0.0,Moderado,Lesotho
145497,Orgânico,2024-08-22,Convertido,27.0,2918.02,Agressivo,Lesotho
145498,YouTube Ads,2024-08-23,Não Convertido,,0.0,Conservador,Russian Federation
145499,YouTube Ads,2024-08-24,Não Convertido,,0.0,Moderado,New Caledonia
145500,Orgânico,2024-08-23,Não Convertido,,0.0,Moderado,Niue
145501,Instagram,2024-08-19,Não Convertido,,0.0,Moderado,United Kingdom
145502,E-mail Marketing,2024-08-24,Não Convertido,,0.0,Agressivo,Svalbard & Jan Mayen Islands
145503,Instagram,2024-08-23,Não Convertido,,0.0,Desconhecido,Iraq
145504,E-mail Marketing,2024-08-23,Não Convertido,,0.0,Moderado,Bulgaria
145505,TikTok,2024-08-22,Não Convertido,,0.0,Conservador,Brunei Darussalam
145506,Orgânico,2024-08-24,Não Convertido,,0.0,Moderado,Syrian Arab Republic
145507,Orgânico,2024-08-19,Não Convertido,,0.0,Conservador,Ireland
145508,E-mail Marketing,2024-08-22,Não Convertido,,0.0,Agressivo,Burundi
145509,Instagram,2024-08-24,Não Convertido,,0.0,Moderado,Antarctica (the territory South of 60 deg S)
145510,Facebook,2024-08-21,Convertido,17.0,4619.64,Conservador,Jersey
145511,YouTube Ads,2024-08-24,Não Convertido,,0.0,Moderado,Bahrain
145512,Orgânico,2024-08-24,Não Convertido,,0.0,Moderado,Benin
145513,TikTok,2024-08-22,Não Convertido,,0.0,Agressivo,Romania
145514,Orgânico,2024-08-20,Não Convertido,,0.0,Moderado,United States Minor Outlying Islands
145515,Facebook,2024-08-21,Não Convertido,,0.0,Moderado,Lesotho
145516,TikTok,2024-08-21,Não Convertido,,0.0,Moderado,Bahamas
145517,WhatsApp,2024-08-19,Não Convertido,,0.0,Moderado,Vietnam
145518,Facebook,2024-08-21,Não Convertido,,0.0,Agressivo,Kuwait
145519,Indicação,2024-08-19,Não Convertido,,0.0,Moderado,Greece
145520,Facebook,2024-08-19,Não Convertido,,0.0,Moderado,Slovenia
145521,Google Ads,2024-08-20,Convertido,29.0,4549.35,Conservador,Antigua and Barbuda
145522,Google Ads,2024-08-22,Não Convertido,,0.0,Moderado,Thailand
145523,WhatsApp,2024-08-22,Não Convertido,,0.0,Conservador,Lithuania
145524,TikTok,2024-08-23,Não Convertido,,0.0,Moderado,Sao Tome and Principe
145525,TikTok,2024-08-19,Convertido,22.0,1640.8,Moderado,Luxembourg
145526,Facebook,2024-08-23,Convertido,12.0,6851.37,Agressivo,French Guiana
145527,Google Ads,2024-08-19,Não Convertido,,0.0,Agressivo,Kiribati
145528,Indicação,2024-08-21,Não Convertido,,0.0,Agressivo,Bouvet Island (Bouvetoya)
145529,Facebook,2024-08-21,Não Convertido,,0.0,Moderado,Georgia
145530,Instagram,2024-08-19,Não Convertido,,0.0,Agressivo,Bhutan
145531,E-mail Marketing,2024-08-22,Não Convertido,,0.0,Moderado,South Georgia and the South Sandwich Islands
145532,TikTok,2024-08-19,Não Convertido,,0.0,Conservador,Niue
145533,TikTok,2024-08-22,Não Convertido,,0.0,Desconhecido,Martinique
145534,TikTok,2024-08-23,Não Convertido,,0.0,Conservador,Malawi
145535,WhatsApp,2024-08-20,Não Convertido,,0.0,Moderado,Grenada
145536,Instagram,2024-08-20,Não Convertido,,0.0,Agressivo,Morocco
145537,Orgânico,2024-08-22,Não Convertido,,0.0,Moderado,Cape Verde
145538,YouTube Ads,2024-08-21,Não Convertido,,0.0,Moderado,Zambia
145539,WhatsApp,2024-08-20,Não Convertido,,0.0,Moderado,Tanzania
145540,Orgânico,2024-08-21,Não Convertido,,0.0,Moderado,Indonesia
145541,Instagram,2024-08-24,Não Convertido,,0.0,Agressivo,Kuwait
145542,Google Ads,2024-08-23,Não Convertido,,0.0,Conservador,Antarctica (the territory South of 60 deg S)
145543,Facebook,2024-08-20,Não Convertido,,0.0,Agressivo,Macao
145544,E-mail Marketing,2024-08-22,Não Convertido,,0.0,Desconhecido,Sweden
145545,YouTube Ads,2024-08-21,Não Convertido,,0.0,Moderado,Taiwan
145546,Instagram,2024-08-22,Não Convertido,,0.0,Agressivo,Canada
145547,Facebook,2024-08-20,Não Convertido,,0.0,Agressivo,Uganda
145548,TikTok,2024-08-24,Não Convertido,,0.0,Moderado,Kuwait
145549,E-mail Marketing,2024-08-19,Não Convertido,,0.0,Agressivo,Peru
145550,Orgânico,2024-08-22,Não Convertido,,0.0,Agressivo,Sao Tome and Principe
145551,Google Ads,2024-08-24,Não Convertido,,0.0,Agressivo,Bahrain
145552,Orgânico,2024-08-20,Não Convertido,,0.0,Conservador,Azerbaijan
145553,Instagram,2024-08-19,Não Convertido,,0.0,Agressivo,Ecuador
145554,E-mail Marketing,2024-08-24,Não Convertido,,0.0,Moderado,Chile
145555,WhatsApp,2024-08-19,Não Convertido,,0.0,Conservador,Malaysia
145556,Google Ads,2024-08-23,Não Convertido,,0.0,Moderado,Estonia
145557,Instagram,2024-08-22,Não Convertido,,0.0,Moderado,Lesotho
145558,Google Ads,2024-08-23,Não Convertido,,0.0,Agressivo,Spain
145559,Orgânico,2024-08-19,Não Convertido,,0.0,Moderado,Germany
145560,Google Ads,2024-08-20,Não Convertido,,0.0,Moderado,Angola
145561,Google Ads,2024-08-21,Não Convertido,,0.0,Moderado,Gambia
145562,TikTok,2024-08-21,Não Convertido,,0.0,Agressivo,Tuvalu
145563,Facebook,2024-08-20,Não Convertido,,0.0,Agressivo,Cook Islands
145564,Instagram,2024-08-21,Não Convertido,,0.0,Moderado,Isle of Man
145565,E-mail Marketing,2024-08-19,Não Convertido,,0.0,Moderado,Saint Lucia
145566,WhatsApp,2024-08-24,Não Convertido,,0.0,Conservador,Samoa
145567,Facebook,2024-08-20,Não Convertido,,0.0,Moderado,Gabon
145568,Orgânico,2024-08-20,Não Convertido,,0.0,Moderado,Saint Kitts and Nevis
145569,E-mail Marketing,2024-08-20,Não Convertido,,0.0,Moderado,Martinique
145570,Instagram,2024-08-21,Não Convertido,,0.0,Moderado,Ireland
145571,TikTok,2024-08-19,Não Convertido,,0.0,Conservador,Saudi Arabia
145572,WhatsApp,2024-08-19,Não Convertido,,0.0,Conservador,Kuwait
145573,WhatsApp,2024-08-23,Não Convertido,,0.0,Agressivo,Ecuador
145574,TikTok,2024-08-21,Convertido,27.0,4090.86,Conservador,Brazil
145575,WhatsApp,2024-08-22,Não Convertido,,0.0,Desconhecido,Saint Vincent and the Grenadines
145576,Orgânico,2024-08-24,Não Convertido,,0.0,Moderado,Vietnam
145577,Instagram,2024-08-22,Não Convertido,,0.0,Moderado,Wallis and Futuna
145578,Google Ads,2024-08-19,Não Convertido,,0.0,Agressivo,Swaziland
145579,TikTok,2024-08-23,Não Convertido,,0.0,Conservador,Faroe Islands
145580,Orgânico,2024-08-19,Não Convertido,,0.0,Agressivo,Sao Tome and Principe
145581,E-mail Marketing,2024-08-19,Não Convertido,,0.0,Agressivo,Jamaica
145582,Google Ads,2024-08-20,Não Convertido,,0.0,Conservador,Moldova
145583,Orgânico,2024-08-22,Não Convertido,,0.0,Moderado,Andorra
145584,TikTok,2024-08-21,Não Convertido,,0.0,Moderado,Tajikistan
145585,Google Ads,2024-08-21,Não Convertido,,0.0,Moderado,Cambodia
145586,TikTok,2024-08-24,Não Convertido,,0.0,Conservador,Isle of Man
145587,TikTok,2024-08-19,Não Convertido,,0.0,Moderado,Morocco
145588,TikTok,2024-08-20,Não Convertido,,0.0,Moderado,Luxembourg
145589,TikTok,2024-08-23,Não Convertido,,0.0,Agressivo,Australia
145590,Instagram,2024-08-22,Não Convertido,,0.0,Desconhecido,Guernsey
145591,Facebook,2024-08-23,Não Convertido,,0.0,Conservador,Martinique
145592,Facebook,2024-08-20,Convertido,28.0,5539.78,Agressivo,Belize
145593,Orgânico,2024-08-20,Não Convertido,,0.0,Moderado,Lebanon
145594,Facebook,2024-08-21,Não Convertido,,0.0,Moderado,Brunei Darussalam
145595,Orgânico,2024-08-21,Não Convertido,,0.0,Agressivo,Korea
145596,TikTok,2024-08-24,Não Convertido,,0.0,Moderado,Algeria
145597,WhatsApp,2024-08-20,Não Convertido,,0.0,Agressivo,Switzerland
145598,YouTube Ads,2024-08-23,Não Convertido,,0.0,Moderado,Barbados
145599,Indicação,2024-08-22,Não Convertido,,0.0,Desconhecido,Niue
145600,Facebook,2024-08-24,Não Convertido,,0.0,Moderado,Montenegro
145601,Google Ads,2024-08-22,Não Convertido,,0.0,Desconhecido,Kiribati
145602,WhatsApp,2024-08-19,Não Convertido,,0.0,Moderado,Dominican Republic
145603,TikTok,2024-08-22,Convertido,26.0,5899.89,Agressivo,Burkina Faso
145604,TikTok,2024-08-21,Não Convertido,,0.0,Moderado,Argentina
145605,YouTube Ads,2024-08-23,Não Convertido,,0.0,Desconhecido,Afghanistan
145606,Google Ads,2024-08-24,Não Convertido,,0.0,Agressivo,Comoros
145607,Facebook,2024-08-23,Não Convertido,,0.0,Moderado,Trinidad and Tobago
145608,E-mail Marketing,2024-08-20,Não Convertido,,0.0,Moderado,Slovakia (Slovak Republic)
145609,TikTok,2024-08-23,Não Convertido,,0.0,Moderado,South Georgia and the South Sandwich Islands
145610,Orgânico,2024-08-21,Não Convertido,,0.0,Agressivo,France
145611,Google Ads,2024-08-19,Não Convertido,,0.0,Moderado,Russian Federation
145612,Facebook,2024-08-22,Convertido,19.0,9169.84,Conservador,Morocco
145613,Indicação,2024-08-21,Não Convertido,,0.0,Agressivo,Bahrain
145614,Orgânico,2024-08-23,Não Convertido,,0.0,Agressivo,Chile
145615,Facebook,2024-08-22,Não Convertido,,0.0,Agressivo,Canada
145616,Google Ads,2024-08-24,Não Convertido,,0.0,Agressivo,Algeria
145617,Instagram,2024-08-19,Não Convertido,,0.0,Moderado,Cook Islands
145618,Google Ads,2024-08-20,Não Convertido,,0.0,Agressivo,Romania
145619,Orgânico,2024-08-19,Não Convertido,,0.0,Moderado,Burkina Faso
145620,Facebook,2024-08-22,Não Convertido,,0.0,Moderado,Nigeria
145621,TikTok,2024-08-22,Não Convertido,,0.0,Conservador,Czech Republic
145622,WhatsApp,2024-08-19,Não Convertido,,0.0,Agressivo,South Africa
145623,Instagram,2024-08-20,Não Convertido,,0.0,Desconhecido,Comoros
145624,Facebook,2024-08-24,Não Convertido,,0.0,Moderado,Cook Islands
145625,TikTok,2024-08-19,Não Convertido,,0.0,Moderado,Afghanistan
145626,Facebook,2024-08-19,Não Convertido,,0.0,Conservador,San Marino
145627,TikTok,2024-08-22,Não Convertido,,0.0,Moderado,South Africa
145628,YouTube Ads,2024-08-24,Não Convertido,,0.0,Moderado,Macao
145629,WhatsApp,2024-08-22,Não Convertido,,0.0,Conservador,Austria
145630,Instagram,2024-08-20,Convertido,29.0,690.78,Moderado,Vanuatu
145631,Orgânico,2024-08-21,Convertido,23.0,1809.95,Moderado,Saint Pierre and Miquelon
145632,Instagram,2024-08-20,Não Convertido,,0.0,Moderado,Nicaragua
145633,Facebook,2024-08-20,Não Convertido,,0.0,Agressivo,Malta
145634,E-mail Marketing,2024-08-22,Não Convertido,,0.0,Conservador,Micronesia
145635,Orgânico,2024-08-21,Não Convertido,,0.0,Agressivo,Botswana
145636,TikTok,2024-08-24,Não Convertido,,0.0,Moderado,Ethiopia
145637,E-mail Marketing,2024-08-23,Não Convertido,,0.0,Moderado,Solomon Islands
145638,Instagram,2024-08-20,Não Convertido,,0.0,Conservador,Czech Republic
145639,Indicação,2024-08-22,Não Convertido,,0.0,Conservador,Kyrgyz Republic
145640,WhatsApp,2024-08-22,Convertido,9.0,5474.82,Agressivo,Taiwan
145641,YouTube Ads,2024-08-22,Não Convertido,,0.0,Moderado,Senegal
145642,Instagram,2024-08-20,Convertido,2.0,4289.11,Conservador,Finland
145643,Orgânico,2024-08-23,Não Convertido,,0.0,Agressivo,Costa Rica
145644,TikTok,2024-08-23,Não Convertido,,0.0,Agressivo,Wallis and Futuna
145645,Facebook,2024-08-22,Convertido,3.0,6200.94,Moderado,Haiti
145646,WhatsApp,2024-08-22,Não Convertido,,0.0,Agressivo,Comoros
145647,Orgânico,2024-08-23,Não Convertido,,0.0,Desconhecido,Portugal
145648,E-mail Marketing,2024-08-24,Não Convertido,,0.0,Agressivo,Zimbabwe
145649,WhatsApp,2024-08-22,Não Convertido,,0.0,Desconhecido,Slovakia (Slovak Republic)
145650,Instagram,2024-08-22,Não Convertido,,0.0,Desconhecido,Ghana
145651,Instagram,2024-08-21,Não Convertido,,0.0,Agressivo,Benin
145652,Facebook,2024-08-21,Não Convertido,,0.0,Conservador,Myanmar
145653,TikTok,2024-08-20,Não Convertido,,0.0,Agressivo,Haiti
145654,Google Ads,2024-08-21,Não Convertido,,0.0,Conservador,Guyana
145655,E-mail Marketing,2024-08-23,Não Convertido,,0.0,Conservador,Reunion
145656,Orgânico,2024-08-23,Não Convertido,,0.0,Desconhecido,Cambodia
145657,Instagram,2024-08-22,Não Convertido,,0.0,Moderado,Mexico
145658,Orgânico,2024-08-20,Convertido,22.0,7628.18,Desconhecido,Lesotho
145659,Instagram,2024-08-21,Não Convertido,,0.0,Moderado,Madagascar
145660,Orgânico,2024-08-23,Não Convertido,,0.0,Moderado,Antarctica (the territory South of 60 deg S)
145661,YouTube Ads,2024-08-24,Convertido,18.0,6211.58,Conservador,Lithuania
145662,E-mail Marketing,2024-08-20,Não Convertido,,0.0,Agressivo,Antarctica (the territory South of 60 deg S)
145663,Instagram,2024-08-19,Não Convertido,,0.0,Conservador,Norway
145664,YouTube Ads,2024-08-20,Não Convertido,,0.0,Moderado,Guadeloupe
145665,E-mail Marketing,2024-08-23,Não Convertido,,0.0,Agressivo,Mexico
145666,WhatsApp,2024-08-22,Não Convertido,,0.0,Agressivo,Svalbard & Jan Mayen Islands
145667,E-mail Marketing,2024-08-24,Não Convertido,,0.0,Desconhecido,Pakistan
145668,Orgânico,2024-08-23,Não Convertido,,0.0,Conservador,Falkland Islands (Malvinas)
145669,Google Ads,2024-08-24,Não Convertido,,0.0,Moderado,Bangladesh
145670,Orgânico,2024-08-24,Não Convertido,,0.0,Agressivo,Senegal
145671,YouTube Ads,2024-08-22,Não Convertido,,0.0,Desconhecido,Solomon Islands
145672,Google Ads,2024-08-20,Não Convertido,,0.0,Desconhecido,Slovakia (Slovak Republic)
145673,Google Ads,2024-08-21,Não Convertido,,0.0,Conservador,Cambodia
145674,Facebook,2024-08-22,Não Convertido,,0.0,Moderado,Saint Barthelemy
145675,Instagram,2024-08-23,Não Convertido,,0.0,Moderado,Trinidad and Tobago
145676,TikTok,2024-08-23,Não Convertido,,0.0,Conservador,Bulgaria
145677,E-mail Marketing,2024-08-19,Não Convertido,,0.0,Agressivo,Sierra Leone
145678,Facebook,2024-08-23,Não Convertido,,0.0,Moderado,Korea
145679,Facebook,2024-08-21,Não Convertido,,0.0,Agressivo,Burkina Faso
145680,YouTube Ads,2024-08-20,Não Convertido,,0.0,Moderado,Antigua and Barbuda
145681,Orgânico,2024-08-19,Não Convertido,,0.0,Moderado,Nepal
145682,Instagram,2024-08-20,Não Convertido,,0.0,Moderado,Fiji
145683,Instagram,2024-08-20,Não Convertido,,0.0,Agressivo,Turkey
145684,Indicação,2024-08-21,Não Convertido,,0.0,Moderado,Cuba
145685,Orgânico,2024-08-19,Não Convertido,,0.0,Agressivo,Cyprus
145686,TikTok,2024-08-24,Não Convertido,,0.0,Conservador,Netherlands
145687,E-mail Marketing,2024-08-20,Não Convertido,,0.0,Desconhecido,South Georgia and the South Sandwich Islands
145688,Orgânico,2024-08-24,Não Convertido,,0.0,Moderado,Ukraine
145689,Orgânico,2024-08-24,Não Convertido,,0.0,Agressivo,Russian Federation
145690,E-mail Marketing,2024-08-19,Não Convertido,,0.0,Conservador,Togo
145691,TikTok,2024-08-20,Não Convertido,,0.0,Moderado,Gabon
145692,E-mail Marketing,2024-08-20,Não Convertido,,0.0,Moderado,Cape Verde
145693,Facebook,2024-08-24,Não Convertido,,0.0,Moderado,Slovakia (Slovak Republic)
145694,Instagram,2024-08-24,Convertido,6.0,6479.42,Conservador,Cape Verde
145695,Facebook,2024-08-24,Não Convertido,,0.0,Agressivo,Madagascar
145696,TikTok,2024-08-21,Não Convertido,,0.0,Conservador,Haiti
145697,E-mail Marketing,2024-08-22,Não Convertido,,0.0,Agressivo,Haiti
145698,Instagram,2024-08-24,Não Convertido,,0.0,Agressivo,Aruba
145699,Facebook,2024-08-22,Não Convertido,,0.0,Conservador,Tunisia
145700,Facebook,2024-08-23,Não Convertido,,0.0,Moderado,Malaysia
145701,Instagram,2024-08-20,Não Convertido,,0.0,Conservador,Sao Tome and Principe
145702,Instagram,2024-08-22,Não Convertido,,0.0,Moderado,Norfolk Island
145703,Facebook,2024-08-20,Não Convertido,,0.0,Moderado,Norway
145704,Orgânico,2024-08-22,Não Convertido,,0.0,Moderado,Iran
145705,YouTube Ads,2024-08-23,Não Convertido,,0.0,Moderado,Kazakhstan
145706,YouTube Ads,2024-08-24,Não Convertido,,0.0,Conservador,Yemen
145707,YouTube Ads,2024-08-20,Não Convertido,,0.0,Desconhecido,Saint Vincent and the Grenadines
145708,WhatsApp,2024-08-20,Não Convertido,,0.0,Conservador,Sao Tome and Principe
145709,WhatsApp,2024-08-21,Não Convertido,,0.0,Desconhecido,Guinea-Bissau
145710,TikTok,2024-08-23,Não Convertido,,0.0,Moderado,Belgium
145711,E-mail Marketing,2024-08-19,Não Convertido,,0.0,Agressivo,Angola
145712,TikTok,2024-08-21,Não Convertido,,0.0,Conservador,Paraguay
145713,E-mail Marketing,2024-08-24,Não Convertido,,0.0,Conservador,Japan
145714,TikTok,2024-08-21,Não Convertido,,0.0,Moderado,Indonesia
145715,TikTok,2024-08-19,Não Convertido,,0.0,Moderado,Bahrain
145716,Orgânico,2024-08-24,Não Convertido,,0.0,Agressivo,Sudan
145717,WhatsApp,2024-08-21,Não Convertido,,0.0,Moderado,Sao Tome and Principe
145718,Instagram,2024-08-19,Não Convertido,,0.0,Desconhecido,British Indian Ocean Territory (Chagos Archipelago)
145719,E-mail Marketing,2024-08-24,Não Convertido,,0.0,Desconhecido,Bulgaria
145720,Indicação,2024-08-21,Não Convertido,,0.0,Moderado,Chile
145721,TikTok,2024-08-21,Não Convertido,,0.0,Agressivo,Barbados
145722,E-mail Marketing,2024-08-23,Não Convertido,,0.0,Moderado,Paraguay
145723,Instagram,2024-08-21,Não Convertido,,0.0,Moderado,Northern Mariana Islands
145724,Orgânico,2024-08-24,Não Convertido,,0.0,Moderado,Bermuda
145725,Instagram,2024-08-21,Não Convertido,,0.0,Moderado,Marshall Islands
145726,Indicação,2024-08-20,Não Convertido,,0.0,Moderado,Bahamas
145727,E-mail Marketing,2024-08-21,Não Convertido,,0.0,Moderado,Netherlands
145728,YouTube Ads,2024-08-23,Não Convertido,,0.0,Conservador,Guinea
145729,Instagram,2024-08-19,Não Convertido,,0.0,Moderado,Norway
145730,E-mail Marketing,2024-08-23,Não Convertido,,0.0,Agressivo,Macao
145731,E-mail Marketing,2024-08-24,Não Convertido,,0.0,Agressivo,Micronesia
145732,Google Ads,2024-08-21,Convertido,27.0,7405.31,Conservador,Egypt
145733,E-mail Marketing,2024-08-22,Não Convertido,,0.0,Agressivo,Burundi
145734,Instagram,2024-08-22,Não Convertido,,0.0,Conservador,Bouvet Island (Bouvetoya)
145735,Instagram,2024-08-20,Não Convertido,,0.0,Conservador,Jersey
145736,E-mail Marketing,2024-08-21,Não Convertido,,0.0,Moderado,Albania
145737,Facebook,2024-08-20,Não Convertido,,0.0,Agressivo,North Macedonia
145738,YouTube Ads,2024-08-21,Não Convertido,,0.0,Moderado,Tajikistan
145739,TikTok,2024-08-19,Não Convertido,,0.0,Conservador,Djibouti
145740,Indicação,2024-08-22,Não Convertido,,0.0,Conservador,Morocco
145741,Instagram,2024-08-21,Não Convertido,,0.0,Conservador,San Marino
145742,TikTok,2024-08-24,Não Convertido,,0.0,Agressivo,Antigua and Barbuda
145743,Instagram,2024-08-23,Não Convertido,,0.0,Moderado,Peru
145744,Facebook,2024-08-21,Não Convertido,,0.0,Agressivo,Guatemala
145745,WhatsApp,2024-08-20,Não Convertido,,0.0,Conservador,Slovakia (Slovak Republic)
145746,Instagram,2024-08-21,Convertido,13.0,2637.51,Desconhecido,Korea
145747,Instagram,2024-08-20,Não Convertido,,0.0,Agressivo,Dominica
145748,Instagram,2024-08-22,Não Convertido,,0.0,Moderado,Cameroon
145749,Orgânico,2024-08-20,Não Convertido,,0.0,Agressivo,Equatorial Guinea
145750,Orgânico,2024-08-23,Não Convertido,,0.0,Moderado,Armenia
145751,Orgânico,2024-08-20,Não Convertido,,0.0,Desconhecido,Ghana
145752,E-mail Marketing,2024-08-19,Não Convertido,,0.0,Moderado,Tunisia
145753,Google Ads,2024-08-22,Não Convertido,,0.0,Moderado,Portugal
145754,Google Ads,2024-08-24,Não Convertido,,0.0,Moderado,Korea
145755,Orgânico,2024-08-23,Convertido,16.0,8017.37,Conservador,Niue
145756,E-mail Marketing,2024-08-23,Não Convertido,,0.0,Moderado,Bosnia and Herzegovina
145757,WhatsApp,2024-08-22,Não Convertido,,0.0,Agressivo,Qatar
145758,Google Ads,2024-08-20,Não Convertido,,0.0,Moderado,Puerto Rico
145759,Google Ads,2024-08-20,Não Convertido,,0.0,Conservador,Nigeria
145760,Orgânico,2024-08-21,Não Convertido,,0.0,Moderado,Romania
145761,Google Ads,2024-08-22,Convertido,17.0,91.01,Agressivo,Cape Verde
145762,Indicação,2024-08-23,Não Convertido,,0.0,Moderado,Angola
145763,Facebook,2024-08-21,Não Convertido,,0.0,Moderado,Sudan
145764,WhatsApp,2024-08-21,Convertido,8.0,7632.34,Moderado,Vanuatu
145765,TikTok,2024-08-22,Não Convertido,,0.0,Agressivo,Netherlands
145766,TikTok,2024-08-21,Não Convertido,,0.0,Moderado,Turks and Caicos Islands
145767,Orgânico,2024-08-20,Convertido,18.0,8046.28,Moderado,Guinea-Bissau
145768,WhatsApp,2024-08-24,Não Convertido,,0.0,Moderado,Timor-Leste
145769,Orgânico,2024-08-21,Não Convertido,,0.0,Agressivo,Bahrain
145770,Facebook,2024-08-22,Convertido,1.0,9794.68,Agressivo,Ecuador
145771,E-mail Marketing,2024-08-20,Não Convertido,,0.0,Moderado,Singapore
145772,Indicação,2024-08-24,Não Convertido,,0.0,Moderado,Greenland
145773,Indicação,2024-08-19,Não Convertido,,0.0,Conservador,Portugal
145774,Google Ads,2024-08-20,Não Convertido,,0.0,Agressivo,Bosnia and Herzegovina
145775,E-mail Marketing,2024-08-20,Não Convertido,,0.0,Agressivo,Guinea
145776,WhatsApp,2024-08-21,Não Convertido,,0.0,Agressivo,Tanzania
145777,Facebook,2024-08-24,Não Convertido,,0.0,Conservador,Chad
145778,Orgânico,2024-08-21,Não Convertido,,0.0,Moderado,Vietnam
145779,TikTok,2024-08-20,Não Convertido,,0.0,Desconhecido,Ghana
145780,Instagram,2024-08-24,Não Convertido,,0.0,Moderado,Cuba
145781,Google Ads,2024-08-20,Não Convertido,,0.0,Moderado,Pitcairn Islands
145782,Facebook,2024-08-19,Não Convertido,,0.0,Desconhecido,Serbia
145783,Orgânico,2024-08-21,Não Convertido,,0.0,Agressivo,Hong Kong
145784,TikTok,2024-08-24,Não Convertido,,0.0,Moderado,Sierra Leone
145785,TikTok,2024-08-23,Não Convertido,,0.0,Agressivo,French Southern Territories
145786,Orgânico,2024-08-19,Não Convertido,,0.0,Moderado,Paraguay
145787,Google Ads,2024-08-22,Não Convertido,,0.0,Moderado,Iraq
145788,E-mail Marketing,2024-08-22,Não Convertido,,0.0,Conservador,Niger
145789,WhatsApp,2024-08-23,Não Convertido,,0.0,Conservador,Nauru
145790,TikTok,2024-08-20,Não Convertido,,0.0,Agressivo,Nepal
145791,Facebook,2024-08-19,Não Convertido,,0.0,Agressivo,Belize
145792,TikTok,2024-08-22,Não Convertido,,0.0,Agressivo,Ireland
145793,Instagram,2024-08-22,Não Convertido,,0.0,Agressivo,Nigeria
145794,YouTube Ads,2024-08-20,Não Convertido,,0.0,Moderado,Montenegro
145795,E-mail Marketing,2024-08-19,Não Convertido,,0.0,Moderado,Honduras
145796,YouTube Ads,2024-08-19,Convertido,26.0,6869.67,Agressivo,Philippines
145797,Indicação,2024-08-20,Não Convertido,,0.0,Moderado,Kiribati
145798,Indicação,2024-08-19,Não Convertido,,0.0,Agressivo,Norfolk Island
145799,YouTube Ads,2024-08-22,Não Convertido,,0.0,Moderado,Costa Rica
145800,E-mail Marketing,2024-08-20,Não Convertido,,0.0,Desconhecido,Philippines
145801,Google Ads,2024-08-19,Convertido,22.0,9759.54,Agressivo,Somalia
145802,Instagram,2024-08-21,Não Convertido,,0.0,Moderado,Iceland
145803,Facebook,2024-08-22,Não Convertido,,0.0,Moderado,Sudan
145804,Google Ads,2024-08-20,Não Convertido,,0.0,Moderado,Greece
145805,Facebook,2024-08-20,Não Convertido,,0.0,Agressivo,Taiwan
145806,Orgânico,2024-08-24,Não Convertido,,0.0,Moderado,Indonesia
145807,WhatsApp,2024-08-21,Não Convertido,,0.0,Moderado,Niue
145808,YouTube Ads,2024-08-20,Não Convertido,,0.0,Agressivo,Bolivia
145809,Indicação,2024-08-21,Não Convertido,,0.0,Agressivo,Togo
145810,E-mail Marketing,2024-08-23,Não Convertido,,0.0,Conservador,Trinidad and Tobago
145811,Orgânico,2024-08-19,Não Convertido,,0.0,Agressivo,Moldova
145812,YouTube Ads,2024-08-22,Não Convertido,,0.0,Moderado,Norfolk Island
145813,WhatsApp,2024-08-20,Não Convertido,,0.0,Conservador,Uganda
145814,Indicação,2024-08-22,Não Convertido,,0.0,Agressivo,Sudan
145815,Facebook,2024-08-19,Não Convertido,,0.0,Desconhecido,Canada
145816,TikTok,2024-08-22,Convertido,6.0,5328.02,Moderado,Guadeloupe
145817,TikTok,2024-08-23,Não Convertido,,0.0,Agressivo,United States Minor Outlying Islands
145818,Instagram,2024-08-23,Não Convertido,,0.0,Agressivo,Chad
145819,Google Ads,2024-08-20,Não Convertido,,0.0,Conservador,Central African Republic
145820,Facebook,2024-08-20,Não Convertido,,0.0,Agressivo,Niger
145821,YouTube Ads,2024-08-24,Não Convertido,,0.0,Conservador,Congo
145822,Orgânico,2024-08-20,Não Convertido,,0.0,Agressivo,Haiti
145823,TikTok,2024-08-23,Não Convertido,,0.0,Moderado,Czech Republic
145824,TikTok,2024-08-23,Não Convertido,,0.0,Desconhecido,Nicaragua
145825,Orgânico,2024-08-22,Não Convertido,,0.0,Moderado,Eritrea
145826,WhatsApp,2024-08-24,Não Convertido,,0.0,Conservador,United States Virgin Islands
145827,TikTok,2024-08-24,Não Convertido,,0.0,Moderado,Liechtenstein
145828,YouTube Ads,2024-08-21,Não Convertido,,0.0,Desconhecido,Samoa
145829,E-mail Marketing,2024-08-19,Não Convertido,,0.0,Conservador,Cook Islands
145830,Orgânico,2024-08-19,Não Convertido,,0.0,Desconhecido,Brunei Darussalam
145831,Instagram,2024-08-21,Não Convertido,,0.0,Conservador,Reunion
145832,TikTok,2024-08-24,Não Convertido,,0.0,Agressivo,Solomon Islands
145833,E-mail Marketing,2024-08-21,Não Convertido,,0.0,Agressivo,Armenia
145834,WhatsApp,2024-08-20,Não Convertido,,0.0,Conservador,Niue
145835,Google Ads,2024-08-23,Não Convertido,,0.0,Agressivo,Pitcairn Islands
145836,Facebook,2024-08-19,Não Convertido,,0.0,Agressivo,Togo
145837,TikTok,2024-08-22,Não Convertido,,0.0,Moderado,Guam
145838,WhatsApp,2024-08-19,Não Convertido,,0.0,Desconhecido,Macao
145839,WhatsApp,2024-08-23,Convertido,11.0,7809.93,Moderado,Suriname
145840,YouTube Ads,2024-08-22,Não Convertido,,0.0,Agressivo,Montenegro
145841,WhatsApp,2024-08-20,Não Convertido,,0.0,Conservador,Iraq
145842,WhatsApp,2024-08-19,Não Convertido,,0.0,Agressivo,Eritrea
145843,Indicação,2024-08-21,Não Convertido,,0.0,Agressivo,Brazil
145844,Facebook,2024-08-22,Convertido,4.0,9097.99,Conservador,United Kingdom
145845,TikTok,2024-08-20,Não Convertido,,0.0,Agressivo,Trinidad and Tobago
145846,Orgânico,2024-08-23,Não Convertido,,0.0,Agressivo,Ethiopia
145847,TikTok,2024-08-21,Não Convertido,,0.0,Moderado,Pitcairn Islands
145848,E-mail Marketing,2024-08-19,Não Convertido,,0.0,Moderado,Liberia
145849,Orgânico,2024-08-21,Não Convertido,,0.0,Moderado,Namibia
145850,WhatsApp,2024-08-23,Não Convertido,,0.0,Moderado,South Georgia and the South Sandwich Islands
145851,YouTube Ads,2024-08-24,Não Convertido,,0.0,Agressivo,Saint Kitts and Nevis
145852,Orgânico,2024-08-21,Não Convertido,,0.0,Moderado,Libyan Arab Jamahiriya
145853,Google Ads,2024-08-20,Não Convertido,,0.0,Agressivo,Sudan
145854,YouTube Ads,2024-08-22,Não Convertido,,0.0,Desconhecido,Antigua and Barbuda
145855,Indicação,2024-08-24,Convertido,12.0,2981.78,Agressivo,Serbia
145856,YouTube Ads,2024-08-21,Não Convertido,,0.0,Moderado,Paraguay
145857,Instagram,2024-08-24,Não Convertido,,0.0,Moderado,Iceland
145858,WhatsApp,2024-08-23,Não Convertido,,0.0,Conservador,Indonesia
145859,Instagram,2024-08-21,Não Convertido,,0.0,Moderado,Bahamas
145860,E-mail Marketing,2024-08-20,Não Convertido,,0.0,Conservador,Japan
145861,Facebook,2024-08-20,Convertido,13.0,6441.55,Agressivo,New Caledonia
145862,WhatsApp,2024-08-19,Não Convertido,,0.0,Agressivo,South Georgia and the South Sandwich Islands
145863,Indicação,2024-08-21,Não Convertido,,0.0,Moderado,Malta
145864,WhatsApp,2024-08-21,Não Convertido,,0.0,Moderado,Cuba
145865,E-mail Marketing,2024-08-19,Não Convertido,,0.0,Agressivo,Saint Kitts and Nevis
145866,Indicação,2024-08-23,Não Convertido,,0.0,Conservador,Korea
145867,Orgânico,2024-08-21,Não Convertido,,0.0,Conservador,Netherlands Antilles
145868,TikTok,2024-08-21,Convertido,7.0,7296.59,Moderado,Saint Helena
145869,Google Ads,2024-08-20,Não Convertido,,0.0,Moderado,Croatia
145870,Google Ads,2024-08-23,Não Convertido,,0.0,Conservador,Senegal
145871,Instagram,2024-08-21,Não Convertido,,0.0,Moderado,Uruguay
145872,WhatsApp,2024-08-21,Não Convertido,,0.0,Agressivo,Philippines
145873,Facebook,2024-08-21,Não Convertido,,0.0,Conservador,Wallis and Futuna
145874,YouTube Ads,2024-08-20,Não Convertido,,0.0,Desconhecido,Dominica
145875,Orgânico,2024-08-23,Não Convertido,,0.0,Agressivo,Slovenia
145876,YouTube Ads,2024-08-20,Não Convertido,,0.0,Conservador,Bouvet Island (Bouvetoya)
145877,E-mail Marketing,2024-08-19,Não Convertido,,0.0,Conservador,Belgium
145878,Facebook,2024-08-20,Convertido,11.0,9734.76,Moderado,Martinique
145879,Indicação,2024-08-19,Não Convertido,,0.0,Agressivo,Uzbekistan
145880,Indicação,2024-08-21,Não Convertido,,0.0,Conservador,Rwanda
145881,TikTok,2024-08-20,Não Convertido,,0.0,Desconhecido,Estonia
145882,Orgânico,2024-08-20,Não Convertido,,0.0,Agressivo,Suriname
145883,Orgânico,2024-08-19,Não Convertido,,0.0,Conservador,Mauritius
145884,YouTube Ads,2024-08-21,Não Convertido,,0.0,Agressivo,Bahrain
145885,Orgânico,2024-08-19,Não Convertido,,0.0,Agressivo,Australia
145886,E-mail Marketing,2024-08-23,Não Convertido,,0.0,Moderado,Micronesia
145887,Orgânico,2024-08-21,Não Convertido,,0.0,Agressivo,Grenada
145888,Instagram,2024-08-19,Não Convertido,,0.0,Agressivo,Montenegro
145889,Orgânico,2024-08-19,Convertido,27.0,7328.07,Moderado,Reunion
145890,Instagram,2024-08-19,Convertido,2.0,1099.32,Moderado,Heard Island and McDonald Islands
145891,Instagram,2024-08-23,Não Convertido,,0.0,Moderado,Azerbaijan
145892,TikTok,2024-08-21,Não Convertido,,0.0,Moderado,Turkey
145893,YouTube Ads,2024-08-22,Não Convertido,,0.0,Moderado,Sri Lanka
145894,E-mail Marketing,2024-08-24,Não Convertido,,0.0,Moderado,Niue
145895,TikTok,2024-08-19,Não Convertido,,0.0,Conservador,Ecuador
145896,Instagram,2024-08-21,Não Convertido,,0.0,Agressivo,Belgium
145897,E-mail Marketing,2024-08-24,Não Convertido,,0.0,Conservador,Eritrea
145898,Google Ads,2024-08-24,Não Convertido,,0.0,Moderado,Belize
145899,Instagram,2024-08-19,Não Convertido,,0.0,Agressivo,Guam
145900,TikTok,2024-08-22,Não Convertido,,0.0,Moderado,New Caledonia
145901,Facebook,2024-08-22,Não Convertido,,0.0,Moderado,Peru
145902,Facebook,2024-08-20,Não Convertido,,0.0,Moderado,United Kingdom
145903,Orgânico,2024-08-20,Não Convertido,,0.0,Agressivo,Burundi
145904,Orgânico,2024-08-23,Não Convertido,,0.0,Agressivo,South Africa
145905,Facebook,2024-08-21,Não Convertido,,0.0,Desconhecido,Somalia
145906,Facebook,2024-08-24,Não Convertido,,0.0,Moderado,Slovakia (Slovak Republic)
145907,YouTube Ads,2024-08-21,Não Convertido,,0.0,Desconhecido,Angola
145908,Facebook,2024-08-20,Não Convertido,,0.0,Agressivo,Cayman Islands
145909,TikTok,2024-08-20,Não Convertido,,0.0,Agressivo,Ecuador
145910,Orgânico,2024-08-23,Não Convertido,,0.0,Agressivo,Thailand
145911,TikTok,2024-08-23,Não Convertido,,0.0,Agressivo,United States Minor Outlying Islands
145912,Facebook,2024-08-22,Convertido,22.0,7566.45,Moderado,Cayman Islands
145913,E-mail Marketing,2024-08-20,Não Convertido,,0.0,Moderado,Cape Verde
145914,Instagram,2024-08-24,Não Convertido,,0.0,Moderado,Brazil
145915,Orgânico,2024-08-24,Não Convertido,,0.0,Moderado,Togo
145916,Facebook,2024-08-19,Não Convertido,,0.0,Moderado,Burundi
145917,Orgânico,2024-08-19,Não Convertido,,0.0,Moderado,Bulgaria
145918,WhatsApp,2024-08-20,Convertido,1.0,2239.58,Moderado,Australia
145919,E-mail Marketing,2024-08-21,Não Convertido,,0.0,Moderado,Kenya
145920,Google Ads,2024-08-24,Não Convertido,,0.0,Moderado,Jamaica
145921,TikTok,2024-08-23,Não Convertido,,0.0,Conservador,Georgia
145922,Instagram,2024-08-22,Não Convertido,,0.0,Desconhecido,Lithuania
145923,WhatsApp,2024-08-20,Não Convertido,,0.0,Moderado,Andorra
145924,Facebook,2024-08-22,Não Convertido,,0.0,Conservador,Colombia
145925,WhatsApp,2024-08-23,Não Convertido,,0.0,Agressivo,Philippines
145926,Instagram,2024-08-23,Não Convertido,,0.0,Agressivo,Argentina
145927,TikTok,2024-08-22,Não Convertido,,0.0,Conservador,Zambia
145928,Google Ads,2024-08-23,Não Convertido,,0.0,Conservador,Austria
145929,E-mail Marketing,2024-08-21,Não Convertido,,0.0,Moderado,Sao Tome and Principe
145930,Facebook,2024-08-21,Não Convertido,,0.0,Moderado,Cote d'Ivoire
145931,Orgânico,2024-08-21,Não Convertido,,0.0,Agressivo,Hong Kong
145932,Facebook,2024-08-22,Não Convertido,,0.0,Desconhecido,United States of America
145933,E-mail Marketing,2024-08-22,Não Convertido,,0.0,Moderado,Guyana
145934,Orgânico,2024-08-23,Não Convertido,,0.0,Moderado,Korea
145935,YouTube Ads,2024-08-24,Não Convertido,,0.0,Agressivo,Martinique
145936,WhatsApp,2024-08-24,Convertido,10.0,2468.7,Moderado,San Marino
145937,Facebook,2024-08-24,Não Convertido,,0.0,Conservador,Norfolk Island
145938,Orgânico,2024-08-21,Não Convertido,,0.0,Moderado,Nepal
145939,E-mail Marketing,2024-08-24,Não Convertido,,0.0,Moderado,Bahamas
145940,Orgânico,2024-08-19,Não Convertido,,0.0,Agressivo,Turkey
145941,TikTok,2024-08-20,Não Convertido,,0.0,Moderado,Cambodia
145942,E-mail Marketing,2024-08-24,Não Convertido,,0.0,Moderado,Botswana
145943,Google Ads,2024-08-21,Não Convertido,,0.0,Desconhecido,Senegal
145944,Facebook,2024-08-21,Não Convertido,,0.0,Moderado,India
145945,E-mail Marketing,2024-08-21,Não Convertido,,0.0,Moderado,Guatemala
145946,E-mail Marketing,2024-08-21,Não Convertido,,0.0,Moderado,Angola
145947,Google Ads,2024-08-20,Não Convertido,,0.0,Agressivo,Saudi Arabia
145948,Orgânico,2024-08-24,Não Convertido,,0.0,Agressivo,Gabon
145949,WhatsApp,2024-08-21,Não Convertido,,0.0,Conservador,Thailand
145950,TikTok,2024-08-24,Não Convertido,,0.0,Moderado,North Macedonia
145951,Google Ads,2024-08-21,Não Convertido,,0.0,Agressivo,Fiji
145952,TikTok,2024-08-20,Não Convertido,,0.0,Agressivo,Latvia
145953,TikTok,2024-08-24,Não Convertido,,0.0,Moderado,Finland
145954,Facebook,2024-08-20,Não Convertido,,0.0,Conservador,Sudan
145955,Facebook,2024-08-21,Não Convertido,,0.0,Agressivo,Serbia
145956,YouTube Ads,2024-08-22,Não Convertido,,0.0,Moderado,Antarctica (the territory South of 60 deg S)
145957,E-mail Marketing,2024-08-24,Não Convertido,,0.0,Agressivo,Djibouti
145958,E-mail Marketing,2024-08-19,Não Convertido,,0.0,Agressivo,Dominican Republic
145959,Instagram,2024-08-23,Não Convertido,,0.0,Conservador,Montenegro
145960,Orgânico,2024-08-21,Não Convertido,,0.0,Conservador,Italy
145961,WhatsApp,2024-08-19,Não Convertido,,0.0,Agressivo,Norfolk Island
145962,Instagram,2024-08-24,Não Convertido,,0.0,Conservador,Colombia
145963,Indicação,2024-08-22,Não Convertido,,0.0,Agressivo,Yemen
145964,Google Ads,2024-08-22,Convertido,24.0,8095.65,Agressivo,Guam
145965,TikTok,2024-08-19,Convertido,20.0,6725.95,Conservador,Jordan
145966,Google Ads,2024-08-22,Convertido,23.0,1279.26,Agressivo,Haiti
145967,Indicação,2024-08-22,Não Convertido,,0.0,Moderado,Guinea
145968,Orgânico,2024-08-20,Não Convertido,,0.0,Moderado,Nauru
145969,Instagram,2024-08-20,Não Convertido,,0.0,Agressivo,Thailand
145970,Instagram,2024-08-21,Não Convertido,,0.0,Agressivo,Anguilla
145971,Indicação,2024-08-23,Não Convertido,,0.0,Moderado,Chile
145972,TikTok,2024-08-21,Não Convertido,,0.0,Agressivo,Lesotho
145973,E-mail Marketing,2024-08-23,Não Convertido,,0.0,Conservador,Wallis and Futuna
145974,Facebook,2024-08-23,Não Convertido,,0.0,Conservador,Philippines
145975,Instagram,2024-08-23,Não Convertido,,0.0,Conservador,Tuvalu
145976,WhatsApp,2024-08-21,Não Convertido,,0.0,Agressivo,Lithuania
145977,Instagram,2024-08-22,Não Convertido,,0.0,Moderado,Greece
145978,TikTok,2024-08-20,Não Convertido,,0.0,Conservador,Cote d'Ivoire
145979,E-mail Marketing,2024-08-22,Não Convertido,,0.0,Agressivo,Eritrea
145980,E-mail Marketing,2024-08-21,Não Convertido,,0.0,Moderado,Indonesia
145981,E-mail Marketing,2024-08-21,Não Convertido,,0.0,Agressivo,Philippines
145982,E-mail Marketing,2024-08-21,Convertido,22.0,2865.99,Conservador,Saint Martin
145983,YouTube Ads,2024-08-22,Convertido,16.0,6158.31,Moderado,Seychelles
145984,Orgânico,2024-08-21,Não Convertido,,0.0,Desconhecido,Grenada
145985,Instagram,2024-08-20,Não Convertido,,0.0,Conservador,Honduras
145986,E-mail Marketing,2024-08-21,Não Convertido,,0.0,Agressivo,Burkina Faso
145987,Google Ads,2024-08-23,Não Convertido,,0.0,Agressivo,Cameroon
145988,WhatsApp,2024-08-24,Não Convertido,,0.0,Agressivo,Greenland
145989,TikTok,2024-08-22,Não Convertido,,0.0,Conservador,United Kingdom
145990,Google Ads,2024-08-22,Não Convertido,,0.0,Conservador,Gabon
145991,E-mail Marketing,2024-08-23,Não Convertido,,0.0,Desconhecido,Nicaragua
145992,Instagram,2024-08-22,Não Convertido,,0.0,Moderado,Anguilla
145993,TikTok,2024-08-20,Não Convertido,,0.0,Agressivo,Azerbaijan
145994,Google Ads,2024-08-19,Não Convertido,,0.0,Agressivo,New Caledonia
145995,E-mail Marketing,2024-08-22,Não Convertido,,0.0,Agressivo,Heard Island and McDonald Islands
145996,Orgânico,2024-08-22,Não Convertido,,0.0,Moderado,Greenland
145997,Orgânico,2024-08-24,Não Convertido,,0.0,Desconhecido,Cambodia
145998,Orgânico,2024-08-19,Não Convertido,,0.0,Moderado,Romania
145999,E-mail Marketing,2024-08-22,Não Convertido,,0.0,Conservador,Falkland Islands (Malvinas)
146000,Google Ads,2024-08-21,Não Convertido,,0.0,Moderado,Pitcairn Islands
146001,Orgânico,2024-08-22,Não Convertido,,0.0,Conservador,Georgia
146002,Orgânico,2024-08-21,Não Convertido,,0.0,Moderado,Netherlands
146003,Orgânico,2024-08-21,Não Convertido,,0.0,Agressivo,Sao Tome and Principe
146004,E-mail Marketing,2024-08-19,Não Convertido,,0.0,Conservador,British Indian Ocean Territory (Chagos Archipelago)
146005,YouTube Ads,2024-08-19,Não Convertido,,0.0,Agressivo,Sao Tome and Principe
146006,Facebook,2024-08-21,Não Convertido,,0.0,Moderado,Jordan
146007,Instagram,2024-08-24,Não Convertido,,0.0,Moderado,Isle of Man
146008,Instagram,2024-08-22,Não Convertido,,0.0,Agressivo,Colombia
146009,TikTok,2024-08-19,Não Convertido,,0.0,Agressivo,Tokelau
146010,E-mail Marketing,2024-08-24,Não Convertido,,0.0,Conservador,Colombia
146011,Facebook,2024-08-21,Não Convertido,,0.0,Moderado,South Africa
146012,YouTube Ads,2024-08-23,Não Convertido,,0.0,Moderado,Tunisia
146013,Facebook,2024-08-22,Não Convertido,,0.0,Desconhecido,Kuwait
146014,E-mail Marketing,2024-08-24,Não Convertido,,0.0,Agressivo,Northern Mariana Islands
146015,E-mail Marketing,2024-08-22,Não Convertido,,0.0,Agressivo,Somalia
146016,Facebook,2024-08-21,Não Convertido,,0.0,Conservador,Korea
146017,Google Ads,2024-08-24,Não Convertido,,0.0,Moderado,Syrian Arab Republic
146018,TikTok,2024-08-19,Não Convertido,,0.0,Agressivo,San Marino
146019,Orgânico,2024-08-20,Convertido,2.0,6035.67,Moderado,Honduras
146020,TikTok,2024-08-22,Não Convertido,,0.0,Agressivo,British Virgin Islands
146021,Instagram,2024-08-20,Não Convertido,,0.0,Desconhecido,Belarus
146022,Orgânico,2024-08-20,Não Convertido,,0.0,Moderado,Western Sahara
146023,Orgânico,2024-08-24,Não Convertido,,0.0,Agressivo,Bangladesh
146024,Orgânico,2024-08-21,Não Convertido,,0.0,Moderado,Gabon
146025,Instagram,2024-08-19,Não Convertido,,0.0,Conservador,Slovakia (Slovak Republic)
146026,WhatsApp,2024-08-23,Não Convertido,,0.0,Moderado,Spain
146027,Orgânico,2024-08-22,Não Convertido,,0.0,Moderado,Iran
146028,Orgânico,2024-08-22,Não Convertido,,0.0,Moderado,Hong Kong
146029,Facebook,2024-08-24,Não Convertido,,0.0,Moderado,Niue
146030,Indicação,2024-08-23,Não Convertido,,0.0,Moderado,United States Virgin Islands
146031,Facebook,2024-08-19,Não Convertido,,0.0,Agressivo,Aruba
146032,Indicação,2024-08-22,Não Convertido,,0.0,Agressivo,Norway
146033,WhatsApp,2024-08-21,Não Convertido,,0.0,Desconhecido,North Macedonia
146034,WhatsApp,2024-08-21,Não Convertido,,0.0,Conservador,Sri Lanka
146035,Instagram,2024-08-19,Convertido,16.0,4316.27,Agressivo,Albania
146036,Orgânico,2024-08-19,Não Convertido,,0.0,Conservador,Singapore
146037,Orgânico,2024-08-20,Não Convertido,,0.0,Moderado,Tunisia
146038,Google Ads,2024-08-21,Não Convertido,,0.0,Agressivo,Azerbaijan
146039,Google Ads,2024-08-19,Não Convertido,,0.0,Agressivo,Burundi
146040,Orgânico,2024-08-19,Não Convertido,,0.0,Conservador,Sierra Leone
146041,YouTube Ads,2024-08-24,Não Convertido,,0.0,Moderado,Venezuela
146042,WhatsApp,2024-08-22,Não Convertido,,0.0,Moderado,Ethiopia
146043,WhatsApp,2024-08-24,Não Convertido,,0.0,Moderado,Micronesia
146044,Indicação,2024-08-21,Não Convertido,,0.0,Agressivo,Central African Republic
146045,Indicação,2024-08-23,Não Convertido,,0.0,Moderado,Timor-Leste
146046,Google Ads,2024-08-20,Não Convertido,,0.0,Moderado,Falkland Islands (Malvinas)
146047,TikTok,2024-08-19,Não Convertido,,0.0,Moderado,Singapore
146048,Indicação,2024-08-22,Não Convertido,,0.0,Moderado,Turkmenistan
146049,Instagram,2024-08-24,Não Convertido,,0.0,Desconhecido,Kuwait
146050,Instagram,2024-08-23,Não Convertido,,0.0,Moderado,Cote d'Ivoire
146051,WhatsApp,2024-08-19,Não Convertido,,0.0,Agressivo,Mauritania
146052,Orgânico,2024-08-24,Não Convertido,,0.0,Agressivo,Macao
146053,Orgânico,2024-08-21,Não Convertido,,0.0,Moderado,Wallis and Futuna
146054,Indicação,2024-08-22,Não Convertido,,0.0,Conservador,Belarus
146055,Orgânico,2024-08-19,Não Convertido,,0.0,Conservador,Syrian Arab Republic
146056,YouTube Ads,2024-08-23,Não Convertido,,0.0,Agressivo,San Marino
146057,E-mail Marketing,2024-08-23,Não Convertido,,0.0,Conservador,Sweden
146058,WhatsApp,2024-08-20,Convertido,9.0,154.05,Moderado,Singapore
146059,Instagram,2024-08-22,Não Convertido,,0.0,Desconhecido,Costa Rica
146060,Instagram,2024-08-23,Não Convertido,,0.0,Moderado,Seychelles
146061,Instagram,2024-08-24,Não Convertido,,0.0,Moderado,Palestinian Territory
146062,TikTok,2024-08-22,Não Convertido,,0.0,Agressivo,Brunei Darussalam
146063,Google Ads,2024-08-20,Não Convertido,,0.0,Moderado,Sweden
146064,Orgânico,2024-08-22,Não Convertido,,0.0,Agressivo,Guernsey
146065,E-mail Marketing,2024-08-19,Não Convertido,,0.0,Agressivo,Faroe Islands
146066,Instagram,2024-08-22,Não Convertido,,0.0,Conservador,Luxembourg
146067,Orgânico,2024-08-19,Não Convertido,,0.0,Moderado,Sweden
146068,E-mail Marketing,2024-08-20,Convertido,10.0,5476.83,Moderado,Ghana
146069,E-mail Marketing,2024-08-19,Não Convertido,,0.0,Conservador,Lebanon
146070,TikTok,2024-08-24,Não Convertido,,0.0,Moderado,Russian Federation
146071,Instagram,2024-08-21,Não Convertido,,0.0,Agressivo,Sao Tome and Principe
146072,E-mail Marketing,2024-08-22,Não Convertido,,0.0,Agressivo,Svalbard & Jan Mayen Islands
146073,YouTube Ads,2024-08-22,Não Convertido,,0.0,Moderado,Greece
146074,Google Ads,2024-08-20,Não Convertido,,0.0,Moderado,Lesotho
146075,Orgânico,2024-08-20,Não Convertido,,0.0,Conservador,Egypt
146076,WhatsApp,2024-08-21,Não Convertido,,0.0,Conservador,Mozambique
146077,E-mail Marketing,2024-08-22,Não Convertido,,0.0,Desconhecido,Cote d'Ivoire
146078,Instagram,2024-08-22,Não Convertido,,0.0,Conservador,Mozambique
146079,Orgânico,2024-08-23,Não Convertido,,0.0,Moderado,Liechtenstein
146080,E-mail Marketing,2024-08-24,Não Convertido,,0.0,Moderado,Guinea-Bissau
146081,E-mail Marketing,2024-08-21,Não Convertido,,0.0,Agressivo,Congo
146082,E-mail Marketing,2024-08-24,Não Convertido,,0.0,Conservador,Comoros
146083,Instagram,2024-08-21,Não Convertido,,0.0,Conservador,Bulgaria
146084,E-mail Marketing,2024-08-24,Não Convertido,,0.0,Conservador,Argentina
146085,Orgânico,2024-08-23,Convertido,3.0,5810.16,Moderado,Iraq
146086,Google Ads,2024-08-19,Não Convertido,,0.0,Desconhecido,Norway
146087,TikTok,2024-08-24,Não Convertido,,0.0,Conservador,Bangladesh
146088,Instagram,2024-08-22,Não Convertido,,0.0,Conservador,Spain
146089,Google Ads,2024-08-23,Convertido,27.0,3793.84,Agressivo,Korea
146090,E-mail Marketing,2024-08-20,Não Convertido,,0.0,Moderado,Cyprus
146091,TikTok,2024-08-23,Não Convertido,,0.0,Agressivo,Guinea-Bissau
146092,Orgânico,2024-08-19,Não Convertido,,0.0,Moderado,Guam
146093,Google Ads,2024-08-19,Não Convertido,,0.0,Conservador,Ireland
146094,Google Ads,2024-08-23,Não Convertido,,0.0,Agressivo,Macao
146095,Orgânico,2024-08-23,Não Convertido,,0.0,Moderado,Dominica
146096,TikTok,2024-08-19,Não Convertido,,0.0,Conservador,Mauritania
146097,Indicação,2024-08-21,Não Convertido,,0.0,Desconhecido,Bahamas
146098,Instagram,2024-08-22,Convertido,8.0,8283.65,Agressivo,New Caledonia
146099,TikTok,2024-08-19,Não Convertido,,0.0,Conservador,Argentina
146100,YouTube Ads,2024-08-21,Não Convertido,,0.0,Agressivo,Romania
146101,TikTok,2024-08-22,Não Convertido,,0.0,Moderado,Barbados
146102,Orgânico,2024-08-21,Não Convertido,,0.0,Moderado,Namibia
146103,YouTube Ads,2024-08-23,Não Convertido,,0.0,Moderado,Kenya
146104,Indicação,2024-08-21,Não Convertido,,0.0,Moderado,Timor-Leste
146105,Facebook,2024-08-19,Convertido,25.0,1613.07,Agressivo,China
146106,YouTube Ads,2024-08-19,Não Convertido,,0.0,Moderado,Austria
146107,TikTok,2024-08-21,Convertido,27.0,6294.85,Desconhecido,Nigeria
146108,Google Ads,2024-08-20,Não Convertido,,0.0,Moderado,Saint Kitts and Nevis
146109,TikTok,2024-08-20,Não Convertido,,0.0,Moderado,United States of America
146110,TikTok,2024-08-19,Não Convertido,,0.0,Moderado,Holy See (Vatican City State)
146111,Google Ads,2024-08-24,Não Convertido,,0.0,Agressivo,Yemen
146112,E-mail Marketing,2024-08-23,Não Convertido,,0.0,Conservador,Guam
146113,Google Ads,2024-08-21,Não Convertido,,0.0,Conservador,Angola
146114,WhatsApp,2024-08-23,Não Convertido,,0.0,Moderado,Northern Mariana Islands
146115,E-mail Marketing,2024-08-22,Não Convertido,,0.0,Moderado,Russian Federation
146116,Instagram,2024-08-20,Não Convertido,,0.0,Agressivo,Serbia
146117,TikTok,2024-08-21,Não Convertido,,0.0,Agressivo,Saint Lucia
146118,TikTok,2024-08-21,Não Convertido,,0.0,Moderado,Fiji
146119,Google Ads,2024-08-24,Não Convertido,,0.0,Moderado,Norfolk Island
146120,TikTok,2024-08-22,Não Convertido,,0.0,Desconhecido,Russian Federation
146121,Instagram,2024-08-21,Não Convertido,,0.0,Desconhecido,China
146122,YouTube Ads,2024-08-19,Não Convertido,,0.0,Agressivo,Monaco
146123,TikTok,2024-08-21,Não Convertido,,0.0,Moderado,Sweden
146124,YouTube Ads,2024-08-20,Não Convertido,,0.0,Conservador,Maldives
146125,TikTok,2024-08-22,Não Convertido,,0.0,Moderado,Heard Island and McDonald Islands
146126,Instagram,2024-08-24,Não Convertido,,0.0,Desconhecido,Sweden
146127,WhatsApp,2024-08-21,Não Convertido,,0.0,Agressivo,Botswana
146128,E-mail Marketing,2024-08-23,Não Convertido,,0.0,Moderado,Mauritius
146129,Instagram,2024-08-19,Não Convertido,,0.0,Moderado,Maldives
146130,Indicação,2024-08-24,Não Convertido,,0.0,Desconhecido,Aruba
146131,Facebook,2024-08-19,Não Convertido,,0.0,Agressivo,Sri Lanka
146132,YouTube Ads,2024-08-21,Não Convertido,,0.0,Desconhecido,Jamaica
146133,Facebook,2024-08-22,Não Convertido,,0.0,Conservador,Estonia
146134,WhatsApp,2024-08-21,Não Convertido,,0.0,Moderado,Sierra Leone
146135,Instagram,2024-08-20,Não Convertido,,0.0,Moderado,El Salvador
146136,Orgânico,2024-08-23,Convertido,7.0,2714.77,Moderado,Puerto Rico
146137,Indicação,2024-08-20,Não Convertido,,0.0,Moderado,Saint Kitts and Nevis
146138,Instagram,2024-08-19,Não Convertido,,0.0,Moderado,Hong Kong
146139,Orgânico,2024-08-20,Não Convertido,,0.0,Desconhecido,Armenia
146140,Orgânico,2024-08-21,Convertido,26.0,7808.91,Agressivo,Ecuador
146141,E-mail Marketing,2024-08-24,Não Convertido,,0.0,Moderado,Jamaica
146142,WhatsApp,2024-08-22,Não Convertido,,0.0,Agressivo,Cambodia
146143,Google Ads,2024-08-20,Não Convertido,,0.0,Agressivo,Montenegro
146144,WhatsApp,2024-08-23,Não Convertido,,0.0,Conservador,Sao Tome and Principe
146145,Orgânico,2024-08-23,Não Convertido,,0.0,Agressivo,Samoa
146146,Orgânico,2024-08-24,Não Convertido,,0.0,Moderado,Monaco
146147,Orgânico,2024-08-24,Não Convertido,,0.0,Conservador,French Southern Territories
146148,Orgânico,2024-08-22,Não Convertido,,0.0,Desconhecido,Turkey
146149,Orgânico,2024-08-22,Não Convertido,,0.0,Agressivo,Georgia
146150,Orgânico,2024-08-23,Não Convertido,,0.0,Moderado,Rwanda
146151,Orgânico,2024-08-22,Não Convertido,,0.0,Moderado,Thailand
146152,TikTok,2024-08-20,Não Convertido,,0.0,Agressivo,Czech Republic
146153,YouTube Ads,2024-08-23,Não Convertido,,0.0,Agressivo,Greenland
146154,Google Ads,2024-08-21,Não Convertido,,0.0,Moderado,Netherlands Antilles
146155,Google Ads,2024-08-21,Convertido,0.0,247.17,Agressivo,Lesotho
146156,TikTok,2024-08-19,Não Convertido,,0.0,Moderado,Uganda
146157,E-mail Marketing,2024-08-23,Não Convertido,,0.0,Agressivo,France
146158,TikTok,2024-08-23,Não Convertido,,0.0,Agressivo,Papua New Guinea
146159,E-mail Marketing,2024-08-21,Não Convertido,,0.0,Desconhecido,San Marino
146160,Orgânico,2024-08-21,Não Convertido,,0.0,Agressivo,Uzbekistan
146161,YouTube Ads,2024-08-23,Não Convertido,,0.0,Agressivo,Estonia
146162,Orgânico,2024-08-24,Não Convertido,,0.0,Conservador,Nauru
146163,Google Ads,2024-08-22,Não Convertido,,0.0,Moderado,Mayotte
146164,WhatsApp,2024-08-20,Não Convertido,,0.0,Moderado,France
146165,E-mail Marketing,2024-08-20,Não Convertido,,0.0,Desconhecido,Timor-Leste
146166,E-mail Marketing,2024-08-23,Não Convertido,,0.0,Moderado,Jamaica
146167,Orgânico,2024-08-19,Não Convertido,,0.0,Desconhecido,Jersey
146168,Orgânico,2024-08-22,Não Convertido,,0.0,Agressivo,Denmark
146169,TikTok,2024-08-24,Não Convertido,,0.0,Agressivo,Togo
146170,E-mail Marketing,2024-08-19,Não Convertido,,0.0,Moderado,Paraguay
146171,WhatsApp,2024-08-21,Não Convertido,,0.0,Moderado,Norfolk Island
146172,Google Ads,2024-08-20,Não Convertido,,0.0,Moderado,North Macedonia
146173,TikTok,2024-08-23,Não Convertido,,0.0,Desconhecido,Heard Island and McDonald Islands
146174,Indicação,2024-08-23,Não Convertido,,0.0,Agressivo,Cote d'Ivoire
146175,Orgânico,2024-08-22,Não Convertido,,0.0,Agressivo,Singapore
146176,TikTok,2024-08-22,Não Convertido,,0.0,Moderado,Chad
146177,WhatsApp,2024-08-19,Não Convertido,,0.0,Desconhecido,French Southern Territories
146178,Google Ads,2024-08-23,Não Convertido,,0.0,Moderado,Niger
146179,E-mail Marketing,2024-08-21,Não Convertido,,0.0,Agressivo,Cook Islands
146180,WhatsApp,2024-08-24,Não Convertido,,0.0,Moderado,Swaziland
146181,Google Ads,2024-08-21,Não Convertido,,0.0,Conservador,Sri Lanka
146182,Google Ads,2024-08-19,Não Convertido,,0.0,Agressivo,Timor-Leste
146183,Instagram,2024-08-20,Não Convertido,,0.0,Desconhecido,Uganda
146184,Orgânico,2024-08-19,Não Convertido,,0.0,Moderado,Ghana
146185,Instagram,2024-08-21,Não Convertido,,0.0,Moderado,United States of America
146186,Orgânico,2024-08-24,Não Convertido,,0.0,Moderado,Peru
146187,Orgânico,2024-08-23,Não Convertido,,0.0,Agressivo,Uzbekistan
146188,E-mail Marketing,2024-08-24,Não Convertido,,0.0,Moderado,Belize
146189,Facebook,2024-08-24,Não Convertido,,0.0,Conservador,Philippines
146190,Orgânico,2024-08-20,Não Convertido,,0.0,Desconhecido,Tunisia
146191,E-mail Marketing,2024-08-23,Não Convertido,,0.0,Moderado,Russian Federation
146192,E-mail Marketing,2024-08-22,Não Convertido,,0.0,Conservador,Singapore
146193,Orgânico,2024-08-22,Não Convertido,,0.0,Conservador,Honduras
146194,WhatsApp,2024-08-20,Não Convertido,,0.0,Moderado,Honduras
146195,Instagram,2024-08-23,Não Convertido,,0.0,Agressivo,Tokelau
146196,Instagram,2024-08-24,Não Convertido,,0.0,Moderado,French Polynesia
146197,WhatsApp,2024-08-22,Não Convertido,,0.0,Agressivo,Ghana
146198,Orgânico,2024-08-19,Não Convertido,,0.0,Agressivo,Saint Vincent and the Grenadines
146199,E-mail Marketing,2024-08-20,Não Convertido,,0.0,Agressivo,Cameroon
146200,E-mail Marketing,2024-08-24,Não Convertido,,0.0,Moderado,Martinique
146201,Google Ads,2024-08-23,Não Convertido,,0.0,Agressivo,Holy See (Vatican City State)
146202,Orgânico,2024-08-21,Não Convertido,,0.0,Agressivo,Switzerland
146203,YouTube Ads,2024-08-21,Não Convertido,,0.0,Agressivo,Montenegro
146204,Instagram,2024-08-21,Não Convertido,,0.0,Moderado,Portugal
146205,Orgânico,2024-08-23,Não Convertido,,0.0,Agressivo,France
146206,Indicação,2024-08-23,Convertido,17.0,8111.45,Moderado,Kazakhstan
146207,TikTok,2024-08-23,Não Convertido,,0.0,Conservador,Barbados
146208,YouTube Ads,2024-08-22,Não Convertido,,0.0,Agressivo,Yemen
146209,TikTok,2024-08-19,Não Convertido,,0.0,Moderado,Czech Republic
146210,Google Ads,2024-08-20,Não Convertido,,0.0,Agressivo,Trinidad and Tobago
146211,Orgânico,2024-08-24,Convertido,13.0,4472.22,Moderado,Isle of Man
146212,Instagram,2024-08-21,Não Convertido,,0.0,Agressivo,Christmas Island
146213,WhatsApp,2024-08-24,Não Convertido,,0.0,Conservador,Saudi Arabia
146214,Instagram,2024-08-22,Não Convertido,,0.0,Moderado,Venezuela
146215,Orgânico,2024-08-24,Não Convertido,,0.0,Moderado,Tanzania
146216,Instagram,2024-08-22,Não Convertido,,0.0,Conservador,Russian Federation
146217,Facebook,2024-08-23,Não Convertido,,0.0,Desconhecido,North Macedonia
146218,TikTok,2024-08-24,Não Convertido,,0.0,Moderado,Australia
146219,Google Ads,2024-08-24,Não Convertido,,0.0,Agressivo,Mongolia
146220,Orgânico,2024-08-22,Não Convertido,,0.0,Conservador,Bhutan
146221,Google Ads,2024-08-19,Não Convertido,,0.0,Agressivo,Bermuda
146222,TikTok,2024-08-24,Não Convertido,,0.0,Agressivo,Cambodia
146223,Google Ads,2024-08-19,Não Convertido,,0.0,Agressivo,Lao People's Democratic Republic
146224,TikTok,2024-08-24,Não Convertido,,0.0,Desconhecido,Kiribati
146225,Facebook,2024-08-23,Não Convertido,,0.0,Desconhecido,Indonesia
146226,Orgânico,2024-08-22,Não Convertido,,0.0,Moderado,Isle of Man
146227,E-mail Marketing,2024-08-24,Não Convertido,,0.0,Conservador,Saint Helena
146228,Indicação,2024-08-23,Não Convertido,,0.0,Agressivo,Korea
146229,Instagram,2024-08-21,Não Convertido,,0.0,Conservador,Guinea
146230,E-mail Marketing,2024-08-20,Não Convertido,,0.0,Agressivo,Austria
146231,YouTube Ads,2024-08-19,Não Convertido,,0.0,Moderado,Guinea
146232,E-mail Marketing,2024-08-19,Não Convertido,,0.0,Moderado,Tajikistan
146233,Indicação,2024-08-22,Não Convertido,,0.0,Moderado,Rwanda
146234,YouTube Ads,2024-08-20,Não Convertido,,0.0,Moderado,Eritrea
146235,Instagram,2024-08-19,Não Convertido,,0.0,Conservador,Romania
146236,YouTube Ads,2024-08-21,Não Convertido,,0.0,Moderado,Uzbekistan
146237,Indicação,2024-08-22,Não Convertido,,0.0,Conservador,Cayman Islands
146238,Instagram,2024-08-23,Não Convertido,,0.0,Moderado,Netherlands Antilles
146239,E-mail Marketing,2024-08-23,Não Convertido,,0.0,Desconhecido,Czech Republic
146240,Google Ads,2024-08-22,Não Convertido,,0.0,Agressivo,Seychelles
146241,Indicação,2024-08-23,Não Convertido,,0.0,Moderado,Myanmar
146242,Orgânico,2024-08-23,Não Convertido,,0.0,Conservador,Falkland Islands (Malvinas)
146243,Orgânico,2024-08-24,Não Convertido,,0.0,Moderado,Morocco
146244,Google Ads,2024-08-20,Não Convertido,,0.0,Moderado,Afghanistan
146245,E-mail Marketing,2024-08-21,Não Convertido,,0.0,Conservador,Ukraine
146246,Orgânico,2024-08-23,Não Convertido,,0.0,Agressivo,Macao
146247,E-mail Marketing,2024-08-21,Não Convertido,,0.0,Moderado,Brunei Darussalam
146248,YouTube Ads,2024-08-24,Não Convertido,,0.0,Agressivo,Bolivia
146249,WhatsApp,2024-08-22,Não Convertido,,0.0,Desconhecido,Malaysia
146250,E-mail Marketing,2024-08-22,Não Convertido,,0.0,Moderado,Turkey
146251,Facebook,2024-08-22,Não Convertido,,0.0,Moderado,Seychelles
146252,Indicação,2024-08-20,Não Convertido,,0.0,Conservador,Cook Islands
146253,YouTube Ads,2024-08-24,Convertido,7.0,5865.93,Conservador,Haiti
146254,Facebook,2024-08-22,Não Convertido,,0.0,Desconhecido,Guernsey
146255,WhatsApp,2024-08-19,Não Convertido,,0.0,Desconhecido,Venezuela
146256,TikTok,2024-08-21,Não Convertido,,0.0,Moderado,Swaziland
146257,WhatsApp,2024-08-19,Não Convertido,,0.0,Conservador,Libyan Arab Jamahiriya
146258,WhatsApp,2024-08-19,Não Convertido,,0.0,Conservador,Iran
146259,Indicação,2024-08-24,Não Convertido,,0.0,Conservador,Georgia
146260,Instagram,2024-08-21,Não Convertido,,0.0,Conservador,Chad
146261,E-mail Marketing,2024-08-23,Não Convertido,,0.0,Moderado,Tajikistan
146262,Orgânico,2024-08-20,Não Convertido,,0.0,Moderado,Equatorial Guinea
146263,TikTok,2024-08-24,Convertido,1.0,1154.57,Moderado,Israel
146264,YouTube Ads,2024-08-21,Não Convertido,,0.0,Conservador,Finland
146265,Orgânico,2024-08-19,Não Convertido,,0.0,Agressivo,Georgia
146266,Orgânico,2024-08-21,Não Convertido,,0.0,Moderado,Armenia
146267,Facebook,2024-08-23,Não Convertido,,0.0,Conservador,Mauritania
146268,Orgânico,2024-08-20,Não Convertido,,0.0,Conservador,Zimbabwe
146269,Instagram,2024-08-23,Não Convertido,,0.0,Conservador,Tajikistan
146270,TikTok,2024-08-21,Não Convertido,,0.0,Moderado,Switzerland
146271,Orgânico,2024-08-19,Não Convertido,,0.0,Conservador,Somalia
146272,YouTube Ads,2024-08-22,Não Convertido,,0.0,Moderado,Angola
146273,E-mail Marketing,2024-08-20,Não Convertido,,0.0,Moderado,Northern Mariana Islands
146274,TikTok,2024-08-24,Não Convertido,,0.0,Conservador,Singapore
146275,Indicação,2024-08-24,Não Convertido,,0.0,Moderado,Suriname
146276,WhatsApp,2024-08-22,Não Convertido,,0.0,Agressivo,Bahrain
146277,TikTok,2024-08-22,Não Convertido,,0.0,Conservador,Philippines
146278,Instagram,2024-08-21,Não Convertido,,0.0,Agressivo,Papua New Guinea
146279,E-mail Marketing,2024-08-23,Não Convertido,,0.0,Agressivo,Serbia
146280,Instagram,2024-08-21,Não Convertido,,0.0,Moderado,Seychelles
146281,Instagram,2024-08-24,Não Convertido,,0.0,Moderado,Central African Republic
146282,TikTok,2024-08-20,Não Convertido,,0.0,Moderado,Hong Kong
146283,Instagram,2024-08-20,Não Convertido,,0.0,Moderado,Kenya
146284,TikTok,2024-08-24,Não Convertido,,0.0,Desconhecido,Guatemala
146285,YouTube Ads,2024-08-23,Não Convertido,,0.0,Conservador,Kazakhstan
146286,Orgânico,2024-08-24,Não Convertido,,0.0,Moderado,Colombia
146287,E-mail Marketing,2024-08-23,Não Convertido,,0.0,Agressivo,United States Minor Outlying Islands
146288,Instagram,2024-08-21,Não Convertido,,0.0,Moderado,Burkina Faso
146289,Orgânico,2024-08-23,Não Convertido,,0.0,Moderado,Northern Mariana Islands
146290,Orgânico,2024-08-21,Não Convertido,,0.0,Moderado,Rwanda
146291,Google Ads,2024-08-19,Não Convertido,,0.0,Conservador,Oman
146292,Indicação,2024-08-24,Não Convertido,,0.0,Moderado,Comoros
146293,E-mail Marketing,2024-08-19,Não Convertido,,0.0,Agressivo,Equatorial Guinea
146294,Orgânico,2024-08-23,Não Convertido,,0.0,Agressivo,Kazakhstan
146295,Instagram,2024-08-24,Não Convertido,,0.0,Moderado,Malawi
146296,Orgânico,2024-08-20,Não Convertido,,0.0,Moderado,Bhutan
146297,Orgânico,2024-08-23,Não Convertido,,0.0,Moderado,Uzbekistan
146298,E-mail Marketing,2024-08-23,Não Convertido,,0.0,Desconhecido,Czech Republic
146299,Orgânico,2024-08-19,Não Convertido,,0.0,Agressivo,Guadeloupe
146300,Instagram,2024-08-21,Não Convertido,,0.0,Moderado,United Arab Emirates
146301,Orgânico,2024-08-20,Não Convertido,,0.0,Agressivo,Turkmenistan
146302,TikTok,2024-08-24,Não Convertido,,0.0,Moderado,Cote d'Ivoire
146303,TikTok,2024-08-19,Não Convertido,,0.0,Conservador,Antigua and Barbuda
146304,Instagram,2024-08-24,Não Convertido,,0.0,Agressivo,Zambia
146305,WhatsApp,2024-08-19,Não Convertido,,0.0,Conservador,Belgium
146306,Google Ads,2024-08-21,Não Convertido,,0.0,Agressivo,France
146307,WhatsApp,2024-08-23,Não Convertido,,0.0,Moderado,Japan
146308,TikTok,2024-08-21,Não Convertido,,0.0,Agressivo,Grenada
146309,E-mail Marketing,2024-08-20,Não Convertido,,0.0,Moderado,Kenya
146310,Indicação,2024-08-20,Não Convertido,,0.0,Agressivo,China
146311,WhatsApp,2024-08-24,Não Convertido,,0.0,Desconhecido,Brunei Darussalam
146312,TikTok,2024-08-24,Não Convertido,,0.0,Conservador,Zimbabwe
146313,Google Ads,2024-08-22,Não Convertido,,0.0,Moderado,Bulgaria
146314,Indicação,2024-08-22,Não Convertido,,0.0,Moderado,Saint Pierre and Miquelon
146315,Orgânico,2024-08-20,Não Convertido,,0.0,Agressivo,Jamaica
146316,TikTok,2024-08-21,Não Convertido,,0.0,Conservador,Benin
146317,E-mail Marketing,2024-08-24,Não Convertido,,0.0,Moderado,Botswana
146318,E-mail Marketing,2024-08-21,Convertido,26.0,5729.28,Conservador,Philippines
146319,YouTube Ads,2024-08-23,Não Convertido,,0.0,Moderado,Samoa
146320,Google Ads,2024-08-24,Convertido,25.0,1660.91,Agressivo,Myanmar
146321,YouTube Ads,2024-08-21,Não Convertido,,0.0,Agressivo,Malaysia
146322,Instagram,2024-08-23,Não Convertido,,0.0,Desconhecido,Greenland
146323,TikTok,2024-08-19,Não Convertido,,0.0,Moderado,Cyprus
146324,Indicação,2024-08-20,Não Convertido,,0.0,Agressivo,Eritrea
146325,E-mail Marketing,2024-08-22,Não Convertido,,0.0,Conservador,Puerto Rico
146326,Google Ads,2024-08-21,Não Convertido,,0.0,Conservador,Kazakhstan
146327,TikTok,2024-08-24,Não Convertido,,0.0,Desconhecido,United States Minor Outlying Islands
146328,Google Ads,2024-08-20,Não Convertido,,0.0,Moderado,Saint Martin
146329,E-mail Marketing,2024-08-24,Não Convertido,,0.0,Agressivo,Gambia
146330,Orgânico,2024-08-22,Não Convertido,,0.0,Moderado,Western Sahara
146331,Facebook,2024-08-24,Não Convertido,,0.0,Moderado,Guernsey
146332,Google Ads,2024-08-20,Não Convertido,,0.0,Conservador,Guinea-Bissau
146333,Orgânico,2024-08-21,Não Convertido,,0.0,Conservador,Benin
146334,E-mail Marketing,2024-08-23,Não Convertido,,0.0,Agressivo,Bhutan
146335,E-mail Marketing,2024-08-22,Não Convertido,,0.0,Conservador,Belarus
146336,Instagram,2024-08-19,Não Convertido,,0.0,Moderado,Venezuela
146337,E-mail Marketing,2024-08-23,Não Convertido,,0.0,Moderado,El Salvador
146338,Facebook,2024-08-21,Não Convertido,,0.0,Moderado,United Kingdom
146339,Facebook,2024-08-21,Não Convertido,,0.0,Moderado,Sierra Leone
146340,WhatsApp,2024-08-24,Não Convertido,,0.0,Agressivo,Netherlands Antilles
146341,WhatsApp,2024-08-19,Não Convertido,,0.0,Agressivo,Myanmar
146342,YouTube Ads,2024-08-23,Não Convertido,,0.0,Moderado,Italy
146343,TikTok,2024-08-20,Não Convertido,,0.0,Agressivo,Saint Kitts and Nevis
146344,TikTok,2024-08-20,Não Convertido,,0.0,Moderado,Lesotho
146345,WhatsApp,2024-08-21,Não Convertido,,0.0,Moderado,Albania
146346,E-mail Marketing,2024-08-22,Não Convertido,,0.0,Conservador,Austria
146347,TikTok,2024-08-22,Não Convertido,,0.0,Moderado,Tajikistan
146348,E-mail Marketing,2024-08-22,Não Convertido,,0.0,Desconhecido,Pitcairn Islands
146349,Indicação,2024-08-21,Não Convertido,,0.0,Agressivo,Dominica
146350,Google Ads,2024-08-22,Não Convertido,,0.0,Agressivo,Libyan Arab Jamahiriya
146351,Google Ads,2024-08-24,Convertido,7.0,713.6,Agressivo,Kuwait
146352,TikTok,2024-08-19,Não Convertido,,0.0,Conservador,China
146353,TikTok,2024-08-20,Não Convertido,,0.0,Moderado,Barbados
146354,Google Ads,2024-08-24,Não Convertido,,0.0,Agressivo,Korea
146355,Orgânico,2024-08-20,Convertido,1.0,6903.21,Agressivo,Libyan Arab Jamahiriya
146356,E-mail Marketing,2024-08-20,Não Convertido,,0.0,Conservador,Costa Rica
146357,Orgânico,2024-08-22,Não Convertido,,0.0,Moderado,Costa Rica
146358,E-mail Marketing,2024-08-23,Convertido,23.0,5921.95,Moderado,Papua New Guinea
146359,Orgânico,2024-08-24,Não Convertido,,0.0,Agressivo,Saint Lucia
146360,WhatsApp,2024-08-24,Não Convertido,,0.0,Agressivo,Mauritius
146361,Google Ads,2024-08-20,Não Convertido,,0.0,Conservador,Faroe Islands
146362,TikTok,2024-08-21,Não Convertido,,0.0,Conservador,Paraguay
146363,Orgânico,2024-08-22,Não Convertido,,0.0,Agressivo,Bangladesh
146364,Orgânico,2024-08-23,Não Convertido,,0.0,Agressivo,Grenada
146365,TikTok,2024-08-22,Não Convertido,,0.0,Moderado,Austria
146366,Google Ads,2024-08-19,Não Convertido,,0.0,Moderado,Morocco
146367,Instagram,2024-08-24,Não Convertido,,0.0,Desconhecido,Syrian Arab Republic
146368,Indicação,2024-08-22,Não Convertido,,0.0,Agressivo,Cameroon
146369,Instagram,2024-08-19,Não Convertido,,0.0,Agressivo,Seychelles
146370,Orgânico,2024-08-24,Não Convertido,,0.0,Conservador,Guernsey
146371,Instagram,2024-08-24,Não Convertido,,0.0,Agressivo,Pitcairn Islands
146372,YouTube Ads,2024-08-20,Não Convertido,,0.0,Conservador,Guinea-Bissau
146373,Orgânico,2024-08-24,Convertido,26.0,6614.46,Desconhecido,Zimbabwe
146374,E-mail Marketing,2024-08-22,Não Convertido,,0.0,Moderado,Japan
146375,TikTok,2024-08-20,Convertido,0.0,6036.18,Conservador,Hungary
146376,TikTok,2024-08-22,Não Convertido,,0.0,Moderado,Bahrain
146377,Indicação,2024-08-19,Não Convertido,,0.0,Moderado,San Marino
146378,Instagram,2024-08-24,Não Convertido,,0.0,Conservador,Morocco
146379,YouTube Ads,2024-08-22,Não Convertido,,0.0,Moderado,Papua New Guinea
146380,Facebook,2024-08-23,Não Convertido,,0.0,Agressivo,Guinea-Bissau
146381,Facebook,2024-08-20,Não Convertido,,0.0,Agressivo,Pitcairn Islands
146382,Orgânico,2024-08-22,Não Convertido,,0.0,Agressivo,Indonesia
146383,Instagram,2024-08-19,Não Convertido,,0.0,Moderado,Papua New Guinea
146384,Google Ads,2024-08-20,Não Convertido,,0.0,Agressivo,Brazil
146385,Indicação,2024-08-19,Não Convertido,,0.0,Conservador,Romania
146386,Orgânico,2024-08-21,Não Convertido,,0.0,Moderado,Bosnia and Herzegovina
146387,Instagram,2024-08-24,Não Convertido,,0.0,Moderado,Kuwait
146388,Orgânico,2024-08-20,Não Convertido,,0.0,Conservador,Thailand
146389,Instagram,2024-08-21,Não Convertido,,0.0,Moderado,Chile
146390,Google Ads,2024-08-19,Não Convertido,,0.0,Conservador,Equatorial Guinea
146391,Orgânico,2024-08-22,Não Convertido,,0.0,Moderado,Japan
146392,Instagram,2024-08-21,Não Convertido,,0.0,Conservador,Christmas Island
146393,Facebook,2024-08-20,Não Convertido,,0.0,Desconhecido,United Kingdom
146394,WhatsApp,2024-08-21,Não Convertido,,0.0,Agressivo,Portugal
146395,TikTok,2024-08-20,Não Convertido,,0.0,Conservador,Montserrat
146396,Google Ads,2024-08-21,Não Convertido,,0.0,Conservador,Cameroon
146397,Instagram,2024-08-21,Não Convertido,,0.0,Agressivo,Finland
146398,Instagram,2024-08-21,Não Convertido,,0.0,Moderado,Russian Federation
146399,Instagram,2024-08-20,Não Convertido,,0.0,Moderado,Albania
146400,Orgânico,2024-08-24,Não Convertido,,0.0,Moderado,Philippines
146401,Google Ads,2024-08-19,Não Convertido,,0.0,Moderado,Norfolk Island
146402,Orgânico,2024-08-20,Não Convertido,,0.0,Moderado,Puerto Rico
146403,TikTok,2024-08-24,Não Convertido,,0.0,Moderado,Iceland
146404,Indicação,2024-08-22,Não Convertido,,0.0,Desconhecido,Bhutan
146405,TikTok,2024-08-22,Não Convertido,,0.0,Agressivo,El Salvador
146406,Facebook,2024-08-24,Convertido,1.0,9274.4,Moderado,Azerbaijan
146407,E-mail Marketing,2024-08-21,Não Convertido,,0.0,Conservador,Anguilla
146408,YouTube Ads,2024-08-22,Não Convertido,,0.0,Agressivo,Kiribati
146409,WhatsApp,2024-08-23,Não Convertido,,0.0,Moderado,French Southern Territories
146410,E-mail Marketing,2024-08-19,Não Convertido,,0.0,Moderado,Qatar
146411,TikTok,2024-08-19,Não Convertido,,0.0,Moderado,New Zealand
146412,Indicação,2024-08-24,Não Convertido,,0.0,Moderado,Madagascar
146413,Google Ads,2024-08-20,Não Convertido,,0.0,Moderado,Costa Rica
146414,Instagram,2024-08-24,Não Convertido,,0.0,Desconhecido,Cocos (Keeling) Islands
146415,Instagram,2024-08-19,Não Convertido,,0.0,Conservador,Gibraltar
146416,Google Ads,2024-08-20,Não Convertido,,0.0,Moderado,North Macedonia
146417,WhatsApp,2024-08-20,Não Convertido,,0.0,Agressivo,Uzbekistan
146418,YouTube Ads,2024-08-19,Não Convertido,,0.0,Agressivo,Vanuatu
146419,E-mail Marketing,2024-08-23,Convertido,17.0,6328.78,Moderado,Russian Federation
146420,E-mail Marketing,2024-08-21,Não Convertido,,0.0,Moderado,Gibraltar
146421,E-mail Marketing,2024-08-19,Não Convertido,,0.0,Moderado,Central African Republic
146422,TikTok,2024-08-24,Não Convertido,,0.0,Conservador,Cote d'Ivoire
146423,TikTok,2024-08-24,Não Convertido,,0.0,Desconhecido,Barbados
146424,Instagram,2024-08-21,Não Convertido,,0.0,Moderado,Maldives
146425,TikTok,2024-08-23,Não Convertido,,0.0,Agressivo,Mexico
146426,YouTube Ads,2024-08-22,Não Convertido,,0.0,Agressivo,Croatia
146427,TikTok,2024-08-24,Não Convertido,,0.0,Moderado,Timor-Leste
146428,WhatsApp,2024-08-24,Não Convertido,,0.0,Moderado,Liechtenstein
146429,WhatsApp,2024-08-24,Não Convertido,,0.0,Moderado,India
146430,E-mail Marketing,2024-08-19,Não Convertido,,0.0,Conservador,Nauru
146431,Google Ads,2024-08-24,Não Convertido,,0.0,Agressivo,Congo
146432,Instagram,2024-08-19,Não Convertido,,0.0,Conservador,Mozambique
146433,Instagram,2024-08-21,Não Convertido,,0.0,Moderado,Brazil
146434,TikTok,2024-08-21,Não Convertido,,0.0,Agressivo,Cocos (Keeling) Islands
146435,Orgânico,2024-08-24,Não Convertido,,0.0,Moderado,Indonesia
146436,Orgânico,2024-08-22,Não Convertido,,0.0,Moderado,Syrian Arab Republic
146437,Google Ads,2024-08-19,Não Convertido,,0.0,Moderado,Lao People's Democratic Republic
146438,Instagram,2024-08-20,Não Convertido,,0.0,Conservador,Iran
146439,Orgânico,2024-08-24,Não Convertido,,0.0,Moderado,Guam
146440,Orgânico,2024-08-19,Não Convertido,,0.0,Moderado,Belarus
146441,Orgânico,2024-08-20,Não Convertido,,0.0,Moderado,Cayman Islands
146442,E-mail Marketing,2024-08-21,Não Convertido,,0.0,Moderado,Marshall Islands
146443,Indicação,2024-08-19,Não Convertido,,0.0,Conservador,Czech Republic
146444,YouTube Ads,2024-08-20,Não Convertido,,0.0,Moderado,Lithuania
146445,YouTube Ads,2024-08-22,Não Convertido,,0.0,Moderado,Iceland
146446,YouTube Ads,2024-08-19,Não Convertido,,0.0,Agressivo,New Zealand
146447,TikTok,2024-08-24,Não Convertido,,0.0,Moderado,Ukraine
146448,Instagram,2024-08-23,Não Convertido,,0.0,Agressivo,Zambia
146449,TikTok,2024-08-24,Não Convertido,,0.0,Moderado,Chad
146450,Instagram,2024-08-22,Não Convertido,,0.0,Moderado,Fiji
146451,TikTok,2024-08-23,Não Convertido,,0.0,Moderado,Saint Lucia
146452,TikTok,2024-08-23,Convertido,8.0,752.05,Agressivo,Nigeria
146453,E-mail Marketing,2024-08-19,Não Convertido,,0.0,Moderado,Marshall Islands
146454,YouTube Ads,2024-08-24,Não Convertido,,0.0,Conservador,Croatia
146455,E-mail Marketing,2024-08-21,Não Convertido,,0.0,Conservador,Cayman Islands
146456,E-mail Marketing,2024-08-23,Não Convertido,,0.0,Conservador,Cyprus
146457,TikTok,2024-08-22,Não Convertido,,0.0,Moderado,Kenya
146458,Instagram,2024-08-20,Não Convertido,,0.0,Moderado,Mongolia
146459,Google Ads,2024-08-23,Não Convertido,,0.0,Moderado,Bhutan
146460,Facebook,2024-08-22,Não Convertido,,0.0,Desconhecido,El Salvador
146461,Instagram,2024-08-24,Não Convertido,,0.0,Agressivo,Faroe Islands
146462,Facebook,2024-08-19,Convertido,0.0,5407.63,Agressivo,Turks and Caicos Islands
146463,WhatsApp,2024-08-20,Não Convertido,,0.0,Desconhecido,South Africa
146464,E-mail Marketing,2024-08-21,Não Convertido,,0.0,Agressivo,Uganda
146465,YouTube Ads,2024-08-19,Não Convertido,,0.0,Desconhecido,Djibouti
146466,Indicação,2024-08-23,Não Convertido,,0.0,Agressivo,Congo
146467,TikTok,2024-08-19,Não Convertido,,0.0,Conservador,Croatia
146468,TikTok,2024-08-21,Não Convertido,,0.0,Conservador,Eritrea
146469,Facebook,2024-08-21,Não Convertido,,0.0,Conservador,Brazil
146470,Google Ads,2024-08-22,Não Convertido,,0.0,Desconhecido,Swaziland
146471,YouTube Ads,2024-08-23,Não Convertido,,0.0,Agressivo,Djibouti
146472,TikTok,2024-08-20,Não Convertido,,0.0,Agressivo,Saint Vincent and the Grenadines
146473,Orgânico,2024-08-21,Convertido,15.0,3778.34,Conservador,Mongolia
146474,Facebook,2024-08-20,Não Convertido,,0.0,Moderado,Congo
146475,E-mail Marketing,2024-08-22,Não Convertido,,0.0,Conservador,Greenland
146476,E-mail Marketing,2024-08-19,Não Convertido,,0.0,Conservador,Yemen
146477,Google Ads,2024-08-19,Não Convertido,,0.0,Moderado,Norway
146478,TikTok,2024-08-23,Não Convertido,,0.0,Agressivo,Nauru
146479,YouTube Ads,2024-08-24,Não Convertido,,0.0,Moderado,Barbados
146480,YouTube Ads,2024-08-24,Não Convertido,,0.0,Moderado,Malaysia
146481,TikTok,2024-08-22,Não Convertido,,0.0,Desconhecido,Ireland
146482,Orgânico,2024-08-23,Não Convertido,,0.0,Desconhecido,Slovakia (Slovak Republic)
146483,E-mail Marketing,2024-08-24,Não Convertido,,0.0,Conservador,Trinidad and Tobago
146484,TikTok,2024-08-22,Não Convertido,,0.0,Agressivo,French Southern Territories
146485,E-mail Marketing,2024-08-21,Não Convertido,,0.0,Conservador,Korea
146486,Instagram,2024-08-24,Não Convertido,,0.0,Conservador,Turkey
146487,Google Ads,2024-08-20,Não Convertido,,0.0,Desconhecido,Burundi
146488,TikTok,2024-08-19,Não Convertido,,0.0,Moderado,Saint Pierre and Miquelon
146489,Orgânico,2024-08-24,Não Convertido,,0.0,Conservador,Ecuador
146490,Google Ads,2024-08-19,Não Convertido,,0.0,Agressivo,Belgium
146491,TikTok,2024-08-23,Não Convertido,,0.0,Moderado,Guinea
146492,YouTube Ads,2024-08-21,Não Convertido,,0.0,Moderado,Honduras
146493,Facebook,2024-08-23,Não Convertido,,0.0,Moderado,United States Virgin Islands
146494,Orgânico,2024-08-22,Não Convertido,,0.0,Moderado,Sudan
146495,Orgânico,2024-08-21,Não Convertido,,0.0,Desconhecido,Panama
146496,Google Ads,2024-08-24,Não Convertido,,0.0,Moderado,Philippines
146497,Orgânico,2024-08-23,Não Convertido,,0.0,Moderado,Kazakhstan
146498,Facebook,2024-08-20,Não Convertido,,0.0,Moderado,Sri Lanka
146499,TikTok,2024-08-21,Não Convertido,,0.0,Moderado,Philippines
146500,Facebook,2024-08-23,Não Convertido,,0.0,Agressivo,United States of America
146501,WhatsApp,2024-08-22,Não Convertido,,0.0,Desconhecido,Qatar
146502,TikTok,2024-08-21,Não Convertido,,0.0,Desconhecido,Anguilla
146503,Google Ads,2024-08-21,Não Convertido,,0.0,Moderado,Armenia
146504,Instagram,2024-08-24,Não Convertido,,0.0,Desconhecido,Heard Island and McDonald Islands
146505,Indicação,2024-08-19,Não Convertido,,0.0,Desconhecido,Japan
146506,Orgânico,2024-08-24,Não Convertido,,0.0,Moderado,Serbia
146507,YouTube Ads,2024-08-19,Não Convertido,,0.0,Agressivo,Estonia
146508,E-mail Marketing,2024-08-19,Não Convertido,,0.0,Agressivo,Cocos (Keeling) Islands
146509,TikTok,2024-08-23,Não Convertido,,0.0,Moderado,Lao People's Democratic Republic
146510,Facebook,2024-08-20,Não Convertido,,0.0,Conservador,Canada
146511,TikTok,2024-08-24,Não Convertido,,0.0,Agressivo,Sweden
146512,E-mail Marketing,2024-08-22,Não Convertido,,0.0,Agressivo,Estonia
146513,Orgânico,2024-08-21,Não Convertido,,0.0,Agressivo,Korea
146514,Instagram,2024-08-24,Convertido,0.0,6823.04,Agressivo,Christmas Island
146515,Google Ads,2024-08-20,Não Convertido,,0.0,Agressivo,Guadeloupe
146516,Instagram,2024-08-20,Não Convertido,,0.0,Agressivo,Cape Verde
146517,Instagram,2024-08-19,Não Convertido,,0.0,Desconhecido,Barbados
146518,E-mail Marketing,2024-08-23,Não Convertido,,0.0,Moderado,Reunion
146519,Facebook,2024-08-19,Não Convertido,,0.0,Agressivo,Haiti
146520,Instagram,2024-08-24,Não Convertido,,0.0,Agressivo,Russian Federation
146521,YouTube Ads,2024-08-22,Não Convertido,,0.0,Agressivo,Aruba
146522,Instagram,2024-08-23,Não Convertido,,0.0,Moderado,Macao
146523,YouTube Ads,2024-08-19,Não Convertido,,0.0,Moderado,Northern Mariana Islands
146524,Google Ads,2024-08-19,Não Convertido,,0.0,Moderado,Costa Rica
146525,E-mail Marketing,2024-08-24,Não Convertido,,0.0,Agressivo,Czech Republic
146526,E-mail Marketing,2024-08-23,Não Convertido,,0.0,Desconhecido,Austria
146527,YouTube Ads,2024-08-23,Não Convertido,,0.0,Moderado,Paraguay
146528,Google Ads,2024-08-20,Não Convertido,,0.0,Moderado,Mayotte
146529,Instagram,2024-08-24,Não Convertido,,0.0,Conservador,Vietnam
146530,E-mail Marketing,2024-08-21,Não Convertido,,0.0,Agressivo,Greenland
146531,Google Ads,2024-08-21,Não Convertido,,0.0,Agressivo,Reunion
146532,E-mail Marketing,2024-08-24,Não Convertido,,0.0,Moderado,Togo
146533,Orgânico,2024-08-21,Não Convertido,,0.0,Agressivo,Botswana
146534,WhatsApp,2024-08-24,Não Convertido,,0.0,Moderado,Gibraltar
146535,Instagram,2024-08-21,Não Convertido,,0.0,Moderado,French Polynesia
146536,Orgânico,2024-08-23,Não Convertido,,0.0,Moderado,Palau
146537,Google Ads,2024-08-24,Não Convertido,,0.0,Conservador,French Polynesia
146538,WhatsApp,2024-08-23,Não Convertido,,0.0,Agressivo,Kenya
146539,Google Ads,2024-08-21,Não Convertido,,0.0,Desconhecido,Taiwan
146540,Facebook,2024-08-21,Não Convertido,,0.0,Agressivo,Jersey
146541,WhatsApp,2024-08-20,Não Convertido,,0.0,Agressivo,Belgium
146542,Instagram,2024-08-21,Não Convertido,,0.0,Conservador,Sweden
146543,Facebook,2024-08-19,Não Convertido,,0.0,Moderado,Slovenia
146544,YouTube Ads,2024-08-21,Não Convertido,,0.0,Moderado,Nauru
146545,E-mail Marketing,2024-08-20,Não Convertido,,0.0,Moderado,Syrian Arab Republic
146546,Orgânico,2024-08-22,Não Convertido,,0.0,Conservador,India
146547,E-mail Marketing,2024-08-20,Não Convertido,,0.0,Agressivo,Fiji
146548,Google Ads,2024-08-21,Não Convertido,,0.0,Conservador,Guinea-Bissau
146549,Google Ads,2024-08-20,Não Convertido,,0.0,Moderado,Palau
146550,E-mail Marketing,2024-08-21,Não Convertido,,0.0,Agressivo,Puerto Rico
146551,E-mail Marketing,2024-08-19,Não Convertido,,0.0,Moderado,Mongolia
146552,WhatsApp,2024-08-24,Não Convertido,,0.0,Conservador,Jersey
146553,Facebook,2024-08-20,Não Convertido,,0.0,Agressivo,Greenland
146554,Facebook,2024-08-22,Não Convertido,,0.0,Agressivo,Yemen
146555,Instagram,2024-08-20,Não Convertido,,0.0,Moderado,Myanmar
146556,WhatsApp,2024-08-22,Não Convertido,,0.0,Moderado,Burkina Faso
146557,Google Ads,2024-08-22,Não Convertido,,0.0,Conservador,Suriname
146558,TikTok,2024-08-22,Não Convertido,,0.0,Moderado,Equatorial Guinea
146559,TikTok,2024-08-19,Não Convertido,,0.0,Agressivo,Macao
146560,Facebook,2024-08-23,Não Convertido,,0.0,Agressivo,Niue
146561,TikTok,2024-08-21,Convertido,27.0,2886.35,Conservador,Palau
146562,Orgânico,2024-08-19,Não Convertido,,0.0,Desconhecido,Christmas Island
146563,Orgânico,2024-08-20,Não Convertido,,0.0,Moderado,Poland
146564,TikTok,2024-08-22,Não Convertido,,0.0,Agressivo,Grenada
146565,Orgânico,2024-08-24,Não Convertido,,0.0,Moderado,Philippines
146566,Orgânico,2024-08-20,Não Convertido,,0.0,Conservador,Tokelau
146567,YouTube Ads,2024-08-20,Não Convertido,,0.0,Moderado,Isle of Man
146568,Google Ads,2024-08-19,Não Convertido,,0.0,Moderado,Puerto Rico
146569,YouTube Ads,2024-08-20,Não Convertido,,0.0,Agressivo,Ghana
146570,TikTok,2024-08-19,Não Convertido,,0.0,Moderado,Solomon Islands
146571,E-mail Marketing,2024-08-23,Convertido,15.0,7128.27,Desconhecido,Nepal
146572,E-mail Marketing,2024-08-19,Não Convertido,,0.0,Conservador,Timor-Leste
146573,Instagram,2024-08-19,Não Convertido,,0.0,Desconhecido,Saint Martin
146574,Facebook,2024-08-23,Não Convertido,,0.0,Conservador,Mozambique
146575,Indicação,2024-08-21,Não Convertido,,0.0,Moderado,French Polynesia
146576,Indicação,2024-08-24,Não Convertido,,0.0,Agressivo,Vanuatu
146577,E-mail Marketing,2024-08-19,Não Convertido,,0.0,Moderado,Armenia
146578,Google Ads,2024-08-22,Não Convertido,,0.0,Moderado,Botswana
146579,Indicação,2024-08-19,Não Convertido,,0.0,Moderado,Peru
146580,Indicação,2024-08-20,Não Convertido,,0.0,Agressivo,Colombia
146581,YouTube Ads,2024-08-22,Convertido,6.0,6771.83,Desconhecido,Venezuela
146582,Google Ads,2024-08-23,Não Convertido,,0.0,Desconhecido,Faroe Islands
146583,Google Ads,2024-08-21,Não Convertido,,0.0,Desconhecido,New Zealand
146584,Google Ads,2024-08-22,Não Convertido,,0.0,Agressivo,Australia
146585,Orgânico,2024-08-21,Não Convertido,,0.0,Agressivo,Cocos (Keeling) Islands
146586,Instagram,2024-08-19,Não Convertido,,0.0,Desconhecido,Palau
146587,E-mail Marketing,2024-08-20,Não Convertido,,0.0,Conservador,Germany
146588,Google Ads,2024-08-19,Não Convertido,,0.0,Moderado,Ghana
146589,E-mail Marketing,2024-08-22,Não Convertido,,0.0,Moderado,Sweden
146590,TikTok,2024-08-24,Não Convertido,,0.0,Desconhecido,Heard Island and McDonald Islands
146591,WhatsApp,2024-08-20,Não Convertido,,0.0,Agressivo,Australia
146592,Facebook,2024-08-23,Não Convertido,,0.0,Conservador,Tokelau
146593,Facebook,2024-08-24,Não Convertido,,0.0,Moderado,Central African Republic
146594,Orgânico,2024-08-23,Não Convertido,,0.0,Conservador,Serbia
146595,WhatsApp,2024-08-20,Convertido,6.0,7551.57,Conservador,South Georgia and the South Sandwich Islands
146596,Facebook,2024-08-19,Não Convertido,,0.0,Desconhecido,Montserrat
146597,E-mail Marketing,2024-08-23,Não Convertido,,0.0,Agressivo,Eritrea
146598,Instagram,2024-08-20,Não Convertido,,0.0,Agressivo,Myanmar
146599,WhatsApp,2024-08-21,Não Convertido,,0.0,Desconhecido,Bulgaria
146600,Facebook,2024-08-19,Não Convertido,,0.0,Agressivo,Seychelles
146601,Instagram,2024-08-22,Não Convertido,,0.0,Conservador,Peru
146602,Indicação,2024-08-21,Não Convertido,,0.0,Moderado,Greece
146603,Google Ads,2024-08-23,Não Convertido,,0.0,Agressivo,Guinea-Bissau
146604,Instagram,2024-08-19,Não Convertido,,0.0,Moderado,Egypt
146605,WhatsApp,2024-08-23,Não Convertido,,0.0,Moderado,Paraguay
146606,Google Ads,2024-08-24,Não Convertido,,0.0,Agressivo,Korea
146607,Facebook,2024-08-19,Não Convertido,,0.0,Conservador,Serbia
146608,Instagram,2024-08-21,Não Convertido,,0.0,Agressivo,Azerbaijan
146609,WhatsApp,2024-08-24,Não Convertido,,0.0,Conservador,Niger
146610,Google Ads,2024-08-22,Não Convertido,,0.0,Conservador,Russian Federation
146611,Orgânico,2024-08-23,Não Convertido,,0.0,Agressivo,Burkina Faso
146612,Instagram,2024-08-19,Não Convertido,,0.0,Desconhecido,Tuvalu
146613,Instagram,2024-08-20,Não Convertido,,0.0,Moderado,Albania
146614,Instagram,2024-08-24,Não Convertido,,0.0,Conservador,United States of America
146615,Instagram,2024-08-20,Não Convertido,,0.0,Moderado,Poland
146616,Google Ads,2024-08-24,Não Convertido,,0.0,Moderado,Tonga
146617,TikTok,2024-08-20,Não Convertido,,0.0,Moderado,Central African Republic
146618,WhatsApp,2024-08-19,Não Convertido,,0.0,Moderado,Somalia
146619,E-mail Marketing,2024-08-21,Não Convertido,,0.0,Moderado,Suriname
146620,Instagram,2024-08-23,Não Convertido,,0.0,Agressivo,Hungary
146621,Orgânico,2024-08-22,Não Convertido,,0.0,Conservador,Benin
146622,Google Ads,2024-08-24,Não Convertido,,0.0,Agressivo,Kazakhstan
146623,TikTok,2024-08-21,Não Convertido,,0.0,Agressivo,Malawi
146624,TikTok,2024-08-24,Não Convertido,,0.0,Agressivo,Singapore
146625,Indicação,2024-08-21,Não Convertido,,0.0,Moderado,Saint Pierre and Miquelon
146626,TikTok,2024-08-24,Não Convertido,,0.0,Moderado,American Samoa
146627,Orgânico,2024-08-21,Não Convertido,,0.0,Moderado,Brunei Darussalam
146628,WhatsApp,2024-08-19,Não Convertido,,0.0,Moderado,Marshall Islands
146629,Orgânico,2024-08-21,Não Convertido,,0.0,Moderado,Congo
146630,E-mail Marketing,2024-08-23,Não Convertido,,0.0,Conservador,Namibia
146631,Google Ads,2024-08-23,Não Convertido,,0.0,Moderado,China
146632,E-mail Marketing,2024-08-21,Não Convertido,,0.0,Moderado,United States Virgin Islands
146633,E-mail Marketing,2024-08-21,Não Convertido,,0.0,Agressivo,Romania
146634,TikTok,2024-08-24,Não Convertido,,0.0,Agressivo,Guatemala
146635,TikTok,2024-08-22,Não Convertido,,0.0,Desconhecido,Papua New Guinea
146636,Orgânico,2024-08-20,Não Convertido,,0.0,Agressivo,Belarus
146637,YouTube Ads,2024-08-23,Não Convertido,,0.0,Moderado,Cook Islands
146638,TikTok,2024-08-24,Não Convertido,,0.0,Agressivo,Pakistan
146639,TikTok,2024-08-24,Não Convertido,,0.0,Conservador,Belarus
146640,Instagram,2024-08-20,Convertido,20.0,4201.68,Agressivo,Belgium
146641,TikTok,2024-08-24,Não Convertido,,0.0,Moderado,Reunion
146642,Orgânico,2024-08-21,Não Convertido,,0.0,Moderado,Denmark
146643,WhatsApp,2024-08-24,Não Convertido,,0.0,Moderado,Netherlands Antilles
146644,TikTok,2024-08-20,Não Convertido,,0.0,Moderado,Italy
146645,Google Ads,2024-08-21,Não Convertido,,0.0,Moderado,Papua New Guinea
146646,Instagram,2024-08-19,Convertido,13.0,805.85,Moderado,Saint Pierre and Miquelon
146647,YouTube Ads,2024-08-24,Não Convertido,,0.0,Moderado,Zimbabwe
146648,YouTube Ads,2024-08-24,Não Convertido,,0.0,Agressivo,Reunion
146649,Google Ads,2024-08-24,Não Convertido,,0.0,Moderado,Jamaica
146650,Facebook,2024-08-22,Não Convertido,,0.0,Desconhecido,Wallis and Futuna
146651,TikTok,2024-08-23,Não Convertido,,0.0,Agressivo,Cyprus
146652,TikTok,2024-08-24,Não Convertido,,0.0,Agressivo,Egypt
146653,Indicação,2024-08-20,Não Convertido,,0.0,Agressivo,Turkey
146654,Orgânico,2024-08-19,Não Convertido,,0.0,Agressivo,Macao
146655,Orgânico,2024-08-19,Não Convertido,,0.0,Agressivo,Norway
146656,Indicação,2024-08-23,Não Convertido,,0.0,Moderado,South Africa
146657,Google Ads,2024-08-24,Não Convertido,,0.0,Moderado,Norway
146658,E-mail Marketing,2024-08-19,Não Convertido,,0.0,Agressivo,Netherlands Antilles
146659,YouTube Ads,2024-08-23,Não Convertido,,0.0,Agressivo,Ireland
146660,Indicação,2024-08-21,Convertido,14.0,6941.32,Moderado,Netherlands Antilles
146661,TikTok,2024-08-22,Não Convertido,,0.0,Moderado,Libyan Arab Jamahiriya
146662,TikTok,2024-08-19,Não Convertido,,0.0,Moderado,Vietnam
146663,Facebook,2024-08-20,Não Convertido,,0.0,Moderado,Norfolk Island
146664,YouTube Ads,2024-08-19,Não Convertido,,0.0,Moderado,Singapore
146665,Orgânico,2024-08-20,Não Convertido,,0.0,Agressivo,Cambodia
146666,Facebook,2024-08-21,Não Convertido,,0.0,Conservador,Uruguay
146667,E-mail Marketing,2024-08-24,Não Convertido,,0.0,Moderado,Trinidad and Tobago
146668,TikTok,2024-08-22,Não Convertido,,0.0,Agressivo,Wallis and Futuna
146669,Instagram,2024-08-22,Não Convertido,,0.0,Moderado,Guam
146670,WhatsApp,2024-08-19,Não Convertido,,0.0,Moderado,Congo
146671,Google Ads,2024-08-24,Não Convertido,,0.0,Moderado,Azerbaijan
146672,E-mail Marketing,2024-08-23,Não Convertido,,0.0,Desconhecido,Anguilla
146673,Orgânico,2024-08-23,Convertido,29.0,9316.42,Moderado,Bhutan
146674,Facebook,2024-08-19,Não Convertido,,0.0,Agressivo,Philippines
146675,WhatsApp,2024-08-20,Não Convertido,,0.0,Moderado,Comoros
146676,YouTube Ads,2024-08-21,Não Convertido,,0.0,Moderado,Ireland
146677,Orgânico,2024-08-22,Não Convertido,,0.0,Conservador,Faroe Islands
146678,E-mail Marketing,2024-08-20,Não Convertido,,0.0,Agressivo,Singapore
146679,Orgânico,2024-08-19,Não Convertido,,0.0,Agressivo,Armenia
146680,TikTok,2024-08-20,Não Convertido,,0.0,Conservador,Barbados
146681,Orgânico,2024-08-24,Não Convertido,,0.0,Agressivo,Algeria
146682,Orgânico,2024-08-19,Não Convertido,,0.0,Conservador,Singapore
146683,Orgânico,2024-08-21,Não Convertido,,0.0,Conservador,Bhutan
146684,E-mail Marketing,2024-08-24,Convertido,12.0,2219.23,Agressivo,Nepal
146685,E-mail Marketing,2024-08-22,Não Convertido,,0.0,Moderado,Kiribati
146686,Orgânico,2024-08-23,Não Convertido,,0.0,Moderado,Comoros
146687,Orgânico,2024-08-19,Não Convertido,,0.0,Desconhecido,Qatar
146688,Orgânico,2024-08-21,Não Convertido,,0.0,Moderado,Estonia
146689,Orgânico,2024-08-20,Não Convertido,,0.0,Agressivo,Northern Mariana Islands
146690,Instagram,2024-08-24,Convertido,27.0,5916.28,Moderado,Tonga
146691,Instagram,2024-08-23,Não Convertido,,0.0,Agressivo,United States Virgin Islands
146692,TikTok,2024-08-20,Não Convertido,,0.0,Agressivo,Monaco
146693,Orgânico,2024-08-24,Não Convertido,,0.0,Conservador,French Guiana
146694,Facebook,2024-08-22,Não Convertido,,0.0,Moderado,Guam
146695,Orgânico,2024-08-22,Não Convertido,,0.0,Moderado,Lebanon
146696,Orgânico,2024-08-24,Não Convertido,,0.0,Moderado,Eritrea
146697,TikTok,2024-08-22,Não Convertido,,0.0,Desconhecido,Afghanistan
146698,TikTok,2024-08-21,Não Convertido,,0.0,Agressivo,Netherlands Antilles
146699,WhatsApp,2024-08-24,Não Convertido,,0.0,Moderado,Syrian Arab Republic
146700,YouTube Ads,2024-08-19,Não Convertido,,0.0,Moderado,Somalia
146701,Orgânico,2024-08-20,Não Convertido,,0.0,Moderado,Bahamas
146702,Orgânico,2024-08-24,Não Convertido,,0.0,Agressivo,Denmark
146703,Indicação,2024-08-24,Não Convertido,,0.0,Agressivo,Norway
146704,Google Ads,2024-08-22,Não Convertido,,0.0,Conservador,Saint Martin
146705,YouTube Ads,2024-08-21,Não Convertido,,0.0,Desconhecido,Reunion
146706,Instagram,2024-08-20,Não Convertido,,0.0,Moderado,Mauritius
146707,TikTok,2024-08-19,Não Convertido,,0.0,Moderado,Luxembourg
146708,Instagram,2024-08-20,Não Convertido,,0.0,Moderado,Western Sahara
146709,Orgânico,2024-08-20,Não Convertido,,0.0,Conservador,Montserrat
146710,Instagram,2024-08-23,Não Convertido,,0.0,Agressivo,Mayotte
146711,TikTok,2024-08-19,Não Convertido,,0.0,Moderado,Mozambique
146712,E-mail Marketing,2024-08-21,Não Convertido,,0.0,Moderado,Mali
146713,Google Ads,2024-08-24,Não Convertido,,0.0,Agressivo,Burkina Faso
146714,YouTube Ads,2024-08-21,Não Convertido,,0.0,Agressivo,Solomon Islands
146715,E-mail Marketing,2024-08-21,Não Convertido,,0.0,Conservador,North Macedonia
146716,Facebook,2024-08-20,Não Convertido,,0.0,Conservador,Saint Helena
146717,E-mail Marketing,2024-08-20,Não Convertido,,0.0,Agressivo,Martinique
146718,YouTube Ads,2024-08-19,Não Convertido,,0.0,Desconhecido,Costa Rica
146719,TikTok,2024-08-19,Não Convertido,,0.0,Conservador,Germany
146720,E-mail Marketing,2024-08-23,Não Convertido,,0.0,Conservador,Greenland
146721,Indicação,2024-08-21,Não Convertido,,0.0,Moderado,Jamaica
146722,Instagram,2024-08-20,Não Convertido,,0.0,Moderado,Panama
146723,Google Ads,2024-08-19,Não Convertido,,0.0,Agressivo,Brazil
146724,TikTok,2024-08-21,Não Convertido,,0.0,Agressivo,United States Virgin Islands
146725,E-mail Marketing,2024-08-21,Não Convertido,,0.0,Agressivo,El Salvador
146726,TikTok,2024-08-24,Não Convertido,,0.0,Agressivo,Canada
146727,YouTube Ads,2024-08-24,Não Convertido,,0.0,Moderado,Denmark
146728,YouTube Ads,2024-08-24,Não Convertido,,0.0,Moderado,Costa Rica
146729,TikTok,2024-08-23,Não Convertido,,0.0,Agressivo,Guatemala
146730,Orgânico,2024-08-23,Não Convertido,,0.0,Moderado,Malaysia
146731,E-mail Marketing,2024-08-24,Não Convertido,,0.0,Moderado,Canada
146732,TikTok,2024-08-23,Não Convertido,,0.0,Moderado,Malta
146733,Instagram,2024-08-21,Não Convertido,,0.0,Conservador,United Arab Emirates
146734,Instagram,2024-08-20,Não Convertido,,0.0,Agressivo,Kenya
146735,Orgânico,2024-08-20,Não Convertido,,0.0,Desconhecido,Samoa
146736,Orgânico,2024-08-22,Não Convertido,,0.0,Moderado,Saint Vincent and the Grenadines
146737,WhatsApp,2024-08-21,Não Convertido,,0.0,Agressivo,Heard Island and McDonald Islands
146738,Google Ads,2024-08-19,Não Convertido,,0.0,Moderado,Hong Kong
146739,Orgânico,2024-08-24,Não Convertido,,0.0,Agressivo,Guinea
146740,Orgânico,2024-08-20,Não Convertido,,0.0,Moderado,Rwanda
146741,Facebook,2024-08-22,Não Convertido,,0.0,Agressivo,Zambia
146742,Instagram,2024-08-19,Não Convertido,,0.0,Moderado,Greenland
146743,Google Ads,2024-08-22,Não Convertido,,0.0,Conservador,Cyprus
146744,Indicação,2024-08-19,Não Convertido,,0.0,Moderado,Albania
146745,WhatsApp,2024-08-22,Não Convertido,,0.0,Agressivo,British Indian Ocean Territory (Chagos Archipelago)
146746,Google Ads,2024-08-21,Não Convertido,,0.0,Moderado,Cyprus
146747,Instagram,2024-08-21,Não Convertido,,0.0,Agressivo,Lebanon
146748,E-mail Marketing,2024-08-23,Não Convertido,,0.0,Conservador,Cayman Islands
146749,Instagram,2024-08-24,Não Convertido,,0.0,Conservador,Montserrat
146750,Instagram,2024-08-23,Não Convertido,,0.0,Moderado,Peru
146751,Orgânico,2024-08-19,Não Convertido,,0.0,Agressivo,Eritrea
146752,Facebook,2024-08-24,Não Convertido,,0.0,Agressivo,Guinea-Bissau
146753,Orgânico,2024-08-24,Não Convertido,,0.0,Desconhecido,Pitcairn Islands
146754,Orgânico,2024-08-20,Não Convertido,,0.0,Moderado,Holy See (Vatican City State)
146755,E-mail Marketing,2024-08-24,Não Convertido,,0.0,Conservador,Guernsey
146756,TikTok,2024-08-24,Não Convertido,,0.0,Conservador,Argentina
146757,Orgânico,2024-08-20,Não Convertido,,0.0,Conservador,Norfolk Island
146758,Orgânico,2024-08-23,Não Convertido,,0.0,Agressivo,Moldova
146759,Indicação,2024-08-19,Não Convertido,,0.0,Agressivo,Switzerland
146760,Instagram,2024-08-24,Não Convertido,,0.0,Moderado,Cameroon
146761,Orgânico,2024-08-20,Convertido,11.0,9841.68,Moderado,Cocos (Keeling) Islands
146762,Instagram,2024-08-19,Não Convertido,,0.0,Moderado,Chile
146763,WhatsApp,2024-08-24,Não Convertido,,0.0,Agressivo,Turks and Caicos Islands
146764,TikTok,2024-08-23,Não Convertido,,0.0,Agressivo,Chile
146765,TikTok,2024-08-19,Não Convertido,,0.0,Conservador,Cameroon
146766,Indicação,2024-08-24,Não Convertido,,0.0,Moderado,Germany
146767,WhatsApp,2024-08-22,Não Convertido,,0.0,Conservador,Mongolia
146768,Indicação,2024-08-21,Não Convertido,,0.0,Conservador,Burundi
146769,Orgânico,2024-08-22,Não Convertido,,0.0,Agressivo,Bosnia and Herzegovina
146770,Facebook,2024-08-23,Não Convertido,,0.0,Moderado,Costa Rica
146771,Facebook,2024-08-22,Não Convertido,,0.0,Moderado,Bouvet Island (Bouvetoya)
146772,Google Ads,2024-08-21,Não Convertido,,0.0,Moderado,Saint Pierre and Miquelon
146773,E-mail Marketing,2024-08-24,Não Convertido,,0.0,Agressivo,Cape Verde
146774,Instagram,2024-08-20,Não Convertido,,0.0,Agressivo,Hong Kong
146775,Instagram,2024-08-20,Não Convertido,,0.0,Moderado,Christmas Island
146776,Indicação,2024-08-22,Não Convertido,,0.0,Moderado,Northern Mariana Islands
146777,Indicação,2024-08-22,Não Convertido,,0.0,Desconhecido,Georgia
146778,Facebook,2024-08-23,Não Convertido,,0.0,Agressivo,Kyrgyz Republic
146779,TikTok,2024-08-20,Não Convertido,,0.0,Agressivo,Oman
146780,TikTok,2024-08-23,Não Convertido,,0.0,Moderado,Saint Kitts and Nevis
146781,YouTube Ads,2024-08-19,Convertido,30.0,8122.09,Agressivo,Colombia
146782,Orgânico,2024-08-22,Não Convertido,,0.0,Moderado,Bahamas
146783,Google Ads,2024-08-21,Não Convertido,,0.0,Moderado,Ethiopia
146784,Orgânico,2024-08-24,Não Convertido,,0.0,Desconhecido,Senegal
146785,Orgânico,2024-08-23,Não Convertido,,0.0,Moderado,Madagascar
146786,Indicação,2024-08-24,Não Convertido,,0.0,Agressivo,France
146787,Orgânico,2024-08-19,Não Convertido,,0.0,Moderado,Timor-Leste
146788,Instagram,2024-08-20,Não Convertido,,0.0,Agressivo,Seychelles
146789,Instagram,2024-08-21,Não Convertido,,0.0,Moderado,Zambia
146790,Google Ads,2024-08-24,Não Convertido,,0.0,Conservador,Eritrea
146791,E-mail Marketing,2024-08-22,Não Convertido,,0.0,Agressivo,Western Sahara
146792,Google Ads,2024-08-24,Não Convertido,,0.0,Conservador,Venezuela
146793,Indicação,2024-08-19,Não Convertido,,0.0,Moderado,Algeria
146794,Orgânico,2024-08-20,Não Convertido,,0.0,Moderado,Monaco
146795,Orgânico,2024-08-24,Não Convertido,,0.0,Desconhecido,Martinique
146796,Orgânico,2024-08-23,Não Convertido,,0.0,Conservador,Cape Verde
146797,E-mail Marketing,2024-08-20,Não Convertido,,0.0,Moderado,Brazil
146798,TikTok,2024-08-22,Não Convertido,,0.0,Moderado,Heard Island and McDonald Islands
146799,Facebook,2024-08-24,Não Convertido,,0.0,Moderado,Antigua and Barbuda
146800,WhatsApp,2024-08-20,Não Convertido,,0.0,Conservador,American Samoa
146801,YouTube Ads,2024-08-24,Não Convertido,,0.0,Moderado,Svalbard & Jan Mayen Islands
146802,Orgânico,2024-08-22,Não Convertido,,0.0,Agressivo,United States Virgin Islands
146803,TikTok,2024-08-22,Não Convertido,,0.0,Agressivo,Tanzania
146804,WhatsApp,2024-08-22,Não Convertido,,0.0,Conservador,Guinea-Bissau
146805,TikTok,2024-08-21,Não Convertido,,0.0,Moderado,Palestinian Territory
146806,Google Ads,2024-08-22,Não Convertido,,0.0,Moderado,El Salvador
146807,Google Ads,2024-08-23,Não Convertido,,0.0,Agressivo,Mongolia
146808,Google Ads,2024-08-19,Não Convertido,,0.0,Moderado,Tuvalu
146809,TikTok,2024-08-23,Não Convertido,,0.0,Agressivo,Macao
146810,Orgânico,2024-08-19,Não Convertido,,0.0,Conservador,China
146811,Orgânico,2024-08-20,Convertido,21.0,3774.91,Moderado,Saint Martin
146812,Indicação,2024-08-20,Não Convertido,,0.0,Conservador,Haiti
146813,Google Ads,2024-08-20,Não Convertido,,0.0,Moderado,Tuvalu
146814,WhatsApp,2024-08-21,Não Convertido,,0.0,Agressivo,Thailand
146815,YouTube Ads,2024-08-23,Não Convertido,,0.0,Agressivo,Paraguay
146816,Orgânico,2024-08-23,Convertido,22.0,2572.77,Agressivo,Germany
146817,Google Ads,2024-08-24,Não Convertido,,0.0,Conservador,Bermuda
146818,Instagram,2024-08-24,Convertido,19.0,1164.21,Desconhecido,Uzbekistan
146819,Facebook,2024-08-22,Não Convertido,,0.0,Moderado,Bangladesh
146820,Instagram,2024-08-19,Não Convertido,,0.0,Moderado,Wallis and Futuna
146821,TikTok,2024-08-23,Não Convertido,,0.0,Agressivo,Rwanda
146822,TikTok,2024-08-19,Não Convertido,,0.0,Desconhecido,Austria
146823,Google Ads,2024-08-23,Convertido,3.0,8422.55,Agressivo,Mayotte
146824,Orgânico,2024-08-22,Não Convertido,,0.0,Conservador,Montserrat
146825,Indicação,2024-08-19,Não Convertido,,0.0,Agressivo,Christmas Island
146826,E-mail Marketing,2024-08-23,Não Convertido,,0.0,Moderado,Austria
146827,Instagram,2024-08-22,Não Convertido,,0.0,Moderado,Uganda
146828,Instagram,2024-08-23,Não Convertido,,0.0,Agressivo,Cote d'Ivoire
146829,Orgânico,2024-08-24,Não Convertido,,0.0,Moderado,Namibia
146830,TikTok,2024-08-23,Não Convertido,,0.0,Moderado,Algeria
146831,Orgânico,2024-08-24,Não Convertido,,0.0,Agressivo,Djibouti
146832,Facebook,2024-08-22,Não Convertido,,0.0,Moderado,Cayman Islands
146833,YouTube Ads,2024-08-23,Não Convertido,,0.0,Moderado,Guernsey
146834,TikTok,2024-08-19,Não Convertido,,0.0,Agressivo,Norfolk Island
146835,TikTok,2024-08-19,Não Convertido,,0.0,Agressivo,Falkland Islands (Malvinas)
146836,TikTok,2024-08-24,Não Convertido,,0.0,Moderado,Guadeloupe
146837,WhatsApp,2024-08-20,Convertido,22.0,8634.7,Desconhecido,Timor-Leste
146838,Google Ads,2024-08-22,Não Convertido,,0.0,Moderado,Tanzania
146839,Google Ads,2024-08-22,Não Convertido,,0.0,Agressivo,Northern Mariana Islands
146840,Indicação,2024-08-22,Não Convertido,,0.0,Agressivo,Sudan
146841,Indicação,2024-08-20,Não Convertido,,0.0,Desconhecido,Switzerland
146842,WhatsApp,2024-08-20,Não Convertido,,0.0,Conservador,Fiji
146843,WhatsApp,2024-08-20,Não Convertido,,0.0,Moderado,Senegal
146844,E-mail Marketing,2024-08-24,Não Convertido,,0.0,Moderado,Cook Islands
146845,WhatsApp,2024-08-20,Não Convertido,,0.0,Agressivo,Jamaica
146846,Facebook,2024-08-21,Não Convertido,,0.0,Agressivo,Djibouti
146847,E-mail Marketing,2024-08-23,Não Convertido,,0.0,Moderado,France
146848,Google Ads,2024-08-23,Não Convertido,,0.0,Agressivo,Djibouti
146849,E-mail Marketing,2024-08-22,Não Convertido,,0.0,Moderado,Venezuela
146850,TikTok,2024-08-20,Não Convertido,,0.0,Agressivo,Trinidad and Tobago
146851,Facebook,2024-08-19,Não Convertido,,0.0,Agressivo,Svalbard & Jan Mayen Islands
146852,E-mail Marketing,2024-08-20,Convertido,9.0,7033.1,Agressivo,Saint Pierre and Miquelon
146853,Orgânico,2024-08-22,Não Convertido,,0.0,Moderado,Uruguay
146854,Orgânico,2024-08-24,Não Convertido,,0.0,Conservador,United States Minor Outlying Islands
146855,Indicação,2024-08-23,Não Convertido,,0.0,Moderado,Vanuatu
146856,TikTok,2024-08-20,Não Convertido,,0.0,Moderado,Guadeloupe
146857,Instagram,2024-08-23,Não Convertido,,0.0,Moderado,Equatorial Guinea
146858,WhatsApp,2024-08-24,Não Convertido,,0.0,Moderado,North Macedonia
146859,Orgânico,2024-08-19,Não Convertido,,0.0,Moderado,Pitcairn Islands
146860,Facebook,2024-08-19,Convertido,22.0,8054.58,Conservador,Lao People's Democratic Republic
146861,YouTube Ads,2024-08-22,Não Convertido,,0.0,Moderado,Tuvalu
146862,Instagram,2024-08-20,Não Convertido,,0.0,Desconhecido,Montenegro
146863,WhatsApp,2024-08-23,Não Convertido,,0.0,Moderado,Singapore
146864,Google Ads,2024-08-24,Não Convertido,,0.0,Agressivo,Niger
146865,Indicação,2024-08-21,Não Convertido,,0.0,Moderado,Uruguay
146866,WhatsApp,2024-08-23,Não Convertido,,0.0,Agressivo,Czech Republic
146867,E-mail Marketing,2024-08-19,Não Convertido,,0.0,Agressivo,Aruba
146868,WhatsApp,2024-08-23,Não Convertido,,0.0,Conservador,Svalbard & Jan Mayen Islands
146869,Instagram,2024-08-21,Não Convertido,,0.0,Moderado,Belize
146870,Facebook,2024-08-20,Não Convertido,,0.0,Moderado,Andorra
146871,E-mail Marketing,2024-08-24,Não Convertido,,0.0,Agressivo,Djibouti
146872,Indicação,2024-08-19,Não Convertido,,0.0,Conservador,Switzerland
146873,Google Ads,2024-08-24,Não Convertido,,0.0,Moderado,Senegal
146874,YouTube Ads,2024-08-19,Não Convertido,,0.0,Desconhecido,Lebanon
146875,TikTok,2024-08-23,Não Convertido,,0.0,Agressivo,Haiti
146876,Instagram,2024-08-23,Não Convertido,,0.0,Agressivo,Montenegro
146877,Google Ads,2024-08-23,Não Convertido,,0.0,Desconhecido,Lebanon
146878,Orgânico,2024-08-23,Não Convertido,,0.0,Moderado,Samoa
146879,YouTube Ads,2024-08-23,Não Convertido,,0.0,Conservador,Gabon
146880,Orgânico,2024-08-20,Não Convertido,,0.0,Moderado,Papua New Guinea
146881,TikTok,2024-08-24,Não Convertido,,0.0,Moderado,Iran
146882,Instagram,2024-08-20,Não Convertido,,0.0,Moderado,Finland
146883,Orgânico,2024-08-23,Não Convertido,,0.0,Desconhecido,Andorra
146884,YouTube Ads,2024-08-22,Não Convertido,,0.0,Conservador,Spain
146885,E-mail Marketing,2024-08-20,Não Convertido,,0.0,Desconhecido,Samoa
146886,Instagram,2024-08-20,Não Convertido,,0.0,Agressivo,Fiji
146887,TikTok,2024-08-24,Não Convertido,,0.0,Moderado,Tajikistan
146888,Facebook,2024-08-21,Não Convertido,,0.0,Moderado,Yemen
146889,E-mail Marketing,2024-08-22,Não Convertido,,0.0,Agressivo,Samoa
146890,TikTok,2024-08-19,Não Convertido,,0.0,Agressivo,Brazil
146891,Orgânico,2024-08-24,Não Convertido,,0.0,Moderado,Bangladesh
146892,Instagram,2024-08-24,Não Convertido,,0.0,Moderado,Serbia
146893,Google Ads,2024-08-24,Não Convertido,,0.0,Agressivo,Mozambique
146894,Indicação,2024-08-19,Não Convertido,,0.0,Moderado,Cambodia
146895,Orgânico,2024-08-24,Não Convertido,,0.0,Agressivo,Liberia
146896,Orgânico,2024-08-24,Não Convertido,,0.0,Moderado,Switzerland
146897,E-mail Marketing,2024-08-22,Não Convertido,,0.0,Agressivo,Heard Island and McDonald Islands
146898,Orgânico,2024-08-24,Não Convertido,,0.0,Conservador,Montenegro
146899,Instagram,2024-08-19,Não Convertido,,0.0,Conservador,Morocco
146900,YouTube Ads,2024-08-23,Não Convertido,,0.0,Desconhecido,Bahrain
146901,YouTube Ads,2024-08-21,Não Convertido,,0.0,Moderado,France
146902,Google Ads,2024-08-22,Não Convertido,,0.0,Agressivo,Uruguay
146903,WhatsApp,2024-08-22,Não Convertido,,0.0,Moderado,Heard Island and McDonald Islands
146904,Instagram,2024-08-23,Não Convertido,,0.0,Agressivo,Honduras
146905,Facebook,2024-08-22,Não Convertido,,0.0,Agressivo,Trinidad and Tobago
146906,Indicação,2024-08-20,Não Convertido,,0.0,Agressivo,Nepal
146907,Orgânico,2024-08-22,Não Convertido,,0.0,Desconhecido,Liechtenstein
146908,Indicação,2024-08-22,Não Convertido,,0.0,Agressivo,Suriname
146909,Google Ads,2024-08-23,Não Convertido,,0.0,Moderado,Anguilla
146910,E-mail Marketing,2024-08-24,Não Convertido,,0.0,Agressivo,Mexico
146911,TikTok,2024-08-21,Não Convertido,,0.0,Conservador,Micronesia
146912,Orgânico,2024-08-23,Não Convertido,,0.0,Desconhecido,Germany
146913,Orgânico,2024-08-19,Não Convertido,,0.0,Moderado,British Indian Ocean Territory (Chagos Archipelago)
146914,Instagram,2024-08-20,Não Convertido,,0.0,Desconhecido,Liechtenstein
146915,Instagram,2024-08-19,Não Convertido,,0.0,Moderado,Greece
146916,E-mail Marketing,2024-08-19,Não Convertido,,0.0,Moderado,Saint Barthelemy
146917,E-mail Marketing,2024-08-22,Não Convertido,,0.0,Moderado,Oman
146918,WhatsApp,2024-08-22,Convertido,23.0,4997.21,Agressivo,Sri Lanka
146919,YouTube Ads,2024-08-19,Não Convertido,,0.0,Moderado,Libyan Arab Jamahiriya
146920,TikTok,2024-08-20,Não Convertido,,0.0,Agressivo,Montserrat
146921,WhatsApp,2024-08-20,Não Convertido,,0.0,Desconhecido,Cyprus
146922,Facebook,2024-08-24,Não Convertido,,0.0,Moderado,Azerbaijan
146923,WhatsApp,2024-08-23,Não Convertido,,0.0,Desconhecido,Moldova
146924,Google Ads,2024-08-24,Não Convertido,,0.0,Agressivo,Jamaica
146925,Orgânico,2024-08-20,Não Convertido,,0.0,Agressivo,Chile
146926,Indicação,2024-08-22,Não Convertido,,0.0,Moderado,Bosnia and Herzegovina
146927,Orgânico,2024-08-20,Não Convertido,,0.0,Moderado,Madagascar
146928,Orgânico,2024-08-20,Não Convertido,,0.0,Agressivo,Guernsey
146929,YouTube Ads,2024-08-22,Não Convertido,,0.0,Agressivo,Netherlands Antilles
146930,Indicação,2024-08-21,Não Convertido,,0.0,Moderado,Antarctica (the territory South of 60 deg S)
146931,YouTube Ads,2024-08-19,Não Convertido,,0.0,Moderado,Gibraltar
146932,Instagram,2024-08-23,Não Convertido,,0.0,Moderado,Falkland Islands (Malvinas)
146933,Google Ads,2024-08-21,Não Convertido,,0.0,Agressivo,Turks and Caicos Islands
146934,Instagram,2024-08-23,Não Convertido,,0.0,Conservador,Qatar
146935,Instagram,2024-08-24,Não Convertido,,0.0,Moderado,Mexico
146936,TikTok,2024-08-21,Não Convertido,,0.0,Desconhecido,Guadeloupe
146937,WhatsApp,2024-08-19,Não Convertido,,0.0,Agressivo,Cameroon
146938,TikTok,2024-08-24,Não Convertido,,0.0,Moderado,Jordan
146939,YouTube Ads,2024-08-22,Não Convertido,,0.0,Moderado,Greenland
146940,Orgânico,2024-08-19,Não Convertido,,0.0,Conservador,Malawi
146941,Facebook,2024-08-19,Não Convertido,,0.0,Agressivo,Cuba
146942,WhatsApp,2024-08-22,Não Convertido,,0.0,Agressivo,United States Minor Outlying Islands
146943,Instagram,2024-08-20,Não Convertido,,0.0,Conservador,Zambia
146944,Indicação,2024-08-23,Não Convertido,,0.0,Moderado,Ethiopia
146945,TikTok,2024-08-19,Não Convertido,,0.0,Agressivo,Panama
146946,WhatsApp,2024-08-20,Não Convertido,,0.0,Moderado,Belgium
146947,E-mail Marketing,2024-08-20,Não Convertido,,0.0,Agressivo,Mongolia
146948,E-mail Marketing,2024-08-22,Não Convertido,,0.0,Conservador,Micronesia
146949,Indicação,2024-08-24,Não Convertido,,0.0,Agressivo,Canada
146950,WhatsApp,2024-08-20,Não Convertido,,0.0,Agressivo,Bulgaria
146951,Facebook,2024-08-19,Não Convertido,,0.0,Moderado,Antarctica (the territory South of 60 deg S)
146952,Google Ads,2024-08-19,Não Convertido,,0.0,Agressivo,Lithuania
146953,WhatsApp,2024-08-22,Não Convertido,,0.0,Moderado,Paraguay
146954,Google Ads,2024-08-23,Não Convertido,,0.0,Moderado,Djibouti
146955,Google Ads,2024-08-21,Não Convertido,,0.0,Agressivo,Slovakia (Slovak Republic)
146956,Facebook,2024-08-21,Não Convertido,,0.0,Desconhecido,Lebanon
146957,Google Ads,2024-08-22,Não Convertido,,0.0,Moderado,Bahrain
146958,TikTok,2024-08-24,Não Convertido,,0.0,Moderado,Burkina Faso
146959,E-mail Marketing,2024-08-20,Não Convertido,,0.0,Moderado,Costa Rica
146960,Orgânico,2024-08-21,Não Convertido,,0.0,Agressivo,Azerbaijan
146961,Instagram,2024-08-21,Não Convertido,,0.0,Moderado,Vanuatu
146962,E-mail Marketing,2024-08-20,Não Convertido,,0.0,Desconhecido,Zimbabwe
146963,TikTok,2024-08-22,Não Convertido,,0.0,Moderado,El Salvador
146964,E-mail Marketing,2024-08-22,Não Convertido,,0.0,Moderado,Tajikistan
146965,TikTok,2024-08-24,Não Convertido,,0.0,Desconhecido,Bosnia and Herzegovina
146966,Facebook,2024-08-23,Não Convertido,,0.0,Moderado,Christmas Island
146967,Google Ads,2024-08-23,Não Convertido,,0.0,Conservador,Libyan Arab Jamahiriya
146968,Instagram,2024-08-19,Convertido,21.0,2021.5,Moderado,Russian Federation
146969,YouTube Ads,2024-08-24,Não Convertido,,0.0,Desconhecido,Kuwait
146970,TikTok,2024-08-24,Não Convertido,,0.0,Moderado,Estonia
146971,E-mail Marketing,2024-08-22,Não Convertido,,0.0,Conservador,Namibia
146972,Instagram,2024-08-22,Não Convertido,,0.0,Moderado,Vanuatu
146973,Instagram,2024-08-20,Não Convertido,,0.0,Moderado,Pakistan
146974,Facebook,2024-08-21,Não Convertido,,0.0,Moderado,Portugal
146975,YouTube Ads,2024-08-19,Não Convertido,,0.0,Agressivo,French Southern Territories
146976,Indicação,2024-08-19,Não Convertido,,0.0,Conservador,Mexico
146977,Instagram,2024-08-23,Não Convertido,,0.0,Agressivo,Fiji
146978,Orgânico,2024-08-24,Não Convertido,,0.0,Moderado,United Kingdom
146979,Facebook,2024-08-19,Não Convertido,,0.0,Conservador,North Macedonia
146980,Indicação,2024-08-24,Convertido,28.0,7658.82,Moderado,Cyprus
146981,E-mail Marketing,2024-08-21,Não Convertido,,0.0,Conservador,Nauru
146982,Indicação,2024-08-22,Não Convertido,,0.0,Desconhecido,Somalia
146983,E-mail Marketing,2024-08-20,Não Convertido,,0.0,Desconhecido,Vietnam
146984,Instagram,2024-08-22,Não Convertido,,0.0,Desconhecido,San Marino
146985,E-mail Marketing,2024-08-24,Não Convertido,,0.0,Agressivo,San Marino
146986,Orgânico,2024-08-21,Não Convertido,,0.0,Moderado,Central African Republic
146987,Orgânico,2024-08-19,Não Convertido,,0.0,Desconhecido,Costa Rica
146988,E-mail Marketing,2024-08-24,Não Convertido,,0.0,Conservador,Holy See (Vatican City State)
146989,TikTok,2024-08-19,Não Convertido,,0.0,Agressivo,Qatar
146990,TikTok,2024-08-24,Não Convertido,,0.0,Moderado,United Arab Emirates
146991,Facebook,2024-08-22,Não Convertido,,0.0,Desconhecido,Lesotho
146992,Google Ads,2024-08-21,Não Convertido,,0.0,Moderado,China
146993,Instagram,2024-08-23,Não Convertido,,0.0,Moderado,Cape Verde
146994,E-mail Marketing,2024-08-21,Não Convertido,,0.0,Moderado,Lithuania
146995,Facebook,2024-08-20,Não Convertido,,0.0,Moderado,Suriname
146996,YouTube Ads,2024-08-21,Não Convertido,,0.0,Moderado,Denmark
146997,Google Ads,2024-08-24,Não Convertido,,0.0,Desconhecido,Guadeloupe
146998,YouTube Ads,2024-08-23,Não Convertido,,0.0,Moderado,Solomon Islands
146999,Instagram,2024-08-24,Não Convertido,,0.0,Conservador,Montenegro
147000,TikTok,2024-08-24,Não Convertido,,0.0,Agressivo,Morocco
147001,E-mail Marketing,2024-08-23,Não Convertido,,0.0,Moderado,Bouvet Island (Bouvetoya)
147002,Orgânico,2024-08-19,Não Convertido,,0.0,Moderado,United Kingdom
147003,Facebook,2024-08-20,Não Convertido,,0.0,Conservador,Taiwan
147004,Instagram,2024-08-23,Não Convertido,,0.0,Desconhecido,Norway
147005,YouTube Ads,2024-08-23,Não Convertido,,0.0,Agressivo,Armenia
147006,Facebook,2024-08-21,Não Convertido,,0.0,Conservador,Namibia
147007,YouTube Ads,2024-08-20,Não Convertido,,0.0,Moderado,Bahrain
147008,Facebook,2024-08-23,Não Convertido,,0.0,Desconhecido,Tonga
147009,Instagram,2024-08-19,Não Convertido,,0.0,Moderado,Hungary
147010,Facebook,2024-08-22,Não Convertido,,0.0,Moderado,Fiji
147011,E-mail Marketing,2024-08-24,Não Convertido,,0.0,Moderado,Cambodia
147012,WhatsApp,2024-08-23,Não Convertido,,0.0,Moderado,North Macedonia
147013,Instagram,2024-08-19,Não Convertido,,0.0,Agressivo,Lithuania
147014,TikTok,2024-08-24,Não Convertido,,0.0,Conservador,Malawi
147015,YouTube Ads,2024-08-24,Não Convertido,,0.0,Moderado,Nauru
147016,YouTube Ads,2024-08-21,Não Convertido,,0.0,Moderado,Senegal
147017,TikTok,2024-08-24,Não Convertido,,0.0,Moderado,Equatorial Guinea
147018,TikTok,2024-08-24,Não Convertido,,0.0,Moderado,Guadeloupe
147019,YouTube Ads,2024-08-19,Não Convertido,,0.0,Desconhecido,Kuwait
147020,E-mail Marketing,2024-08-21,Não Convertido,,0.0,Agressivo,Guatemala
147021,E-mail Marketing,2024-08-19,Não Convertido,,0.0,Moderado,Guinea
147022,Indicação,2024-08-23,Não Convertido,,0.0,Desconhecido,British Virgin Islands
147023,E-mail Marketing,2024-08-21,Não Convertido,,0.0,Moderado,Saint Vincent and the Grenadines
147024,TikTok,2024-08-22,Não Convertido,,0.0,Conservador,Anguilla
147025,Orgânico,2024-08-21,Não Convertido,,0.0,Conservador,Mauritius
147026,Instagram,2024-08-20,Não Convertido,,0.0,Agressivo,Uruguay
147027,WhatsApp,2024-08-20,Não Convertido,,0.0,Agressivo,Pakistan
147028,Instagram,2024-08-21,Não Convertido,,0.0,Moderado,Israel
147029,E-mail Marketing,2024-08-19,Não Convertido,,0.0,Agressivo,Malaysia
147030,E-mail Marketing,2024-08-20,Não Convertido,,0.0,Moderado,Svalbard & Jan Mayen Islands
147031,WhatsApp,2024-08-22,Não Convertido,,0.0,Moderado,Cape Verde
147032,Google Ads,2024-08-20,Não Convertido,,0.0,Moderado,Iceland
147033,Google Ads,2024-08-21,Não Convertido,,0.0,Conservador,Nauru
147034,Orgânico,2024-08-24,Não Convertido,,0.0,Moderado,French Southern Territories
147035,Indicação,2024-08-24,Não Convertido,,0.0,Moderado,Italy
147036,TikTok,2024-08-20,Não Convertido,,0.0,Agressivo,Liechtenstein
147037,TikTok,2024-08-21,Não Convertido,,0.0,Moderado,Germany
147038,Facebook,2024-08-23,Não Convertido,,0.0,Moderado,Sweden
147039,Orgânico,2024-08-21,Não Convertido,,0.0,Moderado,Mauritania
147040,Facebook,2024-08-19,Não Convertido,,0.0,Moderado,Niger
147041,Google Ads,2024-08-21,Não Convertido,,0.0,Moderado,Chad
147042,TikTok,2024-08-23,Não Convertido,,0.0,Moderado,Oman
147043,TikTok,2024-08-21,Não Convertido,,0.0,Agressivo,Madagascar
147044,Facebook,2024-08-23,Não Convertido,,0.0,Conservador,Peru
147045,TikTok,2024-08-20,Não Convertido,,0.0,Desconhecido,Burundi
147046,TikTok,2024-08-20,Não Convertido,,0.0,Agressivo,Niger
147047,Orgânico,2024-08-23,Não Convertido,,0.0,Moderado,Bulgaria
147048,YouTube Ads,2024-08-19,Não Convertido,,0.0,Moderado,Brazil
147049,Orgânico,2024-08-22,Não Convertido,,0.0,Conservador,Saudi Arabia
147050,Google Ads,2024-08-24,Não Convertido,,0.0,Desconhecido,Greece
147051,Orgânico,2024-08-19,Não Convertido,,0.0,Moderado,Armenia
147052,Instagram,2024-08-22,Não Convertido,,0.0,Moderado,Saint Helena
147053,Orgânico,2024-08-21,Não Convertido,,0.0,Conservador,Croatia
147054,Orgânico,2024-08-20,Não Convertido,,0.0,Moderado,Niger
147055,Orgânico,2024-08-21,Não Convertido,,0.0,Agressivo,Mongolia
147056,YouTube Ads,2024-08-23,Não Convertido,,0.0,Moderado,Cocos (Keeling) Islands
147057,Indicação,2024-08-23,Não Convertido,,0.0,Agressivo,Grenada
147058,TikTok,2024-08-24,Não Convertido,,0.0,Conservador,Yemen
147059,Orgânico,2024-08-23,Não Convertido,,0.0,Agressivo,Finland
147060,WhatsApp,2024-08-20,Não Convertido,,0.0,Moderado,Belarus
147061,Indicação,2024-08-20,Convertido,26.0,5683.79,Conservador,Lesotho
147062,TikTok,2024-08-22,Não Convertido,,0.0,Agressivo,Montserrat
147063,Facebook,2024-08-22,Não Convertido,,0.0,Agressivo,Guatemala
147064,E-mail Marketing,2024-08-24,Não Convertido,,0.0,Conservador,Cocos (Keeling) Islands
147065,Instagram,2024-08-22,Não Convertido,,0.0,Agressivo,Kenya
147066,E-mail Marketing,2024-08-21,Não Convertido,,0.0,Conservador,Saint Barthelemy
147067,Orgânico,2024-08-21,Não Convertido,,0.0,Moderado,Timor-Leste
147068,TikTok,2024-08-23,Não Convertido,,0.0,Agressivo,Mauritius
147069,E-mail Marketing,2024-08-20,Não Convertido,,0.0,Desconhecido,Belarus
147070,TikTok,2024-08-24,Não Convertido,,0.0,Agressivo,Venezuela
147071,Orgânico,2024-08-21,Não Convertido,,0.0,Moderado,Maldives
147072,Facebook,2024-08-24,Não Convertido,,0.0,Agressivo,Samoa
147073,Orgânico,2024-08-22,Não Convertido,,0.0,Conservador,Lao People's Democratic Republic
147074,Indicação,2024-08-24,Convertido,29.0,4984.09,Desconhecido,Tonga
147075,WhatsApp,2024-08-19,Não Convertido,,0.0,Conservador,Chile
147076,TikTok,2024-08-20,Não Convertido,,0.0,Conservador,Panama
147077,YouTube Ads,2024-08-23,Não Convertido,,0.0,Desconhecido,Serbia
147078,Orgânico,2024-08-22,Não Convertido,,0.0,Conservador,Saint Pierre and Miquelon
147079,Instagram,2024-08-24,Não Convertido,,0.0,Agressivo,Denmark
147080,TikTok,2024-08-24,Convertido,29.0,3068.53,Moderado,Seychelles
147081,Instagram,2024-08-23,Não Convertido,,0.0,Agressivo,Georgia
147082,Facebook,2024-08-19,Não Convertido,,0.0,Moderado,Guam
147083,Instagram,2024-08-20,Não Convertido,,0.0,Desconhecido,Somalia
147084,Indicação,2024-08-19,Não Convertido,,0.0,Agressivo,Niue
147085,TikTok,2024-08-20,Não Convertido,,0.0,Conservador,Ukraine
147086,TikTok,2024-08-21,Não Convertido,,0.0,Moderado,Yemen
147087,Orgânico,2024-08-21,Não Convertido,,0.0,Moderado,Tokelau
147088,Facebook,2024-08-19,Não Convertido,,0.0,Moderado,Timor-Leste
147089,Facebook,2024-08-21,Não Convertido,,0.0,Agressivo,Indonesia
147090,Google Ads,2024-08-19,Não Convertido,,0.0,Agressivo,Swaziland
147091,WhatsApp,2024-08-21,Não Convertido,,0.0,Conservador,Iceland
147092,TikTok,2024-08-23,Não Convertido,,0.0,Moderado,Kiribati
147093,Facebook,2024-08-19,Não Convertido,,0.0,Moderado,Estonia
147094,Facebook,2024-08-21,Não Convertido,,0.0,Moderado,China
147095,WhatsApp,2024-08-21,Não Convertido,,0.0,Moderado,Isle of Man
147096,Google Ads,2024-08-21,Não Convertido,,0.0,Agressivo,Albania
147097,Facebook,2024-08-23,Convertido,10.0,7986.5,Agressivo,Kyrgyz Republic
147098,Google Ads,2024-08-24,Não Convertido,,0.0,Agressivo,Switzerland
147099,Orgânico,2024-08-23,Não Convertido,,0.0,Moderado,Nigeria
147100,Instagram,2024-08-22,Não Convertido,,0.0,Moderado,Bermuda
147101,Facebook,2024-08-24,Não Convertido,,0.0,Moderado,French Southern Territories
147102,Instagram,2024-08-19,Não Convertido,,0.0,Moderado,Saint Helena
147103,WhatsApp,2024-08-23,Não Convertido,,0.0,Conservador,Barbados
147104,YouTube Ads,2024-08-20,Não Convertido,,0.0,Agressivo,Azerbaijan
147105,Indicação,2024-08-22,Não Convertido,,0.0,Moderado,Belize
147106,Instagram,2024-08-21,Não Convertido,,0.0,Moderado,Norfolk Island
147107,YouTube Ads,2024-08-24,Não Convertido,,0.0,Conservador,Gambia
147108,Orgânico,2024-08-24,Não Convertido,,0.0,Moderado,Seychelles
147109,TikTok,2024-08-21,Não Convertido,,0.0,Agressivo,Solomon Islands
147110,Orgânico,2024-08-23,Não Convertido,,0.0,Desconhecido,Costa Rica
147111,TikTok,2024-08-23,Não Convertido,,0.0,Moderado,Zambia
147112,Orgânico,2024-08-22,Não Convertido,,0.0,Desconhecido,Latvia
147113,Orgânico,2024-08-20,Não Convertido,,0.0,Agressivo,Switzerland
147114,Instagram,2024-08-23,Não Convertido,,0.0,Moderado,Syrian Arab Republic
147115,Orgânico,2024-08-21,Não Convertido,,0.0,Moderado,Argentina
147116,Indicação,2024-08-24,Não Convertido,,0.0,Desconhecido,Niger
147117,WhatsApp,2024-08-20,Não Convertido,,0.0,Agressivo,Swaziland
147118,Orgânico,2024-08-20,Não Convertido,,0.0,Desconhecido,Norway
147119,E-mail Marketing,2024-08-24,Não Convertido,,0.0,Agressivo,Singapore
147120,Instagram,2024-08-20,Não Convertido,,0.0,Moderado,Turkey
147121,YouTube Ads,2024-08-22,Não Convertido,,0.0,Moderado,Anguilla
147122,Google Ads,2024-08-20,Não Convertido,,0.0,Agressivo,Poland
147123,Facebook,2024-08-19,Não Convertido,,0.0,Agressivo,Netherlands Antilles
147124,Google Ads,2024-08-20,Não Convertido,,0.0,Agressivo,Dominica
147125,E-mail Marketing,2024-08-19,Não Convertido,,0.0,Moderado,Armenia
147126,TikTok,2024-08-24,Não Convertido,,0.0,Agressivo,Philippines
147127,Indicação,2024-08-22,Não Convertido,,0.0,Moderado,Sao Tome and Principe
147128,Orgânico,2024-08-24,Não Convertido,,0.0,Agressivo,Wallis and Futuna
147129,TikTok,2024-08-19,Não Convertido,,0.0,Moderado,South Africa
147130,E-mail Marketing,2024-08-23,Não Convertido,,0.0,Moderado,Guernsey
147131,YouTube Ads,2024-08-19,Não Convertido,,0.0,Desconhecido,Pakistan
147132,Google Ads,2024-08-20,Não Convertido,,0.0,Moderado,Syrian Arab Republic
147133,TikTok,2024-08-21,Convertido,27.0,2993.04,Agressivo,Albania
147134,Instagram,2024-08-22,Não Convertido,,0.0,Moderado,French Southern Territories
147135,E-mail Marketing,2024-08-21,Não Convertido,,0.0,Agressivo,Swaziland
147136,WhatsApp,2024-08-20,Não Convertido,,0.0,Agressivo,Benin
147137,TikTok,2024-08-23,Não Convertido,,0.0,Moderado,British Virgin Islands
147138,TikTok,2024-08-20,Não Convertido,,0.0,Agressivo,Uruguay
147139,Orgânico,2024-08-24,Não Convertido,,0.0,Moderado,Uruguay
147140,WhatsApp,2024-08-23,Convertido,22.0,4634.11,Moderado,Algeria
147141,Instagram,2024-08-21,Não Convertido,,0.0,Moderado,Northern Mariana Islands
147142,Orgânico,2024-08-22,Não Convertido,,0.0,Moderado,Saint Barthelemy
147143,E-mail Marketing,2024-08-19,Não Convertido,,0.0,Conservador,Nicaragua
147144,YouTube Ads,2024-08-20,Não Convertido,,0.0,Desconhecido,Moldova
147145,TikTok,2024-08-24,Não Convertido,,0.0,Agressivo,Slovakia (Slovak Republic)
147146,Indicação,2024-08-21,Não Convertido,,0.0,Conservador,Finland
147147,E-mail Marketing,2024-08-24,Não Convertido,,0.0,Desconhecido,Oman
147148,Indicação,2024-08-21,Não Convertido,,0.0,Agressivo,Montenegro
147149,Instagram,2024-08-24,Não Convertido,,0.0,Agressivo,Gabon
147150,Orgânico,2024-08-22,Não Convertido,,0.0,Moderado,Guadeloupe
147151,Instagram,2024-08-20,Não Convertido,,0.0,Agressivo,Brunei Darussalam
147152,Orgânico,2024-08-22,Não Convertido,,0.0,Desconhecido,Anguilla
147153,E-mail Marketing,2024-08-22,Não Convertido,,0.0,Conservador,Peru
147154,TikTok,2024-08-19,Não Convertido,,0.0,Agressivo,Jamaica
147155,Indicação,2024-08-22,Não Convertido,,0.0,Moderado,Vietnam
147156,Facebook,2024-08-24,Não Convertido,,0.0,Conservador,Morocco
147157,Google Ads,2024-08-21,Não Convertido,,0.0,Moderado,Taiwan
147158,E-mail Marketing,2024-08-23,Não Convertido,,0.0,Agressivo,Bolivia
147159,Google Ads,2024-08-22,Não Convertido,,0.0,Conservador,Guyana
147160,Instagram,2024-08-21,Não Convertido,,0.0,Moderado,North Macedonia
147161,Orgânico,2024-08-21,Não Convertido,,0.0,Agressivo,British Indian Ocean Territory (Chagos Archipelago)
147162,Facebook,2024-08-22,Não Convertido,,0.0,Moderado,Lebanon
147163,TikTok,2024-08-19,Não Convertido,,0.0,Moderado,Belgium
147164,Orgânico,2024-08-24,Não Convertido,,0.0,Agressivo,Kyrgyz Republic
147165,Orgânico,2024-08-23,Não Convertido,,0.0,Moderado,China
147166,YouTube Ads,2024-08-22,Convertido,17.0,8087.51,Moderado,Guyana
147167,Facebook,2024-08-21,Não Convertido,,0.0,Agressivo,Bouvet Island (Bouvetoya)
147168,Orgânico,2024-08-21,Não Convertido,,0.0,Agressivo,Niger
147169,E-mail Marketing,2024-08-22,Não Convertido,,0.0,Desconhecido,Guinea
147170,TikTok,2024-08-20,Não Convertido,,0.0,Conservador,Equatorial Guinea
147171,Orgânico,2024-08-24,Não Convertido,,0.0,Desconhecido,American Samoa
147172,Instagram,2024-08-20,Não Convertido,,0.0,Conservador,Seychelles
147173,E-mail Marketing,2024-08-21,Não Convertido,,0.0,Desconhecido,Israel
147174,WhatsApp,2024-08-19,Não Convertido,,0.0,Moderado,Belarus
147175,Facebook,2024-08-23,Não Convertido,,0.0,Moderado,United Arab Emirates
147176,Orgânico,2024-08-21,Não Convertido,,0.0,Agressivo,Marshall Islands
147177,Orgânico,2024-08-23,Não Convertido,,0.0,Moderado,Saint Helena
147178,WhatsApp,2024-08-22,Não Convertido,,0.0,Agressivo,Cuba
147179,Instagram,2024-08-23,Não Convertido,,0.0,Moderado,United States Minor Outlying Islands
147180,Facebook,2024-08-19,Não Convertido,,0.0,Desconhecido,Morocco
147181,YouTube Ads,2024-08-23,Não Convertido,,0.0,Moderado,Spain
147182,TikTok,2024-08-21,Não Convertido,,0.0,Agressivo,Bosnia and Herzegovina
147183,Indicação,2024-08-23,Não Convertido,,0.0,Agressivo,Guinea-Bissau
147184,WhatsApp,2024-08-23,Não Convertido,,0.0,Agressivo,Turkey
147185,TikTok,2024-08-24,Não Convertido,,0.0,Agressivo,Western Sahara
147186,Orgânico,2024-08-19,Não Convertido,,0.0,Desconhecido,Ukraine
147187,Instagram,2024-08-21,Não Convertido,,0.0,Desconhecido,Syrian Arab Republic
147188,YouTube Ads,2024-08-19,Não Convertido,,0.0,Desconhecido,American Samoa
147189,Facebook,2024-08-24,Não Convertido,,0.0,Moderado,Cuba
147190,Facebook,2024-08-19,Não Convertido,,0.0,Agressivo,Fiji
147191,Google Ads,2024-08-24,Não Convertido,,0.0,Moderado,Cambodia
147192,Google Ads,2024-08-20,Não Convertido,,0.0,Agressivo,Montenegro
147193,Orgânico,2024-08-22,Não Convertido,,0.0,Moderado,Honduras
147194,Orgânico,2024-08-23,Não Convertido,,0.0,Agressivo,Ecuador
147195,Instagram,2024-08-24,Não Convertido,,0.0,Agressivo,Belize
147196,Google Ads,2024-08-22,Não Convertido,,0.0,Agressivo,Qatar
147197,Orgânico,2024-08-23,Não Convertido,,0.0,Conservador,Algeria
147198,Orgânico,2024-08-20,Não Convertido,,0.0,Moderado,Israel
147199,Orgânico,2024-08-19,Não Convertido,,0.0,Conservador,Wallis and Futuna
147200,Instagram,2024-08-22,Não Convertido,,0.0,Agressivo,Barbados
147201,Orgânico,2024-08-24,Não Convertido,,0.0,Moderado,Malawi
147202,Facebook,2024-08-24,Não Convertido,,0.0,Agressivo,Bolivia
147203,E-mail Marketing,2024-08-24,Convertido,15.0,943.84,Desconhecido,Denmark
147204,WhatsApp,2024-08-23,Não Convertido,,0.0,Moderado,Gabon
147205,TikTok,2024-08-20,Não Convertido,,0.0,Desconhecido,Bouvet Island (Bouvetoya)
147206,YouTube Ads,2024-08-22,Não Convertido,,0.0,Agressivo,Antarctica (the territory South of 60 deg S)
147207,Orgânico,2024-08-23,Convertido,24.0,5644.09,Agressivo,Svalbard & Jan Mayen Islands
147208,Google Ads,2024-08-21,Não Convertido,,0.0,Conservador,Bhutan
147209,Facebook,2024-08-22,Não Convertido,,0.0,Desconhecido,United States Virgin Islands
147210,Instagram,2024-08-19,Não Convertido,,0.0,Moderado,Chad
147211,TikTok,2024-08-21,Não Convertido,,0.0,Moderado,Grenada
147212,Google Ads,2024-08-21,Não Convertido,,0.0,Conservador,Uruguay
147213,E-mail Marketing,2024-08-23,Não Convertido,,0.0,Agressivo,El Salvador
147214,Google Ads,2024-08-21,Não Convertido,,0.0,Moderado,Mauritania
147215,Orgânico,2024-08-21,Não Convertido,,0.0,Conservador,Liechtenstein
147216,Instagram,2024-08-24,Não Convertido,,0.0,Moderado,Belgium
147217,TikTok,2024-08-23,Convertido,12.0,1924.76,Agressivo,United Arab Emirates
147218,WhatsApp,2024-08-20,Não Convertido,,0.0,Agressivo,Guinea-Bissau
147219,E-mail Marketing,2024-08-24,Não Convertido,,0.0,Agressivo,Lao People's Democratic Republic
147220,TikTok,2024-08-21,Não Convertido,,0.0,Moderado,Namibia
147221,Instagram,2024-08-21,Não Convertido,,0.0,Moderado,Morocco
147222,Google Ads,2024-08-21,Não Convertido,,0.0,Desconhecido,Saint Barthelemy
147223,Facebook,2024-08-24,Não Convertido,,0.0,Moderado,British Virgin Islands
147224,WhatsApp,2024-08-22,Não Convertido,,0.0,Agressivo,Lao People's Democratic Republic
147225,E-mail Marketing,2024-08-21,Não Convertido,,0.0,Moderado,French Polynesia
147226,TikTok,2024-08-21,Não Convertido,,0.0,Agressivo,Reunion
147227,Orgânico,2024-08-19,Não Convertido,,0.0,Agressivo,Kazakhstan
147228,YouTube Ads,2024-08-22,Não Convertido,,0.0,Conservador,Norfolk Island
147229,TikTok,2024-08-21,Não Convertido,,0.0,Agressivo,Slovakia (Slovak Republic)
147230,YouTube Ads,2024-08-22,Não Convertido,,0.0,Moderado,Rwanda
147231,TikTok,2024-08-21,Não Convertido,,0.0,Moderado,Guam
147232,TikTok,2024-08-19,Não Convertido,,0.0,Moderado,Rwanda
147233,WhatsApp,2024-08-24,Não Convertido,,0.0,Moderado,Korea
147234,TikTok,2024-08-20,Não Convertido,,0.0,Agressivo,Finland
147235,YouTube Ads,2024-08-19,Não Convertido,,0.0,Agressivo,French Guiana
147236,WhatsApp,2024-08-19,Não Convertido,,0.0,Agressivo,Kiribati
147237,Google Ads,2024-08-22,Não Convertido,,0.0,Conservador,Italy
147238,Orgânico,2024-08-19,Não Convertido,,0.0,Conservador,Botswana
147239,TikTok,2024-08-22,Não Convertido,,0.0,Moderado,Georgia
147240,YouTube Ads,2024-08-23,Não Convertido,,0.0,Moderado,Saint Vincent and the Grenadines
147241,Facebook,2024-08-23,Não Convertido,,0.0,Moderado,Argentina
147242,Instagram,2024-08-19,Não Convertido,,0.0,Moderado,Reunion
147243,E-mail Marketing,2024-08-21,Não Convertido,,0.0,Agressivo,Estonia
147244,TikTok,2024-08-24,Não Convertido,,0.0,Desconhecido,Faroe Islands
147245,YouTube Ads,2024-08-23,Não Convertido,,0.0,Moderado,Saint Barthelemy
147246,Facebook,2024-08-21,Não Convertido,,0.0,Conservador,Libyan Arab Jamahiriya
147247,Indicação,2024-08-22,Não Convertido,,0.0,Moderado,Portugal
147248,Facebook,2024-08-22,Não Convertido,,0.0,Conservador,French Polynesia
147249,Instagram,2024-08-21,Não Convertido,,0.0,Desconhecido,Colombia
147250,Instagram,2024-08-22,Não Convertido,,0.0,Moderado,Marshall Islands
147251,Instagram,2024-08-19,Não Convertido,,0.0,Moderado,Mongolia
147252,WhatsApp,2024-08-19,Não Convertido,,0.0,Desconhecido,Rwanda
147253,E-mail Marketing,2024-08-20,Não Convertido,,0.0,Agressivo,Estonia
147254,WhatsApp,2024-08-21,Não Convertido,,0.0,Moderado,Niue
147255,WhatsApp,2024-08-23,Não Convertido,,0.0,Agressivo,Saint Vincent and the Grenadines
147256,Google Ads,2024-08-21,Não Convertido,,0.0,Moderado,Gabon
147257,TikTok,2024-08-19,Não Convertido,,0.0,Moderado,Kazakhstan
147258,Instagram,2024-08-21,Não Convertido,,0.0,Conservador,Guatemala
147259,Google Ads,2024-08-24,Não Convertido,,0.0,Conservador,Lesotho
147260,Instagram,2024-08-19,Não Convertido,,0.0,Moderado,Luxembourg
147261,YouTube Ads,2024-08-19,Não Convertido,,0.0,Agressivo,Kiribati
147262,Google Ads,2024-08-22,Não Convertido,,0.0,Moderado,Costa Rica
147263,YouTube Ads,2024-08-22,Não Convertido,,0.0,Conservador,Marshall Islands
147264,YouTube Ads,2024-08-21,Não Convertido,,0.0,Moderado,Swaziland
147265,Indicação,2024-08-21,Não Convertido,,0.0,Agressivo,Costa Rica
147266,YouTube Ads,2024-08-23,Não Convertido,,0.0,Moderado,Pakistan
147267,Orgânico,2024-08-19,Não Convertido,,0.0,Agressivo,Faroe Islands
147268,TikTok,2024-08-22,Não Convertido,,0.0,Moderado,Martinique
147269,Orgânico,2024-08-23,Não Convertido,,0.0,Conservador,Georgia
147270,Instagram,2024-08-19,Não Convertido,,0.0,Moderado,Georgia
147271,TikTok,2024-08-20,Não Convertido,,0.0,Agressivo,Paraguay
147272,Instagram,2024-08-24,Não Convertido,,0.0,Conservador,Guernsey
147273,Instagram,2024-08-20,Não Convertido,,0.0,Moderado,United Kingdom
147274,Orgânico,2024-08-22,Não Convertido,,0.0,Moderado,Mongolia
147275,Google Ads,2024-08-24,Não Convertido,,0.0,Desconhecido,Libyan Arab Jamahiriya
147276,Instagram,2024-08-22,Não Convertido,,0.0,Moderado,Guernsey
147277,Google Ads,2024-08-23,Não Convertido,,0.0,Agressivo,Benin
147278,Instagram,2024-08-23,Não Convertido,,0.0,Desconhecido,Tanzania
147279,Orgânico,2024-08-20,Não Convertido,,0.0,Moderado,Guadeloupe
147280,TikTok,2024-08-19,Não Convertido,,0.0,Moderado,South Georgia and the South Sandwich Islands
147281,Facebook,2024-08-20,Não Convertido,,0.0,Moderado,Puerto Rico
147282,Orgânico,2024-08-19,Não Convertido,,0.0,Conservador,Micronesia
147283,Google Ads,2024-08-20,Convertido,17.0,6249.99,Desconhecido,Cayman Islands
147284,WhatsApp,2024-08-23,Não Convertido,,0.0,Conservador,Vanuatu
147285,TikTok,2024-08-22,Não Convertido,,0.0,Conservador,Guatemala
147286,TikTok,2024-08-22,Não Convertido,,0.0,Agressivo,Solomon Islands
147287,Facebook,2024-08-21,Não Convertido,,0.0,Agressivo,Norway
147288,E-mail Marketing,2024-08-21,Não Convertido,,0.0,Agressivo,Bahamas
147289,Indicação,2024-08-23,Não Convertido,,0.0,Agressivo,Bolivia
147290,Instagram,2024-08-24,Não Convertido,,0.0,Desconhecido,Cayman Islands
147291,E-mail Marketing,2024-08-24,Não Convertido,,0.0,Desconhecido,Jamaica
147292,YouTube Ads,2024-08-19,Não Convertido,,0.0,Agressivo,Martinique
147293,Orgânico,2024-08-24,Não Convertido,,0.0,Desconhecido,Bahamas
147294,E-mail Marketing,2024-08-23,Não Convertido,,0.0,Agressivo,Serbia
147295,E-mail Marketing,2024-08-24,Não Convertido,,0.0,Agressivo,Palau
147296,WhatsApp,2024-08-19,Não Convertido,,0.0,Desconhecido,Switzerland
147297,Instagram,2024-08-21,Não Convertido,,0.0,Agressivo,Fiji
147298,E-mail Marketing,2024-08-23,Não Convertido,,0.0,Moderado,Gambia
147299,E-mail Marketing,2024-08-24,Não Convertido,,0.0,Moderado,Yemen
147300,E-mail Marketing,2024-08-20,Não Convertido,,0.0,Moderado,Ecuador
147301,TikTok,2024-08-24,Não Convertido,,0.0,Moderado,Bahrain
147302,TikTok,2024-08-24,Não Convertido,,0.0,Conservador,Somalia
147303,Orgânico,2024-08-24,Não Convertido,,0.0,Conservador,Lithuania
147304,Instagram,2024-08-23,Não Convertido,,0.0,Moderado,Germany
147305,Instagram,2024-08-23,Não Convertido,,0.0,Moderado,Moldova
147306,WhatsApp,2024-08-21,Não Convertido,,0.0,Desconhecido,Niger
147307,E-mail Marketing,2024-08-19,Não Convertido,,0.0,Conservador,Micronesia
147308,E-mail Marketing,2024-08-19,Não Convertido,,0.0,Moderado,Aruba
147309,Google Ads,2024-08-24,Não Convertido,,0.0,Agressivo,British Virgin Islands
147310,Google Ads,2024-08-23,Não Convertido,,0.0,Moderado,Guyana
147311,Facebook,2024-08-23,Não Convertido,,0.0,Agressivo,Monaco
147312,WhatsApp,2024-08-24,Não Convertido,,0.0,Moderado,Serbia
147313,Orgânico,2024-08-22,Não Convertido,,0.0,Desconhecido,Cuba
147314,Orgânico,2024-08-22,Não Convertido,,0.0,Desconhecido,Oman
147315,Instagram,2024-08-23,Não Convertido,,0.0,Conservador,United States Virgin Islands
147316,WhatsApp,2024-08-24,Não Convertido,,0.0,Conservador,United States Virgin Islands
147317,Google Ads,2024-08-21,Não Convertido,,0.0,Agressivo,Bermuda
147318,TikTok,2024-08-19,Convertido,8.0,6373.26,Conservador,Saint Kitts and Nevis
147319,Facebook,2024-08-22,Não Convertido,,0.0,Moderado,Denmark
147320,Orgânico,2024-08-20,Não Convertido,,0.0,Agressivo,Mauritius
147321,E-mail Marketing,2024-08-19,Não Convertido,,0.0,Conservador,Dominican Republic
147322,TikTok,2024-08-23,Não Convertido,,0.0,Agressivo,Papua New Guinea
147323,Indicação,2024-08-20,Não Convertido,,0.0,Moderado,Uganda
147324,Facebook,2024-08-22,Não Convertido,,0.0,Agressivo,Russian Federation
147325,Facebook,2024-08-24,Não Convertido,,0.0,Moderado,Luxembourg
147326,TikTok,2024-08-23,Não Convertido,,0.0,Moderado,Malaysia
147327,Google Ads,2024-08-23,Não Convertido,,0.0,Agressivo,Vanuatu
147328,TikTok,2024-08-24,Não Convertido,,0.0,Moderado,Mozambique
147329,Facebook,2024-08-24,Não Convertido,,0.0,Agressivo,Montserrat
147330,Google Ads,2024-08-19,Não Convertido,,0.0,Desconhecido,Korea
147331,Orgânico,2024-08-21,Não Convertido,,0.0,Conservador,Sao Tome and Principe
147332,Google Ads,2024-08-20,Não Convertido,,0.0,Agressivo,Guinea
147333,WhatsApp,2024-08-24,Não Convertido,,0.0,Conservador,Kuwait
147334,Instagram,2024-08-24,Não Convertido,,0.0,Agressivo,Italy
147335,Facebook,2024-08-23,Convertido,15.0,9639.26,Agressivo,Holy See (Vatican City State)
147336,Facebook,2024-08-23,Não Convertido,,0.0,Agressivo,Vanuatu
147337,Indicação,2024-08-20,Não Convertido,,0.0,Moderado,Cambodia
147338,YouTube Ads,2024-08-23,Não Convertido,,0.0,Moderado,Yemen
147339,TikTok,2024-08-20,Não Convertido,,0.0,Conservador,Turks and Caicos Islands
147340,Google Ads,2024-08-22,Não Convertido,,0.0,Moderado,Djibouti
147341,WhatsApp,2024-08-21,Não Convertido,,0.0,Moderado,Guam
147342,Google Ads,2024-08-22,Não Convertido,,0.0,Agressivo,Swaziland
