lead_id,origem,data_cadastro,status_conversao,dias_ate_1o_trade,valor_deposito,perfil,pais
243876,YouTube Ads,2025-03-10,Não Convertido,,0.0,Agressivo,Syrian Arab Republic
243877,Instagram,2025-03-11,Não Convertido,,0.0,Moderado,Cape Verde
243878,Orgânico,2025-03-14,Não Convertido,,0.0,Agressivo,India
243879,TikTok,2025-03-14,Convertido,8.0,2855.93,Conservador,Honduras
243880,Instagram,2025-03-11,Não Convertido,,0.0,Desconhecido,Gibraltar
243881,Orgânico,2025-03-13,Não Convertido,,0.0,Conservador,Belarus
243882,Google Ads,2025-03-15,Não Convertido,,0.0,Moderado,Mexico
243883,Orgânico,2025-03-11,Não Convertido,,0.0,Agressivo,Kuwait
243884,WhatsApp,2025-03-14,Não Convertido,,0.0,Moderado,Botswana
243885,Instagram,2025-03-15,Não Convertido,,0.0,Moderado,Albania
243886,TikTok,2025-03-12,Não Convertido,,0.0,Moderado,Thailand
243887,E-mail Marketing,2025-03-11,Não Convertido,,0.0,Agressivo,Jordan
243888,WhatsApp,2025-03-14,Não Convertido,,0.0,Agressivo,Georgia
243889,TikTok,2025-03-11,Não Convertido,,0.0,Moderado,Kyrgyz Republic
243890,Orgânico,2025-03-10,Não Convertido,,0.0,Conservador,Zimbabwe
243891,Orgânico,2025-03-14,Não Convertido,,0.0,Moderado,South Africa
243892,Orgânico,2025-03-15,Não Convertido,,0.0,Agressivo,Macao
243893,WhatsApp,2025-03-12,Não Convertido,,0.0,Agressivo,Belarus
243894,E-mail Marketing,2025-03-15,Não Convertido,,0.0,Conservador,Turks and Caicos Islands
243895,TikTok,2025-03-15,Não Convertido,,0.0,Agressivo,Poland
243896,YouTube Ads,2025-03-11,Não Convertido,,0.0,Agressivo,Vanuatu
243897,E-mail Marketing,2025-03-12,Não Convertido,,0.0,Conservador,Hong Kong
243898,Instagram,2025-03-10,Não Convertido,,0.0,Agressivo,Denmark
243899,Instagram,2025-03-10,Não Convertido,,0.0,Moderado,Ukraine
243900,Instagram,2025-03-10,Não Convertido,,0.0,Conservador,United States of America
243901,Indicação,2025-03-11,Não Convertido,,0.0,Moderado,Bhutan
243902,Facebook,2025-03-15,Não Convertido,,0.0,Moderado,Israel
243903,E-mail Marketing,2025-03-15,Não Convertido,,0.0,Conservador,Iceland
243904,Instagram,2025-03-10,Não Convertido,,0.0,Moderado,Mali
243905,Instagram,2025-03-11,Não Convertido,,0.0,Moderado,Cote d'Ivoire
243906,YouTube Ads,2025-03-10,Não Convertido,,0.0,Agressivo,Mauritius
243907,E-mail Marketing,2025-03-14,Não Convertido,,0.0,Conservador,Congo
243908,TikTok,2025-03-13,Não Convertido,,0.0,Agressivo,Guadeloupe
243909,TikTok,2025-03-13,Não Convertido,,0.0,Conservador,Armenia
243910,Orgânico,2025-03-10,Não Convertido,,0.0,Agressivo,Tuvalu
243911,Facebook,2025-03-10,Não Convertido,,0.0,Moderado,Tuvalu
243912,Google Ads,2025-03-11,Não Convertido,,0.0,Conservador,Taiwan
243913,Facebook,2025-03-12,Não Convertido,,0.0,Moderado,British Indian Ocean Territory (Chagos Archipelago)
243914,Facebook,2025-03-13,Não Convertido,,0.0,Moderado,Heard Island and McDonald Islands
243915,Orgânico,2025-03-13,Não Convertido,,0.0,Conservador,Turkey
243916,Instagram,2025-03-12,Não Convertido,,0.0,Desconhecido,New Zealand
243917,E-mail Marketing,2025-03-12,Não Convertido,,0.0,Conservador,Solomon Islands
243918,Instagram,2025-03-10,Não Convertido,,0.0,Moderado,Singapore
243919,Facebook,2025-03-15,Não Convertido,,0.0,Moderado,Costa Rica
243920,Orgânico,2025-03-14,Não Convertido,,0.0,Moderado,Azerbaijan
243921,Facebook,2025-03-15,Não Convertido,,0.0,Conservador,Vanuatu
243922,Google Ads,2025-03-14,Não Convertido,,0.0,Desconhecido,Chad
243923,Instagram,2025-03-15,Não Convertido,,0.0,Agressivo,Cameroon
243924,Facebook,2025-03-14,Não Convertido,,0.0,Moderado,American Samoa
243925,E-mail Marketing,2025-03-10,Não Convertido,,0.0,Conservador,United States of America
243926,E-mail Marketing,2025-03-14,Convertido,7.0,414.62,Moderado,Turkey
243927,WhatsApp,2025-03-10,Não Convertido,,0.0,Agressivo,Guinea
243928,TikTok,2025-03-10,Não Convertido,,0.0,Moderado,Uganda
243929,YouTube Ads,2025-03-14,Não Convertido,,0.0,Moderado,Austria
243930,E-mail Marketing,2025-03-11,Não Convertido,,0.0,Agressivo,Kiribati
243931,Orgânico,2025-03-15,Não Convertido,,0.0,Conservador,Philippines
243932,Instagram,2025-03-15,Não Convertido,,0.0,Conservador,Antarctica (the territory South of 60 deg S)
243933,Google Ads,2025-03-14,Não Convertido,,0.0,Agressivo,Saint Barthelemy
243934,E-mail Marketing,2025-03-15,Não Convertido,,0.0,Desconhecido,Israel
243935,Facebook,2025-03-12,Não Convertido,,0.0,Moderado,Korea
243936,Facebook,2025-03-13,Não Convertido,,0.0,Conservador,Peru
243937,WhatsApp,2025-03-14,Não Convertido,,0.0,Conservador,Dominica
243938,Indicação,2025-03-13,Não Convertido,,0.0,Moderado,Slovenia
243939,E-mail Marketing,2025-03-14,Convertido,9.0,3497.24,Conservador,Dominican Republic
243940,Orgânico,2025-03-12,Não Convertido,,0.0,Agressivo,Greece
243941,Facebook,2025-03-11,Não Convertido,,0.0,Agressivo,Italy
243942,Orgânico,2025-03-12,Não Convertido,,0.0,Agressivo,Poland
243943,Instagram,2025-03-11,Não Convertido,,0.0,Moderado,Luxembourg
243944,Facebook,2025-03-10,Não Convertido,,0.0,Agressivo,Bangladesh
243945,Indicação,2025-03-13,Não Convertido,,0.0,Conservador,Russian Federation
243946,WhatsApp,2025-03-13,Não Convertido,,0.0,Moderado,Kiribati
243947,TikTok,2025-03-10,Não Convertido,,0.0,Moderado,Belarus
243948,TikTok,2025-03-15,Não Convertido,,0.0,Agressivo,Tokelau
243949,Google Ads,2025-03-14,Não Convertido,,0.0,Moderado,British Virgin Islands
243950,E-mail Marketing,2025-03-13,Não Convertido,,0.0,Agressivo,Sao Tome and Principe
243951,Orgânico,2025-03-14,Não Convertido,,0.0,Moderado,Bouvet Island (Bouvetoya)
243952,YouTube Ads,2025-03-14,Não Convertido,,0.0,Conservador,Latvia
243953,Instagram,2025-03-15,Não Convertido,,0.0,Moderado,Yemen
243954,Google Ads,2025-03-15,Não Convertido,,0.0,Conservador,British Virgin Islands
243955,Orgânico,2025-03-15,Não Convertido,,0.0,Conservador,Kazakhstan
243956,Google Ads,2025-03-10,Não Convertido,,0.0,Desconhecido,Taiwan
243957,Instagram,2025-03-15,Não Convertido,,0.0,Moderado,Pitcairn Islands
243958,Facebook,2025-03-10,Não Convertido,,0.0,Moderado,Netherlands Antilles
243959,TikTok,2025-03-13,Não Convertido,,0.0,Moderado,Tonga
243960,Instagram,2025-03-12,Não Convertido,,0.0,Conservador,Belize
243961,Facebook,2025-03-14,Não Convertido,,0.0,Agressivo,Azerbaijan
243962,Instagram,2025-03-13,Não Convertido,,0.0,Agressivo,Ecuador
243963,E-mail Marketing,2025-03-15,Não Convertido,,0.0,Desconhecido,Guam
243964,Instagram,2025-03-15,Não Convertido,,0.0,Conservador,Lesotho
243965,Instagram,2025-03-15,Não Convertido,,0.0,Desconhecido,Ireland
243966,Indicação,2025-03-10,Não Convertido,,0.0,Agressivo,Jamaica
243967,E-mail Marketing,2025-03-12,Não Convertido,,0.0,Desconhecido,Australia
243968,Facebook,2025-03-11,Não Convertido,,0.0,Moderado,Australia
243969,Instagram,2025-03-14,Não Convertido,,0.0,Moderado,Jersey
243970,Instagram,2025-03-12,Não Convertido,,0.0,Moderado,Cook Islands
243971,Facebook,2025-03-13,Não Convertido,,0.0,Moderado,South Georgia and the South Sandwich Islands
243972,WhatsApp,2025-03-15,Não Convertido,,0.0,Conservador,India
243973,TikTok,2025-03-14,Não Convertido,,0.0,Agressivo,Tunisia
243974,Indicação,2025-03-15,Não Convertido,,0.0,Moderado,Tokelau
243975,E-mail Marketing,2025-03-13,Não Convertido,,0.0,Conservador,Malawi
243976,WhatsApp,2025-03-15,Não Convertido,,0.0,Agressivo,Brazil
243977,YouTube Ads,2025-03-12,Não Convertido,,0.0,Moderado,Hong Kong
243978,Instagram,2025-03-14,Não Convertido,,0.0,Conservador,Malawi
243979,TikTok,2025-03-14,Convertido,1.0,6397.58,Moderado,Swaziland
243980,Indicação,2025-03-12,Não Convertido,,0.0,Moderado,San Marino
243981,Instagram,2025-03-13,Não Convertido,,0.0,Desconhecido,Saint Barthelemy
243982,WhatsApp,2025-03-13,Não Convertido,,0.0,Desconhecido,Ireland
243983,Orgânico,2025-03-15,Não Convertido,,0.0,Conservador,Niue
243984,TikTok,2025-03-10,Não Convertido,,0.0,Agressivo,Poland
243985,TikTok,2025-03-12,Não Convertido,,0.0,Agressivo,Italy
243986,WhatsApp,2025-03-15,Não Convertido,,0.0,Moderado,Malaysia
243987,E-mail Marketing,2025-03-10,Não Convertido,,0.0,Moderado,New Caledonia
243988,WhatsApp,2025-03-10,Não Convertido,,0.0,Conservador,Mongolia
243989,E-mail Marketing,2025-03-15,Não Convertido,,0.0,Agressivo,Armenia
243990,E-mail Marketing,2025-03-10,Não Convertido,,0.0,Moderado,Sao Tome and Principe
243991,TikTok,2025-03-12,Não Convertido,,0.0,Moderado,Nepal
243992,Orgânico,2025-03-12,Não Convertido,,0.0,Agressivo,Haiti
243993,Orgânico,2025-03-11,Não Convertido,,0.0,Conservador,Bermuda
243994,Facebook,2025-03-11,Não Convertido,,0.0,Conservador,Ukraine
243995,Instagram,2025-03-14,Não Convertido,,0.0,Moderado,Iceland
243996,Orgânico,2025-03-10,Não Convertido,,0.0,Conservador,Albania
243997,Orgânico,2025-03-12,Não Convertido,,0.0,Conservador,Bahrain
243998,Instagram,2025-03-13,Não Convertido,,0.0,Moderado,Ecuador
243999,WhatsApp,2025-03-12,Não Convertido,,0.0,Agressivo,French Southern Territories
244000,Instagram,2025-03-15,Não Convertido,,0.0,Agressivo,Niger
244001,WhatsApp,2025-03-12,Não Convertido,,0.0,Moderado,Somalia
244002,TikTok,2025-03-15,Não Convertido,,0.0,Conservador,Reunion
244003,TikTok,2025-03-11,Não Convertido,,0.0,Moderado,United Kingdom
244004,Google Ads,2025-03-10,Não Convertido,,0.0,Moderado,Guinea-Bissau
244005,Instagram,2025-03-10,Não Convertido,,0.0,Agressivo,Guam
244006,Facebook,2025-03-12,Não Convertido,,0.0,Moderado,Mayotte
244007,Google Ads,2025-03-14,Não Convertido,,0.0,Conservador,Sao Tome and Principe
244008,E-mail Marketing,2025-03-11,Convertido,28.0,9605.3,Agressivo,New Zealand
244009,E-mail Marketing,2025-03-14,Não Convertido,,0.0,Moderado,Saint Kitts and Nevis
244010,Orgânico,2025-03-12,Não Convertido,,0.0,Agressivo,Uruguay
244011,E-mail Marketing,2025-03-11,Não Convertido,,0.0,Agressivo,Niger
244012,Google Ads,2025-03-13,Não Convertido,,0.0,Moderado,Indonesia
244013,Google Ads,2025-03-13,Não Convertido,,0.0,Desconhecido,New Caledonia
244014,TikTok,2025-03-11,Não Convertido,,0.0,Moderado,Palau
244015,Orgânico,2025-03-12,Não Convertido,,0.0,Moderado,Djibouti
244016,WhatsApp,2025-03-10,Não Convertido,,0.0,Agressivo,Greenland
244017,WhatsApp,2025-03-12,Não Convertido,,0.0,Agressivo,Uganda
244018,YouTube Ads,2025-03-13,Não Convertido,,0.0,Moderado,Saint Pierre and Miquelon
244019,WhatsApp,2025-03-12,Não Convertido,,0.0,Desconhecido,South Africa
244020,TikTok,2025-03-15,Não Convertido,,0.0,Conservador,Turkmenistan
244021,WhatsApp,2025-03-10,Não Convertido,,0.0,Moderado,Mozambique
244022,TikTok,2025-03-12,Não Convertido,,0.0,Moderado,Vietnam
244023,WhatsApp,2025-03-14,Não Convertido,,0.0,Moderado,Saint Martin
244024,Instagram,2025-03-12,Não Convertido,,0.0,Moderado,Germany
244025,WhatsApp,2025-03-14,Não Convertido,,0.0,Conservador,Turkmenistan
244026,Facebook,2025-03-13,Não Convertido,,0.0,Conservador,Myanmar
244027,Google Ads,2025-03-10,Não Convertido,,0.0,Moderado,North Macedonia
244028,Google Ads,2025-03-14,Não Convertido,,0.0,Agressivo,Venezuela
244029,Instagram,2025-03-10,Não Convertido,,0.0,Moderado,Mayotte
244030,WhatsApp,2025-03-11,Não Convertido,,0.0,Moderado,Congo
244031,Instagram,2025-03-11,Não Convertido,,0.0,Agressivo,Monaco
244032,Orgânico,2025-03-14,Não Convertido,,0.0,Moderado,Bangladesh
244033,Instagram,2025-03-15,Não Convertido,,0.0,Agressivo,India
244034,TikTok,2025-03-14,Não Convertido,,0.0,Agressivo,Nauru
244035,TikTok,2025-03-10,Não Convertido,,0.0,Conservador,United States Minor Outlying Islands
244036,TikTok,2025-03-11,Não Convertido,,0.0,Moderado,Heard Island and McDonald Islands
244037,Google Ads,2025-03-15,Não Convertido,,0.0,Moderado,North Macedonia
244038,E-mail Marketing,2025-03-15,Não Convertido,,0.0,Agressivo,Zambia
244039,TikTok,2025-03-15,Não Convertido,,0.0,Desconhecido,Bahamas
244040,Instagram,2025-03-14,Não Convertido,,0.0,Moderado,Mali
244041,Instagram,2025-03-14,Não Convertido,,0.0,Moderado,China
244042,TikTok,2025-03-11,Não Convertido,,0.0,Moderado,Seychelles
244043,Orgânico,2025-03-11,Não Convertido,,0.0,Moderado,Turkey
244044,Instagram,2025-03-11,Não Convertido,,0.0,Moderado,India
244045,TikTok,2025-03-14,Não Convertido,,0.0,Moderado,Nigeria
244046,Orgânico,2025-03-13,Não Convertido,,0.0,Conservador,Isle of Man
244047,TikTok,2025-03-12,Não Convertido,,0.0,Agressivo,Russian Federation
244048,TikTok,2025-03-14,Não Convertido,,0.0,Agressivo,Anguilla
244049,E-mail Marketing,2025-03-15,Não Convertido,,0.0,Moderado,Venezuela
244050,Indicação,2025-03-15,Não Convertido,,0.0,Moderado,Solomon Islands
244051,Orgânico,2025-03-11,Não Convertido,,0.0,Moderado,Sweden
244052,Facebook,2025-03-12,Não Convertido,,0.0,Agressivo,Chile
244053,Instagram,2025-03-14,Não Convertido,,0.0,Agressivo,Solomon Islands
244054,TikTok,2025-03-10,Não Convertido,,0.0,Moderado,Bosnia and Herzegovina
244055,Orgânico,2025-03-13,Não Convertido,,0.0,Agressivo,Mauritius
244056,Orgânico,2025-03-15,Convertido,18.0,8001.52,Moderado,Haiti
244057,Instagram,2025-03-15,Não Convertido,,0.0,Conservador,Dominica
244058,WhatsApp,2025-03-10,Não Convertido,,0.0,Agressivo,Guadeloupe
244059,E-mail Marketing,2025-03-13,Não Convertido,,0.0,Moderado,Antigua and Barbuda
244060,Orgânico,2025-03-11,Convertido,4.0,4596.1,Conservador,Zimbabwe
244061,Google Ads,2025-03-10,Não Convertido,,0.0,Desconhecido,Switzerland
244062,Indicação,2025-03-14,Não Convertido,,0.0,Moderado,Saint Pierre and Miquelon
244063,Indicação,2025-03-14,Não Convertido,,0.0,Conservador,Bosnia and Herzegovina
244064,Google Ads,2025-03-14,Não Convertido,,0.0,Moderado,Poland
244065,TikTok,2025-03-12,Não Convertido,,0.0,Desconhecido,Chad
244066,E-mail Marketing,2025-03-13,Não Convertido,,0.0,Moderado,British Virgin Islands
244067,Orgânico,2025-03-15,Não Convertido,,0.0,Moderado,Turkey
244068,Orgânico,2025-03-10,Não Convertido,,0.0,Moderado,Japan
244069,Orgânico,2025-03-12,Não Convertido,,0.0,Conservador,Mayotte
244070,WhatsApp,2025-03-15,Não Convertido,,0.0,Agressivo,Tanzania
244071,Orgânico,2025-03-12,Não Convertido,,0.0,Agressivo,New Zealand
244072,Instagram,2025-03-13,Não Convertido,,0.0,Moderado,Saint Barthelemy
244073,Facebook,2025-03-11,Não Convertido,,0.0,Desconhecido,American Samoa
244074,Google Ads,2025-03-12,Não Convertido,,0.0,Moderado,Liberia
244075,Instagram,2025-03-12,Não Convertido,,0.0,Moderado,Uzbekistan
244076,Orgânico,2025-03-10,Não Convertido,,0.0,Agressivo,Greenland
244077,E-mail Marketing,2025-03-11,Não Convertido,,0.0,Moderado,Turkey
244078,WhatsApp,2025-03-15,Não Convertido,,0.0,Agressivo,Grenada
244079,Facebook,2025-03-10,Não Convertido,,0.0,Moderado,United Kingdom
244080,TikTok,2025-03-12,Não Convertido,,0.0,Moderado,Northern Mariana Islands
244081,Orgânico,2025-03-12,Não Convertido,,0.0,Conservador,San Marino
244082,Instagram,2025-03-12,Não Convertido,,0.0,Agressivo,Burkina Faso
244083,Orgânico,2025-03-12,Convertido,14.0,2161.71,Conservador,Cambodia
244084,TikTok,2025-03-12,Não Convertido,,0.0,Moderado,Wallis and Futuna
244085,Orgânico,2025-03-11,Convertido,19.0,3703.52,Agressivo,Gibraltar
244086,Orgânico,2025-03-14,Não Convertido,,0.0,Agressivo,Lebanon
244087,Facebook,2025-03-14,Não Convertido,,0.0,Conservador,Malawi
244088,Instagram,2025-03-12,Não Convertido,,0.0,Moderado,Montserrat
244089,YouTube Ads,2025-03-11,Não Convertido,,0.0,Agressivo,Nepal
244090,Instagram,2025-03-15,Não Convertido,,0.0,Desconhecido,Niger
244091,Orgânico,2025-03-13,Não Convertido,,0.0,Conservador,Cambodia
244092,YouTube Ads,2025-03-14,Não Convertido,,0.0,Moderado,Nicaragua
244093,TikTok,2025-03-13,Não Convertido,,0.0,Agressivo,United Kingdom
244094,Orgânico,2025-03-12,Não Convertido,,0.0,Agressivo,Congo
244095,Orgânico,2025-03-13,Não Convertido,,0.0,Agressivo,Cook Islands
244096,Indicação,2025-03-12,Não Convertido,,0.0,Agressivo,Lithuania
244097,WhatsApp,2025-03-12,Não Convertido,,0.0,Moderado,Russian Federation
244098,E-mail Marketing,2025-03-12,Não Convertido,,0.0,Conservador,France
244099,TikTok,2025-03-15,Não Convertido,,0.0,Conservador,Serbia
244100,Orgânico,2025-03-14,Não Convertido,,0.0,Moderado,Morocco
244101,YouTube Ads,2025-03-15,Não Convertido,,0.0,Conservador,Bolivia
244102,YouTube Ads,2025-03-14,Não Convertido,,0.0,Conservador,Brazil
244103,Indicação,2025-03-12,Não Convertido,,0.0,Agressivo,Kiribati
244104,TikTok,2025-03-11,Não Convertido,,0.0,Agressivo,Saudi Arabia
244105,Instagram,2025-03-13,Não Convertido,,0.0,Agressivo,Cambodia
244106,Orgânico,2025-03-15,Não Convertido,,0.0,Conservador,Nigeria
244107,E-mail Marketing,2025-03-12,Não Convertido,,0.0,Moderado,Grenada
244108,Google Ads,2025-03-13,Não Convertido,,0.0,Conservador,Uzbekistan
244109,Facebook,2025-03-10,Não Convertido,,0.0,Moderado,Austria
244110,Instagram,2025-03-13,Não Convertido,,0.0,Agressivo,Marshall Islands
244111,TikTok,2025-03-14,Não Convertido,,0.0,Moderado,Ukraine
244112,TikTok,2025-03-13,Não Convertido,,0.0,Agressivo,Nauru
244113,Instagram,2025-03-15,Não Convertido,,0.0,Conservador,British Virgin Islands
244114,TikTok,2025-03-15,Não Convertido,,0.0,Agressivo,Macao
244115,WhatsApp,2025-03-15,Não Convertido,,0.0,Agressivo,Svalbard & Jan Mayen Islands
244116,E-mail Marketing,2025-03-15,Não Convertido,,0.0,Agressivo,Netherlands
244117,TikTok,2025-03-13,Não Convertido,,0.0,Agressivo,Cuba
244118,Orgânico,2025-03-10,Não Convertido,,0.0,Moderado,Cape Verde
244119,Facebook,2025-03-14,Não Convertido,,0.0,Agressivo,Guernsey
244120,Facebook,2025-03-11,Não Convertido,,0.0,Conservador,Egypt
244121,WhatsApp,2025-03-10,Convertido,18.0,6823.02,Agressivo,Benin
244122,Instagram,2025-03-13,Não Convertido,,0.0,Desconhecido,Slovenia
244123,Google Ads,2025-03-11,Não Convertido,,0.0,Moderado,Vanuatu
244124,Google Ads,2025-03-14,Convertido,19.0,5256.5,Conservador,Isle of Man
244125,TikTok,2025-03-11,Não Convertido,,0.0,Agressivo,Christmas Island
244126,WhatsApp,2025-03-12,Não Convertido,,0.0,Moderado,Central African Republic
244127,Facebook,2025-03-10,Não Convertido,,0.0,Moderado,Croatia
244128,Facebook,2025-03-13,Não Convertido,,0.0,Agressivo,Montserrat
244129,Indicação,2025-03-15,Não Convertido,,0.0,Moderado,Dominican Republic
244130,Orgânico,2025-03-11,Não Convertido,,0.0,Moderado,Gabon
244131,YouTube Ads,2025-03-12,Não Convertido,,0.0,Agressivo,Ecuador
244132,TikTok,2025-03-14,Não Convertido,,0.0,Moderado,Bouvet Island (Bouvetoya)
244133,Google Ads,2025-03-14,Não Convertido,,0.0,Agressivo,Tuvalu
244134,Indicação,2025-03-14,Não Convertido,,0.0,Agressivo,Saint Helena
244135,Google Ads,2025-03-13,Não Convertido,,0.0,Moderado,Tokelau
244136,Instagram,2025-03-10,Não Convertido,,0.0,Moderado,Croatia
244137,TikTok,2025-03-12,Não Convertido,,0.0,Moderado,Cyprus
244138,Instagram,2025-03-15,Não Convertido,,0.0,Moderado,Western Sahara
244139,YouTube Ads,2025-03-14,Convertido,20.0,8296.65,Moderado,Norway
244140,Instagram,2025-03-14,Não Convertido,,0.0,Moderado,San Marino
244141,Instagram,2025-03-11,Não Convertido,,0.0,Moderado,Korea
244142,E-mail Marketing,2025-03-14,Não Convertido,,0.0,Moderado,Togo
244143,Orgânico,2025-03-12,Não Convertido,,0.0,Moderado,Kuwait
244144,TikTok,2025-03-14,Não Convertido,,0.0,Moderado,Japan
244145,YouTube Ads,2025-03-10,Não Convertido,,0.0,Agressivo,Estonia
244146,Orgânico,2025-03-14,Não Convertido,,0.0,Agressivo,Mali
244147,YouTube Ads,2025-03-14,Não Convertido,,0.0,Moderado,Tanzania
244148,Instagram,2025-03-11,Não Convertido,,0.0,Conservador,Monaco
244149,Instagram,2025-03-12,Não Convertido,,0.0,Moderado,Nepal
244150,E-mail Marketing,2025-03-15,Não Convertido,,0.0,Conservador,Moldova
244151,E-mail Marketing,2025-03-14,Não Convertido,,0.0,Agressivo,Suriname
244152,E-mail Marketing,2025-03-15,Não Convertido,,0.0,Moderado,Holy See (Vatican City State)
244153,Google Ads,2025-03-10,Não Convertido,,0.0,Conservador,Madagascar
244154,TikTok,2025-03-14,Não Convertido,,0.0,Moderado,Morocco
244155,Orgânico,2025-03-10,Não Convertido,,0.0,Moderado,Angola
244156,Orgânico,2025-03-10,Não Convertido,,0.0,Moderado,India
244157,Facebook,2025-03-11,Não Convertido,,0.0,Agressivo,Austria
244158,YouTube Ads,2025-03-11,Não Convertido,,0.0,Conservador,Angola
244159,Instagram,2025-03-12,Não Convertido,,0.0,Desconhecido,Jordan
244160,WhatsApp,2025-03-14,Não Convertido,,0.0,Agressivo,Rwanda
244161,Instagram,2025-03-15,Não Convertido,,0.0,Desconhecido,Reunion
244162,Orgânico,2025-03-12,Não Convertido,,0.0,Moderado,Svalbard & Jan Mayen Islands
244163,TikTok,2025-03-15,Não Convertido,,0.0,Agressivo,Lithuania
244164,Orgânico,2025-03-15,Não Convertido,,0.0,Conservador,Ghana
244165,Instagram,2025-03-13,Não Convertido,,0.0,Desconhecido,Holy See (Vatican City State)
244166,Instagram,2025-03-15,Não Convertido,,0.0,Desconhecido,Saint Vincent and the Grenadines
244167,Orgânico,2025-03-14,Não Convertido,,0.0,Moderado,Guadeloupe
244168,Orgânico,2025-03-11,Não Convertido,,0.0,Agressivo,Norfolk Island
244169,YouTube Ads,2025-03-10,Não Convertido,,0.0,Agressivo,Martinique
244170,YouTube Ads,2025-03-12,Não Convertido,,0.0,Conservador,Cuba
244171,TikTok,2025-03-15,Não Convertido,,0.0,Moderado,San Marino
244172,YouTube Ads,2025-03-12,Não Convertido,,0.0,Moderado,Samoa
244173,Orgânico,2025-03-13,Não Convertido,,0.0,Conservador,Sweden
244174,Indicação,2025-03-10,Não Convertido,,0.0,Conservador,Netherlands Antilles
244175,WhatsApp,2025-03-15,Não Convertido,,0.0,Agressivo,Togo
244176,Facebook,2025-03-11,Não Convertido,,0.0,Agressivo,Togo
244177,E-mail Marketing,2025-03-10,Não Convertido,,0.0,Agressivo,South Georgia and the South Sandwich Islands
244178,Orgânico,2025-03-10,Não Convertido,,0.0,Moderado,Bolivia
244179,Facebook,2025-03-13,Não Convertido,,0.0,Conservador,United Arab Emirates
244180,YouTube Ads,2025-03-13,Não Convertido,,0.0,Conservador,Slovenia
244181,Indicação,2025-03-15,Não Convertido,,0.0,Conservador,American Samoa
244182,Orgânico,2025-03-10,Não Convertido,,0.0,Agressivo,Tajikistan
244183,Orgânico,2025-03-10,Não Convertido,,0.0,Moderado,American Samoa
244184,TikTok,2025-03-15,Não Convertido,,0.0,Conservador,Chile
244185,Indicação,2025-03-15,Não Convertido,,0.0,Conservador,Nigeria
244186,Google Ads,2025-03-12,Não Convertido,,0.0,Moderado,Gabon
244187,Instagram,2025-03-14,Não Convertido,,0.0,Moderado,Cambodia
244188,YouTube Ads,2025-03-13,Não Convertido,,0.0,Moderado,Saint Vincent and the Grenadines
244189,E-mail Marketing,2025-03-11,Não Convertido,,0.0,Moderado,Mayotte
244190,TikTok,2025-03-12,Não Convertido,,0.0,Moderado,Iran
244191,Orgânico,2025-03-15,Não Convertido,,0.0,Conservador,Haiti
244192,Instagram,2025-03-12,Não Convertido,,0.0,Agressivo,Guinea-Bissau
244193,Orgânico,2025-03-14,Não Convertido,,0.0,Desconhecido,Latvia
244194,TikTok,2025-03-11,Não Convertido,,0.0,Agressivo,Western Sahara
244195,Orgânico,2025-03-15,Não Convertido,,0.0,Moderado,China
244196,YouTube Ads,2025-03-10,Não Convertido,,0.0,Agressivo,Lesotho
244197,E-mail Marketing,2025-03-10,Não Convertido,,0.0,Moderado,Solomon Islands
244198,Instagram,2025-03-13,Não Convertido,,0.0,Agressivo,Israel
244199,Instagram,2025-03-11,Não Convertido,,0.0,Agressivo,San Marino
244200,TikTok,2025-03-12,Não Convertido,,0.0,Moderado,Bangladesh
244201,Instagram,2025-03-12,Não Convertido,,0.0,Moderado,Ecuador
244202,YouTube Ads,2025-03-11,Não Convertido,,0.0,Moderado,Heard Island and McDonald Islands
244203,E-mail Marketing,2025-03-11,Não Convertido,,0.0,Agressivo,Kuwait
244204,Indicação,2025-03-10,Não Convertido,,0.0,Moderado,Central African Republic
244205,YouTube Ads,2025-03-14,Não Convertido,,0.0,Moderado,Northern Mariana Islands
244206,Google Ads,2025-03-13,Não Convertido,,0.0,Agressivo,Saint Kitts and Nevis
244207,E-mail Marketing,2025-03-15,Não Convertido,,0.0,Agressivo,Oman
244208,TikTok,2025-03-15,Não Convertido,,0.0,Conservador,Israel
244209,Google Ads,2025-03-15,Não Convertido,,0.0,Conservador,Hungary
244210,E-mail Marketing,2025-03-10,Não Convertido,,0.0,Moderado,Australia
244211,Google Ads,2025-03-10,Não Convertido,,0.0,Moderado,Turkmenistan
244212,Instagram,2025-03-13,Não Convertido,,0.0,Agressivo,Belize
244213,Orgânico,2025-03-11,Não Convertido,,0.0,Agressivo,Guyana
244214,YouTube Ads,2025-03-12,Não Convertido,,0.0,Agressivo,United Kingdom
244215,Google Ads,2025-03-11,Não Convertido,,0.0,Moderado,Jamaica
244216,Orgânico,2025-03-12,Não Convertido,,0.0,Agressivo,Thailand
244217,Instagram,2025-03-11,Não Convertido,,0.0,Conservador,Lesotho
244218,Indicação,2025-03-10,Não Convertido,,0.0,Moderado,Gambia
244219,Facebook,2025-03-11,Não Convertido,,0.0,Moderado,Italy
244220,E-mail Marketing,2025-03-13,Não Convertido,,0.0,Conservador,Faroe Islands
244221,Facebook,2025-03-13,Não Convertido,,0.0,Desconhecido,Swaziland
244222,TikTok,2025-03-11,Não Convertido,,0.0,Conservador,Mauritius
244223,Orgânico,2025-03-15,Convertido,2.0,8540.58,Conservador,Czech Republic
244224,WhatsApp,2025-03-10,Não Convertido,,0.0,Moderado,Solomon Islands
244225,YouTube Ads,2025-03-12,Não Convertido,,0.0,Agressivo,Malaysia
244226,Orgânico,2025-03-12,Convertido,28.0,9468.16,Moderado,Greece
244227,Instagram,2025-03-13,Não Convertido,,0.0,Conservador,Qatar
244228,Orgânico,2025-03-10,Não Convertido,,0.0,Desconhecido,Kazakhstan
244229,TikTok,2025-03-12,Não Convertido,,0.0,Desconhecido,Estonia
244230,Indicação,2025-03-11,Convertido,24.0,6896.64,Desconhecido,Portugal
244231,TikTok,2025-03-14,Não Convertido,,0.0,Agressivo,Lithuania
244232,Orgânico,2025-03-14,Não Convertido,,0.0,Agressivo,Reunion
244233,Instagram,2025-03-10,Não Convertido,,0.0,Moderado,Sweden
244234,Google Ads,2025-03-11,Não Convertido,,0.0,Agressivo,Saint Pierre and Miquelon
244235,Instagram,2025-03-15,Não Convertido,,0.0,Moderado,Iraq
244236,Google Ads,2025-03-15,Não Convertido,,0.0,Conservador,Qatar
244237,WhatsApp,2025-03-11,Não Convertido,,0.0,Moderado,Rwanda
244238,E-mail Marketing,2025-03-13,Não Convertido,,0.0,Agressivo,Bolivia
244239,Indicação,2025-03-11,Não Convertido,,0.0,Conservador,Nicaragua
244240,Indicação,2025-03-14,Não Convertido,,0.0,Moderado,Sao Tome and Principe
244241,TikTok,2025-03-14,Não Convertido,,0.0,Moderado,Turkmenistan
244242,TikTok,2025-03-12,Não Convertido,,0.0,Moderado,Bosnia and Herzegovina
244243,Orgânico,2025-03-15,Não Convertido,,0.0,Moderado,Moldova
244244,Orgânico,2025-03-10,Convertido,7.0,3245.14,Conservador,Peru
244245,E-mail Marketing,2025-03-13,Não Convertido,,0.0,Conservador,Seychelles
244246,Indicação,2025-03-14,Não Convertido,,0.0,Desconhecido,Oman
244247,Instagram,2025-03-11,Não Convertido,,0.0,Agressivo,Guernsey
244248,E-mail Marketing,2025-03-11,Não Convertido,,0.0,Desconhecido,Marshall Islands
244249,E-mail Marketing,2025-03-12,Não Convertido,,0.0,Conservador,Panama
244250,Orgânico,2025-03-15,Não Convertido,,0.0,Agressivo,Mali
244251,Orgânico,2025-03-15,Não Convertido,,0.0,Conservador,Reunion
244252,WhatsApp,2025-03-13,Não Convertido,,0.0,Moderado,Kiribati
244253,Indicação,2025-03-14,Não Convertido,,0.0,Desconhecido,Somalia
244254,WhatsApp,2025-03-14,Não Convertido,,0.0,Moderado,Congo
244255,WhatsApp,2025-03-14,Não Convertido,,0.0,Moderado,Guam
244256,Orgânico,2025-03-13,Não Convertido,,0.0,Conservador,Sierra Leone
244257,E-mail Marketing,2025-03-10,Não Convertido,,0.0,Conservador,Tonga
244258,TikTok,2025-03-10,Não Convertido,,0.0,Moderado,Afghanistan
244259,Instagram,2025-03-11,Não Convertido,,0.0,Conservador,Turkey
244260,Facebook,2025-03-11,Não Convertido,,0.0,Agressivo,Palestinian Territory
244261,Google Ads,2025-03-13,Não Convertido,,0.0,Agressivo,Singapore
244262,Orgânico,2025-03-14,Não Convertido,,0.0,Conservador,Brazil
244263,TikTok,2025-03-15,Não Convertido,,0.0,Conservador,Nicaragua
244264,Instagram,2025-03-10,Não Convertido,,0.0,Agressivo,Netherlands Antilles
244265,Instagram,2025-03-15,Não Convertido,,0.0,Moderado,Kyrgyz Republic
244266,E-mail Marketing,2025-03-10,Não Convertido,,0.0,Conservador,Thailand
244267,Facebook,2025-03-12,Não Convertido,,0.0,Agressivo,Haiti
244268,WhatsApp,2025-03-14,Não Convertido,,0.0,Moderado,Honduras
244269,Instagram,2025-03-15,Não Convertido,,0.0,Moderado,Bulgaria
244270,Instagram,2025-03-11,Não Convertido,,0.0,Agressivo,Philippines
244271,Instagram,2025-03-12,Não Convertido,,0.0,Moderado,Syrian Arab Republic
244272,Instagram,2025-03-10,Convertido,27.0,2768.93,Moderado,Montserrat
244273,YouTube Ads,2025-03-11,Não Convertido,,0.0,Agressivo,Botswana
244274,Facebook,2025-03-13,Não Convertido,,0.0,Moderado,Japan
244275,Indicação,2025-03-14,Não Convertido,,0.0,Moderado,Latvia
244276,E-mail Marketing,2025-03-12,Não Convertido,,0.0,Moderado,Ecuador
244277,TikTok,2025-03-15,Não Convertido,,0.0,Moderado,Bermuda
244278,Instagram,2025-03-15,Não Convertido,,0.0,Moderado,Gambia
244279,TikTok,2025-03-10,Não Convertido,,0.0,Desconhecido,China
244280,WhatsApp,2025-03-10,Não Convertido,,0.0,Conservador,Zambia
244281,Google Ads,2025-03-10,Convertido,28.0,9696.29,Desconhecido,Kuwait
244282,WhatsApp,2025-03-10,Convertido,11.0,2435.79,Desconhecido,Pitcairn Islands
244283,YouTube Ads,2025-03-15,Não Convertido,,0.0,Desconhecido,Cambodia
244284,YouTube Ads,2025-03-12,Não Convertido,,0.0,Moderado,Western Sahara
244285,Orgânico,2025-03-12,Não Convertido,,0.0,Moderado,Andorra
244286,Instagram,2025-03-15,Não Convertido,,0.0,Moderado,El Salvador
244287,YouTube Ads,2025-03-10,Não Convertido,,0.0,Moderado,Somalia
244288,TikTok,2025-03-15,Não Convertido,,0.0,Desconhecido,Tonga
244289,YouTube Ads,2025-03-11,Não Convertido,,0.0,Moderado,Turks and Caicos Islands
244290,Google Ads,2025-03-14,Não Convertido,,0.0,Conservador,Benin
244291,TikTok,2025-03-10,Não Convertido,,0.0,Moderado,Nepal
244292,Orgânico,2025-03-13,Não Convertido,,0.0,Moderado,Belize
244293,Google Ads,2025-03-12,Não Convertido,,0.0,Moderado,Fiji
244294,Google Ads,2025-03-13,Não Convertido,,0.0,Moderado,British Indian Ocean Territory (Chagos Archipelago)
244295,Orgânico,2025-03-10,Não Convertido,,0.0,Conservador,Poland
244296,Orgânico,2025-03-11,Não Convertido,,0.0,Desconhecido,Djibouti
244297,TikTok,2025-03-12,Não Convertido,,0.0,Moderado,Vietnam
244298,Instagram,2025-03-10,Não Convertido,,0.0,Agressivo,Honduras
244299,Orgânico,2025-03-11,Não Convertido,,0.0,Conservador,Slovenia
244300,Google Ads,2025-03-15,Não Convertido,,0.0,Agressivo,Nigeria
244301,Instagram,2025-03-10,Não Convertido,,0.0,Agressivo,Guam
244302,Indicação,2025-03-10,Não Convertido,,0.0,Conservador,Pakistan
244303,Orgânico,2025-03-15,Não Convertido,,0.0,Agressivo,Ethiopia
244304,Instagram,2025-03-14,Não Convertido,,0.0,Conservador,Lebanon
244305,Orgânico,2025-03-12,Não Convertido,,0.0,Agressivo,Angola
244306,TikTok,2025-03-11,Não Convertido,,0.0,Agressivo,Yemen
244307,Google Ads,2025-03-13,Não Convertido,,0.0,Moderado,Nigeria
244308,Instagram,2025-03-13,Não Convertido,,0.0,Agressivo,Saudi Arabia
244309,Instagram,2025-03-10,Não Convertido,,0.0,Moderado,Niger
244310,Orgânico,2025-03-15,Não Convertido,,0.0,Conservador,Western Sahara
244311,YouTube Ads,2025-03-15,Não Convertido,,0.0,Moderado,Ecuador
244312,Instagram,2025-03-15,Não Convertido,,0.0,Conservador,French Southern Territories
244313,YouTube Ads,2025-03-13,Não Convertido,,0.0,Conservador,Honduras
244314,Facebook,2025-03-13,Não Convertido,,0.0,Desconhecido,Estonia
244315,Instagram,2025-03-14,Não Convertido,,0.0,Moderado,Ghana
244316,TikTok,2025-03-15,Não Convertido,,0.0,Desconhecido,Afghanistan
244317,Orgânico,2025-03-13,Não Convertido,,0.0,Agressivo,Burundi
244318,Indicação,2025-03-12,Não Convertido,,0.0,Agressivo,Tuvalu
244319,E-mail Marketing,2025-03-11,Não Convertido,,0.0,Conservador,Saint Kitts and Nevis
244320,E-mail Marketing,2025-03-14,Não Convertido,,0.0,Moderado,Vietnam
244321,E-mail Marketing,2025-03-10,Não Convertido,,0.0,Agressivo,Tanzania
244322,WhatsApp,2025-03-11,Não Convertido,,0.0,Conservador,United Kingdom
244323,E-mail Marketing,2025-03-10,Convertido,1.0,5064.11,Moderado,Senegal
244324,Instagram,2025-03-13,Não Convertido,,0.0,Moderado,Malta
244325,Indicação,2025-03-12,Não Convertido,,0.0,Agressivo,Croatia
244326,WhatsApp,2025-03-14,Não Convertido,,0.0,Conservador,United States Minor Outlying Islands
244327,Facebook,2025-03-11,Não Convertido,,0.0,Moderado,Serbia
244328,TikTok,2025-03-15,Não Convertido,,0.0,Moderado,Libyan Arab Jamahiriya
244329,Google Ads,2025-03-11,Não Convertido,,0.0,Moderado,Iran
244330,Orgânico,2025-03-13,Não Convertido,,0.0,Agressivo,Palau
244331,E-mail Marketing,2025-03-11,Não Convertido,,0.0,Conservador,Dominica
244332,Orgânico,2025-03-12,Não Convertido,,0.0,Agressivo,Albania
244333,WhatsApp,2025-03-14,Não Convertido,,0.0,Agressivo,Falkland Islands (Malvinas)
244334,YouTube Ads,2025-03-14,Não Convertido,,0.0,Agressivo,Saint Lucia
244335,TikTok,2025-03-12,Não Convertido,,0.0,Moderado,Bulgaria
244336,Orgânico,2025-03-13,Não Convertido,,0.0,Conservador,Mexico
244337,YouTube Ads,2025-03-11,Não Convertido,,0.0,Agressivo,Afghanistan
244338,Google Ads,2025-03-13,Não Convertido,,0.0,Conservador,Turkmenistan
244339,Indicação,2025-03-15,Não Convertido,,0.0,Conservador,Honduras
244340,Instagram,2025-03-15,Não Convertido,,0.0,Agressivo,Angola
244341,Google Ads,2025-03-14,Não Convertido,,0.0,Moderado,India
244342,Facebook,2025-03-10,Não Convertido,,0.0,Moderado,Guernsey
244343,Google Ads,2025-03-14,Não Convertido,,0.0,Agressivo,Morocco
244344,Google Ads,2025-03-11,Não Convertido,,0.0,Agressivo,Pakistan
244345,Orgânico,2025-03-11,Não Convertido,,0.0,Agressivo,Norway
244346,TikTok,2025-03-12,Não Convertido,,0.0,Desconhecido,Kuwait
244347,Indicação,2025-03-14,Não Convertido,,0.0,Agressivo,South Africa
244348,E-mail Marketing,2025-03-12,Não Convertido,,0.0,Moderado,Guernsey
244349,Facebook,2025-03-11,Não Convertido,,0.0,Agressivo,Costa Rica
244350,TikTok,2025-03-12,Não Convertido,,0.0,Moderado,Guatemala
244351,E-mail Marketing,2025-03-12,Não Convertido,,0.0,Desconhecido,Netherlands Antilles
244352,TikTok,2025-03-13,Não Convertido,,0.0,Conservador,Gabon
244353,Facebook,2025-03-14,Não Convertido,,0.0,Moderado,Brazil
244354,Instagram,2025-03-10,Não Convertido,,0.0,Moderado,Brunei Darussalam
244355,E-mail Marketing,2025-03-11,Não Convertido,,0.0,Moderado,Lesotho
244356,Facebook,2025-03-10,Não Convertido,,0.0,Agressivo,Italy
244357,Instagram,2025-03-13,Não Convertido,,0.0,Moderado,Argentina
244358,Instagram,2025-03-14,Não Convertido,,0.0,Moderado,New Zealand
244359,Orgânico,2025-03-11,Não Convertido,,0.0,Moderado,Liberia
244360,TikTok,2025-03-11,Não Convertido,,0.0,Moderado,Serbia
244361,Orgânico,2025-03-11,Não Convertido,,0.0,Agressivo,Canada
244362,Orgânico,2025-03-15,Não Convertido,,0.0,Agressivo,Venezuela
244363,YouTube Ads,2025-03-11,Não Convertido,,0.0,Agressivo,United States Minor Outlying Islands
244364,WhatsApp,2025-03-15,Não Convertido,,0.0,Moderado,Timor-Leste
244365,Orgânico,2025-03-12,Não Convertido,,0.0,Moderado,Ghana
244366,WhatsApp,2025-03-15,Não Convertido,,0.0,Conservador,Costa Rica
244367,YouTube Ads,2025-03-10,Não Convertido,,0.0,Moderado,Tokelau
244368,WhatsApp,2025-03-11,Não Convertido,,0.0,Moderado,Congo
244369,Google Ads,2025-03-11,Não Convertido,,0.0,Moderado,Argentina
244370,WhatsApp,2025-03-11,Não Convertido,,0.0,Moderado,Gambia
244371,Google Ads,2025-03-10,Não Convertido,,0.0,Moderado,Grenada
244372,Facebook,2025-03-12,Não Convertido,,0.0,Conservador,Indonesia
244373,Indicação,2025-03-10,Não Convertido,,0.0,Moderado,Cameroon
244374,E-mail Marketing,2025-03-15,Não Convertido,,0.0,Desconhecido,Aruba
244375,TikTok,2025-03-13,Não Convertido,,0.0,Agressivo,Papua New Guinea
244376,Google Ads,2025-03-13,Não Convertido,,0.0,Agressivo,American Samoa
244377,Google Ads,2025-03-14,Não Convertido,,0.0,Agressivo,Greece
244378,YouTube Ads,2025-03-10,Não Convertido,,0.0,Desconhecido,Palau
244379,Google Ads,2025-03-11,Não Convertido,,0.0,Agressivo,Turkey
244380,Indicação,2025-03-14,Não Convertido,,0.0,Agressivo,Faroe Islands
244381,Orgânico,2025-03-15,Não Convertido,,0.0,Desconhecido,Burkina Faso
244382,Orgânico,2025-03-10,Convertido,16.0,5712.0,Moderado,Uganda
244383,Google Ads,2025-03-11,Não Convertido,,0.0,Moderado,Chad
244384,Instagram,2025-03-15,Não Convertido,,0.0,Moderado,Botswana
244385,Orgânico,2025-03-11,Não Convertido,,0.0,Conservador,Jersey
244386,E-mail Marketing,2025-03-12,Não Convertido,,0.0,Agressivo,Philippines
244387,Orgânico,2025-03-15,Não Convertido,,0.0,Agressivo,Micronesia
244388,WhatsApp,2025-03-11,Não Convertido,,0.0,Moderado,Malta
244389,E-mail Marketing,2025-03-10,Não Convertido,,0.0,Moderado,Chile
244390,WhatsApp,2025-03-13,Não Convertido,,0.0,Moderado,Korea
244391,Orgânico,2025-03-15,Não Convertido,,0.0,Conservador,Venezuela
244392,Facebook,2025-03-14,Não Convertido,,0.0,Agressivo,Anguilla
244393,WhatsApp,2025-03-12,Não Convertido,,0.0,Moderado,Morocco
244394,Google Ads,2025-03-13,Não Convertido,,0.0,Moderado,Malawi
244395,E-mail Marketing,2025-03-12,Convertido,16.0,7808.22,Desconhecido,Kyrgyz Republic
244396,YouTube Ads,2025-03-10,Não Convertido,,0.0,Desconhecido,Guadeloupe
244397,Orgânico,2025-03-11,Não Convertido,,0.0,Conservador,Honduras
244398,TikTok,2025-03-13,Não Convertido,,0.0,Moderado,Taiwan
244399,Google Ads,2025-03-11,Não Convertido,,0.0,Moderado,Holy See (Vatican City State)
244400,Instagram,2025-03-14,Não Convertido,,0.0,Agressivo,Albania
244401,Instagram,2025-03-11,Não Convertido,,0.0,Desconhecido,Singapore
244402,Google Ads,2025-03-15,Não Convertido,,0.0,Moderado,Spain
244403,Instagram,2025-03-10,Não Convertido,,0.0,Conservador,Belgium
244404,Facebook,2025-03-10,Não Convertido,,0.0,Agressivo,Lebanon
244405,E-mail Marketing,2025-03-12,Não Convertido,,0.0,Conservador,Monaco
244406,Indicação,2025-03-10,Não Convertido,,0.0,Agressivo,Iran
244407,YouTube Ads,2025-03-12,Não Convertido,,0.0,Desconhecido,Cyprus
244408,TikTok,2025-03-11,Não Convertido,,0.0,Moderado,Iceland
244409,Instagram,2025-03-14,Não Convertido,,0.0,Agressivo,Ethiopia
244410,Instagram,2025-03-14,Não Convertido,,0.0,Conservador,Syrian Arab Republic
244411,Orgânico,2025-03-10,Não Convertido,,0.0,Moderado,Ethiopia
244412,Facebook,2025-03-12,Não Convertido,,0.0,Moderado,Cocos (Keeling) Islands
244413,Orgânico,2025-03-13,Não Convertido,,0.0,Conservador,Spain
244414,WhatsApp,2025-03-13,Não Convertido,,0.0,Agressivo,Saint Kitts and Nevis
244415,Instagram,2025-03-14,Não Convertido,,0.0,Agressivo,Bermuda
244416,Instagram,2025-03-14,Não Convertido,,0.0,Moderado,Peru
244417,Google Ads,2025-03-12,Não Convertido,,0.0,Agressivo,Armenia
244418,Instagram,2025-03-11,Não Convertido,,0.0,Agressivo,Lithuania
244419,WhatsApp,2025-03-11,Não Convertido,,0.0,Moderado,Tuvalu
244420,Google Ads,2025-03-13,Não Convertido,,0.0,Desconhecido,Heard Island and McDonald Islands
244421,WhatsApp,2025-03-12,Não Convertido,,0.0,Conservador,British Indian Ocean Territory (Chagos Archipelago)
244422,Google Ads,2025-03-14,Não Convertido,,0.0,Moderado,Bosnia and Herzegovina
244423,Orgânico,2025-03-11,Não Convertido,,0.0,Moderado,Sudan
244424,WhatsApp,2025-03-10,Não Convertido,,0.0,Agressivo,Romania
244425,TikTok,2025-03-14,Não Convertido,,0.0,Moderado,British Indian Ocean Territory (Chagos Archipelago)
244426,Google Ads,2025-03-10,Não Convertido,,0.0,Agressivo,Philippines
244427,Facebook,2025-03-12,Não Convertido,,0.0,Moderado,Bhutan
244428,Orgânico,2025-03-15,Não Convertido,,0.0,Agressivo,Singapore
244429,E-mail Marketing,2025-03-13,Não Convertido,,0.0,Agressivo,Iran
244430,WhatsApp,2025-03-11,Não Convertido,,0.0,Moderado,Lithuania
244431,Orgânico,2025-03-12,Não Convertido,,0.0,Conservador,Luxembourg
244432,E-mail Marketing,2025-03-13,Não Convertido,,0.0,Moderado,Burkina Faso
244433,Orgânico,2025-03-14,Não Convertido,,0.0,Agressivo,Nauru
244434,WhatsApp,2025-03-11,Não Convertido,,0.0,Moderado,Mozambique
244435,Orgânico,2025-03-15,Não Convertido,,0.0,Moderado,Montserrat
244436,Orgânico,2025-03-13,Não Convertido,,0.0,Agressivo,Aruba
244437,Google Ads,2025-03-12,Não Convertido,,0.0,Agressivo,Hong Kong
244438,Instagram,2025-03-11,Convertido,20.0,9505.1,Conservador,Chile
244439,Instagram,2025-03-14,Não Convertido,,0.0,Agressivo,Syrian Arab Republic
244440,WhatsApp,2025-03-15,Não Convertido,,0.0,Moderado,Romania
244441,Instagram,2025-03-15,Não Convertido,,0.0,Moderado,Lebanon
244442,Google Ads,2025-03-15,Não Convertido,,0.0,Conservador,Liberia
244443,Google Ads,2025-03-15,Não Convertido,,0.0,Desconhecido,Liberia
244444,TikTok,2025-03-12,Não Convertido,,0.0,Agressivo,Gabon
244445,YouTube Ads,2025-03-13,Não Convertido,,0.0,Agressivo,Bhutan
244446,Facebook,2025-03-15,Não Convertido,,0.0,Agressivo,Brunei Darussalam
244447,E-mail Marketing,2025-03-13,Não Convertido,,0.0,Moderado,Azerbaijan
244448,Google Ads,2025-03-10,Não Convertido,,0.0,Conservador,Aruba
244449,Instagram,2025-03-15,Não Convertido,,0.0,Moderado,Kazakhstan
244450,TikTok,2025-03-14,Não Convertido,,0.0,Conservador,Senegal
244451,Google Ads,2025-03-10,Não Convertido,,0.0,Agressivo,American Samoa
244452,TikTok,2025-03-12,Não Convertido,,0.0,Conservador,Barbados
244453,Facebook,2025-03-11,Não Convertido,,0.0,Conservador,Monaco
244454,Instagram,2025-03-10,Não Convertido,,0.0,Moderado,South Africa
244455,E-mail Marketing,2025-03-11,Não Convertido,,0.0,Desconhecido,Antarctica (the territory South of 60 deg S)
244456,YouTube Ads,2025-03-13,Não Convertido,,0.0,Agressivo,Djibouti
244457,E-mail Marketing,2025-03-15,Não Convertido,,0.0,Moderado,Turks and Caicos Islands
244458,TikTok,2025-03-14,Não Convertido,,0.0,Desconhecido,Turks and Caicos Islands
244459,Google Ads,2025-03-10,Não Convertido,,0.0,Moderado,Indonesia
244460,Facebook,2025-03-15,Não Convertido,,0.0,Conservador,Tonga
244461,TikTok,2025-03-13,Não Convertido,,0.0,Moderado,Thailand
244462,E-mail Marketing,2025-03-10,Não Convertido,,0.0,Conservador,Belgium
244463,Orgânico,2025-03-12,Não Convertido,,0.0,Agressivo,Cyprus
244464,Orgânico,2025-03-14,Não Convertido,,0.0,Moderado,Somalia
244465,Orgânico,2025-03-13,Não Convertido,,0.0,Moderado,Nepal
244466,Google Ads,2025-03-13,Não Convertido,,0.0,Moderado,Ghana
244467,E-mail Marketing,2025-03-10,Não Convertido,,0.0,Agressivo,Greece
244468,Google Ads,2025-03-10,Convertido,11.0,5964.97,Desconhecido,New Caledonia
244469,YouTube Ads,2025-03-12,Não Convertido,,0.0,Conservador,Thailand
244470,YouTube Ads,2025-03-12,Não Convertido,,0.0,Moderado,Poland
244471,Orgânico,2025-03-11,Não Convertido,,0.0,Conservador,Eritrea
244472,YouTube Ads,2025-03-10,Não Convertido,,0.0,Moderado,Albania
244473,TikTok,2025-03-12,Não Convertido,,0.0,Agressivo,Peru
244474,E-mail Marketing,2025-03-11,Não Convertido,,0.0,Moderado,Reunion
244475,Orgânico,2025-03-12,Não Convertido,,0.0,Agressivo,Chile
244476,E-mail Marketing,2025-03-11,Não Convertido,,0.0,Moderado,Bhutan
244477,Google Ads,2025-03-12,Não Convertido,,0.0,Moderado,Turks and Caicos Islands
244478,Facebook,2025-03-13,Não Convertido,,0.0,Agressivo,India
244479,Facebook,2025-03-15,Convertido,14.0,1198.67,Moderado,Djibouti
244480,WhatsApp,2025-03-13,Não Convertido,,0.0,Agressivo,Slovakia (Slovak Republic)
244481,TikTok,2025-03-13,Não Convertido,,0.0,Agressivo,Uruguay
244482,Facebook,2025-03-14,Não Convertido,,0.0,Moderado,Hungary
244483,WhatsApp,2025-03-12,Não Convertido,,0.0,Agressivo,Kuwait
244484,Facebook,2025-03-14,Não Convertido,,0.0,Agressivo,Senegal
244485,Google Ads,2025-03-10,Não Convertido,,0.0,Moderado,Armenia
244486,Orgânico,2025-03-12,Não Convertido,,0.0,Agressivo,Qatar
244487,Google Ads,2025-03-13,Não Convertido,,0.0,Agressivo,Tajikistan
244488,WhatsApp,2025-03-11,Não Convertido,,0.0,Moderado,Ukraine
244489,Facebook,2025-03-10,Não Convertido,,0.0,Moderado,Dominica
244490,WhatsApp,2025-03-15,Não Convertido,,0.0,Moderado,Bosnia and Herzegovina
244491,Instagram,2025-03-10,Não Convertido,,0.0,Moderado,Malawi
244492,WhatsApp,2025-03-13,Não Convertido,,0.0,Moderado,Vietnam
244493,TikTok,2025-03-13,Não Convertido,,0.0,Agressivo,Comoros
244494,Instagram,2025-03-11,Não Convertido,,0.0,Moderado,Morocco
244495,TikTok,2025-03-12,Não Convertido,,0.0,Moderado,Armenia
244496,TikTok,2025-03-12,Não Convertido,,0.0,Agressivo,Eritrea
244497,E-mail Marketing,2025-03-12,Não Convertido,,0.0,Agressivo,Tuvalu
244498,Google Ads,2025-03-12,Não Convertido,,0.0,Agressivo,Romania
244499,TikTok,2025-03-13,Não Convertido,,0.0,Moderado,Ukraine
244500,E-mail Marketing,2025-03-11,Não Convertido,,0.0,Moderado,Barbados
244501,TikTok,2025-03-10,Não Convertido,,0.0,Agressivo,Peru
244502,TikTok,2025-03-10,Não Convertido,,0.0,Moderado,Uruguay
244503,Instagram,2025-03-11,Não Convertido,,0.0,Moderado,North Macedonia
244504,Google Ads,2025-03-14,Não Convertido,,0.0,Conservador,Uzbekistan
244505,Facebook,2025-03-11,Não Convertido,,0.0,Conservador,North Macedonia
244506,Instagram,2025-03-13,Não Convertido,,0.0,Agressivo,Peru
244507,Orgânico,2025-03-13,Não Convertido,,0.0,Conservador,Swaziland
244508,Orgânico,2025-03-12,Não Convertido,,0.0,Moderado,Bulgaria
244509,Orgânico,2025-03-15,Não Convertido,,0.0,Conservador,Korea
244510,Facebook,2025-03-15,Não Convertido,,0.0,Moderado,Solomon Islands
244511,TikTok,2025-03-15,Não Convertido,,0.0,Desconhecido,Djibouti
244512,YouTube Ads,2025-03-13,Não Convertido,,0.0,Agressivo,Korea
244513,E-mail Marketing,2025-03-13,Não Convertido,,0.0,Conservador,Cuba
244514,E-mail Marketing,2025-03-15,Não Convertido,,0.0,Moderado,Iceland
244515,YouTube Ads,2025-03-13,Não Convertido,,0.0,Moderado,Norfolk Island
244516,Instagram,2025-03-10,Não Convertido,,0.0,Conservador,Morocco
244517,Google Ads,2025-03-14,Não Convertido,,0.0,Agressivo,New Caledonia
244518,TikTok,2025-03-14,Não Convertido,,0.0,Agressivo,Bahrain
244519,E-mail Marketing,2025-03-13,Não Convertido,,0.0,Moderado,Ukraine
244520,Instagram,2025-03-13,Não Convertido,,0.0,Moderado,Saint Lucia
244521,TikTok,2025-03-14,Não Convertido,,0.0,Moderado,Fiji
244522,Indicação,2025-03-13,Não Convertido,,0.0,Agressivo,Jamaica
244523,Google Ads,2025-03-15,Não Convertido,,0.0,Moderado,Somalia
244524,Indicação,2025-03-15,Não Convertido,,0.0,Agressivo,Dominica
244525,Instagram,2025-03-13,Não Convertido,,0.0,Moderado,Burundi
244526,E-mail Marketing,2025-03-15,Não Convertido,,0.0,Conservador,Serbia
244527,Facebook,2025-03-10,Não Convertido,,0.0,Moderado,Sri Lanka
244528,WhatsApp,2025-03-10,Não Convertido,,0.0,Moderado,Cape Verde
244529,YouTube Ads,2025-03-14,Não Convertido,,0.0,Desconhecido,Svalbard & Jan Mayen Islands
244530,Orgânico,2025-03-11,Não Convertido,,0.0,Agressivo,Libyan Arab Jamahiriya
244531,Google Ads,2025-03-14,Não Convertido,,0.0,Moderado,French Polynesia
244532,Orgânico,2025-03-14,Não Convertido,,0.0,Moderado,Jersey
244533,Facebook,2025-03-15,Não Convertido,,0.0,Desconhecido,Kazakhstan
244534,TikTok,2025-03-13,Não Convertido,,0.0,Moderado,Australia
244535,Google Ads,2025-03-10,Não Convertido,,0.0,Agressivo,Micronesia
244536,Orgânico,2025-03-14,Não Convertido,,0.0,Moderado,Netherlands Antilles
244537,Orgânico,2025-03-15,Não Convertido,,0.0,Moderado,Indonesia
244538,Google Ads,2025-03-15,Não Convertido,,0.0,Conservador,Paraguay
244539,Instagram,2025-03-13,Não Convertido,,0.0,Moderado,Norway
244540,Instagram,2025-03-11,Não Convertido,,0.0,Desconhecido,Tajikistan
244541,Orgânico,2025-03-10,Não Convertido,,0.0,Conservador,Benin
244542,TikTok,2025-03-13,Convertido,13.0,4123.4,Agressivo,Namibia
244543,Instagram,2025-03-13,Não Convertido,,0.0,Moderado,Gabon
244544,TikTok,2025-03-14,Não Convertido,,0.0,Agressivo,Samoa
244545,E-mail Marketing,2025-03-10,Convertido,14.0,5744.83,Agressivo,Pakistan
244546,Orgânico,2025-03-11,Não Convertido,,0.0,Moderado,Uruguay
244547,E-mail Marketing,2025-03-14,Convertido,2.0,4645.55,Conservador,Singapore
244548,Orgânico,2025-03-11,Não Convertido,,0.0,Conservador,South Africa
244549,Orgânico,2025-03-14,Não Convertido,,0.0,Moderado,Namibia
244550,Instagram,2025-03-15,Não Convertido,,0.0,Moderado,Cambodia
244551,E-mail Marketing,2025-03-15,Não Convertido,,0.0,Moderado,American Samoa
244552,Orgânico,2025-03-13,Não Convertido,,0.0,Conservador,French Polynesia
244553,YouTube Ads,2025-03-12,Não Convertido,,0.0,Conservador,Nepal
244554,WhatsApp,2025-03-10,Não Convertido,,0.0,Agressivo,Northern Mariana Islands
244555,YouTube Ads,2025-03-10,Não Convertido,,0.0,Moderado,Saint Vincent and the Grenadines
244556,Instagram,2025-03-12,Não Convertido,,0.0,Moderado,Montserrat
244557,E-mail Marketing,2025-03-10,Não Convertido,,0.0,Moderado,Bhutan
244558,Indicação,2025-03-15,Não Convertido,,0.0,Moderado,Jersey
244559,Orgânico,2025-03-15,Convertido,26.0,8181.3,Conservador,Myanmar
244560,Instagram,2025-03-12,Não Convertido,,0.0,Desconhecido,Liberia
244561,E-mail Marketing,2025-03-13,Não Convertido,,0.0,Conservador,Spain
244562,E-mail Marketing,2025-03-14,Não Convertido,,0.0,Desconhecido,Haiti
244563,YouTube Ads,2025-03-13,Não Convertido,,0.0,Moderado,Czech Republic
244564,Indicação,2025-03-11,Não Convertido,,0.0,Conservador,Togo
244565,Facebook,2025-03-13,Não Convertido,,0.0,Desconhecido,Netherlands
244566,Orgânico,2025-03-11,Não Convertido,,0.0,Agressivo,Niue
244567,YouTube Ads,2025-03-12,Não Convertido,,0.0,Conservador,Antigua and Barbuda
244568,Google Ads,2025-03-15,Não Convertido,,0.0,Agressivo,Lao People's Democratic Republic
244569,Facebook,2025-03-14,Não Convertido,,0.0,Agressivo,Singapore
244570,Facebook,2025-03-13,Não Convertido,,0.0,Desconhecido,Sao Tome and Principe
244571,Instagram,2025-03-13,Não Convertido,,0.0,Conservador,Northern Mariana Islands
244572,TikTok,2025-03-10,Não Convertido,,0.0,Moderado,Iceland
244573,Indicação,2025-03-14,Não Convertido,,0.0,Moderado,Congo
244574,Orgânico,2025-03-13,Não Convertido,,0.0,Desconhecido,North Macedonia
244575,TikTok,2025-03-15,Não Convertido,,0.0,Moderado,Saint Lucia
244576,TikTok,2025-03-10,Não Convertido,,0.0,Agressivo,Cook Islands
244577,TikTok,2025-03-12,Não Convertido,,0.0,Agressivo,Mauritania
244578,Facebook,2025-03-15,Não Convertido,,0.0,Moderado,Papua New Guinea
244579,E-mail Marketing,2025-03-15,Não Convertido,,0.0,Conservador,San Marino
244580,TikTok,2025-03-14,Não Convertido,,0.0,Desconhecido,Ghana
244581,Orgânico,2025-03-14,Convertido,27.0,8596.16,Conservador,Azerbaijan
244582,TikTok,2025-03-13,Não Convertido,,0.0,Agressivo,Guatemala
244583,TikTok,2025-03-15,Não Convertido,,0.0,Agressivo,Cape Verde
244584,Orgânico,2025-03-13,Não Convertido,,0.0,Conservador,Andorra
244585,Google Ads,2025-03-12,Não Convertido,,0.0,Moderado,Egypt
244586,Indicação,2025-03-11,Não Convertido,,0.0,Moderado,Botswana
244587,TikTok,2025-03-12,Não Convertido,,0.0,Agressivo,Antarctica (the territory South of 60 deg S)
244588,YouTube Ads,2025-03-10,Não Convertido,,0.0,Conservador,Jordan
244589,Facebook,2025-03-11,Não Convertido,,0.0,Moderado,Martinique
244590,E-mail Marketing,2025-03-13,Não Convertido,,0.0,Agressivo,Philippines
244591,Orgânico,2025-03-15,Não Convertido,,0.0,Agressivo,French Southern Territories
244592,Orgânico,2025-03-10,Não Convertido,,0.0,Agressivo,Nicaragua
244593,Orgânico,2025-03-14,Não Convertido,,0.0,Moderado,Belize
244594,Instagram,2025-03-12,Não Convertido,,0.0,Conservador,Maldives
244595,WhatsApp,2025-03-12,Não Convertido,,0.0,Conservador,Nepal
244596,Facebook,2025-03-10,Não Convertido,,0.0,Moderado,Colombia
244597,TikTok,2025-03-15,Não Convertido,,0.0,Moderado,Cote d'Ivoire
244598,Facebook,2025-03-11,Não Convertido,,0.0,Moderado,Haiti
244599,Orgânico,2025-03-13,Não Convertido,,0.0,Conservador,South Africa
244600,Google Ads,2025-03-15,Não Convertido,,0.0,Desconhecido,Grenada
244601,Instagram,2025-03-14,Não Convertido,,0.0,Agressivo,Saudi Arabia
244602,Orgânico,2025-03-10,Não Convertido,,0.0,Conservador,United States Minor Outlying Islands
244603,Google Ads,2025-03-15,Não Convertido,,0.0,Agressivo,Nigeria
244604,Instagram,2025-03-11,Não Convertido,,0.0,Moderado,Guinea-Bissau
244605,YouTube Ads,2025-03-15,Não Convertido,,0.0,Moderado,Cuba
244606,TikTok,2025-03-10,Não Convertido,,0.0,Moderado,Fiji
244607,Google Ads,2025-03-14,Não Convertido,,0.0,Moderado,Niger
244608,Facebook,2025-03-11,Não Convertido,,0.0,Desconhecido,Azerbaijan
244609,WhatsApp,2025-03-14,Não Convertido,,0.0,Moderado,Iran
244610,Facebook,2025-03-15,Não Convertido,,0.0,Agressivo,Isle of Man
244611,Orgânico,2025-03-14,Não Convertido,,0.0,Moderado,Northern Mariana Islands
244612,WhatsApp,2025-03-12,Não Convertido,,0.0,Agressivo,Western Sahara
244613,WhatsApp,2025-03-12,Não Convertido,,0.0,Moderado,Saint Barthelemy
244614,TikTok,2025-03-15,Não Convertido,,0.0,Agressivo,Gabon
244615,Orgânico,2025-03-13,Não Convertido,,0.0,Moderado,Liechtenstein
244616,TikTok,2025-03-15,Não Convertido,,0.0,Moderado,Grenada
244617,Instagram,2025-03-14,Não Convertido,,0.0,Agressivo,Paraguay
244618,TikTok,2025-03-10,Não Convertido,,0.0,Agressivo,Morocco
244619,E-mail Marketing,2025-03-13,Não Convertido,,0.0,Agressivo,Saint Martin
244620,Orgânico,2025-03-11,Convertido,4.0,4177.27,Moderado,Reunion
244621,Instagram,2025-03-12,Convertido,16.0,5455.62,Agressivo,Germany
244622,Indicação,2025-03-14,Não Convertido,,0.0,Desconhecido,Kyrgyz Republic
244623,E-mail Marketing,2025-03-10,Não Convertido,,0.0,Agressivo,French Southern Territories
244624,Instagram,2025-03-10,Convertido,25.0,731.91,Moderado,Congo
244625,Orgânico,2025-03-11,Não Convertido,,0.0,Desconhecido,Philippines
244626,E-mail Marketing,2025-03-13,Não Convertido,,0.0,Conservador,Oman
244627,Indicação,2025-03-15,Não Convertido,,0.0,Agressivo,Gibraltar
244628,Instagram,2025-03-11,Não Convertido,,0.0,Agressivo,Armenia
244629,Instagram,2025-03-12,Não Convertido,,0.0,Moderado,Micronesia
244630,Orgânico,2025-03-15,Não Convertido,,0.0,Agressivo,Cook Islands
244631,Orgânico,2025-03-15,Não Convertido,,0.0,Moderado,Saint Lucia
244632,Google Ads,2025-03-14,Não Convertido,,0.0,Moderado,Western Sahara
244633,WhatsApp,2025-03-11,Não Convertido,,0.0,Agressivo,Lesotho
244634,Orgânico,2025-03-12,Não Convertido,,0.0,Agressivo,Dominica
244635,Orgânico,2025-03-14,Não Convertido,,0.0,Agressivo,Iraq
244636,Google Ads,2025-03-10,Não Convertido,,0.0,Moderado,Norfolk Island
244637,Instagram,2025-03-10,Não Convertido,,0.0,Conservador,Venezuela
244638,Google Ads,2025-03-14,Não Convertido,,0.0,Moderado,Peru
244639,Facebook,2025-03-13,Não Convertido,,0.0,Moderado,Ghana
244640,Orgânico,2025-03-10,Não Convertido,,0.0,Moderado,Argentina
244641,E-mail Marketing,2025-03-12,Não Convertido,,0.0,Conservador,Liechtenstein
244642,Google Ads,2025-03-14,Não Convertido,,0.0,Conservador,Lao People's Democratic Republic
244643,Instagram,2025-03-10,Convertido,26.0,2179.71,Moderado,Saudi Arabia
244644,Orgânico,2025-03-14,Não Convertido,,0.0,Moderado,Jamaica
244645,YouTube Ads,2025-03-14,Não Convertido,,0.0,Agressivo,Bouvet Island (Bouvetoya)
244646,E-mail Marketing,2025-03-13,Não Convertido,,0.0,Moderado,Netherlands
244647,Orgânico,2025-03-13,Não Convertido,,0.0,Moderado,Romania
244648,YouTube Ads,2025-03-15,Não Convertido,,0.0,Moderado,Algeria
244649,YouTube Ads,2025-03-11,Não Convertido,,0.0,Agressivo,Swaziland
244650,WhatsApp,2025-03-13,Não Convertido,,0.0,Moderado,Panama
244651,TikTok,2025-03-14,Não Convertido,,0.0,Conservador,Austria
244652,E-mail Marketing,2025-03-12,Não Convertido,,0.0,Moderado,Tokelau
244653,Indicação,2025-03-11,Não Convertido,,0.0,Desconhecido,Costa Rica
244654,Facebook,2025-03-10,Não Convertido,,0.0,Conservador,Tonga
244655,E-mail Marketing,2025-03-11,Convertido,6.0,4969.21,Moderado,Palestinian Territory
244656,WhatsApp,2025-03-10,Não Convertido,,0.0,Moderado,Chile
244657,WhatsApp,2025-03-15,Não Convertido,,0.0,Moderado,Lesotho
244658,Facebook,2025-03-12,Não Convertido,,0.0,Moderado,Guinea-Bissau
244659,Facebook,2025-03-10,Não Convertido,,0.0,Agressivo,Fiji
244660,Instagram,2025-03-10,Não Convertido,,0.0,Moderado,Saint Vincent and the Grenadines
244661,YouTube Ads,2025-03-11,Não Convertido,,0.0,Conservador,American Samoa
244662,TikTok,2025-03-15,Não Convertido,,0.0,Moderado,Burundi
244663,WhatsApp,2025-03-12,Não Convertido,,0.0,Moderado,New Zealand
244664,Orgânico,2025-03-10,Não Convertido,,0.0,Agressivo,Bulgaria
244665,WhatsApp,2025-03-10,Não Convertido,,0.0,Agressivo,Singapore
244666,Instagram,2025-03-10,Não Convertido,,0.0,Conservador,Malaysia
244667,WhatsApp,2025-03-12,Não Convertido,,0.0,Moderado,Portugal
244668,Instagram,2025-03-10,Não Convertido,,0.0,Agressivo,Azerbaijan
244669,TikTok,2025-03-13,Não Convertido,,0.0,Moderado,Micronesia
244670,WhatsApp,2025-03-14,Não Convertido,,0.0,Conservador,Faroe Islands
244671,Orgânico,2025-03-13,Convertido,29.0,7109.87,Desconhecido,Slovenia
244672,TikTok,2025-03-15,Não Convertido,,0.0,Agressivo,Samoa
244673,Orgânico,2025-03-15,Não Convertido,,0.0,Conservador,Australia
244674,Orgânico,2025-03-14,Não Convertido,,0.0,Moderado,Guadeloupe
244675,Indicação,2025-03-14,Não Convertido,,0.0,Agressivo,Bhutan
244676,E-mail Marketing,2025-03-14,Não Convertido,,0.0,Moderado,Iraq
244677,Orgânico,2025-03-11,Não Convertido,,0.0,Moderado,Russian Federation
244678,Orgânico,2025-03-11,Não Convertido,,0.0,Conservador,Burkina Faso
244679,Google Ads,2025-03-11,Não Convertido,,0.0,Desconhecido,New Zealand
244680,Orgânico,2025-03-11,Não Convertido,,0.0,Desconhecido,Bermuda
244681,Instagram,2025-03-11,Não Convertido,,0.0,Moderado,Portugal
244682,YouTube Ads,2025-03-13,Não Convertido,,0.0,Agressivo,Switzerland
244683,Orgânico,2025-03-10,Não Convertido,,0.0,Moderado,Cambodia
244684,Google Ads,2025-03-11,Não Convertido,,0.0,Agressivo,Holy See (Vatican City State)
244685,TikTok,2025-03-11,Não Convertido,,0.0,Moderado,Belgium
244686,YouTube Ads,2025-03-14,Não Convertido,,0.0,Moderado,Angola
244687,TikTok,2025-03-13,Não Convertido,,0.0,Conservador,French Guiana
244688,TikTok,2025-03-15,Não Convertido,,0.0,Conservador,Macao
244689,Orgânico,2025-03-15,Não Convertido,,0.0,Conservador,Palestinian Territory
244690,Orgânico,2025-03-14,Não Convertido,,0.0,Desconhecido,Hungary
244691,Instagram,2025-03-11,Não Convertido,,0.0,Desconhecido,Brazil
244692,TikTok,2025-03-10,Não Convertido,,0.0,Agressivo,Morocco
244693,Orgânico,2025-03-13,Não Convertido,,0.0,Conservador,Canada
244694,TikTok,2025-03-14,Não Convertido,,0.0,Moderado,Kenya
244695,E-mail Marketing,2025-03-11,Não Convertido,,0.0,Moderado,Eritrea
244696,E-mail Marketing,2025-03-14,Não Convertido,,0.0,Agressivo,Guernsey
244697,E-mail Marketing,2025-03-15,Não Convertido,,0.0,Moderado,Eritrea
244698,YouTube Ads,2025-03-12,Não Convertido,,0.0,Moderado,Czech Republic
244699,E-mail Marketing,2025-03-11,Não Convertido,,0.0,Moderado,Sudan
244700,YouTube Ads,2025-03-14,Não Convertido,,0.0,Conservador,Congo
244701,YouTube Ads,2025-03-12,Não Convertido,,0.0,Moderado,Heard Island and McDonald Islands
244702,TikTok,2025-03-13,Não Convertido,,0.0,Conservador,Libyan Arab Jamahiriya
244703,Orgânico,2025-03-10,Não Convertido,,0.0,Agressivo,Sri Lanka
244704,Indicação,2025-03-15,Não Convertido,,0.0,Moderado,Norway
244705,Facebook,2025-03-13,Não Convertido,,0.0,Moderado,Italy
244706,Instagram,2025-03-10,Não Convertido,,0.0,Desconhecido,Saint Helena
244707,YouTube Ads,2025-03-14,Não Convertido,,0.0,Moderado,Czech Republic
244708,Google Ads,2025-03-14,Não Convertido,,0.0,Desconhecido,Venezuela
244709,TikTok,2025-03-13,Não Convertido,,0.0,Agressivo,Mali
244710,YouTube Ads,2025-03-10,Não Convertido,,0.0,Desconhecido,Gabon
244711,Facebook,2025-03-13,Não Convertido,,0.0,Conservador,Finland
244712,YouTube Ads,2025-03-12,Não Convertido,,0.0,Moderado,Gambia
244713,TikTok,2025-03-14,Não Convertido,,0.0,Conservador,Turkmenistan
244714,E-mail Marketing,2025-03-11,Não Convertido,,0.0,Moderado,Kyrgyz Republic
244715,Orgânico,2025-03-13,Não Convertido,,0.0,Conservador,Sri Lanka
244716,TikTok,2025-03-12,Convertido,4.0,3810.03,Moderado,Equatorial Guinea
244717,WhatsApp,2025-03-11,Não Convertido,,0.0,Agressivo,Mexico
244718,TikTok,2025-03-11,Não Convertido,,0.0,Desconhecido,Macao
244719,TikTok,2025-03-12,Não Convertido,,0.0,Conservador,Nicaragua
244720,Google Ads,2025-03-12,Não Convertido,,0.0,Moderado,El Salvador
244721,Indicação,2025-03-13,Não Convertido,,0.0,Moderado,Greece
244722,WhatsApp,2025-03-14,Não Convertido,,0.0,Conservador,Luxembourg
244723,Google Ads,2025-03-13,Não Convertido,,0.0,Moderado,Congo
244724,Google Ads,2025-03-14,Não Convertido,,0.0,Conservador,Gabon
244725,Instagram,2025-03-10,Não Convertido,,0.0,Agressivo,Uruguay
244726,Instagram,2025-03-13,Convertido,23.0,4790.72,Conservador,American Samoa
244727,Orgânico,2025-03-15,Não Convertido,,0.0,Conservador,Palestinian Territory
244728,Orgânico,2025-03-13,Não Convertido,,0.0,Agressivo,Lesotho
244729,TikTok,2025-03-10,Não Convertido,,0.0,Conservador,Burkina Faso
244730,TikTok,2025-03-10,Convertido,13.0,2644.33,Agressivo,Zimbabwe
244731,TikTok,2025-03-13,Não Convertido,,0.0,Conservador,Mozambique
244732,Google Ads,2025-03-11,Não Convertido,,0.0,Agressivo,Myanmar
244733,WhatsApp,2025-03-15,Não Convertido,,0.0,Conservador,Pakistan
244734,Orgânico,2025-03-14,Não Convertido,,0.0,Moderado,Australia
244735,Instagram,2025-03-12,Não Convertido,,0.0,Conservador,Hungary
244736,TikTok,2025-03-15,Não Convertido,,0.0,Moderado,Singapore
244737,E-mail Marketing,2025-03-10,Não Convertido,,0.0,Conservador,Sierra Leone
244738,Facebook,2025-03-13,Não Convertido,,0.0,Moderado,Dominica
244739,Instagram,2025-03-13,Não Convertido,,0.0,Moderado,Cambodia
244740,TikTok,2025-03-12,Não Convertido,,0.0,Desconhecido,Guyana
244741,TikTok,2025-03-10,Não Convertido,,0.0,Agressivo,Cyprus
244742,Instagram,2025-03-15,Não Convertido,,0.0,Agressivo,Bermuda
244743,Google Ads,2025-03-13,Não Convertido,,0.0,Moderado,British Indian Ocean Territory (Chagos Archipelago)
244744,Google Ads,2025-03-10,Não Convertido,,0.0,Agressivo,Ecuador
244745,YouTube Ads,2025-03-13,Não Convertido,,0.0,Conservador,Guadeloupe
244746,Orgânico,2025-03-14,Não Convertido,,0.0,Moderado,Singapore
244747,Orgânico,2025-03-15,Não Convertido,,0.0,Moderado,Romania
244748,Facebook,2025-03-14,Não Convertido,,0.0,Agressivo,Thailand
244749,Google Ads,2025-03-11,Não Convertido,,0.0,Moderado,Svalbard & Jan Mayen Islands
244750,E-mail Marketing,2025-03-13,Convertido,28.0,982.24,Moderado,Cameroon
244751,Instagram,2025-03-14,Não Convertido,,0.0,Conservador,Argentina
244752,TikTok,2025-03-13,Não Convertido,,0.0,Moderado,Tonga
244753,Orgânico,2025-03-15,Não Convertido,,0.0,Conservador,Japan
244754,YouTube Ads,2025-03-14,Não Convertido,,0.0,Conservador,Portugal
244755,Google Ads,2025-03-13,Não Convertido,,0.0,Moderado,Cote d'Ivoire
244756,WhatsApp,2025-03-14,Não Convertido,,0.0,Moderado,Somalia
244757,Orgânico,2025-03-15,Não Convertido,,0.0,Agressivo,Afghanistan
244758,Orgânico,2025-03-10,Não Convertido,,0.0,Moderado,Cuba
244759,Orgânico,2025-03-12,Não Convertido,,0.0,Agressivo,Gambia
244760,E-mail Marketing,2025-03-14,Não Convertido,,0.0,Moderado,Saint Pierre and Miquelon
244761,Google Ads,2025-03-14,Não Convertido,,0.0,Moderado,Madagascar
244762,E-mail Marketing,2025-03-13,Não Convertido,,0.0,Agressivo,India
244763,TikTok,2025-03-15,Não Convertido,,0.0,Agressivo,Gabon
244764,Instagram,2025-03-14,Não Convertido,,0.0,Moderado,Bolivia
244765,E-mail Marketing,2025-03-12,Não Convertido,,0.0,Moderado,Wallis and Futuna
244766,Indicação,2025-03-14,Não Convertido,,0.0,Moderado,Tanzania
244767,Google Ads,2025-03-14,Não Convertido,,0.0,Conservador,Estonia
244768,Orgânico,2025-03-14,Não Convertido,,0.0,Moderado,Sao Tome and Principe
244769,Indicação,2025-03-12,Não Convertido,,0.0,Conservador,Guam
244770,Facebook,2025-03-13,Não Convertido,,0.0,Moderado,Mauritius
244771,Instagram,2025-03-13,Não Convertido,,0.0,Moderado,Andorra
244772,Google Ads,2025-03-13,Não Convertido,,0.0,Moderado,Cuba
244773,Google Ads,2025-03-12,Não Convertido,,0.0,Conservador,Guam
244774,Instagram,2025-03-10,Não Convertido,,0.0,Agressivo,Slovakia (Slovak Republic)
244775,Facebook,2025-03-13,Não Convertido,,0.0,Moderado,Mauritania
244776,E-mail Marketing,2025-03-15,Não Convertido,,0.0,Moderado,Cocos (Keeling) Islands
244777,YouTube Ads,2025-03-15,Não Convertido,,0.0,Moderado,Heard Island and McDonald Islands
244778,TikTok,2025-03-15,Não Convertido,,0.0,Moderado,Saint Pierre and Miquelon
244779,Orgânico,2025-03-13,Não Convertido,,0.0,Agressivo,Nicaragua
244780,Orgânico,2025-03-13,Não Convertido,,0.0,Conservador,Qatar
244781,Facebook,2025-03-15,Não Convertido,,0.0,Moderado,Russian Federation
244782,Orgânico,2025-03-13,Não Convertido,,0.0,Agressivo,Sierra Leone
244783,Facebook,2025-03-13,Não Convertido,,0.0,Desconhecido,Germany
244784,Google Ads,2025-03-10,Não Convertido,,0.0,Conservador,Anguilla
244785,TikTok,2025-03-12,Não Convertido,,0.0,Agressivo,Bosnia and Herzegovina
244786,Instagram,2025-03-13,Não Convertido,,0.0,Conservador,Gambia
244787,Orgânico,2025-03-10,Não Convertido,,0.0,Moderado,Heard Island and McDonald Islands
244788,Orgânico,2025-03-14,Não Convertido,,0.0,Agressivo,Burundi
244789,Facebook,2025-03-12,Não Convertido,,0.0,Agressivo,Australia
244790,Orgânico,2025-03-12,Não Convertido,,0.0,Moderado,Angola
244791,TikTok,2025-03-15,Não Convertido,,0.0,Moderado,British Virgin Islands
244792,E-mail Marketing,2025-03-12,Não Convertido,,0.0,Moderado,Yemen
244793,E-mail Marketing,2025-03-12,Não Convertido,,0.0,Conservador,Comoros
244794,Google Ads,2025-03-15,Não Convertido,,0.0,Moderado,China
244795,WhatsApp,2025-03-13,Não Convertido,,0.0,Desconhecido,Madagascar
244796,Instagram,2025-03-13,Não Convertido,,0.0,Moderado,Suriname
244797,E-mail Marketing,2025-03-12,Não Convertido,,0.0,Agressivo,Bangladesh
244798,E-mail Marketing,2025-03-10,Não Convertido,,0.0,Conservador,Micronesia
244799,Facebook,2025-03-13,Não Convertido,,0.0,Conservador,Tuvalu
244800,Indicação,2025-03-15,Não Convertido,,0.0,Conservador,Bermuda
244801,TikTok,2025-03-12,Não Convertido,,0.0,Conservador,Nepal
244802,TikTok,2025-03-10,Não Convertido,,0.0,Conservador,Greece
244803,TikTok,2025-03-11,Não Convertido,,0.0,Conservador,Botswana
244804,TikTok,2025-03-12,Não Convertido,,0.0,Conservador,Nigeria
244805,E-mail Marketing,2025-03-11,Não Convertido,,0.0,Moderado,Mauritius
244806,Orgânico,2025-03-13,Não Convertido,,0.0,Agressivo,Canada
244807,WhatsApp,2025-03-13,Não Convertido,,0.0,Desconhecido,Heard Island and McDonald Islands
244808,WhatsApp,2025-03-15,Não Convertido,,0.0,Desconhecido,Mauritius
244809,TikTok,2025-03-10,Convertido,3.0,213.41,Agressivo,Albania
244810,Google Ads,2025-03-12,Não Convertido,,0.0,Desconhecido,Reunion
244811,Google Ads,2025-03-13,Não Convertido,,0.0,Moderado,Bahrain
244812,Instagram,2025-03-11,Não Convertido,,0.0,Moderado,Belarus
244813,E-mail Marketing,2025-03-13,Não Convertido,,0.0,Conservador,Bahrain
244814,TikTok,2025-03-10,Não Convertido,,0.0,Agressivo,United Arab Emirates
244815,WhatsApp,2025-03-12,Não Convertido,,0.0,Moderado,Puerto Rico
244816,Google Ads,2025-03-14,Convertido,10.0,4318.78,Moderado,Iran
244817,Facebook,2025-03-11,Não Convertido,,0.0,Desconhecido,Western Sahara
244818,E-mail Marketing,2025-03-14,Não Convertido,,0.0,Agressivo,Malawi
244819,Orgânico,2025-03-14,Não Convertido,,0.0,Desconhecido,Cocos (Keeling) Islands
244820,E-mail Marketing,2025-03-10,Não Convertido,,0.0,Desconhecido,Antigua and Barbuda
244821,Facebook,2025-03-10,Não Convertido,,0.0,Moderado,Tonga
244822,Instagram,2025-03-12,Não Convertido,,0.0,Agressivo,Bermuda
244823,Instagram,2025-03-10,Não Convertido,,0.0,Agressivo,Denmark
244824,WhatsApp,2025-03-15,Convertido,11.0,8686.34,Moderado,Malawi
244825,Google Ads,2025-03-15,Não Convertido,,0.0,Agressivo,United States Virgin Islands
244826,Instagram,2025-03-13,Não Convertido,,0.0,Desconhecido,Thailand
244827,Google Ads,2025-03-14,Convertido,5.0,6654.4,Desconhecido,Zimbabwe
244828,E-mail Marketing,2025-03-15,Não Convertido,,0.0,Desconhecido,Cook Islands
244829,Instagram,2025-03-13,Não Convertido,,0.0,Moderado,New Caledonia
244830,Google Ads,2025-03-14,Não Convertido,,0.0,Conservador,Netherlands
244831,YouTube Ads,2025-03-12,Não Convertido,,0.0,Desconhecido,Botswana
244832,Orgânico,2025-03-10,Não Convertido,,0.0,Moderado,Bulgaria
244833,Orgânico,2025-03-11,Não Convertido,,0.0,Conservador,Vietnam
244834,E-mail Marketing,2025-03-14,Não Convertido,,0.0,Agressivo,Guinea-Bissau
244835,Indicação,2025-03-14,Não Convertido,,0.0,Desconhecido,Korea
244836,Facebook,2025-03-12,Não Convertido,,0.0,Moderado,New Zealand
244837,YouTube Ads,2025-03-11,Não Convertido,,0.0,Moderado,New Caledonia
244838,Orgânico,2025-03-13,Não Convertido,,0.0,Conservador,Iran
244839,YouTube Ads,2025-03-12,Não Convertido,,0.0,Desconhecido,Vietnam
244840,Indicação,2025-03-11,Não Convertido,,0.0,Conservador,Mongolia
244841,E-mail Marketing,2025-03-11,Não Convertido,,0.0,Moderado,Congo
244842,TikTok,2025-03-13,Não Convertido,,0.0,Agressivo,Mexico
244843,WhatsApp,2025-03-12,Não Convertido,,0.0,Moderado,Saint Pierre and Miquelon
244844,Orgânico,2025-03-11,Não Convertido,,0.0,Moderado,Eritrea
244845,YouTube Ads,2025-03-13,Não Convertido,,0.0,Moderado,Saint Kitts and Nevis
244846,Indicação,2025-03-14,Não Convertido,,0.0,Moderado,Syrian Arab Republic
244847,Google Ads,2025-03-14,Não Convertido,,0.0,Conservador,Falkland Islands (Malvinas)
244848,Instagram,2025-03-11,Não Convertido,,0.0,Conservador,Maldives
244849,E-mail Marketing,2025-03-14,Não Convertido,,0.0,Agressivo,Burundi
244850,WhatsApp,2025-03-13,Não Convertido,,0.0,Conservador,Martinique
244851,Google Ads,2025-03-15,Não Convertido,,0.0,Moderado,Samoa
244852,Google Ads,2025-03-14,Não Convertido,,0.0,Moderado,Kuwait
244853,Google Ads,2025-03-13,Não Convertido,,0.0,Desconhecido,Saint Lucia
244854,TikTok,2025-03-11,Não Convertido,,0.0,Conservador,Indonesia
244855,Orgânico,2025-03-15,Não Convertido,,0.0,Conservador,Netherlands
244856,YouTube Ads,2025-03-12,Não Convertido,,0.0,Moderado,Antarctica (the territory South of 60 deg S)
244857,TikTok,2025-03-12,Não Convertido,,0.0,Conservador,Brazil
244858,E-mail Marketing,2025-03-13,Não Convertido,,0.0,Conservador,Tanzania
244859,Orgânico,2025-03-13,Não Convertido,,0.0,Agressivo,American Samoa
244860,Google Ads,2025-03-15,Não Convertido,,0.0,Agressivo,Sri Lanka
244861,Instagram,2025-03-14,Não Convertido,,0.0,Agressivo,French Southern Territories
244862,Instagram,2025-03-12,Não Convertido,,0.0,Moderado,Bosnia and Herzegovina
244863,E-mail Marketing,2025-03-13,Não Convertido,,0.0,Moderado,Comoros
244864,Instagram,2025-03-10,Não Convertido,,0.0,Moderado,Canada
244865,E-mail Marketing,2025-03-12,Não Convertido,,0.0,Agressivo,Nepal
244866,E-mail Marketing,2025-03-10,Não Convertido,,0.0,Agressivo,Guernsey
244867,Orgânico,2025-03-13,Não Convertido,,0.0,Desconhecido,Djibouti
244868,YouTube Ads,2025-03-15,Não Convertido,,0.0,Moderado,Malta
244869,TikTok,2025-03-15,Não Convertido,,0.0,Agressivo,Cuba
244870,Instagram,2025-03-12,Não Convertido,,0.0,Agressivo,Lao People's Democratic Republic
244871,WhatsApp,2025-03-11,Não Convertido,,0.0,Moderado,Spain
244872,Instagram,2025-03-13,Não Convertido,,0.0,Agressivo,Gibraltar
244873,Indicação,2025-03-14,Não Convertido,,0.0,Conservador,Gambia
244874,Instagram,2025-03-10,Não Convertido,,0.0,Agressivo,French Polynesia
244875,Google Ads,2025-03-10,Não Convertido,,0.0,Desconhecido,Jersey
244876,E-mail Marketing,2025-03-11,Não Convertido,,0.0,Conservador,Bosnia and Herzegovina
244877,Orgânico,2025-03-10,Não Convertido,,0.0,Conservador,Moldova
244878,E-mail Marketing,2025-03-12,Não Convertido,,0.0,Conservador,Bahrain
244879,TikTok,2025-03-10,Não Convertido,,0.0,Agressivo,Jersey
244880,TikTok,2025-03-10,Não Convertido,,0.0,Agressivo,Tunisia
244881,TikTok,2025-03-13,Não Convertido,,0.0,Moderado,Lebanon
244882,TikTok,2025-03-10,Não Convertido,,0.0,Desconhecido,Guernsey
244883,Orgânico,2025-03-12,Não Convertido,,0.0,Moderado,Hungary
244884,Indicação,2025-03-13,Não Convertido,,0.0,Moderado,Turkmenistan
244885,Instagram,2025-03-13,Não Convertido,,0.0,Agressivo,Switzerland
244886,Instagram,2025-03-12,Não Convertido,,0.0,Desconhecido,Netherlands
244887,WhatsApp,2025-03-10,Não Convertido,,0.0,Agressivo,Western Sahara
244888,Orgânico,2025-03-14,Não Convertido,,0.0,Conservador,Spain
244889,TikTok,2025-03-13,Não Convertido,,0.0,Moderado,Antigua and Barbuda
244890,Facebook,2025-03-15,Não Convertido,,0.0,Moderado,Uganda
244891,Orgânico,2025-03-15,Não Convertido,,0.0,Desconhecido,Denmark
244892,TikTok,2025-03-11,Não Convertido,,0.0,Moderado,Estonia
244893,Facebook,2025-03-15,Não Convertido,,0.0,Conservador,Kenya
244894,Orgânico,2025-03-13,Não Convertido,,0.0,Agressivo,Bulgaria
244895,YouTube Ads,2025-03-13,Não Convertido,,0.0,Desconhecido,Algeria
244896,YouTube Ads,2025-03-11,Não Convertido,,0.0,Moderado,Fiji
244897,TikTok,2025-03-12,Não Convertido,,0.0,Agressivo,Mali
244898,WhatsApp,2025-03-14,Não Convertido,,0.0,Desconhecido,Zambia
244899,Instagram,2025-03-11,Não Convertido,,0.0,Moderado,Norfolk Island
244900,Google Ads,2025-03-11,Não Convertido,,0.0,Moderado,United States of America
244901,WhatsApp,2025-03-12,Não Convertido,,0.0,Agressivo,Tanzania
244902,Orgânico,2025-03-13,Não Convertido,,0.0,Agressivo,Tokelau
244903,Google Ads,2025-03-13,Convertido,1.0,580.53,Moderado,Cape Verde
244904,WhatsApp,2025-03-12,Não Convertido,,0.0,Moderado,Benin
244905,E-mail Marketing,2025-03-14,Não Convertido,,0.0,Moderado,Falkland Islands (Malvinas)
244906,TikTok,2025-03-13,Não Convertido,,0.0,Moderado,French Guiana
244907,Orgânico,2025-03-15,Não Convertido,,0.0,Moderado,Palau
244908,YouTube Ads,2025-03-15,Não Convertido,,0.0,Moderado,Kazakhstan
244909,E-mail Marketing,2025-03-13,Não Convertido,,0.0,Agressivo,Uganda
244910,Orgânico,2025-03-10,Não Convertido,,0.0,Moderado,Trinidad and Tobago
244911,Instagram,2025-03-14,Não Convertido,,0.0,Agressivo,Albania
244912,Instagram,2025-03-13,Não Convertido,,0.0,Moderado,Iraq
244913,Indicação,2025-03-15,Não Convertido,,0.0,Conservador,Saint Helena
244914,Orgânico,2025-03-11,Não Convertido,,0.0,Moderado,Tokelau
244915,TikTok,2025-03-15,Não Convertido,,0.0,Moderado,Madagascar
244916,TikTok,2025-03-12,Não Convertido,,0.0,Agressivo,Kuwait
244917,Instagram,2025-03-13,Não Convertido,,0.0,Moderado,Tunisia
244918,YouTube Ads,2025-03-11,Não Convertido,,0.0,Conservador,United Kingdom
244919,Google Ads,2025-03-10,Não Convertido,,0.0,Agressivo,Switzerland
244920,TikTok,2025-03-12,Não Convertido,,0.0,Moderado,Egypt
244921,Facebook,2025-03-15,Não Convertido,,0.0,Moderado,Congo
244922,WhatsApp,2025-03-14,Não Convertido,,0.0,Moderado,United States Virgin Islands
244923,Orgânico,2025-03-11,Não Convertido,,0.0,Moderado,Niue
244924,Instagram,2025-03-15,Não Convertido,,0.0,Agressivo,Morocco
244925,Indicação,2025-03-11,Não Convertido,,0.0,Conservador,Cambodia
244926,E-mail Marketing,2025-03-13,Não Convertido,,0.0,Moderado,Pakistan
244927,WhatsApp,2025-03-10,Não Convertido,,0.0,Agressivo,Colombia
244928,Google Ads,2025-03-13,Não Convertido,,0.0,Agressivo,Kiribati
244929,Facebook,2025-03-13,Não Convertido,,0.0,Conservador,Tunisia
244930,WhatsApp,2025-03-10,Não Convertido,,0.0,Conservador,Colombia
244931,TikTok,2025-03-14,Não Convertido,,0.0,Moderado,Cyprus
244932,Instagram,2025-03-10,Não Convertido,,0.0,Agressivo,Uzbekistan
244933,WhatsApp,2025-03-10,Não Convertido,,0.0,Moderado,Micronesia
244934,Indicação,2025-03-13,Não Convertido,,0.0,Moderado,Puerto Rico
244935,E-mail Marketing,2025-03-10,Não Convertido,,0.0,Agressivo,Denmark
244936,YouTube Ads,2025-03-13,Não Convertido,,0.0,Moderado,Peru
244937,WhatsApp,2025-03-15,Não Convertido,,0.0,Agressivo,Togo
244938,Facebook,2025-03-15,Convertido,1.0,4439.6,Conservador,Macao
244939,TikTok,2025-03-11,Não Convertido,,0.0,Conservador,Micronesia
244940,TikTok,2025-03-10,Não Convertido,,0.0,Conservador,Liberia
244941,YouTube Ads,2025-03-12,Não Convertido,,0.0,Moderado,Cook Islands
244942,TikTok,2025-03-10,Não Convertido,,0.0,Moderado,Niger
244943,YouTube Ads,2025-03-11,Não Convertido,,0.0,Agressivo,Nauru
244944,Google Ads,2025-03-11,Não Convertido,,0.0,Moderado,Sierra Leone
244945,Facebook,2025-03-15,Não Convertido,,0.0,Moderado,Sao Tome and Principe
244946,YouTube Ads,2025-03-14,Não Convertido,,0.0,Moderado,Mexico
244947,E-mail Marketing,2025-03-15,Não Convertido,,0.0,Moderado,Madagascar
244948,E-mail Marketing,2025-03-12,Não Convertido,,0.0,Conservador,Malta
244949,Google Ads,2025-03-12,Não Convertido,,0.0,Moderado,Saint Pierre and Miquelon
244950,Instagram,2025-03-15,Não Convertido,,0.0,Moderado,South Africa
244951,Orgânico,2025-03-13,Não Convertido,,0.0,Agressivo,Mongolia
244952,Instagram,2025-03-12,Não Convertido,,0.0,Conservador,Uruguay
244953,Google Ads,2025-03-10,Não Convertido,,0.0,Moderado,Ethiopia
244954,TikTok,2025-03-12,Não Convertido,,0.0,Agressivo,Hong Kong
244955,Instagram,2025-03-13,Não Convertido,,0.0,Conservador,Martinique
244956,WhatsApp,2025-03-15,Não Convertido,,0.0,Moderado,Namibia
244957,Indicação,2025-03-10,Não Convertido,,0.0,Moderado,Cyprus
244958,WhatsApp,2025-03-12,Convertido,28.0,9224.2,Moderado,Pakistan
244959,E-mail Marketing,2025-03-10,Não Convertido,,0.0,Desconhecido,Georgia
244960,E-mail Marketing,2025-03-11,Não Convertido,,0.0,Agressivo,Maldives
244961,Orgânico,2025-03-14,Não Convertido,,0.0,Desconhecido,Russian Federation
244962,Instagram,2025-03-15,Não Convertido,,0.0,Moderado,Saint Martin
244963,Instagram,2025-03-14,Não Convertido,,0.0,Moderado,Botswana
244964,Orgânico,2025-03-14,Não Convertido,,0.0,Desconhecido,Saint Helena
244965,YouTube Ads,2025-03-10,Não Convertido,,0.0,Moderado,Gambia
244966,Google Ads,2025-03-14,Não Convertido,,0.0,Moderado,Denmark
244967,E-mail Marketing,2025-03-13,Não Convertido,,0.0,Conservador,Liberia
244968,WhatsApp,2025-03-12,Não Convertido,,0.0,Conservador,Mali
244969,Orgânico,2025-03-13,Não Convertido,,0.0,Moderado,Dominican Republic
244970,Orgânico,2025-03-15,Não Convertido,,0.0,Moderado,Palestinian Territory
244971,TikTok,2025-03-14,Não Convertido,,0.0,Moderado,Ghana
244972,WhatsApp,2025-03-10,Não Convertido,,0.0,Moderado,Algeria
244973,Instagram,2025-03-15,Não Convertido,,0.0,Moderado,Liberia
244974,Google Ads,2025-03-11,Não Convertido,,0.0,Moderado,Rwanda
244975,TikTok,2025-03-12,Não Convertido,,0.0,Moderado,Monaco
244976,Google Ads,2025-03-11,Não Convertido,,0.0,Desconhecido,Belarus
244977,Orgânico,2025-03-11,Não Convertido,,0.0,Agressivo,Taiwan
244978,Google Ads,2025-03-15,Não Convertido,,0.0,Agressivo,Svalbard & Jan Mayen Islands
244979,YouTube Ads,2025-03-10,Não Convertido,,0.0,Agressivo,Nigeria
244980,Google Ads,2025-03-10,Não Convertido,,0.0,Moderado,Bangladesh
244981,E-mail Marketing,2025-03-11,Não Convertido,,0.0,Desconhecido,Micronesia
244982,Google Ads,2025-03-15,Não Convertido,,0.0,Conservador,Kuwait
244983,Orgânico,2025-03-15,Não Convertido,,0.0,Agressivo,Ghana
244984,TikTok,2025-03-11,Não Convertido,,0.0,Desconhecido,Burundi
244985,Facebook,2025-03-14,Não Convertido,,0.0,Moderado,Saudi Arabia
244986,Instagram,2025-03-13,Não Convertido,,0.0,Conservador,Iceland
244987,Google Ads,2025-03-10,Não Convertido,,0.0,Moderado,Eritrea
244988,TikTok,2025-03-10,Não Convertido,,0.0,Moderado,Mexico
244989,Orgânico,2025-03-10,Não Convertido,,0.0,Moderado,Ghana
244990,Indicação,2025-03-14,Não Convertido,,0.0,Moderado,Montserrat
244991,TikTok,2025-03-10,Não Convertido,,0.0,Agressivo,Venezuela
244992,YouTube Ads,2025-03-12,Não Convertido,,0.0,Moderado,Romania
244993,E-mail Marketing,2025-03-14,Não Convertido,,0.0,Conservador,Central African Republic
244994,WhatsApp,2025-03-11,Não Convertido,,0.0,Moderado,Cocos (Keeling) Islands
244995,E-mail Marketing,2025-03-14,Não Convertido,,0.0,Agressivo,Venezuela
244996,TikTok,2025-03-11,Não Convertido,,0.0,Agressivo,Holy See (Vatican City State)
244997,Facebook,2025-03-12,Não Convertido,,0.0,Moderado,Peru
244998,Instagram,2025-03-15,Não Convertido,,0.0,Moderado,Fiji
244999,Orgânico,2025-03-14,Convertido,9.0,4734.33,Moderado,Seychelles
245000,Instagram,2025-03-12,Não Convertido,,0.0,Agressivo,Nigeria
245001,E-mail Marketing,2025-03-11,Não Convertido,,0.0,Conservador,United States of America
245002,TikTok,2025-03-10,Não Convertido,,0.0,Agressivo,Korea
245003,Google Ads,2025-03-12,Não Convertido,,0.0,Moderado,French Guiana
245004,Facebook,2025-03-11,Não Convertido,,0.0,Conservador,Colombia
245005,Google Ads,2025-03-11,Não Convertido,,0.0,Desconhecido,Turkmenistan
245006,Instagram,2025-03-11,Não Convertido,,0.0,Agressivo,Egypt
245007,TikTok,2025-03-10,Não Convertido,,0.0,Agressivo,Philippines
245008,Orgânico,2025-03-10,Não Convertido,,0.0,Agressivo,Uganda
245009,Indicação,2025-03-14,Não Convertido,,0.0,Desconhecido,Ireland
245010,Instagram,2025-03-13,Não Convertido,,0.0,Agressivo,Niue
245011,Facebook,2025-03-12,Não Convertido,,0.0,Moderado,Botswana
245012,E-mail Marketing,2025-03-13,Não Convertido,,0.0,Agressivo,India
245013,WhatsApp,2025-03-13,Não Convertido,,0.0,Conservador,Jordan
245014,YouTube Ads,2025-03-10,Não Convertido,,0.0,Agressivo,Madagascar
245015,E-mail Marketing,2025-03-10,Não Convertido,,0.0,Agressivo,Korea
245016,Orgânico,2025-03-10,Não Convertido,,0.0,Moderado,Georgia
245017,Orgânico,2025-03-12,Não Convertido,,0.0,Moderado,Belize
245018,Google Ads,2025-03-14,Não Convertido,,0.0,Agressivo,Tunisia
245019,E-mail Marketing,2025-03-15,Não Convertido,,0.0,Agressivo,Venezuela
245020,Orgânico,2025-03-11,Não Convertido,,0.0,Agressivo,Grenada
245021,Orgânico,2025-03-14,Não Convertido,,0.0,Moderado,Oman
245022,WhatsApp,2025-03-12,Não Convertido,,0.0,Moderado,India
245023,Indicação,2025-03-13,Não Convertido,,0.0,Agressivo,Czech Republic
245024,Orgânico,2025-03-10,Não Convertido,,0.0,Conservador,Myanmar
245025,TikTok,2025-03-15,Não Convertido,,0.0,Agressivo,Tunisia
245026,TikTok,2025-03-10,Não Convertido,,0.0,Moderado,Myanmar
245027,Indicação,2025-03-14,Não Convertido,,0.0,Moderado,Venezuela
245028,Orgânico,2025-03-13,Não Convertido,,0.0,Agressivo,Malta
245029,YouTube Ads,2025-03-15,Não Convertido,,0.0,Moderado,Maldives
245030,Indicação,2025-03-11,Não Convertido,,0.0,Agressivo,Guam
245031,TikTok,2025-03-11,Não Convertido,,0.0,Moderado,Norfolk Island
245032,Orgânico,2025-03-12,Não Convertido,,0.0,Moderado,Bolivia
245033,E-mail Marketing,2025-03-13,Não Convertido,,0.0,Moderado,Lesotho
245034,Orgânico,2025-03-13,Não Convertido,,0.0,Moderado,Venezuela
245035,Google Ads,2025-03-10,Não Convertido,,0.0,Moderado,Luxembourg
245036,Orgânico,2025-03-13,Não Convertido,,0.0,Conservador,Cote d'Ivoire
245037,YouTube Ads,2025-03-11,Não Convertido,,0.0,Moderado,Monaco
245038,WhatsApp,2025-03-11,Não Convertido,,0.0,Moderado,Tajikistan
245039,YouTube Ads,2025-03-15,Não Convertido,,0.0,Moderado,Slovakia (Slovak Republic)
245040,Instagram,2025-03-13,Não Convertido,,0.0,Conservador,Cambodia
245041,TikTok,2025-03-15,Não Convertido,,0.0,Agressivo,Kenya
245042,YouTube Ads,2025-03-12,Não Convertido,,0.0,Agressivo,Jamaica
245043,E-mail Marketing,2025-03-10,Não Convertido,,0.0,Agressivo,North Macedonia
245044,E-mail Marketing,2025-03-13,Não Convertido,,0.0,Agressivo,Nauru
245045,Instagram,2025-03-12,Não Convertido,,0.0,Conservador,Wallis and Futuna
245046,TikTok,2025-03-15,Não Convertido,,0.0,Conservador,Haiti
245047,TikTok,2025-03-12,Não Convertido,,0.0,Conservador,Sudan
245048,Instagram,2025-03-14,Não Convertido,,0.0,Moderado,Saint Barthelemy
245049,E-mail Marketing,2025-03-12,Convertido,21.0,1764.95,Agressivo,Trinidad and Tobago
245050,Facebook,2025-03-15,Não Convertido,,0.0,Desconhecido,Benin
245051,TikTok,2025-03-10,Não Convertido,,0.0,Conservador,Vanuatu
245052,WhatsApp,2025-03-10,Não Convertido,,0.0,Moderado,Gabon
245053,Instagram,2025-03-14,Não Convertido,,0.0,Moderado,South Africa
245054,E-mail Marketing,2025-03-15,Não Convertido,,0.0,Moderado,Syrian Arab Republic
245055,TikTok,2025-03-12,Não Convertido,,0.0,Agressivo,Sri Lanka
245056,Google Ads,2025-03-13,Não Convertido,,0.0,Conservador,Czech Republic
245057,E-mail Marketing,2025-03-14,Não Convertido,,0.0,Moderado,Gibraltar
245058,TikTok,2025-03-15,Não Convertido,,0.0,Conservador,Malaysia
245059,Orgânico,2025-03-14,Não Convertido,,0.0,Conservador,Ecuador
245060,E-mail Marketing,2025-03-12,Não Convertido,,0.0,Desconhecido,China
245061,Facebook,2025-03-14,Não Convertido,,0.0,Moderado,Costa Rica
245062,TikTok,2025-03-12,Não Convertido,,0.0,Moderado,Sudan
245063,Instagram,2025-03-10,Não Convertido,,0.0,Moderado,Luxembourg
245064,Instagram,2025-03-14,Não Convertido,,0.0,Moderado,Grenada
245065,Google Ads,2025-03-11,Não Convertido,,0.0,Moderado,Algeria
245066,Orgânico,2025-03-15,Não Convertido,,0.0,Conservador,Wallis and Futuna
245067,TikTok,2025-03-11,Não Convertido,,0.0,Moderado,Wallis and Futuna
245068,WhatsApp,2025-03-14,Não Convertido,,0.0,Agressivo,Greenland
245069,Facebook,2025-03-11,Convertido,26.0,5747.14,Moderado,Guinea-Bissau
245070,WhatsApp,2025-03-13,Não Convertido,,0.0,Desconhecido,Spain
245071,WhatsApp,2025-03-14,Não Convertido,,0.0,Moderado,Taiwan
245072,Facebook,2025-03-14,Não Convertido,,0.0,Conservador,Bolivia
245073,Facebook,2025-03-15,Não Convertido,,0.0,Moderado,Martinique
245074,TikTok,2025-03-10,Não Convertido,,0.0,Moderado,Pakistan
245075,TikTok,2025-03-14,Não Convertido,,0.0,Agressivo,Eritrea
245076,Instagram,2025-03-13,Não Convertido,,0.0,Desconhecido,Australia
245077,YouTube Ads,2025-03-15,Não Convertido,,0.0,Agressivo,Kazakhstan
245078,Facebook,2025-03-14,Não Convertido,,0.0,Moderado,Pakistan
245079,E-mail Marketing,2025-03-14,Não Convertido,,0.0,Desconhecido,United States Virgin Islands
245080,Instagram,2025-03-10,Não Convertido,,0.0,Agressivo,Pakistan
245081,WhatsApp,2025-03-14,Não Convertido,,0.0,Moderado,South Georgia and the South Sandwich Islands
245082,Orgânico,2025-03-10,Não Convertido,,0.0,Moderado,Oman
245083,Instagram,2025-03-12,Não Convertido,,0.0,Moderado,Sri Lanka
245084,Instagram,2025-03-10,Não Convertido,,0.0,Moderado,Germany
245085,TikTok,2025-03-12,Não Convertido,,0.0,Agressivo,Aruba
245086,WhatsApp,2025-03-12,Não Convertido,,0.0,Agressivo,Poland
245087,TikTok,2025-03-13,Não Convertido,,0.0,Moderado,Hong Kong
245088,E-mail Marketing,2025-03-12,Não Convertido,,0.0,Desconhecido,Congo
245089,E-mail Marketing,2025-03-11,Não Convertido,,0.0,Agressivo,Somalia
245090,Instagram,2025-03-13,Não Convertido,,0.0,Moderado,Burundi
245091,Google Ads,2025-03-10,Não Convertido,,0.0,Agressivo,Norfolk Island
245092,Orgânico,2025-03-12,Não Convertido,,0.0,Moderado,Barbados
245093,YouTube Ads,2025-03-14,Não Convertido,,0.0,Conservador,Samoa
245094,E-mail Marketing,2025-03-15,Não Convertido,,0.0,Agressivo,Cook Islands
245095,TikTok,2025-03-10,Não Convertido,,0.0,Conservador,Dominican Republic
245096,Orgânico,2025-03-12,Não Convertido,,0.0,Agressivo,Paraguay
245097,Google Ads,2025-03-14,Não Convertido,,0.0,Moderado,Jersey
245098,Instagram,2025-03-15,Não Convertido,,0.0,Moderado,Croatia
245099,Indicação,2025-03-12,Convertido,5.0,7164.92,Conservador,Moldova
245100,YouTube Ads,2025-03-13,Não Convertido,,0.0,Desconhecido,Guatemala
245101,Instagram,2025-03-11,Não Convertido,,0.0,Moderado,South Africa
245102,Orgânico,2025-03-15,Não Convertido,,0.0,Agressivo,Greenland
245103,Orgânico,2025-03-13,Não Convertido,,0.0,Desconhecido,Luxembourg
245104,TikTok,2025-03-13,Não Convertido,,0.0,Moderado,New Caledonia
245105,Facebook,2025-03-14,Não Convertido,,0.0,Moderado,Samoa
245106,Indicação,2025-03-13,Não Convertido,,0.0,Moderado,Uruguay
245107,YouTube Ads,2025-03-10,Não Convertido,,0.0,Moderado,Congo
245108,E-mail Marketing,2025-03-13,Não Convertido,,0.0,Moderado,Saint Martin
245109,E-mail Marketing,2025-03-13,Não Convertido,,0.0,Moderado,Taiwan
245110,YouTube Ads,2025-03-11,Não Convertido,,0.0,Conservador,Costa Rica
245111,Facebook,2025-03-10,Não Convertido,,0.0,Conservador,Egypt
245112,Facebook,2025-03-15,Não Convertido,,0.0,Conservador,Brazil
245113,Orgânico,2025-03-15,Não Convertido,,0.0,Moderado,Micronesia
245114,YouTube Ads,2025-03-11,Não Convertido,,0.0,Moderado,San Marino
245115,Indicação,2025-03-11,Não Convertido,,0.0,Moderado,Belgium
245116,TikTok,2025-03-11,Não Convertido,,0.0,Agressivo,Burkina Faso
245117,Facebook,2025-03-12,Não Convertido,,0.0,Conservador,Cameroon
245118,Instagram,2025-03-15,Não Convertido,,0.0,Agressivo,Singapore
245119,Google Ads,2025-03-14,Não Convertido,,0.0,Moderado,Saudi Arabia
245120,Facebook,2025-03-14,Convertido,27.0,4859.42,Moderado,Philippines
245121,TikTok,2025-03-15,Não Convertido,,0.0,Agressivo,Myanmar
245122,Instagram,2025-03-13,Não Convertido,,0.0,Agressivo,Ukraine
245123,Instagram,2025-03-11,Não Convertido,,0.0,Conservador,Benin
245124,Instagram,2025-03-12,Não Convertido,,0.0,Moderado,Monaco
245125,Orgânico,2025-03-12,Não Convertido,,0.0,Moderado,Samoa
245126,Indicação,2025-03-15,Não Convertido,,0.0,Moderado,American Samoa
245127,WhatsApp,2025-03-13,Não Convertido,,0.0,Moderado,Guinea
245128,TikTok,2025-03-14,Não Convertido,,0.0,Conservador,Tonga
245129,Google Ads,2025-03-10,Não Convertido,,0.0,Agressivo,Cameroon
245130,WhatsApp,2025-03-10,Não Convertido,,0.0,Conservador,Guinea
245131,Google Ads,2025-03-12,Não Convertido,,0.0,Conservador,United States of America
245132,WhatsApp,2025-03-13,Não Convertido,,0.0,Conservador,Nauru
245133,TikTok,2025-03-12,Não Convertido,,0.0,Conservador,Denmark
245134,Facebook,2025-03-11,Não Convertido,,0.0,Agressivo,Maldives
245135,WhatsApp,2025-03-11,Não Convertido,,0.0,Moderado,Finland
245136,TikTok,2025-03-14,Não Convertido,,0.0,Moderado,Congo
245137,TikTok,2025-03-15,Não Convertido,,0.0,Desconhecido,French Guiana
245138,Instagram,2025-03-15,Convertido,12.0,9716.26,Moderado,Indonesia
245139,E-mail Marketing,2025-03-14,Não Convertido,,0.0,Desconhecido,South Georgia and the South Sandwich Islands
245140,Orgânico,2025-03-13,Não Convertido,,0.0,Agressivo,Norfolk Island
245141,Indicação,2025-03-13,Não Convertido,,0.0,Conservador,Spain
245142,WhatsApp,2025-03-14,Não Convertido,,0.0,Conservador,New Zealand
245143,WhatsApp,2025-03-14,Não Convertido,,0.0,Agressivo,Guinea-Bissau
245144,Instagram,2025-03-11,Não Convertido,,0.0,Conservador,Falkland Islands (Malvinas)
245145,Instagram,2025-03-14,Não Convertido,,0.0,Moderado,Isle of Man
245146,Instagram,2025-03-12,Não Convertido,,0.0,Agressivo,Serbia
245147,TikTok,2025-03-14,Não Convertido,,0.0,Conservador,Tuvalu
245148,Orgânico,2025-03-14,Não Convertido,,0.0,Agressivo,Uganda
245149,E-mail Marketing,2025-03-13,Não Convertido,,0.0,Agressivo,Marshall Islands
245150,Google Ads,2025-03-11,Não Convertido,,0.0,Agressivo,Maldives
245151,Orgânico,2025-03-11,Não Convertido,,0.0,Moderado,Isle of Man
245152,TikTok,2025-03-13,Não Convertido,,0.0,Conservador,Namibia
245153,Orgânico,2025-03-14,Não Convertido,,0.0,Moderado,Isle of Man
245154,Facebook,2025-03-12,Não Convertido,,0.0,Conservador,Guinea-Bissau
245155,E-mail Marketing,2025-03-11,Não Convertido,,0.0,Desconhecido,Aruba
245156,E-mail Marketing,2025-03-11,Não Convertido,,0.0,Desconhecido,Cuba
245157,Facebook,2025-03-12,Não Convertido,,0.0,Conservador,Western Sahara
245158,YouTube Ads,2025-03-14,Não Convertido,,0.0,Moderado,Russian Federation
245159,TikTok,2025-03-13,Não Convertido,,0.0,Conservador,Venezuela
245160,Instagram,2025-03-12,Não Convertido,,0.0,Desconhecido,Afghanistan
245161,TikTok,2025-03-14,Não Convertido,,0.0,Conservador,Australia
245162,Instagram,2025-03-10,Não Convertido,,0.0,Agressivo,Guam
245163,Google Ads,2025-03-13,Não Convertido,,0.0,Conservador,Romania
245164,Instagram,2025-03-15,Não Convertido,,0.0,Moderado,Ecuador
245165,YouTube Ads,2025-03-13,Não Convertido,,0.0,Conservador,Myanmar
245166,Instagram,2025-03-14,Não Convertido,,0.0,Moderado,Albania
245167,E-mail Marketing,2025-03-14,Não Convertido,,0.0,Moderado,Philippines
245168,Facebook,2025-03-10,Não Convertido,,0.0,Moderado,Luxembourg
245169,YouTube Ads,2025-03-11,Não Convertido,,0.0,Agressivo,Gibraltar
245170,Indicação,2025-03-10,Não Convertido,,0.0,Desconhecido,Saint Vincent and the Grenadines
245171,Instagram,2025-03-13,Não Convertido,,0.0,Agressivo,Trinidad and Tobago
245172,TikTok,2025-03-15,Não Convertido,,0.0,Agressivo,Romania
245173,TikTok,2025-03-10,Não Convertido,,0.0,Moderado,Micronesia
245174,Indicação,2025-03-13,Não Convertido,,0.0,Conservador,India
245175,E-mail Marketing,2025-03-13,Convertido,25.0,7402.05,Moderado,San Marino
245176,E-mail Marketing,2025-03-10,Não Convertido,,0.0,Moderado,Cote d'Ivoire
245177,E-mail Marketing,2025-03-10,Não Convertido,,0.0,Moderado,Taiwan
245178,Facebook,2025-03-15,Não Convertido,,0.0,Moderado,Equatorial Guinea
245179,Orgânico,2025-03-10,Não Convertido,,0.0,Conservador,Iceland
245180,Instagram,2025-03-15,Não Convertido,,0.0,Conservador,Papua New Guinea
245181,Orgânico,2025-03-13,Não Convertido,,0.0,Moderado,Reunion
245182,Instagram,2025-03-13,Não Convertido,,0.0,Agressivo,Australia
245183,Instagram,2025-03-14,Não Convertido,,0.0,Conservador,Cayman Islands
245184,WhatsApp,2025-03-15,Não Convertido,,0.0,Agressivo,Timor-Leste
245185,Instagram,2025-03-12,Não Convertido,,0.0,Moderado,Svalbard & Jan Mayen Islands
245186,Facebook,2025-03-12,Não Convertido,,0.0,Moderado,Svalbard & Jan Mayen Islands
245187,E-mail Marketing,2025-03-10,Não Convertido,,0.0,Moderado,Gambia
245188,WhatsApp,2025-03-14,Não Convertido,,0.0,Conservador,Saint Martin
245189,Indicação,2025-03-11,Não Convertido,,0.0,Agressivo,Guam
245190,E-mail Marketing,2025-03-10,Não Convertido,,0.0,Moderado,British Indian Ocean Territory (Chagos Archipelago)
245191,Facebook,2025-03-15,Não Convertido,,0.0,Agressivo,United Kingdom
245192,Instagram,2025-03-12,Não Convertido,,0.0,Desconhecido,Singapore
245193,E-mail Marketing,2025-03-12,Não Convertido,,0.0,Agressivo,Greenland
245194,E-mail Marketing,2025-03-11,Não Convertido,,0.0,Desconhecido,Nicaragua
245195,Orgânico,2025-03-12,Não Convertido,,0.0,Agressivo,Norway
245196,Facebook,2025-03-12,Não Convertido,,0.0,Conservador,Taiwan
245197,TikTok,2025-03-11,Não Convertido,,0.0,Moderado,American Samoa
245198,YouTube Ads,2025-03-10,Não Convertido,,0.0,Agressivo,Vanuatu
245199,Instagram,2025-03-12,Não Convertido,,0.0,Agressivo,Chad
245200,Facebook,2025-03-14,Não Convertido,,0.0,Agressivo,Australia
245201,Orgânico,2025-03-10,Não Convertido,,0.0,Moderado,Mauritania
245202,Orgânico,2025-03-11,Não Convertido,,0.0,Agressivo,Reunion
245203,Orgânico,2025-03-11,Não Convertido,,0.0,Moderado,Suriname
245204,Orgânico,2025-03-12,Não Convertido,,0.0,Moderado,Italy
245205,Orgânico,2025-03-11,Não Convertido,,0.0,Conservador,Andorra
245206,Google Ads,2025-03-10,Não Convertido,,0.0,Moderado,French Polynesia
245207,WhatsApp,2025-03-10,Não Convertido,,0.0,Conservador,Niger
245208,YouTube Ads,2025-03-14,Não Convertido,,0.0,Desconhecido,United Kingdom
245209,Google Ads,2025-03-15,Convertido,27.0,484.43,Moderado,Sweden
245210,Orgânico,2025-03-13,Não Convertido,,0.0,Moderado,Montserrat
245211,WhatsApp,2025-03-13,Não Convertido,,0.0,Conservador,United States of America
245212,TikTok,2025-03-15,Não Convertido,,0.0,Moderado,Northern Mariana Islands
245213,WhatsApp,2025-03-14,Não Convertido,,0.0,Moderado,Namibia
245214,Google Ads,2025-03-10,Não Convertido,,0.0,Desconhecido,Monaco
245215,E-mail Marketing,2025-03-13,Não Convertido,,0.0,Moderado,United States of America
245216,WhatsApp,2025-03-11,Não Convertido,,0.0,Conservador,Sweden
245217,YouTube Ads,2025-03-14,Não Convertido,,0.0,Agressivo,Saint Helena
245218,Facebook,2025-03-11,Não Convertido,,0.0,Agressivo,Israel
245219,WhatsApp,2025-03-15,Não Convertido,,0.0,Desconhecido,Samoa
245220,Orgânico,2025-03-11,Não Convertido,,0.0,Moderado,Seychelles
245221,Orgânico,2025-03-12,Não Convertido,,0.0,Moderado,Namibia
245222,TikTok,2025-03-15,Não Convertido,,0.0,Moderado,Wallis and Futuna
245223,Orgânico,2025-03-12,Não Convertido,,0.0,Conservador,Syrian Arab Republic
245224,Orgânico,2025-03-11,Não Convertido,,0.0,Moderado,Peru
245225,Instagram,2025-03-14,Não Convertido,,0.0,Desconhecido,Mozambique
245226,Facebook,2025-03-12,Não Convertido,,0.0,Moderado,Kiribati
245227,E-mail Marketing,2025-03-15,Convertido,11.0,6077.28,Conservador,Djibouti
245228,Facebook,2025-03-14,Não Convertido,,0.0,Moderado,Peru
245229,Orgânico,2025-03-13,Não Convertido,,0.0,Moderado,Norway
245230,Instagram,2025-03-14,Não Convertido,,0.0,Desconhecido,Fiji
245231,Orgânico,2025-03-10,Não Convertido,,0.0,Moderado,Gibraltar
245232,TikTok,2025-03-12,Não Convertido,,0.0,Agressivo,Slovakia (Slovak Republic)
245233,TikTok,2025-03-10,Não Convertido,,0.0,Moderado,Luxembourg
245234,YouTube Ads,2025-03-11,Não Convertido,,0.0,Moderado,Burundi
245235,Indicação,2025-03-12,Não Convertido,,0.0,Agressivo,Faroe Islands
245236,TikTok,2025-03-13,Não Convertido,,0.0,Moderado,Italy
245237,Instagram,2025-03-13,Não Convertido,,0.0,Agressivo,Israel
245238,Facebook,2025-03-10,Não Convertido,,0.0,Conservador,Madagascar
245239,Orgânico,2025-03-14,Não Convertido,,0.0,Conservador,Guam
245240,Orgânico,2025-03-11,Não Convertido,,0.0,Moderado,Jordan
245241,Orgânico,2025-03-14,Não Convertido,,0.0,Moderado,Uzbekistan
245242,Instagram,2025-03-11,Não Convertido,,0.0,Agressivo,Timor-Leste
245243,WhatsApp,2025-03-14,Não Convertido,,0.0,Desconhecido,Benin
245244,Google Ads,2025-03-15,Não Convertido,,0.0,Moderado,New Zealand
245245,TikTok,2025-03-14,Não Convertido,,0.0,Desconhecido,Kyrgyz Republic
245246,TikTok,2025-03-12,Não Convertido,,0.0,Moderado,Timor-Leste
245247,WhatsApp,2025-03-14,Não Convertido,,0.0,Conservador,Saint Pierre and Miquelon
245248,Instagram,2025-03-13,Não Convertido,,0.0,Desconhecido,Austria
245249,Orgânico,2025-03-13,Não Convertido,,0.0,Agressivo,Suriname
245250,E-mail Marketing,2025-03-13,Não Convertido,,0.0,Moderado,Sierra Leone
245251,Instagram,2025-03-11,Não Convertido,,0.0,Agressivo,Serbia
245252,Facebook,2025-03-12,Não Convertido,,0.0,Moderado,Comoros
245253,Orgânico,2025-03-12,Não Convertido,,0.0,Moderado,Cuba
245254,TikTok,2025-03-14,Não Convertido,,0.0,Moderado,Mauritania
245255,Facebook,2025-03-11,Não Convertido,,0.0,Conservador,Rwanda
245256,Orgânico,2025-03-13,Não Convertido,,0.0,Conservador,Cameroon
245257,WhatsApp,2025-03-11,Não Convertido,,0.0,Conservador,Timor-Leste
245258,E-mail Marketing,2025-03-13,Não Convertido,,0.0,Moderado,Mayotte
245259,TikTok,2025-03-12,Não Convertido,,0.0,Moderado,Cayman Islands
245260,Orgânico,2025-03-15,Não Convertido,,0.0,Moderado,Tanzania
245261,Instagram,2025-03-15,Não Convertido,,0.0,Moderado,Wallis and Futuna
245262,WhatsApp,2025-03-14,Não Convertido,,0.0,Moderado,Australia
245263,Orgânico,2025-03-10,Não Convertido,,0.0,Moderado,Saint Kitts and Nevis
245264,Orgânico,2025-03-10,Não Convertido,,0.0,Agressivo,Burundi
245265,Instagram,2025-03-12,Convertido,1.0,7328.84,Conservador,New Caledonia
245266,Indicação,2025-03-15,Convertido,24.0,5529.99,Moderado,Palau
245267,TikTok,2025-03-10,Não Convertido,,0.0,Agressivo,Senegal
245268,Orgânico,2025-03-10,Não Convertido,,0.0,Desconhecido,Oman
245269,WhatsApp,2025-03-14,Não Convertido,,0.0,Agressivo,Yemen
245270,Instagram,2025-03-13,Não Convertido,,0.0,Moderado,Burkina Faso
245271,Instagram,2025-03-12,Não Convertido,,0.0,Moderado,Aruba
245272,Instagram,2025-03-10,Não Convertido,,0.0,Agressivo,Norway
245273,Google Ads,2025-03-10,Não Convertido,,0.0,Agressivo,Georgia
245274,Instagram,2025-03-12,Não Convertido,,0.0,Conservador,New Zealand
245275,TikTok,2025-03-10,Não Convertido,,0.0,Moderado,Jordan
245276,Orgânico,2025-03-10,Não Convertido,,0.0,Moderado,Spain
245277,TikTok,2025-03-10,Não Convertido,,0.0,Moderado,Uzbekistan
245278,E-mail Marketing,2025-03-12,Não Convertido,,0.0,Moderado,Romania
245279,E-mail Marketing,2025-03-15,Não Convertido,,0.0,Moderado,Nepal
245280,Facebook,2025-03-10,Não Convertido,,0.0,Moderado,Antigua and Barbuda
245281,Facebook,2025-03-15,Não Convertido,,0.0,Agressivo,Georgia
245282,Instagram,2025-03-12,Não Convertido,,0.0,Moderado,Turkey
245283,E-mail Marketing,2025-03-13,Não Convertido,,0.0,Agressivo,Saint Barthelemy
245284,YouTube Ads,2025-03-10,Não Convertido,,0.0,Moderado,Bhutan
245285,E-mail Marketing,2025-03-11,Não Convertido,,0.0,Moderado,Moldova
245286,Instagram,2025-03-10,Não Convertido,,0.0,Moderado,South Georgia and the South Sandwich Islands
245287,WhatsApp,2025-03-12,Não Convertido,,0.0,Agressivo,Portugal
245288,Instagram,2025-03-14,Não Convertido,,0.0,Moderado,Croatia
245289,Indicação,2025-03-15,Não Convertido,,0.0,Moderado,Sudan
245290,Indicação,2025-03-15,Não Convertido,,0.0,Moderado,Turks and Caicos Islands
245291,Instagram,2025-03-10,Não Convertido,,0.0,Conservador,United States of America
245292,E-mail Marketing,2025-03-13,Não Convertido,,0.0,Agressivo,Fiji
245293,TikTok,2025-03-13,Não Convertido,,0.0,Conservador,Antigua and Barbuda
245294,Google Ads,2025-03-12,Não Convertido,,0.0,Agressivo,Antarctica (the territory South of 60 deg S)
245295,YouTube Ads,2025-03-11,Não Convertido,,0.0,Agressivo,Mauritius
245296,Orgânico,2025-03-11,Não Convertido,,0.0,Agressivo,Syrian Arab Republic
245297,Orgânico,2025-03-14,Não Convertido,,0.0,Moderado,Solomon Islands
245298,Instagram,2025-03-11,Não Convertido,,0.0,Agressivo,Israel
245299,Google Ads,2025-03-14,Não Convertido,,0.0,Agressivo,Congo
245300,Indicação,2025-03-11,Não Convertido,,0.0,Conservador,Guernsey
245301,Facebook,2025-03-10,Não Convertido,,0.0,Moderado,Saint Martin
245302,Orgânico,2025-03-10,Não Convertido,,0.0,Conservador,Cote d'Ivoire
245303,Instagram,2025-03-12,Convertido,12.0,3046.46,Agressivo,Korea
245304,Orgânico,2025-03-14,Não Convertido,,0.0,Conservador,Chile
245305,YouTube Ads,2025-03-14,Não Convertido,,0.0,Moderado,Trinidad and Tobago
245306,TikTok,2025-03-14,Não Convertido,,0.0,Agressivo,Tuvalu
245307,YouTube Ads,2025-03-11,Não Convertido,,0.0,Conservador,Cocos (Keeling) Islands
245308,YouTube Ads,2025-03-13,Não Convertido,,0.0,Moderado,Saint Helena
245309,Facebook,2025-03-11,Não Convertido,,0.0,Conservador,Argentina
245310,YouTube Ads,2025-03-10,Não Convertido,,0.0,Agressivo,Morocco
245311,Facebook,2025-03-11,Não Convertido,,0.0,Moderado,Chile
245312,Instagram,2025-03-15,Não Convertido,,0.0,Agressivo,Saint Kitts and Nevis
245313,YouTube Ads,2025-03-15,Não Convertido,,0.0,Conservador,Tuvalu
245314,Indicação,2025-03-15,Não Convertido,,0.0,Agressivo,Jordan
245315,Orgânico,2025-03-13,Convertido,27.0,6284.36,Agressivo,Saint Martin
245316,Orgânico,2025-03-13,Não Convertido,,0.0,Agressivo,Aruba
245317,Orgânico,2025-03-10,Não Convertido,,0.0,Agressivo,Iraq
245318,Orgânico,2025-03-13,Convertido,29.0,3029.55,Agressivo,South Georgia and the South Sandwich Islands
245319,Indicação,2025-03-13,Não Convertido,,0.0,Moderado,Monaco
245320,Google Ads,2025-03-13,Não Convertido,,0.0,Moderado,Togo
245321,Instagram,2025-03-12,Não Convertido,,0.0,Conservador,Iraq
245322,TikTok,2025-03-13,Não Convertido,,0.0,Desconhecido,Timor-Leste
245323,Instagram,2025-03-15,Não Convertido,,0.0,Moderado,Tokelau
245324,Instagram,2025-03-14,Não Convertido,,0.0,Agressivo,Falkland Islands (Malvinas)
245325,Instagram,2025-03-13,Não Convertido,,0.0,Moderado,Macao
245326,YouTube Ads,2025-03-12,Não Convertido,,0.0,Conservador,Peru
245327,Google Ads,2025-03-15,Não Convertido,,0.0,Agressivo,Antarctica (the territory South of 60 deg S)
245328,Facebook,2025-03-12,Não Convertido,,0.0,Agressivo,Iceland
245329,E-mail Marketing,2025-03-10,Não Convertido,,0.0,Agressivo,Romania
245330,Google Ads,2025-03-13,Não Convertido,,0.0,Moderado,New Caledonia
245331,Google Ads,2025-03-11,Não Convertido,,0.0,Moderado,Benin
245332,Facebook,2025-03-13,Não Convertido,,0.0,Moderado,Honduras
245333,WhatsApp,2025-03-13,Não Convertido,,0.0,Agressivo,French Southern Territories
245334,E-mail Marketing,2025-03-14,Não Convertido,,0.0,Agressivo,Uzbekistan
245335,Instagram,2025-03-15,Não Convertido,,0.0,Agressivo,Norway
245336,Instagram,2025-03-12,Não Convertido,,0.0,Moderado,Vietnam
245337,Instagram,2025-03-10,Não Convertido,,0.0,Moderado,Israel
245338,Orgânico,2025-03-15,Não Convertido,,0.0,Agressivo,Czech Republic
245339,YouTube Ads,2025-03-13,Não Convertido,,0.0,Conservador,Liechtenstein
245340,Instagram,2025-03-14,Convertido,17.0,8376.96,Moderado,French Guiana
245341,TikTok,2025-03-11,Convertido,23.0,285.92,Moderado,French Guiana
245342,Google Ads,2025-03-15,Não Convertido,,0.0,Conservador,Ireland
245343,TikTok,2025-03-11,Não Convertido,,0.0,Desconhecido,Aruba
245344,YouTube Ads,2025-03-13,Não Convertido,,0.0,Agressivo,Oman
245345,Orgânico,2025-03-15,Convertido,2.0,6511.37,Moderado,Mali
245346,E-mail Marketing,2025-03-10,Não Convertido,,0.0,Agressivo,Saint Kitts and Nevis
245347,Orgânico,2025-03-15,Não Convertido,,0.0,Moderado,Bahamas
245348,Orgânico,2025-03-13,Não Convertido,,0.0,Conservador,Argentina
245349,Orgânico,2025-03-10,Convertido,4.0,6972.77,Agressivo,Yemen
245350,Indicação,2025-03-11,Não Convertido,,0.0,Desconhecido,Turkmenistan
245351,Orgânico,2025-03-13,Não Convertido,,0.0,Desconhecido,Lithuania
245352,TikTok,2025-03-14,Não Convertido,,0.0,Moderado,Denmark
245353,Orgânico,2025-03-14,Não Convertido,,0.0,Desconhecido,Bahrain
245354,YouTube Ads,2025-03-11,Não Convertido,,0.0,Agressivo,Guernsey
245355,YouTube Ads,2025-03-15,Não Convertido,,0.0,Agressivo,Sierra Leone
245356,WhatsApp,2025-03-10,Não Convertido,,0.0,Moderado,Montserrat
245357,WhatsApp,2025-03-10,Não Convertido,,0.0,Moderado,Cayman Islands
245358,Google Ads,2025-03-10,Não Convertido,,0.0,Agressivo,Holy See (Vatican City State)
245359,E-mail Marketing,2025-03-11,Não Convertido,,0.0,Agressivo,Sri Lanka
245360,Google Ads,2025-03-14,Convertido,14.0,8126.79,Desconhecido,Pitcairn Islands
245361,Orgânico,2025-03-14,Não Convertido,,0.0,Moderado,Haiti
245362,Google Ads,2025-03-10,Não Convertido,,0.0,Moderado,Canada
245363,Google Ads,2025-03-12,Não Convertido,,0.0,Agressivo,Grenada
245364,YouTube Ads,2025-03-15,Não Convertido,,0.0,Conservador,Finland
245365,Orgânico,2025-03-15,Não Convertido,,0.0,Desconhecido,Spain
245366,Instagram,2025-03-10,Não Convertido,,0.0,Agressivo,Norway
245367,Orgânico,2025-03-14,Não Convertido,,0.0,Moderado,Morocco
245368,Orgânico,2025-03-12,Não Convertido,,0.0,Moderado,Tanzania
245369,TikTok,2025-03-12,Não Convertido,,0.0,Moderado,Barbados
245370,WhatsApp,2025-03-13,Não Convertido,,0.0,Agressivo,Romania
245371,E-mail Marketing,2025-03-10,Não Convertido,,0.0,Moderado,Suriname
245372,Instagram,2025-03-13,Não Convertido,,0.0,Agressivo,Azerbaijan
245373,TikTok,2025-03-13,Não Convertido,,0.0,Agressivo,Sudan
245374,Instagram,2025-03-10,Não Convertido,,0.0,Moderado,United States Virgin Islands
245375,E-mail Marketing,2025-03-14,Não Convertido,,0.0,Moderado,Christmas Island
245376,Facebook,2025-03-12,Não Convertido,,0.0,Moderado,United States Virgin Islands
245377,E-mail Marketing,2025-03-14,Não Convertido,,0.0,Conservador,Congo
245378,Instagram,2025-03-15,Não Convertido,,0.0,Agressivo,Djibouti
245379,Facebook,2025-03-13,Não Convertido,,0.0,Agressivo,Palau
245380,TikTok,2025-03-12,Não Convertido,,0.0,Desconhecido,Haiti
245381,WhatsApp,2025-03-14,Não Convertido,,0.0,Desconhecido,Estonia
245382,Orgânico,2025-03-13,Não Convertido,,0.0,Agressivo,Indonesia
245383,Instagram,2025-03-15,Não Convertido,,0.0,Moderado,Myanmar
245384,TikTok,2025-03-15,Não Convertido,,0.0,Moderado,Turkey
245385,TikTok,2025-03-14,Não Convertido,,0.0,Moderado,Tanzania
245386,E-mail Marketing,2025-03-15,Não Convertido,,0.0,Conservador,Czech Republic
245387,E-mail Marketing,2025-03-11,Não Convertido,,0.0,Moderado,British Indian Ocean Territory (Chagos Archipelago)
245388,E-mail Marketing,2025-03-13,Não Convertido,,0.0,Conservador,Bulgaria
245389,Orgânico,2025-03-12,Não Convertido,,0.0,Moderado,Madagascar
245390,Orgânico,2025-03-11,Convertido,17.0,4169.11,Desconhecido,Uruguay
245391,YouTube Ads,2025-03-11,Não Convertido,,0.0,Desconhecido,Taiwan
245392,WhatsApp,2025-03-10,Não Convertido,,0.0,Moderado,American Samoa
245393,TikTok,2025-03-14,Não Convertido,,0.0,Moderado,Jersey
245394,E-mail Marketing,2025-03-13,Não Convertido,,0.0,Moderado,Belize
245395,Facebook,2025-03-11,Não Convertido,,0.0,Moderado,Cayman Islands
245396,Instagram,2025-03-11,Não Convertido,,0.0,Moderado,Belgium
245397,Google Ads,2025-03-15,Não Convertido,,0.0,Agressivo,Turks and Caicos Islands
245398,E-mail Marketing,2025-03-12,Não Convertido,,0.0,Agressivo,Guinea
245399,WhatsApp,2025-03-13,Não Convertido,,0.0,Agressivo,Trinidad and Tobago
245400,Google Ads,2025-03-10,Não Convertido,,0.0,Moderado,Saudi Arabia
245401,TikTok,2025-03-11,Não Convertido,,0.0,Agressivo,Romania
245402,E-mail Marketing,2025-03-15,Não Convertido,,0.0,Moderado,Kazakhstan
245403,Google Ads,2025-03-15,Não Convertido,,0.0,Moderado,Greece
245404,Facebook,2025-03-10,Não Convertido,,0.0,Conservador,Azerbaijan
245405,YouTube Ads,2025-03-14,Não Convertido,,0.0,Agressivo,Luxembourg
245406,Orgânico,2025-03-13,Não Convertido,,0.0,Moderado,Holy See (Vatican City State)
245407,Facebook,2025-03-11,Não Convertido,,0.0,Conservador,South Georgia and the South Sandwich Islands
245408,Instagram,2025-03-11,Não Convertido,,0.0,Desconhecido,British Indian Ocean Territory (Chagos Archipelago)
245409,Instagram,2025-03-10,Não Convertido,,0.0,Moderado,Isle of Man
245410,Facebook,2025-03-15,Não Convertido,,0.0,Desconhecido,Singapore
245411,Orgânico,2025-03-12,Não Convertido,,0.0,Conservador,Tonga
245412,Orgânico,2025-03-11,Não Convertido,,0.0,Moderado,Zambia
245413,E-mail Marketing,2025-03-11,Não Convertido,,0.0,Moderado,China
245414,WhatsApp,2025-03-11,Não Convertido,,0.0,Conservador,Ireland
245415,Google Ads,2025-03-12,Não Convertido,,0.0,Moderado,Papua New Guinea
245416,WhatsApp,2025-03-11,Não Convertido,,0.0,Agressivo,Guam
245417,Orgânico,2025-03-14,Não Convertido,,0.0,Moderado,Sao Tome and Principe
245418,Google Ads,2025-03-12,Não Convertido,,0.0,Agressivo,Indonesia
245419,Google Ads,2025-03-10,Não Convertido,,0.0,Agressivo,Uganda
245420,Instagram,2025-03-12,Não Convertido,,0.0,Moderado,Cocos (Keeling) Islands
245421,TikTok,2025-03-12,Não Convertido,,0.0,Conservador,Barbados
245422,Orgânico,2025-03-10,Não Convertido,,0.0,Desconhecido,Eritrea
245423,Instagram,2025-03-10,Não Convertido,,0.0,Conservador,Sweden
245424,TikTok,2025-03-15,Não Convertido,,0.0,Desconhecido,Seychelles
245425,E-mail Marketing,2025-03-13,Não Convertido,,0.0,Moderado,Anguilla
245426,Orgânico,2025-03-12,Não Convertido,,0.0,Conservador,Nepal
245427,E-mail Marketing,2025-03-11,Não Convertido,,0.0,Agressivo,Nepal
245428,Facebook,2025-03-11,Não Convertido,,0.0,Agressivo,Dominican Republic
245429,Google Ads,2025-03-12,Não Convertido,,0.0,Moderado,Philippines
245430,Instagram,2025-03-11,Convertido,8.0,2751.98,Agressivo,Australia
245431,Instagram,2025-03-10,Não Convertido,,0.0,Moderado,Saudi Arabia
245432,Instagram,2025-03-11,Não Convertido,,0.0,Conservador,Lebanon
245433,Facebook,2025-03-15,Não Convertido,,0.0,Agressivo,Ukraine
245434,E-mail Marketing,2025-03-10,Não Convertido,,0.0,Conservador,Bermuda
245435,WhatsApp,2025-03-14,Não Convertido,,0.0,Moderado,New Caledonia
245436,Orgânico,2025-03-11,Não Convertido,,0.0,Moderado,Tokelau
245437,Google Ads,2025-03-10,Não Convertido,,0.0,Moderado,Israel
245438,Instagram,2025-03-10,Não Convertido,,0.0,Agressivo,Macao
245439,TikTok,2025-03-11,Não Convertido,,0.0,Agressivo,Honduras
245440,Instagram,2025-03-11,Convertido,28.0,9784.01,Moderado,Isle of Man
245441,TikTok,2025-03-12,Não Convertido,,0.0,Conservador,Latvia
245442,WhatsApp,2025-03-10,Não Convertido,,0.0,Agressivo,Moldova
245443,Instagram,2025-03-10,Não Convertido,,0.0,Moderado,Swaziland
245444,Orgânico,2025-03-13,Não Convertido,,0.0,Desconhecido,Faroe Islands
245445,WhatsApp,2025-03-11,Não Convertido,,0.0,Agressivo,Uzbekistan
245446,WhatsApp,2025-03-15,Não Convertido,,0.0,Conservador,Falkland Islands (Malvinas)
245447,TikTok,2025-03-11,Não Convertido,,0.0,Conservador,New Caledonia
245448,Facebook,2025-03-15,Não Convertido,,0.0,Moderado,American Samoa
245449,Instagram,2025-03-14,Não Convertido,,0.0,Agressivo,Aruba
245450,WhatsApp,2025-03-11,Não Convertido,,0.0,Conservador,Malta
245451,Instagram,2025-03-14,Não Convertido,,0.0,Agressivo,Armenia
245452,E-mail Marketing,2025-03-11,Não Convertido,,0.0,Moderado,France
245453,Google Ads,2025-03-14,Não Convertido,,0.0,Conservador,Denmark
245454,Orgânico,2025-03-11,Não Convertido,,0.0,Moderado,Gibraltar
245455,TikTok,2025-03-12,Não Convertido,,0.0,Desconhecido,Guinea-Bissau
245456,Orgânico,2025-03-14,Não Convertido,,0.0,Agressivo,New Zealand
245457,YouTube Ads,2025-03-10,Não Convertido,,0.0,Moderado,Philippines
245458,WhatsApp,2025-03-13,Não Convertido,,0.0,Moderado,Mauritius
245459,Instagram,2025-03-11,Não Convertido,,0.0,Conservador,Samoa
245460,Google Ads,2025-03-10,Não Convertido,,0.0,Conservador,Reunion
245461,TikTok,2025-03-12,Não Convertido,,0.0,Moderado,Gabon
245462,TikTok,2025-03-14,Não Convertido,,0.0,Moderado,Saint Martin
245463,E-mail Marketing,2025-03-11,Não Convertido,,0.0,Conservador,Japan
245464,TikTok,2025-03-12,Não Convertido,,0.0,Moderado,Slovakia (Slovak Republic)
245465,Facebook,2025-03-11,Convertido,14.0,1718.78,Agressivo,Iran
245466,Facebook,2025-03-12,Não Convertido,,0.0,Desconhecido,Sri Lanka
245467,Instagram,2025-03-15,Não Convertido,,0.0,Moderado,Uganda
245468,Facebook,2025-03-12,Não Convertido,,0.0,Moderado,Saint Martin
245469,Google Ads,2025-03-15,Não Convertido,,0.0,Moderado,Thailand
245470,E-mail Marketing,2025-03-14,Não Convertido,,0.0,Agressivo,Marshall Islands
245471,Instagram,2025-03-15,Não Convertido,,0.0,Moderado,Palestinian Territory
245472,Facebook,2025-03-11,Não Convertido,,0.0,Moderado,Cape Verde
245473,Indicação,2025-03-15,Não Convertido,,0.0,Desconhecido,Norfolk Island
245474,Orgânico,2025-03-13,Não Convertido,,0.0,Moderado,Tokelau
245475,E-mail Marketing,2025-03-10,Não Convertido,,0.0,Conservador,Fiji
245476,TikTok,2025-03-15,Não Convertido,,0.0,Moderado,Heard Island and McDonald Islands
245477,Orgânico,2025-03-13,Não Convertido,,0.0,Agressivo,Comoros
245478,E-mail Marketing,2025-03-13,Não Convertido,,0.0,Conservador,Kiribati
245479,WhatsApp,2025-03-10,Não Convertido,,0.0,Conservador,Togo
245480,Facebook,2025-03-14,Não Convertido,,0.0,Moderado,Slovenia
245481,Indicação,2025-03-11,Não Convertido,,0.0,Desconhecido,Ghana
245482,Instagram,2025-03-10,Não Convertido,,0.0,Moderado,Sudan
245483,Instagram,2025-03-10,Não Convertido,,0.0,Moderado,Belgium
245484,TikTok,2025-03-12,Não Convertido,,0.0,Conservador,Sri Lanka
245485,E-mail Marketing,2025-03-15,Não Convertido,,0.0,Desconhecido,Saudi Arabia
245486,Instagram,2025-03-13,Não Convertido,,0.0,Desconhecido,Ghana
245487,Indicação,2025-03-11,Não Convertido,,0.0,Conservador,Bosnia and Herzegovina
245488,TikTok,2025-03-10,Não Convertido,,0.0,Moderado,Belize
245489,TikTok,2025-03-14,Não Convertido,,0.0,Conservador,Marshall Islands
245490,Instagram,2025-03-13,Não Convertido,,0.0,Moderado,Chile
245491,TikTok,2025-03-13,Não Convertido,,0.0,Conservador,Anguilla
245492,Instagram,2025-03-10,Não Convertido,,0.0,Desconhecido,Estonia
245493,Indicação,2025-03-14,Não Convertido,,0.0,Desconhecido,Palestinian Territory
245494,Orgânico,2025-03-11,Convertido,29.0,3161.26,Agressivo,Cocos (Keeling) Islands
245495,Facebook,2025-03-13,Convertido,1.0,1829.63,Moderado,Mauritania
245496,Google Ads,2025-03-10,Não Convertido,,0.0,Agressivo,Papua New Guinea
245497,Instagram,2025-03-10,Não Convertido,,0.0,Moderado,Suriname
245498,Indicação,2025-03-13,Não Convertido,,0.0,Desconhecido,Pakistan
245499,TikTok,2025-03-13,Convertido,14.0,7237.67,Agressivo,Estonia
245500,Facebook,2025-03-13,Não Convertido,,0.0,Conservador,Heard Island and McDonald Islands
245501,E-mail Marketing,2025-03-11,Não Convertido,,0.0,Moderado,Mali
245502,E-mail Marketing,2025-03-14,Não Convertido,,0.0,Moderado,Pitcairn Islands
245503,Orgânico,2025-03-11,Não Convertido,,0.0,Agressivo,Madagascar
245504,Orgânico,2025-03-10,Não Convertido,,0.0,Moderado,Kuwait
245505,YouTube Ads,2025-03-11,Não Convertido,,0.0,Conservador,Hungary
245506,TikTok,2025-03-15,Não Convertido,,0.0,Agressivo,United States Minor Outlying Islands
245507,Instagram,2025-03-10,Não Convertido,,0.0,Conservador,Thailand
245508,Instagram,2025-03-10,Convertido,3.0,9287.59,Moderado,Monaco
245509,Instagram,2025-03-14,Não Convertido,,0.0,Conservador,Egypt
245510,TikTok,2025-03-10,Não Convertido,,0.0,Agressivo,Chile
245511,Google Ads,2025-03-10,Não Convertido,,0.0,Moderado,El Salvador
245512,Orgânico,2025-03-10,Não Convertido,,0.0,Desconhecido,Madagascar
245513,YouTube Ads,2025-03-14,Não Convertido,,0.0,Conservador,Turkmenistan
245514,TikTok,2025-03-11,Não Convertido,,0.0,Moderado,Belgium
245515,YouTube Ads,2025-03-10,Não Convertido,,0.0,Agressivo,Faroe Islands
245516,E-mail Marketing,2025-03-15,Não Convertido,,0.0,Conservador,Jersey
245517,Instagram,2025-03-12,Não Convertido,,0.0,Moderado,Poland
245518,Facebook,2025-03-14,Não Convertido,,0.0,Conservador,Sao Tome and Principe
245519,Orgânico,2025-03-11,Não Convertido,,0.0,Agressivo,Uruguay
245520,WhatsApp,2025-03-14,Não Convertido,,0.0,Agressivo,Saint Pierre and Miquelon
245521,TikTok,2025-03-15,Convertido,20.0,7890.28,Conservador,Faroe Islands
245522,Facebook,2025-03-15,Não Convertido,,0.0,Conservador,Isle of Man
245523,Instagram,2025-03-12,Não Convertido,,0.0,Moderado,Singapore
245524,Instagram,2025-03-12,Não Convertido,,0.0,Moderado,Netherlands
245525,Orgânico,2025-03-15,Não Convertido,,0.0,Desconhecido,Heard Island and McDonald Islands
245526,E-mail Marketing,2025-03-12,Não Convertido,,0.0,Desconhecido,Tunisia
245527,WhatsApp,2025-03-11,Não Convertido,,0.0,Moderado,Puerto Rico
245528,Indicação,2025-03-14,Não Convertido,,0.0,Moderado,Switzerland
245529,Google Ads,2025-03-13,Não Convertido,,0.0,Moderado,Dominican Republic
245530,TikTok,2025-03-12,Não Convertido,,0.0,Agressivo,Germany
245531,TikTok,2025-03-12,Não Convertido,,0.0,Agressivo,Nigeria
245532,Instagram,2025-03-13,Não Convertido,,0.0,Desconhecido,North Macedonia
245533,E-mail Marketing,2025-03-11,Não Convertido,,0.0,Agressivo,Burkina Faso
245534,Orgânico,2025-03-14,Não Convertido,,0.0,Moderado,Rwanda
245535,WhatsApp,2025-03-12,Não Convertido,,0.0,Desconhecido,Bhutan
245536,Google Ads,2025-03-14,Não Convertido,,0.0,Desconhecido,South Georgia and the South Sandwich Islands
245537,Orgânico,2025-03-15,Não Convertido,,0.0,Agressivo,Fiji
245538,Instagram,2025-03-10,Não Convertido,,0.0,Conservador,Tanzania
245539,Orgânico,2025-03-13,Não Convertido,,0.0,Moderado,Belarus
245540,WhatsApp,2025-03-14,Não Convertido,,0.0,Moderado,Israel
245541,TikTok,2025-03-11,Não Convertido,,0.0,Conservador,Argentina
245542,Facebook,2025-03-11,Não Convertido,,0.0,Moderado,Anguilla
245543,Instagram,2025-03-11,Não Convertido,,0.0,Desconhecido,Cocos (Keeling) Islands
245544,Google Ads,2025-03-13,Não Convertido,,0.0,Agressivo,Vietnam
245545,WhatsApp,2025-03-13,Não Convertido,,0.0,Conservador,Slovakia (Slovak Republic)
245546,Facebook,2025-03-15,Não Convertido,,0.0,Moderado,Saint Pierre and Miquelon
245547,YouTube Ads,2025-03-13,Não Convertido,,0.0,Moderado,Barbados
245548,YouTube Ads,2025-03-14,Não Convertido,,0.0,Agressivo,Uruguay
245549,YouTube Ads,2025-03-11,Não Convertido,,0.0,Desconhecido,Tanzania
245550,Instagram,2025-03-11,Não Convertido,,0.0,Conservador,Portugal
245551,E-mail Marketing,2025-03-11,Não Convertido,,0.0,Moderado,Central African Republic
245552,WhatsApp,2025-03-13,Não Convertido,,0.0,Moderado,Korea
245553,E-mail Marketing,2025-03-10,Não Convertido,,0.0,Moderado,Malawi
245554,Instagram,2025-03-15,Não Convertido,,0.0,Agressivo,Antigua and Barbuda
245555,YouTube Ads,2025-03-14,Convertido,4.0,4744.1,Agressivo,San Marino
245556,E-mail Marketing,2025-03-13,Não Convertido,,0.0,Moderado,Tanzania
245557,YouTube Ads,2025-03-15,Não Convertido,,0.0,Conservador,Brunei Darussalam
245558,Instagram,2025-03-11,Não Convertido,,0.0,Moderado,Egypt
245559,Instagram,2025-03-13,Não Convertido,,0.0,Moderado,Netherlands Antilles
245560,TikTok,2025-03-14,Não Convertido,,0.0,Agressivo,Latvia
245561,WhatsApp,2025-03-15,Convertido,19.0,1029.55,Agressivo,Senegal
245562,YouTube Ads,2025-03-15,Não Convertido,,0.0,Moderado,Djibouti
245563,Instagram,2025-03-13,Não Convertido,,0.0,Moderado,Jamaica
245564,YouTube Ads,2025-03-12,Não Convertido,,0.0,Agressivo,United States of America
245565,Orgânico,2025-03-10,Não Convertido,,0.0,Moderado,Cote d'Ivoire
245566,TikTok,2025-03-14,Não Convertido,,0.0,Moderado,Northern Mariana Islands
245567,Google Ads,2025-03-15,Não Convertido,,0.0,Desconhecido,Albania
245568,YouTube Ads,2025-03-11,Não Convertido,,0.0,Agressivo,Turkmenistan
245569,Indicação,2025-03-13,Não Convertido,,0.0,Conservador,Montenegro
245570,Orgânico,2025-03-13,Não Convertido,,0.0,Moderado,Serbia
245571,Orgânico,2025-03-12,Não Convertido,,0.0,Moderado,Cyprus
245572,Orgânico,2025-03-13,Não Convertido,,0.0,Conservador,Mali
245573,E-mail Marketing,2025-03-15,Não Convertido,,0.0,Moderado,Sierra Leone
245574,TikTok,2025-03-11,Não Convertido,,0.0,Conservador,Iraq
245575,TikTok,2025-03-15,Não Convertido,,0.0,Moderado,Ghana
245576,YouTube Ads,2025-03-10,Não Convertido,,0.0,Moderado,Fiji
245577,Instagram,2025-03-13,Não Convertido,,0.0,Conservador,Rwanda
245578,E-mail Marketing,2025-03-15,Não Convertido,,0.0,Moderado,American Samoa
245579,Orgânico,2025-03-15,Não Convertido,,0.0,Conservador,Slovakia (Slovak Republic)
245580,WhatsApp,2025-03-12,Não Convertido,,0.0,Agressivo,Iraq
245581,Google Ads,2025-03-10,Não Convertido,,0.0,Moderado,Argentina
245582,Orgânico,2025-03-10,Não Convertido,,0.0,Conservador,Morocco
245583,Google Ads,2025-03-15,Não Convertido,,0.0,Moderado,Morocco
245584,E-mail Marketing,2025-03-12,Não Convertido,,0.0,Agressivo,Tajikistan
245585,Google Ads,2025-03-13,Não Convertido,,0.0,Agressivo,United States of America
245586,Google Ads,2025-03-13,Não Convertido,,0.0,Agressivo,United States Virgin Islands
245587,Orgânico,2025-03-12,Não Convertido,,0.0,Desconhecido,Zambia
245588,Instagram,2025-03-14,Não Convertido,,0.0,Agressivo,Gabon
245589,Orgânico,2025-03-11,Não Convertido,,0.0,Agressivo,Russian Federation
245590,Orgânico,2025-03-12,Convertido,29.0,3666.94,Agressivo,Botswana
245591,Instagram,2025-03-10,Não Convertido,,0.0,Desconhecido,Netherlands
245592,Google Ads,2025-03-10,Não Convertido,,0.0,Conservador,Tokelau
245593,Instagram,2025-03-11,Não Convertido,,0.0,Moderado,South Africa
245594,Google Ads,2025-03-12,Não Convertido,,0.0,Conservador,British Virgin Islands
245595,YouTube Ads,2025-03-15,Não Convertido,,0.0,Desconhecido,Venezuela
245596,Instagram,2025-03-12,Não Convertido,,0.0,Agressivo,Sweden
245597,YouTube Ads,2025-03-13,Não Convertido,,0.0,Moderado,Lao People's Democratic Republic
245598,Instagram,2025-03-13,Não Convertido,,0.0,Moderado,Equatorial Guinea
245599,Facebook,2025-03-12,Não Convertido,,0.0,Agressivo,Palestinian Territory
245600,E-mail Marketing,2025-03-11,Não Convertido,,0.0,Agressivo,France
245601,Indicação,2025-03-12,Não Convertido,,0.0,Desconhecido,Dominica
245602,Orgânico,2025-03-13,Não Convertido,,0.0,Moderado,Peru
245603,TikTok,2025-03-11,Não Convertido,,0.0,Moderado,Syrian Arab Republic
245604,TikTok,2025-03-12,Não Convertido,,0.0,Conservador,Albania
245605,Google Ads,2025-03-14,Não Convertido,,0.0,Conservador,Sudan
245606,YouTube Ads,2025-03-13,Não Convertido,,0.0,Agressivo,Myanmar
245607,Indicação,2025-03-15,Não Convertido,,0.0,Moderado,Malaysia
245608,Orgânico,2025-03-15,Não Convertido,,0.0,Moderado,Svalbard & Jan Mayen Islands
245609,TikTok,2025-03-13,Não Convertido,,0.0,Desconhecido,Pakistan
245610,E-mail Marketing,2025-03-15,Não Convertido,,0.0,Moderado,Faroe Islands
245611,Google Ads,2025-03-14,Não Convertido,,0.0,Desconhecido,Montenegro
245612,Google Ads,2025-03-12,Não Convertido,,0.0,Conservador,Georgia
245613,Instagram,2025-03-12,Não Convertido,,0.0,Moderado,Hong Kong
245614,Instagram,2025-03-12,Não Convertido,,0.0,Agressivo,Jordan
245615,Orgânico,2025-03-13,Não Convertido,,0.0,Conservador,Timor-Leste
245616,E-mail Marketing,2025-03-12,Não Convertido,,0.0,Desconhecido,Cuba
245617,TikTok,2025-03-11,Não Convertido,,0.0,Conservador,Palau
245618,Instagram,2025-03-11,Não Convertido,,0.0,Agressivo,Estonia
245619,TikTok,2025-03-12,Não Convertido,,0.0,Conservador,Cote d'Ivoire
245620,Instagram,2025-03-14,Não Convertido,,0.0,Conservador,Australia
245621,TikTok,2025-03-14,Não Convertido,,0.0,Conservador,Gabon
245622,WhatsApp,2025-03-10,Não Convertido,,0.0,Moderado,Pitcairn Islands
245623,WhatsApp,2025-03-12,Não Convertido,,0.0,Agressivo,Niger
245624,Instagram,2025-03-13,Convertido,16.0,8474.15,Conservador,Somalia
245625,Facebook,2025-03-15,Não Convertido,,0.0,Agressivo,Uruguay
245626,Instagram,2025-03-13,Convertido,9.0,5791.75,Agressivo,Malta
245627,TikTok,2025-03-15,Não Convertido,,0.0,Moderado,Czech Republic
245628,Facebook,2025-03-13,Não Convertido,,0.0,Moderado,United States of America
245629,YouTube Ads,2025-03-13,Não Convertido,,0.0,Moderado,Guinea-Bissau
245630,Facebook,2025-03-13,Não Convertido,,0.0,Conservador,Zimbabwe
245631,TikTok,2025-03-11,Não Convertido,,0.0,Conservador,Svalbard & Jan Mayen Islands
245632,Orgânico,2025-03-14,Não Convertido,,0.0,Desconhecido,United Arab Emirates
245633,Orgânico,2025-03-13,Não Convertido,,0.0,Conservador,Brazil
245634,Orgânico,2025-03-14,Não Convertido,,0.0,Moderado,Sweden
245635,WhatsApp,2025-03-12,Não Convertido,,0.0,Agressivo,Saint Vincent and the Grenadines
245636,Orgânico,2025-03-12,Não Convertido,,0.0,Conservador,Brunei Darussalam
245637,Facebook,2025-03-13,Não Convertido,,0.0,Conservador,Lesotho
245638,YouTube Ads,2025-03-11,Não Convertido,,0.0,Agressivo,Guadeloupe
245639,YouTube Ads,2025-03-10,Não Convertido,,0.0,Moderado,Slovakia (Slovak Republic)
245640,Google Ads,2025-03-12,Não Convertido,,0.0,Agressivo,Uruguay
245641,TikTok,2025-03-15,Não Convertido,,0.0,Agressivo,Algeria
245642,WhatsApp,2025-03-11,Não Convertido,,0.0,Conservador,South Africa
245643,WhatsApp,2025-03-15,Não Convertido,,0.0,Moderado,Guam
245644,E-mail Marketing,2025-03-10,Não Convertido,,0.0,Conservador,Suriname
245645,E-mail Marketing,2025-03-15,Não Convertido,,0.0,Moderado,Bosnia and Herzegovina
245646,Orgânico,2025-03-13,Não Convertido,,0.0,Agressivo,Iraq
245647,TikTok,2025-03-14,Não Convertido,,0.0,Desconhecido,Panama
245648,Orgânico,2025-03-10,Não Convertido,,0.0,Agressivo,Uganda
245649,Facebook,2025-03-15,Não Convertido,,0.0,Moderado,Malaysia
245650,Orgânico,2025-03-11,Não Convertido,,0.0,Conservador,Georgia
245651,E-mail Marketing,2025-03-11,Não Convertido,,0.0,Moderado,Mauritius
245652,Google Ads,2025-03-13,Não Convertido,,0.0,Agressivo,Gambia
245653,E-mail Marketing,2025-03-13,Não Convertido,,0.0,Conservador,Falkland Islands (Malvinas)
245654,Instagram,2025-03-15,Não Convertido,,0.0,Agressivo,Bhutan
245655,WhatsApp,2025-03-11,Não Convertido,,0.0,Moderado,North Macedonia
245656,Orgânico,2025-03-15,Não Convertido,,0.0,Moderado,Iceland
245657,YouTube Ads,2025-03-12,Não Convertido,,0.0,Moderado,Turkmenistan
245658,Orgânico,2025-03-10,Não Convertido,,0.0,Conservador,Latvia
245659,E-mail Marketing,2025-03-11,Não Convertido,,0.0,Conservador,Iceland
245660,Orgânico,2025-03-12,Não Convertido,,0.0,Desconhecido,Kenya
245661,Facebook,2025-03-10,Não Convertido,,0.0,Agressivo,British Indian Ocean Territory (Chagos Archipelago)
245662,Facebook,2025-03-11,Não Convertido,,0.0,Moderado,Saint Lucia
245663,Instagram,2025-03-15,Não Convertido,,0.0,Conservador,Guatemala
245664,Facebook,2025-03-12,Não Convertido,,0.0,Agressivo,Lao People's Democratic Republic
245665,Facebook,2025-03-11,Não Convertido,,0.0,Desconhecido,Pitcairn Islands
245666,Indicação,2025-03-11,Não Convertido,,0.0,Moderado,Malaysia
245667,E-mail Marketing,2025-03-15,Convertido,26.0,1320.34,Moderado,Palestinian Territory
245668,Google Ads,2025-03-14,Não Convertido,,0.0,Conservador,Oman
245669,Facebook,2025-03-10,Não Convertido,,0.0,Agressivo,Mongolia
245670,TikTok,2025-03-11,Não Convertido,,0.0,Desconhecido,Syrian Arab Republic
245671,Orgânico,2025-03-13,Não Convertido,,0.0,Moderado,Greenland
245672,TikTok,2025-03-12,Não Convertido,,0.0,Moderado,Jamaica
245673,E-mail Marketing,2025-03-15,Não Convertido,,0.0,Moderado,Guinea-Bissau
245674,Google Ads,2025-03-10,Não Convertido,,0.0,Moderado,Kiribati
245675,TikTok,2025-03-12,Não Convertido,,0.0,Agressivo,Congo
245676,Google Ads,2025-03-15,Não Convertido,,0.0,Conservador,Martinique
245677,Instagram,2025-03-14,Não Convertido,,0.0,Conservador,Bangladesh
245678,Orgânico,2025-03-11,Não Convertido,,0.0,Moderado,Netherlands Antilles
245679,TikTok,2025-03-10,Não Convertido,,0.0,Conservador,Palestinian Territory
245680,E-mail Marketing,2025-03-11,Não Convertido,,0.0,Agressivo,Kenya
245681,Google Ads,2025-03-11,Não Convertido,,0.0,Desconhecido,Austria
245682,Orgânico,2025-03-12,Não Convertido,,0.0,Desconhecido,Papua New Guinea
245683,Facebook,2025-03-14,Não Convertido,,0.0,Conservador,Barbados
245684,Facebook,2025-03-12,Não Convertido,,0.0,Conservador,Lesotho
245685,Orgânico,2025-03-12,Não Convertido,,0.0,Agressivo,Congo
245686,YouTube Ads,2025-03-15,Não Convertido,,0.0,Agressivo,Azerbaijan
245687,TikTok,2025-03-15,Não Convertido,,0.0,Conservador,New Zealand
245688,Instagram,2025-03-14,Não Convertido,,0.0,Agressivo,Nicaragua
245689,TikTok,2025-03-12,Não Convertido,,0.0,Desconhecido,Paraguay
245690,TikTok,2025-03-12,Não Convertido,,0.0,Agressivo,Azerbaijan
245691,Facebook,2025-03-11,Não Convertido,,0.0,Conservador,Croatia
245692,Orgânico,2025-03-12,Não Convertido,,0.0,Moderado,Zimbabwe
245693,Instagram,2025-03-15,Não Convertido,,0.0,Agressivo,Algeria
245694,TikTok,2025-03-15,Não Convertido,,0.0,Desconhecido,Trinidad and Tobago
245695,Instagram,2025-03-14,Não Convertido,,0.0,Conservador,Mali
245696,TikTok,2025-03-13,Não Convertido,,0.0,Moderado,Ukraine
245697,E-mail Marketing,2025-03-12,Não Convertido,,0.0,Agressivo,Tonga
245698,Orgânico,2025-03-15,Não Convertido,,0.0,Moderado,Turkmenistan
245699,Facebook,2025-03-14,Não Convertido,,0.0,Conservador,Fiji
245700,YouTube Ads,2025-03-12,Não Convertido,,0.0,Moderado,Panama
245701,Orgânico,2025-03-10,Não Convertido,,0.0,Conservador,Namibia
245702,Google Ads,2025-03-14,Não Convertido,,0.0,Moderado,New Zealand
245703,TikTok,2025-03-11,Não Convertido,,0.0,Agressivo,Bermuda
245704,YouTube Ads,2025-03-15,Não Convertido,,0.0,Agressivo,Saint Pierre and Miquelon
245705,Orgânico,2025-03-13,Convertido,4.0,6510.95,Conservador,Andorra
245706,Google Ads,2025-03-10,Não Convertido,,0.0,Moderado,Gibraltar
245707,Instagram,2025-03-15,Não Convertido,,0.0,Moderado,Yemen
245708,Instagram,2025-03-15,Não Convertido,,0.0,Conservador,Guam
245709,Indicação,2025-03-15,Não Convertido,,0.0,Moderado,Iceland
245710,TikTok,2025-03-15,Não Convertido,,0.0,Conservador,Lao People's Democratic Republic
245711,E-mail Marketing,2025-03-12,Não Convertido,,0.0,Conservador,Papua New Guinea
245712,Orgânico,2025-03-11,Não Convertido,,0.0,Moderado,Malawi
245713,Instagram,2025-03-14,Não Convertido,,0.0,Moderado,Ethiopia
245714,Facebook,2025-03-13,Não Convertido,,0.0,Agressivo,Russian Federation
245715,E-mail Marketing,2025-03-13,Não Convertido,,0.0,Moderado,Rwanda
245716,TikTok,2025-03-15,Não Convertido,,0.0,Moderado,Luxembourg
245717,Google Ads,2025-03-14,Não Convertido,,0.0,Conservador,Montenegro
245718,Google Ads,2025-03-14,Não Convertido,,0.0,Conservador,Moldova
245719,WhatsApp,2025-03-15,Não Convertido,,0.0,Moderado,New Caledonia
245720,Orgânico,2025-03-14,Não Convertido,,0.0,Desconhecido,France
245721,Orgânico,2025-03-14,Não Convertido,,0.0,Moderado,Fiji
245722,Instagram,2025-03-12,Não Convertido,,0.0,Moderado,Afghanistan
245723,TikTok,2025-03-14,Não Convertido,,0.0,Moderado,Latvia
245724,Indicação,2025-03-15,Não Convertido,,0.0,Moderado,Iceland
245725,Instagram,2025-03-10,Não Convertido,,0.0,Agressivo,Yemen
245726,Instagram,2025-03-12,Não Convertido,,0.0,Agressivo,Lao People's Democratic Republic
245727,TikTok,2025-03-10,Não Convertido,,0.0,Desconhecido,Chad
245728,WhatsApp,2025-03-13,Não Convertido,,0.0,Conservador,Iceland
245729,TikTok,2025-03-10,Não Convertido,,0.0,Agressivo,Thailand
245730,Orgânico,2025-03-11,Não Convertido,,0.0,Conservador,Brunei Darussalam
245731,E-mail Marketing,2025-03-14,Não Convertido,,0.0,Moderado,Anguilla
245732,YouTube Ads,2025-03-11,Não Convertido,,0.0,Agressivo,Sierra Leone
245733,Indicação,2025-03-15,Não Convertido,,0.0,Moderado,Slovenia
245734,Orgânico,2025-03-15,Não Convertido,,0.0,Conservador,Saint Helena
245735,Facebook,2025-03-14,Não Convertido,,0.0,Conservador,Chad
245736,Facebook,2025-03-10,Não Convertido,,0.0,Moderado,Taiwan
245737,Instagram,2025-03-11,Não Convertido,,0.0,Conservador,Sweden
245738,YouTube Ads,2025-03-15,Não Convertido,,0.0,Conservador,Cocos (Keeling) Islands
245739,Facebook,2025-03-14,Não Convertido,,0.0,Moderado,Cyprus
245740,YouTube Ads,2025-03-13,Não Convertido,,0.0,Agressivo,Ecuador
245741,TikTok,2025-03-12,Não Convertido,,0.0,Moderado,Swaziland
245742,Instagram,2025-03-10,Não Convertido,,0.0,Agressivo,Azerbaijan
245743,Instagram,2025-03-10,Não Convertido,,0.0,Conservador,Norfolk Island
245744,Orgânico,2025-03-11,Não Convertido,,0.0,Moderado,Albania
245745,WhatsApp,2025-03-14,Não Convertido,,0.0,Conservador,Ecuador
245746,Facebook,2025-03-15,Não Convertido,,0.0,Agressivo,Montserrat
245747,TikTok,2025-03-13,Não Convertido,,0.0,Moderado,Brazil
245748,TikTok,2025-03-11,Não Convertido,,0.0,Moderado,Bangladesh
245749,Indicação,2025-03-13,Não Convertido,,0.0,Moderado,Guinea
245750,Orgânico,2025-03-13,Não Convertido,,0.0,Agressivo,Estonia
245751,E-mail Marketing,2025-03-12,Não Convertido,,0.0,Moderado,Saint Barthelemy
245752,Orgânico,2025-03-11,Não Convertido,,0.0,Moderado,Cape Verde
245753,Orgânico,2025-03-14,Não Convertido,,0.0,Agressivo,Libyan Arab Jamahiriya
245754,WhatsApp,2025-03-13,Não Convertido,,0.0,Conservador,Niger
245755,Orgânico,2025-03-12,Não Convertido,,0.0,Agressivo,Trinidad and Tobago
245756,TikTok,2025-03-15,Não Convertido,,0.0,Agressivo,Bermuda
245757,TikTok,2025-03-14,Não Convertido,,0.0,Desconhecido,Nicaragua
245758,TikTok,2025-03-10,Não Convertido,,0.0,Agressivo,Timor-Leste
245759,Google Ads,2025-03-15,Não Convertido,,0.0,Agressivo,Palau
245760,E-mail Marketing,2025-03-12,Não Convertido,,0.0,Agressivo,Zambia
245761,Google Ads,2025-03-12,Não Convertido,,0.0,Conservador,Mexico
245762,Instagram,2025-03-12,Não Convertido,,0.0,Desconhecido,Barbados
245763,E-mail Marketing,2025-03-10,Não Convertido,,0.0,Moderado,Ecuador
245764,Google Ads,2025-03-10,Não Convertido,,0.0,Moderado,Andorra
245765,WhatsApp,2025-03-13,Não Convertido,,0.0,Moderado,Germany
245766,Orgânico,2025-03-14,Não Convertido,,0.0,Conservador,Cocos (Keeling) Islands
245767,TikTok,2025-03-10,Não Convertido,,0.0,Moderado,Israel
245768,WhatsApp,2025-03-11,Não Convertido,,0.0,Agressivo,Cocos (Keeling) Islands
245769,Facebook,2025-03-15,Não Convertido,,0.0,Desconhecido,Puerto Rico
245770,Indicação,2025-03-14,Não Convertido,,0.0,Agressivo,Spain
245771,Instagram,2025-03-11,Não Convertido,,0.0,Conservador,Cyprus
245772,Facebook,2025-03-13,Não Convertido,,0.0,Conservador,Rwanda
245773,Instagram,2025-03-11,Não Convertido,,0.0,Moderado,Gambia
245774,Instagram,2025-03-10,Não Convertido,,0.0,Conservador,Bahamas
245775,WhatsApp,2025-03-10,Não Convertido,,0.0,Conservador,Portugal
245776,E-mail Marketing,2025-03-15,Não Convertido,,0.0,Moderado,Aruba
245777,Facebook,2025-03-11,Não Convertido,,0.0,Agressivo,Slovenia
245778,E-mail Marketing,2025-03-13,Não Convertido,,0.0,Moderado,Uganda
245779,Orgânico,2025-03-11,Não Convertido,,0.0,Moderado,Peru
245780,Orgânico,2025-03-15,Não Convertido,,0.0,Moderado,Antigua and Barbuda
245781,WhatsApp,2025-03-12,Não Convertido,,0.0,Agressivo,Mongolia
245782,TikTok,2025-03-11,Não Convertido,,0.0,Agressivo,Angola
245783,Instagram,2025-03-12,Não Convertido,,0.0,Moderado,Ghana
245784,TikTok,2025-03-13,Não Convertido,,0.0,Desconhecido,Fiji
245785,TikTok,2025-03-10,Não Convertido,,0.0,Conservador,Nauru
245786,E-mail Marketing,2025-03-13,Não Convertido,,0.0,Desconhecido,Aruba
245787,E-mail Marketing,2025-03-10,Não Convertido,,0.0,Conservador,Puerto Rico
245788,Facebook,2025-03-15,Não Convertido,,0.0,Moderado,Monaco
245789,Instagram,2025-03-10,Não Convertido,,0.0,Conservador,Andorra
245790,Indicação,2025-03-14,Não Convertido,,0.0,Agressivo,New Zealand
245791,Instagram,2025-03-14,Não Convertido,,0.0,Desconhecido,Faroe Islands
245792,Instagram,2025-03-10,Não Convertido,,0.0,Moderado,Jamaica
245793,Google Ads,2025-03-11,Não Convertido,,0.0,Conservador,Reunion
245794,Orgânico,2025-03-13,Não Convertido,,0.0,Moderado,El Salvador
245795,WhatsApp,2025-03-10,Não Convertido,,0.0,Conservador,Nauru
245796,Instagram,2025-03-10,Não Convertido,,0.0,Desconhecido,Barbados
245797,Orgânico,2025-03-12,Convertido,22.0,9662.71,Conservador,Philippines
245798,WhatsApp,2025-03-13,Não Convertido,,0.0,Moderado,Russian Federation
245799,TikTok,2025-03-10,Convertido,2.0,80.57,Moderado,Swaziland
245800,Facebook,2025-03-11,Não Convertido,,0.0,Agressivo,Bermuda
245801,E-mail Marketing,2025-03-15,Não Convertido,,0.0,Moderado,Bhutan
245802,YouTube Ads,2025-03-13,Não Convertido,,0.0,Moderado,Isle of Man
245803,WhatsApp,2025-03-15,Não Convertido,,0.0,Agressivo,North Macedonia
245804,TikTok,2025-03-14,Não Convertido,,0.0,Agressivo,Indonesia
245805,Instagram,2025-03-14,Não Convertido,,0.0,Conservador,Guinea-Bissau
245806,YouTube Ads,2025-03-13,Não Convertido,,0.0,Conservador,Niger
245807,Orgânico,2025-03-14,Não Convertido,,0.0,Agressivo,Norfolk Island
245808,Instagram,2025-03-10,Não Convertido,,0.0,Moderado,Dominican Republic
245809,Facebook,2025-03-14,Não Convertido,,0.0,Agressivo,Congo
245810,Orgânico,2025-03-13,Não Convertido,,0.0,Desconhecido,Korea
245811,Facebook,2025-03-13,Não Convertido,,0.0,Conservador,Turkey
245812,Indicação,2025-03-11,Convertido,11.0,447.42,Agressivo,Kyrgyz Republic
245813,TikTok,2025-03-11,Não Convertido,,0.0,Moderado,India
245814,Google Ads,2025-03-14,Não Convertido,,0.0,Agressivo,Czech Republic
245815,Orgânico,2025-03-11,Não Convertido,,0.0,Moderado,Guam
245816,Facebook,2025-03-11,Não Convertido,,0.0,Agressivo,San Marino
245817,WhatsApp,2025-03-10,Não Convertido,,0.0,Moderado,Tajikistan
245818,TikTok,2025-03-13,Não Convertido,,0.0,Agressivo,Mexico
245819,WhatsApp,2025-03-15,Não Convertido,,0.0,Moderado,Antarctica (the territory South of 60 deg S)
245820,TikTok,2025-03-15,Não Convertido,,0.0,Agressivo,Bosnia and Herzegovina
245821,YouTube Ads,2025-03-11,Não Convertido,,0.0,Moderado,Ethiopia
245822,Instagram,2025-03-11,Não Convertido,,0.0,Moderado,Sao Tome and Principe
245823,Google Ads,2025-03-15,Não Convertido,,0.0,Conservador,Micronesia
245824,E-mail Marketing,2025-03-14,Não Convertido,,0.0,Desconhecido,Kiribati
245825,YouTube Ads,2025-03-14,Não Convertido,,0.0,Conservador,Mauritius
245826,Google Ads,2025-03-10,Não Convertido,,0.0,Conservador,Switzerland
245827,WhatsApp,2025-03-12,Não Convertido,,0.0,Desconhecido,Peru
245828,Indicação,2025-03-13,Não Convertido,,0.0,Agressivo,Rwanda
245829,YouTube Ads,2025-03-12,Não Convertido,,0.0,Agressivo,Monaco
245830,E-mail Marketing,2025-03-12,Não Convertido,,0.0,Moderado,Uruguay
245831,TikTok,2025-03-15,Não Convertido,,0.0,Moderado,Iceland
245832,YouTube Ads,2025-03-13,Não Convertido,,0.0,Conservador,Hong Kong
245833,TikTok,2025-03-11,Não Convertido,,0.0,Moderado,Bermuda
245834,TikTok,2025-03-10,Não Convertido,,0.0,Agressivo,Chile
245835,E-mail Marketing,2025-03-11,Não Convertido,,0.0,Agressivo,Pakistan
245836,E-mail Marketing,2025-03-10,Não Convertido,,0.0,Conservador,Bhutan
245837,TikTok,2025-03-10,Não Convertido,,0.0,Desconhecido,Burundi
245838,Google Ads,2025-03-10,Não Convertido,,0.0,Moderado,Netherlands
245839,Facebook,2025-03-12,Não Convertido,,0.0,Agressivo,Senegal
245840,Instagram,2025-03-15,Não Convertido,,0.0,Moderado,Armenia
245841,Instagram,2025-03-11,Não Convertido,,0.0,Agressivo,Afghanistan
245842,E-mail Marketing,2025-03-11,Não Convertido,,0.0,Desconhecido,Armenia
245843,TikTok,2025-03-14,Não Convertido,,0.0,Agressivo,Tuvalu
245844,Instagram,2025-03-13,Convertido,13.0,2485.13,Moderado,Chile
245845,Instagram,2025-03-15,Não Convertido,,0.0,Moderado,Botswana
245846,WhatsApp,2025-03-12,Não Convertido,,0.0,Moderado,Israel
245847,Orgânico,2025-03-12,Não Convertido,,0.0,Moderado,Mauritania
245848,E-mail Marketing,2025-03-13,Não Convertido,,0.0,Agressivo,Congo
245849,Google Ads,2025-03-11,Não Convertido,,0.0,Conservador,Kuwait
245850,TikTok,2025-03-14,Não Convertido,,0.0,Conservador,Botswana
245851,WhatsApp,2025-03-14,Não Convertido,,0.0,Moderado,Central African Republic
245852,WhatsApp,2025-03-13,Não Convertido,,0.0,Moderado,United States of America
245853,TikTok,2025-03-14,Não Convertido,,0.0,Moderado,Cayman Islands
245854,Orgânico,2025-03-10,Não Convertido,,0.0,Moderado,Slovakia (Slovak Republic)
245855,Google Ads,2025-03-14,Não Convertido,,0.0,Moderado,Ireland
245856,YouTube Ads,2025-03-10,Não Convertido,,0.0,Agressivo,Benin
245857,Facebook,2025-03-12,Não Convertido,,0.0,Agressivo,Yemen
245858,Instagram,2025-03-11,Não Convertido,,0.0,Moderado,Cuba
245859,Instagram,2025-03-11,Não Convertido,,0.0,Agressivo,Burundi
245860,YouTube Ads,2025-03-11,Não Convertido,,0.0,Agressivo,Montenegro
245861,YouTube Ads,2025-03-12,Não Convertido,,0.0,Conservador,Turkey
245862,Instagram,2025-03-11,Não Convertido,,0.0,Agressivo,Kenya
245863,Instagram,2025-03-14,Não Convertido,,0.0,Moderado,Cuba
245864,E-mail Marketing,2025-03-14,Não Convertido,,0.0,Conservador,Switzerland
245865,Instagram,2025-03-11,Não Convertido,,0.0,Conservador,Kazakhstan
245866,Indicação,2025-03-13,Não Convertido,,0.0,Conservador,Tanzania
245867,TikTok,2025-03-12,Não Convertido,,0.0,Agressivo,Netherlands Antilles
245868,TikTok,2025-03-12,Não Convertido,,0.0,Moderado,Seychelles
245869,E-mail Marketing,2025-03-12,Não Convertido,,0.0,Moderado,Rwanda
245870,WhatsApp,2025-03-10,Não Convertido,,0.0,Agressivo,Nauru
245871,YouTube Ads,2025-03-14,Não Convertido,,0.0,Agressivo,Papua New Guinea
245872,Google Ads,2025-03-13,Não Convertido,,0.0,Desconhecido,Germany
245873,Instagram,2025-03-12,Não Convertido,,0.0,Agressivo,Australia
245874,E-mail Marketing,2025-03-11,Não Convertido,,0.0,Moderado,El Salvador
245875,Orgânico,2025-03-11,Não Convertido,,0.0,Conservador,Bahrain
245876,TikTok,2025-03-10,Não Convertido,,0.0,Moderado,Korea
245877,YouTube Ads,2025-03-15,Não Convertido,,0.0,Moderado,Gambia
245878,Instagram,2025-03-14,Não Convertido,,0.0,Conservador,Portugal
245879,TikTok,2025-03-13,Não Convertido,,0.0,Desconhecido,Kazakhstan
245880,Google Ads,2025-03-12,Não Convertido,,0.0,Desconhecido,Philippines
245881,E-mail Marketing,2025-03-10,Não Convertido,,0.0,Desconhecido,Bolivia
245882,Facebook,2025-03-14,Não Convertido,,0.0,Conservador,Gabon
245883,E-mail Marketing,2025-03-13,Não Convertido,,0.0,Agressivo,Guadeloupe
245884,WhatsApp,2025-03-11,Não Convertido,,0.0,Moderado,Greenland
245885,YouTube Ads,2025-03-14,Não Convertido,,0.0,Conservador,Gambia
245886,Orgânico,2025-03-13,Não Convertido,,0.0,Conservador,Georgia
245887,Orgânico,2025-03-13,Não Convertido,,0.0,Conservador,French Polynesia
245888,Google Ads,2025-03-10,Não Convertido,,0.0,Agressivo,Palestinian Territory
245889,Google Ads,2025-03-15,Não Convertido,,0.0,Conservador,Ghana
245890,Google Ads,2025-03-13,Não Convertido,,0.0,Agressivo,South Georgia and the South Sandwich Islands
245891,Google Ads,2025-03-11,Não Convertido,,0.0,Agressivo,Trinidad and Tobago
245892,YouTube Ads,2025-03-11,Não Convertido,,0.0,Moderado,Singapore
245893,Google Ads,2025-03-10,Não Convertido,,0.0,Moderado,Isle of Man
245894,Indicação,2025-03-10,Não Convertido,,0.0,Agressivo,Yemen
245895,Facebook,2025-03-14,Não Convertido,,0.0,Conservador,Lesotho
245896,Instagram,2025-03-14,Convertido,12.0,6716.21,Moderado,Iraq
245897,Instagram,2025-03-10,Convertido,0.0,3409.8,Conservador,Christmas Island
245898,Orgânico,2025-03-14,Não Convertido,,0.0,Conservador,Palestinian Territory
245899,Facebook,2025-03-10,Não Convertido,,0.0,Conservador,Benin
245900,Facebook,2025-03-11,Não Convertido,,0.0,Conservador,Ecuador
245901,Orgânico,2025-03-12,Não Convertido,,0.0,Conservador,Portugal
245902,Google Ads,2025-03-13,Não Convertido,,0.0,Desconhecido,Norfolk Island
245903,Facebook,2025-03-12,Não Convertido,,0.0,Agressivo,Venezuela
245904,YouTube Ads,2025-03-10,Não Convertido,,0.0,Conservador,Mongolia
245905,TikTok,2025-03-14,Não Convertido,,0.0,Moderado,New Caledonia
245906,YouTube Ads,2025-03-14,Não Convertido,,0.0,Agressivo,United States of America
245907,Instagram,2025-03-12,Não Convertido,,0.0,Conservador,Bosnia and Herzegovina
245908,Orgânico,2025-03-11,Não Convertido,,0.0,Agressivo,Cape Verde
245909,TikTok,2025-03-14,Não Convertido,,0.0,Agressivo,Palau
245910,E-mail Marketing,2025-03-13,Não Convertido,,0.0,Agressivo,Turkey
245911,Google Ads,2025-03-15,Não Convertido,,0.0,Moderado,Cambodia
245912,Facebook,2025-03-15,Não Convertido,,0.0,Agressivo,Taiwan
245913,YouTube Ads,2025-03-11,Não Convertido,,0.0,Agressivo,Poland
245914,WhatsApp,2025-03-13,Não Convertido,,0.0,Desconhecido,Botswana
245915,TikTok,2025-03-10,Não Convertido,,0.0,Agressivo,Barbados
245916,Instagram,2025-03-14,Não Convertido,,0.0,Moderado,Saint Kitts and Nevis
245917,YouTube Ads,2025-03-15,Não Convertido,,0.0,Desconhecido,Bosnia and Herzegovina
245918,Instagram,2025-03-10,Não Convertido,,0.0,Moderado,Azerbaijan
245919,Indicação,2025-03-12,Não Convertido,,0.0,Conservador,Norfolk Island
245920,Facebook,2025-03-11,Não Convertido,,0.0,Agressivo,Liechtenstein
245921,Instagram,2025-03-15,Não Convertido,,0.0,Moderado,Burundi
245922,Instagram,2025-03-13,Não Convertido,,0.0,Agressivo,Austria
245923,TikTok,2025-03-11,Não Convertido,,0.0,Moderado,Gibraltar
245924,Instagram,2025-03-12,Não Convertido,,0.0,Agressivo,French Southern Territories
245925,Facebook,2025-03-10,Não Convertido,,0.0,Agressivo,Ethiopia
245926,Orgânico,2025-03-12,Não Convertido,,0.0,Moderado,British Indian Ocean Territory (Chagos Archipelago)
245927,TikTok,2025-03-12,Não Convertido,,0.0,Conservador,British Virgin Islands
245928,Google Ads,2025-03-13,Não Convertido,,0.0,Moderado,Netherlands Antilles
245929,TikTok,2025-03-15,Não Convertido,,0.0,Moderado,Northern Mariana Islands
245930,Orgânico,2025-03-12,Não Convertido,,0.0,Agressivo,Lesotho
245931,Orgânico,2025-03-13,Não Convertido,,0.0,Moderado,Belize
245932,Facebook,2025-03-10,Não Convertido,,0.0,Agressivo,Colombia
245933,WhatsApp,2025-03-10,Não Convertido,,0.0,Agressivo,Zimbabwe
245934,Facebook,2025-03-12,Não Convertido,,0.0,Agressivo,Tokelau
245935,YouTube Ads,2025-03-11,Não Convertido,,0.0,Moderado,Italy
245936,Facebook,2025-03-13,Não Convertido,,0.0,Agressivo,Iraq
245937,WhatsApp,2025-03-10,Não Convertido,,0.0,Agressivo,Moldova
245938,Indicação,2025-03-13,Não Convertido,,0.0,Conservador,Qatar
245939,Google Ads,2025-03-15,Não Convertido,,0.0,Moderado,American Samoa
245940,Facebook,2025-03-12,Não Convertido,,0.0,Conservador,Kuwait
245941,Google Ads,2025-03-10,Não Convertido,,0.0,Conservador,Somalia
245942,E-mail Marketing,2025-03-13,Não Convertido,,0.0,Moderado,Vanuatu
245943,E-mail Marketing,2025-03-11,Não Convertido,,0.0,Desconhecido,Guadeloupe
245944,TikTok,2025-03-11,Não Convertido,,0.0,Moderado,Isle of Man
245945,Facebook,2025-03-10,Não Convertido,,0.0,Agressivo,Greenland
245946,Indicação,2025-03-14,Não Convertido,,0.0,Moderado,South Africa
245947,TikTok,2025-03-15,Não Convertido,,0.0,Conservador,Lebanon
245948,TikTok,2025-03-15,Não Convertido,,0.0,Agressivo,Bolivia
245949,TikTok,2025-03-12,Não Convertido,,0.0,Agressivo,Ethiopia
245950,WhatsApp,2025-03-10,Não Convertido,,0.0,Desconhecido,Algeria
245951,Facebook,2025-03-13,Não Convertido,,0.0,Conservador,Tanzania
245952,Orgânico,2025-03-14,Não Convertido,,0.0,Agressivo,Togo
245953,WhatsApp,2025-03-15,Não Convertido,,0.0,Conservador,Serbia
245954,Orgânico,2025-03-14,Não Convertido,,0.0,Conservador,Serbia
245955,TikTok,2025-03-11,Não Convertido,,0.0,Agressivo,Libyan Arab Jamahiriya
245956,YouTube Ads,2025-03-15,Não Convertido,,0.0,Moderado,Russian Federation
245957,TikTok,2025-03-13,Não Convertido,,0.0,Conservador,Bahamas
245958,WhatsApp,2025-03-15,Não Convertido,,0.0,Moderado,Cambodia
245959,E-mail Marketing,2025-03-12,Não Convertido,,0.0,Agressivo,Azerbaijan
245960,Facebook,2025-03-10,Não Convertido,,0.0,Agressivo,Bosnia and Herzegovina
245961,Instagram,2025-03-15,Não Convertido,,0.0,Moderado,Australia
245962,E-mail Marketing,2025-03-14,Não Convertido,,0.0,Conservador,Mexico
245963,E-mail Marketing,2025-03-12,Não Convertido,,0.0,Conservador,Rwanda
245964,Google Ads,2025-03-12,Não Convertido,,0.0,Moderado,Gambia
245965,E-mail Marketing,2025-03-12,Não Convertido,,0.0,Conservador,Andorra
245966,E-mail Marketing,2025-03-13,Não Convertido,,0.0,Conservador,Saint Lucia
245967,TikTok,2025-03-12,Não Convertido,,0.0,Moderado,Mali
245968,Orgânico,2025-03-12,Não Convertido,,0.0,Moderado,Pakistan
245969,Google Ads,2025-03-15,Não Convertido,,0.0,Conservador,Solomon Islands
245970,Google Ads,2025-03-11,Não Convertido,,0.0,Desconhecido,Costa Rica
245971,TikTok,2025-03-12,Não Convertido,,0.0,Agressivo,Luxembourg
245972,Google Ads,2025-03-15,Não Convertido,,0.0,Agressivo,Oman
245973,Indicação,2025-03-15,Não Convertido,,0.0,Conservador,Albania
245974,Google Ads,2025-03-11,Não Convertido,,0.0,Conservador,Panama
245975,TikTok,2025-03-10,Não Convertido,,0.0,Moderado,Solomon Islands
245976,Instagram,2025-03-13,Não Convertido,,0.0,Moderado,Papua New Guinea
245977,E-mail Marketing,2025-03-10,Não Convertido,,0.0,Agressivo,Bermuda
245978,TikTok,2025-03-15,Convertido,4.0,491.2,Conservador,Wallis and Futuna
245979,Orgânico,2025-03-12,Não Convertido,,0.0,Conservador,Papua New Guinea
245980,Orgânico,2025-03-10,Não Convertido,,0.0,Moderado,Namibia
245981,Google Ads,2025-03-14,Não Convertido,,0.0,Moderado,Jamaica
245982,TikTok,2025-03-12,Não Convertido,,0.0,Agressivo,Bhutan
245983,YouTube Ads,2025-03-13,Não Convertido,,0.0,Moderado,Peru
245984,Orgânico,2025-03-12,Não Convertido,,0.0,Desconhecido,Costa Rica
245985,TikTok,2025-03-12,Não Convertido,,0.0,Conservador,Bangladesh
245986,E-mail Marketing,2025-03-15,Não Convertido,,0.0,Moderado,Saint Pierre and Miquelon
245987,TikTok,2025-03-13,Não Convertido,,0.0,Conservador,Martinique
245988,Instagram,2025-03-15,Não Convertido,,0.0,Desconhecido,Bosnia and Herzegovina
245989,Instagram,2025-03-12,Não Convertido,,0.0,Agressivo,Saint Vincent and the Grenadines
245990,YouTube Ads,2025-03-11,Não Convertido,,0.0,Moderado,Qatar
245991,Google Ads,2025-03-12,Não Convertido,,0.0,Agressivo,Austria
245992,Orgânico,2025-03-12,Não Convertido,,0.0,Agressivo,Bosnia and Herzegovina
245993,TikTok,2025-03-13,Não Convertido,,0.0,Conservador,French Polynesia
245994,WhatsApp,2025-03-10,Não Convertido,,0.0,Moderado,Faroe Islands
245995,Orgânico,2025-03-14,Não Convertido,,0.0,Moderado,Paraguay
245996,Orgânico,2025-03-15,Não Convertido,,0.0,Moderado,British Virgin Islands
245997,Instagram,2025-03-12,Não Convertido,,0.0,Conservador,Wallis and Futuna
245998,TikTok,2025-03-11,Não Convertido,,0.0,Agressivo,Saint Barthelemy
245999,Instagram,2025-03-10,Não Convertido,,0.0,Moderado,Ireland
246000,E-mail Marketing,2025-03-14,Não Convertido,,0.0,Agressivo,Wallis and Futuna
246001,Orgânico,2025-03-15,Não Convertido,,0.0,Moderado,Colombia
246002,Instagram,2025-03-15,Não Convertido,,0.0,Agressivo,Congo
246003,E-mail Marketing,2025-03-15,Não Convertido,,0.0,Moderado,Saint Barthelemy
246004,Facebook,2025-03-15,Não Convertido,,0.0,Agressivo,Uruguay
246005,WhatsApp,2025-03-15,Não Convertido,,0.0,Agressivo,Guernsey
246006,TikTok,2025-03-10,Não Convertido,,0.0,Agressivo,Brazil
246007,Facebook,2025-03-14,Não Convertido,,0.0,Moderado,France
246008,WhatsApp,2025-03-13,Não Convertido,,0.0,Desconhecido,Denmark
246009,Instagram,2025-03-12,Não Convertido,,0.0,Moderado,Venezuela
246010,Instagram,2025-03-10,Não Convertido,,0.0,Moderado,Djibouti
246011,E-mail Marketing,2025-03-13,Não Convertido,,0.0,Moderado,Cook Islands
246012,WhatsApp,2025-03-12,Não Convertido,,0.0,Desconhecido,Cocos (Keeling) Islands
246013,Google Ads,2025-03-11,Não Convertido,,0.0,Moderado,Maldives
246014,YouTube Ads,2025-03-10,Não Convertido,,0.0,Moderado,North Macedonia
246015,Orgânico,2025-03-12,Não Convertido,,0.0,Conservador,Panama
246016,Orgânico,2025-03-15,Não Convertido,,0.0,Conservador,Uruguay
246017,Orgânico,2025-03-11,Não Convertido,,0.0,Desconhecido,Saint Kitts and Nevis
246018,TikTok,2025-03-15,Não Convertido,,0.0,Conservador,Pakistan
246019,Facebook,2025-03-10,Não Convertido,,0.0,Moderado,United Arab Emirates
246020,E-mail Marketing,2025-03-15,Convertido,17.0,2155.64,Agressivo,Ukraine
246021,Indicação,2025-03-10,Não Convertido,,0.0,Conservador,Togo
246022,TikTok,2025-03-13,Não Convertido,,0.0,Moderado,Slovakia (Slovak Republic)
246023,Google Ads,2025-03-10,Não Convertido,,0.0,Agressivo,Reunion
246024,E-mail Marketing,2025-03-10,Não Convertido,,0.0,Agressivo,Austria
246025,Google Ads,2025-03-11,Não Convertido,,0.0,Moderado,Saint Helena
246026,Orgânico,2025-03-11,Não Convertido,,0.0,Moderado,Holy See (Vatican City State)
246027,Google Ads,2025-03-15,Não Convertido,,0.0,Moderado,Puerto Rico
246028,Instagram,2025-03-12,Não Convertido,,0.0,Agressivo,Saint Pierre and Miquelon
246029,Google Ads,2025-03-11,Não Convertido,,0.0,Moderado,Bangladesh
246030,Google Ads,2025-03-12,Não Convertido,,0.0,Agressivo,San Marino
246031,Google Ads,2025-03-15,Não Convertido,,0.0,Moderado,Argentina
246032,E-mail Marketing,2025-03-10,Não Convertido,,0.0,Conservador,Vietnam
246033,Instagram,2025-03-11,Não Convertido,,0.0,Agressivo,Sri Lanka
246034,Indicação,2025-03-13,Não Convertido,,0.0,Conservador,Brunei Darussalam
246035,Facebook,2025-03-10,Não Convertido,,0.0,Conservador,Niue
246036,Google Ads,2025-03-15,Não Convertido,,0.0,Moderado,Antarctica (the territory South of 60 deg S)
246037,TikTok,2025-03-13,Não Convertido,,0.0,Moderado,Bolivia
246038,Orgânico,2025-03-12,Não Convertido,,0.0,Moderado,Moldova
246039,Orgânico,2025-03-14,Não Convertido,,0.0,Conservador,Cape Verde
246040,E-mail Marketing,2025-03-10,Não Convertido,,0.0,Conservador,British Indian Ocean Territory (Chagos Archipelago)
246041,E-mail Marketing,2025-03-12,Não Convertido,,0.0,Agressivo,Guinea-Bissau
246042,Google Ads,2025-03-10,Não Convertido,,0.0,Agressivo,Zambia
246043,WhatsApp,2025-03-13,Não Convertido,,0.0,Moderado,Lao People's Democratic Republic
246044,Instagram,2025-03-11,Não Convertido,,0.0,Agressivo,Tajikistan
246045,E-mail Marketing,2025-03-13,Não Convertido,,0.0,Moderado,Libyan Arab Jamahiriya
246046,YouTube Ads,2025-03-15,Não Convertido,,0.0,Moderado,Nigeria
246047,E-mail Marketing,2025-03-13,Convertido,14.0,9439.55,Conservador,Austria
246048,Instagram,2025-03-12,Não Convertido,,0.0,Moderado,Azerbaijan
246049,Instagram,2025-03-13,Não Convertido,,0.0,Conservador,Saint Helena
246050,Orgânico,2025-03-10,Não Convertido,,0.0,Moderado,Nicaragua
246051,Indicação,2025-03-15,Não Convertido,,0.0,Moderado,Saint Vincent and the Grenadines
246052,Instagram,2025-03-15,Não Convertido,,0.0,Desconhecido,Australia
246053,YouTube Ads,2025-03-12,Não Convertido,,0.0,Agressivo,Lao People's Democratic Republic
246054,Instagram,2025-03-12,Não Convertido,,0.0,Conservador,Colombia
246055,Google Ads,2025-03-13,Convertido,29.0,3533.92,Agressivo,Iceland
246056,Google Ads,2025-03-14,Não Convertido,,0.0,Moderado,Egypt
246057,YouTube Ads,2025-03-11,Convertido,28.0,2150.3,Agressivo,Christmas Island
246058,Orgânico,2025-03-14,Não Convertido,,0.0,Agressivo,Comoros
246059,E-mail Marketing,2025-03-12,Não Convertido,,0.0,Moderado,Jamaica
246060,TikTok,2025-03-15,Não Convertido,,0.0,Conservador,South Georgia and the South Sandwich Islands
246061,Instagram,2025-03-14,Não Convertido,,0.0,Agressivo,Taiwan
246062,Orgânico,2025-03-12,Não Convertido,,0.0,Conservador,Germany
246063,E-mail Marketing,2025-03-15,Não Convertido,,0.0,Moderado,Turkey
246064,Facebook,2025-03-12,Não Convertido,,0.0,Moderado,Netherlands Antilles
246065,Instagram,2025-03-13,Não Convertido,,0.0,Moderado,Singapore
246066,Orgânico,2025-03-15,Não Convertido,,0.0,Moderado,Montenegro
246067,Instagram,2025-03-14,Não Convertido,,0.0,Conservador,Ethiopia
246068,Orgânico,2025-03-10,Não Convertido,,0.0,Moderado,Bulgaria
246069,Instagram,2025-03-10,Não Convertido,,0.0,Moderado,Liberia
246070,Orgânico,2025-03-12,Não Convertido,,0.0,Moderado,Cambodia
246071,Orgânico,2025-03-14,Não Convertido,,0.0,Agressivo,Chad
246072,Facebook,2025-03-13,Não Convertido,,0.0,Conservador,United States Virgin Islands
246073,E-mail Marketing,2025-03-14,Não Convertido,,0.0,Desconhecido,Oman
246074,TikTok,2025-03-10,Não Convertido,,0.0,Moderado,Antarctica (the territory South of 60 deg S)
246075,Instagram,2025-03-15,Não Convertido,,0.0,Conservador,Christmas Island
246076,WhatsApp,2025-03-13,Não Convertido,,0.0,Moderado,Barbados
246077,Instagram,2025-03-15,Não Convertido,,0.0,Conservador,Czech Republic
246078,TikTok,2025-03-15,Não Convertido,,0.0,Moderado,Guam
246079,E-mail Marketing,2025-03-14,Não Convertido,,0.0,Agressivo,Lesotho
246080,Facebook,2025-03-14,Não Convertido,,0.0,Desconhecido,Sao Tome and Principe
246081,Instagram,2025-03-12,Não Convertido,,0.0,Moderado,Cook Islands
246082,WhatsApp,2025-03-14,Não Convertido,,0.0,Moderado,Belize
246083,Instagram,2025-03-12,Não Convertido,,0.0,Moderado,Angola
246084,Indicação,2025-03-14,Não Convertido,,0.0,Moderado,Solomon Islands
246085,Google Ads,2025-03-13,Não Convertido,,0.0,Conservador,Finland
246086,Orgânico,2025-03-11,Não Convertido,,0.0,Conservador,Argentina
246087,Orgânico,2025-03-12,Não Convertido,,0.0,Conservador,Montserrat
246088,Orgânico,2025-03-10,Não Convertido,,0.0,Agressivo,Brazil
246089,YouTube Ads,2025-03-15,Não Convertido,,0.0,Desconhecido,Zimbabwe
246090,Facebook,2025-03-13,Não Convertido,,0.0,Desconhecido,Mauritius
246091,Orgânico,2025-03-14,Não Convertido,,0.0,Moderado,Israel
246092,Orgânico,2025-03-13,Não Convertido,,0.0,Moderado,Australia
246093,Indicação,2025-03-14,Não Convertido,,0.0,Moderado,Bulgaria
246094,Facebook,2025-03-12,Não Convertido,,0.0,Moderado,Samoa
246095,Orgânico,2025-03-13,Não Convertido,,0.0,Desconhecido,Tajikistan
246096,Instagram,2025-03-14,Não Convertido,,0.0,Desconhecido,Azerbaijan
246097,E-mail Marketing,2025-03-15,Não Convertido,,0.0,Moderado,Myanmar
246098,Orgânico,2025-03-15,Não Convertido,,0.0,Moderado,Anguilla
246099,Indicação,2025-03-10,Não Convertido,,0.0,Moderado,Gambia
246100,E-mail Marketing,2025-03-14,Não Convertido,,0.0,Moderado,Egypt
246101,TikTok,2025-03-11,Não Convertido,,0.0,Agressivo,Colombia
246102,TikTok,2025-03-15,Não Convertido,,0.0,Moderado,Maldives
246103,YouTube Ads,2025-03-13,Não Convertido,,0.0,Moderado,Maldives
246104,YouTube Ads,2025-03-13,Não Convertido,,0.0,Conservador,United Arab Emirates
246105,YouTube Ads,2025-03-10,Não Convertido,,0.0,Agressivo,Oman
246106,Instagram,2025-03-13,Não Convertido,,0.0,Moderado,Austria
246107,Google Ads,2025-03-14,Não Convertido,,0.0,Agressivo,Singapore
246108,WhatsApp,2025-03-14,Não Convertido,,0.0,Agressivo,Nigeria
246109,Facebook,2025-03-11,Não Convertido,,0.0,Agressivo,Czech Republic
246110,TikTok,2025-03-12,Convertido,18.0,8308.26,Moderado,Guinea-Bissau
246111,Instagram,2025-03-13,Não Convertido,,0.0,Moderado,Macao
246112,YouTube Ads,2025-03-12,Não Convertido,,0.0,Moderado,Marshall Islands
246113,TikTok,2025-03-11,Não Convertido,,0.0,Agressivo,Kiribati
246114,Orgânico,2025-03-10,Não Convertido,,0.0,Desconhecido,Nigeria
246115,Facebook,2025-03-12,Não Convertido,,0.0,Moderado,Mozambique
246116,Instagram,2025-03-13,Não Convertido,,0.0,Moderado,Mauritania
246117,Facebook,2025-03-15,Convertido,24.0,529.35,Moderado,Guinea
246118,Instagram,2025-03-13,Não Convertido,,0.0,Conservador,Yemen
246119,E-mail Marketing,2025-03-14,Não Convertido,,0.0,Moderado,United Arab Emirates
246120,TikTok,2025-03-10,Não Convertido,,0.0,Moderado,Finland
246121,Orgânico,2025-03-10,Não Convertido,,0.0,Conservador,Tokelau
246122,Google Ads,2025-03-14,Convertido,16.0,4730.69,Agressivo,France
246123,Orgânico,2025-03-10,Não Convertido,,0.0,Agressivo,South Africa
246124,YouTube Ads,2025-03-10,Não Convertido,,0.0,Moderado,Cameroon
246125,Orgânico,2025-03-14,Não Convertido,,0.0,Agressivo,Saint Pierre and Miquelon
246126,Instagram,2025-03-13,Não Convertido,,0.0,Conservador,Somalia
246127,Facebook,2025-03-11,Não Convertido,,0.0,Moderado,Marshall Islands
246128,E-mail Marketing,2025-03-12,Não Convertido,,0.0,Desconhecido,Congo
246129,WhatsApp,2025-03-13,Não Convertido,,0.0,Moderado,Egypt
246130,Orgânico,2025-03-10,Não Convertido,,0.0,Moderado,British Indian Ocean Territory (Chagos Archipelago)
246131,E-mail Marketing,2025-03-10,Não Convertido,,0.0,Desconhecido,San Marino
246132,Orgânico,2025-03-15,Não Convertido,,0.0,Agressivo,Sri Lanka
246133,Orgânico,2025-03-14,Não Convertido,,0.0,Moderado,Netherlands
246134,WhatsApp,2025-03-13,Não Convertido,,0.0,Moderado,French Southern Territories
246135,WhatsApp,2025-03-15,Não Convertido,,0.0,Moderado,Somalia
246136,Instagram,2025-03-14,Não Convertido,,0.0,Moderado,Burkina Faso
246137,E-mail Marketing,2025-03-13,Não Convertido,,0.0,Desconhecido,Equatorial Guinea
246138,E-mail Marketing,2025-03-11,Não Convertido,,0.0,Moderado,Saint Helena
246139,Instagram,2025-03-10,Não Convertido,,0.0,Conservador,South Africa
246140,Instagram,2025-03-10,Não Convertido,,0.0,Conservador,Yemen
246141,Instagram,2025-03-13,Não Convertido,,0.0,Conservador,Switzerland
246142,WhatsApp,2025-03-12,Não Convertido,,0.0,Conservador,Angola
246143,YouTube Ads,2025-03-13,Não Convertido,,0.0,Conservador,Hungary
246144,Instagram,2025-03-15,Não Convertido,,0.0,Conservador,Myanmar
246145,E-mail Marketing,2025-03-12,Não Convertido,,0.0,Moderado,Guinea
246146,TikTok,2025-03-10,Não Convertido,,0.0,Moderado,Liberia
246147,Instagram,2025-03-11,Não Convertido,,0.0,Moderado,Liechtenstein
246148,Facebook,2025-03-14,Não Convertido,,0.0,Agressivo,Micronesia
246149,WhatsApp,2025-03-14,Não Convertido,,0.0,Conservador,British Indian Ocean Territory (Chagos Archipelago)
246150,Google Ads,2025-03-15,Não Convertido,,0.0,Agressivo,Venezuela
246151,Google Ads,2025-03-10,Não Convertido,,0.0,Desconhecido,Lesotho
246152,Orgânico,2025-03-10,Convertido,30.0,5327.37,Moderado,Austria
246153,Facebook,2025-03-12,Não Convertido,,0.0,Moderado,Andorra
246154,Google Ads,2025-03-14,Não Convertido,,0.0,Agressivo,Fiji
246155,Instagram,2025-03-13,Não Convertido,,0.0,Moderado,Papua New Guinea
246156,Google Ads,2025-03-10,Não Convertido,,0.0,Desconhecido,Honduras
246157,Facebook,2025-03-13,Não Convertido,,0.0,Desconhecido,Cayman Islands
246158,Indicação,2025-03-15,Não Convertido,,0.0,Desconhecido,Mauritania
246159,Instagram,2025-03-14,Não Convertido,,0.0,Agressivo,Netherlands Antilles
246160,Google Ads,2025-03-12,Não Convertido,,0.0,Agressivo,Morocco
246161,Facebook,2025-03-11,Não Convertido,,0.0,Moderado,Antarctica (the territory South of 60 deg S)
246162,WhatsApp,2025-03-15,Não Convertido,,0.0,Desconhecido,San Marino
246163,E-mail Marketing,2025-03-12,Não Convertido,,0.0,Agressivo,Isle of Man
246164,Instagram,2025-03-10,Não Convertido,,0.0,Conservador,Norway
246165,Instagram,2025-03-10,Não Convertido,,0.0,Moderado,Samoa
246166,Indicação,2025-03-13,Convertido,24.0,4397.02,Conservador,Croatia
246167,Indicação,2025-03-13,Não Convertido,,0.0,Moderado,Cayman Islands
246168,Google Ads,2025-03-10,Não Convertido,,0.0,Moderado,Mongolia
246169,YouTube Ads,2025-03-14,Não Convertido,,0.0,Conservador,Cambodia
246170,Orgânico,2025-03-12,Não Convertido,,0.0,Moderado,Madagascar
246171,TikTok,2025-03-14,Não Convertido,,0.0,Desconhecido,Iraq
246172,E-mail Marketing,2025-03-11,Não Convertido,,0.0,Moderado,Madagascar
246173,Indicação,2025-03-12,Não Convertido,,0.0,Agressivo,Wallis and Futuna
246174,YouTube Ads,2025-03-12,Não Convertido,,0.0,Conservador,Greece
246175,Orgânico,2025-03-12,Não Convertido,,0.0,Moderado,Jamaica
246176,TikTok,2025-03-11,Não Convertido,,0.0,Moderado,Solomon Islands
246177,WhatsApp,2025-03-10,Não Convertido,,0.0,Conservador,Pitcairn Islands
246178,Google Ads,2025-03-11,Não Convertido,,0.0,Conservador,Estonia
246179,Orgânico,2025-03-10,Não Convertido,,0.0,Moderado,Tanzania
246180,Indicação,2025-03-15,Não Convertido,,0.0,Agressivo,Madagascar
246181,YouTube Ads,2025-03-11,Não Convertido,,0.0,Moderado,Macao
246182,Facebook,2025-03-10,Não Convertido,,0.0,Agressivo,Western Sahara
246183,TikTok,2025-03-13,Não Convertido,,0.0,Moderado,Madagascar
246184,E-mail Marketing,2025-03-14,Não Convertido,,0.0,Moderado,Libyan Arab Jamahiriya
246185,E-mail Marketing,2025-03-12,Não Convertido,,0.0,Conservador,Saint Barthelemy
246186,Google Ads,2025-03-11,Não Convertido,,0.0,Conservador,Qatar
246187,YouTube Ads,2025-03-14,Não Convertido,,0.0,Agressivo,Saint Barthelemy
246188,Indicação,2025-03-13,Não Convertido,,0.0,Agressivo,British Virgin Islands
246189,E-mail Marketing,2025-03-15,Não Convertido,,0.0,Agressivo,Equatorial Guinea
246190,WhatsApp,2025-03-12,Não Convertido,,0.0,Moderado,Argentina
246191,WhatsApp,2025-03-10,Não Convertido,,0.0,Conservador,Kuwait
246192,Orgânico,2025-03-14,Não Convertido,,0.0,Moderado,Chile
246193,E-mail Marketing,2025-03-10,Não Convertido,,0.0,Agressivo,Fiji
246194,TikTok,2025-03-14,Não Convertido,,0.0,Conservador,Christmas Island
246195,YouTube Ads,2025-03-14,Não Convertido,,0.0,Moderado,British Virgin Islands
246196,E-mail Marketing,2025-03-11,Não Convertido,,0.0,Moderado,Swaziland
246197,Facebook,2025-03-13,Não Convertido,,0.0,Moderado,Ethiopia
246198,Instagram,2025-03-15,Não Convertido,,0.0,Moderado,Kazakhstan
246199,Indicação,2025-03-13,Não Convertido,,0.0,Desconhecido,Tokelau
246200,Facebook,2025-03-12,Não Convertido,,0.0,Agressivo,Cocos (Keeling) Islands
246201,Facebook,2025-03-10,Não Convertido,,0.0,Conservador,Macao
246202,Orgânico,2025-03-15,Convertido,9.0,513.37,Moderado,Bosnia and Herzegovina
246203,Instagram,2025-03-15,Não Convertido,,0.0,Moderado,Timor-Leste
246204,Google Ads,2025-03-12,Não Convertido,,0.0,Conservador,Guam
246205,E-mail Marketing,2025-03-12,Não Convertido,,0.0,Agressivo,Sri Lanka
246206,Orgânico,2025-03-14,Não Convertido,,0.0,Agressivo,Chad
246207,TikTok,2025-03-12,Não Convertido,,0.0,Moderado,Saint Pierre and Miquelon
246208,YouTube Ads,2025-03-10,Não Convertido,,0.0,Moderado,South Georgia and the South Sandwich Islands
246209,Instagram,2025-03-13,Não Convertido,,0.0,Agressivo,Maldives
246210,TikTok,2025-03-12,Não Convertido,,0.0,Agressivo,Kyrgyz Republic
246211,Orgânico,2025-03-11,Não Convertido,,0.0,Conservador,Uruguay
246212,TikTok,2025-03-11,Não Convertido,,0.0,Desconhecido,Central African Republic
246213,E-mail Marketing,2025-03-12,Não Convertido,,0.0,Moderado,Christmas Island
246214,Google Ads,2025-03-14,Não Convertido,,0.0,Moderado,French Southern Territories
246215,Google Ads,2025-03-10,Não Convertido,,0.0,Moderado,Jordan
246216,E-mail Marketing,2025-03-12,Não Convertido,,0.0,Agressivo,Thailand
246217,Facebook,2025-03-13,Não Convertido,,0.0,Agressivo,United Arab Emirates
246218,TikTok,2025-03-10,Não Convertido,,0.0,Moderado,Madagascar
246219,E-mail Marketing,2025-03-15,Convertido,26.0,8429.61,Agressivo,Samoa
246220,TikTok,2025-03-11,Não Convertido,,0.0,Moderado,New Caledonia
246221,Google Ads,2025-03-14,Não Convertido,,0.0,Moderado,North Macedonia
246222,TikTok,2025-03-14,Não Convertido,,0.0,Moderado,China
246223,Orgânico,2025-03-11,Não Convertido,,0.0,Desconhecido,Vanuatu
246224,Instagram,2025-03-10,Não Convertido,,0.0,Moderado,Chile
246225,TikTok,2025-03-10,Não Convertido,,0.0,Agressivo,Cook Islands
246226,Orgânico,2025-03-11,Não Convertido,,0.0,Agressivo,Rwanda
246227,Google Ads,2025-03-13,Não Convertido,,0.0,Agressivo,Rwanda
246228,Instagram,2025-03-15,Não Convertido,,0.0,Conservador,British Indian Ocean Territory (Chagos Archipelago)
246229,TikTok,2025-03-12,Não Convertido,,0.0,Moderado,Seychelles
246230,YouTube Ads,2025-03-13,Não Convertido,,0.0,Moderado,Cambodia
246231,Facebook,2025-03-11,Convertido,5.0,4427.94,Moderado,Cocos (Keeling) Islands
246232,E-mail Marketing,2025-03-14,Não Convertido,,0.0,Desconhecido,Solomon Islands
246233,Facebook,2025-03-13,Não Convertido,,0.0,Moderado,Vietnam
246234,Facebook,2025-03-15,Não Convertido,,0.0,Moderado,Honduras
246235,YouTube Ads,2025-03-12,Não Convertido,,0.0,Moderado,Martinique
246236,Instagram,2025-03-14,Não Convertido,,0.0,Conservador,Armenia
246237,Google Ads,2025-03-13,Não Convertido,,0.0,Agressivo,Belgium
246238,Instagram,2025-03-11,Não Convertido,,0.0,Conservador,Iraq
246239,Orgânico,2025-03-10,Não Convertido,,0.0,Moderado,Denmark
246240,WhatsApp,2025-03-15,Não Convertido,,0.0,Moderado,Turkey
246241,TikTok,2025-03-11,Não Convertido,,0.0,Moderado,Montenegro
246242,TikTok,2025-03-11,Não Convertido,,0.0,Moderado,Brunei Darussalam
246243,Orgânico,2025-03-10,Não Convertido,,0.0,Moderado,Finland
246244,YouTube Ads,2025-03-14,Não Convertido,,0.0,Moderado,Malawi
246245,YouTube Ads,2025-03-10,Não Convertido,,0.0,Agressivo,Angola
246246,Indicação,2025-03-12,Não Convertido,,0.0,Conservador,Tunisia
246247,E-mail Marketing,2025-03-10,Não Convertido,,0.0,Moderado,Saint Pierre and Miquelon
246248,WhatsApp,2025-03-12,Não Convertido,,0.0,Moderado,Botswana
246249,Facebook,2025-03-14,Não Convertido,,0.0,Agressivo,French Southern Territories
246250,Orgânico,2025-03-10,Não Convertido,,0.0,Conservador,Turks and Caicos Islands
246251,E-mail Marketing,2025-03-11,Não Convertido,,0.0,Agressivo,Hungary
246252,WhatsApp,2025-03-13,Não Convertido,,0.0,Moderado,Isle of Man
246253,TikTok,2025-03-13,Não Convertido,,0.0,Conservador,Liberia
246254,WhatsApp,2025-03-14,Não Convertido,,0.0,Conservador,Uzbekistan
246255,Instagram,2025-03-12,Não Convertido,,0.0,Moderado,Saudi Arabia
246256,Instagram,2025-03-10,Não Convertido,,0.0,Agressivo,Mayotte
246257,WhatsApp,2025-03-10,Não Convertido,,0.0,Moderado,Fiji
246258,Instagram,2025-03-10,Convertido,18.0,6201.69,Conservador,Algeria
246259,E-mail Marketing,2025-03-14,Não Convertido,,0.0,Moderado,Georgia
246260,Google Ads,2025-03-12,Não Convertido,,0.0,Agressivo,Uzbekistan
246261,E-mail Marketing,2025-03-14,Não Convertido,,0.0,Moderado,United States Virgin Islands
246262,Orgânico,2025-03-11,Não Convertido,,0.0,Conservador,Ukraine
246263,Orgânico,2025-03-10,Não Convertido,,0.0,Desconhecido,Niger
246264,Orgânico,2025-03-12,Não Convertido,,0.0,Moderado,Dominica
246265,E-mail Marketing,2025-03-11,Não Convertido,,0.0,Moderado,Chad
246266,TikTok,2025-03-12,Não Convertido,,0.0,Moderado,Tonga
246267,TikTok,2025-03-14,Não Convertido,,0.0,Moderado,Jamaica
246268,Orgânico,2025-03-13,Não Convertido,,0.0,Moderado,Korea
246269,Instagram,2025-03-15,Não Convertido,,0.0,Moderado,Dominica
246270,E-mail Marketing,2025-03-11,Não Convertido,,0.0,Moderado,Somalia
246271,Instagram,2025-03-12,Não Convertido,,0.0,Moderado,Singapore
246272,Indicação,2025-03-10,Não Convertido,,0.0,Moderado,British Indian Ocean Territory (Chagos Archipelago)
246273,WhatsApp,2025-03-10,Não Convertido,,0.0,Conservador,Saint Lucia
246274,Orgânico,2025-03-12,Não Convertido,,0.0,Conservador,Singapore
246275,Google Ads,2025-03-11,Não Convertido,,0.0,Conservador,Palestinian Territory
246276,Facebook,2025-03-13,Não Convertido,,0.0,Desconhecido,Brunei Darussalam
246277,TikTok,2025-03-13,Não Convertido,,0.0,Conservador,Western Sahara
246278,Facebook,2025-03-14,Não Convertido,,0.0,Conservador,Saudi Arabia
246279,Indicação,2025-03-10,Não Convertido,,0.0,Agressivo,Montserrat
246280,Orgânico,2025-03-14,Não Convertido,,0.0,Moderado,Fiji
246281,Facebook,2025-03-14,Não Convertido,,0.0,Agressivo,United States of America
246282,YouTube Ads,2025-03-11,Não Convertido,,0.0,Agressivo,Malawi
246283,YouTube Ads,2025-03-10,Convertido,26.0,3745.88,Conservador,Nepal
246284,Facebook,2025-03-11,Não Convertido,,0.0,Desconhecido,French Southern Territories
246285,Instagram,2025-03-12,Não Convertido,,0.0,Agressivo,Guinea
246286,Facebook,2025-03-12,Não Convertido,,0.0,Moderado,Cameroon
246287,E-mail Marketing,2025-03-11,Não Convertido,,0.0,Desconhecido,Saint Lucia
246288,TikTok,2025-03-13,Convertido,29.0,7544.04,Conservador,Guinea
246289,E-mail Marketing,2025-03-11,Não Convertido,,0.0,Agressivo,Jersey
246290,Instagram,2025-03-12,Não Convertido,,0.0,Agressivo,Congo
246291,Instagram,2025-03-11,Não Convertido,,0.0,Moderado,Equatorial Guinea
246292,E-mail Marketing,2025-03-11,Não Convertido,,0.0,Desconhecido,Senegal
246293,Orgânico,2025-03-11,Não Convertido,,0.0,Conservador,Spain
246294,Orgânico,2025-03-10,Não Convertido,,0.0,Conservador,Congo
246295,E-mail Marketing,2025-03-10,Não Convertido,,0.0,Conservador,Czech Republic
246296,Orgânico,2025-03-13,Não Convertido,,0.0,Desconhecido,Qatar
246297,Google Ads,2025-03-13,Não Convertido,,0.0,Agressivo,Holy See (Vatican City State)
246298,Orgânico,2025-03-15,Não Convertido,,0.0,Moderado,Nepal
246299,Google Ads,2025-03-15,Não Convertido,,0.0,Moderado,Namibia
246300,Instagram,2025-03-13,Não Convertido,,0.0,Moderado,Turkmenistan
246301,E-mail Marketing,2025-03-13,Não Convertido,,0.0,Moderado,Tuvalu
246302,YouTube Ads,2025-03-14,Não Convertido,,0.0,Conservador,Czech Republic
246303,Indicação,2025-03-15,Não Convertido,,0.0,Agressivo,Cameroon
246304,Instagram,2025-03-12,Não Convertido,,0.0,Moderado,French Southern Territories
246305,TikTok,2025-03-11,Não Convertido,,0.0,Conservador,Rwanda
246306,WhatsApp,2025-03-10,Não Convertido,,0.0,Moderado,Chile
246307,Orgânico,2025-03-14,Não Convertido,,0.0,Moderado,Saint Kitts and Nevis
246308,TikTok,2025-03-15,Não Convertido,,0.0,Conservador,Armenia
246309,TikTok,2025-03-11,Não Convertido,,0.0,Agressivo,Montenegro
246310,WhatsApp,2025-03-11,Não Convertido,,0.0,Moderado,Hong Kong
246311,TikTok,2025-03-15,Não Convertido,,0.0,Moderado,Cuba
246312,Indicação,2025-03-10,Não Convertido,,0.0,Agressivo,Bouvet Island (Bouvetoya)
246313,TikTok,2025-03-11,Não Convertido,,0.0,Moderado,Kiribati
246314,Facebook,2025-03-14,Não Convertido,,0.0,Conservador,Montenegro
246315,Orgânico,2025-03-11,Não Convertido,,0.0,Agressivo,Burkina Faso
246316,Instagram,2025-03-10,Não Convertido,,0.0,Agressivo,Ethiopia
246317,Google Ads,2025-03-13,Não Convertido,,0.0,Moderado,Hungary
246318,Orgânico,2025-03-14,Não Convertido,,0.0,Moderado,United States Minor Outlying Islands
246319,YouTube Ads,2025-03-10,Não Convertido,,0.0,Moderado,Ecuador
246320,E-mail Marketing,2025-03-10,Não Convertido,,0.0,Moderado,Bahrain
246321,E-mail Marketing,2025-03-12,Não Convertido,,0.0,Conservador,Malta
246322,Facebook,2025-03-10,Não Convertido,,0.0,Agressivo,Swaziland
246323,Orgânico,2025-03-15,Não Convertido,,0.0,Agressivo,Mozambique
246324,E-mail Marketing,2025-03-10,Não Convertido,,0.0,Moderado,Taiwan
246325,WhatsApp,2025-03-15,Convertido,23.0,5832.68,Conservador,Poland
246326,TikTok,2025-03-14,Não Convertido,,0.0,Conservador,Albania
246327,Google Ads,2025-03-10,Não Convertido,,0.0,Moderado,Costa Rica
246328,Google Ads,2025-03-10,Não Convertido,,0.0,Agressivo,Thailand
246329,E-mail Marketing,2025-03-11,Não Convertido,,0.0,Desconhecido,Saint Martin
246330,Google Ads,2025-03-10,Não Convertido,,0.0,Agressivo,New Caledonia
246331,WhatsApp,2025-03-10,Convertido,26.0,8660.43,Conservador,Dominican Republic
246332,Facebook,2025-03-14,Não Convertido,,0.0,Desconhecido,Iceland
246333,WhatsApp,2025-03-10,Não Convertido,,0.0,Moderado,British Virgin Islands
246334,Orgânico,2025-03-10,Não Convertido,,0.0,Conservador,New Zealand
246335,TikTok,2025-03-11,Não Convertido,,0.0,Moderado,Nepal
246336,Instagram,2025-03-12,Não Convertido,,0.0,Conservador,Haiti
246337,Instagram,2025-03-13,Não Convertido,,0.0,Moderado,Zambia
246338,Facebook,2025-03-14,Não Convertido,,0.0,Moderado,Turks and Caicos Islands
246339,Instagram,2025-03-12,Convertido,8.0,5961.92,Moderado,Switzerland
246340,Instagram,2025-03-14,Não Convertido,,0.0,Moderado,Gambia
246341,Instagram,2025-03-12,Não Convertido,,0.0,Moderado,Anguilla
246342,YouTube Ads,2025-03-15,Não Convertido,,0.0,Conservador,Falkland Islands (Malvinas)
246343,E-mail Marketing,2025-03-14,Não Convertido,,0.0,Desconhecido,Somalia
246344,Orgânico,2025-03-11,Não Convertido,,0.0,Moderado,Isle of Man
246345,Facebook,2025-03-15,Não Convertido,,0.0,Conservador,Antigua and Barbuda
246346,E-mail Marketing,2025-03-11,Não Convertido,,0.0,Agressivo,Isle of Man
246347,Google Ads,2025-03-11,Não Convertido,,0.0,Moderado,Holy See (Vatican City State)
246348,YouTube Ads,2025-03-11,Convertido,22.0,4699.45,Agressivo,Uruguay
246349,Orgânico,2025-03-12,Não Convertido,,0.0,Agressivo,Niue
246350,Instagram,2025-03-12,Não Convertido,,0.0,Moderado,Malaysia
246351,Indicação,2025-03-13,Não Convertido,,0.0,Conservador,Croatia
246352,Indicação,2025-03-14,Não Convertido,,0.0,Agressivo,Moldova
246353,Google Ads,2025-03-11,Não Convertido,,0.0,Agressivo,Algeria
246354,Google Ads,2025-03-12,Convertido,15.0,9334.88,Moderado,Argentina
246355,Facebook,2025-03-14,Não Convertido,,0.0,Conservador,United States of America
246356,TikTok,2025-03-13,Não Convertido,,0.0,Agressivo,Pitcairn Islands
246357,YouTube Ads,2025-03-13,Não Convertido,,0.0,Conservador,Taiwan
246358,YouTube Ads,2025-03-10,Não Convertido,,0.0,Moderado,Latvia
246359,WhatsApp,2025-03-10,Não Convertido,,0.0,Moderado,Cyprus
246360,Orgânico,2025-03-14,Não Convertido,,0.0,Moderado,Austria
246361,TikTok,2025-03-12,Não Convertido,,0.0,Moderado,Seychelles
246362,Instagram,2025-03-15,Não Convertido,,0.0,Moderado,Greenland
246363,Orgânico,2025-03-15,Não Convertido,,0.0,Desconhecido,Madagascar
246364,WhatsApp,2025-03-11,Não Convertido,,0.0,Moderado,Turks and Caicos Islands
246365,WhatsApp,2025-03-11,Convertido,26.0,4813.64,Agressivo,Lao People's Democratic Republic
246366,Google Ads,2025-03-15,Não Convertido,,0.0,Agressivo,Jordan
246367,Instagram,2025-03-14,Não Convertido,,0.0,Agressivo,Moldova
246368,WhatsApp,2025-03-10,Não Convertido,,0.0,Agressivo,Nicaragua
246369,Google Ads,2025-03-10,Não Convertido,,0.0,Conservador,Saint Martin
246370,Facebook,2025-03-14,Não Convertido,,0.0,Moderado,Indonesia
246371,Orgânico,2025-03-10,Não Convertido,,0.0,Conservador,Canada
246372,Orgânico,2025-03-14,Não Convertido,,0.0,Agressivo,Jordan
246373,Facebook,2025-03-11,Não Convertido,,0.0,Agressivo,Denmark
246374,Orgânico,2025-03-13,Não Convertido,,0.0,Moderado,Panama
246375,Facebook,2025-03-11,Não Convertido,,0.0,Moderado,Egypt
246376,TikTok,2025-03-10,Não Convertido,,0.0,Conservador,Ireland
246377,Orgânico,2025-03-10,Não Convertido,,0.0,Conservador,Slovakia (Slovak Republic)
246378,TikTok,2025-03-10,Convertido,7.0,8375.88,Moderado,Kiribati
246379,WhatsApp,2025-03-13,Não Convertido,,0.0,Moderado,Malawi
246380,WhatsApp,2025-03-10,Não Convertido,,0.0,Conservador,Timor-Leste
246381,TikTok,2025-03-11,Não Convertido,,0.0,Moderado,Pitcairn Islands
246382,Facebook,2025-03-15,Não Convertido,,0.0,Conservador,Tokelau
246383,Google Ads,2025-03-15,Não Convertido,,0.0,Moderado,Uganda
246384,WhatsApp,2025-03-15,Não Convertido,,0.0,Conservador,Sao Tome and Principe
246385,Instagram,2025-03-11,Não Convertido,,0.0,Moderado,Kiribati
246386,Indicação,2025-03-15,Não Convertido,,0.0,Agressivo,Cape Verde
246387,Facebook,2025-03-15,Não Convertido,,0.0,Conservador,Mexico
246388,Facebook,2025-03-14,Não Convertido,,0.0,Desconhecido,Lao People's Democratic Republic
246389,Google Ads,2025-03-13,Não Convertido,,0.0,Agressivo,Russian Federation
246390,Orgânico,2025-03-11,Não Convertido,,0.0,Conservador,Azerbaijan
246391,E-mail Marketing,2025-03-15,Não Convertido,,0.0,Moderado,Aruba
246392,WhatsApp,2025-03-12,Não Convertido,,0.0,Agressivo,Uruguay
246393,Orgânico,2025-03-11,Convertido,7.0,3144.4,Agressivo,Estonia
246394,YouTube Ads,2025-03-14,Convertido,10.0,5656.82,Moderado,Kiribati
246395,Instagram,2025-03-14,Não Convertido,,0.0,Conservador,Greece
246396,Orgânico,2025-03-11,Convertido,13.0,8436.97,Moderado,Nepal
246397,Orgânico,2025-03-14,Não Convertido,,0.0,Moderado,Netherlands
246398,WhatsApp,2025-03-11,Não Convertido,,0.0,Agressivo,Anguilla
246399,YouTube Ads,2025-03-10,Não Convertido,,0.0,Agressivo,Nepal
246400,Orgânico,2025-03-14,Não Convertido,,0.0,Conservador,Eritrea
246401,Orgânico,2025-03-15,Não Convertido,,0.0,Moderado,Barbados
246402,Orgânico,2025-03-13,Não Convertido,,0.0,Agressivo,Saudi Arabia
246403,Orgânico,2025-03-10,Não Convertido,,0.0,Moderado,Puerto Rico
246404,YouTube Ads,2025-03-14,Não Convertido,,0.0,Moderado,Honduras
246405,Instagram,2025-03-13,Não Convertido,,0.0,Moderado,Brazil
246406,Indicação,2025-03-14,Não Convertido,,0.0,Desconhecido,Saint Lucia
246407,Google Ads,2025-03-11,Não Convertido,,0.0,Conservador,Haiti
246408,Instagram,2025-03-12,Não Convertido,,0.0,Moderado,Comoros
246409,E-mail Marketing,2025-03-13,Não Convertido,,0.0,Conservador,Anguilla
246410,Facebook,2025-03-12,Não Convertido,,0.0,Conservador,French Southern Territories
246411,WhatsApp,2025-03-14,Não Convertido,,0.0,Moderado,Jamaica
246412,E-mail Marketing,2025-03-15,Não Convertido,,0.0,Moderado,Fiji
246413,Google Ads,2025-03-10,Não Convertido,,0.0,Moderado,Seychelles
246414,TikTok,2025-03-12,Não Convertido,,0.0,Agressivo,Aruba
246415,TikTok,2025-03-15,Não Convertido,,0.0,Moderado,Iraq
246416,Google Ads,2025-03-11,Não Convertido,,0.0,Desconhecido,Barbados
246417,TikTok,2025-03-11,Não Convertido,,0.0,Desconhecido,Martinique
246418,Google Ads,2025-03-12,Não Convertido,,0.0,Moderado,Nauru
246419,YouTube Ads,2025-03-11,Não Convertido,,0.0,Agressivo,Korea
246420,TikTok,2025-03-12,Não Convertido,,0.0,Agressivo,Moldova
246421,Orgânico,2025-03-12,Convertido,12.0,6425.23,Desconhecido,Singapore
246422,Instagram,2025-03-15,Não Convertido,,0.0,Agressivo,France
246423,WhatsApp,2025-03-14,Não Convertido,,0.0,Agressivo,Spain
246424,Indicação,2025-03-14,Não Convertido,,0.0,Agressivo,Saint Kitts and Nevis
246425,Instagram,2025-03-14,Não Convertido,,0.0,Agressivo,South Africa
246426,WhatsApp,2025-03-13,Não Convertido,,0.0,Moderado,Tunisia
246427,Google Ads,2025-03-15,Não Convertido,,0.0,Agressivo,Burkina Faso
246428,TikTok,2025-03-12,Não Convertido,,0.0,Desconhecido,Qatar
246429,Facebook,2025-03-14,Não Convertido,,0.0,Agressivo,Angola
246430,E-mail Marketing,2025-03-14,Não Convertido,,0.0,Conservador,Cuba
246431,Instagram,2025-03-11,Convertido,11.0,9550.89,Moderado,Korea
246432,E-mail Marketing,2025-03-13,Não Convertido,,0.0,Moderado,Montenegro
246433,WhatsApp,2025-03-15,Não Convertido,,0.0,Conservador,Iceland
246434,Google Ads,2025-03-13,Não Convertido,,0.0,Conservador,El Salvador
246435,TikTok,2025-03-13,Não Convertido,,0.0,Moderado,Turks and Caicos Islands
246436,Instagram,2025-03-10,Não Convertido,,0.0,Moderado,Saint Pierre and Miquelon
246437,Google Ads,2025-03-12,Não Convertido,,0.0,Agressivo,Saint Helena
246438,Google Ads,2025-03-10,Convertido,9.0,4695.22,Moderado,Indonesia
246439,E-mail Marketing,2025-03-12,Não Convertido,,0.0,Moderado,Vietnam
246440,Orgânico,2025-03-15,Não Convertido,,0.0,Agressivo,Korea
246441,WhatsApp,2025-03-15,Não Convertido,,0.0,Moderado,Philippines
246442,TikTok,2025-03-12,Não Convertido,,0.0,Moderado,Swaziland
246443,Orgânico,2025-03-13,Não Convertido,,0.0,Agressivo,Ireland
246444,TikTok,2025-03-10,Não Convertido,,0.0,Conservador,Guinea-Bissau
246445,Facebook,2025-03-12,Não Convertido,,0.0,Conservador,Namibia
246446,Instagram,2025-03-15,Não Convertido,,0.0,Moderado,Timor-Leste
246447,Instagram,2025-03-12,Não Convertido,,0.0,Moderado,Georgia
246448,E-mail Marketing,2025-03-12,Convertido,4.0,372.05,Moderado,Northern Mariana Islands
246449,Indicação,2025-03-10,Não Convertido,,0.0,Agressivo,Madagascar
246450,Facebook,2025-03-12,Não Convertido,,0.0,Moderado,Vietnam
246451,Orgânico,2025-03-13,Não Convertido,,0.0,Agressivo,Maldives
246452,WhatsApp,2025-03-11,Não Convertido,,0.0,Moderado,Uganda
246453,Orgânico,2025-03-10,Não Convertido,,0.0,Desconhecido,Solomon Islands
246454,Facebook,2025-03-13,Não Convertido,,0.0,Moderado,Lebanon
246455,E-mail Marketing,2025-03-15,Não Convertido,,0.0,Conservador,Turkey
246456,Orgânico,2025-03-15,Não Convertido,,0.0,Conservador,Saint Helena
246457,WhatsApp,2025-03-15,Não Convertido,,0.0,Agressivo,Wallis and Futuna
246458,TikTok,2025-03-13,Não Convertido,,0.0,Moderado,Jersey
246459,TikTok,2025-03-13,Não Convertido,,0.0,Agressivo,South Africa
246460,Instagram,2025-03-15,Não Convertido,,0.0,Conservador,Niue
246461,YouTube Ads,2025-03-14,Não Convertido,,0.0,Agressivo,Seychelles
246462,YouTube Ads,2025-03-15,Não Convertido,,0.0,Conservador,Cambodia
246463,Orgânico,2025-03-12,Não Convertido,,0.0,Moderado,China
246464,YouTube Ads,2025-03-12,Não Convertido,,0.0,Conservador,Venezuela
246465,Instagram,2025-03-12,Não Convertido,,0.0,Desconhecido,Marshall Islands
246466,TikTok,2025-03-15,Não Convertido,,0.0,Conservador,Togo
246467,WhatsApp,2025-03-15,Não Convertido,,0.0,Agressivo,Guinea
246468,Orgânico,2025-03-12,Não Convertido,,0.0,Moderado,Australia
246469,Google Ads,2025-03-10,Não Convertido,,0.0,Agressivo,Wallis and Futuna
246470,E-mail Marketing,2025-03-11,Não Convertido,,0.0,Agressivo,Mauritania
246471,Facebook,2025-03-12,Não Convertido,,0.0,Moderado,Armenia
246472,Indicação,2025-03-11,Não Convertido,,0.0,Moderado,Oman
246473,Indicação,2025-03-14,Não Convertido,,0.0,Moderado,Macao
246474,WhatsApp,2025-03-14,Não Convertido,,0.0,Moderado,United States Minor Outlying Islands
246475,Google Ads,2025-03-13,Não Convertido,,0.0,Conservador,Ukraine
246476,E-mail Marketing,2025-03-11,Não Convertido,,0.0,Moderado,Guernsey
246477,Facebook,2025-03-13,Não Convertido,,0.0,Agressivo,French Polynesia
246478,E-mail Marketing,2025-03-11,Não Convertido,,0.0,Agressivo,American Samoa
246479,Instagram,2025-03-11,Não Convertido,,0.0,Agressivo,Vanuatu
246480,Google Ads,2025-03-11,Não Convertido,,0.0,Moderado,Guam
246481,Facebook,2025-03-12,Não Convertido,,0.0,Moderado,Cook Islands
246482,TikTok,2025-03-12,Não Convertido,,0.0,Agressivo,Luxembourg
246483,Instagram,2025-03-11,Não Convertido,,0.0,Moderado,Canada
246484,Indicação,2025-03-15,Não Convertido,,0.0,Conservador,Korea
246485,Orgânico,2025-03-12,Não Convertido,,0.0,Conservador,Hong Kong
246486,WhatsApp,2025-03-13,Não Convertido,,0.0,Conservador,Svalbard & Jan Mayen Islands
246487,E-mail Marketing,2025-03-10,Não Convertido,,0.0,Agressivo,Grenada
246488,WhatsApp,2025-03-12,Não Convertido,,0.0,Agressivo,Iraq
246489,YouTube Ads,2025-03-14,Convertido,12.0,4233.23,Moderado,Nauru
246490,Orgânico,2025-03-12,Não Convertido,,0.0,Conservador,Western Sahara
246491,Orgânico,2025-03-14,Não Convertido,,0.0,Moderado,Timor-Leste
246492,Facebook,2025-03-11,Não Convertido,,0.0,Conservador,Seychelles
246493,Indicação,2025-03-13,Não Convertido,,0.0,Moderado,Nauru
246494,TikTok,2025-03-10,Não Convertido,,0.0,Moderado,Barbados
246495,Indicação,2025-03-13,Não Convertido,,0.0,Agressivo,Gambia
246496,TikTok,2025-03-13,Não Convertido,,0.0,Moderado,Nigeria
246497,Google Ads,2025-03-10,Não Convertido,,0.0,Conservador,Indonesia
246498,Instagram,2025-03-14,Não Convertido,,0.0,Moderado,French Southern Territories
246499,Facebook,2025-03-12,Não Convertido,,0.0,Moderado,Vanuatu
246500,Indicação,2025-03-13,Não Convertido,,0.0,Agressivo,Niger
246501,YouTube Ads,2025-03-12,Não Convertido,,0.0,Moderado,British Indian Ocean Territory (Chagos Archipelago)
246502,TikTok,2025-03-15,Não Convertido,,0.0,Conservador,Puerto Rico
246503,Orgânico,2025-03-14,Não Convertido,,0.0,Moderado,Korea
246504,WhatsApp,2025-03-15,Não Convertido,,0.0,Moderado,Portugal
246505,TikTok,2025-03-10,Convertido,4.0,6916.83,Conservador,Kuwait
246506,Facebook,2025-03-15,Não Convertido,,0.0,Conservador,Hong Kong
246507,Orgânico,2025-03-12,Não Convertido,,0.0,Conservador,Bhutan
246508,Instagram,2025-03-14,Não Convertido,,0.0,Moderado,North Macedonia
246509,TikTok,2025-03-10,Não Convertido,,0.0,Desconhecido,Palestinian Territory
246510,E-mail Marketing,2025-03-15,Não Convertido,,0.0,Moderado,Malta
246511,YouTube Ads,2025-03-11,Não Convertido,,0.0,Desconhecido,Netherlands
246512,Facebook,2025-03-15,Não Convertido,,0.0,Moderado,Kiribati
246513,YouTube Ads,2025-03-10,Convertido,23.0,9304.47,Moderado,Marshall Islands
246514,Orgânico,2025-03-12,Convertido,7.0,6308.46,Desconhecido,Tonga
246515,Google Ads,2025-03-14,Não Convertido,,0.0,Moderado,Belgium
246516,YouTube Ads,2025-03-15,Convertido,16.0,8518.43,Moderado,Peru
246517,Orgânico,2025-03-13,Não Convertido,,0.0,Agressivo,Bolivia
246518,TikTok,2025-03-13,Não Convertido,,0.0,Moderado,Belgium
246519,Indicação,2025-03-15,Não Convertido,,0.0,Conservador,New Caledonia
246520,Indicação,2025-03-13,Não Convertido,,0.0,Conservador,Benin
246521,Orgânico,2025-03-14,Não Convertido,,0.0,Desconhecido,Wallis and Futuna
246522,Instagram,2025-03-13,Não Convertido,,0.0,Conservador,Solomon Islands
246523,Instagram,2025-03-14,Não Convertido,,0.0,Moderado,Mauritius
246524,Orgânico,2025-03-14,Não Convertido,,0.0,Agressivo,Saint Pierre and Miquelon
246525,Orgânico,2025-03-12,Não Convertido,,0.0,Moderado,Nicaragua
246526,Indicação,2025-03-12,Não Convertido,,0.0,Moderado,Nicaragua
246527,Instagram,2025-03-15,Não Convertido,,0.0,Agressivo,Bosnia and Herzegovina
246528,E-mail Marketing,2025-03-15,Não Convertido,,0.0,Moderado,Cambodia
246529,E-mail Marketing,2025-03-13,Não Convertido,,0.0,Moderado,Norfolk Island
246530,YouTube Ads,2025-03-10,Não Convertido,,0.0,Moderado,Timor-Leste
246531,Google Ads,2025-03-13,Não Convertido,,0.0,Conservador,Montenegro
246532,YouTube Ads,2025-03-15,Não Convertido,,0.0,Moderado,Ireland
246533,TikTok,2025-03-10,Convertido,0.0,5500.65,Desconhecido,Dominica
246534,Facebook,2025-03-10,Não Convertido,,0.0,Moderado,Equatorial Guinea
246535,WhatsApp,2025-03-13,Não Convertido,,0.0,Desconhecido,South Africa
246536,TikTok,2025-03-13,Não Convertido,,0.0,Moderado,Niue
246537,Orgânico,2025-03-15,Não Convertido,,0.0,Conservador,Falkland Islands (Malvinas)
246538,Google Ads,2025-03-12,Não Convertido,,0.0,Agressivo,Belgium
246539,Orgânico,2025-03-13,Convertido,22.0,538.56,Conservador,Madagascar
246540,TikTok,2025-03-11,Não Convertido,,0.0,Conservador,Hong Kong
246541,Instagram,2025-03-15,Convertido,20.0,1200.13,Moderado,Maldives
246542,WhatsApp,2025-03-13,Não Convertido,,0.0,Moderado,Bahamas
246543,Facebook,2025-03-11,Não Convertido,,0.0,Moderado,Congo
246544,E-mail Marketing,2025-03-15,Não Convertido,,0.0,Agressivo,Wallis and Futuna
246545,E-mail Marketing,2025-03-10,Não Convertido,,0.0,Desconhecido,Togo
246546,E-mail Marketing,2025-03-11,Não Convertido,,0.0,Moderado,Cape Verde
246547,E-mail Marketing,2025-03-14,Não Convertido,,0.0,Agressivo,Finland
246548,Google Ads,2025-03-15,Não Convertido,,0.0,Agressivo,Ukraine
246549,Facebook,2025-03-13,Não Convertido,,0.0,Desconhecido,Netherlands Antilles
246550,TikTok,2025-03-15,Não Convertido,,0.0,Agressivo,Guadeloupe
246551,Orgânico,2025-03-13,Convertido,2.0,2919.64,Agressivo,Spain
246552,Instagram,2025-03-15,Não Convertido,,0.0,Agressivo,Albania
246553,WhatsApp,2025-03-15,Não Convertido,,0.0,Moderado,New Caledonia
246554,E-mail Marketing,2025-03-11,Não Convertido,,0.0,Moderado,Bolivia
246555,YouTube Ads,2025-03-15,Não Convertido,,0.0,Agressivo,Dominica
246556,Instagram,2025-03-14,Não Convertido,,0.0,Moderado,Venezuela
246557,Google Ads,2025-03-14,Não Convertido,,0.0,Moderado,Saint Martin
246558,Google Ads,2025-03-10,Não Convertido,,0.0,Moderado,Ghana
246559,WhatsApp,2025-03-13,Não Convertido,,0.0,Conservador,Netherlands
246560,Instagram,2025-03-11,Não Convertido,,0.0,Agressivo,Saint Lucia
246561,Instagram,2025-03-14,Não Convertido,,0.0,Agressivo,Cape Verde
246562,E-mail Marketing,2025-03-10,Não Convertido,,0.0,Conservador,Malta
246563,Orgânico,2025-03-12,Não Convertido,,0.0,Moderado,Chile
246564,Google Ads,2025-03-13,Não Convertido,,0.0,Moderado,Eritrea
246565,YouTube Ads,2025-03-10,Não Convertido,,0.0,Moderado,Puerto Rico
246566,WhatsApp,2025-03-15,Não Convertido,,0.0,Conservador,Papua New Guinea
246567,Orgânico,2025-03-15,Convertido,26.0,2726.23,Desconhecido,Latvia
246568,E-mail Marketing,2025-03-12,Não Convertido,,0.0,Desconhecido,Bulgaria
246569,Orgânico,2025-03-12,Não Convertido,,0.0,Conservador,Belize
246570,Orgânico,2025-03-11,Não Convertido,,0.0,Moderado,Honduras
246571,Facebook,2025-03-13,Convertido,22.0,6264.25,Agressivo,Zambia
246572,E-mail Marketing,2025-03-13,Não Convertido,,0.0,Desconhecido,Switzerland
246573,TikTok,2025-03-13,Não Convertido,,0.0,Moderado,Thailand
246574,Instagram,2025-03-13,Não Convertido,,0.0,Moderado,Antigua and Barbuda
246575,Instagram,2025-03-13,Não Convertido,,0.0,Conservador,Ireland
246576,Orgânico,2025-03-13,Não Convertido,,0.0,Moderado,Yemen
246577,Facebook,2025-03-12,Não Convertido,,0.0,Agressivo,Marshall Islands
246578,TikTok,2025-03-11,Não Convertido,,0.0,Agressivo,Cocos (Keeling) Islands
246579,Facebook,2025-03-11,Não Convertido,,0.0,Agressivo,French Polynesia
246580,Google Ads,2025-03-11,Não Convertido,,0.0,Agressivo,Slovakia (Slovak Republic)
246581,YouTube Ads,2025-03-11,Não Convertido,,0.0,Moderado,Kiribati
246582,Instagram,2025-03-13,Não Convertido,,0.0,Moderado,Wallis and Futuna
246583,Orgânico,2025-03-12,Não Convertido,,0.0,Agressivo,Kuwait
246584,TikTok,2025-03-12,Não Convertido,,0.0,Agressivo,Ukraine
246585,Orgânico,2025-03-10,Não Convertido,,0.0,Desconhecido,Malta
246586,WhatsApp,2025-03-12,Convertido,30.0,4601.61,Moderado,Colombia
246587,TikTok,2025-03-11,Não Convertido,,0.0,Moderado,Seychelles
246588,Orgânico,2025-03-11,Convertido,23.0,3184.24,Desconhecido,Belgium
246589,Orgânico,2025-03-15,Não Convertido,,0.0,Conservador,Tuvalu
246590,Facebook,2025-03-13,Convertido,9.0,5333.94,Agressivo,Sweden
246591,TikTok,2025-03-15,Não Convertido,,0.0,Conservador,Papua New Guinea
246592,Instagram,2025-03-12,Não Convertido,,0.0,Moderado,Kuwait
246593,WhatsApp,2025-03-12,Não Convertido,,0.0,Desconhecido,Belgium
246594,E-mail Marketing,2025-03-10,Não Convertido,,0.0,Moderado,Suriname
246595,Instagram,2025-03-15,Não Convertido,,0.0,Agressivo,Bahrain
246596,Orgânico,2025-03-13,Não Convertido,,0.0,Moderado,Kyrgyz Republic
246597,Google Ads,2025-03-14,Não Convertido,,0.0,Moderado,Cameroon
246598,Orgânico,2025-03-14,Não Convertido,,0.0,Agressivo,Swaziland
246599,Google Ads,2025-03-11,Não Convertido,,0.0,Agressivo,Maldives
246600,E-mail Marketing,2025-03-11,Não Convertido,,0.0,Moderado,Anguilla
246601,Google Ads,2025-03-13,Não Convertido,,0.0,Moderado,Paraguay
246602,TikTok,2025-03-13,Não Convertido,,0.0,Moderado,Nigeria
246603,WhatsApp,2025-03-12,Não Convertido,,0.0,Conservador,Central African Republic
246604,Indicação,2025-03-13,Não Convertido,,0.0,Moderado,Swaziland
246605,Orgânico,2025-03-13,Não Convertido,,0.0,Agressivo,Malta
246606,Google Ads,2025-03-10,Não Convertido,,0.0,Agressivo,Algeria
246607,E-mail Marketing,2025-03-14,Não Convertido,,0.0,Agressivo,Somalia
246608,YouTube Ads,2025-03-12,Não Convertido,,0.0,Moderado,Indonesia
246609,Indicação,2025-03-10,Não Convertido,,0.0,Moderado,Zimbabwe
246610,Orgânico,2025-03-10,Não Convertido,,0.0,Agressivo,Moldova
246611,TikTok,2025-03-15,Não Convertido,,0.0,Moderado,Algeria
246612,E-mail Marketing,2025-03-11,Não Convertido,,0.0,Agressivo,Mexico
246613,Google Ads,2025-03-15,Não Convertido,,0.0,Moderado,Pakistan
246614,E-mail Marketing,2025-03-14,Não Convertido,,0.0,Conservador,Suriname
246615,Orgânico,2025-03-10,Não Convertido,,0.0,Moderado,Central African Republic
246616,Facebook,2025-03-13,Não Convertido,,0.0,Moderado,New Zealand
246617,E-mail Marketing,2025-03-10,Não Convertido,,0.0,Moderado,Saint Vincent and the Grenadines
246618,Orgânico,2025-03-12,Não Convertido,,0.0,Moderado,Reunion
246619,TikTok,2025-03-15,Não Convertido,,0.0,Conservador,Iceland
246620,E-mail Marketing,2025-03-15,Não Convertido,,0.0,Agressivo,Slovakia (Slovak Republic)
246621,TikTok,2025-03-10,Não Convertido,,0.0,Agressivo,Ghana
246622,Google Ads,2025-03-13,Não Convertido,,0.0,Moderado,Micronesia
246623,Facebook,2025-03-14,Não Convertido,,0.0,Agressivo,Sudan
246624,Instagram,2025-03-13,Não Convertido,,0.0,Conservador,Tokelau
246625,Orgânico,2025-03-12,Não Convertido,,0.0,Agressivo,Cape Verde
246626,TikTok,2025-03-14,Não Convertido,,0.0,Agressivo,Myanmar
246627,Google Ads,2025-03-12,Não Convertido,,0.0,Agressivo,Saint Kitts and Nevis
246628,WhatsApp,2025-03-15,Convertido,16.0,5071.07,Conservador,New Zealand
246629,Google Ads,2025-03-13,Não Convertido,,0.0,Moderado,Saint Martin
246630,YouTube Ads,2025-03-13,Não Convertido,,0.0,Moderado,Bolivia
246631,Facebook,2025-03-14,Não Convertido,,0.0,Agressivo,Monaco
246632,Google Ads,2025-03-11,Não Convertido,,0.0,Agressivo,Indonesia
246633,Google Ads,2025-03-10,Não Convertido,,0.0,Moderado,Montenegro
246634,Instagram,2025-03-12,Não Convertido,,0.0,Conservador,Mozambique
246635,TikTok,2025-03-12,Não Convertido,,0.0,Moderado,Saint Lucia
246636,Indicação,2025-03-14,Não Convertido,,0.0,Desconhecido,Argentina
246637,Google Ads,2025-03-10,Não Convertido,,0.0,Agressivo,Germany
246638,YouTube Ads,2025-03-12,Não Convertido,,0.0,Moderado,Togo
246639,YouTube Ads,2025-03-15,Não Convertido,,0.0,Moderado,Malaysia
246640,WhatsApp,2025-03-10,Não Convertido,,0.0,Conservador,Wallis and Futuna
246641,WhatsApp,2025-03-13,Não Convertido,,0.0,Agressivo,Pakistan
246642,TikTok,2025-03-15,Não Convertido,,0.0,Agressivo,Nicaragua
246643,Facebook,2025-03-13,Não Convertido,,0.0,Agressivo,Indonesia
246644,Indicação,2025-03-13,Não Convertido,,0.0,Moderado,Costa Rica
246645,TikTok,2025-03-10,Não Convertido,,0.0,Agressivo,Samoa
246646,E-mail Marketing,2025-03-15,Não Convertido,,0.0,Moderado,Serbia
246647,Google Ads,2025-03-10,Não Convertido,,0.0,Desconhecido,Spain
246648,YouTube Ads,2025-03-15,Não Convertido,,0.0,Moderado,Cote d'Ivoire
246649,YouTube Ads,2025-03-12,Não Convertido,,0.0,Moderado,Comoros
246650,YouTube Ads,2025-03-11,Não Convertido,,0.0,Conservador,Japan
246651,Indicação,2025-03-13,Não Convertido,,0.0,Desconhecido,Ethiopia
246652,TikTok,2025-03-12,Não Convertido,,0.0,Desconhecido,Zambia
246653,WhatsApp,2025-03-12,Não Convertido,,0.0,Desconhecido,Gibraltar
246654,TikTok,2025-03-15,Não Convertido,,0.0,Conservador,Micronesia
246655,Orgânico,2025-03-15,Não Convertido,,0.0,Moderado,Oman
246656,YouTube Ads,2025-03-10,Convertido,18.0,9456.84,Desconhecido,Czech Republic
246657,E-mail Marketing,2025-03-10,Não Convertido,,0.0,Moderado,Sao Tome and Principe
246658,TikTok,2025-03-11,Não Convertido,,0.0,Moderado,Western Sahara
246659,Facebook,2025-03-10,Não Convertido,,0.0,Conservador,Nauru
246660,Orgânico,2025-03-10,Não Convertido,,0.0,Agressivo,Slovenia
246661,Orgânico,2025-03-10,Não Convertido,,0.0,Agressivo,Lithuania
246662,Indicação,2025-03-14,Não Convertido,,0.0,Agressivo,Nicaragua
246663,Facebook,2025-03-11,Não Convertido,,0.0,Conservador,Ireland
246664,TikTok,2025-03-12,Não Convertido,,0.0,Agressivo,Guinea
246665,E-mail Marketing,2025-03-12,Não Convertido,,0.0,Agressivo,Syrian Arab Republic
246666,E-mail Marketing,2025-03-10,Não Convertido,,0.0,Desconhecido,Lebanon
246667,TikTok,2025-03-13,Não Convertido,,0.0,Moderado,Pitcairn Islands
246668,Indicação,2025-03-15,Não Convertido,,0.0,Conservador,Turkey
246669,WhatsApp,2025-03-13,Não Convertido,,0.0,Conservador,Iran
246670,E-mail Marketing,2025-03-12,Não Convertido,,0.0,Conservador,Aruba
246671,TikTok,2025-03-12,Não Convertido,,0.0,Moderado,Dominica
246672,WhatsApp,2025-03-11,Não Convertido,,0.0,Moderado,Mali
246673,Facebook,2025-03-14,Não Convertido,,0.0,Moderado,Malawi
246674,YouTube Ads,2025-03-12,Não Convertido,,0.0,Moderado,Antarctica (the territory South of 60 deg S)
246675,TikTok,2025-03-14,Não Convertido,,0.0,Moderado,Saudi Arabia
246676,E-mail Marketing,2025-03-14,Não Convertido,,0.0,Agressivo,Kyrgyz Republic
246677,Orgânico,2025-03-15,Não Convertido,,0.0,Moderado,Sudan
246678,Instagram,2025-03-13,Não Convertido,,0.0,Conservador,Moldova
246679,YouTube Ads,2025-03-14,Não Convertido,,0.0,Moderado,Greece
246680,Orgânico,2025-03-12,Não Convertido,,0.0,Agressivo,Bouvet Island (Bouvetoya)
246681,Facebook,2025-03-14,Não Convertido,,0.0,Agressivo,Barbados
246682,Orgânico,2025-03-12,Não Convertido,,0.0,Moderado,Cayman Islands
246683,Instagram,2025-03-14,Não Convertido,,0.0,Conservador,France
246684,Instagram,2025-03-11,Não Convertido,,0.0,Conservador,China
246685,YouTube Ads,2025-03-11,Convertido,6.0,3750.97,Desconhecido,Ecuador
246686,Orgânico,2025-03-15,Não Convertido,,0.0,Conservador,Antigua and Barbuda
246687,WhatsApp,2025-03-15,Não Convertido,,0.0,Moderado,Japan
246688,Orgânico,2025-03-14,Não Convertido,,0.0,Agressivo,Serbia
246689,Indicação,2025-03-13,Não Convertido,,0.0,Agressivo,Switzerland
246690,Instagram,2025-03-12,Não Convertido,,0.0,Desconhecido,Malta
246691,Instagram,2025-03-11,Não Convertido,,0.0,Agressivo,Singapore
246692,YouTube Ads,2025-03-11,Não Convertido,,0.0,Moderado,Estonia
246693,TikTok,2025-03-13,Não Convertido,,0.0,Agressivo,Kenya
246694,Orgânico,2025-03-13,Não Convertido,,0.0,Conservador,Zimbabwe
246695,Instagram,2025-03-14,Não Convertido,,0.0,Agressivo,Venezuela
246696,WhatsApp,2025-03-14,Não Convertido,,0.0,Moderado,Uganda
246697,E-mail Marketing,2025-03-11,Não Convertido,,0.0,Moderado,Lao People's Democratic Republic
246698,Orgânico,2025-03-13,Não Convertido,,0.0,Moderado,Togo
246699,YouTube Ads,2025-03-13,Não Convertido,,0.0,Conservador,Burundi
246700,Orgânico,2025-03-13,Não Convertido,,0.0,Moderado,Guam
246701,Instagram,2025-03-15,Não Convertido,,0.0,Agressivo,Georgia
246702,WhatsApp,2025-03-10,Não Convertido,,0.0,Agressivo,Namibia
246703,Google Ads,2025-03-15,Não Convertido,,0.0,Moderado,Ethiopia
246704,Instagram,2025-03-13,Não Convertido,,0.0,Conservador,Timor-Leste
246705,WhatsApp,2025-03-12,Não Convertido,,0.0,Moderado,Namibia
246706,Google Ads,2025-03-14,Não Convertido,,0.0,Agressivo,Eritrea
246707,TikTok,2025-03-13,Convertido,24.0,6973.85,Moderado,Monaco
246708,Instagram,2025-03-13,Não Convertido,,0.0,Conservador,Nauru
246709,Google Ads,2025-03-15,Não Convertido,,0.0,Moderado,Kyrgyz Republic
246710,Orgânico,2025-03-14,Não Convertido,,0.0,Moderado,Nauru
246711,Orgânico,2025-03-12,Não Convertido,,0.0,Desconhecido,Nigeria
246712,Indicação,2025-03-11,Não Convertido,,0.0,Moderado,Cote d'Ivoire
246713,TikTok,2025-03-14,Não Convertido,,0.0,Moderado,Sweden
246714,WhatsApp,2025-03-10,Não Convertido,,0.0,Moderado,United States Virgin Islands
246715,TikTok,2025-03-10,Não Convertido,,0.0,Conservador,Dominican Republic
246716,YouTube Ads,2025-03-15,Não Convertido,,0.0,Moderado,Burkina Faso
246717,Instagram,2025-03-15,Não Convertido,,0.0,Conservador,Venezuela
246718,E-mail Marketing,2025-03-13,Não Convertido,,0.0,Moderado,British Indian Ocean Territory (Chagos Archipelago)
246719,Indicação,2025-03-11,Não Convertido,,0.0,Moderado,Swaziland
246720,Orgânico,2025-03-15,Não Convertido,,0.0,Agressivo,Taiwan
246721,TikTok,2025-03-11,Não Convertido,,0.0,Desconhecido,Isle of Man
246722,Orgânico,2025-03-15,Não Convertido,,0.0,Moderado,Ecuador
246723,E-mail Marketing,2025-03-13,Não Convertido,,0.0,Agressivo,British Indian Ocean Territory (Chagos Archipelago)
246724,Indicação,2025-03-13,Não Convertido,,0.0,Moderado,Pakistan
246725,Orgânico,2025-03-11,Não Convertido,,0.0,Moderado,Cote d'Ivoire
246726,Indicação,2025-03-12,Convertido,21.0,534.91,Conservador,Saint Vincent and the Grenadines
246727,Google Ads,2025-03-15,Não Convertido,,0.0,Conservador,Iceland
246728,Instagram,2025-03-14,Não Convertido,,0.0,Agressivo,Azerbaijan
246729,Instagram,2025-03-15,Não Convertido,,0.0,Moderado,Mauritania
246730,Instagram,2025-03-11,Não Convertido,,0.0,Moderado,Dominica
246731,Orgânico,2025-03-15,Não Convertido,,0.0,Agressivo,Papua New Guinea
246732,TikTok,2025-03-14,Não Convertido,,0.0,Conservador,Mozambique
246733,Orgânico,2025-03-12,Não Convertido,,0.0,Conservador,Pakistan
246734,Orgânico,2025-03-14,Não Convertido,,0.0,Agressivo,Cuba
246735,Instagram,2025-03-13,Não Convertido,,0.0,Agressivo,Cayman Islands
246736,Orgânico,2025-03-12,Não Convertido,,0.0,Agressivo,Uganda
246737,Instagram,2025-03-13,Não Convertido,,0.0,Moderado,Kyrgyz Republic
246738,TikTok,2025-03-13,Não Convertido,,0.0,Conservador,Malawi
246739,YouTube Ads,2025-03-11,Não Convertido,,0.0,Moderado,Estonia
246740,Indicação,2025-03-12,Não Convertido,,0.0,Agressivo,Brunei Darussalam
246741,Orgânico,2025-03-15,Não Convertido,,0.0,Conservador,Nicaragua
246742,Orgânico,2025-03-11,Não Convertido,,0.0,Agressivo,Iran
246743,Google Ads,2025-03-14,Não Convertido,,0.0,Desconhecido,Zimbabwe
246744,Google Ads,2025-03-14,Não Convertido,,0.0,Moderado,Bosnia and Herzegovina
246745,Google Ads,2025-03-15,Não Convertido,,0.0,Agressivo,Lebanon
246746,Google Ads,2025-03-13,Convertido,28.0,8039.59,Conservador,Kazakhstan
246747,E-mail Marketing,2025-03-10,Não Convertido,,0.0,Conservador,Saint Barthelemy
246748,Instagram,2025-03-15,Não Convertido,,0.0,Moderado,Austria
246749,Instagram,2025-03-13,Não Convertido,,0.0,Agressivo,Uzbekistan
246750,Orgânico,2025-03-11,Não Convertido,,0.0,Agressivo,Bouvet Island (Bouvetoya)
246751,Instagram,2025-03-15,Não Convertido,,0.0,Conservador,Suriname
246752,Orgânico,2025-03-11,Não Convertido,,0.0,Moderado,Saint Vincent and the Grenadines
246753,E-mail Marketing,2025-03-14,Não Convertido,,0.0,Desconhecido,Lao People's Democratic Republic
246754,Google Ads,2025-03-10,Não Convertido,,0.0,Moderado,India
246755,YouTube Ads,2025-03-11,Não Convertido,,0.0,Moderado,Cape Verde
246756,Google Ads,2025-03-10,Não Convertido,,0.0,Moderado,Christmas Island
246757,TikTok,2025-03-15,Não Convertido,,0.0,Conservador,Malawi
246758,Orgânico,2025-03-12,Não Convertido,,0.0,Moderado,Jersey
246759,E-mail Marketing,2025-03-12,Não Convertido,,0.0,Conservador,Antarctica (the territory South of 60 deg S)
246760,Facebook,2025-03-11,Não Convertido,,0.0,Agressivo,Solomon Islands
246761,Orgânico,2025-03-14,Não Convertido,,0.0,Agressivo,Mongolia
246762,WhatsApp,2025-03-10,Não Convertido,,0.0,Conservador,Romania
246763,TikTok,2025-03-11,Não Convertido,,0.0,Agressivo,Brazil
246764,E-mail Marketing,2025-03-12,Não Convertido,,0.0,Moderado,New Zealand
246765,Orgânico,2025-03-15,Não Convertido,,0.0,Conservador,Montenegro
246766,Instagram,2025-03-15,Não Convertido,,0.0,Moderado,Greece
246767,TikTok,2025-03-14,Não Convertido,,0.0,Moderado,Equatorial Guinea
246768,Google Ads,2025-03-11,Não Convertido,,0.0,Moderado,Antarctica (the territory South of 60 deg S)
246769,Orgânico,2025-03-10,Não Convertido,,0.0,Agressivo,South Georgia and the South Sandwich Islands
246770,TikTok,2025-03-15,Não Convertido,,0.0,Moderado,Jersey
246771,Instagram,2025-03-15,Não Convertido,,0.0,Moderado,Guinea-Bissau
246772,Orgânico,2025-03-12,Não Convertido,,0.0,Moderado,Croatia
246773,Orgânico,2025-03-10,Não Convertido,,0.0,Moderado,Venezuela
246774,TikTok,2025-03-15,Não Convertido,,0.0,Moderado,Greenland
246775,Orgânico,2025-03-12,Convertido,8.0,5731.73,Moderado,Guinea
246776,Orgânico,2025-03-12,Não Convertido,,0.0,Conservador,Malawi
246777,Google Ads,2025-03-11,Não Convertido,,0.0,Agressivo,Holy See (Vatican City State)
246778,Facebook,2025-03-12,Não Convertido,,0.0,Agressivo,Bahamas
246779,Instagram,2025-03-11,Não Convertido,,0.0,Moderado,Maldives
246780,Indicação,2025-03-14,Não Convertido,,0.0,Agressivo,Liberia
246781,Orgânico,2025-03-12,Não Convertido,,0.0,Conservador,Bosnia and Herzegovina
246782,E-mail Marketing,2025-03-10,Não Convertido,,0.0,Conservador,Austria
246783,TikTok,2025-03-14,Não Convertido,,0.0,Moderado,Samoa
246784,Facebook,2025-03-10,Não Convertido,,0.0,Moderado,Montserrat
246785,Google Ads,2025-03-14,Não Convertido,,0.0,Moderado,Suriname
246786,Google Ads,2025-03-14,Não Convertido,,0.0,Conservador,Russian Federation
246787,TikTok,2025-03-15,Não Convertido,,0.0,Agressivo,Bahamas
246788,YouTube Ads,2025-03-13,Não Convertido,,0.0,Moderado,Bolivia
246789,Facebook,2025-03-10,Não Convertido,,0.0,Moderado,Lithuania
246790,YouTube Ads,2025-03-10,Não Convertido,,0.0,Moderado,Montserrat
246791,Facebook,2025-03-12,Não Convertido,,0.0,Agressivo,Gabon
246792,YouTube Ads,2025-03-13,Não Convertido,,0.0,Conservador,Sweden
246793,Instagram,2025-03-14,Não Convertido,,0.0,Desconhecido,Moldova
246794,TikTok,2025-03-10,Não Convertido,,0.0,Desconhecido,Belarus
246795,YouTube Ads,2025-03-11,Não Convertido,,0.0,Conservador,Pitcairn Islands
246796,Instagram,2025-03-15,Não Convertido,,0.0,Agressivo,Denmark
246797,Instagram,2025-03-10,Não Convertido,,0.0,Moderado,Thailand
246798,YouTube Ads,2025-03-11,Não Convertido,,0.0,Moderado,Lao People's Democratic Republic
246799,Orgânico,2025-03-11,Não Convertido,,0.0,Desconhecido,Heard Island and McDonald Islands
246800,Google Ads,2025-03-11,Não Convertido,,0.0,Conservador,Cook Islands
246801,E-mail Marketing,2025-03-15,Não Convertido,,0.0,Agressivo,Guatemala
246802,Indicação,2025-03-13,Não Convertido,,0.0,Moderado,Chile
246803,YouTube Ads,2025-03-12,Não Convertido,,0.0,Conservador,Tuvalu
246804,WhatsApp,2025-03-12,Não Convertido,,0.0,Conservador,Western Sahara
246805,E-mail Marketing,2025-03-10,Não Convertido,,0.0,Moderado,Peru
246806,Facebook,2025-03-10,Não Convertido,,0.0,Moderado,Kyrgyz Republic
246807,Instagram,2025-03-15,Convertido,5.0,1415.59,Conservador,Tuvalu
246808,Orgânico,2025-03-10,Não Convertido,,0.0,Agressivo,Venezuela
246809,E-mail Marketing,2025-03-11,Não Convertido,,0.0,Desconhecido,Korea
246810,WhatsApp,2025-03-14,Não Convertido,,0.0,Conservador,Samoa
246811,Indicação,2025-03-13,Não Convertido,,0.0,Agressivo,French Polynesia
246812,Orgânico,2025-03-12,Não Convertido,,0.0,Conservador,Antarctica (the territory South of 60 deg S)
246813,Google Ads,2025-03-15,Convertido,21.0,500.49,Moderado,Antigua and Barbuda
246814,WhatsApp,2025-03-15,Não Convertido,,0.0,Agressivo,Monaco
246815,YouTube Ads,2025-03-15,Não Convertido,,0.0,Desconhecido,Korea
246816,Instagram,2025-03-12,Não Convertido,,0.0,Moderado,Cambodia
246817,Orgânico,2025-03-13,Não Convertido,,0.0,Agressivo,Kazakhstan
246818,YouTube Ads,2025-03-15,Não Convertido,,0.0,Agressivo,Cayman Islands
246819,Instagram,2025-03-11,Não Convertido,,0.0,Moderado,Azerbaijan
246820,Instagram,2025-03-10,Não Convertido,,0.0,Desconhecido,Lithuania
246821,WhatsApp,2025-03-14,Não Convertido,,0.0,Moderado,New Zealand
246822,Instagram,2025-03-12,Não Convertido,,0.0,Moderado,Syrian Arab Republic
246823,YouTube Ads,2025-03-11,Não Convertido,,0.0,Agressivo,Barbados
246824,Facebook,2025-03-15,Não Convertido,,0.0,Conservador,Heard Island and McDonald Islands
246825,Orgânico,2025-03-13,Não Convertido,,0.0,Moderado,Bouvet Island (Bouvetoya)
246826,Orgânico,2025-03-12,Não Convertido,,0.0,Moderado,Vietnam
246827,Orgânico,2025-03-14,Não Convertido,,0.0,Moderado,Maldives
246828,Facebook,2025-03-13,Não Convertido,,0.0,Moderado,Singapore
246829,Orgânico,2025-03-11,Não Convertido,,0.0,Conservador,Solomon Islands
246830,YouTube Ads,2025-03-14,Não Convertido,,0.0,Moderado,American Samoa
246831,TikTok,2025-03-10,Não Convertido,,0.0,Agressivo,Saint Helena
246832,E-mail Marketing,2025-03-11,Não Convertido,,0.0,Moderado,Bosnia and Herzegovina
246833,TikTok,2025-03-14,Não Convertido,,0.0,Conservador,Kyrgyz Republic
246834,Orgânico,2025-03-12,Não Convertido,,0.0,Conservador,Palestinian Territory
246835,TikTok,2025-03-14,Não Convertido,,0.0,Conservador,Saint Helena
246836,Orgânico,2025-03-12,Não Convertido,,0.0,Moderado,Lesotho
246837,YouTube Ads,2025-03-13,Convertido,1.0,9946.86,Agressivo,Botswana
246838,TikTok,2025-03-15,Não Convertido,,0.0,Desconhecido,Dominican Republic
246839,Instagram,2025-03-10,Não Convertido,,0.0,Agressivo,French Polynesia
246840,TikTok,2025-03-14,Não Convertido,,0.0,Conservador,Saint Barthelemy
246841,Facebook,2025-03-11,Não Convertido,,0.0,Agressivo,Bangladesh
246842,Orgânico,2025-03-13,Não Convertido,,0.0,Moderado,Fiji
246843,YouTube Ads,2025-03-10,Não Convertido,,0.0,Conservador,Taiwan
246844,Facebook,2025-03-10,Não Convertido,,0.0,Moderado,Morocco
246845,Indicação,2025-03-14,Não Convertido,,0.0,Agressivo,Lebanon
246846,Orgânico,2025-03-15,Não Convertido,,0.0,Desconhecido,Argentina
246847,Orgânico,2025-03-12,Não Convertido,,0.0,Moderado,United States Virgin Islands
246848,Orgânico,2025-03-11,Convertido,8.0,3273.44,Moderado,Mauritania
246849,Instagram,2025-03-12,Não Convertido,,0.0,Conservador,Czech Republic
246850,WhatsApp,2025-03-15,Não Convertido,,0.0,Agressivo,Timor-Leste
246851,Google Ads,2025-03-12,Não Convertido,,0.0,Moderado,Kyrgyz Republic
246852,Orgânico,2025-03-15,Não Convertido,,0.0,Moderado,Norway
246853,Facebook,2025-03-14,Não Convertido,,0.0,Conservador,United States Virgin Islands
246854,TikTok,2025-03-10,Não Convertido,,0.0,Moderado,India
246855,Orgânico,2025-03-13,Não Convertido,,0.0,Agressivo,Bosnia and Herzegovina
246856,Instagram,2025-03-10,Não Convertido,,0.0,Moderado,Syrian Arab Republic
246857,Facebook,2025-03-13,Não Convertido,,0.0,Moderado,Heard Island and McDonald Islands
246858,Instagram,2025-03-11,Não Convertido,,0.0,Conservador,Spain
246859,TikTok,2025-03-11,Não Convertido,,0.0,Conservador,Tanzania
246860,Instagram,2025-03-11,Não Convertido,,0.0,Agressivo,Cote d'Ivoire
246861,Google Ads,2025-03-11,Não Convertido,,0.0,Moderado,Zambia
246862,E-mail Marketing,2025-03-14,Não Convertido,,0.0,Conservador,Vietnam
246863,Instagram,2025-03-11,Não Convertido,,0.0,Moderado,Northern Mariana Islands
246864,Instagram,2025-03-15,Não Convertido,,0.0,Moderado,Vietnam
246865,Orgânico,2025-03-15,Convertido,14.0,283.57,Agressivo,Svalbard & Jan Mayen Islands
246866,Indicação,2025-03-13,Convertido,25.0,5470.2,Moderado,Cape Verde
246867,Orgânico,2025-03-15,Não Convertido,,0.0,Moderado,Grenada
246868,TikTok,2025-03-12,Não Convertido,,0.0,Agressivo,Paraguay
246869,Indicação,2025-03-13,Não Convertido,,0.0,Moderado,Western Sahara
246870,E-mail Marketing,2025-03-12,Convertido,15.0,3523.37,Desconhecido,Israel
246871,WhatsApp,2025-03-10,Não Convertido,,0.0,Conservador,El Salvador
246872,TikTok,2025-03-11,Não Convertido,,0.0,Agressivo,Australia
246873,E-mail Marketing,2025-03-11,Não Convertido,,0.0,Agressivo,Slovenia
246874,Orgânico,2025-03-10,Não Convertido,,0.0,Desconhecido,Cayman Islands
246875,Facebook,2025-03-13,Não Convertido,,0.0,Agressivo,Madagascar
246876,Google Ads,2025-03-12,Não Convertido,,0.0,Desconhecido,Malaysia
246877,YouTube Ads,2025-03-11,Não Convertido,,0.0,Agressivo,Holy See (Vatican City State)
246878,Instagram,2025-03-11,Convertido,22.0,7950.11,Conservador,Sri Lanka
246879,TikTok,2025-03-12,Não Convertido,,0.0,Moderado,Australia
246880,YouTube Ads,2025-03-11,Não Convertido,,0.0,Conservador,Tokelau
246881,Indicação,2025-03-12,Não Convertido,,0.0,Desconhecido,Oman
246882,Orgânico,2025-03-10,Não Convertido,,0.0,Conservador,Senegal
246883,Orgânico,2025-03-12,Não Convertido,,0.0,Moderado,Slovakia (Slovak Republic)
246884,Indicação,2025-03-15,Não Convertido,,0.0,Conservador,Nepal
246885,Facebook,2025-03-15,Não Convertido,,0.0,Conservador,Cayman Islands
246886,Indicação,2025-03-13,Não Convertido,,0.0,Moderado,Egypt
246887,TikTok,2025-03-14,Não Convertido,,0.0,Conservador,Burundi
246888,Orgânico,2025-03-11,Convertido,4.0,6671.42,Conservador,Tanzania
246889,Google Ads,2025-03-13,Não Convertido,,0.0,Moderado,Azerbaijan
246890,Orgânico,2025-03-14,Não Convertido,,0.0,Agressivo,United Arab Emirates
246891,Google Ads,2025-03-15,Não Convertido,,0.0,Moderado,Guinea-Bissau
246892,Instagram,2025-03-10,Não Convertido,,0.0,Conservador,Bangladesh
246893,Google Ads,2025-03-13,Não Convertido,,0.0,Moderado,Saint Vincent and the Grenadines
246894,Instagram,2025-03-10,Não Convertido,,0.0,Agressivo,Northern Mariana Islands
246895,Orgânico,2025-03-15,Não Convertido,,0.0,Agressivo,Madagascar
246896,Facebook,2025-03-13,Não Convertido,,0.0,Conservador,Mauritania
246897,Orgânico,2025-03-10,Não Convertido,,0.0,Agressivo,French Guiana
246898,Instagram,2025-03-12,Não Convertido,,0.0,Moderado,Uruguay
246899,E-mail Marketing,2025-03-14,Não Convertido,,0.0,Moderado,Bolivia
246900,Facebook,2025-03-10,Não Convertido,,0.0,Moderado,Cyprus
246901,Instagram,2025-03-11,Não Convertido,,0.0,Conservador,Antarctica (the territory South of 60 deg S)
246902,Instagram,2025-03-15,Não Convertido,,0.0,Moderado,Cook Islands
246903,Indicação,2025-03-15,Não Convertido,,0.0,Conservador,Saint Lucia
246904,Instagram,2025-03-13,Não Convertido,,0.0,Moderado,Reunion
246905,Facebook,2025-03-10,Não Convertido,,0.0,Moderado,Bouvet Island (Bouvetoya)
246906,Orgânico,2025-03-13,Não Convertido,,0.0,Moderado,United Kingdom
246907,WhatsApp,2025-03-10,Não Convertido,,0.0,Moderado,Somalia
246908,Facebook,2025-03-14,Não Convertido,,0.0,Agressivo,Jordan
246909,Orgânico,2025-03-15,Não Convertido,,0.0,Conservador,Hong Kong
246910,YouTube Ads,2025-03-11,Não Convertido,,0.0,Moderado,Central African Republic
246911,E-mail Marketing,2025-03-12,Convertido,10.0,5792.66,Moderado,Burundi
246912,TikTok,2025-03-13,Não Convertido,,0.0,Conservador,Belarus
246913,Facebook,2025-03-14,Não Convertido,,0.0,Moderado,Poland
246914,Google Ads,2025-03-11,Não Convertido,,0.0,Desconhecido,Malawi
246915,Instagram,2025-03-11,Não Convertido,,0.0,Desconhecido,Solomon Islands
246916,TikTok,2025-03-13,Não Convertido,,0.0,Agressivo,Brazil
246917,WhatsApp,2025-03-11,Não Convertido,,0.0,Conservador,Zimbabwe
246918,YouTube Ads,2025-03-10,Não Convertido,,0.0,Moderado,United States of America
246919,Orgânico,2025-03-12,Não Convertido,,0.0,Moderado,Dominican Republic
246920,TikTok,2025-03-12,Não Convertido,,0.0,Moderado,Slovakia (Slovak Republic)
246921,Google Ads,2025-03-15,Convertido,27.0,9219.48,Agressivo,Sao Tome and Principe
246922,E-mail Marketing,2025-03-10,Não Convertido,,0.0,Moderado,Mauritania
246923,TikTok,2025-03-12,Não Convertido,,0.0,Conservador,Anguilla
246924,TikTok,2025-03-11,Não Convertido,,0.0,Moderado,Albania
246925,Facebook,2025-03-15,Não Convertido,,0.0,Conservador,South Georgia and the South Sandwich Islands
246926,Facebook,2025-03-11,Não Convertido,,0.0,Moderado,Malawi
246927,YouTube Ads,2025-03-11,Não Convertido,,0.0,Moderado,Denmark
246928,Instagram,2025-03-14,Não Convertido,,0.0,Agressivo,Bolivia
246929,WhatsApp,2025-03-11,Não Convertido,,0.0,Moderado,Gambia
246930,E-mail Marketing,2025-03-12,Não Convertido,,0.0,Moderado,Uruguay
246931,E-mail Marketing,2025-03-11,Não Convertido,,0.0,Agressivo,Bolivia
246932,Orgânico,2025-03-13,Não Convertido,,0.0,Agressivo,Anguilla
246933,Orgânico,2025-03-10,Não Convertido,,0.0,Moderado,Netherlands
246934,E-mail Marketing,2025-03-12,Não Convertido,,0.0,Conservador,Bahamas
246935,TikTok,2025-03-14,Convertido,23.0,4996.71,Agressivo,Tajikistan
246936,E-mail Marketing,2025-03-14,Não Convertido,,0.0,Agressivo,Saint Kitts and Nevis
246937,E-mail Marketing,2025-03-12,Não Convertido,,0.0,Moderado,Sierra Leone
246938,Indicação,2025-03-10,Não Convertido,,0.0,Moderado,Kazakhstan
246939,Google Ads,2025-03-10,Não Convertido,,0.0,Moderado,Cook Islands
246940,TikTok,2025-03-10,Não Convertido,,0.0,Moderado,Uzbekistan
246941,Orgânico,2025-03-13,Não Convertido,,0.0,Conservador,Pakistan
246942,TikTok,2025-03-10,Não Convertido,,0.0,Desconhecido,Netherlands Antilles
246943,E-mail Marketing,2025-03-12,Não Convertido,,0.0,Agressivo,Brunei Darussalam
246944,Orgânico,2025-03-15,Não Convertido,,0.0,Agressivo,North Macedonia
246945,WhatsApp,2025-03-13,Não Convertido,,0.0,Conservador,Jordan
246946,E-mail Marketing,2025-03-12,Não Convertido,,0.0,Moderado,Bahrain
246947,Instagram,2025-03-15,Convertido,22.0,6630.28,Agressivo,Togo
246948,WhatsApp,2025-03-10,Não Convertido,,0.0,Moderado,Algeria
246949,Google Ads,2025-03-14,Convertido,1.0,8309.87,Conservador,Malta
246950,Indicação,2025-03-13,Não Convertido,,0.0,Agressivo,Sweden
246951,Orgânico,2025-03-10,Não Convertido,,0.0,Conservador,Svalbard & Jan Mayen Islands
246952,Instagram,2025-03-12,Não Convertido,,0.0,Moderado,Saint Lucia
246953,Orgânico,2025-03-13,Não Convertido,,0.0,Moderado,Congo
246954,Orgânico,2025-03-11,Não Convertido,,0.0,Agressivo,Comoros
246955,Google Ads,2025-03-13,Convertido,18.0,1910.4,Agressivo,India
246956,Orgânico,2025-03-12,Não Convertido,,0.0,Agressivo,Saint Lucia
246957,YouTube Ads,2025-03-14,Não Convertido,,0.0,Agressivo,Barbados
246958,Orgânico,2025-03-14,Não Convertido,,0.0,Conservador,Holy See (Vatican City State)
246959,WhatsApp,2025-03-12,Não Convertido,,0.0,Agressivo,Italy
246960,TikTok,2025-03-13,Não Convertido,,0.0,Agressivo,Tokelau
246961,WhatsApp,2025-03-15,Não Convertido,,0.0,Agressivo,Kenya
246962,Instagram,2025-03-12,Não Convertido,,0.0,Conservador,Andorra
246963,TikTok,2025-03-12,Não Convertido,,0.0,Conservador,Turkey
246964,TikTok,2025-03-14,Não Convertido,,0.0,Moderado,Estonia
246965,Orgânico,2025-03-13,Não Convertido,,0.0,Moderado,El Salvador
246966,Facebook,2025-03-11,Não Convertido,,0.0,Moderado,Bhutan
246967,Instagram,2025-03-13,Não Convertido,,0.0,Moderado,Holy See (Vatican City State)
246968,Facebook,2025-03-10,Não Convertido,,0.0,Agressivo,Wallis and Futuna
246969,YouTube Ads,2025-03-12,Não Convertido,,0.0,Agressivo,Madagascar
246970,Instagram,2025-03-14,Não Convertido,,0.0,Agressivo,Tajikistan
246971,Indicação,2025-03-13,Não Convertido,,0.0,Conservador,Sudan
246972,YouTube Ads,2025-03-10,Não Convertido,,0.0,Moderado,Sierra Leone
246973,Indicação,2025-03-10,Não Convertido,,0.0,Agressivo,Denmark
246974,Indicação,2025-03-15,Não Convertido,,0.0,Moderado,Netherlands Antilles
246975,Orgânico,2025-03-10,Não Convertido,,0.0,Moderado,Pakistan
246976,Orgânico,2025-03-15,Não Convertido,,0.0,Moderado,Albania
246977,TikTok,2025-03-14,Não Convertido,,0.0,Desconhecido,Bulgaria
246978,Google Ads,2025-03-11,Não Convertido,,0.0,Moderado,Congo
246979,Instagram,2025-03-15,Não Convertido,,0.0,Moderado,Singapore
246980,Orgânico,2025-03-14,Não Convertido,,0.0,Moderado,Kuwait
246981,TikTok,2025-03-14,Não Convertido,,0.0,Desconhecido,Guernsey
246982,Instagram,2025-03-15,Não Convertido,,0.0,Conservador,Oman
246983,Indicação,2025-03-14,Não Convertido,,0.0,Moderado,Hungary
246984,Facebook,2025-03-10,Não Convertido,,0.0,Moderado,Falkland Islands (Malvinas)
246985,Indicação,2025-03-11,Não Convertido,,0.0,Moderado,Aruba
246986,Instagram,2025-03-15,Não Convertido,,0.0,Moderado,Eritrea
246987,Orgânico,2025-03-10,Não Convertido,,0.0,Conservador,Turks and Caicos Islands
246988,YouTube Ads,2025-03-10,Não Convertido,,0.0,Moderado,Bouvet Island (Bouvetoya)
246989,WhatsApp,2025-03-14,Não Convertido,,0.0,Moderado,Chile
246990,YouTube Ads,2025-03-10,Não Convertido,,0.0,Agressivo,Lesotho
246991,Facebook,2025-03-10,Convertido,21.0,3333.43,Moderado,Angola
246992,Instagram,2025-03-13,Não Convertido,,0.0,Agressivo,Lebanon
246993,Facebook,2025-03-14,Não Convertido,,0.0,Conservador,Saint Vincent and the Grenadines
246994,E-mail Marketing,2025-03-10,Não Convertido,,0.0,Moderado,Estonia
246995,Orgânico,2025-03-15,Não Convertido,,0.0,Moderado,Saint Martin
246996,Indicação,2025-03-12,Não Convertido,,0.0,Agressivo,Lesotho
246997,Google Ads,2025-03-10,Não Convertido,,0.0,Conservador,Kyrgyz Republic
246998,TikTok,2025-03-13,Não Convertido,,0.0,Conservador,Moldova
246999,Orgânico,2025-03-12,Não Convertido,,0.0,Moderado,France
247000,YouTube Ads,2025-03-12,Não Convertido,,0.0,Moderado,Iceland
247001,Google Ads,2025-03-12,Não Convertido,,0.0,Moderado,French Southern Territories
247002,Instagram,2025-03-12,Não Convertido,,0.0,Conservador,Bhutan
247003,Instagram,2025-03-12,Não Convertido,,0.0,Agressivo,South Georgia and the South Sandwich Islands
247004,YouTube Ads,2025-03-12,Não Convertido,,0.0,Agressivo,Japan
247005,Facebook,2025-03-12,Não Convertido,,0.0,Desconhecido,Svalbard & Jan Mayen Islands
247006,Google Ads,2025-03-11,Não Convertido,,0.0,Moderado,British Virgin Islands
247007,Orgânico,2025-03-12,Não Convertido,,0.0,Moderado,Uganda
247008,Instagram,2025-03-14,Não Convertido,,0.0,Agressivo,Sierra Leone
247009,Indicação,2025-03-11,Não Convertido,,0.0,Agressivo,Mongolia
247010,Facebook,2025-03-12,Não Convertido,,0.0,Moderado,Congo
247011,TikTok,2025-03-13,Não Convertido,,0.0,Agressivo,Luxembourg
247012,Orgânico,2025-03-14,Não Convertido,,0.0,Moderado,Zambia
247013,Orgânico,2025-03-11,Não Convertido,,0.0,Conservador,Norfolk Island
247014,E-mail Marketing,2025-03-10,Não Convertido,,0.0,Agressivo,Kuwait
247015,TikTok,2025-03-11,Não Convertido,,0.0,Conservador,Lithuania
247016,Orgânico,2025-03-15,Não Convertido,,0.0,Agressivo,Iran
247017,Google Ads,2025-03-10,Não Convertido,,0.0,Desconhecido,Colombia
247018,Facebook,2025-03-13,Não Convertido,,0.0,Agressivo,Faroe Islands
247019,Instagram,2025-03-14,Não Convertido,,0.0,Agressivo,Cook Islands
247020,Instagram,2025-03-15,Não Convertido,,0.0,Desconhecido,Cambodia
247021,Facebook,2025-03-10,Não Convertido,,0.0,Moderado,United States of America
247022,WhatsApp,2025-03-10,Não Convertido,,0.0,Agressivo,Liechtenstein
247023,Orgânico,2025-03-15,Não Convertido,,0.0,Conservador,Brazil
247024,Orgânico,2025-03-12,Não Convertido,,0.0,Desconhecido,Brunei Darussalam
247025,E-mail Marketing,2025-03-10,Não Convertido,,0.0,Agressivo,Guyana
247026,Orgânico,2025-03-13,Não Convertido,,0.0,Moderado,Costa Rica
247027,TikTok,2025-03-10,Não Convertido,,0.0,Moderado,Saint Kitts and Nevis
247028,Orgânico,2025-03-15,Convertido,11.0,7613.4,Moderado,Guernsey
247029,Google Ads,2025-03-13,Não Convertido,,0.0,Agressivo,Bosnia and Herzegovina
247030,TikTok,2025-03-14,Não Convertido,,0.0,Agressivo,Norfolk Island
247031,TikTok,2025-03-12,Não Convertido,,0.0,Agressivo,Jersey
247032,Orgânico,2025-03-10,Não Convertido,,0.0,Desconhecido,Bermuda
247033,Orgânico,2025-03-11,Não Convertido,,0.0,Moderado,El Salvador
247034,Facebook,2025-03-10,Não Convertido,,0.0,Moderado,Papua New Guinea
247035,WhatsApp,2025-03-14,Não Convertido,,0.0,Conservador,Croatia
247036,Orgânico,2025-03-12,Não Convertido,,0.0,Moderado,Kazakhstan
247037,Indicação,2025-03-11,Não Convertido,,0.0,Moderado,Luxembourg
247038,E-mail Marketing,2025-03-13,Não Convertido,,0.0,Agressivo,Mongolia
247039,Indicação,2025-03-12,Não Convertido,,0.0,Moderado,Bosnia and Herzegovina
247040,Orgânico,2025-03-13,Não Convertido,,0.0,Moderado,Lithuania
247041,TikTok,2025-03-10,Não Convertido,,0.0,Moderado,Sudan
247042,TikTok,2025-03-15,Não Convertido,,0.0,Agressivo,North Macedonia
247043,WhatsApp,2025-03-12,Não Convertido,,0.0,Agressivo,Cocos (Keeling) Islands
247044,TikTok,2025-03-12,Não Convertido,,0.0,Desconhecido,Wallis and Futuna
247045,Google Ads,2025-03-14,Não Convertido,,0.0,Conservador,Morocco
247046,Instagram,2025-03-15,Não Convertido,,0.0,Agressivo,Haiti
247047,WhatsApp,2025-03-15,Não Convertido,,0.0,Moderado,Burundi
247048,Orgânico,2025-03-12,Não Convertido,,0.0,Agressivo,Saint Pierre and Miquelon
247049,Instagram,2025-03-15,Não Convertido,,0.0,Moderado,Svalbard & Jan Mayen Islands
247050,Orgânico,2025-03-14,Não Convertido,,0.0,Conservador,Lesotho
247051,Orgânico,2025-03-13,Não Convertido,,0.0,Agressivo,Chad
247052,Facebook,2025-03-12,Convertido,30.0,2953.88,Conservador,Germany
247053,YouTube Ads,2025-03-12,Não Convertido,,0.0,Agressivo,Bahamas
247054,YouTube Ads,2025-03-11,Não Convertido,,0.0,Agressivo,Mongolia
247055,Orgânico,2025-03-13,Não Convertido,,0.0,Agressivo,Norfolk Island
247056,Instagram,2025-03-14,Não Convertido,,0.0,Conservador,Senegal
247057,Instagram,2025-03-12,Não Convertido,,0.0,Moderado,Zimbabwe
247058,E-mail Marketing,2025-03-12,Não Convertido,,0.0,Conservador,Papua New Guinea
247059,Orgânico,2025-03-14,Não Convertido,,0.0,Agressivo,Zambia
247060,Instagram,2025-03-11,Não Convertido,,0.0,Agressivo,Angola
247061,E-mail Marketing,2025-03-13,Não Convertido,,0.0,Moderado,Sweden
247062,Instagram,2025-03-10,Convertido,5.0,5495.98,Desconhecido,Mongolia
247063,Indicação,2025-03-13,Não Convertido,,0.0,Conservador,Palau
247064,WhatsApp,2025-03-13,Não Convertido,,0.0,Agressivo,China
247065,Google Ads,2025-03-11,Não Convertido,,0.0,Agressivo,Poland
247066,E-mail Marketing,2025-03-14,Não Convertido,,0.0,Moderado,United Arab Emirates
247067,TikTok,2025-03-11,Não Convertido,,0.0,Moderado,Aruba
247068,Instagram,2025-03-12,Não Convertido,,0.0,Moderado,Bahamas
247069,Orgânico,2025-03-15,Não Convertido,,0.0,Desconhecido,Armenia
247070,TikTok,2025-03-12,Não Convertido,,0.0,Moderado,Turks and Caicos Islands
247071,Google Ads,2025-03-12,Não Convertido,,0.0,Agressivo,Aruba
247072,TikTok,2025-03-11,Não Convertido,,0.0,Moderado,Central African Republic
247073,WhatsApp,2025-03-15,Não Convertido,,0.0,Desconhecido,Yemen
247074,Orgânico,2025-03-12,Não Convertido,,0.0,Agressivo,Philippines
247075,Google Ads,2025-03-12,Não Convertido,,0.0,Moderado,France
247076,Orgânico,2025-03-15,Não Convertido,,0.0,Conservador,Eritrea
247077,Instagram,2025-03-12,Não Convertido,,0.0,Moderado,Kazakhstan
247078,TikTok,2025-03-11,Não Convertido,,0.0,Agressivo,Peru
247079,E-mail Marketing,2025-03-15,Não Convertido,,0.0,Agressivo,Comoros
247080,WhatsApp,2025-03-14,Não Convertido,,0.0,Desconhecido,Saint Martin
247081,Instagram,2025-03-10,Não Convertido,,0.0,Moderado,Greece
247082,TikTok,2025-03-12,Não Convertido,,0.0,Moderado,Tuvalu
247083,Orgânico,2025-03-11,Não Convertido,,0.0,Desconhecido,Saudi Arabia
247084,Orgânico,2025-03-12,Convertido,5.0,4992.92,Moderado,Mexico
247085,TikTok,2025-03-15,Não Convertido,,0.0,Moderado,Namibia
247086,Indicação,2025-03-11,Não Convertido,,0.0,Moderado,Brazil
247087,Facebook,2025-03-15,Não Convertido,,0.0,Moderado,Sri Lanka
247088,Google Ads,2025-03-13,Não Convertido,,0.0,Conservador,Finland
247089,Instagram,2025-03-14,Não Convertido,,0.0,Conservador,South Georgia and the South Sandwich Islands
247090,WhatsApp,2025-03-13,Não Convertido,,0.0,Conservador,Solomon Islands
247091,Indicação,2025-03-12,Não Convertido,,0.0,Agressivo,Congo
247092,Orgânico,2025-03-12,Não Convertido,,0.0,Moderado,Kyrgyz Republic
247093,E-mail Marketing,2025-03-10,Não Convertido,,0.0,Conservador,Mongolia
247094,Google Ads,2025-03-15,Não Convertido,,0.0,Moderado,Russian Federation
247095,WhatsApp,2025-03-13,Não Convertido,,0.0,Moderado,United States Minor Outlying Islands
247096,TikTok,2025-03-12,Não Convertido,,0.0,Moderado,Macao
247097,TikTok,2025-03-12,Não Convertido,,0.0,Moderado,Equatorial Guinea
247098,Instagram,2025-03-14,Não Convertido,,0.0,Agressivo,Bahamas
247099,WhatsApp,2025-03-11,Não Convertido,,0.0,Agressivo,Togo
247100,Orgânico,2025-03-13,Não Convertido,,0.0,Conservador,Slovenia
247101,Instagram,2025-03-14,Não Convertido,,0.0,Conservador,Denmark
247102,Orgânico,2025-03-15,Não Convertido,,0.0,Conservador,Sweden
247103,Indicação,2025-03-12,Não Convertido,,0.0,Agressivo,Portugal
247104,Orgânico,2025-03-12,Não Convertido,,0.0,Agressivo,Bhutan
247105,YouTube Ads,2025-03-14,Não Convertido,,0.0,Desconhecido,New Caledonia
247106,TikTok,2025-03-12,Não Convertido,,0.0,Moderado,Bouvet Island (Bouvetoya)
247107,Orgânico,2025-03-11,Não Convertido,,0.0,Moderado,Tonga
247108,Orgânico,2025-03-10,Não Convertido,,0.0,Conservador,Algeria
247109,Orgânico,2025-03-11,Não Convertido,,0.0,Agressivo,Oman
247110,YouTube Ads,2025-03-15,Não Convertido,,0.0,Agressivo,Montserrat
247111,Orgânico,2025-03-15,Não Convertido,,0.0,Moderado,China
247112,Orgânico,2025-03-14,Não Convertido,,0.0,Conservador,Christmas Island
247113,Facebook,2025-03-12,Não Convertido,,0.0,Moderado,Fiji
247114,TikTok,2025-03-12,Não Convertido,,0.0,Agressivo,Antarctica (the territory South of 60 deg S)
247115,Instagram,2025-03-12,Não Convertido,,0.0,Moderado,Guinea-Bissau
247116,TikTok,2025-03-15,Não Convertido,,0.0,Agressivo,Romania
247117,YouTube Ads,2025-03-11,Não Convertido,,0.0,Agressivo,Saint Barthelemy
247118,E-mail Marketing,2025-03-11,Não Convertido,,0.0,Moderado,Ghana
247119,TikTok,2025-03-14,Não Convertido,,0.0,Conservador,Hungary
247120,Instagram,2025-03-13,Não Convertido,,0.0,Agressivo,Brazil
247121,Orgânico,2025-03-13,Convertido,26.0,3910.25,Conservador,Saint Lucia
247122,Google Ads,2025-03-10,Não Convertido,,0.0,Moderado,Samoa
247123,TikTok,2025-03-10,Não Convertido,,0.0,Moderado,Belize
247124,TikTok,2025-03-15,Não Convertido,,0.0,Moderado,Albania
247125,E-mail Marketing,2025-03-11,Não Convertido,,0.0,Conservador,Samoa
247126,TikTok,2025-03-12,Não Convertido,,0.0,Conservador,Samoa
247127,WhatsApp,2025-03-15,Não Convertido,,0.0,Moderado,Chad
247128,Orgânico,2025-03-12,Não Convertido,,0.0,Conservador,Palau
247129,WhatsApp,2025-03-12,Não Convertido,,0.0,Agressivo,Mauritius
247130,E-mail Marketing,2025-03-10,Não Convertido,,0.0,Agressivo,Papua New Guinea
247131,TikTok,2025-03-11,Não Convertido,,0.0,Moderado,Niue
247132,E-mail Marketing,2025-03-14,Não Convertido,,0.0,Moderado,El Salvador
247133,TikTok,2025-03-15,Não Convertido,,0.0,Agressivo,Serbia
247134,E-mail Marketing,2025-03-13,Não Convertido,,0.0,Agressivo,Norway
247135,Orgânico,2025-03-13,Não Convertido,,0.0,Moderado,Saint Helena
247136,Orgânico,2025-03-15,Convertido,0.0,274.59,Agressivo,Oman
247137,Instagram,2025-03-14,Não Convertido,,0.0,Moderado,Algeria
247138,E-mail Marketing,2025-03-13,Não Convertido,,0.0,Desconhecido,Greece
247139,Indicação,2025-03-11,Não Convertido,,0.0,Agressivo,Albania
247140,Orgânico,2025-03-13,Não Convertido,,0.0,Desconhecido,Kiribati
247141,Instagram,2025-03-15,Não Convertido,,0.0,Agressivo,Cambodia
247142,Instagram,2025-03-14,Convertido,13.0,3150.86,Agressivo,Slovakia (Slovak Republic)
247143,Instagram,2025-03-10,Não Convertido,,0.0,Moderado,Cote d'Ivoire
247144,TikTok,2025-03-13,Não Convertido,,0.0,Conservador,Malta
247145,Google Ads,2025-03-12,Não Convertido,,0.0,Conservador,Mexico
247146,Facebook,2025-03-13,Não Convertido,,0.0,Moderado,Hong Kong
247147,Facebook,2025-03-11,Não Convertido,,0.0,Agressivo,New Caledonia
247148,Facebook,2025-03-15,Não Convertido,,0.0,Moderado,India
247149,WhatsApp,2025-03-13,Não Convertido,,0.0,Moderado,Iran
247150,E-mail Marketing,2025-03-15,Não Convertido,,0.0,Agressivo,Gambia
247151,Instagram,2025-03-14,Não Convertido,,0.0,Agressivo,Saudi Arabia
247152,Google Ads,2025-03-13,Convertido,3.0,4800.69,Agressivo,Argentina
247153,Orgânico,2025-03-13,Não Convertido,,0.0,Conservador,Slovakia (Slovak Republic)
247154,YouTube Ads,2025-03-14,Convertido,7.0,8123.63,Agressivo,South Georgia and the South Sandwich Islands
247155,Facebook,2025-03-14,Não Convertido,,0.0,Moderado,Bosnia and Herzegovina
247156,E-mail Marketing,2025-03-15,Não Convertido,,0.0,Conservador,Honduras
247157,YouTube Ads,2025-03-14,Não Convertido,,0.0,Desconhecido,Liechtenstein
247158,Facebook,2025-03-10,Não Convertido,,0.0,Agressivo,Saint Lucia
247159,Orgânico,2025-03-15,Não Convertido,,0.0,Moderado,United Kingdom
247160,Google Ads,2025-03-11,Não Convertido,,0.0,Agressivo,Georgia
247161,E-mail Marketing,2025-03-10,Não Convertido,,0.0,Moderado,Turkey
247162,E-mail Marketing,2025-03-14,Não Convertido,,0.0,Conservador,Norway
247163,Orgânico,2025-03-13,Não Convertido,,0.0,Agressivo,Papua New Guinea
247164,TikTok,2025-03-15,Não Convertido,,0.0,Moderado,Madagascar
247165,Instagram,2025-03-13,Não Convertido,,0.0,Desconhecido,Tokelau
247166,Orgânico,2025-03-14,Não Convertido,,0.0,Desconhecido,Bolivia
247167,Indicação,2025-03-15,Não Convertido,,0.0,Conservador,Guatemala
247168,Instagram,2025-03-14,Não Convertido,,0.0,Agressivo,Australia
247169,Facebook,2025-03-11,Não Convertido,,0.0,Moderado,Hong Kong
247170,Instagram,2025-03-12,Não Convertido,,0.0,Desconhecido,Slovenia
247171,Instagram,2025-03-15,Não Convertido,,0.0,Desconhecido,Malawi
247172,Orgânico,2025-03-15,Não Convertido,,0.0,Agressivo,Fiji
247173,WhatsApp,2025-03-10,Não Convertido,,0.0,Conservador,Cuba
247174,Google Ads,2025-03-12,Não Convertido,,0.0,Moderado,Timor-Leste
247175,WhatsApp,2025-03-11,Não Convertido,,0.0,Conservador,Georgia
247176,Facebook,2025-03-13,Não Convertido,,0.0,Moderado,Turkey
247177,WhatsApp,2025-03-10,Não Convertido,,0.0,Moderado,Holy See (Vatican City State)
247178,Indicação,2025-03-10,Não Convertido,,0.0,Conservador,France
247179,Orgânico,2025-03-12,Não Convertido,,0.0,Agressivo,Korea
247180,Indicação,2025-03-15,Não Convertido,,0.0,Moderado,Nicaragua
247181,E-mail Marketing,2025-03-10,Não Convertido,,0.0,Moderado,Syrian Arab Republic
247182,TikTok,2025-03-10,Não Convertido,,0.0,Agressivo,Ukraine
247183,E-mail Marketing,2025-03-13,Não Convertido,,0.0,Moderado,Kazakhstan
247184,TikTok,2025-03-11,Não Convertido,,0.0,Agressivo,France
247185,Facebook,2025-03-14,Não Convertido,,0.0,Agressivo,Saudi Arabia
247186,Facebook,2025-03-12,Não Convertido,,0.0,Agressivo,Oman
247187,YouTube Ads,2025-03-14,Não Convertido,,0.0,Conservador,Guyana
247188,Facebook,2025-03-11,Não Convertido,,0.0,Agressivo,Iceland
247189,Instagram,2025-03-13,Não Convertido,,0.0,Desconhecido,Antarctica (the territory South of 60 deg S)
247190,Orgânico,2025-03-11,Não Convertido,,0.0,Moderado,Armenia
247191,Google Ads,2025-03-15,Não Convertido,,0.0,Moderado,Saint Helena
247192,E-mail Marketing,2025-03-10,Não Convertido,,0.0,Agressivo,Reunion
247193,WhatsApp,2025-03-10,Não Convertido,,0.0,Moderado,Kuwait
247194,Indicação,2025-03-12,Não Convertido,,0.0,Moderado,Tunisia
247195,Orgânico,2025-03-13,Não Convertido,,0.0,Moderado,Mozambique
247196,Instagram,2025-03-11,Não Convertido,,0.0,Conservador,Lithuania
247197,Facebook,2025-03-13,Não Convertido,,0.0,Moderado,United States of America
247198,WhatsApp,2025-03-11,Não Convertido,,0.0,Moderado,Norfolk Island
247199,Facebook,2025-03-15,Não Convertido,,0.0,Moderado,Tonga
247200,Instagram,2025-03-13,Não Convertido,,0.0,Moderado,Iraq
247201,WhatsApp,2025-03-11,Não Convertido,,0.0,Moderado,Albania
247202,YouTube Ads,2025-03-10,Não Convertido,,0.0,Conservador,Iran
247203,E-mail Marketing,2025-03-15,Não Convertido,,0.0,Moderado,Zimbabwe
247204,TikTok,2025-03-13,Não Convertido,,0.0,Moderado,Saint Pierre and Miquelon
247205,YouTube Ads,2025-03-13,Não Convertido,,0.0,Moderado,Iraq
247206,Indicação,2025-03-14,Não Convertido,,0.0,Moderado,Barbados
247207,Facebook,2025-03-10,Não Convertido,,0.0,Moderado,New Zealand
247208,TikTok,2025-03-14,Não Convertido,,0.0,Agressivo,Falkland Islands (Malvinas)
247209,Orgânico,2025-03-10,Não Convertido,,0.0,Agressivo,Azerbaijan
247210,E-mail Marketing,2025-03-14,Não Convertido,,0.0,Agressivo,Christmas Island
247211,Orgânico,2025-03-12,Não Convertido,,0.0,Moderado,Seychelles
247212,E-mail Marketing,2025-03-14,Não Convertido,,0.0,Agressivo,Serbia
247213,TikTok,2025-03-13,Não Convertido,,0.0,Moderado,Central African Republic
247214,YouTube Ads,2025-03-11,Não Convertido,,0.0,Moderado,Ukraine
247215,Orgânico,2025-03-12,Não Convertido,,0.0,Moderado,Libyan Arab Jamahiriya
247216,Orgânico,2025-03-14,Não Convertido,,0.0,Desconhecido,Swaziland
247217,YouTube Ads,2025-03-10,Não Convertido,,0.0,Conservador,South Africa
247218,TikTok,2025-03-10,Não Convertido,,0.0,Desconhecido,Saint Vincent and the Grenadines
247219,Orgânico,2025-03-11,Convertido,23.0,1534.55,Conservador,Mauritania
247220,Instagram,2025-03-13,Não Convertido,,0.0,Moderado,Togo
247221,WhatsApp,2025-03-13,Não Convertido,,0.0,Desconhecido,Nigeria
247222,Facebook,2025-03-12,Não Convertido,,0.0,Moderado,Finland
247223,Orgânico,2025-03-11,Não Convertido,,0.0,Moderado,Sao Tome and Principe
247224,YouTube Ads,2025-03-11,Não Convertido,,0.0,Moderado,Falkland Islands (Malvinas)
247225,Instagram,2025-03-13,Não Convertido,,0.0,Moderado,Kazakhstan
247226,Facebook,2025-03-12,Não Convertido,,0.0,Agressivo,Macao
247227,Orgânico,2025-03-12,Não Convertido,,0.0,Moderado,Slovenia
247228,Google Ads,2025-03-15,Não Convertido,,0.0,Agressivo,United States Virgin Islands
247229,Instagram,2025-03-10,Não Convertido,,0.0,Moderado,United States Virgin Islands
247230,Instagram,2025-03-13,Não Convertido,,0.0,Moderado,Samoa
247231,Orgânico,2025-03-11,Não Convertido,,0.0,Desconhecido,Germany
247232,Instagram,2025-03-11,Não Convertido,,0.0,Desconhecido,Syrian Arab Republic
247233,Orgânico,2025-03-12,Não Convertido,,0.0,Moderado,Ethiopia
247234,Facebook,2025-03-12,Não Convertido,,0.0,Moderado,Benin
247235,WhatsApp,2025-03-15,Não Convertido,,0.0,Conservador,Cocos (Keeling) Islands
247236,YouTube Ads,2025-03-15,Não Convertido,,0.0,Moderado,Nicaragua
247237,Orgânico,2025-03-10,Não Convertido,,0.0,Agressivo,Jersey
247238,Orgânico,2025-03-10,Não Convertido,,0.0,Moderado,Turks and Caicos Islands
247239,Facebook,2025-03-15,Não Convertido,,0.0,Moderado,Bouvet Island (Bouvetoya)
247240,TikTok,2025-03-12,Não Convertido,,0.0,Moderado,Burundi
247241,Instagram,2025-03-11,Não Convertido,,0.0,Moderado,Dominica
247242,Orgânico,2025-03-13,Não Convertido,,0.0,Moderado,Saint Kitts and Nevis
247243,YouTube Ads,2025-03-15,Não Convertido,,0.0,Moderado,Cameroon
247244,Facebook,2025-03-14,Não Convertido,,0.0,Desconhecido,Mongolia
247245,E-mail Marketing,2025-03-10,Não Convertido,,0.0,Moderado,Sweden
247246,Instagram,2025-03-10,Não Convertido,,0.0,Conservador,Estonia
247247,Orgânico,2025-03-10,Não Convertido,,0.0,Conservador,Gambia
247248,Google Ads,2025-03-13,Não Convertido,,0.0,Moderado,Malawi
247249,TikTok,2025-03-10,Não Convertido,,0.0,Agressivo,Heard Island and McDonald Islands
247250,YouTube Ads,2025-03-11,Não Convertido,,0.0,Desconhecido,Norfolk Island
247251,YouTube Ads,2025-03-13,Não Convertido,,0.0,Conservador,France
247252,YouTube Ads,2025-03-11,Não Convertido,,0.0,Agressivo,Estonia
247253,WhatsApp,2025-03-12,Não Convertido,,0.0,Moderado,Dominica
247254,Instagram,2025-03-15,Não Convertido,,0.0,Agressivo,Iraq
247255,E-mail Marketing,2025-03-12,Convertido,27.0,112.35,Moderado,Bahamas
247256,Google Ads,2025-03-15,Não Convertido,,0.0,Moderado,Christmas Island
247257,Google Ads,2025-03-10,Não Convertido,,0.0,Desconhecido,Djibouti
247258,E-mail Marketing,2025-03-13,Não Convertido,,0.0,Agressivo,Gabon
247259,WhatsApp,2025-03-13,Convertido,3.0,349.38,Moderado,Iran
247260,Instagram,2025-03-15,Não Convertido,,0.0,Conservador,Northern Mariana Islands
247261,Instagram,2025-03-12,Não Convertido,,0.0,Moderado,Japan
247262,Facebook,2025-03-10,Não Convertido,,0.0,Agressivo,British Indian Ocean Territory (Chagos Archipelago)
247263,Google Ads,2025-03-12,Não Convertido,,0.0,Agressivo,Saint Kitts and Nevis
247264,Facebook,2025-03-15,Não Convertido,,0.0,Conservador,Timor-Leste
247265,E-mail Marketing,2025-03-13,Não Convertido,,0.0,Desconhecido,Kiribati
247266,Google Ads,2025-03-12,Não Convertido,,0.0,Conservador,New Caledonia
247267,Google Ads,2025-03-13,Não Convertido,,0.0,Moderado,Estonia
247268,Facebook,2025-03-12,Não Convertido,,0.0,Conservador,Iceland
247269,E-mail Marketing,2025-03-11,Não Convertido,,0.0,Moderado,Japan
247270,WhatsApp,2025-03-14,Não Convertido,,0.0,Conservador,Gabon
247271,E-mail Marketing,2025-03-15,Não Convertido,,0.0,Moderado,Bouvet Island (Bouvetoya)
247272,Orgânico,2025-03-14,Não Convertido,,0.0,Conservador,Mauritania
247273,TikTok,2025-03-12,Não Convertido,,0.0,Agressivo,Dominican Republic
247274,Orgânico,2025-03-14,Não Convertido,,0.0,Moderado,Samoa
247275,Indicação,2025-03-10,Não Convertido,,0.0,Agressivo,Papua New Guinea
247276,WhatsApp,2025-03-13,Não Convertido,,0.0,Agressivo,Central African Republic
247277,Instagram,2025-03-14,Não Convertido,,0.0,Desconhecido,Iceland
247278,YouTube Ads,2025-03-15,Não Convertido,,0.0,Moderado,Nigeria
247279,Orgânico,2025-03-15,Não Convertido,,0.0,Conservador,Hong Kong
247280,TikTok,2025-03-13,Não Convertido,,0.0,Conservador,Honduras
247281,YouTube Ads,2025-03-10,Não Convertido,,0.0,Conservador,Guatemala
247282,Facebook,2025-03-12,Não Convertido,,0.0,Conservador,Denmark
247283,Orgânico,2025-03-11,Não Convertido,,0.0,Moderado,Saint Barthelemy
247284,YouTube Ads,2025-03-14,Não Convertido,,0.0,Moderado,Ghana
247285,Facebook,2025-03-10,Não Convertido,,0.0,Moderado,Saint Vincent and the Grenadines
247286,E-mail Marketing,2025-03-14,Não Convertido,,0.0,Moderado,Maldives
247287,Instagram,2025-03-12,Não Convertido,,0.0,Conservador,Philippines
247288,YouTube Ads,2025-03-10,Não Convertido,,0.0,Moderado,Bosnia and Herzegovina
247289,Google Ads,2025-03-11,Não Convertido,,0.0,Moderado,Jamaica
247290,Facebook,2025-03-14,Não Convertido,,0.0,Moderado,Finland
247291,E-mail Marketing,2025-03-14,Não Convertido,,0.0,Moderado,Taiwan
247292,E-mail Marketing,2025-03-10,Convertido,17.0,9556.83,Moderado,Greenland
247293,WhatsApp,2025-03-12,Não Convertido,,0.0,Moderado,Canada
247294,Google Ads,2025-03-13,Não Convertido,,0.0,Moderado,Samoa
247295,Google Ads,2025-03-13,Não Convertido,,0.0,Moderado,Austria
247296,Facebook,2025-03-12,Não Convertido,,0.0,Moderado,Czech Republic
247297,Orgânico,2025-03-14,Não Convertido,,0.0,Desconhecido,Fiji
247298,Orgânico,2025-03-13,Não Convertido,,0.0,Conservador,Brunei Darussalam
247299,Indicação,2025-03-12,Não Convertido,,0.0,Moderado,Japan
247300,Instagram,2025-03-11,Não Convertido,,0.0,Moderado,Indonesia
247301,WhatsApp,2025-03-14,Não Convertido,,0.0,Desconhecido,Cote d'Ivoire
247302,E-mail Marketing,2025-03-12,Não Convertido,,0.0,Moderado,Netherlands
247303,TikTok,2025-03-14,Não Convertido,,0.0,Desconhecido,Swaziland
247304,E-mail Marketing,2025-03-13,Não Convertido,,0.0,Moderado,Colombia
247305,TikTok,2025-03-12,Não Convertido,,0.0,Moderado,Guernsey
247306,Facebook,2025-03-12,Convertido,9.0,1522.63,Moderado,Jamaica
247307,Facebook,2025-03-12,Não Convertido,,0.0,Desconhecido,Belize
247308,Google Ads,2025-03-11,Não Convertido,,0.0,Agressivo,Panama
247309,Facebook,2025-03-11,Não Convertido,,0.0,Agressivo,Spain
247310,Google Ads,2025-03-15,Não Convertido,,0.0,Agressivo,Tonga
247311,TikTok,2025-03-12,Não Convertido,,0.0,Agressivo,Hong Kong
247312,Google Ads,2025-03-10,Não Convertido,,0.0,Agressivo,Zambia
247313,E-mail Marketing,2025-03-11,Não Convertido,,0.0,Moderado,British Indian Ocean Territory (Chagos Archipelago)
247314,Orgânico,2025-03-10,Convertido,22.0,4284.12,Agressivo,Mayotte
247315,TikTok,2025-03-12,Não Convertido,,0.0,Moderado,Russian Federation
247316,Facebook,2025-03-11,Não Convertido,,0.0,Moderado,Austria
247317,Instagram,2025-03-10,Não Convertido,,0.0,Moderado,Kazakhstan
247318,Instagram,2025-03-15,Não Convertido,,0.0,Agressivo,Israel
247319,TikTok,2025-03-11,Não Convertido,,0.0,Agressivo,Kazakhstan
247320,Orgânico,2025-03-10,Não Convertido,,0.0,Desconhecido,Mozambique
247321,TikTok,2025-03-15,Não Convertido,,0.0,Conservador,Cameroon
247322,Instagram,2025-03-13,Não Convertido,,0.0,Moderado,Heard Island and McDonald Islands
247323,E-mail Marketing,2025-03-15,Não Convertido,,0.0,Moderado,Guinea-Bissau
247324,Facebook,2025-03-13,Não Convertido,,0.0,Agressivo,Gabon
247325,Orgânico,2025-03-11,Não Convertido,,0.0,Conservador,Bahamas
247326,YouTube Ads,2025-03-15,Não Convertido,,0.0,Agressivo,Switzerland
247327,YouTube Ads,2025-03-10,Não Convertido,,0.0,Moderado,Burundi
247328,TikTok,2025-03-10,Não Convertido,,0.0,Moderado,Bolivia
247329,Indicação,2025-03-13,Não Convertido,,0.0,Conservador,Cuba
247330,Orgânico,2025-03-14,Não Convertido,,0.0,Conservador,Belarus
247331,YouTube Ads,2025-03-13,Não Convertido,,0.0,Conservador,South Africa
247332,Instagram,2025-03-14,Não Convertido,,0.0,Agressivo,Lesotho
247333,Indicação,2025-03-10,Não Convertido,,0.0,Agressivo,Moldova
247334,Instagram,2025-03-12,Não Convertido,,0.0,Conservador,Trinidad and Tobago
247335,TikTok,2025-03-15,Não Convertido,,0.0,Moderado,Czech Republic
247336,Instagram,2025-03-10,Não Convertido,,0.0,Moderado,Peru
247337,Orgânico,2025-03-14,Não Convertido,,0.0,Moderado,Gibraltar
247338,E-mail Marketing,2025-03-11,Não Convertido,,0.0,Moderado,Zambia
247339,TikTok,2025-03-13,Não Convertido,,0.0,Agressivo,Albania
247340,E-mail Marketing,2025-03-12,Não Convertido,,0.0,Moderado,Bosnia and Herzegovina
247341,YouTube Ads,2025-03-10,Não Convertido,,0.0,Moderado,Hungary
247342,E-mail Marketing,2025-03-14,Não Convertido,,0.0,Moderado,Tanzania
247343,Facebook,2025-03-10,Não Convertido,,0.0,Agressivo,Iceland
247344,TikTok,2025-03-14,Não Convertido,,0.0,Moderado,Suriname
247345,Orgânico,2025-03-14,Não Convertido,,0.0,Moderado,Turkmenistan
247346,WhatsApp,2025-03-14,Não Convertido,,0.0,Conservador,Myanmar
247347,Google Ads,2025-03-15,Não Convertido,,0.0,Agressivo,Guadeloupe
247348,Google Ads,2025-03-14,Não Convertido,,0.0,Conservador,United Kingdom
247349,TikTok,2025-03-12,Não Convertido,,0.0,Conservador,Estonia
247350,Orgânico,2025-03-14,Não Convertido,,0.0,Agressivo,Malawi
247351,Instagram,2025-03-11,Não Convertido,,0.0,Agressivo,Equatorial Guinea
247352,Orgânico,2025-03-10,Não Convertido,,0.0,Conservador,Libyan Arab Jamahiriya
247353,Orgânico,2025-03-15,Não Convertido,,0.0,Moderado,Lebanon
247354,Orgânico,2025-03-14,Não Convertido,,0.0,Desconhecido,Palau
247355,TikTok,2025-03-13,Não Convertido,,0.0,Conservador,Saint Kitts and Nevis
247356,WhatsApp,2025-03-10,Não Convertido,,0.0,Conservador,Czech Republic
247357,E-mail Marketing,2025-03-13,Não Convertido,,0.0,Moderado,Malawi
247358,Orgânico,2025-03-10,Não Convertido,,0.0,Moderado,Ireland
247359,YouTube Ads,2025-03-14,Não Convertido,,0.0,Desconhecido,Argentina
247360,Orgânico,2025-03-15,Não Convertido,,0.0,Agressivo,Greenland
247361,Orgânico,2025-03-12,Não Convertido,,0.0,Conservador,Czech Republic
247362,Indicação,2025-03-11,Não Convertido,,0.0,Conservador,Kyrgyz Republic
247363,Indicação,2025-03-15,Não Convertido,,0.0,Agressivo,Slovenia
247364,Google Ads,2025-03-10,Não Convertido,,0.0,Moderado,Reunion
247365,Google Ads,2025-03-11,Não Convertido,,0.0,Moderado,Benin
247366,Orgânico,2025-03-12,Não Convertido,,0.0,Moderado,Falkland Islands (Malvinas)
247367,Orgânico,2025-03-10,Não Convertido,,0.0,Moderado,Ireland
247368,TikTok,2025-03-10,Não Convertido,,0.0,Moderado,Czech Republic
247369,WhatsApp,2025-03-12,Não Convertido,,0.0,Conservador,United Arab Emirates
247370,Instagram,2025-03-10,Não Convertido,,0.0,Conservador,Benin
247371,Indicação,2025-03-15,Não Convertido,,0.0,Agressivo,Luxembourg
247372,YouTube Ads,2025-03-12,Não Convertido,,0.0,Conservador,Tokelau
247373,Instagram,2025-03-11,Não Convertido,,0.0,Conservador,Guernsey
247374,Facebook,2025-03-10,Não Convertido,,0.0,Agressivo,Svalbard & Jan Mayen Islands
247375,Orgânico,2025-03-12,Não Convertido,,0.0,Conservador,Portugal
247376,Google Ads,2025-03-15,Não Convertido,,0.0,Desconhecido,Isle of Man
247377,WhatsApp,2025-03-11,Não Convertido,,0.0,Moderado,Reunion
247378,Indicação,2025-03-12,Não Convertido,,0.0,Moderado,China
247379,E-mail Marketing,2025-03-13,Não Convertido,,0.0,Moderado,Greenland
247380,YouTube Ads,2025-03-13,Não Convertido,,0.0,Moderado,Portugal
247381,Facebook,2025-03-14,Não Convertido,,0.0,Agressivo,Pakistan
247382,YouTube Ads,2025-03-14,Não Convertido,,0.0,Desconhecido,Jamaica
247383,YouTube Ads,2025-03-10,Não Convertido,,0.0,Moderado,Micronesia
247384,Instagram,2025-03-13,Não Convertido,,0.0,Conservador,Greece
247385,YouTube Ads,2025-03-12,Não Convertido,,0.0,Conservador,Bangladesh
247386,WhatsApp,2025-03-11,Não Convertido,,0.0,Desconhecido,Qatar
247387,Instagram,2025-03-13,Não Convertido,,0.0,Agressivo,Svalbard & Jan Mayen Islands
247388,WhatsApp,2025-03-12,Não Convertido,,0.0,Conservador,Eritrea
247389,E-mail Marketing,2025-03-14,Não Convertido,,0.0,Agressivo,Greenland
247390,Orgânico,2025-03-15,Não Convertido,,0.0,Desconhecido,Tunisia
247391,E-mail Marketing,2025-03-10,Não Convertido,,0.0,Agressivo,Saint Vincent and the Grenadines
247392,YouTube Ads,2025-03-12,Não Convertido,,0.0,Agressivo,Lebanon
247393,WhatsApp,2025-03-11,Não Convertido,,0.0,Moderado,Svalbard & Jan Mayen Islands
247394,Instagram,2025-03-12,Não Convertido,,0.0,Agressivo,Mali
247395,Orgânico,2025-03-12,Não Convertido,,0.0,Desconhecido,Saint Lucia
247396,Instagram,2025-03-10,Não Convertido,,0.0,Moderado,Burundi
247397,YouTube Ads,2025-03-10,Não Convertido,,0.0,Moderado,Christmas Island
247398,E-mail Marketing,2025-03-10,Não Convertido,,0.0,Conservador,France
247399,Instagram,2025-03-10,Não Convertido,,0.0,Agressivo,Yemen
247400,Google Ads,2025-03-15,Não Convertido,,0.0,Moderado,Sao Tome and Principe
247401,WhatsApp,2025-03-11,Não Convertido,,0.0,Desconhecido,Cook Islands
247402,E-mail Marketing,2025-03-13,Não Convertido,,0.0,Moderado,Tonga
247403,YouTube Ads,2025-03-10,Não Convertido,,0.0,Conservador,Philippines
247404,Google Ads,2025-03-11,Não Convertido,,0.0,Moderado,Indonesia
247405,Orgânico,2025-03-12,Não Convertido,,0.0,Moderado,Turks and Caicos Islands
247406,Orgânico,2025-03-13,Não Convertido,,0.0,Moderado,Tonga
247407,Orgânico,2025-03-12,Não Convertido,,0.0,Moderado,Kyrgyz Republic
247408,YouTube Ads,2025-03-12,Não Convertido,,0.0,Moderado,Barbados
247409,Instagram,2025-03-12,Não Convertido,,0.0,Agressivo,Hungary
247410,Google Ads,2025-03-14,Não Convertido,,0.0,Moderado,Sierra Leone
247411,Google Ads,2025-03-11,Não Convertido,,0.0,Moderado,Anguilla
247412,Instagram,2025-03-10,Não Convertido,,0.0,Agressivo,Nauru
247413,Indicação,2025-03-13,Não Convertido,,0.0,Agressivo,South Georgia and the South Sandwich Islands
247414,Indicação,2025-03-12,Não Convertido,,0.0,Agressivo,Georgia
247415,Orgânico,2025-03-15,Não Convertido,,0.0,Desconhecido,Gambia
247416,WhatsApp,2025-03-15,Não Convertido,,0.0,Moderado,Estonia
247417,Orgânico,2025-03-10,Não Convertido,,0.0,Moderado,Iceland
247418,Orgânico,2025-03-14,Não Convertido,,0.0,Agressivo,Norway
247419,WhatsApp,2025-03-14,Não Convertido,,0.0,Moderado,Bahrain
247420,Facebook,2025-03-10,Não Convertido,,0.0,Desconhecido,Costa Rica
247421,Google Ads,2025-03-10,Não Convertido,,0.0,Moderado,Japan
247422,Instagram,2025-03-10,Não Convertido,,0.0,Conservador,French Guiana
247423,Facebook,2025-03-10,Não Convertido,,0.0,Moderado,Nepal
247424,TikTok,2025-03-11,Não Convertido,,0.0,Conservador,Qatar
247425,Indicação,2025-03-15,Não Convertido,,0.0,Moderado,Argentina
247426,Facebook,2025-03-15,Não Convertido,,0.0,Moderado,Mauritania
247427,E-mail Marketing,2025-03-11,Não Convertido,,0.0,Agressivo,Lao People's Democratic Republic
247428,TikTok,2025-03-14,Não Convertido,,0.0,Moderado,Georgia
247429,TikTok,2025-03-14,Não Convertido,,0.0,Desconhecido,Tokelau
247430,Instagram,2025-03-13,Não Convertido,,0.0,Moderado,Kenya
247431,Orgânico,2025-03-14,Não Convertido,,0.0,Agressivo,Mayotte
247432,Instagram,2025-03-10,Não Convertido,,0.0,Moderado,Reunion
247433,Facebook,2025-03-13,Não Convertido,,0.0,Desconhecido,Austria
247434,Google Ads,2025-03-15,Não Convertido,,0.0,Agressivo,Mali
247435,WhatsApp,2025-03-10,Não Convertido,,0.0,Agressivo,Russian Federation
247436,TikTok,2025-03-14,Não Convertido,,0.0,Moderado,Western Sahara
247437,YouTube Ads,2025-03-14,Não Convertido,,0.0,Moderado,South Georgia and the South Sandwich Islands
247438,E-mail Marketing,2025-03-15,Não Convertido,,0.0,Moderado,Guinea
247439,Indicação,2025-03-12,Não Convertido,,0.0,Desconhecido,Burundi
247440,Orgânico,2025-03-12,Convertido,27.0,1417.86,Agressivo,Cayman Islands
247441,Facebook,2025-03-13,Não Convertido,,0.0,Agressivo,Hong Kong
247442,Facebook,2025-03-12,Não Convertido,,0.0,Conservador,Switzerland
247443,Instagram,2025-03-14,Não Convertido,,0.0,Conservador,Bosnia and Herzegovina
247444,YouTube Ads,2025-03-11,Não Convertido,,0.0,Agressivo,Hong Kong
247445,Google Ads,2025-03-12,Não Convertido,,0.0,Agressivo,Algeria
247446,Facebook,2025-03-14,Não Convertido,,0.0,Conservador,Heard Island and McDonald Islands
247447,Google Ads,2025-03-13,Não Convertido,,0.0,Conservador,Slovakia (Slovak Republic)
247448,Google Ads,2025-03-12,Não Convertido,,0.0,Conservador,Morocco
247449,Instagram,2025-03-14,Não Convertido,,0.0,Moderado,Norfolk Island
247450,Google Ads,2025-03-15,Não Convertido,,0.0,Conservador,Romania
247451,Orgânico,2025-03-12,Não Convertido,,0.0,Conservador,Bosnia and Herzegovina
247452,Orgânico,2025-03-12,Não Convertido,,0.0,Moderado,Mozambique
247453,Orgânico,2025-03-11,Não Convertido,,0.0,Moderado,Iraq
247454,TikTok,2025-03-14,Não Convertido,,0.0,Moderado,Ethiopia
247455,Orgânico,2025-03-12,Não Convertido,,0.0,Agressivo,Belarus
247456,WhatsApp,2025-03-13,Não Convertido,,0.0,Conservador,Uruguay
247457,Orgânico,2025-03-11,Não Convertido,,0.0,Agressivo,Panama
247458,Orgânico,2025-03-10,Não Convertido,,0.0,Conservador,Pakistan
247459,E-mail Marketing,2025-03-11,Não Convertido,,0.0,Conservador,Niue
247460,Indicação,2025-03-13,Não Convertido,,0.0,Moderado,Eritrea
247461,YouTube Ads,2025-03-11,Não Convertido,,0.0,Desconhecido,Mayotte
247462,YouTube Ads,2025-03-10,Convertido,16.0,7028.44,Moderado,Qatar
247463,Indicação,2025-03-15,Não Convertido,,0.0,Agressivo,Tunisia
247464,Facebook,2025-03-11,Não Convertido,,0.0,Conservador,Falkland Islands (Malvinas)
247465,E-mail Marketing,2025-03-12,Não Convertido,,0.0,Conservador,Lao People's Democratic Republic
247466,YouTube Ads,2025-03-10,Não Convertido,,0.0,Moderado,Canada
247467,TikTok,2025-03-13,Não Convertido,,0.0,Moderado,United States Virgin Islands
247468,E-mail Marketing,2025-03-12,Não Convertido,,0.0,Moderado,Estonia
247469,Instagram,2025-03-12,Não Convertido,,0.0,Agressivo,Niue
247470,TikTok,2025-03-14,Não Convertido,,0.0,Moderado,Pitcairn Islands
247471,Orgânico,2025-03-10,Não Convertido,,0.0,Conservador,Marshall Islands
247472,YouTube Ads,2025-03-14,Não Convertido,,0.0,Agressivo,Madagascar
247473,TikTok,2025-03-14,Não Convertido,,0.0,Moderado,Andorra
247474,Orgânico,2025-03-14,Não Convertido,,0.0,Agressivo,United States Minor Outlying Islands
247475,Orgânico,2025-03-11,Não Convertido,,0.0,Desconhecido,Lesotho
247476,WhatsApp,2025-03-10,Não Convertido,,0.0,Agressivo,Norfolk Island
247477,E-mail Marketing,2025-03-11,Não Convertido,,0.0,Agressivo,Qatar
247478,Facebook,2025-03-14,Não Convertido,,0.0,Agressivo,French Polynesia
247479,Facebook,2025-03-12,Não Convertido,,0.0,Conservador,United States Minor Outlying Islands
247480,Orgânico,2025-03-10,Não Convertido,,0.0,Moderado,Thailand
247481,Orgânico,2025-03-12,Não Convertido,,0.0,Agressivo,Cuba
247482,TikTok,2025-03-13,Não Convertido,,0.0,Agressivo,Croatia
247483,Facebook,2025-03-13,Não Convertido,,0.0,Desconhecido,Liechtenstein
247484,E-mail Marketing,2025-03-15,Não Convertido,,0.0,Moderado,Japan
247485,TikTok,2025-03-15,Não Convertido,,0.0,Conservador,Romania
247486,TikTok,2025-03-15,Não Convertido,,0.0,Agressivo,Pakistan
247487,Orgânico,2025-03-15,Não Convertido,,0.0,Agressivo,Heard Island and McDonald Islands
247488,Instagram,2025-03-15,Não Convertido,,0.0,Moderado,Qatar
247489,Instagram,2025-03-14,Não Convertido,,0.0,Moderado,Egypt
247490,YouTube Ads,2025-03-10,Não Convertido,,0.0,Moderado,Guadeloupe
247491,Google Ads,2025-03-14,Não Convertido,,0.0,Moderado,Syrian Arab Republic
247492,Instagram,2025-03-10,Não Convertido,,0.0,Conservador,Swaziland
247493,Indicação,2025-03-12,Não Convertido,,0.0,Moderado,Montenegro
247494,Facebook,2025-03-15,Não Convertido,,0.0,Agressivo,Afghanistan
247495,Instagram,2025-03-14,Não Convertido,,0.0,Desconhecido,Albania
247496,TikTok,2025-03-14,Não Convertido,,0.0,Conservador,Cameroon
247497,Indicação,2025-03-12,Não Convertido,,0.0,Moderado,Faroe Islands
247498,YouTube Ads,2025-03-15,Não Convertido,,0.0,Moderado,Guernsey
247499,E-mail Marketing,2025-03-11,Não Convertido,,0.0,Conservador,Kiribati
247500,Indicação,2025-03-13,Não Convertido,,0.0,Moderado,Marshall Islands
247501,Facebook,2025-03-10,Não Convertido,,0.0,Conservador,Mauritius
247502,YouTube Ads,2025-03-15,Não Convertido,,0.0,Agressivo,Seychelles
247503,Indicação,2025-03-14,Não Convertido,,0.0,Conservador,Cyprus
247504,Instagram,2025-03-11,Não Convertido,,0.0,Moderado,Zambia
247505,Orgânico,2025-03-13,Não Convertido,,0.0,Moderado,Norway
247506,E-mail Marketing,2025-03-11,Não Convertido,,0.0,Desconhecido,Cyprus
247507,Instagram,2025-03-10,Não Convertido,,0.0,Moderado,Reunion
247508,Instagram,2025-03-11,Não Convertido,,0.0,Moderado,Guadeloupe
247509,TikTok,2025-03-10,Não Convertido,,0.0,Conservador,Austria
247510,Instagram,2025-03-12,Não Convertido,,0.0,Agressivo,Iraq
247511,WhatsApp,2025-03-10,Não Convertido,,0.0,Conservador,Saint Barthelemy
247512,WhatsApp,2025-03-12,Não Convertido,,0.0,Moderado,Malawi
247513,TikTok,2025-03-10,Não Convertido,,0.0,Desconhecido,Madagascar
247514,Orgânico,2025-03-15,Não Convertido,,0.0,Desconhecido,Greenland
247515,WhatsApp,2025-03-11,Não Convertido,,0.0,Conservador,Bolivia
247516,WhatsApp,2025-03-10,Não Convertido,,0.0,Moderado,El Salvador
247517,Indicação,2025-03-10,Não Convertido,,0.0,Desconhecido,Norfolk Island
247518,Instagram,2025-03-12,Não Convertido,,0.0,Agressivo,Micronesia
247519,TikTok,2025-03-11,Não Convertido,,0.0,Moderado,Switzerland
247520,WhatsApp,2025-03-12,Não Convertido,,0.0,Conservador,Korea
247521,YouTube Ads,2025-03-14,Não Convertido,,0.0,Moderado,Western Sahara
247522,YouTube Ads,2025-03-14,Não Convertido,,0.0,Moderado,Nepal
247523,Orgânico,2025-03-14,Não Convertido,,0.0,Agressivo,Central African Republic
247524,YouTube Ads,2025-03-10,Não Convertido,,0.0,Agressivo,Palau
247525,WhatsApp,2025-03-15,Não Convertido,,0.0,Agressivo,Belgium
247526,Orgânico,2025-03-12,Não Convertido,,0.0,Agressivo,Finland
247527,Instagram,2025-03-11,Não Convertido,,0.0,Desconhecido,British Indian Ocean Territory (Chagos Archipelago)
247528,TikTok,2025-03-13,Não Convertido,,0.0,Agressivo,Antigua and Barbuda
247529,Orgânico,2025-03-13,Não Convertido,,0.0,Agressivo,Aruba
247530,E-mail Marketing,2025-03-10,Não Convertido,,0.0,Desconhecido,Saint Lucia
247531,Google Ads,2025-03-13,Não Convertido,,0.0,Conservador,Singapore
247532,TikTok,2025-03-11,Não Convertido,,0.0,Agressivo,Jordan
247533,WhatsApp,2025-03-15,Não Convertido,,0.0,Moderado,Jordan
247534,E-mail Marketing,2025-03-12,Não Convertido,,0.0,Agressivo,Cambodia
247535,Orgânico,2025-03-13,Não Convertido,,0.0,Moderado,Tuvalu
247536,TikTok,2025-03-11,Não Convertido,,0.0,Agressivo,Argentina
247537,Instagram,2025-03-13,Não Convertido,,0.0,Desconhecido,Hungary
247538,Orgânico,2025-03-11,Não Convertido,,0.0,Desconhecido,South Africa
247539,Facebook,2025-03-14,Não Convertido,,0.0,Moderado,Serbia
247540,E-mail Marketing,2025-03-10,Não Convertido,,0.0,Moderado,Honduras
247541,Orgânico,2025-03-15,Não Convertido,,0.0,Conservador,Tajikistan
247542,E-mail Marketing,2025-03-13,Não Convertido,,0.0,Desconhecido,Jordan
247543,Facebook,2025-03-12,Não Convertido,,0.0,Desconhecido,Kyrgyz Republic
247544,Orgânico,2025-03-13,Não Convertido,,0.0,Conservador,Tuvalu
247545,WhatsApp,2025-03-10,Não Convertido,,0.0,Moderado,Ireland
247546,WhatsApp,2025-03-15,Não Convertido,,0.0,Moderado,Malta
247547,Facebook,2025-03-13,Não Convertido,,0.0,Agressivo,Tuvalu
247548,YouTube Ads,2025-03-12,Não Convertido,,0.0,Agressivo,Dominica
247549,Facebook,2025-03-14,Convertido,22.0,1661.98,Agressivo,Andorra
247550,WhatsApp,2025-03-11,Não Convertido,,0.0,Agressivo,Uruguay
247551,Facebook,2025-03-11,Não Convertido,,0.0,Moderado,Cape Verde
247552,E-mail Marketing,2025-03-11,Não Convertido,,0.0,Moderado,Macao
247553,WhatsApp,2025-03-10,Não Convertido,,0.0,Moderado,American Samoa
247554,Instagram,2025-03-11,Não Convertido,,0.0,Agressivo,Cayman Islands
247555,Orgânico,2025-03-14,Não Convertido,,0.0,Agressivo,Guadeloupe
247556,Orgânico,2025-03-11,Não Convertido,,0.0,Agressivo,Seychelles
247557,WhatsApp,2025-03-14,Não Convertido,,0.0,Agressivo,Tuvalu
247558,Orgânico,2025-03-14,Não Convertido,,0.0,Agressivo,Puerto Rico
247559,Orgânico,2025-03-14,Não Convertido,,0.0,Moderado,Bangladesh
247560,Instagram,2025-03-15,Convertido,16.0,6620.06,Moderado,Russian Federation
247561,WhatsApp,2025-03-10,Não Convertido,,0.0,Desconhecido,Spain
247562,E-mail Marketing,2025-03-11,Não Convertido,,0.0,Conservador,Nepal
247563,Facebook,2025-03-10,Não Convertido,,0.0,Moderado,Niger
247564,E-mail Marketing,2025-03-11,Convertido,20.0,9958.6,Conservador,Sweden
247565,Google Ads,2025-03-10,Não Convertido,,0.0,Moderado,Korea
247566,Instagram,2025-03-11,Não Convertido,,0.0,Agressivo,Cocos (Keeling) Islands
247567,Orgânico,2025-03-14,Não Convertido,,0.0,Desconhecido,Montenegro
247568,TikTok,2025-03-10,Não Convertido,,0.0,Moderado,Antigua and Barbuda
247569,Instagram,2025-03-15,Não Convertido,,0.0,Conservador,Myanmar
247570,Orgânico,2025-03-11,Convertido,5.0,255.29,Moderado,Saint Kitts and Nevis
247571,Orgânico,2025-03-12,Não Convertido,,0.0,Conservador,Iceland
247572,Orgânico,2025-03-12,Não Convertido,,0.0,Moderado,Tuvalu
247573,Facebook,2025-03-14,Não Convertido,,0.0,Conservador,Cote d'Ivoire
247574,Orgânico,2025-03-10,Não Convertido,,0.0,Moderado,Liberia
247575,Instagram,2025-03-12,Não Convertido,,0.0,Moderado,Denmark
247576,E-mail Marketing,2025-03-10,Não Convertido,,0.0,Moderado,Russian Federation
247577,Orgânico,2025-03-13,Não Convertido,,0.0,Agressivo,Liberia
247578,Google Ads,2025-03-14,Não Convertido,,0.0,Moderado,Bouvet Island (Bouvetoya)
247579,Instagram,2025-03-14,Não Convertido,,0.0,Conservador,Tuvalu
247580,Instagram,2025-03-11,Não Convertido,,0.0,Moderado,Bermuda
247581,Google Ads,2025-03-14,Não Convertido,,0.0,Conservador,Niger
247582,Orgânico,2025-03-12,Não Convertido,,0.0,Agressivo,Oman
247583,Instagram,2025-03-10,Não Convertido,,0.0,Moderado,Chile
247584,YouTube Ads,2025-03-12,Não Convertido,,0.0,Moderado,Aruba
247585,Facebook,2025-03-12,Não Convertido,,0.0,Conservador,Venezuela
247586,Facebook,2025-03-13,Não Convertido,,0.0,Agressivo,Korea
247587,Orgânico,2025-03-14,Não Convertido,,0.0,Moderado,Samoa
247588,Instagram,2025-03-15,Não Convertido,,0.0,Moderado,Reunion
247589,Google Ads,2025-03-11,Não Convertido,,0.0,Desconhecido,Vanuatu
247590,Google Ads,2025-03-12,Não Convertido,,0.0,Desconhecido,Moldova
247591,WhatsApp,2025-03-10,Convertido,28.0,773.79,Conservador,Tonga
247592,E-mail Marketing,2025-03-11,Não Convertido,,0.0,Moderado,Marshall Islands
247593,TikTok,2025-03-14,Não Convertido,,0.0,Moderado,Armenia
247594,Instagram,2025-03-11,Não Convertido,,0.0,Agressivo,Senegal
247595,Instagram,2025-03-13,Não Convertido,,0.0,Desconhecido,Brunei Darussalam
247596,Facebook,2025-03-11,Não Convertido,,0.0,Moderado,Jersey
247597,YouTube Ads,2025-03-10,Não Convertido,,0.0,Agressivo,United States Virgin Islands
247598,Orgânico,2025-03-13,Não Convertido,,0.0,Moderado,Nepal
247599,TikTok,2025-03-15,Convertido,30.0,9462.42,Desconhecido,Belize
247600,Instagram,2025-03-15,Não Convertido,,0.0,Moderado,Kyrgyz Republic
247601,Instagram,2025-03-11,Convertido,29.0,732.37,Agressivo,Guinea
247602,E-mail Marketing,2025-03-12,Convertido,27.0,3701.83,Moderado,Azerbaijan
247603,YouTube Ads,2025-03-10,Não Convertido,,0.0,Moderado,Bolivia
247604,Google Ads,2025-03-11,Não Convertido,,0.0,Moderado,Qatar
247605,TikTok,2025-03-10,Não Convertido,,0.0,Desconhecido,Russian Federation
247606,Facebook,2025-03-13,Não Convertido,,0.0,Conservador,Madagascar
247607,Indicação,2025-03-11,Não Convertido,,0.0,Agressivo,Niue
247608,Facebook,2025-03-14,Não Convertido,,0.0,Moderado,Christmas Island
247609,Orgânico,2025-03-14,Não Convertido,,0.0,Desconhecido,Guinea-Bissau
247610,Orgânico,2025-03-12,Não Convertido,,0.0,Desconhecido,South Africa
247611,Google Ads,2025-03-10,Não Convertido,,0.0,Conservador,Saint Pierre and Miquelon
247612,E-mail Marketing,2025-03-11,Não Convertido,,0.0,Desconhecido,Jordan
247613,Instagram,2025-03-10,Não Convertido,,0.0,Agressivo,Andorra
247614,YouTube Ads,2025-03-12,Não Convertido,,0.0,Conservador,Chile
247615,WhatsApp,2025-03-13,Não Convertido,,0.0,Moderado,Sierra Leone
247616,YouTube Ads,2025-03-15,Não Convertido,,0.0,Conservador,Cocos (Keeling) Islands
247617,Instagram,2025-03-13,Não Convertido,,0.0,Agressivo,Syrian Arab Republic
247618,E-mail Marketing,2025-03-10,Não Convertido,,0.0,Moderado,Norfolk Island
247619,Instagram,2025-03-10,Não Convertido,,0.0,Desconhecido,United Arab Emirates
247620,E-mail Marketing,2025-03-10,Não Convertido,,0.0,Conservador,Niue
247621,Indicação,2025-03-14,Não Convertido,,0.0,Agressivo,United States Virgin Islands
247622,Orgânico,2025-03-10,Não Convertido,,0.0,Agressivo,British Indian Ocean Territory (Chagos Archipelago)
247623,YouTube Ads,2025-03-10,Convertido,5.0,4984.06,Conservador,American Samoa
247624,E-mail Marketing,2025-03-11,Não Convertido,,0.0,Agressivo,Djibouti
247625,TikTok,2025-03-12,Não Convertido,,0.0,Agressivo,Cote d'Ivoire
247626,Orgânico,2025-03-12,Não Convertido,,0.0,Moderado,Cook Islands
247627,Facebook,2025-03-13,Não Convertido,,0.0,Moderado,French Polynesia
247628,E-mail Marketing,2025-03-13,Não Convertido,,0.0,Moderado,Morocco
247629,E-mail Marketing,2025-03-10,Não Convertido,,0.0,Conservador,Estonia
247630,Orgânico,2025-03-15,Não Convertido,,0.0,Moderado,United Kingdom
247631,Instagram,2025-03-15,Não Convertido,,0.0,Conservador,Hungary
247632,Orgânico,2025-03-10,Não Convertido,,0.0,Agressivo,Mali
247633,Indicação,2025-03-13,Não Convertido,,0.0,Conservador,Burkina Faso
247634,Instagram,2025-03-11,Não Convertido,,0.0,Agressivo,Tonga
247635,TikTok,2025-03-15,Convertido,7.0,7095.02,Desconhecido,Montserrat
247636,Orgânico,2025-03-10,Não Convertido,,0.0,Moderado,Pitcairn Islands
247637,YouTube Ads,2025-03-10,Não Convertido,,0.0,Agressivo,Faroe Islands
247638,E-mail Marketing,2025-03-11,Não Convertido,,0.0,Moderado,Yemen
247639,Instagram,2025-03-11,Não Convertido,,0.0,Moderado,Bermuda
247640,TikTok,2025-03-13,Não Convertido,,0.0,Moderado,Svalbard & Jan Mayen Islands
247641,Instagram,2025-03-13,Não Convertido,,0.0,Desconhecido,Kenya
247642,E-mail Marketing,2025-03-14,Não Convertido,,0.0,Conservador,Italy
247643,Instagram,2025-03-13,Não Convertido,,0.0,Moderado,Brazil
247644,Instagram,2025-03-10,Não Convertido,,0.0,Agressivo,India
247645,Orgânico,2025-03-12,Não Convertido,,0.0,Conservador,Liberia
247646,TikTok,2025-03-12,Não Convertido,,0.0,Moderado,Belgium
247647,Orgânico,2025-03-11,Não Convertido,,0.0,Desconhecido,Jersey
247648,Orgânico,2025-03-10,Não Convertido,,0.0,Moderado,Montserrat
247649,YouTube Ads,2025-03-10,Não Convertido,,0.0,Moderado,Bahamas
247650,Indicação,2025-03-15,Não Convertido,,0.0,Moderado,Bangladesh
247651,E-mail Marketing,2025-03-12,Não Convertido,,0.0,Agressivo,United Kingdom
247652,Google Ads,2025-03-15,Não Convertido,,0.0,Desconhecido,Guyana
247653,Instagram,2025-03-10,Não Convertido,,0.0,Agressivo,Saint Barthelemy
247654,Instagram,2025-03-12,Não Convertido,,0.0,Moderado,Saint Lucia
247655,Google Ads,2025-03-12,Não Convertido,,0.0,Conservador,Malta
247656,Instagram,2025-03-15,Não Convertido,,0.0,Desconhecido,Thailand
247657,Indicação,2025-03-15,Não Convertido,,0.0,Agressivo,Saint Vincent and the Grenadines
247658,WhatsApp,2025-03-11,Não Convertido,,0.0,Moderado,Cambodia
247659,E-mail Marketing,2025-03-10,Não Convertido,,0.0,Moderado,Guadeloupe
247660,TikTok,2025-03-15,Não Convertido,,0.0,Agressivo,Mexico
247661,Google Ads,2025-03-15,Não Convertido,,0.0,Agressivo,Iran
247662,Orgânico,2025-03-11,Não Convertido,,0.0,Moderado,Denmark
247663,Orgânico,2025-03-14,Não Convertido,,0.0,Agressivo,Malaysia
247664,Orgânico,2025-03-15,Não Convertido,,0.0,Desconhecido,Angola
247665,Orgânico,2025-03-14,Não Convertido,,0.0,Agressivo,British Indian Ocean Territory (Chagos Archipelago)
247666,TikTok,2025-03-12,Não Convertido,,0.0,Agressivo,Seychelles
247667,TikTok,2025-03-10,Não Convertido,,0.0,Agressivo,Myanmar
247668,WhatsApp,2025-03-12,Não Convertido,,0.0,Desconhecido,Montenegro
247669,Instagram,2025-03-14,Não Convertido,,0.0,Agressivo,Germany
247670,Indicação,2025-03-13,Não Convertido,,0.0,Agressivo,Cook Islands
247671,YouTube Ads,2025-03-15,Não Convertido,,0.0,Moderado,Ghana
247672,Indicação,2025-03-11,Não Convertido,,0.0,Moderado,Dominican Republic
247673,E-mail Marketing,2025-03-13,Não Convertido,,0.0,Moderado,Albania
247674,YouTube Ads,2025-03-14,Não Convertido,,0.0,Conservador,Northern Mariana Islands
247675,WhatsApp,2025-03-14,Não Convertido,,0.0,Moderado,Barbados
247676,Google Ads,2025-03-14,Não Convertido,,0.0,Moderado,Portugal
247677,Facebook,2025-03-13,Não Convertido,,0.0,Agressivo,Libyan Arab Jamahiriya
247678,Instagram,2025-03-10,Não Convertido,,0.0,Desconhecido,Saint Barthelemy
247679,Google Ads,2025-03-12,Não Convertido,,0.0,Agressivo,Korea
247680,YouTube Ads,2025-03-11,Não Convertido,,0.0,Moderado,Cameroon
247681,TikTok,2025-03-15,Não Convertido,,0.0,Desconhecido,Slovenia
247682,Facebook,2025-03-11,Não Convertido,,0.0,Agressivo,Lebanon
247683,Facebook,2025-03-15,Não Convertido,,0.0,Conservador,Kyrgyz Republic
247684,Orgânico,2025-03-15,Não Convertido,,0.0,Moderado,Dominica
247685,Orgânico,2025-03-10,Não Convertido,,0.0,Moderado,Heard Island and McDonald Islands
247686,WhatsApp,2025-03-15,Não Convertido,,0.0,Moderado,Timor-Leste
247687,Google Ads,2025-03-10,Não Convertido,,0.0,Moderado,Bolivia
247688,Orgânico,2025-03-10,Não Convertido,,0.0,Agressivo,Chile
247689,TikTok,2025-03-12,Não Convertido,,0.0,Moderado,Cyprus
247690,Google Ads,2025-03-13,Convertido,1.0,3849.26,Conservador,Nepal
247691,Orgânico,2025-03-10,Não Convertido,,0.0,Agressivo,Croatia
247692,Google Ads,2025-03-13,Não Convertido,,0.0,Agressivo,Seychelles
247693,TikTok,2025-03-15,Não Convertido,,0.0,Moderado,Somalia
247694,Instagram,2025-03-14,Não Convertido,,0.0,Agressivo,Cyprus
247695,Facebook,2025-03-10,Não Convertido,,0.0,Moderado,Honduras
247696,Instagram,2025-03-10,Não Convertido,,0.0,Conservador,China
247697,Facebook,2025-03-10,Não Convertido,,0.0,Conservador,Colombia
247698,Indicação,2025-03-10,Não Convertido,,0.0,Moderado,Norfolk Island
247699,Orgânico,2025-03-13,Não Convertido,,0.0,Agressivo,French Polynesia
247700,Indicação,2025-03-13,Não Convertido,,0.0,Desconhecido,Indonesia
247701,Google Ads,2025-03-12,Não Convertido,,0.0,Agressivo,Kiribati
247702,E-mail Marketing,2025-03-11,Não Convertido,,0.0,Agressivo,Malta
247703,E-mail Marketing,2025-03-14,Não Convertido,,0.0,Agressivo,Eritrea
247704,Orgânico,2025-03-11,Não Convertido,,0.0,Moderado,Ukraine
247705,Instagram,2025-03-14,Não Convertido,,0.0,Moderado,Gambia
247706,Instagram,2025-03-14,Não Convertido,,0.0,Moderado,Azerbaijan
247707,Orgânico,2025-03-11,Não Convertido,,0.0,Conservador,Cambodia
247708,TikTok,2025-03-10,Não Convertido,,0.0,Agressivo,Nicaragua
247709,Instagram,2025-03-12,Não Convertido,,0.0,Moderado,Jordan
247710,TikTok,2025-03-12,Não Convertido,,0.0,Conservador,Jersey
247711,E-mail Marketing,2025-03-10,Não Convertido,,0.0,Agressivo,Guadeloupe
247712,E-mail Marketing,2025-03-15,Convertido,20.0,1671.34,Moderado,Northern Mariana Islands
247713,Indicação,2025-03-13,Não Convertido,,0.0,Moderado,South Africa
247714,TikTok,2025-03-13,Não Convertido,,0.0,Moderado,Denmark
247715,TikTok,2025-03-15,Não Convertido,,0.0,Conservador,India
247716,Indicação,2025-03-12,Não Convertido,,0.0,Conservador,Russian Federation
247717,Google Ads,2025-03-10,Não Convertido,,0.0,Conservador,Honduras
247718,TikTok,2025-03-13,Não Convertido,,0.0,Agressivo,South Georgia and the South Sandwich Islands
247719,Instagram,2025-03-10,Não Convertido,,0.0,Moderado,Guadeloupe
247720,TikTok,2025-03-13,Não Convertido,,0.0,Conservador,Georgia
247721,TikTok,2025-03-11,Não Convertido,,0.0,Agressivo,Austria
247722,E-mail Marketing,2025-03-13,Não Convertido,,0.0,Agressivo,Faroe Islands
247723,WhatsApp,2025-03-12,Não Convertido,,0.0,Moderado,Azerbaijan
247724,Instagram,2025-03-10,Não Convertido,,0.0,Moderado,Belize
247725,TikTok,2025-03-14,Não Convertido,,0.0,Conservador,Uruguay
247726,Orgânico,2025-03-10,Não Convertido,,0.0,Moderado,French Southern Territories
247727,Facebook,2025-03-12,Não Convertido,,0.0,Moderado,Turkey
247728,E-mail Marketing,2025-03-12,Não Convertido,,0.0,Moderado,Gabon
247729,TikTok,2025-03-12,Não Convertido,,0.0,Agressivo,Pakistan
247730,TikTok,2025-03-11,Não Convertido,,0.0,Conservador,Slovenia
247731,YouTube Ads,2025-03-11,Não Convertido,,0.0,Conservador,New Zealand
247732,Instagram,2025-03-12,Não Convertido,,0.0,Conservador,Angola
247733,Facebook,2025-03-13,Não Convertido,,0.0,Agressivo,Malaysia
