lead_id,origem,data_cadastro,status_conversao,dias_ate_1o_trade,valor_deposito,perfil,pais
240046,TikTok,2025-03-04,Não Convertido,,0.0,Moderado,Liberia
240047,Instagram,2025-03-07,Não Convertido,,0.0,Desconhecido,Norway
240048,WhatsApp,2025-03-03,Não Convertido,,0.0,Conservador,British Indian Ocean Territory (Chagos Archipelago)
240049,Orgânico,2025-03-07,Não Convertido,,0.0,Moderado,Vietnam
240050,Orgânico,2025-03-04,Não Convertido,,0.0,Desconhecido,Greenland
240051,Indicação,2025-03-06,Não Convertido,,0.0,Moderado,Madagascar
240052,Instagram,2025-03-07,Não Convertido,,0.0,Moderado,Fiji
240053,Facebook,2025-03-06,Não Convertido,,0.0,Conservador,Mali
240054,Instagram,2025-03-07,Não Convertido,,0.0,Moderado,Hungary
240055,E-mail Marketing,2025-03-07,Não Convertido,,0.0,Agressivo,Guinea-Bissau
240056,Instagram,2025-03-06,Não Convertido,,0.0,Agressivo,Hungary
240057,Instagram,2025-03-04,Não Convertido,,0.0,Moderado,Tonga
240058,Instagram,2025-03-03,Não Convertido,,0.0,Moderado,Sudan
240059,TikTok,2025-03-03,Não Convertido,,0.0,Agressivo,Niue
240060,E-mail Marketing,2025-03-05,Não Convertido,,0.0,Conservador,Cambodia
240061,Instagram,2025-03-05,Não Convertido,,0.0,Conservador,Brunei Darussalam
240062,Orgânico,2025-03-08,Não Convertido,,0.0,Conservador,Madagascar
240063,E-mail Marketing,2025-03-04,Não Convertido,,0.0,Agressivo,Anguilla
240064,YouTube Ads,2025-03-08,Não Convertido,,0.0,Conservador,Guinea-Bissau
240065,Instagram,2025-03-06,Não Convertido,,0.0,Moderado,Serbia
240066,Google Ads,2025-03-04,Não Convertido,,0.0,Moderado,Greece
240067,Indicação,2025-03-03,Convertido,10.0,6806.02,Agressivo,Hungary
240068,Facebook,2025-03-04,Não Convertido,,0.0,Conservador,Morocco
240069,Orgânico,2025-03-05,Convertido,8.0,1798.15,Desconhecido,Solomon Islands
240070,Google Ads,2025-03-07,Não Convertido,,0.0,Moderado,Estonia
240071,Facebook,2025-03-04,Não Convertido,,0.0,Moderado,Croatia
240072,WhatsApp,2025-03-06,Não Convertido,,0.0,Agressivo,Lebanon
240073,Instagram,2025-03-06,Convertido,21.0,7031.87,Agressivo,Latvia
240074,Instagram,2025-03-06,Não Convertido,,0.0,Moderado,Albania
240075,Orgânico,2025-03-04,Não Convertido,,0.0,Moderado,Comoros
240076,E-mail Marketing,2025-03-03,Não Convertido,,0.0,Moderado,South Georgia and the South Sandwich Islands
240077,Facebook,2025-03-07,Não Convertido,,0.0,Desconhecido,Mauritius
240078,Indicação,2025-03-07,Não Convertido,,0.0,Moderado,Egypt
240079,YouTube Ads,2025-03-06,Não Convertido,,0.0,Moderado,Belarus
240080,E-mail Marketing,2025-03-06,Não Convertido,,0.0,Moderado,Morocco
240081,E-mail Marketing,2025-03-08,Não Convertido,,0.0,Conservador,Australia
240082,Instagram,2025-03-03,Não Convertido,,0.0,Moderado,Trinidad and Tobago
240083,Facebook,2025-03-06,Não Convertido,,0.0,Agressivo,Bermuda
240084,TikTok,2025-03-05,Não Convertido,,0.0,Moderado,Svalbard & Jan Mayen Islands
240085,YouTube Ads,2025-03-03,Não Convertido,,0.0,Agressivo,Norway
240086,Orgânico,2025-03-07,Não Convertido,,0.0,Conservador,Tanzania
240087,TikTok,2025-03-04,Não Convertido,,0.0,Conservador,Italy
240088,Google Ads,2025-03-04,Não Convertido,,0.0,Moderado,Finland
240089,WhatsApp,2025-03-03,Não Convertido,,0.0,Moderado,French Polynesia
240090,Instagram,2025-03-03,Não Convertido,,0.0,Agressivo,Belize
240091,Instagram,2025-03-07,Não Convertido,,0.0,Desconhecido,Iraq
240092,YouTube Ads,2025-03-03,Não Convertido,,0.0,Agressivo,Kyrgyz Republic
240093,Instagram,2025-03-08,Não Convertido,,0.0,Moderado,Egypt
240094,E-mail Marketing,2025-03-06,Não Convertido,,0.0,Agressivo,Jamaica
240095,Facebook,2025-03-05,Não Convertido,,0.0,Moderado,Uzbekistan
240096,Google Ads,2025-03-03,Não Convertido,,0.0,Moderado,Austria
240097,WhatsApp,2025-03-04,Não Convertido,,0.0,Desconhecido,Aruba
240098,TikTok,2025-03-08,Não Convertido,,0.0,Moderado,Moldova
240099,E-mail Marketing,2025-03-04,Não Convertido,,0.0,Moderado,Croatia
240100,Google Ads,2025-03-03,Não Convertido,,0.0,Conservador,Christmas Island
240101,WhatsApp,2025-03-06,Não Convertido,,0.0,Moderado,Burundi
240102,Facebook,2025-03-08,Não Convertido,,0.0,Moderado,Libyan Arab Jamahiriya
240103,Instagram,2025-03-07,Não Convertido,,0.0,Agressivo,Brazil
240104,YouTube Ads,2025-03-03,Convertido,22.0,1533.73,Agressivo,Saudi Arabia
240105,Instagram,2025-03-07,Não Convertido,,0.0,Conservador,Netherlands
240106,Orgânico,2025-03-08,Não Convertido,,0.0,Moderado,Austria
240107,Google Ads,2025-03-04,Não Convertido,,0.0,Agressivo,Bolivia
240108,Orgânico,2025-03-05,Não Convertido,,0.0,Agressivo,Germany
240109,Instagram,2025-03-07,Não Convertido,,0.0,Conservador,North Macedonia
240110,E-mail Marketing,2025-03-07,Não Convertido,,0.0,Conservador,Sao Tome and Principe
240111,Indicação,2025-03-05,Não Convertido,,0.0,Moderado,Bolivia
240112,E-mail Marketing,2025-03-03,Não Convertido,,0.0,Desconhecido,Macao
240113,WhatsApp,2025-03-06,Não Convertido,,0.0,Moderado,Croatia
240114,Facebook,2025-03-04,Não Convertido,,0.0,Conservador,Brazil
240115,TikTok,2025-03-08,Não Convertido,,0.0,Moderado,Solomon Islands
240116,Orgânico,2025-03-03,Não Convertido,,0.0,Conservador,Yemen
240117,Facebook,2025-03-06,Não Convertido,,0.0,Agressivo,Japan
240118,TikTok,2025-03-06,Não Convertido,,0.0,Moderado,Qatar
240119,Indicação,2025-03-08,Não Convertido,,0.0,Agressivo,Barbados
240120,Indicação,2025-03-08,Não Convertido,,0.0,Agressivo,Finland
240121,Facebook,2025-03-05,Não Convertido,,0.0,Agressivo,Argentina
240122,Google Ads,2025-03-05,Não Convertido,,0.0,Moderado,British Indian Ocean Territory (Chagos Archipelago)
240123,Google Ads,2025-03-04,Não Convertido,,0.0,Conservador,Tajikistan
240124,TikTok,2025-03-07,Não Convertido,,0.0,Moderado,Saint Barthelemy
240125,Orgânico,2025-03-03,Não Convertido,,0.0,Moderado,Saint Pierre and Miquelon
240126,Google Ads,2025-03-03,Não Convertido,,0.0,Moderado,Fiji
240127,Instagram,2025-03-03,Não Convertido,,0.0,Moderado,Samoa
240128,Google Ads,2025-03-07,Não Convertido,,0.0,Moderado,Guinea-Bissau
240129,Orgânico,2025-03-06,Não Convertido,,0.0,Conservador,Turks and Caicos Islands
240130,E-mail Marketing,2025-03-03,Não Convertido,,0.0,Conservador,Falkland Islands (Malvinas)
240131,Orgânico,2025-03-03,Não Convertido,,0.0,Moderado,Malawi
240132,TikTok,2025-03-08,Não Convertido,,0.0,Conservador,Turkey
240133,TikTok,2025-03-07,Não Convertido,,0.0,Moderado,Turkmenistan
240134,Orgânico,2025-03-04,Convertido,16.0,3887.82,Agressivo,Papua New Guinea
240135,Instagram,2025-03-06,Não Convertido,,0.0,Moderado,Monaco
240136,Facebook,2025-03-04,Não Convertido,,0.0,Moderado,Oman
240137,E-mail Marketing,2025-03-03,Não Convertido,,0.0,Agressivo,Guinea-Bissau
240138,Orgânico,2025-03-06,Não Convertido,,0.0,Moderado,Netherlands
240139,Orgânico,2025-03-04,Não Convertido,,0.0,Agressivo,Luxembourg
240140,Google Ads,2025-03-08,Não Convertido,,0.0,Agressivo,Finland
240141,Facebook,2025-03-06,Não Convertido,,0.0,Desconhecido,Bolivia
240142,TikTok,2025-03-08,Não Convertido,,0.0,Conservador,Paraguay
240143,WhatsApp,2025-03-04,Não Convertido,,0.0,Agressivo,South Africa
240144,Instagram,2025-03-07,Não Convertido,,0.0,Desconhecido,United Arab Emirates
240145,TikTok,2025-03-04,Não Convertido,,0.0,Moderado,Burkina Faso
240146,Facebook,2025-03-05,Não Convertido,,0.0,Agressivo,Guinea
240147,Instagram,2025-03-08,Não Convertido,,0.0,Conservador,Israel
240148,E-mail Marketing,2025-03-07,Não Convertido,,0.0,Moderado,Tokelau
240149,YouTube Ads,2025-03-05,Não Convertido,,0.0,Agressivo,Niger
240150,Orgânico,2025-03-05,Não Convertido,,0.0,Conservador,Oman
240151,Google Ads,2025-03-06,Não Convertido,,0.0,Agressivo,Croatia
240152,TikTok,2025-03-06,Não Convertido,,0.0,Agressivo,Sri Lanka
240153,Google Ads,2025-03-08,Não Convertido,,0.0,Desconhecido,Spain
240154,E-mail Marketing,2025-03-04,Não Convertido,,0.0,Conservador,Libyan Arab Jamahiriya
240155,E-mail Marketing,2025-03-08,Não Convertido,,0.0,Moderado,Turkmenistan
240156,E-mail Marketing,2025-03-05,Não Convertido,,0.0,Conservador,El Salvador
240157,Google Ads,2025-03-08,Não Convertido,,0.0,Moderado,United Arab Emirates
240158,WhatsApp,2025-03-06,Não Convertido,,0.0,Agressivo,Rwanda
240159,WhatsApp,2025-03-06,Não Convertido,,0.0,Moderado,Sweden
240160,E-mail Marketing,2025-03-03,Não Convertido,,0.0,Agressivo,Palestinian Territory
240161,YouTube Ads,2025-03-03,Não Convertido,,0.0,Moderado,Ecuador
240162,YouTube Ads,2025-03-05,Não Convertido,,0.0,Desconhecido,French Guiana
240163,E-mail Marketing,2025-03-03,Não Convertido,,0.0,Agressivo,Mongolia
240164,Instagram,2025-03-04,Não Convertido,,0.0,Moderado,Antarctica (the territory South of 60 deg S)
240165,Orgânico,2025-03-07,Não Convertido,,0.0,Agressivo,Tanzania
240166,Indicação,2025-03-03,Não Convertido,,0.0,Conservador,Korea
240167,Instagram,2025-03-03,Não Convertido,,0.0,Agressivo,New Caledonia
240168,E-mail Marketing,2025-03-06,Não Convertido,,0.0,Conservador,Cape Verde
240169,TikTok,2025-03-06,Não Convertido,,0.0,Agressivo,Togo
240170,Orgânico,2025-03-07,Não Convertido,,0.0,Moderado,Saint Vincent and the Grenadines
240171,YouTube Ads,2025-03-08,Não Convertido,,0.0,Desconhecido,Belgium
240172,E-mail Marketing,2025-03-04,Não Convertido,,0.0,Moderado,Uzbekistan
240173,Instagram,2025-03-07,Não Convertido,,0.0,Moderado,Taiwan
240174,Facebook,2025-03-06,Não Convertido,,0.0,Conservador,Sudan
240175,Instagram,2025-03-04,Não Convertido,,0.0,Agressivo,Iran
240176,Facebook,2025-03-03,Não Convertido,,0.0,Agressivo,Andorra
240177,Instagram,2025-03-03,Não Convertido,,0.0,Agressivo,Malaysia
240178,TikTok,2025-03-04,Não Convertido,,0.0,Desconhecido,Norway
240179,Google Ads,2025-03-06,Não Convertido,,0.0,Conservador,Trinidad and Tobago
240180,TikTok,2025-03-05,Não Convertido,,0.0,Conservador,Bolivia
240181,Orgânico,2025-03-08,Não Convertido,,0.0,Moderado,Mauritania
240182,Google Ads,2025-03-03,Não Convertido,,0.0,Desconhecido,Jordan
240183,TikTok,2025-03-03,Não Convertido,,0.0,Agressivo,Nigeria
240184,TikTok,2025-03-07,Não Convertido,,0.0,Moderado,Burkina Faso
240185,TikTok,2025-03-04,Não Convertido,,0.0,Agressivo,Vietnam
240186,Instagram,2025-03-04,Não Convertido,,0.0,Moderado,France
240187,Indicação,2025-03-03,Não Convertido,,0.0,Moderado,Maldives
240188,Facebook,2025-03-03,Não Convertido,,0.0,Conservador,Bahamas
240189,YouTube Ads,2025-03-03,Não Convertido,,0.0,Moderado,Mozambique
240190,TikTok,2025-03-08,Não Convertido,,0.0,Agressivo,Central African Republic
240191,Instagram,2025-03-04,Não Convertido,,0.0,Agressivo,Faroe Islands
240192,Orgânico,2025-03-04,Não Convertido,,0.0,Conservador,China
240193,WhatsApp,2025-03-05,Convertido,2.0,9772.6,Conservador,Colombia
240194,Google Ads,2025-03-08,Não Convertido,,0.0,Agressivo,Paraguay
240195,Orgânico,2025-03-04,Não Convertido,,0.0,Conservador,Nicaragua
240196,Indicação,2025-03-07,Não Convertido,,0.0,Conservador,Christmas Island
240197,Orgânico,2025-03-04,Não Convertido,,0.0,Conservador,Croatia
240198,Indicação,2025-03-06,Não Convertido,,0.0,Moderado,Equatorial Guinea
240199,Facebook,2025-03-03,Não Convertido,,0.0,Conservador,Japan
240200,Google Ads,2025-03-04,Não Convertido,,0.0,Agressivo,Mexico
240201,TikTok,2025-03-03,Não Convertido,,0.0,Conservador,Saudi Arabia
240202,E-mail Marketing,2025-03-04,Não Convertido,,0.0,Moderado,Singapore
240203,TikTok,2025-03-06,Não Convertido,,0.0,Moderado,Lithuania
240204,Google Ads,2025-03-06,Não Convertido,,0.0,Agressivo,Mozambique
240205,E-mail Marketing,2025-03-07,Não Convertido,,0.0,Moderado,New Caledonia
240206,Orgânico,2025-03-07,Não Convertido,,0.0,Moderado,Colombia
240207,TikTok,2025-03-06,Não Convertido,,0.0,Desconhecido,Niger
240208,TikTok,2025-03-04,Convertido,0.0,9615.82,Moderado,Grenada
240209,TikTok,2025-03-08,Não Convertido,,0.0,Agressivo,Zimbabwe
240210,Orgânico,2025-03-07,Não Convertido,,0.0,Conservador,Vietnam
240211,Facebook,2025-03-04,Convertido,16.0,7839.42,Moderado,Comoros
240212,E-mail Marketing,2025-03-05,Não Convertido,,0.0,Moderado,Saint Vincent and the Grenadines
240213,Google Ads,2025-03-05,Não Convertido,,0.0,Moderado,Grenada
240214,Google Ads,2025-03-05,Não Convertido,,0.0,Desconhecido,Nauru
240215,Google Ads,2025-03-04,Não Convertido,,0.0,Moderado,Palestinian Territory
240216,Indicação,2025-03-04,Não Convertido,,0.0,Desconhecido,Cambodia
240217,TikTok,2025-03-04,Não Convertido,,0.0,Conservador,Tunisia
240218,Indicação,2025-03-08,Não Convertido,,0.0,Agressivo,Palau
240219,Instagram,2025-03-07,Não Convertido,,0.0,Agressivo,Samoa
240220,YouTube Ads,2025-03-07,Não Convertido,,0.0,Moderado,Norway
240221,Orgânico,2025-03-08,Não Convertido,,0.0,Agressivo,Croatia
240222,YouTube Ads,2025-03-05,Não Convertido,,0.0,Desconhecido,Puerto Rico
240223,TikTok,2025-03-05,Não Convertido,,0.0,Conservador,Zimbabwe
240224,TikTok,2025-03-06,Não Convertido,,0.0,Moderado,Sudan
240225,TikTok,2025-03-04,Não Convertido,,0.0,Conservador,Luxembourg
240226,E-mail Marketing,2025-03-08,Não Convertido,,0.0,Agressivo,Oman
240227,YouTube Ads,2025-03-08,Não Convertido,,0.0,Agressivo,Guyana
240228,Orgânico,2025-03-08,Não Convertido,,0.0,Conservador,Guinea-Bissau
240229,E-mail Marketing,2025-03-07,Não Convertido,,0.0,Desconhecido,Bouvet Island (Bouvetoya)
240230,Facebook,2025-03-03,Não Convertido,,0.0,Agressivo,Brunei Darussalam
240231,Facebook,2025-03-04,Não Convertido,,0.0,Conservador,Ukraine
240232,Indicação,2025-03-05,Não Convertido,,0.0,Desconhecido,Central African Republic
240233,TikTok,2025-03-06,Não Convertido,,0.0,Agressivo,Gabon
240234,Google Ads,2025-03-05,Não Convertido,,0.0,Moderado,Montserrat
240235,Google Ads,2025-03-06,Não Convertido,,0.0,Agressivo,Slovakia (Slovak Republic)
240236,Facebook,2025-03-03,Não Convertido,,0.0,Agressivo,Myanmar
240237,E-mail Marketing,2025-03-04,Não Convertido,,0.0,Agressivo,Ireland
240238,WhatsApp,2025-03-08,Não Convertido,,0.0,Moderado,British Indian Ocean Territory (Chagos Archipelago)
240239,WhatsApp,2025-03-07,Não Convertido,,0.0,Desconhecido,Congo
240240,Facebook,2025-03-07,Não Convertido,,0.0,Conservador,Croatia
240241,Orgânico,2025-03-08,Não Convertido,,0.0,Conservador,Eritrea
240242,Orgânico,2025-03-04,Não Convertido,,0.0,Moderado,Martinique
240243,WhatsApp,2025-03-05,Não Convertido,,0.0,Desconhecido,Cook Islands
240244,YouTube Ads,2025-03-05,Não Convertido,,0.0,Agressivo,Niue
240245,YouTube Ads,2025-03-04,Não Convertido,,0.0,Conservador,Korea
240246,TikTok,2025-03-06,Não Convertido,,0.0,Moderado,Afghanistan
240247,TikTok,2025-03-07,Não Convertido,,0.0,Agressivo,Guyana
240248,TikTok,2025-03-04,Não Convertido,,0.0,Moderado,Colombia
240249,WhatsApp,2025-03-04,Convertido,20.0,4359.8,Agressivo,Martinique
240250,Facebook,2025-03-04,Não Convertido,,0.0,Moderado,Pakistan
240251,Orgânico,2025-03-08,Não Convertido,,0.0,Desconhecido,Madagascar
240252,WhatsApp,2025-03-04,Não Convertido,,0.0,Agressivo,France
240253,Instagram,2025-03-08,Não Convertido,,0.0,Moderado,Monaco
240254,Indicação,2025-03-05,Convertido,23.0,8110.7,Conservador,Nepal
240255,TikTok,2025-03-05,Não Convertido,,0.0,Desconhecido,Bahrain
240256,WhatsApp,2025-03-05,Não Convertido,,0.0,Desconhecido,Cook Islands
240257,Instagram,2025-03-03,Não Convertido,,0.0,Agressivo,Cayman Islands
240258,Instagram,2025-03-04,Não Convertido,,0.0,Moderado,Cayman Islands
240259,TikTok,2025-03-04,Não Convertido,,0.0,Desconhecido,Germany
240260,Orgânico,2025-03-06,Não Convertido,,0.0,Conservador,Maldives
240261,Indicação,2025-03-04,Convertido,4.0,9378.18,Moderado,Liberia
240262,Orgânico,2025-03-08,Não Convertido,,0.0,Agressivo,New Zealand
240263,Facebook,2025-03-07,Não Convertido,,0.0,Desconhecido,Nepal
240264,WhatsApp,2025-03-06,Não Convertido,,0.0,Desconhecido,El Salvador
240265,Google Ads,2025-03-05,Não Convertido,,0.0,Agressivo,Bangladesh
240266,Instagram,2025-03-05,Não Convertido,,0.0,Desconhecido,Mauritania
240267,Facebook,2025-03-06,Não Convertido,,0.0,Agressivo,Malawi
240268,WhatsApp,2025-03-03,Não Convertido,,0.0,Agressivo,Bolivia
240269,WhatsApp,2025-03-07,Não Convertido,,0.0,Moderado,Malta
240270,YouTube Ads,2025-03-05,Não Convertido,,0.0,Moderado,Argentina
240271,YouTube Ads,2025-03-05,Não Convertido,,0.0,Agressivo,Hong Kong
240272,Instagram,2025-03-03,Não Convertido,,0.0,Desconhecido,Monaco
240273,Orgânico,2025-03-03,Não Convertido,,0.0,Agressivo,Sweden
240274,Instagram,2025-03-06,Não Convertido,,0.0,Moderado,Nauru
240275,Instagram,2025-03-07,Não Convertido,,0.0,Moderado,Grenada
240276,E-mail Marketing,2025-03-08,Não Convertido,,0.0,Desconhecido,Gambia
240277,Orgânico,2025-03-08,Não Convertido,,0.0,Conservador,Palestinian Territory
240278,Facebook,2025-03-07,Não Convertido,,0.0,Moderado,Poland
240279,Instagram,2025-03-04,Não Convertido,,0.0,Agressivo,Dominican Republic
240280,Instagram,2025-03-08,Não Convertido,,0.0,Agressivo,Niger
240281,Instagram,2025-03-08,Não Convertido,,0.0,Moderado,Seychelles
240282,WhatsApp,2025-03-05,Não Convertido,,0.0,Moderado,Solomon Islands
240283,TikTok,2025-03-04,Não Convertido,,0.0,Moderado,Norway
240284,Facebook,2025-03-04,Não Convertido,,0.0,Conservador,Korea
240285,Instagram,2025-03-08,Não Convertido,,0.0,Conservador,Bolivia
240286,TikTok,2025-03-07,Não Convertido,,0.0,Agressivo,Belize
240287,Orgânico,2025-03-06,Não Convertido,,0.0,Conservador,British Virgin Islands
240288,Google Ads,2025-03-03,Não Convertido,,0.0,Moderado,Ecuador
240289,Orgânico,2025-03-05,Não Convertido,,0.0,Conservador,Sao Tome and Principe
240290,Google Ads,2025-03-07,Não Convertido,,0.0,Conservador,Central African Republic
240291,Indicação,2025-03-03,Não Convertido,,0.0,Agressivo,Paraguay
240292,Orgânico,2025-03-07,Convertido,26.0,9973.62,Desconhecido,Eritrea
240293,Instagram,2025-03-03,Não Convertido,,0.0,Moderado,Comoros
240294,YouTube Ads,2025-03-06,Não Convertido,,0.0,Agressivo,Hungary
240295,Orgânico,2025-03-08,Não Convertido,,0.0,Conservador,Uruguay
240296,E-mail Marketing,2025-03-05,Não Convertido,,0.0,Agressivo,Maldives
240297,TikTok,2025-03-07,Não Convertido,,0.0,Agressivo,Dominica
240298,Orgânico,2025-03-04,Não Convertido,,0.0,Moderado,New Zealand
240299,E-mail Marketing,2025-03-06,Não Convertido,,0.0,Agressivo,Lithuania
240300,Instagram,2025-03-04,Não Convertido,,0.0,Moderado,Heard Island and McDonald Islands
240301,Orgânico,2025-03-03,Não Convertido,,0.0,Conservador,Paraguay
240302,Facebook,2025-03-06,Não Convertido,,0.0,Agressivo,Libyan Arab Jamahiriya
240303,Facebook,2025-03-06,Não Convertido,,0.0,Moderado,Kenya
240304,YouTube Ads,2025-03-04,Não Convertido,,0.0,Conservador,Svalbard & Jan Mayen Islands
240305,Google Ads,2025-03-07,Não Convertido,,0.0,Conservador,Germany
240306,YouTube Ads,2025-03-03,Não Convertido,,0.0,Moderado,Iraq
240307,Orgânico,2025-03-05,Não Convertido,,0.0,Moderado,Angola
240308,Google Ads,2025-03-06,Não Convertido,,0.0,Conservador,Greenland
240309,Facebook,2025-03-08,Não Convertido,,0.0,Agressivo,North Macedonia
240310,Facebook,2025-03-07,Convertido,19.0,7043.46,Desconhecido,Jersey
240311,E-mail Marketing,2025-03-05,Não Convertido,,0.0,Conservador,Mauritius
240312,Instagram,2025-03-03,Não Convertido,,0.0,Agressivo,Holy See (Vatican City State)
240313,E-mail Marketing,2025-03-06,Não Convertido,,0.0,Moderado,Malaysia
240314,YouTube Ads,2025-03-05,Não Convertido,,0.0,Desconhecido,Taiwan
240315,Orgânico,2025-03-07,Não Convertido,,0.0,Agressivo,Puerto Rico
240316,YouTube Ads,2025-03-03,Não Convertido,,0.0,Moderado,Congo
240317,TikTok,2025-03-06,Não Convertido,,0.0,Desconhecido,Denmark
240318,E-mail Marketing,2025-03-04,Não Convertido,,0.0,Moderado,Switzerland
240319,E-mail Marketing,2025-03-05,Não Convertido,,0.0,Moderado,Christmas Island
240320,TikTok,2025-03-05,Não Convertido,,0.0,Conservador,China
240321,Facebook,2025-03-07,Não Convertido,,0.0,Moderado,United Kingdom
240322,Facebook,2025-03-06,Não Convertido,,0.0,Moderado,Saint Helena
240323,WhatsApp,2025-03-08,Não Convertido,,0.0,Conservador,Liechtenstein
240324,Instagram,2025-03-07,Não Convertido,,0.0,Desconhecido,Belarus
240325,TikTok,2025-03-08,Não Convertido,,0.0,Conservador,Cameroon
240326,TikTok,2025-03-06,Não Convertido,,0.0,Moderado,Belgium
240327,YouTube Ads,2025-03-08,Não Convertido,,0.0,Moderado,Cocos (Keeling) Islands
240328,Facebook,2025-03-07,Não Convertido,,0.0,Conservador,Guam
240329,TikTok,2025-03-03,Não Convertido,,0.0,Desconhecido,Dominican Republic
240330,Indicação,2025-03-08,Não Convertido,,0.0,Conservador,Sweden
240331,WhatsApp,2025-03-05,Não Convertido,,0.0,Agressivo,Myanmar
240332,TikTok,2025-03-07,Não Convertido,,0.0,Conservador,Saint Lucia
240333,Orgânico,2025-03-03,Não Convertido,,0.0,Agressivo,Germany
240334,Instagram,2025-03-08,Não Convertido,,0.0,Moderado,South Africa
240335,Facebook,2025-03-06,Não Convertido,,0.0,Agressivo,Cayman Islands
240336,Instagram,2025-03-08,Não Convertido,,0.0,Agressivo,Tonga
240337,WhatsApp,2025-03-05,Não Convertido,,0.0,Agressivo,Slovenia
240338,YouTube Ads,2025-03-04,Convertido,20.0,3225.36,Moderado,New Caledonia
240339,Indicação,2025-03-06,Não Convertido,,0.0,Desconhecido,United States Minor Outlying Islands
240340,Instagram,2025-03-07,Não Convertido,,0.0,Agressivo,Northern Mariana Islands
240341,Instagram,2025-03-08,Não Convertido,,0.0,Desconhecido,French Polynesia
240342,E-mail Marketing,2025-03-04,Não Convertido,,0.0,Agressivo,Timor-Leste
240343,Orgânico,2025-03-04,Não Convertido,,0.0,Moderado,Saint Helena
240344,Instagram,2025-03-03,Não Convertido,,0.0,Agressivo,French Southern Territories
240345,WhatsApp,2025-03-06,Não Convertido,,0.0,Agressivo,Mali
240346,TikTok,2025-03-07,Não Convertido,,0.0,Moderado,Australia
240347,Google Ads,2025-03-06,Não Convertido,,0.0,Agressivo,Gabon
240348,Instagram,2025-03-06,Não Convertido,,0.0,Agressivo,Belgium
240349,YouTube Ads,2025-03-07,Não Convertido,,0.0,Moderado,Algeria
240350,Google Ads,2025-03-07,Não Convertido,,0.0,Desconhecido,Lebanon
240351,WhatsApp,2025-03-04,Não Convertido,,0.0,Agressivo,Libyan Arab Jamahiriya
240352,Facebook,2025-03-03,Não Convertido,,0.0,Conservador,Japan
240353,Google Ads,2025-03-07,Não Convertido,,0.0,Moderado,Italy
240354,Instagram,2025-03-08,Não Convertido,,0.0,Moderado,Martinique
240355,Facebook,2025-03-06,Não Convertido,,0.0,Conservador,Jersey
240356,TikTok,2025-03-04,Não Convertido,,0.0,Agressivo,Holy See (Vatican City State)
240357,Facebook,2025-03-05,Convertido,28.0,3691.71,Desconhecido,Moldova
240358,Facebook,2025-03-06,Não Convertido,,0.0,Conservador,Uganda
240359,Google Ads,2025-03-08,Não Convertido,,0.0,Conservador,Morocco
240360,YouTube Ads,2025-03-03,Não Convertido,,0.0,Conservador,Bulgaria
240361,Indicação,2025-03-06,Não Convertido,,0.0,Agressivo,Netherlands Antilles
240362,WhatsApp,2025-03-06,Não Convertido,,0.0,Moderado,Mozambique
240363,Orgânico,2025-03-03,Não Convertido,,0.0,Conservador,Rwanda
240364,Instagram,2025-03-04,Não Convertido,,0.0,Agressivo,Suriname
240365,Instagram,2025-03-07,Não Convertido,,0.0,Agressivo,Canada
240366,Instagram,2025-03-06,Não Convertido,,0.0,Moderado,Somalia
240367,Google Ads,2025-03-03,Não Convertido,,0.0,Conservador,Mauritius
240368,Orgânico,2025-03-05,Convertido,0.0,5082.87,Conservador,Estonia
240369,Orgânico,2025-03-03,Não Convertido,,0.0,Moderado,Philippines
240370,Orgânico,2025-03-06,Não Convertido,,0.0,Moderado,Malaysia
240371,YouTube Ads,2025-03-07,Não Convertido,,0.0,Agressivo,Cook Islands
240372,Instagram,2025-03-06,Não Convertido,,0.0,Moderado,Belgium
240373,Google Ads,2025-03-07,Não Convertido,,0.0,Agressivo,Mayotte
240374,TikTok,2025-03-08,Convertido,6.0,8784.32,Moderado,Kyrgyz Republic
240375,YouTube Ads,2025-03-03,Não Convertido,,0.0,Moderado,Malaysia
240376,E-mail Marketing,2025-03-03,Não Convertido,,0.0,Desconhecido,Niger
240377,Facebook,2025-03-05,Não Convertido,,0.0,Moderado,Armenia
240378,WhatsApp,2025-03-07,Não Convertido,,0.0,Moderado,Nauru
240379,Google Ads,2025-03-03,Não Convertido,,0.0,Conservador,Malaysia
240380,E-mail Marketing,2025-03-06,Convertido,18.0,8999.18,Agressivo,Solomon Islands
240381,Instagram,2025-03-05,Não Convertido,,0.0,Desconhecido,Rwanda
240382,TikTok,2025-03-07,Não Convertido,,0.0,Moderado,Guernsey
240383,Google Ads,2025-03-04,Não Convertido,,0.0,Moderado,Philippines
240384,Facebook,2025-03-05,Não Convertido,,0.0,Desconhecido,Botswana
240385,E-mail Marketing,2025-03-08,Não Convertido,,0.0,Moderado,Tuvalu
240386,Instagram,2025-03-08,Não Convertido,,0.0,Agressivo,Saint Helena
240387,Facebook,2025-03-05,Não Convertido,,0.0,Moderado,Cyprus
240388,Orgânico,2025-03-07,Não Convertido,,0.0,Moderado,Sweden
240389,Instagram,2025-03-07,Não Convertido,,0.0,Moderado,Eritrea
240390,Facebook,2025-03-05,Não Convertido,,0.0,Moderado,South Georgia and the South Sandwich Islands
240391,Orgânico,2025-03-07,Não Convertido,,0.0,Agressivo,Algeria
240392,Instagram,2025-03-03,Não Convertido,,0.0,Moderado,Tonga
240393,Orgânico,2025-03-04,Não Convertido,,0.0,Moderado,Liberia
240394,Instagram,2025-03-03,Não Convertido,,0.0,Moderado,Isle of Man
240395,E-mail Marketing,2025-03-06,Convertido,24.0,8478.1,Agressivo,Philippines
240396,E-mail Marketing,2025-03-08,Não Convertido,,0.0,Agressivo,Bulgaria
240397,Instagram,2025-03-04,Convertido,16.0,9090.1,Agressivo,Saint Vincent and the Grenadines
240398,TikTok,2025-03-03,Não Convertido,,0.0,Agressivo,Guam
240399,YouTube Ads,2025-03-03,Não Convertido,,0.0,Agressivo,Aruba
240400,Google Ads,2025-03-04,Não Convertido,,0.0,Conservador,Guernsey
240401,WhatsApp,2025-03-04,Não Convertido,,0.0,Moderado,Panama
240402,E-mail Marketing,2025-03-05,Não Convertido,,0.0,Moderado,Uganda
240403,E-mail Marketing,2025-03-07,Não Convertido,,0.0,Agressivo,Norway
240404,Instagram,2025-03-04,Não Convertido,,0.0,Conservador,Serbia
240405,Instagram,2025-03-07,Não Convertido,,0.0,Conservador,Norfolk Island
240406,TikTok,2025-03-06,Não Convertido,,0.0,Agressivo,Ireland
240407,TikTok,2025-03-07,Não Convertido,,0.0,Moderado,Saint Kitts and Nevis
240408,Orgânico,2025-03-05,Não Convertido,,0.0,Desconhecido,Azerbaijan
240409,WhatsApp,2025-03-04,Não Convertido,,0.0,Conservador,Ecuador
240410,Google Ads,2025-03-04,Não Convertido,,0.0,Conservador,Syrian Arab Republic
240411,Instagram,2025-03-03,Não Convertido,,0.0,Moderado,Switzerland
240412,Orgânico,2025-03-06,Não Convertido,,0.0,Moderado,Maldives
240413,Orgânico,2025-03-07,Não Convertido,,0.0,Conservador,Azerbaijan
240414,Orgânico,2025-03-03,Não Convertido,,0.0,Desconhecido,Germany
240415,Orgânico,2025-03-07,Não Convertido,,0.0,Agressivo,Tonga
240416,Orgânico,2025-03-07,Não Convertido,,0.0,Conservador,Netherlands
240417,Instagram,2025-03-03,Não Convertido,,0.0,Moderado,Haiti
240418,TikTok,2025-03-04,Não Convertido,,0.0,Moderado,Algeria
240419,TikTok,2025-03-07,Não Convertido,,0.0,Agressivo,Saint Kitts and Nevis
240420,TikTok,2025-03-05,Não Convertido,,0.0,Agressivo,Iran
240421,WhatsApp,2025-03-03,Não Convertido,,0.0,Moderado,Malawi
240422,YouTube Ads,2025-03-08,Não Convertido,,0.0,Conservador,El Salvador
240423,YouTube Ads,2025-03-07,Não Convertido,,0.0,Conservador,Guatemala
240424,Orgânico,2025-03-05,Não Convertido,,0.0,Moderado,Togo
240425,E-mail Marketing,2025-03-05,Não Convertido,,0.0,Moderado,Micronesia
240426,E-mail Marketing,2025-03-06,Não Convertido,,0.0,Moderado,Heard Island and McDonald Islands
240427,Instagram,2025-03-06,Não Convertido,,0.0,Agressivo,Sudan
240428,Google Ads,2025-03-08,Não Convertido,,0.0,Agressivo,Bermuda
240429,YouTube Ads,2025-03-07,Não Convertido,,0.0,Agressivo,South Africa
240430,E-mail Marketing,2025-03-04,Não Convertido,,0.0,Agressivo,Nicaragua
240431,YouTube Ads,2025-03-03,Não Convertido,,0.0,Agressivo,Guyana
240432,Google Ads,2025-03-05,Convertido,5.0,8095.55,Desconhecido,Jamaica
240433,YouTube Ads,2025-03-04,Não Convertido,,0.0,Agressivo,Canada
240434,YouTube Ads,2025-03-07,Não Convertido,,0.0,Moderado,Heard Island and McDonald Islands
240435,Orgânico,2025-03-04,Não Convertido,,0.0,Agressivo,Turkmenistan
240436,Facebook,2025-03-05,Não Convertido,,0.0,Moderado,Bolivia
240437,Facebook,2025-03-08,Não Convertido,,0.0,Conservador,Brazil
240438,E-mail Marketing,2025-03-07,Não Convertido,,0.0,Moderado,British Indian Ocean Territory (Chagos Archipelago)
240439,WhatsApp,2025-03-07,Não Convertido,,0.0,Conservador,Norway
240440,Instagram,2025-03-05,Não Convertido,,0.0,Moderado,Kenya
240441,Orgânico,2025-03-05,Não Convertido,,0.0,Agressivo,Jordan
240442,Instagram,2025-03-06,Não Convertido,,0.0,Desconhecido,Mongolia
240443,Google Ads,2025-03-04,Não Convertido,,0.0,Agressivo,Mexico
240444,Facebook,2025-03-03,Não Convertido,,0.0,Moderado,British Virgin Islands
240445,YouTube Ads,2025-03-08,Não Convertido,,0.0,Moderado,Uganda
240446,Orgânico,2025-03-07,Não Convertido,,0.0,Conservador,Belize
240447,TikTok,2025-03-05,Não Convertido,,0.0,Conservador,China
240448,WhatsApp,2025-03-03,Não Convertido,,0.0,Agressivo,Sweden
240449,E-mail Marketing,2025-03-08,Não Convertido,,0.0,Moderado,Cuba
240450,Orgânico,2025-03-07,Não Convertido,,0.0,Conservador,Israel
240451,YouTube Ads,2025-03-07,Não Convertido,,0.0,Moderado,Montserrat
240452,YouTube Ads,2025-03-05,Convertido,15.0,4179.87,Moderado,Czech Republic
240453,WhatsApp,2025-03-05,Não Convertido,,0.0,Desconhecido,Panama
240454,TikTok,2025-03-03,Não Convertido,,0.0,Agressivo,Iceland
240455,WhatsApp,2025-03-03,Não Convertido,,0.0,Moderado,Belize
240456,Orgânico,2025-03-08,Não Convertido,,0.0,Conservador,Palestinian Territory
240457,Instagram,2025-03-04,Não Convertido,,0.0,Conservador,Uzbekistan
240458,Google Ads,2025-03-06,Não Convertido,,0.0,Moderado,Palestinian Territory
240459,Instagram,2025-03-07,Não Convertido,,0.0,Moderado,Tuvalu
240460,Orgânico,2025-03-05,Não Convertido,,0.0,Agressivo,Ghana
240461,Instagram,2025-03-06,Não Convertido,,0.0,Desconhecido,Grenada
240462,Instagram,2025-03-04,Não Convertido,,0.0,Desconhecido,India
240463,YouTube Ads,2025-03-08,Não Convertido,,0.0,Conservador,Latvia
240464,Facebook,2025-03-08,Não Convertido,,0.0,Agressivo,Sierra Leone
240465,Orgânico,2025-03-04,Não Convertido,,0.0,Desconhecido,Morocco
240466,Orgânico,2025-03-07,Não Convertido,,0.0,Moderado,Cape Verde
240467,TikTok,2025-03-08,Não Convertido,,0.0,Conservador,Australia
240468,Orgânico,2025-03-04,Não Convertido,,0.0,Moderado,Togo
240469,Facebook,2025-03-03,Não Convertido,,0.0,Conservador,Guinea
240470,Orgânico,2025-03-04,Não Convertido,,0.0,Agressivo,Cocos (Keeling) Islands
240471,Google Ads,2025-03-07,Não Convertido,,0.0,Conservador,Norfolk Island
240472,Instagram,2025-03-08,Não Convertido,,0.0,Agressivo,Georgia
240473,Instagram,2025-03-07,Não Convertido,,0.0,Moderado,Chad
240474,YouTube Ads,2025-03-06,Não Convertido,,0.0,Moderado,Angola
240475,E-mail Marketing,2025-03-08,Não Convertido,,0.0,Conservador,Czech Republic
240476,Instagram,2025-03-03,Não Convertido,,0.0,Agressivo,Djibouti
240477,WhatsApp,2025-03-06,Não Convertido,,0.0,Moderado,Burundi
240478,Instagram,2025-03-08,Não Convertido,,0.0,Conservador,Palau
240479,WhatsApp,2025-03-04,Não Convertido,,0.0,Moderado,Bangladesh
240480,TikTok,2025-03-07,Não Convertido,,0.0,Moderado,Ghana
240481,Orgânico,2025-03-04,Não Convertido,,0.0,Moderado,Nigeria
240482,Orgânico,2025-03-08,Não Convertido,,0.0,Agressivo,United Arab Emirates
240483,Google Ads,2025-03-07,Não Convertido,,0.0,Moderado,Saint Lucia
240484,Indicação,2025-03-07,Não Convertido,,0.0,Conservador,Chad
240485,Facebook,2025-03-04,Não Convertido,,0.0,Conservador,Vietnam
240486,YouTube Ads,2025-03-05,Não Convertido,,0.0,Agressivo,Bulgaria
240487,TikTok,2025-03-07,Não Convertido,,0.0,Moderado,Burundi
240488,Instagram,2025-03-03,Não Convertido,,0.0,Moderado,Seychelles
240489,Instagram,2025-03-05,Não Convertido,,0.0,Desconhecido,Mali
240490,YouTube Ads,2025-03-06,Não Convertido,,0.0,Moderado,Jersey
240491,E-mail Marketing,2025-03-08,Não Convertido,,0.0,Moderado,Bahrain
240492,YouTube Ads,2025-03-07,Não Convertido,,0.0,Moderado,Suriname
240493,Instagram,2025-03-07,Não Convertido,,0.0,Agressivo,Slovakia (Slovak Republic)
240494,WhatsApp,2025-03-06,Não Convertido,,0.0,Agressivo,Somalia
240495,Orgânico,2025-03-07,Não Convertido,,0.0,Moderado,Myanmar
240496,E-mail Marketing,2025-03-07,Não Convertido,,0.0,Moderado,Colombia
240497,Instagram,2025-03-08,Não Convertido,,0.0,Agressivo,Cocos (Keeling) Islands
240498,TikTok,2025-03-05,Não Convertido,,0.0,Agressivo,Vietnam
240499,Orgânico,2025-03-08,Não Convertido,,0.0,Conservador,Brunei Darussalam
240500,TikTok,2025-03-08,Não Convertido,,0.0,Moderado,Saint Kitts and Nevis
240501,Facebook,2025-03-05,Não Convertido,,0.0,Moderado,Malta
240502,Indicação,2025-03-04,Não Convertido,,0.0,Agressivo,Guam
240503,YouTube Ads,2025-03-04,Não Convertido,,0.0,Agressivo,India
240504,Orgânico,2025-03-08,Não Convertido,,0.0,Moderado,Chad
240505,WhatsApp,2025-03-07,Não Convertido,,0.0,Desconhecido,Burundi
240506,Facebook,2025-03-03,Não Convertido,,0.0,Moderado,Korea
240507,TikTok,2025-03-05,Não Convertido,,0.0,Moderado,Macao
240508,TikTok,2025-03-05,Não Convertido,,0.0,Conservador,Benin
240509,Orgânico,2025-03-04,Não Convertido,,0.0,Agressivo,Bhutan
240510,TikTok,2025-03-03,Não Convertido,,0.0,Agressivo,Svalbard & Jan Mayen Islands
240511,Facebook,2025-03-08,Não Convertido,,0.0,Agressivo,Turkey
240512,TikTok,2025-03-03,Não Convertido,,0.0,Moderado,Nigeria
240513,Facebook,2025-03-03,Não Convertido,,0.0,Desconhecido,Saint Lucia
240514,TikTok,2025-03-05,Não Convertido,,0.0,Conservador,Colombia
240515,Facebook,2025-03-04,Não Convertido,,0.0,Moderado,Zimbabwe
240516,TikTok,2025-03-08,Não Convertido,,0.0,Moderado,Algeria
240517,Indicação,2025-03-06,Não Convertido,,0.0,Agressivo,Russian Federation
240518,Facebook,2025-03-04,Não Convertido,,0.0,Moderado,Jersey
240519,Instagram,2025-03-05,Não Convertido,,0.0,Agressivo,Dominican Republic
240520,Instagram,2025-03-07,Não Convertido,,0.0,Moderado,Mauritius
240521,Instagram,2025-03-08,Não Convertido,,0.0,Agressivo,Myanmar
240522,Google Ads,2025-03-05,Não Convertido,,0.0,Conservador,Northern Mariana Islands
240523,Google Ads,2025-03-04,Não Convertido,,0.0,Agressivo,Moldova
240524,WhatsApp,2025-03-03,Não Convertido,,0.0,Conservador,Philippines
240525,E-mail Marketing,2025-03-04,Não Convertido,,0.0,Moderado,Korea
240526,Orgânico,2025-03-04,Não Convertido,,0.0,Moderado,Montenegro
240527,WhatsApp,2025-03-06,Não Convertido,,0.0,Conservador,Turkmenistan
240528,Instagram,2025-03-05,Não Convertido,,0.0,Moderado,Sri Lanka
240529,Instagram,2025-03-04,Não Convertido,,0.0,Conservador,Heard Island and McDonald Islands
240530,Orgânico,2025-03-08,Não Convertido,,0.0,Agressivo,Libyan Arab Jamahiriya
240531,Orgânico,2025-03-04,Não Convertido,,0.0,Agressivo,Haiti
240532,Orgânico,2025-03-07,Não Convertido,,0.0,Moderado,Montserrat
240533,Google Ads,2025-03-04,Não Convertido,,0.0,Agressivo,Barbados
240534,TikTok,2025-03-07,Não Convertido,,0.0,Moderado,Georgia
240535,Instagram,2025-03-06,Não Convertido,,0.0,Moderado,Bouvet Island (Bouvetoya)
240536,Orgânico,2025-03-08,Não Convertido,,0.0,Conservador,Togo
240537,Instagram,2025-03-07,Não Convertido,,0.0,Conservador,Guinea-Bissau
240538,Orgânico,2025-03-05,Não Convertido,,0.0,Agressivo,Algeria
240539,YouTube Ads,2025-03-07,Convertido,1.0,4434.52,Conservador,Holy See (Vatican City State)
240540,WhatsApp,2025-03-03,Não Convertido,,0.0,Agressivo,Grenada
240541,Google Ads,2025-03-03,Não Convertido,,0.0,Moderado,Mali
240542,E-mail Marketing,2025-03-07,Não Convertido,,0.0,Moderado,Paraguay
240543,Google Ads,2025-03-08,Não Convertido,,0.0,Moderado,Burkina Faso
240544,Orgânico,2025-03-06,Não Convertido,,0.0,Desconhecido,Jordan
240545,YouTube Ads,2025-03-07,Não Convertido,,0.0,Agressivo,Albania
240546,TikTok,2025-03-07,Não Convertido,,0.0,Conservador,Guernsey
240547,Instagram,2025-03-03,Não Convertido,,0.0,Conservador,Kenya
240548,E-mail Marketing,2025-03-03,Não Convertido,,0.0,Agressivo,Jordan
240549,E-mail Marketing,2025-03-08,Não Convertido,,0.0,Agressivo,Malta
240550,Orgânico,2025-03-06,Não Convertido,,0.0,Moderado,Kenya
240551,Instagram,2025-03-08,Convertido,1.0,584.12,Conservador,Cook Islands
240552,E-mail Marketing,2025-03-04,Não Convertido,,0.0,Agressivo,Senegal
240553,WhatsApp,2025-03-03,Não Convertido,,0.0,Moderado,Micronesia
240554,Orgânico,2025-03-04,Não Convertido,,0.0,Desconhecido,New Caledonia
240555,Orgânico,2025-03-03,Não Convertido,,0.0,Conservador,Bhutan
240556,Orgânico,2025-03-06,Não Convertido,,0.0,Desconhecido,Australia
240557,Google Ads,2025-03-06,Não Convertido,,0.0,Desconhecido,Croatia
240558,Instagram,2025-03-06,Não Convertido,,0.0,Agressivo,Uzbekistan
240559,Google Ads,2025-03-04,Não Convertido,,0.0,Moderado,Maldives
240560,Google Ads,2025-03-08,Não Convertido,,0.0,Agressivo,United States of America
240561,E-mail Marketing,2025-03-05,Não Convertido,,0.0,Agressivo,Kyrgyz Republic
240562,TikTok,2025-03-06,Não Convertido,,0.0,Agressivo,Tanzania
240563,WhatsApp,2025-03-04,Não Convertido,,0.0,Moderado,Iceland
240564,TikTok,2025-03-04,Não Convertido,,0.0,Conservador,Greece
240565,Instagram,2025-03-03,Não Convertido,,0.0,Moderado,Slovenia
240566,Google Ads,2025-03-06,Não Convertido,,0.0,Conservador,Guatemala
240567,WhatsApp,2025-03-08,Não Convertido,,0.0,Desconhecido,Zimbabwe
240568,Orgânico,2025-03-03,Não Convertido,,0.0,Moderado,Denmark
240569,E-mail Marketing,2025-03-07,Não Convertido,,0.0,Moderado,Mali
240570,YouTube Ads,2025-03-08,Não Convertido,,0.0,Moderado,Myanmar
240571,Instagram,2025-03-08,Não Convertido,,0.0,Moderado,Seychelles
240572,Facebook,2025-03-08,Não Convertido,,0.0,Agressivo,Czech Republic
240573,Indicação,2025-03-04,Não Convertido,,0.0,Conservador,Mauritania
240574,E-mail Marketing,2025-03-08,Não Convertido,,0.0,Desconhecido,Syrian Arab Republic
240575,Orgânico,2025-03-05,Não Convertido,,0.0,Agressivo,Eritrea
240576,WhatsApp,2025-03-08,Não Convertido,,0.0,Desconhecido,Chad
240577,TikTok,2025-03-05,Não Convertido,,0.0,Moderado,Hungary
240578,Instagram,2025-03-05,Não Convertido,,0.0,Agressivo,Cyprus
240579,Facebook,2025-03-07,Não Convertido,,0.0,Agressivo,Palestinian Territory
240580,Orgânico,2025-03-05,Não Convertido,,0.0,Agressivo,Senegal
240581,Indicação,2025-03-06,Não Convertido,,0.0,Moderado,Singapore
240582,Facebook,2025-03-05,Não Convertido,,0.0,Conservador,United States Virgin Islands
240583,Orgânico,2025-03-05,Não Convertido,,0.0,Moderado,Comoros
240584,Orgânico,2025-03-04,Não Convertido,,0.0,Moderado,Kenya
240585,Instagram,2025-03-08,Não Convertido,,0.0,Conservador,Belgium
240586,E-mail Marketing,2025-03-07,Não Convertido,,0.0,Agressivo,Saint Barthelemy
240587,TikTok,2025-03-05,Não Convertido,,0.0,Agressivo,Zimbabwe
240588,WhatsApp,2025-03-07,Não Convertido,,0.0,Moderado,Kazakhstan
240589,Orgânico,2025-03-03,Não Convertido,,0.0,Moderado,Belarus
240590,TikTok,2025-03-04,Convertido,18.0,2278.47,Desconhecido,Montenegro
240591,Orgânico,2025-03-08,Não Convertido,,0.0,Moderado,Korea
240592,Instagram,2025-03-07,Não Convertido,,0.0,Agressivo,Haiti
240593,TikTok,2025-03-06,Não Convertido,,0.0,Moderado,Armenia
240594,TikTok,2025-03-03,Não Convertido,,0.0,Desconhecido,Norway
240595,Instagram,2025-03-05,Não Convertido,,0.0,Moderado,Colombia
240596,E-mail Marketing,2025-03-06,Não Convertido,,0.0,Moderado,Brunei Darussalam
240597,Orgânico,2025-03-05,Não Convertido,,0.0,Agressivo,Lebanon
240598,TikTok,2025-03-04,Não Convertido,,0.0,Moderado,Mali
240599,Orgânico,2025-03-06,Não Convertido,,0.0,Agressivo,Saint Helena
240600,Facebook,2025-03-04,Não Convertido,,0.0,Conservador,Sri Lanka
240601,TikTok,2025-03-08,Não Convertido,,0.0,Conservador,Uganda
240602,YouTube Ads,2025-03-04,Não Convertido,,0.0,Moderado,United States Virgin Islands
240603,Orgânico,2025-03-04,Não Convertido,,0.0,Agressivo,South Georgia and the South Sandwich Islands
240604,Facebook,2025-03-08,Não Convertido,,0.0,Agressivo,Montenegro
240605,TikTok,2025-03-06,Não Convertido,,0.0,Moderado,Tuvalu
240606,TikTok,2025-03-08,Convertido,27.0,2920.82,Conservador,Pitcairn Islands
240607,E-mail Marketing,2025-03-03,Não Convertido,,0.0,Moderado,Australia
240608,WhatsApp,2025-03-03,Não Convertido,,0.0,Conservador,Pitcairn Islands
240609,WhatsApp,2025-03-06,Não Convertido,,0.0,Conservador,Cote d'Ivoire
240610,Indicação,2025-03-03,Não Convertido,,0.0,Moderado,Oman
240611,E-mail Marketing,2025-03-06,Não Convertido,,0.0,Moderado,Saint Helena
240612,E-mail Marketing,2025-03-05,Não Convertido,,0.0,Desconhecido,Andorra
240613,WhatsApp,2025-03-07,Não Convertido,,0.0,Moderado,Norfolk Island
240614,WhatsApp,2025-03-04,Convertido,20.0,8324.5,Moderado,Madagascar
240615,Indicação,2025-03-06,Não Convertido,,0.0,Moderado,Cote d'Ivoire
240616,Google Ads,2025-03-06,Não Convertido,,0.0,Agressivo,Israel
240617,Google Ads,2025-03-04,Não Convertido,,0.0,Moderado,Zimbabwe
240618,E-mail Marketing,2025-03-07,Não Convertido,,0.0,Moderado,Cook Islands
240619,Facebook,2025-03-06,Não Convertido,,0.0,Moderado,Haiti
240620,Google Ads,2025-03-07,Não Convertido,,0.0,Agressivo,Estonia
240621,Orgânico,2025-03-05,Não Convertido,,0.0,Moderado,Cuba
240622,E-mail Marketing,2025-03-03,Não Convertido,,0.0,Conservador,Netherlands
240623,E-mail Marketing,2025-03-04,Não Convertido,,0.0,Moderado,Moldova
240624,E-mail Marketing,2025-03-05,Não Convertido,,0.0,Moderado,Brunei Darussalam
240625,Instagram,2025-03-05,Não Convertido,,0.0,Desconhecido,Egypt
240626,WhatsApp,2025-03-07,Não Convertido,,0.0,Moderado,Turkey
240627,Instagram,2025-03-05,Não Convertido,,0.0,Desconhecido,Ecuador
240628,Instagram,2025-03-05,Não Convertido,,0.0,Moderado,Mayotte
240629,E-mail Marketing,2025-03-04,Não Convertido,,0.0,Agressivo,Belize
240630,Orgânico,2025-03-04,Não Convertido,,0.0,Desconhecido,Denmark
240631,YouTube Ads,2025-03-03,Não Convertido,,0.0,Agressivo,Macao
240632,Google Ads,2025-03-03,Não Convertido,,0.0,Agressivo,French Southern Territories
240633,E-mail Marketing,2025-03-04,Não Convertido,,0.0,Desconhecido,Yemen
240634,Google Ads,2025-03-05,Não Convertido,,0.0,Conservador,Kiribati
240635,Orgânico,2025-03-04,Convertido,6.0,1662.5,Agressivo,Saint Vincent and the Grenadines
240636,E-mail Marketing,2025-03-05,Não Convertido,,0.0,Conservador,Christmas Island
240637,Orgânico,2025-03-06,Não Convertido,,0.0,Agressivo,New Caledonia
240638,Google Ads,2025-03-06,Não Convertido,,0.0,Agressivo,Hong Kong
240639,Indicação,2025-03-06,Não Convertido,,0.0,Agressivo,Ethiopia
240640,YouTube Ads,2025-03-05,Não Convertido,,0.0,Agressivo,Kiribati
240641,Facebook,2025-03-07,Não Convertido,,0.0,Conservador,Saudi Arabia
240642,Orgânico,2025-03-06,Não Convertido,,0.0,Moderado,Kiribati
240643,TikTok,2025-03-07,Não Convertido,,0.0,Moderado,Botswana
240644,Instagram,2025-03-06,Não Convertido,,0.0,Agressivo,Central African Republic
240645,E-mail Marketing,2025-03-06,Não Convertido,,0.0,Agressivo,Vietnam
240646,Orgânico,2025-03-03,Não Convertido,,0.0,Moderado,Bangladesh
240647,TikTok,2025-03-06,Convertido,7.0,779.78,Moderado,Jamaica
240648,YouTube Ads,2025-03-06,Não Convertido,,0.0,Conservador,Guyana
240649,E-mail Marketing,2025-03-04,Não Convertido,,0.0,Agressivo,Niger
240650,WhatsApp,2025-03-07,Não Convertido,,0.0,Moderado,Korea
240651,Instagram,2025-03-08,Não Convertido,,0.0,Moderado,Kiribati
240652,E-mail Marketing,2025-03-03,Não Convertido,,0.0,Conservador,Wallis and Futuna
240653,Orgânico,2025-03-03,Não Convertido,,0.0,Agressivo,El Salvador
240654,E-mail Marketing,2025-03-07,Não Convertido,,0.0,Moderado,Guinea-Bissau
240655,Google Ads,2025-03-04,Não Convertido,,0.0,Agressivo,United Kingdom
240656,Indicação,2025-03-03,Não Convertido,,0.0,Agressivo,Paraguay
240657,E-mail Marketing,2025-03-08,Não Convertido,,0.0,Agressivo,Saint Martin
240658,Orgânico,2025-03-08,Não Convertido,,0.0,Agressivo,Maldives
240659,WhatsApp,2025-03-04,Não Convertido,,0.0,Moderado,Ireland
240660,Orgânico,2025-03-08,Não Convertido,,0.0,Conservador,Nicaragua
240661,Instagram,2025-03-07,Não Convertido,,0.0,Moderado,Guinea
240662,Indicação,2025-03-08,Não Convertido,,0.0,Agressivo,Angola
240663,Instagram,2025-03-04,Não Convertido,,0.0,Desconhecido,Solomon Islands
240664,WhatsApp,2025-03-08,Não Convertido,,0.0,Agressivo,Ireland
240665,Indicação,2025-03-08,Não Convertido,,0.0,Conservador,Afghanistan
240666,TikTok,2025-03-07,Não Convertido,,0.0,Moderado,Ireland
240667,E-mail Marketing,2025-03-04,Não Convertido,,0.0,Conservador,French Polynesia
240668,Instagram,2025-03-03,Não Convertido,,0.0,Desconhecido,Malaysia
240669,E-mail Marketing,2025-03-04,Não Convertido,,0.0,Moderado,Cambodia
240670,TikTok,2025-03-05,Não Convertido,,0.0,Conservador,United Arab Emirates
240671,Orgânico,2025-03-04,Não Convertido,,0.0,Moderado,Uganda
240672,Instagram,2025-03-03,Não Convertido,,0.0,Moderado,Ecuador
240673,Orgânico,2025-03-06,Não Convertido,,0.0,Moderado,Falkland Islands (Malvinas)
240674,TikTok,2025-03-05,Não Convertido,,0.0,Agressivo,Egypt
240675,Orgânico,2025-03-06,Convertido,18.0,1989.34,Conservador,Bulgaria
240676,Orgânico,2025-03-06,Não Convertido,,0.0,Moderado,Sao Tome and Principe
240677,YouTube Ads,2025-03-08,Convertido,10.0,1866.45,Moderado,Jersey
240678,Instagram,2025-03-05,Não Convertido,,0.0,Conservador,Botswana
240679,Facebook,2025-03-07,Não Convertido,,0.0,Conservador,Saint Lucia
240680,Indicação,2025-03-07,Não Convertido,,0.0,Desconhecido,Austria
240681,YouTube Ads,2025-03-08,Não Convertido,,0.0,Moderado,Saint Barthelemy
240682,Google Ads,2025-03-04,Não Convertido,,0.0,Agressivo,Mauritius
240683,Orgânico,2025-03-08,Não Convertido,,0.0,Moderado,Argentina
240684,Orgânico,2025-03-04,Não Convertido,,0.0,Agressivo,Micronesia
240685,Indicação,2025-03-04,Não Convertido,,0.0,Desconhecido,India
240686,E-mail Marketing,2025-03-05,Não Convertido,,0.0,Agressivo,Congo
240687,Facebook,2025-03-04,Não Convertido,,0.0,Desconhecido,Congo
240688,TikTok,2025-03-08,Não Convertido,,0.0,Moderado,Canada
240689,Instagram,2025-03-07,Não Convertido,,0.0,Conservador,Nicaragua
240690,Orgânico,2025-03-06,Não Convertido,,0.0,Conservador,North Macedonia
240691,E-mail Marketing,2025-03-05,Não Convertido,,0.0,Moderado,Albania
240692,YouTube Ads,2025-03-08,Não Convertido,,0.0,Moderado,French Southern Territories
240693,YouTube Ads,2025-03-07,Não Convertido,,0.0,Moderado,British Virgin Islands
240694,Orgânico,2025-03-06,Não Convertido,,0.0,Moderado,Saint Barthelemy
240695,TikTok,2025-03-08,Não Convertido,,0.0,Moderado,Vietnam
240696,Orgânico,2025-03-03,Não Convertido,,0.0,Desconhecido,Suriname
240697,Instagram,2025-03-07,Não Convertido,,0.0,Moderado,Lebanon
240698,Instagram,2025-03-07,Não Convertido,,0.0,Agressivo,Greece
240699,Google Ads,2025-03-03,Não Convertido,,0.0,Moderado,Qatar
240700,Facebook,2025-03-07,Não Convertido,,0.0,Moderado,Macao
240701,WhatsApp,2025-03-07,Não Convertido,,0.0,Conservador,Antigua and Barbuda
240702,TikTok,2025-03-04,Não Convertido,,0.0,Agressivo,Switzerland
240703,Google Ads,2025-03-06,Não Convertido,,0.0,Moderado,Australia
240704,WhatsApp,2025-03-07,Não Convertido,,0.0,Moderado,Greenland
240705,E-mail Marketing,2025-03-08,Não Convertido,,0.0,Moderado,Egypt
240706,YouTube Ads,2025-03-06,Não Convertido,,0.0,Desconhecido,Nigeria
240707,E-mail Marketing,2025-03-08,Não Convertido,,0.0,Conservador,Western Sahara
240708,E-mail Marketing,2025-03-07,Não Convertido,,0.0,Agressivo,Haiti
240709,Google Ads,2025-03-04,Não Convertido,,0.0,Agressivo,Mali
240710,WhatsApp,2025-03-08,Não Convertido,,0.0,Agressivo,Guinea-Bissau
240711,Instagram,2025-03-03,Não Convertido,,0.0,Moderado,Lithuania
240712,TikTok,2025-03-04,Não Convertido,,0.0,Moderado,French Polynesia
240713,Google Ads,2025-03-05,Não Convertido,,0.0,Moderado,Bangladesh
240714,Instagram,2025-03-04,Não Convertido,,0.0,Conservador,Micronesia
240715,Facebook,2025-03-04,Não Convertido,,0.0,Conservador,Guyana
240716,TikTok,2025-03-05,Não Convertido,,0.0,Moderado,Andorra
240717,Orgânico,2025-03-06,Não Convertido,,0.0,Moderado,Tunisia
240718,Instagram,2025-03-05,Não Convertido,,0.0,Moderado,Armenia
240719,Instagram,2025-03-08,Não Convertido,,0.0,Moderado,Antarctica (the territory South of 60 deg S)
240720,E-mail Marketing,2025-03-06,Não Convertido,,0.0,Desconhecido,Jamaica
240721,YouTube Ads,2025-03-07,Não Convertido,,0.0,Agressivo,Western Sahara
240722,Orgânico,2025-03-05,Não Convertido,,0.0,Desconhecido,Spain
240723,Indicação,2025-03-07,Não Convertido,,0.0,Moderado,Latvia
240724,E-mail Marketing,2025-03-07,Não Convertido,,0.0,Moderado,Germany
240725,E-mail Marketing,2025-03-05,Não Convertido,,0.0,Moderado,Sudan
240726,TikTok,2025-03-04,Não Convertido,,0.0,Moderado,Colombia
240727,WhatsApp,2025-03-07,Não Convertido,,0.0,Conservador,Aruba
240728,TikTok,2025-03-04,Não Convertido,,0.0,Moderado,Grenada
240729,TikTok,2025-03-07,Não Convertido,,0.0,Conservador,Gibraltar
240730,Facebook,2025-03-06,Não Convertido,,0.0,Conservador,Cuba
240731,Instagram,2025-03-04,Não Convertido,,0.0,Desconhecido,Syrian Arab Republic
240732,TikTok,2025-03-08,Convertido,21.0,6043.61,Agressivo,Guernsey
240733,YouTube Ads,2025-03-05,Não Convertido,,0.0,Conservador,Bosnia and Herzegovina
240734,YouTube Ads,2025-03-06,Não Convertido,,0.0,Agressivo,Antarctica (the territory South of 60 deg S)
240735,E-mail Marketing,2025-03-07,Não Convertido,,0.0,Conservador,Jamaica
240736,TikTok,2025-03-05,Não Convertido,,0.0,Desconhecido,Saint Barthelemy
240737,Google Ads,2025-03-08,Não Convertido,,0.0,Agressivo,France
240738,E-mail Marketing,2025-03-07,Não Convertido,,0.0,Moderado,Panama
240739,Facebook,2025-03-03,Não Convertido,,0.0,Conservador,United Arab Emirates
240740,TikTok,2025-03-03,Não Convertido,,0.0,Conservador,Ecuador
240741,E-mail Marketing,2025-03-08,Não Convertido,,0.0,Moderado,Ireland
240742,E-mail Marketing,2025-03-04,Não Convertido,,0.0,Agressivo,Kenya
240743,Google Ads,2025-03-06,Não Convertido,,0.0,Moderado,Mali
240744,Google Ads,2025-03-03,Não Convertido,,0.0,Moderado,Kyrgyz Republic
240745,TikTok,2025-03-03,Não Convertido,,0.0,Moderado,Uganda
240746,Google Ads,2025-03-04,Não Convertido,,0.0,Moderado,Solomon Islands
240747,TikTok,2025-03-08,Não Convertido,,0.0,Agressivo,Vanuatu
240748,YouTube Ads,2025-03-03,Não Convertido,,0.0,Conservador,Sri Lanka
240749,Facebook,2025-03-05,Não Convertido,,0.0,Conservador,Zimbabwe
240750,YouTube Ads,2025-03-06,Não Convertido,,0.0,Moderado,Eritrea
240751,E-mail Marketing,2025-03-06,Convertido,0.0,68.72,Moderado,Pitcairn Islands
240752,E-mail Marketing,2025-03-08,Não Convertido,,0.0,Agressivo,France
240753,TikTok,2025-03-07,Não Convertido,,0.0,Moderado,Svalbard & Jan Mayen Islands
240754,YouTube Ads,2025-03-08,Não Convertido,,0.0,Moderado,Colombia
240755,YouTube Ads,2025-03-05,Não Convertido,,0.0,Agressivo,Sierra Leone
240756,Orgânico,2025-03-04,Convertido,15.0,9336.13,Agressivo,Burundi
240757,TikTok,2025-03-05,Não Convertido,,0.0,Conservador,Reunion
240758,Orgânico,2025-03-07,Não Convertido,,0.0,Moderado,Georgia
240759,Instagram,2025-03-08,Não Convertido,,0.0,Moderado,Romania
240760,Instagram,2025-03-05,Não Convertido,,0.0,Moderado,Mali
240761,TikTok,2025-03-05,Não Convertido,,0.0,Agressivo,Latvia
240762,Orgânico,2025-03-06,Convertido,12.0,3198.29,Desconhecido,Cameroon
240763,Orgânico,2025-03-08,Não Convertido,,0.0,Moderado,Seychelles
240764,WhatsApp,2025-03-06,Não Convertido,,0.0,Agressivo,Denmark
240765,Google Ads,2025-03-04,Convertido,18.0,826.02,Moderado,Serbia
240766,Google Ads,2025-03-04,Não Convertido,,0.0,Desconhecido,Latvia
240767,WhatsApp,2025-03-06,Não Convertido,,0.0,Agressivo,Christmas Island
240768,Facebook,2025-03-08,Não Convertido,,0.0,Desconhecido,Ecuador
240769,TikTok,2025-03-08,Não Convertido,,0.0,Conservador,Syrian Arab Republic
240770,Instagram,2025-03-05,Não Convertido,,0.0,Moderado,British Virgin Islands
240771,WhatsApp,2025-03-08,Não Convertido,,0.0,Agressivo,Timor-Leste
240772,Orgânico,2025-03-05,Não Convertido,,0.0,Moderado,Andorra
240773,TikTok,2025-03-05,Não Convertido,,0.0,Moderado,Bosnia and Herzegovina
240774,E-mail Marketing,2025-03-06,Não Convertido,,0.0,Conservador,Ecuador
240775,Orgânico,2025-03-05,Não Convertido,,0.0,Desconhecido,Liechtenstein
240776,WhatsApp,2025-03-08,Não Convertido,,0.0,Agressivo,Kazakhstan
240777,WhatsApp,2025-03-05,Convertido,22.0,9059.16,Conservador,Maldives
240778,Orgânico,2025-03-03,Não Convertido,,0.0,Desconhecido,Northern Mariana Islands
240779,WhatsApp,2025-03-04,Não Convertido,,0.0,Agressivo,Chile
240780,Indicação,2025-03-05,Não Convertido,,0.0,Moderado,Romania
240781,Instagram,2025-03-05,Não Convertido,,0.0,Moderado,Mexico
240782,Instagram,2025-03-05,Não Convertido,,0.0,Moderado,Mauritius
240783,Orgânico,2025-03-07,Não Convertido,,0.0,Desconhecido,Senegal
240784,TikTok,2025-03-06,Não Convertido,,0.0,Agressivo,Mauritius
240785,Orgânico,2025-03-08,Não Convertido,,0.0,Conservador,Qatar
240786,Orgânico,2025-03-08,Não Convertido,,0.0,Moderado,Hungary
240787,Instagram,2025-03-08,Não Convertido,,0.0,Agressivo,Malawi
240788,E-mail Marketing,2025-03-08,Não Convertido,,0.0,Moderado,Armenia
240789,TikTok,2025-03-08,Não Convertido,,0.0,Moderado,Lao People's Democratic Republic
240790,Google Ads,2025-03-08,Não Convertido,,0.0,Moderado,New Zealand
240791,Indicação,2025-03-05,Não Convertido,,0.0,Conservador,Portugal
240792,Instagram,2025-03-03,Não Convertido,,0.0,Conservador,Lebanon
240793,Facebook,2025-03-06,Não Convertido,,0.0,Agressivo,Nauru
240794,E-mail Marketing,2025-03-07,Convertido,21.0,5761.88,Agressivo,Cayman Islands
240795,Instagram,2025-03-03,Não Convertido,,0.0,Agressivo,Albania
240796,TikTok,2025-03-08,Não Convertido,,0.0,Agressivo,Ukraine
240797,Facebook,2025-03-06,Não Convertido,,0.0,Agressivo,Malta
240798,Facebook,2025-03-06,Não Convertido,,0.0,Moderado,Czech Republic
240799,Google Ads,2025-03-04,Não Convertido,,0.0,Moderado,Tokelau
240800,Orgânico,2025-03-03,Não Convertido,,0.0,Agressivo,South Georgia and the South Sandwich Islands
240801,E-mail Marketing,2025-03-04,Não Convertido,,0.0,Desconhecido,Madagascar
240802,Instagram,2025-03-03,Não Convertido,,0.0,Moderado,Isle of Man
240803,E-mail Marketing,2025-03-05,Não Convertido,,0.0,Moderado,Jersey
240804,Instagram,2025-03-04,Não Convertido,,0.0,Agressivo,Greenland
240805,Indicação,2025-03-04,Não Convertido,,0.0,Desconhecido,Tonga
240806,Facebook,2025-03-04,Não Convertido,,0.0,Moderado,Guam
240807,E-mail Marketing,2025-03-05,Convertido,25.0,5691.0,Moderado,Chile
240808,Orgânico,2025-03-04,Convertido,30.0,573.12,Moderado,Niue
240809,WhatsApp,2025-03-06,Não Convertido,,0.0,Conservador,Lebanon
240810,Orgânico,2025-03-07,Não Convertido,,0.0,Conservador,Kiribati
240811,Instagram,2025-03-05,Não Convertido,,0.0,Agressivo,Liechtenstein
240812,TikTok,2025-03-03,Não Convertido,,0.0,Conservador,Central African Republic
240813,Facebook,2025-03-06,Não Convertido,,0.0,Agressivo,Haiti
240814,Google Ads,2025-03-06,Não Convertido,,0.0,Conservador,Cook Islands
240815,Instagram,2025-03-08,Convertido,23.0,6264.53,Agressivo,Nepal
240816,TikTok,2025-03-04,Não Convertido,,0.0,Conservador,Mongolia
240817,Instagram,2025-03-07,Não Convertido,,0.0,Agressivo,Saint Lucia
240818,Google Ads,2025-03-08,Não Convertido,,0.0,Moderado,Solomon Islands
240819,Facebook,2025-03-05,Não Convertido,,0.0,Conservador,Iceland
240820,YouTube Ads,2025-03-08,Não Convertido,,0.0,Conservador,Somalia
240821,E-mail Marketing,2025-03-05,Não Convertido,,0.0,Conservador,Peru
240822,YouTube Ads,2025-03-06,Não Convertido,,0.0,Conservador,Liberia
240823,YouTube Ads,2025-03-06,Não Convertido,,0.0,Moderado,Cambodia
240824,Indicação,2025-03-05,Não Convertido,,0.0,Moderado,Uruguay
240825,Indicação,2025-03-07,Não Convertido,,0.0,Moderado,Guinea
240826,YouTube Ads,2025-03-07,Não Convertido,,0.0,Moderado,Tunisia
240827,E-mail Marketing,2025-03-05,Não Convertido,,0.0,Moderado,Ukraine
240828,Orgânico,2025-03-05,Não Convertido,,0.0,Conservador,Svalbard & Jan Mayen Islands
240829,Google Ads,2025-03-06,Convertido,4.0,4297.56,Conservador,Reunion
240830,Google Ads,2025-03-03,Não Convertido,,0.0,Conservador,Mexico
240831,E-mail Marketing,2025-03-08,Não Convertido,,0.0,Agressivo,Lebanon
240832,Indicação,2025-03-05,Não Convertido,,0.0,Moderado,Papua New Guinea
240833,TikTok,2025-03-08,Não Convertido,,0.0,Desconhecido,Turkey
240834,Facebook,2025-03-06,Não Convertido,,0.0,Moderado,Macao
240835,TikTok,2025-03-07,Não Convertido,,0.0,Moderado,Nauru
240836,YouTube Ads,2025-03-03,Não Convertido,,0.0,Agressivo,Saint Pierre and Miquelon
240837,Indicação,2025-03-07,Não Convertido,,0.0,Conservador,Mexico
240838,Google Ads,2025-03-04,Não Convertido,,0.0,Desconhecido,Anguilla
240839,Orgânico,2025-03-03,Não Convertido,,0.0,Conservador,Bahamas
240840,Orgânico,2025-03-07,Não Convertido,,0.0,Moderado,Russian Federation
240841,Google Ads,2025-03-04,Não Convertido,,0.0,Desconhecido,Bolivia
240842,WhatsApp,2025-03-04,Não Convertido,,0.0,Moderado,Cayman Islands
240843,Google Ads,2025-03-08,Não Convertido,,0.0,Agressivo,Nicaragua
240844,YouTube Ads,2025-03-06,Não Convertido,,0.0,Moderado,Mali
240845,Orgânico,2025-03-08,Não Convertido,,0.0,Moderado,Australia
240846,Orgânico,2025-03-04,Não Convertido,,0.0,Moderado,Cape Verde
240847,Orgânico,2025-03-04,Não Convertido,,0.0,Agressivo,Tajikistan
240848,Orgânico,2025-03-03,Não Convertido,,0.0,Agressivo,Morocco
240849,E-mail Marketing,2025-03-07,Não Convertido,,0.0,Conservador,Spain
240850,WhatsApp,2025-03-08,Não Convertido,,0.0,Moderado,Azerbaijan
240851,E-mail Marketing,2025-03-06,Não Convertido,,0.0,Desconhecido,Jamaica
240852,E-mail Marketing,2025-03-08,Não Convertido,,0.0,Moderado,Heard Island and McDonald Islands
240853,Google Ads,2025-03-07,Não Convertido,,0.0,Agressivo,Singapore
240854,Google Ads,2025-03-03,Não Convertido,,0.0,Moderado,Saint Kitts and Nevis
240855,WhatsApp,2025-03-08,Não Convertido,,0.0,Conservador,Micronesia
240856,YouTube Ads,2025-03-04,Não Convertido,,0.0,Moderado,Trinidad and Tobago
240857,TikTok,2025-03-06,Não Convertido,,0.0,Moderado,Honduras
240858,E-mail Marketing,2025-03-04,Não Convertido,,0.0,Conservador,Norfolk Island
240859,Google Ads,2025-03-06,Não Convertido,,0.0,Agressivo,Cape Verde
240860,Indicação,2025-03-07,Não Convertido,,0.0,Moderado,Turkmenistan
240861,E-mail Marketing,2025-03-05,Não Convertido,,0.0,Agressivo,Swaziland
240862,Orgânico,2025-03-03,Não Convertido,,0.0,Moderado,Bolivia
240863,Instagram,2025-03-08,Não Convertido,,0.0,Moderado,Indonesia
240864,TikTok,2025-03-04,Não Convertido,,0.0,Conservador,Iraq
240865,E-mail Marketing,2025-03-08,Não Convertido,,0.0,Desconhecido,Belize
240866,E-mail Marketing,2025-03-06,Não Convertido,,0.0,Desconhecido,Bulgaria
240867,Google Ads,2025-03-03,Não Convertido,,0.0,Conservador,China
240868,Facebook,2025-03-06,Não Convertido,,0.0,Agressivo,Antigua and Barbuda
240869,Facebook,2025-03-05,Não Convertido,,0.0,Conservador,Tuvalu
240870,TikTok,2025-03-08,Não Convertido,,0.0,Desconhecido,Angola
240871,Google Ads,2025-03-05,Não Convertido,,0.0,Moderado,Cocos (Keeling) Islands
240872,Facebook,2025-03-04,Não Convertido,,0.0,Moderado,Barbados
240873,TikTok,2025-03-06,Não Convertido,,0.0,Conservador,Comoros
240874,Indicação,2025-03-08,Não Convertido,,0.0,Conservador,Isle of Man
240875,Instagram,2025-03-04,Não Convertido,,0.0,Conservador,Poland
240876,Orgânico,2025-03-08,Não Convertido,,0.0,Agressivo,Congo
240877,Instagram,2025-03-03,Não Convertido,,0.0,Moderado,Pakistan
240878,Instagram,2025-03-08,Não Convertido,,0.0,Moderado,United States of America
240879,E-mail Marketing,2025-03-04,Não Convertido,,0.0,Conservador,Taiwan
240880,Google Ads,2025-03-08,Não Convertido,,0.0,Conservador,Canada
240881,Google Ads,2025-03-05,Não Convertido,,0.0,Moderado,Australia
240882,E-mail Marketing,2025-03-03,Não Convertido,,0.0,Agressivo,Qatar
240883,Orgânico,2025-03-03,Não Convertido,,0.0,Agressivo,Denmark
240884,Instagram,2025-03-07,Não Convertido,,0.0,Desconhecido,Saint Vincent and the Grenadines
240885,Instagram,2025-03-08,Não Convertido,,0.0,Agressivo,Lithuania
240886,E-mail Marketing,2025-03-04,Não Convertido,,0.0,Agressivo,Portugal
240887,Indicação,2025-03-05,Não Convertido,,0.0,Agressivo,Northern Mariana Islands
240888,Google Ads,2025-03-07,Não Convertido,,0.0,Moderado,Australia
240889,Google Ads,2025-03-07,Não Convertido,,0.0,Agressivo,Greece
240890,Orgânico,2025-03-03,Convertido,7.0,8574.81,Moderado,Bouvet Island (Bouvetoya)
240891,E-mail Marketing,2025-03-05,Não Convertido,,0.0,Conservador,Iceland
240892,YouTube Ads,2025-03-03,Não Convertido,,0.0,Conservador,Pitcairn Islands
240893,Orgânico,2025-03-06,Não Convertido,,0.0,Agressivo,Germany
240894,Indicação,2025-03-04,Não Convertido,,0.0,Moderado,Papua New Guinea
240895,Instagram,2025-03-05,Não Convertido,,0.0,Moderado,Netherlands
240896,Indicação,2025-03-07,Não Convertido,,0.0,Moderado,Germany
240897,TikTok,2025-03-06,Não Convertido,,0.0,Desconhecido,Lebanon
240898,Orgânico,2025-03-04,Não Convertido,,0.0,Agressivo,Guyana
240899,Facebook,2025-03-08,Não Convertido,,0.0,Moderado,Jordan
240900,TikTok,2025-03-08,Convertido,2.0,3560.75,Agressivo,Philippines
240901,TikTok,2025-03-04,Não Convertido,,0.0,Desconhecido,Malta
240902,TikTok,2025-03-07,Não Convertido,,0.0,Conservador,Germany
240903,Facebook,2025-03-08,Não Convertido,,0.0,Moderado,Israel
240904,Facebook,2025-03-04,Não Convertido,,0.0,Conservador,French Guiana
240905,Instagram,2025-03-08,Não Convertido,,0.0,Moderado,Bosnia and Herzegovina
240906,YouTube Ads,2025-03-04,Não Convertido,,0.0,Agressivo,Montenegro
240907,TikTok,2025-03-05,Não Convertido,,0.0,Agressivo,Panama
240908,Facebook,2025-03-08,Não Convertido,,0.0,Desconhecido,Saint Barthelemy
240909,Instagram,2025-03-08,Não Convertido,,0.0,Moderado,Iraq
240910,Instagram,2025-03-08,Não Convertido,,0.0,Desconhecido,Haiti
240911,Indicação,2025-03-06,Convertido,30.0,7956.45,Conservador,Cocos (Keeling) Islands
240912,Orgânico,2025-03-05,Não Convertido,,0.0,Conservador,Latvia
240913,WhatsApp,2025-03-03,Não Convertido,,0.0,Conservador,Bahrain
240914,Google Ads,2025-03-05,Não Convertido,,0.0,Moderado,Japan
240915,Orgânico,2025-03-08,Não Convertido,,0.0,Agressivo,South Africa
240916,Instagram,2025-03-06,Não Convertido,,0.0,Conservador,Belarus
240917,Orgânico,2025-03-05,Não Convertido,,0.0,Agressivo,Bolivia
240918,Orgânico,2025-03-05,Não Convertido,,0.0,Conservador,Liberia
240919,Google Ads,2025-03-03,Não Convertido,,0.0,Moderado,Croatia
240920,WhatsApp,2025-03-06,Não Convertido,,0.0,Agressivo,Italy
240921,Instagram,2025-03-06,Não Convertido,,0.0,Conservador,Ireland
240922,Google Ads,2025-03-06,Não Convertido,,0.0,Moderado,Christmas Island
240923,Instagram,2025-03-05,Não Convertido,,0.0,Agressivo,Tonga
240924,E-mail Marketing,2025-03-03,Não Convertido,,0.0,Conservador,Zambia
240925,Facebook,2025-03-05,Não Convertido,,0.0,Moderado,Nicaragua
240926,TikTok,2025-03-05,Não Convertido,,0.0,Agressivo,Palestinian Territory
240927,YouTube Ads,2025-03-08,Não Convertido,,0.0,Conservador,Indonesia
240928,E-mail Marketing,2025-03-04,Não Convertido,,0.0,Conservador,Saint Pierre and Miquelon
240929,Indicação,2025-03-07,Não Convertido,,0.0,Conservador,Jersey
240930,Google Ads,2025-03-08,Não Convertido,,0.0,Conservador,Georgia
240931,E-mail Marketing,2025-03-08,Não Convertido,,0.0,Agressivo,Mexico
240932,WhatsApp,2025-03-05,Convertido,24.0,7975.24,Agressivo,Paraguay
240933,Orgânico,2025-03-03,Convertido,5.0,5347.17,Moderado,Svalbard & Jan Mayen Islands
240934,Instagram,2025-03-07,Não Convertido,,0.0,Agressivo,Nepal
240935,Instagram,2025-03-07,Não Convertido,,0.0,Agressivo,Austria
240936,E-mail Marketing,2025-03-04,Não Convertido,,0.0,Moderado,North Macedonia
240937,TikTok,2025-03-06,Não Convertido,,0.0,Moderado,Liechtenstein
240938,YouTube Ads,2025-03-05,Não Convertido,,0.0,Moderado,Guinea-Bissau
240939,Facebook,2025-03-03,Não Convertido,,0.0,Agressivo,Dominica
240940,Orgânico,2025-03-08,Não Convertido,,0.0,Agressivo,Libyan Arab Jamahiriya
240941,Facebook,2025-03-04,Não Convertido,,0.0,Moderado,Honduras
240942,YouTube Ads,2025-03-04,Não Convertido,,0.0,Moderado,India
240943,TikTok,2025-03-08,Não Convertido,,0.0,Agressivo,Seychelles
240944,Orgânico,2025-03-03,Não Convertido,,0.0,Agressivo,South Africa
240945,Facebook,2025-03-05,Não Convertido,,0.0,Moderado,Solomon Islands
240946,E-mail Marketing,2025-03-08,Não Convertido,,0.0,Conservador,Wallis and Futuna
240947,E-mail Marketing,2025-03-08,Não Convertido,,0.0,Agressivo,Mali
240948,Google Ads,2025-03-06,Convertido,24.0,2983.84,Conservador,Yemen
240949,TikTok,2025-03-08,Convertido,18.0,4576.7,Agressivo,Bulgaria
240950,Orgânico,2025-03-03,Não Convertido,,0.0,Moderado,Pitcairn Islands
240951,Facebook,2025-03-04,Não Convertido,,0.0,Agressivo,Azerbaijan
240952,YouTube Ads,2025-03-04,Não Convertido,,0.0,Desconhecido,Equatorial Guinea
240953,Orgânico,2025-03-08,Não Convertido,,0.0,Agressivo,Brunei Darussalam
240954,Google Ads,2025-03-04,Não Convertido,,0.0,Desconhecido,Moldova
240955,Facebook,2025-03-08,Não Convertido,,0.0,Moderado,Portugal
240956,TikTok,2025-03-04,Não Convertido,,0.0,Agressivo,Belize
240957,Instagram,2025-03-06,Não Convertido,,0.0,Agressivo,Guyana
240958,Indicação,2025-03-05,Não Convertido,,0.0,Moderado,Central African Republic
240959,Instagram,2025-03-05,Não Convertido,,0.0,Moderado,Malaysia
240960,Google Ads,2025-03-04,Não Convertido,,0.0,Conservador,Sierra Leone
240961,Google Ads,2025-03-05,Não Convertido,,0.0,Conservador,Tajikistan
240962,YouTube Ads,2025-03-03,Não Convertido,,0.0,Conservador,Kazakhstan
240963,E-mail Marketing,2025-03-07,Convertido,28.0,3337.83,Moderado,Afghanistan
240964,Google Ads,2025-03-03,Não Convertido,,0.0,Agressivo,Bolivia
240965,Instagram,2025-03-08,Não Convertido,,0.0,Agressivo,Guatemala
240966,Instagram,2025-03-05,Não Convertido,,0.0,Conservador,Niger
240967,E-mail Marketing,2025-03-08,Não Convertido,,0.0,Agressivo,San Marino
240968,Google Ads,2025-03-06,Não Convertido,,0.0,Moderado,Moldova
240969,Facebook,2025-03-08,Não Convertido,,0.0,Moderado,Finland
240970,Facebook,2025-03-07,Não Convertido,,0.0,Desconhecido,Moldova
240971,TikTok,2025-03-07,Não Convertido,,0.0,Conservador,Holy See (Vatican City State)
240972,Instagram,2025-03-07,Não Convertido,,0.0,Moderado,New Zealand
240973,Instagram,2025-03-07,Não Convertido,,0.0,Agressivo,Micronesia
240974,Indicação,2025-03-03,Não Convertido,,0.0,Desconhecido,Jordan
240975,Google Ads,2025-03-05,Não Convertido,,0.0,Desconhecido,Philippines
240976,TikTok,2025-03-08,Não Convertido,,0.0,Agressivo,Sierra Leone
240977,Indicação,2025-03-03,Não Convertido,,0.0,Moderado,Liechtenstein
240978,Orgânico,2025-03-08,Convertido,9.0,2823.72,Agressivo,Norfolk Island
240979,Orgânico,2025-03-04,Não Convertido,,0.0,Moderado,Chile
240980,Indicação,2025-03-06,Não Convertido,,0.0,Agressivo,Central African Republic
240981,Facebook,2025-03-03,Não Convertido,,0.0,Moderado,Gambia
240982,E-mail Marketing,2025-03-05,Não Convertido,,0.0,Agressivo,Cuba
240983,Indicação,2025-03-05,Não Convertido,,0.0,Agressivo,Wallis and Futuna
240984,YouTube Ads,2025-03-06,Não Convertido,,0.0,Conservador,Vietnam
240985,WhatsApp,2025-03-04,Não Convertido,,0.0,Agressivo,Cyprus
240986,E-mail Marketing,2025-03-08,Não Convertido,,0.0,Desconhecido,Albania
240987,YouTube Ads,2025-03-08,Convertido,20.0,5950.25,Moderado,Bangladesh
240988,Orgânico,2025-03-08,Não Convertido,,0.0,Moderado,Guam
240989,YouTube Ads,2025-03-03,Não Convertido,,0.0,Moderado,Equatorial Guinea
240990,Google Ads,2025-03-08,Não Convertido,,0.0,Moderado,Croatia
240991,Instagram,2025-03-08,Não Convertido,,0.0,Agressivo,Antarctica (the territory South of 60 deg S)
240992,YouTube Ads,2025-03-08,Não Convertido,,0.0,Moderado,Saint Pierre and Miquelon
240993,Instagram,2025-03-04,Não Convertido,,0.0,Desconhecido,Portugal
240994,TikTok,2025-03-08,Não Convertido,,0.0,Moderado,Oman
240995,TikTok,2025-03-06,Não Convertido,,0.0,Conservador,Singapore
240996,Facebook,2025-03-06,Não Convertido,,0.0,Conservador,Andorra
240997,Facebook,2025-03-06,Não Convertido,,0.0,Moderado,Liberia
240998,E-mail Marketing,2025-03-08,Não Convertido,,0.0,Conservador,Russian Federation
240999,Google Ads,2025-03-07,Não Convertido,,0.0,Moderado,Argentina
241000,Facebook,2025-03-08,Não Convertido,,0.0,Conservador,Maldives
241001,Instagram,2025-03-04,Não Convertido,,0.0,Conservador,Saint Lucia
241002,Facebook,2025-03-05,Não Convertido,,0.0,Moderado,Aruba
241003,WhatsApp,2025-03-07,Não Convertido,,0.0,Agressivo,Netherlands Antilles
241004,Instagram,2025-03-04,Não Convertido,,0.0,Desconhecido,Norfolk Island
241005,TikTok,2025-03-06,Não Convertido,,0.0,Moderado,Papua New Guinea
241006,E-mail Marketing,2025-03-08,Não Convertido,,0.0,Conservador,Oman
241007,Instagram,2025-03-03,Não Convertido,,0.0,Conservador,Peru
241008,Google Ads,2025-03-04,Convertido,13.0,4405.54,Moderado,Papua New Guinea
241009,TikTok,2025-03-06,Não Convertido,,0.0,Moderado,Taiwan
241010,Orgânico,2025-03-03,Não Convertido,,0.0,Moderado,Albania
241011,Facebook,2025-03-06,Não Convertido,,0.0,Moderado,United Arab Emirates
241012,WhatsApp,2025-03-08,Não Convertido,,0.0,Moderado,Guinea-Bissau
241013,WhatsApp,2025-03-04,Não Convertido,,0.0,Moderado,Thailand
241014,Instagram,2025-03-03,Convertido,15.0,2532.56,Conservador,Latvia
241015,TikTok,2025-03-03,Não Convertido,,0.0,Agressivo,Burundi
241016,Instagram,2025-03-03,Não Convertido,,0.0,Conservador,Saint Pierre and Miquelon
241017,E-mail Marketing,2025-03-03,Não Convertido,,0.0,Agressivo,Germany
241018,YouTube Ads,2025-03-03,Não Convertido,,0.0,Conservador,Bosnia and Herzegovina
241019,Indicação,2025-03-04,Não Convertido,,0.0,Conservador,Ecuador
241020,E-mail Marketing,2025-03-03,Não Convertido,,0.0,Agressivo,Papua New Guinea
241021,Orgânico,2025-03-05,Não Convertido,,0.0,Moderado,Hong Kong
241022,Instagram,2025-03-08,Não Convertido,,0.0,Moderado,Micronesia
241023,Instagram,2025-03-07,Não Convertido,,0.0,Conservador,Paraguay
241024,Instagram,2025-03-08,Não Convertido,,0.0,Agressivo,Andorra
241025,E-mail Marketing,2025-03-06,Não Convertido,,0.0,Agressivo,Zambia
241026,Orgânico,2025-03-03,Não Convertido,,0.0,Conservador,Turkmenistan
241027,TikTok,2025-03-07,Não Convertido,,0.0,Moderado,Kazakhstan
241028,Orgânico,2025-03-07,Não Convertido,,0.0,Moderado,Iran
241029,E-mail Marketing,2025-03-08,Não Convertido,,0.0,Moderado,Marshall Islands
241030,E-mail Marketing,2025-03-08,Não Convertido,,0.0,Conservador,Afghanistan
241031,YouTube Ads,2025-03-04,Não Convertido,,0.0,Agressivo,Finland
241032,Instagram,2025-03-08,Não Convertido,,0.0,Agressivo,Niger
241033,TikTok,2025-03-06,Não Convertido,,0.0,Moderado,Bangladesh
241034,YouTube Ads,2025-03-08,Não Convertido,,0.0,Agressivo,Saint Barthelemy
241035,Instagram,2025-03-05,Não Convertido,,0.0,Conservador,Seychelles
241036,Facebook,2025-03-07,Não Convertido,,0.0,Moderado,Comoros
241037,TikTok,2025-03-04,Não Convertido,,0.0,Moderado,Belize
241038,Instagram,2025-03-04,Não Convertido,,0.0,Moderado,Guam
241039,Facebook,2025-03-06,Não Convertido,,0.0,Desconhecido,Cyprus
241040,Instagram,2025-03-04,Convertido,3.0,6689.3,Moderado,United States Minor Outlying Islands
241041,Facebook,2025-03-05,Não Convertido,,0.0,Moderado,Ukraine
241042,YouTube Ads,2025-03-06,Não Convertido,,0.0,Agressivo,Russian Federation
241043,E-mail Marketing,2025-03-05,Não Convertido,,0.0,Moderado,Macao
241044,E-mail Marketing,2025-03-05,Não Convertido,,0.0,Desconhecido,Saint Lucia
241045,Instagram,2025-03-05,Não Convertido,,0.0,Moderado,Liberia
241046,Indicação,2025-03-05,Não Convertido,,0.0,Agressivo,Holy See (Vatican City State)
241047,E-mail Marketing,2025-03-03,Não Convertido,,0.0,Moderado,Romania
241048,Orgânico,2025-03-08,Não Convertido,,0.0,Desconhecido,Ethiopia
241049,Orgânico,2025-03-06,Não Convertido,,0.0,Moderado,Guadeloupe
241050,TikTok,2025-03-05,Não Convertido,,0.0,Moderado,Kuwait
241051,Facebook,2025-03-03,Não Convertido,,0.0,Moderado,Netherlands
241052,YouTube Ads,2025-03-06,Não Convertido,,0.0,Moderado,Lesotho
241053,Facebook,2025-03-04,Não Convertido,,0.0,Moderado,Montenegro
241054,Instagram,2025-03-04,Não Convertido,,0.0,Agressivo,Haiti
241055,Google Ads,2025-03-04,Não Convertido,,0.0,Moderado,Germany
241056,Instagram,2025-03-07,Não Convertido,,0.0,Moderado,Sri Lanka
241057,TikTok,2025-03-03,Não Convertido,,0.0,Agressivo,Montenegro
241058,YouTube Ads,2025-03-08,Não Convertido,,0.0,Agressivo,Holy See (Vatican City State)
241059,Orgânico,2025-03-06,Não Convertido,,0.0,Conservador,Portugal
241060,WhatsApp,2025-03-06,Não Convertido,,0.0,Agressivo,Bhutan
241061,E-mail Marketing,2025-03-04,Não Convertido,,0.0,Moderado,Sweden
241062,Instagram,2025-03-03,Não Convertido,,0.0,Conservador,Saint Vincent and the Grenadines
241063,Google Ads,2025-03-05,Não Convertido,,0.0,Moderado,Martinique
241064,YouTube Ads,2025-03-07,Não Convertido,,0.0,Moderado,Saint Martin
241065,WhatsApp,2025-03-08,Não Convertido,,0.0,Agressivo,Dominican Republic
241066,TikTok,2025-03-08,Não Convertido,,0.0,Agressivo,Chile
241067,TikTok,2025-03-05,Não Convertido,,0.0,Desconhecido,Puerto Rico
241068,Facebook,2025-03-07,Não Convertido,,0.0,Desconhecido,Samoa
241069,Facebook,2025-03-07,Não Convertido,,0.0,Agressivo,Malta
241070,Google Ads,2025-03-05,Não Convertido,,0.0,Moderado,Angola
241071,WhatsApp,2025-03-03,Não Convertido,,0.0,Desconhecido,Guinea-Bissau
241072,Instagram,2025-03-08,Não Convertido,,0.0,Agressivo,Maldives
241073,E-mail Marketing,2025-03-03,Não Convertido,,0.0,Agressivo,Ecuador
241074,Google Ads,2025-03-05,Não Convertido,,0.0,Agressivo,Saudi Arabia
241075,TikTok,2025-03-03,Não Convertido,,0.0,Moderado,Equatorial Guinea
241076,Instagram,2025-03-07,Não Convertido,,0.0,Desconhecido,Guinea
241077,Orgânico,2025-03-05,Não Convertido,,0.0,Conservador,Taiwan
241078,Instagram,2025-03-07,Convertido,6.0,8216.71,Agressivo,Maldives
241079,TikTok,2025-03-07,Não Convertido,,0.0,Agressivo,Myanmar
241080,E-mail Marketing,2025-03-08,Não Convertido,,0.0,Desconhecido,Guernsey
241081,Orgânico,2025-03-05,Não Convertido,,0.0,Conservador,Mongolia
241082,Orgânico,2025-03-04,Não Convertido,,0.0,Moderado,Puerto Rico
241083,YouTube Ads,2025-03-05,Convertido,20.0,6525.17,Agressivo,Algeria
241084,E-mail Marketing,2025-03-04,Não Convertido,,0.0,Moderado,Seychelles
241085,Orgânico,2025-03-04,Não Convertido,,0.0,Conservador,Turkey
241086,Orgânico,2025-03-07,Não Convertido,,0.0,Desconhecido,Paraguay
241087,Facebook,2025-03-03,Não Convertido,,0.0,Conservador,Oman
241088,E-mail Marketing,2025-03-08,Não Convertido,,0.0,Conservador,Chile
241089,Orgânico,2025-03-04,Não Convertido,,0.0,Moderado,Nepal
241090,E-mail Marketing,2025-03-05,Não Convertido,,0.0,Agressivo,Anguilla
241091,Orgânico,2025-03-05,Não Convertido,,0.0,Conservador,Cocos (Keeling) Islands
241092,Instagram,2025-03-04,Não Convertido,,0.0,Agressivo,Belarus
241093,Indicação,2025-03-05,Não Convertido,,0.0,Agressivo,Guinea
241094,WhatsApp,2025-03-08,Não Convertido,,0.0,Conservador,Australia
241095,Instagram,2025-03-05,Não Convertido,,0.0,Moderado,Solomon Islands
241096,Facebook,2025-03-03,Não Convertido,,0.0,Conservador,South Africa
241097,TikTok,2025-03-04,Não Convertido,,0.0,Moderado,Serbia
241098,Instagram,2025-03-04,Não Convertido,,0.0,Moderado,Tonga
241099,Instagram,2025-03-08,Não Convertido,,0.0,Moderado,Andorra
241100,Instagram,2025-03-05,Não Convertido,,0.0,Agressivo,Sao Tome and Principe
241101,Instagram,2025-03-03,Não Convertido,,0.0,Moderado,Namibia
241102,Indicação,2025-03-06,Convertido,9.0,6013.91,Moderado,Georgia
241103,WhatsApp,2025-03-06,Não Convertido,,0.0,Moderado,Mozambique
241104,Facebook,2025-03-04,Não Convertido,,0.0,Agressivo,Chile
241105,Google Ads,2025-03-05,Não Convertido,,0.0,Conservador,South Georgia and the South Sandwich Islands
241106,Orgânico,2025-03-05,Não Convertido,,0.0,Moderado,Senegal
241107,E-mail Marketing,2025-03-05,Não Convertido,,0.0,Desconhecido,Argentina
241108,E-mail Marketing,2025-03-07,Não Convertido,,0.0,Agressivo,Mozambique
241109,E-mail Marketing,2025-03-06,Não Convertido,,0.0,Conservador,Bolivia
241110,Google Ads,2025-03-06,Não Convertido,,0.0,Conservador,Cook Islands
241111,TikTok,2025-03-06,Não Convertido,,0.0,Moderado,Reunion
241112,WhatsApp,2025-03-08,Não Convertido,,0.0,Moderado,Montenegro
241113,Google Ads,2025-03-08,Não Convertido,,0.0,Agressivo,Isle of Man
241114,Instagram,2025-03-03,Não Convertido,,0.0,Conservador,Thailand
241115,Orgânico,2025-03-04,Não Convertido,,0.0,Agressivo,Finland
241116,WhatsApp,2025-03-06,Não Convertido,,0.0,Agressivo,French Polynesia
241117,WhatsApp,2025-03-06,Não Convertido,,0.0,Conservador,Western Sahara
241118,TikTok,2025-03-06,Não Convertido,,0.0,Agressivo,Chile
241119,E-mail Marketing,2025-03-06,Não Convertido,,0.0,Moderado,Netherlands Antilles
241120,Facebook,2025-03-08,Não Convertido,,0.0,Moderado,Saint Helena
241121,Facebook,2025-03-06,Não Convertido,,0.0,Moderado,Cook Islands
241122,Facebook,2025-03-08,Não Convertido,,0.0,Agressivo,Hong Kong
241123,Orgânico,2025-03-03,Não Convertido,,0.0,Agressivo,Chad
241124,TikTok,2025-03-07,Não Convertido,,0.0,Moderado,Mali
241125,Facebook,2025-03-07,Não Convertido,,0.0,Agressivo,Cocos (Keeling) Islands
241126,Orgânico,2025-03-03,Não Convertido,,0.0,Desconhecido,Philippines
241127,Orgânico,2025-03-03,Não Convertido,,0.0,Moderado,El Salvador
241128,Facebook,2025-03-07,Não Convertido,,0.0,Conservador,Chile
241129,Orgânico,2025-03-08,Não Convertido,,0.0,Agressivo,Heard Island and McDonald Islands
241130,E-mail Marketing,2025-03-08,Não Convertido,,0.0,Agressivo,Turks and Caicos Islands
241131,TikTok,2025-03-03,Não Convertido,,0.0,Moderado,Lithuania
241132,Google Ads,2025-03-03,Não Convertido,,0.0,Agressivo,Pitcairn Islands
241133,TikTok,2025-03-08,Não Convertido,,0.0,Agressivo,Belgium
241134,Facebook,2025-03-05,Convertido,6.0,9608.36,Moderado,Greece
241135,Facebook,2025-03-07,Não Convertido,,0.0,Moderado,Cayman Islands
241136,Facebook,2025-03-08,Não Convertido,,0.0,Moderado,Lebanon
241137,E-mail Marketing,2025-03-03,Não Convertido,,0.0,Agressivo,Austria
241138,YouTube Ads,2025-03-03,Não Convertido,,0.0,Moderado,Myanmar
241139,Orgânico,2025-03-03,Não Convertido,,0.0,Conservador,Colombia
241140,E-mail Marketing,2025-03-08,Não Convertido,,0.0,Agressivo,Belize
241141,TikTok,2025-03-04,Não Convertido,,0.0,Conservador,Malaysia
241142,TikTok,2025-03-06,Não Convertido,,0.0,Moderado,Djibouti
241143,Facebook,2025-03-08,Não Convertido,,0.0,Agressivo,Guinea-Bissau
241144,E-mail Marketing,2025-03-07,Não Convertido,,0.0,Conservador,Yemen
241145,Orgânico,2025-03-05,Convertido,24.0,9398.49,Moderado,Moldova
241146,TikTok,2025-03-05,Não Convertido,,0.0,Agressivo,North Macedonia
241147,Instagram,2025-03-05,Convertido,28.0,3507.38,Moderado,United Arab Emirates
241148,Facebook,2025-03-08,Não Convertido,,0.0,Conservador,Antigua and Barbuda
241149,E-mail Marketing,2025-03-03,Não Convertido,,0.0,Moderado,Ethiopia
241150,E-mail Marketing,2025-03-08,Não Convertido,,0.0,Moderado,China
241151,Facebook,2025-03-06,Não Convertido,,0.0,Moderado,Honduras
241152,Google Ads,2025-03-06,Não Convertido,,0.0,Conservador,Chad
241153,E-mail Marketing,2025-03-06,Não Convertido,,0.0,Agressivo,Ethiopia
241154,YouTube Ads,2025-03-04,Não Convertido,,0.0,Agressivo,Cayman Islands
241155,Facebook,2025-03-08,Não Convertido,,0.0,Moderado,Trinidad and Tobago
241156,Instagram,2025-03-04,Não Convertido,,0.0,Desconhecido,Venezuela
241157,E-mail Marketing,2025-03-05,Não Convertido,,0.0,Agressivo,North Macedonia
241158,Orgânico,2025-03-04,Não Convertido,,0.0,Agressivo,Colombia
241159,YouTube Ads,2025-03-04,Não Convertido,,0.0,Moderado,Northern Mariana Islands
241160,Facebook,2025-03-03,Não Convertido,,0.0,Moderado,Singapore
241161,Instagram,2025-03-03,Não Convertido,,0.0,Moderado,Palau
241162,Instagram,2025-03-04,Não Convertido,,0.0,Agressivo,Cyprus
241163,Orgânico,2025-03-08,Não Convertido,,0.0,Moderado,Bahrain
241164,Indicação,2025-03-08,Não Convertido,,0.0,Moderado,Azerbaijan
241165,Orgânico,2025-03-05,Não Convertido,,0.0,Conservador,Guam
241166,Facebook,2025-03-03,Não Convertido,,0.0,Conservador,France
241167,TikTok,2025-03-04,Não Convertido,,0.0,Moderado,Jamaica
241168,Orgânico,2025-03-06,Não Convertido,,0.0,Desconhecido,Western Sahara
241169,E-mail Marketing,2025-03-03,Não Convertido,,0.0,Agressivo,Morocco
241170,Facebook,2025-03-04,Não Convertido,,0.0,Moderado,Svalbard & Jan Mayen Islands
241171,Instagram,2025-03-03,Não Convertido,,0.0,Agressivo,Thailand
241172,TikTok,2025-03-05,Não Convertido,,0.0,Agressivo,Oman
241173,Orgânico,2025-03-04,Não Convertido,,0.0,Agressivo,Turkey
241174,Google Ads,2025-03-03,Não Convertido,,0.0,Moderado,Tanzania
241175,Google Ads,2025-03-03,Não Convertido,,0.0,Conservador,Albania
241176,WhatsApp,2025-03-04,Não Convertido,,0.0,Moderado,Liberia
241177,WhatsApp,2025-03-06,Não Convertido,,0.0,Moderado,Norfolk Island
241178,E-mail Marketing,2025-03-08,Convertido,25.0,7895.37,Moderado,Romania
241179,Instagram,2025-03-06,Não Convertido,,0.0,Conservador,Nigeria
241180,Facebook,2025-03-08,Não Convertido,,0.0,Moderado,Grenada
241181,Instagram,2025-03-06,Não Convertido,,0.0,Moderado,Germany
241182,TikTok,2025-03-04,Não Convertido,,0.0,Agressivo,Finland
241183,Facebook,2025-03-04,Não Convertido,,0.0,Conservador,Tokelau
241184,Orgânico,2025-03-03,Não Convertido,,0.0,Moderado,Mozambique
241185,Google Ads,2025-03-07,Não Convertido,,0.0,Conservador,Cote d'Ivoire
241186,WhatsApp,2025-03-07,Não Convertido,,0.0,Desconhecido,Guinea-Bissau
241187,Instagram,2025-03-07,Não Convertido,,0.0,Moderado,Tunisia
241188,Instagram,2025-03-06,Não Convertido,,0.0,Moderado,Kazakhstan
241189,TikTok,2025-03-04,Não Convertido,,0.0,Conservador,New Caledonia
241190,E-mail Marketing,2025-03-05,Não Convertido,,0.0,Agressivo,French Guiana
241191,E-mail Marketing,2025-03-04,Não Convertido,,0.0,Agressivo,Cuba
241192,YouTube Ads,2025-03-03,Não Convertido,,0.0,Agressivo,Finland
241193,Instagram,2025-03-04,Não Convertido,,0.0,Conservador,Guadeloupe
241194,Google Ads,2025-03-08,Não Convertido,,0.0,Moderado,Czech Republic
241195,Instagram,2025-03-08,Não Convertido,,0.0,Moderado,Spain
241196,Facebook,2025-03-07,Não Convertido,,0.0,Moderado,Zimbabwe
241197,TikTok,2025-03-04,Não Convertido,,0.0,Moderado,Austria
241198,YouTube Ads,2025-03-06,Não Convertido,,0.0,Moderado,Moldova
241199,YouTube Ads,2025-03-04,Não Convertido,,0.0,Agressivo,Faroe Islands
241200,Instagram,2025-03-05,Não Convertido,,0.0,Moderado,Saint Vincent and the Grenadines
241201,Google Ads,2025-03-04,Convertido,14.0,7643.15,Agressivo,Turkey
241202,Google Ads,2025-03-04,Não Convertido,,0.0,Moderado,Norway
241203,E-mail Marketing,2025-03-05,Não Convertido,,0.0,Moderado,Grenada
241204,Facebook,2025-03-04,Não Convertido,,0.0,Agressivo,Slovakia (Slovak Republic)
241205,Facebook,2025-03-03,Não Convertido,,0.0,Agressivo,New Caledonia
241206,Orgânico,2025-03-07,Não Convertido,,0.0,Agressivo,Turks and Caicos Islands
241207,Google Ads,2025-03-05,Convertido,13.0,469.06,Moderado,Nicaragua
241208,TikTok,2025-03-06,Não Convertido,,0.0,Moderado,Cape Verde
241209,TikTok,2025-03-06,Não Convertido,,0.0,Conservador,South Georgia and the South Sandwich Islands
241210,Indicação,2025-03-04,Não Convertido,,0.0,Moderado,Liechtenstein
241211,Instagram,2025-03-08,Não Convertido,,0.0,Conservador,Bermuda
241212,Instagram,2025-03-03,Não Convertido,,0.0,Agressivo,Georgia
241213,Orgânico,2025-03-07,Convertido,11.0,6629.43,Moderado,Uganda
241214,Google Ads,2025-03-07,Não Convertido,,0.0,Conservador,Liberia
241215,Orgânico,2025-03-08,Não Convertido,,0.0,Conservador,Eritrea
241216,Indicação,2025-03-07,Não Convertido,,0.0,Moderado,Guam
241217,WhatsApp,2025-03-05,Não Convertido,,0.0,Agressivo,Lao People's Democratic Republic
241218,E-mail Marketing,2025-03-03,Não Convertido,,0.0,Conservador,Pakistan
241219,Orgânico,2025-03-05,Não Convertido,,0.0,Agressivo,Benin
241220,E-mail Marketing,2025-03-08,Não Convertido,,0.0,Moderado,Saint Barthelemy
241221,Instagram,2025-03-06,Não Convertido,,0.0,Desconhecido,Guadeloupe
241222,Instagram,2025-03-07,Não Convertido,,0.0,Agressivo,Micronesia
241223,Orgânico,2025-03-07,Não Convertido,,0.0,Conservador,Northern Mariana Islands
241224,YouTube Ads,2025-03-04,Não Convertido,,0.0,Agressivo,San Marino
241225,TikTok,2025-03-06,Não Convertido,,0.0,Moderado,Timor-Leste
241226,Google Ads,2025-03-04,Não Convertido,,0.0,Moderado,Mauritania
241227,Orgânico,2025-03-06,Não Convertido,,0.0,Moderado,Andorra
241228,Google Ads,2025-03-08,Não Convertido,,0.0,Moderado,Australia
241229,Orgânico,2025-03-08,Não Convertido,,0.0,Moderado,Niger
241230,Orgânico,2025-03-05,Não Convertido,,0.0,Agressivo,Serbia
241231,Instagram,2025-03-07,Não Convertido,,0.0,Conservador,Uganda
241232,Orgânico,2025-03-08,Não Convertido,,0.0,Agressivo,Mexico
241233,Instagram,2025-03-05,Não Convertido,,0.0,Agressivo,Tunisia
241234,TikTok,2025-03-04,Não Convertido,,0.0,Moderado,Saint Barthelemy
241235,Facebook,2025-03-03,Não Convertido,,0.0,Conservador,Angola
241236,Indicação,2025-03-08,Não Convertido,,0.0,Agressivo,Saint Vincent and the Grenadines
241237,E-mail Marketing,2025-03-03,Não Convertido,,0.0,Agressivo,Ireland
241238,TikTok,2025-03-08,Não Convertido,,0.0,Desconhecido,Guernsey
241239,E-mail Marketing,2025-03-06,Não Convertido,,0.0,Moderado,Tuvalu
241240,Facebook,2025-03-03,Não Convertido,,0.0,Moderado,Swaziland
241241,WhatsApp,2025-03-06,Não Convertido,,0.0,Conservador,Denmark
241242,E-mail Marketing,2025-03-07,Não Convertido,,0.0,Moderado,Palestinian Territory
241243,Instagram,2025-03-08,Não Convertido,,0.0,Conservador,Bahrain
241244,WhatsApp,2025-03-04,Não Convertido,,0.0,Moderado,Turkey
241245,E-mail Marketing,2025-03-03,Não Convertido,,0.0,Moderado,Malta
241246,WhatsApp,2025-03-06,Não Convertido,,0.0,Agressivo,Norfolk Island
241247,Google Ads,2025-03-06,Não Convertido,,0.0,Desconhecido,Anguilla
241248,E-mail Marketing,2025-03-08,Convertido,5.0,6345.06,Moderado,Honduras
241249,WhatsApp,2025-03-08,Não Convertido,,0.0,Moderado,Dominica
241250,Google Ads,2025-03-07,Não Convertido,,0.0,Moderado,Lebanon
241251,WhatsApp,2025-03-04,Não Convertido,,0.0,Agressivo,Burundi
241252,Facebook,2025-03-08,Não Convertido,,0.0,Moderado,Isle of Man
241253,Indicação,2025-03-07,Não Convertido,,0.0,Moderado,Hungary
241254,TikTok,2025-03-04,Não Convertido,,0.0,Moderado,Guernsey
241255,Instagram,2025-03-04,Não Convertido,,0.0,Moderado,Sudan
241256,WhatsApp,2025-03-03,Não Convertido,,0.0,Moderado,Solomon Islands
241257,Instagram,2025-03-03,Não Convertido,,0.0,Desconhecido,Cyprus
241258,Instagram,2025-03-05,Não Convertido,,0.0,Conservador,Israel
241259,Orgânico,2025-03-05,Não Convertido,,0.0,Conservador,Burkina Faso
241260,Orgânico,2025-03-06,Não Convertido,,0.0,Agressivo,Australia
241261,Google Ads,2025-03-04,Não Convertido,,0.0,Moderado,American Samoa
241262,Orgânico,2025-03-06,Não Convertido,,0.0,Agressivo,Northern Mariana Islands
241263,YouTube Ads,2025-03-04,Não Convertido,,0.0,Moderado,Saint Helena
241264,Facebook,2025-03-06,Não Convertido,,0.0,Desconhecido,Swaziland
241265,E-mail Marketing,2025-03-07,Não Convertido,,0.0,Moderado,Saint Martin
241266,E-mail Marketing,2025-03-07,Não Convertido,,0.0,Conservador,Slovenia
241267,Facebook,2025-03-06,Não Convertido,,0.0,Moderado,Mauritius
241268,YouTube Ads,2025-03-03,Não Convertido,,0.0,Moderado,Seychelles
241269,TikTok,2025-03-07,Não Convertido,,0.0,Conservador,Cook Islands
241270,YouTube Ads,2025-03-07,Não Convertido,,0.0,Moderado,Mozambique
241271,Google Ads,2025-03-04,Não Convertido,,0.0,Agressivo,Singapore
241272,Facebook,2025-03-03,Não Convertido,,0.0,Moderado,Denmark
241273,Indicação,2025-03-08,Não Convertido,,0.0,Moderado,South Africa
241274,WhatsApp,2025-03-07,Não Convertido,,0.0,Agressivo,Botswana
241275,TikTok,2025-03-04,Não Convertido,,0.0,Moderado,Greece
241276,Facebook,2025-03-05,Não Convertido,,0.0,Agressivo,Singapore
241277,YouTube Ads,2025-03-04,Não Convertido,,0.0,Agressivo,Grenada
241278,YouTube Ads,2025-03-06,Não Convertido,,0.0,Moderado,Gabon
241279,E-mail Marketing,2025-03-04,Não Convertido,,0.0,Conservador,Guadeloupe
241280,Google Ads,2025-03-06,Convertido,19.0,8014.51,Desconhecido,Pakistan
241281,TikTok,2025-03-08,Não Convertido,,0.0,Conservador,Lesotho
241282,Google Ads,2025-03-07,Não Convertido,,0.0,Agressivo,United Arab Emirates
241283,Instagram,2025-03-05,Não Convertido,,0.0,Agressivo,Sudan
241284,TikTok,2025-03-08,Não Convertido,,0.0,Conservador,Afghanistan
241285,E-mail Marketing,2025-03-03,Não Convertido,,0.0,Conservador,Nepal
241286,Indicação,2025-03-08,Não Convertido,,0.0,Moderado,Trinidad and Tobago
241287,Instagram,2025-03-06,Não Convertido,,0.0,Moderado,Chad
241288,Instagram,2025-03-05,Não Convertido,,0.0,Agressivo,Czech Republic
241289,WhatsApp,2025-03-06,Não Convertido,,0.0,Desconhecido,Cambodia
241290,TikTok,2025-03-04,Não Convertido,,0.0,Moderado,Kenya
241291,Instagram,2025-03-03,Não Convertido,,0.0,Moderado,Cyprus
241292,Orgânico,2025-03-04,Não Convertido,,0.0,Desconhecido,Costa Rica
241293,Orgânico,2025-03-04,Não Convertido,,0.0,Moderado,Cuba
241294,TikTok,2025-03-06,Não Convertido,,0.0,Moderado,El Salvador
241295,Indicação,2025-03-04,Não Convertido,,0.0,Moderado,Swaziland
241296,Orgânico,2025-03-07,Não Convertido,,0.0,Agressivo,Guyana
241297,TikTok,2025-03-05,Não Convertido,,0.0,Desconhecido,Sierra Leone
241298,TikTok,2025-03-06,Não Convertido,,0.0,Moderado,Guinea
241299,Orgânico,2025-03-06,Não Convertido,,0.0,Moderado,Sri Lanka
241300,Instagram,2025-03-04,Não Convertido,,0.0,Moderado,Tajikistan
241301,Google Ads,2025-03-06,Não Convertido,,0.0,Desconhecido,Fiji
241302,E-mail Marketing,2025-03-05,Não Convertido,,0.0,Agressivo,British Virgin Islands
241303,E-mail Marketing,2025-03-06,Convertido,12.0,2004.66,Agressivo,Tonga
241304,TikTok,2025-03-04,Não Convertido,,0.0,Conservador,Bahrain
241305,Instagram,2025-03-04,Não Convertido,,0.0,Agressivo,Falkland Islands (Malvinas)
241306,Google Ads,2025-03-05,Não Convertido,,0.0,Conservador,Malta
241307,Google Ads,2025-03-03,Não Convertido,,0.0,Moderado,Zambia
241308,Instagram,2025-03-03,Não Convertido,,0.0,Moderado,Luxembourg
241309,WhatsApp,2025-03-03,Não Convertido,,0.0,Agressivo,Qatar
241310,Google Ads,2025-03-07,Não Convertido,,0.0,Desconhecido,Saint Kitts and Nevis
241311,Instagram,2025-03-04,Convertido,12.0,5748.11,Moderado,Niger
241312,Orgânico,2025-03-03,Não Convertido,,0.0,Agressivo,Malta
241313,Orgânico,2025-03-07,Não Convertido,,0.0,Agressivo,Comoros
241314,TikTok,2025-03-03,Não Convertido,,0.0,Agressivo,Samoa
241315,Orgânico,2025-03-06,Não Convertido,,0.0,Conservador,Cambodia
241316,Instagram,2025-03-07,Não Convertido,,0.0,Conservador,Timor-Leste
241317,YouTube Ads,2025-03-06,Não Convertido,,0.0,Desconhecido,Burkina Faso
241318,Orgânico,2025-03-08,Não Convertido,,0.0,Agressivo,Tuvalu
241319,WhatsApp,2025-03-08,Não Convertido,,0.0,Agressivo,Saint Helena
241320,Facebook,2025-03-08,Não Convertido,,0.0,Desconhecido,Lao People's Democratic Republic
241321,Google Ads,2025-03-06,Não Convertido,,0.0,Agressivo,Bahamas
241322,TikTok,2025-03-08,Não Convertido,,0.0,Agressivo,Panama
241323,Orgânico,2025-03-04,Não Convertido,,0.0,Agressivo,Niue
241324,Orgânico,2025-03-05,Não Convertido,,0.0,Agressivo,Belarus
241325,Instagram,2025-03-06,Não Convertido,,0.0,Moderado,Holy See (Vatican City State)
241326,Orgânico,2025-03-04,Não Convertido,,0.0,Agressivo,Guernsey
241327,Indicação,2025-03-06,Não Convertido,,0.0,Agressivo,Central African Republic
241328,TikTok,2025-03-04,Não Convertido,,0.0,Moderado,Saint Pierre and Miquelon
241329,Facebook,2025-03-07,Não Convertido,,0.0,Moderado,Congo
241330,Orgânico,2025-03-06,Não Convertido,,0.0,Desconhecido,Marshall Islands
241331,YouTube Ads,2025-03-03,Não Convertido,,0.0,Desconhecido,Korea
241332,Orgânico,2025-03-05,Não Convertido,,0.0,Agressivo,Andorra
241333,Instagram,2025-03-05,Não Convertido,,0.0,Conservador,Brunei Darussalam
241334,TikTok,2025-03-04,Não Convertido,,0.0,Agressivo,Cuba
241335,Orgânico,2025-03-05,Não Convertido,,0.0,Conservador,Paraguay
241336,Orgânico,2025-03-08,Não Convertido,,0.0,Conservador,Bangladesh
241337,TikTok,2025-03-04,Não Convertido,,0.0,Moderado,Faroe Islands
241338,Orgânico,2025-03-06,Não Convertido,,0.0,Agressivo,Colombia
241339,TikTok,2025-03-07,Convertido,10.0,7734.81,Moderado,Botswana
241340,Orgânico,2025-03-07,Convertido,29.0,5117.15,Moderado,Saint Lucia
241341,Indicação,2025-03-03,Não Convertido,,0.0,Conservador,Norfolk Island
241342,Orgânico,2025-03-03,Não Convertido,,0.0,Conservador,Tanzania
241343,Orgânico,2025-03-04,Não Convertido,,0.0,Conservador,Lao People's Democratic Republic
241344,Indicação,2025-03-08,Não Convertido,,0.0,Desconhecido,Bahamas
241345,Facebook,2025-03-07,Não Convertido,,0.0,Moderado,Iraq
241346,Indicação,2025-03-04,Não Convertido,,0.0,Agressivo,British Virgin Islands
241347,Google Ads,2025-03-08,Não Convertido,,0.0,Agressivo,Gibraltar
241348,Orgânico,2025-03-04,Não Convertido,,0.0,Moderado,Senegal
241349,TikTok,2025-03-08,Não Convertido,,0.0,Conservador,Guinea
241350,Orgânico,2025-03-07,Não Convertido,,0.0,Agressivo,Algeria
241351,Google Ads,2025-03-05,Não Convertido,,0.0,Agressivo,Reunion
241352,Orgânico,2025-03-07,Convertido,29.0,2538.93,Agressivo,United States Minor Outlying Islands
241353,E-mail Marketing,2025-03-07,Não Convertido,,0.0,Conservador,Hong Kong
241354,E-mail Marketing,2025-03-06,Convertido,11.0,2450.73,Conservador,Estonia
241355,Facebook,2025-03-06,Não Convertido,,0.0,Moderado,Mozambique
241356,Instagram,2025-03-03,Não Convertido,,0.0,Moderado,Slovenia
241357,Orgânico,2025-03-08,Não Convertido,,0.0,Agressivo,American Samoa
241358,Orgânico,2025-03-07,Não Convertido,,0.0,Agressivo,Taiwan
241359,E-mail Marketing,2025-03-05,Não Convertido,,0.0,Moderado,Germany
241360,YouTube Ads,2025-03-04,Não Convertido,,0.0,Conservador,Ethiopia
241361,Instagram,2025-03-03,Não Convertido,,0.0,Moderado,Belgium
241362,TikTok,2025-03-05,Não Convertido,,0.0,Conservador,Montserrat
241363,YouTube Ads,2025-03-03,Não Convertido,,0.0,Conservador,Grenada
241364,Instagram,2025-03-08,Não Convertido,,0.0,Moderado,Suriname
241365,YouTube Ads,2025-03-08,Não Convertido,,0.0,Agressivo,South Africa
241366,TikTok,2025-03-04,Convertido,10.0,3404.41,Moderado,Peru
241367,Facebook,2025-03-03,Não Convertido,,0.0,Moderado,Mongolia
241368,Indicação,2025-03-07,Não Convertido,,0.0,Moderado,Barbados
241369,TikTok,2025-03-07,Não Convertido,,0.0,Agressivo,Antigua and Barbuda
241370,TikTok,2025-03-05,Não Convertido,,0.0,Moderado,Nepal
241371,Instagram,2025-03-07,Não Convertido,,0.0,Agressivo,Fiji
241372,Google Ads,2025-03-03,Não Convertido,,0.0,Conservador,Montserrat
241373,Instagram,2025-03-04,Não Convertido,,0.0,Moderado,Thailand
241374,Orgânico,2025-03-03,Não Convertido,,0.0,Agressivo,Palau
241375,Instagram,2025-03-07,Não Convertido,,0.0,Agressivo,Guinea
241376,Instagram,2025-03-05,Não Convertido,,0.0,Moderado,Slovakia (Slovak Republic)
241377,Instagram,2025-03-08,Não Convertido,,0.0,Moderado,Denmark
241378,Instagram,2025-03-03,Não Convertido,,0.0,Moderado,Lesotho
241379,WhatsApp,2025-03-03,Convertido,15.0,7423.96,Agressivo,Christmas Island
241380,Instagram,2025-03-03,Não Convertido,,0.0,Agressivo,Palestinian Territory
241381,Indicação,2025-03-05,Não Convertido,,0.0,Conservador,Svalbard & Jan Mayen Islands
241382,Orgânico,2025-03-06,Não Convertido,,0.0,Moderado,Guam
241383,Instagram,2025-03-07,Não Convertido,,0.0,Moderado,Antarctica (the territory South of 60 deg S)
241384,Instagram,2025-03-05,Não Convertido,,0.0,Conservador,Bahrain
241385,Orgânico,2025-03-04,Não Convertido,,0.0,Moderado,Belarus
241386,Google Ads,2025-03-07,Não Convertido,,0.0,Moderado,Mayotte
241387,Instagram,2025-03-07,Não Convertido,,0.0,Conservador,Saint Vincent and the Grenadines
241388,Orgânico,2025-03-04,Não Convertido,,0.0,Desconhecido,Western Sahara
241389,Facebook,2025-03-03,Não Convertido,,0.0,Moderado,Korea
241390,Indicação,2025-03-06,Não Convertido,,0.0,Conservador,Belarus
241391,TikTok,2025-03-07,Não Convertido,,0.0,Moderado,Yemen
241392,Orgânico,2025-03-03,Não Convertido,,0.0,Agressivo,Saudi Arabia
241393,E-mail Marketing,2025-03-07,Não Convertido,,0.0,Conservador,Sao Tome and Principe
241394,Google Ads,2025-03-08,Não Convertido,,0.0,Desconhecido,Bahamas
241395,E-mail Marketing,2025-03-06,Não Convertido,,0.0,Moderado,Estonia
241396,E-mail Marketing,2025-03-08,Não Convertido,,0.0,Agressivo,Belarus
241397,Instagram,2025-03-08,Não Convertido,,0.0,Moderado,Oman
241398,YouTube Ads,2025-03-03,Não Convertido,,0.0,Agressivo,Somalia
241399,TikTok,2025-03-08,Não Convertido,,0.0,Conservador,Guyana
241400,TikTok,2025-03-07,Não Convertido,,0.0,Agressivo,Japan
241401,YouTube Ads,2025-03-03,Não Convertido,,0.0,Moderado,Heard Island and McDonald Islands
241402,Google Ads,2025-03-03,Não Convertido,,0.0,Agressivo,Saint Pierre and Miquelon
241403,TikTok,2025-03-04,Não Convertido,,0.0,Moderado,Falkland Islands (Malvinas)
241404,E-mail Marketing,2025-03-08,Não Convertido,,0.0,Conservador,Sierra Leone
241405,Facebook,2025-03-03,Não Convertido,,0.0,Agressivo,Serbia
241406,Instagram,2025-03-08,Não Convertido,,0.0,Agressivo,Marshall Islands
241407,YouTube Ads,2025-03-04,Não Convertido,,0.0,Agressivo,Namibia
241408,Facebook,2025-03-08,Não Convertido,,0.0,Agressivo,French Guiana
241409,E-mail Marketing,2025-03-07,Não Convertido,,0.0,Desconhecido,Nigeria
241410,E-mail Marketing,2025-03-05,Não Convertido,,0.0,Moderado,Algeria
241411,TikTok,2025-03-07,Não Convertido,,0.0,Moderado,Portugal
241412,Indicação,2025-03-05,Não Convertido,,0.0,Agressivo,Tokelau
241413,E-mail Marketing,2025-03-07,Não Convertido,,0.0,Moderado,Qatar
241414,Facebook,2025-03-07,Não Convertido,,0.0,Conservador,Guernsey
241415,Instagram,2025-03-03,Não Convertido,,0.0,Conservador,Romania
241416,TikTok,2025-03-04,Não Convertido,,0.0,Conservador,Seychelles
241417,Instagram,2025-03-08,Não Convertido,,0.0,Conservador,Grenada
241418,Facebook,2025-03-03,Não Convertido,,0.0,Moderado,Andorra
241419,Orgânico,2025-03-03,Não Convertido,,0.0,Conservador,Benin
241420,TikTok,2025-03-05,Não Convertido,,0.0,Agressivo,Oman
241421,YouTube Ads,2025-03-07,Não Convertido,,0.0,Agressivo,Cape Verde
241422,Instagram,2025-03-08,Não Convertido,,0.0,Moderado,Cook Islands
241423,YouTube Ads,2025-03-05,Convertido,5.0,282.59,Moderado,Slovenia
241424,YouTube Ads,2025-03-04,Não Convertido,,0.0,Agressivo,French Southern Territories
241425,Google Ads,2025-03-06,Convertido,19.0,4233.7,Agressivo,Finland
241426,YouTube Ads,2025-03-03,Não Convertido,,0.0,Agressivo,Paraguay
241427,Google Ads,2025-03-06,Não Convertido,,0.0,Agressivo,Iraq
241428,YouTube Ads,2025-03-07,Não Convertido,,0.0,Agressivo,Congo
241429,Orgânico,2025-03-05,Não Convertido,,0.0,Conservador,France
241430,E-mail Marketing,2025-03-04,Convertido,4.0,2269.62,Desconhecido,Vanuatu
241431,Orgânico,2025-03-07,Convertido,3.0,4792.94,Moderado,Belize
241432,Orgânico,2025-03-06,Não Convertido,,0.0,Desconhecido,Romania
241433,Facebook,2025-03-05,Não Convertido,,0.0,Conservador,Belize
241434,TikTok,2025-03-04,Não Convertido,,0.0,Agressivo,Vietnam
241435,Google Ads,2025-03-04,Não Convertido,,0.0,Desconhecido,Liechtenstein
241436,WhatsApp,2025-03-05,Não Convertido,,0.0,Moderado,Tuvalu
241437,Instagram,2025-03-04,Não Convertido,,0.0,Moderado,Italy
241438,Instagram,2025-03-08,Não Convertido,,0.0,Conservador,Kazakhstan
241439,Google Ads,2025-03-07,Convertido,21.0,3116.99,Moderado,Heard Island and McDonald Islands
241440,Instagram,2025-03-08,Não Convertido,,0.0,Agressivo,Antigua and Barbuda
241441,Instagram,2025-03-05,Não Convertido,,0.0,Agressivo,Greenland
241442,E-mail Marketing,2025-03-08,Não Convertido,,0.0,Moderado,South Georgia and the South Sandwich Islands
241443,Facebook,2025-03-04,Não Convertido,,0.0,Agressivo,Jersey
241444,Facebook,2025-03-05,Não Convertido,,0.0,Moderado,Norfolk Island
241445,Orgânico,2025-03-05,Não Convertido,,0.0,Conservador,Monaco
241446,TikTok,2025-03-04,Não Convertido,,0.0,Desconhecido,United States Minor Outlying Islands
241447,TikTok,2025-03-06,Não Convertido,,0.0,Conservador,Lithuania
241448,Facebook,2025-03-08,Não Convertido,,0.0,Moderado,San Marino
241449,Instagram,2025-03-04,Não Convertido,,0.0,Moderado,Djibouti
241450,Google Ads,2025-03-07,Não Convertido,,0.0,Agressivo,Uganda
241451,Indicação,2025-03-04,Não Convertido,,0.0,Agressivo,Afghanistan
241452,Google Ads,2025-03-06,Não Convertido,,0.0,Agressivo,Tunisia
241453,Instagram,2025-03-06,Não Convertido,,0.0,Moderado,Spain
241454,E-mail Marketing,2025-03-06,Não Convertido,,0.0,Agressivo,Romania
241455,E-mail Marketing,2025-03-03,Não Convertido,,0.0,Agressivo,Albania
241456,Google Ads,2025-03-03,Não Convertido,,0.0,Moderado,France
241457,E-mail Marketing,2025-03-07,Não Convertido,,0.0,Agressivo,Syrian Arab Republic
241458,Instagram,2025-03-08,Não Convertido,,0.0,Moderado,Anguilla
241459,Orgânico,2025-03-08,Não Convertido,,0.0,Agressivo,Taiwan
241460,WhatsApp,2025-03-04,Não Convertido,,0.0,Conservador,Bahamas
241461,Google Ads,2025-03-03,Não Convertido,,0.0,Agressivo,Iraq
241462,WhatsApp,2025-03-06,Não Convertido,,0.0,Agressivo,American Samoa
241463,TikTok,2025-03-06,Não Convertido,,0.0,Desconhecido,Vietnam
241464,Indicação,2025-03-05,Não Convertido,,0.0,Moderado,Netherlands
241465,Orgânico,2025-03-04,Não Convertido,,0.0,Moderado,Indonesia
241466,Orgânico,2025-03-05,Não Convertido,,0.0,Agressivo,Turkmenistan
241467,TikTok,2025-03-06,Não Convertido,,0.0,Moderado,Thailand
241468,Orgânico,2025-03-07,Não Convertido,,0.0,Conservador,Anguilla
241469,Indicação,2025-03-06,Não Convertido,,0.0,Conservador,Iran
241470,Orgânico,2025-03-06,Não Convertido,,0.0,Agressivo,Tokelau
241471,TikTok,2025-03-03,Não Convertido,,0.0,Conservador,Belize
241472,E-mail Marketing,2025-03-06,Não Convertido,,0.0,Moderado,Portugal
241473,YouTube Ads,2025-03-07,Não Convertido,,0.0,Moderado,Palestinian Territory
241474,E-mail Marketing,2025-03-03,Não Convertido,,0.0,Desconhecido,Bouvet Island (Bouvetoya)
241475,YouTube Ads,2025-03-04,Não Convertido,,0.0,Moderado,Somalia
241476,E-mail Marketing,2025-03-03,Não Convertido,,0.0,Moderado,France
241477,YouTube Ads,2025-03-06,Não Convertido,,0.0,Desconhecido,Bahrain
241478,Indicação,2025-03-04,Não Convertido,,0.0,Agressivo,Mexico
241479,Google Ads,2025-03-04,Não Convertido,,0.0,Agressivo,Austria
241480,Instagram,2025-03-08,Não Convertido,,0.0,Agressivo,Maldives
241481,TikTok,2025-03-05,Não Convertido,,0.0,Agressivo,Pakistan
241482,Facebook,2025-03-03,Não Convertido,,0.0,Conservador,Panama
241483,Orgânico,2025-03-04,Não Convertido,,0.0,Moderado,Rwanda
241484,Google Ads,2025-03-05,Não Convertido,,0.0,Agressivo,United Kingdom
241485,TikTok,2025-03-08,Não Convertido,,0.0,Conservador,Albania
241486,Instagram,2025-03-07,Não Convertido,,0.0,Agressivo,Costa Rica
241487,E-mail Marketing,2025-03-03,Não Convertido,,0.0,Agressivo,Cambodia
241488,TikTok,2025-03-06,Não Convertido,,0.0,Moderado,Cameroon
241489,Orgânico,2025-03-08,Não Convertido,,0.0,Agressivo,Venezuela
241490,Indicação,2025-03-03,Não Convertido,,0.0,Agressivo,Jersey
241491,TikTok,2025-03-06,Não Convertido,,0.0,Conservador,Canada
241492,Orgânico,2025-03-07,Não Convertido,,0.0,Moderado,Korea
241493,Instagram,2025-03-05,Não Convertido,,0.0,Moderado,Yemen
241494,WhatsApp,2025-03-06,Não Convertido,,0.0,Conservador,Luxembourg
241495,Indicação,2025-03-04,Não Convertido,,0.0,Moderado,Bolivia
241496,WhatsApp,2025-03-03,Não Convertido,,0.0,Moderado,French Guiana
241497,WhatsApp,2025-03-08,Não Convertido,,0.0,Agressivo,Serbia
241498,TikTok,2025-03-03,Não Convertido,,0.0,Agressivo,United States Virgin Islands
241499,Facebook,2025-03-05,Não Convertido,,0.0,Conservador,Australia
241500,WhatsApp,2025-03-07,Não Convertido,,0.0,Moderado,Belarus
241501,Facebook,2025-03-05,Não Convertido,,0.0,Conservador,Libyan Arab Jamahiriya
241502,TikTok,2025-03-05,Não Convertido,,0.0,Moderado,Andorra
241503,TikTok,2025-03-05,Não Convertido,,0.0,Agressivo,Ghana
241504,Orgânico,2025-03-03,Não Convertido,,0.0,Moderado,Montenegro
241505,YouTube Ads,2025-03-04,Não Convertido,,0.0,Agressivo,Afghanistan
241506,E-mail Marketing,2025-03-05,Não Convertido,,0.0,Conservador,Argentina
241507,Instagram,2025-03-08,Não Convertido,,0.0,Desconhecido,Poland
241508,Instagram,2025-03-07,Não Convertido,,0.0,Agressivo,Finland
241509,WhatsApp,2025-03-03,Não Convertido,,0.0,Desconhecido,Suriname
241510,E-mail Marketing,2025-03-03,Não Convertido,,0.0,Moderado,San Marino
241511,TikTok,2025-03-06,Não Convertido,,0.0,Agressivo,Slovakia (Slovak Republic)
241512,Google Ads,2025-03-04,Não Convertido,,0.0,Moderado,Myanmar
241513,Orgânico,2025-03-03,Não Convertido,,0.0,Moderado,Azerbaijan
241514,WhatsApp,2025-03-03,Não Convertido,,0.0,Conservador,Djibouti
241515,TikTok,2025-03-08,Não Convertido,,0.0,Desconhecido,United Arab Emirates
241516,TikTok,2025-03-08,Não Convertido,,0.0,Agressivo,Heard Island and McDonald Islands
241517,E-mail Marketing,2025-03-06,Não Convertido,,0.0,Agressivo,Jamaica
241518,YouTube Ads,2025-03-03,Não Convertido,,0.0,Conservador,Bulgaria
241519,Instagram,2025-03-06,Não Convertido,,0.0,Moderado,Indonesia
241520,Orgânico,2025-03-04,Não Convertido,,0.0,Moderado,Belarus
241521,WhatsApp,2025-03-06,Não Convertido,,0.0,Agressivo,Mongolia
241522,E-mail Marketing,2025-03-05,Não Convertido,,0.0,Conservador,Equatorial Guinea
241523,Orgânico,2025-03-03,Não Convertido,,0.0,Moderado,Norfolk Island
241524,Indicação,2025-03-04,Não Convertido,,0.0,Moderado,Seychelles
241525,E-mail Marketing,2025-03-06,Não Convertido,,0.0,Moderado,Bahrain
241526,TikTok,2025-03-04,Não Convertido,,0.0,Agressivo,Ethiopia
241527,Orgânico,2025-03-03,Não Convertido,,0.0,Agressivo,Denmark
241528,TikTok,2025-03-07,Não Convertido,,0.0,Agressivo,Mayotte
241529,YouTube Ads,2025-03-07,Não Convertido,,0.0,Agressivo,Faroe Islands
241530,Google Ads,2025-03-05,Não Convertido,,0.0,Moderado,Togo
241531,YouTube Ads,2025-03-06,Não Convertido,,0.0,Agressivo,Maldives
241532,E-mail Marketing,2025-03-08,Não Convertido,,0.0,Desconhecido,Togo
241533,Instagram,2025-03-05,Não Convertido,,0.0,Conservador,Taiwan
241534,TikTok,2025-03-07,Não Convertido,,0.0,Agressivo,Turks and Caicos Islands
241535,YouTube Ads,2025-03-07,Não Convertido,,0.0,Desconhecido,Serbia
241536,Orgânico,2025-03-03,Não Convertido,,0.0,Agressivo,Netherlands Antilles
241537,YouTube Ads,2025-03-08,Não Convertido,,0.0,Moderado,China
241538,Orgânico,2025-03-08,Não Convertido,,0.0,Moderado,China
241539,Google Ads,2025-03-07,Não Convertido,,0.0,Moderado,United States Virgin Islands
241540,Orgânico,2025-03-06,Convertido,5.0,1565.45,Agressivo,Montserrat
241541,Google Ads,2025-03-03,Não Convertido,,0.0,Moderado,Cape Verde
241542,Orgânico,2025-03-03,Não Convertido,,0.0,Moderado,Panama
241543,Indicação,2025-03-04,Não Convertido,,0.0,Moderado,Slovenia
241544,Orgânico,2025-03-08,Não Convertido,,0.0,Moderado,North Macedonia
241545,TikTok,2025-03-04,Não Convertido,,0.0,Conservador,Togo
241546,Orgânico,2025-03-07,Não Convertido,,0.0,Moderado,North Macedonia
241547,WhatsApp,2025-03-03,Não Convertido,,0.0,Agressivo,China
241548,Indicação,2025-03-05,Não Convertido,,0.0,Agressivo,Pakistan
241549,Instagram,2025-03-04,Não Convertido,,0.0,Moderado,Mauritius
241550,WhatsApp,2025-03-08,Não Convertido,,0.0,Moderado,Tanzania
241551,WhatsApp,2025-03-03,Não Convertido,,0.0,Moderado,Azerbaijan
241552,Google Ads,2025-03-08,Não Convertido,,0.0,Agressivo,Estonia
241553,WhatsApp,2025-03-03,Não Convertido,,0.0,Conservador,Italy
241554,Google Ads,2025-03-03,Não Convertido,,0.0,Desconhecido,Barbados
241555,TikTok,2025-03-08,Não Convertido,,0.0,Conservador,Cocos (Keeling) Islands
241556,YouTube Ads,2025-03-03,Não Convertido,,0.0,Moderado,Croatia
241557,Google Ads,2025-03-08,Não Convertido,,0.0,Moderado,Angola
241558,WhatsApp,2025-03-03,Não Convertido,,0.0,Desconhecido,Monaco
241559,Google Ads,2025-03-05,Não Convertido,,0.0,Desconhecido,Fiji
241560,E-mail Marketing,2025-03-05,Não Convertido,,0.0,Agressivo,Solomon Islands
241561,Instagram,2025-03-06,Não Convertido,,0.0,Desconhecido,Guam
241562,E-mail Marketing,2025-03-03,Não Convertido,,0.0,Moderado,Mozambique
241563,Orgânico,2025-03-04,Não Convertido,,0.0,Agressivo,Algeria
241564,Orgânico,2025-03-08,Não Convertido,,0.0,Moderado,Bahrain
241565,TikTok,2025-03-04,Não Convertido,,0.0,Moderado,Austria
241566,TikTok,2025-03-05,Não Convertido,,0.0,Conservador,Wallis and Futuna
241567,E-mail Marketing,2025-03-05,Não Convertido,,0.0,Moderado,Bahrain
241568,Orgânico,2025-03-07,Convertido,20.0,6159.96,Agressivo,Ghana
241569,Facebook,2025-03-08,Não Convertido,,0.0,Agressivo,Jordan
241570,Facebook,2025-03-08,Não Convertido,,0.0,Agressivo,Jordan
241571,Facebook,2025-03-06,Não Convertido,,0.0,Agressivo,Belarus
241572,E-mail Marketing,2025-03-06,Não Convertido,,0.0,Moderado,Burkina Faso
241573,Instagram,2025-03-05,Não Convertido,,0.0,Conservador,Morocco
241574,Orgânico,2025-03-07,Não Convertido,,0.0,Moderado,Spain
241575,Orgânico,2025-03-08,Não Convertido,,0.0,Moderado,French Guiana
241576,TikTok,2025-03-04,Não Convertido,,0.0,Conservador,Chad
241577,WhatsApp,2025-03-08,Não Convertido,,0.0,Agressivo,Montserrat
241578,Indicação,2025-03-04,Não Convertido,,0.0,Moderado,Dominican Republic
241579,Orgânico,2025-03-07,Não Convertido,,0.0,Desconhecido,Sao Tome and Principe
241580,E-mail Marketing,2025-03-05,Não Convertido,,0.0,Agressivo,Lithuania
241581,Instagram,2025-03-06,Não Convertido,,0.0,Desconhecido,Guinea-Bissau
241582,WhatsApp,2025-03-05,Não Convertido,,0.0,Agressivo,Bolivia
241583,TikTok,2025-03-07,Convertido,24.0,2729.65,Agressivo,Malta
241584,E-mail Marketing,2025-03-08,Não Convertido,,0.0,Conservador,Aruba
241585,Google Ads,2025-03-07,Não Convertido,,0.0,Agressivo,Marshall Islands
241586,Facebook,2025-03-04,Não Convertido,,0.0,Agressivo,Norway
241587,Instagram,2025-03-05,Não Convertido,,0.0,Moderado,Chile
241588,Orgânico,2025-03-03,Não Convertido,,0.0,Agressivo,Denmark
241589,Google Ads,2025-03-07,Convertido,3.0,4551.54,Moderado,Senegal
241590,WhatsApp,2025-03-05,Não Convertido,,0.0,Conservador,Djibouti
241591,TikTok,2025-03-06,Não Convertido,,0.0,Agressivo,Bangladesh
241592,Google Ads,2025-03-04,Não Convertido,,0.0,Moderado,Papua New Guinea
241593,Orgânico,2025-03-08,Não Convertido,,0.0,Agressivo,Jamaica
241594,E-mail Marketing,2025-03-04,Não Convertido,,0.0,Moderado,Turks and Caicos Islands
241595,Facebook,2025-03-06,Não Convertido,,0.0,Moderado,United States Virgin Islands
241596,WhatsApp,2025-03-04,Não Convertido,,0.0,Conservador,Comoros
241597,Orgânico,2025-03-08,Não Convertido,,0.0,Agressivo,Netherlands
241598,E-mail Marketing,2025-03-04,Não Convertido,,0.0,Moderado,Cocos (Keeling) Islands
241599,WhatsApp,2025-03-05,Convertido,23.0,5558.48,Moderado,Niue
241600,E-mail Marketing,2025-03-05,Não Convertido,,0.0,Agressivo,Maldives
241601,Orgânico,2025-03-07,Não Convertido,,0.0,Conservador,Jamaica
241602,Instagram,2025-03-06,Não Convertido,,0.0,Moderado,Saint Kitts and Nevis
241603,E-mail Marketing,2025-03-04,Não Convertido,,0.0,Moderado,Belgium
241604,Orgânico,2025-03-04,Não Convertido,,0.0,Moderado,Christmas Island
241605,Instagram,2025-03-04,Não Convertido,,0.0,Moderado,Latvia
241606,Google Ads,2025-03-08,Não Convertido,,0.0,Moderado,Jersey
241607,Google Ads,2025-03-03,Não Convertido,,0.0,Moderado,Solomon Islands
241608,Orgânico,2025-03-04,Não Convertido,,0.0,Moderado,Burkina Faso
241609,Orgânico,2025-03-03,Não Convertido,,0.0,Agressivo,Tonga
241610,Indicação,2025-03-03,Não Convertido,,0.0,Moderado,Zimbabwe
241611,WhatsApp,2025-03-05,Convertido,27.0,2525.33,Desconhecido,Norway
241612,Indicação,2025-03-03,Convertido,5.0,1575.03,Conservador,Puerto Rico
241613,Orgânico,2025-03-06,Não Convertido,,0.0,Moderado,Paraguay
241614,Google Ads,2025-03-06,Não Convertido,,0.0,Moderado,Lebanon
241615,Orgânico,2025-03-06,Não Convertido,,0.0,Conservador,Taiwan
241616,Google Ads,2025-03-06,Não Convertido,,0.0,Moderado,Cape Verde
241617,Instagram,2025-03-06,Não Convertido,,0.0,Moderado,Antigua and Barbuda
241618,TikTok,2025-03-05,Não Convertido,,0.0,Conservador,Korea
241619,Facebook,2025-03-08,Não Convertido,,0.0,Moderado,Israel
241620,WhatsApp,2025-03-07,Não Convertido,,0.0,Desconhecido,Cameroon
241621,Orgânico,2025-03-07,Não Convertido,,0.0,Moderado,Brunei Darussalam
241622,Facebook,2025-03-06,Não Convertido,,0.0,Agressivo,Afghanistan
241623,Orgânico,2025-03-04,Não Convertido,,0.0,Agressivo,Libyan Arab Jamahiriya
241624,Orgânico,2025-03-06,Não Convertido,,0.0,Conservador,Netherlands Antilles
241625,Instagram,2025-03-06,Não Convertido,,0.0,Conservador,Netherlands
241626,Facebook,2025-03-05,Não Convertido,,0.0,Agressivo,Qatar
241627,Facebook,2025-03-07,Não Convertido,,0.0,Moderado,Libyan Arab Jamahiriya
241628,Google Ads,2025-03-04,Não Convertido,,0.0,Moderado,Cyprus
241629,Orgânico,2025-03-07,Não Convertido,,0.0,Moderado,Croatia
241630,E-mail Marketing,2025-03-08,Não Convertido,,0.0,Agressivo,Cote d'Ivoire
241631,Facebook,2025-03-07,Não Convertido,,0.0,Agressivo,Pitcairn Islands
241632,Indicação,2025-03-07,Não Convertido,,0.0,Agressivo,Thailand
241633,E-mail Marketing,2025-03-08,Não Convertido,,0.0,Agressivo,Tajikistan
241634,Orgânico,2025-03-07,Não Convertido,,0.0,Agressivo,Eritrea
241635,Instagram,2025-03-03,Convertido,14.0,3109.56,Moderado,Cameroon
241636,Instagram,2025-03-03,Não Convertido,,0.0,Conservador,Argentina
241637,Google Ads,2025-03-07,Não Convertido,,0.0,Conservador,Nauru
241638,YouTube Ads,2025-03-03,Não Convertido,,0.0,Moderado,Aruba
241639,Facebook,2025-03-06,Não Convertido,,0.0,Moderado,Samoa
241640,E-mail Marketing,2025-03-05,Não Convertido,,0.0,Moderado,Belarus
241641,Indicação,2025-03-05,Não Convertido,,0.0,Agressivo,Grenada
241642,Instagram,2025-03-07,Não Convertido,,0.0,Moderado,Bolivia
241643,Instagram,2025-03-08,Não Convertido,,0.0,Agressivo,Chile
241644,YouTube Ads,2025-03-07,Não Convertido,,0.0,Moderado,Pitcairn Islands
241645,WhatsApp,2025-03-06,Não Convertido,,0.0,Conservador,Cambodia
241646,TikTok,2025-03-05,Não Convertido,,0.0,Agressivo,Chile
241647,Instagram,2025-03-05,Não Convertido,,0.0,Desconhecido,Mauritania
241648,Orgânico,2025-03-04,Não Convertido,,0.0,Agressivo,Monaco
241649,WhatsApp,2025-03-03,Não Convertido,,0.0,Moderado,Faroe Islands
241650,E-mail Marketing,2025-03-05,Não Convertido,,0.0,Moderado,Qatar
241651,Google Ads,2025-03-07,Não Convertido,,0.0,Moderado,Nigeria
241652,TikTok,2025-03-03,Não Convertido,,0.0,Conservador,New Caledonia
241653,Orgânico,2025-03-06,Não Convertido,,0.0,Conservador,Holy See (Vatican City State)
241654,Facebook,2025-03-04,Não Convertido,,0.0,Moderado,British Virgin Islands
241655,Orgânico,2025-03-03,Não Convertido,,0.0,Conservador,Kiribati
241656,Orgânico,2025-03-06,Não Convertido,,0.0,Moderado,Isle of Man
241657,Orgânico,2025-03-03,Não Convertido,,0.0,Conservador,Kenya
241658,Instagram,2025-03-07,Não Convertido,,0.0,Moderado,Ghana
241659,Instagram,2025-03-07,Não Convertido,,0.0,Agressivo,Anguilla
241660,Instagram,2025-03-06,Não Convertido,,0.0,Moderado,New Caledonia
241661,Instagram,2025-03-04,Não Convertido,,0.0,Agressivo,Latvia
241662,Instagram,2025-03-08,Não Convertido,,0.0,Agressivo,Guadeloupe
241663,Instagram,2025-03-03,Não Convertido,,0.0,Moderado,Reunion
241664,Indicação,2025-03-08,Não Convertido,,0.0,Agressivo,South Georgia and the South Sandwich Islands
241665,TikTok,2025-03-08,Não Convertido,,0.0,Moderado,Tanzania
241666,Instagram,2025-03-08,Não Convertido,,0.0,Moderado,Colombia
241667,TikTok,2025-03-03,Não Convertido,,0.0,Agressivo,Israel
241668,TikTok,2025-03-08,Não Convertido,,0.0,Moderado,Togo
241669,Orgânico,2025-03-08,Não Convertido,,0.0,Agressivo,Guyana
241670,TikTok,2025-03-05,Não Convertido,,0.0,Moderado,Grenada
241671,YouTube Ads,2025-03-04,Não Convertido,,0.0,Agressivo,Swaziland
241672,Google Ads,2025-03-05,Não Convertido,,0.0,Moderado,Chile
241673,Facebook,2025-03-03,Não Convertido,,0.0,Agressivo,Comoros
241674,Instagram,2025-03-06,Não Convertido,,0.0,Conservador,Uzbekistan
241675,Indicação,2025-03-05,Não Convertido,,0.0,Agressivo,United States Virgin Islands
241676,Facebook,2025-03-08,Não Convertido,,0.0,Conservador,North Macedonia
241677,Indicação,2025-03-05,Não Convertido,,0.0,Agressivo,Mozambique
241678,WhatsApp,2025-03-06,Não Convertido,,0.0,Desconhecido,Canada
241679,TikTok,2025-03-05,Não Convertido,,0.0,Moderado,Belgium
241680,Instagram,2025-03-08,Não Convertido,,0.0,Agressivo,Kiribati
241681,Google Ads,2025-03-07,Não Convertido,,0.0,Conservador,Kiribati
241682,Instagram,2025-03-04,Não Convertido,,0.0,Moderado,Angola
241683,Instagram,2025-03-06,Não Convertido,,0.0,Agressivo,Belgium
241684,TikTok,2025-03-04,Não Convertido,,0.0,Moderado,Tuvalu
241685,Instagram,2025-03-04,Não Convertido,,0.0,Moderado,Saudi Arabia
241686,Google Ads,2025-03-06,Não Convertido,,0.0,Moderado,Solomon Islands
241687,E-mail Marketing,2025-03-06,Não Convertido,,0.0,Conservador,Tonga
241688,E-mail Marketing,2025-03-05,Não Convertido,,0.0,Moderado,Lao People's Democratic Republic
241689,TikTok,2025-03-03,Não Convertido,,0.0,Agressivo,Korea
241690,WhatsApp,2025-03-07,Não Convertido,,0.0,Moderado,Namibia
241691,Orgânico,2025-03-06,Não Convertido,,0.0,Conservador,Belgium
241692,Orgânico,2025-03-06,Não Convertido,,0.0,Agressivo,Turks and Caicos Islands
241693,TikTok,2025-03-03,Não Convertido,,0.0,Moderado,Seychelles
241694,Orgânico,2025-03-04,Não Convertido,,0.0,Agressivo,New Caledonia
241695,Orgânico,2025-03-08,Não Convertido,,0.0,Agressivo,Dominica
241696,Orgânico,2025-03-06,Não Convertido,,0.0,Moderado,Cameroon
241697,Facebook,2025-03-07,Convertido,23.0,254.81,Agressivo,Uruguay
241698,Orgânico,2025-03-04,Não Convertido,,0.0,Agressivo,Tuvalu
241699,E-mail Marketing,2025-03-06,Não Convertido,,0.0,Agressivo,Serbia
241700,E-mail Marketing,2025-03-05,Não Convertido,,0.0,Moderado,Martinique
241701,Orgânico,2025-03-08,Não Convertido,,0.0,Conservador,Monaco
241702,TikTok,2025-03-04,Não Convertido,,0.0,Moderado,Western Sahara
241703,E-mail Marketing,2025-03-04,Não Convertido,,0.0,Conservador,Bolivia
241704,WhatsApp,2025-03-07,Não Convertido,,0.0,Agressivo,Singapore
241705,Instagram,2025-03-06,Convertido,2.0,929.29,Desconhecido,Latvia
241706,Orgânico,2025-03-07,Convertido,29.0,8311.82,Moderado,Pakistan
241707,Instagram,2025-03-06,Não Convertido,,0.0,Conservador,Liberia
241708,TikTok,2025-03-06,Não Convertido,,0.0,Moderado,Maldives
241709,Instagram,2025-03-04,Não Convertido,,0.0,Desconhecido,Ecuador
241710,Orgânico,2025-03-07,Não Convertido,,0.0,Conservador,South Georgia and the South Sandwich Islands
241711,YouTube Ads,2025-03-07,Convertido,15.0,1490.45,Moderado,Jamaica
241712,WhatsApp,2025-03-04,Convertido,25.0,2444.07,Moderado,Kuwait
241713,TikTok,2025-03-05,Não Convertido,,0.0,Conservador,Bhutan
241714,Instagram,2025-03-03,Não Convertido,,0.0,Moderado,Angola
241715,Orgânico,2025-03-08,Não Convertido,,0.0,Agressivo,Mayotte
241716,Google Ads,2025-03-04,Não Convertido,,0.0,Moderado,United Arab Emirates
241717,Facebook,2025-03-03,Não Convertido,,0.0,Moderado,Kuwait
241718,Instagram,2025-03-04,Não Convertido,,0.0,Desconhecido,Qatar
241719,Google Ads,2025-03-08,Não Convertido,,0.0,Desconhecido,Jamaica
241720,Facebook,2025-03-08,Não Convertido,,0.0,Agressivo,Egypt
241721,YouTube Ads,2025-03-05,Não Convertido,,0.0,Desconhecido,Mayotte
241722,Google Ads,2025-03-08,Não Convertido,,0.0,Agressivo,Belarus
241723,E-mail Marketing,2025-03-07,Não Convertido,,0.0,Moderado,United States Minor Outlying Islands
241724,Indicação,2025-03-08,Não Convertido,,0.0,Conservador,Luxembourg
241725,Instagram,2025-03-08,Não Convertido,,0.0,Moderado,Saint Kitts and Nevis
241726,E-mail Marketing,2025-03-03,Não Convertido,,0.0,Moderado,Comoros
241727,Indicação,2025-03-06,Não Convertido,,0.0,Agressivo,El Salvador
241728,Instagram,2025-03-03,Não Convertido,,0.0,Moderado,Pakistan
241729,Instagram,2025-03-04,Não Convertido,,0.0,Agressivo,Belize
241730,TikTok,2025-03-03,Não Convertido,,0.0,Agressivo,Montserrat
241731,Orgânico,2025-03-03,Não Convertido,,0.0,Conservador,Mauritania
241732,Google Ads,2025-03-05,Não Convertido,,0.0,Moderado,Monaco
241733,WhatsApp,2025-03-08,Não Convertido,,0.0,Moderado,Afghanistan
241734,Orgânico,2025-03-03,Não Convertido,,0.0,Desconhecido,United States Virgin Islands
241735,Facebook,2025-03-05,Não Convertido,,0.0,Conservador,Mexico
241736,Orgânico,2025-03-05,Não Convertido,,0.0,Agressivo,India
241737,Facebook,2025-03-07,Não Convertido,,0.0,Desconhecido,New Caledonia
241738,TikTok,2025-03-08,Não Convertido,,0.0,Conservador,Papua New Guinea
241739,Google Ads,2025-03-06,Não Convertido,,0.0,Desconhecido,Mali
241740,Orgânico,2025-03-08,Não Convertido,,0.0,Agressivo,French Guiana
241741,YouTube Ads,2025-03-04,Não Convertido,,0.0,Conservador,Ukraine
241742,TikTok,2025-03-06,Não Convertido,,0.0,Moderado,Saint Helena
241743,Instagram,2025-03-08,Não Convertido,,0.0,Desconhecido,Seychelles
241744,YouTube Ads,2025-03-06,Não Convertido,,0.0,Conservador,Honduras
241745,Google Ads,2025-03-05,Não Convertido,,0.0,Conservador,Guam
241746,Google Ads,2025-03-05,Não Convertido,,0.0,Conservador,Hungary
241747,Orgânico,2025-03-05,Não Convertido,,0.0,Moderado,Korea
241748,Facebook,2025-03-07,Não Convertido,,0.0,Agressivo,United Kingdom
241749,TikTok,2025-03-07,Convertido,9.0,3192.35,Moderado,Mauritius
241750,TikTok,2025-03-03,Não Convertido,,0.0,Agressivo,Guam
241751,Facebook,2025-03-06,Não Convertido,,0.0,Moderado,Denmark
241752,TikTok,2025-03-06,Não Convertido,,0.0,Desconhecido,Chile
241753,Orgânico,2025-03-07,Não Convertido,,0.0,Conservador,Luxembourg
241754,Indicação,2025-03-05,Não Convertido,,0.0,Moderado,French Polynesia
241755,Instagram,2025-03-07,Não Convertido,,0.0,Agressivo,Liberia
241756,YouTube Ads,2025-03-06,Não Convertido,,0.0,Agressivo,Oman
241757,Facebook,2025-03-08,Não Convertido,,0.0,Moderado,Slovakia (Slovak Republic)
241758,Orgânico,2025-03-08,Não Convertido,,0.0,Desconhecido,Saint Lucia
241759,YouTube Ads,2025-03-08,Não Convertido,,0.0,Conservador,Argentina
241760,Orgânico,2025-03-06,Não Convertido,,0.0,Moderado,Saudi Arabia
241761,Instagram,2025-03-06,Não Convertido,,0.0,Moderado,Saint Martin
241762,YouTube Ads,2025-03-06,Não Convertido,,0.0,Moderado,Angola
241763,Facebook,2025-03-06,Não Convertido,,0.0,Agressivo,Cocos (Keeling) Islands
241764,Orgânico,2025-03-05,Não Convertido,,0.0,Desconhecido,Russian Federation
241765,Google Ads,2025-03-03,Não Convertido,,0.0,Agressivo,Saint Kitts and Nevis
241766,WhatsApp,2025-03-03,Não Convertido,,0.0,Agressivo,Madagascar
241767,Orgânico,2025-03-06,Não Convertido,,0.0,Moderado,Congo
241768,Google Ads,2025-03-06,Não Convertido,,0.0,Moderado,Monaco
241769,Instagram,2025-03-07,Não Convertido,,0.0,Moderado,Norway
241770,Google Ads,2025-03-07,Não Convertido,,0.0,Moderado,Tonga
241771,YouTube Ads,2025-03-08,Não Convertido,,0.0,Agressivo,Tuvalu
241772,WhatsApp,2025-03-04,Não Convertido,,0.0,Agressivo,Svalbard & Jan Mayen Islands
241773,TikTok,2025-03-04,Não Convertido,,0.0,Conservador,Cyprus
241774,TikTok,2025-03-05,Não Convertido,,0.0,Moderado,Lebanon
241775,Orgânico,2025-03-05,Não Convertido,,0.0,Moderado,Algeria
241776,Orgânico,2025-03-06,Não Convertido,,0.0,Agressivo,Saint Pierre and Miquelon
241777,TikTok,2025-03-04,Não Convertido,,0.0,Moderado,Martinique
241778,Orgânico,2025-03-07,Não Convertido,,0.0,Conservador,Bahrain
241779,WhatsApp,2025-03-07,Não Convertido,,0.0,Desconhecido,Namibia
241780,Orgânico,2025-03-04,Não Convertido,,0.0,Agressivo,Falkland Islands (Malvinas)
241781,TikTok,2025-03-04,Não Convertido,,0.0,Moderado,Belize
241782,Google Ads,2025-03-03,Não Convertido,,0.0,Moderado,British Indian Ocean Territory (Chagos Archipelago)
241783,Orgânico,2025-03-08,Convertido,19.0,5286.15,Conservador,Tajikistan
241784,Google Ads,2025-03-07,Não Convertido,,0.0,Agressivo,Mauritius
241785,E-mail Marketing,2025-03-04,Não Convertido,,0.0,Moderado,United Arab Emirates
241786,Orgânico,2025-03-06,Não Convertido,,0.0,Moderado,Namibia
241787,Facebook,2025-03-06,Não Convertido,,0.0,Conservador,Hong Kong
241788,Facebook,2025-03-05,Não Convertido,,0.0,Desconhecido,Guatemala
241789,Facebook,2025-03-06,Não Convertido,,0.0,Conservador,Saudi Arabia
241790,Indicação,2025-03-06,Não Convertido,,0.0,Desconhecido,Rwanda
241791,Google Ads,2025-03-07,Não Convertido,,0.0,Moderado,Turks and Caicos Islands
241792,Indicação,2025-03-04,Não Convertido,,0.0,Moderado,Palestinian Territory
241793,Orgânico,2025-03-05,Não Convertido,,0.0,Conservador,Estonia
241794,YouTube Ads,2025-03-08,Não Convertido,,0.0,Agressivo,Cook Islands
241795,WhatsApp,2025-03-03,Não Convertido,,0.0,Conservador,Senegal
241796,E-mail Marketing,2025-03-08,Não Convertido,,0.0,Moderado,Maldives
241797,YouTube Ads,2025-03-05,Não Convertido,,0.0,Desconhecido,Burkina Faso
241798,Orgânico,2025-03-03,Convertido,4.0,2262.05,Desconhecido,Mexico
241799,Facebook,2025-03-04,Não Convertido,,0.0,Agressivo,Saint Lucia
241800,E-mail Marketing,2025-03-06,Não Convertido,,0.0,Conservador,Wallis and Futuna
241801,Orgânico,2025-03-04,Não Convertido,,0.0,Moderado,United Kingdom
241802,TikTok,2025-03-08,Não Convertido,,0.0,Moderado,Saudi Arabia
241803,E-mail Marketing,2025-03-08,Não Convertido,,0.0,Moderado,Lao People's Democratic Republic
241804,Orgânico,2025-03-03,Não Convertido,,0.0,Agressivo,Sweden
241805,TikTok,2025-03-06,Não Convertido,,0.0,Moderado,Denmark
241806,Instagram,2025-03-03,Não Convertido,,0.0,Agressivo,Slovakia (Slovak Republic)
241807,TikTok,2025-03-05,Não Convertido,,0.0,Moderado,Zambia
241808,Orgânico,2025-03-04,Não Convertido,,0.0,Moderado,San Marino
241809,Instagram,2025-03-03,Não Convertido,,0.0,Agressivo,Guernsey
241810,Instagram,2025-03-04,Não Convertido,,0.0,Conservador,Hungary
241811,Orgânico,2025-03-07,Não Convertido,,0.0,Conservador,Uzbekistan
241812,E-mail Marketing,2025-03-05,Não Convertido,,0.0,Moderado,Denmark
241813,Google Ads,2025-03-03,Não Convertido,,0.0,Conservador,Portugal
241814,Orgânico,2025-03-04,Não Convertido,,0.0,Agressivo,Uganda
241815,Facebook,2025-03-08,Não Convertido,,0.0,Moderado,Israel
241816,Instagram,2025-03-03,Não Convertido,,0.0,Agressivo,Saint Barthelemy
241817,Facebook,2025-03-08,Não Convertido,,0.0,Desconhecido,Germany
241818,TikTok,2025-03-04,Não Convertido,,0.0,Moderado,Isle of Man
241819,E-mail Marketing,2025-03-03,Não Convertido,,0.0,Agressivo,Colombia
241820,Instagram,2025-03-07,Não Convertido,,0.0,Conservador,Iraq
241821,Google Ads,2025-03-05,Não Convertido,,0.0,Moderado,Turkmenistan
241822,Instagram,2025-03-04,Não Convertido,,0.0,Desconhecido,Germany
241823,E-mail Marketing,2025-03-05,Não Convertido,,0.0,Agressivo,Korea
241824,Indicação,2025-03-04,Não Convertido,,0.0,Moderado,Mexico
241825,E-mail Marketing,2025-03-07,Não Convertido,,0.0,Moderado,Afghanistan
241826,Facebook,2025-03-07,Não Convertido,,0.0,Agressivo,French Guiana
241827,Orgânico,2025-03-04,Não Convertido,,0.0,Moderado,Cocos (Keeling) Islands
241828,Instagram,2025-03-03,Não Convertido,,0.0,Agressivo,United Arab Emirates
241829,TikTok,2025-03-07,Não Convertido,,0.0,Desconhecido,Liberia
241830,E-mail Marketing,2025-03-06,Não Convertido,,0.0,Agressivo,Kuwait
241831,TikTok,2025-03-06,Não Convertido,,0.0,Desconhecido,Suriname
241832,WhatsApp,2025-03-06,Não Convertido,,0.0,Moderado,Vanuatu
241833,TikTok,2025-03-06,Não Convertido,,0.0,Moderado,Zambia
241834,Instagram,2025-03-03,Não Convertido,,0.0,Agressivo,Honduras
241835,YouTube Ads,2025-03-03,Não Convertido,,0.0,Agressivo,Vietnam
241836,Instagram,2025-03-07,Não Convertido,,0.0,Agressivo,Brunei Darussalam
241837,Orgânico,2025-03-03,Não Convertido,,0.0,Moderado,Guyana
241838,YouTube Ads,2025-03-07,Não Convertido,,0.0,Conservador,Saint Vincent and the Grenadines
241839,Instagram,2025-03-04,Não Convertido,,0.0,Conservador,Brazil
241840,Orgânico,2025-03-05,Não Convertido,,0.0,Desconhecido,Germany
241841,Google Ads,2025-03-06,Não Convertido,,0.0,Conservador,Slovenia
241842,Indicação,2025-03-03,Não Convertido,,0.0,Agressivo,Mexico
241843,Google Ads,2025-03-08,Não Convertido,,0.0,Agressivo,Trinidad and Tobago
241844,E-mail Marketing,2025-03-05,Não Convertido,,0.0,Moderado,Nigeria
241845,Instagram,2025-03-07,Não Convertido,,0.0,Moderado,Ethiopia
241846,Instagram,2025-03-05,Não Convertido,,0.0,Moderado,Cambodia
241847,YouTube Ads,2025-03-07,Não Convertido,,0.0,Agressivo,Nicaragua
241848,Google Ads,2025-03-06,Não Convertido,,0.0,Agressivo,Pitcairn Islands
241849,Instagram,2025-03-03,Convertido,27.0,2573.83,Agressivo,Maldives
241850,WhatsApp,2025-03-08,Não Convertido,,0.0,Agressivo,Western Sahara
241851,E-mail Marketing,2025-03-04,Não Convertido,,0.0,Moderado,Congo
241852,Instagram,2025-03-03,Não Convertido,,0.0,Moderado,Tuvalu
241853,Orgânico,2025-03-06,Não Convertido,,0.0,Agressivo,Greece
241854,YouTube Ads,2025-03-06,Não Convertido,,0.0,Moderado,Cameroon
241855,E-mail Marketing,2025-03-07,Não Convertido,,0.0,Moderado,Seychelles
241856,YouTube Ads,2025-03-08,Não Convertido,,0.0,Moderado,Vietnam
241857,Indicação,2025-03-08,Não Convertido,,0.0,Agressivo,Bulgaria
241858,Instagram,2025-03-05,Convertido,13.0,5494.55,Moderado,Guyana
241859,E-mail Marketing,2025-03-06,Não Convertido,,0.0,Desconhecido,Mauritius
241860,Orgânico,2025-03-03,Não Convertido,,0.0,Moderado,Switzerland
241861,TikTok,2025-03-06,Não Convertido,,0.0,Moderado,Lebanon
241862,Orgânico,2025-03-04,Não Convertido,,0.0,Moderado,Pakistan
241863,YouTube Ads,2025-03-04,Convertido,8.0,2023.37,Agressivo,Nicaragua
241864,E-mail Marketing,2025-03-06,Não Convertido,,0.0,Agressivo,Chad
241865,Facebook,2025-03-03,Não Convertido,,0.0,Desconhecido,Gabon
241866,Orgânico,2025-03-04,Não Convertido,,0.0,Moderado,Angola
241867,Orgânico,2025-03-07,Não Convertido,,0.0,Moderado,Mauritius
241868,Orgânico,2025-03-08,Não Convertido,,0.0,Conservador,Martinique
241869,Facebook,2025-03-06,Não Convertido,,0.0,Agressivo,Guinea-Bissau
241870,Orgânico,2025-03-03,Não Convertido,,0.0,Agressivo,Israel
241871,TikTok,2025-03-06,Não Convertido,,0.0,Moderado,Ethiopia
241872,YouTube Ads,2025-03-06,Não Convertido,,0.0,Agressivo,Russian Federation
241873,Facebook,2025-03-03,Não Convertido,,0.0,Moderado,North Macedonia
241874,WhatsApp,2025-03-04,Não Convertido,,0.0,Agressivo,Antigua and Barbuda
241875,WhatsApp,2025-03-03,Não Convertido,,0.0,Moderado,Nigeria
241876,TikTok,2025-03-08,Não Convertido,,0.0,Moderado,New Caledonia
241877,Facebook,2025-03-04,Não Convertido,,0.0,Moderado,Rwanda
241878,TikTok,2025-03-03,Não Convertido,,0.0,Moderado,Saint Vincent and the Grenadines
241879,Orgânico,2025-03-04,Não Convertido,,0.0,Moderado,Antigua and Barbuda
241880,Google Ads,2025-03-05,Não Convertido,,0.0,Agressivo,Northern Mariana Islands
241881,Orgânico,2025-03-08,Não Convertido,,0.0,Agressivo,Eritrea
241882,WhatsApp,2025-03-04,Não Convertido,,0.0,Moderado,Western Sahara
241883,E-mail Marketing,2025-03-06,Não Convertido,,0.0,Conservador,Qatar
241884,Orgânico,2025-03-06,Não Convertido,,0.0,Moderado,Aruba
241885,TikTok,2025-03-03,Não Convertido,,0.0,Agressivo,Bhutan
241886,Orgânico,2025-03-05,Não Convertido,,0.0,Moderado,Guadeloupe
241887,WhatsApp,2025-03-08,Não Convertido,,0.0,Agressivo,Colombia
241888,TikTok,2025-03-08,Não Convertido,,0.0,Moderado,French Guiana
241889,Google Ads,2025-03-08,Não Convertido,,0.0,Agressivo,Cambodia
241890,Indicação,2025-03-05,Não Convertido,,0.0,Desconhecido,Palestinian Territory
241891,Indicação,2025-03-07,Não Convertido,,0.0,Moderado,Colombia
241892,WhatsApp,2025-03-08,Não Convertido,,0.0,Moderado,Mozambique
241893,Orgânico,2025-03-08,Não Convertido,,0.0,Moderado,Iraq
241894,Indicação,2025-03-05,Não Convertido,,0.0,Desconhecido,Luxembourg
241895,YouTube Ads,2025-03-07,Não Convertido,,0.0,Moderado,Barbados
241896,Facebook,2025-03-08,Não Convertido,,0.0,Desconhecido,Vanuatu
241897,Google Ads,2025-03-08,Não Convertido,,0.0,Agressivo,Nigeria
241898,Orgânico,2025-03-07,Não Convertido,,0.0,Moderado,Senegal
241899,E-mail Marketing,2025-03-04,Não Convertido,,0.0,Desconhecido,Sao Tome and Principe
241900,Orgânico,2025-03-08,Não Convertido,,0.0,Conservador,Guernsey
241901,E-mail Marketing,2025-03-04,Não Convertido,,0.0,Desconhecido,Venezuela
241902,Orgânico,2025-03-05,Não Convertido,,0.0,Moderado,Denmark
241903,Google Ads,2025-03-03,Não Convertido,,0.0,Moderado,Bolivia
241904,Instagram,2025-03-07,Não Convertido,,0.0,Agressivo,Sao Tome and Principe
241905,Facebook,2025-03-08,Não Convertido,,0.0,Desconhecido,Pitcairn Islands
241906,Orgânico,2025-03-06,Não Convertido,,0.0,Moderado,Aruba
241907,WhatsApp,2025-03-07,Não Convertido,,0.0,Desconhecido,Oman
241908,Google Ads,2025-03-06,Não Convertido,,0.0,Moderado,Burundi
241909,Instagram,2025-03-04,Não Convertido,,0.0,Conservador,Burkina Faso
241910,Orgânico,2025-03-04,Convertido,13.0,9526.04,Agressivo,Burundi
241911,Orgânico,2025-03-03,Não Convertido,,0.0,Agressivo,Norfolk Island
241912,Facebook,2025-03-07,Não Convertido,,0.0,Conservador,Lithuania
241913,E-mail Marketing,2025-03-04,Não Convertido,,0.0,Conservador,Barbados
241914,YouTube Ads,2025-03-05,Não Convertido,,0.0,Moderado,Nigeria
241915,E-mail Marketing,2025-03-05,Não Convertido,,0.0,Agressivo,Spain
241916,E-mail Marketing,2025-03-06,Não Convertido,,0.0,Desconhecido,United States Minor Outlying Islands
241917,TikTok,2025-03-07,Não Convertido,,0.0,Agressivo,Somalia
241918,YouTube Ads,2025-03-03,Não Convertido,,0.0,Moderado,Samoa
241919,Facebook,2025-03-03,Convertido,26.0,3306.08,Agressivo,Bermuda
241920,WhatsApp,2025-03-04,Não Convertido,,0.0,Conservador,Montenegro
241921,Google Ads,2025-03-04,Não Convertido,,0.0,Moderado,Saint Barthelemy
241922,Orgânico,2025-03-05,Convertido,22.0,7268.93,Agressivo,Zimbabwe
241923,Orgânico,2025-03-07,Não Convertido,,0.0,Conservador,Egypt
241924,Facebook,2025-03-07,Não Convertido,,0.0,Conservador,Pitcairn Islands
241925,TikTok,2025-03-07,Não Convertido,,0.0,Moderado,Dominica
241926,Orgânico,2025-03-05,Não Convertido,,0.0,Agressivo,Guinea
241927,Orgânico,2025-03-08,Não Convertido,,0.0,Agressivo,Saint Helena
241928,E-mail Marketing,2025-03-05,Não Convertido,,0.0,Conservador,Japan
241929,TikTok,2025-03-08,Não Convertido,,0.0,Desconhecido,Kiribati
241930,Google Ads,2025-03-05,Não Convertido,,0.0,Conservador,Saint Kitts and Nevis
241931,WhatsApp,2025-03-08,Não Convertido,,0.0,Moderado,Mexico
241932,Orgânico,2025-03-08,Não Convertido,,0.0,Agressivo,Cote d'Ivoire
241933,Google Ads,2025-03-07,Não Convertido,,0.0,Moderado,Mexico
241934,Orgânico,2025-03-03,Não Convertido,,0.0,Agressivo,Austria
241935,Facebook,2025-03-03,Não Convertido,,0.0,Desconhecido,United States Minor Outlying Islands
241936,Orgânico,2025-03-05,Não Convertido,,0.0,Conservador,Romania
241937,E-mail Marketing,2025-03-03,Não Convertido,,0.0,Agressivo,Ghana
241938,WhatsApp,2025-03-05,Não Convertido,,0.0,Moderado,Paraguay
241939,Facebook,2025-03-07,Não Convertido,,0.0,Conservador,Congo
241940,Instagram,2025-03-08,Não Convertido,,0.0,Agressivo,Maldives
241941,Instagram,2025-03-04,Não Convertido,,0.0,Agressivo,Angola
241942,TikTok,2025-03-04,Não Convertido,,0.0,Agressivo,Puerto Rico
241943,Instagram,2025-03-03,Não Convertido,,0.0,Moderado,Taiwan
241944,Orgânico,2025-03-07,Não Convertido,,0.0,Agressivo,Cuba
241945,E-mail Marketing,2025-03-05,Não Convertido,,0.0,Moderado,French Polynesia
241946,Instagram,2025-03-04,Não Convertido,,0.0,Moderado,Guinea
241947,WhatsApp,2025-03-08,Não Convertido,,0.0,Moderado,Antigua and Barbuda
241948,Orgânico,2025-03-05,Não Convertido,,0.0,Moderado,Togo
241949,Google Ads,2025-03-08,Não Convertido,,0.0,Conservador,New Caledonia
241950,Facebook,2025-03-03,Não Convertido,,0.0,Moderado,Ireland
241951,Instagram,2025-03-06,Não Convertido,,0.0,Agressivo,Belgium
241952,Google Ads,2025-03-06,Não Convertido,,0.0,Conservador,Andorra
241953,Google Ads,2025-03-07,Não Convertido,,0.0,Agressivo,Botswana
241954,TikTok,2025-03-08,Não Convertido,,0.0,Moderado,Slovakia (Slovak Republic)
241955,Orgânico,2025-03-06,Não Convertido,,0.0,Moderado,Palestinian Territory
241956,Instagram,2025-03-05,Não Convertido,,0.0,Conservador,Afghanistan
241957,Instagram,2025-03-03,Não Convertido,,0.0,Moderado,Bosnia and Herzegovina
241958,Orgânico,2025-03-05,Não Convertido,,0.0,Moderado,French Polynesia
241959,Facebook,2025-03-08,Não Convertido,,0.0,Agressivo,Albania
241960,E-mail Marketing,2025-03-08,Não Convertido,,0.0,Agressivo,Guadeloupe
241961,Orgânico,2025-03-06,Não Convertido,,0.0,Moderado,Christmas Island
241962,Instagram,2025-03-06,Não Convertido,,0.0,Moderado,Reunion
241963,Orgânico,2025-03-05,Não Convertido,,0.0,Moderado,Italy
241964,TikTok,2025-03-06,Não Convertido,,0.0,Moderado,Serbia
241965,WhatsApp,2025-03-07,Não Convertido,,0.0,Moderado,Greenland
241966,Facebook,2025-03-07,Não Convertido,,0.0,Conservador,Macao
241967,Google Ads,2025-03-07,Não Convertido,,0.0,Agressivo,Saint Barthelemy
241968,Orgânico,2025-03-06,Convertido,24.0,5973.47,Moderado,Armenia
241969,WhatsApp,2025-03-06,Não Convertido,,0.0,Moderado,Rwanda
241970,Indicação,2025-03-04,Não Convertido,,0.0,Moderado,Mauritius
241971,Orgânico,2025-03-05,Não Convertido,,0.0,Moderado,Seychelles
241972,TikTok,2025-03-04,Não Convertido,,0.0,Agressivo,Martinique
241973,TikTok,2025-03-08,Não Convertido,,0.0,Agressivo,Papua New Guinea
241974,TikTok,2025-03-07,Não Convertido,,0.0,Moderado,Zambia
241975,Instagram,2025-03-05,Não Convertido,,0.0,Agressivo,Uzbekistan
241976,Instagram,2025-03-04,Não Convertido,,0.0,Agressivo,Vanuatu
241977,Orgânico,2025-03-06,Não Convertido,,0.0,Agressivo,Montenegro
241978,Orgânico,2025-03-06,Não Convertido,,0.0,Agressivo,Qatar
241979,Instagram,2025-03-06,Não Convertido,,0.0,Moderado,British Indian Ocean Territory (Chagos Archipelago)
241980,TikTok,2025-03-05,Não Convertido,,0.0,Agressivo,Netherlands
241981,Orgânico,2025-03-05,Não Convertido,,0.0,Desconhecido,Guyana
241982,Facebook,2025-03-04,Não Convertido,,0.0,Conservador,Belgium
241983,WhatsApp,2025-03-08,Não Convertido,,0.0,Moderado,Mozambique
241984,WhatsApp,2025-03-07,Não Convertido,,0.0,Conservador,Barbados
241985,E-mail Marketing,2025-03-07,Não Convertido,,0.0,Moderado,Guinea-Bissau
241986,Instagram,2025-03-05,Não Convertido,,0.0,Moderado,Israel
241987,Google Ads,2025-03-08,Não Convertido,,0.0,Moderado,Azerbaijan
241988,Instagram,2025-03-06,Não Convertido,,0.0,Moderado,Guernsey
241989,YouTube Ads,2025-03-04,Não Convertido,,0.0,Agressivo,Costa Rica
241990,Facebook,2025-03-03,Não Convertido,,0.0,Agressivo,Aruba
241991,TikTok,2025-03-05,Não Convertido,,0.0,Moderado,Fiji
241992,Instagram,2025-03-06,Não Convertido,,0.0,Conservador,Tonga
241993,Orgânico,2025-03-08,Não Convertido,,0.0,Desconhecido,South Georgia and the South Sandwich Islands
241994,E-mail Marketing,2025-03-08,Não Convertido,,0.0,Moderado,United States Minor Outlying Islands
241995,WhatsApp,2025-03-03,Convertido,0.0,1582.52,Agressivo,British Indian Ocean Territory (Chagos Archipelago)
241996,Google Ads,2025-03-07,Não Convertido,,0.0,Conservador,Benin
241997,Orgânico,2025-03-06,Não Convertido,,0.0,Moderado,Grenada
241998,Instagram,2025-03-04,Não Convertido,,0.0,Moderado,Mongolia
241999,Indicação,2025-03-07,Não Convertido,,0.0,Moderado,Dominican Republic
242000,Orgânico,2025-03-03,Não Convertido,,0.0,Moderado,United States Minor Outlying Islands
242001,Orgânico,2025-03-04,Não Convertido,,0.0,Moderado,Cote d'Ivoire
242002,TikTok,2025-03-04,Não Convertido,,0.0,Moderado,Netherlands Antilles
242003,Orgânico,2025-03-04,Não Convertido,,0.0,Conservador,Ghana
242004,YouTube Ads,2025-03-06,Não Convertido,,0.0,Moderado,Gibraltar
242005,WhatsApp,2025-03-06,Não Convertido,,0.0,Agressivo,United Kingdom
242006,WhatsApp,2025-03-05,Não Convertido,,0.0,Moderado,Guam
242007,Google Ads,2025-03-08,Não Convertido,,0.0,Agressivo,United States Virgin Islands
242008,Orgânico,2025-03-03,Não Convertido,,0.0,Conservador,Iraq
242009,Facebook,2025-03-08,Não Convertido,,0.0,Moderado,Japan
242010,E-mail Marketing,2025-03-05,Não Convertido,,0.0,Moderado,Nicaragua
242011,TikTok,2025-03-05,Não Convertido,,0.0,Conservador,British Virgin Islands
242012,Orgânico,2025-03-06,Não Convertido,,0.0,Conservador,Libyan Arab Jamahiriya
242013,Orgânico,2025-03-05,Não Convertido,,0.0,Agressivo,Benin
242014,Google Ads,2025-03-07,Não Convertido,,0.0,Moderado,Svalbard & Jan Mayen Islands
242015,Google Ads,2025-03-07,Não Convertido,,0.0,Agressivo,Svalbard & Jan Mayen Islands
242016,Facebook,2025-03-05,Não Convertido,,0.0,Agressivo,Cote d'Ivoire
242017,YouTube Ads,2025-03-05,Não Convertido,,0.0,Moderado,United Arab Emirates
242018,Orgânico,2025-03-06,Não Convertido,,0.0,Moderado,French Polynesia
242019,E-mail Marketing,2025-03-04,Não Convertido,,0.0,Moderado,Bangladesh
242020,E-mail Marketing,2025-03-05,Não Convertido,,0.0,Agressivo,Bolivia
242021,Instagram,2025-03-06,Não Convertido,,0.0,Moderado,South Georgia and the South Sandwich Islands
242022,Indicação,2025-03-08,Não Convertido,,0.0,Conservador,Afghanistan
242023,TikTok,2025-03-07,Não Convertido,,0.0,Moderado,Micronesia
242024,Facebook,2025-03-04,Não Convertido,,0.0,Agressivo,San Marino
242025,YouTube Ads,2025-03-07,Não Convertido,,0.0,Moderado,Holy See (Vatican City State)
242026,Instagram,2025-03-03,Não Convertido,,0.0,Conservador,French Polynesia
242027,E-mail Marketing,2025-03-07,Não Convertido,,0.0,Moderado,Bermuda
242028,Orgânico,2025-03-05,Convertido,7.0,5938.7,Agressivo,Aruba
242029,WhatsApp,2025-03-05,Não Convertido,,0.0,Desconhecido,Paraguay
242030,Orgânico,2025-03-08,Não Convertido,,0.0,Moderado,Norfolk Island
242031,TikTok,2025-03-05,Não Convertido,,0.0,Desconhecido,Netherlands
242032,Facebook,2025-03-08,Não Convertido,,0.0,Moderado,Comoros
242033,Orgânico,2025-03-06,Não Convertido,,0.0,Moderado,Bermuda
242034,TikTok,2025-03-04,Não Convertido,,0.0,Moderado,Aruba
242035,WhatsApp,2025-03-03,Não Convertido,,0.0,Agressivo,Gambia
242036,WhatsApp,2025-03-05,Não Convertido,,0.0,Moderado,Slovenia
242037,Instagram,2025-03-08,Não Convertido,,0.0,Agressivo,Thailand
242038,Instagram,2025-03-07,Não Convertido,,0.0,Agressivo,Serbia
242039,Instagram,2025-03-06,Não Convertido,,0.0,Moderado,French Southern Territories
242040,Orgânico,2025-03-08,Não Convertido,,0.0,Agressivo,Guadeloupe
242041,E-mail Marketing,2025-03-08,Não Convertido,,0.0,Moderado,Falkland Islands (Malvinas)
242042,Indicação,2025-03-07,Não Convertido,,0.0,Conservador,Algeria
242043,Instagram,2025-03-08,Não Convertido,,0.0,Desconhecido,Saudi Arabia
242044,E-mail Marketing,2025-03-06,Convertido,1.0,8076.21,Conservador,Nigeria
242045,Google Ads,2025-03-03,Não Convertido,,0.0,Moderado,United States Minor Outlying Islands
242046,Facebook,2025-03-07,Não Convertido,,0.0,Desconhecido,British Virgin Islands
242047,Orgânico,2025-03-06,Não Convertido,,0.0,Agressivo,Central African Republic
242048,Orgânico,2025-03-08,Não Convertido,,0.0,Moderado,Martinique
242049,Google Ads,2025-03-05,Não Convertido,,0.0,Agressivo,Burkina Faso
242050,Instagram,2025-03-06,Não Convertido,,0.0,Agressivo,Togo
242051,WhatsApp,2025-03-08,Convertido,7.0,2108.75,Desconhecido,Bermuda
242052,Orgânico,2025-03-04,Não Convertido,,0.0,Agressivo,Christmas Island
242053,Orgânico,2025-03-07,Não Convertido,,0.0,Moderado,Botswana
242054,Instagram,2025-03-08,Não Convertido,,0.0,Agressivo,Kiribati
242055,Orgânico,2025-03-05,Não Convertido,,0.0,Moderado,Korea
242056,TikTok,2025-03-03,Não Convertido,,0.0,Agressivo,Saint Barthelemy
242057,Instagram,2025-03-06,Não Convertido,,0.0,Agressivo,French Southern Territories
242058,Instagram,2025-03-06,Não Convertido,,0.0,Agressivo,Burundi
242059,Google Ads,2025-03-04,Não Convertido,,0.0,Moderado,Dominican Republic
242060,TikTok,2025-03-05,Não Convertido,,0.0,Agressivo,Norfolk Island
242061,E-mail Marketing,2025-03-07,Não Convertido,,0.0,Conservador,Guinea
242062,YouTube Ads,2025-03-06,Não Convertido,,0.0,Agressivo,France
242063,TikTok,2025-03-06,Não Convertido,,0.0,Agressivo,Montserrat
242064,E-mail Marketing,2025-03-03,Não Convertido,,0.0,Agressivo,Georgia
242065,Google Ads,2025-03-05,Não Convertido,,0.0,Desconhecido,Turkey
242066,Orgânico,2025-03-07,Convertido,20.0,6882.61,Moderado,Jordan
242067,Google Ads,2025-03-03,Não Convertido,,0.0,Moderado,French Polynesia
242068,TikTok,2025-03-07,Não Convertido,,0.0,Moderado,Albania
242069,Orgânico,2025-03-03,Não Convertido,,0.0,Conservador,Saint Lucia
242070,E-mail Marketing,2025-03-04,Convertido,9.0,5645.28,Agressivo,Niger
242071,Google Ads,2025-03-05,Não Convertido,,0.0,Conservador,Colombia
242072,E-mail Marketing,2025-03-03,Não Convertido,,0.0,Moderado,Macao
242073,E-mail Marketing,2025-03-08,Não Convertido,,0.0,Conservador,Jordan
242074,TikTok,2025-03-03,Não Convertido,,0.0,Agressivo,Gibraltar
242075,Orgânico,2025-03-08,Não Convertido,,0.0,Moderado,North Macedonia
242076,TikTok,2025-03-04,Não Convertido,,0.0,Agressivo,Dominica
242077,Facebook,2025-03-06,Não Convertido,,0.0,Conservador,Saint Kitts and Nevis
242078,E-mail Marketing,2025-03-04,Não Convertido,,0.0,Moderado,Estonia
242079,Orgânico,2025-03-05,Não Convertido,,0.0,Agressivo,Afghanistan
242080,Orgânico,2025-03-07,Não Convertido,,0.0,Agressivo,Austria
242081,Facebook,2025-03-04,Não Convertido,,0.0,Desconhecido,Swaziland
242082,Orgânico,2025-03-04,Não Convertido,,0.0,Conservador,Nauru
242083,Orgânico,2025-03-06,Convertido,13.0,2628.47,Moderado,China
242084,Orgânico,2025-03-07,Não Convertido,,0.0,Agressivo,Western Sahara
242085,Instagram,2025-03-03,Não Convertido,,0.0,Conservador,Micronesia
242086,E-mail Marketing,2025-03-08,Não Convertido,,0.0,Agressivo,Liberia
242087,YouTube Ads,2025-03-08,Não Convertido,,0.0,Conservador,Myanmar
242088,Instagram,2025-03-04,Não Convertido,,0.0,Conservador,Holy See (Vatican City State)
242089,TikTok,2025-03-06,Não Convertido,,0.0,Conservador,New Caledonia
242090,YouTube Ads,2025-03-05,Não Convertido,,0.0,Moderado,Liechtenstein
242091,Orgânico,2025-03-08,Não Convertido,,0.0,Agressivo,Colombia
242092,Facebook,2025-03-03,Não Convertido,,0.0,Conservador,Hong Kong
242093,Orgânico,2025-03-05,Não Convertido,,0.0,Agressivo,British Indian Ocean Territory (Chagos Archipelago)
242094,Instagram,2025-03-03,Não Convertido,,0.0,Agressivo,Spain
242095,Orgânico,2025-03-03,Não Convertido,,0.0,Moderado,Dominica
242096,Orgânico,2025-03-05,Não Convertido,,0.0,Desconhecido,Uruguay
242097,Instagram,2025-03-06,Não Convertido,,0.0,Moderado,Brazil
242098,Indicação,2025-03-08,Não Convertido,,0.0,Agressivo,Netherlands
242099,Indicação,2025-03-07,Não Convertido,,0.0,Moderado,Botswana
242100,Facebook,2025-03-07,Não Convertido,,0.0,Agressivo,Togo
242101,E-mail Marketing,2025-03-06,Não Convertido,,0.0,Moderado,Saint Helena
242102,E-mail Marketing,2025-03-03,Não Convertido,,0.0,Moderado,Slovenia
242103,TikTok,2025-03-03,Não Convertido,,0.0,Moderado,Kiribati
242104,Google Ads,2025-03-03,Não Convertido,,0.0,Conservador,Greenland
242105,TikTok,2025-03-03,Não Convertido,,0.0,Conservador,Montenegro
242106,Orgânico,2025-03-05,Não Convertido,,0.0,Desconhecido,Guinea
242107,YouTube Ads,2025-03-05,Não Convertido,,0.0,Moderado,Venezuela
242108,TikTok,2025-03-07,Não Convertido,,0.0,Moderado,Brunei Darussalam
242109,E-mail Marketing,2025-03-03,Não Convertido,,0.0,Moderado,Russian Federation
242110,Indicação,2025-03-06,Não Convertido,,0.0,Conservador,South Africa
242111,Orgânico,2025-03-08,Não Convertido,,0.0,Agressivo,Saint Kitts and Nevis
242112,Instagram,2025-03-07,Não Convertido,,0.0,Conservador,Ireland
242113,Instagram,2025-03-03,Não Convertido,,0.0,Moderado,Cape Verde
242114,Orgânico,2025-03-03,Não Convertido,,0.0,Moderado,Montenegro
242115,Facebook,2025-03-04,Não Convertido,,0.0,Desconhecido,Ghana
242116,Instagram,2025-03-03,Não Convertido,,0.0,Moderado,Gambia
242117,TikTok,2025-03-05,Não Convertido,,0.0,Conservador,Yemen
242118,YouTube Ads,2025-03-05,Não Convertido,,0.0,Moderado,Cote d'Ivoire
242119,Orgânico,2025-03-07,Não Convertido,,0.0,Conservador,Philippines
242120,Facebook,2025-03-08,Não Convertido,,0.0,Agressivo,Uruguay
242121,TikTok,2025-03-03,Não Convertido,,0.0,Agressivo,Tokelau
242122,TikTok,2025-03-03,Não Convertido,,0.0,Agressivo,Martinique
242123,E-mail Marketing,2025-03-03,Não Convertido,,0.0,Conservador,Cote d'Ivoire
242124,TikTok,2025-03-04,Não Convertido,,0.0,Desconhecido,Kiribati
242125,WhatsApp,2025-03-04,Não Convertido,,0.0,Agressivo,Grenada
242126,E-mail Marketing,2025-03-08,Não Convertido,,0.0,Agressivo,Kiribati
242127,TikTok,2025-03-07,Não Convertido,,0.0,Moderado,Falkland Islands (Malvinas)
242128,Instagram,2025-03-06,Não Convertido,,0.0,Desconhecido,Iraq
242129,TikTok,2025-03-04,Não Convertido,,0.0,Moderado,Kiribati
242130,E-mail Marketing,2025-03-03,Convertido,16.0,5197.33,Moderado,Qatar
242131,Facebook,2025-03-05,Não Convertido,,0.0,Agressivo,Barbados
242132,E-mail Marketing,2025-03-07,Não Convertido,,0.0,Conservador,Bolivia
242133,Google Ads,2025-03-07,Não Convertido,,0.0,Desconhecido,Bosnia and Herzegovina
242134,TikTok,2025-03-03,Não Convertido,,0.0,Conservador,Pitcairn Islands
242135,E-mail Marketing,2025-03-08,Não Convertido,,0.0,Conservador,Argentina
242136,YouTube Ads,2025-03-04,Convertido,2.0,3329.19,Agressivo,North Macedonia
242137,YouTube Ads,2025-03-07,Não Convertido,,0.0,Agressivo,Singapore
242138,YouTube Ads,2025-03-03,Não Convertido,,0.0,Desconhecido,Trinidad and Tobago
242139,Facebook,2025-03-08,Não Convertido,,0.0,Moderado,Maldives
242140,E-mail Marketing,2025-03-04,Não Convertido,,0.0,Moderado,Turkmenistan
242141,WhatsApp,2025-03-04,Não Convertido,,0.0,Moderado,Guatemala
242142,Facebook,2025-03-04,Não Convertido,,0.0,Conservador,Montenegro
242143,E-mail Marketing,2025-03-03,Não Convertido,,0.0,Conservador,San Marino
242144,Instagram,2025-03-06,Não Convertido,,0.0,Agressivo,Slovakia (Slovak Republic)
242145,TikTok,2025-03-08,Não Convertido,,0.0,Moderado,Tunisia
242146,Orgânico,2025-03-05,Não Convertido,,0.0,Agressivo,Angola
242147,Facebook,2025-03-05,Não Convertido,,0.0,Moderado,Korea
242148,WhatsApp,2025-03-03,Não Convertido,,0.0,Moderado,Congo
242149,E-mail Marketing,2025-03-03,Não Convertido,,0.0,Agressivo,Cayman Islands
242150,TikTok,2025-03-05,Não Convertido,,0.0,Agressivo,South Georgia and the South Sandwich Islands
242151,Google Ads,2025-03-05,Não Convertido,,0.0,Conservador,Paraguay
242152,Orgânico,2025-03-07,Não Convertido,,0.0,Moderado,United States Virgin Islands
242153,TikTok,2025-03-08,Não Convertido,,0.0,Moderado,Macao
242154,Orgânico,2025-03-08,Não Convertido,,0.0,Moderado,Grenada
242155,Orgânico,2025-03-05,Não Convertido,,0.0,Agressivo,American Samoa
242156,Google Ads,2025-03-07,Não Convertido,,0.0,Moderado,Libyan Arab Jamahiriya
242157,E-mail Marketing,2025-03-04,Não Convertido,,0.0,Conservador,Estonia
242158,Orgânico,2025-03-08,Não Convertido,,0.0,Moderado,Svalbard & Jan Mayen Islands
242159,Instagram,2025-03-04,Não Convertido,,0.0,Conservador,Zambia
242160,TikTok,2025-03-07,Não Convertido,,0.0,Agressivo,Greenland
242161,Orgânico,2025-03-04,Não Convertido,,0.0,Conservador,Puerto Rico
242162,Orgânico,2025-03-05,Não Convertido,,0.0,Agressivo,Burundi
242163,Orgânico,2025-03-08,Não Convertido,,0.0,Moderado,Guam
242164,Instagram,2025-03-05,Não Convertido,,0.0,Conservador,Ghana
242165,Facebook,2025-03-06,Não Convertido,,0.0,Desconhecido,Congo
242166,E-mail Marketing,2025-03-06,Não Convertido,,0.0,Conservador,Croatia
242167,WhatsApp,2025-03-04,Não Convertido,,0.0,Moderado,Botswana
242168,Indicação,2025-03-07,Não Convertido,,0.0,Agressivo,Faroe Islands
242169,TikTok,2025-03-05,Não Convertido,,0.0,Agressivo,French Southern Territories
242170,Google Ads,2025-03-04,Não Convertido,,0.0,Moderado,Venezuela
242171,Google Ads,2025-03-04,Não Convertido,,0.0,Desconhecido,San Marino
242172,Orgânico,2025-03-03,Não Convertido,,0.0,Conservador,Paraguay
242173,Google Ads,2025-03-07,Não Convertido,,0.0,Moderado,Guernsey
242174,Instagram,2025-03-03,Não Convertido,,0.0,Agressivo,Chile
242175,Instagram,2025-03-05,Não Convertido,,0.0,Moderado,Nauru
242176,E-mail Marketing,2025-03-03,Não Convertido,,0.0,Moderado,Saint Vincent and the Grenadines
242177,Instagram,2025-03-03,Não Convertido,,0.0,Conservador,Madagascar
242178,TikTok,2025-03-04,Não Convertido,,0.0,Moderado,Cuba
242179,Instagram,2025-03-07,Não Convertido,,0.0,Conservador,Germany
242180,Google Ads,2025-03-08,Não Convertido,,0.0,Moderado,Uzbekistan
242181,WhatsApp,2025-03-03,Não Convertido,,0.0,Moderado,Saint Vincent and the Grenadines
242182,TikTok,2025-03-06,Não Convertido,,0.0,Agressivo,Kazakhstan
242183,Orgânico,2025-03-08,Não Convertido,,0.0,Agressivo,French Guiana
242184,Instagram,2025-03-07,Não Convertido,,0.0,Conservador,Ecuador
242185,Instagram,2025-03-08,Não Convertido,,0.0,Conservador,Barbados
242186,Orgânico,2025-03-08,Não Convertido,,0.0,Conservador,Philippines
242187,TikTok,2025-03-03,Não Convertido,,0.0,Moderado,Switzerland
242188,E-mail Marketing,2025-03-06,Não Convertido,,0.0,Conservador,Chad
242189,Instagram,2025-03-08,Não Convertido,,0.0,Moderado,Belarus
242190,E-mail Marketing,2025-03-04,Não Convertido,,0.0,Conservador,Malaysia
242191,Orgânico,2025-03-03,Não Convertido,,0.0,Agressivo,Nepal
242192,Facebook,2025-03-05,Não Convertido,,0.0,Agressivo,Tuvalu
242193,WhatsApp,2025-03-08,Não Convertido,,0.0,Moderado,Comoros
242194,Orgânico,2025-03-07,Não Convertido,,0.0,Agressivo,Gabon
242195,WhatsApp,2025-03-05,Não Convertido,,0.0,Moderado,Saint Martin
242196,TikTok,2025-03-05,Não Convertido,,0.0,Moderado,Lao People's Democratic Republic
242197,Orgânico,2025-03-07,Não Convertido,,0.0,Conservador,Croatia
242198,TikTok,2025-03-08,Não Convertido,,0.0,Agressivo,Luxembourg
242199,WhatsApp,2025-03-03,Não Convertido,,0.0,Conservador,United Kingdom
242200,Orgânico,2025-03-04,Convertido,1.0,2684.69,Moderado,New Caledonia
242201,Google Ads,2025-03-07,Não Convertido,,0.0,Conservador,Netherlands Antilles
242202,Google Ads,2025-03-05,Não Convertido,,0.0,Agressivo,Zimbabwe
242203,Facebook,2025-03-05,Não Convertido,,0.0,Moderado,Saint Pierre and Miquelon
242204,Instagram,2025-03-05,Não Convertido,,0.0,Conservador,Svalbard & Jan Mayen Islands
242205,YouTube Ads,2025-03-04,Não Convertido,,0.0,Agressivo,Saint Barthelemy
242206,Facebook,2025-03-08,Não Convertido,,0.0,Moderado,Guatemala
242207,Instagram,2025-03-05,Não Convertido,,0.0,Moderado,Zimbabwe
242208,TikTok,2025-03-06,Não Convertido,,0.0,Conservador,Honduras
242209,TikTok,2025-03-04,Não Convertido,,0.0,Moderado,Vanuatu
242210,Instagram,2025-03-03,Não Convertido,,0.0,Moderado,Togo
242211,Instagram,2025-03-05,Convertido,10.0,8822.17,Moderado,Northern Mariana Islands
242212,WhatsApp,2025-03-08,Não Convertido,,0.0,Agressivo,Montenegro
242213,Facebook,2025-03-07,Não Convertido,,0.0,Moderado,Croatia
242214,Orgânico,2025-03-08,Não Convertido,,0.0,Agressivo,Holy See (Vatican City State)
242215,E-mail Marketing,2025-03-04,Não Convertido,,0.0,Moderado,Honduras
242216,E-mail Marketing,2025-03-05,Convertido,16.0,834.57,Agressivo,Tonga
242217,Facebook,2025-03-08,Não Convertido,,0.0,Desconhecido,Cook Islands
242218,Google Ads,2025-03-04,Não Convertido,,0.0,Moderado,Moldova
242219,WhatsApp,2025-03-05,Não Convertido,,0.0,Conservador,Mayotte
242220,E-mail Marketing,2025-03-06,Não Convertido,,0.0,Moderado,Congo
242221,TikTok,2025-03-03,Não Convertido,,0.0,Moderado,Vanuatu
242222,TikTok,2025-03-04,Não Convertido,,0.0,Conservador,Brazil
242223,Google Ads,2025-03-05,Não Convertido,,0.0,Agressivo,Burkina Faso
242224,WhatsApp,2025-03-03,Não Convertido,,0.0,Moderado,Madagascar
242225,E-mail Marketing,2025-03-04,Não Convertido,,0.0,Conservador,Bouvet Island (Bouvetoya)
242226,Orgânico,2025-03-06,Não Convertido,,0.0,Agressivo,Malta
242227,Orgânico,2025-03-08,Não Convertido,,0.0,Agressivo,Singapore
242228,Instagram,2025-03-04,Não Convertido,,0.0,Agressivo,Turkmenistan
242229,Instagram,2025-03-05,Convertido,16.0,6373.84,Agressivo,Bulgaria
242230,Facebook,2025-03-07,Não Convertido,,0.0,Conservador,Anguilla
242231,WhatsApp,2025-03-05,Não Convertido,,0.0,Agressivo,Australia
242232,YouTube Ads,2025-03-04,Não Convertido,,0.0,Conservador,Slovenia
242233,TikTok,2025-03-05,Não Convertido,,0.0,Agressivo,French Southern Territories
242234,Instagram,2025-03-06,Não Convertido,,0.0,Moderado,Solomon Islands
242235,E-mail Marketing,2025-03-03,Não Convertido,,0.0,Moderado,Bermuda
242236,Orgânico,2025-03-08,Convertido,10.0,7215.28,Moderado,Nigeria
242237,Instagram,2025-03-05,Não Convertido,,0.0,Moderado,Brunei Darussalam
242238,TikTok,2025-03-03,Não Convertido,,0.0,Conservador,Bhutan
242239,TikTok,2025-03-06,Não Convertido,,0.0,Moderado,North Macedonia
242240,Orgânico,2025-03-05,Não Convertido,,0.0,Agressivo,Iceland
242241,Orgânico,2025-03-03,Não Convertido,,0.0,Conservador,Tajikistan
242242,E-mail Marketing,2025-03-04,Não Convertido,,0.0,Desconhecido,Malaysia
242243,E-mail Marketing,2025-03-03,Não Convertido,,0.0,Agressivo,Syrian Arab Republic
242244,E-mail Marketing,2025-03-05,Não Convertido,,0.0,Agressivo,San Marino
242245,Facebook,2025-03-07,Não Convertido,,0.0,Conservador,Mexico
242246,Indicação,2025-03-07,Não Convertido,,0.0,Agressivo,Guyana
242247,Orgânico,2025-03-06,Não Convertido,,0.0,Conservador,Solomon Islands
242248,YouTube Ads,2025-03-03,Não Convertido,,0.0,Moderado,Saint Kitts and Nevis
242249,Orgânico,2025-03-05,Não Convertido,,0.0,Moderado,Israel
242250,YouTube Ads,2025-03-06,Não Convertido,,0.0,Moderado,Ukraine
242251,TikTok,2025-03-06,Não Convertido,,0.0,Conservador,Nicaragua
242252,YouTube Ads,2025-03-03,Não Convertido,,0.0,Moderado,Saint Kitts and Nevis
242253,YouTube Ads,2025-03-05,Não Convertido,,0.0,Moderado,Kazakhstan
242254,E-mail Marketing,2025-03-04,Não Convertido,,0.0,Conservador,Guinea-Bissau
242255,TikTok,2025-03-07,Não Convertido,,0.0,Moderado,Macao
242256,Instagram,2025-03-04,Não Convertido,,0.0,Moderado,Trinidad and Tobago
242257,Instagram,2025-03-06,Não Convertido,,0.0,Moderado,Singapore
242258,Google Ads,2025-03-08,Não Convertido,,0.0,Moderado,Palau
242259,Google Ads,2025-03-06,Não Convertido,,0.0,Moderado,Mayotte
242260,Facebook,2025-03-08,Não Convertido,,0.0,Moderado,Switzerland
242261,Instagram,2025-03-06,Não Convertido,,0.0,Moderado,Egypt
242262,Orgânico,2025-03-03,Não Convertido,,0.0,Desconhecido,United States Virgin Islands
242263,Orgânico,2025-03-04,Convertido,28.0,9595.95,Moderado,Somalia
242264,YouTube Ads,2025-03-07,Não Convertido,,0.0,Moderado,Kazakhstan
242265,Facebook,2025-03-04,Não Convertido,,0.0,Conservador,Philippines
242266,Instagram,2025-03-04,Não Convertido,,0.0,Agressivo,Rwanda
242267,YouTube Ads,2025-03-04,Não Convertido,,0.0,Agressivo,Turkmenistan
242268,Instagram,2025-03-04,Não Convertido,,0.0,Moderado,Barbados
242269,Facebook,2025-03-04,Não Convertido,,0.0,Agressivo,Tanzania
242270,Instagram,2025-03-06,Não Convertido,,0.0,Agressivo,United States Virgin Islands
242271,Orgânico,2025-03-08,Não Convertido,,0.0,Conservador,Heard Island and McDonald Islands
242272,Google Ads,2025-03-08,Não Convertido,,0.0,Conservador,Indonesia
242273,Facebook,2025-03-04,Não Convertido,,0.0,Agressivo,Qatar
242274,Instagram,2025-03-07,Não Convertido,,0.0,Agressivo,Saudi Arabia
242275,YouTube Ads,2025-03-06,Não Convertido,,0.0,Desconhecido,Uganda
242276,TikTok,2025-03-06,Não Convertido,,0.0,Moderado,Algeria
242277,E-mail Marketing,2025-03-03,Não Convertido,,0.0,Moderado,Burkina Faso
242278,Instagram,2025-03-06,Não Convertido,,0.0,Moderado,Dominica
242279,WhatsApp,2025-03-05,Não Convertido,,0.0,Conservador,Nicaragua
242280,Orgânico,2025-03-06,Não Convertido,,0.0,Desconhecido,Turkmenistan
242281,Orgânico,2025-03-04,Não Convertido,,0.0,Moderado,Guam
242282,YouTube Ads,2025-03-03,Não Convertido,,0.0,Agressivo,Saint Vincent and the Grenadines
242283,E-mail Marketing,2025-03-07,Não Convertido,,0.0,Conservador,Cook Islands
242284,E-mail Marketing,2025-03-05,Não Convertido,,0.0,Moderado,Chile
242285,Google Ads,2025-03-08,Não Convertido,,0.0,Moderado,Iraq
242286,E-mail Marketing,2025-03-04,Não Convertido,,0.0,Conservador,Kazakhstan
242287,Google Ads,2025-03-08,Não Convertido,,0.0,Conservador,Cook Islands
242288,E-mail Marketing,2025-03-04,Não Convertido,,0.0,Agressivo,Antarctica (the territory South of 60 deg S)
242289,Google Ads,2025-03-04,Não Convertido,,0.0,Conservador,Ukraine
242290,E-mail Marketing,2025-03-04,Não Convertido,,0.0,Conservador,Bolivia
242291,TikTok,2025-03-06,Não Convertido,,0.0,Conservador,Benin
242292,Orgânico,2025-03-08,Não Convertido,,0.0,Conservador,Gabon
242293,Orgânico,2025-03-03,Não Convertido,,0.0,Conservador,France
242294,YouTube Ads,2025-03-08,Não Convertido,,0.0,Conservador,Cameroon
242295,Facebook,2025-03-08,Não Convertido,,0.0,Agressivo,Hong Kong
242296,TikTok,2025-03-05,Não Convertido,,0.0,Desconhecido,Brunei Darussalam
242297,Instagram,2025-03-05,Convertido,30.0,4170.01,Moderado,Serbia
242298,Orgânico,2025-03-07,Não Convertido,,0.0,Desconhecido,Eritrea
242299,YouTube Ads,2025-03-03,Não Convertido,,0.0,Conservador,Guernsey
242300,YouTube Ads,2025-03-06,Não Convertido,,0.0,Conservador,Uzbekistan
242301,Orgânico,2025-03-07,Não Convertido,,0.0,Conservador,United Kingdom
242302,Facebook,2025-03-07,Não Convertido,,0.0,Moderado,Solomon Islands
242303,E-mail Marketing,2025-03-03,Não Convertido,,0.0,Moderado,Niger
242304,E-mail Marketing,2025-03-05,Não Convertido,,0.0,Moderado,Reunion
242305,E-mail Marketing,2025-03-08,Não Convertido,,0.0,Moderado,Grenada
242306,Orgânico,2025-03-08,Não Convertido,,0.0,Moderado,Moldova
242307,Google Ads,2025-03-03,Não Convertido,,0.0,Moderado,Switzerland
242308,TikTok,2025-03-06,Não Convertido,,0.0,Agressivo,Norway
242309,Orgânico,2025-03-06,Não Convertido,,0.0,Moderado,Haiti
242310,TikTok,2025-03-04,Não Convertido,,0.0,Moderado,United Kingdom
242311,TikTok,2025-03-03,Convertido,18.0,7501.72,Moderado,Angola
242312,WhatsApp,2025-03-08,Não Convertido,,0.0,Agressivo,Croatia
242313,YouTube Ads,2025-03-06,Não Convertido,,0.0,Moderado,Uzbekistan
242314,Google Ads,2025-03-06,Não Convertido,,0.0,Desconhecido,Azerbaijan
242315,Facebook,2025-03-03,Não Convertido,,0.0,Moderado,Gambia
242316,Indicação,2025-03-06,Não Convertido,,0.0,Agressivo,Cape Verde
242317,YouTube Ads,2025-03-05,Não Convertido,,0.0,Conservador,Jordan
242318,Indicação,2025-03-05,Não Convertido,,0.0,Moderado,Sri Lanka
242319,YouTube Ads,2025-03-08,Não Convertido,,0.0,Conservador,Peru
242320,TikTok,2025-03-07,Não Convertido,,0.0,Moderado,Isle of Man
242321,TikTok,2025-03-03,Não Convertido,,0.0,Desconhecido,Taiwan
242322,WhatsApp,2025-03-08,Não Convertido,,0.0,Agressivo,Lao People's Democratic Republic
242323,Facebook,2025-03-07,Não Convertido,,0.0,Moderado,Canada
242324,E-mail Marketing,2025-03-05,Não Convertido,,0.0,Desconhecido,Congo
242325,Google Ads,2025-03-06,Convertido,15.0,2215.06,Moderado,Martinique
242326,Orgânico,2025-03-05,Não Convertido,,0.0,Conservador,Jordan
242327,Orgânico,2025-03-04,Não Convertido,,0.0,Agressivo,Samoa
242328,Orgânico,2025-03-07,Não Convertido,,0.0,Agressivo,Guernsey
242329,Orgânico,2025-03-04,Não Convertido,,0.0,Moderado,Lithuania
242330,Orgânico,2025-03-08,Convertido,1.0,7284.55,Moderado,Madagascar
242331,Orgânico,2025-03-03,Não Convertido,,0.0,Moderado,Czech Republic
242332,Instagram,2025-03-06,Não Convertido,,0.0,Moderado,Tunisia
242333,Indicação,2025-03-04,Não Convertido,,0.0,Moderado,Sri Lanka
242334,Google Ads,2025-03-04,Não Convertido,,0.0,Moderado,Peru
242335,Indicação,2025-03-08,Não Convertido,,0.0,Agressivo,Ireland
242336,YouTube Ads,2025-03-06,Não Convertido,,0.0,Conservador,Sierra Leone
242337,Instagram,2025-03-05,Não Convertido,,0.0,Moderado,Palau
242338,Orgânico,2025-03-05,Não Convertido,,0.0,Moderado,Central African Republic
242339,Orgânico,2025-03-06,Não Convertido,,0.0,Moderado,Uganda
242340,TikTok,2025-03-03,Não Convertido,,0.0,Moderado,Guadeloupe
242341,YouTube Ads,2025-03-04,Não Convertido,,0.0,Moderado,Libyan Arab Jamahiriya
242342,TikTok,2025-03-06,Não Convertido,,0.0,Agressivo,Mauritania
242343,WhatsApp,2025-03-08,Não Convertido,,0.0,Conservador,United States of America
242344,TikTok,2025-03-06,Não Convertido,,0.0,Moderado,Vanuatu
242345,WhatsApp,2025-03-03,Convertido,7.0,1875.2,Moderado,Nauru
242346,Orgânico,2025-03-05,Não Convertido,,0.0,Agressivo,Western Sahara
242347,Instagram,2025-03-03,Não Convertido,,0.0,Agressivo,Portugal
242348,YouTube Ads,2025-03-03,Convertido,5.0,4500.91,Agressivo,Zimbabwe
242349,Orgânico,2025-03-07,Não Convertido,,0.0,Moderado,Latvia
242350,Google Ads,2025-03-03,Não Convertido,,0.0,Agressivo,Colombia
242351,TikTok,2025-03-04,Não Convertido,,0.0,Agressivo,Namibia
242352,E-mail Marketing,2025-03-04,Não Convertido,,0.0,Moderado,Belgium
242353,Indicação,2025-03-07,Não Convertido,,0.0,Moderado,Liberia
242354,Instagram,2025-03-05,Não Convertido,,0.0,Conservador,Algeria
242355,Orgânico,2025-03-06,Não Convertido,,0.0,Conservador,Antigua and Barbuda
242356,Orgânico,2025-03-07,Não Convertido,,0.0,Desconhecido,Czech Republic
242357,WhatsApp,2025-03-07,Não Convertido,,0.0,Agressivo,Turks and Caicos Islands
242358,Instagram,2025-03-04,Não Convertido,,0.0,Moderado,Germany
242359,WhatsApp,2025-03-06,Não Convertido,,0.0,Desconhecido,Norfolk Island
242360,WhatsApp,2025-03-06,Não Convertido,,0.0,Desconhecido,Iran
242361,Google Ads,2025-03-06,Não Convertido,,0.0,Conservador,Togo
242362,Instagram,2025-03-04,Convertido,15.0,9189.5,Agressivo,Lesotho
242363,Orgânico,2025-03-03,Não Convertido,,0.0,Agressivo,Bangladesh
242364,WhatsApp,2025-03-07,Não Convertido,,0.0,Moderado,Sweden
242365,Facebook,2025-03-07,Convertido,10.0,5877.15,Moderado,Belize
242366,TikTok,2025-03-04,Não Convertido,,0.0,Moderado,Costa Rica
242367,TikTok,2025-03-07,Convertido,10.0,3755.0,Moderado,Falkland Islands (Malvinas)
242368,E-mail Marketing,2025-03-03,Não Convertido,,0.0,Agressivo,Saint Helena
242369,Instagram,2025-03-05,Não Convertido,,0.0,Moderado,Pakistan
242370,Orgânico,2025-03-04,Não Convertido,,0.0,Desconhecido,Turks and Caicos Islands
242371,Facebook,2025-03-06,Não Convertido,,0.0,Conservador,Greece
242372,Orgânico,2025-03-03,Não Convertido,,0.0,Agressivo,Dominican Republic
242373,Facebook,2025-03-06,Não Convertido,,0.0,Moderado,Burkina Faso
242374,Google Ads,2025-03-04,Não Convertido,,0.0,Conservador,Yemen
242375,WhatsApp,2025-03-08,Não Convertido,,0.0,Conservador,Malaysia
242376,E-mail Marketing,2025-03-07,Não Convertido,,0.0,Agressivo,Northern Mariana Islands
242377,Facebook,2025-03-04,Não Convertido,,0.0,Agressivo,Philippines
242378,E-mail Marketing,2025-03-08,Não Convertido,,0.0,Conservador,Chad
242379,Orgânico,2025-03-05,Não Convertido,,0.0,Moderado,Albania
242380,E-mail Marketing,2025-03-03,Não Convertido,,0.0,Agressivo,United Kingdom
242381,Orgânico,2025-03-06,Não Convertido,,0.0,Moderado,Namibia
242382,Instagram,2025-03-04,Não Convertido,,0.0,Moderado,Croatia
242383,WhatsApp,2025-03-08,Não Convertido,,0.0,Desconhecido,Denmark
242384,E-mail Marketing,2025-03-03,Não Convertido,,0.0,Moderado,Norway
242385,YouTube Ads,2025-03-05,Não Convertido,,0.0,Moderado,Somalia
242386,TikTok,2025-03-04,Não Convertido,,0.0,Conservador,Denmark
242387,Instagram,2025-03-07,Convertido,0.0,507.69,Conservador,Slovakia (Slovak Republic)
242388,Orgânico,2025-03-03,Não Convertido,,0.0,Moderado,Madagascar
242389,WhatsApp,2025-03-05,Não Convertido,,0.0,Conservador,Armenia
242390,Orgânico,2025-03-07,Não Convertido,,0.0,Desconhecido,Turks and Caicos Islands
242391,E-mail Marketing,2025-03-06,Não Convertido,,0.0,Desconhecido,Estonia
242392,Instagram,2025-03-08,Não Convertido,,0.0,Agressivo,Taiwan
242393,Orgânico,2025-03-05,Não Convertido,,0.0,Conservador,Serbia
242394,Instagram,2025-03-04,Não Convertido,,0.0,Agressivo,Bulgaria
242395,TikTok,2025-03-05,Não Convertido,,0.0,Moderado,Belize
242396,Facebook,2025-03-05,Não Convertido,,0.0,Moderado,Bangladesh
242397,Google Ads,2025-03-03,Não Convertido,,0.0,Desconhecido,Isle of Man
242398,Orgânico,2025-03-07,Não Convertido,,0.0,Moderado,Cook Islands
242399,Orgânico,2025-03-06,Não Convertido,,0.0,Conservador,Tonga
242400,Facebook,2025-03-06,Não Convertido,,0.0,Moderado,Tokelau
242401,Orgânico,2025-03-04,Não Convertido,,0.0,Desconhecido,Guernsey
242402,Orgânico,2025-03-07,Não Convertido,,0.0,Moderado,Jamaica
242403,Google Ads,2025-03-07,Não Convertido,,0.0,Moderado,Jamaica
242404,Facebook,2025-03-05,Não Convertido,,0.0,Moderado,Sao Tome and Principe
242405,TikTok,2025-03-03,Não Convertido,,0.0,Agressivo,El Salvador
242406,Facebook,2025-03-03,Não Convertido,,0.0,Conservador,Croatia
242407,TikTok,2025-03-06,Não Convertido,,0.0,Conservador,Czech Republic
242408,Orgânico,2025-03-04,Não Convertido,,0.0,Moderado,Cape Verde
242409,Instagram,2025-03-03,Não Convertido,,0.0,Agressivo,Tajikistan
242410,Facebook,2025-03-08,Não Convertido,,0.0,Moderado,Senegal
242411,TikTok,2025-03-08,Não Convertido,,0.0,Conservador,South Africa
242412,Google Ads,2025-03-08,Não Convertido,,0.0,Conservador,Oman
242413,E-mail Marketing,2025-03-06,Não Convertido,,0.0,Agressivo,Samoa
242414,TikTok,2025-03-05,Não Convertido,,0.0,Desconhecido,Iraq
242415,E-mail Marketing,2025-03-03,Não Convertido,,0.0,Desconhecido,Slovenia
242416,Instagram,2025-03-04,Não Convertido,,0.0,Conservador,Tuvalu
242417,Facebook,2025-03-03,Não Convertido,,0.0,Conservador,Ukraine
242418,WhatsApp,2025-03-06,Não Convertido,,0.0,Conservador,Benin
242419,E-mail Marketing,2025-03-03,Não Convertido,,0.0,Agressivo,Congo
242420,Instagram,2025-03-04,Não Convertido,,0.0,Moderado,Micronesia
242421,WhatsApp,2025-03-04,Não Convertido,,0.0,Moderado,Cayman Islands
242422,E-mail Marketing,2025-03-06,Não Convertido,,0.0,Moderado,Gambia
242423,Facebook,2025-03-08,Não Convertido,,0.0,Moderado,Uzbekistan
242424,TikTok,2025-03-05,Não Convertido,,0.0,Moderado,Monaco
242425,Facebook,2025-03-03,Não Convertido,,0.0,Agressivo,Pitcairn Islands
242426,WhatsApp,2025-03-07,Não Convertido,,0.0,Agressivo,United States Virgin Islands
242427,Google Ads,2025-03-08,Não Convertido,,0.0,Moderado,Haiti
242428,TikTok,2025-03-03,Não Convertido,,0.0,Agressivo,Singapore
242429,Google Ads,2025-03-05,Não Convertido,,0.0,Agressivo,Montenegro
242430,Facebook,2025-03-05,Não Convertido,,0.0,Desconhecido,Lebanon
242431,TikTok,2025-03-08,Não Convertido,,0.0,Desconhecido,Liberia
242432,E-mail Marketing,2025-03-06,Não Convertido,,0.0,Agressivo,Lao People's Democratic Republic
242433,WhatsApp,2025-03-07,Não Convertido,,0.0,Moderado,Heard Island and McDonald Islands
242434,YouTube Ads,2025-03-04,Não Convertido,,0.0,Agressivo,Hong Kong
242435,Orgânico,2025-03-08,Não Convertido,,0.0,Moderado,Liberia
242436,E-mail Marketing,2025-03-03,Não Convertido,,0.0,Conservador,American Samoa
242437,Instagram,2025-03-07,Não Convertido,,0.0,Agressivo,Falkland Islands (Malvinas)
242438,E-mail Marketing,2025-03-03,Não Convertido,,0.0,Moderado,Bahrain
242439,TikTok,2025-03-06,Não Convertido,,0.0,Moderado,Haiti
242440,E-mail Marketing,2025-03-06,Não Convertido,,0.0,Moderado,Rwanda
242441,Facebook,2025-03-04,Não Convertido,,0.0,Desconhecido,Central African Republic
242442,Orgânico,2025-03-07,Não Convertido,,0.0,Moderado,Mali
242443,Google Ads,2025-03-08,Não Convertido,,0.0,Conservador,Faroe Islands
242444,Facebook,2025-03-04,Não Convertido,,0.0,Desconhecido,Turkey
242445,E-mail Marketing,2025-03-04,Não Convertido,,0.0,Agressivo,Faroe Islands
242446,Google Ads,2025-03-04,Não Convertido,,0.0,Agressivo,Togo
242447,Instagram,2025-03-08,Não Convertido,,0.0,Conservador,Somalia
242448,WhatsApp,2025-03-05,Não Convertido,,0.0,Moderado,Jordan
242449,TikTok,2025-03-08,Não Convertido,,0.0,Agressivo,Gambia
242450,WhatsApp,2025-03-05,Não Convertido,,0.0,Agressivo,Croatia
242451,Orgânico,2025-03-05,Não Convertido,,0.0,Desconhecido,Equatorial Guinea
242452,WhatsApp,2025-03-08,Não Convertido,,0.0,Agressivo,Martinique
242453,Google Ads,2025-03-07,Não Convertido,,0.0,Agressivo,Australia
242454,Facebook,2025-03-03,Não Convertido,,0.0,Moderado,Central African Republic
242455,TikTok,2025-03-03,Não Convertido,,0.0,Agressivo,El Salvador
242456,Orgânico,2025-03-05,Não Convertido,,0.0,Agressivo,Benin
242457,TikTok,2025-03-07,Não Convertido,,0.0,Moderado,Latvia
242458,Orgânico,2025-03-06,Não Convertido,,0.0,Conservador,Germany
242459,YouTube Ads,2025-03-08,Não Convertido,,0.0,Moderado,Palestinian Territory
242460,Instagram,2025-03-05,Não Convertido,,0.0,Moderado,Grenada
242461,E-mail Marketing,2025-03-05,Não Convertido,,0.0,Conservador,Iceland
242462,YouTube Ads,2025-03-03,Não Convertido,,0.0,Moderado,Malta
242463,YouTube Ads,2025-03-08,Não Convertido,,0.0,Moderado,Tanzania
242464,WhatsApp,2025-03-03,Não Convertido,,0.0,Agressivo,Ireland
242465,Instagram,2025-03-06,Não Convertido,,0.0,Desconhecido,Malta
242466,TikTok,2025-03-03,Não Convertido,,0.0,Agressivo,Nauru
242467,Orgânico,2025-03-07,Não Convertido,,0.0,Moderado,United States Minor Outlying Islands
242468,Orgânico,2025-03-03,Não Convertido,,0.0,Agressivo,Fiji
242469,WhatsApp,2025-03-07,Não Convertido,,0.0,Moderado,Mayotte
242470,Facebook,2025-03-03,Não Convertido,,0.0,Conservador,Cuba
242471,Facebook,2025-03-07,Não Convertido,,0.0,Agressivo,Bouvet Island (Bouvetoya)
242472,Orgânico,2025-03-06,Não Convertido,,0.0,Agressivo,Niger
242473,Indicação,2025-03-04,Não Convertido,,0.0,Conservador,Congo
242474,TikTok,2025-03-07,Não Convertido,,0.0,Desconhecido,Maldives
242475,Orgânico,2025-03-04,Não Convertido,,0.0,Agressivo,Germany
242476,Orgânico,2025-03-03,Não Convertido,,0.0,Agressivo,Yemen
242477,E-mail Marketing,2025-03-08,Não Convertido,,0.0,Conservador,Latvia
242478,WhatsApp,2025-03-07,Não Convertido,,0.0,Desconhecido,Norfolk Island
242479,YouTube Ads,2025-03-05,Não Convertido,,0.0,Moderado,Burundi
242480,E-mail Marketing,2025-03-05,Não Convertido,,0.0,Conservador,Guinea-Bissau
242481,TikTok,2025-03-08,Não Convertido,,0.0,Moderado,Suriname
242482,YouTube Ads,2025-03-05,Não Convertido,,0.0,Moderado,Israel
242483,TikTok,2025-03-07,Não Convertido,,0.0,Moderado,Gibraltar
242484,Indicação,2025-03-03,Não Convertido,,0.0,Moderado,United Arab Emirates
242485,WhatsApp,2025-03-04,Não Convertido,,0.0,Moderado,Philippines
242486,E-mail Marketing,2025-03-03,Não Convertido,,0.0,Agressivo,Ecuador
242487,YouTube Ads,2025-03-08,Não Convertido,,0.0,Moderado,Antarctica (the territory South of 60 deg S)
242488,Facebook,2025-03-03,Não Convertido,,0.0,Moderado,United Arab Emirates
242489,Instagram,2025-03-08,Não Convertido,,0.0,Conservador,French Southern Territories
242490,Instagram,2025-03-05,Não Convertido,,0.0,Agressivo,Hong Kong
242491,Google Ads,2025-03-06,Não Convertido,,0.0,Desconhecido,French Guiana
242492,TikTok,2025-03-05,Não Convertido,,0.0,Agressivo,Latvia
242493,Orgânico,2025-03-03,Não Convertido,,0.0,Moderado,Mauritius
242494,Google Ads,2025-03-05,Não Convertido,,0.0,Moderado,Wallis and Futuna
242495,Orgânico,2025-03-08,Não Convertido,,0.0,Moderado,Kenya
242496,Indicação,2025-03-06,Não Convertido,,0.0,Moderado,Palestinian Territory
242497,Indicação,2025-03-04,Não Convertido,,0.0,Moderado,Bermuda
242498,TikTok,2025-03-06,Não Convertido,,0.0,Moderado,Palestinian Territory
242499,E-mail Marketing,2025-03-07,Não Convertido,,0.0,Conservador,Colombia
242500,Instagram,2025-03-06,Não Convertido,,0.0,Agressivo,Christmas Island
242501,Instagram,2025-03-03,Não Convertido,,0.0,Agressivo,French Guiana
242502,YouTube Ads,2025-03-08,Não Convertido,,0.0,Agressivo,Grenada
242503,Indicação,2025-03-08,Não Convertido,,0.0,Agressivo,Bangladesh
242504,TikTok,2025-03-08,Não Convertido,,0.0,Conservador,South Georgia and the South Sandwich Islands
242505,E-mail Marketing,2025-03-05,Não Convertido,,0.0,Agressivo,Tunisia
242506,Instagram,2025-03-07,Não Convertido,,0.0,Agressivo,Panama
242507,Orgânico,2025-03-04,Não Convertido,,0.0,Moderado,Albania
242508,Instagram,2025-03-07,Não Convertido,,0.0,Agressivo,Ecuador
242509,Facebook,2025-03-05,Não Convertido,,0.0,Moderado,Kenya
242510,YouTube Ads,2025-03-07,Não Convertido,,0.0,Moderado,Nicaragua
242511,Orgânico,2025-03-05,Não Convertido,,0.0,Agressivo,Mexico
242512,Instagram,2025-03-04,Não Convertido,,0.0,Moderado,Finland
242513,Instagram,2025-03-08,Não Convertido,,0.0,Desconhecido,Greece
242514,Facebook,2025-03-03,Não Convertido,,0.0,Moderado,Nigeria
242515,TikTok,2025-03-08,Não Convertido,,0.0,Desconhecido,Christmas Island
242516,YouTube Ads,2025-03-06,Não Convertido,,0.0,Moderado,Romania
242517,Instagram,2025-03-07,Convertido,26.0,9411.29,Moderado,Holy See (Vatican City State)
242518,YouTube Ads,2025-03-04,Não Convertido,,0.0,Moderado,Micronesia
242519,E-mail Marketing,2025-03-06,Não Convertido,,0.0,Agressivo,Maldives
242520,E-mail Marketing,2025-03-05,Não Convertido,,0.0,Desconhecido,Martinique
242521,Google Ads,2025-03-07,Não Convertido,,0.0,Moderado,Tunisia
242522,Facebook,2025-03-07,Não Convertido,,0.0,Agressivo,Luxembourg
242523,Orgânico,2025-03-08,Não Convertido,,0.0,Moderado,Antarctica (the territory South of 60 deg S)
242524,WhatsApp,2025-03-08,Não Convertido,,0.0,Moderado,Equatorial Guinea
242525,TikTok,2025-03-04,Convertido,14.0,9035.72,Moderado,Myanmar
242526,Orgânico,2025-03-07,Não Convertido,,0.0,Conservador,Zambia
242527,Indicação,2025-03-07,Não Convertido,,0.0,Moderado,Cook Islands
242528,Instagram,2025-03-04,Não Convertido,,0.0,Agressivo,Solomon Islands
242529,Indicação,2025-03-03,Convertido,5.0,6575.79,Moderado,Sierra Leone
242530,E-mail Marketing,2025-03-08,Não Convertido,,0.0,Agressivo,Bahamas
242531,TikTok,2025-03-04,Não Convertido,,0.0,Moderado,New Zealand
242532,Instagram,2025-03-08,Não Convertido,,0.0,Moderado,Serbia
242533,TikTok,2025-03-05,Convertido,15.0,6735.36,Moderado,Estonia
242534,TikTok,2025-03-07,Não Convertido,,0.0,Moderado,Greece
242535,Instagram,2025-03-03,Convertido,21.0,905.43,Agressivo,French Guiana
242536,YouTube Ads,2025-03-07,Não Convertido,,0.0,Desconhecido,China
242537,Google Ads,2025-03-06,Não Convertido,,0.0,Conservador,Japan
242538,Orgânico,2025-03-05,Não Convertido,,0.0,Conservador,Nepal
242539,Orgânico,2025-03-07,Não Convertido,,0.0,Moderado,Papua New Guinea
242540,Orgânico,2025-03-03,Não Convertido,,0.0,Agressivo,Burkina Faso
242541,Google Ads,2025-03-06,Não Convertido,,0.0,Moderado,Bulgaria
242542,Facebook,2025-03-06,Não Convertido,,0.0,Conservador,South Georgia and the South Sandwich Islands
242543,TikTok,2025-03-07,Não Convertido,,0.0,Moderado,Mali
242544,TikTok,2025-03-07,Não Convertido,,0.0,Moderado,Greenland
242545,Instagram,2025-03-03,Não Convertido,,0.0,Moderado,British Virgin Islands
242546,Orgânico,2025-03-08,Não Convertido,,0.0,Agressivo,Madagascar
242547,Orgânico,2025-03-06,Não Convertido,,0.0,Moderado,Cyprus
242548,Instagram,2025-03-05,Não Convertido,,0.0,Moderado,Algeria
242549,TikTok,2025-03-08,Não Convertido,,0.0,Moderado,San Marino
242550,Google Ads,2025-03-03,Não Convertido,,0.0,Conservador,Tonga
242551,Orgânico,2025-03-03,Não Convertido,,0.0,Moderado,Antarctica (the territory South of 60 deg S)
242552,Instagram,2025-03-05,Não Convertido,,0.0,Moderado,Kiribati
242553,YouTube Ads,2025-03-04,Não Convertido,,0.0,Conservador,Norway
242554,Google Ads,2025-03-06,Convertido,13.0,8052.51,Agressivo,Dominican Republic
242555,Instagram,2025-03-03,Não Convertido,,0.0,Agressivo,Comoros
242556,WhatsApp,2025-03-04,Não Convertido,,0.0,Conservador,Switzerland
242557,Instagram,2025-03-08,Não Convertido,,0.0,Moderado,Solomon Islands
242558,Instagram,2025-03-08,Não Convertido,,0.0,Agressivo,Switzerland
242559,Orgânico,2025-03-06,Não Convertido,,0.0,Conservador,Rwanda
242560,Google Ads,2025-03-05,Não Convertido,,0.0,Moderado,Bhutan
242561,E-mail Marketing,2025-03-08,Não Convertido,,0.0,Moderado,Benin
242562,TikTok,2025-03-04,Não Convertido,,0.0,Agressivo,Bahamas
242563,TikTok,2025-03-03,Não Convertido,,0.0,Desconhecido,Cuba
242564,Google Ads,2025-03-06,Não Convertido,,0.0,Agressivo,Djibouti
242565,Orgânico,2025-03-08,Não Convertido,,0.0,Agressivo,China
242566,Instagram,2025-03-08,Não Convertido,,0.0,Moderado,Djibouti
242567,Indicação,2025-03-07,Não Convertido,,0.0,Moderado,Saint Martin
242568,YouTube Ads,2025-03-07,Não Convertido,,0.0,Moderado,Liberia
242569,TikTok,2025-03-04,Não Convertido,,0.0,Moderado,Lebanon
242570,Google Ads,2025-03-06,Não Convertido,,0.0,Agressivo,Paraguay
242571,E-mail Marketing,2025-03-06,Não Convertido,,0.0,Moderado,Singapore
242572,E-mail Marketing,2025-03-06,Não Convertido,,0.0,Agressivo,Gabon
242573,Instagram,2025-03-06,Convertido,2.0,518.99,Desconhecido,Ireland
242574,Orgânico,2025-03-03,Não Convertido,,0.0,Moderado,Papua New Guinea
242575,WhatsApp,2025-03-04,Não Convertido,,0.0,Agressivo,Bulgaria
242576,Instagram,2025-03-03,Não Convertido,,0.0,Desconhecido,Botswana
242577,Google Ads,2025-03-07,Não Convertido,,0.0,Moderado,Eritrea
242578,Orgânico,2025-03-04,Não Convertido,,0.0,Agressivo,Korea
242579,YouTube Ads,2025-03-05,Não Convertido,,0.0,Agressivo,Mayotte
242580,E-mail Marketing,2025-03-03,Não Convertido,,0.0,Agressivo,Liberia
242581,TikTok,2025-03-06,Não Convertido,,0.0,Moderado,Cayman Islands
242582,Google Ads,2025-03-07,Não Convertido,,0.0,Moderado,Benin
242583,Orgânico,2025-03-08,Não Convertido,,0.0,Desconhecido,Palestinian Territory
242584,YouTube Ads,2025-03-06,Não Convertido,,0.0,Conservador,Brazil
242585,Instagram,2025-03-07,Não Convertido,,0.0,Moderado,Ethiopia
242586,TikTok,2025-03-03,Não Convertido,,0.0,Desconhecido,Aruba
242587,Orgânico,2025-03-07,Não Convertido,,0.0,Agressivo,Tajikistan
242588,Orgânico,2025-03-06,Não Convertido,,0.0,Agressivo,Netherlands
242589,TikTok,2025-03-07,Não Convertido,,0.0,Agressivo,Korea
242590,E-mail Marketing,2025-03-06,Não Convertido,,0.0,Moderado,Egypt
242591,Orgânico,2025-03-04,Não Convertido,,0.0,Moderado,Malaysia
242592,Instagram,2025-03-03,Não Convertido,,0.0,Agressivo,Sweden
242593,E-mail Marketing,2025-03-08,Não Convertido,,0.0,Conservador,Mauritania
242594,TikTok,2025-03-07,Não Convertido,,0.0,Moderado,Micronesia
242595,Instagram,2025-03-07,Não Convertido,,0.0,Moderado,Chad
242596,Orgânico,2025-03-04,Não Convertido,,0.0,Conservador,Argentina
242597,WhatsApp,2025-03-06,Convertido,8.0,9214.14,Moderado,Venezuela
242598,Instagram,2025-03-05,Não Convertido,,0.0,Moderado,Saint Vincent and the Grenadines
242599,Facebook,2025-03-04,Não Convertido,,0.0,Moderado,Afghanistan
242600,Instagram,2025-03-08,Não Convertido,,0.0,Agressivo,Syrian Arab Republic
242601,WhatsApp,2025-03-06,Não Convertido,,0.0,Conservador,Brazil
242602,YouTube Ads,2025-03-04,Não Convertido,,0.0,Agressivo,Indonesia
242603,Instagram,2025-03-07,Não Convertido,,0.0,Moderado,Oman
242604,E-mail Marketing,2025-03-06,Não Convertido,,0.0,Moderado,Guadeloupe
242605,TikTok,2025-03-08,Não Convertido,,0.0,Conservador,Niue
242606,Google Ads,2025-03-05,Não Convertido,,0.0,Moderado,Liberia
242607,Facebook,2025-03-04,Não Convertido,,0.0,Agressivo,Equatorial Guinea
242608,TikTok,2025-03-06,Não Convertido,,0.0,Moderado,Martinique
242609,WhatsApp,2025-03-05,Não Convertido,,0.0,Conservador,Aruba
242610,Facebook,2025-03-03,Não Convertido,,0.0,Moderado,Puerto Rico
242611,E-mail Marketing,2025-03-08,Não Convertido,,0.0,Agressivo,Iceland
242612,E-mail Marketing,2025-03-06,Não Convertido,,0.0,Conservador,Jamaica
242613,Indicação,2025-03-06,Não Convertido,,0.0,Moderado,Lebanon
242614,Google Ads,2025-03-04,Não Convertido,,0.0,Agressivo,Argentina
242615,Indicação,2025-03-05,Não Convertido,,0.0,Agressivo,Cocos (Keeling) Islands
242616,E-mail Marketing,2025-03-06,Não Convertido,,0.0,Agressivo,Sudan
242617,Instagram,2025-03-03,Não Convertido,,0.0,Agressivo,Rwanda
242618,E-mail Marketing,2025-03-04,Convertido,7.0,2254.06,Moderado,Bahrain
242619,YouTube Ads,2025-03-03,Não Convertido,,0.0,Conservador,Mayotte
242620,WhatsApp,2025-03-05,Não Convertido,,0.0,Moderado,Guadeloupe
242621,Instagram,2025-03-04,Não Convertido,,0.0,Desconhecido,Isle of Man
242622,Instagram,2025-03-03,Não Convertido,,0.0,Agressivo,Dominican Republic
242623,Instagram,2025-03-07,Não Convertido,,0.0,Conservador,Christmas Island
242624,WhatsApp,2025-03-06,Não Convertido,,0.0,Agressivo,Dominica
242625,WhatsApp,2025-03-04,Convertido,25.0,943.4,Conservador,Kuwait
242626,TikTok,2025-03-04,Não Convertido,,0.0,Conservador,Netherlands Antilles
242627,TikTok,2025-03-05,Não Convertido,,0.0,Moderado,Guernsey
242628,Instagram,2025-03-03,Não Convertido,,0.0,Moderado,Ireland
242629,TikTok,2025-03-03,Não Convertido,,0.0,Moderado,Belize
242630,YouTube Ads,2025-03-07,Não Convertido,,0.0,Moderado,Austria
242631,YouTube Ads,2025-03-05,Não Convertido,,0.0,Desconhecido,Georgia
242632,YouTube Ads,2025-03-06,Não Convertido,,0.0,Desconhecido,Bouvet Island (Bouvetoya)
242633,E-mail Marketing,2025-03-05,Não Convertido,,0.0,Agressivo,Argentina
242634,Facebook,2025-03-03,Não Convertido,,0.0,Agressivo,Western Sahara
242635,Indicação,2025-03-07,Não Convertido,,0.0,Agressivo,Saint Lucia
242636,WhatsApp,2025-03-05,Não Convertido,,0.0,Agressivo,Kuwait
242637,TikTok,2025-03-07,Não Convertido,,0.0,Moderado,Nigeria
242638,TikTok,2025-03-06,Não Convertido,,0.0,Desconhecido,Hong Kong
242639,Indicação,2025-03-07,Não Convertido,,0.0,Moderado,Norway
242640,TikTok,2025-03-06,Não Convertido,,0.0,Conservador,Benin
242641,Orgânico,2025-03-08,Não Convertido,,0.0,Agressivo,Sao Tome and Principe
242642,Indicação,2025-03-05,Não Convertido,,0.0,Conservador,Kenya
242643,Orgânico,2025-03-06,Não Convertido,,0.0,Moderado,Cyprus
242644,Google Ads,2025-03-08,Não Convertido,,0.0,Moderado,Somalia
242645,TikTok,2025-03-05,Não Convertido,,0.0,Moderado,United States Virgin Islands
242646,Instagram,2025-03-04,Não Convertido,,0.0,Conservador,Turkey
242647,E-mail Marketing,2025-03-03,Não Convertido,,0.0,Moderado,Kuwait
242648,Instagram,2025-03-07,Não Convertido,,0.0,Agressivo,Saint Pierre and Miquelon
242649,Google Ads,2025-03-06,Não Convertido,,0.0,Agressivo,Bouvet Island (Bouvetoya)
242650,Indicação,2025-03-08,Não Convertido,,0.0,Desconhecido,Serbia
242651,Orgânico,2025-03-08,Não Convertido,,0.0,Conservador,British Indian Ocean Territory (Chagos Archipelago)
242652,TikTok,2025-03-06,Não Convertido,,0.0,Moderado,Kiribati
242653,E-mail Marketing,2025-03-03,Não Convertido,,0.0,Desconhecido,French Southern Territories
242654,WhatsApp,2025-03-06,Não Convertido,,0.0,Conservador,Peru
242655,Facebook,2025-03-07,Não Convertido,,0.0,Moderado,Malaysia
242656,E-mail Marketing,2025-03-08,Não Convertido,,0.0,Moderado,Haiti
242657,YouTube Ads,2025-03-05,Não Convertido,,0.0,Conservador,Turks and Caicos Islands
242658,Instagram,2025-03-07,Não Convertido,,0.0,Conservador,Saint Lucia
242659,TikTok,2025-03-03,Não Convertido,,0.0,Moderado,Palau
242660,WhatsApp,2025-03-06,Não Convertido,,0.0,Moderado,Isle of Man
242661,Facebook,2025-03-06,Não Convertido,,0.0,Moderado,Poland
242662,YouTube Ads,2025-03-03,Não Convertido,,0.0,Agressivo,Western Sahara
242663,Facebook,2025-03-08,Convertido,9.0,5300.54,Moderado,Mali
242664,Facebook,2025-03-04,Não Convertido,,0.0,Moderado,Holy See (Vatican City State)
242665,TikTok,2025-03-07,Não Convertido,,0.0,Moderado,Lebanon
242666,Orgânico,2025-03-04,Não Convertido,,0.0,Moderado,Falkland Islands (Malvinas)
242667,Orgânico,2025-03-07,Convertido,21.0,5200.37,Moderado,Djibouti
242668,Google Ads,2025-03-05,Não Convertido,,0.0,Desconhecido,Palau
242669,Google Ads,2025-03-06,Não Convertido,,0.0,Moderado,Puerto Rico
242670,Orgânico,2025-03-08,Não Convertido,,0.0,Agressivo,Guatemala
242671,TikTok,2025-03-08,Não Convertido,,0.0,Moderado,Latvia
242672,E-mail Marketing,2025-03-05,Não Convertido,,0.0,Agressivo,Puerto Rico
242673,Google Ads,2025-03-05,Não Convertido,,0.0,Agressivo,British Virgin Islands
242674,Instagram,2025-03-03,Não Convertido,,0.0,Moderado,Monaco
242675,TikTok,2025-03-07,Não Convertido,,0.0,Conservador,British Virgin Islands
242676,Instagram,2025-03-04,Não Convertido,,0.0,Moderado,Saint Helena
242677,WhatsApp,2025-03-08,Não Convertido,,0.0,Agressivo,Trinidad and Tobago
242678,E-mail Marketing,2025-03-08,Não Convertido,,0.0,Conservador,Gambia
242679,Facebook,2025-03-08,Não Convertido,,0.0,Moderado,Morocco
242680,Facebook,2025-03-03,Não Convertido,,0.0,Moderado,Malaysia
242681,Facebook,2025-03-08,Convertido,30.0,8382.22,Moderado,Reunion
242682,WhatsApp,2025-03-03,Convertido,15.0,5642.03,Conservador,Australia
242683,WhatsApp,2025-03-06,Não Convertido,,0.0,Agressivo,Saint Pierre and Miquelon
242684,TikTok,2025-03-04,Não Convertido,,0.0,Agressivo,Thailand
242685,Google Ads,2025-03-07,Não Convertido,,0.0,Desconhecido,China
242686,E-mail Marketing,2025-03-05,Não Convertido,,0.0,Moderado,Syrian Arab Republic
242687,E-mail Marketing,2025-03-07,Não Convertido,,0.0,Moderado,Malta
242688,TikTok,2025-03-03,Não Convertido,,0.0,Agressivo,Chad
242689,Instagram,2025-03-08,Não Convertido,,0.0,Moderado,Bahrain
242690,Facebook,2025-03-08,Não Convertido,,0.0,Moderado,Antigua and Barbuda
242691,TikTok,2025-03-07,Não Convertido,,0.0,Conservador,Russian Federation
242692,Indicação,2025-03-06,Não Convertido,,0.0,Moderado,Norway
242693,Orgânico,2025-03-03,Não Convertido,,0.0,Moderado,Namibia
242694,Facebook,2025-03-05,Não Convertido,,0.0,Agressivo,Mayotte
242695,YouTube Ads,2025-03-04,Não Convertido,,0.0,Moderado,Portugal
242696,Indicação,2025-03-08,Não Convertido,,0.0,Moderado,New Zealand
242697,TikTok,2025-03-03,Não Convertido,,0.0,Moderado,New Zealand
242698,Instagram,2025-03-08,Não Convertido,,0.0,Agressivo,Bulgaria
242699,WhatsApp,2025-03-06,Não Convertido,,0.0,Agressivo,Marshall Islands
242700,TikTok,2025-03-05,Não Convertido,,0.0,Agressivo,Martinique
242701,TikTok,2025-03-05,Não Convertido,,0.0,Moderado,Saint Helena
242702,Orgânico,2025-03-06,Não Convertido,,0.0,Desconhecido,Kiribati
242703,WhatsApp,2025-03-04,Não Convertido,,0.0,Agressivo,Kiribati
242704,Orgânico,2025-03-03,Não Convertido,,0.0,Moderado,Turkey
242705,Instagram,2025-03-07,Não Convertido,,0.0,Moderado,Argentina
242706,Facebook,2025-03-06,Não Convertido,,0.0,Conservador,Pitcairn Islands
242707,Orgânico,2025-03-06,Não Convertido,,0.0,Conservador,Spain
242708,YouTube Ads,2025-03-06,Não Convertido,,0.0,Agressivo,Australia
242709,Orgânico,2025-03-04,Não Convertido,,0.0,Moderado,Reunion
242710,WhatsApp,2025-03-03,Não Convertido,,0.0,Moderado,Cayman Islands
242711,Instagram,2025-03-04,Não Convertido,,0.0,Moderado,Falkland Islands (Malvinas)
242712,Google Ads,2025-03-06,Não Convertido,,0.0,Conservador,Western Sahara
242713,Instagram,2025-03-06,Não Convertido,,0.0,Conservador,Cyprus
242714,YouTube Ads,2025-03-05,Não Convertido,,0.0,Agressivo,United States Minor Outlying Islands
242715,TikTok,2025-03-07,Não Convertido,,0.0,Conservador,Peru
242716,Orgânico,2025-03-04,Não Convertido,,0.0,Moderado,Panama
242717,Facebook,2025-03-06,Não Convertido,,0.0,Conservador,Bangladesh
242718,TikTok,2025-03-07,Não Convertido,,0.0,Moderado,Sweden
242719,E-mail Marketing,2025-03-05,Convertido,13.0,6001.16,Agressivo,Greenland
242720,Google Ads,2025-03-06,Não Convertido,,0.0,Moderado,Niue
242721,TikTok,2025-03-08,Não Convertido,,0.0,Moderado,Sweden
242722,Google Ads,2025-03-08,Convertido,1.0,6134.85,Conservador,North Macedonia
242723,YouTube Ads,2025-03-03,Não Convertido,,0.0,Moderado,Bermuda
242724,Orgânico,2025-03-08,Não Convertido,,0.0,Moderado,Comoros
242725,E-mail Marketing,2025-03-08,Não Convertido,,0.0,Moderado,Guyana
242726,Orgânico,2025-03-04,Não Convertido,,0.0,Moderado,Pitcairn Islands
242727,TikTok,2025-03-04,Não Convertido,,0.0,Conservador,Lithuania
242728,Indicação,2025-03-06,Convertido,28.0,4661.94,Conservador,Christmas Island
242729,Google Ads,2025-03-03,Não Convertido,,0.0,Agressivo,Guatemala
242730,Orgânico,2025-03-03,Não Convertido,,0.0,Moderado,Djibouti
242731,Indicação,2025-03-08,Não Convertido,,0.0,Moderado,Marshall Islands
242732,Instagram,2025-03-08,Não Convertido,,0.0,Conservador,Romania
242733,TikTok,2025-03-05,Não Convertido,,0.0,Desconhecido,Maldives
242734,Google Ads,2025-03-05,Não Convertido,,0.0,Moderado,Egypt
242735,Instagram,2025-03-03,Não Convertido,,0.0,Moderado,Namibia
242736,Orgânico,2025-03-05,Não Convertido,,0.0,Moderado,Austria
242737,Facebook,2025-03-03,Não Convertido,,0.0,Conservador,Saint Kitts and Nevis
242738,Orgânico,2025-03-08,Não Convertido,,0.0,Moderado,Nauru
242739,Facebook,2025-03-07,Não Convertido,,0.0,Desconhecido,Palestinian Territory
242740,Instagram,2025-03-04,Não Convertido,,0.0,Conservador,Cuba
242741,WhatsApp,2025-03-04,Convertido,26.0,3181.79,Agressivo,Iceland
242742,Instagram,2025-03-05,Não Convertido,,0.0,Agressivo,Cambodia
242743,WhatsApp,2025-03-03,Não Convertido,,0.0,Moderado,Saint Barthelemy
242744,Facebook,2025-03-07,Não Convertido,,0.0,Desconhecido,Latvia
242745,E-mail Marketing,2025-03-07,Não Convertido,,0.0,Conservador,Holy See (Vatican City State)
242746,TikTok,2025-03-04,Não Convertido,,0.0,Conservador,Chad
242747,Google Ads,2025-03-04,Não Convertido,,0.0,Moderado,Indonesia
242748,Facebook,2025-03-03,Não Convertido,,0.0,Agressivo,Italy
242749,WhatsApp,2025-03-05,Não Convertido,,0.0,Moderado,Philippines
242750,WhatsApp,2025-03-07,Não Convertido,,0.0,Conservador,United States Virgin Islands
242751,TikTok,2025-03-07,Não Convertido,,0.0,Conservador,Svalbard & Jan Mayen Islands
242752,WhatsApp,2025-03-08,Não Convertido,,0.0,Agressivo,Russian Federation
242753,Indicação,2025-03-07,Não Convertido,,0.0,Desconhecido,Reunion
242754,Google Ads,2025-03-06,Não Convertido,,0.0,Conservador,Rwanda
242755,WhatsApp,2025-03-04,Não Convertido,,0.0,Conservador,Palestinian Territory
242756,Orgânico,2025-03-04,Não Convertido,,0.0,Moderado,Malawi
242757,Orgânico,2025-03-03,Não Convertido,,0.0,Agressivo,Mauritania
242758,TikTok,2025-03-06,Não Convertido,,0.0,Agressivo,Tonga
242759,Instagram,2025-03-04,Não Convertido,,0.0,Moderado,Sweden
242760,Instagram,2025-03-04,Não Convertido,,0.0,Desconhecido,Netherlands Antilles
242761,TikTok,2025-03-04,Não Convertido,,0.0,Agressivo,Sierra Leone
242762,YouTube Ads,2025-03-07,Não Convertido,,0.0,Agressivo,Israel
242763,TikTok,2025-03-03,Não Convertido,,0.0,Agressivo,Kenya
242764,Orgânico,2025-03-03,Não Convertido,,0.0,Moderado,Costa Rica
242765,Indicação,2025-03-03,Não Convertido,,0.0,Moderado,Hong Kong
242766,Orgânico,2025-03-05,Não Convertido,,0.0,Moderado,Tajikistan
242767,Facebook,2025-03-08,Não Convertido,,0.0,Moderado,Korea
242768,Google Ads,2025-03-07,Não Convertido,,0.0,Agressivo,Namibia
242769,Instagram,2025-03-04,Não Convertido,,0.0,Moderado,Syrian Arab Republic
242770,TikTok,2025-03-08,Não Convertido,,0.0,Agressivo,France
242771,WhatsApp,2025-03-07,Não Convertido,,0.0,Moderado,Turkey
242772,Orgânico,2025-03-04,Não Convertido,,0.0,Agressivo,France
242773,Google Ads,2025-03-03,Não Convertido,,0.0,Conservador,Korea
242774,TikTok,2025-03-04,Não Convertido,,0.0,Moderado,Austria
242775,Indicação,2025-03-05,Não Convertido,,0.0,Moderado,Netherlands
242776,Instagram,2025-03-07,Não Convertido,,0.0,Moderado,British Indian Ocean Territory (Chagos Archipelago)
242777,Orgânico,2025-03-06,Não Convertido,,0.0,Desconhecido,Guernsey
242778,E-mail Marketing,2025-03-03,Não Convertido,,0.0,Conservador,American Samoa
242779,Indicação,2025-03-07,Não Convertido,,0.0,Moderado,Austria
242780,Instagram,2025-03-03,Não Convertido,,0.0,Moderado,Cambodia
242781,Orgânico,2025-03-06,Não Convertido,,0.0,Moderado,Serbia
242782,TikTok,2025-03-08,Não Convertido,,0.0,Agressivo,Italy
242783,E-mail Marketing,2025-03-06,Não Convertido,,0.0,Moderado,Poland
242784,Orgânico,2025-03-08,Não Convertido,,0.0,Conservador,Mongolia
242785,Google Ads,2025-03-04,Não Convertido,,0.0,Moderado,Rwanda
242786,Instagram,2025-03-05,Não Convertido,,0.0,Agressivo,Palau
242787,Instagram,2025-03-08,Não Convertido,,0.0,Conservador,Italy
242788,Google Ads,2025-03-07,Não Convertido,,0.0,Conservador,Sweden
242789,Orgânico,2025-03-04,Não Convertido,,0.0,Desconhecido,Tokelau
242790,TikTok,2025-03-03,Não Convertido,,0.0,Agressivo,Tanzania
242791,Google Ads,2025-03-07,Não Convertido,,0.0,Desconhecido,Yemen
242792,Indicação,2025-03-08,Não Convertido,,0.0,Agressivo,Benin
242793,Indicação,2025-03-06,Não Convertido,,0.0,Moderado,Montenegro
242794,TikTok,2025-03-08,Não Convertido,,0.0,Conservador,Mozambique
242795,TikTok,2025-03-07,Não Convertido,,0.0,Agressivo,Saint Barthelemy
242796,Google Ads,2025-03-08,Não Convertido,,0.0,Desconhecido,Afghanistan
242797,Facebook,2025-03-08,Não Convertido,,0.0,Desconhecido,United States of America
242798,Instagram,2025-03-07,Não Convertido,,0.0,Moderado,Sao Tome and Principe
242799,Instagram,2025-03-07,Não Convertido,,0.0,Conservador,Swaziland
242800,TikTok,2025-03-03,Não Convertido,,0.0,Moderado,Singapore
242801,E-mail Marketing,2025-03-07,Não Convertido,,0.0,Moderado,Antigua and Barbuda
242802,WhatsApp,2025-03-06,Não Convertido,,0.0,Conservador,Saint Barthelemy
242803,Facebook,2025-03-04,Não Convertido,,0.0,Moderado,Cote d'Ivoire
242804,TikTok,2025-03-03,Não Convertido,,0.0,Moderado,Korea
242805,TikTok,2025-03-06,Não Convertido,,0.0,Moderado,Nepal
242806,Facebook,2025-03-04,Não Convertido,,0.0,Conservador,Guyana
242807,TikTok,2025-03-03,Não Convertido,,0.0,Conservador,Greece
242808,Orgânico,2025-03-04,Não Convertido,,0.0,Desconhecido,Algeria
242809,E-mail Marketing,2025-03-03,Não Convertido,,0.0,Conservador,Bouvet Island (Bouvetoya)
242810,TikTok,2025-03-04,Convertido,19.0,2890.73,Moderado,Hong Kong
242811,TikTok,2025-03-08,Não Convertido,,0.0,Conservador,Netherlands Antilles
242812,Orgânico,2025-03-08,Não Convertido,,0.0,Conservador,British Virgin Islands
242813,Google Ads,2025-03-06,Não Convertido,,0.0,Moderado,Hong Kong
242814,Orgânico,2025-03-06,Não Convertido,,0.0,Agressivo,Saint Barthelemy
242815,YouTube Ads,2025-03-06,Não Convertido,,0.0,Agressivo,Saint Martin
242816,Orgânico,2025-03-06,Não Convertido,,0.0,Agressivo,Sudan
242817,YouTube Ads,2025-03-08,Não Convertido,,0.0,Desconhecido,Ghana
242818,Facebook,2025-03-07,Não Convertido,,0.0,Conservador,Saint Kitts and Nevis
242819,E-mail Marketing,2025-03-07,Não Convertido,,0.0,Agressivo,France
242820,Instagram,2025-03-08,Não Convertido,,0.0,Moderado,Brunei Darussalam
242821,Orgânico,2025-03-03,Não Convertido,,0.0,Agressivo,Malaysia
242822,Instagram,2025-03-05,Não Convertido,,0.0,Moderado,Korea
242823,Indicação,2025-03-03,Não Convertido,,0.0,Moderado,Senegal
242824,E-mail Marketing,2025-03-04,Não Convertido,,0.0,Agressivo,Lithuania
242825,Orgânico,2025-03-05,Não Convertido,,0.0,Moderado,British Indian Ocean Territory (Chagos Archipelago)
242826,YouTube Ads,2025-03-06,Não Convertido,,0.0,Conservador,Nigeria
242827,WhatsApp,2025-03-05,Não Convertido,,0.0,Moderado,Guatemala
242828,TikTok,2025-03-04,Não Convertido,,0.0,Conservador,Kenya
242829,Instagram,2025-03-06,Não Convertido,,0.0,Agressivo,Malta
242830,Instagram,2025-03-03,Não Convertido,,0.0,Agressivo,Brunei Darussalam
242831,Facebook,2025-03-04,Não Convertido,,0.0,Moderado,Northern Mariana Islands
242832,E-mail Marketing,2025-03-04,Não Convertido,,0.0,Conservador,Anguilla
242833,YouTube Ads,2025-03-04,Não Convertido,,0.0,Moderado,Tonga
242834,Orgânico,2025-03-06,Não Convertido,,0.0,Desconhecido,Congo
242835,Facebook,2025-03-08,Não Convertido,,0.0,Conservador,Estonia
242836,E-mail Marketing,2025-03-08,Não Convertido,,0.0,Moderado,Saint Barthelemy
242837,YouTube Ads,2025-03-04,Não Convertido,,0.0,Conservador,Bulgaria
242838,E-mail Marketing,2025-03-06,Convertido,27.0,5325.98,Moderado,Korea
242839,Facebook,2025-03-06,Não Convertido,,0.0,Moderado,Sweden
242840,Orgânico,2025-03-06,Não Convertido,,0.0,Moderado,Kiribati
242841,WhatsApp,2025-03-08,Não Convertido,,0.0,Moderado,Armenia
242842,Orgânico,2025-03-04,Não Convertido,,0.0,Moderado,Guatemala
242843,Instagram,2025-03-08,Não Convertido,,0.0,Desconhecido,Paraguay
242844,E-mail Marketing,2025-03-08,Não Convertido,,0.0,Agressivo,Bermuda
242845,Google Ads,2025-03-05,Não Convertido,,0.0,Moderado,Cyprus
242846,Facebook,2025-03-07,Não Convertido,,0.0,Moderado,Hungary
242847,WhatsApp,2025-03-05,Não Convertido,,0.0,Moderado,Australia
242848,Instagram,2025-03-04,Não Convertido,,0.0,Moderado,Lithuania
242849,TikTok,2025-03-07,Não Convertido,,0.0,Moderado,Faroe Islands
242850,TikTok,2025-03-06,Não Convertido,,0.0,Moderado,Singapore
242851,Google Ads,2025-03-07,Não Convertido,,0.0,Moderado,Jamaica
242852,YouTube Ads,2025-03-06,Não Convertido,,0.0,Conservador,British Virgin Islands
242853,E-mail Marketing,2025-03-08,Não Convertido,,0.0,Moderado,Austria
242854,E-mail Marketing,2025-03-07,Não Convertido,,0.0,Desconhecido,Malta
242855,Instagram,2025-03-03,Não Convertido,,0.0,Agressivo,Heard Island and McDonald Islands
242856,Instagram,2025-03-03,Não Convertido,,0.0,Conservador,Timor-Leste
242857,Instagram,2025-03-06,Convertido,15.0,3371.26,Moderado,Azerbaijan
242858,WhatsApp,2025-03-06,Não Convertido,,0.0,Moderado,Moldova
242859,Orgânico,2025-03-03,Não Convertido,,0.0,Agressivo,United States Minor Outlying Islands
242860,E-mail Marketing,2025-03-07,Não Convertido,,0.0,Desconhecido,Malaysia
242861,Instagram,2025-03-08,Não Convertido,,0.0,Moderado,Pitcairn Islands
242862,Google Ads,2025-03-08,Não Convertido,,0.0,Moderado,Suriname
242863,E-mail Marketing,2025-03-05,Não Convertido,,0.0,Agressivo,Taiwan
242864,WhatsApp,2025-03-08,Não Convertido,,0.0,Moderado,Algeria
242865,TikTok,2025-03-07,Não Convertido,,0.0,Agressivo,Saint Martin
242866,Indicação,2025-03-04,Convertido,5.0,4076.47,Agressivo,Maldives
242867,TikTok,2025-03-07,Não Convertido,,0.0,Moderado,Bangladesh
242868,WhatsApp,2025-03-08,Não Convertido,,0.0,Moderado,Netherlands
242869,Orgânico,2025-03-03,Não Convertido,,0.0,Conservador,Falkland Islands (Malvinas)
242870,Instagram,2025-03-03,Não Convertido,,0.0,Conservador,Tanzania
242871,Facebook,2025-03-06,Não Convertido,,0.0,Agressivo,Micronesia
242872,TikTok,2025-03-05,Não Convertido,,0.0,Conservador,Macao
242873,Indicação,2025-03-08,Não Convertido,,0.0,Agressivo,Egypt
242874,TikTok,2025-03-08,Não Convertido,,0.0,Desconhecido,French Southern Territories
242875,Facebook,2025-03-06,Não Convertido,,0.0,Agressivo,Bosnia and Herzegovina
242876,Orgânico,2025-03-05,Não Convertido,,0.0,Desconhecido,Malaysia
242877,Indicação,2025-03-07,Convertido,1.0,5233.4,Moderado,Israel
242878,Instagram,2025-03-08,Não Convertido,,0.0,Moderado,Cook Islands
242879,WhatsApp,2025-03-08,Não Convertido,,0.0,Moderado,Seychelles
242880,Facebook,2025-03-04,Não Convertido,,0.0,Conservador,Saint Vincent and the Grenadines
242881,Orgânico,2025-03-06,Não Convertido,,0.0,Agressivo,Kuwait
242882,Orgânico,2025-03-06,Não Convertido,,0.0,Agressivo,Belgium
242883,WhatsApp,2025-03-06,Não Convertido,,0.0,Moderado,British Virgin Islands
242884,Instagram,2025-03-07,Não Convertido,,0.0,Agressivo,Saint Pierre and Miquelon
242885,Orgânico,2025-03-06,Não Convertido,,0.0,Conservador,Reunion
242886,WhatsApp,2025-03-06,Não Convertido,,0.0,Moderado,Uganda
242887,Facebook,2025-03-06,Não Convertido,,0.0,Moderado,Romania
242888,Google Ads,2025-03-07,Não Convertido,,0.0,Conservador,Serbia
242889,Instagram,2025-03-05,Não Convertido,,0.0,Conservador,Sierra Leone
242890,YouTube Ads,2025-03-07,Não Convertido,,0.0,Moderado,British Indian Ocean Territory (Chagos Archipelago)
242891,Instagram,2025-03-07,Não Convertido,,0.0,Conservador,Central African Republic
242892,E-mail Marketing,2025-03-05,Convertido,11.0,9542.29,Agressivo,Austria
242893,Google Ads,2025-03-05,Não Convertido,,0.0,Moderado,United Kingdom
242894,TikTok,2025-03-07,Não Convertido,,0.0,Desconhecido,Puerto Rico
242895,WhatsApp,2025-03-07,Não Convertido,,0.0,Agressivo,Nepal
242896,Orgânico,2025-03-04,Não Convertido,,0.0,Desconhecido,Iraq
242897,Google Ads,2025-03-06,Não Convertido,,0.0,Agressivo,Cuba
242898,TikTok,2025-03-07,Não Convertido,,0.0,Moderado,Kuwait
242899,YouTube Ads,2025-03-04,Não Convertido,,0.0,Conservador,Mauritius
242900,Facebook,2025-03-08,Não Convertido,,0.0,Desconhecido,Philippines
242901,WhatsApp,2025-03-07,Não Convertido,,0.0,Conservador,Bouvet Island (Bouvetoya)
242902,TikTok,2025-03-06,Não Convertido,,0.0,Moderado,Guadeloupe
242903,Orgânico,2025-03-05,Não Convertido,,0.0,Moderado,Germany
242904,Orgânico,2025-03-08,Convertido,5.0,3030.47,Agressivo,United States Virgin Islands
242905,Orgânico,2025-03-06,Não Convertido,,0.0,Agressivo,French Guiana
242906,Orgânico,2025-03-06,Não Convertido,,0.0,Desconhecido,Macao
242907,Indicação,2025-03-05,Não Convertido,,0.0,Moderado,Rwanda
242908,Google Ads,2025-03-03,Não Convertido,,0.0,Agressivo,Falkland Islands (Malvinas)
242909,Google Ads,2025-03-04,Não Convertido,,0.0,Agressivo,Saint Pierre and Miquelon
242910,Orgânico,2025-03-04,Não Convertido,,0.0,Agressivo,Norway
242911,Facebook,2025-03-07,Não Convertido,,0.0,Agressivo,Lebanon
242912,Orgânico,2025-03-04,Não Convertido,,0.0,Conservador,Malaysia
242913,E-mail Marketing,2025-03-07,Não Convertido,,0.0,Agressivo,United States Virgin Islands
242914,TikTok,2025-03-06,Não Convertido,,0.0,Conservador,Chile
242915,Orgânico,2025-03-07,Não Convertido,,0.0,Conservador,Niger
242916,Orgânico,2025-03-06,Não Convertido,,0.0,Conservador,India
242917,WhatsApp,2025-03-03,Não Convertido,,0.0,Agressivo,Puerto Rico
242918,Orgânico,2025-03-05,Não Convertido,,0.0,Conservador,South Africa
242919,Orgânico,2025-03-04,Convertido,24.0,3905.43,Moderado,Montserrat
242920,Instagram,2025-03-07,Não Convertido,,0.0,Conservador,Oman
242921,WhatsApp,2025-03-08,Não Convertido,,0.0,Moderado,Greenland
242922,Instagram,2025-03-08,Não Convertido,,0.0,Moderado,Korea
242923,Orgânico,2025-03-07,Não Convertido,,0.0,Moderado,Yemen
242924,Orgânico,2025-03-06,Não Convertido,,0.0,Moderado,French Polynesia
242925,Orgânico,2025-03-03,Não Convertido,,0.0,Conservador,Norway
242926,TikTok,2025-03-03,Não Convertido,,0.0,Conservador,Guinea
242927,Facebook,2025-03-08,Não Convertido,,0.0,Moderado,Saudi Arabia
242928,Orgânico,2025-03-05,Não Convertido,,0.0,Agressivo,Vietnam
242929,TikTok,2025-03-05,Não Convertido,,0.0,Moderado,Malaysia
242930,Instagram,2025-03-07,Não Convertido,,0.0,Agressivo,Georgia
242931,E-mail Marketing,2025-03-04,Não Convertido,,0.0,Agressivo,Saint Vincent and the Grenadines
242932,Google Ads,2025-03-07,Não Convertido,,0.0,Conservador,Papua New Guinea
242933,Indicação,2025-03-03,Não Convertido,,0.0,Moderado,Kyrgyz Republic
242934,Facebook,2025-03-03,Não Convertido,,0.0,Moderado,Palestinian Territory
242935,Orgânico,2025-03-07,Não Convertido,,0.0,Moderado,Ethiopia
242936,TikTok,2025-03-08,Não Convertido,,0.0,Desconhecido,Dominica
242937,Facebook,2025-03-05,Convertido,18.0,5317.23,Moderado,Jordan
242938,Orgânico,2025-03-05,Não Convertido,,0.0,Moderado,Saudi Arabia
242939,WhatsApp,2025-03-05,Não Convertido,,0.0,Conservador,Greece
242940,Instagram,2025-03-03,Não Convertido,,0.0,Agressivo,Austria
242941,E-mail Marketing,2025-03-05,Não Convertido,,0.0,Moderado,Macao
242942,Orgânico,2025-03-07,Não Convertido,,0.0,Desconhecido,Chile
242943,E-mail Marketing,2025-03-03,Não Convertido,,0.0,Moderado,Tokelau
242944,Facebook,2025-03-03,Não Convertido,,0.0,Moderado,Djibouti
242945,Instagram,2025-03-04,Não Convertido,,0.0,Agressivo,Afghanistan
242946,TikTok,2025-03-08,Não Convertido,,0.0,Desconhecido,Peru
242947,Facebook,2025-03-08,Não Convertido,,0.0,Conservador,Panama
242948,TikTok,2025-03-08,Não Convertido,,0.0,Agressivo,Qatar
242949,E-mail Marketing,2025-03-07,Não Convertido,,0.0,Moderado,Liberia
242950,Instagram,2025-03-06,Não Convertido,,0.0,Agressivo,France
242951,YouTube Ads,2025-03-07,Convertido,4.0,4993.47,Agressivo,Netherlands Antilles
242952,WhatsApp,2025-03-04,Não Convertido,,0.0,Moderado,Qatar
242953,E-mail Marketing,2025-03-03,Não Convertido,,0.0,Agressivo,Bahamas
242954,WhatsApp,2025-03-04,Não Convertido,,0.0,Conservador,Vietnam
242955,Orgânico,2025-03-03,Não Convertido,,0.0,Moderado,Norway
242956,Instagram,2025-03-06,Não Convertido,,0.0,Agressivo,Latvia
242957,TikTok,2025-03-05,Não Convertido,,0.0,Agressivo,Cyprus
242958,WhatsApp,2025-03-07,Não Convertido,,0.0,Desconhecido,Niger
242959,Orgânico,2025-03-04,Não Convertido,,0.0,Moderado,Kyrgyz Republic
242960,Instagram,2025-03-06,Não Convertido,,0.0,Agressivo,China
242961,Facebook,2025-03-04,Não Convertido,,0.0,Agressivo,Taiwan
242962,YouTube Ads,2025-03-04,Não Convertido,,0.0,Agressivo,Dominican Republic
242963,TikTok,2025-03-03,Não Convertido,,0.0,Desconhecido,Ecuador
242964,Instagram,2025-03-05,Não Convertido,,0.0,Moderado,Holy See (Vatican City State)
242965,Indicação,2025-03-04,Não Convertido,,0.0,Moderado,Guatemala
242966,Google Ads,2025-03-04,Não Convertido,,0.0,Moderado,Palestinian Territory
242967,YouTube Ads,2025-03-07,Não Convertido,,0.0,Agressivo,Bahamas
242968,Orgânico,2025-03-06,Não Convertido,,0.0,Moderado,Micronesia
242969,E-mail Marketing,2025-03-07,Não Convertido,,0.0,Conservador,Panama
242970,Indicação,2025-03-08,Não Convertido,,0.0,Moderado,Slovenia
242971,Facebook,2025-03-07,Não Convertido,,0.0,Moderado,Armenia
242972,Facebook,2025-03-08,Não Convertido,,0.0,Moderado,Benin
242973,Instagram,2025-03-06,Não Convertido,,0.0,Agressivo,Namibia
242974,YouTube Ads,2025-03-04,Não Convertido,,0.0,Agressivo,Uzbekistan
242975,Instagram,2025-03-05,Não Convertido,,0.0,Moderado,Senegal
242976,Google Ads,2025-03-05,Não Convertido,,0.0,Agressivo,Niger
242977,Google Ads,2025-03-03,Não Convertido,,0.0,Agressivo,Palau
242978,Facebook,2025-03-07,Não Convertido,,0.0,Moderado,Guinea
242979,TikTok,2025-03-06,Não Convertido,,0.0,Desconhecido,Comoros
242980,Indicação,2025-03-08,Não Convertido,,0.0,Agressivo,Lebanon
242981,YouTube Ads,2025-03-07,Não Convertido,,0.0,Moderado,Kenya
242982,Indicação,2025-03-06,Não Convertido,,0.0,Moderado,Burkina Faso
242983,E-mail Marketing,2025-03-04,Não Convertido,,0.0,Agressivo,Andorra
242984,Facebook,2025-03-04,Não Convertido,,0.0,Moderado,New Zealand
242985,Orgânico,2025-03-06,Não Convertido,,0.0,Conservador,Gambia
242986,WhatsApp,2025-03-05,Não Convertido,,0.0,Agressivo,Georgia
242987,Facebook,2025-03-03,Não Convertido,,0.0,Moderado,Zambia
242988,E-mail Marketing,2025-03-08,Não Convertido,,0.0,Conservador,Vanuatu
242989,Facebook,2025-03-03,Não Convertido,,0.0,Conservador,Greenland
242990,Orgânico,2025-03-03,Não Convertido,,0.0,Moderado,Denmark
242991,Orgânico,2025-03-08,Não Convertido,,0.0,Conservador,Tonga
242992,Instagram,2025-03-08,Não Convertido,,0.0,Moderado,United States of America
242993,Orgânico,2025-03-06,Não Convertido,,0.0,Conservador,France
242994,E-mail Marketing,2025-03-04,Não Convertido,,0.0,Moderado,Chad
242995,Facebook,2025-03-08,Não Convertido,,0.0,Desconhecido,Equatorial Guinea
242996,Instagram,2025-03-04,Não Convertido,,0.0,Agressivo,Yemen
242997,WhatsApp,2025-03-05,Não Convertido,,0.0,Agressivo,Vanuatu
242998,Instagram,2025-03-06,Não Convertido,,0.0,Moderado,Libyan Arab Jamahiriya
242999,YouTube Ads,2025-03-05,Não Convertido,,0.0,Moderado,Panama
243000,YouTube Ads,2025-03-07,Não Convertido,,0.0,Moderado,Pitcairn Islands
243001,E-mail Marketing,2025-03-04,Não Convertido,,0.0,Moderado,Cocos (Keeling) Islands
243002,Orgânico,2025-03-03,Não Convertido,,0.0,Conservador,Chile
243003,Indicação,2025-03-07,Convertido,21.0,6208.34,Desconhecido,Kenya
243004,Instagram,2025-03-08,Não Convertido,,0.0,Conservador,Netherlands Antilles
243005,E-mail Marketing,2025-03-06,Não Convertido,,0.0,Agressivo,Tanzania
243006,Google Ads,2025-03-07,Não Convertido,,0.0,Agressivo,South Georgia and the South Sandwich Islands
243007,TikTok,2025-03-05,Não Convertido,,0.0,Moderado,Wallis and Futuna
243008,WhatsApp,2025-03-08,Não Convertido,,0.0,Moderado,Botswana
243009,Facebook,2025-03-03,Não Convertido,,0.0,Conservador,Cape Verde
243010,Instagram,2025-03-04,Não Convertido,,0.0,Moderado,Cameroon
243011,E-mail Marketing,2025-03-06,Não Convertido,,0.0,Agressivo,Taiwan
243012,Orgânico,2025-03-06,Não Convertido,,0.0,Conservador,Ukraine
243013,Instagram,2025-03-06,Não Convertido,,0.0,Agressivo,Poland
243014,Instagram,2025-03-08,Não Convertido,,0.0,Conservador,Mali
243015,E-mail Marketing,2025-03-03,Não Convertido,,0.0,Agressivo,Mauritania
243016,Indicação,2025-03-06,Não Convertido,,0.0,Desconhecido,Yemen
243017,Orgânico,2025-03-06,Não Convertido,,0.0,Agressivo,Thailand
243018,Google Ads,2025-03-04,Não Convertido,,0.0,Conservador,Bangladesh
243019,Google Ads,2025-03-05,Não Convertido,,0.0,Conservador,Equatorial Guinea
243020,Facebook,2025-03-04,Não Convertido,,0.0,Conservador,Papua New Guinea
243021,Facebook,2025-03-05,Não Convertido,,0.0,Conservador,Reunion
243022,Instagram,2025-03-04,Não Convertido,,0.0,Moderado,Zimbabwe
243023,Google Ads,2025-03-06,Convertido,5.0,9495.25,Agressivo,Montenegro
243024,TikTok,2025-03-06,Não Convertido,,0.0,Agressivo,Latvia
243025,YouTube Ads,2025-03-06,Não Convertido,,0.0,Moderado,Mozambique
243026,E-mail Marketing,2025-03-08,Não Convertido,,0.0,Agressivo,India
243027,Orgânico,2025-03-08,Não Convertido,,0.0,Moderado,Niger
243028,TikTok,2025-03-05,Não Convertido,,0.0,Conservador,Tanzania
243029,Indicação,2025-03-07,Não Convertido,,0.0,Moderado,Tonga
243030,Google Ads,2025-03-03,Não Convertido,,0.0,Agressivo,Western Sahara
243031,Orgânico,2025-03-04,Não Convertido,,0.0,Agressivo,Ghana
243032,TikTok,2025-03-05,Não Convertido,,0.0,Moderado,Cote d'Ivoire
243033,E-mail Marketing,2025-03-06,Não Convertido,,0.0,Moderado,Luxembourg
243034,Indicação,2025-03-03,Não Convertido,,0.0,Moderado,Burundi
243035,Google Ads,2025-03-03,Não Convertido,,0.0,Agressivo,Jamaica
243036,TikTok,2025-03-06,Não Convertido,,0.0,Moderado,Niger
243037,TikTok,2025-03-05,Não Convertido,,0.0,Moderado,Wallis and Futuna
243038,E-mail Marketing,2025-03-05,Não Convertido,,0.0,Moderado,Equatorial Guinea
243039,WhatsApp,2025-03-08,Não Convertido,,0.0,Conservador,Estonia
243040,E-mail Marketing,2025-03-07,Não Convertido,,0.0,Moderado,Libyan Arab Jamahiriya
243041,Instagram,2025-03-03,Não Convertido,,0.0,Agressivo,Rwanda
243042,E-mail Marketing,2025-03-08,Não Convertido,,0.0,Conservador,Bolivia
243043,Orgânico,2025-03-07,Não Convertido,,0.0,Agressivo,Saint Pierre and Miquelon
243044,Orgânico,2025-03-07,Não Convertido,,0.0,Agressivo,British Indian Ocean Territory (Chagos Archipelago)
243045,E-mail Marketing,2025-03-03,Não Convertido,,0.0,Moderado,Rwanda
243046,YouTube Ads,2025-03-05,Não Convertido,,0.0,Moderado,Wallis and Futuna
243047,YouTube Ads,2025-03-08,Não Convertido,,0.0,Conservador,Tuvalu
243048,TikTok,2025-03-04,Não Convertido,,0.0,Agressivo,Czech Republic
243049,WhatsApp,2025-03-08,Não Convertido,,0.0,Moderado,British Virgin Islands
243050,Facebook,2025-03-07,Não Convertido,,0.0,Agressivo,Botswana
243051,Facebook,2025-03-07,Não Convertido,,0.0,Moderado,Djibouti
243052,YouTube Ads,2025-03-06,Não Convertido,,0.0,Desconhecido,Saudi Arabia
243053,YouTube Ads,2025-03-07,Não Convertido,,0.0,Agressivo,Azerbaijan
243054,Google Ads,2025-03-03,Convertido,6.0,900.31,Conservador,Heard Island and McDonald Islands
243055,TikTok,2025-03-05,Não Convertido,,0.0,Agressivo,Germany
243056,TikTok,2025-03-07,Não Convertido,,0.0,Moderado,Gibraltar
243057,E-mail Marketing,2025-03-03,Não Convertido,,0.0,Conservador,Sao Tome and Principe
243058,E-mail Marketing,2025-03-04,Não Convertido,,0.0,Conservador,Falkland Islands (Malvinas)
243059,Instagram,2025-03-05,Não Convertido,,0.0,Agressivo,Uzbekistan
243060,E-mail Marketing,2025-03-08,Não Convertido,,0.0,Moderado,United Kingdom
243061,Instagram,2025-03-08,Não Convertido,,0.0,Agressivo,Saint Lucia
243062,Indicação,2025-03-05,Não Convertido,,0.0,Desconhecido,Luxembourg
243063,YouTube Ads,2025-03-05,Não Convertido,,0.0,Conservador,Bouvet Island (Bouvetoya)
243064,Orgânico,2025-03-03,Convertido,4.0,2405.57,Moderado,Belgium
243065,Instagram,2025-03-06,Não Convertido,,0.0,Conservador,Solomon Islands
243066,Google Ads,2025-03-08,Não Convertido,,0.0,Conservador,Mexico
243067,YouTube Ads,2025-03-03,Não Convertido,,0.0,Moderado,Paraguay
243068,Instagram,2025-03-05,Não Convertido,,0.0,Agressivo,Montenegro
243069,WhatsApp,2025-03-04,Não Convertido,,0.0,Conservador,Gabon
243070,YouTube Ads,2025-03-07,Não Convertido,,0.0,Conservador,Zimbabwe
243071,E-mail Marketing,2025-03-08,Não Convertido,,0.0,Desconhecido,French Polynesia
243072,WhatsApp,2025-03-06,Não Convertido,,0.0,Moderado,Comoros
243073,WhatsApp,2025-03-04,Não Convertido,,0.0,Desconhecido,Hungary
243074,YouTube Ads,2025-03-08,Não Convertido,,0.0,Moderado,Singapore
243075,Orgânico,2025-03-05,Não Convertido,,0.0,Moderado,Saudi Arabia
243076,Instagram,2025-03-04,Não Convertido,,0.0,Moderado,Uzbekistan
243077,Instagram,2025-03-05,Não Convertido,,0.0,Moderado,Australia
243078,Indicação,2025-03-03,Não Convertido,,0.0,Moderado,Bolivia
243079,TikTok,2025-03-04,Não Convertido,,0.0,Agressivo,Timor-Leste
243080,Google Ads,2025-03-05,Não Convertido,,0.0,Agressivo,Marshall Islands
243081,E-mail Marketing,2025-03-04,Não Convertido,,0.0,Agressivo,Mauritania
243082,Google Ads,2025-03-06,Não Convertido,,0.0,Moderado,Qatar
243083,Instagram,2025-03-08,Não Convertido,,0.0,Conservador,Slovakia (Slovak Republic)
243084,TikTok,2025-03-03,Não Convertido,,0.0,Moderado,Swaziland
243085,Orgânico,2025-03-03,Convertido,30.0,9403.0,Conservador,Saudi Arabia
243086,E-mail Marketing,2025-03-05,Não Convertido,,0.0,Conservador,Equatorial Guinea
243087,E-mail Marketing,2025-03-08,Não Convertido,,0.0,Moderado,Antarctica (the territory South of 60 deg S)
243088,TikTok,2025-03-08,Não Convertido,,0.0,Agressivo,Pitcairn Islands
243089,Facebook,2025-03-06,Não Convertido,,0.0,Desconhecido,Bulgaria
243090,WhatsApp,2025-03-06,Não Convertido,,0.0,Moderado,Antarctica (the territory South of 60 deg S)
243091,TikTok,2025-03-06,Não Convertido,,0.0,Agressivo,French Guiana
243092,WhatsApp,2025-03-03,Não Convertido,,0.0,Conservador,Korea
243093,Instagram,2025-03-04,Não Convertido,,0.0,Conservador,New Zealand
243094,Instagram,2025-03-04,Não Convertido,,0.0,Moderado,Cote d'Ivoire
243095,YouTube Ads,2025-03-08,Não Convertido,,0.0,Moderado,Anguilla
243096,Orgânico,2025-03-07,Não Convertido,,0.0,Agressivo,Oman
243097,Facebook,2025-03-03,Não Convertido,,0.0,Conservador,Cote d'Ivoire
243098,Orgânico,2025-03-05,Não Convertido,,0.0,Agressivo,Netherlands
243099,Orgânico,2025-03-06,Não Convertido,,0.0,Agressivo,Liberia
243100,TikTok,2025-03-07,Não Convertido,,0.0,Agressivo,Central African Republic
243101,YouTube Ads,2025-03-06,Não Convertido,,0.0,Moderado,Netherlands
243102,E-mail Marketing,2025-03-04,Não Convertido,,0.0,Desconhecido,Taiwan
243103,YouTube Ads,2025-03-06,Não Convertido,,0.0,Moderado,Estonia
243104,Facebook,2025-03-08,Não Convertido,,0.0,Agressivo,Oman
243105,E-mail Marketing,2025-03-07,Não Convertido,,0.0,Conservador,Libyan Arab Jamahiriya
243106,Orgânico,2025-03-06,Não Convertido,,0.0,Conservador,Malawi
243107,E-mail Marketing,2025-03-05,Não Convertido,,0.0,Moderado,Brazil
243108,Orgânico,2025-03-06,Não Convertido,,0.0,Moderado,Central African Republic
243109,Orgânico,2025-03-05,Não Convertido,,0.0,Agressivo,Aruba
243110,E-mail Marketing,2025-03-06,Não Convertido,,0.0,Moderado,Turks and Caicos Islands
243111,Orgânico,2025-03-03,Não Convertido,,0.0,Moderado,Falkland Islands (Malvinas)
243112,E-mail Marketing,2025-03-03,Não Convertido,,0.0,Moderado,Argentina
243113,Orgânico,2025-03-05,Não Convertido,,0.0,Desconhecido,American Samoa
243114,YouTube Ads,2025-03-05,Não Convertido,,0.0,Conservador,United States of America
243115,Facebook,2025-03-08,Não Convertido,,0.0,Agressivo,Denmark
243116,E-mail Marketing,2025-03-03,Não Convertido,,0.0,Moderado,Bolivia
243117,E-mail Marketing,2025-03-05,Não Convertido,,0.0,Moderado,Burundi
243118,Instagram,2025-03-08,Não Convertido,,0.0,Agressivo,Puerto Rico
243119,TikTok,2025-03-04,Não Convertido,,0.0,Agressivo,British Virgin Islands
243120,TikTok,2025-03-07,Não Convertido,,0.0,Conservador,Montenegro
243121,Orgânico,2025-03-06,Não Convertido,,0.0,Moderado,Kazakhstan
243122,TikTok,2025-03-05,Não Convertido,,0.0,Moderado,Bermuda
243123,WhatsApp,2025-03-05,Não Convertido,,0.0,Agressivo,Norway
243124,YouTube Ads,2025-03-05,Não Convertido,,0.0,Agressivo,Latvia
243125,YouTube Ads,2025-03-04,Não Convertido,,0.0,Conservador,Tajikistan
243126,Indicação,2025-03-08,Não Convertido,,0.0,Moderado,Isle of Man
243127,Facebook,2025-03-04,Não Convertido,,0.0,Agressivo,Trinidad and Tobago
243128,E-mail Marketing,2025-03-05,Não Convertido,,0.0,Conservador,Ecuador
243129,Instagram,2025-03-08,Não Convertido,,0.0,Agressivo,Lithuania
243130,Orgânico,2025-03-04,Não Convertido,,0.0,Desconhecido,El Salvador
243131,YouTube Ads,2025-03-03,Não Convertido,,0.0,Conservador,Saint Vincent and the Grenadines
243132,Orgânico,2025-03-03,Não Convertido,,0.0,Desconhecido,Lesotho
243133,TikTok,2025-03-05,Não Convertido,,0.0,Agressivo,Palau
243134,Indicação,2025-03-06,Não Convertido,,0.0,Conservador,Saint Kitts and Nevis
243135,TikTok,2025-03-04,Não Convertido,,0.0,Agressivo,Poland
243136,TikTok,2025-03-03,Não Convertido,,0.0,Desconhecido,United Kingdom
243137,Orgânico,2025-03-08,Não Convertido,,0.0,Moderado,Mauritius
243138,Instagram,2025-03-04,Não Convertido,,0.0,Moderado,Bosnia and Herzegovina
243139,WhatsApp,2025-03-08,Não Convertido,,0.0,Conservador,Botswana
243140,TikTok,2025-03-07,Não Convertido,,0.0,Conservador,United States Virgin Islands
243141,TikTok,2025-03-06,Não Convertido,,0.0,Moderado,Zimbabwe
243142,Orgânico,2025-03-05,Não Convertido,,0.0,Conservador,Jordan
243143,YouTube Ads,2025-03-08,Não Convertido,,0.0,Agressivo,Italy
243144,WhatsApp,2025-03-07,Não Convertido,,0.0,Moderado,Palau
243145,E-mail Marketing,2025-03-06,Não Convertido,,0.0,Moderado,Singapore
243146,Google Ads,2025-03-06,Não Convertido,,0.0,Moderado,Guatemala
243147,WhatsApp,2025-03-05,Não Convertido,,0.0,Moderado,Ethiopia
243148,TikTok,2025-03-03,Não Convertido,,0.0,Agressivo,British Virgin Islands
243149,TikTok,2025-03-03,Não Convertido,,0.0,Moderado,Saint Pierre and Miquelon
243150,YouTube Ads,2025-03-05,Não Convertido,,0.0,Moderado,Saint Martin
243151,YouTube Ads,2025-03-04,Não Convertido,,0.0,Agressivo,Ecuador
243152,Facebook,2025-03-08,Não Convertido,,0.0,Moderado,Pitcairn Islands
243153,Instagram,2025-03-03,Não Convertido,,0.0,Conservador,Cuba
243154,Google Ads,2025-03-07,Não Convertido,,0.0,Moderado,Jordan
243155,Orgânico,2025-03-07,Não Convertido,,0.0,Agressivo,Christmas Island
243156,Google Ads,2025-03-03,Não Convertido,,0.0,Agressivo,Saudi Arabia
243157,Facebook,2025-03-06,Não Convertido,,0.0,Agressivo,Mauritania
243158,E-mail Marketing,2025-03-08,Não Convertido,,0.0,Moderado,Mauritius
243159,Instagram,2025-03-06,Não Convertido,,0.0,Moderado,Sudan
243160,TikTok,2025-03-05,Não Convertido,,0.0,Agressivo,Belize
243161,E-mail Marketing,2025-03-06,Não Convertido,,0.0,Agressivo,Congo
243162,Facebook,2025-03-08,Não Convertido,,0.0,Desconhecido,Cote d'Ivoire
243163,YouTube Ads,2025-03-04,Não Convertido,,0.0,Moderado,Samoa
243164,E-mail Marketing,2025-03-08,Não Convertido,,0.0,Agressivo,Congo
243165,Orgânico,2025-03-05,Não Convertido,,0.0,Desconhecido,Switzerland
243166,Instagram,2025-03-03,Não Convertido,,0.0,Conservador,Saint Helena
243167,E-mail Marketing,2025-03-04,Não Convertido,,0.0,Moderado,Qatar
243168,TikTok,2025-03-04,Não Convertido,,0.0,Moderado,Nigeria
243169,Google Ads,2025-03-04,Não Convertido,,0.0,Moderado,Azerbaijan
243170,Orgânico,2025-03-03,Não Convertido,,0.0,Moderado,Italy
243171,YouTube Ads,2025-03-03,Não Convertido,,0.0,Agressivo,Bhutan
243172,Facebook,2025-03-03,Não Convertido,,0.0,Conservador,Nicaragua
243173,Instagram,2025-03-06,Não Convertido,,0.0,Agressivo,Armenia
243174,Orgânico,2025-03-08,Não Convertido,,0.0,Conservador,Mozambique
243175,Instagram,2025-03-07,Não Convertido,,0.0,Moderado,Bhutan
243176,TikTok,2025-03-06,Não Convertido,,0.0,Agressivo,Norway
243177,Instagram,2025-03-06,Não Convertido,,0.0,Agressivo,Kuwait
243178,WhatsApp,2025-03-05,Não Convertido,,0.0,Agressivo,Dominica
243179,Instagram,2025-03-04,Não Convertido,,0.0,Conservador,New Zealand
243180,E-mail Marketing,2025-03-08,Não Convertido,,0.0,Agressivo,Uzbekistan
243181,WhatsApp,2025-03-08,Não Convertido,,0.0,Desconhecido,Congo
243182,Facebook,2025-03-06,Não Convertido,,0.0,Moderado,Brazil
243183,Orgânico,2025-03-05,Não Convertido,,0.0,Agressivo,Seychelles
243184,Orgânico,2025-03-08,Não Convertido,,0.0,Conservador,Mauritania
243185,Google Ads,2025-03-04,Não Convertido,,0.0,Moderado,Svalbard & Jan Mayen Islands
243186,YouTube Ads,2025-03-06,Não Convertido,,0.0,Agressivo,Egypt
243187,YouTube Ads,2025-03-05,Não Convertido,,0.0,Moderado,Saint Kitts and Nevis
243188,Instagram,2025-03-04,Não Convertido,,0.0,Agressivo,Lesotho
243189,TikTok,2025-03-03,Não Convertido,,0.0,Moderado,Kiribati
243190,Facebook,2025-03-08,Não Convertido,,0.0,Moderado,Cameroon
243191,Instagram,2025-03-06,Não Convertido,,0.0,Conservador,Panama
243192,YouTube Ads,2025-03-05,Não Convertido,,0.0,Moderado,Rwanda
243193,TikTok,2025-03-07,Não Convertido,,0.0,Agressivo,Anguilla
243194,YouTube Ads,2025-03-03,Não Convertido,,0.0,Moderado,Comoros
243195,WhatsApp,2025-03-03,Não Convertido,,0.0,Moderado,France
243196,Orgânico,2025-03-07,Não Convertido,,0.0,Agressivo,Guinea-Bissau
243197,Orgânico,2025-03-04,Não Convertido,,0.0,Agressivo,Panama
243198,E-mail Marketing,2025-03-03,Não Convertido,,0.0,Moderado,Dominica
243199,E-mail Marketing,2025-03-07,Não Convertido,,0.0,Conservador,Cameroon
243200,Facebook,2025-03-03,Não Convertido,,0.0,Moderado,Jersey
243201,Facebook,2025-03-06,Não Convertido,,0.0,Moderado,Taiwan
243202,WhatsApp,2025-03-05,Não Convertido,,0.0,Moderado,Comoros
243203,Google Ads,2025-03-03,Não Convertido,,0.0,Agressivo,Saint Kitts and Nevis
243204,Indicação,2025-03-08,Não Convertido,,0.0,Moderado,Kenya
243205,YouTube Ads,2025-03-07,Não Convertido,,0.0,Agressivo,China
243206,YouTube Ads,2025-03-08,Não Convertido,,0.0,Conservador,Isle of Man
243207,Google Ads,2025-03-04,Não Convertido,,0.0,Conservador,Korea
243208,Orgânico,2025-03-08,Não Convertido,,0.0,Conservador,Argentina
243209,Instagram,2025-03-04,Não Convertido,,0.0,Moderado,Tokelau
243210,Facebook,2025-03-06,Não Convertido,,0.0,Moderado,Malta
243211,E-mail Marketing,2025-03-05,Não Convertido,,0.0,Moderado,Saint Kitts and Nevis
243212,Google Ads,2025-03-03,Não Convertido,,0.0,Agressivo,Eritrea
243213,Orgânico,2025-03-04,Não Convertido,,0.0,Agressivo,Andorra
243214,Indicação,2025-03-03,Não Convertido,,0.0,Moderado,Tajikistan
243215,TikTok,2025-03-07,Não Convertido,,0.0,Agressivo,New Caledonia
243216,Instagram,2025-03-04,Não Convertido,,0.0,Moderado,Bhutan
243217,E-mail Marketing,2025-03-03,Não Convertido,,0.0,Moderado,North Macedonia
243218,Orgânico,2025-03-03,Não Convertido,,0.0,Moderado,Norway
243219,Orgânico,2025-03-06,Não Convertido,,0.0,Moderado,Cambodia
243220,E-mail Marketing,2025-03-03,Não Convertido,,0.0,Moderado,Costa Rica
243221,Orgânico,2025-03-06,Não Convertido,,0.0,Moderado,Thailand
243222,Orgânico,2025-03-05,Não Convertido,,0.0,Agressivo,Western Sahara
243223,Indicação,2025-03-04,Não Convertido,,0.0,Moderado,Aruba
243224,Orgânico,2025-03-07,Não Convertido,,0.0,Agressivo,Jamaica
243225,WhatsApp,2025-03-04,Não Convertido,,0.0,Agressivo,Eritrea
243226,Google Ads,2025-03-05,Não Convertido,,0.0,Conservador,Indonesia
243227,Instagram,2025-03-08,Não Convertido,,0.0,Agressivo,Philippines
243228,Indicação,2025-03-08,Não Convertido,,0.0,Conservador,Lao People's Democratic Republic
243229,WhatsApp,2025-03-08,Não Convertido,,0.0,Moderado,Ethiopia
243230,Instagram,2025-03-08,Não Convertido,,0.0,Conservador,Bahrain
243231,Google Ads,2025-03-03,Não Convertido,,0.0,Moderado,Congo
243232,YouTube Ads,2025-03-05,Não Convertido,,0.0,Conservador,Faroe Islands
243233,Instagram,2025-03-04,Não Convertido,,0.0,Moderado,Isle of Man
243234,Google Ads,2025-03-06,Não Convertido,,0.0,Moderado,Saint Helena
243235,Facebook,2025-03-04,Não Convertido,,0.0,Moderado,Djibouti
243236,E-mail Marketing,2025-03-08,Não Convertido,,0.0,Moderado,Suriname
243237,Instagram,2025-03-04,Não Convertido,,0.0,Moderado,Burundi
243238,TikTok,2025-03-05,Não Convertido,,0.0,Conservador,Israel
243239,Instagram,2025-03-07,Não Convertido,,0.0,Agressivo,Guyana
243240,Orgânico,2025-03-03,Não Convertido,,0.0,Conservador,Malaysia
243241,Orgânico,2025-03-08,Não Convertido,,0.0,Conservador,Nauru
243242,Google Ads,2025-03-05,Convertido,10.0,6073.38,Agressivo,Mexico
243243,Instagram,2025-03-06,Não Convertido,,0.0,Moderado,Lebanon
243244,Facebook,2025-03-07,Não Convertido,,0.0,Conservador,United States Minor Outlying Islands
243245,TikTok,2025-03-06,Convertido,7.0,6564.99,Desconhecido,Faroe Islands
243246,WhatsApp,2025-03-08,Não Convertido,,0.0,Desconhecido,Liechtenstein
243247,TikTok,2025-03-06,Não Convertido,,0.0,Conservador,Reunion
243248,Facebook,2025-03-03,Não Convertido,,0.0,Moderado,Bosnia and Herzegovina
243249,E-mail Marketing,2025-03-07,Não Convertido,,0.0,Moderado,Burkina Faso
243250,E-mail Marketing,2025-03-03,Não Convertido,,0.0,Moderado,Andorra
243251,WhatsApp,2025-03-07,Não Convertido,,0.0,Agressivo,Cayman Islands
243252,Orgânico,2025-03-07,Não Convertido,,0.0,Agressivo,Cayman Islands
243253,TikTok,2025-03-05,Não Convertido,,0.0,Moderado,Rwanda
243254,Orgânico,2025-03-05,Não Convertido,,0.0,Desconhecido,Aruba
243255,Indicação,2025-03-03,Não Convertido,,0.0,Moderado,Russian Federation
243256,Orgânico,2025-03-07,Convertido,20.0,4103.51,Agressivo,Libyan Arab Jamahiriya
243257,E-mail Marketing,2025-03-04,Não Convertido,,0.0,Agressivo,Trinidad and Tobago
243258,Instagram,2025-03-06,Não Convertido,,0.0,Moderado,Antigua and Barbuda
243259,E-mail Marketing,2025-03-03,Não Convertido,,0.0,Conservador,Taiwan
243260,Orgânico,2025-03-08,Não Convertido,,0.0,Desconhecido,Syrian Arab Republic
243261,Orgânico,2025-03-06,Não Convertido,,0.0,Agressivo,Montserrat
243262,Instagram,2025-03-08,Não Convertido,,0.0,Moderado,San Marino
243263,Orgânico,2025-03-07,Não Convertido,,0.0,Moderado,Maldives
243264,YouTube Ads,2025-03-07,Não Convertido,,0.0,Agressivo,Venezuela
243265,WhatsApp,2025-03-03,Não Convertido,,0.0,Moderado,Rwanda
243266,TikTok,2025-03-05,Não Convertido,,0.0,Agressivo,France
243267,Orgânico,2025-03-08,Não Convertido,,0.0,Agressivo,Greenland
243268,WhatsApp,2025-03-04,Não Convertido,,0.0,Moderado,Macao
243269,Instagram,2025-03-08,Não Convertido,,0.0,Conservador,Ukraine
243270,Orgânico,2025-03-04,Não Convertido,,0.0,Moderado,Spain
243271,E-mail Marketing,2025-03-04,Não Convertido,,0.0,Agressivo,South Africa
243272,Google Ads,2025-03-06,Não Convertido,,0.0,Conservador,Croatia
243273,Orgânico,2025-03-05,Não Convertido,,0.0,Agressivo,Algeria
243274,E-mail Marketing,2025-03-08,Não Convertido,,0.0,Moderado,Liechtenstein
243275,YouTube Ads,2025-03-05,Não Convertido,,0.0,Moderado,Myanmar
243276,Instagram,2025-03-08,Não Convertido,,0.0,Conservador,China
243277,Google Ads,2025-03-08,Não Convertido,,0.0,Desconhecido,Eritrea
243278,Google Ads,2025-03-06,Não Convertido,,0.0,Moderado,Saint Martin
243279,WhatsApp,2025-03-07,Não Convertido,,0.0,Moderado,Maldives
243280,TikTok,2025-03-07,Não Convertido,,0.0,Moderado,Taiwan
243281,Instagram,2025-03-04,Não Convertido,,0.0,Desconhecido,Azerbaijan
243282,Google Ads,2025-03-03,Não Convertido,,0.0,Agressivo,Timor-Leste
243283,Orgânico,2025-03-05,Não Convertido,,0.0,Agressivo,Tokelau
243284,Instagram,2025-03-04,Não Convertido,,0.0,Moderado,Colombia
243285,E-mail Marketing,2025-03-05,Não Convertido,,0.0,Moderado,Korea
243286,WhatsApp,2025-03-07,Não Convertido,,0.0,Conservador,France
243287,E-mail Marketing,2025-03-07,Não Convertido,,0.0,Moderado,Western Sahara
243288,WhatsApp,2025-03-07,Não Convertido,,0.0,Moderado,Western Sahara
243289,YouTube Ads,2025-03-07,Não Convertido,,0.0,Moderado,Georgia
243290,Instagram,2025-03-08,Não Convertido,,0.0,Moderado,Czech Republic
243291,Google Ads,2025-03-07,Não Convertido,,0.0,Agressivo,Spain
243292,E-mail Marketing,2025-03-04,Não Convertido,,0.0,Moderado,Central African Republic
243293,Orgânico,2025-03-03,Não Convertido,,0.0,Conservador,Uruguay
243294,Orgânico,2025-03-07,Não Convertido,,0.0,Agressivo,Cape Verde
243295,E-mail Marketing,2025-03-07,Não Convertido,,0.0,Agressivo,Myanmar
243296,Orgânico,2025-03-07,Não Convertido,,0.0,Conservador,Dominican Republic
243297,Orgânico,2025-03-04,Não Convertido,,0.0,Agressivo,Haiti
243298,E-mail Marketing,2025-03-06,Não Convertido,,0.0,Moderado,Palau
243299,Orgânico,2025-03-05,Não Convertido,,0.0,Agressivo,Ethiopia
243300,E-mail Marketing,2025-03-03,Não Convertido,,0.0,Conservador,Kyrgyz Republic
243301,E-mail Marketing,2025-03-04,Não Convertido,,0.0,Agressivo,Mayotte
243302,E-mail Marketing,2025-03-08,Não Convertido,,0.0,Agressivo,Wallis and Futuna
243303,TikTok,2025-03-03,Não Convertido,,0.0,Moderado,Ecuador
243304,Orgânico,2025-03-06,Não Convertido,,0.0,Moderado,Belgium
243305,TikTok,2025-03-08,Não Convertido,,0.0,Desconhecido,Hong Kong
243306,Instagram,2025-03-06,Não Convertido,,0.0,Desconhecido,Ghana
243307,Instagram,2025-03-08,Não Convertido,,0.0,Moderado,Timor-Leste
243308,Orgânico,2025-03-03,Convertido,8.0,5907.94,Conservador,Cameroon
243309,Orgânico,2025-03-05,Não Convertido,,0.0,Moderado,Nepal
243310,Google Ads,2025-03-05,Não Convertido,,0.0,Moderado,Poland
243311,Facebook,2025-03-06,Não Convertido,,0.0,Moderado,Micronesia
243312,Instagram,2025-03-07,Não Convertido,,0.0,Moderado,Gabon
243313,E-mail Marketing,2025-03-03,Não Convertido,,0.0,Moderado,Isle of Man
243314,Indicação,2025-03-04,Não Convertido,,0.0,Conservador,Panama
243315,Facebook,2025-03-03,Não Convertido,,0.0,Moderado,Antigua and Barbuda
243316,Instagram,2025-03-06,Não Convertido,,0.0,Moderado,Trinidad and Tobago
243317,Orgânico,2025-03-04,Não Convertido,,0.0,Moderado,Andorra
243318,YouTube Ads,2025-03-08,Não Convertido,,0.0,Moderado,Ethiopia
243319,E-mail Marketing,2025-03-08,Não Convertido,,0.0,Agressivo,Saint Helena
243320,WhatsApp,2025-03-03,Não Convertido,,0.0,Conservador,Saint Kitts and Nevis
243321,TikTok,2025-03-08,Não Convertido,,0.0,Desconhecido,Uzbekistan
243322,TikTok,2025-03-08,Não Convertido,,0.0,Desconhecido,Bhutan
243323,Instagram,2025-03-05,Não Convertido,,0.0,Agressivo,Central African Republic
243324,E-mail Marketing,2025-03-03,Não Convertido,,0.0,Moderado,Syrian Arab Republic
243325,Indicação,2025-03-07,Não Convertido,,0.0,Agressivo,Singapore
243326,TikTok,2025-03-08,Não Convertido,,0.0,Moderado,Bhutan
243327,Orgânico,2025-03-06,Não Convertido,,0.0,Desconhecido,Zambia
243328,Google Ads,2025-03-07,Não Convertido,,0.0,Conservador,Cape Verde
243329,WhatsApp,2025-03-08,Não Convertido,,0.0,Moderado,Austria
243330,E-mail Marketing,2025-03-03,Não Convertido,,0.0,Moderado,Bermuda
243331,TikTok,2025-03-06,Não Convertido,,0.0,Conservador,Serbia
243332,Instagram,2025-03-07,Não Convertido,,0.0,Agressivo,Kyrgyz Republic
243333,TikTok,2025-03-03,Não Convertido,,0.0,Agressivo,Bahrain
243334,Orgânico,2025-03-03,Não Convertido,,0.0,Agressivo,Kuwait
243335,Instagram,2025-03-07,Não Convertido,,0.0,Desconhecido,Nauru
243336,Orgânico,2025-03-03,Não Convertido,,0.0,Moderado,Bahrain
243337,E-mail Marketing,2025-03-03,Não Convertido,,0.0,Conservador,Bosnia and Herzegovina
243338,Google Ads,2025-03-08,Não Convertido,,0.0,Moderado,Bermuda
243339,Instagram,2025-03-04,Não Convertido,,0.0,Moderado,Colombia
243340,Google Ads,2025-03-03,Não Convertido,,0.0,Conservador,Guatemala
243341,Facebook,2025-03-06,Não Convertido,,0.0,Agressivo,South Africa
243342,Instagram,2025-03-06,Não Convertido,,0.0,Desconhecido,Madagascar
243343,E-mail Marketing,2025-03-06,Não Convertido,,0.0,Agressivo,Isle of Man
243344,WhatsApp,2025-03-04,Não Convertido,,0.0,Moderado,Northern Mariana Islands
243345,WhatsApp,2025-03-05,Não Convertido,,0.0,Moderado,Colombia
243346,YouTube Ads,2025-03-04,Não Convertido,,0.0,Moderado,Botswana
243347,WhatsApp,2025-03-04,Não Convertido,,0.0,Agressivo,Palau
243348,Orgânico,2025-03-08,Não Convertido,,0.0,Moderado,Georgia
243349,Indicação,2025-03-07,Não Convertido,,0.0,Moderado,Falkland Islands (Malvinas)
243350,E-mail Marketing,2025-03-04,Não Convertido,,0.0,Moderado,Spain
243351,TikTok,2025-03-06,Não Convertido,,0.0,Agressivo,Gambia
243352,TikTok,2025-03-07,Não Convertido,,0.0,Agressivo,Angola
243353,E-mail Marketing,2025-03-06,Não Convertido,,0.0,Agressivo,Hungary
243354,E-mail Marketing,2025-03-06,Não Convertido,,0.0,Moderado,Uzbekistan
243355,Orgânico,2025-03-06,Não Convertido,,0.0,Agressivo,Greenland
243356,Instagram,2025-03-06,Não Convertido,,0.0,Moderado,Saudi Arabia
243357,TikTok,2025-03-04,Não Convertido,,0.0,Agressivo,Jersey
243358,YouTube Ads,2025-03-07,Não Convertido,,0.0,Moderado,Portugal
243359,Facebook,2025-03-04,Não Convertido,,0.0,Desconhecido,Bermuda
243360,Instagram,2025-03-06,Não Convertido,,0.0,Desconhecido,Jersey
243361,Orgânico,2025-03-05,Não Convertido,,0.0,Agressivo,Guadeloupe
243362,Instagram,2025-03-03,Não Convertido,,0.0,Moderado,Russian Federation
243363,TikTok,2025-03-08,Não Convertido,,0.0,Moderado,Djibouti
243364,E-mail Marketing,2025-03-03,Não Convertido,,0.0,Moderado,French Southern Territories
243365,Instagram,2025-03-05,Não Convertido,,0.0,Moderado,Egypt
243366,TikTok,2025-03-07,Não Convertido,,0.0,Agressivo,France
243367,Orgânico,2025-03-04,Não Convertido,,0.0,Agressivo,Syrian Arab Republic
243368,WhatsApp,2025-03-05,Não Convertido,,0.0,Moderado,Lebanon
243369,E-mail Marketing,2025-03-03,Não Convertido,,0.0,Agressivo,Sao Tome and Principe
243370,Orgânico,2025-03-05,Não Convertido,,0.0,Conservador,Faroe Islands
243371,E-mail Marketing,2025-03-05,Não Convertido,,0.0,Moderado,Mongolia
243372,Orgânico,2025-03-04,Não Convertido,,0.0,Conservador,Malawi
243373,YouTube Ads,2025-03-03,Não Convertido,,0.0,Conservador,Switzerland
243374,Instagram,2025-03-03,Não Convertido,,0.0,Conservador,Grenada
243375,WhatsApp,2025-03-08,Não Convertido,,0.0,Moderado,Northern Mariana Islands
243376,E-mail Marketing,2025-03-03,Não Convertido,,0.0,Moderado,Madagascar
243377,Google Ads,2025-03-06,Não Convertido,,0.0,Conservador,Oman
243378,Instagram,2025-03-03,Não Convertido,,0.0,Desconhecido,Malawi
243379,Instagram,2025-03-07,Não Convertido,,0.0,Moderado,Mali
243380,Google Ads,2025-03-05,Não Convertido,,0.0,Agressivo,Saint Martin
243381,E-mail Marketing,2025-03-04,Não Convertido,,0.0,Moderado,Liechtenstein
243382,Instagram,2025-03-04,Não Convertido,,0.0,Agressivo,Mongolia
243383,Instagram,2025-03-03,Convertido,19.0,5214.79,Moderado,Norfolk Island
243384,WhatsApp,2025-03-06,Não Convertido,,0.0,Moderado,United Kingdom
243385,Orgânico,2025-03-06,Não Convertido,,0.0,Agressivo,Paraguay
243386,YouTube Ads,2025-03-06,Convertido,14.0,7495.75,Conservador,Kenya
243387,Facebook,2025-03-08,Não Convertido,,0.0,Desconhecido,Slovakia (Slovak Republic)
243388,TikTok,2025-03-05,Não Convertido,,0.0,Agressivo,Malawi
243389,Indicação,2025-03-06,Não Convertido,,0.0,Moderado,Ecuador
243390,E-mail Marketing,2025-03-04,Não Convertido,,0.0,Conservador,Lesotho
243391,Instagram,2025-03-05,Não Convertido,,0.0,Agressivo,Bangladesh
243392,Facebook,2025-03-04,Convertido,11.0,3405.57,Moderado,Cayman Islands
243393,Google Ads,2025-03-08,Não Convertido,,0.0,Agressivo,Argentina
243394,Orgânico,2025-03-06,Não Convertido,,0.0,Moderado,Gambia
243395,Orgânico,2025-03-08,Não Convertido,,0.0,Moderado,Timor-Leste
243396,Orgânico,2025-03-04,Não Convertido,,0.0,Conservador,Kyrgyz Republic
243397,Orgânico,2025-03-04,Não Convertido,,0.0,Agressivo,Finland
243398,Instagram,2025-03-03,Não Convertido,,0.0,Desconhecido,Micronesia
243399,E-mail Marketing,2025-03-06,Não Convertido,,0.0,Moderado,Niger
243400,Instagram,2025-03-05,Não Convertido,,0.0,Moderado,Guadeloupe
243401,WhatsApp,2025-03-07,Não Convertido,,0.0,Agressivo,Falkland Islands (Malvinas)
243402,Indicação,2025-03-08,Não Convertido,,0.0,Moderado,Christmas Island
243403,Orgânico,2025-03-04,Não Convertido,,0.0,Moderado,Anguilla
243404,Orgânico,2025-03-08,Não Convertido,,0.0,Moderado,Guyana
243405,Google Ads,2025-03-03,Não Convertido,,0.0,Moderado,Iceland
243406,E-mail Marketing,2025-03-03,Não Convertido,,0.0,Moderado,Netherlands Antilles
243407,Orgânico,2025-03-05,Não Convertido,,0.0,Conservador,Denmark
243408,Orgânico,2025-03-05,Não Convertido,,0.0,Agressivo,Czech Republic
243409,Instagram,2025-03-03,Não Convertido,,0.0,Agressivo,Western Sahara
243410,Google Ads,2025-03-03,Não Convertido,,0.0,Moderado,Argentina
243411,Orgânico,2025-03-08,Não Convertido,,0.0,Moderado,Japan
243412,E-mail Marketing,2025-03-05,Não Convertido,,0.0,Moderado,Bolivia
243413,Facebook,2025-03-03,Não Convertido,,0.0,Moderado,Samoa
243414,Orgânico,2025-03-04,Não Convertido,,0.0,Moderado,Turkmenistan
243415,Google Ads,2025-03-06,Não Convertido,,0.0,Moderado,South Africa
243416,Facebook,2025-03-06,Convertido,27.0,4846.39,Desconhecido,New Zealand
243417,YouTube Ads,2025-03-07,Convertido,13.0,3670.88,Moderado,Wallis and Futuna
243418,Instagram,2025-03-03,Não Convertido,,0.0,Conservador,Senegal
243419,E-mail Marketing,2025-03-04,Não Convertido,,0.0,Agressivo,Korea
243420,Facebook,2025-03-03,Não Convertido,,0.0,Agressivo,Cambodia
243421,Orgânico,2025-03-08,Não Convertido,,0.0,Conservador,Western Sahara
243422,WhatsApp,2025-03-06,Não Convertido,,0.0,Conservador,Azerbaijan
243423,Orgânico,2025-03-08,Não Convertido,,0.0,Desconhecido,Kyrgyz Republic
243424,Orgânico,2025-03-06,Não Convertido,,0.0,Agressivo,Bulgaria
243425,TikTok,2025-03-06,Não Convertido,,0.0,Moderado,Azerbaijan
243426,Google Ads,2025-03-05,Não Convertido,,0.0,Moderado,Cyprus
243427,Orgânico,2025-03-06,Não Convertido,,0.0,Moderado,Barbados
243428,Instagram,2025-03-03,Não Convertido,,0.0,Desconhecido,Algeria
243429,Instagram,2025-03-07,Não Convertido,,0.0,Moderado,Solomon Islands
243430,Google Ads,2025-03-06,Não Convertido,,0.0,Agressivo,Canada
243431,TikTok,2025-03-08,Não Convertido,,0.0,Conservador,Marshall Islands
243432,Facebook,2025-03-07,Não Convertido,,0.0,Moderado,Kyrgyz Republic
243433,TikTok,2025-03-06,Não Convertido,,0.0,Moderado,Malta
243434,Instagram,2025-03-07,Não Convertido,,0.0,Desconhecido,Dominica
243435,TikTok,2025-03-08,Não Convertido,,0.0,Moderado,Kenya
243436,Orgânico,2025-03-03,Não Convertido,,0.0,Moderado,Suriname
243437,Orgânico,2025-03-04,Não Convertido,,0.0,Moderado,Myanmar
243438,E-mail Marketing,2025-03-07,Não Convertido,,0.0,Agressivo,South Georgia and the South Sandwich Islands
243439,Facebook,2025-03-07,Não Convertido,,0.0,Agressivo,Trinidad and Tobago
243440,E-mail Marketing,2025-03-04,Não Convertido,,0.0,Desconhecido,Guatemala
243441,WhatsApp,2025-03-04,Não Convertido,,0.0,Agressivo,Bangladesh
243442,Instagram,2025-03-08,Não Convertido,,0.0,Agressivo,Brazil
243443,Instagram,2025-03-08,Não Convertido,,0.0,Moderado,Romania
243444,E-mail Marketing,2025-03-04,Não Convertido,,0.0,Moderado,Puerto Rico
243445,YouTube Ads,2025-03-06,Não Convertido,,0.0,Agressivo,Jamaica
243446,E-mail Marketing,2025-03-04,Não Convertido,,0.0,Agressivo,India
243447,Indicação,2025-03-06,Não Convertido,,0.0,Agressivo,Costa Rica
243448,Orgânico,2025-03-04,Não Convertido,,0.0,Desconhecido,Moldova
243449,Orgânico,2025-03-07,Convertido,21.0,4233.66,Agressivo,Netherlands
243450,Orgânico,2025-03-07,Não Convertido,,0.0,Agressivo,Reunion
243451,WhatsApp,2025-03-04,Não Convertido,,0.0,Agressivo,New Zealand
243452,WhatsApp,2025-03-04,Não Convertido,,0.0,Moderado,Dominican Republic
243453,Instagram,2025-03-06,Não Convertido,,0.0,Agressivo,Peru
243454,Orgânico,2025-03-07,Não Convertido,,0.0,Agressivo,Lebanon
243455,Instagram,2025-03-04,Não Convertido,,0.0,Moderado,Guinea
243456,E-mail Marketing,2025-03-06,Não Convertido,,0.0,Moderado,Norway
243457,Indicação,2025-03-06,Não Convertido,,0.0,Moderado,Turkmenistan
243458,Instagram,2025-03-05,Não Convertido,,0.0,Moderado,Namibia
243459,Orgânico,2025-03-04,Não Convertido,,0.0,Agressivo,Nauru
243460,Indicação,2025-03-07,Não Convertido,,0.0,Agressivo,Estonia
243461,WhatsApp,2025-03-06,Não Convertido,,0.0,Moderado,Faroe Islands
243462,Orgânico,2025-03-08,Não Convertido,,0.0,Moderado,Tanzania
243463,Orgânico,2025-03-03,Não Convertido,,0.0,Agressivo,Andorra
243464,Facebook,2025-03-03,Não Convertido,,0.0,Moderado,Mali
243465,Instagram,2025-03-08,Não Convertido,,0.0,Agressivo,Armenia
243466,Instagram,2025-03-03,Não Convertido,,0.0,Moderado,Jamaica
243467,Orgânico,2025-03-07,Não Convertido,,0.0,Moderado,Kiribati
243468,Orgânico,2025-03-07,Não Convertido,,0.0,Agressivo,Tuvalu
243469,YouTube Ads,2025-03-08,Não Convertido,,0.0,Conservador,France
243470,E-mail Marketing,2025-03-05,Não Convertido,,0.0,Agressivo,Latvia
243471,E-mail Marketing,2025-03-08,Não Convertido,,0.0,Moderado,Swaziland
243472,Orgânico,2025-03-06,Não Convertido,,0.0,Desconhecido,Sri Lanka
243473,Facebook,2025-03-04,Não Convertido,,0.0,Moderado,Congo
243474,Instagram,2025-03-08,Não Convertido,,0.0,Agressivo,Gabon
243475,WhatsApp,2025-03-06,Não Convertido,,0.0,Agressivo,Romania
243476,TikTok,2025-03-08,Não Convertido,,0.0,Moderado,Niue
243477,WhatsApp,2025-03-08,Não Convertido,,0.0,Moderado,Bermuda
243478,Indicação,2025-03-06,Não Convertido,,0.0,Agressivo,Montserrat
243479,E-mail Marketing,2025-03-03,Não Convertido,,0.0,Agressivo,Philippines
243480,Facebook,2025-03-07,Não Convertido,,0.0,Moderado,Spain
243481,E-mail Marketing,2025-03-06,Não Convertido,,0.0,Agressivo,Kiribati
243482,YouTube Ads,2025-03-03,Não Convertido,,0.0,Agressivo,Colombia
243483,WhatsApp,2025-03-03,Não Convertido,,0.0,Moderado,Canada
243484,Instagram,2025-03-04,Não Convertido,,0.0,Desconhecido,Vanuatu
243485,Instagram,2025-03-06,Não Convertido,,0.0,Desconhecido,Ghana
243486,Orgânico,2025-03-04,Não Convertido,,0.0,Desconhecido,Gambia
243487,E-mail Marketing,2025-03-04,Não Convertido,,0.0,Desconhecido,French Southern Territories
243488,YouTube Ads,2025-03-03,Não Convertido,,0.0,Moderado,Nauru
243489,WhatsApp,2025-03-07,Convertido,13.0,6376.0,Moderado,Tunisia
243490,Instagram,2025-03-07,Não Convertido,,0.0,Moderado,Cambodia
243491,Orgânico,2025-03-03,Convertido,23.0,571.9,Conservador,Austria
243492,E-mail Marketing,2025-03-06,Não Convertido,,0.0,Agressivo,Bosnia and Herzegovina
243493,Google Ads,2025-03-04,Não Convertido,,0.0,Moderado,Cayman Islands
243494,Google Ads,2025-03-08,Não Convertido,,0.0,Agressivo,New Caledonia
243495,Orgânico,2025-03-07,Não Convertido,,0.0,Desconhecido,Greece
243496,Indicação,2025-03-05,Não Convertido,,0.0,Moderado,Burundi
243497,Orgânico,2025-03-04,Não Convertido,,0.0,Moderado,Mauritania
243498,YouTube Ads,2025-03-06,Não Convertido,,0.0,Agressivo,Cote d'Ivoire
243499,Instagram,2025-03-05,Não Convertido,,0.0,Conservador,Denmark
243500,E-mail Marketing,2025-03-07,Não Convertido,,0.0,Moderado,Swaziland
243501,WhatsApp,2025-03-04,Não Convertido,,0.0,Moderado,Georgia
243502,E-mail Marketing,2025-03-07,Não Convertido,,0.0,Conservador,Kenya
243503,Instagram,2025-03-07,Não Convertido,,0.0,Moderado,Dominica
243504,Google Ads,2025-03-03,Não Convertido,,0.0,Conservador,Kiribati
243505,TikTok,2025-03-05,Não Convertido,,0.0,Agressivo,French Southern Territories
243506,YouTube Ads,2025-03-05,Não Convertido,,0.0,Conservador,Nigeria
243507,Orgânico,2025-03-04,Não Convertido,,0.0,Conservador,Burundi
243508,Indicação,2025-03-04,Convertido,30.0,5432.65,Agressivo,Northern Mariana Islands
243509,TikTok,2025-03-04,Não Convertido,,0.0,Conservador,Cambodia
243510,TikTok,2025-03-07,Não Convertido,,0.0,Moderado,Mexico
243511,TikTok,2025-03-05,Não Convertido,,0.0,Agressivo,Australia
243512,Orgânico,2025-03-06,Não Convertido,,0.0,Moderado,Saint Barthelemy
243513,Google Ads,2025-03-06,Não Convertido,,0.0,Desconhecido,Anguilla
243514,Google Ads,2025-03-05,Não Convertido,,0.0,Conservador,Benin
243515,Facebook,2025-03-04,Não Convertido,,0.0,Conservador,Albania
243516,Orgânico,2025-03-04,Não Convertido,,0.0,Conservador,Taiwan
243517,Indicação,2025-03-06,Não Convertido,,0.0,Desconhecido,Swaziland
243518,Google Ads,2025-03-08,Não Convertido,,0.0,Moderado,Mauritania
243519,Orgânico,2025-03-06,Convertido,20.0,8036.06,Moderado,Slovenia
243520,Google Ads,2025-03-07,Não Convertido,,0.0,Moderado,Iceland
243521,Orgânico,2025-03-03,Convertido,29.0,7243.5,Desconhecido,Paraguay
243522,Instagram,2025-03-03,Não Convertido,,0.0,Agressivo,Ethiopia
243523,E-mail Marketing,2025-03-05,Não Convertido,,0.0,Agressivo,Niue
243524,E-mail Marketing,2025-03-08,Não Convertido,,0.0,Moderado,Peru
243525,WhatsApp,2025-03-04,Não Convertido,,0.0,Agressivo,Anguilla
243526,TikTok,2025-03-06,Não Convertido,,0.0,Moderado,Monaco
243527,Google Ads,2025-03-05,Não Convertido,,0.0,Moderado,Aruba
243528,Facebook,2025-03-04,Não Convertido,,0.0,Moderado,Ghana
243529,Indicação,2025-03-06,Convertido,3.0,8488.75,Conservador,Comoros
243530,E-mail Marketing,2025-03-07,Não Convertido,,0.0,Agressivo,Romania
243531,Orgânico,2025-03-07,Não Convertido,,0.0,Moderado,Seychelles
243532,Orgânico,2025-03-03,Não Convertido,,0.0,Agressivo,Argentina
243533,E-mail Marketing,2025-03-07,Não Convertido,,0.0,Agressivo,Paraguay
243534,WhatsApp,2025-03-05,Não Convertido,,0.0,Moderado,Yemen
243535,E-mail Marketing,2025-03-07,Não Convertido,,0.0,Moderado,Afghanistan
243536,Instagram,2025-03-06,Não Convertido,,0.0,Desconhecido,Kyrgyz Republic
243537,E-mail Marketing,2025-03-07,Não Convertido,,0.0,Moderado,Sri Lanka
243538,E-mail Marketing,2025-03-03,Não Convertido,,0.0,Conservador,Guinea
243539,E-mail Marketing,2025-03-07,Não Convertido,,0.0,Moderado,Spain
243540,Facebook,2025-03-07,Não Convertido,,0.0,Moderado,Denmark
243541,YouTube Ads,2025-03-07,Não Convertido,,0.0,Moderado,Zambia
243542,YouTube Ads,2025-03-05,Não Convertido,,0.0,Agressivo,Equatorial Guinea
243543,WhatsApp,2025-03-05,Não Convertido,,0.0,Moderado,Sudan
243544,E-mail Marketing,2025-03-05,Convertido,23.0,9046.43,Conservador,Netherlands
243545,Instagram,2025-03-05,Não Convertido,,0.0,Moderado,Bouvet Island (Bouvetoya)
243546,Orgânico,2025-03-06,Não Convertido,,0.0,Conservador,Latvia
243547,Google Ads,2025-03-07,Não Convertido,,0.0,Agressivo,Cocos (Keeling) Islands
243548,Indicação,2025-03-03,Não Convertido,,0.0,Moderado,Argentina
243549,E-mail Marketing,2025-03-08,Não Convertido,,0.0,Moderado,Palestinian Territory
243550,Google Ads,2025-03-06,Não Convertido,,0.0,Agressivo,Botswana
243551,E-mail Marketing,2025-03-06,Não Convertido,,0.0,Moderado,Ukraine
243552,TikTok,2025-03-04,Não Convertido,,0.0,Agressivo,Anguilla
243553,TikTok,2025-03-07,Não Convertido,,0.0,Moderado,Croatia
243554,WhatsApp,2025-03-04,Não Convertido,,0.0,Moderado,Belgium
243555,WhatsApp,2025-03-03,Não Convertido,,0.0,Moderado,Fiji
243556,Orgânico,2025-03-03,Não Convertido,,0.0,Agressivo,Kenya
243557,Indicação,2025-03-08,Não Convertido,,0.0,Agressivo,Mexico
243558,TikTok,2025-03-06,Não Convertido,,0.0,Moderado,Costa Rica
243559,Facebook,2025-03-05,Não Convertido,,0.0,Moderado,French Guiana
243560,Facebook,2025-03-06,Não Convertido,,0.0,Agressivo,Russian Federation
243561,Indicação,2025-03-03,Não Convertido,,0.0,Moderado,Timor-Leste
243562,Instagram,2025-03-07,Não Convertido,,0.0,Conservador,Guinea-Bissau
243563,TikTok,2025-03-03,Convertido,4.0,4454.27,Moderado,Georgia
243564,YouTube Ads,2025-03-04,Não Convertido,,0.0,Moderado,Bahrain
243565,Orgânico,2025-03-04,Convertido,9.0,8056.14,Agressivo,Morocco
243566,Orgânico,2025-03-07,Não Convertido,,0.0,Moderado,Mali
243567,TikTok,2025-03-04,Não Convertido,,0.0,Conservador,Dominican Republic
243568,TikTok,2025-03-07,Não Convertido,,0.0,Moderado,South Georgia and the South Sandwich Islands
243569,Google Ads,2025-03-08,Não Convertido,,0.0,Moderado,Slovakia (Slovak Republic)
243570,TikTok,2025-03-06,Não Convertido,,0.0,Conservador,Christmas Island
243571,E-mail Marketing,2025-03-05,Convertido,14.0,6040.04,Moderado,Saint Martin
243572,WhatsApp,2025-03-07,Não Convertido,,0.0,Agressivo,Timor-Leste
243573,Orgânico,2025-03-07,Não Convertido,,0.0,Moderado,Austria
243574,Instagram,2025-03-03,Não Convertido,,0.0,Moderado,Nepal
243575,TikTok,2025-03-05,Não Convertido,,0.0,Agressivo,Samoa
243576,Orgânico,2025-03-08,Não Convertido,,0.0,Moderado,Croatia
243577,Indicação,2025-03-07,Não Convertido,,0.0,Moderado,Gambia
243578,Google Ads,2025-03-08,Não Convertido,,0.0,Moderado,Somalia
243579,YouTube Ads,2025-03-08,Não Convertido,,0.0,Conservador,Sudan
243580,WhatsApp,2025-03-06,Não Convertido,,0.0,Agressivo,Djibouti
243581,TikTok,2025-03-07,Não Convertido,,0.0,Desconhecido,Isle of Man
243582,E-mail Marketing,2025-03-06,Não Convertido,,0.0,Agressivo,Palau
243583,Indicação,2025-03-08,Não Convertido,,0.0,Agressivo,Algeria
243584,Google Ads,2025-03-03,Não Convertido,,0.0,Agressivo,Sudan
243585,TikTok,2025-03-06,Não Convertido,,0.0,Desconhecido,Benin
243586,Orgânico,2025-03-04,Não Convertido,,0.0,Agressivo,Ireland
243587,Instagram,2025-03-05,Não Convertido,,0.0,Desconhecido,Saint Barthelemy
243588,Orgânico,2025-03-03,Não Convertido,,0.0,Agressivo,Sudan
243589,Orgânico,2025-03-06,Não Convertido,,0.0,Moderado,Honduras
243590,Instagram,2025-03-08,Não Convertido,,0.0,Moderado,Papua New Guinea
243591,Orgânico,2025-03-08,Não Convertido,,0.0,Moderado,Tonga
243592,WhatsApp,2025-03-08,Não Convertido,,0.0,Moderado,Jordan
243593,Instagram,2025-03-04,Não Convertido,,0.0,Moderado,Moldova
243594,Instagram,2025-03-05,Não Convertido,,0.0,Agressivo,Kuwait
243595,E-mail Marketing,2025-03-04,Não Convertido,,0.0,Conservador,Antarctica (the territory South of 60 deg S)
243596,E-mail Marketing,2025-03-03,Não Convertido,,0.0,Moderado,Sudan
243597,Instagram,2025-03-04,Não Convertido,,0.0,Moderado,Antarctica (the territory South of 60 deg S)
243598,E-mail Marketing,2025-03-03,Não Convertido,,0.0,Agressivo,Gambia
243599,TikTok,2025-03-05,Não Convertido,,0.0,Moderado,Australia
243600,E-mail Marketing,2025-03-05,Não Convertido,,0.0,Moderado,Tuvalu
243601,Instagram,2025-03-07,Não Convertido,,0.0,Conservador,Venezuela
243602,TikTok,2025-03-06,Não Convertido,,0.0,Conservador,Mozambique
243603,Google Ads,2025-03-08,Não Convertido,,0.0,Moderado,Eritrea
243604,Orgânico,2025-03-06,Não Convertido,,0.0,Agressivo,United States Minor Outlying Islands
243605,Orgânico,2025-03-03,Não Convertido,,0.0,Moderado,Sudan
243606,Instagram,2025-03-08,Não Convertido,,0.0,Agressivo,Latvia
243607,Google Ads,2025-03-06,Não Convertido,,0.0,Moderado,Tanzania
243608,Instagram,2025-03-07,Não Convertido,,0.0,Conservador,Mali
243609,Google Ads,2025-03-06,Não Convertido,,0.0,Conservador,Brazil
243610,Indicação,2025-03-07,Não Convertido,,0.0,Conservador,Mauritania
243611,Google Ads,2025-03-04,Não Convertido,,0.0,Agressivo,Armenia
243612,E-mail Marketing,2025-03-04,Convertido,1.0,421.21,Agressivo,Tajikistan
243613,E-mail Marketing,2025-03-04,Não Convertido,,0.0,Moderado,Saint Barthelemy
243614,Orgânico,2025-03-05,Não Convertido,,0.0,Moderado,Ecuador
243615,Orgânico,2025-03-03,Não Convertido,,0.0,Conservador,Lebanon
243616,Instagram,2025-03-05,Não Convertido,,0.0,Conservador,Bermuda
243617,Orgânico,2025-03-07,Não Convertido,,0.0,Agressivo,Tokelau
243618,E-mail Marketing,2025-03-07,Não Convertido,,0.0,Moderado,Barbados
243619,E-mail Marketing,2025-03-08,Não Convertido,,0.0,Moderado,Jordan
243620,Google Ads,2025-03-06,Não Convertido,,0.0,Moderado,Heard Island and McDonald Islands
243621,Orgânico,2025-03-05,Convertido,11.0,2405.14,Moderado,Anguilla
243622,Google Ads,2025-03-04,Não Convertido,,0.0,Conservador,Luxembourg
243623,Orgânico,2025-03-06,Não Convertido,,0.0,Desconhecido,Albania
243624,Orgânico,2025-03-04,Não Convertido,,0.0,Agressivo,Tokelau
243625,E-mail Marketing,2025-03-04,Não Convertido,,0.0,Moderado,Equatorial Guinea
243626,WhatsApp,2025-03-03,Não Convertido,,0.0,Conservador,Western Sahara
243627,TikTok,2025-03-03,Não Convertido,,0.0,Desconhecido,Bolivia
243628,YouTube Ads,2025-03-08,Convertido,8.0,5746.69,Agressivo,Monaco
243629,Orgânico,2025-03-07,Não Convertido,,0.0,Desconhecido,Australia
243630,TikTok,2025-03-07,Não Convertido,,0.0,Conservador,Albania
243631,Orgânico,2025-03-04,Não Convertido,,0.0,Conservador,Niue
243632,Orgânico,2025-03-03,Não Convertido,,0.0,Moderado,Korea
243633,Facebook,2025-03-07,Não Convertido,,0.0,Conservador,Gabon
243634,Orgânico,2025-03-08,Não Convertido,,0.0,Agressivo,Kuwait
243635,TikTok,2025-03-08,Não Convertido,,0.0,Agressivo,Jamaica
243636,WhatsApp,2025-03-08,Não Convertido,,0.0,Desconhecido,Malaysia
243637,YouTube Ads,2025-03-07,Não Convertido,,0.0,Moderado,Cyprus
243638,Facebook,2025-03-07,Não Convertido,,0.0,Agressivo,Thailand
243639,Google Ads,2025-03-03,Não Convertido,,0.0,Moderado,Papua New Guinea
243640,WhatsApp,2025-03-05,Não Convertido,,0.0,Moderado,Guadeloupe
243641,E-mail Marketing,2025-03-04,Não Convertido,,0.0,Agressivo,Turks and Caicos Islands
243642,E-mail Marketing,2025-03-08,Não Convertido,,0.0,Agressivo,Italy
243643,TikTok,2025-03-07,Não Convertido,,0.0,Conservador,Cameroon
243644,Instagram,2025-03-03,Não Convertido,,0.0,Moderado,Georgia
243645,Indicação,2025-03-03,Não Convertido,,0.0,Conservador,Congo
243646,Instagram,2025-03-03,Não Convertido,,0.0,Moderado,Greenland
243647,Facebook,2025-03-05,Não Convertido,,0.0,Conservador,Senegal
243648,WhatsApp,2025-03-03,Não Convertido,,0.0,Agressivo,Niger
243649,YouTube Ads,2025-03-08,Não Convertido,,0.0,Agressivo,Samoa
243650,Instagram,2025-03-06,Não Convertido,,0.0,Conservador,Switzerland
243651,Google Ads,2025-03-05,Não Convertido,,0.0,Desconhecido,Jordan
243652,Instagram,2025-03-08,Não Convertido,,0.0,Conservador,Lithuania
243653,Facebook,2025-03-07,Não Convertido,,0.0,Moderado,Rwanda
243654,TikTok,2025-03-03,Não Convertido,,0.0,Agressivo,Afghanistan
243655,Orgânico,2025-03-04,Não Convertido,,0.0,Conservador,Guam
243656,Indicação,2025-03-07,Não Convertido,,0.0,Agressivo,Monaco
243657,Orgânico,2025-03-03,Não Convertido,,0.0,Moderado,Afghanistan
243658,Instagram,2025-03-08,Não Convertido,,0.0,Desconhecido,Madagascar
243659,Instagram,2025-03-07,Não Convertido,,0.0,Moderado,Cuba
243660,Instagram,2025-03-05,Não Convertido,,0.0,Agressivo,Slovakia (Slovak Republic)
243661,Instagram,2025-03-05,Não Convertido,,0.0,Desconhecido,Cocos (Keeling) Islands
243662,Google Ads,2025-03-03,Não Convertido,,0.0,Moderado,Eritrea
243663,E-mail Marketing,2025-03-05,Não Convertido,,0.0,Moderado,Albania
243664,Facebook,2025-03-04,Não Convertido,,0.0,Conservador,Sri Lanka
243665,Orgânico,2025-03-06,Não Convertido,,0.0,Moderado,Luxembourg
243666,TikTok,2025-03-06,Não Convertido,,0.0,Moderado,Jersey
243667,E-mail Marketing,2025-03-03,Não Convertido,,0.0,Moderado,Singapore
243668,Instagram,2025-03-06,Não Convertido,,0.0,Desconhecido,Samoa
243669,Instagram,2025-03-07,Não Convertido,,0.0,Moderado,United States Minor Outlying Islands
243670,YouTube Ads,2025-03-08,Não Convertido,,0.0,Conservador,Cayman Islands
243671,E-mail Marketing,2025-03-04,Não Convertido,,0.0,Conservador,Ukraine
243672,Instagram,2025-03-06,Não Convertido,,0.0,Moderado,Belgium
243673,TikTok,2025-03-07,Não Convertido,,0.0,Agressivo,Belize
243674,Orgânico,2025-03-07,Não Convertido,,0.0,Moderado,Tunisia
243675,TikTok,2025-03-07,Não Convertido,,0.0,Agressivo,Norway
243676,WhatsApp,2025-03-08,Não Convertido,,0.0,Moderado,Guinea-Bissau
243677,Instagram,2025-03-05,Não Convertido,,0.0,Agressivo,Burundi
243678,Instagram,2025-03-05,Convertido,23.0,9736.49,Desconhecido,Eritrea
243679,E-mail Marketing,2025-03-08,Não Convertido,,0.0,Agressivo,Sudan
243680,Instagram,2025-03-06,Não Convertido,,0.0,Agressivo,Senegal
243681,WhatsApp,2025-03-04,Não Convertido,,0.0,Desconhecido,Palau
243682,E-mail Marketing,2025-03-04,Não Convertido,,0.0,Moderado,Egypt
243683,Orgânico,2025-03-07,Não Convertido,,0.0,Moderado,Mongolia
243684,Indicação,2025-03-05,Não Convertido,,0.0,Moderado,United States Virgin Islands
243685,Orgânico,2025-03-03,Convertido,6.0,7008.86,Agressivo,Niue
243686,TikTok,2025-03-08,Não Convertido,,0.0,Moderado,Trinidad and Tobago
243687,E-mail Marketing,2025-03-04,Não Convertido,,0.0,Moderado,Guadeloupe
243688,Google Ads,2025-03-03,Convertido,7.0,9099.73,Moderado,Heard Island and McDonald Islands
243689,YouTube Ads,2025-03-04,Não Convertido,,0.0,Moderado,Guernsey
243690,E-mail Marketing,2025-03-03,Não Convertido,,0.0,Moderado,United States of America
243691,YouTube Ads,2025-03-05,Não Convertido,,0.0,Agressivo,Saint Pierre and Miquelon
243692,Orgânico,2025-03-04,Não Convertido,,0.0,Conservador,Colombia
243693,Orgânico,2025-03-08,Não Convertido,,0.0,Moderado,Northern Mariana Islands
243694,E-mail Marketing,2025-03-07,Não Convertido,,0.0,Moderado,Mauritania
243695,E-mail Marketing,2025-03-05,Não Convertido,,0.0,Agressivo,Guernsey
243696,Google Ads,2025-03-08,Não Convertido,,0.0,Agressivo,United States Virgin Islands
243697,Google Ads,2025-03-08,Convertido,19.0,6974.26,Agressivo,Faroe Islands
243698,Instagram,2025-03-05,Não Convertido,,0.0,Moderado,Croatia
243699,Google Ads,2025-03-05,Não Convertido,,0.0,Moderado,Romania
243700,Instagram,2025-03-07,Não Convertido,,0.0,Moderado,Burundi
243701,Google Ads,2025-03-04,Não Convertido,,0.0,Conservador,Saint Kitts and Nevis
243702,E-mail Marketing,2025-03-03,Não Convertido,,0.0,Conservador,Australia
243703,E-mail Marketing,2025-03-08,Não Convertido,,0.0,Conservador,Norway
243704,E-mail Marketing,2025-03-03,Não Convertido,,0.0,Conservador,El Salvador
243705,E-mail Marketing,2025-03-05,Não Convertido,,0.0,Conservador,Croatia
243706,Indicação,2025-03-07,Não Convertido,,0.0,Moderado,North Macedonia
243707,Orgânico,2025-03-08,Não Convertido,,0.0,Agressivo,Niue
243708,Facebook,2025-03-06,Não Convertido,,0.0,Moderado,Nepal
243709,WhatsApp,2025-03-07,Não Convertido,,0.0,Agressivo,Costa Rica
243710,Google Ads,2025-03-06,Não Convertido,,0.0,Agressivo,Wallis and Futuna
243711,TikTok,2025-03-03,Não Convertido,,0.0,Moderado,Serbia
243712,YouTube Ads,2025-03-08,Não Convertido,,0.0,Agressivo,Colombia
243713,Google Ads,2025-03-08,Não Convertido,,0.0,Agressivo,Central African Republic
243714,TikTok,2025-03-06,Não Convertido,,0.0,Desconhecido,Kiribati
243715,Orgânico,2025-03-08,Não Convertido,,0.0,Moderado,Turkmenistan
243716,E-mail Marketing,2025-03-07,Não Convertido,,0.0,Conservador,Tuvalu
243717,E-mail Marketing,2025-03-08,Não Convertido,,0.0,Agressivo,Mayotte
243718,Indicação,2025-03-04,Não Convertido,,0.0,Conservador,Kuwait
243719,Google Ads,2025-03-08,Não Convertido,,0.0,Moderado,Belize
243720,Instagram,2025-03-04,Não Convertido,,0.0,Moderado,New Caledonia
243721,YouTube Ads,2025-03-06,Não Convertido,,0.0,Agressivo,Korea
243722,Orgânico,2025-03-06,Não Convertido,,0.0,Moderado,Hungary
243723,Facebook,2025-03-07,Não Convertido,,0.0,Moderado,Guinea
243724,Orgânico,2025-03-08,Não Convertido,,0.0,Moderado,Montserrat
243725,E-mail Marketing,2025-03-06,Não Convertido,,0.0,Agressivo,Estonia
243726,TikTok,2025-03-08,Não Convertido,,0.0,Agressivo,American Samoa
243727,YouTube Ads,2025-03-06,Não Convertido,,0.0,Moderado,Sudan
243728,Instagram,2025-03-07,Não Convertido,,0.0,Moderado,Togo
243729,E-mail Marketing,2025-03-08,Não Convertido,,0.0,Moderado,Lesotho
243730,E-mail Marketing,2025-03-05,Não Convertido,,0.0,Agressivo,Afghanistan
243731,Orgânico,2025-03-05,Não Convertido,,0.0,Agressivo,Egypt
243732,WhatsApp,2025-03-08,Não Convertido,,0.0,Agressivo,Cambodia
243733,Instagram,2025-03-04,Não Convertido,,0.0,Desconhecido,Ireland
243734,Instagram,2025-03-08,Não Convertido,,0.0,Conservador,Spain
243735,Google Ads,2025-03-04,Não Convertido,,0.0,Moderado,Lesotho
243736,Facebook,2025-03-06,Não Convertido,,0.0,Agressivo,Italy
243737,YouTube Ads,2025-03-06,Não Convertido,,0.0,Moderado,Guatemala
243738,TikTok,2025-03-08,Não Convertido,,0.0,Agressivo,Trinidad and Tobago
243739,WhatsApp,2025-03-05,Não Convertido,,0.0,Agressivo,Kyrgyz Republic
243740,WhatsApp,2025-03-08,Não Convertido,,0.0,Conservador,British Virgin Islands
243741,WhatsApp,2025-03-06,Não Convertido,,0.0,Moderado,Georgia
243742,Orgânico,2025-03-03,Não Convertido,,0.0,Conservador,Tajikistan
243743,Facebook,2025-03-05,Não Convertido,,0.0,Moderado,Sri Lanka
243744,TikTok,2025-03-03,Não Convertido,,0.0,Agressivo,Guinea-Bissau
243745,E-mail Marketing,2025-03-03,Não Convertido,,0.0,Moderado,Aruba
243746,Orgânico,2025-03-08,Não Convertido,,0.0,Agressivo,Uruguay
243747,Google Ads,2025-03-08,Não Convertido,,0.0,Moderado,Hong Kong
243748,Instagram,2025-03-05,Não Convertido,,0.0,Moderado,South Africa
243749,Orgânico,2025-03-05,Não Convertido,,0.0,Conservador,Chad
243750,Google Ads,2025-03-07,Não Convertido,,0.0,Conservador,Georgia
243751,Orgânico,2025-03-06,Não Convertido,,0.0,Agressivo,Mozambique
243752,WhatsApp,2025-03-07,Não Convertido,,0.0,Moderado,Serbia
243753,Instagram,2025-03-04,Não Convertido,,0.0,Conservador,France
243754,TikTok,2025-03-03,Não Convertido,,0.0,Agressivo,Papua New Guinea
243755,Facebook,2025-03-06,Não Convertido,,0.0,Agressivo,India
243756,E-mail Marketing,2025-03-06,Não Convertido,,0.0,Agressivo,Guyana
243757,TikTok,2025-03-08,Não Convertido,,0.0,Agressivo,Israel
243758,E-mail Marketing,2025-03-03,Não Convertido,,0.0,Moderado,Falkland Islands (Malvinas)
243759,Orgânico,2025-03-06,Não Convertido,,0.0,Agressivo,Cote d'Ivoire
243760,TikTok,2025-03-03,Convertido,25.0,227.3,Desconhecido,Guinea
243761,YouTube Ads,2025-03-07,Não Convertido,,0.0,Conservador,Sudan
243762,Indicação,2025-03-07,Não Convertido,,0.0,Desconhecido,Eritrea
243763,Orgânico,2025-03-03,Não Convertido,,0.0,Moderado,Afghanistan
243764,Indicação,2025-03-05,Não Convertido,,0.0,Agressivo,Antigua and Barbuda
243765,TikTok,2025-03-06,Não Convertido,,0.0,Conservador,Finland
243766,E-mail Marketing,2025-03-04,Não Convertido,,0.0,Agressivo,Australia
243767,Orgânico,2025-03-05,Não Convertido,,0.0,Conservador,Papua New Guinea
243768,E-mail Marketing,2025-03-07,Não Convertido,,0.0,Agressivo,North Macedonia
243769,Orgânico,2025-03-04,Não Convertido,,0.0,Moderado,Zimbabwe
243770,YouTube Ads,2025-03-08,Não Convertido,,0.0,Agressivo,Saint Lucia
243771,YouTube Ads,2025-03-08,Não Convertido,,0.0,Agressivo,Martinique
243772,Orgânico,2025-03-07,Não Convertido,,0.0,Agressivo,Bouvet Island (Bouvetoya)
243773,Facebook,2025-03-08,Não Convertido,,0.0,Moderado,Cuba
243774,TikTok,2025-03-08,Não Convertido,,0.0,Moderado,Cameroon
243775,WhatsApp,2025-03-06,Não Convertido,,0.0,Agressivo,Palau
243776,Indicação,2025-03-04,Não Convertido,,0.0,Agressivo,Costa Rica
243777,Google Ads,2025-03-08,Não Convertido,,0.0,Conservador,Chile
243778,Google Ads,2025-03-06,Não Convertido,,0.0,Desconhecido,Morocco
243779,Google Ads,2025-03-06,Não Convertido,,0.0,Agressivo,Greenland
243780,TikTok,2025-03-08,Não Convertido,,0.0,Conservador,Seychelles
243781,Indicação,2025-03-03,Não Convertido,,0.0,Conservador,Turks and Caicos Islands
243782,Instagram,2025-03-04,Não Convertido,,0.0,Conservador,Trinidad and Tobago
243783,YouTube Ads,2025-03-04,Não Convertido,,0.0,Moderado,Azerbaijan
243784,Orgânico,2025-03-07,Não Convertido,,0.0,Moderado,Costa Rica
243785,E-mail Marketing,2025-03-05,Não Convertido,,0.0,Moderado,Solomon Islands
243786,Instagram,2025-03-07,Não Convertido,,0.0,Moderado,Tokelau
243787,Facebook,2025-03-03,Não Convertido,,0.0,Conservador,Kiribati
243788,E-mail Marketing,2025-03-04,Não Convertido,,0.0,Agressivo,Switzerland
243789,Instagram,2025-03-05,Não Convertido,,0.0,Desconhecido,Argentina
243790,TikTok,2025-03-05,Não Convertido,,0.0,Moderado,Romania
243791,TikTok,2025-03-06,Não Convertido,,0.0,Moderado,Northern Mariana Islands
243792,Facebook,2025-03-07,Não Convertido,,0.0,Agressivo,Thailand
243793,Instagram,2025-03-04,Não Convertido,,0.0,Desconhecido,Vietnam
243794,Instagram,2025-03-03,Não Convertido,,0.0,Moderado,Slovenia
243795,Orgânico,2025-03-06,Não Convertido,,0.0,Agressivo,Mexico
243796,Indicação,2025-03-05,Não Convertido,,0.0,Conservador,Barbados
243797,YouTube Ads,2025-03-07,Não Convertido,,0.0,Conservador,Taiwan
243798,Instagram,2025-03-05,Não Convertido,,0.0,Desconhecido,Chad
243799,TikTok,2025-03-04,Não Convertido,,0.0,Moderado,Sao Tome and Principe
243800,Facebook,2025-03-06,Não Convertido,,0.0,Agressivo,Guatemala
243801,TikTok,2025-03-03,Não Convertido,,0.0,Desconhecido,Austria
243802,Facebook,2025-03-06,Não Convertido,,0.0,Moderado,Kenya
243803,TikTok,2025-03-05,Não Convertido,,0.0,Conservador,Rwanda
243804,TikTok,2025-03-07,Não Convertido,,0.0,Agressivo,New Zealand
243805,Facebook,2025-03-04,Não Convertido,,0.0,Agressivo,Uganda
243806,YouTube Ads,2025-03-03,Não Convertido,,0.0,Conservador,Cote d'Ivoire
243807,E-mail Marketing,2025-03-03,Não Convertido,,0.0,Moderado,Northern Mariana Islands
243808,Facebook,2025-03-07,Não Convertido,,0.0,Conservador,British Indian Ocean Territory (Chagos Archipelago)
243809,Instagram,2025-03-05,Não Convertido,,0.0,Moderado,Slovakia (Slovak Republic)
243810,Orgânico,2025-03-06,Não Convertido,,0.0,Conservador,Germany
243811,E-mail Marketing,2025-03-03,Não Convertido,,0.0,Agressivo,Bosnia and Herzegovina
243812,Instagram,2025-03-03,Não Convertido,,0.0,Moderado,Micronesia
243813,E-mail Marketing,2025-03-04,Não Convertido,,0.0,Agressivo,Philippines
243814,WhatsApp,2025-03-08,Convertido,28.0,3270.75,Moderado,Cayman Islands
243815,TikTok,2025-03-08,Não Convertido,,0.0,Conservador,Belarus
243816,Orgânico,2025-03-05,Convertido,29.0,307.0,Desconhecido,Korea
243817,E-mail Marketing,2025-03-06,Não Convertido,,0.0,Conservador,Vanuatu
243818,Facebook,2025-03-03,Não Convertido,,0.0,Conservador,Liechtenstein
243819,TikTok,2025-03-05,Não Convertido,,0.0,Conservador,Togo
243820,Orgânico,2025-03-04,Não Convertido,,0.0,Agressivo,United States of America
243821,Orgânico,2025-03-03,Não Convertido,,0.0,Desconhecido,Cameroon
243822,Instagram,2025-03-08,Convertido,8.0,157.37,Moderado,Saint Martin
243823,Orgânico,2025-03-04,Não Convertido,,0.0,Moderado,Cameroon
243824,Orgânico,2025-03-03,Não Convertido,,0.0,Moderado,Guinea
243825,Orgânico,2025-03-04,Não Convertido,,0.0,Moderado,Kiribati
243826,Instagram,2025-03-08,Não Convertido,,0.0,Agressivo,Burundi
243827,Instagram,2025-03-04,Não Convertido,,0.0,Agressivo,Falkland Islands (Malvinas)
243828,Facebook,2025-03-05,Não Convertido,,0.0,Agressivo,Libyan Arab Jamahiriya
243829,YouTube Ads,2025-03-06,Não Convertido,,0.0,Moderado,Algeria
243830,WhatsApp,2025-03-08,Não Convertido,,0.0,Moderado,Greece
243831,Instagram,2025-03-05,Não Convertido,,0.0,Moderado,Wallis and Futuna
243832,Orgânico,2025-03-07,Não Convertido,,0.0,Moderado,Iceland
243833,Instagram,2025-03-06,Não Convertido,,0.0,Desconhecido,Central African Republic
243834,WhatsApp,2025-03-03,Não Convertido,,0.0,Conservador,Seychelles
243835,E-mail Marketing,2025-03-03,Não Convertido,,0.0,Desconhecido,Lesotho
243836,Google Ads,2025-03-07,Não Convertido,,0.0,Moderado,Madagascar
243837,Facebook,2025-03-06,Não Convertido,,0.0,Moderado,Nepal
243838,TikTok,2025-03-06,Não Convertido,,0.0,Moderado,China
243839,Google Ads,2025-03-07,Não Convertido,,0.0,Moderado,Georgia
243840,TikTok,2025-03-06,Não Convertido,,0.0,Moderado,Romania
243841,TikTok,2025-03-06,Não Convertido,,0.0,Desconhecido,New Zealand
243842,Facebook,2025-03-08,Não Convertido,,0.0,Agressivo,Montenegro
243843,Orgânico,2025-03-07,Não Convertido,,0.0,Conservador,Costa Rica
243844,YouTube Ads,2025-03-08,Não Convertido,,0.0,Moderado,North Macedonia
243845,Instagram,2025-03-07,Não Convertido,,0.0,Agressivo,Australia
243846,TikTok,2025-03-05,Não Convertido,,0.0,Moderado,Zambia
243847,Facebook,2025-03-04,Convertido,4.0,3019.09,Agressivo,Mauritius
243848,Facebook,2025-03-04,Não Convertido,,0.0,Moderado,Nauru
243849,WhatsApp,2025-03-03,Não Convertido,,0.0,Agressivo,Comoros
243850,Orgânico,2025-03-06,Não Convertido,,0.0,Agressivo,Bhutan
243851,TikTok,2025-03-04,Não Convertido,,0.0,Conservador,Djibouti
243852,Instagram,2025-03-03,Não Convertido,,0.0,Conservador,Antigua and Barbuda
243853,TikTok,2025-03-05,Não Convertido,,0.0,Moderado,Cameroon
243854,Facebook,2025-03-05,Não Convertido,,0.0,Moderado,France
243855,E-mail Marketing,2025-03-06,Não Convertido,,0.0,Agressivo,Mexico
243856,Facebook,2025-03-07,Não Convertido,,0.0,Moderado,Puerto Rico
243857,WhatsApp,2025-03-05,Não Convertido,,0.0,Agressivo,Kyrgyz Republic
243858,Indicação,2025-03-04,Não Convertido,,0.0,Agressivo,Cook Islands
243859,Google Ads,2025-03-03,Não Convertido,,0.0,Moderado,Sudan
243860,Google Ads,2025-03-07,Não Convertido,,0.0,Moderado,Liechtenstein
243861,E-mail Marketing,2025-03-08,Não Convertido,,0.0,Moderado,Lebanon
243862,Instagram,2025-03-08,Não Convertido,,0.0,Agressivo,Korea
243863,Instagram,2025-03-05,Não Convertido,,0.0,Agressivo,Netherlands
243864,Google Ads,2025-03-06,Convertido,28.0,191.9,Moderado,United States Minor Outlying Islands
243865,Google Ads,2025-03-05,Não Convertido,,0.0,Desconhecido,Malta
243866,WhatsApp,2025-03-05,Não Convertido,,0.0,Agressivo,Pitcairn Islands
243867,TikTok,2025-03-06,Não Convertido,,0.0,Moderado,Jordan
243868,TikTok,2025-03-04,Não Convertido,,0.0,Agressivo,Greenland
243869,E-mail Marketing,2025-03-03,Não Convertido,,0.0,Moderado,Cuba
243870,E-mail Marketing,2025-03-05,Não Convertido,,0.0,Moderado,Comoros
243871,WhatsApp,2025-03-05,Não Convertido,,0.0,Moderado,Northern Mariana Islands
243872,Indicação,2025-03-04,Não Convertido,,0.0,Moderado,Kenya
243873,TikTok,2025-03-03,Convertido,6.0,2174.69,Conservador,Mozambique
243874,Google Ads,2025-03-05,Não Convertido,,0.0,Moderado,Saint Barthelemy
243875,TikTok,2025-03-04,Convertido,9.0,8839.79,Moderado,Nigeria
