lead_id,origem,data_cadastro,status_conversao,dias_ate_1o_trade,valor_deposito,perfil,pais
221323,TikTok,2025-01-30,Não Convertido,,0.0,Agressivo,Sierra Leone
221324,Orgânico,2025-01-30,Não Convertido,,0.0,Conservador,Mali
221325,Instagram,2025-01-28,Não Convertido,,0.0,Moderado,Bouvet Island (Bouvetoya)
221326,Instagram,2025-01-29,Não Convertido,,0.0,Moderado,Libyan Arab Jamahiriya
221327,TikTok,2025-01-27,Não Convertido,,0.0,Agressivo,Congo
221328,Google Ads,2025-01-31,Não Convertido,,0.0,Moderado,French Polynesia
221329,Indicação,2025-01-27,Não Convertido,,0.0,Conservador,Bermuda
221330,Indicação,2025-01-27,Não Convertido,,0.0,Agressivo,Bulgaria
221331,TikTok,2025-01-28,Não Convertido,,0.0,Moderado,Uganda
221332,WhatsApp,2025-01-29,Não Convertido,,0.0,Moderado,Chad
221333,E-mail Marketing,2025-01-29,Não Convertido,,0.0,Agressivo,British Virgin Islands
221334,E-mail Marketing,2025-01-31,Não Convertido,,0.0,Moderado,Ethiopia
221335,Orgânico,2025-02-01,Não Convertido,,0.0,Desconhecido,Vanuatu
221336,WhatsApp,2025-01-28,Não Convertido,,0.0,Moderado,Papua New Guinea
221337,TikTok,2025-01-31,Não Convertido,,0.0,Agressivo,Western Sahara
221338,WhatsApp,2025-01-27,Não Convertido,,0.0,Conservador,Haiti
221339,TikTok,2025-01-31,Não Convertido,,0.0,Agressivo,Nepal
221340,E-mail Marketing,2025-01-27,Não Convertido,,0.0,Moderado,Mauritania
221341,TikTok,2025-01-28,Não Convertido,,0.0,Conservador,Liberia
221342,Orgânico,2025-01-31,Não Convertido,,0.0,Desconhecido,Argentina
221343,Instagram,2025-01-29,Não Convertido,,0.0,Conservador,Tokelau
221344,Orgânico,2025-01-31,Não Convertido,,0.0,Moderado,British Indian Ocean Territory (Chagos Archipelago)
221345,E-mail Marketing,2025-01-27,Não Convertido,,0.0,Conservador,Ethiopia
221346,WhatsApp,2025-01-31,Não Convertido,,0.0,Agressivo,Vietnam
221347,Facebook,2025-01-30,Não Convertido,,0.0,Desconhecido,Ireland
221348,Instagram,2025-02-01,Não Convertido,,0.0,Agressivo,Gambia
221349,Orgânico,2025-02-01,Não Convertido,,0.0,Moderado,France
221350,Facebook,2025-01-29,Não Convertido,,0.0,Moderado,Uganda
221351,Orgânico,2025-02-01,Não Convertido,,0.0,Agressivo,Saint Lucia
221352,Indicação,2025-01-28,Não Convertido,,0.0,Conservador,Uruguay
221353,Instagram,2025-01-27,Não Convertido,,0.0,Moderado,Netherlands
221354,Orgânico,2025-02-01,Não Convertido,,0.0,Conservador,Zimbabwe
221355,Instagram,2025-01-28,Não Convertido,,0.0,Desconhecido,Turkey
221356,Instagram,2025-01-27,Não Convertido,,0.0,Moderado,Kazakhstan
221357,Orgânico,2025-01-27,Não Convertido,,0.0,Moderado,Gabon
221358,Instagram,2025-01-28,Não Convertido,,0.0,Moderado,Antarctica (the territory South of 60 deg S)
221359,Instagram,2025-01-28,Não Convertido,,0.0,Agressivo,Netherlands
221360,Facebook,2025-02-01,Não Convertido,,0.0,Agressivo,Mexico
221361,Orgânico,2025-01-30,Não Convertido,,0.0,Agressivo,Bulgaria
221362,Google Ads,2025-01-29,Não Convertido,,0.0,Moderado,Yemen
221363,Orgânico,2025-01-30,Não Convertido,,0.0,Agressivo,Romania
221364,E-mail Marketing,2025-01-30,Não Convertido,,0.0,Moderado,Mauritania
221365,Instagram,2025-01-27,Não Convertido,,0.0,Moderado,Maldives
221366,Orgânico,2025-01-29,Não Convertido,,0.0,Agressivo,Vietnam
221367,YouTube Ads,2025-02-01,Não Convertido,,0.0,Agressivo,Fiji
221368,Facebook,2025-01-31,Não Convertido,,0.0,Agressivo,Niue
221369,Indicação,2025-01-31,Não Convertido,,0.0,Desconhecido,Indonesia
221370,Instagram,2025-01-30,Não Convertido,,0.0,Moderado,Paraguay
221371,Google Ads,2025-01-28,Não Convertido,,0.0,Agressivo,Lesotho
221372,Instagram,2025-01-31,Não Convertido,,0.0,Conservador,Albania
221373,Instagram,2025-01-27,Não Convertido,,0.0,Moderado,Myanmar
221374,TikTok,2025-01-29,Não Convertido,,0.0,Conservador,Greece
221375,Google Ads,2025-01-30,Não Convertido,,0.0,Moderado,Tuvalu
221376,Facebook,2025-01-30,Não Convertido,,0.0,Moderado,Trinidad and Tobago
221377,Orgânico,2025-01-29,Não Convertido,,0.0,Agressivo,Congo
221378,Indicação,2025-01-28,Não Convertido,,0.0,Moderado,Argentina
221379,Google Ads,2025-01-30,Não Convertido,,0.0,Agressivo,Lebanon
221380,TikTok,2025-01-30,Não Convertido,,0.0,Desconhecido,United Kingdom
221381,Orgânico,2025-01-28,Convertido,9.0,4804.69,Moderado,Bouvet Island (Bouvetoya)
221382,Orgânico,2025-01-28,Convertido,11.0,9789.02,Conservador,Niger
221383,YouTube Ads,2025-01-27,Não Convertido,,0.0,Agressivo,Micronesia
221384,Orgânico,2025-01-29,Não Convertido,,0.0,Moderado,Dominica
221385,Google Ads,2025-01-28,Não Convertido,,0.0,Agressivo,Kazakhstan
221386,E-mail Marketing,2025-01-29,Não Convertido,,0.0,Moderado,Cyprus
221387,Instagram,2025-01-28,Não Convertido,,0.0,Agressivo,Mayotte
221388,TikTok,2025-01-27,Não Convertido,,0.0,Moderado,San Marino
221389,TikTok,2025-02-01,Não Convertido,,0.0,Agressivo,Cote d'Ivoire
221390,Orgânico,2025-01-28,Não Convertido,,0.0,Agressivo,Cameroon
221391,Instagram,2025-01-30,Não Convertido,,0.0,Desconhecido,Israel
221392,WhatsApp,2025-01-27,Não Convertido,,0.0,Agressivo,Yemen
221393,TikTok,2025-01-27,Convertido,10.0,2757.91,Moderado,San Marino
221394,YouTube Ads,2025-01-31,Não Convertido,,0.0,Moderado,Maldives
221395,Facebook,2025-01-27,Não Convertido,,0.0,Desconhecido,Sao Tome and Principe
221396,Orgânico,2025-01-27,Convertido,1.0,517.28,Conservador,Zambia
221397,Google Ads,2025-01-28,Não Convertido,,0.0,Moderado,Cuba
221398,Instagram,2025-01-29,Não Convertido,,0.0,Agressivo,Libyan Arab Jamahiriya
221399,Google Ads,2025-01-31,Não Convertido,,0.0,Agressivo,Norfolk Island
221400,Facebook,2025-01-30,Não Convertido,,0.0,Agressivo,Bahrain
221401,E-mail Marketing,2025-01-28,Não Convertido,,0.0,Moderado,Congo
221402,TikTok,2025-01-28,Não Convertido,,0.0,Agressivo,Finland
221403,TikTok,2025-01-29,Não Convertido,,0.0,Moderado,French Southern Territories
221404,TikTok,2025-01-29,Não Convertido,,0.0,Conservador,Finland
221405,YouTube Ads,2025-01-31,Não Convertido,,0.0,Conservador,Sierra Leone
221406,Facebook,2025-01-29,Não Convertido,,0.0,Moderado,Palau
221407,Instagram,2025-01-28,Não Convertido,,0.0,Agressivo,Christmas Island
221408,Orgânico,2025-01-27,Não Convertido,,0.0,Desconhecido,Myanmar
221409,Instagram,2025-02-01,Convertido,2.0,9670.89,Agressivo,Saint Helena
221410,Indicação,2025-01-31,Convertido,15.0,827.28,Moderado,Iraq
221411,Orgânico,2025-01-31,Não Convertido,,0.0,Moderado,Lao People's Democratic Republic
221412,Orgânico,2025-01-29,Não Convertido,,0.0,Agressivo,United States Virgin Islands
221413,Google Ads,2025-01-29,Não Convertido,,0.0,Conservador,Anguilla
221414,E-mail Marketing,2025-01-30,Não Convertido,,0.0,Desconhecido,Togo
221415,TikTok,2025-01-31,Não Convertido,,0.0,Agressivo,Norway
221416,Google Ads,2025-02-01,Não Convertido,,0.0,Conservador,Bolivia
221417,Orgânico,2025-02-01,Não Convertido,,0.0,Agressivo,Marshall Islands
221418,Indicação,2025-01-28,Não Convertido,,0.0,Agressivo,Luxembourg
221419,Orgânico,2025-01-31,Convertido,20.0,1361.2,Agressivo,Canada
221420,Google Ads,2025-01-29,Não Convertido,,0.0,Desconhecido,Yemen
221421,Orgânico,2025-02-01,Não Convertido,,0.0,Agressivo,Turkmenistan
221422,Google Ads,2025-01-30,Não Convertido,,0.0,Moderado,Monaco
221423,TikTok,2025-01-28,Não Convertido,,0.0,Moderado,Guam
221424,TikTok,2025-01-31,Convertido,0.0,3606.26,Desconhecido,Cape Verde
221425,YouTube Ads,2025-01-27,Não Convertido,,0.0,Agressivo,Bosnia and Herzegovina
221426,Orgânico,2025-02-01,Não Convertido,,0.0,Conservador,Taiwan
221427,Orgânico,2025-01-30,Não Convertido,,0.0,Moderado,Saint Kitts and Nevis
221428,E-mail Marketing,2025-01-30,Não Convertido,,0.0,Agressivo,United Kingdom
221429,TikTok,2025-01-31,Não Convertido,,0.0,Agressivo,Belize
221430,Instagram,2025-01-30,Não Convertido,,0.0,Agressivo,Korea
221431,Google Ads,2025-01-28,Não Convertido,,0.0,Desconhecido,Saint Martin
221432,E-mail Marketing,2025-01-28,Não Convertido,,0.0,Moderado,Bermuda
221433,TikTok,2025-01-29,Não Convertido,,0.0,Conservador,Chile
221434,TikTok,2025-01-29,Não Convertido,,0.0,Agressivo,Gambia
221435,Facebook,2025-01-28,Não Convertido,,0.0,Moderado,Ukraine
221436,Orgânico,2025-01-29,Não Convertido,,0.0,Desconhecido,San Marino
221437,Orgânico,2025-01-28,Não Convertido,,0.0,Moderado,Botswana
221438,Facebook,2025-01-29,Não Convertido,,0.0,Agressivo,Morocco
221439,Instagram,2025-02-01,Não Convertido,,0.0,Moderado,Lao People's Democratic Republic
221440,Instagram,2025-01-31,Não Convertido,,0.0,Conservador,Bangladesh
221441,Google Ads,2025-01-28,Não Convertido,,0.0,Desconhecido,Iran
221442,Facebook,2025-01-31,Não Convertido,,0.0,Agressivo,Uganda
221443,Google Ads,2025-01-30,Não Convertido,,0.0,Agressivo,Somalia
221444,YouTube Ads,2025-01-30,Não Convertido,,0.0,Moderado,South Africa
221445,Indicação,2025-01-28,Não Convertido,,0.0,Moderado,Eritrea
221446,YouTube Ads,2025-01-27,Não Convertido,,0.0,Conservador,Monaco
221447,Indicação,2025-01-31,Não Convertido,,0.0,Conservador,Turkmenistan
221448,TikTok,2025-01-28,Não Convertido,,0.0,Moderado,Ireland
221449,WhatsApp,2025-01-29,Não Convertido,,0.0,Conservador,Singapore
221450,TikTok,2025-01-31,Não Convertido,,0.0,Agressivo,United States Minor Outlying Islands
221451,Orgânico,2025-01-28,Não Convertido,,0.0,Conservador,Bosnia and Herzegovina
221452,Orgânico,2025-01-29,Não Convertido,,0.0,Conservador,Brunei Darussalam
221453,Instagram,2025-01-28,Não Convertido,,0.0,Agressivo,Anguilla
221454,Google Ads,2025-01-30,Não Convertido,,0.0,Moderado,Mauritania
221455,Instagram,2025-01-28,Não Convertido,,0.0,Conservador,Nauru
221456,Instagram,2025-01-30,Não Convertido,,0.0,Moderado,Italy
221457,Facebook,2025-01-29,Não Convertido,,0.0,Moderado,Jamaica
221458,TikTok,2025-01-29,Não Convertido,,0.0,Conservador,Iceland
221459,Facebook,2025-02-01,Não Convertido,,0.0,Agressivo,Iceland
221460,Google Ads,2025-01-30,Não Convertido,,0.0,Moderado,Russian Federation
221461,TikTok,2025-01-30,Não Convertido,,0.0,Conservador,Saint Helena
221462,Google Ads,2025-02-01,Convertido,25.0,6251.17,Desconhecido,Burkina Faso
221463,Instagram,2025-01-30,Não Convertido,,0.0,Conservador,Marshall Islands
221464,Instagram,2025-01-31,Não Convertido,,0.0,Desconhecido,Palau
221465,WhatsApp,2025-01-29,Não Convertido,,0.0,Moderado,Romania
221466,YouTube Ads,2025-01-30,Não Convertido,,0.0,Moderado,Guinea
221467,Orgânico,2025-01-31,Não Convertido,,0.0,Moderado,Pakistan
221468,Instagram,2025-01-28,Não Convertido,,0.0,Moderado,Egypt
221469,Instagram,2025-01-28,Não Convertido,,0.0,Moderado,Russian Federation
221470,WhatsApp,2025-01-28,Não Convertido,,0.0,Agressivo,Nauru
221471,Instagram,2025-01-31,Não Convertido,,0.0,Moderado,Heard Island and McDonald Islands
221472,YouTube Ads,2025-01-27,Não Convertido,,0.0,Agressivo,Saint Helena
221473,Google Ads,2025-01-28,Não Convertido,,0.0,Conservador,Saint Vincent and the Grenadines
221474,YouTube Ads,2025-01-28,Não Convertido,,0.0,Conservador,Saint Kitts and Nevis
221475,Orgânico,2025-01-29,Não Convertido,,0.0,Agressivo,Suriname
221476,WhatsApp,2025-01-29,Não Convertido,,0.0,Conservador,Saint Kitts and Nevis
221477,Facebook,2025-01-31,Não Convertido,,0.0,Moderado,Pakistan
221478,TikTok,2025-01-28,Não Convertido,,0.0,Moderado,Sri Lanka
221479,Google Ads,2025-01-30,Não Convertido,,0.0,Conservador,Mexico
221480,Instagram,2025-01-31,Não Convertido,,0.0,Moderado,Greece
221481,TikTok,2025-01-29,Não Convertido,,0.0,Conservador,Spain
221482,YouTube Ads,2025-01-27,Não Convertido,,0.0,Moderado,Lao People's Democratic Republic
221483,Facebook,2025-01-28,Não Convertido,,0.0,Moderado,New Caledonia
221484,E-mail Marketing,2025-01-30,Não Convertido,,0.0,Agressivo,Ecuador
221485,YouTube Ads,2025-01-31,Não Convertido,,0.0,Moderado,Tuvalu
221486,E-mail Marketing,2025-01-27,Não Convertido,,0.0,Moderado,Paraguay
221487,E-mail Marketing,2025-01-29,Não Convertido,,0.0,Moderado,Oman
221488,Instagram,2025-01-29,Não Convertido,,0.0,Conservador,Micronesia
221489,TikTok,2025-01-29,Não Convertido,,0.0,Conservador,Mongolia
221490,Instagram,2025-01-30,Não Convertido,,0.0,Moderado,Pitcairn Islands
221491,Google Ads,2025-01-30,Não Convertido,,0.0,Moderado,Guinea
221492,Indicação,2025-01-30,Não Convertido,,0.0,Agressivo,Norfolk Island
221493,TikTok,2025-01-30,Não Convertido,,0.0,Agressivo,Togo
221494,Instagram,2025-01-29,Não Convertido,,0.0,Agressivo,Japan
221495,E-mail Marketing,2025-01-30,Não Convertido,,0.0,Conservador,Switzerland
221496,Orgânico,2025-01-28,Convertido,26.0,7125.19,Agressivo,Norfolk Island
221497,Orgânico,2025-02-01,Não Convertido,,0.0,Moderado,Namibia
221498,Google Ads,2025-01-28,Não Convertido,,0.0,Moderado,Timor-Leste
221499,Facebook,2025-01-30,Não Convertido,,0.0,Agressivo,Brazil
221500,Google Ads,2025-01-27,Não Convertido,,0.0,Conservador,Puerto Rico
221501,Facebook,2025-02-01,Não Convertido,,0.0,Desconhecido,Ireland
221502,Orgânico,2025-01-30,Não Convertido,,0.0,Moderado,Saudi Arabia
221503,E-mail Marketing,2025-01-31,Não Convertido,,0.0,Agressivo,Israel
221504,Facebook,2025-01-30,Não Convertido,,0.0,Agressivo,Antarctica (the territory South of 60 deg S)
221505,Instagram,2025-01-28,Não Convertido,,0.0,Agressivo,Costa Rica
221506,TikTok,2025-01-29,Não Convertido,,0.0,Conservador,Tonga
221507,YouTube Ads,2025-01-28,Não Convertido,,0.0,Moderado,Bulgaria
221508,Instagram,2025-01-29,Não Convertido,,0.0,Moderado,Sri Lanka
221509,Instagram,2025-01-29,Não Convertido,,0.0,Moderado,Costa Rica
221510,Orgânico,2025-01-29,Não Convertido,,0.0,Moderado,Ireland
221511,Instagram,2025-01-31,Não Convertido,,0.0,Agressivo,Nigeria
221512,TikTok,2025-01-31,Não Convertido,,0.0,Desconhecido,Belgium
221513,Orgânico,2025-01-27,Não Convertido,,0.0,Moderado,Italy
221514,E-mail Marketing,2025-01-31,Não Convertido,,0.0,Agressivo,Swaziland
221515,Orgânico,2025-01-31,Não Convertido,,0.0,Moderado,Madagascar
221516,Instagram,2025-01-27,Não Convertido,,0.0,Agressivo,Nauru
221517,WhatsApp,2025-01-30,Não Convertido,,0.0,Agressivo,Brunei Darussalam
221518,Google Ads,2025-01-28,Não Convertido,,0.0,Moderado,Sweden
221519,Facebook,2025-01-31,Não Convertido,,0.0,Moderado,Hungary
221520,TikTok,2025-02-01,Não Convertido,,0.0,Conservador,Bahamas
221521,Orgânico,2025-01-30,Não Convertido,,0.0,Conservador,Germany
221522,YouTube Ads,2025-02-01,Não Convertido,,0.0,Agressivo,Andorra
221523,YouTube Ads,2025-01-27,Não Convertido,,0.0,Agressivo,Reunion
221524,Orgânico,2025-01-30,Não Convertido,,0.0,Conservador,Venezuela
221525,Google Ads,2025-01-29,Não Convertido,,0.0,Conservador,China
221526,WhatsApp,2025-02-01,Não Convertido,,0.0,Moderado,Taiwan
221527,Orgânico,2025-02-01,Convertido,20.0,1034.75,Moderado,Poland
221528,Facebook,2025-01-28,Não Convertido,,0.0,Desconhecido,Saudi Arabia
221529,Facebook,2025-01-29,Não Convertido,,0.0,Agressivo,Reunion
221530,Orgânico,2025-01-30,Não Convertido,,0.0,Moderado,Monaco
221531,Google Ads,2025-01-31,Não Convertido,,0.0,Agressivo,New Zealand
221532,WhatsApp,2025-02-01,Não Convertido,,0.0,Desconhecido,Poland
221533,Google Ads,2025-02-01,Não Convertido,,0.0,Agressivo,Mozambique
221534,WhatsApp,2025-01-29,Não Convertido,,0.0,Moderado,Solomon Islands
221535,Google Ads,2025-01-31,Não Convertido,,0.0,Agressivo,Slovakia (Slovak Republic)
221536,Google Ads,2025-02-01,Não Convertido,,0.0,Conservador,Lithuania
221537,Google Ads,2025-01-31,Não Convertido,,0.0,Conservador,Djibouti
221538,WhatsApp,2025-01-30,Não Convertido,,0.0,Conservador,Bahrain
221539,YouTube Ads,2025-01-31,Não Convertido,,0.0,Agressivo,Cayman Islands
221540,Facebook,2025-02-01,Não Convertido,,0.0,Desconhecido,Lebanon
221541,TikTok,2025-01-27,Não Convertido,,0.0,Conservador,United Arab Emirates
221542,TikTok,2025-01-28,Não Convertido,,0.0,Conservador,Iraq
221543,Indicação,2025-01-31,Não Convertido,,0.0,Desconhecido,Iceland
221544,TikTok,2025-01-29,Não Convertido,,0.0,Conservador,Anguilla
221545,YouTube Ads,2025-01-31,Não Convertido,,0.0,Moderado,Liechtenstein
221546,Indicação,2025-01-31,Não Convertido,,0.0,Moderado,Tunisia
221547,Indicação,2025-02-01,Não Convertido,,0.0,Desconhecido,Poland
221548,Instagram,2025-02-01,Convertido,9.0,3986.33,Agressivo,Malawi
221549,Google Ads,2025-02-01,Não Convertido,,0.0,Moderado,Malawi
221550,TikTok,2025-02-01,Não Convertido,,0.0,Moderado,Guam
221551,Orgânico,2025-01-30,Não Convertido,,0.0,Conservador,Gibraltar
221552,TikTok,2025-02-01,Não Convertido,,0.0,Conservador,Guatemala
221553,Instagram,2025-01-31,Não Convertido,,0.0,Agressivo,Sri Lanka
221554,E-mail Marketing,2025-01-28,Não Convertido,,0.0,Agressivo,Isle of Man
221555,Orgânico,2025-01-31,Não Convertido,,0.0,Moderado,Morocco
221556,Instagram,2025-01-31,Não Convertido,,0.0,Conservador,Slovenia
221557,Instagram,2025-01-30,Não Convertido,,0.0,Moderado,Eritrea
221558,TikTok,2025-01-27,Não Convertido,,0.0,Moderado,Maldives
221559,TikTok,2025-01-31,Não Convertido,,0.0,Moderado,Oman
221560,Orgânico,2025-02-01,Não Convertido,,0.0,Moderado,Lao People's Democratic Republic
221561,TikTok,2025-01-27,Não Convertido,,0.0,Moderado,Colombia
221562,TikTok,2025-01-31,Não Convertido,,0.0,Moderado,Northern Mariana Islands
221563,Facebook,2025-01-28,Não Convertido,,0.0,Agressivo,Pakistan
221564,Google Ads,2025-01-30,Não Convertido,,0.0,Agressivo,Bouvet Island (Bouvetoya)
221565,Facebook,2025-01-29,Convertido,19.0,9572.52,Agressivo,New Caledonia
221566,Orgânico,2025-01-30,Não Convertido,,0.0,Desconhecido,Zimbabwe
221567,TikTok,2025-02-01,Não Convertido,,0.0,Agressivo,Azerbaijan
221568,TikTok,2025-01-27,Não Convertido,,0.0,Conservador,United States of America
221569,Orgânico,2025-01-29,Não Convertido,,0.0,Desconhecido,Guadeloupe
221570,Orgânico,2025-01-28,Não Convertido,,0.0,Agressivo,Latvia
221571,Google Ads,2025-02-01,Não Convertido,,0.0,Desconhecido,Poland
221572,Instagram,2025-01-28,Não Convertido,,0.0,Agressivo,South Georgia and the South Sandwich Islands
221573,Orgânico,2025-01-30,Não Convertido,,0.0,Agressivo,Thailand
221574,WhatsApp,2025-01-28,Não Convertido,,0.0,Moderado,Mayotte
221575,Orgânico,2025-02-01,Não Convertido,,0.0,Moderado,Finland
221576,Indicação,2025-01-30,Não Convertido,,0.0,Desconhecido,Italy
221577,Indicação,2025-01-30,Não Convertido,,0.0,Moderado,New Zealand
221578,TikTok,2025-01-30,Não Convertido,,0.0,Agressivo,Lao People's Democratic Republic
221579,YouTube Ads,2025-01-28,Não Convertido,,0.0,Conservador,Kuwait
221580,Indicação,2025-01-29,Não Convertido,,0.0,Moderado,Portugal
221581,Facebook,2025-02-01,Não Convertido,,0.0,Agressivo,Tanzania
221582,Google Ads,2025-01-28,Não Convertido,,0.0,Agressivo,Benin
221583,Facebook,2025-01-29,Não Convertido,,0.0,Desconhecido,Croatia
221584,WhatsApp,2025-02-01,Não Convertido,,0.0,Conservador,Kenya
221585,Orgânico,2025-01-27,Não Convertido,,0.0,Desconhecido,Guadeloupe
221586,Instagram,2025-01-30,Não Convertido,,0.0,Moderado,Grenada
221587,Instagram,2025-01-30,Não Convertido,,0.0,Agressivo,Cuba
221588,WhatsApp,2025-01-31,Não Convertido,,0.0,Moderado,New Caledonia
221589,Orgânico,2025-01-29,Não Convertido,,0.0,Moderado,North Macedonia
221590,Orgânico,2025-01-27,Não Convertido,,0.0,Moderado,Cyprus
221591,Google Ads,2025-01-27,Não Convertido,,0.0,Moderado,Finland
221592,Orgânico,2025-01-31,Não Convertido,,0.0,Conservador,United States Virgin Islands
221593,E-mail Marketing,2025-01-31,Não Convertido,,0.0,Conservador,Saint Barthelemy
221594,Facebook,2025-01-30,Não Convertido,,0.0,Agressivo,Mauritius
221595,E-mail Marketing,2025-01-29,Não Convertido,,0.0,Conservador,French Polynesia
221596,Orgânico,2025-01-31,Não Convertido,,0.0,Moderado,Greece
221597,YouTube Ads,2025-02-01,Não Convertido,,0.0,Agressivo,South Africa
221598,TikTok,2025-01-29,Não Convertido,,0.0,Agressivo,Iceland
221599,Indicação,2025-01-30,Não Convertido,,0.0,Agressivo,Antigua and Barbuda
221600,Orgânico,2025-01-30,Não Convertido,,0.0,Moderado,Isle of Man
221601,E-mail Marketing,2025-01-27,Não Convertido,,0.0,Moderado,Slovakia (Slovak Republic)
221602,Facebook,2025-01-31,Não Convertido,,0.0,Agressivo,Antigua and Barbuda
221603,E-mail Marketing,2025-01-29,Não Convertido,,0.0,Agressivo,Latvia
221604,WhatsApp,2025-01-27,Não Convertido,,0.0,Moderado,Christmas Island
221605,Instagram,2025-01-31,Não Convertido,,0.0,Agressivo,Nepal
221606,TikTok,2025-01-30,Não Convertido,,0.0,Agressivo,Guernsey
221607,YouTube Ads,2025-01-31,Não Convertido,,0.0,Moderado,Bolivia
221608,TikTok,2025-01-31,Não Convertido,,0.0,Conservador,Slovakia (Slovak Republic)
221609,Facebook,2025-02-01,Não Convertido,,0.0,Agressivo,Christmas Island
221610,YouTube Ads,2025-01-27,Não Convertido,,0.0,Moderado,Germany
221611,Indicação,2025-01-27,Não Convertido,,0.0,Conservador,Niue
221612,Google Ads,2025-01-27,Não Convertido,,0.0,Agressivo,Japan
221613,Facebook,2025-01-27,Não Convertido,,0.0,Agressivo,Niger
221614,TikTok,2025-01-29,Não Convertido,,0.0,Agressivo,Puerto Rico
221615,Orgânico,2025-01-28,Não Convertido,,0.0,Desconhecido,Netherlands Antilles
221616,TikTok,2025-01-29,Não Convertido,,0.0,Conservador,Algeria
221617,Orgânico,2025-01-31,Não Convertido,,0.0,Moderado,Martinique
221618,Google Ads,2025-02-01,Não Convertido,,0.0,Moderado,Malawi
221619,Google Ads,2025-01-27,Não Convertido,,0.0,Agressivo,Uruguay
221620,WhatsApp,2025-01-28,Não Convertido,,0.0,Conservador,Malawi
221621,Orgânico,2025-01-27,Não Convertido,,0.0,Moderado,Eritrea
221622,TikTok,2025-01-30,Não Convertido,,0.0,Moderado,Belarus
221623,TikTok,2025-01-27,Não Convertido,,0.0,Moderado,Tokelau
221624,Orgânico,2025-01-31,Não Convertido,,0.0,Conservador,Mongolia
221625,WhatsApp,2025-02-01,Não Convertido,,0.0,Conservador,Lesotho
221626,TikTok,2025-02-01,Não Convertido,,0.0,Conservador,Japan
221627,WhatsApp,2025-01-28,Não Convertido,,0.0,Moderado,Jordan
221628,YouTube Ads,2025-01-27,Não Convertido,,0.0,Moderado,Cyprus
221629,TikTok,2025-01-31,Não Convertido,,0.0,Conservador,Reunion
221630,TikTok,2025-02-01,Não Convertido,,0.0,Moderado,Cocos (Keeling) Islands
221631,E-mail Marketing,2025-01-27,Não Convertido,,0.0,Desconhecido,Cuba
221632,Google Ads,2025-02-01,Não Convertido,,0.0,Agressivo,Greece
221633,TikTok,2025-02-01,Não Convertido,,0.0,Agressivo,Korea
221634,Facebook,2025-01-31,Convertido,18.0,5582.27,Agressivo,Suriname
221635,WhatsApp,2025-01-30,Não Convertido,,0.0,Moderado,Zimbabwe
221636,WhatsApp,2025-01-31,Não Convertido,,0.0,Agressivo,Bermuda
221637,E-mail Marketing,2025-01-28,Convertido,5.0,5942.85,Conservador,Malawi
221638,WhatsApp,2025-01-31,Não Convertido,,0.0,Conservador,Congo
221639,Google Ads,2025-01-27,Não Convertido,,0.0,Moderado,Mexico
221640,TikTok,2025-01-30,Não Convertido,,0.0,Conservador,Gabon
221641,E-mail Marketing,2025-01-29,Não Convertido,,0.0,Moderado,Cape Verde
221642,Instagram,2025-01-28,Não Convertido,,0.0,Agressivo,Niger
221643,Orgânico,2025-02-01,Não Convertido,,0.0,Agressivo,Uruguay
221644,TikTok,2025-02-01,Não Convertido,,0.0,Moderado,Timor-Leste
221645,Orgânico,2025-01-29,Não Convertido,,0.0,Moderado,Bahrain
221646,Google Ads,2025-01-28,Não Convertido,,0.0,Conservador,Tuvalu
221647,WhatsApp,2025-01-31,Convertido,28.0,4258.49,Desconhecido,Argentina
221648,YouTube Ads,2025-01-28,Não Convertido,,0.0,Moderado,Togo
221649,Google Ads,2025-01-31,Não Convertido,,0.0,Moderado,Nigeria
221650,Orgânico,2025-01-29,Não Convertido,,0.0,Agressivo,Mongolia
221651,Instagram,2025-01-30,Não Convertido,,0.0,Moderado,New Zealand
221652,Orgânico,2025-01-27,Não Convertido,,0.0,Moderado,United States of America
221653,Orgânico,2025-01-27,Não Convertido,,0.0,Moderado,Falkland Islands (Malvinas)
221654,Facebook,2025-02-01,Não Convertido,,0.0,Moderado,Mauritania
221655,TikTok,2025-01-27,Não Convertido,,0.0,Moderado,Slovenia
221656,E-mail Marketing,2025-01-31,Não Convertido,,0.0,Conservador,Northern Mariana Islands
221657,TikTok,2025-01-30,Não Convertido,,0.0,Agressivo,Albania
221658,Instagram,2025-01-30,Não Convertido,,0.0,Moderado,Guinea-Bissau
221659,YouTube Ads,2025-02-01,Não Convertido,,0.0,Agressivo,Mongolia
221660,Facebook,2025-01-31,Não Convertido,,0.0,Agressivo,Cook Islands
221661,Orgânico,2025-01-29,Não Convertido,,0.0,Moderado,Libyan Arab Jamahiriya
221662,Instagram,2025-01-31,Não Convertido,,0.0,Moderado,North Macedonia
221663,Facebook,2025-01-30,Não Convertido,,0.0,Agressivo,Benin
221664,WhatsApp,2025-01-31,Não Convertido,,0.0,Moderado,Benin
221665,YouTube Ads,2025-01-27,Não Convertido,,0.0,Conservador,Afghanistan
221666,E-mail Marketing,2025-01-30,Não Convertido,,0.0,Conservador,Guatemala
221667,Instagram,2025-01-29,Não Convertido,,0.0,Moderado,Norfolk Island
221668,Instagram,2025-01-27,Não Convertido,,0.0,Agressivo,Georgia
221669,Orgânico,2025-01-31,Não Convertido,,0.0,Desconhecido,Malawi
221670,TikTok,2025-01-29,Não Convertido,,0.0,Agressivo,Austria
221671,E-mail Marketing,2025-01-31,Convertido,29.0,9354.41,Conservador,Moldova
221672,Instagram,2025-01-28,Não Convertido,,0.0,Agressivo,Cambodia
221673,Orgânico,2025-01-29,Não Convertido,,0.0,Moderado,Bangladesh
221674,TikTok,2025-02-01,Não Convertido,,0.0,Moderado,Australia
221675,Facebook,2025-02-01,Não Convertido,,0.0,Moderado,Antigua and Barbuda
221676,Orgânico,2025-01-29,Não Convertido,,0.0,Moderado,Taiwan
221677,Indicação,2025-01-31,Não Convertido,,0.0,Conservador,Fiji
221678,Instagram,2025-01-28,Não Convertido,,0.0,Agressivo,Puerto Rico
221679,E-mail Marketing,2025-01-30,Não Convertido,,0.0,Agressivo,Saint Kitts and Nevis
221680,Instagram,2025-01-27,Convertido,21.0,65.56,Agressivo,Russian Federation
221681,TikTok,2025-01-28,Não Convertido,,0.0,Conservador,Saint Martin
221682,Orgânico,2025-01-31,Não Convertido,,0.0,Desconhecido,Holy See (Vatican City State)
221683,Google Ads,2025-01-27,Não Convertido,,0.0,Agressivo,Germany
221684,Instagram,2025-01-28,Não Convertido,,0.0,Moderado,Estonia
221685,E-mail Marketing,2025-01-30,Não Convertido,,0.0,Agressivo,Colombia
221686,Google Ads,2025-01-28,Não Convertido,,0.0,Agressivo,Western Sahara
221687,TikTok,2025-01-30,Não Convertido,,0.0,Moderado,Cocos (Keeling) Islands
221688,E-mail Marketing,2025-01-29,Não Convertido,,0.0,Conservador,Cyprus
221689,Indicação,2025-01-27,Não Convertido,,0.0,Moderado,United Arab Emirates
221690,Facebook,2025-02-01,Não Convertido,,0.0,Desconhecido,Comoros
221691,WhatsApp,2025-01-28,Não Convertido,,0.0,Moderado,Jordan
221692,E-mail Marketing,2025-02-01,Não Convertido,,0.0,Agressivo,Egypt
221693,Instagram,2025-02-01,Convertido,13.0,6034.29,Conservador,South Africa
221694,Orgânico,2025-01-28,Não Convertido,,0.0,Agressivo,Pakistan
221695,Google Ads,2025-01-27,Não Convertido,,0.0,Desconhecido,Marshall Islands
221696,Google Ads,2025-01-31,Não Convertido,,0.0,Conservador,Saint Barthelemy
221697,WhatsApp,2025-02-01,Não Convertido,,0.0,Moderado,Luxembourg
221698,E-mail Marketing,2025-01-31,Não Convertido,,0.0,Conservador,Grenada
221699,E-mail Marketing,2025-01-27,Não Convertido,,0.0,Agressivo,Anguilla
221700,TikTok,2025-01-30,Não Convertido,,0.0,Conservador,Maldives
221701,WhatsApp,2025-01-28,Não Convertido,,0.0,Conservador,Maldives
221702,Facebook,2025-01-31,Não Convertido,,0.0,Agressivo,Burkina Faso
221703,Facebook,2025-02-01,Não Convertido,,0.0,Conservador,Hungary
221704,Orgânico,2025-01-31,Não Convertido,,0.0,Moderado,Cambodia
221705,TikTok,2025-01-29,Não Convertido,,0.0,Conservador,Ireland
221706,Google Ads,2025-02-01,Não Convertido,,0.0,Conservador,Mayotte
221707,Google Ads,2025-01-28,Não Convertido,,0.0,Conservador,Saint Martin
221708,E-mail Marketing,2025-01-28,Convertido,10.0,8448.56,Moderado,Samoa
221709,Facebook,2025-01-27,Não Convertido,,0.0,Conservador,Saint Helena
221710,Indicação,2025-02-01,Não Convertido,,0.0,Conservador,Guatemala
221711,TikTok,2025-01-29,Não Convertido,,0.0,Conservador,Nigeria
221712,TikTok,2025-01-29,Não Convertido,,0.0,Moderado,Jamaica
221713,Instagram,2025-01-30,Não Convertido,,0.0,Conservador,Nicaragua
221714,Instagram,2025-01-31,Não Convertido,,0.0,Agressivo,Estonia
221715,E-mail Marketing,2025-01-27,Não Convertido,,0.0,Moderado,Morocco
221716,TikTok,2025-01-27,Não Convertido,,0.0,Agressivo,Uruguay
221717,Orgânico,2025-01-27,Não Convertido,,0.0,Moderado,Saint Lucia
221718,YouTube Ads,2025-01-29,Não Convertido,,0.0,Conservador,Ukraine
221719,YouTube Ads,2025-01-31,Não Convertido,,0.0,Agressivo,United States Minor Outlying Islands
221720,Facebook,2025-01-27,Não Convertido,,0.0,Conservador,Liechtenstein
221721,Instagram,2025-01-27,Não Convertido,,0.0,Agressivo,Tanzania
221722,YouTube Ads,2025-01-28,Não Convertido,,0.0,Agressivo,Myanmar
221723,TikTok,2025-01-30,Não Convertido,,0.0,Moderado,Timor-Leste
221724,Instagram,2025-01-27,Não Convertido,,0.0,Moderado,Ukraine
221725,Google Ads,2025-01-28,Não Convertido,,0.0,Desconhecido,Belize
221726,Google Ads,2025-02-01,Não Convertido,,0.0,Moderado,Comoros
221727,Facebook,2025-01-31,Não Convertido,,0.0,Agressivo,Eritrea
221728,Orgânico,2025-01-28,Não Convertido,,0.0,Agressivo,Serbia
221729,Indicação,2025-01-28,Não Convertido,,0.0,Desconhecido,Tokelau
221730,TikTok,2025-01-30,Não Convertido,,0.0,Conservador,Korea
221731,Instagram,2025-01-27,Não Convertido,,0.0,Moderado,Norway
221732,TikTok,2025-01-30,Não Convertido,,0.0,Moderado,United States of America
221733,WhatsApp,2025-01-29,Não Convertido,,0.0,Agressivo,Mali
221734,YouTube Ads,2025-01-28,Não Convertido,,0.0,Conservador,Chile
221735,YouTube Ads,2025-01-27,Não Convertido,,0.0,Desconhecido,Anguilla
221736,Facebook,2025-01-31,Não Convertido,,0.0,Moderado,Guinea-Bissau
221737,Orgânico,2025-01-28,Não Convertido,,0.0,Conservador,Japan
221738,Facebook,2025-01-31,Não Convertido,,0.0,Conservador,Sudan
221739,Instagram,2025-01-29,Não Convertido,,0.0,Conservador,Uzbekistan
221740,Indicação,2025-02-01,Não Convertido,,0.0,Moderado,Samoa
221741,Orgânico,2025-01-30,Não Convertido,,0.0,Desconhecido,New Caledonia
221742,Google Ads,2025-01-29,Não Convertido,,0.0,Moderado,Tokelau
221743,WhatsApp,2025-02-01,Não Convertido,,0.0,Moderado,French Polynesia
221744,Orgânico,2025-01-29,Não Convertido,,0.0,Conservador,Spain
221745,Instagram,2025-01-27,Não Convertido,,0.0,Moderado,Guinea-Bissau
221746,Instagram,2025-02-01,Não Convertido,,0.0,Moderado,Germany
221747,Instagram,2025-01-28,Não Convertido,,0.0,Conservador,Morocco
221748,WhatsApp,2025-01-30,Não Convertido,,0.0,Conservador,Belize
221749,WhatsApp,2025-02-01,Não Convertido,,0.0,Agressivo,Montserrat
221750,TikTok,2025-02-01,Não Convertido,,0.0,Moderado,Moldova
221751,Orgânico,2025-01-29,Não Convertido,,0.0,Agressivo,Slovenia
221752,Google Ads,2025-01-29,Não Convertido,,0.0,Moderado,Malta
221753,E-mail Marketing,2025-01-28,Não Convertido,,0.0,Desconhecido,United States of America
221754,YouTube Ads,2025-01-30,Não Convertido,,0.0,Conservador,Colombia
221755,YouTube Ads,2025-01-30,Convertido,30.0,638.84,Moderado,Tokelau
221756,Facebook,2025-01-29,Não Convertido,,0.0,Moderado,Ecuador
221757,YouTube Ads,2025-01-27,Convertido,10.0,8205.6,Conservador,Ecuador
221758,TikTok,2025-01-29,Convertido,24.0,1109.88,Moderado,Antigua and Barbuda
221759,Orgânico,2025-01-31,Não Convertido,,0.0,Agressivo,Pakistan
221760,Orgânico,2025-01-28,Não Convertido,,0.0,Agressivo,Poland
221761,Indicação,2025-01-31,Não Convertido,,0.0,Agressivo,United Kingdom
221762,YouTube Ads,2025-02-01,Não Convertido,,0.0,Moderado,Saint Pierre and Miquelon
221763,TikTok,2025-01-29,Não Convertido,,0.0,Moderado,Costa Rica
221764,TikTok,2025-01-27,Não Convertido,,0.0,Conservador,Niue
221765,Facebook,2025-01-28,Não Convertido,,0.0,Moderado,Morocco
221766,WhatsApp,2025-01-29,Não Convertido,,0.0,Desconhecido,Czech Republic
221767,E-mail Marketing,2025-01-31,Não Convertido,,0.0,Moderado,Ukraine
221768,Indicação,2025-01-31,Não Convertido,,0.0,Agressivo,Tanzania
221769,TikTok,2025-01-29,Não Convertido,,0.0,Agressivo,Andorra
221770,Indicação,2025-02-01,Não Convertido,,0.0,Agressivo,Malawi
221771,TikTok,2025-01-28,Não Convertido,,0.0,Moderado,Andorra
221772,Facebook,2025-01-28,Não Convertido,,0.0,Moderado,Pitcairn Islands
221773,Orgânico,2025-01-27,Não Convertido,,0.0,Agressivo,South Africa
221774,WhatsApp,2025-01-28,Não Convertido,,0.0,Moderado,Sri Lanka
221775,Google Ads,2025-01-30,Não Convertido,,0.0,Agressivo,Belarus
221776,E-mail Marketing,2025-01-29,Não Convertido,,0.0,Conservador,Sweden
221777,Orgânico,2025-01-30,Não Convertido,,0.0,Conservador,Qatar
221778,Orgânico,2025-01-27,Não Convertido,,0.0,Moderado,Venezuela
221779,Facebook,2025-01-29,Não Convertido,,0.0,Conservador,Macao
221780,Orgânico,2025-01-31,Não Convertido,,0.0,Moderado,Barbados
221781,TikTok,2025-01-31,Não Convertido,,0.0,Agressivo,Papua New Guinea
221782,Orgânico,2025-01-28,Não Convertido,,0.0,Conservador,Costa Rica
221783,TikTok,2025-01-30,Não Convertido,,0.0,Moderado,Belarus
221784,TikTok,2025-01-27,Não Convertido,,0.0,Moderado,Zambia
221785,YouTube Ads,2025-01-27,Não Convertido,,0.0,Moderado,North Macedonia
221786,Instagram,2025-01-27,Não Convertido,,0.0,Conservador,Antarctica (the territory South of 60 deg S)
221787,WhatsApp,2025-01-28,Não Convertido,,0.0,Moderado,Andorra
221788,E-mail Marketing,2025-01-29,Não Convertido,,0.0,Agressivo,Malaysia
221789,Instagram,2025-01-31,Não Convertido,,0.0,Conservador,Zimbabwe
221790,Instagram,2025-01-29,Não Convertido,,0.0,Moderado,Macao
221791,Google Ads,2025-01-31,Não Convertido,,0.0,Moderado,Maldives
221792,Instagram,2025-01-30,Não Convertido,,0.0,Agressivo,Honduras
221793,Google Ads,2025-02-01,Não Convertido,,0.0,Conservador,Samoa
221794,TikTok,2025-01-27,Não Convertido,,0.0,Moderado,Thailand
221795,Orgânico,2025-01-27,Não Convertido,,0.0,Moderado,Montenegro
221796,Orgânico,2025-01-30,Não Convertido,,0.0,Agressivo,Norfolk Island
221797,Google Ads,2025-01-30,Não Convertido,,0.0,Moderado,Kuwait
221798,E-mail Marketing,2025-01-31,Não Convertido,,0.0,Moderado,Sudan
221799,YouTube Ads,2025-01-27,Não Convertido,,0.0,Conservador,Palestinian Territory
221800,WhatsApp,2025-01-31,Não Convertido,,0.0,Agressivo,Mongolia
221801,YouTube Ads,2025-01-28,Não Convertido,,0.0,Agressivo,Gibraltar
221802,Orgânico,2025-01-31,Convertido,2.0,7854.82,Agressivo,United States Virgin Islands
221803,Google Ads,2025-01-31,Não Convertido,,0.0,Moderado,Ecuador
221804,Google Ads,2025-01-31,Não Convertido,,0.0,Moderado,Falkland Islands (Malvinas)
221805,E-mail Marketing,2025-01-27,Não Convertido,,0.0,Moderado,Indonesia
221806,Indicação,2025-01-28,Não Convertido,,0.0,Agressivo,Luxembourg
221807,Instagram,2025-01-29,Não Convertido,,0.0,Moderado,Egypt
221808,YouTube Ads,2025-01-31,Não Convertido,,0.0,Moderado,Montserrat
221809,Orgânico,2025-02-01,Não Convertido,,0.0,Moderado,Antarctica (the territory South of 60 deg S)
221810,Orgânico,2025-01-27,Não Convertido,,0.0,Moderado,Liechtenstein
221811,YouTube Ads,2025-02-01,Não Convertido,,0.0,Agressivo,Western Sahara
221812,YouTube Ads,2025-02-01,Não Convertido,,0.0,Agressivo,Turkmenistan
221813,E-mail Marketing,2025-01-28,Não Convertido,,0.0,Moderado,Georgia
221814,Orgânico,2025-01-27,Convertido,18.0,5707.6,Moderado,Papua New Guinea
221815,Orgânico,2025-01-27,Não Convertido,,0.0,Conservador,Mongolia
221816,TikTok,2025-01-27,Não Convertido,,0.0,Moderado,Iceland
221817,Facebook,2025-01-31,Não Convertido,,0.0,Moderado,Bangladesh
221818,Google Ads,2025-01-29,Não Convertido,,0.0,Moderado,Saint Helena
221819,Orgânico,2025-01-28,Não Convertido,,0.0,Agressivo,Tonga
221820,E-mail Marketing,2025-01-27,Não Convertido,,0.0,Conservador,Albania
221821,Google Ads,2025-02-01,Não Convertido,,0.0,Moderado,Turkmenistan
221822,Orgânico,2025-02-01,Não Convertido,,0.0,Agressivo,Iraq
221823,Orgânico,2025-01-28,Não Convertido,,0.0,Conservador,Iceland
221824,YouTube Ads,2025-01-27,Não Convertido,,0.0,Moderado,Congo
221825,YouTube Ads,2025-01-28,Não Convertido,,0.0,Agressivo,Luxembourg
221826,TikTok,2025-01-29,Não Convertido,,0.0,Conservador,Kenya
221827,WhatsApp,2025-01-31,Não Convertido,,0.0,Conservador,Malta
221828,E-mail Marketing,2025-01-30,Não Convertido,,0.0,Moderado,Poland
221829,Facebook,2025-01-27,Não Convertido,,0.0,Moderado,Jordan
221830,Orgânico,2025-01-31,Não Convertido,,0.0,Agressivo,Morocco
221831,TikTok,2025-01-31,Não Convertido,,0.0,Moderado,Tajikistan
221832,WhatsApp,2025-01-30,Não Convertido,,0.0,Conservador,Gabon
221833,Instagram,2025-01-30,Não Convertido,,0.0,Agressivo,Albania
221834,Orgânico,2025-01-28,Não Convertido,,0.0,Agressivo,Congo
221835,Facebook,2025-01-29,Não Convertido,,0.0,Moderado,Aruba
221836,WhatsApp,2025-01-29,Não Convertido,,0.0,Agressivo,Peru
221837,YouTube Ads,2025-01-31,Não Convertido,,0.0,Desconhecido,Congo
221838,Google Ads,2025-01-27,Convertido,18.0,2845.25,Conservador,Seychelles
221839,Instagram,2025-01-31,Não Convertido,,0.0,Moderado,Ireland
221840,Facebook,2025-01-31,Não Convertido,,0.0,Moderado,Singapore
221841,Orgânico,2025-01-30,Não Convertido,,0.0,Moderado,Korea
221842,Orgânico,2025-01-30,Não Convertido,,0.0,Moderado,Lithuania
221843,Google Ads,2025-01-30,Não Convertido,,0.0,Desconhecido,Samoa
221844,Instagram,2025-01-27,Não Convertido,,0.0,Moderado,Papua New Guinea
221845,TikTok,2025-01-27,Convertido,7.0,8175.35,Moderado,Chile
221846,Instagram,2025-01-31,Não Convertido,,0.0,Moderado,French Polynesia
221847,Google Ads,2025-01-27,Não Convertido,,0.0,Agressivo,Estonia
221848,Facebook,2025-01-29,Não Convertido,,0.0,Moderado,Yemen
221849,Orgânico,2025-01-31,Não Convertido,,0.0,Conservador,French Polynesia
221850,Facebook,2025-01-27,Não Convertido,,0.0,Desconhecido,Belarus
221851,TikTok,2025-01-28,Não Convertido,,0.0,Moderado,Tuvalu
221852,E-mail Marketing,2025-01-29,Não Convertido,,0.0,Agressivo,Saint Helena
221853,Instagram,2025-01-30,Não Convertido,,0.0,Conservador,Korea
221854,Instagram,2025-01-28,Não Convertido,,0.0,Moderado,Saint Helena
221855,Facebook,2025-02-01,Não Convertido,,0.0,Agressivo,Tanzania
221856,E-mail Marketing,2025-01-29,Não Convertido,,0.0,Agressivo,Tonga
221857,Facebook,2025-01-30,Não Convertido,,0.0,Agressivo,Greenland
221858,Facebook,2025-01-28,Não Convertido,,0.0,Agressivo,United States Minor Outlying Islands
221859,TikTok,2025-01-28,Não Convertido,,0.0,Moderado,Iceland
221860,E-mail Marketing,2025-01-30,Não Convertido,,0.0,Moderado,Venezuela
221861,Google Ads,2025-01-28,Não Convertido,,0.0,Agressivo,Norway
221862,Orgânico,2025-01-27,Não Convertido,,0.0,Agressivo,Wallis and Futuna
221863,Google Ads,2025-01-27,Não Convertido,,0.0,Moderado,British Virgin Islands
221864,YouTube Ads,2025-01-30,Não Convertido,,0.0,Conservador,Western Sahara
221865,Instagram,2025-01-31,Não Convertido,,0.0,Conservador,Burundi
221866,Indicação,2025-01-29,Não Convertido,,0.0,Moderado,Uruguay
221867,Facebook,2025-01-28,Não Convertido,,0.0,Moderado,Albania
221868,Orgânico,2025-02-01,Não Convertido,,0.0,Desconhecido,Nigeria
221869,WhatsApp,2025-02-01,Não Convertido,,0.0,Moderado,Lithuania
221870,Orgânico,2025-01-27,Não Convertido,,0.0,Agressivo,Bhutan
221871,Orgânico,2025-02-01,Não Convertido,,0.0,Moderado,Mozambique
221872,TikTok,2025-01-29,Não Convertido,,0.0,Agressivo,Honduras
221873,Facebook,2025-01-31,Não Convertido,,0.0,Desconhecido,Korea
221874,Orgânico,2025-01-28,Não Convertido,,0.0,Conservador,Northern Mariana Islands
221875,YouTube Ads,2025-01-27,Não Convertido,,0.0,Moderado,Korea
221876,Facebook,2025-01-31,Não Convertido,,0.0,Agressivo,Lebanon
221877,Instagram,2025-01-29,Convertido,15.0,2031.84,Conservador,Bolivia
221878,Instagram,2025-01-29,Não Convertido,,0.0,Moderado,Madagascar
221879,Google Ads,2025-01-31,Não Convertido,,0.0,Agressivo,Montserrat
221880,Orgânico,2025-02-01,Não Convertido,,0.0,Agressivo,Cameroon
221881,E-mail Marketing,2025-01-30,Não Convertido,,0.0,Moderado,Falkland Islands (Malvinas)
221882,Instagram,2025-01-28,Não Convertido,,0.0,Agressivo,Guinea-Bissau
221883,Google Ads,2025-01-29,Não Convertido,,0.0,Moderado,Malawi
221884,TikTok,2025-01-30,Não Convertido,,0.0,Moderado,Mauritius
221885,Instagram,2025-02-01,Não Convertido,,0.0,Agressivo,Sri Lanka
221886,WhatsApp,2025-02-01,Não Convertido,,0.0,Moderado,Korea
221887,Orgânico,2025-02-01,Não Convertido,,0.0,Moderado,Uganda
221888,Facebook,2025-01-27,Não Convertido,,0.0,Conservador,Germany
221889,TikTok,2025-01-28,Não Convertido,,0.0,Desconhecido,Ethiopia
221890,Orgânico,2025-01-27,Não Convertido,,0.0,Conservador,Argentina
221891,E-mail Marketing,2025-01-27,Não Convertido,,0.0,Desconhecido,United States Virgin Islands
221892,Instagram,2025-01-29,Não Convertido,,0.0,Moderado,Finland
221893,Orgânico,2025-01-30,Não Convertido,,0.0,Conservador,Norfolk Island
221894,WhatsApp,2025-01-29,Não Convertido,,0.0,Moderado,Equatorial Guinea
221895,TikTok,2025-01-31,Não Convertido,,0.0,Agressivo,Korea
221896,Orgânico,2025-01-28,Não Convertido,,0.0,Desconhecido,Burkina Faso
221897,Instagram,2025-01-29,Não Convertido,,0.0,Agressivo,Austria
221898,WhatsApp,2025-01-31,Não Convertido,,0.0,Conservador,Fiji
221899,E-mail Marketing,2025-01-31,Não Convertido,,0.0,Agressivo,French Polynesia
221900,Orgânico,2025-01-29,Não Convertido,,0.0,Agressivo,Turkmenistan
221901,TikTok,2025-01-28,Não Convertido,,0.0,Moderado,Netherlands Antilles
221902,YouTube Ads,2025-01-27,Não Convertido,,0.0,Moderado,Vietnam
221903,Orgânico,2025-01-28,Não Convertido,,0.0,Agressivo,Oman
221904,E-mail Marketing,2025-01-31,Não Convertido,,0.0,Agressivo,Benin
221905,Google Ads,2025-01-27,Não Convertido,,0.0,Moderado,Guernsey
221906,Facebook,2025-01-28,Não Convertido,,0.0,Desconhecido,Norway
221907,TikTok,2025-01-29,Não Convertido,,0.0,Desconhecido,Portugal
221908,E-mail Marketing,2025-01-29,Não Convertido,,0.0,Desconhecido,Malta
221909,Indicação,2025-02-01,Não Convertido,,0.0,Conservador,Cyprus
221910,WhatsApp,2025-01-29,Não Convertido,,0.0,Agressivo,Albania
221911,E-mail Marketing,2025-01-29,Não Convertido,,0.0,Agressivo,Antarctica (the territory South of 60 deg S)
221912,Google Ads,2025-01-31,Não Convertido,,0.0,Agressivo,Czech Republic
221913,WhatsApp,2025-02-01,Não Convertido,,0.0,Moderado,Japan
221914,TikTok,2025-02-01,Convertido,25.0,9018.57,Conservador,Bulgaria
221915,TikTok,2025-01-27,Não Convertido,,0.0,Desconhecido,Wallis and Futuna
221916,Orgânico,2025-02-01,Não Convertido,,0.0,Conservador,South Georgia and the South Sandwich Islands
221917,WhatsApp,2025-01-29,Não Convertido,,0.0,Desconhecido,South Africa
221918,YouTube Ads,2025-01-30,Não Convertido,,0.0,Moderado,Kiribati
221919,Facebook,2025-01-28,Não Convertido,,0.0,Agressivo,Equatorial Guinea
221920,TikTok,2025-01-28,Não Convertido,,0.0,Agressivo,Slovenia
221921,Orgânico,2025-02-01,Não Convertido,,0.0,Agressivo,Kyrgyz Republic
221922,E-mail Marketing,2025-01-31,Não Convertido,,0.0,Conservador,Ireland
221923,Instagram,2025-01-29,Não Convertido,,0.0,Agressivo,Russian Federation
221924,Instagram,2025-01-28,Não Convertido,,0.0,Desconhecido,Belarus
221925,E-mail Marketing,2025-01-28,Não Convertido,,0.0,Moderado,Paraguay
221926,Orgânico,2025-02-01,Não Convertido,,0.0,Moderado,Faroe Islands
221927,E-mail Marketing,2025-01-27,Não Convertido,,0.0,Moderado,Russian Federation
221928,E-mail Marketing,2025-02-01,Não Convertido,,0.0,Moderado,Swaziland
221929,Google Ads,2025-01-30,Não Convertido,,0.0,Moderado,Jamaica
221930,Facebook,2025-01-31,Não Convertido,,0.0,Desconhecido,Niger
221931,E-mail Marketing,2025-01-29,Não Convertido,,0.0,Conservador,Ethiopia
221932,E-mail Marketing,2025-01-27,Não Convertido,,0.0,Moderado,British Indian Ocean Territory (Chagos Archipelago)
221933,Facebook,2025-01-31,Não Convertido,,0.0,Conservador,Saint Kitts and Nevis
221934,E-mail Marketing,2025-01-28,Não Convertido,,0.0,Agressivo,Greenland
221935,TikTok,2025-01-29,Não Convertido,,0.0,Agressivo,Antarctica (the territory South of 60 deg S)
221936,WhatsApp,2025-02-01,Não Convertido,,0.0,Conservador,Morocco
221937,TikTok,2025-01-30,Não Convertido,,0.0,Agressivo,Niue
221938,Google Ads,2025-02-01,Convertido,14.0,3366.81,Agressivo,Austria
221939,Instagram,2025-02-01,Não Convertido,,0.0,Conservador,Papua New Guinea
221940,E-mail Marketing,2025-01-31,Não Convertido,,0.0,Conservador,Afghanistan
221941,Instagram,2025-01-27,Não Convertido,,0.0,Moderado,Korea
221942,WhatsApp,2025-01-27,Não Convertido,,0.0,Agressivo,Somalia
221943,TikTok,2025-02-01,Não Convertido,,0.0,Moderado,Guatemala
221944,WhatsApp,2025-01-31,Convertido,12.0,8249.71,Moderado,Congo
221945,Orgânico,2025-01-29,Não Convertido,,0.0,Moderado,Rwanda
221946,Facebook,2025-01-30,Não Convertido,,0.0,Moderado,Liberia
221947,YouTube Ads,2025-01-28,Não Convertido,,0.0,Desconhecido,Norfolk Island
221948,Orgânico,2025-01-28,Não Convertido,,0.0,Moderado,Burkina Faso
221949,YouTube Ads,2025-02-01,Não Convertido,,0.0,Conservador,Timor-Leste
221950,TikTok,2025-01-31,Não Convertido,,0.0,Moderado,Australia
221951,Instagram,2025-01-27,Não Convertido,,0.0,Agressivo,Armenia
221952,Indicação,2025-02-01,Não Convertido,,0.0,Moderado,Dominican Republic
221953,Orgânico,2025-02-01,Não Convertido,,0.0,Moderado,Dominican Republic
221954,Google Ads,2025-01-31,Não Convertido,,0.0,Agressivo,South Africa
221955,Facebook,2025-01-29,Não Convertido,,0.0,Agressivo,Antigua and Barbuda
221956,Google Ads,2025-02-01,Não Convertido,,0.0,Moderado,Nauru
221957,YouTube Ads,2025-01-28,Não Convertido,,0.0,Agressivo,Netherlands Antilles
221958,Orgânico,2025-02-01,Não Convertido,,0.0,Conservador,Singapore
221959,Orgânico,2025-02-01,Não Convertido,,0.0,Conservador,Burundi
221960,Orgânico,2025-01-28,Não Convertido,,0.0,Moderado,Djibouti
221961,Facebook,2025-01-30,Não Convertido,,0.0,Moderado,Faroe Islands
221962,E-mail Marketing,2025-02-01,Não Convertido,,0.0,Moderado,Swaziland
221963,Orgânico,2025-01-29,Não Convertido,,0.0,Moderado,Norway
221964,Google Ads,2025-01-29,Não Convertido,,0.0,Moderado,Central African Republic
221965,Indicação,2025-01-30,Não Convertido,,0.0,Moderado,Burundi
221966,E-mail Marketing,2025-01-31,Não Convertido,,0.0,Conservador,Holy See (Vatican City State)
221967,TikTok,2025-01-30,Não Convertido,,0.0,Moderado,Papua New Guinea
221968,Facebook,2025-01-31,Não Convertido,,0.0,Moderado,Jersey
221969,Facebook,2025-01-28,Não Convertido,,0.0,Agressivo,Netherlands Antilles
221970,E-mail Marketing,2025-02-01,Não Convertido,,0.0,Agressivo,Cote d'Ivoire
221971,E-mail Marketing,2025-01-31,Não Convertido,,0.0,Agressivo,Macao
221972,Google Ads,2025-01-29,Não Convertido,,0.0,Conservador,Guatemala
221973,WhatsApp,2025-01-27,Não Convertido,,0.0,Moderado,China
221974,Orgânico,2025-02-01,Convertido,27.0,6938.24,Moderado,Chad
221975,E-mail Marketing,2025-01-29,Não Convertido,,0.0,Agressivo,Belgium
221976,WhatsApp,2025-01-28,Não Convertido,,0.0,Agressivo,Denmark
221977,WhatsApp,2025-01-28,Não Convertido,,0.0,Desconhecido,Belarus
221978,TikTok,2025-01-30,Não Convertido,,0.0,Moderado,Moldova
221979,Orgânico,2025-01-28,Não Convertido,,0.0,Agressivo,New Caledonia
221980,YouTube Ads,2025-01-30,Não Convertido,,0.0,Moderado,Russian Federation
221981,YouTube Ads,2025-01-30,Não Convertido,,0.0,Moderado,Chad
221982,Instagram,2025-02-01,Não Convertido,,0.0,Agressivo,Palestinian Territory
221983,Facebook,2025-01-30,Não Convertido,,0.0,Conservador,Sudan
221984,Indicação,2025-01-30,Convertido,17.0,876.22,Agressivo,Antigua and Barbuda
221985,E-mail Marketing,2025-01-27,Não Convertido,,0.0,Moderado,Germany
221986,Orgânico,2025-01-28,Não Convertido,,0.0,Conservador,Madagascar
221987,YouTube Ads,2025-01-31,Não Convertido,,0.0,Desconhecido,Senegal
221988,YouTube Ads,2025-01-29,Não Convertido,,0.0,Desconhecido,Maldives
221989,Google Ads,2025-01-29,Não Convertido,,0.0,Agressivo,Saint Barthelemy
221990,YouTube Ads,2025-01-30,Não Convertido,,0.0,Moderado,Bolivia
221991,E-mail Marketing,2025-01-28,Não Convertido,,0.0,Agressivo,Sweden
221992,Instagram,2025-01-27,Não Convertido,,0.0,Moderado,Serbia
221993,YouTube Ads,2025-01-30,Não Convertido,,0.0,Desconhecido,Iraq
221994,Google Ads,2025-02-01,Não Convertido,,0.0,Conservador,Botswana
221995,Instagram,2025-01-30,Não Convertido,,0.0,Moderado,Swaziland
221996,YouTube Ads,2025-01-30,Não Convertido,,0.0,Agressivo,Greece
221997,Orgânico,2025-01-31,Não Convertido,,0.0,Conservador,Malta
221998,E-mail Marketing,2025-02-01,Não Convertido,,0.0,Moderado,Argentina
221999,Facebook,2025-01-29,Não Convertido,,0.0,Moderado,Botswana
222000,Orgânico,2025-01-30,Não Convertido,,0.0,Agressivo,Panama
222001,Orgânico,2025-01-28,Não Convertido,,0.0,Moderado,Austria
222002,Instagram,2025-01-27,Não Convertido,,0.0,Moderado,Cameroon
222003,WhatsApp,2025-01-27,Não Convertido,,0.0,Moderado,Kenya
222004,YouTube Ads,2025-01-29,Não Convertido,,0.0,Desconhecido,Croatia
222005,WhatsApp,2025-01-29,Não Convertido,,0.0,Moderado,Sri Lanka
222006,Instagram,2025-02-01,Não Convertido,,0.0,Moderado,Congo
222007,Orgânico,2025-01-27,Não Convertido,,0.0,Desconhecido,Cyprus
222008,TikTok,2025-01-29,Não Convertido,,0.0,Agressivo,Togo
222009,TikTok,2025-01-29,Não Convertido,,0.0,Moderado,Saudi Arabia
222010,TikTok,2025-01-30,Não Convertido,,0.0,Moderado,Northern Mariana Islands
222011,Instagram,2025-01-28,Não Convertido,,0.0,Agressivo,Antarctica (the territory South of 60 deg S)
222012,Orgânico,2025-01-27,Não Convertido,,0.0,Agressivo,Nauru
222013,WhatsApp,2025-02-01,Convertido,29.0,9721.19,Moderado,Venezuela
222014,Indicação,2025-01-27,Não Convertido,,0.0,Moderado,Turkey
222015,E-mail Marketing,2025-01-30,Não Convertido,,0.0,Conservador,Belize
222016,E-mail Marketing,2025-01-31,Não Convertido,,0.0,Moderado,Guinea-Bissau
222017,Facebook,2025-01-28,Não Convertido,,0.0,Moderado,Kenya
222018,Orgânico,2025-02-01,Convertido,11.0,3334.32,Agressivo,Myanmar
222019,E-mail Marketing,2025-01-29,Não Convertido,,0.0,Conservador,Pitcairn Islands
222020,Indicação,2025-01-30,Não Convertido,,0.0,Agressivo,Guinea-Bissau
222021,Facebook,2025-01-29,Não Convertido,,0.0,Moderado,United Arab Emirates
222022,Instagram,2025-01-29,Não Convertido,,0.0,Desconhecido,Burundi
222023,WhatsApp,2025-01-28,Não Convertido,,0.0,Agressivo,Uruguay
222024,Instagram,2025-01-30,Não Convertido,,0.0,Moderado,Maldives
222025,E-mail Marketing,2025-01-27,Não Convertido,,0.0,Conservador,Cyprus
222026,E-mail Marketing,2025-02-01,Não Convertido,,0.0,Moderado,Moldova
222027,Orgânico,2025-01-30,Não Convertido,,0.0,Conservador,Liberia
222028,WhatsApp,2025-02-01,Não Convertido,,0.0,Agressivo,Solomon Islands
222029,E-mail Marketing,2025-01-30,Não Convertido,,0.0,Agressivo,Eritrea
222030,Instagram,2025-01-30,Não Convertido,,0.0,Moderado,Turkey
222031,WhatsApp,2025-01-27,Convertido,11.0,8348.2,Agressivo,Chad
222032,Facebook,2025-01-30,Não Convertido,,0.0,Agressivo,Ireland
222033,E-mail Marketing,2025-01-30,Não Convertido,,0.0,Agressivo,Portugal
222034,TikTok,2025-01-29,Não Convertido,,0.0,Moderado,Romania
222035,E-mail Marketing,2025-02-01,Não Convertido,,0.0,Conservador,Greece
222036,Orgânico,2025-01-31,Não Convertido,,0.0,Desconhecido,Greece
222037,Instagram,2025-01-30,Não Convertido,,0.0,Moderado,Belize
222038,TikTok,2025-01-28,Não Convertido,,0.0,Agressivo,Brunei Darussalam
222039,Instagram,2025-01-31,Não Convertido,,0.0,Agressivo,Central African Republic
222040,Orgânico,2025-01-27,Não Convertido,,0.0,Moderado,Somalia
222041,Orgânico,2025-01-27,Não Convertido,,0.0,Conservador,Switzerland
222042,Indicação,2025-01-30,Não Convertido,,0.0,Agressivo,Ireland
222043,Orgânico,2025-01-29,Convertido,10.0,8585.17,Agressivo,Namibia
222044,WhatsApp,2025-02-01,Não Convertido,,0.0,Desconhecido,Antigua and Barbuda
222045,Instagram,2025-01-27,Não Convertido,,0.0,Agressivo,Lesotho
222046,YouTube Ads,2025-02-01,Não Convertido,,0.0,Moderado,Nepal
222047,YouTube Ads,2025-01-31,Não Convertido,,0.0,Moderado,Netherlands Antilles
222048,Google Ads,2025-01-28,Não Convertido,,0.0,Moderado,Panama
222049,Google Ads,2025-01-31,Não Convertido,,0.0,Agressivo,Saint Kitts and Nevis
222050,Instagram,2025-01-29,Não Convertido,,0.0,Conservador,Isle of Man
222051,Orgânico,2025-01-27,Não Convertido,,0.0,Moderado,Guernsey
222052,Instagram,2025-02-01,Não Convertido,,0.0,Desconhecido,Tonga
222053,Google Ads,2025-01-30,Não Convertido,,0.0,Agressivo,Liechtenstein
222054,E-mail Marketing,2025-01-29,Não Convertido,,0.0,Conservador,Sri Lanka
222055,Google Ads,2025-01-29,Não Convertido,,0.0,Moderado,Portugal
222056,Orgânico,2025-01-28,Não Convertido,,0.0,Conservador,Anguilla
222057,Indicação,2025-01-29,Não Convertido,,0.0,Moderado,Turks and Caicos Islands
222058,Indicação,2025-01-27,Não Convertido,,0.0,Moderado,Christmas Island
222059,Indicação,2025-01-29,Não Convertido,,0.0,Moderado,Fiji
222060,Indicação,2025-01-29,Não Convertido,,0.0,Conservador,Grenada
222061,YouTube Ads,2025-01-28,Não Convertido,,0.0,Moderado,Slovakia (Slovak Republic)
222062,Instagram,2025-01-29,Não Convertido,,0.0,Moderado,Dominican Republic
222063,Orgânico,2025-01-30,Não Convertido,,0.0,Moderado,Mozambique
222064,Orgânico,2025-02-01,Não Convertido,,0.0,Moderado,Chad
222065,Google Ads,2025-01-27,Não Convertido,,0.0,Moderado,Japan
222066,Orgânico,2025-01-28,Não Convertido,,0.0,Moderado,Moldova
222067,Instagram,2025-01-27,Não Convertido,,0.0,Agressivo,Belize
222068,Facebook,2025-01-28,Não Convertido,,0.0,Moderado,Canada
222069,Orgânico,2025-01-31,Não Convertido,,0.0,Agressivo,Malta
222070,WhatsApp,2025-02-01,Não Convertido,,0.0,Conservador,Guam
222071,Google Ads,2025-01-31,Não Convertido,,0.0,Agressivo,Bahamas
222072,YouTube Ads,2025-01-29,Não Convertido,,0.0,Agressivo,Bhutan
222073,E-mail Marketing,2025-01-29,Não Convertido,,0.0,Moderado,Georgia
222074,Orgânico,2025-01-28,Não Convertido,,0.0,Agressivo,Namibia
222075,Instagram,2025-01-30,Não Convertido,,0.0,Moderado,Palestinian Territory
222076,Indicação,2025-01-27,Convertido,10.0,3132.9,Desconhecido,Netherlands Antilles
222077,Facebook,2025-01-27,Não Convertido,,0.0,Agressivo,Vietnam
222078,Instagram,2025-01-29,Não Convertido,,0.0,Moderado,Libyan Arab Jamahiriya
222079,Facebook,2025-02-01,Não Convertido,,0.0,Moderado,Botswana
222080,Instagram,2025-01-28,Não Convertido,,0.0,Conservador,Lao People's Democratic Republic
222081,TikTok,2025-02-01,Não Convertido,,0.0,Agressivo,Serbia
222082,Facebook,2025-02-01,Não Convertido,,0.0,Moderado,Iraq
222083,WhatsApp,2025-01-29,Não Convertido,,0.0,Agressivo,Thailand
222084,Orgânico,2025-01-29,Não Convertido,,0.0,Moderado,British Indian Ocean Territory (Chagos Archipelago)
222085,E-mail Marketing,2025-02-01,Não Convertido,,0.0,Moderado,Czech Republic
222086,Orgânico,2025-01-28,Não Convertido,,0.0,Agressivo,Belize
222087,Facebook,2025-01-28,Não Convertido,,0.0,Desconhecido,Albania
222088,WhatsApp,2025-01-27,Não Convertido,,0.0,Conservador,Equatorial Guinea
222089,Instagram,2025-01-31,Convertido,2.0,3182.39,Moderado,Bahamas
222090,TikTok,2025-02-01,Não Convertido,,0.0,Agressivo,Timor-Leste
222091,E-mail Marketing,2025-01-29,Não Convertido,,0.0,Agressivo,Congo
222092,E-mail Marketing,2025-01-27,Não Convertido,,0.0,Moderado,Angola
222093,Instagram,2025-02-01,Não Convertido,,0.0,Agressivo,Cayman Islands
222094,WhatsApp,2025-01-31,Não Convertido,,0.0,Conservador,Maldives
222095,Facebook,2025-01-28,Não Convertido,,0.0,Desconhecido,Martinique
222096,E-mail Marketing,2025-01-30,Não Convertido,,0.0,Agressivo,Mauritius
222097,Google Ads,2025-01-27,Não Convertido,,0.0,Agressivo,Ireland
222098,Orgânico,2025-01-31,Não Convertido,,0.0,Moderado,Belarus
222099,YouTube Ads,2025-01-30,Não Convertido,,0.0,Agressivo,Guadeloupe
222100,Orgânico,2025-02-01,Não Convertido,,0.0,Moderado,Morocco
222101,Facebook,2025-01-31,Não Convertido,,0.0,Conservador,Netherlands
222102,Facebook,2025-01-28,Não Convertido,,0.0,Moderado,United States Virgin Islands
222103,WhatsApp,2025-01-30,Não Convertido,,0.0,Agressivo,Algeria
222104,TikTok,2025-01-29,Não Convertido,,0.0,Agressivo,Norway
222105,Instagram,2025-02-01,Não Convertido,,0.0,Desconhecido,Oman
222106,Orgânico,2025-01-31,Não Convertido,,0.0,Conservador,Moldova
222107,Google Ads,2025-01-31,Não Convertido,,0.0,Moderado,Solomon Islands
222108,TikTok,2025-01-29,Não Convertido,,0.0,Desconhecido,Brunei Darussalam
222109,YouTube Ads,2025-02-01,Não Convertido,,0.0,Desconhecido,Malaysia
222110,Orgânico,2025-01-30,Não Convertido,,0.0,Moderado,Malawi
222111,Instagram,2025-02-01,Não Convertido,,0.0,Desconhecido,Saint Lucia
222112,Instagram,2025-01-28,Não Convertido,,0.0,Agressivo,Congo
222113,Orgânico,2025-01-27,Não Convertido,,0.0,Moderado,Zimbabwe
222114,E-mail Marketing,2025-01-30,Não Convertido,,0.0,Moderado,Pitcairn Islands
222115,TikTok,2025-02-01,Não Convertido,,0.0,Agressivo,India
222116,Facebook,2025-01-27,Não Convertido,,0.0,Moderado,Montenegro
222117,Orgânico,2025-01-31,Convertido,28.0,6172.59,Conservador,Gambia
222118,Orgânico,2025-01-29,Não Convertido,,0.0,Desconhecido,Ecuador
222119,E-mail Marketing,2025-01-29,Não Convertido,,0.0,Moderado,Central African Republic
222120,Indicação,2025-02-01,Não Convertido,,0.0,Agressivo,Malaysia
222121,YouTube Ads,2025-01-29,Não Convertido,,0.0,Moderado,Lao People's Democratic Republic
222122,TikTok,2025-01-30,Não Convertido,,0.0,Moderado,Bahamas
222123,WhatsApp,2025-02-01,Não Convertido,,0.0,Desconhecido,Costa Rica
222124,Instagram,2025-01-29,Não Convertido,,0.0,Moderado,Andorra
222125,WhatsApp,2025-01-27,Convertido,28.0,4752.5,Moderado,Bangladesh
222126,Orgânico,2025-02-01,Não Convertido,,0.0,Moderado,Madagascar
222127,E-mail Marketing,2025-01-27,Convertido,24.0,8088.95,Agressivo,Bouvet Island (Bouvetoya)
222128,Indicação,2025-01-27,Não Convertido,,0.0,Agressivo,Tuvalu
222129,TikTok,2025-02-01,Não Convertido,,0.0,Agressivo,Thailand
222130,Instagram,2025-01-28,Não Convertido,,0.0,Moderado,Niger
222131,WhatsApp,2025-01-30,Não Convertido,,0.0,Agressivo,United Arab Emirates
222132,TikTok,2025-01-29,Convertido,23.0,1143.6,Agressivo,Philippines
222133,Instagram,2025-01-28,Não Convertido,,0.0,Agressivo,Australia
222134,Google Ads,2025-01-31,Não Convertido,,0.0,Agressivo,Ireland
222135,Orgânico,2025-01-27,Não Convertido,,0.0,Moderado,Korea
222136,E-mail Marketing,2025-01-29,Não Convertido,,0.0,Conservador,Tokelau
222137,Orgânico,2025-01-29,Não Convertido,,0.0,Moderado,Poland
222138,TikTok,2025-01-27,Não Convertido,,0.0,Moderado,Antigua and Barbuda
222139,Google Ads,2025-01-31,Não Convertido,,0.0,Conservador,Micronesia
222140,Facebook,2025-02-01,Não Convertido,,0.0,Moderado,Zimbabwe
222141,Facebook,2025-01-29,Não Convertido,,0.0,Moderado,Puerto Rico
222142,Indicação,2025-01-31,Não Convertido,,0.0,Agressivo,Hungary
222143,YouTube Ads,2025-01-30,Não Convertido,,0.0,Moderado,Greenland
222144,Orgânico,2025-01-28,Não Convertido,,0.0,Moderado,Russian Federation
222145,Facebook,2025-02-01,Não Convertido,,0.0,Agressivo,Hungary
222146,Orgânico,2025-01-30,Não Convertido,,0.0,Agressivo,Morocco
222147,Google Ads,2025-01-28,Não Convertido,,0.0,Desconhecido,Saudi Arabia
222148,WhatsApp,2025-01-30,Não Convertido,,0.0,Moderado,Algeria
222149,Facebook,2025-01-30,Não Convertido,,0.0,Agressivo,Turkmenistan
222150,YouTube Ads,2025-01-28,Não Convertido,,0.0,Moderado,Botswana
222151,TikTok,2025-01-30,Não Convertido,,0.0,Desconhecido,France
222152,Orgânico,2025-01-30,Não Convertido,,0.0,Desconhecido,Paraguay
222153,E-mail Marketing,2025-01-29,Não Convertido,,0.0,Agressivo,Equatorial Guinea
222154,WhatsApp,2025-02-01,Não Convertido,,0.0,Conservador,Moldova
222155,Instagram,2025-01-29,Não Convertido,,0.0,Agressivo,Jamaica
222156,Orgânico,2025-02-01,Não Convertido,,0.0,Moderado,Heard Island and McDonald Islands
222157,TikTok,2025-01-27,Não Convertido,,0.0,Moderado,Mexico
222158,Google Ads,2025-02-01,Não Convertido,,0.0,Moderado,Liechtenstein
222159,Google Ads,2025-01-30,Não Convertido,,0.0,Agressivo,New Zealand
222160,Orgânico,2025-02-01,Não Convertido,,0.0,Moderado,Slovakia (Slovak Republic)
222161,Instagram,2025-01-29,Não Convertido,,0.0,Moderado,Thailand
222162,Instagram,2025-01-27,Não Convertido,,0.0,Moderado,Cyprus
222163,Orgânico,2025-02-01,Não Convertido,,0.0,Agressivo,Reunion
222164,TikTok,2025-02-01,Não Convertido,,0.0,Conservador,Kyrgyz Republic
222165,Facebook,2025-01-31,Não Convertido,,0.0,Moderado,Guam
222166,YouTube Ads,2025-01-30,Não Convertido,,0.0,Moderado,Mauritania
222167,YouTube Ads,2025-01-31,Não Convertido,,0.0,Agressivo,Mauritius
222168,Instagram,2025-02-01,Não Convertido,,0.0,Agressivo,France
222169,Orgânico,2025-01-28,Não Convertido,,0.0,Moderado,Guinea
222170,Orgânico,2025-01-31,Não Convertido,,0.0,Agressivo,Bahrain
222171,Instagram,2025-01-30,Não Convertido,,0.0,Agressivo,Timor-Leste
222172,Facebook,2025-01-27,Não Convertido,,0.0,Moderado,New Caledonia
222173,E-mail Marketing,2025-01-29,Não Convertido,,0.0,Conservador,Belarus
222174,E-mail Marketing,2025-01-28,Não Convertido,,0.0,Moderado,Puerto Rico
222175,Indicação,2025-01-27,Não Convertido,,0.0,Moderado,Turks and Caicos Islands
222176,Facebook,2025-02-01,Não Convertido,,0.0,Agressivo,Angola
222177,Instagram,2025-02-01,Não Convertido,,0.0,Agressivo,United States Virgin Islands
222178,Orgânico,2025-01-31,Não Convertido,,0.0,Conservador,San Marino
222179,E-mail Marketing,2025-01-29,Não Convertido,,0.0,Agressivo,Austria
222180,TikTok,2025-02-01,Convertido,13.0,3366.25,Moderado,Dominican Republic
222181,TikTok,2025-01-28,Convertido,23.0,3645.37,Conservador,Cayman Islands
222182,E-mail Marketing,2025-01-31,Não Convertido,,0.0,Conservador,Congo
222183,Facebook,2025-01-28,Não Convertido,,0.0,Moderado,Heard Island and McDonald Islands
222184,WhatsApp,2025-01-27,Não Convertido,,0.0,Desconhecido,Saint Kitts and Nevis
222185,Facebook,2025-01-30,Não Convertido,,0.0,Desconhecido,Iran
222186,Indicação,2025-02-01,Não Convertido,,0.0,Moderado,Croatia
222187,E-mail Marketing,2025-01-30,Não Convertido,,0.0,Moderado,Gibraltar
222188,Orgânico,2025-02-01,Não Convertido,,0.0,Conservador,Saint Barthelemy
222189,Google Ads,2025-02-01,Não Convertido,,0.0,Moderado,Gambia
222190,YouTube Ads,2025-01-28,Não Convertido,,0.0,Moderado,Kenya
222191,Orgânico,2025-01-31,Não Convertido,,0.0,Agressivo,Malawi
222192,TikTok,2025-01-30,Não Convertido,,0.0,Moderado,Tokelau
222193,Orgânico,2025-01-28,Não Convertido,,0.0,Conservador,Iceland
222194,TikTok,2025-01-29,Não Convertido,,0.0,Desconhecido,Turkey
222195,Indicação,2025-01-27,Não Convertido,,0.0,Moderado,Haiti
222196,TikTok,2025-01-29,Não Convertido,,0.0,Moderado,Mauritania
222197,Indicação,2025-01-30,Não Convertido,,0.0,Conservador,Japan
222198,Instagram,2025-01-27,Não Convertido,,0.0,Agressivo,Finland
222199,E-mail Marketing,2025-01-30,Não Convertido,,0.0,Agressivo,Ethiopia
222200,Orgânico,2025-02-01,Não Convertido,,0.0,Moderado,Turks and Caicos Islands
222201,WhatsApp,2025-01-30,Não Convertido,,0.0,Moderado,Ireland
222202,YouTube Ads,2025-01-30,Não Convertido,,0.0,Conservador,Guinea-Bissau
222203,Facebook,2025-01-27,Não Convertido,,0.0,Moderado,Morocco
222204,Instagram,2025-01-31,Não Convertido,,0.0,Moderado,Kazakhstan
222205,WhatsApp,2025-01-29,Não Convertido,,0.0,Agressivo,United Kingdom
222206,E-mail Marketing,2025-01-31,Não Convertido,,0.0,Desconhecido,Bosnia and Herzegovina
222207,WhatsApp,2025-01-27,Não Convertido,,0.0,Moderado,Solomon Islands
222208,Orgânico,2025-01-28,Não Convertido,,0.0,Desconhecido,Tanzania
222209,Facebook,2025-01-30,Não Convertido,,0.0,Agressivo,Panama
222210,E-mail Marketing,2025-01-31,Não Convertido,,0.0,Agressivo,Bahamas
222211,Orgânico,2025-02-01,Não Convertido,,0.0,Conservador,Iceland
222212,TikTok,2025-02-01,Não Convertido,,0.0,Agressivo,Korea
222213,Orgânico,2025-01-29,Não Convertido,,0.0,Moderado,Montenegro
222214,WhatsApp,2025-01-30,Não Convertido,,0.0,Conservador,Djibouti
222215,Facebook,2025-01-29,Não Convertido,,0.0,Moderado,Bahrain
222216,Orgânico,2025-01-31,Não Convertido,,0.0,Moderado,Turkmenistan
222217,Orgânico,2025-02-01,Não Convertido,,0.0,Agressivo,American Samoa
222218,Orgânico,2025-01-29,Não Convertido,,0.0,Agressivo,British Virgin Islands
222219,WhatsApp,2025-01-29,Não Convertido,,0.0,Moderado,Bahrain
222220,YouTube Ads,2025-01-29,Não Convertido,,0.0,Agressivo,Lao People's Democratic Republic
222221,Facebook,2025-01-31,Não Convertido,,0.0,Desconhecido,Holy See (Vatican City State)
222222,E-mail Marketing,2025-01-29,Não Convertido,,0.0,Agressivo,Yemen
222223,TikTok,2025-02-01,Não Convertido,,0.0,Agressivo,Nauru
222224,Facebook,2025-01-28,Não Convertido,,0.0,Conservador,Holy See (Vatican City State)
222225,WhatsApp,2025-01-30,Não Convertido,,0.0,Moderado,Mali
222226,WhatsApp,2025-01-28,Convertido,16.0,6623.51,Moderado,Armenia
222227,Orgânico,2025-01-29,Não Convertido,,0.0,Moderado,Marshall Islands
222228,Orgânico,2025-01-28,Não Convertido,,0.0,Desconhecido,Burkina Faso
222229,Instagram,2025-01-31,Não Convertido,,0.0,Moderado,Bolivia
222230,TikTok,2025-01-28,Não Convertido,,0.0,Moderado,China
222231,Facebook,2025-01-31,Não Convertido,,0.0,Moderado,Saint Kitts and Nevis
222232,Facebook,2025-01-28,Não Convertido,,0.0,Agressivo,Panama
222233,Orgânico,2025-01-28,Não Convertido,,0.0,Moderado,Equatorial Guinea
222234,Orgânico,2025-01-28,Não Convertido,,0.0,Moderado,Montserrat
222235,Instagram,2025-01-27,Não Convertido,,0.0,Moderado,Lithuania
222236,TikTok,2025-02-01,Não Convertido,,0.0,Conservador,Vietnam
222237,E-mail Marketing,2025-01-29,Não Convertido,,0.0,Moderado,Croatia
222238,TikTok,2025-01-27,Não Convertido,,0.0,Moderado,Monaco
222239,YouTube Ads,2025-02-01,Não Convertido,,0.0,Moderado,Gabon
222240,Google Ads,2025-02-01,Não Convertido,,0.0,Moderado,Venezuela
222241,Instagram,2025-01-27,Não Convertido,,0.0,Agressivo,Madagascar
222242,Facebook,2025-01-27,Não Convertido,,0.0,Moderado,Egypt
222243,Orgânico,2025-01-29,Não Convertido,,0.0,Conservador,Uganda
222244,WhatsApp,2025-01-28,Não Convertido,,0.0,Agressivo,Azerbaijan
222245,Instagram,2025-01-29,Não Convertido,,0.0,Moderado,Kazakhstan
222246,Indicação,2025-01-28,Não Convertido,,0.0,Agressivo,Lithuania
222247,E-mail Marketing,2025-01-30,Não Convertido,,0.0,Moderado,Guadeloupe
222248,E-mail Marketing,2025-01-30,Não Convertido,,0.0,Moderado,Kiribati
222249,Orgânico,2025-01-30,Não Convertido,,0.0,Moderado,Vietnam
222250,Orgânico,2025-01-30,Não Convertido,,0.0,Conservador,Hungary
222251,TikTok,2025-01-27,Não Convertido,,0.0,Conservador,Honduras
222252,Orgânico,2025-01-29,Não Convertido,,0.0,Moderado,Burundi
222253,Google Ads,2025-01-27,Não Convertido,,0.0,Agressivo,Ecuador
222254,E-mail Marketing,2025-01-29,Não Convertido,,0.0,Moderado,Falkland Islands (Malvinas)
222255,Facebook,2025-01-30,Não Convertido,,0.0,Agressivo,Latvia
222256,TikTok,2025-01-31,Não Convertido,,0.0,Moderado,Guadeloupe
222257,Instagram,2025-01-28,Não Convertido,,0.0,Agressivo,Honduras
222258,Orgânico,2025-01-27,Não Convertido,,0.0,Moderado,Swaziland
222259,Facebook,2025-02-01,Não Convertido,,0.0,Agressivo,Niue
222260,TikTok,2025-01-31,Não Convertido,,0.0,Moderado,Lithuania
222261,YouTube Ads,2025-02-01,Não Convertido,,0.0,Agressivo,Nauru
222262,Indicação,2025-01-31,Não Convertido,,0.0,Agressivo,Bolivia
222263,E-mail Marketing,2025-01-31,Não Convertido,,0.0,Conservador,Martinique
222264,Instagram,2025-01-30,Não Convertido,,0.0,Agressivo,Egypt
222265,Orgânico,2025-01-29,Não Convertido,,0.0,Moderado,Guatemala
222266,Facebook,2025-01-31,Não Convertido,,0.0,Desconhecido,Nicaragua
222267,E-mail Marketing,2025-01-28,Não Convertido,,0.0,Conservador,Timor-Leste
222268,Orgânico,2025-02-01,Não Convertido,,0.0,Conservador,Andorra
222269,Orgânico,2025-01-29,Não Convertido,,0.0,Agressivo,Isle of Man
222270,E-mail Marketing,2025-02-01,Não Convertido,,0.0,Agressivo,Bhutan
222271,Instagram,2025-01-30,Não Convertido,,0.0,Agressivo,France
222272,Orgânico,2025-01-28,Não Convertido,,0.0,Agressivo,Slovakia (Slovak Republic)
222273,Instagram,2025-01-27,Não Convertido,,0.0,Moderado,Cocos (Keeling) Islands
222274,TikTok,2025-01-28,Não Convertido,,0.0,Moderado,Central African Republic
222275,Facebook,2025-02-01,Não Convertido,,0.0,Agressivo,Saint Helena
222276,YouTube Ads,2025-01-30,Não Convertido,,0.0,Agressivo,Belgium
222277,Instagram,2025-01-28,Não Convertido,,0.0,Agressivo,Switzerland
222278,Instagram,2025-01-27,Não Convertido,,0.0,Moderado,Mongolia
222279,E-mail Marketing,2025-01-28,Não Convertido,,0.0,Desconhecido,France
222280,Google Ads,2025-01-28,Não Convertido,,0.0,Desconhecido,Oman
222281,YouTube Ads,2025-01-27,Não Convertido,,0.0,Moderado,Bosnia and Herzegovina
222282,Google Ads,2025-01-27,Não Convertido,,0.0,Moderado,Malta
222283,E-mail Marketing,2025-01-31,Não Convertido,,0.0,Moderado,Cocos (Keeling) Islands
222284,E-mail Marketing,2025-01-27,Não Convertido,,0.0,Agressivo,Ghana
222285,E-mail Marketing,2025-01-31,Não Convertido,,0.0,Agressivo,Kenya
222286,Google Ads,2025-01-31,Convertido,29.0,5113.84,Moderado,French Polynesia
222287,YouTube Ads,2025-01-28,Não Convertido,,0.0,Desconhecido,Zimbabwe
222288,Indicação,2025-01-28,Não Convertido,,0.0,Moderado,Mongolia
222289,YouTube Ads,2025-01-27,Não Convertido,,0.0,Desconhecido,Senegal
222290,WhatsApp,2025-01-27,Não Convertido,,0.0,Moderado,South Africa
222291,Instagram,2025-01-31,Não Convertido,,0.0,Agressivo,American Samoa
222292,Instagram,2025-01-28,Não Convertido,,0.0,Moderado,Christmas Island
222293,Orgânico,2025-01-27,Não Convertido,,0.0,Agressivo,Iceland
222294,WhatsApp,2025-01-28,Não Convertido,,0.0,Agressivo,Faroe Islands
222295,Orgânico,2025-02-01,Não Convertido,,0.0,Conservador,Costa Rica
222296,Orgânico,2025-01-31,Não Convertido,,0.0,Agressivo,Pitcairn Islands
222297,E-mail Marketing,2025-01-31,Não Convertido,,0.0,Agressivo,Latvia
222298,TikTok,2025-01-31,Não Convertido,,0.0,Agressivo,Trinidad and Tobago
222299,TikTok,2025-01-27,Não Convertido,,0.0,Agressivo,Tonga
222300,Orgânico,2025-01-31,Não Convertido,,0.0,Moderado,Estonia
222301,Instagram,2025-01-27,Não Convertido,,0.0,Moderado,Mayotte
222302,Orgânico,2025-01-28,Não Convertido,,0.0,Moderado,Pitcairn Islands
222303,TikTok,2025-01-29,Não Convertido,,0.0,Moderado,Lebanon
222304,WhatsApp,2025-02-01,Não Convertido,,0.0,Moderado,Bolivia
222305,TikTok,2025-01-29,Não Convertido,,0.0,Agressivo,Somalia
222306,Orgânico,2025-01-27,Não Convertido,,0.0,Agressivo,Korea
222307,Facebook,2025-02-01,Não Convertido,,0.0,Agressivo,Saint Helena
222308,WhatsApp,2025-01-31,Não Convertido,,0.0,Moderado,Djibouti
222309,Google Ads,2025-01-27,Não Convertido,,0.0,Conservador,Isle of Man
222310,Facebook,2025-01-28,Não Convertido,,0.0,Agressivo,Nigeria
222311,TikTok,2025-02-01,Não Convertido,,0.0,Agressivo,Reunion
222312,E-mail Marketing,2025-01-28,Não Convertido,,0.0,Conservador,Azerbaijan
222313,YouTube Ads,2025-01-28,Não Convertido,,0.0,Conservador,New Zealand
222314,TikTok,2025-01-27,Não Convertido,,0.0,Moderado,Colombia
222315,Facebook,2025-01-28,Não Convertido,,0.0,Agressivo,Germany
222316,E-mail Marketing,2025-01-29,Convertido,2.0,6731.5,Moderado,Montserrat
222317,E-mail Marketing,2025-01-31,Não Convertido,,0.0,Moderado,Macao
222318,TikTok,2025-01-30,Não Convertido,,0.0,Desconhecido,Jamaica
222319,Orgânico,2025-01-31,Não Convertido,,0.0,Moderado,Mali
222320,TikTok,2025-01-28,Não Convertido,,0.0,Moderado,Israel
222321,YouTube Ads,2025-02-01,Não Convertido,,0.0,Moderado,Montenegro
222322,Indicação,2025-01-30,Não Convertido,,0.0,Desconhecido,Bolivia
222323,WhatsApp,2025-01-28,Não Convertido,,0.0,Conservador,French Southern Territories
222324,Indicação,2025-02-01,Não Convertido,,0.0,Conservador,Guernsey
222325,WhatsApp,2025-02-01,Não Convertido,,0.0,Agressivo,Nigeria
222326,E-mail Marketing,2025-01-27,Não Convertido,,0.0,Moderado,American Samoa
222327,Google Ads,2025-01-29,Não Convertido,,0.0,Moderado,Suriname
222328,E-mail Marketing,2025-02-01,Não Convertido,,0.0,Moderado,Maldives
222329,TikTok,2025-01-27,Não Convertido,,0.0,Agressivo,Palau
222330,TikTok,2025-01-29,Não Convertido,,0.0,Agressivo,Guyana
222331,WhatsApp,2025-01-28,Não Convertido,,0.0,Moderado,Namibia
222332,Orgânico,2025-02-01,Não Convertido,,0.0,Conservador,Mauritania
222333,TikTok,2025-01-28,Não Convertido,,0.0,Agressivo,Peru
222334,Instagram,2025-01-28,Não Convertido,,0.0,Conservador,Nauru
222335,YouTube Ads,2025-02-01,Não Convertido,,0.0,Moderado,Philippines
222336,E-mail Marketing,2025-01-29,Não Convertido,,0.0,Agressivo,Japan
222337,Orgânico,2025-01-29,Não Convertido,,0.0,Agressivo,Moldova
222338,E-mail Marketing,2025-02-01,Convertido,16.0,744.4,Desconhecido,British Virgin Islands
222339,Facebook,2025-02-01,Não Convertido,,0.0,Agressivo,Chad
222340,Orgânico,2025-02-01,Não Convertido,,0.0,Moderado,Somalia
222341,Google Ads,2025-01-30,Não Convertido,,0.0,Desconhecido,Fiji
222342,Orgânico,2025-02-01,Não Convertido,,0.0,Conservador,Vanuatu
222343,TikTok,2025-01-30,Não Convertido,,0.0,Conservador,Ukraine
222344,TikTok,2025-01-28,Convertido,10.0,7664.11,Agressivo,Somalia
222345,Instagram,2025-01-29,Não Convertido,,0.0,Moderado,Pakistan
222346,Orgânico,2025-01-31,Não Convertido,,0.0,Conservador,Djibouti
222347,Google Ads,2025-01-30,Não Convertido,,0.0,Moderado,Guinea
222348,Orgânico,2025-01-27,Não Convertido,,0.0,Moderado,Lao People's Democratic Republic
222349,YouTube Ads,2025-01-30,Não Convertido,,0.0,Agressivo,Jamaica
222350,Indicação,2025-02-01,Não Convertido,,0.0,Desconhecido,Portugal
222351,Facebook,2025-01-29,Não Convertido,,0.0,Moderado,Mauritania
222352,Facebook,2025-01-29,Não Convertido,,0.0,Agressivo,Lithuania
222353,WhatsApp,2025-02-01,Não Convertido,,0.0,Moderado,Maldives
222354,Orgânico,2025-01-27,Não Convertido,,0.0,Moderado,Gibraltar
222355,Orgânico,2025-01-27,Não Convertido,,0.0,Conservador,Guinea
222356,TikTok,2025-01-27,Não Convertido,,0.0,Conservador,Suriname
222357,Google Ads,2025-01-31,Não Convertido,,0.0,Conservador,Tajikistan
222358,Google Ads,2025-01-31,Não Convertido,,0.0,Conservador,Ukraine
222359,Facebook,2025-01-31,Não Convertido,,0.0,Desconhecido,Guernsey
222360,WhatsApp,2025-02-01,Não Convertido,,0.0,Conservador,Turkey
222361,Google Ads,2025-01-30,Não Convertido,,0.0,Conservador,Aruba
222362,Orgânico,2025-02-01,Não Convertido,,0.0,Agressivo,Northern Mariana Islands
222363,WhatsApp,2025-01-27,Não Convertido,,0.0,Conservador,Singapore
222364,TikTok,2025-01-28,Não Convertido,,0.0,Agressivo,Greenland
222365,Instagram,2025-02-01,Não Convertido,,0.0,Moderado,Togo
222366,TikTok,2025-01-31,Não Convertido,,0.0,Moderado,Seychelles
222367,Instagram,2025-01-29,Não Convertido,,0.0,Conservador,Saint Kitts and Nevis
222368,Indicação,2025-01-27,Não Convertido,,0.0,Moderado,Bahamas
222369,Facebook,2025-01-29,Não Convertido,,0.0,Agressivo,French Southern Territories
222370,YouTube Ads,2025-01-30,Não Convertido,,0.0,Moderado,Bouvet Island (Bouvetoya)
222371,Google Ads,2025-01-30,Não Convertido,,0.0,Moderado,Eritrea
222372,YouTube Ads,2025-01-28,Não Convertido,,0.0,Moderado,Fiji
222373,Instagram,2025-01-30,Não Convertido,,0.0,Conservador,Indonesia
222374,Instagram,2025-01-30,Não Convertido,,0.0,Agressivo,Tunisia
222375,E-mail Marketing,2025-01-31,Não Convertido,,0.0,Moderado,Mozambique
222376,WhatsApp,2025-02-01,Não Convertido,,0.0,Moderado,Latvia
222377,TikTok,2025-02-01,Não Convertido,,0.0,Moderado,Syrian Arab Republic
222378,Google Ads,2025-01-29,Não Convertido,,0.0,Desconhecido,Botswana
222379,Instagram,2025-01-30,Não Convertido,,0.0,Agressivo,Isle of Man
222380,Instagram,2025-01-30,Não Convertido,,0.0,Agressivo,Turkey
222381,WhatsApp,2025-01-31,Não Convertido,,0.0,Moderado,Cuba
222382,Google Ads,2025-01-28,Não Convertido,,0.0,Agressivo,Burkina Faso
222383,Instagram,2025-01-31,Não Convertido,,0.0,Conservador,Korea
222384,TikTok,2025-01-27,Não Convertido,,0.0,Moderado,Nicaragua
222385,Google Ads,2025-01-31,Não Convertido,,0.0,Moderado,Cuba
222386,YouTube Ads,2025-01-31,Não Convertido,,0.0,Agressivo,Switzerland
222387,Orgânico,2025-01-29,Não Convertido,,0.0,Moderado,French Polynesia
222388,E-mail Marketing,2025-01-30,Não Convertido,,0.0,Conservador,Portugal
222389,E-mail Marketing,2025-02-01,Não Convertido,,0.0,Moderado,Congo
222390,Google Ads,2025-02-01,Não Convertido,,0.0,Agressivo,Timor-Leste
222391,Instagram,2025-01-31,Não Convertido,,0.0,Desconhecido,Solomon Islands
222392,WhatsApp,2025-01-28,Não Convertido,,0.0,Agressivo,Korea
222393,Orgânico,2025-01-28,Não Convertido,,0.0,Agressivo,Botswana
222394,Google Ads,2025-01-27,Não Convertido,,0.0,Moderado,Vietnam
222395,E-mail Marketing,2025-01-27,Não Convertido,,0.0,Agressivo,Chad
222396,Google Ads,2025-01-30,Não Convertido,,0.0,Moderado,Bouvet Island (Bouvetoya)
222397,Instagram,2025-01-30,Não Convertido,,0.0,Moderado,Kazakhstan
222398,Google Ads,2025-01-27,Não Convertido,,0.0,Moderado,Panama
222399,WhatsApp,2025-01-31,Não Convertido,,0.0,Moderado,Comoros
222400,TikTok,2025-01-29,Convertido,14.0,7938.62,Moderado,Qatar
222401,WhatsApp,2025-01-28,Não Convertido,,0.0,Desconhecido,Isle of Man
222402,Facebook,2025-01-27,Não Convertido,,0.0,Agressivo,Montenegro
222403,WhatsApp,2025-01-31,Não Convertido,,0.0,Conservador,Dominica
222404,TikTok,2025-01-31,Não Convertido,,0.0,Moderado,Bouvet Island (Bouvetoya)
222405,TikTok,2025-01-31,Não Convertido,,0.0,Moderado,Ukraine
222406,WhatsApp,2025-01-31,Não Convertido,,0.0,Agressivo,Northern Mariana Islands
222407,E-mail Marketing,2025-01-31,Não Convertido,,0.0,Agressivo,Iceland
222408,Facebook,2025-01-30,Não Convertido,,0.0,Agressivo,Sweden
222409,YouTube Ads,2025-01-28,Não Convertido,,0.0,Moderado,United States Virgin Islands
222410,Orgânico,2025-02-01,Não Convertido,,0.0,Moderado,Sudan
222411,Facebook,2025-01-30,Não Convertido,,0.0,Agressivo,Moldova
222412,TikTok,2025-01-28,Não Convertido,,0.0,Desconhecido,Swaziland
222413,Orgânico,2025-01-31,Não Convertido,,0.0,Agressivo,Cambodia
222414,E-mail Marketing,2025-02-01,Não Convertido,,0.0,Moderado,Greenland
222415,WhatsApp,2025-01-30,Não Convertido,,0.0,Desconhecido,Congo
222416,YouTube Ads,2025-01-31,Não Convertido,,0.0,Moderado,Wallis and Futuna
222417,Google Ads,2025-01-28,Não Convertido,,0.0,Desconhecido,Turks and Caicos Islands
222418,TikTok,2025-01-30,Não Convertido,,0.0,Moderado,Tonga
222419,YouTube Ads,2025-01-29,Não Convertido,,0.0,Conservador,Saudi Arabia
222420,Instagram,2025-01-29,Não Convertido,,0.0,Moderado,Netherlands Antilles
222421,Orgânico,2025-01-30,Não Convertido,,0.0,Moderado,Palau
222422,Orgânico,2025-02-01,Não Convertido,,0.0,Agressivo,Paraguay
222423,Orgânico,2025-01-27,Não Convertido,,0.0,Conservador,Brazil
222424,Indicação,2025-01-29,Não Convertido,,0.0,Agressivo,Malawi
222425,YouTube Ads,2025-01-31,Não Convertido,,0.0,Agressivo,Australia
222426,Google Ads,2025-02-01,Não Convertido,,0.0,Desconhecido,Honduras
222427,E-mail Marketing,2025-01-29,Não Convertido,,0.0,Moderado,Nicaragua
222428,Orgânico,2025-01-30,Não Convertido,,0.0,Moderado,Norfolk Island
222429,TikTok,2025-01-30,Não Convertido,,0.0,Agressivo,Slovenia
222430,E-mail Marketing,2025-02-01,Não Convertido,,0.0,Agressivo,Cameroon
222431,Instagram,2025-01-30,Não Convertido,,0.0,Conservador,El Salvador
222432,Instagram,2025-01-30,Não Convertido,,0.0,Moderado,China
222433,Facebook,2025-01-27,Não Convertido,,0.0,Moderado,Uzbekistan
222434,Instagram,2025-02-01,Convertido,23.0,7740.55,Desconhecido,Nepal
222435,Orgânico,2025-02-01,Não Convertido,,0.0,Moderado,Albania
222436,Orgânico,2025-01-30,Não Convertido,,0.0,Moderado,Belgium
222437,Instagram,2025-01-29,Não Convertido,,0.0,Conservador,Bulgaria
222438,Orgânico,2025-01-28,Não Convertido,,0.0,Agressivo,Guinea
222439,E-mail Marketing,2025-01-29,Não Convertido,,0.0,Agressivo,Anguilla
222440,Instagram,2025-01-28,Não Convertido,,0.0,Moderado,Tuvalu
222441,WhatsApp,2025-01-31,Não Convertido,,0.0,Agressivo,Cape Verde
222442,WhatsApp,2025-01-31,Não Convertido,,0.0,Moderado,Jersey
222443,Google Ads,2025-01-28,Não Convertido,,0.0,Agressivo,Latvia
222444,Instagram,2025-01-29,Não Convertido,,0.0,Moderado,Burundi
222445,Orgânico,2025-02-01,Não Convertido,,0.0,Moderado,Costa Rica
222446,Orgânico,2025-01-28,Não Convertido,,0.0,Agressivo,Zambia
222447,Orgânico,2025-01-29,Não Convertido,,0.0,Conservador,Uganda
222448,WhatsApp,2025-01-27,Não Convertido,,0.0,Moderado,Cote d'Ivoire
222449,Google Ads,2025-01-31,Não Convertido,,0.0,Moderado,Antigua and Barbuda
222450,Google Ads,2025-01-30,Não Convertido,,0.0,Conservador,Congo
222451,TikTok,2025-01-29,Não Convertido,,0.0,Conservador,Trinidad and Tobago
222452,Facebook,2025-01-28,Não Convertido,,0.0,Moderado,Jersey
222453,Instagram,2025-01-29,Não Convertido,,0.0,Moderado,Bosnia and Herzegovina
222454,E-mail Marketing,2025-01-28,Não Convertido,,0.0,Conservador,China
222455,E-mail Marketing,2025-01-29,Não Convertido,,0.0,Agressivo,Jersey
222456,E-mail Marketing,2025-01-31,Não Convertido,,0.0,Desconhecido,Belize
222457,Orgânico,2025-01-28,Não Convertido,,0.0,Moderado,Greece
222458,YouTube Ads,2025-01-31,Não Convertido,,0.0,Moderado,Ukraine
222459,WhatsApp,2025-01-28,Não Convertido,,0.0,Agressivo,Morocco
222460,YouTube Ads,2025-01-31,Não Convertido,,0.0,Moderado,Turkmenistan
222461,Instagram,2025-02-01,Não Convertido,,0.0,Conservador,Czech Republic
222462,Instagram,2025-01-29,Não Convertido,,0.0,Moderado,Falkland Islands (Malvinas)
222463,E-mail Marketing,2025-01-29,Não Convertido,,0.0,Moderado,Pitcairn Islands
222464,WhatsApp,2025-01-27,Não Convertido,,0.0,Moderado,Greece
222465,Instagram,2025-01-27,Não Convertido,,0.0,Agressivo,Kyrgyz Republic
222466,TikTok,2025-01-31,Não Convertido,,0.0,Conservador,Kenya
222467,Orgânico,2025-02-01,Não Convertido,,0.0,Agressivo,New Caledonia
222468,Facebook,2025-02-01,Não Convertido,,0.0,Agressivo,Japan
222469,TikTok,2025-01-27,Não Convertido,,0.0,Agressivo,Bermuda
222470,Instagram,2025-02-01,Não Convertido,,0.0,Desconhecido,Haiti
222471,E-mail Marketing,2025-01-28,Não Convertido,,0.0,Moderado,Bhutan
222472,Instagram,2025-01-30,Não Convertido,,0.0,Conservador,Sierra Leone
222473,TikTok,2025-01-27,Não Convertido,,0.0,Moderado,American Samoa
222474,Instagram,2025-01-30,Não Convertido,,0.0,Conservador,Heard Island and McDonald Islands
222475,YouTube Ads,2025-01-30,Não Convertido,,0.0,Agressivo,North Macedonia
222476,Orgânico,2025-01-30,Não Convertido,,0.0,Desconhecido,Tanzania
222477,Facebook,2025-01-30,Não Convertido,,0.0,Conservador,Belgium
222478,Facebook,2025-01-28,Não Convertido,,0.0,Moderado,Central African Republic
222479,YouTube Ads,2025-01-30,Não Convertido,,0.0,Moderado,Guatemala
222480,YouTube Ads,2025-01-28,Não Convertido,,0.0,Moderado,Iraq
222481,E-mail Marketing,2025-01-28,Não Convertido,,0.0,Moderado,Cook Islands
222482,Facebook,2025-01-30,Não Convertido,,0.0,Conservador,Sudan
222483,Google Ads,2025-01-29,Não Convertido,,0.0,Conservador,Norway
222484,WhatsApp,2025-01-29,Não Convertido,,0.0,Moderado,Mauritania
222485,TikTok,2025-01-28,Não Convertido,,0.0,Agressivo,Japan
222486,TikTok,2025-01-31,Não Convertido,,0.0,Agressivo,Wallis and Futuna
222487,Instagram,2025-01-27,Não Convertido,,0.0,Moderado,North Macedonia
222488,Facebook,2025-01-30,Não Convertido,,0.0,Conservador,Croatia
222489,Instagram,2025-01-31,Não Convertido,,0.0,Moderado,Bouvet Island (Bouvetoya)
222490,TikTok,2025-01-31,Convertido,4.0,9416.53,Agressivo,Kiribati
222491,Instagram,2025-01-30,Não Convertido,,0.0,Agressivo,Russian Federation
222492,Orgânico,2025-01-29,Não Convertido,,0.0,Agressivo,Nigeria
222493,E-mail Marketing,2025-01-27,Não Convertido,,0.0,Moderado,Ukraine
222494,WhatsApp,2025-01-30,Não Convertido,,0.0,Conservador,India
222495,Instagram,2025-02-01,Não Convertido,,0.0,Moderado,China
222496,Orgânico,2025-01-28,Não Convertido,,0.0,Moderado,Nauru
222497,TikTok,2025-01-28,Não Convertido,,0.0,Moderado,Guinea-Bissau
222498,Orgânico,2025-01-29,Convertido,1.0,4556.24,Agressivo,Benin
222499,Orgânico,2025-01-31,Não Convertido,,0.0,Agressivo,Bosnia and Herzegovina
222500,Instagram,2025-01-29,Convertido,19.0,9854.84,Moderado,Egypt
222501,WhatsApp,2025-01-29,Não Convertido,,0.0,Conservador,Gabon
222502,Google Ads,2025-01-27,Não Convertido,,0.0,Moderado,Papua New Guinea
222503,WhatsApp,2025-01-31,Não Convertido,,0.0,Conservador,Somalia
222504,Instagram,2025-01-27,Não Convertido,,0.0,Moderado,Croatia
222505,Orgânico,2025-02-01,Não Convertido,,0.0,Agressivo,Sierra Leone
222506,Facebook,2025-01-28,Não Convertido,,0.0,Agressivo,Equatorial Guinea
222507,Instagram,2025-01-31,Não Convertido,,0.0,Moderado,Niger
222508,Facebook,2025-01-30,Não Convertido,,0.0,Moderado,Brunei Darussalam
222509,E-mail Marketing,2025-01-28,Não Convertido,,0.0,Agressivo,Sweden
222510,Indicação,2025-01-31,Não Convertido,,0.0,Moderado,Mexico
222511,Orgânico,2025-01-30,Não Convertido,,0.0,Moderado,Ethiopia
222512,E-mail Marketing,2025-01-29,Não Convertido,,0.0,Moderado,Saint Lucia
222513,Facebook,2025-01-30,Não Convertido,,0.0,Agressivo,South Africa
222514,Instagram,2025-01-31,Não Convertido,,0.0,Moderado,Saint Pierre and Miquelon
222515,E-mail Marketing,2025-02-01,Não Convertido,,0.0,Moderado,Solomon Islands
222516,Instagram,2025-01-27,Não Convertido,,0.0,Moderado,Guyana
222517,Indicação,2025-01-31,Não Convertido,,0.0,Desconhecido,Albania
222518,YouTube Ads,2025-01-27,Não Convertido,,0.0,Desconhecido,Spain
222519,Facebook,2025-01-27,Não Convertido,,0.0,Desconhecido,Niger
222520,Orgânico,2025-01-30,Não Convertido,,0.0,Conservador,Georgia
222521,Facebook,2025-01-31,Não Convertido,,0.0,Agressivo,Maldives
222522,Facebook,2025-01-28,Não Convertido,,0.0,Conservador,Korea
222523,WhatsApp,2025-01-28,Não Convertido,,0.0,Moderado,Hungary
222524,TikTok,2025-01-29,Não Convertido,,0.0,Moderado,France
222525,WhatsApp,2025-01-28,Não Convertido,,0.0,Agressivo,Romania
222526,TikTok,2025-01-27,Não Convertido,,0.0,Agressivo,Sri Lanka
222527,Google Ads,2025-01-27,Não Convertido,,0.0,Conservador,Cuba
222528,Instagram,2025-01-31,Convertido,8.0,4750.39,Moderado,Colombia
222529,Google Ads,2025-01-27,Não Convertido,,0.0,Agressivo,Bulgaria
222530,E-mail Marketing,2025-01-27,Não Convertido,,0.0,Agressivo,Saint Lucia
222531,WhatsApp,2025-01-31,Não Convertido,,0.0,Moderado,Guernsey
222532,TikTok,2025-01-30,Não Convertido,,0.0,Moderado,Saint Pierre and Miquelon
222533,YouTube Ads,2025-02-01,Não Convertido,,0.0,Moderado,Albania
222534,Facebook,2025-01-31,Não Convertido,,0.0,Agressivo,Botswana
222535,Orgânico,2025-01-29,Não Convertido,,0.0,Conservador,Madagascar
222536,Orgânico,2025-01-30,Não Convertido,,0.0,Conservador,Pitcairn Islands
222537,YouTube Ads,2025-01-28,Não Convertido,,0.0,Conservador,Spain
222538,Google Ads,2025-02-01,Não Convertido,,0.0,Agressivo,Colombia
222539,Orgânico,2025-01-30,Não Convertido,,0.0,Agressivo,Saint Lucia
222540,TikTok,2025-01-27,Não Convertido,,0.0,Moderado,Faroe Islands
222541,WhatsApp,2025-01-27,Não Convertido,,0.0,Conservador,Malta
222542,Google Ads,2025-01-29,Não Convertido,,0.0,Moderado,Malawi
222543,TikTok,2025-02-01,Convertido,17.0,4925.83,Agressivo,Italy
222544,Instagram,2025-01-30,Não Convertido,,0.0,Agressivo,Azerbaijan
222545,TikTok,2025-01-30,Não Convertido,,0.0,Agressivo,Sri Lanka
222546,Orgânico,2025-01-27,Não Convertido,,0.0,Moderado,Croatia
222547,Orgânico,2025-01-27,Não Convertido,,0.0,Moderado,Oman
222548,YouTube Ads,2025-01-28,Não Convertido,,0.0,Moderado,Tonga
222549,Orgânico,2025-02-01,Não Convertido,,0.0,Agressivo,China
222550,WhatsApp,2025-01-29,Não Convertido,,0.0,Moderado,Brunei Darussalam
222551,Orgânico,2025-01-28,Não Convertido,,0.0,Moderado,Netherlands
222552,Instagram,2025-01-30,Não Convertido,,0.0,Agressivo,Hungary
222553,YouTube Ads,2025-01-31,Não Convertido,,0.0,Conservador,Thailand
222554,WhatsApp,2025-01-30,Não Convertido,,0.0,Moderado,Ireland
222555,YouTube Ads,2025-01-31,Não Convertido,,0.0,Desconhecido,Aruba
222556,WhatsApp,2025-01-31,Convertido,13.0,6603.89,Moderado,Nauru
222557,Indicação,2025-01-29,Não Convertido,,0.0,Agressivo,Cote d'Ivoire
222558,Instagram,2025-01-27,Não Convertido,,0.0,Agressivo,Mauritius
222559,Orgânico,2025-01-30,Não Convertido,,0.0,Moderado,Macao
222560,Google Ads,2025-01-28,Não Convertido,,0.0,Moderado,Solomon Islands
222561,WhatsApp,2025-01-27,Não Convertido,,0.0,Agressivo,Burkina Faso
222562,Google Ads,2025-01-27,Não Convertido,,0.0,Agressivo,Kiribati
222563,Orgânico,2025-01-29,Não Convertido,,0.0,Moderado,Sudan
222564,TikTok,2025-02-01,Não Convertido,,0.0,Moderado,Holy See (Vatican City State)
222565,Facebook,2025-01-29,Não Convertido,,0.0,Desconhecido,Bangladesh
222566,Indicação,2025-01-29,Não Convertido,,0.0,Moderado,India
222567,Google Ads,2025-01-31,Não Convertido,,0.0,Desconhecido,Montenegro
222568,Orgânico,2025-01-30,Não Convertido,,0.0,Conservador,Cameroon
222569,Orgânico,2025-01-29,Não Convertido,,0.0,Moderado,India
222570,Facebook,2025-01-27,Não Convertido,,0.0,Moderado,Nepal
222571,Google Ads,2025-01-31,Não Convertido,,0.0,Desconhecido,Cayman Islands
222572,WhatsApp,2025-01-27,Não Convertido,,0.0,Agressivo,Zambia
222573,Facebook,2025-01-31,Não Convertido,,0.0,Conservador,Moldova
222574,Indicação,2025-01-28,Não Convertido,,0.0,Agressivo,Spain
222575,Google Ads,2025-01-28,Não Convertido,,0.0,Conservador,Hong Kong
222576,WhatsApp,2025-01-31,Não Convertido,,0.0,Conservador,Greenland
222577,Orgânico,2025-01-28,Não Convertido,,0.0,Moderado,Latvia
222578,Instagram,2025-01-29,Não Convertido,,0.0,Agressivo,Brazil
222579,Orgânico,2025-02-01,Não Convertido,,0.0,Agressivo,Morocco
222580,YouTube Ads,2025-01-28,Não Convertido,,0.0,Moderado,Angola
222581,Indicação,2025-01-28,Não Convertido,,0.0,Moderado,Liechtenstein
222582,Instagram,2025-01-28,Não Convertido,,0.0,Desconhecido,Sao Tome and Principe
222583,E-mail Marketing,2025-01-30,Não Convertido,,0.0,Conservador,Iran
222584,Orgânico,2025-01-30,Não Convertido,,0.0,Moderado,Turks and Caicos Islands
222585,TikTok,2025-02-01,Não Convertido,,0.0,Moderado,Venezuela
222586,Google Ads,2025-01-29,Não Convertido,,0.0,Conservador,Uganda
222587,Instagram,2025-01-30,Convertido,11.0,1768.3,Agressivo,Liechtenstein
222588,Indicação,2025-02-01,Não Convertido,,0.0,Conservador,Zambia
222589,Instagram,2025-01-28,Convertido,22.0,4358.77,Moderado,Cuba
222590,Orgânico,2025-01-31,Convertido,7.0,8458.01,Moderado,Iraq
222591,Instagram,2025-01-28,Não Convertido,,0.0,Conservador,Ghana
222592,WhatsApp,2025-01-28,Não Convertido,,0.0,Moderado,Ukraine
222593,Facebook,2025-01-31,Não Convertido,,0.0,Desconhecido,Cuba
222594,TikTok,2025-02-01,Convertido,18.0,6242.95,Agressivo,American Samoa
222595,Facebook,2025-01-29,Não Convertido,,0.0,Agressivo,Nigeria
222596,Google Ads,2025-01-28,Não Convertido,,0.0,Agressivo,Zambia
222597,Orgânico,2025-01-29,Não Convertido,,0.0,Agressivo,Cyprus
222598,E-mail Marketing,2025-01-31,Não Convertido,,0.0,Moderado,Ecuador
222599,E-mail Marketing,2025-01-31,Não Convertido,,0.0,Desconhecido,Aruba
222600,E-mail Marketing,2025-01-28,Não Convertido,,0.0,Moderado,Saint Vincent and the Grenadines
222601,Instagram,2025-02-01,Não Convertido,,0.0,Moderado,Tonga
222602,Instagram,2025-01-30,Não Convertido,,0.0,Agressivo,Japan
222603,TikTok,2025-01-30,Não Convertido,,0.0,Agressivo,Comoros
222604,Facebook,2025-01-28,Não Convertido,,0.0,Conservador,French Guiana
222605,TikTok,2025-01-27,Não Convertido,,0.0,Agressivo,Niger
222606,Orgânico,2025-02-01,Não Convertido,,0.0,Moderado,Ireland
222607,WhatsApp,2025-02-01,Não Convertido,,0.0,Agressivo,Hong Kong
222608,Facebook,2025-01-28,Não Convertido,,0.0,Moderado,Cook Islands
222609,Indicação,2025-01-28,Não Convertido,,0.0,Moderado,Kyrgyz Republic
222610,TikTok,2025-02-01,Não Convertido,,0.0,Agressivo,Grenada
222611,Orgânico,2025-01-29,Não Convertido,,0.0,Moderado,Bulgaria
222612,Instagram,2025-02-01,Não Convertido,,0.0,Moderado,Guyana
222613,TikTok,2025-01-30,Não Convertido,,0.0,Agressivo,Afghanistan
222614,WhatsApp,2025-01-27,Não Convertido,,0.0,Agressivo,Syrian Arab Republic
222615,TikTok,2025-02-01,Não Convertido,,0.0,Moderado,Canada
222616,WhatsApp,2025-01-29,Não Convertido,,0.0,Moderado,Nigeria
222617,E-mail Marketing,2025-01-31,Não Convertido,,0.0,Agressivo,Azerbaijan
222618,Google Ads,2025-02-01,Não Convertido,,0.0,Desconhecido,Qatar
222619,Instagram,2025-01-31,Não Convertido,,0.0,Moderado,South Africa
222620,E-mail Marketing,2025-01-31,Não Convertido,,0.0,Agressivo,Hungary
222621,Indicação,2025-01-30,Convertido,12.0,2399.71,Agressivo,Malaysia
222622,Google Ads,2025-01-29,Não Convertido,,0.0,Conservador,Gabon
222623,Orgânico,2025-02-01,Não Convertido,,0.0,Agressivo,Liechtenstein
222624,TikTok,2025-01-31,Não Convertido,,0.0,Desconhecido,China
222625,WhatsApp,2025-02-01,Não Convertido,,0.0,Agressivo,Saint Helena
222626,Orgânico,2025-01-30,Não Convertido,,0.0,Conservador,Trinidad and Tobago
222627,Google Ads,2025-01-29,Não Convertido,,0.0,Moderado,Haiti
222628,Instagram,2025-01-29,Não Convertido,,0.0,Moderado,Malawi
222629,Instagram,2025-01-27,Não Convertido,,0.0,Conservador,Zimbabwe
222630,Indicação,2025-01-28,Não Convertido,,0.0,Moderado,Sudan
222631,Facebook,2025-01-31,Não Convertido,,0.0,Agressivo,Brunei Darussalam
222632,Google Ads,2025-01-27,Não Convertido,,0.0,Desconhecido,Maldives
222633,E-mail Marketing,2025-01-29,Não Convertido,,0.0,Moderado,Equatorial Guinea
222634,Facebook,2025-01-31,Não Convertido,,0.0,Conservador,Liechtenstein
222635,Google Ads,2025-01-29,Não Convertido,,0.0,Moderado,Czech Republic
222636,YouTube Ads,2025-01-30,Não Convertido,,0.0,Desconhecido,Uruguay
222637,Orgânico,2025-01-30,Não Convertido,,0.0,Desconhecido,Tokelau
222638,YouTube Ads,2025-01-31,Não Convertido,,0.0,Agressivo,Iraq
222639,E-mail Marketing,2025-01-28,Não Convertido,,0.0,Agressivo,Paraguay
222640,Facebook,2025-01-30,Não Convertido,,0.0,Desconhecido,Western Sahara
222641,E-mail Marketing,2025-01-27,Não Convertido,,0.0,Moderado,Saint Helena
222642,WhatsApp,2025-01-29,Não Convertido,,0.0,Conservador,Timor-Leste
222643,E-mail Marketing,2025-01-29,Não Convertido,,0.0,Conservador,Brazil
222644,TikTok,2025-01-28,Convertido,23.0,4882.96,Conservador,Trinidad and Tobago
222645,Orgânico,2025-01-30,Não Convertido,,0.0,Agressivo,Dominican Republic
222646,Orgânico,2025-01-28,Não Convertido,,0.0,Moderado,Isle of Man
222647,Orgânico,2025-01-29,Não Convertido,,0.0,Moderado,Cape Verde
222648,Indicação,2025-01-27,Não Convertido,,0.0,Agressivo,Bahrain
222649,TikTok,2025-01-27,Não Convertido,,0.0,Conservador,Saint Vincent and the Grenadines
222650,WhatsApp,2025-02-01,Não Convertido,,0.0,Agressivo,Colombia
222651,YouTube Ads,2025-02-01,Não Convertido,,0.0,Conservador,Burkina Faso
222652,Instagram,2025-01-29,Não Convertido,,0.0,Agressivo,Uganda
222653,Instagram,2025-01-29,Não Convertido,,0.0,Moderado,Korea
222654,Instagram,2025-01-27,Não Convertido,,0.0,Moderado,Isle of Man
222655,Indicação,2025-01-27,Não Convertido,,0.0,Moderado,Cyprus
222656,E-mail Marketing,2025-02-01,Não Convertido,,0.0,Agressivo,Morocco
222657,Indicação,2025-01-30,Convertido,17.0,9669.26,Conservador,Guadeloupe
222658,Google Ads,2025-01-28,Não Convertido,,0.0,Agressivo,Azerbaijan
222659,Indicação,2025-02-01,Não Convertido,,0.0,Moderado,Grenada
222660,TikTok,2025-02-01,Não Convertido,,0.0,Moderado,Kiribati
222661,WhatsApp,2025-01-28,Não Convertido,,0.0,Moderado,Saint Pierre and Miquelon
222662,WhatsApp,2025-01-30,Não Convertido,,0.0,Moderado,Isle of Man
222663,Orgânico,2025-02-01,Não Convertido,,0.0,Conservador,Saint Vincent and the Grenadines
222664,WhatsApp,2025-01-30,Não Convertido,,0.0,Desconhecido,Vietnam
222665,Facebook,2025-01-27,Não Convertido,,0.0,Desconhecido,Marshall Islands
222666,TikTok,2025-02-01,Não Convertido,,0.0,Moderado,Australia
222667,Instagram,2025-02-01,Não Convertido,,0.0,Moderado,Latvia
222668,Instagram,2025-01-28,Não Convertido,,0.0,Conservador,Hong Kong
222669,Indicação,2025-01-27,Não Convertido,,0.0,Moderado,Burkina Faso
222670,Orgânico,2025-01-28,Não Convertido,,0.0,Desconhecido,Singapore
222671,Instagram,2025-01-31,Convertido,9.0,2579.97,Moderado,Qatar
222672,Orgânico,2025-01-28,Não Convertido,,0.0,Moderado,Taiwan
222673,Google Ads,2025-01-28,Não Convertido,,0.0,Desconhecido,Tuvalu
222674,E-mail Marketing,2025-02-01,Não Convertido,,0.0,Conservador,Latvia
222675,E-mail Marketing,2025-02-01,Não Convertido,,0.0,Moderado,Samoa
222676,Instagram,2025-01-29,Não Convertido,,0.0,Desconhecido,Chile
222677,E-mail Marketing,2025-01-27,Não Convertido,,0.0,Moderado,Thailand
222678,Indicação,2025-01-28,Não Convertido,,0.0,Agressivo,Senegal
222679,TikTok,2025-01-29,Convertido,2.0,7282.71,Conservador,Panama
222680,TikTok,2025-01-29,Não Convertido,,0.0,Desconhecido,Guatemala
222681,Orgânico,2025-01-30,Não Convertido,,0.0,Moderado,Australia
222682,WhatsApp,2025-01-31,Não Convertido,,0.0,Desconhecido,Cyprus
222683,Instagram,2025-01-31,Não Convertido,,0.0,Moderado,Palestinian Territory
222684,Google Ads,2025-01-29,Não Convertido,,0.0,Agressivo,Saint Pierre and Miquelon
222685,Orgânico,2025-01-31,Não Convertido,,0.0,Moderado,Pakistan
222686,YouTube Ads,2025-01-27,Não Convertido,,0.0,Moderado,Nicaragua
222687,E-mail Marketing,2025-01-28,Convertido,26.0,9772.12,Moderado,Tuvalu
222688,Orgânico,2025-01-27,Não Convertido,,0.0,Moderado,Saint Barthelemy
222689,Instagram,2025-02-01,Não Convertido,,0.0,Conservador,Malawi
222690,Instagram,2025-01-31,Não Convertido,,0.0,Moderado,Finland
222691,TikTok,2025-01-27,Não Convertido,,0.0,Moderado,Switzerland
222692,Google Ads,2025-01-29,Não Convertido,,0.0,Conservador,Mexico
222693,Instagram,2025-01-28,Não Convertido,,0.0,Agressivo,Bolivia
222694,YouTube Ads,2025-01-29,Não Convertido,,0.0,Agressivo,Guinea
222695,Indicação,2025-01-30,Não Convertido,,0.0,Moderado,Montserrat
222696,Orgânico,2025-01-31,Não Convertido,,0.0,Agressivo,Brazil
222697,E-mail Marketing,2025-01-29,Não Convertido,,0.0,Conservador,Spain
222698,Facebook,2025-02-01,Não Convertido,,0.0,Moderado,Congo
222699,Google Ads,2025-01-28,Não Convertido,,0.0,Moderado,Algeria
222700,E-mail Marketing,2025-01-28,Não Convertido,,0.0,Moderado,Kazakhstan
222701,Indicação,2025-01-27,Não Convertido,,0.0,Conservador,Vietnam
222702,WhatsApp,2025-01-27,Não Convertido,,0.0,Moderado,Afghanistan
222703,Orgânico,2025-01-27,Não Convertido,,0.0,Agressivo,Bolivia
222704,Orgânico,2025-01-28,Não Convertido,,0.0,Moderado,Tajikistan
222705,Indicação,2025-01-30,Não Convertido,,0.0,Desconhecido,Jersey
222706,Facebook,2025-02-01,Não Convertido,,0.0,Conservador,Guatemala
222707,WhatsApp,2025-01-31,Não Convertido,,0.0,Desconhecido,Anguilla
222708,Facebook,2025-01-31,Não Convertido,,0.0,Desconhecido,Sao Tome and Principe
222709,TikTok,2025-01-31,Não Convertido,,0.0,Conservador,Luxembourg
222710,Instagram,2025-01-31,Não Convertido,,0.0,Moderado,Togo
222711,Orgânico,2025-01-27,Não Convertido,,0.0,Moderado,Croatia
222712,Google Ads,2025-01-28,Não Convertido,,0.0,Conservador,Reunion
222713,Orgânico,2025-01-27,Não Convertido,,0.0,Agressivo,Japan
222714,E-mail Marketing,2025-02-01,Não Convertido,,0.0,Desconhecido,Hong Kong
222715,TikTok,2025-01-29,Não Convertido,,0.0,Agressivo,Mongolia
222716,Instagram,2025-01-29,Não Convertido,,0.0,Agressivo,Trinidad and Tobago
222717,YouTube Ads,2025-01-30,Não Convertido,,0.0,Moderado,Sweden
222718,Google Ads,2025-02-01,Não Convertido,,0.0,Moderado,Jamaica
222719,Orgânico,2025-01-29,Não Convertido,,0.0,Agressivo,Libyan Arab Jamahiriya
222720,Google Ads,2025-01-31,Não Convertido,,0.0,Desconhecido,San Marino
222721,TikTok,2025-01-30,Não Convertido,,0.0,Moderado,Guernsey
222722,E-mail Marketing,2025-01-28,Não Convertido,,0.0,Agressivo,Saudi Arabia
222723,WhatsApp,2025-01-29,Não Convertido,,0.0,Moderado,Belgium
222724,Google Ads,2025-01-30,Não Convertido,,0.0,Conservador,Hong Kong
222725,Instagram,2025-01-28,Não Convertido,,0.0,Moderado,Bermuda
222726,Instagram,2025-01-28,Não Convertido,,0.0,Desconhecido,Belize
222727,Instagram,2025-01-28,Não Convertido,,0.0,Moderado,El Salvador
222728,YouTube Ads,2025-01-30,Não Convertido,,0.0,Moderado,Guadeloupe
222729,WhatsApp,2025-01-29,Não Convertido,,0.0,Conservador,Netherlands Antilles
222730,Instagram,2025-01-28,Não Convertido,,0.0,Moderado,Bouvet Island (Bouvetoya)
222731,Instagram,2025-01-30,Não Convertido,,0.0,Conservador,Netherlands Antilles
222732,Orgânico,2025-02-01,Não Convertido,,0.0,Conservador,Greece
222733,Orgânico,2025-02-01,Não Convertido,,0.0,Desconhecido,Chad
222734,Facebook,2025-01-31,Não Convertido,,0.0,Agressivo,Uruguay
222735,Instagram,2025-01-29,Convertido,29.0,5196.6,Moderado,Azerbaijan
222736,Facebook,2025-01-28,Não Convertido,,0.0,Agressivo,Georgia
222737,Facebook,2025-01-30,Convertido,16.0,8949.85,Moderado,Tanzania
222738,Indicação,2025-01-27,Não Convertido,,0.0,Moderado,Martinique
222739,Google Ads,2025-01-31,Não Convertido,,0.0,Conservador,French Guiana
222740,Facebook,2025-01-30,Não Convertido,,0.0,Conservador,Turks and Caicos Islands
222741,Orgânico,2025-01-31,Não Convertido,,0.0,Moderado,Lebanon
222742,Google Ads,2025-01-28,Não Convertido,,0.0,Conservador,Myanmar
222743,E-mail Marketing,2025-01-30,Não Convertido,,0.0,Agressivo,Djibouti
222744,WhatsApp,2025-02-01,Não Convertido,,0.0,Agressivo,Pakistan
222745,E-mail Marketing,2025-01-30,Não Convertido,,0.0,Conservador,Bhutan
222746,Indicação,2025-01-31,Não Convertido,,0.0,Moderado,Saint Barthelemy
222747,E-mail Marketing,2025-01-31,Não Convertido,,0.0,Agressivo,Bhutan
222748,WhatsApp,2025-02-01,Não Convertido,,0.0,Agressivo,Armenia
222749,Instagram,2025-01-29,Não Convertido,,0.0,Conservador,Heard Island and McDonald Islands
222750,Indicação,2025-01-28,Não Convertido,,0.0,Agressivo,Liechtenstein
222751,TikTok,2025-01-27,Não Convertido,,0.0,Agressivo,Nepal
222752,Instagram,2025-01-28,Não Convertido,,0.0,Moderado,Seychelles
222753,TikTok,2025-01-28,Não Convertido,,0.0,Agressivo,Palau
222754,Google Ads,2025-01-31,Não Convertido,,0.0,Conservador,Seychelles
222755,Orgânico,2025-01-30,Não Convertido,,0.0,Agressivo,Netherlands
222756,E-mail Marketing,2025-01-28,Não Convertido,,0.0,Moderado,Bhutan
222757,WhatsApp,2025-01-29,Não Convertido,,0.0,Conservador,Micronesia
222758,Facebook,2025-01-28,Não Convertido,,0.0,Moderado,Rwanda
222759,Facebook,2025-01-31,Não Convertido,,0.0,Moderado,Burundi
222760,Facebook,2025-02-01,Não Convertido,,0.0,Agressivo,China
222761,WhatsApp,2025-01-29,Não Convertido,,0.0,Conservador,Lao People's Democratic Republic
222762,Orgânico,2025-01-29,Não Convertido,,0.0,Moderado,Brunei Darussalam
222763,Orgânico,2025-01-27,Não Convertido,,0.0,Moderado,Trinidad and Tobago
222764,TikTok,2025-01-30,Não Convertido,,0.0,Agressivo,Comoros
222765,Orgânico,2025-01-30,Não Convertido,,0.0,Moderado,Uzbekistan
222766,Facebook,2025-01-31,Não Convertido,,0.0,Moderado,Ireland
222767,Instagram,2025-01-30,Não Convertido,,0.0,Conservador,Burkina Faso
222768,Facebook,2025-02-01,Não Convertido,,0.0,Agressivo,Burkina Faso
222769,Orgânico,2025-01-27,Não Convertido,,0.0,Moderado,Portugal
222770,Instagram,2025-01-30,Não Convertido,,0.0,Desconhecido,Cameroon
222771,TikTok,2025-01-31,Não Convertido,,0.0,Agressivo,Antarctica (the territory South of 60 deg S)
222772,Indicação,2025-01-31,Não Convertido,,0.0,Conservador,Austria
222773,Google Ads,2025-01-27,Não Convertido,,0.0,Conservador,Maldives
222774,Google Ads,2025-01-30,Não Convertido,,0.0,Conservador,British Virgin Islands
222775,TikTok,2025-01-30,Convertido,1.0,6654.46,Moderado,Reunion
222776,Orgânico,2025-01-30,Não Convertido,,0.0,Moderado,Denmark
222777,Orgânico,2025-01-30,Não Convertido,,0.0,Moderado,Iran
222778,Instagram,2025-01-29,Não Convertido,,0.0,Agressivo,Hungary
222779,WhatsApp,2025-01-29,Não Convertido,,0.0,Agressivo,Maldives
222780,TikTok,2025-01-27,Não Convertido,,0.0,Moderado,Niue
222781,Instagram,2025-02-01,Não Convertido,,0.0,Moderado,Qatar
222782,TikTok,2025-01-30,Não Convertido,,0.0,Moderado,Belarus
222783,Facebook,2025-01-27,Não Convertido,,0.0,Moderado,Guyana
222784,WhatsApp,2025-01-27,Não Convertido,,0.0,Conservador,Northern Mariana Islands
222785,TikTok,2025-01-27,Não Convertido,,0.0,Agressivo,Qatar
222786,YouTube Ads,2025-01-31,Não Convertido,,0.0,Agressivo,Botswana
222787,Google Ads,2025-01-28,Não Convertido,,0.0,Agressivo,Senegal
222788,Instagram,2025-01-31,Não Convertido,,0.0,Moderado,Cook Islands
222789,Orgânico,2025-01-31,Não Convertido,,0.0,Agressivo,American Samoa
222790,YouTube Ads,2025-02-01,Não Convertido,,0.0,Conservador,Liberia
222791,E-mail Marketing,2025-01-29,Não Convertido,,0.0,Moderado,Uruguay
222792,WhatsApp,2025-01-29,Não Convertido,,0.0,Moderado,Gambia
222793,Instagram,2025-01-31,Não Convertido,,0.0,Conservador,Fiji
222794,Orgânico,2025-01-27,Não Convertido,,0.0,Moderado,Nepal
222795,Facebook,2025-01-31,Não Convertido,,0.0,Agressivo,Argentina
222796,Orgânico,2025-02-01,Não Convertido,,0.0,Agressivo,Russian Federation
222797,E-mail Marketing,2025-01-30,Não Convertido,,0.0,Moderado,Antigua and Barbuda
222798,E-mail Marketing,2025-01-27,Não Convertido,,0.0,Agressivo,New Caledonia
222799,TikTok,2025-01-28,Não Convertido,,0.0,Agressivo,Myanmar
222800,YouTube Ads,2025-01-31,Não Convertido,,0.0,Moderado,Guinea-Bissau
222801,E-mail Marketing,2025-01-29,Não Convertido,,0.0,Moderado,Cuba
222802,Orgânico,2025-01-28,Não Convertido,,0.0,Moderado,Honduras
222803,Google Ads,2025-01-29,Não Convertido,,0.0,Moderado,Brazil
222804,Indicação,2025-01-28,Não Convertido,,0.0,Conservador,Australia
222805,Facebook,2025-01-31,Não Convertido,,0.0,Agressivo,Congo
222806,TikTok,2025-02-01,Não Convertido,,0.0,Moderado,Wallis and Futuna
222807,TikTok,2025-01-30,Não Convertido,,0.0,Agressivo,Albania
222808,Orgânico,2025-01-31,Não Convertido,,0.0,Conservador,Guam
222809,Instagram,2025-01-27,Não Convertido,,0.0,Conservador,Wallis and Futuna
222810,TikTok,2025-01-27,Não Convertido,,0.0,Agressivo,Guinea-Bissau
222811,Orgânico,2025-02-01,Convertido,8.0,8216.76,Agressivo,Reunion
222812,Instagram,2025-01-31,Não Convertido,,0.0,Moderado,Palau
222813,YouTube Ads,2025-01-27,Não Convertido,,0.0,Agressivo,Cocos (Keeling) Islands
222814,Instagram,2025-02-01,Não Convertido,,0.0,Agressivo,United Kingdom
222815,Instagram,2025-02-01,Não Convertido,,0.0,Moderado,Zambia
222816,E-mail Marketing,2025-01-30,Convertido,15.0,5664.09,Agressivo,Czech Republic
222817,Google Ads,2025-01-30,Convertido,4.0,4298.98,Agressivo,Yemen
222818,TikTok,2025-02-01,Não Convertido,,0.0,Desconhecido,Monaco
222819,Orgânico,2025-01-29,Não Convertido,,0.0,Moderado,Syrian Arab Republic
222820,Orgânico,2025-02-01,Não Convertido,,0.0,Moderado,Angola
222821,YouTube Ads,2025-01-28,Não Convertido,,0.0,Moderado,Spain
222822,Facebook,2025-01-30,Não Convertido,,0.0,Agressivo,Finland
222823,Instagram,2025-01-29,Não Convertido,,0.0,Agressivo,Lao People's Democratic Republic
222824,YouTube Ads,2025-01-31,Convertido,15.0,3404.13,Agressivo,French Polynesia
222825,E-mail Marketing,2025-01-29,Não Convertido,,0.0,Moderado,Jersey
222826,Instagram,2025-01-27,Não Convertido,,0.0,Conservador,Ireland
222827,TikTok,2025-02-01,Não Convertido,,0.0,Moderado,Uganda
222828,Google Ads,2025-01-29,Não Convertido,,0.0,Desconhecido,Bosnia and Herzegovina
222829,Orgânico,2025-01-28,Não Convertido,,0.0,Moderado,Namibia
222830,YouTube Ads,2025-01-30,Não Convertido,,0.0,Desconhecido,Senegal
222831,WhatsApp,2025-01-29,Não Convertido,,0.0,Conservador,Azerbaijan
222832,TikTok,2025-01-28,Não Convertido,,0.0,Agressivo,Bahrain
222833,YouTube Ads,2025-02-01,Não Convertido,,0.0,Moderado,Luxembourg
222834,TikTok,2025-01-30,Não Convertido,,0.0,Agressivo,Paraguay
222835,E-mail Marketing,2025-01-27,Não Convertido,,0.0,Conservador,Denmark
222836,Instagram,2025-01-31,Convertido,13.0,1993.7,Conservador,Kenya
222837,E-mail Marketing,2025-01-30,Não Convertido,,0.0,Agressivo,Mauritania
222838,Indicação,2025-01-28,Não Convertido,,0.0,Moderado,Belarus
222839,YouTube Ads,2025-01-30,Não Convertido,,0.0,Moderado,Saudi Arabia
222840,TikTok,2025-01-31,Não Convertido,,0.0,Moderado,Faroe Islands
222841,WhatsApp,2025-01-30,Não Convertido,,0.0,Moderado,French Guiana
222842,E-mail Marketing,2025-01-30,Não Convertido,,0.0,Agressivo,Canada
222843,Instagram,2025-01-27,Não Convertido,,0.0,Conservador,New Caledonia
222844,WhatsApp,2025-01-30,Não Convertido,,0.0,Conservador,Zimbabwe
222845,WhatsApp,2025-01-29,Não Convertido,,0.0,Agressivo,Benin
222846,Facebook,2025-01-29,Não Convertido,,0.0,Moderado,Albania
222847,WhatsApp,2025-01-28,Não Convertido,,0.0,Agressivo,Puerto Rico
222848,Orgânico,2025-02-01,Não Convertido,,0.0,Moderado,Iran
222849,Orgânico,2025-01-30,Não Convertido,,0.0,Moderado,Nigeria
222850,Facebook,2025-01-29,Não Convertido,,0.0,Moderado,Montenegro
222851,E-mail Marketing,2025-01-28,Não Convertido,,0.0,Moderado,Cape Verde
222852,Google Ads,2025-01-28,Não Convertido,,0.0,Conservador,Indonesia
222853,TikTok,2025-01-28,Não Convertido,,0.0,Conservador,Romania
222854,Orgânico,2025-01-28,Não Convertido,,0.0,Agressivo,Gambia
222855,Instagram,2025-01-29,Não Convertido,,0.0,Desconhecido,Egypt
222856,Instagram,2025-02-01,Não Convertido,,0.0,Agressivo,Grenada
222857,E-mail Marketing,2025-01-29,Não Convertido,,0.0,Agressivo,France
222858,TikTok,2025-01-28,Não Convertido,,0.0,Agressivo,Estonia
222859,Facebook,2025-02-01,Não Convertido,,0.0,Moderado,Indonesia
222860,Instagram,2025-02-01,Não Convertido,,0.0,Moderado,Nauru
222861,Instagram,2025-01-27,Não Convertido,,0.0,Agressivo,Cape Verde
222862,Indicação,2025-01-30,Não Convertido,,0.0,Moderado,Bulgaria
222863,WhatsApp,2025-01-28,Não Convertido,,0.0,Moderado,Israel
222864,Instagram,2025-01-28,Não Convertido,,0.0,Moderado,Nauru
222865,Google Ads,2025-01-31,Não Convertido,,0.0,Conservador,Singapore
222866,E-mail Marketing,2025-01-29,Não Convertido,,0.0,Conservador,Thailand
222867,Orgânico,2025-01-31,Não Convertido,,0.0,Moderado,Korea
222868,Facebook,2025-01-30,Não Convertido,,0.0,Moderado,United States Virgin Islands
222869,TikTok,2025-01-27,Não Convertido,,0.0,Desconhecido,Suriname
222870,TikTok,2025-02-01,Não Convertido,,0.0,Conservador,Italy
222871,E-mail Marketing,2025-01-28,Não Convertido,,0.0,Moderado,Norfolk Island
222872,TikTok,2025-01-30,Não Convertido,,0.0,Desconhecido,Cambodia
222873,Orgânico,2025-01-28,Não Convertido,,0.0,Moderado,Iraq
222874,Instagram,2025-01-30,Não Convertido,,0.0,Moderado,Gambia
222875,TikTok,2025-01-30,Não Convertido,,0.0,Moderado,United States Virgin Islands
222876,Facebook,2025-01-31,Não Convertido,,0.0,Moderado,Malta
222877,Google Ads,2025-02-01,Não Convertido,,0.0,Moderado,Lao People's Democratic Republic
222878,TikTok,2025-01-30,Não Convertido,,0.0,Conservador,Cook Islands
222879,Facebook,2025-02-01,Não Convertido,,0.0,Agressivo,New Zealand
222880,Google Ads,2025-01-31,Convertido,20.0,5705.61,Conservador,Cayman Islands
222881,WhatsApp,2025-01-30,Não Convertido,,0.0,Agressivo,Bahrain
222882,Instagram,2025-01-29,Não Convertido,,0.0,Moderado,American Samoa
222883,Google Ads,2025-01-31,Não Convertido,,0.0,Agressivo,Austria
222884,E-mail Marketing,2025-02-01,Não Convertido,,0.0,Agressivo,Taiwan
222885,Facebook,2025-01-31,Não Convertido,,0.0,Moderado,South Africa
222886,E-mail Marketing,2025-01-28,Não Convertido,,0.0,Desconhecido,Faroe Islands
222887,WhatsApp,2025-01-29,Não Convertido,,0.0,Conservador,Falkland Islands (Malvinas)
222888,Google Ads,2025-01-30,Não Convertido,,0.0,Agressivo,Palestinian Territory
222889,Instagram,2025-01-28,Não Convertido,,0.0,Conservador,Morocco
222890,Instagram,2025-01-29,Não Convertido,,0.0,Desconhecido,Cocos (Keeling) Islands
222891,TikTok,2025-01-30,Não Convertido,,0.0,Agressivo,Denmark
222892,Instagram,2025-01-27,Não Convertido,,0.0,Agressivo,Tanzania
222893,Google Ads,2025-01-27,Não Convertido,,0.0,Moderado,Cape Verde
222894,Google Ads,2025-01-27,Não Convertido,,0.0,Conservador,Madagascar
222895,Orgânico,2025-01-30,Não Convertido,,0.0,Conservador,Philippines
222896,TikTok,2025-01-31,Não Convertido,,0.0,Agressivo,Mozambique
222897,TikTok,2025-01-30,Não Convertido,,0.0,Moderado,Turkey
222898,Instagram,2025-01-29,Não Convertido,,0.0,Agressivo,Zimbabwe
222899,E-mail Marketing,2025-01-27,Não Convertido,,0.0,Conservador,Sri Lanka
222900,Google Ads,2025-01-31,Não Convertido,,0.0,Conservador,Cook Islands
222901,WhatsApp,2025-01-27,Não Convertido,,0.0,Moderado,Guadeloupe
222902,Indicação,2025-01-31,Não Convertido,,0.0,Moderado,Cambodia
222903,TikTok,2025-01-29,Não Convertido,,0.0,Agressivo,Micronesia
222904,Instagram,2025-01-30,Não Convertido,,0.0,Conservador,American Samoa
222905,Orgânico,2025-01-30,Não Convertido,,0.0,Conservador,Grenada
222906,WhatsApp,2025-01-30,Não Convertido,,0.0,Agressivo,Bulgaria
222907,Facebook,2025-01-28,Não Convertido,,0.0,Agressivo,Aruba
222908,E-mail Marketing,2025-01-28,Não Convertido,,0.0,Moderado,Kiribati
222909,YouTube Ads,2025-01-29,Não Convertido,,0.0,Moderado,Bahamas
222910,Orgânico,2025-01-27,Não Convertido,,0.0,Conservador,Sweden
222911,Google Ads,2025-01-30,Não Convertido,,0.0,Agressivo,Timor-Leste
222912,Facebook,2025-01-29,Não Convertido,,0.0,Moderado,Jamaica
222913,Google Ads,2025-02-01,Convertido,27.0,5004.7,Moderado,Lithuania
222914,WhatsApp,2025-01-31,Não Convertido,,0.0,Conservador,Gibraltar
222915,YouTube Ads,2025-01-29,Não Convertido,,0.0,Moderado,Uganda
222916,Indicação,2025-01-29,Não Convertido,,0.0,Desconhecido,United Kingdom
222917,Facebook,2025-02-01,Não Convertido,,0.0,Desconhecido,Sri Lanka
222918,YouTube Ads,2025-01-30,Não Convertido,,0.0,Agressivo,Oman
222919,Orgânico,2025-02-01,Não Convertido,,0.0,Moderado,Colombia
222920,Orgânico,2025-01-27,Não Convertido,,0.0,Conservador,Madagascar
222921,WhatsApp,2025-02-01,Não Convertido,,0.0,Desconhecido,Egypt
222922,Google Ads,2025-01-31,Não Convertido,,0.0,Conservador,Libyan Arab Jamahiriya
222923,TikTok,2025-01-28,Não Convertido,,0.0,Agressivo,Gibraltar
222924,E-mail Marketing,2025-01-30,Não Convertido,,0.0,Desconhecido,Trinidad and Tobago
222925,E-mail Marketing,2025-01-28,Não Convertido,,0.0,Agressivo,Afghanistan
222926,Indicação,2025-01-28,Não Convertido,,0.0,Moderado,Palestinian Territory
222927,Facebook,2025-01-31,Não Convertido,,0.0,Conservador,Guinea-Bissau
222928,Orgânico,2025-01-29,Não Convertido,,0.0,Agressivo,Gabon
222929,Instagram,2025-01-28,Não Convertido,,0.0,Conservador,Gabon
222930,Indicação,2025-01-28,Não Convertido,,0.0,Agressivo,Sao Tome and Principe
222931,Google Ads,2025-01-29,Não Convertido,,0.0,Conservador,Hungary
222932,E-mail Marketing,2025-01-29,Não Convertido,,0.0,Agressivo,Romania
222933,YouTube Ads,2025-01-27,Não Convertido,,0.0,Moderado,Syrian Arab Republic
222934,TikTok,2025-01-28,Não Convertido,,0.0,Conservador,Saint Lucia
222935,Orgânico,2025-01-30,Não Convertido,,0.0,Conservador,South Georgia and the South Sandwich Islands
222936,Orgânico,2025-01-31,Não Convertido,,0.0,Agressivo,Norfolk Island
222937,Instagram,2025-01-31,Não Convertido,,0.0,Desconhecido,Belize
222938,TikTok,2025-02-01,Não Convertido,,0.0,Conservador,Iran
222939,Instagram,2025-02-01,Não Convertido,,0.0,Moderado,Dominican Republic
222940,Orgânico,2025-01-31,Não Convertido,,0.0,Moderado,Togo
222941,Instagram,2025-01-28,Convertido,18.0,7600.04,Moderado,Maldives
222942,Orgânico,2025-01-28,Não Convertido,,0.0,Agressivo,Bahamas
222943,Orgânico,2025-01-28,Não Convertido,,0.0,Agressivo,Ghana
222944,TikTok,2025-01-29,Não Convertido,,0.0,Agressivo,Fiji
222945,Instagram,2025-01-31,Não Convertido,,0.0,Agressivo,Djibouti
222946,E-mail Marketing,2025-01-29,Não Convertido,,0.0,Agressivo,Oman
222947,Orgânico,2025-01-29,Não Convertido,,0.0,Agressivo,Puerto Rico
222948,WhatsApp,2025-01-29,Não Convertido,,0.0,Agressivo,Guernsey
222949,E-mail Marketing,2025-01-31,Não Convertido,,0.0,Desconhecido,Antigua and Barbuda
222950,WhatsApp,2025-02-01,Convertido,0.0,5630.97,Moderado,Finland
222951,E-mail Marketing,2025-01-28,Não Convertido,,0.0,Moderado,Egypt
222952,WhatsApp,2025-01-27,Não Convertido,,0.0,Moderado,Turks and Caicos Islands
222953,TikTok,2025-01-31,Não Convertido,,0.0,Agressivo,New Zealand
222954,TikTok,2025-01-28,Não Convertido,,0.0,Agressivo,Nepal
222955,Google Ads,2025-01-30,Não Convertido,,0.0,Desconhecido,Peru
222956,YouTube Ads,2025-02-01,Não Convertido,,0.0,Moderado,Zimbabwe
222957,Indicação,2025-01-31,Não Convertido,,0.0,Agressivo,British Virgin Islands
222958,WhatsApp,2025-01-31,Não Convertido,,0.0,Moderado,Philippines
222959,Google Ads,2025-01-30,Não Convertido,,0.0,Moderado,Wallis and Futuna
222960,Instagram,2025-01-29,Não Convertido,,0.0,Moderado,Panama
222961,TikTok,2025-01-27,Não Convertido,,0.0,Conservador,Albania
222962,Orgânico,2025-02-01,Não Convertido,,0.0,Moderado,Mali
222963,E-mail Marketing,2025-01-28,Não Convertido,,0.0,Agressivo,Northern Mariana Islands
222964,Instagram,2025-01-27,Não Convertido,,0.0,Moderado,Latvia
222965,E-mail Marketing,2025-01-27,Não Convertido,,0.0,Agressivo,Azerbaijan
222966,E-mail Marketing,2025-01-28,Não Convertido,,0.0,Desconhecido,French Polynesia
222967,TikTok,2025-02-01,Não Convertido,,0.0,Moderado,United States Virgin Islands
222968,Facebook,2025-01-28,Não Convertido,,0.0,Conservador,Central African Republic
222969,TikTok,2025-01-29,Não Convertido,,0.0,Moderado,Cameroon
222970,Facebook,2025-01-28,Convertido,6.0,7350.72,Moderado,Sao Tome and Principe
222971,E-mail Marketing,2025-02-01,Não Convertido,,0.0,Moderado,Palestinian Territory
222972,TikTok,2025-01-28,Convertido,11.0,2941.57,Moderado,Tajikistan
222973,YouTube Ads,2025-01-27,Não Convertido,,0.0,Conservador,Turkmenistan
222974,Facebook,2025-01-30,Não Convertido,,0.0,Conservador,Costa Rica
222975,TikTok,2025-01-29,Não Convertido,,0.0,Agressivo,Uruguay
222976,TikTok,2025-01-29,Não Convertido,,0.0,Moderado,Jersey
222977,YouTube Ads,2025-01-27,Não Convertido,,0.0,Agressivo,Lao People's Democratic Republic
222978,Instagram,2025-01-31,Não Convertido,,0.0,Conservador,American Samoa
222979,Orgânico,2025-01-29,Não Convertido,,0.0,Moderado,Northern Mariana Islands
222980,TikTok,2025-01-27,Não Convertido,,0.0,Moderado,Saint Kitts and Nevis
222981,Instagram,2025-01-30,Não Convertido,,0.0,Moderado,Angola
222982,Orgânico,2025-01-30,Não Convertido,,0.0,Conservador,Zambia
222983,TikTok,2025-01-29,Convertido,28.0,5622.02,Desconhecido,Pitcairn Islands
222984,WhatsApp,2025-01-31,Não Convertido,,0.0,Conservador,Argentina
222985,Orgânico,2025-01-28,Não Convertido,,0.0,Agressivo,Slovenia
222986,TikTok,2025-02-01,Não Convertido,,0.0,Desconhecido,Cuba
222987,Orgânico,2025-01-28,Não Convertido,,0.0,Moderado,Kiribati
222988,TikTok,2025-02-01,Não Convertido,,0.0,Agressivo,Isle of Man
222989,YouTube Ads,2025-01-27,Não Convertido,,0.0,Moderado,Belize
222990,Orgânico,2025-02-01,Não Convertido,,0.0,Moderado,Mali
222991,Google Ads,2025-01-28,Não Convertido,,0.0,Conservador,Gambia
222992,Orgânico,2025-01-31,Não Convertido,,0.0,Moderado,New Zealand
222993,Facebook,2025-01-28,Não Convertido,,0.0,Moderado,Saint Kitts and Nevis
222994,Orgânico,2025-01-30,Não Convertido,,0.0,Conservador,Uruguay
222995,Orgânico,2025-01-28,Não Convertido,,0.0,Conservador,Uzbekistan
222996,Facebook,2025-01-28,Não Convertido,,0.0,Conservador,Ukraine
222997,Orgânico,2025-01-28,Convertido,6.0,4564.99,Moderado,Peru
222998,Facebook,2025-02-01,Não Convertido,,0.0,Agressivo,Albania
222999,Google Ads,2025-01-30,Não Convertido,,0.0,Agressivo,Turks and Caicos Islands
223000,Instagram,2025-01-30,Não Convertido,,0.0,Agressivo,Tajikistan
223001,E-mail Marketing,2025-01-27,Não Convertido,,0.0,Moderado,Isle of Man
223002,Instagram,2025-01-29,Não Convertido,,0.0,Desconhecido,Lesotho
223003,TikTok,2025-01-31,Não Convertido,,0.0,Conservador,Chad
223004,E-mail Marketing,2025-01-30,Não Convertido,,0.0,Moderado,Papua New Guinea
223005,Indicação,2025-01-31,Não Convertido,,0.0,Moderado,Egypt
223006,Instagram,2025-01-29,Não Convertido,,0.0,Conservador,Cayman Islands
223007,TikTok,2025-01-31,Não Convertido,,0.0,Desconhecido,Antarctica (the territory South of 60 deg S)
223008,Orgânico,2025-01-28,Não Convertido,,0.0,Conservador,South Georgia and the South Sandwich Islands
223009,Orgânico,2025-01-30,Não Convertido,,0.0,Agressivo,Burkina Faso
223010,E-mail Marketing,2025-01-31,Não Convertido,,0.0,Desconhecido,Turkey
223011,Indicação,2025-01-30,Não Convertido,,0.0,Moderado,Cayman Islands
223012,Orgânico,2025-01-30,Não Convertido,,0.0,Moderado,Albania
223013,Orgânico,2025-01-28,Não Convertido,,0.0,Moderado,Nepal
223014,Google Ads,2025-01-30,Convertido,10.0,9765.55,Desconhecido,France
223015,E-mail Marketing,2025-01-30,Não Convertido,,0.0,Agressivo,Gibraltar
223016,YouTube Ads,2025-01-27,Não Convertido,,0.0,Conservador,Turks and Caicos Islands
223017,TikTok,2025-02-01,Não Convertido,,0.0,Agressivo,Bahrain
223018,Google Ads,2025-01-30,Não Convertido,,0.0,Moderado,Micronesia
223019,E-mail Marketing,2025-02-01,Não Convertido,,0.0,Agressivo,Saint Kitts and Nevis
223020,Instagram,2025-01-31,Não Convertido,,0.0,Moderado,Argentina
223021,Google Ads,2025-01-31,Não Convertido,,0.0,Agressivo,Ethiopia
223022,E-mail Marketing,2025-01-31,Não Convertido,,0.0,Agressivo,Zimbabwe
223023,WhatsApp,2025-01-31,Não Convertido,,0.0,Moderado,Hungary
223024,Orgânico,2025-01-29,Não Convertido,,0.0,Moderado,Malawi
223025,Orgânico,2025-02-01,Não Convertido,,0.0,Agressivo,Guinea
223026,Instagram,2025-01-28,Não Convertido,,0.0,Agressivo,Hong Kong
223027,Google Ads,2025-01-27,Não Convertido,,0.0,Agressivo,Cameroon
223028,YouTube Ads,2025-01-31,Não Convertido,,0.0,Conservador,Ghana
223029,Orgânico,2025-01-28,Não Convertido,,0.0,Moderado,Philippines
223030,Orgânico,2025-02-01,Não Convertido,,0.0,Moderado,Bangladesh
223031,YouTube Ads,2025-01-30,Não Convertido,,0.0,Moderado,Namibia
223032,E-mail Marketing,2025-01-31,Não Convertido,,0.0,Moderado,Czech Republic
223033,Google Ads,2025-01-27,Não Convertido,,0.0,Agressivo,Liberia
223034,YouTube Ads,2025-01-28,Não Convertido,,0.0,Moderado,Saint Helena
223035,WhatsApp,2025-02-01,Não Convertido,,0.0,Agressivo,Ecuador
223036,Orgânico,2025-01-31,Não Convertido,,0.0,Moderado,Sudan
223037,Instagram,2025-02-01,Não Convertido,,0.0,Desconhecido,Christmas Island
223038,Orgânico,2025-01-29,Não Convertido,,0.0,Agressivo,Eritrea
223039,Facebook,2025-01-31,Não Convertido,,0.0,Moderado,Guernsey
223040,Instagram,2025-02-01,Não Convertido,,0.0,Agressivo,Netherlands Antilles
223041,Instagram,2025-01-29,Não Convertido,,0.0,Moderado,Vanuatu
223042,E-mail Marketing,2025-01-28,Não Convertido,,0.0,Conservador,San Marino
223043,Orgânico,2025-02-01,Não Convertido,,0.0,Conservador,Antarctica (the territory South of 60 deg S)
223044,YouTube Ads,2025-01-27,Não Convertido,,0.0,Agressivo,Nauru
223045,E-mail Marketing,2025-02-01,Não Convertido,,0.0,Moderado,Western Sahara
223046,Google Ads,2025-01-30,Não Convertido,,0.0,Conservador,Niue
223047,Instagram,2025-01-30,Não Convertido,,0.0,Moderado,Chile
223048,TikTok,2025-01-29,Não Convertido,,0.0,Desconhecido,Mauritania
223049,E-mail Marketing,2025-01-28,Não Convertido,,0.0,Conservador,Greece
223050,Instagram,2025-01-28,Não Convertido,,0.0,Moderado,El Salvador
223051,WhatsApp,2025-02-01,Não Convertido,,0.0,Agressivo,Guinea
223052,TikTok,2025-01-31,Não Convertido,,0.0,Conservador,Bulgaria
223053,TikTok,2025-01-27,Não Convertido,,0.0,Moderado,Kenya
223054,Indicação,2025-01-28,Não Convertido,,0.0,Desconhecido,Cocos (Keeling) Islands
223055,Orgânico,2025-02-01,Não Convertido,,0.0,Agressivo,Mauritania
223056,E-mail Marketing,2025-02-01,Não Convertido,,0.0,Moderado,Tuvalu
223057,YouTube Ads,2025-01-30,Não Convertido,,0.0,Moderado,Maldives
223058,Orgânico,2025-01-30,Não Convertido,,0.0,Moderado,Tokelau
223059,YouTube Ads,2025-01-28,Não Convertido,,0.0,Agressivo,Singapore
223060,Indicação,2025-01-27,Não Convertido,,0.0,Moderado,Croatia
223061,Instagram,2025-01-27,Não Convertido,,0.0,Moderado,Philippines
223062,Orgânico,2025-01-31,Não Convertido,,0.0,Desconhecido,Japan
223063,Google Ads,2025-01-28,Não Convertido,,0.0,Moderado,Luxembourg
223064,Orgânico,2025-01-29,Não Convertido,,0.0,Agressivo,Dominican Republic
223065,E-mail Marketing,2025-01-28,Não Convertido,,0.0,Moderado,New Zealand
223066,Instagram,2025-01-31,Não Convertido,,0.0,Conservador,Guernsey
223067,Instagram,2025-01-27,Não Convertido,,0.0,Moderado,Cambodia
223068,WhatsApp,2025-01-30,Não Convertido,,0.0,Agressivo,Mexico
223069,TikTok,2025-01-27,Não Convertido,,0.0,Moderado,Saint Martin
223070,WhatsApp,2025-01-29,Não Convertido,,0.0,Agressivo,French Guiana
223071,TikTok,2025-01-27,Não Convertido,,0.0,Moderado,Tonga
223072,TikTok,2025-01-28,Não Convertido,,0.0,Moderado,Bolivia
223073,Orgânico,2025-01-31,Não Convertido,,0.0,Agressivo,Liechtenstein
223074,WhatsApp,2025-01-31,Não Convertido,,0.0,Agressivo,Lao People's Democratic Republic
223075,Instagram,2025-01-30,Não Convertido,,0.0,Agressivo,Nicaragua
223076,E-mail Marketing,2025-01-28,Não Convertido,,0.0,Moderado,Haiti
223077,TikTok,2025-01-30,Não Convertido,,0.0,Conservador,Mali
223078,Google Ads,2025-01-30,Não Convertido,,0.0,Conservador,Jamaica
223079,E-mail Marketing,2025-01-28,Convertido,4.0,2362.69,Moderado,Maldives
223080,TikTok,2025-01-28,Não Convertido,,0.0,Agressivo,Venezuela
223081,TikTok,2025-01-30,Não Convertido,,0.0,Moderado,Panama
223082,Instagram,2025-01-29,Não Convertido,,0.0,Moderado,Switzerland
223083,Google Ads,2025-01-28,Não Convertido,,0.0,Conservador,Nauru
223084,TikTok,2025-01-27,Não Convertido,,0.0,Moderado,Bouvet Island (Bouvetoya)
223085,Orgânico,2025-01-30,Não Convertido,,0.0,Moderado,Western Sahara
223086,TikTok,2025-01-29,Não Convertido,,0.0,Agressivo,New Caledonia
223087,Facebook,2025-02-01,Não Convertido,,0.0,Agressivo,Paraguay
223088,Orgânico,2025-01-28,Não Convertido,,0.0,Agressivo,Venezuela
223089,TikTok,2025-01-27,Não Convertido,,0.0,Conservador,Slovenia
223090,Google Ads,2025-01-27,Não Convertido,,0.0,Conservador,Armenia
223091,Orgânico,2025-01-30,Não Convertido,,0.0,Agressivo,Sierra Leone
223092,Facebook,2025-01-29,Não Convertido,,0.0,Desconhecido,Sao Tome and Principe
223093,Instagram,2025-02-01,Não Convertido,,0.0,Conservador,Serbia
223094,TikTok,2025-01-28,Não Convertido,,0.0,Desconhecido,Brazil
223095,E-mail Marketing,2025-01-29,Não Convertido,,0.0,Conservador,Gabon
223096,Google Ads,2025-01-27,Não Convertido,,0.0,Agressivo,New Zealand
223097,WhatsApp,2025-01-27,Não Convertido,,0.0,Agressivo,Sweden
223098,Instagram,2025-02-01,Não Convertido,,0.0,Agressivo,Romania
223099,E-mail Marketing,2025-02-01,Não Convertido,,0.0,Agressivo,Czech Republic
223100,Instagram,2025-01-30,Não Convertido,,0.0,Agressivo,Moldova
223101,Facebook,2025-01-29,Não Convertido,,0.0,Agressivo,Singapore
223102,E-mail Marketing,2025-02-01,Não Convertido,,0.0,Agressivo,Gibraltar
223103,Google Ads,2025-01-27,Não Convertido,,0.0,Moderado,Peru
223104,Facebook,2025-01-30,Não Convertido,,0.0,Moderado,Guyana
223105,WhatsApp,2025-01-28,Convertido,24.0,4987.46,Moderado,Zimbabwe
223106,E-mail Marketing,2025-01-27,Não Convertido,,0.0,Agressivo,Christmas Island
223107,TikTok,2025-02-01,Não Convertido,,0.0,Agressivo,Qatar
223108,Indicação,2025-02-01,Não Convertido,,0.0,Agressivo,Mexico
223109,TikTok,2025-02-01,Não Convertido,,0.0,Desconhecido,Romania
223110,TikTok,2025-01-28,Não Convertido,,0.0,Moderado,Zambia
223111,Facebook,2025-01-31,Não Convertido,,0.0,Moderado,Costa Rica
223112,Google Ads,2025-01-30,Não Convertido,,0.0,Agressivo,Jordan
223113,Facebook,2025-01-30,Não Convertido,,0.0,Conservador,Italy
223114,Instagram,2025-01-30,Não Convertido,,0.0,Desconhecido,Kyrgyz Republic
223115,TikTok,2025-01-30,Não Convertido,,0.0,Conservador,Uganda
223116,E-mail Marketing,2025-01-28,Não Convertido,,0.0,Moderado,Iraq
223117,Indicação,2025-01-29,Não Convertido,,0.0,Agressivo,Guatemala
223118,Instagram,2025-01-30,Não Convertido,,0.0,Desconhecido,Venezuela
223119,Instagram,2025-01-28,Não Convertido,,0.0,Agressivo,Slovakia (Slovak Republic)
223120,Facebook,2025-01-31,Convertido,16.0,300.66,Moderado,Chad
223121,E-mail Marketing,2025-01-27,Não Convertido,,0.0,Agressivo,North Macedonia
223122,Instagram,2025-02-01,Não Convertido,,0.0,Moderado,Croatia
223123,WhatsApp,2025-01-30,Não Convertido,,0.0,Moderado,Cape Verde
223124,Facebook,2025-01-31,Não Convertido,,0.0,Moderado,Costa Rica
223125,YouTube Ads,2025-01-28,Não Convertido,,0.0,Moderado,Belarus
223126,Facebook,2025-01-29,Não Convertido,,0.0,Agressivo,Belarus
223127,Orgânico,2025-02-01,Não Convertido,,0.0,Moderado,Croatia
223128,Orgânico,2025-01-27,Não Convertido,,0.0,Desconhecido,Kuwait
223129,YouTube Ads,2025-01-27,Não Convertido,,0.0,Moderado,Bouvet Island (Bouvetoya)
223130,WhatsApp,2025-02-01,Não Convertido,,0.0,Agressivo,United States Minor Outlying Islands
223131,YouTube Ads,2025-01-31,Não Convertido,,0.0,Conservador,French Polynesia
223132,Orgânico,2025-01-27,Não Convertido,,0.0,Conservador,American Samoa
223133,Indicação,2025-01-31,Não Convertido,,0.0,Agressivo,Australia
223134,TikTok,2025-01-30,Não Convertido,,0.0,Moderado,Rwanda
223135,Facebook,2025-01-29,Não Convertido,,0.0,Agressivo,British Virgin Islands
223136,Orgânico,2025-01-29,Não Convertido,,0.0,Agressivo,Timor-Leste
223137,E-mail Marketing,2025-01-27,Não Convertido,,0.0,Conservador,Malawi
223138,Instagram,2025-01-29,Não Convertido,,0.0,Moderado,Latvia
223139,E-mail Marketing,2025-01-27,Não Convertido,,0.0,Agressivo,Argentina
223140,WhatsApp,2025-01-27,Não Convertido,,0.0,Desconhecido,Czech Republic
223141,Google Ads,2025-01-30,Não Convertido,,0.0,Agressivo,Papua New Guinea
223142,Instagram,2025-01-28,Não Convertido,,0.0,Agressivo,China
223143,E-mail Marketing,2025-01-30,Não Convertido,,0.0,Conservador,Ukraine
223144,TikTok,2025-01-30,Não Convertido,,0.0,Moderado,Togo
223145,E-mail Marketing,2025-02-01,Não Convertido,,0.0,Agressivo,Cape Verde
223146,Facebook,2025-01-29,Não Convertido,,0.0,Agressivo,Brunei Darussalam
223147,E-mail Marketing,2025-02-01,Não Convertido,,0.0,Agressivo,Congo
223148,WhatsApp,2025-01-31,Não Convertido,,0.0,Conservador,Palau
223149,WhatsApp,2025-01-29,Não Convertido,,0.0,Moderado,Comoros
223150,Google Ads,2025-01-31,Não Convertido,,0.0,Moderado,Bosnia and Herzegovina
223151,Orgânico,2025-01-29,Não Convertido,,0.0,Moderado,Saudi Arabia
223152,Instagram,2025-01-30,Não Convertido,,0.0,Desconhecido,Christmas Island
223153,TikTok,2025-01-28,Não Convertido,,0.0,Conservador,Austria
223154,TikTok,2025-02-01,Não Convertido,,0.0,Agressivo,Mauritius
223155,TikTok,2025-01-29,Não Convertido,,0.0,Conservador,Libyan Arab Jamahiriya
223156,TikTok,2025-01-27,Não Convertido,,0.0,Moderado,Afghanistan
223157,Indicação,2025-01-29,Não Convertido,,0.0,Desconhecido,Saint Helena
223158,Instagram,2025-01-28,Não Convertido,,0.0,Moderado,Saudi Arabia
223159,TikTok,2025-01-27,Não Convertido,,0.0,Agressivo,Latvia
223160,Instagram,2025-01-30,Não Convertido,,0.0,Moderado,Syrian Arab Republic
223161,Orgânico,2025-01-31,Não Convertido,,0.0,Moderado,Peru
223162,Indicação,2025-01-30,Não Convertido,,0.0,Conservador,Tajikistan
223163,Indicação,2025-02-01,Convertido,20.0,6089.7,Desconhecido,Guernsey
223164,Indicação,2025-01-29,Não Convertido,,0.0,Conservador,Montserrat
223165,TikTok,2025-01-27,Não Convertido,,0.0,Conservador,Pakistan
223166,Orgânico,2025-01-28,Não Convertido,,0.0,Conservador,Indonesia
223167,Facebook,2025-01-28,Não Convertido,,0.0,Agressivo,Antigua and Barbuda
223168,Google Ads,2025-02-01,Não Convertido,,0.0,Conservador,Western Sahara
223169,Indicação,2025-01-28,Não Convertido,,0.0,Agressivo,Canada
223170,TikTok,2025-01-30,Não Convertido,,0.0,Moderado,Namibia
223171,TikTok,2025-02-01,Não Convertido,,0.0,Moderado,Turkey
223172,Google Ads,2025-01-27,Não Convertido,,0.0,Conservador,Maldives
223173,Orgânico,2025-01-29,Não Convertido,,0.0,Conservador,Pakistan
223174,E-mail Marketing,2025-01-30,Não Convertido,,0.0,Conservador,Czech Republic
223175,Orgânico,2025-01-30,Não Convertido,,0.0,Moderado,Morocco
223176,YouTube Ads,2025-01-28,Convertido,19.0,9034.78,Agressivo,Mali
223177,Facebook,2025-01-28,Não Convertido,,0.0,Moderado,Bahamas
223178,Orgânico,2025-01-30,Não Convertido,,0.0,Agressivo,Tonga
223179,TikTok,2025-01-29,Não Convertido,,0.0,Agressivo,Turks and Caicos Islands
223180,TikTok,2025-01-28,Não Convertido,,0.0,Conservador,Tajikistan
223181,TikTok,2025-01-28,Não Convertido,,0.0,Desconhecido,Solomon Islands
223182,Instagram,2025-02-01,Não Convertido,,0.0,Moderado,Panama
223183,TikTok,2025-01-31,Não Convertido,,0.0,Moderado,United Kingdom
223184,Instagram,2025-01-28,Não Convertido,,0.0,Moderado,Jamaica
223185,Orgânico,2025-01-29,Não Convertido,,0.0,Desconhecido,Puerto Rico
223186,Instagram,2025-01-31,Não Convertido,,0.0,Agressivo,Guadeloupe
223187,TikTok,2025-01-31,Convertido,7.0,1713.61,Agressivo,Trinidad and Tobago
223188,Instagram,2025-01-31,Não Convertido,,0.0,Conservador,Saint Lucia
223189,Orgânico,2025-01-31,Não Convertido,,0.0,Moderado,China
223190,TikTok,2025-01-28,Convertido,23.0,3291.35,Agressivo,Nigeria
223191,YouTube Ads,2025-02-01,Não Convertido,,0.0,Agressivo,United Kingdom
223192,Orgânico,2025-01-30,Não Convertido,,0.0,Desconhecido,Chad
223193,Orgânico,2025-01-29,Não Convertido,,0.0,Moderado,Peru
223194,Facebook,2025-01-30,Não Convertido,,0.0,Moderado,Bahrain
223195,TikTok,2025-01-27,Não Convertido,,0.0,Agressivo,Lithuania
223196,TikTok,2025-01-30,Não Convertido,,0.0,Moderado,Martinique
223197,E-mail Marketing,2025-01-31,Não Convertido,,0.0,Agressivo,India
223198,E-mail Marketing,2025-02-01,Não Convertido,,0.0,Moderado,Austria
223199,Orgânico,2025-01-31,Não Convertido,,0.0,Moderado,Angola
223200,Google Ads,2025-01-28,Não Convertido,,0.0,Agressivo,Slovenia
223201,E-mail Marketing,2025-01-31,Não Convertido,,0.0,Conservador,Faroe Islands
223202,Google Ads,2025-01-27,Não Convertido,,0.0,Moderado,Thailand
223203,Orgânico,2025-01-29,Não Convertido,,0.0,Agressivo,Congo
223204,E-mail Marketing,2025-01-30,Não Convertido,,0.0,Agressivo,Christmas Island
223205,E-mail Marketing,2025-01-29,Não Convertido,,0.0,Agressivo,Burkina Faso
223206,WhatsApp,2025-01-31,Não Convertido,,0.0,Agressivo,Fiji
223207,TikTok,2025-01-28,Não Convertido,,0.0,Moderado,Saint Lucia
223208,Orgânico,2025-01-31,Não Convertido,,0.0,Moderado,Latvia
223209,TikTok,2025-01-29,Não Convertido,,0.0,Conservador,Kyrgyz Republic
223210,Orgânico,2025-02-01,Não Convertido,,0.0,Moderado,Saint Martin
223211,E-mail Marketing,2025-01-30,Não Convertido,,0.0,Agressivo,Tuvalu
223212,TikTok,2025-01-28,Não Convertido,,0.0,Conservador,Sudan
223213,TikTok,2025-01-30,Não Convertido,,0.0,Moderado,Russian Federation
223214,YouTube Ads,2025-01-29,Não Convertido,,0.0,Conservador,Svalbard & Jan Mayen Islands
223215,Google Ads,2025-01-30,Não Convertido,,0.0,Moderado,Suriname
223216,Facebook,2025-01-31,Não Convertido,,0.0,Conservador,Guadeloupe
223217,E-mail Marketing,2025-01-30,Não Convertido,,0.0,Agressivo,Iceland
223218,Google Ads,2025-01-31,Não Convertido,,0.0,Moderado,Egypt
223219,Instagram,2025-02-01,Não Convertido,,0.0,Desconhecido,Iceland
223220,Facebook,2025-01-29,Não Convertido,,0.0,Moderado,French Southern Territories
223221,Instagram,2025-02-01,Não Convertido,,0.0,Moderado,Suriname
223222,Google Ads,2025-01-28,Não Convertido,,0.0,Conservador,Lesotho
223223,Indicação,2025-01-29,Não Convertido,,0.0,Moderado,Kazakhstan
223224,Google Ads,2025-01-28,Não Convertido,,0.0,Agressivo,Malawi
223225,E-mail Marketing,2025-01-31,Não Convertido,,0.0,Agressivo,Uruguay
223226,Orgânico,2025-02-01,Não Convertido,,0.0,Moderado,Cuba
223227,Orgânico,2025-01-31,Não Convertido,,0.0,Moderado,American Samoa
223228,TikTok,2025-01-28,Não Convertido,,0.0,Agressivo,Switzerland
223229,Google Ads,2025-01-31,Não Convertido,,0.0,Agressivo,Isle of Man
223230,E-mail Marketing,2025-01-27,Não Convertido,,0.0,Desconhecido,Palestinian Territory
223231,E-mail Marketing,2025-01-29,Não Convertido,,0.0,Moderado,Bolivia
223232,Google Ads,2025-02-01,Não Convertido,,0.0,Desconhecido,Chile
223233,Facebook,2025-02-01,Não Convertido,,0.0,Moderado,Croatia
223234,Instagram,2025-01-29,Não Convertido,,0.0,Moderado,Guatemala
223235,TikTok,2025-01-31,Não Convertido,,0.0,Desconhecido,Cape Verde
223236,TikTok,2025-01-31,Não Convertido,,0.0,Moderado,Guam
223237,E-mail Marketing,2025-01-31,Não Convertido,,0.0,Desconhecido,Zimbabwe
223238,Orgânico,2025-01-30,Não Convertido,,0.0,Moderado,Liechtenstein
223239,E-mail Marketing,2025-01-28,Não Convertido,,0.0,Conservador,Sri Lanka
223240,Instagram,2025-01-30,Não Convertido,,0.0,Agressivo,Martinique
223241,WhatsApp,2025-01-30,Não Convertido,,0.0,Agressivo,Honduras
223242,Google Ads,2025-02-01,Não Convertido,,0.0,Moderado,Ireland
223243,YouTube Ads,2025-01-30,Não Convertido,,0.0,Moderado,Comoros
223244,Orgânico,2025-01-30,Não Convertido,,0.0,Desconhecido,Slovenia
223245,Instagram,2025-01-29,Não Convertido,,0.0,Conservador,Liechtenstein
223246,Instagram,2025-01-31,Não Convertido,,0.0,Agressivo,Vietnam
223247,Orgânico,2025-01-29,Não Convertido,,0.0,Moderado,Sao Tome and Principe
223248,WhatsApp,2025-01-31,Não Convertido,,0.0,Agressivo,Peru
223249,E-mail Marketing,2025-01-30,Não Convertido,,0.0,Desconhecido,Honduras
223250,Google Ads,2025-02-01,Não Convertido,,0.0,Moderado,Azerbaijan
223251,Orgânico,2025-02-01,Não Convertido,,0.0,Conservador,Belgium
223252,Indicação,2025-01-31,Não Convertido,,0.0,Agressivo,Central African Republic
223253,Orgânico,2025-02-01,Não Convertido,,0.0,Conservador,Belarus
223254,Orgânico,2025-02-01,Não Convertido,,0.0,Agressivo,Ghana
223255,YouTube Ads,2025-01-30,Não Convertido,,0.0,Desconhecido,Puerto Rico
223256,TikTok,2025-02-01,Não Convertido,,0.0,Moderado,China
223257,Orgânico,2025-01-30,Não Convertido,,0.0,Agressivo,Czech Republic
223258,Instagram,2025-01-31,Não Convertido,,0.0,Agressivo,Djibouti
223259,E-mail Marketing,2025-01-30,Não Convertido,,0.0,Moderado,Latvia
223260,TikTok,2025-01-27,Não Convertido,,0.0,Conservador,Syrian Arab Republic
223261,Facebook,2025-02-01,Não Convertido,,0.0,Agressivo,Benin
223262,Orgânico,2025-02-01,Não Convertido,,0.0,Conservador,Spain
223263,Google Ads,2025-01-31,Não Convertido,,0.0,Agressivo,India
223264,Google Ads,2025-01-30,Não Convertido,,0.0,Desconhecido,Saint Kitts and Nevis
223265,E-mail Marketing,2025-02-01,Não Convertido,,0.0,Conservador,Denmark
223266,TikTok,2025-01-29,Não Convertido,,0.0,Desconhecido,Cayman Islands
223267,Orgânico,2025-01-30,Não Convertido,,0.0,Agressivo,Bahamas
223268,TikTok,2025-01-27,Não Convertido,,0.0,Conservador,Moldova
223269,Facebook,2025-02-01,Não Convertido,,0.0,Moderado,Chad
223270,TikTok,2025-01-27,Não Convertido,,0.0,Moderado,Jersey
223271,Orgânico,2025-02-01,Não Convertido,,0.0,Moderado,Kenya
223272,Indicação,2025-01-29,Não Convertido,,0.0,Moderado,Guyana
223273,WhatsApp,2025-02-01,Não Convertido,,0.0,Agressivo,Tajikistan
223274,Google Ads,2025-02-01,Não Convertido,,0.0,Agressivo,Uruguay
223275,TikTok,2025-02-01,Convertido,22.0,6484.38,Moderado,Egypt
223276,Orgânico,2025-01-29,Não Convertido,,0.0,Agressivo,American Samoa
223277,Facebook,2025-01-28,Não Convertido,,0.0,Agressivo,French Polynesia
223278,WhatsApp,2025-01-28,Não Convertido,,0.0,Moderado,Thailand
223279,E-mail Marketing,2025-01-30,Convertido,3.0,4028.75,Conservador,Mauritius
223280,Indicação,2025-01-27,Não Convertido,,0.0,Desconhecido,Brazil
223281,Instagram,2025-01-27,Não Convertido,,0.0,Conservador,Lebanon
223282,TikTok,2025-01-29,Não Convertido,,0.0,Agressivo,Australia
223283,TikTok,2025-01-30,Não Convertido,,0.0,Agressivo,British Indian Ocean Territory (Chagos Archipelago)
223284,TikTok,2025-01-30,Não Convertido,,0.0,Agressivo,Chile
223285,TikTok,2025-02-01,Convertido,21.0,2676.35,Conservador,Japan
223286,Instagram,2025-01-29,Não Convertido,,0.0,Moderado,Rwanda
223287,Facebook,2025-01-31,Não Convertido,,0.0,Agressivo,Iran
223288,YouTube Ads,2025-01-30,Não Convertido,,0.0,Agressivo,Burundi
223289,TikTok,2025-01-31,Não Convertido,,0.0,Moderado,New Caledonia
223290,TikTok,2025-01-29,Não Convertido,,0.0,Agressivo,Jamaica
223291,TikTok,2025-01-28,Não Convertido,,0.0,Moderado,British Indian Ocean Territory (Chagos Archipelago)
223292,E-mail Marketing,2025-01-31,Não Convertido,,0.0,Agressivo,Iraq
223293,YouTube Ads,2025-01-31,Não Convertido,,0.0,Agressivo,Korea
223294,Facebook,2025-01-29,Não Convertido,,0.0,Desconhecido,Lao People's Democratic Republic
223295,WhatsApp,2025-02-01,Não Convertido,,0.0,Desconhecido,Tajikistan
223296,Google Ads,2025-01-31,Não Convertido,,0.0,Moderado,Equatorial Guinea
223297,TikTok,2025-01-30,Não Convertido,,0.0,Moderado,Finland
223298,Facebook,2025-01-29,Convertido,4.0,6945.28,Moderado,United States Minor Outlying Islands
223299,TikTok,2025-01-28,Não Convertido,,0.0,Conservador,Taiwan
223300,E-mail Marketing,2025-01-30,Não Convertido,,0.0,Moderado,Greenland
223301,E-mail Marketing,2025-01-28,Não Convertido,,0.0,Conservador,French Guiana
223302,Google Ads,2025-01-30,Não Convertido,,0.0,Agressivo,Reunion
223303,Facebook,2025-01-30,Não Convertido,,0.0,Desconhecido,Bosnia and Herzegovina
223304,Facebook,2025-02-01,Não Convertido,,0.0,Moderado,Senegal
223305,E-mail Marketing,2025-02-01,Não Convertido,,0.0,Moderado,Saint Helena
223306,E-mail Marketing,2025-01-28,Não Convertido,,0.0,Moderado,Malta
223307,E-mail Marketing,2025-01-27,Não Convertido,,0.0,Conservador,Saint Kitts and Nevis
223308,WhatsApp,2025-01-30,Não Convertido,,0.0,Agressivo,Bahrain
223309,Google Ads,2025-01-31,Não Convertido,,0.0,Moderado,Tokelau
223310,WhatsApp,2025-01-29,Não Convertido,,0.0,Moderado,Finland
223311,TikTok,2025-01-31,Não Convertido,,0.0,Agressivo,Guam
223312,YouTube Ads,2025-01-31,Não Convertido,,0.0,Moderado,Guinea
223313,E-mail Marketing,2025-01-28,Não Convertido,,0.0,Conservador,Mauritius
223314,TikTok,2025-01-27,Não Convertido,,0.0,Desconhecido,Malaysia
223315,TikTok,2025-01-28,Não Convertido,,0.0,Moderado,Oman
223316,Facebook,2025-01-27,Não Convertido,,0.0,Moderado,Saint Kitts and Nevis
223317,Orgânico,2025-02-01,Não Convertido,,0.0,Moderado,Libyan Arab Jamahiriya
223318,Google Ads,2025-01-27,Convertido,11.0,571.21,Conservador,Romania
223319,YouTube Ads,2025-02-01,Não Convertido,,0.0,Agressivo,Saint Helena
223320,Facebook,2025-01-31,Não Convertido,,0.0,Conservador,Uruguay
223321,Orgânico,2025-01-29,Não Convertido,,0.0,Agressivo,Isle of Man
223322,Instagram,2025-01-27,Não Convertido,,0.0,Conservador,Burundi
223323,Instagram,2025-01-30,Não Convertido,,0.0,Moderado,Belarus
223324,WhatsApp,2025-01-28,Não Convertido,,0.0,Moderado,Central African Republic
223325,Facebook,2025-01-29,Não Convertido,,0.0,Moderado,Mali
223326,Google Ads,2025-01-31,Não Convertido,,0.0,Desconhecido,Mongolia
223327,Indicação,2025-01-31,Não Convertido,,0.0,Conservador,Angola
223328,YouTube Ads,2025-01-28,Não Convertido,,0.0,Moderado,Mali
223329,Google Ads,2025-02-01,Não Convertido,,0.0,Moderado,Western Sahara
223330,YouTube Ads,2025-01-27,Não Convertido,,0.0,Moderado,Peru
223331,TikTok,2025-01-27,Não Convertido,,0.0,Moderado,Svalbard & Jan Mayen Islands
223332,Google Ads,2025-01-31,Não Convertido,,0.0,Agressivo,Saudi Arabia
223333,Orgânico,2025-01-28,Não Convertido,,0.0,Moderado,Morocco
223334,TikTok,2025-01-29,Não Convertido,,0.0,Agressivo,Jamaica
223335,E-mail Marketing,2025-01-27,Não Convertido,,0.0,Desconhecido,Saint Pierre and Miquelon
223336,Indicação,2025-01-27,Não Convertido,,0.0,Agressivo,Netherlands Antilles
223337,TikTok,2025-01-29,Não Convertido,,0.0,Conservador,South Georgia and the South Sandwich Islands
223338,Orgânico,2025-01-30,Não Convertido,,0.0,Moderado,Brazil
223339,Facebook,2025-01-30,Não Convertido,,0.0,Agressivo,Suriname
223340,Facebook,2025-01-31,Não Convertido,,0.0,Moderado,Moldova
223341,TikTok,2025-01-27,Não Convertido,,0.0,Agressivo,Myanmar
223342,Orgânico,2025-01-31,Não Convertido,,0.0,Moderado,Wallis and Futuna
223343,Facebook,2025-01-29,Não Convertido,,0.0,Conservador,Myanmar
223344,YouTube Ads,2025-02-01,Não Convertido,,0.0,Agressivo,New Zealand
223345,Instagram,2025-01-28,Não Convertido,,0.0,Moderado,Malawi
223346,Instagram,2025-01-29,Não Convertido,,0.0,Conservador,Ecuador
223347,WhatsApp,2025-01-29,Não Convertido,,0.0,Moderado,Saudi Arabia
223348,Google Ads,2025-01-30,Não Convertido,,0.0,Moderado,Northern Mariana Islands
223349,Instagram,2025-01-30,Não Convertido,,0.0,Moderado,Mozambique
223350,Instagram,2025-02-01,Convertido,18.0,4056.77,Agressivo,Mauritius
223351,TikTok,2025-01-28,Não Convertido,,0.0,Moderado,Canada
223352,WhatsApp,2025-02-01,Não Convertido,,0.0,Conservador,Costa Rica
223353,E-mail Marketing,2025-01-30,Não Convertido,,0.0,Agressivo,Romania
223354,Orgânico,2025-01-27,Não Convertido,,0.0,Agressivo,Ukraine
223355,TikTok,2025-01-28,Não Convertido,,0.0,Desconhecido,Brunei Darussalam
223356,Instagram,2025-01-30,Não Convertido,,0.0,Conservador,Kenya
223357,Orgânico,2025-01-27,Não Convertido,,0.0,Moderado,Germany
223358,Google Ads,2025-01-29,Não Convertido,,0.0,Agressivo,Burkina Faso
223359,Instagram,2025-02-01,Não Convertido,,0.0,Agressivo,Palestinian Territory
223360,WhatsApp,2025-01-31,Não Convertido,,0.0,Agressivo,Latvia
223361,TikTok,2025-01-31,Não Convertido,,0.0,Agressivo,Mozambique
223362,Instagram,2025-01-27,Não Convertido,,0.0,Agressivo,Papua New Guinea
223363,WhatsApp,2025-01-28,Não Convertido,,0.0,Conservador,American Samoa
223364,Google Ads,2025-01-31,Não Convertido,,0.0,Moderado,Pakistan
223365,YouTube Ads,2025-01-27,Não Convertido,,0.0,Agressivo,Dominican Republic
223366,WhatsApp,2025-01-28,Não Convertido,,0.0,Moderado,Palau
223367,Orgânico,2025-01-28,Não Convertido,,0.0,Agressivo,Poland
223368,WhatsApp,2025-01-29,Não Convertido,,0.0,Desconhecido,Iceland
223369,Google Ads,2025-02-01,Não Convertido,,0.0,Agressivo,Slovenia
223370,Instagram,2025-01-28,Não Convertido,,0.0,Moderado,Armenia
223371,Google Ads,2025-01-27,Não Convertido,,0.0,Moderado,Cameroon
223372,E-mail Marketing,2025-02-01,Não Convertido,,0.0,Moderado,Yemen
223373,Instagram,2025-01-28,Não Convertido,,0.0,Conservador,Haiti
223374,Orgânico,2025-01-28,Não Convertido,,0.0,Moderado,Cuba
223375,E-mail Marketing,2025-01-30,Não Convertido,,0.0,Conservador,Maldives
223376,Instagram,2025-01-27,Não Convertido,,0.0,Moderado,Italy
223377,Facebook,2025-01-29,Não Convertido,,0.0,Moderado,Israel
223378,Google Ads,2025-01-29,Não Convertido,,0.0,Moderado,Timor-Leste
223379,Instagram,2025-01-28,Não Convertido,,0.0,Agressivo,Guam
223380,WhatsApp,2025-02-01,Não Convertido,,0.0,Moderado,Ethiopia
223381,WhatsApp,2025-01-31,Não Convertido,,0.0,Conservador,Libyan Arab Jamahiriya
223382,E-mail Marketing,2025-02-01,Não Convertido,,0.0,Desconhecido,Vietnam
223383,TikTok,2025-01-28,Não Convertido,,0.0,Desconhecido,Gambia
223384,Orgânico,2025-01-28,Não Convertido,,0.0,Agressivo,Somalia
223385,WhatsApp,2025-01-30,Não Convertido,,0.0,Agressivo,Morocco
223386,Google Ads,2025-01-27,Não Convertido,,0.0,Agressivo,Kiribati
223387,Indicação,2025-01-31,Não Convertido,,0.0,Agressivo,Grenada
223388,Instagram,2025-01-27,Não Convertido,,0.0,Moderado,Lao People's Democratic Republic
223389,Instagram,2025-02-01,Não Convertido,,0.0,Agressivo,Northern Mariana Islands
223390,Indicação,2025-01-28,Convertido,20.0,3613.21,Moderado,Italy
223391,WhatsApp,2025-01-30,Não Convertido,,0.0,Moderado,Somalia
223392,YouTube Ads,2025-01-27,Não Convertido,,0.0,Moderado,Portugal
223393,E-mail Marketing,2025-01-28,Não Convertido,,0.0,Moderado,Kiribati
223394,WhatsApp,2025-01-28,Não Convertido,,0.0,Desconhecido,Niue
223395,Orgânico,2025-01-30,Não Convertido,,0.0,Conservador,Thailand
223396,Google Ads,2025-01-31,Não Convertido,,0.0,Conservador,Lithuania
223397,Google Ads,2025-02-01,Não Convertido,,0.0,Moderado,Costa Rica
223398,Instagram,2025-01-31,Não Convertido,,0.0,Conservador,Greenland
223399,WhatsApp,2025-01-31,Não Convertido,,0.0,Agressivo,Svalbard & Jan Mayen Islands
223400,Instagram,2025-01-28,Não Convertido,,0.0,Agressivo,Angola
223401,Facebook,2025-02-01,Não Convertido,,0.0,Conservador,Bermuda
223402,YouTube Ads,2025-01-27,Não Convertido,,0.0,Moderado,Martinique
223403,TikTok,2025-01-29,Não Convertido,,0.0,Moderado,Gambia
223404,Orgânico,2025-01-30,Não Convertido,,0.0,Agressivo,Taiwan
223405,Facebook,2025-01-30,Não Convertido,,0.0,Agressivo,Algeria
223406,Facebook,2025-02-01,Não Convertido,,0.0,Desconhecido,United States Virgin Islands
223407,TikTok,2025-01-27,Não Convertido,,0.0,Desconhecido,Japan
223408,Facebook,2025-01-27,Não Convertido,,0.0,Agressivo,Falkland Islands (Malvinas)
223409,Orgânico,2025-01-31,Não Convertido,,0.0,Desconhecido,Sweden
223410,Instagram,2025-02-01,Não Convertido,,0.0,Moderado,Aruba
223411,Instagram,2025-01-27,Não Convertido,,0.0,Moderado,Peru
223412,Orgânico,2025-01-27,Não Convertido,,0.0,Conservador,Antigua and Barbuda
223413,YouTube Ads,2025-01-30,Não Convertido,,0.0,Agressivo,Namibia
223414,E-mail Marketing,2025-01-31,Não Convertido,,0.0,Desconhecido,Nigeria
223415,Instagram,2025-01-28,Não Convertido,,0.0,Conservador,Svalbard & Jan Mayen Islands
223416,Indicação,2025-02-01,Não Convertido,,0.0,Desconhecido,Western Sahara
223417,TikTok,2025-01-29,Não Convertido,,0.0,Moderado,Estonia
223418,Google Ads,2025-01-29,Não Convertido,,0.0,Moderado,Marshall Islands
223419,WhatsApp,2025-01-31,Não Convertido,,0.0,Moderado,Montenegro
223420,Google Ads,2025-01-28,Não Convertido,,0.0,Agressivo,Azerbaijan
223421,WhatsApp,2025-01-27,Não Convertido,,0.0,Moderado,Norfolk Island
223422,Instagram,2025-01-30,Não Convertido,,0.0,Moderado,Papua New Guinea
223423,Orgânico,2025-02-01,Não Convertido,,0.0,Conservador,Gambia
223424,TikTok,2025-01-31,Convertido,23.0,9567.85,Conservador,Gibraltar
223425,WhatsApp,2025-01-28,Não Convertido,,0.0,Moderado,Azerbaijan
223426,YouTube Ads,2025-01-28,Não Convertido,,0.0,Moderado,Zimbabwe
223427,Indicação,2025-02-01,Convertido,14.0,392.08,Moderado,Mexico
223428,WhatsApp,2025-02-01,Não Convertido,,0.0,Conservador,Pakistan
223429,E-mail Marketing,2025-01-28,Não Convertido,,0.0,Conservador,Puerto Rico
223430,TikTok,2025-01-28,Não Convertido,,0.0,Desconhecido,Aruba
223431,WhatsApp,2025-01-27,Não Convertido,,0.0,Moderado,Japan
223432,YouTube Ads,2025-01-30,Não Convertido,,0.0,Conservador,Zimbabwe
223433,Orgânico,2025-02-01,Não Convertido,,0.0,Moderado,Syrian Arab Republic
223434,E-mail Marketing,2025-01-30,Não Convertido,,0.0,Agressivo,Korea
223435,TikTok,2025-01-27,Não Convertido,,0.0,Moderado,Netherlands Antilles
223436,WhatsApp,2025-01-28,Não Convertido,,0.0,Moderado,Somalia
223437,Facebook,2025-01-29,Não Convertido,,0.0,Agressivo,Cocos (Keeling) Islands
223438,TikTok,2025-01-29,Não Convertido,,0.0,Moderado,Turks and Caicos Islands
223439,Orgânico,2025-01-31,Não Convertido,,0.0,Agressivo,Micronesia
223440,Orgânico,2025-01-27,Não Convertido,,0.0,Agressivo,Anguilla
223441,Orgânico,2025-01-30,Não Convertido,,0.0,Desconhecido,South Africa
223442,E-mail Marketing,2025-02-01,Não Convertido,,0.0,Agressivo,Comoros
223443,E-mail Marketing,2025-01-29,Não Convertido,,0.0,Moderado,Guinea
223444,TikTok,2025-01-27,Não Convertido,,0.0,Desconhecido,Norfolk Island
223445,TikTok,2025-01-29,Não Convertido,,0.0,Moderado,Cape Verde
223446,Instagram,2025-01-30,Não Convertido,,0.0,Desconhecido,Nicaragua
223447,TikTok,2025-02-01,Não Convertido,,0.0,Moderado,Ecuador
223448,TikTok,2025-01-29,Não Convertido,,0.0,Moderado,Palestinian Territory
223449,WhatsApp,2025-01-30,Não Convertido,,0.0,Moderado,Latvia
223450,TikTok,2025-02-01,Não Convertido,,0.0,Agressivo,Swaziland
223451,Orgânico,2025-02-01,Não Convertido,,0.0,Agressivo,Central African Republic
223452,Instagram,2025-01-28,Não Convertido,,0.0,Agressivo,Northern Mariana Islands
223453,Orgânico,2025-01-31,Não Convertido,,0.0,Moderado,Greenland
223454,Instagram,2025-01-30,Não Convertido,,0.0,Moderado,Libyan Arab Jamahiriya
223455,Instagram,2025-01-27,Não Convertido,,0.0,Desconhecido,Belize
223456,E-mail Marketing,2025-01-27,Não Convertido,,0.0,Conservador,Guinea
223457,TikTok,2025-01-28,Convertido,19.0,3086.52,Desconhecido,Burundi
223458,WhatsApp,2025-01-31,Não Convertido,,0.0,Moderado,Bouvet Island (Bouvetoya)
223459,E-mail Marketing,2025-02-01,Não Convertido,,0.0,Agressivo,Qatar
223460,Orgânico,2025-01-27,Não Convertido,,0.0,Moderado,Singapore
223461,WhatsApp,2025-02-01,Não Convertido,,0.0,Agressivo,Cote d'Ivoire
223462,Instagram,2025-01-29,Não Convertido,,0.0,Moderado,Malawi
223463,E-mail Marketing,2025-01-28,Não Convertido,,0.0,Conservador,Cocos (Keeling) Islands
223464,Orgânico,2025-02-01,Não Convertido,,0.0,Moderado,Seychelles
223465,E-mail Marketing,2025-02-01,Não Convertido,,0.0,Desconhecido,Rwanda
223466,Indicação,2025-01-27,Não Convertido,,0.0,Conservador,Central African Republic
223467,WhatsApp,2025-02-01,Não Convertido,,0.0,Agressivo,Cuba
223468,Google Ads,2025-01-31,Não Convertido,,0.0,Moderado,Christmas Island
223469,Orgânico,2025-01-30,Não Convertido,,0.0,Conservador,Palestinian Territory
223470,Facebook,2025-01-27,Não Convertido,,0.0,Conservador,Pakistan
223471,Orgânico,2025-01-31,Não Convertido,,0.0,Moderado,Mauritius
223472,Orgânico,2025-02-01,Não Convertido,,0.0,Moderado,Samoa
223473,TikTok,2025-02-01,Não Convertido,,0.0,Moderado,South Georgia and the South Sandwich Islands
223474,Instagram,2025-01-30,Não Convertido,,0.0,Desconhecido,Cote d'Ivoire
223475,TikTok,2025-01-28,Não Convertido,,0.0,Conservador,Indonesia
223476,Instagram,2025-01-27,Não Convertido,,0.0,Agressivo,Switzerland
223477,Facebook,2025-01-28,Não Convertido,,0.0,Moderado,Chad
223478,Facebook,2025-01-27,Não Convertido,,0.0,Agressivo,Lesotho
223479,Orgânico,2025-02-01,Não Convertido,,0.0,Moderado,Hong Kong
223480,WhatsApp,2025-01-30,Não Convertido,,0.0,Agressivo,Burundi
223481,WhatsApp,2025-01-30,Não Convertido,,0.0,Conservador,Liechtenstein
223482,Orgânico,2025-01-27,Não Convertido,,0.0,Conservador,Iceland
223483,WhatsApp,2025-01-27,Não Convertido,,0.0,Agressivo,Niger
223484,Google Ads,2025-01-31,Não Convertido,,0.0,Moderado,Heard Island and McDonald Islands
223485,E-mail Marketing,2025-01-30,Não Convertido,,0.0,Conservador,Bolivia
223486,Indicação,2025-01-27,Não Convertido,,0.0,Moderado,Northern Mariana Islands
223487,Google Ads,2025-01-29,Não Convertido,,0.0,Agressivo,Heard Island and McDonald Islands
223488,TikTok,2025-01-30,Não Convertido,,0.0,Moderado,Azerbaijan
223489,Google Ads,2025-01-31,Não Convertido,,0.0,Agressivo,Egypt
223490,Google Ads,2025-01-31,Não Convertido,,0.0,Agressivo,Turkmenistan
223491,WhatsApp,2025-01-27,Convertido,3.0,5809.13,Moderado,Russian Federation
223492,Orgânico,2025-02-01,Não Convertido,,0.0,Agressivo,Saint Barthelemy
223493,Facebook,2025-01-29,Não Convertido,,0.0,Moderado,Slovakia (Slovak Republic)
223494,Orgânico,2025-01-30,Não Convertido,,0.0,Moderado,Ukraine
223495,TikTok,2025-01-31,Não Convertido,,0.0,Moderado,Chile
223496,Google Ads,2025-01-27,Não Convertido,,0.0,Moderado,Svalbard & Jan Mayen Islands
223497,Facebook,2025-01-27,Não Convertido,,0.0,Moderado,Turkmenistan
223498,Google Ads,2025-02-01,Não Convertido,,0.0,Conservador,British Indian Ocean Territory (Chagos Archipelago)
223499,Orgânico,2025-02-01,Não Convertido,,0.0,Moderado,Saint Helena
223500,Indicação,2025-01-28,Não Convertido,,0.0,Agressivo,Heard Island and McDonald Islands
223501,E-mail Marketing,2025-01-30,Não Convertido,,0.0,Moderado,Bolivia
223502,TikTok,2025-01-28,Não Convertido,,0.0,Moderado,Saint Martin
223503,E-mail Marketing,2025-02-01,Não Convertido,,0.0,Moderado,Gambia
223504,Google Ads,2025-01-27,Não Convertido,,0.0,Moderado,Algeria
223505,Orgânico,2025-01-28,Não Convertido,,0.0,Conservador,Nepal
223506,WhatsApp,2025-01-27,Não Convertido,,0.0,Moderado,Bhutan
223507,Facebook,2025-01-28,Não Convertido,,0.0,Agressivo,Serbia
223508,Facebook,2025-01-31,Não Convertido,,0.0,Moderado,Cuba
223509,E-mail Marketing,2025-01-27,Não Convertido,,0.0,Agressivo,Marshall Islands
223510,E-mail Marketing,2025-02-01,Não Convertido,,0.0,Agressivo,Pitcairn Islands
223511,Instagram,2025-01-31,Não Convertido,,0.0,Moderado,South Georgia and the South Sandwich Islands
223512,Google Ads,2025-01-27,Não Convertido,,0.0,Moderado,Malta
223513,E-mail Marketing,2025-01-27,Não Convertido,,0.0,Conservador,Nepal
223514,Orgânico,2025-02-01,Não Convertido,,0.0,Agressivo,Albania
223515,WhatsApp,2025-01-30,Não Convertido,,0.0,Moderado,Hungary
223516,E-mail Marketing,2025-01-31,Não Convertido,,0.0,Desconhecido,Paraguay
223517,Orgânico,2025-01-29,Não Convertido,,0.0,Conservador,Malawi
223518,Instagram,2025-01-30,Não Convertido,,0.0,Agressivo,Guatemala
223519,TikTok,2025-02-01,Convertido,27.0,4591.21,Desconhecido,Bahamas
223520,YouTube Ads,2025-01-28,Não Convertido,,0.0,Conservador,Benin
223521,E-mail Marketing,2025-01-31,Não Convertido,,0.0,Agressivo,Angola
223522,Indicação,2025-02-01,Não Convertido,,0.0,Moderado,Trinidad and Tobago
223523,Google Ads,2025-01-28,Não Convertido,,0.0,Conservador,Micronesia
223524,E-mail Marketing,2025-01-30,Convertido,12.0,737.66,Conservador,Saint Pierre and Miquelon
223525,YouTube Ads,2025-01-27,Não Convertido,,0.0,Agressivo,American Samoa
223526,Orgânico,2025-01-28,Não Convertido,,0.0,Conservador,Kenya
223527,Orgânico,2025-01-28,Não Convertido,,0.0,Moderado,Wallis and Futuna
223528,TikTok,2025-01-28,Não Convertido,,0.0,Moderado,Pitcairn Islands
223529,YouTube Ads,2025-02-01,Não Convertido,,0.0,Agressivo,Russian Federation
223530,TikTok,2025-02-01,Não Convertido,,0.0,Conservador,Libyan Arab Jamahiriya
223531,Orgânico,2025-01-28,Convertido,19.0,7329.31,Moderado,Madagascar
223532,Orgânico,2025-01-31,Não Convertido,,0.0,Moderado,Lesotho
223533,TikTok,2025-02-01,Não Convertido,,0.0,Moderado,Puerto Rico
223534,Instagram,2025-01-28,Não Convertido,,0.0,Moderado,Greece
223535,Orgânico,2025-01-28,Não Convertido,,0.0,Moderado,Colombia
223536,Orgânico,2025-01-27,Não Convertido,,0.0,Agressivo,Guam
223537,Instagram,2025-01-29,Não Convertido,,0.0,Moderado,Hungary
223538,Facebook,2025-01-31,Não Convertido,,0.0,Desconhecido,Holy See (Vatican City State)
223539,E-mail Marketing,2025-01-28,Não Convertido,,0.0,Moderado,Venezuela
223540,TikTok,2025-01-27,Não Convertido,,0.0,Agressivo,Bouvet Island (Bouvetoya)
223541,Orgânico,2025-01-29,Não Convertido,,0.0,Agressivo,Jamaica
223542,E-mail Marketing,2025-01-28,Não Convertido,,0.0,Agressivo,Saudi Arabia
223543,Orgânico,2025-01-27,Não Convertido,,0.0,Desconhecido,Armenia
223544,E-mail Marketing,2025-01-31,Não Convertido,,0.0,Moderado,Mongolia
223545,Indicação,2025-01-29,Não Convertido,,0.0,Agressivo,Cambodia
223546,Instagram,2025-01-29,Não Convertido,,0.0,Conservador,Korea
223547,Instagram,2025-01-29,Não Convertido,,0.0,Desconhecido,Cook Islands
223548,E-mail Marketing,2025-01-28,Não Convertido,,0.0,Agressivo,Maldives
223549,Orgânico,2025-01-28,Não Convertido,,0.0,Moderado,Iran
223550,YouTube Ads,2025-02-01,Não Convertido,,0.0,Conservador,Botswana
223551,WhatsApp,2025-01-29,Não Convertido,,0.0,Agressivo,Swaziland
223552,Instagram,2025-01-27,Não Convertido,,0.0,Conservador,Mayotte
223553,TikTok,2025-01-27,Convertido,18.0,9579.88,Moderado,Niger
223554,Instagram,2025-01-30,Convertido,27.0,292.91,Agressivo,Comoros
223555,Google Ads,2025-01-30,Não Convertido,,0.0,Conservador,Cambodia
223556,Indicação,2025-01-28,Convertido,30.0,6303.74,Agressivo,Mauritius
223557,Google Ads,2025-01-29,Não Convertido,,0.0,Agressivo,Cameroon
223558,Orgânico,2025-01-31,Não Convertido,,0.0,Moderado,Kazakhstan
223559,Instagram,2025-02-01,Não Convertido,,0.0,Agressivo,Iceland
223560,TikTok,2025-01-31,Não Convertido,,0.0,Conservador,Tokelau
223561,E-mail Marketing,2025-01-28,Não Convertido,,0.0,Desconhecido,Palau
223562,Orgânico,2025-01-28,Não Convertido,,0.0,Conservador,Estonia
223563,Facebook,2025-01-27,Não Convertido,,0.0,Conservador,Benin
223564,E-mail Marketing,2025-01-28,Não Convertido,,0.0,Agressivo,Tonga
223565,Indicação,2025-01-30,Não Convertido,,0.0,Moderado,Zimbabwe
223566,YouTube Ads,2025-01-29,Não Convertido,,0.0,Moderado,Macao
223567,Facebook,2025-02-01,Não Convertido,,0.0,Agressivo,Saudi Arabia
223568,TikTok,2025-01-27,Não Convertido,,0.0,Agressivo,United States Minor Outlying Islands
223569,E-mail Marketing,2025-01-28,Não Convertido,,0.0,Agressivo,Tajikistan
223570,Orgânico,2025-01-31,Convertido,27.0,4801.9,Agressivo,Bahrain
223571,YouTube Ads,2025-02-01,Não Convertido,,0.0,Moderado,Sierra Leone
223572,Instagram,2025-01-29,Não Convertido,,0.0,Conservador,Niue
223573,Google Ads,2025-01-27,Não Convertido,,0.0,Agressivo,Vietnam
223574,Orgânico,2025-01-29,Não Convertido,,0.0,Desconhecido,Sao Tome and Principe
223575,E-mail Marketing,2025-02-01,Não Convertido,,0.0,Agressivo,Mauritius
223576,E-mail Marketing,2025-01-28,Não Convertido,,0.0,Desconhecido,Panama
223577,E-mail Marketing,2025-01-27,Não Convertido,,0.0,Moderado,Mauritania
223578,Google Ads,2025-01-31,Não Convertido,,0.0,Moderado,Norfolk Island
223579,Indicação,2025-01-30,Não Convertido,,0.0,Moderado,Andorra
223580,Orgânico,2025-01-31,Não Convertido,,0.0,Agressivo,Turkey
223581,Google Ads,2025-02-01,Não Convertido,,0.0,Moderado,Armenia
223582,Google Ads,2025-01-27,Não Convertido,,0.0,Agressivo,Nauru
223583,YouTube Ads,2025-01-31,Não Convertido,,0.0,Agressivo,Saint Pierre and Miquelon
223584,YouTube Ads,2025-01-27,Não Convertido,,0.0,Conservador,Chad
223585,Google Ads,2025-02-01,Não Convertido,,0.0,Moderado,Slovakia (Slovak Republic)
223586,Instagram,2025-01-30,Não Convertido,,0.0,Desconhecido,Czech Republic
223587,E-mail Marketing,2025-01-30,Não Convertido,,0.0,Conservador,Gibraltar
223588,Orgânico,2025-01-29,Não Convertido,,0.0,Agressivo,Saint Pierre and Miquelon
223589,Orgânico,2025-01-29,Não Convertido,,0.0,Moderado,Sao Tome and Principe
223590,Facebook,2025-01-28,Não Convertido,,0.0,Moderado,Rwanda
223591,Instagram,2025-01-28,Não Convertido,,0.0,Moderado,Latvia
223592,Orgânico,2025-01-28,Não Convertido,,0.0,Agressivo,Ecuador
223593,Facebook,2025-01-31,Não Convertido,,0.0,Moderado,Guadeloupe
223594,TikTok,2025-01-28,Não Convertido,,0.0,Conservador,Tonga
223595,Instagram,2025-01-29,Não Convertido,,0.0,Moderado,Palau
223596,TikTok,2025-01-31,Não Convertido,,0.0,Conservador,Switzerland
223597,TikTok,2025-02-01,Não Convertido,,0.0,Desconhecido,India
223598,YouTube Ads,2025-01-27,Não Convertido,,0.0,Moderado,India
223599,Google Ads,2025-01-30,Não Convertido,,0.0,Agressivo,Svalbard & Jan Mayen Islands
223600,TikTok,2025-01-27,Não Convertido,,0.0,Agressivo,Lebanon
223601,Orgânico,2025-01-31,Não Convertido,,0.0,Agressivo,Uruguay
223602,TikTok,2025-01-27,Não Convertido,,0.0,Conservador,American Samoa
223603,TikTok,2025-02-01,Não Convertido,,0.0,Conservador,Micronesia
223604,TikTok,2025-01-27,Não Convertido,,0.0,Moderado,El Salvador
223605,Google Ads,2025-02-01,Não Convertido,,0.0,Conservador,Guinea
223606,Orgânico,2025-01-27,Não Convertido,,0.0,Desconhecido,Tanzania
223607,E-mail Marketing,2025-01-28,Não Convertido,,0.0,Agressivo,Macao
223608,Instagram,2025-01-31,Convertido,19.0,3427.83,Moderado,Fiji
223609,Orgânico,2025-01-28,Não Convertido,,0.0,Moderado,Faroe Islands
223610,Orgânico,2025-01-29,Não Convertido,,0.0,Moderado,Marshall Islands
223611,TikTok,2025-01-30,Não Convertido,,0.0,Moderado,Bulgaria
223612,TikTok,2025-01-30,Não Convertido,,0.0,Agressivo,Cape Verde
223613,Instagram,2025-01-27,Não Convertido,,0.0,Moderado,Faroe Islands
223614,Google Ads,2025-01-31,Não Convertido,,0.0,Agressivo,New Caledonia
223615,Google Ads,2025-01-29,Não Convertido,,0.0,Moderado,Burkina Faso
223616,TikTok,2025-01-29,Não Convertido,,0.0,Desconhecido,Malaysia
223617,Instagram,2025-01-31,Não Convertido,,0.0,Conservador,French Southern Territories
223618,Google Ads,2025-01-27,Não Convertido,,0.0,Desconhecido,Tunisia
223619,Google Ads,2025-01-30,Não Convertido,,0.0,Desconhecido,Kiribati
223620,Instagram,2025-01-29,Não Convertido,,0.0,Moderado,Yemen
223621,Instagram,2025-01-31,Não Convertido,,0.0,Moderado,Philippines
223622,E-mail Marketing,2025-01-31,Não Convertido,,0.0,Moderado,Iran
223623,WhatsApp,2025-01-30,Convertido,6.0,283.35,Moderado,Cambodia
223624,YouTube Ads,2025-02-01,Não Convertido,,0.0,Moderado,Cote d'Ivoire
223625,YouTube Ads,2025-02-01,Convertido,22.0,9239.68,Moderado,Serbia
223626,Facebook,2025-01-27,Não Convertido,,0.0,Moderado,Sierra Leone
223627,WhatsApp,2025-01-31,Não Convertido,,0.0,Desconhecido,Aruba
223628,E-mail Marketing,2025-01-30,Não Convertido,,0.0,Conservador,Ireland
223629,TikTok,2025-01-30,Não Convertido,,0.0,Agressivo,Puerto Rico
223630,Orgânico,2025-01-29,Convertido,2.0,1086.42,Conservador,Equatorial Guinea
223631,TikTok,2025-01-31,Não Convertido,,0.0,Agressivo,Qatar
223632,E-mail Marketing,2025-02-01,Não Convertido,,0.0,Moderado,Philippines
223633,E-mail Marketing,2025-01-29,Não Convertido,,0.0,Agressivo,Gibraltar
223634,YouTube Ads,2025-01-27,Não Convertido,,0.0,Moderado,Seychelles
223635,Facebook,2025-01-27,Não Convertido,,0.0,Moderado,Estonia
223636,Facebook,2025-01-27,Não Convertido,,0.0,Moderado,Somalia
223637,TikTok,2025-01-29,Não Convertido,,0.0,Conservador,Senegal
223638,TikTok,2025-01-28,Não Convertido,,0.0,Conservador,Sweden
223639,Instagram,2025-02-01,Não Convertido,,0.0,Agressivo,Luxembourg
223640,Google Ads,2025-02-01,Convertido,5.0,4613.86,Agressivo,Bahamas
223641,Orgânico,2025-01-28,Não Convertido,,0.0,Moderado,Malaysia
223642,WhatsApp,2025-01-29,Convertido,29.0,9809.63,Agressivo,Bangladesh
223643,WhatsApp,2025-01-31,Não Convertido,,0.0,Moderado,Guinea-Bissau
223644,E-mail Marketing,2025-01-28,Não Convertido,,0.0,Agressivo,Chad
223645,TikTok,2025-01-30,Convertido,10.0,7651.79,Agressivo,Fiji
223646,YouTube Ads,2025-01-27,Não Convertido,,0.0,Moderado,Peru
223647,YouTube Ads,2025-01-29,Não Convertido,,0.0,Moderado,Luxembourg
223648,Google Ads,2025-01-27,Não Convertido,,0.0,Agressivo,Egypt
223649,Google Ads,2025-01-28,Não Convertido,,0.0,Agressivo,Italy
223650,Orgânico,2025-02-01,Não Convertido,,0.0,Conservador,Japan
223651,Indicação,2025-01-27,Não Convertido,,0.0,Agressivo,Haiti
223652,Orgânico,2025-01-31,Não Convertido,,0.0,Agressivo,Russian Federation
223653,Orgânico,2025-02-01,Não Convertido,,0.0,Moderado,Slovenia
223654,TikTok,2025-01-30,Não Convertido,,0.0,Agressivo,Lesotho
223655,Orgânico,2025-02-01,Não Convertido,,0.0,Desconhecido,Swaziland
223656,Facebook,2025-01-31,Não Convertido,,0.0,Moderado,Saint Martin
223657,Orgânico,2025-01-30,Convertido,14.0,8907.62,Agressivo,Turks and Caicos Islands
223658,Indicação,2025-01-28,Não Convertido,,0.0,Conservador,Vietnam
223659,YouTube Ads,2025-01-29,Não Convertido,,0.0,Agressivo,France
223660,E-mail Marketing,2025-02-01,Não Convertido,,0.0,Agressivo,Vanuatu
223661,TikTok,2025-01-30,Não Convertido,,0.0,Agressivo,Niger
223662,Facebook,2025-01-31,Convertido,15.0,7250.59,Agressivo,Samoa
223663,YouTube Ads,2025-02-01,Não Convertido,,0.0,Agressivo,Malaysia
223664,Google Ads,2025-02-01,Não Convertido,,0.0,Moderado,Djibouti
223665,Instagram,2025-01-27,Não Convertido,,0.0,Conservador,Andorra
223666,Indicação,2025-01-31,Não Convertido,,0.0,Moderado,Colombia
223667,Instagram,2025-01-28,Não Convertido,,0.0,Agressivo,Singapore
223668,Instagram,2025-01-27,Não Convertido,,0.0,Moderado,Nigeria
223669,Facebook,2025-02-01,Não Convertido,,0.0,Moderado,Congo
223670,E-mail Marketing,2025-01-27,Não Convertido,,0.0,Desconhecido,Dominica
223671,Facebook,2025-02-01,Não Convertido,,0.0,Moderado,Tokelau
223672,Orgânico,2025-01-30,Não Convertido,,0.0,Moderado,Isle of Man
223673,Google Ads,2025-01-31,Não Convertido,,0.0,Conservador,Russian Federation
223674,E-mail Marketing,2025-02-01,Não Convertido,,0.0,Moderado,Guinea-Bissau
223675,Google Ads,2025-01-31,Não Convertido,,0.0,Desconhecido,Georgia
223676,Orgânico,2025-01-29,Não Convertido,,0.0,Moderado,Israel
223677,Instagram,2025-02-01,Não Convertido,,0.0,Agressivo,Colombia
223678,TikTok,2025-02-01,Não Convertido,,0.0,Agressivo,China
223679,WhatsApp,2025-01-27,Não Convertido,,0.0,Agressivo,Brazil
223680,Google Ads,2025-01-27,Não Convertido,,0.0,Conservador,Hong Kong
223681,WhatsApp,2025-01-29,Não Convertido,,0.0,Conservador,Congo
223682,Instagram,2025-01-28,Não Convertido,,0.0,Moderado,Algeria
223683,Google Ads,2025-01-29,Não Convertido,,0.0,Moderado,Poland
223684,Instagram,2025-01-28,Não Convertido,,0.0,Conservador,Guernsey
223685,Orgânico,2025-01-30,Não Convertido,,0.0,Moderado,French Southern Territories
223686,Orgânico,2025-02-01,Não Convertido,,0.0,Moderado,Serbia
223687,E-mail Marketing,2025-02-01,Convertido,12.0,5138.33,Desconhecido,Aruba
223688,Facebook,2025-01-29,Não Convertido,,0.0,Agressivo,Cape Verde
223689,Orgânico,2025-02-01,Não Convertido,,0.0,Moderado,Lesotho
223690,YouTube Ads,2025-01-27,Não Convertido,,0.0,Conservador,Monaco
223691,Google Ads,2025-01-30,Não Convertido,,0.0,Conservador,Ghana
223692,Google Ads,2025-01-28,Não Convertido,,0.0,Agressivo,Tanzania
223693,TikTok,2025-01-28,Não Convertido,,0.0,Conservador,Turkmenistan
223694,Orgânico,2025-01-31,Não Convertido,,0.0,Agressivo,Saint Helena
223695,Facebook,2025-01-28,Convertido,20.0,2512.68,Agressivo,Mauritania
223696,TikTok,2025-01-30,Não Convertido,,0.0,Agressivo,Tonga
223697,Instagram,2025-01-31,Não Convertido,,0.0,Agressivo,Tajikistan
223698,E-mail Marketing,2025-01-28,Não Convertido,,0.0,Moderado,Holy See (Vatican City State)
223699,YouTube Ads,2025-01-29,Convertido,7.0,461.52,Moderado,Puerto Rico
223700,Instagram,2025-01-29,Não Convertido,,0.0,Moderado,Saint Vincent and the Grenadines
223701,E-mail Marketing,2025-01-27,Não Convertido,,0.0,Moderado,Palau
223702,Instagram,2025-01-27,Não Convertido,,0.0,Agressivo,Seychelles
223703,WhatsApp,2025-01-27,Não Convertido,,0.0,Conservador,Puerto Rico
223704,Instagram,2025-01-27,Não Convertido,,0.0,Agressivo,Guyana
223705,Instagram,2025-01-27,Não Convertido,,0.0,Moderado,Latvia
223706,TikTok,2025-01-27,Não Convertido,,0.0,Conservador,Turkmenistan
223707,Facebook,2025-01-30,Não Convertido,,0.0,Moderado,Kenya
223708,Orgânico,2025-01-30,Não Convertido,,0.0,Conservador,Papua New Guinea
223709,Instagram,2025-01-30,Não Convertido,,0.0,Moderado,Greenland
223710,YouTube Ads,2025-02-01,Não Convertido,,0.0,Desconhecido,Ethiopia
223711,Orgânico,2025-02-01,Não Convertido,,0.0,Agressivo,Bouvet Island (Bouvetoya)
223712,Instagram,2025-01-29,Não Convertido,,0.0,Agressivo,Slovenia
223713,TikTok,2025-01-29,Não Convertido,,0.0,Moderado,India
223714,Facebook,2025-01-29,Não Convertido,,0.0,Desconhecido,Kyrgyz Republic
223715,Instagram,2025-01-27,Não Convertido,,0.0,Moderado,Italy
223716,WhatsApp,2025-01-27,Não Convertido,,0.0,Conservador,Dominica
223717,TikTok,2025-01-28,Não Convertido,,0.0,Agressivo,Pakistan
223718,Facebook,2025-01-30,Não Convertido,,0.0,Agressivo,Malaysia
223719,Facebook,2025-01-29,Não Convertido,,0.0,Conservador,Germany
223720,TikTok,2025-01-29,Não Convertido,,0.0,Agressivo,Zimbabwe
223721,Orgânico,2025-01-27,Não Convertido,,0.0,Conservador,Norfolk Island
223722,Orgânico,2025-01-31,Não Convertido,,0.0,Agressivo,Liberia
223723,TikTok,2025-01-28,Não Convertido,,0.0,Moderado,Dominica
223724,Orgânico,2025-01-28,Não Convertido,,0.0,Agressivo,Iceland
223725,Google Ads,2025-01-29,Não Convertido,,0.0,Agressivo,Western Sahara
223726,TikTok,2025-01-30,Não Convertido,,0.0,Moderado,Norway
223727,Orgânico,2025-02-01,Não Convertido,,0.0,Conservador,Iraq
223728,Instagram,2025-02-01,Não Convertido,,0.0,Conservador,Marshall Islands
223729,Instagram,2025-02-01,Não Convertido,,0.0,Agressivo,Haiti
223730,Google Ads,2025-01-30,Não Convertido,,0.0,Moderado,Tajikistan
223731,E-mail Marketing,2025-02-01,Não Convertido,,0.0,Agressivo,Liechtenstein
223732,Google Ads,2025-01-27,Não Convertido,,0.0,Agressivo,Cambodia
223733,WhatsApp,2025-01-27,Não Convertido,,0.0,Conservador,Jersey
223734,Orgânico,2025-01-29,Não Convertido,,0.0,Agressivo,United States Minor Outlying Islands
223735,E-mail Marketing,2025-02-01,Não Convertido,,0.0,Agressivo,Isle of Man
223736,Orgânico,2025-01-27,Não Convertido,,0.0,Conservador,Dominican Republic
223737,WhatsApp,2025-01-29,Não Convertido,,0.0,Conservador,Mexico
223738,E-mail Marketing,2025-01-31,Não Convertido,,0.0,Agressivo,Cambodia
223739,Google Ads,2025-02-01,Não Convertido,,0.0,Desconhecido,Denmark
223740,Google Ads,2025-02-01,Não Convertido,,0.0,Conservador,Bulgaria
223741,YouTube Ads,2025-01-28,Não Convertido,,0.0,Moderado,French Guiana
223742,Orgânico,2025-01-30,Não Convertido,,0.0,Moderado,Paraguay
223743,TikTok,2025-01-27,Não Convertido,,0.0,Agressivo,Gambia
223744,Instagram,2025-01-31,Não Convertido,,0.0,Agressivo,Faroe Islands
223745,Instagram,2025-01-28,Não Convertido,,0.0,Conservador,Angola
223746,Google Ads,2025-01-31,Não Convertido,,0.0,Conservador,Indonesia
223747,Indicação,2025-01-31,Não Convertido,,0.0,Conservador,Myanmar
223748,Instagram,2025-01-27,Não Convertido,,0.0,Moderado,Samoa
223749,Instagram,2025-01-29,Não Convertido,,0.0,Conservador,Cape Verde
223750,Orgânico,2025-02-01,Não Convertido,,0.0,Moderado,Haiti
223751,Orgânico,2025-01-30,Não Convertido,,0.0,Moderado,Slovakia (Slovak Republic)
223752,Indicação,2025-01-28,Não Convertido,,0.0,Desconhecido,Liechtenstein
223753,Google Ads,2025-01-31,Não Convertido,,0.0,Moderado,Chad
223754,Indicação,2025-01-30,Não Convertido,,0.0,Desconhecido,Afghanistan
223755,YouTube Ads,2025-01-28,Não Convertido,,0.0,Moderado,Latvia
223756,Facebook,2025-02-01,Não Convertido,,0.0,Moderado,United Kingdom
223757,YouTube Ads,2025-01-27,Não Convertido,,0.0,Conservador,Indonesia
223758,Orgânico,2025-01-29,Convertido,26.0,852.56,Conservador,Greece
223759,Facebook,2025-01-28,Não Convertido,,0.0,Moderado,France
223760,Google Ads,2025-01-29,Não Convertido,,0.0,Moderado,Senegal
223761,TikTok,2025-01-31,Não Convertido,,0.0,Agressivo,Gibraltar
223762,E-mail Marketing,2025-01-27,Não Convertido,,0.0,Moderado,Tanzania
223763,Instagram,2025-01-27,Não Convertido,,0.0,Conservador,Turkmenistan
223764,Orgânico,2025-01-30,Não Convertido,,0.0,Agressivo,Guinea
223765,TikTok,2025-01-29,Não Convertido,,0.0,Moderado,Azerbaijan
223766,TikTok,2025-02-01,Não Convertido,,0.0,Moderado,Turks and Caicos Islands
223767,Facebook,2025-01-30,Não Convertido,,0.0,Moderado,Armenia
223768,E-mail Marketing,2025-01-28,Não Convertido,,0.0,Moderado,Belarus
223769,YouTube Ads,2025-01-28,Não Convertido,,0.0,Agressivo,Kenya
223770,TikTok,2025-01-31,Não Convertido,,0.0,Moderado,Kyrgyz Republic
223771,E-mail Marketing,2025-01-28,Não Convertido,,0.0,Conservador,Georgia
223772,Orgânico,2025-01-30,Não Convertido,,0.0,Conservador,Swaziland
223773,Orgânico,2025-01-29,Não Convertido,,0.0,Conservador,Denmark
223774,Orgânico,2025-01-31,Não Convertido,,0.0,Agressivo,Ecuador
223775,Instagram,2025-01-29,Convertido,22.0,1399.68,Agressivo,Timor-Leste
223776,TikTok,2025-01-30,Não Convertido,,0.0,Moderado,Cocos (Keeling) Islands
223777,Instagram,2025-01-29,Não Convertido,,0.0,Conservador,Uganda
223778,WhatsApp,2025-01-29,Não Convertido,,0.0,Moderado,Brunei Darussalam
223779,YouTube Ads,2025-01-28,Não Convertido,,0.0,Moderado,Poland
223780,Orgânico,2025-01-29,Não Convertido,,0.0,Moderado,Saint Barthelemy
223781,Google Ads,2025-01-28,Não Convertido,,0.0,Agressivo,Ukraine
223782,WhatsApp,2025-01-28,Não Convertido,,0.0,Moderado,Netherlands
223783,Orgânico,2025-01-30,Convertido,8.0,8758.45,Moderado,Saint Lucia
223784,E-mail Marketing,2025-01-31,Não Convertido,,0.0,Agressivo,Mayotte
223785,Indicação,2025-01-30,Convertido,27.0,6532.1,Conservador,Armenia
223786,WhatsApp,2025-01-30,Não Convertido,,0.0,Desconhecido,Papua New Guinea
223787,E-mail Marketing,2025-01-27,Não Convertido,,0.0,Conservador,Vietnam
223788,WhatsApp,2025-01-28,Convertido,18.0,8581.62,Moderado,Korea
223789,YouTube Ads,2025-01-27,Não Convertido,,0.0,Agressivo,Turkey
223790,E-mail Marketing,2025-01-29,Não Convertido,,0.0,Moderado,Thailand
223791,Google Ads,2025-01-30,Não Convertido,,0.0,Moderado,Turkmenistan
223792,Orgânico,2025-01-31,Não Convertido,,0.0,Conservador,Armenia
223793,Google Ads,2025-01-27,Não Convertido,,0.0,Agressivo,Central African Republic
223794,TikTok,2025-02-01,Convertido,5.0,2689.47,Moderado,El Salvador
223795,Instagram,2025-01-28,Não Convertido,,0.0,Conservador,Denmark
223796,E-mail Marketing,2025-02-01,Não Convertido,,0.0,Conservador,Myanmar
223797,Google Ads,2025-01-29,Não Convertido,,0.0,Moderado,South Georgia and the South Sandwich Islands
223798,E-mail Marketing,2025-01-29,Não Convertido,,0.0,Agressivo,Kiribati
223799,YouTube Ads,2025-02-01,Não Convertido,,0.0,Moderado,Bhutan
223800,Orgânico,2025-01-31,Não Convertido,,0.0,Agressivo,Greenland
223801,Indicação,2025-01-29,Não Convertido,,0.0,Agressivo,Cote d'Ivoire
223802,Indicação,2025-01-30,Convertido,28.0,3404.29,Moderado,Indonesia
223803,Instagram,2025-01-28,Não Convertido,,0.0,Desconhecido,Trinidad and Tobago
223804,Orgânico,2025-01-30,Não Convertido,,0.0,Agressivo,Wallis and Futuna
223805,WhatsApp,2025-01-30,Não Convertido,,0.0,Agressivo,Guinea
223806,E-mail Marketing,2025-01-30,Não Convertido,,0.0,Moderado,Trinidad and Tobago
223807,YouTube Ads,2025-01-30,Não Convertido,,0.0,Moderado,Kenya
223808,Facebook,2025-01-28,Não Convertido,,0.0,Agressivo,Guinea-Bissau
223809,E-mail Marketing,2025-01-30,Não Convertido,,0.0,Conservador,Ecuador
223810,E-mail Marketing,2025-01-29,Não Convertido,,0.0,Agressivo,Dominican Republic
223811,YouTube Ads,2025-01-29,Não Convertido,,0.0,Moderado,Estonia
223812,YouTube Ads,2025-02-01,Não Convertido,,0.0,Conservador,Myanmar
223813,TikTok,2025-01-27,Não Convertido,,0.0,Conservador,Kenya
223814,Facebook,2025-01-27,Não Convertido,,0.0,Moderado,Swaziland
223815,YouTube Ads,2025-01-30,Não Convertido,,0.0,Agressivo,Saint Lucia
223816,Google Ads,2025-01-28,Não Convertido,,0.0,Agressivo,Indonesia
223817,TikTok,2025-01-28,Não Convertido,,0.0,Conservador,Gambia
223818,TikTok,2025-01-30,Não Convertido,,0.0,Agressivo,Belarus
223819,Orgânico,2025-01-27,Não Convertido,,0.0,Moderado,India
223820,E-mail Marketing,2025-01-31,Não Convertido,,0.0,Moderado,British Indian Ocean Territory (Chagos Archipelago)
223821,Instagram,2025-01-30,Não Convertido,,0.0,Conservador,Madagascar
223822,YouTube Ads,2025-01-27,Não Convertido,,0.0,Moderado,Italy
223823,Orgânico,2025-01-27,Não Convertido,,0.0,Moderado,Cayman Islands
223824,Orgânico,2025-01-30,Não Convertido,,0.0,Agressivo,Croatia
223825,WhatsApp,2025-01-29,Não Convertido,,0.0,Moderado,Maldives
223826,Orgânico,2025-01-27,Não Convertido,,0.0,Moderado,Palestinian Territory
223827,E-mail Marketing,2025-02-01,Não Convertido,,0.0,Agressivo,Montserrat
223828,E-mail Marketing,2025-01-27,Não Convertido,,0.0,Moderado,Japan
223829,Instagram,2025-01-27,Não Convertido,,0.0,Agressivo,Zambia
223830,Google Ads,2025-01-30,Convertido,26.0,4185.67,Conservador,Nepal
223831,Indicação,2025-01-28,Não Convertido,,0.0,Conservador,Taiwan
223832,Instagram,2025-01-29,Não Convertido,,0.0,Conservador,Pitcairn Islands
223833,E-mail Marketing,2025-01-28,Convertido,23.0,6658.95,Agressivo,Cuba
223834,TikTok,2025-01-29,Não Convertido,,0.0,Moderado,Saint Kitts and Nevis
223835,E-mail Marketing,2025-01-28,Não Convertido,,0.0,Moderado,India
223836,YouTube Ads,2025-02-01,Não Convertido,,0.0,Desconhecido,Dominican Republic
223837,TikTok,2025-01-31,Não Convertido,,0.0,Moderado,Qatar
223838,E-mail Marketing,2025-01-29,Não Convertido,,0.0,Conservador,Switzerland
223839,TikTok,2025-01-28,Não Convertido,,0.0,Desconhecido,Cameroon
223840,TikTok,2025-01-27,Não Convertido,,0.0,Agressivo,Ghana
223841,TikTok,2025-01-28,Não Convertido,,0.0,Agressivo,Argentina
223842,TikTok,2025-01-30,Não Convertido,,0.0,Moderado,Saint Barthelemy
223843,Instagram,2025-02-01,Não Convertido,,0.0,Agressivo,Bahamas
223844,Orgânico,2025-02-01,Não Convertido,,0.0,Conservador,Guam
223845,WhatsApp,2025-02-01,Não Convertido,,0.0,Moderado,Guinea
223846,Orgânico,2025-02-01,Não Convertido,,0.0,Agressivo,Lesotho
223847,E-mail Marketing,2025-02-01,Não Convertido,,0.0,Moderado,Mauritania
223848,Facebook,2025-01-31,Não Convertido,,0.0,Conservador,Australia
223849,Orgânico,2025-01-31,Não Convertido,,0.0,Moderado,Singapore
223850,Google Ads,2025-02-01,Não Convertido,,0.0,Agressivo,Panama
223851,TikTok,2025-01-31,Não Convertido,,0.0,Desconhecido,Thailand
223852,YouTube Ads,2025-01-30,Não Convertido,,0.0,Conservador,Namibia
223853,TikTok,2025-01-29,Não Convertido,,0.0,Desconhecido,Ecuador
223854,YouTube Ads,2025-01-30,Não Convertido,,0.0,Agressivo,Lebanon
223855,Google Ads,2025-01-27,Não Convertido,,0.0,Agressivo,Turkey
223856,E-mail Marketing,2025-02-01,Convertido,30.0,3806.8,Agressivo,Antarctica (the territory South of 60 deg S)
223857,Indicação,2025-01-31,Não Convertido,,0.0,Moderado,Mexico
223858,Orgânico,2025-01-29,Não Convertido,,0.0,Desconhecido,Portugal
223859,Facebook,2025-01-31,Não Convertido,,0.0,Desconhecido,Lithuania
223860,WhatsApp,2025-01-31,Não Convertido,,0.0,Moderado,Hungary
223861,Google Ads,2025-02-01,Não Convertido,,0.0,Agressivo,Panama
223862,E-mail Marketing,2025-01-29,Não Convertido,,0.0,Moderado,Azerbaijan
223863,Google Ads,2025-01-28,Não Convertido,,0.0,Moderado,Netherlands Antilles
223864,TikTok,2025-01-29,Não Convertido,,0.0,Agressivo,Madagascar
223865,TikTok,2025-01-30,Não Convertido,,0.0,Moderado,Nigeria
223866,Facebook,2025-02-01,Convertido,22.0,3194.95,Agressivo,Netherlands
223867,Indicação,2025-01-30,Não Convertido,,0.0,Agressivo,Jersey
223868,E-mail Marketing,2025-01-28,Não Convertido,,0.0,Agressivo,Guernsey
223869,Orgânico,2025-01-28,Não Convertido,,0.0,Agressivo,Finland
223870,Facebook,2025-01-29,Não Convertido,,0.0,Moderado,Oman
223871,YouTube Ads,2025-01-28,Não Convertido,,0.0,Desconhecido,Costa Rica
223872,Facebook,2025-02-01,Não Convertido,,0.0,Agressivo,Spain
223873,Instagram,2025-01-30,Não Convertido,,0.0,Desconhecido,Cuba
223874,Orgânico,2025-02-01,Não Convertido,,0.0,Moderado,New Caledonia
223875,Indicação,2025-01-28,Não Convertido,,0.0,Moderado,Latvia
223876,YouTube Ads,2025-01-28,Não Convertido,,0.0,Agressivo,Svalbard & Jan Mayen Islands
223877,Instagram,2025-02-01,Não Convertido,,0.0,Moderado,Saint Barthelemy
223878,Google Ads,2025-02-01,Convertido,14.0,4832.28,Moderado,Angola
223879,TikTok,2025-01-31,Não Convertido,,0.0,Desconhecido,Panama
223880,E-mail Marketing,2025-01-29,Não Convertido,,0.0,Conservador,Trinidad and Tobago
223881,YouTube Ads,2025-02-01,Não Convertido,,0.0,Moderado,Libyan Arab Jamahiriya
223882,Facebook,2025-01-29,Não Convertido,,0.0,Agressivo,Norway
223883,Indicação,2025-01-30,Não Convertido,,0.0,Moderado,Cote d'Ivoire
223884,Orgânico,2025-01-31,Convertido,23.0,1138.23,Moderado,South Georgia and the South Sandwich Islands
223885,YouTube Ads,2025-02-01,Não Convertido,,0.0,Moderado,Morocco
223886,Indicação,2025-02-01,Não Convertido,,0.0,Conservador,Indonesia
223887,Google Ads,2025-01-28,Não Convertido,,0.0,Conservador,Congo
223888,Facebook,2025-01-31,Não Convertido,,0.0,Desconhecido,Finland
223889,Facebook,2025-01-28,Não Convertido,,0.0,Agressivo,Cameroon
223890,Google Ads,2025-01-27,Não Convertido,,0.0,Conservador,Bermuda
223891,Facebook,2025-01-28,Não Convertido,,0.0,Conservador,Madagascar
223892,Google Ads,2025-01-29,Não Convertido,,0.0,Conservador,Venezuela
223893,Google Ads,2025-01-28,Não Convertido,,0.0,Moderado,Hong Kong
223894,Google Ads,2025-01-29,Não Convertido,,0.0,Moderado,Indonesia
223895,E-mail Marketing,2025-01-28,Não Convertido,,0.0,Moderado,Zimbabwe
223896,Facebook,2025-01-30,Não Convertido,,0.0,Moderado,Russian Federation
223897,Instagram,2025-01-29,Não Convertido,,0.0,Conservador,Tunisia
223898,Google Ads,2025-01-30,Não Convertido,,0.0,Moderado,Kenya
223899,YouTube Ads,2025-01-28,Não Convertido,,0.0,Conservador,Trinidad and Tobago
223900,Instagram,2025-01-28,Não Convertido,,0.0,Conservador,South Africa
223901,TikTok,2025-01-31,Não Convertido,,0.0,Moderado,Saint Lucia
223902,Facebook,2025-01-31,Não Convertido,,0.0,Agressivo,Marshall Islands
223903,E-mail Marketing,2025-02-01,Não Convertido,,0.0,Moderado,Faroe Islands
223904,Instagram,2025-01-30,Não Convertido,,0.0,Agressivo,Hungary
223905,E-mail Marketing,2025-02-01,Não Convertido,,0.0,Agressivo,Burundi
223906,Google Ads,2025-01-27,Não Convertido,,0.0,Agressivo,Jamaica
223907,Instagram,2025-01-28,Não Convertido,,0.0,Moderado,Japan
223908,Orgânico,2025-01-27,Não Convertido,,0.0,Moderado,Colombia
223909,TikTok,2025-01-28,Não Convertido,,0.0,Agressivo,San Marino
223910,Instagram,2025-01-28,Não Convertido,,0.0,Agressivo,Congo
223911,Google Ads,2025-01-27,Não Convertido,,0.0,Moderado,Libyan Arab Jamahiriya
223912,TikTok,2025-01-28,Não Convertido,,0.0,Moderado,Iceland
223913,TikTok,2025-01-30,Não Convertido,,0.0,Moderado,Lithuania
223914,Indicação,2025-01-27,Não Convertido,,0.0,Agressivo,Haiti
223915,E-mail Marketing,2025-01-30,Não Convertido,,0.0,Agressivo,Uganda
223916,WhatsApp,2025-01-30,Não Convertido,,0.0,Conservador,Bolivia
223917,TikTok,2025-02-01,Não Convertido,,0.0,Moderado,Suriname
223918,Instagram,2025-01-31,Não Convertido,,0.0,Desconhecido,Cocos (Keeling) Islands
223919,TikTok,2025-01-29,Não Convertido,,0.0,Agressivo,Indonesia
223920,Orgânico,2025-01-31,Não Convertido,,0.0,Agressivo,Tuvalu
223921,E-mail Marketing,2025-01-30,Não Convertido,,0.0,Moderado,Benin
223922,Google Ads,2025-01-31,Não Convertido,,0.0,Moderado,Canada
223923,Instagram,2025-01-29,Convertido,20.0,9489.34,Agressivo,Syrian Arab Republic
223924,Instagram,2025-01-30,Não Convertido,,0.0,Moderado,Guyana
223925,Orgânico,2025-01-30,Não Convertido,,0.0,Agressivo,Monaco
223926,Orgânico,2025-02-01,Não Convertido,,0.0,Desconhecido,Guinea-Bissau
223927,WhatsApp,2025-01-27,Não Convertido,,0.0,Conservador,Palestinian Territory
223928,E-mail Marketing,2025-01-31,Não Convertido,,0.0,Conservador,Tunisia
223929,E-mail Marketing,2025-01-28,Não Convertido,,0.0,Agressivo,Estonia
223930,YouTube Ads,2025-01-30,Não Convertido,,0.0,Conservador,United States Virgin Islands
223931,Facebook,2025-01-29,Não Convertido,,0.0,Agressivo,Niger
223932,Google Ads,2025-01-29,Não Convertido,,0.0,Moderado,Saint Kitts and Nevis
223933,YouTube Ads,2025-01-31,Não Convertido,,0.0,Desconhecido,British Virgin Islands
223934,TikTok,2025-01-28,Não Convertido,,0.0,Agressivo,Saint Barthelemy
223935,WhatsApp,2025-01-31,Não Convertido,,0.0,Moderado,Saint Barthelemy
223936,TikTok,2025-01-29,Não Convertido,,0.0,Moderado,Sri Lanka
223937,Google Ads,2025-01-31,Não Convertido,,0.0,Moderado,Micronesia
223938,Instagram,2025-01-30,Não Convertido,,0.0,Agressivo,Saudi Arabia
223939,WhatsApp,2025-01-31,Não Convertido,,0.0,Moderado,Mongolia
223940,WhatsApp,2025-01-31,Não Convertido,,0.0,Conservador,Algeria
223941,Facebook,2025-01-29,Não Convertido,,0.0,Moderado,Jersey
223942,Instagram,2025-01-28,Não Convertido,,0.0,Conservador,Yemen
223943,Indicação,2025-01-29,Não Convertido,,0.0,Moderado,Colombia
223944,Google Ads,2025-01-31,Não Convertido,,0.0,Agressivo,Tuvalu
223945,Google Ads,2025-02-01,Não Convertido,,0.0,Desconhecido,Saint Vincent and the Grenadines
223946,Orgânico,2025-01-29,Não Convertido,,0.0,Moderado,Netherlands Antilles
223947,E-mail Marketing,2025-02-01,Não Convertido,,0.0,Conservador,Saint Pierre and Miquelon
223948,Orgânico,2025-01-30,Não Convertido,,0.0,Moderado,Uganda
223949,Instagram,2025-02-01,Não Convertido,,0.0,Conservador,New Caledonia
223950,Instagram,2025-01-29,Não Convertido,,0.0,Desconhecido,Vanuatu
223951,Orgânico,2025-02-01,Não Convertido,,0.0,Agressivo,Gambia
223952,E-mail Marketing,2025-01-28,Não Convertido,,0.0,Conservador,Iceland
223953,WhatsApp,2025-01-28,Não Convertido,,0.0,Moderado,British Virgin Islands
223954,Google Ads,2025-01-30,Não Convertido,,0.0,Moderado,Liechtenstein
223955,Orgânico,2025-01-28,Não Convertido,,0.0,Desconhecido,Nigeria
223956,Indicação,2025-01-30,Não Convertido,,0.0,Moderado,Montenegro
223957,WhatsApp,2025-01-30,Não Convertido,,0.0,Conservador,Haiti
223958,TikTok,2025-01-31,Não Convertido,,0.0,Agressivo,Japan
223959,Instagram,2025-01-27,Não Convertido,,0.0,Moderado,Martinique
223960,Google Ads,2025-01-31,Não Convertido,,0.0,Agressivo,Turkmenistan
223961,Google Ads,2025-01-31,Convertido,6.0,4900.88,Agressivo,Slovenia
223962,TikTok,2025-01-29,Não Convertido,,0.0,Moderado,Egypt
223963,Facebook,2025-01-28,Não Convertido,,0.0,Moderado,American Samoa
223964,Orgânico,2025-02-01,Não Convertido,,0.0,Agressivo,Paraguay
223965,E-mail Marketing,2025-01-31,Não Convertido,,0.0,Agressivo,Solomon Islands
223966,Instagram,2025-01-29,Não Convertido,,0.0,Conservador,Mozambique
223967,TikTok,2025-01-28,Não Convertido,,0.0,Moderado,Reunion
223968,Orgânico,2025-02-01,Não Convertido,,0.0,Agressivo,Moldova
223969,Instagram,2025-02-01,Não Convertido,,0.0,Moderado,Namibia
223970,E-mail Marketing,2025-01-27,Não Convertido,,0.0,Moderado,Mexico
223971,Orgânico,2025-01-31,Não Convertido,,0.0,Moderado,Jersey
223972,Google Ads,2025-01-28,Não Convertido,,0.0,Conservador,United Kingdom
223973,TikTok,2025-01-27,Não Convertido,,0.0,Agressivo,Ukraine
223974,E-mail Marketing,2025-01-31,Não Convertido,,0.0,Agressivo,Barbados
223975,Indicação,2025-01-27,Não Convertido,,0.0,Moderado,Tajikistan
223976,Indicação,2025-01-29,Não Convertido,,0.0,Moderado,Tokelau
223977,Instagram,2025-01-27,Convertido,25.0,803.62,Moderado,Iraq
223978,Google Ads,2025-02-01,Não Convertido,,0.0,Agressivo,Solomon Islands
223979,E-mail Marketing,2025-01-30,Não Convertido,,0.0,Moderado,Bermuda
223980,TikTok,2025-01-27,Não Convertido,,0.0,Agressivo,Bosnia and Herzegovina
223981,Google Ads,2025-01-27,Não Convertido,,0.0,Moderado,Singapore
223982,Facebook,2025-01-31,Não Convertido,,0.0,Agressivo,Sao Tome and Principe
223983,WhatsApp,2025-01-31,Não Convertido,,0.0,Moderado,Zambia
223984,WhatsApp,2025-01-28,Não Convertido,,0.0,Desconhecido,Uzbekistan
223985,Google Ads,2025-02-01,Convertido,5.0,8679.06,Moderado,Nicaragua
223986,YouTube Ads,2025-01-30,Não Convertido,,0.0,Moderado,Mayotte
223987,TikTok,2025-01-31,Não Convertido,,0.0,Desconhecido,Ghana
223988,Indicação,2025-01-28,Não Convertido,,0.0,Agressivo,Portugal
223989,YouTube Ads,2025-01-30,Não Convertido,,0.0,Agressivo,Seychelles
223990,WhatsApp,2025-01-29,Não Convertido,,0.0,Desconhecido,Syrian Arab Republic
223991,Facebook,2025-01-29,Não Convertido,,0.0,Conservador,Taiwan
223992,Facebook,2025-01-27,Não Convertido,,0.0,Agressivo,Botswana
223993,E-mail Marketing,2025-01-28,Não Convertido,,0.0,Desconhecido,Finland
223994,E-mail Marketing,2025-01-29,Não Convertido,,0.0,Conservador,Benin
223995,Instagram,2025-01-27,Não Convertido,,0.0,Moderado,Suriname
223996,Orgânico,2025-01-27,Não Convertido,,0.0,Moderado,Ukraine
223997,Instagram,2025-02-01,Convertido,16.0,874.31,Moderado,Ethiopia
223998,E-mail Marketing,2025-01-27,Não Convertido,,0.0,Conservador,Norfolk Island
223999,YouTube Ads,2025-01-27,Não Convertido,,0.0,Moderado,Rwanda
224000,Google Ads,2025-01-29,Não Convertido,,0.0,Moderado,Liechtenstein
224001,E-mail Marketing,2025-01-27,Não Convertido,,0.0,Agressivo,North Macedonia
224002,Facebook,2025-01-30,Não Convertido,,0.0,Agressivo,Djibouti
224003,Orgânico,2025-02-01,Não Convertido,,0.0,Conservador,Kenya
224004,Indicação,2025-01-31,Não Convertido,,0.0,Agressivo,Korea
224005,Google Ads,2025-01-30,Não Convertido,,0.0,Agressivo,French Southern Territories
224006,Orgânico,2025-01-28,Não Convertido,,0.0,Moderado,Nigeria
224007,E-mail Marketing,2025-02-01,Não Convertido,,0.0,Moderado,Djibouti
224008,WhatsApp,2025-01-29,Não Convertido,,0.0,Moderado,Guatemala
224009,Facebook,2025-01-29,Não Convertido,,0.0,Moderado,Syrian Arab Republic
224010,Facebook,2025-02-01,Não Convertido,,0.0,Moderado,United States of America
224011,Instagram,2025-02-01,Não Convertido,,0.0,Conservador,Vietnam
224012,Orgânico,2025-01-28,Não Convertido,,0.0,Moderado,Argentina
224013,WhatsApp,2025-01-30,Não Convertido,,0.0,Moderado,Saint Kitts and Nevis
224014,E-mail Marketing,2025-01-27,Convertido,15.0,1720.56,Conservador,Montserrat
224015,E-mail Marketing,2025-01-31,Não Convertido,,0.0,Moderado,Senegal
224016,Orgânico,2025-01-27,Não Convertido,,0.0,Moderado,Ukraine
224017,Instagram,2025-01-28,Convertido,9.0,2749.89,Conservador,Papua New Guinea
224018,Orgânico,2025-01-31,Não Convertido,,0.0,Agressivo,Anguilla
224019,Facebook,2025-01-27,Não Convertido,,0.0,Moderado,Madagascar
224020,Facebook,2025-01-31,Não Convertido,,0.0,Moderado,Guinea
224021,WhatsApp,2025-02-01,Não Convertido,,0.0,Desconhecido,Peru
224022,E-mail Marketing,2025-01-30,Não Convertido,,0.0,Moderado,Kenya
224023,Instagram,2025-01-31,Não Convertido,,0.0,Agressivo,British Indian Ocean Territory (Chagos Archipelago)
224024,Instagram,2025-01-27,Não Convertido,,0.0,Moderado,Guam
224025,Facebook,2025-01-29,Convertido,4.0,8595.24,Moderado,San Marino
224026,Orgânico,2025-01-31,Não Convertido,,0.0,Moderado,Cayman Islands
224027,TikTok,2025-01-31,Não Convertido,,0.0,Desconhecido,Kiribati
224028,Orgânico,2025-01-30,Não Convertido,,0.0,Agressivo,Gambia
224029,TikTok,2025-01-30,Não Convertido,,0.0,Agressivo,Armenia
224030,Google Ads,2025-01-28,Não Convertido,,0.0,Moderado,Malaysia
224031,Google Ads,2025-01-31,Não Convertido,,0.0,Moderado,Malawi
224032,Google Ads,2025-01-27,Não Convertido,,0.0,Conservador,Spain
224033,Orgânico,2025-01-27,Não Convertido,,0.0,Moderado,Tokelau
224034,Instagram,2025-01-31,Não Convertido,,0.0,Conservador,Japan
224035,WhatsApp,2025-01-27,Não Convertido,,0.0,Agressivo,Haiti
224036,Facebook,2025-02-01,Não Convertido,,0.0,Moderado,Tonga
224037,Orgânico,2025-01-27,Não Convertido,,0.0,Agressivo,Christmas Island
224038,E-mail Marketing,2025-01-31,Não Convertido,,0.0,Moderado,Palau
224039,TikTok,2025-01-29,Não Convertido,,0.0,Desconhecido,Bahamas
224040,TikTok,2025-01-28,Não Convertido,,0.0,Moderado,Papua New Guinea
224041,Orgânico,2025-01-30,Não Convertido,,0.0,Agressivo,Gabon
224042,Orgânico,2025-01-31,Não Convertido,,0.0,Desconhecido,Lithuania
224043,E-mail Marketing,2025-02-01,Não Convertido,,0.0,Moderado,Puerto Rico
224044,Orgânico,2025-01-28,Não Convertido,,0.0,Conservador,Pakistan
224045,WhatsApp,2025-01-30,Convertido,23.0,2523.37,Moderado,Nigeria
224046,Facebook,2025-01-29,Não Convertido,,0.0,Agressivo,Dominica
224047,WhatsApp,2025-01-27,Não Convertido,,0.0,Desconhecido,Libyan Arab Jamahiriya
224048,E-mail Marketing,2025-01-29,Não Convertido,,0.0,Agressivo,Uzbekistan
224049,Google Ads,2025-02-01,Não Convertido,,0.0,Moderado,Vanuatu
224050,Instagram,2025-02-01,Não Convertido,,0.0,Agressivo,Brazil
224051,TikTok,2025-01-27,Não Convertido,,0.0,Moderado,Comoros
224052,Orgânico,2025-02-01,Não Convertido,,0.0,Agressivo,Senegal
224053,E-mail Marketing,2025-01-27,Não Convertido,,0.0,Agressivo,Pakistan
224054,E-mail Marketing,2025-01-29,Não Convertido,,0.0,Conservador,Georgia
224055,Orgânico,2025-01-28,Não Convertido,,0.0,Moderado,Saint Barthelemy
224056,Instagram,2025-01-28,Não Convertido,,0.0,Moderado,Sao Tome and Principe
224057,E-mail Marketing,2025-01-28,Não Convertido,,0.0,Moderado,Northern Mariana Islands
224058,Orgânico,2025-01-31,Não Convertido,,0.0,Moderado,Norfolk Island
224059,E-mail Marketing,2025-01-27,Convertido,1.0,598.44,Moderado,Uruguay
224060,Orgânico,2025-01-31,Não Convertido,,0.0,Agressivo,Tokelau
224061,WhatsApp,2025-02-01,Não Convertido,,0.0,Moderado,Suriname
224062,Orgânico,2025-01-27,Não Convertido,,0.0,Desconhecido,Dominican Republic
224063,Instagram,2025-01-28,Não Convertido,,0.0,Conservador,Czech Republic
224064,Instagram,2025-01-27,Não Convertido,,0.0,Desconhecido,Burundi
224065,Google Ads,2025-01-28,Não Convertido,,0.0,Moderado,Dominican Republic
224066,Orgânico,2025-02-01,Não Convertido,,0.0,Conservador,El Salvador
224067,WhatsApp,2025-02-01,Não Convertido,,0.0,Moderado,Chad
224068,WhatsApp,2025-01-28,Não Convertido,,0.0,Conservador,Trinidad and Tobago
224069,Orgânico,2025-01-28,Convertido,19.0,9307.1,Moderado,French Guiana
224070,TikTok,2025-01-27,Convertido,30.0,9489.47,Agressivo,Lithuania
224071,Facebook,2025-01-31,Não Convertido,,0.0,Conservador,Korea
224072,Instagram,2025-01-31,Não Convertido,,0.0,Agressivo,Latvia
224073,Indicação,2025-01-28,Não Convertido,,0.0,Moderado,Saint Lucia
224074,Instagram,2025-01-29,Não Convertido,,0.0,Moderado,Yemen
224075,Orgânico,2025-01-31,Não Convertido,,0.0,Agressivo,Saint Kitts and Nevis
224076,E-mail Marketing,2025-01-27,Não Convertido,,0.0,Moderado,Mongolia
224077,Facebook,2025-02-01,Não Convertido,,0.0,Agressivo,Greece
224078,TikTok,2025-01-27,Não Convertido,,0.0,Conservador,Lebanon
224079,YouTube Ads,2025-01-31,Não Convertido,,0.0,Conservador,Antarctica (the territory South of 60 deg S)
224080,Facebook,2025-01-28,Não Convertido,,0.0,Agressivo,Saint Barthelemy
224081,WhatsApp,2025-01-27,Não Convertido,,0.0,Agressivo,San Marino
224082,Facebook,2025-02-01,Não Convertido,,0.0,Moderado,Turks and Caicos Islands
224083,Facebook,2025-01-27,Não Convertido,,0.0,Moderado,Albania
224084,E-mail Marketing,2025-01-27,Não Convertido,,0.0,Moderado,Dominican Republic
224085,WhatsApp,2025-01-30,Não Convertido,,0.0,Moderado,Zambia
224086,Orgânico,2025-01-30,Não Convertido,,0.0,Desconhecido,Uganda
224087,Orgânico,2025-01-31,Não Convertido,,0.0,Agressivo,Saint Barthelemy
224088,YouTube Ads,2025-01-30,Não Convertido,,0.0,Moderado,Yemen
224089,YouTube Ads,2025-02-01,Não Convertido,,0.0,Moderado,Palestinian Territory
224090,Instagram,2025-01-28,Não Convertido,,0.0,Conservador,Montenegro
224091,WhatsApp,2025-02-01,Não Convertido,,0.0,Agressivo,El Salvador
224092,TikTok,2025-01-28,Não Convertido,,0.0,Moderado,Panama
224093,Facebook,2025-01-28,Não Convertido,,0.0,Agressivo,Cocos (Keeling) Islands
224094,TikTok,2025-01-29,Convertido,25.0,1226.34,Moderado,Somalia
224095,E-mail Marketing,2025-01-27,Não Convertido,,0.0,Agressivo,Burundi
224096,Orgânico,2025-01-30,Não Convertido,,0.0,Conservador,Netherlands Antilles
224097,Orgânico,2025-01-27,Não Convertido,,0.0,Moderado,Spain
224098,Facebook,2025-01-30,Não Convertido,,0.0,Conservador,Slovakia (Slovak Republic)
224099,YouTube Ads,2025-01-27,Não Convertido,,0.0,Agressivo,American Samoa
224100,WhatsApp,2025-01-31,Não Convertido,,0.0,Desconhecido,Cayman Islands
224101,YouTube Ads,2025-01-30,Não Convertido,,0.0,Agressivo,Fiji
224102,TikTok,2025-02-01,Não Convertido,,0.0,Agressivo,Netherlands
224103,YouTube Ads,2025-01-30,Não Convertido,,0.0,Agressivo,Martinique
224104,Indicação,2025-01-31,Não Convertido,,0.0,Moderado,Philippines
224105,Instagram,2025-01-29,Não Convertido,,0.0,Agressivo,Guam
224106,TikTok,2025-01-29,Não Convertido,,0.0,Agressivo,Mayotte
224107,TikTok,2025-01-28,Não Convertido,,0.0,Agressivo,United Kingdom
224108,Instagram,2025-01-27,Não Convertido,,0.0,Conservador,Nepal
224109,Orgânico,2025-01-30,Não Convertido,,0.0,Desconhecido,Israel
224110,Orgânico,2025-01-29,Não Convertido,,0.0,Moderado,Andorra
224111,E-mail Marketing,2025-01-27,Convertido,21.0,2104.35,Agressivo,South Georgia and the South Sandwich Islands
224112,Instagram,2025-01-27,Não Convertido,,0.0,Agressivo,Greece
224113,Facebook,2025-01-29,Não Convertido,,0.0,Moderado,Hong Kong
224114,TikTok,2025-02-01,Não Convertido,,0.0,Moderado,Kazakhstan
224115,TikTok,2025-01-31,Não Convertido,,0.0,Moderado,Brazil
224116,E-mail Marketing,2025-01-27,Não Convertido,,0.0,Agressivo,Guernsey
224117,Orgânico,2025-02-01,Não Convertido,,0.0,Agressivo,Poland
224118,Instagram,2025-01-28,Convertido,8.0,6061.8,Moderado,Luxembourg
224119,Orgânico,2025-02-01,Não Convertido,,0.0,Moderado,Sweden
224120,TikTok,2025-01-27,Não Convertido,,0.0,Moderado,Paraguay
224121,Instagram,2025-01-31,Não Convertido,,0.0,Conservador,Wallis and Futuna
224122,E-mail Marketing,2025-01-29,Não Convertido,,0.0,Conservador,Myanmar
224123,YouTube Ads,2025-01-27,Não Convertido,,0.0,Desconhecido,Comoros
224124,Instagram,2025-01-27,Não Convertido,,0.0,Conservador,Malaysia
224125,TikTok,2025-01-27,Não Convertido,,0.0,Agressivo,Cook Islands
224126,E-mail Marketing,2025-01-31,Não Convertido,,0.0,Conservador,Aruba
224127,E-mail Marketing,2025-01-28,Não Convertido,,0.0,Agressivo,Mali
224128,WhatsApp,2025-02-01,Não Convertido,,0.0,Agressivo,Bermuda
224129,Orgânico,2025-01-30,Não Convertido,,0.0,Conservador,Ukraine
224130,Orgânico,2025-02-01,Não Convertido,,0.0,Agressivo,United States of America
224131,WhatsApp,2025-01-30,Não Convertido,,0.0,Desconhecido,Ecuador
224132,WhatsApp,2025-01-30,Não Convertido,,0.0,Conservador,Haiti
224133,E-mail Marketing,2025-01-31,Não Convertido,,0.0,Agressivo,Nicaragua
224134,Orgânico,2025-01-28,Não Convertido,,0.0,Agressivo,Hong Kong
224135,TikTok,2025-01-27,Não Convertido,,0.0,Agressivo,Peru
224136,TikTok,2025-01-31,Não Convertido,,0.0,Agressivo,Guyana
224137,E-mail Marketing,2025-01-30,Não Convertido,,0.0,Moderado,Pitcairn Islands
224138,Google Ads,2025-01-27,Não Convertido,,0.0,Moderado,United Arab Emirates
224139,E-mail Marketing,2025-01-31,Não Convertido,,0.0,Conservador,Denmark
224140,TikTok,2025-01-29,Não Convertido,,0.0,Moderado,Martinique
224141,Facebook,2025-01-28,Não Convertido,,0.0,Conservador,Kiribati
224142,WhatsApp,2025-01-27,Não Convertido,,0.0,Moderado,Trinidad and Tobago
224143,Indicação,2025-01-31,Não Convertido,,0.0,Agressivo,Cambodia
224144,Facebook,2025-01-28,Não Convertido,,0.0,Desconhecido,Namibia
224145,Instagram,2025-01-29,Não Convertido,,0.0,Agressivo,Luxembourg
224146,Google Ads,2025-01-29,Não Convertido,,0.0,Conservador,Costa Rica
224147,Instagram,2025-01-30,Não Convertido,,0.0,Moderado,Cape Verde
224148,TikTok,2025-01-29,Convertido,21.0,6965.52,Moderado,Poland
224149,Instagram,2025-01-28,Não Convertido,,0.0,Conservador,Montserrat
224150,Instagram,2025-01-27,Não Convertido,,0.0,Conservador,El Salvador
224151,Orgânico,2025-01-27,Não Convertido,,0.0,Conservador,Mongolia
224152,TikTok,2025-01-27,Não Convertido,,0.0,Moderado,Yemen
224153,Facebook,2025-02-01,Não Convertido,,0.0,Moderado,Denmark
224154,YouTube Ads,2025-01-28,Não Convertido,,0.0,Conservador,Bahamas
224155,Indicação,2025-01-28,Não Convertido,,0.0,Moderado,Andorra
224156,Orgânico,2025-01-30,Não Convertido,,0.0,Moderado,Pitcairn Islands
224157,Facebook,2025-01-29,Não Convertido,,0.0,Moderado,Burundi
224158,Facebook,2025-01-31,Não Convertido,,0.0,Moderado,Afghanistan
224159,TikTok,2025-01-28,Não Convertido,,0.0,Conservador,Cayman Islands
224160,Facebook,2025-01-28,Não Convertido,,0.0,Moderado,Jersey
224161,Facebook,2025-02-01,Não Convertido,,0.0,Moderado,Moldova
224162,E-mail Marketing,2025-01-31,Convertido,25.0,204.28,Conservador,Timor-Leste
224163,TikTok,2025-01-30,Não Convertido,,0.0,Conservador,Albania
224164,Google Ads,2025-01-30,Não Convertido,,0.0,Conservador,Cocos (Keeling) Islands
224165,Facebook,2025-02-01,Não Convertido,,0.0,Agressivo,Antarctica (the territory South of 60 deg S)
224166,Orgânico,2025-01-29,Convertido,2.0,575.94,Moderado,Brunei Darussalam
224167,WhatsApp,2025-01-31,Não Convertido,,0.0,Conservador,Jersey
224168,Instagram,2025-01-27,Não Convertido,,0.0,Moderado,Cyprus
224169,Facebook,2025-01-29,Não Convertido,,0.0,Conservador,Liberia
224170,TikTok,2025-01-28,Não Convertido,,0.0,Moderado,Trinidad and Tobago
224171,Orgânico,2025-01-28,Não Convertido,,0.0,Moderado,Brunei Darussalam
224172,TikTok,2025-01-29,Não Convertido,,0.0,Moderado,Mauritius
224173,TikTok,2025-01-30,Não Convertido,,0.0,Agressivo,Wallis and Futuna
224174,YouTube Ads,2025-01-29,Convertido,12.0,7537.02,Moderado,Anguilla
224175,TikTok,2025-01-31,Convertido,28.0,7432.93,Conservador,Korea
224176,YouTube Ads,2025-01-30,Não Convertido,,0.0,Moderado,Korea
224177,Google Ads,2025-02-01,Não Convertido,,0.0,Moderado,Liberia
224178,Instagram,2025-01-27,Não Convertido,,0.0,Conservador,Saint Martin
224179,Google Ads,2025-01-30,Não Convertido,,0.0,Moderado,Nauru
224180,Orgânico,2025-01-31,Não Convertido,,0.0,Moderado,Belize
224181,Indicação,2025-01-29,Não Convertido,,0.0,Desconhecido,Swaziland
224182,WhatsApp,2025-01-30,Não Convertido,,0.0,Moderado,Somalia
224183,Indicação,2025-01-28,Não Convertido,,0.0,Moderado,Lesotho
224184,WhatsApp,2025-01-31,Não Convertido,,0.0,Moderado,Cameroon
224185,Instagram,2025-01-28,Não Convertido,,0.0,Agressivo,Yemen
224186,WhatsApp,2025-02-01,Não Convertido,,0.0,Conservador,South Georgia and the South Sandwich Islands
224187,YouTube Ads,2025-02-01,Não Convertido,,0.0,Moderado,Lao People's Democratic Republic
224188,E-mail Marketing,2025-01-29,Não Convertido,,0.0,Agressivo,Marshall Islands
224189,Orgânico,2025-01-31,Não Convertido,,0.0,Moderado,Korea
224190,Google Ads,2025-01-30,Não Convertido,,0.0,Moderado,Cyprus
224191,Orgânico,2025-01-27,Não Convertido,,0.0,Agressivo,Faroe Islands
224192,YouTube Ads,2025-01-30,Não Convertido,,0.0,Moderado,Tuvalu
224193,Orgânico,2025-01-30,Não Convertido,,0.0,Moderado,Zimbabwe
224194,E-mail Marketing,2025-01-28,Não Convertido,,0.0,Conservador,Congo
224195,Instagram,2025-01-27,Não Convertido,,0.0,Moderado,Andorra
224196,WhatsApp,2025-01-31,Não Convertido,,0.0,Moderado,Zimbabwe
224197,E-mail Marketing,2025-01-30,Não Convertido,,0.0,Agressivo,Iceland
224198,WhatsApp,2025-01-30,Não Convertido,,0.0,Agressivo,Paraguay
224199,Instagram,2025-01-29,Não Convertido,,0.0,Moderado,Tonga
224200,WhatsApp,2025-02-01,Não Convertido,,0.0,Agressivo,Guernsey
224201,YouTube Ads,2025-01-28,Não Convertido,,0.0,Agressivo,Estonia
224202,TikTok,2025-01-27,Não Convertido,,0.0,Desconhecido,Thailand
224203,TikTok,2025-01-28,Não Convertido,,0.0,Conservador,Saint Martin
224204,Instagram,2025-02-01,Não Convertido,,0.0,Conservador,Vietnam
224205,Orgânico,2025-01-31,Não Convertido,,0.0,Agressivo,Samoa
224206,Instagram,2025-01-28,Não Convertido,,0.0,Agressivo,Sweden
224207,E-mail Marketing,2025-01-31,Não Convertido,,0.0,Agressivo,Romania
224208,Facebook,2025-01-28,Não Convertido,,0.0,Conservador,United Arab Emirates
224209,Indicação,2025-01-31,Não Convertido,,0.0,Agressivo,Israel
224210,Facebook,2025-01-27,Convertido,3.0,6941.53,Agressivo,Korea
224211,Facebook,2025-01-31,Não Convertido,,0.0,Agressivo,Cuba
224212,Indicação,2025-01-29,Não Convertido,,0.0,Desconhecido,Rwanda
224213,Instagram,2025-01-30,Não Convertido,,0.0,Moderado,Uzbekistan
224214,WhatsApp,2025-01-30,Não Convertido,,0.0,Moderado,British Indian Ocean Territory (Chagos Archipelago)
224215,TikTok,2025-01-31,Não Convertido,,0.0,Agressivo,Lao People's Democratic Republic
224216,Google Ads,2025-02-01,Não Convertido,,0.0,Agressivo,Cape Verde
224217,Instagram,2025-01-31,Não Convertido,,0.0,Agressivo,Bouvet Island (Bouvetoya)
224218,Indicação,2025-01-30,Não Convertido,,0.0,Agressivo,Andorra
224219,TikTok,2025-01-28,Não Convertido,,0.0,Desconhecido,United States Virgin Islands
224220,Facebook,2025-01-29,Não Convertido,,0.0,Moderado,Trinidad and Tobago
224221,Orgânico,2025-01-29,Não Convertido,,0.0,Desconhecido,Cocos (Keeling) Islands
224222,Orgânico,2025-01-29,Não Convertido,,0.0,Moderado,Argentina
224223,Instagram,2025-02-01,Não Convertido,,0.0,Conservador,Niger
224224,TikTok,2025-01-28,Não Convertido,,0.0,Moderado,Indonesia
224225,Google Ads,2025-01-30,Não Convertido,,0.0,Conservador,Somalia
224226,E-mail Marketing,2025-01-30,Convertido,8.0,2693.29,Desconhecido,Tokelau
224227,WhatsApp,2025-01-27,Não Convertido,,0.0,Moderado,Saint Pierre and Miquelon
224228,YouTube Ads,2025-02-01,Não Convertido,,0.0,Moderado,Congo
224229,Orgânico,2025-01-29,Não Convertido,,0.0,Conservador,Congo
224230,E-mail Marketing,2025-01-29,Não Convertido,,0.0,Conservador,Suriname
224231,Facebook,2025-01-31,Não Convertido,,0.0,Moderado,Cyprus
224232,E-mail Marketing,2025-01-31,Não Convertido,,0.0,Moderado,Pakistan
224233,Indicação,2025-01-31,Não Convertido,,0.0,Agressivo,Saint Lucia
224234,Indicação,2025-01-28,Não Convertido,,0.0,Moderado,Bangladesh
224235,TikTok,2025-01-28,Não Convertido,,0.0,Moderado,Swaziland
224236,Orgânico,2025-01-27,Não Convertido,,0.0,Conservador,Azerbaijan
224237,Orgânico,2025-01-31,Não Convertido,,0.0,Conservador,Paraguay
224238,Instagram,2025-02-01,Não Convertido,,0.0,Conservador,Congo
224239,Orgânico,2025-01-30,Não Convertido,,0.0,Agressivo,Gambia
224240,Google Ads,2025-01-27,Não Convertido,,0.0,Moderado,Gibraltar
224241,E-mail Marketing,2025-01-31,Não Convertido,,0.0,Moderado,Central African Republic
224242,Orgânico,2025-01-28,Não Convertido,,0.0,Moderado,Togo
224243,Orgânico,2025-01-30,Não Convertido,,0.0,Agressivo,Turks and Caicos Islands
224244,Indicação,2025-01-27,Não Convertido,,0.0,Moderado,Fiji
224245,Orgânico,2025-01-29,Não Convertido,,0.0,Agressivo,Gibraltar
224246,Orgânico,2025-02-01,Não Convertido,,0.0,Moderado,Peru
224247,Orgânico,2025-01-29,Não Convertido,,0.0,Moderado,Congo
224248,Orgânico,2025-02-01,Não Convertido,,0.0,Moderado,Senegal
224249,TikTok,2025-01-28,Não Convertido,,0.0,Moderado,Tokelau
224250,YouTube Ads,2025-01-28,Não Convertido,,0.0,Moderado,Cocos (Keeling) Islands
224251,Instagram,2025-01-31,Não Convertido,,0.0,Agressivo,Bahrain
224252,TikTok,2025-01-29,Não Convertido,,0.0,Conservador,Andorra
224253,Orgânico,2025-02-01,Não Convertido,,0.0,Moderado,Eritrea
224254,Instagram,2025-01-30,Não Convertido,,0.0,Moderado,French Guiana
224255,Google Ads,2025-01-28,Não Convertido,,0.0,Conservador,Equatorial Guinea
224256,Instagram,2025-02-01,Não Convertido,,0.0,Conservador,Saudi Arabia
224257,Instagram,2025-01-31,Não Convertido,,0.0,Conservador,Pitcairn Islands
224258,Orgânico,2025-02-01,Não Convertido,,0.0,Desconhecido,Guadeloupe
224259,Facebook,2025-02-01,Não Convertido,,0.0,Agressivo,Armenia
224260,Google Ads,2025-01-31,Não Convertido,,0.0,Moderado,Portugal
224261,Instagram,2025-01-28,Não Convertido,,0.0,Moderado,Qatar
224262,WhatsApp,2025-01-30,Não Convertido,,0.0,Moderado,Sweden
224263,Google Ads,2025-01-28,Não Convertido,,0.0,Desconhecido,Guatemala
224264,E-mail Marketing,2025-01-31,Não Convertido,,0.0,Moderado,Australia
224265,Facebook,2025-01-28,Não Convertido,,0.0,Moderado,Australia
224266,Instagram,2025-02-01,Não Convertido,,0.0,Desconhecido,Jamaica
224267,Orgânico,2025-02-01,Não Convertido,,0.0,Moderado,Mauritania
224268,Facebook,2025-01-27,Não Convertido,,0.0,Moderado,Saint Vincent and the Grenadines
224269,Orgânico,2025-01-31,Não Convertido,,0.0,Moderado,Albania
224270,Orgânico,2025-01-30,Não Convertido,,0.0,Moderado,Benin
224271,Indicação,2025-01-28,Não Convertido,,0.0,Moderado,Dominican Republic
224272,Google Ads,2025-01-30,Não Convertido,,0.0,Moderado,Afghanistan
224273,Google Ads,2025-01-29,Não Convertido,,0.0,Moderado,Bolivia
224274,Indicação,2025-01-30,Não Convertido,,0.0,Conservador,Martinique
224275,E-mail Marketing,2025-01-29,Não Convertido,,0.0,Agressivo,Netherlands Antilles
224276,Indicação,2025-01-29,Convertido,23.0,2535.44,Conservador,Vanuatu
224277,Instagram,2025-01-29,Não Convertido,,0.0,Conservador,Kuwait
224278,Instagram,2025-01-31,Não Convertido,,0.0,Moderado,Indonesia
224279,Indicação,2025-01-30,Não Convertido,,0.0,Desconhecido,Rwanda
224280,Google Ads,2025-01-31,Não Convertido,,0.0,Agressivo,Ethiopia
224281,Instagram,2025-02-01,Não Convertido,,0.0,Agressivo,Honduras
224282,Orgânico,2025-02-01,Não Convertido,,0.0,Conservador,Netherlands Antilles
224283,Orgânico,2025-01-29,Não Convertido,,0.0,Agressivo,United Kingdom
224284,E-mail Marketing,2025-01-30,Não Convertido,,0.0,Agressivo,Maldives
224285,Orgânico,2025-01-28,Não Convertido,,0.0,Desconhecido,Malta
224286,E-mail Marketing,2025-01-31,Não Convertido,,0.0,Moderado,Belize
224287,Facebook,2025-01-30,Não Convertido,,0.0,Agressivo,Liechtenstein
224288,Facebook,2025-01-30,Convertido,9.0,1742.79,Moderado,Saint Vincent and the Grenadines
224289,E-mail Marketing,2025-01-31,Não Convertido,,0.0,Moderado,Guyana
224290,Orgânico,2025-01-29,Não Convertido,,0.0,Agressivo,Slovenia
224291,E-mail Marketing,2025-01-31,Não Convertido,,0.0,Desconhecido,Swaziland
224292,Indicação,2025-01-31,Não Convertido,,0.0,Moderado,Algeria
224293,Facebook,2025-02-01,Não Convertido,,0.0,Agressivo,Falkland Islands (Malvinas)
224294,Facebook,2025-01-28,Não Convertido,,0.0,Moderado,French Southern Territories
224295,WhatsApp,2025-01-29,Não Convertido,,0.0,Moderado,Mali
224296,Orgânico,2025-02-01,Não Convertido,,0.0,Moderado,Brazil
224297,Facebook,2025-01-28,Não Convertido,,0.0,Conservador,Equatorial Guinea
224298,Facebook,2025-01-28,Não Convertido,,0.0,Agressivo,Seychelles
224299,Facebook,2025-01-27,Não Convertido,,0.0,Agressivo,Liberia
224300,Orgânico,2025-01-31,Não Convertido,,0.0,Agressivo,Bosnia and Herzegovina
224301,Instagram,2025-01-28,Não Convertido,,0.0,Conservador,Bahamas
224302,Orgânico,2025-01-27,Não Convertido,,0.0,Agressivo,Mali
224303,TikTok,2025-01-29,Não Convertido,,0.0,Moderado,Trinidad and Tobago
224304,Facebook,2025-02-01,Não Convertido,,0.0,Agressivo,Lithuania
224305,Instagram,2025-01-27,Não Convertido,,0.0,Moderado,Botswana
224306,YouTube Ads,2025-01-29,Não Convertido,,0.0,Agressivo,Syrian Arab Republic
224307,Facebook,2025-01-30,Não Convertido,,0.0,Agressivo,Guernsey
224308,TikTok,2025-01-27,Convertido,24.0,833.12,Agressivo,France
224309,E-mail Marketing,2025-02-01,Não Convertido,,0.0,Moderado,Mauritius
224310,WhatsApp,2025-01-30,Não Convertido,,0.0,Moderado,Saint Pierre and Miquelon
224311,YouTube Ads,2025-01-28,Não Convertido,,0.0,Conservador,Northern Mariana Islands
224312,Google Ads,2025-01-31,Não Convertido,,0.0,Moderado,Costa Rica
224313,YouTube Ads,2025-01-30,Não Convertido,,0.0,Desconhecido,Burundi
224314,Orgânico,2025-01-31,Convertido,15.0,5529.52,Conservador,Hungary
224315,Facebook,2025-01-30,Não Convertido,,0.0,Agressivo,Aruba
224316,Orgânico,2025-01-31,Não Convertido,,0.0,Moderado,Malaysia
224317,Facebook,2025-01-31,Não Convertido,,0.0,Moderado,Afghanistan
224318,Facebook,2025-01-27,Não Convertido,,0.0,Conservador,Slovenia
224319,WhatsApp,2025-01-31,Não Convertido,,0.0,Desconhecido,Libyan Arab Jamahiriya
224320,Facebook,2025-01-27,Não Convertido,,0.0,Agressivo,Djibouti
224321,Google Ads,2025-01-31,Não Convertido,,0.0,Agressivo,Romania
224322,Instagram,2025-01-29,Não Convertido,,0.0,Desconhecido,Croatia
224323,TikTok,2025-01-28,Não Convertido,,0.0,Agressivo,Mozambique
224324,E-mail Marketing,2025-01-28,Não Convertido,,0.0,Agressivo,Sri Lanka
224325,TikTok,2025-02-01,Não Convertido,,0.0,Desconhecido,Kazakhstan
224326,Orgânico,2025-01-30,Não Convertido,,0.0,Conservador,Ireland
224327,Orgânico,2025-02-01,Não Convertido,,0.0,Moderado,Sudan
224328,Google Ads,2025-01-30,Não Convertido,,0.0,Agressivo,Bahrain
224329,Orgânico,2025-01-29,Não Convertido,,0.0,Moderado,Falkland Islands (Malvinas)
224330,Google Ads,2025-01-30,Não Convertido,,0.0,Conservador,Gabon
224331,Facebook,2025-01-28,Não Convertido,,0.0,Agressivo,Djibouti
224332,Orgânico,2025-01-31,Não Convertido,,0.0,Agressivo,Burkina Faso
224333,Indicação,2025-01-31,Não Convertido,,0.0,Agressivo,Aruba
224334,E-mail Marketing,2025-02-01,Não Convertido,,0.0,Agressivo,Ecuador
224335,Orgânico,2025-01-31,Não Convertido,,0.0,Moderado,Korea
224336,TikTok,2025-01-30,Não Convertido,,0.0,Moderado,Chile
224337,Facebook,2025-01-31,Não Convertido,,0.0,Agressivo,Iraq
224338,Orgânico,2025-02-01,Não Convertido,,0.0,Moderado,Antarctica (the territory South of 60 deg S)
224339,E-mail Marketing,2025-01-28,Não Convertido,,0.0,Conservador,Taiwan
224340,E-mail Marketing,2025-02-01,Não Convertido,,0.0,Conservador,Mexico
224341,Facebook,2025-01-27,Não Convertido,,0.0,Moderado,Montenegro
224342,Facebook,2025-01-29,Não Convertido,,0.0,Desconhecido,United Arab Emirates
224343,Instagram,2025-02-01,Não Convertido,,0.0,Conservador,Nicaragua
224344,YouTube Ads,2025-01-31,Não Convertido,,0.0,Moderado,Trinidad and Tobago
224345,Instagram,2025-01-28,Não Convertido,,0.0,Agressivo,Argentina
224346,TikTok,2025-02-01,Não Convertido,,0.0,Agressivo,Israel
224347,Facebook,2025-02-01,Não Convertido,,0.0,Desconhecido,Chile
224348,E-mail Marketing,2025-01-30,Não Convertido,,0.0,Conservador,Iran
224349,YouTube Ads,2025-01-27,Não Convertido,,0.0,Moderado,Armenia
224350,Indicação,2025-01-28,Não Convertido,,0.0,Agressivo,British Indian Ocean Territory (Chagos Archipelago)
224351,Facebook,2025-02-01,Não Convertido,,0.0,Agressivo,Saint Helena
224352,WhatsApp,2025-01-30,Não Convertido,,0.0,Conservador,Mauritius
224353,WhatsApp,2025-01-28,Não Convertido,,0.0,Conservador,Saint Lucia
224354,Instagram,2025-01-31,Não Convertido,,0.0,Moderado,Saint Helena
224355,Instagram,2025-01-28,Não Convertido,,0.0,Moderado,Palestinian Territory
224356,Orgânico,2025-01-30,Não Convertido,,0.0,Moderado,Mali
224357,WhatsApp,2025-01-27,Não Convertido,,0.0,Moderado,Netherlands Antilles
224358,E-mail Marketing,2025-02-01,Não Convertido,,0.0,Agressivo,Albania
224359,Facebook,2025-01-29,Não Convertido,,0.0,Desconhecido,Papua New Guinea
224360,Orgânico,2025-01-30,Não Convertido,,0.0,Agressivo,Malta
224361,E-mail Marketing,2025-02-01,Não Convertido,,0.0,Agressivo,Marshall Islands
224362,YouTube Ads,2025-01-30,Não Convertido,,0.0,Agressivo,San Marino
224363,E-mail Marketing,2025-01-30,Não Convertido,,0.0,Conservador,Slovenia
224364,WhatsApp,2025-01-31,Não Convertido,,0.0,Conservador,Benin
224365,TikTok,2025-01-28,Não Convertido,,0.0,Moderado,Svalbard & Jan Mayen Islands
224366,WhatsApp,2025-01-28,Não Convertido,,0.0,Moderado,Finland
224367,Instagram,2025-01-31,Não Convertido,,0.0,Conservador,Bolivia
224368,TikTok,2025-02-01,Não Convertido,,0.0,Agressivo,Guam
224369,Orgânico,2025-01-30,Não Convertido,,0.0,Moderado,Cyprus
224370,Instagram,2025-01-29,Não Convertido,,0.0,Agressivo,Russian Federation
224371,TikTok,2025-01-30,Não Convertido,,0.0,Conservador,Saint Helena
224372,E-mail Marketing,2025-01-31,Não Convertido,,0.0,Moderado,Israel
224373,Google Ads,2025-01-29,Não Convertido,,0.0,Agressivo,Dominican Republic
224374,Facebook,2025-01-27,Não Convertido,,0.0,Moderado,Barbados
224375,Instagram,2025-01-31,Não Convertido,,0.0,Conservador,Myanmar
224376,Instagram,2025-01-28,Não Convertido,,0.0,Agressivo,Martinique
224377,Facebook,2025-01-29,Não Convertido,,0.0,Moderado,Isle of Man
224378,Instagram,2025-01-28,Não Convertido,,0.0,Agressivo,Sierra Leone
224379,E-mail Marketing,2025-01-30,Não Convertido,,0.0,Moderado,Paraguay
224380,Facebook,2025-01-31,Convertido,0.0,4401.84,Desconhecido,Iceland
224381,Instagram,2025-01-27,Não Convertido,,0.0,Moderado,Tunisia
224382,Indicação,2025-01-29,Não Convertido,,0.0,Moderado,India
224383,Facebook,2025-01-28,Não Convertido,,0.0,Moderado,Bangladesh
224384,YouTube Ads,2025-01-31,Não Convertido,,0.0,Conservador,Chad
224385,Google Ads,2025-01-30,Não Convertido,,0.0,Moderado,French Southern Territories
224386,WhatsApp,2025-01-28,Não Convertido,,0.0,Moderado,Ireland
224387,Orgânico,2025-01-27,Não Convertido,,0.0,Agressivo,Christmas Island
224388,E-mail Marketing,2025-02-01,Não Convertido,,0.0,Conservador,Luxembourg
224389,TikTok,2025-02-01,Não Convertido,,0.0,Moderado,Turkmenistan
224390,Google Ads,2025-01-30,Não Convertido,,0.0,Conservador,Solomon Islands
224391,Orgânico,2025-01-29,Não Convertido,,0.0,Conservador,Isle of Man
224392,E-mail Marketing,2025-02-01,Não Convertido,,0.0,Desconhecido,Jamaica
224393,Orgânico,2025-01-29,Não Convertido,,0.0,Agressivo,South Georgia and the South Sandwich Islands
224394,E-mail Marketing,2025-01-30,Não Convertido,,0.0,Moderado,French Polynesia
224395,Google Ads,2025-01-31,Não Convertido,,0.0,Moderado,Grenada
224396,Orgânico,2025-02-01,Não Convertido,,0.0,Conservador,Malaysia
224397,E-mail Marketing,2025-02-01,Não Convertido,,0.0,Moderado,Haiti
224398,Instagram,2025-01-31,Não Convertido,,0.0,Agressivo,Norfolk Island
224399,Facebook,2025-02-01,Não Convertido,,0.0,Conservador,Timor-Leste
224400,TikTok,2025-01-31,Não Convertido,,0.0,Agressivo,Guatemala
224401,Instagram,2025-01-27,Não Convertido,,0.0,Moderado,San Marino
224402,WhatsApp,2025-01-28,Não Convertido,,0.0,Agressivo,Israel
224403,TikTok,2025-02-01,Não Convertido,,0.0,Agressivo,Comoros
224404,Orgânico,2025-01-31,Não Convertido,,0.0,Moderado,Isle of Man
224405,Orgânico,2025-02-01,Não Convertido,,0.0,Desconhecido,North Macedonia
224406,WhatsApp,2025-01-29,Não Convertido,,0.0,Agressivo,Netherlands Antilles
224407,E-mail Marketing,2025-01-29,Convertido,16.0,2760.7,Agressivo,Monaco
224408,E-mail Marketing,2025-02-01,Não Convertido,,0.0,Agressivo,Ethiopia
224409,Facebook,2025-01-29,Não Convertido,,0.0,Agressivo,Cameroon
224410,YouTube Ads,2025-01-31,Não Convertido,,0.0,Conservador,Faroe Islands
224411,E-mail Marketing,2025-01-29,Convertido,22.0,974.78,Agressivo,Saint Barthelemy
224412,TikTok,2025-01-31,Não Convertido,,0.0,Agressivo,Portugal
224413,Orgânico,2025-01-29,Não Convertido,,0.0,Conservador,Armenia
224414,Facebook,2025-01-30,Não Convertido,,0.0,Conservador,Cook Islands
224415,Instagram,2025-01-31,Não Convertido,,0.0,Moderado,Falkland Islands (Malvinas)
224416,TikTok,2025-01-28,Não Convertido,,0.0,Agressivo,China
224417,Facebook,2025-01-28,Não Convertido,,0.0,Conservador,Tonga
224418,Indicação,2025-01-27,Não Convertido,,0.0,Agressivo,Puerto Rico
224419,Google Ads,2025-01-31,Não Convertido,,0.0,Moderado,Spain
224420,TikTok,2025-01-31,Não Convertido,,0.0,Desconhecido,Saint Helena
224421,Orgânico,2025-02-01,Não Convertido,,0.0,Agressivo,Zambia
224422,WhatsApp,2025-01-31,Não Convertido,,0.0,Moderado,Isle of Man
224423,Instagram,2025-01-31,Convertido,9.0,9460.6,Agressivo,Sao Tome and Principe
224424,Indicação,2025-01-29,Não Convertido,,0.0,Agressivo,Kyrgyz Republic
224425,Facebook,2025-01-28,Convertido,14.0,5165.19,Moderado,Morocco
224426,Orgânico,2025-01-28,Não Convertido,,0.0,Moderado,Yemen
224427,Orgânico,2025-01-29,Não Convertido,,0.0,Conservador,Uzbekistan
224428,Orgânico,2025-01-27,Não Convertido,,0.0,Agressivo,Kazakhstan
224429,YouTube Ads,2025-01-28,Não Convertido,,0.0,Conservador,Cote d'Ivoire
224430,Facebook,2025-01-27,Não Convertido,,0.0,Moderado,Burkina Faso
224431,E-mail Marketing,2025-01-29,Não Convertido,,0.0,Conservador,San Marino
224432,TikTok,2025-01-27,Não Convertido,,0.0,Desconhecido,Indonesia
224433,E-mail Marketing,2025-01-28,Não Convertido,,0.0,Moderado,Cape Verde
224434,YouTube Ads,2025-01-30,Não Convertido,,0.0,Agressivo,Gibraltar
224435,WhatsApp,2025-01-28,Não Convertido,,0.0,Desconhecido,Nicaragua
224436,Orgânico,2025-01-27,Não Convertido,,0.0,Moderado,Pakistan
224437,TikTok,2025-01-29,Não Convertido,,0.0,Conservador,Saudi Arabia
224438,YouTube Ads,2025-01-29,Não Convertido,,0.0,Agressivo,Syrian Arab Republic
224439,Facebook,2025-02-01,Não Convertido,,0.0,Moderado,Sudan
224440,Google Ads,2025-01-28,Não Convertido,,0.0,Moderado,Bosnia and Herzegovina
224441,Orgânico,2025-01-28,Não Convertido,,0.0,Agressivo,Guam
224442,YouTube Ads,2025-02-01,Não Convertido,,0.0,Agressivo,Slovenia
224443,Facebook,2025-01-31,Não Convertido,,0.0,Agressivo,Sao Tome and Principe
224444,YouTube Ads,2025-01-29,Não Convertido,,0.0,Conservador,United States Virgin Islands
224445,TikTok,2025-02-01,Não Convertido,,0.0,Conservador,Venezuela
224446,Instagram,2025-01-28,Não Convertido,,0.0,Desconhecido,Montserrat
224447,Facebook,2025-01-31,Não Convertido,,0.0,Agressivo,Montserrat
224448,Facebook,2025-02-01,Não Convertido,,0.0,Moderado,South Georgia and the South Sandwich Islands
224449,Orgânico,2025-01-31,Não Convertido,,0.0,Agressivo,Sao Tome and Principe
224450,E-mail Marketing,2025-01-27,Não Convertido,,0.0,Moderado,Azerbaijan
224451,E-mail Marketing,2025-01-31,Não Convertido,,0.0,Agressivo,Korea
224452,Orgânico,2025-02-01,Não Convertido,,0.0,Moderado,French Southern Territories
224453,Instagram,2025-01-29,Convertido,7.0,754.72,Conservador,Namibia
224454,Instagram,2025-01-29,Não Convertido,,0.0,Moderado,Mexico
224455,WhatsApp,2025-01-30,Não Convertido,,0.0,Conservador,Western Sahara
224456,TikTok,2025-01-29,Não Convertido,,0.0,Moderado,New Caledonia
224457,Indicação,2025-01-28,Convertido,4.0,9323.73,Agressivo,Dominica
224458,Orgânico,2025-01-30,Não Convertido,,0.0,Agressivo,Nicaragua
224459,Instagram,2025-01-28,Não Convertido,,0.0,Desconhecido,Angola
224460,Facebook,2025-01-28,Não Convertido,,0.0,Moderado,Rwanda
224461,Instagram,2025-01-31,Não Convertido,,0.0,Moderado,Lao People's Democratic Republic
224462,Google Ads,2025-01-29,Não Convertido,,0.0,Moderado,Singapore
224463,Indicação,2025-01-30,Não Convertido,,0.0,Agressivo,Norfolk Island
224464,WhatsApp,2025-01-29,Não Convertido,,0.0,Moderado,Saint Helena
224465,Google Ads,2025-01-28,Não Convertido,,0.0,Agressivo,Belgium
224466,TikTok,2025-01-29,Não Convertido,,0.0,Conservador,Dominican Republic
224467,Orgânico,2025-01-27,Não Convertido,,0.0,Agressivo,Saudi Arabia
224468,WhatsApp,2025-02-01,Não Convertido,,0.0,Moderado,Spain
224469,Orgânico,2025-01-29,Não Convertido,,0.0,Conservador,Brunei Darussalam
224470,TikTok,2025-01-30,Não Convertido,,0.0,Agressivo,South Africa
224471,Instagram,2025-01-30,Não Convertido,,0.0,Conservador,Argentina
224472,Orgânico,2025-01-28,Não Convertido,,0.0,Moderado,United States Virgin Islands
224473,Google Ads,2025-01-27,Não Convertido,,0.0,Conservador,Estonia
224474,Instagram,2025-01-30,Não Convertido,,0.0,Agressivo,Indonesia
224475,WhatsApp,2025-01-31,Não Convertido,,0.0,Moderado,Norfolk Island
224476,Instagram,2025-01-27,Não Convertido,,0.0,Moderado,Azerbaijan
224477,Instagram,2025-01-30,Não Convertido,,0.0,Agressivo,Tajikistan
224478,Instagram,2025-02-01,Não Convertido,,0.0,Agressivo,Lebanon
224479,TikTok,2025-01-30,Não Convertido,,0.0,Moderado,Japan
224480,TikTok,2025-01-30,Não Convertido,,0.0,Agressivo,Saint Pierre and Miquelon
224481,WhatsApp,2025-02-01,Não Convertido,,0.0,Conservador,French Polynesia
224482,E-mail Marketing,2025-01-28,Não Convertido,,0.0,Moderado,Maldives
224483,TikTok,2025-01-31,Não Convertido,,0.0,Moderado,Aruba
224484,Orgânico,2025-02-01,Não Convertido,,0.0,Agressivo,Dominica
224485,Instagram,2025-02-01,Não Convertido,,0.0,Conservador,Andorra
224486,Instagram,2025-02-01,Não Convertido,,0.0,Desconhecido,Bangladesh
224487,YouTube Ads,2025-01-27,Não Convertido,,0.0,Agressivo,Wallis and Futuna
224488,Indicação,2025-01-30,Não Convertido,,0.0,Agressivo,Norway
224489,TikTok,2025-01-30,Não Convertido,,0.0,Moderado,Haiti
224490,Orgânico,2025-01-28,Não Convertido,,0.0,Conservador,Hong Kong
224491,E-mail Marketing,2025-02-01,Não Convertido,,0.0,Agressivo,Palau
224492,Instagram,2025-01-29,Não Convertido,,0.0,Conservador,Botswana
224493,WhatsApp,2025-01-29,Não Convertido,,0.0,Conservador,China
224494,TikTok,2025-01-29,Não Convertido,,0.0,Agressivo,Aruba
224495,Orgânico,2025-01-27,Não Convertido,,0.0,Moderado,Chile
224496,Orgânico,2025-01-31,Não Convertido,,0.0,Conservador,Peru
224497,Instagram,2025-01-30,Não Convertido,,0.0,Agressivo,Congo
224498,YouTube Ads,2025-02-01,Não Convertido,,0.0,Moderado,Bhutan
224499,Instagram,2025-01-28,Não Convertido,,0.0,Moderado,Colombia
224500,Facebook,2025-01-27,Não Convertido,,0.0,Agressivo,Syrian Arab Republic
224501,WhatsApp,2025-01-29,Não Convertido,,0.0,Moderado,Suriname
224502,WhatsApp,2025-01-28,Não Convertido,,0.0,Agressivo,Palestinian Territory
224503,Orgânico,2025-01-30,Não Convertido,,0.0,Moderado,Ethiopia
224504,E-mail Marketing,2025-01-30,Não Convertido,,0.0,Moderado,Brazil
224505,E-mail Marketing,2025-01-31,Não Convertido,,0.0,Moderado,Heard Island and McDonald Islands
224506,Google Ads,2025-02-01,Não Convertido,,0.0,Conservador,Greece
224507,Facebook,2025-02-01,Não Convertido,,0.0,Agressivo,Armenia
224508,Google Ads,2025-01-31,Convertido,15.0,5395.82,Agressivo,Nauru
224509,Facebook,2025-01-29,Não Convertido,,0.0,Agressivo,Paraguay
224510,Instagram,2025-02-01,Não Convertido,,0.0,Moderado,Guam
224511,Instagram,2025-01-28,Não Convertido,,0.0,Moderado,Mali
224512,TikTok,2025-01-29,Não Convertido,,0.0,Conservador,India
224513,Orgânico,2025-02-01,Não Convertido,,0.0,Moderado,Holy See (Vatican City State)
224514,Indicação,2025-01-29,Não Convertido,,0.0,Agressivo,Poland
224515,Instagram,2025-02-01,Não Convertido,,0.0,Conservador,United States Minor Outlying Islands
224516,E-mail Marketing,2025-01-28,Não Convertido,,0.0,Moderado,San Marino
224517,Google Ads,2025-01-31,Não Convertido,,0.0,Moderado,Mali
224518,Orgânico,2025-01-27,Não Convertido,,0.0,Moderado,Saint Barthelemy
224519,Facebook,2025-01-31,Não Convertido,,0.0,Moderado,Belize
224520,E-mail Marketing,2025-01-27,Não Convertido,,0.0,Moderado,Bulgaria
224521,Google Ads,2025-01-31,Não Convertido,,0.0,Moderado,Yemen
224522,Instagram,2025-01-28,Não Convertido,,0.0,Conservador,Moldova
224523,YouTube Ads,2025-02-01,Não Convertido,,0.0,Agressivo,Paraguay
224524,YouTube Ads,2025-01-27,Convertido,7.0,8024.82,Moderado,American Samoa
224525,E-mail Marketing,2025-01-27,Não Convertido,,0.0,Agressivo,France
224526,Google Ads,2025-01-30,Não Convertido,,0.0,Agressivo,Saint Pierre and Miquelon
224527,Orgânico,2025-01-31,Não Convertido,,0.0,Moderado,Grenada
224528,E-mail Marketing,2025-01-28,Não Convertido,,0.0,Agressivo,Uruguay
224529,E-mail Marketing,2025-01-27,Não Convertido,,0.0,Conservador,Gabon
224530,Google Ads,2025-02-01,Não Convertido,,0.0,Moderado,Sierra Leone
224531,TikTok,2025-01-27,Não Convertido,,0.0,Agressivo,Botswana
224532,Google Ads,2025-01-29,Não Convertido,,0.0,Moderado,Somalia
224533,E-mail Marketing,2025-01-28,Não Convertido,,0.0,Conservador,Ireland
224534,WhatsApp,2025-01-27,Convertido,26.0,9182.26,Agressivo,Netherlands
224535,TikTok,2025-01-30,Não Convertido,,0.0,Agressivo,Paraguay
224536,Orgânico,2025-01-30,Não Convertido,,0.0,Desconhecido,Djibouti
224537,TikTok,2025-01-27,Não Convertido,,0.0,Agressivo,French Guiana
224538,WhatsApp,2025-01-28,Não Convertido,,0.0,Agressivo,Russian Federation
224539,E-mail Marketing,2025-02-01,Não Convertido,,0.0,Agressivo,Canada
224540,Google Ads,2025-01-28,Não Convertido,,0.0,Desconhecido,Chad
224541,Orgânico,2025-02-01,Convertido,20.0,6533.59,Moderado,Namibia
224542,E-mail Marketing,2025-01-30,Não Convertido,,0.0,Agressivo,Cameroon
224543,Google Ads,2025-02-01,Não Convertido,,0.0,Moderado,Tonga
224544,E-mail Marketing,2025-02-01,Não Convertido,,0.0,Desconhecido,Latvia
224545,E-mail Marketing,2025-01-30,Não Convertido,,0.0,Moderado,Norfolk Island
224546,Instagram,2025-01-30,Não Convertido,,0.0,Moderado,Romania
224547,Google Ads,2025-01-30,Não Convertido,,0.0,Moderado,Cote d'Ivoire
224548,Instagram,2025-02-01,Não Convertido,,0.0,Desconhecido,Philippines
224549,WhatsApp,2025-01-30,Não Convertido,,0.0,Moderado,Czech Republic
224550,TikTok,2025-01-29,Não Convertido,,0.0,Conservador,Vietnam
224551,Instagram,2025-01-27,Não Convertido,,0.0,Agressivo,Uganda
224552,E-mail Marketing,2025-01-30,Convertido,1.0,1872.87,Desconhecido,Azerbaijan
224553,Indicação,2025-01-31,Não Convertido,,0.0,Agressivo,Seychelles
224554,TikTok,2025-01-31,Não Convertido,,0.0,Conservador,Guyana
224555,Orgânico,2025-01-29,Não Convertido,,0.0,Conservador,Sao Tome and Principe
224556,Facebook,2025-01-30,Não Convertido,,0.0,Conservador,South Georgia and the South Sandwich Islands
224557,Google Ads,2025-01-27,Não Convertido,,0.0,Moderado,British Virgin Islands
224558,E-mail Marketing,2025-01-27,Não Convertido,,0.0,Moderado,Cameroon
224559,Instagram,2025-01-27,Não Convertido,,0.0,Moderado,Canada
224560,Orgânico,2025-01-30,Não Convertido,,0.0,Moderado,New Zealand
224561,WhatsApp,2025-01-29,Não Convertido,,0.0,Agressivo,Puerto Rico
224562,WhatsApp,2025-01-29,Não Convertido,,0.0,Agressivo,Taiwan
224563,E-mail Marketing,2025-02-01,Não Convertido,,0.0,Moderado,Guatemala
224564,YouTube Ads,2025-01-31,Não Convertido,,0.0,Agressivo,American Samoa
224565,Orgânico,2025-01-28,Não Convertido,,0.0,Moderado,Moldova
224566,Orgânico,2025-01-28,Não Convertido,,0.0,Conservador,Saint Lucia
224567,WhatsApp,2025-01-31,Não Convertido,,0.0,Agressivo,Lesotho
224568,WhatsApp,2025-01-30,Não Convertido,,0.0,Agressivo,Burkina Faso
224569,Orgânico,2025-02-01,Não Convertido,,0.0,Moderado,Burkina Faso
224570,YouTube Ads,2025-01-30,Não Convertido,,0.0,Agressivo,Libyan Arab Jamahiriya
224571,Facebook,2025-01-27,Não Convertido,,0.0,Conservador,Gambia
224572,TikTok,2025-02-01,Não Convertido,,0.0,Desconhecido,Guernsey
224573,Instagram,2025-01-28,Não Convertido,,0.0,Agressivo,Qatar
224574,Facebook,2025-01-31,Não Convertido,,0.0,Conservador,Cape Verde
224575,YouTube Ads,2025-01-28,Não Convertido,,0.0,Agressivo,Jamaica
224576,E-mail Marketing,2025-01-30,Não Convertido,,0.0,Desconhecido,Mexico
224577,TikTok,2025-01-29,Não Convertido,,0.0,Moderado,Aruba
224578,Orgânico,2025-01-28,Não Convertido,,0.0,Moderado,Netherlands
224579,Google Ads,2025-01-27,Não Convertido,,0.0,Moderado,Saint Helena
224580,Facebook,2025-01-27,Não Convertido,,0.0,Moderado,Kenya
224581,Google Ads,2025-01-28,Não Convertido,,0.0,Moderado,Vanuatu
224582,WhatsApp,2025-01-27,Não Convertido,,0.0,Agressivo,Barbados
224583,Instagram,2025-01-28,Não Convertido,,0.0,Agressivo,El Salvador
224584,Orgânico,2025-01-30,Não Convertido,,0.0,Moderado,Guadeloupe
224585,Google Ads,2025-01-28,Não Convertido,,0.0,Moderado,Western Sahara
224586,Instagram,2025-01-31,Não Convertido,,0.0,Desconhecido,Mali
224587,TikTok,2025-01-29,Não Convertido,,0.0,Moderado,Spain
224588,Instagram,2025-01-31,Convertido,10.0,2819.57,Agressivo,Mexico
224589,Google Ads,2025-01-28,Não Convertido,,0.0,Agressivo,Liechtenstein
224590,Instagram,2025-01-29,Não Convertido,,0.0,Agressivo,South Africa
224591,Google Ads,2025-01-29,Convertido,18.0,2946.2,Conservador,Indonesia
224592,Indicação,2025-01-31,Não Convertido,,0.0,Agressivo,Cyprus
224593,YouTube Ads,2025-01-27,Não Convertido,,0.0,Moderado,France
224594,YouTube Ads,2025-01-31,Não Convertido,,0.0,Moderado,Slovenia
224595,Orgânico,2025-01-31,Não Convertido,,0.0,Moderado,Georgia
224596,Indicação,2025-01-31,Não Convertido,,0.0,Moderado,Northern Mariana Islands
224597,TikTok,2025-02-01,Não Convertido,,0.0,Agressivo,Niger
224598,Google Ads,2025-02-01,Não Convertido,,0.0,Conservador,Tanzania
224599,E-mail Marketing,2025-01-29,Não Convertido,,0.0,Conservador,Belgium
224600,Orgânico,2025-01-27,Não Convertido,,0.0,Moderado,Western Sahara
224601,Instagram,2025-01-28,Não Convertido,,0.0,Conservador,Aruba
224602,Orgânico,2025-02-01,Não Convertido,,0.0,Agressivo,Finland
224603,Instagram,2025-01-30,Não Convertido,,0.0,Moderado,Colombia
224604,Google Ads,2025-01-29,Não Convertido,,0.0,Moderado,Philippines
224605,E-mail Marketing,2025-01-29,Não Convertido,,0.0,Desconhecido,Ethiopia
224606,E-mail Marketing,2025-01-29,Não Convertido,,0.0,Moderado,Fiji
224607,Orgânico,2025-01-27,Não Convertido,,0.0,Desconhecido,Chad
224608,Instagram,2025-01-31,Não Convertido,,0.0,Moderado,Burundi
224609,Facebook,2025-01-28,Não Convertido,,0.0,Agressivo,Sudan
224610,Facebook,2025-01-30,Não Convertido,,0.0,Agressivo,Bahrain
224611,TikTok,2025-01-29,Não Convertido,,0.0,Agressivo,Madagascar
224612,Instagram,2025-02-01,Não Convertido,,0.0,Moderado,Andorra
224613,E-mail Marketing,2025-01-30,Não Convertido,,0.0,Moderado,Portugal
224614,Orgânico,2025-01-30,Não Convertido,,0.0,Agressivo,Papua New Guinea
224615,Orgânico,2025-01-28,Convertido,19.0,9755.34,Moderado,Panama
224616,Facebook,2025-01-28,Não Convertido,,0.0,Desconhecido,Greece
224617,Indicação,2025-01-29,Não Convertido,,0.0,Moderado,Pitcairn Islands
224618,E-mail Marketing,2025-01-30,Não Convertido,,0.0,Moderado,Palestinian Territory
224619,Indicação,2025-02-01,Não Convertido,,0.0,Moderado,Costa Rica
224620,Orgânico,2025-01-30,Não Convertido,,0.0,Moderado,Rwanda
224621,Indicação,2025-01-28,Não Convertido,,0.0,Moderado,Norway
224622,Orgânico,2025-01-28,Não Convertido,,0.0,Moderado,Panama
224623,Indicação,2025-01-29,Não Convertido,,0.0,Agressivo,Myanmar
224624,Facebook,2025-01-30,Não Convertido,,0.0,Desconhecido,Macao
224625,YouTube Ads,2025-02-01,Não Convertido,,0.0,Agressivo,South Georgia and the South Sandwich Islands
224626,Instagram,2025-02-01,Não Convertido,,0.0,Conservador,Chad
224627,Orgânico,2025-01-27,Não Convertido,,0.0,Conservador,Bahrain
224628,TikTok,2025-01-28,Não Convertido,,0.0,Conservador,Malta
224629,Google Ads,2025-01-31,Não Convertido,,0.0,Agressivo,New Caledonia
224630,WhatsApp,2025-02-01,Não Convertido,,0.0,Moderado,China
224631,Instagram,2025-01-31,Não Convertido,,0.0,Desconhecido,Russian Federation
224632,Orgânico,2025-01-27,Não Convertido,,0.0,Moderado,Switzerland
224633,Orgânico,2025-02-01,Não Convertido,,0.0,Moderado,Finland
224634,TikTok,2025-02-01,Não Convertido,,0.0,Moderado,Bahrain
224635,E-mail Marketing,2025-01-27,Não Convertido,,0.0,Moderado,India
224636,Orgânico,2025-01-28,Não Convertido,,0.0,Agressivo,Montserrat
224637,Google Ads,2025-02-01,Convertido,27.0,6260.71,Agressivo,Norway
224638,Instagram,2025-01-27,Não Convertido,,0.0,Conservador,Albania
224639,Orgânico,2025-01-30,Não Convertido,,0.0,Desconhecido,Venezuela
224640,E-mail Marketing,2025-01-27,Não Convertido,,0.0,Moderado,Japan
224641,Facebook,2025-01-31,Não Convertido,,0.0,Moderado,Liechtenstein
224642,E-mail Marketing,2025-01-29,Não Convertido,,0.0,Moderado,Monaco
224643,TikTok,2025-01-28,Não Convertido,,0.0,Moderado,Tuvalu
224644,Orgânico,2025-02-01,Convertido,14.0,9604.95,Desconhecido,Equatorial Guinea
224645,TikTok,2025-01-29,Não Convertido,,0.0,Desconhecido,Chile
224646,Orgânico,2025-01-30,Não Convertido,,0.0,Moderado,Tajikistan
224647,Orgânico,2025-01-30,Não Convertido,,0.0,Moderado,Samoa
224648,Indicação,2025-01-29,Convertido,29.0,9426.23,Conservador,Mali
224649,TikTok,2025-02-01,Não Convertido,,0.0,Moderado,Papua New Guinea
224650,WhatsApp,2025-01-29,Não Convertido,,0.0,Moderado,New Zealand
224651,E-mail Marketing,2025-02-01,Não Convertido,,0.0,Moderado,Guatemala
224652,Orgânico,2025-01-30,Não Convertido,,0.0,Desconhecido,Saudi Arabia
224653,TikTok,2025-01-28,Não Convertido,,0.0,Agressivo,Antigua and Barbuda
224654,YouTube Ads,2025-02-01,Não Convertido,,0.0,Agressivo,Jersey
224655,YouTube Ads,2025-01-29,Não Convertido,,0.0,Moderado,Panama
224656,Google Ads,2025-01-28,Não Convertido,,0.0,Agressivo,Netherlands Antilles
224657,Google Ads,2025-01-31,Não Convertido,,0.0,Agressivo,Papua New Guinea
224658,Google Ads,2025-01-29,Não Convertido,,0.0,Conservador,Holy See (Vatican City State)
224659,YouTube Ads,2025-01-31,Não Convertido,,0.0,Moderado,Sri Lanka
224660,Instagram,2025-01-31,Não Convertido,,0.0,Moderado,Bahrain
224661,WhatsApp,2025-01-31,Não Convertido,,0.0,Moderado,Tajikistan
224662,Facebook,2025-01-31,Não Convertido,,0.0,Agressivo,Tuvalu
224663,Indicação,2025-01-27,Não Convertido,,0.0,Moderado,Bolivia
224664,Indicação,2025-01-30,Não Convertido,,0.0,Conservador,San Marino
224665,Google Ads,2025-01-31,Não Convertido,,0.0,Moderado,Peru
224666,Orgânico,2025-02-01,Não Convertido,,0.0,Desconhecido,Sudan
224667,Facebook,2025-01-31,Não Convertido,,0.0,Desconhecido,Micronesia
224668,E-mail Marketing,2025-02-01,Não Convertido,,0.0,Moderado,Madagascar
224669,E-mail Marketing,2025-01-30,Não Convertido,,0.0,Agressivo,Pitcairn Islands
224670,Orgânico,2025-01-29,Não Convertido,,0.0,Conservador,Svalbard & Jan Mayen Islands
224671,YouTube Ads,2025-01-31,Convertido,20.0,3932.65,Agressivo,Netherlands Antilles
224672,Facebook,2025-01-31,Não Convertido,,0.0,Moderado,Honduras
224673,Instagram,2025-01-27,Não Convertido,,0.0,Moderado,Honduras
224674,Orgânico,2025-01-30,Não Convertido,,0.0,Moderado,Monaco
224675,TikTok,2025-01-28,Não Convertido,,0.0,Moderado,Anguilla
224676,YouTube Ads,2025-01-31,Não Convertido,,0.0,Moderado,Central African Republic
224677,Facebook,2025-01-31,Não Convertido,,0.0,Agressivo,Malta
224678,Orgânico,2025-01-31,Não Convertido,,0.0,Agressivo,Japan
224679,Indicação,2025-01-29,Não Convertido,,0.0,Conservador,Argentina
224680,WhatsApp,2025-01-31,Não Convertido,,0.0,Moderado,Central African Republic
224681,TikTok,2025-02-01,Não Convertido,,0.0,Moderado,Lithuania
224682,Indicação,2025-01-27,Não Convertido,,0.0,Agressivo,Monaco
224683,TikTok,2025-01-27,Não Convertido,,0.0,Moderado,Guinea-Bissau
224684,Orgânico,2025-01-29,Não Convertido,,0.0,Moderado,Swaziland
224685,YouTube Ads,2025-01-31,Não Convertido,,0.0,Agressivo,Iran
224686,Instagram,2025-01-29,Não Convertido,,0.0,Agressivo,Fiji
224687,TikTok,2025-01-27,Não Convertido,,0.0,Conservador,Greenland
224688,YouTube Ads,2025-02-01,Não Convertido,,0.0,Agressivo,Costa Rica
224689,TikTok,2025-01-29,Não Convertido,,0.0,Moderado,Antarctica (the territory South of 60 deg S)
224690,Facebook,2025-01-29,Não Convertido,,0.0,Desconhecido,Netherlands Antilles
224691,Orgânico,2025-01-29,Não Convertido,,0.0,Moderado,French Polynesia
224692,Google Ads,2025-01-29,Convertido,20.0,3388.82,Moderado,Saint Kitts and Nevis
224693,YouTube Ads,2025-01-28,Não Convertido,,0.0,Moderado,Guatemala
224694,TikTok,2025-02-01,Não Convertido,,0.0,Moderado,Georgia
224695,E-mail Marketing,2025-01-28,Não Convertido,,0.0,Conservador,Martinique
224696,Orgânico,2025-01-27,Não Convertido,,0.0,Agressivo,Saint Barthelemy
224697,Indicação,2025-01-28,Não Convertido,,0.0,Conservador,Lesotho
224698,Instagram,2025-01-29,Não Convertido,,0.0,Agressivo,Austria
224699,YouTube Ads,2025-01-30,Não Convertido,,0.0,Agressivo,Equatorial Guinea
224700,TikTok,2025-01-31,Não Convertido,,0.0,Desconhecido,Mayotte
224701,Orgânico,2025-01-29,Não Convertido,,0.0,Conservador,United States Virgin Islands
224702,Indicação,2025-01-27,Não Convertido,,0.0,Agressivo,Greece
224703,Orgânico,2025-01-29,Não Convertido,,0.0,Desconhecido,Algeria
224704,Facebook,2025-01-29,Não Convertido,,0.0,Agressivo,Liberia
224705,WhatsApp,2025-01-30,Não Convertido,,0.0,Moderado,Myanmar
224706,Orgânico,2025-02-01,Não Convertido,,0.0,Moderado,Saint Helena
224707,Facebook,2025-02-01,Não Convertido,,0.0,Moderado,Angola
224708,Orgânico,2025-01-29,Não Convertido,,0.0,Moderado,Sweden
224709,Orgânico,2025-01-29,Não Convertido,,0.0,Desconhecido,Sri Lanka
224710,Google Ads,2025-01-27,Não Convertido,,0.0,Agressivo,Angola
224711,TikTok,2025-01-27,Não Convertido,,0.0,Moderado,Heard Island and McDonald Islands
224712,YouTube Ads,2025-01-28,Não Convertido,,0.0,Agressivo,Brazil
224713,YouTube Ads,2025-01-28,Não Convertido,,0.0,Agressivo,Sri Lanka
224714,Facebook,2025-01-27,Não Convertido,,0.0,Moderado,Swaziland
224715,Orgânico,2025-01-28,Não Convertido,,0.0,Agressivo,Samoa
224716,Instagram,2025-01-29,Não Convertido,,0.0,Moderado,Nigeria
224717,E-mail Marketing,2025-01-27,Não Convertido,,0.0,Conservador,Bhutan
224718,E-mail Marketing,2025-01-30,Não Convertido,,0.0,Conservador,Pitcairn Islands
224719,Facebook,2025-01-28,Não Convertido,,0.0,Agressivo,Western Sahara
224720,Orgânico,2025-01-28,Não Convertido,,0.0,Moderado,Grenada
224721,YouTube Ads,2025-01-30,Não Convertido,,0.0,Desconhecido,Malawi
224722,TikTok,2025-01-31,Não Convertido,,0.0,Moderado,Congo
224723,TikTok,2025-01-31,Não Convertido,,0.0,Conservador,Estonia
224724,Google Ads,2025-01-27,Não Convertido,,0.0,Moderado,Congo
224725,Indicação,2025-01-28,Não Convertido,,0.0,Moderado,Sudan
224726,Instagram,2025-01-28,Não Convertido,,0.0,Moderado,United Arab Emirates
224727,Orgânico,2025-02-01,Não Convertido,,0.0,Agressivo,Western Sahara
224728,Indicação,2025-02-01,Não Convertido,,0.0,Moderado,Guyana
224729,Instagram,2025-01-28,Não Convertido,,0.0,Moderado,Isle of Man
224730,Instagram,2025-01-31,Não Convertido,,0.0,Moderado,Paraguay
224731,TikTok,2025-01-27,Não Convertido,,0.0,Conservador,Paraguay
224732,TikTok,2025-01-31,Não Convertido,,0.0,Agressivo,Bhutan
224733,WhatsApp,2025-02-01,Não Convertido,,0.0,Desconhecido,Comoros
224734,Facebook,2025-01-27,Não Convertido,,0.0,Conservador,Djibouti
224735,Instagram,2025-01-29,Não Convertido,,0.0,Moderado,El Salvador
224736,Facebook,2025-01-29,Não Convertido,,0.0,Moderado,Mexico
224737,Orgânico,2025-02-01,Não Convertido,,0.0,Moderado,Australia
224738,WhatsApp,2025-01-30,Não Convertido,,0.0,Agressivo,China
224739,TikTok,2025-01-27,Não Convertido,,0.0,Moderado,Romania
224740,Orgânico,2025-02-01,Não Convertido,,0.0,Moderado,Equatorial Guinea
224741,TikTok,2025-01-27,Não Convertido,,0.0,Agressivo,Yemen
224742,Google Ads,2025-01-28,Não Convertido,,0.0,Moderado,Gabon
224743,Google Ads,2025-01-29,Não Convertido,,0.0,Conservador,Kazakhstan
224744,Orgânico,2025-01-29,Não Convertido,,0.0,Moderado,Saint Lucia
224745,Facebook,2025-01-31,Não Convertido,,0.0,Conservador,Bulgaria
224746,Orgânico,2025-01-30,Não Convertido,,0.0,Agressivo,Tajikistan
224747,WhatsApp,2025-01-27,Não Convertido,,0.0,Moderado,Cameroon
224748,TikTok,2025-01-28,Não Convertido,,0.0,Moderado,Cayman Islands
224749,Facebook,2025-02-01,Convertido,26.0,6667.08,Conservador,France
224750,Facebook,2025-01-28,Não Convertido,,0.0,Moderado,Suriname
224751,Google Ads,2025-02-01,Não Convertido,,0.0,Moderado,Kenya
224752,YouTube Ads,2025-02-01,Não Convertido,,0.0,Conservador,Albania
224753,E-mail Marketing,2025-02-01,Não Convertido,,0.0,Agressivo,Cote d'Ivoire
224754,E-mail Marketing,2025-01-30,Não Convertido,,0.0,Agressivo,Antarctica (the territory South of 60 deg S)
224755,E-mail Marketing,2025-02-01,Não Convertido,,0.0,Conservador,Jersey
224756,E-mail Marketing,2025-01-30,Não Convertido,,0.0,Agressivo,Pitcairn Islands
224757,Google Ads,2025-01-29,Não Convertido,,0.0,Agressivo,Ecuador
224758,Facebook,2025-01-29,Não Convertido,,0.0,Moderado,Myanmar
224759,Facebook,2025-01-31,Não Convertido,,0.0,Agressivo,Antigua and Barbuda
224760,WhatsApp,2025-01-28,Não Convertido,,0.0,Agressivo,Latvia
224761,Orgânico,2025-01-29,Não Convertido,,0.0,Desconhecido,Canada
224762,Facebook,2025-01-31,Não Convertido,,0.0,Moderado,Syrian Arab Republic
224763,E-mail Marketing,2025-02-01,Não Convertido,,0.0,Agressivo,Norway
224764,WhatsApp,2025-01-31,Não Convertido,,0.0,Desconhecido,Djibouti
224765,Indicação,2025-01-31,Não Convertido,,0.0,Desconhecido,Nauru
224766,Orgânico,2025-02-01,Não Convertido,,0.0,Moderado,Czech Republic
224767,Orgânico,2025-01-30,Não Convertido,,0.0,Moderado,Aruba
224768,Google Ads,2025-01-31,Não Convertido,,0.0,Agressivo,Kiribati
224769,Orgânico,2025-02-01,Não Convertido,,0.0,Agressivo,Chad
224770,Orgânico,2025-01-27,Não Convertido,,0.0,Agressivo,Grenada
224771,Google Ads,2025-01-28,Não Convertido,,0.0,Desconhecido,Serbia
224772,Google Ads,2025-01-27,Não Convertido,,0.0,Conservador,Bhutan
224773,YouTube Ads,2025-01-29,Não Convertido,,0.0,Moderado,Grenada
224774,E-mail Marketing,2025-01-28,Não Convertido,,0.0,Moderado,Uzbekistan
224775,TikTok,2025-01-29,Não Convertido,,0.0,Moderado,Kazakhstan
224776,Facebook,2025-01-27,Não Convertido,,0.0,Agressivo,Norway
224777,Instagram,2025-01-30,Não Convertido,,0.0,Moderado,Greenland
224778,Indicação,2025-01-30,Não Convertido,,0.0,Moderado,Mayotte
224779,WhatsApp,2025-02-01,Não Convertido,,0.0,Moderado,Senegal
224780,TikTok,2025-01-30,Não Convertido,,0.0,Agressivo,Nigeria
224781,E-mail Marketing,2025-02-01,Não Convertido,,0.0,Moderado,Tuvalu
224782,Orgânico,2025-01-30,Não Convertido,,0.0,Desconhecido,Holy See (Vatican City State)
224783,Orgânico,2025-01-28,Não Convertido,,0.0,Moderado,Aruba
224784,TikTok,2025-01-28,Não Convertido,,0.0,Conservador,United States Minor Outlying Islands
224785,Facebook,2025-01-31,Não Convertido,,0.0,Desconhecido,Qatar
224786,Google Ads,2025-01-31,Não Convertido,,0.0,Moderado,North Macedonia
224787,Instagram,2025-01-28,Não Convertido,,0.0,Conservador,Namibia
224788,E-mail Marketing,2025-01-31,Não Convertido,,0.0,Desconhecido,Syrian Arab Republic
224789,E-mail Marketing,2025-02-01,Convertido,25.0,8193.15,Agressivo,Hungary
224790,WhatsApp,2025-01-30,Não Convertido,,0.0,Moderado,China
224791,TikTok,2025-02-01,Não Convertido,,0.0,Conservador,Estonia
224792,Instagram,2025-01-30,Não Convertido,,0.0,Desconhecido,Equatorial Guinea
224793,YouTube Ads,2025-01-29,Não Convertido,,0.0,Agressivo,Iran
224794,Instagram,2025-01-28,Não Convertido,,0.0,Desconhecido,Slovakia (Slovak Republic)
224795,Orgânico,2025-01-30,Não Convertido,,0.0,Moderado,Kiribati
224796,Orgânico,2025-01-27,Não Convertido,,0.0,Conservador,Gambia
224797,Facebook,2025-01-28,Não Convertido,,0.0,Conservador,Djibouti
224798,Facebook,2025-01-29,Não Convertido,,0.0,Agressivo,Jordan
224799,YouTube Ads,2025-01-29,Não Convertido,,0.0,Conservador,Antigua and Barbuda
224800,E-mail Marketing,2025-01-30,Não Convertido,,0.0,Conservador,Chad
224801,TikTok,2025-01-27,Convertido,16.0,5524.21,Agressivo,Guadeloupe
224802,Facebook,2025-01-28,Não Convertido,,0.0,Agressivo,Lao People's Democratic Republic
224803,TikTok,2025-02-01,Não Convertido,,0.0,Moderado,Syrian Arab Republic
224804,Google Ads,2025-01-30,Não Convertido,,0.0,Agressivo,Tonga
224805,Facebook,2025-01-27,Não Convertido,,0.0,Agressivo,Burkina Faso
224806,Indicação,2025-01-31,Não Convertido,,0.0,Moderado,Lao People's Democratic Republic
224807,Orgânico,2025-02-01,Não Convertido,,0.0,Agressivo,Turkmenistan
224808,TikTok,2025-01-27,Não Convertido,,0.0,Desconhecido,Belize
224809,Orgânico,2025-01-28,Convertido,16.0,7441.01,Conservador,Martinique
224810,Instagram,2025-01-29,Não Convertido,,0.0,Conservador,Paraguay
224811,YouTube Ads,2025-01-27,Não Convertido,,0.0,Conservador,Mexico
224812,Orgânico,2025-01-30,Não Convertido,,0.0,Agressivo,Comoros
224813,Orgânico,2025-02-01,Não Convertido,,0.0,Conservador,Western Sahara
224814,YouTube Ads,2025-01-30,Não Convertido,,0.0,Moderado,Tuvalu
224815,Orgânico,2025-01-27,Não Convertido,,0.0,Agressivo,Tunisia
224816,Indicação,2025-02-01,Não Convertido,,0.0,Agressivo,Equatorial Guinea
224817,Google Ads,2025-01-28,Não Convertido,,0.0,Agressivo,Malawi
224818,Instagram,2025-01-27,Não Convertido,,0.0,Moderado,Benin
224819,TikTok,2025-01-29,Não Convertido,,0.0,Conservador,Togo
224820,E-mail Marketing,2025-01-28,Não Convertido,,0.0,Agressivo,Antigua and Barbuda
224821,Orgânico,2025-01-27,Convertido,2.0,5152.95,Agressivo,Liberia
224822,YouTube Ads,2025-01-27,Não Convertido,,0.0,Moderado,Marshall Islands
224823,Google Ads,2025-02-01,Não Convertido,,0.0,Moderado,Heard Island and McDonald Islands
224824,Orgânico,2025-01-31,Não Convertido,,0.0,Conservador,Aruba
224825,Instagram,2025-01-29,Não Convertido,,0.0,Moderado,Luxembourg
224826,E-mail Marketing,2025-01-27,Não Convertido,,0.0,Moderado,United Arab Emirates
224827,Orgânico,2025-01-31,Não Convertido,,0.0,Moderado,Jersey
224828,Google Ads,2025-02-01,Não Convertido,,0.0,Moderado,Seychelles
224829,Instagram,2025-01-27,Não Convertido,,0.0,Agressivo,Botswana
224830,WhatsApp,2025-01-27,Não Convertido,,0.0,Moderado,United Arab Emirates
224831,Orgânico,2025-01-31,Não Convertido,,0.0,Moderado,Cyprus
224832,TikTok,2025-01-27,Não Convertido,,0.0,Moderado,Denmark
224833,Instagram,2025-01-29,Não Convertido,,0.0,Agressivo,Saint Vincent and the Grenadines
224834,Instagram,2025-01-28,Não Convertido,,0.0,Moderado,Panama
224835,Indicação,2025-01-30,Não Convertido,,0.0,Moderado,Antigua and Barbuda
224836,Orgânico,2025-01-30,Não Convertido,,0.0,Agressivo,Trinidad and Tobago
224837,E-mail Marketing,2025-01-30,Não Convertido,,0.0,Conservador,Libyan Arab Jamahiriya
224838,WhatsApp,2025-01-31,Não Convertido,,0.0,Desconhecido,Palestinian Territory
224839,Facebook,2025-02-01,Não Convertido,,0.0,Agressivo,Haiti
224840,Instagram,2025-01-29,Não Convertido,,0.0,Conservador,Lao People's Democratic Republic
224841,Instagram,2025-01-29,Não Convertido,,0.0,Agressivo,Saint Helena
224842,Facebook,2025-01-29,Não Convertido,,0.0,Conservador,Latvia
224843,Google Ads,2025-01-28,Não Convertido,,0.0,Desconhecido,Romania
224844,YouTube Ads,2025-01-30,Não Convertido,,0.0,Agressivo,Jamaica
224845,Indicação,2025-01-31,Não Convertido,,0.0,Moderado,Namibia
224846,Google Ads,2025-01-28,Não Convertido,,0.0,Desconhecido,Luxembourg
224847,Orgânico,2025-01-29,Não Convertido,,0.0,Agressivo,Isle of Man
224848,WhatsApp,2025-02-01,Não Convertido,,0.0,Agressivo,Cambodia
224849,TikTok,2025-01-27,Não Convertido,,0.0,Moderado,Vietnam
224850,TikTok,2025-02-01,Não Convertido,,0.0,Agressivo,Seychelles
224851,Orgânico,2025-01-29,Não Convertido,,0.0,Agressivo,Switzerland
224852,TikTok,2025-02-01,Não Convertido,,0.0,Moderado,Aruba
224853,Indicação,2025-01-28,Não Convertido,,0.0,Conservador,San Marino
224854,TikTok,2025-01-29,Não Convertido,,0.0,Moderado,Tonga
224855,Google Ads,2025-01-30,Não Convertido,,0.0,Desconhecido,Finland
224856,Orgânico,2025-01-30,Não Convertido,,0.0,Moderado,Pakistan
224857,WhatsApp,2025-01-27,Não Convertido,,0.0,Agressivo,Denmark
224858,YouTube Ads,2025-01-27,Convertido,20.0,6637.32,Moderado,Togo
224859,Orgânico,2025-01-30,Não Convertido,,0.0,Agressivo,Azerbaijan
224860,WhatsApp,2025-01-27,Não Convertido,,0.0,Agressivo,Central African Republic
224861,Facebook,2025-02-01,Não Convertido,,0.0,Agressivo,Vanuatu
224862,Instagram,2025-01-29,Não Convertido,,0.0,Agressivo,Bahamas
224863,Instagram,2025-01-30,Convertido,15.0,4339.29,Agressivo,Guyana
224864,E-mail Marketing,2025-01-31,Não Convertido,,0.0,Agressivo,Indonesia
224865,TikTok,2025-01-31,Não Convertido,,0.0,Moderado,North Macedonia
224866,Instagram,2025-01-30,Não Convertido,,0.0,Moderado,Aruba
224867,TikTok,2025-01-31,Não Convertido,,0.0,Moderado,Dominican Republic
224868,YouTube Ads,2025-02-01,Não Convertido,,0.0,Desconhecido,Cambodia
224869,Instagram,2025-01-27,Não Convertido,,0.0,Moderado,Ireland
224870,TikTok,2025-02-01,Convertido,13.0,7383.04,Agressivo,Armenia
224871,Facebook,2025-01-31,Não Convertido,,0.0,Conservador,Senegal
224872,WhatsApp,2025-01-27,Não Convertido,,0.0,Conservador,Congo
224873,TikTok,2025-01-31,Não Convertido,,0.0,Conservador,Timor-Leste
224874,Orgânico,2025-02-01,Não Convertido,,0.0,Moderado,Netherlands
224875,TikTok,2025-01-30,Não Convertido,,0.0,Agressivo,Antarctica (the territory South of 60 deg S)
224876,Orgânico,2025-02-01,Não Convertido,,0.0,Moderado,Dominica
224877,Orgânico,2025-01-27,Não Convertido,,0.0,Agressivo,Switzerland
224878,Google Ads,2025-01-28,Não Convertido,,0.0,Moderado,Nicaragua
224879,Orgânico,2025-01-29,Não Convertido,,0.0,Conservador,Libyan Arab Jamahiriya
224880,WhatsApp,2025-01-28,Não Convertido,,0.0,Moderado,Kyrgyz Republic
224881,Orgânico,2025-01-27,Não Convertido,,0.0,Agressivo,Slovakia (Slovak Republic)
224882,Orgânico,2025-02-01,Não Convertido,,0.0,Agressivo,Ukraine
224883,Google Ads,2025-01-31,Não Convertido,,0.0,Desconhecido,Poland
224884,TikTok,2025-02-01,Não Convertido,,0.0,Moderado,Guinea-Bissau
224885,Facebook,2025-01-30,Não Convertido,,0.0,Desconhecido,Samoa
224886,TikTok,2025-01-28,Não Convertido,,0.0,Desconhecido,American Samoa
224887,WhatsApp,2025-01-29,Não Convertido,,0.0,Moderado,Gibraltar
224888,YouTube Ads,2025-01-29,Não Convertido,,0.0,Conservador,Uganda
224889,TikTok,2025-01-30,Não Convertido,,0.0,Moderado,Comoros
224890,Google Ads,2025-01-27,Não Convertido,,0.0,Conservador,Cambodia
224891,YouTube Ads,2025-01-28,Não Convertido,,0.0,Agressivo,Argentina
224892,WhatsApp,2025-01-31,Não Convertido,,0.0,Conservador,Azerbaijan
224893,Orgânico,2025-02-01,Não Convertido,,0.0,Agressivo,Dominican Republic
224894,WhatsApp,2025-01-28,Não Convertido,,0.0,Moderado,Anguilla
224895,YouTube Ads,2025-01-31,Não Convertido,,0.0,Desconhecido,Nepal
224896,Facebook,2025-01-28,Não Convertido,,0.0,Moderado,Turkey
224897,TikTok,2025-02-01,Não Convertido,,0.0,Agressivo,Costa Rica
224898,Instagram,2025-01-30,Não Convertido,,0.0,Desconhecido,El Salvador
224899,E-mail Marketing,2025-01-31,Não Convertido,,0.0,Moderado,Comoros
224900,WhatsApp,2025-01-29,Não Convertido,,0.0,Agressivo,Zambia
224901,Orgânico,2025-02-01,Não Convertido,,0.0,Conservador,Bangladesh
224902,WhatsApp,2025-01-30,Não Convertido,,0.0,Desconhecido,Luxembourg
224903,TikTok,2025-01-31,Não Convertido,,0.0,Moderado,Congo
224904,Instagram,2025-02-01,Não Convertido,,0.0,Moderado,Greenland
224905,Orgânico,2025-01-28,Não Convertido,,0.0,Agressivo,Senegal
224906,Indicação,2025-01-28,Não Convertido,,0.0,Agressivo,Somalia
224907,E-mail Marketing,2025-01-28,Não Convertido,,0.0,Moderado,Saint Vincent and the Grenadines
224908,Facebook,2025-01-31,Não Convertido,,0.0,Agressivo,New Zealand
224909,Facebook,2025-02-01,Não Convertido,,0.0,Moderado,Switzerland
224910,Instagram,2025-01-30,Não Convertido,,0.0,Moderado,Togo
224911,E-mail Marketing,2025-01-29,Não Convertido,,0.0,Conservador,Saint Vincent and the Grenadines
224912,TikTok,2025-01-31,Convertido,2.0,1569.02,Agressivo,Poland
224913,YouTube Ads,2025-01-29,Não Convertido,,0.0,Moderado,Saint Vincent and the Grenadines
224914,TikTok,2025-01-29,Não Convertido,,0.0,Moderado,Italy
224915,Orgânico,2025-01-29,Não Convertido,,0.0,Conservador,Rwanda
224916,WhatsApp,2025-01-30,Não Convertido,,0.0,Moderado,Tajikistan
224917,Orgânico,2025-01-28,Não Convertido,,0.0,Conservador,Moldova
224918,TikTok,2025-01-28,Não Convertido,,0.0,Conservador,Lithuania
224919,TikTok,2025-01-31,Não Convertido,,0.0,Desconhecido,Tunisia
224920,Instagram,2025-01-31,Convertido,22.0,5730.63,Conservador,Western Sahara
224921,E-mail Marketing,2025-01-30,Não Convertido,,0.0,Moderado,United Kingdom
224922,Google Ads,2025-01-28,Não Convertido,,0.0,Moderado,French Polynesia
224923,E-mail Marketing,2025-01-29,Não Convertido,,0.0,Agressivo,Mali
224924,Google Ads,2025-02-01,Não Convertido,,0.0,Agressivo,Liechtenstein
224925,YouTube Ads,2025-01-30,Não Convertido,,0.0,Moderado,Saint Kitts and Nevis
224926,Orgânico,2025-02-01,Convertido,16.0,416.42,Moderado,Haiti
224927,YouTube Ads,2025-01-28,Não Convertido,,0.0,Conservador,Colombia
224928,Instagram,2025-01-28,Não Convertido,,0.0,Agressivo,Singapore
224929,Google Ads,2025-01-27,Não Convertido,,0.0,Agressivo,Sweden
224930,Instagram,2025-01-28,Não Convertido,,0.0,Moderado,Marshall Islands
224931,Instagram,2025-01-28,Não Convertido,,0.0,Moderado,Sweden
224932,Orgânico,2025-01-31,Não Convertido,,0.0,Moderado,Qatar
224933,Orgânico,2025-01-31,Não Convertido,,0.0,Agressivo,Greenland
224934,Google Ads,2025-01-30,Não Convertido,,0.0,Agressivo,Chad
224935,Google Ads,2025-01-28,Não Convertido,,0.0,Moderado,Argentina
224936,Orgânico,2025-01-30,Não Convertido,,0.0,Moderado,Botswana
224937,Instagram,2025-02-01,Não Convertido,,0.0,Moderado,Netherlands
224938,Google Ads,2025-01-30,Não Convertido,,0.0,Agressivo,Saint Kitts and Nevis
224939,Google Ads,2025-01-28,Não Convertido,,0.0,Agressivo,Netherlands
224940,Orgânico,2025-01-31,Não Convertido,,0.0,Desconhecido,Argentina
224941,TikTok,2025-01-30,Não Convertido,,0.0,Agressivo,Colombia
224942,TikTok,2025-01-27,Não Convertido,,0.0,Conservador,Benin
224943,Instagram,2025-01-27,Não Convertido,,0.0,Agressivo,Bangladesh
224944,E-mail Marketing,2025-01-29,Não Convertido,,0.0,Agressivo,Swaziland
224945,Orgânico,2025-01-28,Não Convertido,,0.0,Agressivo,Vietnam
224946,Orgânico,2025-01-31,Não Convertido,,0.0,Desconhecido,Armenia
224947,TikTok,2025-01-28,Não Convertido,,0.0,Conservador,Madagascar
224948,Orgânico,2025-02-01,Não Convertido,,0.0,Agressivo,Jersey
224949,E-mail Marketing,2025-02-01,Não Convertido,,0.0,Agressivo,Aruba
224950,WhatsApp,2025-02-01,Não Convertido,,0.0,Desconhecido,Algeria
224951,Orgânico,2025-02-01,Não Convertido,,0.0,Agressivo,Colombia
224952,Orgânico,2025-01-28,Não Convertido,,0.0,Agressivo,Colombia
224953,E-mail Marketing,2025-01-27,Não Convertido,,0.0,Desconhecido,Iraq
224954,E-mail Marketing,2025-01-31,Não Convertido,,0.0,Agressivo,Mongolia
224955,WhatsApp,2025-01-28,Não Convertido,,0.0,Desconhecido,Grenada
224956,TikTok,2025-01-29,Não Convertido,,0.0,Moderado,Montenegro
224957,E-mail Marketing,2025-01-31,Não Convertido,,0.0,Agressivo,Gabon
224958,Instagram,2025-01-31,Não Convertido,,0.0,Moderado,Philippines
224959,Facebook,2025-01-28,Não Convertido,,0.0,Agressivo,Bahamas
224960,Facebook,2025-01-29,Não Convertido,,0.0,Conservador,Nauru
224961,E-mail Marketing,2025-01-28,Não Convertido,,0.0,Agressivo,Jordan
224962,YouTube Ads,2025-01-27,Não Convertido,,0.0,Moderado,Saint Vincent and the Grenadines
224963,Instagram,2025-02-01,Não Convertido,,0.0,Desconhecido,Saint Martin
224964,TikTok,2025-02-01,Não Convertido,,0.0,Moderado,Czech Republic
224965,Facebook,2025-01-28,Não Convertido,,0.0,Moderado,United States of America
224966,Google Ads,2025-01-27,Não Convertido,,0.0,Moderado,Romania
224967,TikTok,2025-01-28,Não Convertido,,0.0,Moderado,Nauru
224968,Indicação,2025-01-31,Convertido,17.0,4576.85,Agressivo,Gibraltar
224969,WhatsApp,2025-02-01,Não Convertido,,0.0,Agressivo,Rwanda
224970,YouTube Ads,2025-01-30,Não Convertido,,0.0,Moderado,Guatemala
224971,Facebook,2025-02-01,Não Convertido,,0.0,Agressivo,Iraq
224972,Instagram,2025-01-31,Não Convertido,,0.0,Moderado,Singapore
224973,Google Ads,2025-02-01,Não Convertido,,0.0,Agressivo,Denmark
224974,Google Ads,2025-01-29,Não Convertido,,0.0,Conservador,Bahrain
224975,TikTok,2025-01-30,Não Convertido,,0.0,Conservador,Belize
224976,Orgânico,2025-01-30,Não Convertido,,0.0,Agressivo,Kiribati
224977,Instagram,2025-01-28,Não Convertido,,0.0,Moderado,Germany
224978,Instagram,2025-01-27,Não Convertido,,0.0,Agressivo,Cameroon
224979,WhatsApp,2025-01-27,Não Convertido,,0.0,Agressivo,Kyrgyz Republic
224980,Orgânico,2025-01-28,Não Convertido,,0.0,Desconhecido,Bermuda
224981,Instagram,2025-01-27,Não Convertido,,0.0,Agressivo,Ethiopia
224982,E-mail Marketing,2025-01-30,Não Convertido,,0.0,Moderado,Saint Kitts and Nevis
224983,TikTok,2025-01-27,Não Convertido,,0.0,Conservador,Lebanon
224984,Indicação,2025-01-29,Não Convertido,,0.0,Desconhecido,Marshall Islands
224985,Instagram,2025-02-01,Não Convertido,,0.0,Desconhecido,Suriname
224986,TikTok,2025-02-01,Não Convertido,,0.0,Moderado,Pakistan
224987,TikTok,2025-01-30,Não Convertido,,0.0,Conservador,British Virgin Islands
224988,TikTok,2025-01-29,Não Convertido,,0.0,Agressivo,Bolivia
224989,WhatsApp,2025-01-31,Não Convertido,,0.0,Conservador,Northern Mariana Islands
224990,E-mail Marketing,2025-01-29,Não Convertido,,0.0,Conservador,Ghana
224991,Instagram,2025-01-31,Não Convertido,,0.0,Agressivo,United Arab Emirates
224992,Facebook,2025-01-28,Não Convertido,,0.0,Moderado,Tokelau
224993,E-mail Marketing,2025-01-30,Não Convertido,,0.0,Desconhecido,Singapore
224994,Orgânico,2025-02-01,Não Convertido,,0.0,Moderado,Lithuania
224995,E-mail Marketing,2025-02-01,Não Convertido,,0.0,Moderado,Botswana
224996,Orgânico,2025-02-01,Não Convertido,,0.0,Desconhecido,Comoros
224997,TikTok,2025-01-31,Não Convertido,,0.0,Conservador,Korea
224998,YouTube Ads,2025-02-01,Não Convertido,,0.0,Moderado,Martinique
224999,TikTok,2025-01-27,Não Convertido,,0.0,Agressivo,Guyana
225000,E-mail Marketing,2025-01-27,Não Convertido,,0.0,Desconhecido,Mexico
225001,TikTok,2025-01-31,Não Convertido,,0.0,Moderado,Bouvet Island (Bouvetoya)
225002,TikTok,2025-02-01,Não Convertido,,0.0,Moderado,Benin
225003,Orgânico,2025-01-30,Não Convertido,,0.0,Moderado,Hungary
225004,Orgânico,2025-01-30,Não Convertido,,0.0,Conservador,Gabon
225005,Google Ads,2025-01-30,Não Convertido,,0.0,Conservador,British Indian Ocean Territory (Chagos Archipelago)
225006,Facebook,2025-01-30,Não Convertido,,0.0,Conservador,South Africa
225007,YouTube Ads,2025-01-30,Não Convertido,,0.0,Desconhecido,Jamaica
225008,Orgânico,2025-01-30,Não Convertido,,0.0,Desconhecido,Slovenia
225009,Facebook,2025-01-27,Não Convertido,,0.0,Agressivo,Pakistan
225010,Facebook,2025-01-30,Não Convertido,,0.0,Agressivo,Isle of Man
