lead_id,origem,data_cadastro,status_conversao,dias_ate_1o_trade,valor_deposito,perfil,pais
214031,Instagram,2025-01-14,Não Convertido,,0.0,Moderado,Burkina Faso
214032,Google Ads,2025-01-15,Não Convertido,,0.0,Conservador,Argentina
214033,Google Ads,2025-01-18,Não Convertido,,0.0,Agressivo,Seychelles
214034,YouTube Ads,2025-01-18,Não Convertido,,0.0,Desconhecido,Gibraltar
214035,TikTok,2025-01-18,Não Convertido,,0.0,Agressivo,Iran
214036,Google Ads,2025-01-15,Não Convertido,,0.0,Moderado,Nicaragua
214037,Orgânico,2025-01-16,Não Convertido,,0.0,Moderado,Latvia
214038,Facebook,2025-01-13,Não Convertido,,0.0,Moderado,Rwanda
214039,Orgânico,2025-01-14,Não Convertido,,0.0,Moderado,Cuba
214040,E-mail Marketing,2025-01-13,Não Convertido,,0.0,Moderado,Sao Tome and Principe
214041,Indicação,2025-01-15,Não Convertido,,0.0,Conservador,Liechtenstein
214042,Orgânico,2025-01-14,Não Convertido,,0.0,Moderado,Tonga
214043,YouTube Ads,2025-01-18,Não Convertido,,0.0,Moderado,Anguilla
214044,Orgânico,2025-01-18,Não Convertido,,0.0,Conservador,Bahrain
214045,WhatsApp,2025-01-16,Não Convertido,,0.0,Moderado,Sweden
214046,TikTok,2025-01-17,Não Convertido,,0.0,Agressivo,Romania
214047,Indicação,2025-01-17,Não Convertido,,0.0,Moderado,Saint Pierre and Miquelon
214048,Facebook,2025-01-13,Não Convertido,,0.0,Moderado,Philippines
214049,Orgânico,2025-01-18,Não Convertido,,0.0,Agressivo,China
214050,E-mail Marketing,2025-01-13,Não Convertido,,0.0,Agressivo,Italy
214051,Orgânico,2025-01-14,Não Convertido,,0.0,Agressivo,Gambia
214052,YouTube Ads,2025-01-16,Não Convertido,,0.0,Moderado,Angola
214053,E-mail Marketing,2025-01-18,Não Convertido,,0.0,Moderado,Saint Kitts and Nevis
214054,WhatsApp,2025-01-18,Não Convertido,,0.0,Conservador,Saint Kitts and Nevis
214055,YouTube Ads,2025-01-15,Não Convertido,,0.0,Moderado,Afghanistan
214056,Orgânico,2025-01-17,Não Convertido,,0.0,Moderado,Marshall Islands
214057,Facebook,2025-01-17,Não Convertido,,0.0,Agressivo,Russian Federation
214058,TikTok,2025-01-14,Não Convertido,,0.0,Agressivo,Djibouti
214059,Instagram,2025-01-16,Não Convertido,,0.0,Moderado,Australia
214060,TikTok,2025-01-18,Não Convertido,,0.0,Conservador,Niger
214061,Indicação,2025-01-18,Não Convertido,,0.0,Moderado,Belgium
214062,TikTok,2025-01-18,Não Convertido,,0.0,Agressivo,Honduras
214063,E-mail Marketing,2025-01-15,Convertido,12.0,3762.54,Conservador,Guinea-Bissau
214064,E-mail Marketing,2025-01-14,Não Convertido,,0.0,Conservador,Senegal
214065,Facebook,2025-01-14,Convertido,24.0,3338.65,Desconhecido,Guadeloupe
214066,WhatsApp,2025-01-18,Não Convertido,,0.0,Agressivo,Senegal
214067,E-mail Marketing,2025-01-15,Não Convertido,,0.0,Moderado,Eritrea
214068,Google Ads,2025-01-16,Não Convertido,,0.0,Moderado,Tanzania
214069,E-mail Marketing,2025-01-15,Não Convertido,,0.0,Desconhecido,Martinique
214070,Instagram,2025-01-13,Não Convertido,,0.0,Moderado,Reunion
214071,Facebook,2025-01-15,Não Convertido,,0.0,Moderado,Cayman Islands
214072,Indicação,2025-01-16,Não Convertido,,0.0,Moderado,Guinea
214073,Facebook,2025-01-13,Não Convertido,,0.0,Desconhecido,Serbia
214074,Orgânico,2025-01-13,Não Convertido,,0.0,Conservador,Tokelau
214075,Orgânico,2025-01-16,Não Convertido,,0.0,Moderado,Greece
214076,E-mail Marketing,2025-01-14,Não Convertido,,0.0,Moderado,Mauritania
214077,Instagram,2025-01-14,Não Convertido,,0.0,Desconhecido,Kazakhstan
214078,WhatsApp,2025-01-13,Não Convertido,,0.0,Agressivo,Bosnia and Herzegovina
214079,Orgânico,2025-01-15,Convertido,26.0,4896.74,Agressivo,Saudi Arabia
214080,Google Ads,2025-01-18,Não Convertido,,0.0,Moderado,Bosnia and Herzegovina
214081,TikTok,2025-01-14,Não Convertido,,0.0,Moderado,Tuvalu
214082,Indicação,2025-01-15,Não Convertido,,0.0,Agressivo,Somalia
214083,Google Ads,2025-01-14,Não Convertido,,0.0,Moderado,Estonia
214084,YouTube Ads,2025-01-16,Não Convertido,,0.0,Moderado,Afghanistan
214085,Orgânico,2025-01-16,Não Convertido,,0.0,Agressivo,Trinidad and Tobago
214086,WhatsApp,2025-01-16,Convertido,19.0,2646.67,Agressivo,Georgia
214087,Google Ads,2025-01-15,Não Convertido,,0.0,Agressivo,Antigua and Barbuda
214088,Google Ads,2025-01-15,Não Convertido,,0.0,Moderado,Liberia
214089,E-mail Marketing,2025-01-14,Não Convertido,,0.0,Moderado,Taiwan
214090,E-mail Marketing,2025-01-18,Não Convertido,,0.0,Agressivo,China
214091,Orgânico,2025-01-16,Convertido,0.0,6505.77,Moderado,Austria
214092,E-mail Marketing,2025-01-14,Não Convertido,,0.0,Agressivo,Uzbekistan
214093,TikTok,2025-01-14,Não Convertido,,0.0,Moderado,Ethiopia
214094,E-mail Marketing,2025-01-13,Não Convertido,,0.0,Moderado,New Zealand
214095,E-mail Marketing,2025-01-18,Não Convertido,,0.0,Moderado,Nauru
214096,TikTok,2025-01-14,Não Convertido,,0.0,Moderado,Australia
214097,Orgânico,2025-01-17,Não Convertido,,0.0,Conservador,Thailand
214098,E-mail Marketing,2025-01-16,Não Convertido,,0.0,Conservador,Pitcairn Islands
214099,TikTok,2025-01-15,Não Convertido,,0.0,Moderado,Hungary
214100,Indicação,2025-01-18,Não Convertido,,0.0,Conservador,Morocco
214101,Facebook,2025-01-17,Não Convertido,,0.0,Moderado,Moldova
214102,Orgânico,2025-01-14,Não Convertido,,0.0,Conservador,Guinea
214103,TikTok,2025-01-17,Não Convertido,,0.0,Moderado,Cuba
214104,YouTube Ads,2025-01-17,Não Convertido,,0.0,Agressivo,Christmas Island
214105,Instagram,2025-01-18,Não Convertido,,0.0,Moderado,Turkey
214106,Orgânico,2025-01-17,Não Convertido,,0.0,Desconhecido,Burkina Faso
214107,Orgânico,2025-01-14,Não Convertido,,0.0,Agressivo,United Kingdom
214108,Instagram,2025-01-17,Não Convertido,,0.0,Conservador,Mexico
214109,Instagram,2025-01-17,Não Convertido,,0.0,Moderado,Netherlands
214110,YouTube Ads,2025-01-16,Não Convertido,,0.0,Moderado,Burkina Faso
214111,Instagram,2025-01-15,Não Convertido,,0.0,Moderado,Korea
214112,Orgânico,2025-01-14,Não Convertido,,0.0,Conservador,Cayman Islands
214113,Indicação,2025-01-13,Não Convertido,,0.0,Agressivo,Northern Mariana Islands
214114,Google Ads,2025-01-17,Não Convertido,,0.0,Moderado,Niue
214115,YouTube Ads,2025-01-17,Não Convertido,,0.0,Moderado,Morocco
214116,YouTube Ads,2025-01-14,Convertido,13.0,6960.71,Agressivo,Kazakhstan
214117,YouTube Ads,2025-01-14,Não Convertido,,0.0,Moderado,Svalbard & Jan Mayen Islands
214118,E-mail Marketing,2025-01-13,Não Convertido,,0.0,Moderado,Macao
214119,Instagram,2025-01-13,Não Convertido,,0.0,Agressivo,Serbia
214120,Orgânico,2025-01-15,Não Convertido,,0.0,Conservador,Korea
214121,Orgânico,2025-01-13,Não Convertido,,0.0,Agressivo,Pakistan
214122,Instagram,2025-01-13,Não Convertido,,0.0,Moderado,Burkina Faso
214123,Facebook,2025-01-18,Não Convertido,,0.0,Agressivo,Mayotte
214124,E-mail Marketing,2025-01-15,Não Convertido,,0.0,Moderado,Finland
214125,Orgânico,2025-01-14,Convertido,8.0,1962.4,Agressivo,Malta
214126,Orgânico,2025-01-14,Não Convertido,,0.0,Moderado,Moldova
214127,Instagram,2025-01-18,Não Convertido,,0.0,Agressivo,Greece
214128,E-mail Marketing,2025-01-14,Não Convertido,,0.0,Agressivo,Zimbabwe
214129,Orgânico,2025-01-14,Não Convertido,,0.0,Moderado,Brunei Darussalam
214130,TikTok,2025-01-17,Não Convertido,,0.0,Moderado,Thailand
214131,YouTube Ads,2025-01-17,Não Convertido,,0.0,Agressivo,Vanuatu
214132,YouTube Ads,2025-01-15,Não Convertido,,0.0,Agressivo,Niue
214133,Indicação,2025-01-16,Não Convertido,,0.0,Conservador,Tonga
214134,TikTok,2025-01-17,Não Convertido,,0.0,Moderado,Solomon Islands
214135,Orgânico,2025-01-14,Não Convertido,,0.0,Conservador,Samoa
214136,Indicação,2025-01-14,Não Convertido,,0.0,Moderado,Nauru
214137,YouTube Ads,2025-01-17,Não Convertido,,0.0,Agressivo,Philippines
214138,Indicação,2025-01-17,Não Convertido,,0.0,Moderado,Bouvet Island (Bouvetoya)
214139,TikTok,2025-01-18,Não Convertido,,0.0,Desconhecido,Western Sahara
214140,Google Ads,2025-01-18,Não Convertido,,0.0,Agressivo,Cocos (Keeling) Islands
214141,Orgânico,2025-01-18,Não Convertido,,0.0,Conservador,Timor-Leste
214142,Facebook,2025-01-13,Não Convertido,,0.0,Moderado,Uzbekistan
214143,Instagram,2025-01-17,Não Convertido,,0.0,Agressivo,Lesotho
214144,Orgânico,2025-01-18,Não Convertido,,0.0,Moderado,Turkey
214145,YouTube Ads,2025-01-16,Não Convertido,,0.0,Conservador,Cuba
214146,Indicação,2025-01-16,Não Convertido,,0.0,Moderado,Chile
214147,E-mail Marketing,2025-01-16,Não Convertido,,0.0,Conservador,Ghana
214148,TikTok,2025-01-13,Não Convertido,,0.0,Desconhecido,San Marino
214149,Orgânico,2025-01-15,Não Convertido,,0.0,Moderado,Macao
214150,WhatsApp,2025-01-15,Não Convertido,,0.0,Moderado,Svalbard & Jan Mayen Islands
214151,Facebook,2025-01-16,Não Convertido,,0.0,Conservador,Lithuania
214152,Instagram,2025-01-17,Não Convertido,,0.0,Moderado,Saint Helena
214153,Orgânico,2025-01-18,Não Convertido,,0.0,Moderado,Panama
214154,Orgânico,2025-01-13,Não Convertido,,0.0,Moderado,Cape Verde
214155,Instagram,2025-01-18,Convertido,24.0,3588.66,Moderado,Croatia
214156,TikTok,2025-01-18,Não Convertido,,0.0,Moderado,Lebanon
214157,E-mail Marketing,2025-01-14,Não Convertido,,0.0,Conservador,Costa Rica
214158,Instagram,2025-01-14,Não Convertido,,0.0,Agressivo,Pakistan
214159,Orgânico,2025-01-14,Não Convertido,,0.0,Conservador,India
214160,TikTok,2025-01-13,Não Convertido,,0.0,Agressivo,Somalia
214161,YouTube Ads,2025-01-13,Não Convertido,,0.0,Moderado,Libyan Arab Jamahiriya
214162,Instagram,2025-01-14,Não Convertido,,0.0,Agressivo,Wallis and Futuna
214163,Indicação,2025-01-17,Não Convertido,,0.0,Moderado,Holy See (Vatican City State)
214164,Orgânico,2025-01-14,Não Convertido,,0.0,Moderado,Heard Island and McDonald Islands
214165,Google Ads,2025-01-17,Não Convertido,,0.0,Agressivo,Belize
214166,E-mail Marketing,2025-01-16,Não Convertido,,0.0,Agressivo,Equatorial Guinea
214167,YouTube Ads,2025-01-18,Convertido,24.0,6209.11,Agressivo,Rwanda
214168,Facebook,2025-01-16,Não Convertido,,0.0,Moderado,Malaysia
214169,YouTube Ads,2025-01-15,Não Convertido,,0.0,Moderado,Syrian Arab Republic
214170,Orgânico,2025-01-15,Não Convertido,,0.0,Agressivo,Oman
214171,WhatsApp,2025-01-16,Convertido,15.0,7160.58,Conservador,Tunisia
214172,Facebook,2025-01-17,Não Convertido,,0.0,Moderado,Sri Lanka
214173,Indicação,2025-01-15,Não Convertido,,0.0,Agressivo,Myanmar
214174,E-mail Marketing,2025-01-16,Não Convertido,,0.0,Moderado,Malaysia
214175,TikTok,2025-01-15,Não Convertido,,0.0,Agressivo,Namibia
214176,Facebook,2025-01-17,Não Convertido,,0.0,Agressivo,Madagascar
214177,Instagram,2025-01-17,Não Convertido,,0.0,Conservador,Finland
214178,Orgânico,2025-01-17,Não Convertido,,0.0,Agressivo,Turkmenistan
214179,Orgânico,2025-01-16,Convertido,24.0,2617.2,Agressivo,El Salvador
214180,Google Ads,2025-01-16,Não Convertido,,0.0,Moderado,Ireland
214181,Orgânico,2025-01-13,Não Convertido,,0.0,Agressivo,Saint Barthelemy
214182,Facebook,2025-01-15,Não Convertido,,0.0,Moderado,Iceland
214183,Orgânico,2025-01-14,Não Convertido,,0.0,Desconhecido,Gibraltar
214184,E-mail Marketing,2025-01-15,Não Convertido,,0.0,Desconhecido,British Virgin Islands
214185,Indicação,2025-01-15,Não Convertido,,0.0,Desconhecido,British Virgin Islands
214186,Facebook,2025-01-17,Não Convertido,,0.0,Agressivo,Djibouti
214187,Google Ads,2025-01-17,Não Convertido,,0.0,Conservador,Brunei Darussalam
214188,Orgânico,2025-01-14,Não Convertido,,0.0,Moderado,Philippines
214189,Instagram,2025-01-18,Não Convertido,,0.0,Agressivo,Lebanon
214190,E-mail Marketing,2025-01-14,Não Convertido,,0.0,Desconhecido,Jersey
214191,WhatsApp,2025-01-17,Não Convertido,,0.0,Agressivo,Denmark
214192,Orgânico,2025-01-17,Não Convertido,,0.0,Conservador,Peru
214193,Google Ads,2025-01-14,Não Convertido,,0.0,Agressivo,Christmas Island
214194,WhatsApp,2025-01-16,Não Convertido,,0.0,Agressivo,Hong Kong
214195,Orgânico,2025-01-16,Não Convertido,,0.0,Conservador,Afghanistan
214196,Orgânico,2025-01-15,Não Convertido,,0.0,Agressivo,Turkmenistan
214197,Google Ads,2025-01-14,Não Convertido,,0.0,Agressivo,India
214198,Instagram,2025-01-16,Não Convertido,,0.0,Agressivo,Burkina Faso
214199,YouTube Ads,2025-01-13,Não Convertido,,0.0,Moderado,Eritrea
214200,TikTok,2025-01-15,Não Convertido,,0.0,Agressivo,Tonga
214201,E-mail Marketing,2025-01-18,Não Convertido,,0.0,Agressivo,Croatia
214202,E-mail Marketing,2025-01-15,Não Convertido,,0.0,Moderado,Christmas Island
214203,Instagram,2025-01-16,Não Convertido,,0.0,Agressivo,Belarus
214204,TikTok,2025-01-17,Não Convertido,,0.0,Moderado,United Arab Emirates
214205,TikTok,2025-01-17,Não Convertido,,0.0,Agressivo,Guinea-Bissau
214206,Orgânico,2025-01-13,Convertido,30.0,2835.17,Moderado,Antigua and Barbuda
214207,Instagram,2025-01-15,Não Convertido,,0.0,Desconhecido,Sao Tome and Principe
214208,YouTube Ads,2025-01-15,Convertido,20.0,391.96,Moderado,Djibouti
214209,Google Ads,2025-01-16,Não Convertido,,0.0,Agressivo,Saint Martin
214210,TikTok,2025-01-16,Não Convertido,,0.0,Moderado,Falkland Islands (Malvinas)
214211,Indicação,2025-01-16,Não Convertido,,0.0,Moderado,Kuwait
214212,E-mail Marketing,2025-01-17,Não Convertido,,0.0,Moderado,Malawi
214213,Google Ads,2025-01-15,Não Convertido,,0.0,Agressivo,Cuba
214214,TikTok,2025-01-18,Não Convertido,,0.0,Moderado,Bhutan
214215,Google Ads,2025-01-18,Não Convertido,,0.0,Conservador,Cyprus
214216,Orgânico,2025-01-17,Não Convertido,,0.0,Moderado,Mozambique
214217,Google Ads,2025-01-14,Não Convertido,,0.0,Moderado,Palau
214218,E-mail Marketing,2025-01-13,Não Convertido,,0.0,Agressivo,Lao People's Democratic Republic
214219,Orgânico,2025-01-14,Não Convertido,,0.0,Conservador,France
214220,Orgânico,2025-01-17,Não Convertido,,0.0,Moderado,Samoa
214221,Instagram,2025-01-17,Não Convertido,,0.0,Agressivo,Liberia
214222,WhatsApp,2025-01-17,Não Convertido,,0.0,Agressivo,South Africa
214223,Orgânico,2025-01-17,Não Convertido,,0.0,Conservador,Martinique
214224,Facebook,2025-01-14,Não Convertido,,0.0,Moderado,Malaysia
214225,TikTok,2025-01-16,Não Convertido,,0.0,Moderado,New Zealand
214226,YouTube Ads,2025-01-15,Não Convertido,,0.0,Conservador,Timor-Leste
214227,Facebook,2025-01-18,Não Convertido,,0.0,Agressivo,Honduras
214228,WhatsApp,2025-01-13,Não Convertido,,0.0,Agressivo,Svalbard & Jan Mayen Islands
214229,Facebook,2025-01-17,Não Convertido,,0.0,Conservador,Panama
214230,Orgânico,2025-01-15,Não Convertido,,0.0,Agressivo,Kazakhstan
214231,TikTok,2025-01-14,Não Convertido,,0.0,Moderado,Australia
214232,WhatsApp,2025-01-15,Não Convertido,,0.0,Moderado,Swaziland
214233,WhatsApp,2025-01-13,Não Convertido,,0.0,Moderado,Malaysia
214234,Facebook,2025-01-18,Não Convertido,,0.0,Moderado,Dominica
214235,Google Ads,2025-01-15,Não Convertido,,0.0,Agressivo,Paraguay
214236,Orgânico,2025-01-16,Não Convertido,,0.0,Moderado,Turks and Caicos Islands
214237,E-mail Marketing,2025-01-13,Não Convertido,,0.0,Moderado,Guadeloupe
214238,Google Ads,2025-01-13,Não Convertido,,0.0,Moderado,Gambia
214239,YouTube Ads,2025-01-17,Não Convertido,,0.0,Moderado,Qatar
214240,Indicação,2025-01-18,Não Convertido,,0.0,Moderado,Netherlands
214241,YouTube Ads,2025-01-13,Não Convertido,,0.0,Moderado,Nepal
214242,E-mail Marketing,2025-01-16,Não Convertido,,0.0,Agressivo,United States of America
214243,E-mail Marketing,2025-01-16,Não Convertido,,0.0,Conservador,Japan
214244,TikTok,2025-01-18,Não Convertido,,0.0,Moderado,Portugal
214245,E-mail Marketing,2025-01-14,Não Convertido,,0.0,Moderado,Benin
214246,YouTube Ads,2025-01-13,Não Convertido,,0.0,Moderado,Portugal
214247,Instagram,2025-01-14,Não Convertido,,0.0,Agressivo,Myanmar
214248,Facebook,2025-01-13,Não Convertido,,0.0,Agressivo,Denmark
214249,TikTok,2025-01-15,Não Convertido,,0.0,Agressivo,Mauritius
214250,Google Ads,2025-01-17,Não Convertido,,0.0,Agressivo,Swaziland
214251,Orgânico,2025-01-18,Não Convertido,,0.0,Desconhecido,Barbados
214252,E-mail Marketing,2025-01-18,Convertido,14.0,4797.94,Moderado,Hong Kong
214253,TikTok,2025-01-13,Não Convertido,,0.0,Moderado,Tuvalu
214254,WhatsApp,2025-01-14,Convertido,27.0,4717.44,Conservador,Jersey
214255,Orgânico,2025-01-17,Não Convertido,,0.0,Moderado,Heard Island and McDonald Islands
214256,Orgânico,2025-01-17,Não Convertido,,0.0,Desconhecido,Kiribati
214257,TikTok,2025-01-14,Convertido,13.0,1807.83,Moderado,Cape Verde
214258,Orgânico,2025-01-17,Não Convertido,,0.0,Agressivo,Tajikistan
214259,Facebook,2025-01-18,Não Convertido,,0.0,Conservador,Pitcairn Islands
214260,Google Ads,2025-01-18,Não Convertido,,0.0,Moderado,Czech Republic
214261,Instagram,2025-01-17,Não Convertido,,0.0,Moderado,Antigua and Barbuda
214262,E-mail Marketing,2025-01-18,Não Convertido,,0.0,Conservador,Qatar
214263,YouTube Ads,2025-01-14,Não Convertido,,0.0,Moderado,Congo
214264,Orgânico,2025-01-14,Não Convertido,,0.0,Conservador,Pitcairn Islands
214265,Facebook,2025-01-17,Não Convertido,,0.0,Conservador,Sudan
214266,E-mail Marketing,2025-01-16,Não Convertido,,0.0,Conservador,Namibia
214267,Orgânico,2025-01-18,Não Convertido,,0.0,Agressivo,Marshall Islands
214268,E-mail Marketing,2025-01-14,Não Convertido,,0.0,Agressivo,Trinidad and Tobago
214269,Google Ads,2025-01-13,Convertido,20.0,1605.28,Agressivo,Myanmar
214270,TikTok,2025-01-14,Não Convertido,,0.0,Conservador,Algeria
214271,TikTok,2025-01-13,Não Convertido,,0.0,Moderado,Myanmar
214272,Orgânico,2025-01-15,Não Convertido,,0.0,Conservador,Panama
214273,Instagram,2025-01-17,Convertido,23.0,8705.04,Moderado,Holy See (Vatican City State)
214274,Facebook,2025-01-15,Não Convertido,,0.0,Moderado,Lithuania
214275,Orgânico,2025-01-16,Não Convertido,,0.0,Conservador,Christmas Island
214276,TikTok,2025-01-17,Não Convertido,,0.0,Moderado,French Guiana
214277,Orgânico,2025-01-18,Não Convertido,,0.0,Moderado,Sweden
214278,TikTok,2025-01-16,Não Convertido,,0.0,Moderado,Saint Lucia
214279,YouTube Ads,2025-01-15,Não Convertido,,0.0,Desconhecido,Burundi
214280,WhatsApp,2025-01-16,Não Convertido,,0.0,Agressivo,Tanzania
214281,Orgânico,2025-01-16,Não Convertido,,0.0,Moderado,Tonga
214282,Facebook,2025-01-16,Não Convertido,,0.0,Conservador,Timor-Leste
214283,E-mail Marketing,2025-01-16,Não Convertido,,0.0,Moderado,Montserrat
214284,TikTok,2025-01-16,Não Convertido,,0.0,Agressivo,Mali
214285,WhatsApp,2025-01-13,Não Convertido,,0.0,Agressivo,Panama
214286,Indicação,2025-01-18,Não Convertido,,0.0,Conservador,Congo
214287,E-mail Marketing,2025-01-15,Não Convertido,,0.0,Moderado,Nauru
214288,E-mail Marketing,2025-01-17,Não Convertido,,0.0,Moderado,Chad
214289,Instagram,2025-01-15,Não Convertido,,0.0,Moderado,Palau
214290,Instagram,2025-01-18,Não Convertido,,0.0,Agressivo,Equatorial Guinea
214291,TikTok,2025-01-17,Não Convertido,,0.0,Moderado,Benin
214292,Google Ads,2025-01-13,Não Convertido,,0.0,Agressivo,Puerto Rico
214293,Orgânico,2025-01-15,Não Convertido,,0.0,Moderado,Germany
214294,E-mail Marketing,2025-01-17,Não Convertido,,0.0,Desconhecido,Nigeria
214295,WhatsApp,2025-01-16,Não Convertido,,0.0,Agressivo,Svalbard & Jan Mayen Islands
214296,Indicação,2025-01-17,Não Convertido,,0.0,Moderado,Ethiopia
214297,TikTok,2025-01-13,Não Convertido,,0.0,Moderado,Belize
214298,TikTok,2025-01-16,Não Convertido,,0.0,Moderado,British Virgin Islands
214299,E-mail Marketing,2025-01-17,Não Convertido,,0.0,Conservador,Equatorial Guinea
214300,E-mail Marketing,2025-01-18,Não Convertido,,0.0,Moderado,Aruba
214301,Orgânico,2025-01-15,Não Convertido,,0.0,Desconhecido,Faroe Islands
214302,Orgânico,2025-01-15,Não Convertido,,0.0,Agressivo,Korea
214303,Orgânico,2025-01-17,Não Convertido,,0.0,Moderado,Brunei Darussalam
214304,Orgânico,2025-01-17,Não Convertido,,0.0,Moderado,Malta
214305,Indicação,2025-01-18,Não Convertido,,0.0,Desconhecido,Belize
214306,Facebook,2025-01-18,Não Convertido,,0.0,Moderado,Norfolk Island
214307,YouTube Ads,2025-01-14,Não Convertido,,0.0,Moderado,Mexico
214308,Google Ads,2025-01-13,Não Convertido,,0.0,Moderado,Ecuador
214309,TikTok,2025-01-17,Não Convertido,,0.0,Moderado,Kenya
214310,Google Ads,2025-01-13,Não Convertido,,0.0,Moderado,Antarctica (the territory South of 60 deg S)
214311,TikTok,2025-01-16,Não Convertido,,0.0,Moderado,Marshall Islands
214312,Orgânico,2025-01-18,Não Convertido,,0.0,Agressivo,Serbia
214313,YouTube Ads,2025-01-18,Não Convertido,,0.0,Desconhecido,Montserrat
214314,TikTok,2025-01-18,Não Convertido,,0.0,Moderado,Barbados
214315,TikTok,2025-01-18,Não Convertido,,0.0,Agressivo,Zimbabwe
214316,E-mail Marketing,2025-01-16,Não Convertido,,0.0,Moderado,Brunei Darussalam
214317,Orgânico,2025-01-13,Não Convertido,,0.0,Agressivo,Solomon Islands
214318,YouTube Ads,2025-01-17,Não Convertido,,0.0,Moderado,Serbia
214319,E-mail Marketing,2025-01-17,Não Convertido,,0.0,Agressivo,Eritrea
214320,E-mail Marketing,2025-01-18,Não Convertido,,0.0,Moderado,Botswana
214321,WhatsApp,2025-01-15,Não Convertido,,0.0,Agressivo,Mayotte
214322,WhatsApp,2025-01-14,Não Convertido,,0.0,Agressivo,Brazil
214323,Google Ads,2025-01-13,Não Convertido,,0.0,Conservador,Saint Vincent and the Grenadines
214324,E-mail Marketing,2025-01-18,Não Convertido,,0.0,Desconhecido,Australia
214325,Orgânico,2025-01-15,Não Convertido,,0.0,Moderado,Suriname
214326,Indicação,2025-01-18,Não Convertido,,0.0,Conservador,Equatorial Guinea
214327,Indicação,2025-01-17,Não Convertido,,0.0,Agressivo,Syrian Arab Republic
214328,YouTube Ads,2025-01-15,Não Convertido,,0.0,Agressivo,Western Sahara
214329,Google Ads,2025-01-14,Não Convertido,,0.0,Moderado,Slovenia
214330,Facebook,2025-01-14,Não Convertido,,0.0,Agressivo,Argentina
214331,E-mail Marketing,2025-01-16,Não Convertido,,0.0,Moderado,Isle of Man
214332,Facebook,2025-01-13,Não Convertido,,0.0,Moderado,Ethiopia
214333,WhatsApp,2025-01-16,Não Convertido,,0.0,Moderado,Italy
214334,Orgânico,2025-01-14,Não Convertido,,0.0,Agressivo,Sri Lanka
214335,Indicação,2025-01-13,Não Convertido,,0.0,Moderado,Egypt
214336,Facebook,2025-01-15,Não Convertido,,0.0,Agressivo,Mozambique
214337,Orgânico,2025-01-18,Não Convertido,,0.0,Moderado,Guernsey
214338,Google Ads,2025-01-15,Não Convertido,,0.0,Agressivo,Reunion
214339,E-mail Marketing,2025-01-13,Não Convertido,,0.0,Moderado,Dominican Republic
214340,WhatsApp,2025-01-15,Não Convertido,,0.0,Conservador,Bangladesh
214341,E-mail Marketing,2025-01-16,Não Convertido,,0.0,Moderado,Belize
214342,Facebook,2025-01-14,Não Convertido,,0.0,Moderado,Peru
214343,Indicação,2025-01-14,Convertido,6.0,2354.09,Agressivo,Bangladesh
214344,Orgânico,2025-01-13,Não Convertido,,0.0,Agressivo,Tokelau
214345,Instagram,2025-01-16,Não Convertido,,0.0,Agressivo,Bahrain
214346,Facebook,2025-01-18,Convertido,26.0,9520.24,Moderado,Hong Kong
214347,Orgânico,2025-01-15,Não Convertido,,0.0,Moderado,Czech Republic
214348,Orgânico,2025-01-16,Não Convertido,,0.0,Agressivo,United States Virgin Islands
214349,E-mail Marketing,2025-01-13,Não Convertido,,0.0,Agressivo,Trinidad and Tobago
214350,E-mail Marketing,2025-01-17,Não Convertido,,0.0,Agressivo,Congo
214351,Google Ads,2025-01-14,Não Convertido,,0.0,Moderado,Ireland
214352,TikTok,2025-01-14,Não Convertido,,0.0,Moderado,Hungary
214353,TikTok,2025-01-17,Não Convertido,,0.0,Moderado,Kuwait
214354,YouTube Ads,2025-01-16,Convertido,1.0,6880.73,Desconhecido,Saint Martin
214355,TikTok,2025-01-18,Não Convertido,,0.0,Conservador,Barbados
214356,E-mail Marketing,2025-01-16,Não Convertido,,0.0,Conservador,Sierra Leone
214357,TikTok,2025-01-16,Não Convertido,,0.0,Agressivo,Pakistan
214358,Orgânico,2025-01-17,Não Convertido,,0.0,Conservador,Georgia
214359,Google Ads,2025-01-16,Não Convertido,,0.0,Moderado,Guadeloupe
214360,TikTok,2025-01-17,Não Convertido,,0.0,Agressivo,Ireland
214361,E-mail Marketing,2025-01-15,Não Convertido,,0.0,Conservador,Libyan Arab Jamahiriya
214362,Instagram,2025-01-18,Não Convertido,,0.0,Moderado,Tunisia
214363,WhatsApp,2025-01-16,Não Convertido,,0.0,Conservador,Norfolk Island
214364,Indicação,2025-01-15,Não Convertido,,0.0,Moderado,Nicaragua
214365,Instagram,2025-01-14,Não Convertido,,0.0,Moderado,Dominican Republic
214366,Orgânico,2025-01-18,Não Convertido,,0.0,Moderado,Fiji
214367,Google Ads,2025-01-18,Não Convertido,,0.0,Moderado,Saint Vincent and the Grenadines
214368,YouTube Ads,2025-01-17,Não Convertido,,0.0,Desconhecido,Ukraine
214369,Facebook,2025-01-18,Não Convertido,,0.0,Moderado,Guatemala
214370,Orgânico,2025-01-13,Não Convertido,,0.0,Moderado,Mongolia
214371,Instagram,2025-01-15,Não Convertido,,0.0,Moderado,Wallis and Futuna
214372,WhatsApp,2025-01-14,Não Convertido,,0.0,Moderado,Spain
214373,Instagram,2025-01-16,Não Convertido,,0.0,Conservador,Estonia
214374,Instagram,2025-01-17,Não Convertido,,0.0,Agressivo,United States of America
214375,Instagram,2025-01-13,Não Convertido,,0.0,Moderado,Saint Kitts and Nevis
214376,Orgânico,2025-01-13,Não Convertido,,0.0,Agressivo,Rwanda
214377,Google Ads,2025-01-14,Não Convertido,,0.0,Moderado,Comoros
214378,E-mail Marketing,2025-01-15,Não Convertido,,0.0,Moderado,Timor-Leste
214379,Facebook,2025-01-16,Não Convertido,,0.0,Desconhecido,Belarus
214380,Instagram,2025-01-18,Não Convertido,,0.0,Agressivo,British Virgin Islands
214381,Instagram,2025-01-13,Não Convertido,,0.0,Agressivo,United States Minor Outlying Islands
214382,E-mail Marketing,2025-01-13,Não Convertido,,0.0,Moderado,Netherlands
214383,Indicação,2025-01-17,Convertido,27.0,9507.77,Moderado,Dominica
214384,Instagram,2025-01-14,Não Convertido,,0.0,Conservador,Svalbard & Jan Mayen Islands
214385,Instagram,2025-01-13,Não Convertido,,0.0,Moderado,Benin
214386,E-mail Marketing,2025-01-18,Não Convertido,,0.0,Moderado,Tonga
214387,E-mail Marketing,2025-01-14,Não Convertido,,0.0,Agressivo,Cameroon
214388,E-mail Marketing,2025-01-15,Não Convertido,,0.0,Moderado,Comoros
214389,E-mail Marketing,2025-01-17,Não Convertido,,0.0,Moderado,Iceland
214390,E-mail Marketing,2025-01-18,Não Convertido,,0.0,Moderado,Belize
214391,Orgânico,2025-01-18,Não Convertido,,0.0,Agressivo,Spain
214392,Facebook,2025-01-13,Não Convertido,,0.0,Conservador,Saint Martin
214393,Orgânico,2025-01-13,Não Convertido,,0.0,Desconhecido,Iceland
214394,Instagram,2025-01-13,Não Convertido,,0.0,Moderado,Equatorial Guinea
214395,Google Ads,2025-01-18,Não Convertido,,0.0,Agressivo,Chad
214396,Indicação,2025-01-15,Não Convertido,,0.0,Moderado,Algeria
214397,WhatsApp,2025-01-15,Não Convertido,,0.0,Desconhecido,Bermuda
214398,Facebook,2025-01-13,Não Convertido,,0.0,Desconhecido,Sweden
214399,Instagram,2025-01-17,Não Convertido,,0.0,Moderado,Afghanistan
214400,Orgânico,2025-01-15,Não Convertido,,0.0,Conservador,Christmas Island
214401,Orgânico,2025-01-13,Não Convertido,,0.0,Moderado,Macao
214402,YouTube Ads,2025-01-16,Não Convertido,,0.0,Desconhecido,Oman
214403,Orgânico,2025-01-17,Não Convertido,,0.0,Moderado,Philippines
214404,Google Ads,2025-01-15,Não Convertido,,0.0,Conservador,New Caledonia
214405,Orgânico,2025-01-13,Não Convertido,,0.0,Moderado,Svalbard & Jan Mayen Islands
214406,Orgânico,2025-01-13,Não Convertido,,0.0,Conservador,New Zealand
214407,WhatsApp,2025-01-13,Não Convertido,,0.0,Moderado,Bulgaria
214408,WhatsApp,2025-01-18,Não Convertido,,0.0,Agressivo,Bosnia and Herzegovina
214409,TikTok,2025-01-17,Não Convertido,,0.0,Agressivo,United Arab Emirates
214410,TikTok,2025-01-16,Não Convertido,,0.0,Agressivo,Poland
214411,WhatsApp,2025-01-15,Não Convertido,,0.0,Moderado,Oman
214412,Google Ads,2025-01-15,Não Convertido,,0.0,Conservador,Myanmar
214413,TikTok,2025-01-14,Não Convertido,,0.0,Agressivo,Guadeloupe
214414,TikTok,2025-01-18,Não Convertido,,0.0,Conservador,Palau
214415,Orgânico,2025-01-16,Não Convertido,,0.0,Moderado,Saint Barthelemy
214416,E-mail Marketing,2025-01-18,Não Convertido,,0.0,Agressivo,Cambodia
214417,WhatsApp,2025-01-17,Não Convertido,,0.0,Desconhecido,Nigeria
214418,E-mail Marketing,2025-01-17,Não Convertido,,0.0,Agressivo,Saudi Arabia
214419,YouTube Ads,2025-01-13,Não Convertido,,0.0,Agressivo,Cook Islands
214420,E-mail Marketing,2025-01-17,Não Convertido,,0.0,Moderado,Montserrat
214421,YouTube Ads,2025-01-18,Não Convertido,,0.0,Desconhecido,Germany
214422,Orgânico,2025-01-15,Não Convertido,,0.0,Moderado,Malaysia
214423,Orgânico,2025-01-13,Não Convertido,,0.0,Moderado,Holy See (Vatican City State)
214424,TikTok,2025-01-13,Não Convertido,,0.0,Moderado,Indonesia
214425,WhatsApp,2025-01-16,Não Convertido,,0.0,Desconhecido,Fiji
214426,Facebook,2025-01-14,Não Convertido,,0.0,Conservador,Dominican Republic
214427,Google Ads,2025-01-17,Não Convertido,,0.0,Agressivo,Guadeloupe
214428,TikTok,2025-01-16,Não Convertido,,0.0,Desconhecido,Lebanon
214429,TikTok,2025-01-14,Não Convertido,,0.0,Agressivo,Malaysia
214430,Instagram,2025-01-14,Não Convertido,,0.0,Conservador,Madagascar
214431,TikTok,2025-01-16,Não Convertido,,0.0,Moderado,Saint Helena
214432,Instagram,2025-01-14,Não Convertido,,0.0,Moderado,Algeria
214433,E-mail Marketing,2025-01-13,Não Convertido,,0.0,Moderado,Botswana
214434,Orgânico,2025-01-18,Não Convertido,,0.0,Agressivo,Bulgaria
214435,Orgânico,2025-01-16,Não Convertido,,0.0,Moderado,Lesotho
214436,Facebook,2025-01-17,Não Convertido,,0.0,Moderado,Wallis and Futuna
214437,Instagram,2025-01-14,Não Convertido,,0.0,Agressivo,Uzbekistan
214438,TikTok,2025-01-15,Não Convertido,,0.0,Desconhecido,Taiwan
214439,E-mail Marketing,2025-01-13,Não Convertido,,0.0,Agressivo,Kiribati
214440,TikTok,2025-01-18,Não Convertido,,0.0,Agressivo,Jamaica
214441,TikTok,2025-01-17,Não Convertido,,0.0,Agressivo,Canada
214442,Orgânico,2025-01-14,Não Convertido,,0.0,Desconhecido,Lesotho
214443,YouTube Ads,2025-01-14,Não Convertido,,0.0,Agressivo,Eritrea
214444,Instagram,2025-01-13,Não Convertido,,0.0,Conservador,French Polynesia
214445,YouTube Ads,2025-01-16,Não Convertido,,0.0,Agressivo,Sierra Leone
214446,Orgânico,2025-01-15,Não Convertido,,0.0,Agressivo,Saint Helena
214447,E-mail Marketing,2025-01-14,Não Convertido,,0.0,Moderado,Comoros
214448,Instagram,2025-01-18,Não Convertido,,0.0,Moderado,Lesotho
214449,TikTok,2025-01-14,Não Convertido,,0.0,Agressivo,Ethiopia
214450,Orgânico,2025-01-18,Não Convertido,,0.0,Moderado,Liechtenstein
214451,Orgânico,2025-01-14,Não Convertido,,0.0,Agressivo,Poland
214452,TikTok,2025-01-13,Não Convertido,,0.0,Moderado,Azerbaijan
214453,E-mail Marketing,2025-01-17,Convertido,25.0,8625.5,Moderado,Oman
214454,YouTube Ads,2025-01-13,Não Convertido,,0.0,Desconhecido,Israel
214455,Google Ads,2025-01-13,Não Convertido,,0.0,Moderado,Aruba
214456,Instagram,2025-01-17,Não Convertido,,0.0,Conservador,Iceland
214457,Instagram,2025-01-18,Não Convertido,,0.0,Conservador,Latvia
214458,Facebook,2025-01-17,Não Convertido,,0.0,Moderado,Micronesia
214459,YouTube Ads,2025-01-15,Não Convertido,,0.0,Desconhecido,United States Virgin Islands
214460,Instagram,2025-01-15,Não Convertido,,0.0,Agressivo,Togo
214461,Facebook,2025-01-18,Não Convertido,,0.0,Agressivo,Reunion
214462,WhatsApp,2025-01-18,Não Convertido,,0.0,Agressivo,Costa Rica
214463,Google Ads,2025-01-17,Não Convertido,,0.0,Conservador,Spain
214464,Orgânico,2025-01-18,Não Convertido,,0.0,Moderado,Algeria
214465,TikTok,2025-01-14,Não Convertido,,0.0,Moderado,Bouvet Island (Bouvetoya)
214466,Facebook,2025-01-15,Não Convertido,,0.0,Moderado,Algeria
214467,Instagram,2025-01-13,Não Convertido,,0.0,Moderado,Isle of Man
214468,Orgânico,2025-01-16,Não Convertido,,0.0,Agressivo,Hungary
214469,YouTube Ads,2025-01-17,Não Convertido,,0.0,Moderado,Korea
214470,WhatsApp,2025-01-14,Convertido,10.0,4390.79,Moderado,Kuwait
214471,Orgânico,2025-01-14,Não Convertido,,0.0,Desconhecido,Iran
214472,E-mail Marketing,2025-01-17,Não Convertido,,0.0,Desconhecido,Belarus
214473,Google Ads,2025-01-17,Não Convertido,,0.0,Agressivo,Namibia
214474,Orgânico,2025-01-18,Não Convertido,,0.0,Agressivo,San Marino
214475,Indicação,2025-01-14,Não Convertido,,0.0,Moderado,Holy See (Vatican City State)
214476,Orgânico,2025-01-17,Não Convertido,,0.0,Desconhecido,Belize
214477,E-mail Marketing,2025-01-15,Convertido,26.0,1339.21,Conservador,French Guiana
214478,TikTok,2025-01-16,Não Convertido,,0.0,Moderado,British Virgin Islands
214479,Orgânico,2025-01-18,Não Convertido,,0.0,Conservador,Saint Martin
214480,Instagram,2025-01-13,Não Convertido,,0.0,Conservador,Japan
214481,WhatsApp,2025-01-13,Convertido,7.0,7289.63,Conservador,Peru
214482,Google Ads,2025-01-18,Não Convertido,,0.0,Moderado,Monaco
214483,TikTok,2025-01-13,Não Convertido,,0.0,Conservador,Algeria
214484,Facebook,2025-01-14,Não Convertido,,0.0,Moderado,Argentina
214485,Instagram,2025-01-15,Não Convertido,,0.0,Desconhecido,Tunisia
214486,E-mail Marketing,2025-01-13,Não Convertido,,0.0,Agressivo,Botswana
214487,TikTok,2025-01-13,Não Convertido,,0.0,Agressivo,Saint Barthelemy
214488,WhatsApp,2025-01-14,Não Convertido,,0.0,Conservador,Mexico
214489,Instagram,2025-01-16,Não Convertido,,0.0,Moderado,Gibraltar
214490,TikTok,2025-01-15,Não Convertido,,0.0,Desconhecido,Egypt
214491,Instagram,2025-01-17,Não Convertido,,0.0,Agressivo,Austria
214492,Orgânico,2025-01-15,Não Convertido,,0.0,Agressivo,Malawi
214493,Instagram,2025-01-15,Não Convertido,,0.0,Moderado,Russian Federation
214494,Instagram,2025-01-15,Não Convertido,,0.0,Moderado,Spain
214495,Instagram,2025-01-15,Não Convertido,,0.0,Moderado,Sao Tome and Principe
214496,Orgânico,2025-01-15,Não Convertido,,0.0,Moderado,Turks and Caicos Islands
214497,WhatsApp,2025-01-18,Não Convertido,,0.0,Moderado,Dominican Republic
214498,TikTok,2025-01-16,Não Convertido,,0.0,Moderado,Mali
214499,Instagram,2025-01-17,Não Convertido,,0.0,Moderado,Venezuela
214500,Facebook,2025-01-14,Convertido,24.0,6718.26,Agressivo,Tuvalu
214501,Facebook,2025-01-18,Não Convertido,,0.0,Moderado,Lebanon
214502,WhatsApp,2025-01-16,Não Convertido,,0.0,Agressivo,Greece
214503,Indicação,2025-01-16,Não Convertido,,0.0,Desconhecido,North Macedonia
214504,Orgânico,2025-01-16,Não Convertido,,0.0,Desconhecido,Angola
214505,E-mail Marketing,2025-01-16,Não Convertido,,0.0,Desconhecido,Bahamas
214506,Orgânico,2025-01-16,Não Convertido,,0.0,Agressivo,Marshall Islands
214507,Facebook,2025-01-18,Não Convertido,,0.0,Moderado,British Indian Ocean Territory (Chagos Archipelago)
214508,Indicação,2025-01-17,Não Convertido,,0.0,Moderado,Montserrat
214509,Orgânico,2025-01-14,Não Convertido,,0.0,Agressivo,France
214510,E-mail Marketing,2025-01-16,Não Convertido,,0.0,Desconhecido,Monaco
214511,E-mail Marketing,2025-01-18,Convertido,0.0,8741.93,Agressivo,Saint Kitts and Nevis
214512,E-mail Marketing,2025-01-14,Não Convertido,,0.0,Conservador,Micronesia
214513,TikTok,2025-01-16,Não Convertido,,0.0,Moderado,Honduras
214514,Google Ads,2025-01-18,Não Convertido,,0.0,Conservador,Dominica
214515,Instagram,2025-01-15,Não Convertido,,0.0,Agressivo,Malaysia
214516,Instagram,2025-01-17,Não Convertido,,0.0,Desconhecido,Chile
214517,TikTok,2025-01-14,Não Convertido,,0.0,Moderado,Cyprus
214518,Google Ads,2025-01-14,Não Convertido,,0.0,Conservador,Dominican Republic
214519,E-mail Marketing,2025-01-14,Não Convertido,,0.0,Moderado,New Caledonia
214520,Facebook,2025-01-17,Não Convertido,,0.0,Moderado,Saint Kitts and Nevis
214521,Instagram,2025-01-16,Não Convertido,,0.0,Conservador,Saint Martin
214522,Instagram,2025-01-15,Não Convertido,,0.0,Moderado,Czech Republic
214523,Orgânico,2025-01-15,Não Convertido,,0.0,Agressivo,Slovenia
214524,Instagram,2025-01-17,Não Convertido,,0.0,Agressivo,Lithuania
214525,Instagram,2025-01-17,Não Convertido,,0.0,Moderado,Swaziland
214526,WhatsApp,2025-01-17,Não Convertido,,0.0,Conservador,Central African Republic
214527,YouTube Ads,2025-01-18,Não Convertido,,0.0,Moderado,Ghana
214528,WhatsApp,2025-01-14,Não Convertido,,0.0,Agressivo,Mauritania
214529,Instagram,2025-01-14,Não Convertido,,0.0,Desconhecido,Djibouti
214530,WhatsApp,2025-01-17,Não Convertido,,0.0,Desconhecido,Cuba
214531,Indicação,2025-01-13,Não Convertido,,0.0,Moderado,Mali
214532,Facebook,2025-01-18,Não Convertido,,0.0,Agressivo,Mexico
214533,TikTok,2025-01-18,Não Convertido,,0.0,Moderado,Nauru
214534,E-mail Marketing,2025-01-15,Não Convertido,,0.0,Agressivo,Yemen
214535,E-mail Marketing,2025-01-17,Não Convertido,,0.0,Conservador,Comoros
214536,Instagram,2025-01-13,Não Convertido,,0.0,Conservador,Armenia
214537,Instagram,2025-01-18,Não Convertido,,0.0,Agressivo,Belgium
214538,E-mail Marketing,2025-01-15,Não Convertido,,0.0,Conservador,Azerbaijan
214539,Instagram,2025-01-18,Não Convertido,,0.0,Moderado,Madagascar
214540,Instagram,2025-01-16,Não Convertido,,0.0,Moderado,Guinea
214541,Orgânico,2025-01-16,Não Convertido,,0.0,Agressivo,Luxembourg
214542,Instagram,2025-01-18,Não Convertido,,0.0,Agressivo,Turkey
214543,E-mail Marketing,2025-01-13,Não Convertido,,0.0,Agressivo,Estonia
214544,Orgânico,2025-01-14,Não Convertido,,0.0,Agressivo,British Virgin Islands
214545,Orgânico,2025-01-16,Não Convertido,,0.0,Moderado,Suriname
214546,TikTok,2025-01-18,Não Convertido,,0.0,Agressivo,Bulgaria
214547,Orgânico,2025-01-18,Não Convertido,,0.0,Agressivo,Venezuela
214548,Orgânico,2025-01-15,Não Convertido,,0.0,Conservador,Slovakia (Slovak Republic)
214549,YouTube Ads,2025-01-16,Não Convertido,,0.0,Agressivo,Bhutan
214550,Facebook,2025-01-15,Não Convertido,,0.0,Moderado,Greenland
214551,WhatsApp,2025-01-13,Não Convertido,,0.0,Desconhecido,Honduras
214552,TikTok,2025-01-18,Não Convertido,,0.0,Agressivo,Bahamas
214553,Indicação,2025-01-15,Não Convertido,,0.0,Moderado,Australia
214554,Orgânico,2025-01-18,Não Convertido,,0.0,Moderado,Turks and Caicos Islands
214555,Orgânico,2025-01-15,Não Convertido,,0.0,Agressivo,El Salvador
214556,E-mail Marketing,2025-01-13,Não Convertido,,0.0,Moderado,Cocos (Keeling) Islands
214557,TikTok,2025-01-13,Não Convertido,,0.0,Moderado,Burkina Faso
214558,Google Ads,2025-01-13,Não Convertido,,0.0,Agressivo,Sri Lanka
214559,WhatsApp,2025-01-13,Não Convertido,,0.0,Moderado,Saudi Arabia
214560,YouTube Ads,2025-01-13,Não Convertido,,0.0,Moderado,Latvia
214561,E-mail Marketing,2025-01-13,Não Convertido,,0.0,Moderado,Sierra Leone
214562,TikTok,2025-01-16,Não Convertido,,0.0,Conservador,Kyrgyz Republic
214563,Instagram,2025-01-15,Não Convertido,,0.0,Moderado,Cuba
214564,Facebook,2025-01-15,Não Convertido,,0.0,Conservador,Saudi Arabia
214565,Facebook,2025-01-13,Não Convertido,,0.0,Conservador,North Macedonia
214566,Google Ads,2025-01-18,Não Convertido,,0.0,Conservador,Guinea-Bissau
214567,YouTube Ads,2025-01-16,Não Convertido,,0.0,Moderado,Malawi
214568,TikTok,2025-01-15,Não Convertido,,0.0,Conservador,Cyprus
214569,Google Ads,2025-01-15,Não Convertido,,0.0,Agressivo,Antarctica (the territory South of 60 deg S)
214570,Google Ads,2025-01-17,Não Convertido,,0.0,Moderado,United Arab Emirates
214571,E-mail Marketing,2025-01-13,Não Convertido,,0.0,Agressivo,Guinea-Bissau
214572,Instagram,2025-01-18,Não Convertido,,0.0,Agressivo,Cameroon
214573,Instagram,2025-01-14,Não Convertido,,0.0,Agressivo,Wallis and Futuna
214574,Google Ads,2025-01-17,Não Convertido,,0.0,Agressivo,Swaziland
214575,Orgânico,2025-01-15,Não Convertido,,0.0,Desconhecido,Sweden
214576,YouTube Ads,2025-01-16,Não Convertido,,0.0,Agressivo,Algeria
214577,WhatsApp,2025-01-18,Não Convertido,,0.0,Conservador,Saint Helena
214578,TikTok,2025-01-15,Não Convertido,,0.0,Moderado,Macao
214579,E-mail Marketing,2025-01-13,Não Convertido,,0.0,Conservador,Tunisia
214580,TikTok,2025-01-18,Convertido,8.0,7133.82,Agressivo,Guam
214581,Orgânico,2025-01-15,Não Convertido,,0.0,Conservador,Niger
214582,E-mail Marketing,2025-01-14,Não Convertido,,0.0,Desconhecido,Palau
214583,Orgânico,2025-01-17,Não Convertido,,0.0,Moderado,Barbados
214584,Google Ads,2025-01-17,Não Convertido,,0.0,Agressivo,Palestinian Territory
214585,YouTube Ads,2025-01-14,Não Convertido,,0.0,Moderado,Burkina Faso
214586,Facebook,2025-01-13,Não Convertido,,0.0,Moderado,Mayotte
214587,Google Ads,2025-01-14,Não Convertido,,0.0,Desconhecido,British Indian Ocean Territory (Chagos Archipelago)
214588,WhatsApp,2025-01-16,Não Convertido,,0.0,Desconhecido,Holy See (Vatican City State)
214589,YouTube Ads,2025-01-17,Não Convertido,,0.0,Agressivo,Somalia
214590,Orgânico,2025-01-15,Não Convertido,,0.0,Agressivo,Norfolk Island
214591,E-mail Marketing,2025-01-15,Não Convertido,,0.0,Desconhecido,Bahrain
214592,Google Ads,2025-01-14,Não Convertido,,0.0,Agressivo,Ghana
214593,WhatsApp,2025-01-13,Não Convertido,,0.0,Moderado,Tuvalu
214594,E-mail Marketing,2025-01-15,Não Convertido,,0.0,Agressivo,Kiribati
214595,Facebook,2025-01-15,Não Convertido,,0.0,Agressivo,Antarctica (the territory South of 60 deg S)
214596,TikTok,2025-01-18,Não Convertido,,0.0,Agressivo,Holy See (Vatican City State)
214597,YouTube Ads,2025-01-16,Não Convertido,,0.0,Moderado,Norfolk Island
214598,Orgânico,2025-01-13,Não Convertido,,0.0,Desconhecido,Zambia
214599,Orgânico,2025-01-14,Não Convertido,,0.0,Moderado,Equatorial Guinea
214600,YouTube Ads,2025-01-14,Não Convertido,,0.0,Moderado,Sudan
214601,Facebook,2025-01-14,Não Convertido,,0.0,Conservador,Portugal
214602,E-mail Marketing,2025-01-14,Não Convertido,,0.0,Moderado,Somalia
214603,E-mail Marketing,2025-01-13,Não Convertido,,0.0,Agressivo,United States Virgin Islands
214604,YouTube Ads,2025-01-14,Não Convertido,,0.0,Agressivo,Germany
214605,WhatsApp,2025-01-15,Não Convertido,,0.0,Conservador,North Macedonia
214606,Orgânico,2025-01-15,Convertido,15.0,1883.11,Conservador,Bolivia
214607,Google Ads,2025-01-16,Não Convertido,,0.0,Moderado,Burkina Faso
214608,Google Ads,2025-01-13,Não Convertido,,0.0,Conservador,Portugal
214609,Facebook,2025-01-17,Não Convertido,,0.0,Conservador,Saint Helena
214610,WhatsApp,2025-01-13,Não Convertido,,0.0,Moderado,Singapore
214611,E-mail Marketing,2025-01-16,Não Convertido,,0.0,Moderado,Nauru
214612,Instagram,2025-01-16,Não Convertido,,0.0,Conservador,Seychelles
214613,Instagram,2025-01-15,Não Convertido,,0.0,Conservador,Saint Vincent and the Grenadines
214614,Facebook,2025-01-14,Não Convertido,,0.0,Moderado,Brunei Darussalam
214615,TikTok,2025-01-18,Não Convertido,,0.0,Agressivo,United Arab Emirates
214616,Facebook,2025-01-15,Não Convertido,,0.0,Conservador,Saint Kitts and Nevis
214617,Facebook,2025-01-18,Não Convertido,,0.0,Agressivo,Maldives
214618,Orgânico,2025-01-15,Não Convertido,,0.0,Conservador,Micronesia
214619,YouTube Ads,2025-01-17,Não Convertido,,0.0,Conservador,Netherlands
214620,E-mail Marketing,2025-01-13,Não Convertido,,0.0,Desconhecido,Guadeloupe
214621,E-mail Marketing,2025-01-15,Não Convertido,,0.0,Conservador,Congo
214622,TikTok,2025-01-15,Não Convertido,,0.0,Conservador,Holy See (Vatican City State)
214623,Orgânico,2025-01-17,Não Convertido,,0.0,Moderado,French Southern Territories
214624,Instagram,2025-01-13,Não Convertido,,0.0,Desconhecido,Norway
214625,Indicação,2025-01-15,Não Convertido,,0.0,Agressivo,Namibia
214626,Facebook,2025-01-16,Não Convertido,,0.0,Agressivo,Austria
214627,Orgânico,2025-01-18,Não Convertido,,0.0,Desconhecido,Central African Republic
214628,WhatsApp,2025-01-13,Não Convertido,,0.0,Moderado,Cape Verde
214629,YouTube Ads,2025-01-16,Não Convertido,,0.0,Conservador,Eritrea
214630,Google Ads,2025-01-17,Não Convertido,,0.0,Conservador,French Guiana
214631,Facebook,2025-01-17,Não Convertido,,0.0,Agressivo,Colombia
214632,Facebook,2025-01-13,Não Convertido,,0.0,Conservador,Venezuela
214633,TikTok,2025-01-18,Não Convertido,,0.0,Moderado,Tokelau
214634,E-mail Marketing,2025-01-18,Não Convertido,,0.0,Desconhecido,Taiwan
214635,E-mail Marketing,2025-01-15,Não Convertido,,0.0,Conservador,Dominica
214636,Facebook,2025-01-13,Não Convertido,,0.0,Moderado,Ghana
214637,E-mail Marketing,2025-01-16,Não Convertido,,0.0,Desconhecido,Armenia
214638,Orgânico,2025-01-15,Não Convertido,,0.0,Moderado,Malawi
214639,Instagram,2025-01-18,Não Convertido,,0.0,Agressivo,Chad
214640,YouTube Ads,2025-01-15,Não Convertido,,0.0,Moderado,Austria
214641,Google Ads,2025-01-15,Não Convertido,,0.0,Conservador,Austria
214642,Orgânico,2025-01-15,Não Convertido,,0.0,Moderado,Sweden
214643,TikTok,2025-01-16,Não Convertido,,0.0,Agressivo,Aruba
214644,Orgânico,2025-01-18,Convertido,29.0,9486.12,Moderado,Lithuania
214645,Indicação,2025-01-16,Não Convertido,,0.0,Agressivo,Netherlands
214646,E-mail Marketing,2025-01-13,Não Convertido,,0.0,Agressivo,British Indian Ocean Territory (Chagos Archipelago)
214647,Indicação,2025-01-16,Não Convertido,,0.0,Moderado,Ukraine
214648,YouTube Ads,2025-01-16,Não Convertido,,0.0,Conservador,Netherlands Antilles
214649,WhatsApp,2025-01-18,Convertido,0.0,5925.07,Conservador,Canada
214650,Orgânico,2025-01-17,Não Convertido,,0.0,Conservador,Algeria
214651,WhatsApp,2025-01-13,Não Convertido,,0.0,Agressivo,Sao Tome and Principe
214652,Orgânico,2025-01-17,Não Convertido,,0.0,Agressivo,Cook Islands
214653,Orgânico,2025-01-15,Não Convertido,,0.0,Conservador,Malaysia
214654,WhatsApp,2025-01-15,Não Convertido,,0.0,Conservador,Finland
214655,Google Ads,2025-01-14,Não Convertido,,0.0,Moderado,British Virgin Islands
214656,Instagram,2025-01-16,Não Convertido,,0.0,Agressivo,Turkmenistan
214657,E-mail Marketing,2025-01-13,Não Convertido,,0.0,Moderado,Gambia
214658,Google Ads,2025-01-14,Não Convertido,,0.0,Moderado,United Arab Emirates
214659,TikTok,2025-01-14,Não Convertido,,0.0,Agressivo,Saint Barthelemy
214660,E-mail Marketing,2025-01-14,Não Convertido,,0.0,Conservador,Spain
214661,Facebook,2025-01-13,Não Convertido,,0.0,Agressivo,United Kingdom
214662,Instagram,2025-01-15,Não Convertido,,0.0,Moderado,China
214663,Google Ads,2025-01-15,Não Convertido,,0.0,Moderado,Zambia
214664,YouTube Ads,2025-01-17,Não Convertido,,0.0,Conservador,Malaysia
214665,YouTube Ads,2025-01-14,Não Convertido,,0.0,Moderado,Lebanon
214666,TikTok,2025-01-17,Não Convertido,,0.0,Conservador,Germany
214667,Facebook,2025-01-14,Não Convertido,,0.0,Agressivo,Turkmenistan
214668,Instagram,2025-01-18,Não Convertido,,0.0,Agressivo,Haiti
214669,Indicação,2025-01-13,Não Convertido,,0.0,Desconhecido,Argentina
214670,Orgânico,2025-01-14,Não Convertido,,0.0,Agressivo,Belize
214671,E-mail Marketing,2025-01-16,Não Convertido,,0.0,Agressivo,French Guiana
214672,Instagram,2025-01-17,Não Convertido,,0.0,Moderado,Vietnam
214673,Facebook,2025-01-14,Não Convertido,,0.0,Moderado,Turks and Caicos Islands
214674,Orgânico,2025-01-13,Não Convertido,,0.0,Moderado,Netherlands Antilles
214675,Google Ads,2025-01-15,Não Convertido,,0.0,Conservador,Italy
214676,Orgânico,2025-01-17,Não Convertido,,0.0,Conservador,Grenada
214677,Instagram,2025-01-14,Não Convertido,,0.0,Conservador,Philippines
214678,Orgânico,2025-01-13,Não Convertido,,0.0,Desconhecido,Andorra
214679,Instagram,2025-01-16,Não Convertido,,0.0,Moderado,Thailand
214680,Orgânico,2025-01-13,Não Convertido,,0.0,Conservador,Netherlands Antilles
214681,TikTok,2025-01-16,Não Convertido,,0.0,Conservador,Indonesia
214682,Indicação,2025-01-18,Não Convertido,,0.0,Conservador,Russian Federation
214683,Google Ads,2025-01-15,Não Convertido,,0.0,Moderado,Vanuatu
214684,TikTok,2025-01-15,Não Convertido,,0.0,Moderado,Guyana
214685,Indicação,2025-01-18,Não Convertido,,0.0,Desconhecido,Switzerland
214686,Orgânico,2025-01-18,Convertido,24.0,4909.35,Agressivo,Faroe Islands
214687,Google Ads,2025-01-14,Não Convertido,,0.0,Moderado,Norway
214688,E-mail Marketing,2025-01-15,Não Convertido,,0.0,Agressivo,North Macedonia
214689,Facebook,2025-01-17,Não Convertido,,0.0,Agressivo,Kyrgyz Republic
214690,Instagram,2025-01-13,Não Convertido,,0.0,Conservador,Korea
214691,E-mail Marketing,2025-01-14,Não Convertido,,0.0,Moderado,United Arab Emirates
214692,Facebook,2025-01-13,Não Convertido,,0.0,Moderado,Albania
214693,Facebook,2025-01-17,Não Convertido,,0.0,Desconhecido,Saint Martin
214694,YouTube Ads,2025-01-18,Não Convertido,,0.0,Moderado,Cook Islands
214695,YouTube Ads,2025-01-15,Não Convertido,,0.0,Moderado,Greenland
214696,WhatsApp,2025-01-14,Convertido,4.0,954.51,Agressivo,India
214697,Google Ads,2025-01-18,Não Convertido,,0.0,Agressivo,Malta
214698,WhatsApp,2025-01-17,Não Convertido,,0.0,Desconhecido,South Georgia and the South Sandwich Islands
214699,Google Ads,2025-01-17,Não Convertido,,0.0,Moderado,Uzbekistan
214700,TikTok,2025-01-17,Não Convertido,,0.0,Agressivo,Norway
214701,E-mail Marketing,2025-01-16,Não Convertido,,0.0,Moderado,Ireland
214702,Orgânico,2025-01-18,Não Convertido,,0.0,Moderado,French Southern Territories
214703,Instagram,2025-01-16,Não Convertido,,0.0,Moderado,Saint Pierre and Miquelon
214704,TikTok,2025-01-16,Não Convertido,,0.0,Moderado,Belize
214705,E-mail Marketing,2025-01-16,Não Convertido,,0.0,Conservador,Cuba
214706,Google Ads,2025-01-13,Não Convertido,,0.0,Moderado,Wallis and Futuna
214707,Orgânico,2025-01-17,Não Convertido,,0.0,Desconhecido,Mongolia
214708,Instagram,2025-01-18,Não Convertido,,0.0,Agressivo,Australia
214709,Instagram,2025-01-13,Não Convertido,,0.0,Agressivo,Liechtenstein
214710,Instagram,2025-01-17,Não Convertido,,0.0,Moderado,Angola
214711,Facebook,2025-01-16,Não Convertido,,0.0,Moderado,Bhutan
214712,Orgânico,2025-01-18,Não Convertido,,0.0,Conservador,Ethiopia
214713,Facebook,2025-01-14,Não Convertido,,0.0,Conservador,United States Virgin Islands
214714,Facebook,2025-01-13,Não Convertido,,0.0,Desconhecido,Honduras
214715,Orgânico,2025-01-18,Convertido,17.0,1381.61,Moderado,United States of America
214716,Orgânico,2025-01-17,Não Convertido,,0.0,Agressivo,Peru
214717,Facebook,2025-01-13,Não Convertido,,0.0,Agressivo,Greenland
214718,E-mail Marketing,2025-01-13,Não Convertido,,0.0,Agressivo,Kiribati
214719,Instagram,2025-01-15,Não Convertido,,0.0,Agressivo,Mongolia
214720,Instagram,2025-01-16,Não Convertido,,0.0,Conservador,India
214721,Facebook,2025-01-14,Não Convertido,,0.0,Moderado,Western Sahara
214722,WhatsApp,2025-01-18,Não Convertido,,0.0,Moderado,Marshall Islands
214723,Facebook,2025-01-13,Convertido,0.0,5591.09,Desconhecido,American Samoa
214724,Orgânico,2025-01-18,Não Convertido,,0.0,Moderado,Tanzania
214725,Indicação,2025-01-18,Convertido,29.0,3865.59,Moderado,United States of America
214726,Facebook,2025-01-18,Não Convertido,,0.0,Conservador,American Samoa
214727,Indicação,2025-01-17,Não Convertido,,0.0,Agressivo,Cocos (Keeling) Islands
214728,Facebook,2025-01-17,Não Convertido,,0.0,Moderado,French Polynesia
214729,Orgânico,2025-01-17,Não Convertido,,0.0,Agressivo,Malaysia
214730,YouTube Ads,2025-01-17,Não Convertido,,0.0,Moderado,Sudan
214731,Orgânico,2025-01-15,Não Convertido,,0.0,Desconhecido,Angola
214732,Instagram,2025-01-18,Não Convertido,,0.0,Moderado,Hong Kong
214733,Instagram,2025-01-18,Não Convertido,,0.0,Moderado,Solomon Islands
214734,Instagram,2025-01-15,Não Convertido,,0.0,Agressivo,Svalbard & Jan Mayen Islands
214735,Orgânico,2025-01-13,Não Convertido,,0.0,Desconhecido,Brunei Darussalam
214736,Instagram,2025-01-14,Não Convertido,,0.0,Moderado,Slovenia
214737,Google Ads,2025-01-17,Não Convertido,,0.0,Conservador,Uganda
214738,YouTube Ads,2025-01-15,Não Convertido,,0.0,Agressivo,Mexico
214739,Indicação,2025-01-17,Não Convertido,,0.0,Agressivo,Ghana
214740,Google Ads,2025-01-18,Não Convertido,,0.0,Conservador,Namibia
214741,Google Ads,2025-01-14,Não Convertido,,0.0,Desconhecido,Nepal
214742,Instagram,2025-01-14,Não Convertido,,0.0,Conservador,Bermuda
214743,Orgânico,2025-01-13,Não Convertido,,0.0,Desconhecido,Brazil
214744,Orgânico,2025-01-16,Não Convertido,,0.0,Agressivo,Kiribati
214745,Orgânico,2025-01-13,Não Convertido,,0.0,Moderado,Montenegro
214746,Facebook,2025-01-16,Não Convertido,,0.0,Moderado,Gambia
214747,Instagram,2025-01-17,Não Convertido,,0.0,Desconhecido,Pakistan
214748,YouTube Ads,2025-01-17,Não Convertido,,0.0,Agressivo,Cuba
214749,Instagram,2025-01-17,Convertido,13.0,6384.75,Moderado,Mauritania
214750,E-mail Marketing,2025-01-16,Não Convertido,,0.0,Agressivo,Bouvet Island (Bouvetoya)
214751,Facebook,2025-01-13,Não Convertido,,0.0,Conservador,Ecuador
214752,Orgânico,2025-01-15,Não Convertido,,0.0,Agressivo,Gabon
214753,TikTok,2025-01-13,Não Convertido,,0.0,Moderado,Gibraltar
214754,WhatsApp,2025-01-13,Não Convertido,,0.0,Conservador,Guyana
214755,E-mail Marketing,2025-01-15,Não Convertido,,0.0,Agressivo,Yemen
214756,Orgânico,2025-01-15,Não Convertido,,0.0,Conservador,Korea
214757,Instagram,2025-01-16,Não Convertido,,0.0,Moderado,Argentina
214758,Google Ads,2025-01-14,Não Convertido,,0.0,Moderado,Latvia
214759,Orgânico,2025-01-17,Não Convertido,,0.0,Conservador,Togo
214760,WhatsApp,2025-01-16,Não Convertido,,0.0,Agressivo,Botswana
214761,E-mail Marketing,2025-01-17,Não Convertido,,0.0,Conservador,Gabon
214762,Instagram,2025-01-18,Não Convertido,,0.0,Moderado,Bahrain
214763,E-mail Marketing,2025-01-15,Não Convertido,,0.0,Conservador,Algeria
214764,Facebook,2025-01-15,Não Convertido,,0.0,Moderado,Georgia
214765,Instagram,2025-01-16,Não Convertido,,0.0,Agressivo,Australia
214766,Google Ads,2025-01-18,Não Convertido,,0.0,Moderado,Congo
214767,Instagram,2025-01-16,Não Convertido,,0.0,Agressivo,Antarctica (the territory South of 60 deg S)
214768,Orgânico,2025-01-15,Não Convertido,,0.0,Conservador,Argentina
214769,Orgânico,2025-01-15,Não Convertido,,0.0,Agressivo,Iceland
214770,Orgânico,2025-01-15,Não Convertido,,0.0,Moderado,Luxembourg
214771,Orgânico,2025-01-18,Convertido,19.0,8649.97,Agressivo,Samoa
214772,Instagram,2025-01-18,Não Convertido,,0.0,Desconhecido,Bhutan
214773,Facebook,2025-01-16,Não Convertido,,0.0,Moderado,Kuwait
214774,WhatsApp,2025-01-14,Não Convertido,,0.0,Agressivo,Singapore
214775,Orgânico,2025-01-14,Não Convertido,,0.0,Moderado,Montenegro
214776,YouTube Ads,2025-01-13,Não Convertido,,0.0,Moderado,Swaziland
214777,Orgânico,2025-01-13,Não Convertido,,0.0,Agressivo,Saint Kitts and Nevis
214778,TikTok,2025-01-15,Não Convertido,,0.0,Desconhecido,Kyrgyz Republic
214779,E-mail Marketing,2025-01-18,Convertido,7.0,6133.4,Agressivo,Chile
214780,Instagram,2025-01-15,Não Convertido,,0.0,Moderado,Saint Helena
214781,YouTube Ads,2025-01-14,Não Convertido,,0.0,Agressivo,Italy
214782,Google Ads,2025-01-17,Não Convertido,,0.0,Desconhecido,Antigua and Barbuda
214783,E-mail Marketing,2025-01-15,Não Convertido,,0.0,Desconhecido,Mauritius
214784,Orgânico,2025-01-14,Não Convertido,,0.0,Desconhecido,Samoa
214785,Indicação,2025-01-17,Não Convertido,,0.0,Desconhecido,Saint Martin
214786,Facebook,2025-01-17,Não Convertido,,0.0,Moderado,Ethiopia
214787,Google Ads,2025-01-15,Convertido,15.0,5544.7,Moderado,Denmark
214788,Instagram,2025-01-18,Não Convertido,,0.0,Moderado,Sudan
214789,Google Ads,2025-01-14,Não Convertido,,0.0,Agressivo,Portugal
214790,WhatsApp,2025-01-13,Não Convertido,,0.0,Agressivo,Tajikistan
214791,Indicação,2025-01-15,Não Convertido,,0.0,Agressivo,Maldives
214792,Orgânico,2025-01-14,Não Convertido,,0.0,Conservador,Somalia
214793,Facebook,2025-01-18,Não Convertido,,0.0,Agressivo,American Samoa
214794,Orgânico,2025-01-17,Não Convertido,,0.0,Moderado,Eritrea
214795,WhatsApp,2025-01-15,Não Convertido,,0.0,Agressivo,Monaco
214796,TikTok,2025-01-18,Não Convertido,,0.0,Moderado,Bahamas
214797,Facebook,2025-01-14,Não Convertido,,0.0,Moderado,Bouvet Island (Bouvetoya)
214798,Orgânico,2025-01-16,Não Convertido,,0.0,Moderado,Timor-Leste
214799,Instagram,2025-01-17,Não Convertido,,0.0,Moderado,Trinidad and Tobago
214800,E-mail Marketing,2025-01-18,Não Convertido,,0.0,Agressivo,Afghanistan
214801,Orgânico,2025-01-13,Não Convertido,,0.0,Moderado,Rwanda
214802,WhatsApp,2025-01-14,Não Convertido,,0.0,Agressivo,Tunisia
214803,Orgânico,2025-01-18,Não Convertido,,0.0,Conservador,Tunisia
214804,Instagram,2025-01-15,Não Convertido,,0.0,Conservador,Brazil
214805,E-mail Marketing,2025-01-13,Não Convertido,,0.0,Agressivo,Turkey
214806,Google Ads,2025-01-17,Não Convertido,,0.0,Moderado,Botswana
214807,Instagram,2025-01-14,Não Convertido,,0.0,Moderado,Senegal
214808,E-mail Marketing,2025-01-13,Não Convertido,,0.0,Agressivo,Belgium
214809,Google Ads,2025-01-15,Não Convertido,,0.0,Moderado,Philippines
214810,TikTok,2025-01-17,Não Convertido,,0.0,Moderado,Faroe Islands
214811,Indicação,2025-01-14,Não Convertido,,0.0,Moderado,Oman
214812,Indicação,2025-01-15,Não Convertido,,0.0,Moderado,Egypt
214813,Orgânico,2025-01-16,Não Convertido,,0.0,Agressivo,Chile
214814,Facebook,2025-01-16,Não Convertido,,0.0,Desconhecido,Ethiopia
214815,Facebook,2025-01-17,Não Convertido,,0.0,Agressivo,Bolivia
214816,Orgânico,2025-01-17,Não Convertido,,0.0,Agressivo,Mauritius
214817,Instagram,2025-01-18,Não Convertido,,0.0,Conservador,Israel
214818,TikTok,2025-01-15,Não Convertido,,0.0,Agressivo,Dominica
214819,Google Ads,2025-01-13,Não Convertido,,0.0,Conservador,Kenya
214820,YouTube Ads,2025-01-14,Convertido,28.0,8217.19,Moderado,Isle of Man
214821,TikTok,2025-01-13,Não Convertido,,0.0,Moderado,Venezuela
214822,Orgânico,2025-01-14,Não Convertido,,0.0,Conservador,Bahrain
214823,Orgânico,2025-01-15,Convertido,23.0,9662.31,Moderado,Costa Rica
214824,Instagram,2025-01-14,Não Convertido,,0.0,Desconhecido,Eritrea
214825,TikTok,2025-01-15,Não Convertido,,0.0,Conservador,Bolivia
214826,E-mail Marketing,2025-01-14,Não Convertido,,0.0,Conservador,Cocos (Keeling) Islands
214827,Orgânico,2025-01-16,Não Convertido,,0.0,Moderado,Paraguay
214828,Orgânico,2025-01-17,Não Convertido,,0.0,Agressivo,Austria
214829,Google Ads,2025-01-16,Não Convertido,,0.0,Agressivo,Spain
214830,Google Ads,2025-01-17,Não Convertido,,0.0,Conservador,Saint Lucia
214831,Google Ads,2025-01-17,Não Convertido,,0.0,Moderado,United Kingdom
214832,Instagram,2025-01-17,Não Convertido,,0.0,Conservador,Lao People's Democratic Republic
214833,Google Ads,2025-01-14,Não Convertido,,0.0,Moderado,Denmark
214834,Orgânico,2025-01-18,Não Convertido,,0.0,Conservador,India
214835,TikTok,2025-01-13,Não Convertido,,0.0,Moderado,Nepal
214836,TikTok,2025-01-15,Não Convertido,,0.0,Conservador,Fiji
214837,Orgânico,2025-01-14,Não Convertido,,0.0,Agressivo,Lithuania
214838,Instagram,2025-01-18,Não Convertido,,0.0,Agressivo,Liberia
214839,WhatsApp,2025-01-14,Não Convertido,,0.0,Conservador,Montserrat
214840,E-mail Marketing,2025-01-18,Não Convertido,,0.0,Agressivo,Montenegro
214841,Facebook,2025-01-16,Não Convertido,,0.0,Conservador,Senegal
214842,Indicação,2025-01-16,Não Convertido,,0.0,Desconhecido,New Caledonia
214843,Orgânico,2025-01-14,Não Convertido,,0.0,Agressivo,Kyrgyz Republic
214844,YouTube Ads,2025-01-13,Não Convertido,,0.0,Agressivo,South Georgia and the South Sandwich Islands
214845,Indicação,2025-01-18,Não Convertido,,0.0,Conservador,Turks and Caicos Islands
214846,Instagram,2025-01-17,Não Convertido,,0.0,Desconhecido,Saint Kitts and Nevis
214847,Orgânico,2025-01-14,Não Convertido,,0.0,Moderado,Faroe Islands
214848,Instagram,2025-01-18,Não Convertido,,0.0,Conservador,Saint Kitts and Nevis
214849,Instagram,2025-01-14,Não Convertido,,0.0,Moderado,Morocco
214850,Instagram,2025-01-15,Não Convertido,,0.0,Desconhecido,Tajikistan
214851,Orgânico,2025-01-17,Não Convertido,,0.0,Agressivo,Saint Barthelemy
214852,Instagram,2025-01-17,Não Convertido,,0.0,Moderado,Anguilla
214853,Instagram,2025-01-17,Não Convertido,,0.0,Moderado,Lithuania
214854,Instagram,2025-01-14,Não Convertido,,0.0,Moderado,Belize
214855,Indicação,2025-01-17,Não Convertido,,0.0,Conservador,Montserrat
214856,YouTube Ads,2025-01-17,Não Convertido,,0.0,Conservador,North Macedonia
214857,WhatsApp,2025-01-13,Não Convertido,,0.0,Conservador,British Indian Ocean Territory (Chagos Archipelago)
214858,Orgânico,2025-01-15,Não Convertido,,0.0,Agressivo,Turks and Caicos Islands
214859,YouTube Ads,2025-01-18,Não Convertido,,0.0,Agressivo,Fiji
214860,Google Ads,2025-01-17,Não Convertido,,0.0,Moderado,Panama
214861,Instagram,2025-01-14,Não Convertido,,0.0,Moderado,Lao People's Democratic Republic
214862,Orgânico,2025-01-17,Não Convertido,,0.0,Conservador,Saint Vincent and the Grenadines
214863,E-mail Marketing,2025-01-14,Não Convertido,,0.0,Moderado,Saudi Arabia
214864,TikTok,2025-01-18,Não Convertido,,0.0,Conservador,Libyan Arab Jamahiriya
214865,WhatsApp,2025-01-17,Convertido,8.0,1067.92,Moderado,Swaziland
214866,TikTok,2025-01-15,Não Convertido,,0.0,Moderado,Kyrgyz Republic
214867,TikTok,2025-01-17,Não Convertido,,0.0,Agressivo,Oman
214868,Indicação,2025-01-13,Não Convertido,,0.0,Conservador,Saint Pierre and Miquelon
214869,Instagram,2025-01-16,Não Convertido,,0.0,Desconhecido,Gambia
214870,Google Ads,2025-01-13,Não Convertido,,0.0,Conservador,Haiti
214871,Orgânico,2025-01-14,Não Convertido,,0.0,Moderado,Afghanistan
214872,WhatsApp,2025-01-13,Não Convertido,,0.0,Desconhecido,Uganda
214873,YouTube Ads,2025-01-18,Não Convertido,,0.0,Conservador,Belarus
214874,WhatsApp,2025-01-13,Não Convertido,,0.0,Moderado,Mozambique
214875,Instagram,2025-01-14,Não Convertido,,0.0,Agressivo,Gabon
214876,E-mail Marketing,2025-01-15,Não Convertido,,0.0,Conservador,Micronesia
214877,YouTube Ads,2025-01-15,Não Convertido,,0.0,Desconhecido,Egypt
214878,E-mail Marketing,2025-01-16,Não Convertido,,0.0,Moderado,Cayman Islands
214879,Facebook,2025-01-13,Não Convertido,,0.0,Moderado,Argentina
214880,WhatsApp,2025-01-15,Não Convertido,,0.0,Moderado,Poland
214881,YouTube Ads,2025-01-18,Convertido,14.0,4795.31,Moderado,Mali
214882,E-mail Marketing,2025-01-14,Não Convertido,,0.0,Agressivo,Sri Lanka
214883,Google Ads,2025-01-15,Não Convertido,,0.0,Moderado,Yemen
214884,WhatsApp,2025-01-18,Não Convertido,,0.0,Agressivo,Saint Vincent and the Grenadines
214885,E-mail Marketing,2025-01-14,Não Convertido,,0.0,Moderado,China
214886,Orgânico,2025-01-13,Não Convertido,,0.0,Moderado,Burkina Faso
214887,Google Ads,2025-01-18,Não Convertido,,0.0,Moderado,Papua New Guinea
214888,Instagram,2025-01-16,Não Convertido,,0.0,Moderado,Isle of Man
214889,Orgânico,2025-01-15,Não Convertido,,0.0,Conservador,Germany
214890,Orgânico,2025-01-18,Não Convertido,,0.0,Conservador,Cameroon
214891,Instagram,2025-01-16,Não Convertido,,0.0,Moderado,Greenland
214892,WhatsApp,2025-01-18,Não Convertido,,0.0,Agressivo,Monaco
214893,Orgânico,2025-01-16,Não Convertido,,0.0,Moderado,Togo
214894,Indicação,2025-01-14,Não Convertido,,0.0,Moderado,Guinea
214895,TikTok,2025-01-17,Não Convertido,,0.0,Moderado,Denmark
214896,Facebook,2025-01-15,Não Convertido,,0.0,Agressivo,Venezuela
214897,Orgânico,2025-01-16,Não Convertido,,0.0,Conservador,South Africa
214898,YouTube Ads,2025-01-13,Não Convertido,,0.0,Moderado,Luxembourg
214899,WhatsApp,2025-01-14,Não Convertido,,0.0,Desconhecido,Togo
214900,Instagram,2025-01-14,Não Convertido,,0.0,Moderado,Nicaragua
214901,Orgânico,2025-01-13,Não Convertido,,0.0,Moderado,Thailand
214902,YouTube Ads,2025-01-13,Não Convertido,,0.0,Conservador,Bhutan
214903,WhatsApp,2025-01-16,Não Convertido,,0.0,Agressivo,Puerto Rico
214904,TikTok,2025-01-14,Não Convertido,,0.0,Moderado,Macao
214905,E-mail Marketing,2025-01-18,Não Convertido,,0.0,Agressivo,Slovakia (Slovak Republic)
214906,E-mail Marketing,2025-01-17,Não Convertido,,0.0,Moderado,Swaziland
214907,YouTube Ads,2025-01-17,Não Convertido,,0.0,Agressivo,Northern Mariana Islands
214908,Orgânico,2025-01-13,Não Convertido,,0.0,Moderado,Madagascar
214909,WhatsApp,2025-01-17,Não Convertido,,0.0,Agressivo,Singapore
214910,Instagram,2025-01-14,Não Convertido,,0.0,Conservador,South Africa
214911,Facebook,2025-01-14,Não Convertido,,0.0,Agressivo,Taiwan
214912,Orgânico,2025-01-15,Não Convertido,,0.0,Moderado,Chad
214913,Instagram,2025-01-14,Não Convertido,,0.0,Moderado,Aruba
214914,E-mail Marketing,2025-01-17,Não Convertido,,0.0,Moderado,Canada
214915,Instagram,2025-01-14,Não Convertido,,0.0,Desconhecido,Tunisia
214916,Instagram,2025-01-13,Não Convertido,,0.0,Conservador,Poland
214917,Orgânico,2025-01-13,Não Convertido,,0.0,Moderado,Angola
214918,Instagram,2025-01-14,Não Convertido,,0.0,Agressivo,Equatorial Guinea
214919,Orgânico,2025-01-13,Não Convertido,,0.0,Moderado,Hungary
214920,Orgânico,2025-01-17,Não Convertido,,0.0,Conservador,Haiti
214921,Google Ads,2025-01-18,Não Convertido,,0.0,Conservador,Vanuatu
214922,Orgânico,2025-01-17,Não Convertido,,0.0,Desconhecido,Mexico
214923,YouTube Ads,2025-01-15,Não Convertido,,0.0,Conservador,South Georgia and the South Sandwich Islands
214924,Facebook,2025-01-15,Não Convertido,,0.0,Desconhecido,Oman
214925,Orgânico,2025-01-15,Não Convertido,,0.0,Conservador,Romania
214926,Instagram,2025-01-15,Não Convertido,,0.0,Agressivo,Japan
214927,Orgânico,2025-01-17,Não Convertido,,0.0,Agressivo,Guadeloupe
214928,YouTube Ads,2025-01-13,Não Convertido,,0.0,Agressivo,Comoros
214929,Orgânico,2025-01-16,Não Convertido,,0.0,Moderado,Seychelles
214930,E-mail Marketing,2025-01-15,Não Convertido,,0.0,Agressivo,Cambodia
214931,E-mail Marketing,2025-01-18,Não Convertido,,0.0,Moderado,Turks and Caicos Islands
214932,Orgânico,2025-01-16,Convertido,0.0,8469.94,Moderado,Central African Republic
214933,TikTok,2025-01-15,Não Convertido,,0.0,Agressivo,Montenegro
214934,WhatsApp,2025-01-14,Não Convertido,,0.0,Moderado,Iran
214935,WhatsApp,2025-01-13,Não Convertido,,0.0,Moderado,Montserrat
214936,Instagram,2025-01-15,Não Convertido,,0.0,Agressivo,Liechtenstein
214937,TikTok,2025-01-17,Não Convertido,,0.0,Moderado,Czech Republic
214938,Instagram,2025-01-17,Não Convertido,,0.0,Moderado,Uzbekistan
214939,E-mail Marketing,2025-01-14,Convertido,23.0,1776.72,Conservador,Czech Republic
214940,Google Ads,2025-01-17,Não Convertido,,0.0,Agressivo,Ecuador
214941,E-mail Marketing,2025-01-17,Não Convertido,,0.0,Desconhecido,New Caledonia
214942,Orgânico,2025-01-17,Não Convertido,,0.0,Moderado,Australia
214943,Instagram,2025-01-15,Não Convertido,,0.0,Moderado,Isle of Man
214944,Indicação,2025-01-15,Não Convertido,,0.0,Desconhecido,Lebanon
214945,Indicação,2025-01-14,Não Convertido,,0.0,Agressivo,Bouvet Island (Bouvetoya)
214946,Google Ads,2025-01-18,Não Convertido,,0.0,Moderado,Switzerland
214947,Orgânico,2025-01-14,Não Convertido,,0.0,Moderado,Equatorial Guinea
214948,E-mail Marketing,2025-01-15,Não Convertido,,0.0,Moderado,Benin
214949,Instagram,2025-01-15,Não Convertido,,0.0,Agressivo,Latvia
214950,TikTok,2025-01-18,Não Convertido,,0.0,Moderado,Luxembourg
214951,E-mail Marketing,2025-01-15,Não Convertido,,0.0,Agressivo,Antigua and Barbuda
214952,WhatsApp,2025-01-16,Não Convertido,,0.0,Conservador,Saint Pierre and Miquelon
214953,Instagram,2025-01-14,Não Convertido,,0.0,Moderado,Norway
214954,Instagram,2025-01-14,Não Convertido,,0.0,Desconhecido,Azerbaijan
214955,WhatsApp,2025-01-13,Não Convertido,,0.0,Agressivo,Papua New Guinea
214956,E-mail Marketing,2025-01-16,Não Convertido,,0.0,Moderado,Solomon Islands
214957,Google Ads,2025-01-16,Não Convertido,,0.0,Agressivo,Portugal
214958,TikTok,2025-01-17,Não Convertido,,0.0,Agressivo,Mozambique
214959,Orgânico,2025-01-13,Não Convertido,,0.0,Moderado,New Zealand
214960,Facebook,2025-01-17,Não Convertido,,0.0,Moderado,Andorra
214961,Orgânico,2025-01-13,Não Convertido,,0.0,Desconhecido,Canada
214962,WhatsApp,2025-01-16,Não Convertido,,0.0,Desconhecido,Romania
214963,Instagram,2025-01-17,Convertido,26.0,2845.44,Agressivo,Kuwait
214964,Orgânico,2025-01-15,Não Convertido,,0.0,Desconhecido,Netherlands Antilles
214965,Facebook,2025-01-17,Não Convertido,,0.0,Agressivo,Venezuela
214966,Orgânico,2025-01-16,Não Convertido,,0.0,Conservador,Latvia
214967,TikTok,2025-01-16,Não Convertido,,0.0,Moderado,Tuvalu
214968,E-mail Marketing,2025-01-17,Não Convertido,,0.0,Conservador,Cote d'Ivoire
214969,Instagram,2025-01-18,Não Convertido,,0.0,Conservador,Algeria
214970,TikTok,2025-01-13,Convertido,2.0,667.75,Moderado,Ireland
214971,Google Ads,2025-01-18,Não Convertido,,0.0,Desconhecido,Western Sahara
214972,WhatsApp,2025-01-16,Não Convertido,,0.0,Moderado,Jersey
214973,Google Ads,2025-01-15,Não Convertido,,0.0,Moderado,India
214974,Orgânico,2025-01-14,Não Convertido,,0.0,Moderado,Suriname
214975,Google Ads,2025-01-18,Não Convertido,,0.0,Moderado,Syrian Arab Republic
214976,Indicação,2025-01-15,Não Convertido,,0.0,Conservador,Kenya
214977,TikTok,2025-01-16,Não Convertido,,0.0,Agressivo,Australia
214978,E-mail Marketing,2025-01-15,Não Convertido,,0.0,Moderado,Latvia
214979,YouTube Ads,2025-01-18,Não Convertido,,0.0,Conservador,British Virgin Islands
214980,Indicação,2025-01-14,Convertido,4.0,4271.88,Conservador,Croatia
214981,Instagram,2025-01-18,Não Convertido,,0.0,Moderado,Norfolk Island
214982,Orgânico,2025-01-17,Não Convertido,,0.0,Moderado,Chad
214983,Instagram,2025-01-16,Não Convertido,,0.0,Conservador,Saint Vincent and the Grenadines
214984,Orgânico,2025-01-14,Não Convertido,,0.0,Moderado,Nigeria
214985,Indicação,2025-01-14,Não Convertido,,0.0,Conservador,Isle of Man
214986,TikTok,2025-01-15,Não Convertido,,0.0,Moderado,Bahrain
214987,E-mail Marketing,2025-01-16,Não Convertido,,0.0,Agressivo,Nepal
214988,TikTok,2025-01-16,Não Convertido,,0.0,Conservador,Czech Republic
214989,E-mail Marketing,2025-01-13,Não Convertido,,0.0,Agressivo,China
214990,TikTok,2025-01-16,Não Convertido,,0.0,Moderado,Colombia
214991,E-mail Marketing,2025-01-16,Não Convertido,,0.0,Moderado,Armenia
214992,Facebook,2025-01-14,Não Convertido,,0.0,Agressivo,Myanmar
214993,TikTok,2025-01-16,Não Convertido,,0.0,Agressivo,Mauritania
214994,Google Ads,2025-01-15,Não Convertido,,0.0,Moderado,Indonesia
214995,E-mail Marketing,2025-01-18,Não Convertido,,0.0,Conservador,Guadeloupe
214996,Orgânico,2025-01-13,Não Convertido,,0.0,Desconhecido,Senegal
214997,Google Ads,2025-01-13,Não Convertido,,0.0,Agressivo,Greece
214998,E-mail Marketing,2025-01-17,Não Convertido,,0.0,Desconhecido,Bosnia and Herzegovina
214999,Google Ads,2025-01-18,Não Convertido,,0.0,Desconhecido,Tanzania
215000,Orgânico,2025-01-15,Não Convertido,,0.0,Moderado,Chile
215001,E-mail Marketing,2025-01-14,Convertido,21.0,7698.16,Agressivo,Holy See (Vatican City State)
215002,Orgânico,2025-01-14,Não Convertido,,0.0,Desconhecido,Namibia
215003,Instagram,2025-01-17,Não Convertido,,0.0,Conservador,Bosnia and Herzegovina
215004,YouTube Ads,2025-01-14,Convertido,29.0,406.58,Conservador,Hungary
215005,Instagram,2025-01-18,Não Convertido,,0.0,Conservador,Sri Lanka
215006,Orgânico,2025-01-17,Não Convertido,,0.0,Conservador,Bosnia and Herzegovina
215007,E-mail Marketing,2025-01-13,Não Convertido,,0.0,Agressivo,Chad
215008,WhatsApp,2025-01-18,Não Convertido,,0.0,Moderado,Pakistan
215009,TikTok,2025-01-14,Não Convertido,,0.0,Agressivo,Puerto Rico
215010,Google Ads,2025-01-18,Não Convertido,,0.0,Desconhecido,Japan
215011,Instagram,2025-01-15,Não Convertido,,0.0,Agressivo,Rwanda
215012,Google Ads,2025-01-14,Não Convertido,,0.0,Agressivo,Montserrat
215013,Facebook,2025-01-16,Não Convertido,,0.0,Moderado,Trinidad and Tobago
215014,Orgânico,2025-01-17,Não Convertido,,0.0,Conservador,Wallis and Futuna
215015,YouTube Ads,2025-01-14,Não Convertido,,0.0,Agressivo,Ethiopia
215016,Instagram,2025-01-15,Não Convertido,,0.0,Moderado,Slovenia
215017,YouTube Ads,2025-01-18,Não Convertido,,0.0,Moderado,Guyana
215018,E-mail Marketing,2025-01-18,Não Convertido,,0.0,Conservador,Croatia
215019,Indicação,2025-01-17,Não Convertido,,0.0,Agressivo,Cote d'Ivoire
215020,YouTube Ads,2025-01-17,Não Convertido,,0.0,Desconhecido,British Virgin Islands
215021,Google Ads,2025-01-18,Não Convertido,,0.0,Agressivo,Equatorial Guinea
215022,Facebook,2025-01-15,Não Convertido,,0.0,Conservador,Liechtenstein
215023,Orgânico,2025-01-14,Não Convertido,,0.0,Conservador,Montenegro
215024,WhatsApp,2025-01-14,Não Convertido,,0.0,Conservador,Reunion
215025,Facebook,2025-01-13,Não Convertido,,0.0,Conservador,Puerto Rico
215026,Google Ads,2025-01-17,Convertido,2.0,5701.06,Agressivo,Kazakhstan
215027,TikTok,2025-01-16,Não Convertido,,0.0,Agressivo,Yemen
215028,Instagram,2025-01-15,Não Convertido,,0.0,Desconhecido,French Guiana
215029,TikTok,2025-01-17,Não Convertido,,0.0,Desconhecido,Faroe Islands
215030,Orgânico,2025-01-18,Não Convertido,,0.0,Agressivo,Kuwait
215031,Orgânico,2025-01-13,Não Convertido,,0.0,Moderado,United Arab Emirates
215032,E-mail Marketing,2025-01-16,Convertido,10.0,1645.25,Agressivo,Switzerland
215033,Instagram,2025-01-17,Não Convertido,,0.0,Conservador,Saint Helena
215034,Orgânico,2025-01-15,Não Convertido,,0.0,Moderado,South Georgia and the South Sandwich Islands
215035,Indicação,2025-01-13,Não Convertido,,0.0,Conservador,Anguilla
215036,E-mail Marketing,2025-01-13,Não Convertido,,0.0,Moderado,Slovakia (Slovak Republic)
215037,Orgânico,2025-01-14,Não Convertido,,0.0,Moderado,Bahamas
215038,Orgânico,2025-01-18,Não Convertido,,0.0,Conservador,Lesotho
215039,Facebook,2025-01-13,Não Convertido,,0.0,Moderado,Dominican Republic
215040,WhatsApp,2025-01-18,Convertido,0.0,1401.13,Conservador,Antarctica (the territory South of 60 deg S)
215041,Facebook,2025-01-14,Não Convertido,,0.0,Moderado,Heard Island and McDonald Islands
215042,YouTube Ads,2025-01-15,Não Convertido,,0.0,Moderado,Kenya
215043,Indicação,2025-01-15,Não Convertido,,0.0,Agressivo,Fiji
215044,Facebook,2025-01-14,Não Convertido,,0.0,Agressivo,Cameroon
215045,Orgânico,2025-01-14,Não Convertido,,0.0,Moderado,Australia
215046,TikTok,2025-01-17,Não Convertido,,0.0,Conservador,Burkina Faso
215047,Orgânico,2025-01-16,Não Convertido,,0.0,Conservador,French Polynesia
215048,E-mail Marketing,2025-01-13,Não Convertido,,0.0,Moderado,Haiti
215049,Instagram,2025-01-17,Não Convertido,,0.0,Conservador,Belarus
215050,Facebook,2025-01-18,Convertido,13.0,3390.63,Conservador,Guinea
215051,Instagram,2025-01-18,Não Convertido,,0.0,Moderado,Guinea
215052,Indicação,2025-01-14,Não Convertido,,0.0,Agressivo,French Polynesia
215053,Orgânico,2025-01-18,Não Convertido,,0.0,Conservador,Christmas Island
215054,E-mail Marketing,2025-01-15,Não Convertido,,0.0,Agressivo,Peru
215055,Orgânico,2025-01-16,Não Convertido,,0.0,Agressivo,Congo
215056,Google Ads,2025-01-18,Não Convertido,,0.0,Moderado,Cameroon
215057,YouTube Ads,2025-01-16,Não Convertido,,0.0,Agressivo,Cyprus
215058,YouTube Ads,2025-01-15,Não Convertido,,0.0,Moderado,Iran
215059,TikTok,2025-01-17,Não Convertido,,0.0,Conservador,Moldova
215060,Instagram,2025-01-15,Não Convertido,,0.0,Moderado,Guinea
215061,Indicação,2025-01-16,Não Convertido,,0.0,Desconhecido,Brazil
215062,Facebook,2025-01-14,Não Convertido,,0.0,Moderado,Greece
215063,Instagram,2025-01-17,Não Convertido,,0.0,Desconhecido,Moldova
215064,YouTube Ads,2025-01-18,Não Convertido,,0.0,Conservador,Spain
215065,Orgânico,2025-01-17,Não Convertido,,0.0,Agressivo,Peru
215066,Google Ads,2025-01-15,Não Convertido,,0.0,Agressivo,Guatemala
215067,Instagram,2025-01-16,Não Convertido,,0.0,Moderado,Germany
215068,Orgânico,2025-01-13,Não Convertido,,0.0,Moderado,Guam
215069,YouTube Ads,2025-01-18,Não Convertido,,0.0,Conservador,Trinidad and Tobago
215070,YouTube Ads,2025-01-18,Não Convertido,,0.0,Moderado,Sweden
215071,E-mail Marketing,2025-01-18,Não Convertido,,0.0,Moderado,Honduras
215072,Instagram,2025-01-13,Não Convertido,,0.0,Moderado,Djibouti
215073,Facebook,2025-01-16,Não Convertido,,0.0,Moderado,Gabon
215074,Orgânico,2025-01-17,Não Convertido,,0.0,Moderado,Fiji
215075,Orgânico,2025-01-17,Não Convertido,,0.0,Moderado,Cook Islands
215076,Instagram,2025-01-15,Não Convertido,,0.0,Moderado,Czech Republic
215077,E-mail Marketing,2025-01-16,Não Convertido,,0.0,Conservador,Benin
215078,TikTok,2025-01-13,Convertido,16.0,4083.45,Agressivo,Monaco
215079,TikTok,2025-01-16,Não Convertido,,0.0,Moderado,Belgium
215080,Orgânico,2025-01-18,Não Convertido,,0.0,Moderado,Senegal
215081,Facebook,2025-01-14,Não Convertido,,0.0,Moderado,Malawi
215082,TikTok,2025-01-17,Não Convertido,,0.0,Moderado,Algeria
215083,Orgânico,2025-01-16,Não Convertido,,0.0,Moderado,Lesotho
215084,Facebook,2025-01-17,Não Convertido,,0.0,Moderado,Zimbabwe
215085,TikTok,2025-01-18,Convertido,16.0,2048.45,Agressivo,Christmas Island
215086,Indicação,2025-01-15,Não Convertido,,0.0,Moderado,Puerto Rico
215087,E-mail Marketing,2025-01-17,Não Convertido,,0.0,Conservador,Iraq
215088,Facebook,2025-01-13,Não Convertido,,0.0,Agressivo,Solomon Islands
215089,Google Ads,2025-01-15,Não Convertido,,0.0,Conservador,Liberia
215090,Orgânico,2025-01-13,Não Convertido,,0.0,Moderado,Kenya
215091,YouTube Ads,2025-01-13,Não Convertido,,0.0,Agressivo,Israel
215092,Facebook,2025-01-16,Não Convertido,,0.0,Agressivo,Pitcairn Islands
215093,Indicação,2025-01-16,Não Convertido,,0.0,Moderado,Iceland
215094,Indicação,2025-01-14,Não Convertido,,0.0,Agressivo,Syrian Arab Republic
215095,TikTok,2025-01-13,Convertido,10.0,5649.98,Conservador,Pakistan
215096,E-mail Marketing,2025-01-13,Não Convertido,,0.0,Moderado,Afghanistan
215097,Google Ads,2025-01-15,Não Convertido,,0.0,Agressivo,Tokelau
215098,Instagram,2025-01-17,Não Convertido,,0.0,Moderado,Lebanon
215099,Instagram,2025-01-13,Não Convertido,,0.0,Moderado,Eritrea
215100,Orgânico,2025-01-15,Não Convertido,,0.0,Moderado,Guinea
215101,WhatsApp,2025-01-15,Não Convertido,,0.0,Desconhecido,Kiribati
215102,Google Ads,2025-01-14,Não Convertido,,0.0,Agressivo,Singapore
215103,Google Ads,2025-01-14,Não Convertido,,0.0,Desconhecido,Cote d'Ivoire
215104,Orgânico,2025-01-18,Não Convertido,,0.0,Moderado,Solomon Islands
215105,Instagram,2025-01-15,Não Convertido,,0.0,Desconhecido,Costa Rica
215106,Google Ads,2025-01-17,Não Convertido,,0.0,Agressivo,Zimbabwe
215107,WhatsApp,2025-01-16,Convertido,11.0,2333.74,Moderado,Libyan Arab Jamahiriya
215108,Orgânico,2025-01-16,Não Convertido,,0.0,Moderado,Barbados
215109,Google Ads,2025-01-17,Não Convertido,,0.0,Agressivo,Cook Islands
215110,Orgânico,2025-01-18,Não Convertido,,0.0,Conservador,Svalbard & Jan Mayen Islands
215111,TikTok,2025-01-15,Não Convertido,,0.0,Conservador,Denmark
215112,YouTube Ads,2025-01-17,Não Convertido,,0.0,Agressivo,Mayotte
215113,Facebook,2025-01-15,Não Convertido,,0.0,Conservador,United Arab Emirates
215114,Orgânico,2025-01-15,Não Convertido,,0.0,Conservador,Bulgaria
215115,Instagram,2025-01-16,Não Convertido,,0.0,Desconhecido,Gibraltar
215116,Instagram,2025-01-15,Não Convertido,,0.0,Moderado,Somalia
215117,YouTube Ads,2025-01-14,Não Convertido,,0.0,Moderado,Taiwan
215118,Instagram,2025-01-16,Não Convertido,,0.0,Agressivo,Bosnia and Herzegovina
215119,Google Ads,2025-01-16,Não Convertido,,0.0,Agressivo,Haiti
215120,Orgânico,2025-01-18,Não Convertido,,0.0,Desconhecido,Zimbabwe
215121,E-mail Marketing,2025-01-16,Não Convertido,,0.0,Moderado,Turks and Caicos Islands
215122,Orgânico,2025-01-13,Não Convertido,,0.0,Moderado,Brazil
215123,Orgânico,2025-01-17,Não Convertido,,0.0,Agressivo,China
215124,WhatsApp,2025-01-18,Não Convertido,,0.0,Moderado,Latvia
215125,WhatsApp,2025-01-17,Não Convertido,,0.0,Moderado,Niger
215126,Facebook,2025-01-18,Não Convertido,,0.0,Moderado,Panama
215127,Instagram,2025-01-14,Não Convertido,,0.0,Conservador,Serbia
215128,YouTube Ads,2025-01-13,Não Convertido,,0.0,Conservador,Egypt
215129,Google Ads,2025-01-14,Não Convertido,,0.0,Conservador,Cote d'Ivoire
215130,Instagram,2025-01-16,Não Convertido,,0.0,Moderado,Togo
215131,E-mail Marketing,2025-01-14,Não Convertido,,0.0,Moderado,Western Sahara
215132,Google Ads,2025-01-18,Não Convertido,,0.0,Desconhecido,Colombia
215133,YouTube Ads,2025-01-13,Não Convertido,,0.0,Moderado,Cape Verde
215134,E-mail Marketing,2025-01-13,Não Convertido,,0.0,Moderado,Congo
215135,TikTok,2025-01-18,Não Convertido,,0.0,Moderado,Nicaragua
215136,Indicação,2025-01-18,Não Convertido,,0.0,Conservador,United States Virgin Islands
215137,Orgânico,2025-01-14,Não Convertido,,0.0,Moderado,Morocco
215138,Facebook,2025-01-18,Não Convertido,,0.0,Agressivo,Azerbaijan
215139,TikTok,2025-01-13,Não Convertido,,0.0,Agressivo,Tanzania
215140,Instagram,2025-01-13,Convertido,4.0,5631.48,Desconhecido,Eritrea
215141,WhatsApp,2025-01-15,Não Convertido,,0.0,Agressivo,Belize
215142,Orgânico,2025-01-18,Não Convertido,,0.0,Desconhecido,Bermuda
215143,Google Ads,2025-01-13,Não Convertido,,0.0,Agressivo,Central African Republic
215144,E-mail Marketing,2025-01-13,Não Convertido,,0.0,Desconhecido,Congo
215145,TikTok,2025-01-18,Não Convertido,,0.0,Moderado,Tuvalu
215146,TikTok,2025-01-15,Não Convertido,,0.0,Agressivo,Saint Kitts and Nevis
215147,Orgânico,2025-01-16,Não Convertido,,0.0,Agressivo,Tuvalu
215148,YouTube Ads,2025-01-15,Não Convertido,,0.0,Desconhecido,Nigeria
215149,Facebook,2025-01-14,Não Convertido,,0.0,Agressivo,Latvia
215150,WhatsApp,2025-01-15,Não Convertido,,0.0,Conservador,Azerbaijan
215151,TikTok,2025-01-13,Não Convertido,,0.0,Moderado,Croatia
215152,Orgânico,2025-01-18,Não Convertido,,0.0,Conservador,Guyana
215153,TikTok,2025-01-18,Não Convertido,,0.0,Moderado,Jamaica
215154,WhatsApp,2025-01-18,Não Convertido,,0.0,Agressivo,Greece
215155,Google Ads,2025-01-14,Não Convertido,,0.0,Desconhecido,Jordan
215156,Orgânico,2025-01-15,Não Convertido,,0.0,Conservador,Afghanistan
215157,Instagram,2025-01-15,Não Convertido,,0.0,Moderado,Saint Martin
215158,Google Ads,2025-01-14,Não Convertido,,0.0,Agressivo,Serbia
215159,TikTok,2025-01-17,Não Convertido,,0.0,Agressivo,Denmark
215160,WhatsApp,2025-01-17,Não Convertido,,0.0,Moderado,San Marino
215161,E-mail Marketing,2025-01-16,Não Convertido,,0.0,Desconhecido,Monaco
215162,Indicação,2025-01-15,Não Convertido,,0.0,Agressivo,Australia
215163,YouTube Ads,2025-01-16,Não Convertido,,0.0,Desconhecido,Honduras
215164,WhatsApp,2025-01-18,Não Convertido,,0.0,Moderado,Holy See (Vatican City State)
215165,Facebook,2025-01-14,Não Convertido,,0.0,Conservador,Latvia
215166,Instagram,2025-01-14,Não Convertido,,0.0,Agressivo,Tajikistan
215167,WhatsApp,2025-01-17,Não Convertido,,0.0,Agressivo,Qatar
215168,Instagram,2025-01-18,Não Convertido,,0.0,Moderado,Germany
215169,TikTok,2025-01-13,Não Convertido,,0.0,Moderado,Rwanda
215170,TikTok,2025-01-14,Não Convertido,,0.0,Moderado,Lesotho
215171,WhatsApp,2025-01-13,Não Convertido,,0.0,Moderado,Guyana
215172,TikTok,2025-01-18,Não Convertido,,0.0,Moderado,Western Sahara
215173,TikTok,2025-01-14,Não Convertido,,0.0,Moderado,Malaysia
215174,Instagram,2025-01-17,Não Convertido,,0.0,Agressivo,Reunion
215175,Instagram,2025-01-15,Não Convertido,,0.0,Conservador,Barbados
215176,WhatsApp,2025-01-17,Não Convertido,,0.0,Moderado,United States Virgin Islands
215177,Instagram,2025-01-18,Não Convertido,,0.0,Moderado,French Southern Territories
215178,TikTok,2025-01-18,Não Convertido,,0.0,Moderado,Saint Helena
215179,Google Ads,2025-01-14,Não Convertido,,0.0,Agressivo,Brazil
215180,YouTube Ads,2025-01-15,Não Convertido,,0.0,Moderado,Egypt
215181,Orgânico,2025-01-18,Convertido,29.0,8220.45,Moderado,Fiji
215182,Instagram,2025-01-13,Convertido,20.0,5169.67,Conservador,Kazakhstan
215183,Instagram,2025-01-17,Não Convertido,,0.0,Agressivo,Mexico
215184,Instagram,2025-01-18,Não Convertido,,0.0,Desconhecido,Korea
215185,YouTube Ads,2025-01-17,Não Convertido,,0.0,Moderado,Syrian Arab Republic
215186,Orgânico,2025-01-15,Não Convertido,,0.0,Desconhecido,Croatia
215187,Instagram,2025-01-17,Não Convertido,,0.0,Moderado,Uruguay
215188,Orgânico,2025-01-17,Não Convertido,,0.0,Conservador,Costa Rica
215189,TikTok,2025-01-13,Não Convertido,,0.0,Conservador,Bahamas
215190,Instagram,2025-01-16,Convertido,0.0,3554.22,Conservador,North Macedonia
215191,Indicação,2025-01-14,Não Convertido,,0.0,Moderado,Mauritius
215192,Orgânico,2025-01-14,Não Convertido,,0.0,Moderado,Mayotte
215193,Instagram,2025-01-16,Não Convertido,,0.0,Moderado,Cyprus
215194,Orgânico,2025-01-14,Não Convertido,,0.0,Moderado,Montenegro
215195,Indicação,2025-01-16,Não Convertido,,0.0,Agressivo,Micronesia
215196,WhatsApp,2025-01-13,Não Convertido,,0.0,Agressivo,Cuba
215197,Google Ads,2025-01-15,Não Convertido,,0.0,Moderado,Mayotte
215198,TikTok,2025-01-13,Não Convertido,,0.0,Conservador,Turkey
215199,WhatsApp,2025-01-16,Não Convertido,,0.0,Moderado,Tokelau
215200,TikTok,2025-01-17,Não Convertido,,0.0,Conservador,Syrian Arab Republic
215201,Instagram,2025-01-13,Não Convertido,,0.0,Conservador,Guernsey
215202,E-mail Marketing,2025-01-18,Não Convertido,,0.0,Moderado,Luxembourg
215203,Instagram,2025-01-18,Não Convertido,,0.0,Desconhecido,Ghana
215204,E-mail Marketing,2025-01-15,Não Convertido,,0.0,Agressivo,Russian Federation
215205,Orgânico,2025-01-14,Não Convertido,,0.0,Moderado,Bhutan
215206,WhatsApp,2025-01-14,Não Convertido,,0.0,Moderado,Poland
215207,Orgânico,2025-01-13,Não Convertido,,0.0,Moderado,Tokelau
215208,Google Ads,2025-01-18,Não Convertido,,0.0,Agressivo,Andorra
215209,E-mail Marketing,2025-01-16,Não Convertido,,0.0,Moderado,Cameroon
215210,TikTok,2025-01-15,Não Convertido,,0.0,Moderado,Argentina
215211,Instagram,2025-01-16,Não Convertido,,0.0,Conservador,Congo
215212,Orgânico,2025-01-17,Não Convertido,,0.0,Moderado,Swaziland
215213,Indicação,2025-01-15,Não Convertido,,0.0,Moderado,Lithuania
215214,Orgânico,2025-01-17,Não Convertido,,0.0,Desconhecido,Saint Lucia
215215,Orgânico,2025-01-18,Não Convertido,,0.0,Agressivo,Yemen
215216,Instagram,2025-01-15,Não Convertido,,0.0,Moderado,Aruba
215217,Orgânico,2025-01-17,Não Convertido,,0.0,Moderado,Qatar
215218,E-mail Marketing,2025-01-18,Não Convertido,,0.0,Conservador,Slovenia
215219,Google Ads,2025-01-18,Não Convertido,,0.0,Moderado,American Samoa
215220,Facebook,2025-01-17,Não Convertido,,0.0,Moderado,Pakistan
215221,Instagram,2025-01-17,Não Convertido,,0.0,Desconhecido,Japan
215222,Orgânico,2025-01-18,Não Convertido,,0.0,Conservador,Bermuda
215223,WhatsApp,2025-01-14,Não Convertido,,0.0,Moderado,France
215224,Facebook,2025-01-15,Não Convertido,,0.0,Agressivo,Nicaragua
215225,TikTok,2025-01-16,Não Convertido,,0.0,Agressivo,Macao
215226,Instagram,2025-01-16,Não Convertido,,0.0,Agressivo,Philippines
215227,Indicação,2025-01-14,Não Convertido,,0.0,Moderado,Burkina Faso
215228,E-mail Marketing,2025-01-17,Não Convertido,,0.0,Agressivo,South Georgia and the South Sandwich Islands
215229,Google Ads,2025-01-14,Não Convertido,,0.0,Agressivo,Togo
215230,Orgânico,2025-01-15,Não Convertido,,0.0,Moderado,Nauru
215231,E-mail Marketing,2025-01-18,Não Convertido,,0.0,Agressivo,Israel
215232,Orgânico,2025-01-17,Não Convertido,,0.0,Moderado,Namibia
215233,TikTok,2025-01-18,Não Convertido,,0.0,Agressivo,Jamaica
215234,Instagram,2025-01-18,Não Convertido,,0.0,Agressivo,Ukraine
215235,TikTok,2025-01-16,Não Convertido,,0.0,Moderado,Cook Islands
215236,Instagram,2025-01-18,Não Convertido,,0.0,Moderado,Turkey
215237,E-mail Marketing,2025-01-16,Não Convertido,,0.0,Moderado,Comoros
215238,WhatsApp,2025-01-13,Convertido,13.0,7667.18,Moderado,Benin
215239,TikTok,2025-01-13,Convertido,16.0,6808.86,Agressivo,Colombia
215240,Indicação,2025-01-18,Não Convertido,,0.0,Moderado,Djibouti
215241,YouTube Ads,2025-01-17,Não Convertido,,0.0,Moderado,Romania
215242,Orgânico,2025-01-13,Não Convertido,,0.0,Moderado,Saint Pierre and Miquelon
215243,YouTube Ads,2025-01-17,Não Convertido,,0.0,Moderado,Azerbaijan
215244,Google Ads,2025-01-13,Não Convertido,,0.0,Moderado,Norway
215245,Orgânico,2025-01-18,Não Convertido,,0.0,Desconhecido,Dominica
215246,WhatsApp,2025-01-17,Não Convertido,,0.0,Moderado,Western Sahara
215247,E-mail Marketing,2025-01-14,Não Convertido,,0.0,Agressivo,Spain
215248,Orgânico,2025-01-13,Não Convertido,,0.0,Moderado,Belgium
215249,Instagram,2025-01-18,Não Convertido,,0.0,Moderado,Liberia
215250,Google Ads,2025-01-15,Não Convertido,,0.0,Conservador,French Polynesia
215251,WhatsApp,2025-01-15,Não Convertido,,0.0,Moderado,Egypt
215252,TikTok,2025-01-15,Não Convertido,,0.0,Moderado,Bangladesh
215253,Facebook,2025-01-17,Não Convertido,,0.0,Desconhecido,Yemen
215254,Facebook,2025-01-15,Não Convertido,,0.0,Moderado,Spain
215255,TikTok,2025-01-13,Não Convertido,,0.0,Agressivo,Kuwait
215256,Google Ads,2025-01-16,Não Convertido,,0.0,Conservador,Angola
215257,E-mail Marketing,2025-01-13,Não Convertido,,0.0,Moderado,Jamaica
215258,E-mail Marketing,2025-01-17,Não Convertido,,0.0,Moderado,United Kingdom
215259,YouTube Ads,2025-01-16,Não Convertido,,0.0,Moderado,United States Virgin Islands
215260,Instagram,2025-01-17,Não Convertido,,0.0,Desconhecido,Finland
215261,TikTok,2025-01-13,Não Convertido,,0.0,Agressivo,Palestinian Territory
215262,Orgânico,2025-01-13,Não Convertido,,0.0,Desconhecido,Lebanon
215263,E-mail Marketing,2025-01-18,Não Convertido,,0.0,Conservador,New Caledonia
215264,TikTok,2025-01-15,Não Convertido,,0.0,Moderado,Turkmenistan
215265,Instagram,2025-01-16,Não Convertido,,0.0,Agressivo,Macao
215266,Facebook,2025-01-15,Não Convertido,,0.0,Agressivo,Congo
215267,WhatsApp,2025-01-18,Não Convertido,,0.0,Conservador,Denmark
215268,Orgânico,2025-01-16,Não Convertido,,0.0,Desconhecido,Cyprus
215269,Google Ads,2025-01-18,Não Convertido,,0.0,Agressivo,Iraq
215270,YouTube Ads,2025-01-15,Não Convertido,,0.0,Agressivo,Korea
215271,Indicação,2025-01-17,Não Convertido,,0.0,Moderado,United States of America
215272,WhatsApp,2025-01-17,Não Convertido,,0.0,Moderado,Algeria
215273,WhatsApp,2025-01-13,Não Convertido,,0.0,Agressivo,New Zealand
215274,Instagram,2025-01-13,Não Convertido,,0.0,Conservador,Hungary
215275,TikTok,2025-01-14,Não Convertido,,0.0,Moderado,Belize
215276,Instagram,2025-01-16,Não Convertido,,0.0,Moderado,French Southern Territories
215277,WhatsApp,2025-01-15,Não Convertido,,0.0,Agressivo,Slovakia (Slovak Republic)
215278,E-mail Marketing,2025-01-17,Não Convertido,,0.0,Agressivo,Israel
215279,Orgânico,2025-01-17,Não Convertido,,0.0,Moderado,Malta
215280,Google Ads,2025-01-15,Não Convertido,,0.0,Desconhecido,Guinea
215281,Orgânico,2025-01-16,Não Convertido,,0.0,Agressivo,Bahamas
215282,Facebook,2025-01-16,Não Convertido,,0.0,Agressivo,Congo
215283,Facebook,2025-01-15,Não Convertido,,0.0,Conservador,Western Sahara
215284,Google Ads,2025-01-13,Não Convertido,,0.0,Agressivo,Norway
215285,Instagram,2025-01-16,Não Convertido,,0.0,Moderado,Albania
215286,TikTok,2025-01-17,Não Convertido,,0.0,Conservador,Moldova
215287,Google Ads,2025-01-14,Não Convertido,,0.0,Moderado,Vanuatu
215288,Orgânico,2025-01-13,Não Convertido,,0.0,Agressivo,Montenegro
215289,WhatsApp,2025-01-17,Não Convertido,,0.0,Agressivo,Northern Mariana Islands
215290,Orgânico,2025-01-17,Não Convertido,,0.0,Moderado,Northern Mariana Islands
215291,Facebook,2025-01-13,Não Convertido,,0.0,Conservador,Denmark
215292,TikTok,2025-01-14,Não Convertido,,0.0,Moderado,Marshall Islands
215293,TikTok,2025-01-14,Não Convertido,,0.0,Moderado,Puerto Rico
215294,WhatsApp,2025-01-18,Não Convertido,,0.0,Conservador,Hong Kong
215295,TikTok,2025-01-16,Não Convertido,,0.0,Moderado,Comoros
215296,Instagram,2025-01-14,Não Convertido,,0.0,Moderado,South Africa
215297,Facebook,2025-01-16,Não Convertido,,0.0,Moderado,Italy
215298,Orgânico,2025-01-15,Não Convertido,,0.0,Conservador,Cook Islands
215299,TikTok,2025-01-18,Não Convertido,,0.0,Agressivo,Jersey
215300,Google Ads,2025-01-18,Não Convertido,,0.0,Agressivo,Burundi
215301,E-mail Marketing,2025-01-17,Não Convertido,,0.0,Conservador,Cameroon
215302,Orgânico,2025-01-13,Não Convertido,,0.0,Desconhecido,Togo
215303,Indicação,2025-01-17,Não Convertido,,0.0,Moderado,Armenia
215304,Orgânico,2025-01-14,Não Convertido,,0.0,Moderado,Central African Republic
215305,Google Ads,2025-01-18,Não Convertido,,0.0,Agressivo,Canada
215306,Instagram,2025-01-13,Não Convertido,,0.0,Moderado,Canada
215307,Facebook,2025-01-13,Não Convertido,,0.0,Moderado,Saint Martin
215308,WhatsApp,2025-01-13,Não Convertido,,0.0,Moderado,Greenland
215309,Instagram,2025-01-17,Não Convertido,,0.0,Conservador,Sudan
215310,Instagram,2025-01-18,Não Convertido,,0.0,Moderado,French Guiana
215311,Indicação,2025-01-14,Não Convertido,,0.0,Moderado,Niue
215312,TikTok,2025-01-18,Não Convertido,,0.0,Moderado,Lebanon
215313,WhatsApp,2025-01-16,Não Convertido,,0.0,Conservador,Lithuania
215314,WhatsApp,2025-01-13,Convertido,0.0,9276.04,Moderado,Northern Mariana Islands
215315,Instagram,2025-01-18,Não Convertido,,0.0,Moderado,Monaco
215316,E-mail Marketing,2025-01-17,Não Convertido,,0.0,Agressivo,Nauru
215317,TikTok,2025-01-18,Não Convertido,,0.0,Moderado,Latvia
215318,Instagram,2025-01-17,Não Convertido,,0.0,Moderado,Vietnam
215319,Instagram,2025-01-14,Não Convertido,,0.0,Conservador,Kazakhstan
215320,TikTok,2025-01-16,Não Convertido,,0.0,Agressivo,Iceland
215321,Indicação,2025-01-18,Convertido,27.0,2032.19,Moderado,Palestinian Territory
215322,Instagram,2025-01-13,Não Convertido,,0.0,Moderado,Turkey
215323,YouTube Ads,2025-01-16,Não Convertido,,0.0,Moderado,Algeria
215324,Google Ads,2025-01-13,Não Convertido,,0.0,Agressivo,Mayotte
215325,Facebook,2025-01-18,Não Convertido,,0.0,Moderado,Switzerland
215326,E-mail Marketing,2025-01-15,Não Convertido,,0.0,Conservador,United Arab Emirates
215327,Google Ads,2025-01-17,Convertido,16.0,3416.71,Desconhecido,Niger
215328,WhatsApp,2025-01-17,Não Convertido,,0.0,Moderado,Philippines
215329,Instagram,2025-01-15,Não Convertido,,0.0,Agressivo,Saint Lucia
215330,Orgânico,2025-01-18,Não Convertido,,0.0,Moderado,Suriname
215331,Instagram,2025-01-13,Não Convertido,,0.0,Moderado,Antigua and Barbuda
215332,Orgânico,2025-01-18,Não Convertido,,0.0,Moderado,Belgium
215333,Instagram,2025-01-15,Não Convertido,,0.0,Agressivo,Tanzania
215334,E-mail Marketing,2025-01-14,Não Convertido,,0.0,Agressivo,Bahamas
215335,Indicação,2025-01-16,Não Convertido,,0.0,Moderado,Greenland
215336,Facebook,2025-01-18,Não Convertido,,0.0,Agressivo,Kiribati
215337,E-mail Marketing,2025-01-17,Não Convertido,,0.0,Moderado,United States Minor Outlying Islands
215338,E-mail Marketing,2025-01-18,Não Convertido,,0.0,Agressivo,Iraq
215339,YouTube Ads,2025-01-13,Não Convertido,,0.0,Conservador,Gambia
215340,Facebook,2025-01-16,Não Convertido,,0.0,Desconhecido,Austria
215341,Google Ads,2025-01-13,Não Convertido,,0.0,Moderado,Japan
215342,Facebook,2025-01-14,Não Convertido,,0.0,Conservador,Portugal
215343,YouTube Ads,2025-01-14,Não Convertido,,0.0,Moderado,Macao
215344,Orgânico,2025-01-17,Não Convertido,,0.0,Agressivo,Mauritius
215345,TikTok,2025-01-15,Não Convertido,,0.0,Conservador,Guernsey
215346,Google Ads,2025-01-16,Não Convertido,,0.0,Agressivo,Indonesia
215347,WhatsApp,2025-01-15,Convertido,10.0,9850.07,Moderado,Venezuela
215348,Indicação,2025-01-14,Não Convertido,,0.0,Desconhecido,San Marino
215349,YouTube Ads,2025-01-13,Não Convertido,,0.0,Moderado,Niger
215350,Instagram,2025-01-16,Não Convertido,,0.0,Agressivo,Panama
215351,TikTok,2025-01-17,Não Convertido,,0.0,Conservador,Guinea
215352,YouTube Ads,2025-01-18,Não Convertido,,0.0,Agressivo,United Arab Emirates
215353,TikTok,2025-01-13,Não Convertido,,0.0,Moderado,Russian Federation
215354,Instagram,2025-01-15,Convertido,22.0,7511.11,Moderado,Fiji
215355,TikTok,2025-01-14,Não Convertido,,0.0,Agressivo,Sweden
215356,Instagram,2025-01-15,Não Convertido,,0.0,Moderado,Guatemala
215357,WhatsApp,2025-01-17,Não Convertido,,0.0,Moderado,Colombia
215358,Instagram,2025-01-14,Convertido,17.0,7054.17,Agressivo,Romania
215359,TikTok,2025-01-16,Não Convertido,,0.0,Conservador,Ireland
215360,Instagram,2025-01-17,Não Convertido,,0.0,Agressivo,Niger
215361,YouTube Ads,2025-01-13,Não Convertido,,0.0,Moderado,Samoa
215362,Indicação,2025-01-18,Não Convertido,,0.0,Moderado,Norfolk Island
215363,Facebook,2025-01-17,Não Convertido,,0.0,Conservador,Ukraine
215364,YouTube Ads,2025-01-14,Não Convertido,,0.0,Moderado,Norfolk Island
215365,Instagram,2025-01-16,Não Convertido,,0.0,Conservador,Bolivia
215366,WhatsApp,2025-01-13,Não Convertido,,0.0,Moderado,India
215367,YouTube Ads,2025-01-15,Não Convertido,,0.0,Moderado,Gibraltar
215368,Instagram,2025-01-14,Não Convertido,,0.0,Agressivo,Iraq
215369,TikTok,2025-01-18,Não Convertido,,0.0,Moderado,Palestinian Territory
215370,Google Ads,2025-01-15,Não Convertido,,0.0,Agressivo,Cuba
215371,Orgânico,2025-01-14,Não Convertido,,0.0,Moderado,Bangladesh
215372,Orgânico,2025-01-18,Não Convertido,,0.0,Moderado,Haiti
215373,E-mail Marketing,2025-01-13,Não Convertido,,0.0,Conservador,Gibraltar
215374,E-mail Marketing,2025-01-16,Não Convertido,,0.0,Desconhecido,Hong Kong
215375,Orgânico,2025-01-15,Convertido,4.0,9200.73,Moderado,Greenland
215376,TikTok,2025-01-14,Não Convertido,,0.0,Moderado,Madagascar
215377,WhatsApp,2025-01-16,Não Convertido,,0.0,Moderado,Cambodia
215378,TikTok,2025-01-18,Não Convertido,,0.0,Desconhecido,France
215379,Facebook,2025-01-18,Não Convertido,,0.0,Conservador,Afghanistan
215380,Indicação,2025-01-15,Não Convertido,,0.0,Desconhecido,Guinea
215381,WhatsApp,2025-01-18,Não Convertido,,0.0,Moderado,Andorra
215382,Instagram,2025-01-14,Não Convertido,,0.0,Agressivo,Colombia
215383,WhatsApp,2025-01-13,Não Convertido,,0.0,Moderado,Gabon
215384,E-mail Marketing,2025-01-18,Não Convertido,,0.0,Moderado,Turks and Caicos Islands
215385,Facebook,2025-01-16,Não Convertido,,0.0,Conservador,Saint Barthelemy
215386,Indicação,2025-01-13,Convertido,7.0,6825.99,Moderado,Iraq
215387,TikTok,2025-01-16,Não Convertido,,0.0,Moderado,Turks and Caicos Islands
215388,Instagram,2025-01-15,Não Convertido,,0.0,Agressivo,Benin
215389,TikTok,2025-01-15,Não Convertido,,0.0,Agressivo,Sweden
215390,TikTok,2025-01-16,Não Convertido,,0.0,Desconhecido,Falkland Islands (Malvinas)
215391,WhatsApp,2025-01-14,Não Convertido,,0.0,Desconhecido,New Zealand
215392,E-mail Marketing,2025-01-17,Não Convertido,,0.0,Agressivo,Uruguay
215393,TikTok,2025-01-13,Não Convertido,,0.0,Moderado,Senegal
215394,TikTok,2025-01-15,Não Convertido,,0.0,Conservador,Latvia
215395,Instagram,2025-01-13,Não Convertido,,0.0,Conservador,Botswana
215396,TikTok,2025-01-16,Não Convertido,,0.0,Agressivo,Antigua and Barbuda
215397,Orgânico,2025-01-16,Convertido,25.0,9217.44,Agressivo,Reunion
215398,TikTok,2025-01-13,Não Convertido,,0.0,Moderado,Papua New Guinea
215399,Google Ads,2025-01-14,Não Convertido,,0.0,Conservador,Uganda
215400,TikTok,2025-01-18,Não Convertido,,0.0,Conservador,Rwanda
215401,Facebook,2025-01-13,Não Convertido,,0.0,Moderado,Costa Rica
215402,YouTube Ads,2025-01-18,Não Convertido,,0.0,Agressivo,Uzbekistan
215403,Orgânico,2025-01-18,Não Convertido,,0.0,Conservador,Mauritius
215404,Orgânico,2025-01-15,Convertido,8.0,1533.27,Conservador,Western Sahara
215405,WhatsApp,2025-01-18,Não Convertido,,0.0,Moderado,Saint Martin
215406,TikTok,2025-01-16,Não Convertido,,0.0,Moderado,Martinique
215407,Instagram,2025-01-17,Não Convertido,,0.0,Desconhecido,Afghanistan
215408,Google Ads,2025-01-16,Não Convertido,,0.0,Agressivo,Czech Republic
215409,Orgânico,2025-01-18,Não Convertido,,0.0,Moderado,Cayman Islands
215410,Orgânico,2025-01-15,Não Convertido,,0.0,Conservador,Norway
215411,TikTok,2025-01-16,Não Convertido,,0.0,Agressivo,Korea
215412,Google Ads,2025-01-18,Não Convertido,,0.0,Agressivo,Tunisia
215413,Indicação,2025-01-14,Não Convertido,,0.0,Agressivo,Gabon
215414,E-mail Marketing,2025-01-18,Não Convertido,,0.0,Moderado,Hungary
215415,TikTok,2025-01-18,Não Convertido,,0.0,Agressivo,Lesotho
215416,Google Ads,2025-01-18,Não Convertido,,0.0,Agressivo,Falkland Islands (Malvinas)
215417,Instagram,2025-01-17,Não Convertido,,0.0,Moderado,Netherlands
215418,Orgânico,2025-01-17,Não Convertido,,0.0,Moderado,Uzbekistan
215419,Instagram,2025-01-14,Não Convertido,,0.0,Moderado,Australia
215420,E-mail Marketing,2025-01-16,Não Convertido,,0.0,Agressivo,Tonga
215421,Instagram,2025-01-14,Não Convertido,,0.0,Agressivo,Namibia
215422,TikTok,2025-01-17,Não Convertido,,0.0,Desconhecido,Dominican Republic
215423,TikTok,2025-01-18,Não Convertido,,0.0,Moderado,Ireland
215424,E-mail Marketing,2025-01-13,Não Convertido,,0.0,Agressivo,United States Virgin Islands
215425,YouTube Ads,2025-01-18,Não Convertido,,0.0,Moderado,Dominican Republic
215426,YouTube Ads,2025-01-16,Não Convertido,,0.0,Conservador,Algeria
215427,Orgânico,2025-01-16,Não Convertido,,0.0,Agressivo,Yemen
215428,Google Ads,2025-01-17,Não Convertido,,0.0,Agressivo,Luxembourg
215429,Orgânico,2025-01-17,Não Convertido,,0.0,Conservador,Afghanistan
215430,Orgânico,2025-01-13,Não Convertido,,0.0,Conservador,Malaysia
215431,Google Ads,2025-01-17,Não Convertido,,0.0,Moderado,Japan
215432,WhatsApp,2025-01-16,Não Convertido,,0.0,Moderado,Saint Pierre and Miquelon
215433,Google Ads,2025-01-13,Não Convertido,,0.0,Moderado,Fiji
215434,Indicação,2025-01-18,Convertido,13.0,3116.98,Desconhecido,Zambia
215435,YouTube Ads,2025-01-15,Não Convertido,,0.0,Moderado,Anguilla
215436,TikTok,2025-01-17,Não Convertido,,0.0,Agressivo,Tunisia
215437,Instagram,2025-01-14,Não Convertido,,0.0,Agressivo,Algeria
215438,TikTok,2025-01-16,Não Convertido,,0.0,Moderado,Mexico
215439,TikTok,2025-01-16,Não Convertido,,0.0,Agressivo,Indonesia
215440,Google Ads,2025-01-14,Não Convertido,,0.0,Conservador,Venezuela
215441,WhatsApp,2025-01-14,Não Convertido,,0.0,Desconhecido,Brunei Darussalam
215442,E-mail Marketing,2025-01-17,Não Convertido,,0.0,Conservador,Liechtenstein
215443,Orgânico,2025-01-16,Não Convertido,,0.0,Conservador,United States of America
215444,WhatsApp,2025-01-13,Não Convertido,,0.0,Moderado,Central African Republic
215445,WhatsApp,2025-01-15,Não Convertido,,0.0,Moderado,Saint Kitts and Nevis
215446,TikTok,2025-01-14,Não Convertido,,0.0,Conservador,Uzbekistan
215447,Orgânico,2025-01-18,Não Convertido,,0.0,Moderado,Malawi
215448,Instagram,2025-01-15,Convertido,20.0,7930.34,Moderado,American Samoa
215449,YouTube Ads,2025-01-17,Não Convertido,,0.0,Conservador,Ecuador
215450,Google Ads,2025-01-18,Não Convertido,,0.0,Conservador,Equatorial Guinea
215451,TikTok,2025-01-15,Não Convertido,,0.0,Conservador,Peru
215452,Instagram,2025-01-18,Não Convertido,,0.0,Agressivo,Wallis and Futuna
215453,Orgânico,2025-01-16,Não Convertido,,0.0,Conservador,Vietnam
215454,TikTok,2025-01-18,Não Convertido,,0.0,Desconhecido,Liechtenstein
215455,Orgânico,2025-01-13,Não Convertido,,0.0,Conservador,Kazakhstan
215456,YouTube Ads,2025-01-16,Não Convertido,,0.0,Moderado,Saint Pierre and Miquelon
215457,TikTok,2025-01-13,Não Convertido,,0.0,Agressivo,Hong Kong
215458,Instagram,2025-01-18,Não Convertido,,0.0,Agressivo,United States Virgin Islands
215459,Orgânico,2025-01-14,Não Convertido,,0.0,Moderado,Nigeria
215460,E-mail Marketing,2025-01-13,Não Convertido,,0.0,Moderado,Jordan
215461,Google Ads,2025-01-16,Não Convertido,,0.0,Moderado,Malta
215462,Instagram,2025-01-18,Não Convertido,,0.0,Agressivo,New Zealand
215463,TikTok,2025-01-14,Convertido,29.0,339.46,Moderado,Saint Vincent and the Grenadines
215464,Google Ads,2025-01-15,Não Convertido,,0.0,Moderado,Gibraltar
215465,TikTok,2025-01-16,Não Convertido,,0.0,Desconhecido,Uganda
215466,E-mail Marketing,2025-01-17,Não Convertido,,0.0,Moderado,Zimbabwe
215467,Orgânico,2025-01-16,Não Convertido,,0.0,Conservador,Azerbaijan
215468,Orgânico,2025-01-13,Não Convertido,,0.0,Agressivo,Central African Republic
215469,TikTok,2025-01-16,Não Convertido,,0.0,Desconhecido,Albania
215470,TikTok,2025-01-13,Não Convertido,,0.0,Conservador,Greece
215471,TikTok,2025-01-16,Não Convertido,,0.0,Moderado,Georgia
215472,TikTok,2025-01-13,Não Convertido,,0.0,Desconhecido,Australia
215473,TikTok,2025-01-18,Não Convertido,,0.0,Agressivo,Marshall Islands
215474,YouTube Ads,2025-01-16,Não Convertido,,0.0,Moderado,Guam
215475,Google Ads,2025-01-17,Não Convertido,,0.0,Moderado,Malaysia
215476,TikTok,2025-01-15,Não Convertido,,0.0,Conservador,Rwanda
215477,WhatsApp,2025-01-16,Não Convertido,,0.0,Moderado,Benin
215478,E-mail Marketing,2025-01-17,Não Convertido,,0.0,Agressivo,Swaziland
215479,Instagram,2025-01-13,Não Convertido,,0.0,Agressivo,Greece
215480,Orgânico,2025-01-15,Não Convertido,,0.0,Moderado,Belgium
215481,YouTube Ads,2025-01-16,Não Convertido,,0.0,Conservador,Reunion
215482,Orgânico,2025-01-13,Não Convertido,,0.0,Moderado,Thailand
215483,TikTok,2025-01-18,Não Convertido,,0.0,Moderado,Christmas Island
215484,Google Ads,2025-01-15,Não Convertido,,0.0,Moderado,Haiti
215485,Orgânico,2025-01-14,Não Convertido,,0.0,Desconhecido,Ireland
215486,YouTube Ads,2025-01-17,Não Convertido,,0.0,Moderado,Saint Kitts and Nevis
215487,TikTok,2025-01-15,Não Convertido,,0.0,Desconhecido,Bulgaria
215488,Orgânico,2025-01-17,Não Convertido,,0.0,Moderado,Belarus
215489,Instagram,2025-01-13,Não Convertido,,0.0,Agressivo,Mauritius
215490,TikTok,2025-01-17,Não Convertido,,0.0,Moderado,Singapore
215491,Instagram,2025-01-18,Não Convertido,,0.0,Moderado,Bhutan
215492,TikTok,2025-01-14,Não Convertido,,0.0,Agressivo,Panama
215493,Instagram,2025-01-16,Não Convertido,,0.0,Moderado,Sudan
215494,Orgânico,2025-01-18,Não Convertido,,0.0,Conservador,Brunei Darussalam
215495,WhatsApp,2025-01-15,Não Convertido,,0.0,Agressivo,Saint Barthelemy
215496,WhatsApp,2025-01-13,Não Convertido,,0.0,Moderado,Kenya
215497,TikTok,2025-01-17,Convertido,20.0,8063.82,Agressivo,Morocco
215498,Instagram,2025-01-15,Não Convertido,,0.0,Desconhecido,Morocco
215499,Orgânico,2025-01-15,Não Convertido,,0.0,Conservador,Cape Verde
215500,Instagram,2025-01-16,Não Convertido,,0.0,Moderado,Jordan
215501,Indicação,2025-01-13,Não Convertido,,0.0,Moderado,Oman
215502,Facebook,2025-01-15,Não Convertido,,0.0,Conservador,Germany
215503,WhatsApp,2025-01-16,Não Convertido,,0.0,Agressivo,Greenland
215504,Facebook,2025-01-15,Não Convertido,,0.0,Agressivo,Rwanda
215505,Google Ads,2025-01-18,Não Convertido,,0.0,Moderado,Netherlands
215506,E-mail Marketing,2025-01-14,Não Convertido,,0.0,Moderado,Chad
215507,Facebook,2025-01-14,Não Convertido,,0.0,Agressivo,Costa Rica
215508,Instagram,2025-01-14,Não Convertido,,0.0,Moderado,Svalbard & Jan Mayen Islands
215509,Google Ads,2025-01-15,Não Convertido,,0.0,Moderado,Equatorial Guinea
215510,TikTok,2025-01-17,Não Convertido,,0.0,Agressivo,Syrian Arab Republic
215511,E-mail Marketing,2025-01-18,Não Convertido,,0.0,Agressivo,Malta
215512,Facebook,2025-01-15,Não Convertido,,0.0,Desconhecido,Swaziland
215513,Google Ads,2025-01-13,Não Convertido,,0.0,Moderado,Central African Republic
215514,E-mail Marketing,2025-01-17,Não Convertido,,0.0,Moderado,Vanuatu
215515,Orgânico,2025-01-18,Não Convertido,,0.0,Conservador,Bhutan
215516,WhatsApp,2025-01-18,Não Convertido,,0.0,Conservador,Congo
215517,WhatsApp,2025-01-18,Não Convertido,,0.0,Moderado,Rwanda
215518,YouTube Ads,2025-01-13,Convertido,17.0,8341.53,Agressivo,Slovenia
215519,Google Ads,2025-01-13,Não Convertido,,0.0,Moderado,British Virgin Islands
215520,Orgânico,2025-01-15,Não Convertido,,0.0,Conservador,Tonga
215521,WhatsApp,2025-01-16,Não Convertido,,0.0,Moderado,Malaysia
215522,TikTok,2025-01-18,Não Convertido,,0.0,Moderado,Bouvet Island (Bouvetoya)
215523,Facebook,2025-01-16,Não Convertido,,0.0,Moderado,Panama
215524,Google Ads,2025-01-13,Não Convertido,,0.0,Agressivo,Portugal
215525,Google Ads,2025-01-15,Não Convertido,,0.0,Conservador,Guatemala
215526,TikTok,2025-01-15,Não Convertido,,0.0,Moderado,Syrian Arab Republic
215527,E-mail Marketing,2025-01-17,Não Convertido,,0.0,Agressivo,Wallis and Futuna
215528,E-mail Marketing,2025-01-17,Não Convertido,,0.0,Agressivo,Congo
215529,Google Ads,2025-01-17,Não Convertido,,0.0,Agressivo,Ukraine
215530,Instagram,2025-01-13,Não Convertido,,0.0,Moderado,Chad
215531,WhatsApp,2025-01-13,Não Convertido,,0.0,Conservador,Korea
215532,E-mail Marketing,2025-01-16,Não Convertido,,0.0,Moderado,Pitcairn Islands
215533,Google Ads,2025-01-17,Não Convertido,,0.0,Moderado,British Virgin Islands
215534,E-mail Marketing,2025-01-15,Não Convertido,,0.0,Moderado,Burkina Faso
215535,Google Ads,2025-01-18,Convertido,9.0,7373.19,Moderado,Niue
215536,Instagram,2025-01-17,Não Convertido,,0.0,Agressivo,Eritrea
215537,Instagram,2025-01-18,Não Convertido,,0.0,Conservador,Tunisia
215538,Orgânico,2025-01-13,Não Convertido,,0.0,Moderado,Vietnam
215539,E-mail Marketing,2025-01-16,Não Convertido,,0.0,Agressivo,Marshall Islands
215540,YouTube Ads,2025-01-18,Não Convertido,,0.0,Conservador,Wallis and Futuna
215541,Instagram,2025-01-17,Convertido,6.0,8272.24,Conservador,Albania
215542,Google Ads,2025-01-13,Não Convertido,,0.0,Moderado,Saint Helena
215543,E-mail Marketing,2025-01-16,Não Convertido,,0.0,Conservador,Andorra
215544,YouTube Ads,2025-01-14,Convertido,13.0,2807.09,Moderado,Costa Rica
215545,TikTok,2025-01-17,Não Convertido,,0.0,Agressivo,Zimbabwe
215546,Facebook,2025-01-18,Não Convertido,,0.0,Desconhecido,North Macedonia
215547,E-mail Marketing,2025-01-16,Não Convertido,,0.0,Agressivo,Montenegro
215548,E-mail Marketing,2025-01-13,Não Convertido,,0.0,Conservador,Dominica
215549,Google Ads,2025-01-14,Não Convertido,,0.0,Moderado,Niue
215550,Orgânico,2025-01-15,Não Convertido,,0.0,Moderado,United States of America
215551,TikTok,2025-01-16,Não Convertido,,0.0,Agressivo,Barbados
215552,Google Ads,2025-01-17,Não Convertido,,0.0,Agressivo,Thailand
215553,Orgânico,2025-01-17,Não Convertido,,0.0,Agressivo,Mexico
215554,Orgânico,2025-01-13,Não Convertido,,0.0,Conservador,Guadeloupe
215555,TikTok,2025-01-15,Não Convertido,,0.0,Moderado,Swaziland
215556,YouTube Ads,2025-01-18,Não Convertido,,0.0,Moderado,Norfolk Island
215557,TikTok,2025-01-14,Não Convertido,,0.0,Agressivo,Samoa
215558,Orgânico,2025-01-14,Não Convertido,,0.0,Conservador,Tonga
215559,WhatsApp,2025-01-18,Não Convertido,,0.0,Conservador,Latvia
215560,E-mail Marketing,2025-01-17,Não Convertido,,0.0,Moderado,Morocco
215561,Orgânico,2025-01-13,Não Convertido,,0.0,Moderado,Cote d'Ivoire
215562,Indicação,2025-01-17,Não Convertido,,0.0,Conservador,France
215563,E-mail Marketing,2025-01-14,Não Convertido,,0.0,Conservador,Eritrea
215564,TikTok,2025-01-14,Não Convertido,,0.0,Agressivo,Liechtenstein
215565,E-mail Marketing,2025-01-14,Não Convertido,,0.0,Moderado,Switzerland
215566,Google Ads,2025-01-16,Não Convertido,,0.0,Conservador,Malaysia
215567,Orgânico,2025-01-16,Não Convertido,,0.0,Conservador,Philippines
215568,Orgânico,2025-01-17,Não Convertido,,0.0,Agressivo,Guyana
215569,Orgânico,2025-01-17,Não Convertido,,0.0,Conservador,Romania
215570,Orgânico,2025-01-18,Não Convertido,,0.0,Conservador,Israel
215571,Orgânico,2025-01-14,Não Convertido,,0.0,Moderado,United States of America
215572,Facebook,2025-01-15,Não Convertido,,0.0,Moderado,Belgium
215573,Indicação,2025-01-17,Não Convertido,,0.0,Agressivo,Armenia
215574,Instagram,2025-01-13,Não Convertido,,0.0,Desconhecido,Turkmenistan
215575,Instagram,2025-01-18,Não Convertido,,0.0,Conservador,Czech Republic
215576,Facebook,2025-01-17,Não Convertido,,0.0,Conservador,France
215577,YouTube Ads,2025-01-17,Não Convertido,,0.0,Conservador,Switzerland
215578,WhatsApp,2025-01-18,Não Convertido,,0.0,Desconhecido,Guam
215579,TikTok,2025-01-13,Não Convertido,,0.0,Moderado,Niger
215580,YouTube Ads,2025-01-17,Não Convertido,,0.0,Desconhecido,Svalbard & Jan Mayen Islands
215581,YouTube Ads,2025-01-15,Não Convertido,,0.0,Moderado,Gambia
215582,Facebook,2025-01-13,Não Convertido,,0.0,Moderado,Dominican Republic
215583,E-mail Marketing,2025-01-17,Não Convertido,,0.0,Conservador,Israel
215584,Instagram,2025-01-13,Não Convertido,,0.0,Agressivo,Paraguay
215585,Instagram,2025-01-16,Não Convertido,,0.0,Moderado,Georgia
215586,E-mail Marketing,2025-01-13,Não Convertido,,0.0,Agressivo,Korea
215587,E-mail Marketing,2025-01-16,Não Convertido,,0.0,Moderado,Tunisia
215588,Facebook,2025-01-13,Não Convertido,,0.0,Desconhecido,El Salvador
215589,TikTok,2025-01-16,Convertido,0.0,5435.49,Agressivo,Finland
215590,Orgânico,2025-01-16,Não Convertido,,0.0,Agressivo,South Georgia and the South Sandwich Islands
215591,E-mail Marketing,2025-01-18,Convertido,6.0,1375.36,Conservador,Gabon
215592,Instagram,2025-01-13,Não Convertido,,0.0,Moderado,Bermuda
215593,Instagram,2025-01-15,Não Convertido,,0.0,Agressivo,Fiji
215594,TikTok,2025-01-16,Não Convertido,,0.0,Desconhecido,Canada
215595,Instagram,2025-01-14,Não Convertido,,0.0,Agressivo,Hong Kong
215596,Facebook,2025-01-15,Não Convertido,,0.0,Moderado,Saint Kitts and Nevis
215597,Orgânico,2025-01-13,Não Convertido,,0.0,Moderado,Israel
215598,Facebook,2025-01-18,Convertido,25.0,271.43,Moderado,United States Virgin Islands
215599,Facebook,2025-01-14,Não Convertido,,0.0,Agressivo,Argentina
215600,Indicação,2025-01-14,Não Convertido,,0.0,Conservador,Honduras
215601,Instagram,2025-01-14,Não Convertido,,0.0,Moderado,Botswana
215602,Orgânico,2025-01-18,Não Convertido,,0.0,Moderado,Niger
215603,WhatsApp,2025-01-13,Não Convertido,,0.0,Agressivo,Russian Federation
215604,Orgânico,2025-01-15,Não Convertido,,0.0,Moderado,Eritrea
215605,Indicação,2025-01-17,Não Convertido,,0.0,Conservador,Lesotho
215606,Orgânico,2025-01-14,Convertido,19.0,2801.69,Conservador,Belarus
215607,YouTube Ads,2025-01-18,Não Convertido,,0.0,Moderado,Western Sahara
215608,Instagram,2025-01-13,Não Convertido,,0.0,Conservador,Netherlands
215609,Orgânico,2025-01-15,Não Convertido,,0.0,Agressivo,Slovakia (Slovak Republic)
215610,TikTok,2025-01-14,Não Convertido,,0.0,Moderado,Norfolk Island
215611,Google Ads,2025-01-18,Não Convertido,,0.0,Moderado,Congo
215612,E-mail Marketing,2025-01-16,Não Convertido,,0.0,Conservador,Barbados
215613,Facebook,2025-01-14,Não Convertido,,0.0,Moderado,Panama
215614,E-mail Marketing,2025-01-16,Não Convertido,,0.0,Moderado,Somalia
215615,TikTok,2025-01-14,Não Convertido,,0.0,Moderado,Uganda
215616,Orgânico,2025-01-14,Não Convertido,,0.0,Agressivo,Cayman Islands
215617,YouTube Ads,2025-01-16,Não Convertido,,0.0,Agressivo,Lesotho
215618,Orgânico,2025-01-14,Não Convertido,,0.0,Moderado,Korea
215619,E-mail Marketing,2025-01-17,Não Convertido,,0.0,Desconhecido,Vietnam
215620,Orgânico,2025-01-13,Não Convertido,,0.0,Agressivo,Puerto Rico
215621,YouTube Ads,2025-01-16,Não Convertido,,0.0,Agressivo,Turkey
215622,E-mail Marketing,2025-01-13,Não Convertido,,0.0,Agressivo,Lesotho
215623,YouTube Ads,2025-01-18,Não Convertido,,0.0,Agressivo,Czech Republic
215624,Instagram,2025-01-15,Não Convertido,,0.0,Agressivo,Vanuatu
215625,YouTube Ads,2025-01-16,Não Convertido,,0.0,Agressivo,Yemen
215626,Facebook,2025-01-17,Não Convertido,,0.0,Agressivo,Svalbard & Jan Mayen Islands
215627,Orgânico,2025-01-13,Não Convertido,,0.0,Conservador,Ethiopia
215628,E-mail Marketing,2025-01-15,Não Convertido,,0.0,Moderado,Cayman Islands
215629,Orgânico,2025-01-15,Não Convertido,,0.0,Agressivo,Zimbabwe
215630,Indicação,2025-01-18,Não Convertido,,0.0,Conservador,French Polynesia
215631,Facebook,2025-01-18,Não Convertido,,0.0,Moderado,Azerbaijan
215632,YouTube Ads,2025-01-17,Não Convertido,,0.0,Moderado,Cote d'Ivoire
215633,Instagram,2025-01-13,Não Convertido,,0.0,Agressivo,Ghana
215634,Indicação,2025-01-18,Não Convertido,,0.0,Moderado,Sweden
215635,TikTok,2025-01-13,Não Convertido,,0.0,Moderado,Mongolia
215636,Facebook,2025-01-17,Convertido,30.0,1530.59,Moderado,Equatorial Guinea
215637,Orgânico,2025-01-18,Não Convertido,,0.0,Agressivo,United States Minor Outlying Islands
215638,TikTok,2025-01-14,Não Convertido,,0.0,Moderado,Syrian Arab Republic
215639,Google Ads,2025-01-13,Convertido,29.0,3530.81,Moderado,Saint Barthelemy
215640,TikTok,2025-01-17,Não Convertido,,0.0,Conservador,France
215641,Orgânico,2025-01-17,Não Convertido,,0.0,Moderado,Martinique
215642,TikTok,2025-01-14,Não Convertido,,0.0,Agressivo,Nicaragua
215643,Google Ads,2025-01-14,Não Convertido,,0.0,Moderado,Ukraine
215644,Orgânico,2025-01-14,Não Convertido,,0.0,Desconhecido,Turkey
215645,TikTok,2025-01-17,Não Convertido,,0.0,Moderado,Guinea
215646,E-mail Marketing,2025-01-13,Não Convertido,,0.0,Moderado,Sweden
215647,Orgânico,2025-01-15,Não Convertido,,0.0,Moderado,Peru
215648,Orgânico,2025-01-14,Não Convertido,,0.0,Desconhecido,Cuba
215649,E-mail Marketing,2025-01-15,Não Convertido,,0.0,Agressivo,Ghana
215650,Orgânico,2025-01-18,Não Convertido,,0.0,Moderado,Liechtenstein
215651,WhatsApp,2025-01-16,Não Convertido,,0.0,Moderado,Hungary
215652,Google Ads,2025-01-14,Não Convertido,,0.0,Moderado,Pitcairn Islands
215653,Google Ads,2025-01-17,Não Convertido,,0.0,Moderado,Kenya
215654,Google Ads,2025-01-17,Não Convertido,,0.0,Desconhecido,Bangladesh
215655,Orgânico,2025-01-13,Não Convertido,,0.0,Moderado,Sao Tome and Principe
215656,Google Ads,2025-01-13,Não Convertido,,0.0,Moderado,Togo
215657,Orgânico,2025-01-14,Não Convertido,,0.0,Conservador,Taiwan
215658,Facebook,2025-01-13,Não Convertido,,0.0,Agressivo,Australia
215659,TikTok,2025-01-16,Não Convertido,,0.0,Conservador,Cote d'Ivoire
215660,WhatsApp,2025-01-17,Não Convertido,,0.0,Agressivo,Australia
215661,YouTube Ads,2025-01-17,Não Convertido,,0.0,Conservador,Thailand
215662,E-mail Marketing,2025-01-18,Não Convertido,,0.0,Desconhecido,China
215663,Orgânico,2025-01-14,Não Convertido,,0.0,Moderado,India
215664,E-mail Marketing,2025-01-17,Não Convertido,,0.0,Moderado,Christmas Island
215665,TikTok,2025-01-16,Não Convertido,,0.0,Moderado,Slovakia (Slovak Republic)
215666,Orgânico,2025-01-16,Não Convertido,,0.0,Moderado,Uganda
215667,TikTok,2025-01-15,Não Convertido,,0.0,Agressivo,Malaysia
215668,TikTok,2025-01-14,Não Convertido,,0.0,Moderado,Seychelles
215669,Orgânico,2025-01-18,Não Convertido,,0.0,Moderado,Barbados
215670,Orgânico,2025-01-16,Não Convertido,,0.0,Moderado,Netherlands Antilles
215671,Orgânico,2025-01-14,Não Convertido,,0.0,Agressivo,Belize
215672,WhatsApp,2025-01-14,Não Convertido,,0.0,Moderado,Mali
215673,WhatsApp,2025-01-17,Não Convertido,,0.0,Agressivo,Czech Republic
215674,Orgânico,2025-01-15,Não Convertido,,0.0,Moderado,Sao Tome and Principe
215675,TikTok,2025-01-13,Convertido,17.0,4652.71,Moderado,French Polynesia
215676,Orgânico,2025-01-15,Não Convertido,,0.0,Desconhecido,Oman
215677,E-mail Marketing,2025-01-17,Não Convertido,,0.0,Moderado,Saint Lucia
215678,Google Ads,2025-01-15,Não Convertido,,0.0,Moderado,Cape Verde
215679,Google Ads,2025-01-17,Não Convertido,,0.0,Moderado,Cote d'Ivoire
215680,TikTok,2025-01-13,Não Convertido,,0.0,Moderado,Grenada
215681,Indicação,2025-01-16,Convertido,11.0,5528.06,Conservador,Belarus
215682,Orgânico,2025-01-18,Não Convertido,,0.0,Agressivo,Isle of Man
215683,E-mail Marketing,2025-01-15,Não Convertido,,0.0,Agressivo,Saint Helena
215684,YouTube Ads,2025-01-15,Não Convertido,,0.0,Moderado,Norway
215685,YouTube Ads,2025-01-15,Não Convertido,,0.0,Moderado,Luxembourg
215686,TikTok,2025-01-16,Não Convertido,,0.0,Moderado,Holy See (Vatican City State)
215687,E-mail Marketing,2025-01-17,Não Convertido,,0.0,Moderado,Saint Vincent and the Grenadines
215688,Indicação,2025-01-14,Não Convertido,,0.0,Moderado,Pakistan
215689,YouTube Ads,2025-01-17,Não Convertido,,0.0,Conservador,Qatar
215690,TikTok,2025-01-18,Não Convertido,,0.0,Desconhecido,Georgia
215691,TikTok,2025-01-13,Não Convertido,,0.0,Desconhecido,Palau
215692,Indicação,2025-01-18,Não Convertido,,0.0,Moderado,Slovenia
215693,TikTok,2025-01-18,Não Convertido,,0.0,Moderado,Poland
215694,E-mail Marketing,2025-01-14,Não Convertido,,0.0,Agressivo,Liberia
215695,Orgânico,2025-01-15,Não Convertido,,0.0,Conservador,Montenegro
215696,Google Ads,2025-01-17,Não Convertido,,0.0,Moderado,Serbia
215697,E-mail Marketing,2025-01-15,Não Convertido,,0.0,Agressivo,Seychelles
215698,Orgânico,2025-01-14,Convertido,22.0,6684.72,Agressivo,India
215699,E-mail Marketing,2025-01-18,Convertido,17.0,7159.59,Moderado,Liechtenstein
215700,Instagram,2025-01-13,Não Convertido,,0.0,Agressivo,Germany
215701,Indicação,2025-01-18,Não Convertido,,0.0,Conservador,Qatar
215702,YouTube Ads,2025-01-13,Não Convertido,,0.0,Moderado,Swaziland
215703,Orgânico,2025-01-17,Não Convertido,,0.0,Moderado,Monaco
215704,Orgânico,2025-01-16,Não Convertido,,0.0,Agressivo,Puerto Rico
215705,YouTube Ads,2025-01-18,Não Convertido,,0.0,Agressivo,Barbados
215706,Orgânico,2025-01-13,Não Convertido,,0.0,Agressivo,San Marino
215707,TikTok,2025-01-18,Não Convertido,,0.0,Moderado,Nigeria
215708,WhatsApp,2025-01-18,Não Convertido,,0.0,Moderado,Maldives
215709,Facebook,2025-01-18,Não Convertido,,0.0,Conservador,France
215710,Orgânico,2025-01-13,Convertido,13.0,7114.57,Agressivo,Bangladesh
215711,TikTok,2025-01-14,Não Convertido,,0.0,Agressivo,Sweden
215712,E-mail Marketing,2025-01-16,Não Convertido,,0.0,Conservador,Congo
215713,Orgânico,2025-01-17,Não Convertido,,0.0,Agressivo,Azerbaijan
215714,Facebook,2025-01-13,Não Convertido,,0.0,Agressivo,Tunisia
215715,WhatsApp,2025-01-18,Não Convertido,,0.0,Moderado,French Southern Territories
215716,Facebook,2025-01-15,Convertido,20.0,1464.33,Moderado,Myanmar
215717,E-mail Marketing,2025-01-13,Não Convertido,,0.0,Agressivo,Hong Kong
215718,WhatsApp,2025-01-18,Não Convertido,,0.0,Moderado,Bhutan
215719,Instagram,2025-01-16,Não Convertido,,0.0,Conservador,Eritrea
215720,Google Ads,2025-01-14,Não Convertido,,0.0,Conservador,American Samoa
215721,WhatsApp,2025-01-14,Não Convertido,,0.0,Moderado,Uganda
215722,YouTube Ads,2025-01-17,Não Convertido,,0.0,Desconhecido,Sri Lanka
215723,E-mail Marketing,2025-01-13,Não Convertido,,0.0,Moderado,Puerto Rico
215724,Orgânico,2025-01-17,Não Convertido,,0.0,Agressivo,Philippines
215725,YouTube Ads,2025-01-17,Não Convertido,,0.0,Moderado,Korea
215726,Orgânico,2025-01-17,Não Convertido,,0.0,Conservador,South Africa
215727,YouTube Ads,2025-01-14,Não Convertido,,0.0,Moderado,Burundi
215728,Google Ads,2025-01-15,Não Convertido,,0.0,Agressivo,Luxembourg
215729,TikTok,2025-01-13,Não Convertido,,0.0,Agressivo,Samoa
215730,E-mail Marketing,2025-01-16,Não Convertido,,0.0,Agressivo,Georgia
215731,Facebook,2025-01-13,Não Convertido,,0.0,Conservador,Guyana
215732,Indicação,2025-01-14,Não Convertido,,0.0,Moderado,Czech Republic
215733,Orgânico,2025-01-13,Não Convertido,,0.0,Conservador,Ghana
215734,E-mail Marketing,2025-01-17,Não Convertido,,0.0,Conservador,Philippines
215735,Instagram,2025-01-17,Não Convertido,,0.0,Moderado,Bahamas
215736,Instagram,2025-01-13,Não Convertido,,0.0,Moderado,Ireland
215737,Google Ads,2025-01-18,Não Convertido,,0.0,Agressivo,Tonga
215738,Orgânico,2025-01-13,Não Convertido,,0.0,Moderado,Georgia
215739,Google Ads,2025-01-17,Não Convertido,,0.0,Agressivo,Serbia
215740,TikTok,2025-01-16,Não Convertido,,0.0,Agressivo,Ukraine
215741,Indicação,2025-01-18,Não Convertido,,0.0,Moderado,Jersey
215742,Orgânico,2025-01-15,Não Convertido,,0.0,Agressivo,Latvia
215743,Orgânico,2025-01-15,Não Convertido,,0.0,Moderado,Syrian Arab Republic
215744,TikTok,2025-01-13,Não Convertido,,0.0,Conservador,Puerto Rico
215745,WhatsApp,2025-01-13,Não Convertido,,0.0,Conservador,Eritrea
215746,WhatsApp,2025-01-15,Não Convertido,,0.0,Moderado,Korea
215747,Instagram,2025-01-14,Não Convertido,,0.0,Moderado,Somalia
215748,Instagram,2025-01-15,Convertido,22.0,5427.11,Moderado,Western Sahara
215749,Instagram,2025-01-14,Não Convertido,,0.0,Conservador,Switzerland
215750,WhatsApp,2025-01-18,Não Convertido,,0.0,Agressivo,Slovenia
215751,Instagram,2025-01-13,Convertido,21.0,5157.56,Agressivo,Aruba
215752,Orgânico,2025-01-15,Não Convertido,,0.0,Conservador,Saint Vincent and the Grenadines
215753,YouTube Ads,2025-01-17,Não Convertido,,0.0,Conservador,Estonia
215754,Google Ads,2025-01-17,Não Convertido,,0.0,Conservador,Micronesia
215755,Orgânico,2025-01-18,Não Convertido,,0.0,Moderado,Saudi Arabia
215756,Facebook,2025-01-18,Não Convertido,,0.0,Agressivo,Ukraine
215757,Instagram,2025-01-18,Não Convertido,,0.0,Agressivo,Guyana
215758,Facebook,2025-01-15,Não Convertido,,0.0,Agressivo,Belize
215759,Indicação,2025-01-13,Não Convertido,,0.0,Agressivo,Turks and Caicos Islands
215760,Instagram,2025-01-16,Não Convertido,,0.0,Moderado,Ukraine
215761,E-mail Marketing,2025-01-13,Não Convertido,,0.0,Agressivo,San Marino
215762,TikTok,2025-01-16,Não Convertido,,0.0,Desconhecido,United Kingdom
215763,Orgânico,2025-01-16,Não Convertido,,0.0,Conservador,Saint Pierre and Miquelon
215764,Indicação,2025-01-18,Não Convertido,,0.0,Desconhecido,Christmas Island
215765,Facebook,2025-01-13,Não Convertido,,0.0,Agressivo,El Salvador
215766,Orgânico,2025-01-13,Não Convertido,,0.0,Moderado,Saint Martin
215767,Orgânico,2025-01-17,Não Convertido,,0.0,Moderado,San Marino
215768,Instagram,2025-01-14,Não Convertido,,0.0,Moderado,Belize
215769,WhatsApp,2025-01-13,Não Convertido,,0.0,Moderado,Hungary
215770,E-mail Marketing,2025-01-18,Não Convertido,,0.0,Moderado,Northern Mariana Islands
215771,Orgânico,2025-01-13,Não Convertido,,0.0,Conservador,Luxembourg
215772,E-mail Marketing,2025-01-17,Não Convertido,,0.0,Moderado,Swaziland
215773,YouTube Ads,2025-01-18,Não Convertido,,0.0,Conservador,Palau
215774,WhatsApp,2025-01-14,Não Convertido,,0.0,Desconhecido,Equatorial Guinea
215775,Instagram,2025-01-17,Não Convertido,,0.0,Agressivo,China
215776,WhatsApp,2025-01-13,Não Convertido,,0.0,Moderado,Cook Islands
215777,Instagram,2025-01-14,Não Convertido,,0.0,Agressivo,Sao Tome and Principe
215778,YouTube Ads,2025-01-13,Não Convertido,,0.0,Conservador,Tokelau
215779,WhatsApp,2025-01-14,Não Convertido,,0.0,Agressivo,Cameroon
215780,Instagram,2025-01-15,Não Convertido,,0.0,Agressivo,Mozambique
215781,Google Ads,2025-01-16,Não Convertido,,0.0,Agressivo,Montserrat
215782,YouTube Ads,2025-01-17,Convertido,0.0,7806.26,Moderado,Holy See (Vatican City State)
215783,WhatsApp,2025-01-14,Não Convertido,,0.0,Agressivo,Lebanon
215784,Instagram,2025-01-18,Não Convertido,,0.0,Moderado,Colombia
215785,Google Ads,2025-01-15,Não Convertido,,0.0,Moderado,Somalia
215786,E-mail Marketing,2025-01-14,Não Convertido,,0.0,Conservador,Belize
215787,Facebook,2025-01-17,Não Convertido,,0.0,Moderado,Syrian Arab Republic
215788,Orgânico,2025-01-13,Não Convertido,,0.0,Moderado,Argentina
215789,TikTok,2025-01-16,Não Convertido,,0.0,Conservador,Svalbard & Jan Mayen Islands
215790,WhatsApp,2025-01-15,Não Convertido,,0.0,Desconhecido,Svalbard & Jan Mayen Islands
215791,E-mail Marketing,2025-01-14,Não Convertido,,0.0,Agressivo,Bermuda
215792,Indicação,2025-01-17,Não Convertido,,0.0,Moderado,Vanuatu
215793,TikTok,2025-01-18,Não Convertido,,0.0,Agressivo,Cuba
215794,TikTok,2025-01-17,Não Convertido,,0.0,Conservador,El Salvador
215795,TikTok,2025-01-18,Não Convertido,,0.0,Agressivo,Morocco
215796,WhatsApp,2025-01-13,Não Convertido,,0.0,Agressivo,Paraguay
215797,Instagram,2025-01-14,Não Convertido,,0.0,Moderado,Equatorial Guinea
215798,E-mail Marketing,2025-01-16,Não Convertido,,0.0,Moderado,Faroe Islands
215799,Orgânico,2025-01-16,Não Convertido,,0.0,Moderado,Swaziland
215800,Orgânico,2025-01-17,Não Convertido,,0.0,Desconhecido,Aruba
215801,TikTok,2025-01-13,Não Convertido,,0.0,Agressivo,Myanmar
215802,Indicação,2025-01-15,Não Convertido,,0.0,Moderado,Cuba
215803,Orgânico,2025-01-14,Não Convertido,,0.0,Agressivo,Mauritius
215804,Google Ads,2025-01-17,Não Convertido,,0.0,Agressivo,India
215805,Instagram,2025-01-17,Não Convertido,,0.0,Moderado,Nigeria
215806,Google Ads,2025-01-18,Não Convertido,,0.0,Agressivo,India
215807,YouTube Ads,2025-01-17,Não Convertido,,0.0,Moderado,Kazakhstan
215808,Facebook,2025-01-16,Não Convertido,,0.0,Moderado,Jamaica
215809,TikTok,2025-01-16,Não Convertido,,0.0,Agressivo,Samoa
215810,Google Ads,2025-01-16,Não Convertido,,0.0,Moderado,Pitcairn Islands
215811,Instagram,2025-01-18,Não Convertido,,0.0,Agressivo,Cote d'Ivoire
215812,TikTok,2025-01-13,Não Convertido,,0.0,Moderado,Papua New Guinea
215813,TikTok,2025-01-13,Convertido,23.0,5729.35,Conservador,Cape Verde
215814,YouTube Ads,2025-01-13,Não Convertido,,0.0,Agressivo,South Africa
215815,WhatsApp,2025-01-16,Não Convertido,,0.0,Conservador,South Georgia and the South Sandwich Islands
215816,Indicação,2025-01-14,Convertido,7.0,5438.15,Conservador,Saint Kitts and Nevis
215817,YouTube Ads,2025-01-18,Não Convertido,,0.0,Desconhecido,Rwanda
215818,TikTok,2025-01-13,Não Convertido,,0.0,Moderado,United States Minor Outlying Islands
215819,Orgânico,2025-01-17,Não Convertido,,0.0,Agressivo,Sri Lanka
215820,Orgânico,2025-01-17,Não Convertido,,0.0,Moderado,Moldova
215821,Facebook,2025-01-15,Não Convertido,,0.0,Desconhecido,Nigeria
215822,TikTok,2025-01-15,Não Convertido,,0.0,Desconhecido,Philippines
215823,Google Ads,2025-01-13,Não Convertido,,0.0,Desconhecido,Belize
215824,WhatsApp,2025-01-18,Não Convertido,,0.0,Moderado,Jamaica
215825,TikTok,2025-01-18,Não Convertido,,0.0,Moderado,Papua New Guinea
215826,Instagram,2025-01-17,Não Convertido,,0.0,Conservador,Pakistan
215827,E-mail Marketing,2025-01-14,Convertido,1.0,3707.65,Conservador,Benin
215828,Orgânico,2025-01-14,Não Convertido,,0.0,Moderado,Libyan Arab Jamahiriya
215829,Instagram,2025-01-15,Não Convertido,,0.0,Conservador,Ghana
215830,YouTube Ads,2025-01-17,Não Convertido,,0.0,Moderado,San Marino
215831,Instagram,2025-01-17,Não Convertido,,0.0,Conservador,North Macedonia
215832,Instagram,2025-01-16,Não Convertido,,0.0,Desconhecido,Liberia
215833,WhatsApp,2025-01-13,Não Convertido,,0.0,Moderado,Western Sahara
215834,E-mail Marketing,2025-01-16,Não Convertido,,0.0,Agressivo,Russian Federation
215835,Orgânico,2025-01-17,Não Convertido,,0.0,Agressivo,Belize
215836,Google Ads,2025-01-13,Não Convertido,,0.0,Desconhecido,Ecuador
215837,Indicação,2025-01-17,Não Convertido,,0.0,Conservador,Cape Verde
215838,WhatsApp,2025-01-15,Não Convertido,,0.0,Agressivo,Heard Island and McDonald Islands
215839,WhatsApp,2025-01-16,Não Convertido,,0.0,Moderado,Saudi Arabia
215840,Orgânico,2025-01-18,Não Convertido,,0.0,Moderado,Venezuela
215841,Indicação,2025-01-16,Não Convertido,,0.0,Conservador,Iraq
215842,WhatsApp,2025-01-14,Não Convertido,,0.0,Moderado,Grenada
215843,E-mail Marketing,2025-01-13,Não Convertido,,0.0,Agressivo,Wallis and Futuna
215844,Instagram,2025-01-18,Não Convertido,,0.0,Moderado,Israel
215845,Instagram,2025-01-14,Não Convertido,,0.0,Moderado,Tanzania
215846,Orgânico,2025-01-13,Não Convertido,,0.0,Agressivo,North Macedonia
215847,Instagram,2025-01-17,Não Convertido,,0.0,Conservador,Russian Federation
215848,Instagram,2025-01-13,Não Convertido,,0.0,Moderado,Brazil
215849,TikTok,2025-01-16,Não Convertido,,0.0,Conservador,Georgia
215850,E-mail Marketing,2025-01-15,Não Convertido,,0.0,Agressivo,North Macedonia
215851,TikTok,2025-01-13,Não Convertido,,0.0,Moderado,Faroe Islands
215852,Google Ads,2025-01-15,Não Convertido,,0.0,Conservador,Madagascar
215853,TikTok,2025-01-16,Não Convertido,,0.0,Moderado,Zambia
215854,Instagram,2025-01-17,Não Convertido,,0.0,Conservador,France
215855,TikTok,2025-01-16,Não Convertido,,0.0,Agressivo,Gambia
215856,TikTok,2025-01-18,Não Convertido,,0.0,Desconhecido,Slovakia (Slovak Republic)
215857,Instagram,2025-01-13,Não Convertido,,0.0,Moderado,Czech Republic
215858,Google Ads,2025-01-18,Não Convertido,,0.0,Desconhecido,Thailand
215859,WhatsApp,2025-01-18,Não Convertido,,0.0,Desconhecido,Angola
215860,WhatsApp,2025-01-18,Não Convertido,,0.0,Moderado,Mauritius
215861,Facebook,2025-01-15,Não Convertido,,0.0,Moderado,Argentina
215862,Facebook,2025-01-17,Não Convertido,,0.0,Desconhecido,Netherlands
215863,Google Ads,2025-01-18,Não Convertido,,0.0,Moderado,Bermuda
215864,E-mail Marketing,2025-01-15,Não Convertido,,0.0,Moderado,Anguilla
215865,Indicação,2025-01-15,Não Convertido,,0.0,Moderado,Zambia
215866,Facebook,2025-01-18,Não Convertido,,0.0,Agressivo,Iceland
215867,YouTube Ads,2025-01-14,Não Convertido,,0.0,Agressivo,Saint Lucia
215868,Orgânico,2025-01-15,Não Convertido,,0.0,Agressivo,Liberia
215869,Instagram,2025-01-15,Não Convertido,,0.0,Moderado,Mongolia
215870,Facebook,2025-01-14,Não Convertido,,0.0,Moderado,Uruguay
215871,Orgânico,2025-01-16,Não Convertido,,0.0,Desconhecido,Armenia
215872,YouTube Ads,2025-01-14,Não Convertido,,0.0,Moderado,Taiwan
215873,Facebook,2025-01-18,Não Convertido,,0.0,Moderado,Slovenia
215874,Orgânico,2025-01-16,Não Convertido,,0.0,Moderado,Ecuador
215875,Orgânico,2025-01-16,Não Convertido,,0.0,Agressivo,Namibia
215876,Orgânico,2025-01-16,Não Convertido,,0.0,Agressivo,Cyprus
215877,Facebook,2025-01-18,Não Convertido,,0.0,Moderado,Canada
215878,E-mail Marketing,2025-01-16,Não Convertido,,0.0,Agressivo,France
215879,Instagram,2025-01-15,Não Convertido,,0.0,Desconhecido,Eritrea
215880,YouTube Ads,2025-01-15,Não Convertido,,0.0,Conservador,Tonga
215881,Indicação,2025-01-18,Não Convertido,,0.0,Agressivo,Saint Lucia
215882,TikTok,2025-01-13,Não Convertido,,0.0,Agressivo,Grenada
215883,Facebook,2025-01-18,Não Convertido,,0.0,Agressivo,Lithuania
215884,Instagram,2025-01-18,Convertido,15.0,6081.37,Desconhecido,Niue
215885,Instagram,2025-01-18,Não Convertido,,0.0,Agressivo,United States Virgin Islands
215886,YouTube Ads,2025-01-14,Não Convertido,,0.0,Moderado,New Caledonia
215887,Facebook,2025-01-14,Não Convertido,,0.0,Conservador,Sri Lanka
215888,E-mail Marketing,2025-01-14,Não Convertido,,0.0,Agressivo,Luxembourg
215889,Facebook,2025-01-14,Não Convertido,,0.0,Moderado,Antigua and Barbuda
215890,Instagram,2025-01-14,Não Convertido,,0.0,Moderado,Armenia
215891,Instagram,2025-01-17,Não Convertido,,0.0,Agressivo,Namibia
215892,Facebook,2025-01-15,Não Convertido,,0.0,Desconhecido,Bermuda
215893,Instagram,2025-01-17,Não Convertido,,0.0,Conservador,Nigeria
215894,Instagram,2025-01-16,Não Convertido,,0.0,Moderado,Georgia
215895,E-mail Marketing,2025-01-18,Não Convertido,,0.0,Agressivo,Germany
215896,TikTok,2025-01-14,Não Convertido,,0.0,Conservador,Malta
215897,Instagram,2025-01-14,Não Convertido,,0.0,Agressivo,Faroe Islands
215898,Orgânico,2025-01-18,Não Convertido,,0.0,Desconhecido,British Virgin Islands
215899,Indicação,2025-01-17,Não Convertido,,0.0,Desconhecido,Croatia
215900,Indicação,2025-01-18,Não Convertido,,0.0,Moderado,Austria
215901,TikTok,2025-01-18,Não Convertido,,0.0,Moderado,Iran
215902,Google Ads,2025-01-16,Não Convertido,,0.0,Agressivo,Kazakhstan
215903,Google Ads,2025-01-15,Não Convertido,,0.0,Conservador,Morocco
215904,Instagram,2025-01-17,Não Convertido,,0.0,Moderado,Saint Pierre and Miquelon
215905,YouTube Ads,2025-01-17,Não Convertido,,0.0,Desconhecido,Holy See (Vatican City State)
215906,Instagram,2025-01-15,Não Convertido,,0.0,Agressivo,British Indian Ocean Territory (Chagos Archipelago)
215907,Orgânico,2025-01-17,Não Convertido,,0.0,Conservador,Morocco
215908,Orgânico,2025-01-15,Não Convertido,,0.0,Agressivo,Turkey
215909,TikTok,2025-01-17,Não Convertido,,0.0,Moderado,Saint Pierre and Miquelon
215910,Instagram,2025-01-16,Não Convertido,,0.0,Agressivo,Iraq
215911,Orgânico,2025-01-16,Não Convertido,,0.0,Moderado,Bhutan
215912,E-mail Marketing,2025-01-14,Não Convertido,,0.0,Moderado,Heard Island and McDonald Islands
215913,TikTok,2025-01-15,Não Convertido,,0.0,Desconhecido,Slovenia
215914,YouTube Ads,2025-01-15,Não Convertido,,0.0,Desconhecido,Pakistan
215915,Instagram,2025-01-17,Não Convertido,,0.0,Agressivo,Bahamas
215916,Orgânico,2025-01-14,Convertido,29.0,2433.3,Conservador,Bhutan
215917,YouTube Ads,2025-01-14,Não Convertido,,0.0,Agressivo,Malta
215918,Facebook,2025-01-13,Não Convertido,,0.0,Moderado,Lithuania
215919,Orgânico,2025-01-14,Não Convertido,,0.0,Moderado,Indonesia
215920,Facebook,2025-01-17,Não Convertido,,0.0,Moderado,Japan
215921,Orgânico,2025-01-16,Não Convertido,,0.0,Agressivo,Dominica
215922,Orgânico,2025-01-14,Não Convertido,,0.0,Moderado,Seychelles
215923,Orgânico,2025-01-17,Não Convertido,,0.0,Moderado,Marshall Islands
215924,E-mail Marketing,2025-01-17,Não Convertido,,0.0,Desconhecido,Czech Republic
215925,Instagram,2025-01-14,Não Convertido,,0.0,Moderado,United States of America
215926,YouTube Ads,2025-01-15,Não Convertido,,0.0,Moderado,Turks and Caicos Islands
215927,Facebook,2025-01-15,Não Convertido,,0.0,Moderado,Estonia
215928,Google Ads,2025-01-15,Convertido,24.0,1284.53,Conservador,Kuwait
215929,Orgânico,2025-01-15,Não Convertido,,0.0,Agressivo,Zambia
215930,WhatsApp,2025-01-14,Não Convertido,,0.0,Moderado,Netherlands
215931,Google Ads,2025-01-16,Não Convertido,,0.0,Moderado,Guernsey
215932,Orgânico,2025-01-15,Não Convertido,,0.0,Agressivo,Kiribati
215933,WhatsApp,2025-01-18,Não Convertido,,0.0,Desconhecido,Canada
215934,E-mail Marketing,2025-01-18,Não Convertido,,0.0,Desconhecido,Norway
215935,Orgânico,2025-01-17,Não Convertido,,0.0,Moderado,Guatemala
215936,Instagram,2025-01-13,Não Convertido,,0.0,Moderado,Samoa
215937,E-mail Marketing,2025-01-14,Não Convertido,,0.0,Conservador,San Marino
215938,Orgânico,2025-01-18,Não Convertido,,0.0,Moderado,Saint Barthelemy
215939,TikTok,2025-01-16,Não Convertido,,0.0,Conservador,Tunisia
215940,Instagram,2025-01-17,Não Convertido,,0.0,Conservador,Turks and Caicos Islands
215941,E-mail Marketing,2025-01-18,Não Convertido,,0.0,Moderado,Sudan
215942,Orgânico,2025-01-18,Não Convertido,,0.0,Desconhecido,British Indian Ocean Territory (Chagos Archipelago)
215943,E-mail Marketing,2025-01-15,Não Convertido,,0.0,Moderado,Swaziland
215944,E-mail Marketing,2025-01-13,Convertido,28.0,1044.63,Desconhecido,Colombia
215945,E-mail Marketing,2025-01-13,Convertido,28.0,113.7,Moderado,Jordan
215946,E-mail Marketing,2025-01-17,Não Convertido,,0.0,Desconhecido,Guernsey
215947,TikTok,2025-01-13,Convertido,13.0,7098.74,Moderado,Turkmenistan
215948,Google Ads,2025-01-18,Não Convertido,,0.0,Desconhecido,Cayman Islands
215949,Orgânico,2025-01-16,Não Convertido,,0.0,Moderado,Bermuda
215950,Google Ads,2025-01-13,Não Convertido,,0.0,Desconhecido,Liechtenstein
215951,Instagram,2025-01-16,Não Convertido,,0.0,Desconhecido,San Marino
215952,YouTube Ads,2025-01-17,Não Convertido,,0.0,Desconhecido,Finland
215953,Orgânico,2025-01-15,Não Convertido,,0.0,Agressivo,Israel
215954,Orgânico,2025-01-13,Não Convertido,,0.0,Agressivo,Colombia
215955,Google Ads,2025-01-17,Não Convertido,,0.0,Moderado,Taiwan
215956,Orgânico,2025-01-15,Não Convertido,,0.0,Agressivo,Sierra Leone
215957,YouTube Ads,2025-01-14,Não Convertido,,0.0,Moderado,New Caledonia
215958,Google Ads,2025-01-14,Não Convertido,,0.0,Desconhecido,Estonia
215959,Orgânico,2025-01-18,Não Convertido,,0.0,Agressivo,Korea
215960,WhatsApp,2025-01-14,Não Convertido,,0.0,Moderado,Cameroon
215961,Orgânico,2025-01-18,Não Convertido,,0.0,Desconhecido,Ukraine
215962,TikTok,2025-01-13,Não Convertido,,0.0,Agressivo,Bulgaria
215963,Facebook,2025-01-17,Não Convertido,,0.0,Moderado,Maldives
215964,Orgânico,2025-01-15,Não Convertido,,0.0,Agressivo,Niger
215965,TikTok,2025-01-15,Não Convertido,,0.0,Agressivo,Andorra
215966,E-mail Marketing,2025-01-17,Não Convertido,,0.0,Conservador,Haiti
215967,Google Ads,2025-01-16,Não Convertido,,0.0,Conservador,Portugal
215968,YouTube Ads,2025-01-15,Não Convertido,,0.0,Agressivo,Slovakia (Slovak Republic)
215969,Instagram,2025-01-18,Convertido,23.0,9834.48,Conservador,Liberia
215970,Instagram,2025-01-14,Convertido,19.0,6806.42,Agressivo,Peru
215971,Instagram,2025-01-16,Não Convertido,,0.0,Moderado,Azerbaijan
215972,Facebook,2025-01-15,Não Convertido,,0.0,Moderado,Niue
215973,TikTok,2025-01-13,Não Convertido,,0.0,Agressivo,Albania
215974,TikTok,2025-01-17,Não Convertido,,0.0,Moderado,Macao
215975,Instagram,2025-01-17,Não Convertido,,0.0,Moderado,Mauritius
215976,Instagram,2025-01-17,Não Convertido,,0.0,Desconhecido,Afghanistan
215977,Orgânico,2025-01-17,Não Convertido,,0.0,Agressivo,El Salvador
215978,Orgânico,2025-01-18,Não Convertido,,0.0,Moderado,Faroe Islands
215979,Instagram,2025-01-15,Não Convertido,,0.0,Agressivo,Czech Republic
215980,Instagram,2025-01-14,Convertido,13.0,7211.94,Desconhecido,Uganda
215981,E-mail Marketing,2025-01-17,Não Convertido,,0.0,Moderado,Serbia
215982,WhatsApp,2025-01-13,Não Convertido,,0.0,Conservador,Greece
215983,Instagram,2025-01-18,Não Convertido,,0.0,Conservador,Liberia
215984,TikTok,2025-01-13,Não Convertido,,0.0,Conservador,Vietnam
215985,Orgânico,2025-01-14,Não Convertido,,0.0,Agressivo,Cambodia
215986,E-mail Marketing,2025-01-14,Não Convertido,,0.0,Agressivo,Peru
215987,Orgânico,2025-01-17,Não Convertido,,0.0,Agressivo,Greece
215988,Google Ads,2025-01-16,Não Convertido,,0.0,Moderado,Jersey
215989,E-mail Marketing,2025-01-18,Não Convertido,,0.0,Moderado,New Caledonia
215990,WhatsApp,2025-01-16,Não Convertido,,0.0,Conservador,Mozambique
215991,Indicação,2025-01-14,Não Convertido,,0.0,Desconhecido,Equatorial Guinea
215992,Google Ads,2025-01-16,Convertido,4.0,7576.73,Agressivo,Hungary
215993,Google Ads,2025-01-16,Não Convertido,,0.0,Moderado,Iraq
215994,Orgânico,2025-01-15,Não Convertido,,0.0,Agressivo,Ethiopia
215995,Orgânico,2025-01-13,Não Convertido,,0.0,Moderado,Cyprus
215996,E-mail Marketing,2025-01-16,Não Convertido,,0.0,Desconhecido,Spain
215997,YouTube Ads,2025-01-16,Não Convertido,,0.0,Moderado,Romania
215998,Instagram,2025-01-16,Não Convertido,,0.0,Conservador,Mozambique
215999,Orgânico,2025-01-15,Não Convertido,,0.0,Desconhecido,United Kingdom
216000,Facebook,2025-01-13,Não Convertido,,0.0,Moderado,Saint Vincent and the Grenadines
216001,Facebook,2025-01-14,Não Convertido,,0.0,Moderado,Turks and Caicos Islands
216002,YouTube Ads,2025-01-13,Não Convertido,,0.0,Desconhecido,Zimbabwe
216003,Facebook,2025-01-17,Não Convertido,,0.0,Desconhecido,Guernsey
216004,WhatsApp,2025-01-14,Não Convertido,,0.0,Agressivo,Mauritius
216005,Facebook,2025-01-18,Não Convertido,,0.0,Conservador,Korea
216006,Facebook,2025-01-16,Não Convertido,,0.0,Moderado,Montserrat
216007,Google Ads,2025-01-13,Não Convertido,,0.0,Moderado,Saint Lucia
216008,E-mail Marketing,2025-01-16,Não Convertido,,0.0,Conservador,El Salvador
216009,E-mail Marketing,2025-01-14,Convertido,27.0,9481.03,Moderado,Belgium
216010,YouTube Ads,2025-01-15,Não Convertido,,0.0,Moderado,Pakistan
216011,YouTube Ads,2025-01-18,Não Convertido,,0.0,Moderado,Mauritius
216012,TikTok,2025-01-13,Não Convertido,,0.0,Agressivo,Nigeria
216013,Facebook,2025-01-18,Não Convertido,,0.0,Moderado,Svalbard & Jan Mayen Islands
216014,Google Ads,2025-01-17,Não Convertido,,0.0,Agressivo,Sao Tome and Principe
216015,Facebook,2025-01-17,Não Convertido,,0.0,Conservador,Seychelles
216016,Instagram,2025-01-14,Convertido,16.0,1470.35,Moderado,Mauritania
216017,Google Ads,2025-01-13,Não Convertido,,0.0,Agressivo,Mali
216018,E-mail Marketing,2025-01-18,Não Convertido,,0.0,Conservador,Faroe Islands
216019,Instagram,2025-01-14,Não Convertido,,0.0,Agressivo,Haiti
216020,Instagram,2025-01-16,Não Convertido,,0.0,Desconhecido,Albania
216021,Orgânico,2025-01-15,Não Convertido,,0.0,Moderado,Romania
216022,Orgânico,2025-01-18,Não Convertido,,0.0,Agressivo,Moldova
216023,WhatsApp,2025-01-16,Não Convertido,,0.0,Agressivo,Bangladesh
216024,Orgânico,2025-01-17,Não Convertido,,0.0,Agressivo,Bahrain
216025,Facebook,2025-01-18,Não Convertido,,0.0,Moderado,Sweden
216026,E-mail Marketing,2025-01-17,Não Convertido,,0.0,Moderado,Slovenia
216027,YouTube Ads,2025-01-18,Não Convertido,,0.0,Moderado,Benin
216028,Facebook,2025-01-17,Não Convertido,,0.0,Conservador,Bermuda
216029,Orgânico,2025-01-16,Não Convertido,,0.0,Agressivo,India
216030,Facebook,2025-01-13,Não Convertido,,0.0,Moderado,Cape Verde
216031,Orgânico,2025-01-15,Não Convertido,,0.0,Agressivo,Tokelau
216032,Orgânico,2025-01-15,Não Convertido,,0.0,Desconhecido,Christmas Island
216033,E-mail Marketing,2025-01-17,Não Convertido,,0.0,Agressivo,Somalia
216034,TikTok,2025-01-17,Não Convertido,,0.0,Agressivo,Marshall Islands
216035,Google Ads,2025-01-16,Não Convertido,,0.0,Moderado,Namibia
216036,WhatsApp,2025-01-18,Não Convertido,,0.0,Conservador,Czech Republic
216037,Google Ads,2025-01-16,Não Convertido,,0.0,Agressivo,Congo
216038,Instagram,2025-01-14,Não Convertido,,0.0,Agressivo,Bahamas
216039,YouTube Ads,2025-01-18,Não Convertido,,0.0,Agressivo,Cayman Islands
216040,Orgânico,2025-01-17,Não Convertido,,0.0,Moderado,Spain
216041,E-mail Marketing,2025-01-16,Não Convertido,,0.0,Moderado,Jersey
216042,E-mail Marketing,2025-01-18,Não Convertido,,0.0,Moderado,Moldova
216043,TikTok,2025-01-14,Não Convertido,,0.0,Agressivo,United States Minor Outlying Islands
216044,Orgânico,2025-01-16,Não Convertido,,0.0,Moderado,Chad
216045,Instagram,2025-01-17,Não Convertido,,0.0,Moderado,Congo
216046,Orgânico,2025-01-13,Não Convertido,,0.0,Moderado,Gabon
216047,Instagram,2025-01-15,Não Convertido,,0.0,Moderado,Antarctica (the territory South of 60 deg S)
216048,Instagram,2025-01-16,Não Convertido,,0.0,Conservador,Iraq
216049,TikTok,2025-01-13,Não Convertido,,0.0,Agressivo,Latvia
216050,Facebook,2025-01-18,Não Convertido,,0.0,Agressivo,Jordan
216051,E-mail Marketing,2025-01-16,Não Convertido,,0.0,Conservador,Norway
216052,Indicação,2025-01-13,Não Convertido,,0.0,Moderado,Cayman Islands
216053,Instagram,2025-01-16,Não Convertido,,0.0,Conservador,Indonesia
216054,TikTok,2025-01-14,Não Convertido,,0.0,Moderado,American Samoa
216055,Google Ads,2025-01-14,Não Convertido,,0.0,Moderado,Congo
216056,Instagram,2025-01-17,Não Convertido,,0.0,Moderado,Sweden
216057,WhatsApp,2025-01-18,Não Convertido,,0.0,Conservador,Lesotho
216058,Orgânico,2025-01-17,Não Convertido,,0.0,Agressivo,Dominica
216059,Orgânico,2025-01-18,Não Convertido,,0.0,Agressivo,Italy
216060,Facebook,2025-01-13,Não Convertido,,0.0,Moderado,Myanmar
216061,YouTube Ads,2025-01-18,Não Convertido,,0.0,Agressivo,Tajikistan
216062,Facebook,2025-01-16,Não Convertido,,0.0,Conservador,El Salvador
216063,E-mail Marketing,2025-01-16,Não Convertido,,0.0,Desconhecido,Qatar
216064,Instagram,2025-01-15,Não Convertido,,0.0,Conservador,Uzbekistan
216065,TikTok,2025-01-16,Não Convertido,,0.0,Agressivo,Guatemala
216066,Orgânico,2025-01-15,Não Convertido,,0.0,Moderado,Jordan
216067,Instagram,2025-01-13,Não Convertido,,0.0,Moderado,Estonia
216068,Facebook,2025-01-17,Não Convertido,,0.0,Conservador,Argentina
216069,E-mail Marketing,2025-01-16,Não Convertido,,0.0,Moderado,Gibraltar
216070,Facebook,2025-01-17,Não Convertido,,0.0,Agressivo,San Marino
216071,Orgânico,2025-01-17,Não Convertido,,0.0,Moderado,Congo
216072,Google Ads,2025-01-13,Não Convertido,,0.0,Moderado,Gabon
216073,TikTok,2025-01-16,Convertido,18.0,1507.23,Moderado,Cambodia
216074,Orgânico,2025-01-15,Não Convertido,,0.0,Agressivo,Luxembourg
216075,Facebook,2025-01-15,Não Convertido,,0.0,Conservador,Costa Rica
216076,Orgânico,2025-01-13,Não Convertido,,0.0,Moderado,Guam
216077,WhatsApp,2025-01-18,Não Convertido,,0.0,Moderado,Algeria
216078,E-mail Marketing,2025-01-15,Não Convertido,,0.0,Agressivo,Korea
216079,E-mail Marketing,2025-01-18,Convertido,29.0,7181.73,Conservador,Iceland
216080,Instagram,2025-01-15,Não Convertido,,0.0,Agressivo,Vietnam
216081,TikTok,2025-01-17,Não Convertido,,0.0,Agressivo,Togo
216082,YouTube Ads,2025-01-17,Não Convertido,,0.0,Agressivo,Aruba
216083,Google Ads,2025-01-14,Não Convertido,,0.0,Moderado,Romania
216084,Instagram,2025-01-18,Não Convertido,,0.0,Agressivo,Indonesia
216085,Instagram,2025-01-16,Não Convertido,,0.0,Conservador,Bermuda
216086,TikTok,2025-01-16,Não Convertido,,0.0,Moderado,Honduras
216087,Facebook,2025-01-15,Não Convertido,,0.0,Moderado,Hungary
216088,Orgânico,2025-01-14,Não Convertido,,0.0,Desconhecido,French Guiana
216089,Orgânico,2025-01-13,Não Convertido,,0.0,Desconhecido,Samoa
216090,Instagram,2025-01-13,Não Convertido,,0.0,Agressivo,Pakistan
216091,Google Ads,2025-01-17,Não Convertido,,0.0,Agressivo,Antarctica (the territory South of 60 deg S)
216092,Instagram,2025-01-18,Não Convertido,,0.0,Moderado,Puerto Rico
216093,WhatsApp,2025-01-15,Não Convertido,,0.0,Agressivo,United States Virgin Islands
216094,Orgânico,2025-01-16,Não Convertido,,0.0,Conservador,Niger
216095,YouTube Ads,2025-01-15,Não Convertido,,0.0,Desconhecido,Algeria
216096,YouTube Ads,2025-01-18,Não Convertido,,0.0,Moderado,Zimbabwe
216097,Facebook,2025-01-13,Não Convertido,,0.0,Agressivo,Bouvet Island (Bouvetoya)
216098,Facebook,2025-01-13,Não Convertido,,0.0,Moderado,Netherlands Antilles
216099,Indicação,2025-01-17,Não Convertido,,0.0,Moderado,Serbia
216100,TikTok,2025-01-14,Não Convertido,,0.0,Moderado,Costa Rica
216101,TikTok,2025-01-18,Não Convertido,,0.0,Moderado,France
216102,Instagram,2025-01-15,Não Convertido,,0.0,Conservador,Tonga
216103,Google Ads,2025-01-13,Não Convertido,,0.0,Conservador,Malaysia
216104,Indicação,2025-01-18,Não Convertido,,0.0,Conservador,Central African Republic
216105,Google Ads,2025-01-13,Não Convertido,,0.0,Moderado,Burkina Faso
216106,YouTube Ads,2025-01-16,Não Convertido,,0.0,Moderado,Trinidad and Tobago
216107,Google Ads,2025-01-13,Não Convertido,,0.0,Moderado,Greece
216108,Instagram,2025-01-16,Não Convertido,,0.0,Moderado,Central African Republic
216109,Orgânico,2025-01-15,Não Convertido,,0.0,Moderado,Slovakia (Slovak Republic)
216110,Orgânico,2025-01-17,Não Convertido,,0.0,Moderado,Comoros
216111,Instagram,2025-01-17,Não Convertido,,0.0,Moderado,India
216112,Orgânico,2025-01-15,Não Convertido,,0.0,Desconhecido,Honduras
216113,TikTok,2025-01-17,Não Convertido,,0.0,Agressivo,Northern Mariana Islands
216114,E-mail Marketing,2025-01-17,Não Convertido,,0.0,Conservador,Papua New Guinea
216115,WhatsApp,2025-01-13,Não Convertido,,0.0,Conservador,Finland
216116,Instagram,2025-01-14,Convertido,4.0,1305.34,Agressivo,Canada
216117,YouTube Ads,2025-01-15,Não Convertido,,0.0,Desconhecido,Chad
216118,Orgânico,2025-01-13,Não Convertido,,0.0,Moderado,India
216119,WhatsApp,2025-01-15,Não Convertido,,0.0,Moderado,Poland
216120,Indicação,2025-01-14,Não Convertido,,0.0,Moderado,Suriname
216121,Google Ads,2025-01-15,Não Convertido,,0.0,Moderado,Burundi
216122,E-mail Marketing,2025-01-15,Não Convertido,,0.0,Moderado,Slovakia (Slovak Republic)
216123,E-mail Marketing,2025-01-17,Não Convertido,,0.0,Agressivo,Israel
216124,E-mail Marketing,2025-01-17,Não Convertido,,0.0,Agressivo,Algeria
216125,YouTube Ads,2025-01-17,Não Convertido,,0.0,Desconhecido,Afghanistan
216126,E-mail Marketing,2025-01-15,Não Convertido,,0.0,Agressivo,Zambia
216127,Orgânico,2025-01-16,Não Convertido,,0.0,Moderado,Tokelau
216128,Orgânico,2025-01-17,Não Convertido,,0.0,Moderado,Saint Martin
216129,TikTok,2025-01-17,Não Convertido,,0.0,Agressivo,Argentina
216130,Orgânico,2025-01-14,Não Convertido,,0.0,Agressivo,Serbia
216131,Orgânico,2025-01-14,Não Convertido,,0.0,Moderado,Equatorial Guinea
216132,Google Ads,2025-01-13,Não Convertido,,0.0,Agressivo,Saint Pierre and Miquelon
216133,WhatsApp,2025-01-18,Não Convertido,,0.0,Agressivo,El Salvador
216134,Google Ads,2025-01-16,Não Convertido,,0.0,Desconhecido,Dominican Republic
216135,TikTok,2025-01-14,Não Convertido,,0.0,Moderado,Eritrea
216136,Instagram,2025-01-17,Não Convertido,,0.0,Desconhecido,Pitcairn Islands
216137,Instagram,2025-01-14,Não Convertido,,0.0,Moderado,Ukraine
216138,WhatsApp,2025-01-15,Não Convertido,,0.0,Agressivo,Jordan
216139,Indicação,2025-01-18,Não Convertido,,0.0,Moderado,Bosnia and Herzegovina
216140,Orgânico,2025-01-15,Não Convertido,,0.0,Agressivo,Liberia
216141,TikTok,2025-01-15,Não Convertido,,0.0,Moderado,Tokelau
216142,E-mail Marketing,2025-01-13,Não Convertido,,0.0,Moderado,Senegal
216143,Instagram,2025-01-15,Não Convertido,,0.0,Agressivo,Poland
216144,Facebook,2025-01-15,Não Convertido,,0.0,Moderado,Uruguay
216145,TikTok,2025-01-15,Não Convertido,,0.0,Moderado,Denmark
216146,WhatsApp,2025-01-13,Não Convertido,,0.0,Moderado,Timor-Leste
216147,Facebook,2025-01-17,Não Convertido,,0.0,Agressivo,Togo
216148,WhatsApp,2025-01-13,Não Convertido,,0.0,Conservador,Netherlands Antilles
216149,TikTok,2025-01-16,Não Convertido,,0.0,Conservador,Nicaragua
216150,Google Ads,2025-01-17,Não Convertido,,0.0,Desconhecido,Christmas Island
216151,E-mail Marketing,2025-01-15,Não Convertido,,0.0,Moderado,Somalia
216152,E-mail Marketing,2025-01-18,Não Convertido,,0.0,Moderado,Bolivia
216153,TikTok,2025-01-15,Não Convertido,,0.0,Moderado,Dominican Republic
216154,YouTube Ads,2025-01-15,Não Convertido,,0.0,Moderado,Djibouti
216155,Instagram,2025-01-18,Não Convertido,,0.0,Desconhecido,Malta
216156,Google Ads,2025-01-18,Não Convertido,,0.0,Agressivo,United Kingdom
216157,Instagram,2025-01-13,Não Convertido,,0.0,Conservador,Malaysia
216158,YouTube Ads,2025-01-18,Não Convertido,,0.0,Moderado,Ecuador
216159,E-mail Marketing,2025-01-15,Não Convertido,,0.0,Desconhecido,China
216160,WhatsApp,2025-01-18,Não Convertido,,0.0,Desconhecido,Egypt
216161,Orgânico,2025-01-18,Não Convertido,,0.0,Moderado,United States of America
216162,Orgânico,2025-01-17,Não Convertido,,0.0,Moderado,Malaysia
216163,YouTube Ads,2025-01-14,Não Convertido,,0.0,Agressivo,Pakistan
216164,Google Ads,2025-01-15,Não Convertido,,0.0,Agressivo,Guadeloupe
216165,Indicação,2025-01-18,Não Convertido,,0.0,Desconhecido,British Virgin Islands
216166,Orgânico,2025-01-15,Não Convertido,,0.0,Conservador,Tokelau
216167,E-mail Marketing,2025-01-15,Não Convertido,,0.0,Agressivo,Reunion
216168,E-mail Marketing,2025-01-15,Não Convertido,,0.0,Moderado,Albania
216169,Indicação,2025-01-16,Não Convertido,,0.0,Agressivo,Bouvet Island (Bouvetoya)
216170,Google Ads,2025-01-14,Não Convertido,,0.0,Moderado,Angola
216171,YouTube Ads,2025-01-17,Não Convertido,,0.0,Agressivo,Saint Vincent and the Grenadines
216172,WhatsApp,2025-01-15,Não Convertido,,0.0,Agressivo,Wallis and Futuna
216173,TikTok,2025-01-16,Não Convertido,,0.0,Desconhecido,Guyana
216174,TikTok,2025-01-13,Não Convertido,,0.0,Agressivo,Cambodia
216175,Instagram,2025-01-16,Não Convertido,,0.0,Agressivo,Togo
216176,Instagram,2025-01-16,Não Convertido,,0.0,Desconhecido,Saint Helena
216177,WhatsApp,2025-01-13,Não Convertido,,0.0,Moderado,Norfolk Island
216178,Instagram,2025-01-14,Não Convertido,,0.0,Moderado,South Georgia and the South Sandwich Islands
216179,Facebook,2025-01-16,Não Convertido,,0.0,Moderado,Saint Helena
216180,WhatsApp,2025-01-13,Não Convertido,,0.0,Moderado,Chile
216181,E-mail Marketing,2025-01-17,Não Convertido,,0.0,Conservador,Bermuda
216182,E-mail Marketing,2025-01-18,Não Convertido,,0.0,Desconhecido,French Polynesia
216183,Instagram,2025-01-16,Não Convertido,,0.0,Agressivo,Western Sahara
216184,Orgânico,2025-01-15,Não Convertido,,0.0,Desconhecido,Korea
216185,Facebook,2025-01-15,Não Convertido,,0.0,Agressivo,Burundi
216186,Google Ads,2025-01-16,Não Convertido,,0.0,Moderado,Sri Lanka
216187,TikTok,2025-01-17,Não Convertido,,0.0,Agressivo,Greenland
216188,Indicação,2025-01-18,Não Convertido,,0.0,Moderado,Belize
216189,Orgânico,2025-01-17,Não Convertido,,0.0,Conservador,Turkey
216190,Orgânico,2025-01-15,Não Convertido,,0.0,Desconhecido,Marshall Islands
216191,Google Ads,2025-01-18,Convertido,24.0,4542.42,Agressivo,Senegal
216192,TikTok,2025-01-17,Não Convertido,,0.0,Agressivo,United Kingdom
216193,Google Ads,2025-01-13,Não Convertido,,0.0,Moderado,Costa Rica
216194,TikTok,2025-01-16,Não Convertido,,0.0,Agressivo,Equatorial Guinea
216195,E-mail Marketing,2025-01-17,Não Convertido,,0.0,Desconhecido,Belgium
216196,Google Ads,2025-01-15,Não Convertido,,0.0,Conservador,United States Virgin Islands
216197,Instagram,2025-01-18,Não Convertido,,0.0,Moderado,Spain
216198,Orgânico,2025-01-13,Não Convertido,,0.0,Moderado,United States Minor Outlying Islands
216199,TikTok,2025-01-17,Não Convertido,,0.0,Moderado,Kenya
216200,Instagram,2025-01-13,Não Convertido,,0.0,Conservador,Bouvet Island (Bouvetoya)
216201,Orgânico,2025-01-17,Não Convertido,,0.0,Moderado,Ukraine
216202,Orgânico,2025-01-16,Não Convertido,,0.0,Moderado,Gambia
216203,TikTok,2025-01-18,Não Convertido,,0.0,Moderado,Romania
216204,Google Ads,2025-01-17,Não Convertido,,0.0,Agressivo,Saint Pierre and Miquelon
216205,TikTok,2025-01-17,Não Convertido,,0.0,Moderado,France
216206,Orgânico,2025-01-13,Não Convertido,,0.0,Agressivo,Nauru
216207,Orgânico,2025-01-16,Não Convertido,,0.0,Conservador,Iraq
216208,Indicação,2025-01-16,Não Convertido,,0.0,Conservador,Turkey
216209,Orgânico,2025-01-18,Não Convertido,,0.0,Moderado,Togo
216210,Orgânico,2025-01-13,Não Convertido,,0.0,Desconhecido,Dominican Republic
216211,WhatsApp,2025-01-15,Não Convertido,,0.0,Moderado,Guyana
216212,Indicação,2025-01-15,Não Convertido,,0.0,Moderado,Guyana
216213,WhatsApp,2025-01-16,Não Convertido,,0.0,Conservador,Niue
216214,Orgânico,2025-01-14,Não Convertido,,0.0,Moderado,Anguilla
216215,TikTok,2025-01-13,Não Convertido,,0.0,Moderado,Montserrat
216216,TikTok,2025-01-15,Não Convertido,,0.0,Moderado,Niger
216217,E-mail Marketing,2025-01-13,Não Convertido,,0.0,Moderado,Samoa
216218,Google Ads,2025-01-18,Não Convertido,,0.0,Agressivo,Saudi Arabia
216219,E-mail Marketing,2025-01-18,Não Convertido,,0.0,Conservador,Tonga
216220,YouTube Ads,2025-01-18,Não Convertido,,0.0,Desconhecido,Slovenia
216221,E-mail Marketing,2025-01-16,Não Convertido,,0.0,Conservador,Pitcairn Islands
216222,Orgânico,2025-01-14,Não Convertido,,0.0,Agressivo,Mozambique
216223,Indicação,2025-01-14,Não Convertido,,0.0,Agressivo,Isle of Man
216224,TikTok,2025-01-14,Não Convertido,,0.0,Moderado,Bahamas
216225,E-mail Marketing,2025-01-16,Não Convertido,,0.0,Moderado,Tajikistan
216226,Orgânico,2025-01-14,Não Convertido,,0.0,Desconhecido,Saint Martin
216227,Indicação,2025-01-15,Convertido,23.0,860.36,Moderado,New Caledonia
216228,WhatsApp,2025-01-16,Não Convertido,,0.0,Moderado,Lithuania
216229,Orgânico,2025-01-16,Não Convertido,,0.0,Agressivo,Serbia
216230,Facebook,2025-01-14,Não Convertido,,0.0,Agressivo,Iran
216231,Orgânico,2025-01-17,Não Convertido,,0.0,Agressivo,Eritrea
216232,Google Ads,2025-01-14,Não Convertido,,0.0,Moderado,Western Sahara
216233,Orgânico,2025-01-15,Não Convertido,,0.0,Moderado,Latvia
216234,Facebook,2025-01-14,Não Convertido,,0.0,Moderado,Malawi
216235,Instagram,2025-01-18,Não Convertido,,0.0,Conservador,United States of America
216236,Indicação,2025-01-15,Não Convertido,,0.0,Desconhecido,Somalia
216237,YouTube Ads,2025-01-18,Não Convertido,,0.0,Agressivo,Turkey
216238,Google Ads,2025-01-14,Não Convertido,,0.0,Moderado,Qatar
216239,E-mail Marketing,2025-01-18,Não Convertido,,0.0,Moderado,Peru
216240,Orgânico,2025-01-13,Não Convertido,,0.0,Conservador,Kyrgyz Republic
216241,WhatsApp,2025-01-14,Não Convertido,,0.0,Agressivo,Congo
216242,Google Ads,2025-01-18,Não Convertido,,0.0,Moderado,Colombia
216243,Instagram,2025-01-16,Convertido,3.0,3717.92,Moderado,Argentina
216244,Google Ads,2025-01-16,Não Convertido,,0.0,Agressivo,Macao
216245,Google Ads,2025-01-16,Não Convertido,,0.0,Agressivo,Morocco
216246,Orgânico,2025-01-18,Não Convertido,,0.0,Moderado,Mauritius
216247,Orgânico,2025-01-18,Não Convertido,,0.0,Moderado,Azerbaijan
216248,TikTok,2025-01-16,Não Convertido,,0.0,Moderado,Cayman Islands
216249,E-mail Marketing,2025-01-15,Não Convertido,,0.0,Moderado,Lao People's Democratic Republic
216250,Facebook,2025-01-18,Não Convertido,,0.0,Agressivo,Nicaragua
216251,E-mail Marketing,2025-01-18,Não Convertido,,0.0,Moderado,Dominican Republic
216252,Instagram,2025-01-18,Não Convertido,,0.0,Desconhecido,Guernsey
216253,Facebook,2025-01-15,Não Convertido,,0.0,Moderado,Brazil
216254,E-mail Marketing,2025-01-13,Não Convertido,,0.0,Conservador,Serbia
216255,Instagram,2025-01-17,Não Convertido,,0.0,Agressivo,French Southern Territories
216256,TikTok,2025-01-15,Não Convertido,,0.0,Agressivo,Somalia
216257,Orgânico,2025-01-17,Não Convertido,,0.0,Moderado,Turkmenistan
216258,Orgânico,2025-01-17,Não Convertido,,0.0,Moderado,Anguilla
216259,E-mail Marketing,2025-01-17,Não Convertido,,0.0,Desconhecido,Saint Kitts and Nevis
216260,TikTok,2025-01-18,Não Convertido,,0.0,Agressivo,American Samoa
216261,YouTube Ads,2025-01-13,Não Convertido,,0.0,Moderado,Uganda
216262,Instagram,2025-01-13,Não Convertido,,0.0,Moderado,Belarus
216263,Facebook,2025-01-18,Não Convertido,,0.0,Moderado,Kyrgyz Republic
216264,Facebook,2025-01-15,Não Convertido,,0.0,Agressivo,Netherlands
216265,WhatsApp,2025-01-18,Não Convertido,,0.0,Conservador,Suriname
216266,WhatsApp,2025-01-13,Não Convertido,,0.0,Desconhecido,Dominica
216267,Instagram,2025-01-14,Não Convertido,,0.0,Agressivo,Congo
216268,Instagram,2025-01-15,Não Convertido,,0.0,Conservador,Turkey
216269,Instagram,2025-01-13,Não Convertido,,0.0,Desconhecido,Seychelles
216270,Google Ads,2025-01-14,Não Convertido,,0.0,Moderado,Spain
216271,TikTok,2025-01-18,Não Convertido,,0.0,Conservador,Congo
216272,Indicação,2025-01-13,Não Convertido,,0.0,Agressivo,New Caledonia
216273,WhatsApp,2025-01-14,Não Convertido,,0.0,Agressivo,Bosnia and Herzegovina
216274,TikTok,2025-01-15,Não Convertido,,0.0,Conservador,French Polynesia
216275,WhatsApp,2025-01-13,Não Convertido,,0.0,Agressivo,Nepal
216276,E-mail Marketing,2025-01-18,Não Convertido,,0.0,Conservador,French Southern Territories
216277,Facebook,2025-01-16,Não Convertido,,0.0,Conservador,Palestinian Territory
216278,Instagram,2025-01-16,Não Convertido,,0.0,Agressivo,Solomon Islands
216279,Facebook,2025-01-13,Não Convertido,,0.0,Conservador,Iran
216280,E-mail Marketing,2025-01-17,Não Convertido,,0.0,Agressivo,Guam
216281,YouTube Ads,2025-01-16,Não Convertido,,0.0,Conservador,Burkina Faso
216282,E-mail Marketing,2025-01-14,Não Convertido,,0.0,Desconhecido,Holy See (Vatican City State)
216283,TikTok,2025-01-17,Não Convertido,,0.0,Desconhecido,Norway
216284,Instagram,2025-01-16,Não Convertido,,0.0,Agressivo,Central African Republic
216285,Indicação,2025-01-17,Não Convertido,,0.0,Moderado,Burundi
216286,Instagram,2025-01-15,Não Convertido,,0.0,Agressivo,Kiribati
216287,YouTube Ads,2025-01-15,Não Convertido,,0.0,Agressivo,Afghanistan
216288,WhatsApp,2025-01-18,Não Convertido,,0.0,Conservador,Bouvet Island (Bouvetoya)
216289,E-mail Marketing,2025-01-14,Não Convertido,,0.0,Desconhecido,Haiti
216290,Orgânico,2025-01-16,Não Convertido,,0.0,Moderado,Grenada
216291,Orgânico,2025-01-15,Não Convertido,,0.0,Moderado,Guatemala
216292,YouTube Ads,2025-01-16,Convertido,13.0,8524.48,Agressivo,Estonia
216293,Google Ads,2025-01-13,Não Convertido,,0.0,Moderado,Cambodia
216294,Facebook,2025-01-17,Não Convertido,,0.0,Agressivo,Svalbard & Jan Mayen Islands
216295,WhatsApp,2025-01-18,Não Convertido,,0.0,Moderado,Trinidad and Tobago
216296,Instagram,2025-01-13,Não Convertido,,0.0,Desconhecido,Cameroon
216297,Google Ads,2025-01-17,Não Convertido,,0.0,Agressivo,Fiji
216298,Instagram,2025-01-17,Não Convertido,,0.0,Moderado,French Guiana
216299,Facebook,2025-01-15,Não Convertido,,0.0,Conservador,United Kingdom
216300,YouTube Ads,2025-01-16,Não Convertido,,0.0,Desconhecido,Kuwait
216301,Orgânico,2025-01-16,Não Convertido,,0.0,Agressivo,Isle of Man
216302,Facebook,2025-01-15,Não Convertido,,0.0,Moderado,Kenya
216303,Orgânico,2025-01-18,Não Convertido,,0.0,Moderado,Syrian Arab Republic
216304,Instagram,2025-01-13,Não Convertido,,0.0,Moderado,Palau
216305,Facebook,2025-01-16,Convertido,4.0,9036.23,Agressivo,Israel
216306,Google Ads,2025-01-13,Não Convertido,,0.0,Moderado,Afghanistan
216307,Instagram,2025-01-15,Não Convertido,,0.0,Moderado,Saudi Arabia
216308,Indicação,2025-01-13,Não Convertido,,0.0,Conservador,Albania
216309,Orgânico,2025-01-13,Não Convertido,,0.0,Agressivo,American Samoa
216310,Indicação,2025-01-16,Convertido,4.0,1796.67,Agressivo,Serbia
216311,Orgânico,2025-01-17,Não Convertido,,0.0,Moderado,Australia
216312,YouTube Ads,2025-01-18,Não Convertido,,0.0,Moderado,French Guiana
216313,E-mail Marketing,2025-01-14,Não Convertido,,0.0,Agressivo,Nauru
216314,Orgânico,2025-01-17,Não Convertido,,0.0,Moderado,Bahamas
216315,E-mail Marketing,2025-01-14,Não Convertido,,0.0,Moderado,Guadeloupe
216316,WhatsApp,2025-01-18,Não Convertido,,0.0,Agressivo,Cape Verde
216317,Facebook,2025-01-14,Não Convertido,,0.0,Conservador,Turkmenistan
216318,Instagram,2025-01-16,Não Convertido,,0.0,Moderado,Bermuda
216319,Orgânico,2025-01-13,Não Convertido,,0.0,Desconhecido,Kuwait
216320,Google Ads,2025-01-17,Não Convertido,,0.0,Conservador,Argentina
216321,E-mail Marketing,2025-01-14,Não Convertido,,0.0,Moderado,Poland
216322,Indicação,2025-01-16,Não Convertido,,0.0,Moderado,Norfolk Island
216323,Indicação,2025-01-14,Não Convertido,,0.0,Desconhecido,Sudan
216324,TikTok,2025-01-18,Não Convertido,,0.0,Conservador,Syrian Arab Republic
216325,WhatsApp,2025-01-16,Não Convertido,,0.0,Moderado,Qatar
216326,YouTube Ads,2025-01-14,Não Convertido,,0.0,Conservador,Monaco
216327,TikTok,2025-01-18,Não Convertido,,0.0,Moderado,Isle of Man
216328,TikTok,2025-01-18,Não Convertido,,0.0,Conservador,Dominica
216329,TikTok,2025-01-14,Não Convertido,,0.0,Moderado,Cuba
216330,Instagram,2025-01-18,Não Convertido,,0.0,Moderado,Cayman Islands
216331,Orgânico,2025-01-15,Não Convertido,,0.0,Agressivo,Micronesia
216332,TikTok,2025-01-13,Não Convertido,,0.0,Moderado,Estonia
216333,Facebook,2025-01-14,Não Convertido,,0.0,Agressivo,British Indian Ocean Territory (Chagos Archipelago)
216334,WhatsApp,2025-01-17,Não Convertido,,0.0,Agressivo,Liberia
216335,TikTok,2025-01-15,Convertido,22.0,2248.51,Agressivo,Singapore
216336,Google Ads,2025-01-15,Não Convertido,,0.0,Moderado,Bhutan
216337,YouTube Ads,2025-01-15,Não Convertido,,0.0,Desconhecido,Guernsey
216338,WhatsApp,2025-01-15,Não Convertido,,0.0,Moderado,Qatar
216339,Orgânico,2025-01-17,Não Convertido,,0.0,Moderado,Anguilla
216340,E-mail Marketing,2025-01-14,Não Convertido,,0.0,Moderado,Nauru
216341,E-mail Marketing,2025-01-18,Não Convertido,,0.0,Moderado,South Georgia and the South Sandwich Islands
216342,YouTube Ads,2025-01-17,Convertido,21.0,1874.63,Moderado,Zambia
216343,YouTube Ads,2025-01-16,Não Convertido,,0.0,Conservador,Angola
216344,TikTok,2025-01-18,Não Convertido,,0.0,Agressivo,Myanmar
216345,Instagram,2025-01-14,Não Convertido,,0.0,Conservador,Aruba
216346,Orgânico,2025-01-17,Não Convertido,,0.0,Agressivo,Pitcairn Islands
216347,Indicação,2025-01-17,Não Convertido,,0.0,Desconhecido,Bulgaria
216348,TikTok,2025-01-16,Não Convertido,,0.0,Desconhecido,Liechtenstein
216349,WhatsApp,2025-01-17,Não Convertido,,0.0,Agressivo,Hungary
216350,WhatsApp,2025-01-13,Não Convertido,,0.0,Conservador,Uzbekistan
216351,E-mail Marketing,2025-01-18,Não Convertido,,0.0,Moderado,Afghanistan
216352,Orgânico,2025-01-14,Não Convertido,,0.0,Desconhecido,Nicaragua
216353,Facebook,2025-01-17,Não Convertido,,0.0,Moderado,Algeria
216354,Google Ads,2025-01-17,Não Convertido,,0.0,Moderado,Togo
216355,Orgânico,2025-01-14,Não Convertido,,0.0,Conservador,Argentina
216356,Orgânico,2025-01-17,Não Convertido,,0.0,Moderado,Mongolia
216357,TikTok,2025-01-18,Não Convertido,,0.0,Agressivo,Norfolk Island
216358,YouTube Ads,2025-01-14,Não Convertido,,0.0,Moderado,Brazil
216359,Instagram,2025-01-13,Não Convertido,,0.0,Moderado,Gambia
216360,TikTok,2025-01-13,Não Convertido,,0.0,Conservador,Albania
216361,YouTube Ads,2025-01-17,Não Convertido,,0.0,Moderado,Uruguay
216362,Orgânico,2025-01-16,Não Convertido,,0.0,Agressivo,Tonga
216363,Orgânico,2025-01-16,Não Convertido,,0.0,Agressivo,North Macedonia
216364,Facebook,2025-01-16,Convertido,3.0,508.05,Moderado,Sierra Leone
216365,WhatsApp,2025-01-18,Não Convertido,,0.0,Agressivo,Bahrain
216366,Instagram,2025-01-14,Não Convertido,,0.0,Agressivo,Indonesia
216367,YouTube Ads,2025-01-16,Não Convertido,,0.0,Moderado,Syrian Arab Republic
216368,TikTok,2025-01-17,Não Convertido,,0.0,Conservador,Armenia
216369,Google Ads,2025-01-13,Não Convertido,,0.0,Moderado,Chile
216370,E-mail Marketing,2025-01-17,Não Convertido,,0.0,Moderado,Bahamas
216371,Indicação,2025-01-18,Não Convertido,,0.0,Conservador,Paraguay
216372,Google Ads,2025-01-13,Não Convertido,,0.0,Conservador,Chile
216373,TikTok,2025-01-16,Não Convertido,,0.0,Moderado,Haiti
216374,Google Ads,2025-01-16,Não Convertido,,0.0,Moderado,Bangladesh
216375,Google Ads,2025-01-13,Não Convertido,,0.0,Conservador,Macao
216376,Google Ads,2025-01-13,Não Convertido,,0.0,Moderado,Congo
216377,YouTube Ads,2025-01-15,Não Convertido,,0.0,Agressivo,Palestinian Territory
216378,Google Ads,2025-01-13,Não Convertido,,0.0,Agressivo,Saudi Arabia
216379,E-mail Marketing,2025-01-18,Não Convertido,,0.0,Conservador,Saint Helena
216380,Facebook,2025-01-17,Não Convertido,,0.0,Conservador,Central African Republic
216381,Indicação,2025-01-13,Não Convertido,,0.0,Moderado,French Polynesia
216382,WhatsApp,2025-01-16,Não Convertido,,0.0,Agressivo,Ireland
216383,TikTok,2025-01-16,Convertido,16.0,6752.17,Conservador,Lithuania
216384,Indicação,2025-01-13,Não Convertido,,0.0,Agressivo,Chad
216385,Orgânico,2025-01-15,Não Convertido,,0.0,Agressivo,Cayman Islands
216386,E-mail Marketing,2025-01-15,Não Convertido,,0.0,Agressivo,Palestinian Territory
216387,E-mail Marketing,2025-01-18,Não Convertido,,0.0,Desconhecido,American Samoa
216388,Facebook,2025-01-15,Convertido,28.0,2335.6,Moderado,Namibia
216389,Orgânico,2025-01-17,Não Convertido,,0.0,Conservador,Bermuda
216390,YouTube Ads,2025-01-15,Convertido,12.0,3683.84,Agressivo,Central African Republic
216391,Google Ads,2025-01-15,Não Convertido,,0.0,Desconhecido,Uganda
216392,Facebook,2025-01-13,Não Convertido,,0.0,Agressivo,Svalbard & Jan Mayen Islands
216393,Instagram,2025-01-18,Não Convertido,,0.0,Desconhecido,Germany
216394,Orgânico,2025-01-14,Não Convertido,,0.0,Conservador,Afghanistan
216395,TikTok,2025-01-13,Não Convertido,,0.0,Moderado,United States Minor Outlying Islands
216396,Instagram,2025-01-18,Não Convertido,,0.0,Moderado,French Polynesia
216397,Instagram,2025-01-13,Não Convertido,,0.0,Moderado,Uganda
216398,Google Ads,2025-01-14,Não Convertido,,0.0,Moderado,San Marino
216399,E-mail Marketing,2025-01-17,Não Convertido,,0.0,Moderado,Afghanistan
216400,Facebook,2025-01-14,Não Convertido,,0.0,Moderado,Cameroon
216401,TikTok,2025-01-15,Não Convertido,,0.0,Moderado,Brunei Darussalam
216402,Orgânico,2025-01-13,Não Convertido,,0.0,Conservador,New Zealand
216403,Instagram,2025-01-14,Não Convertido,,0.0,Agressivo,Saint Barthelemy
216404,Indicação,2025-01-16,Não Convertido,,0.0,Moderado,Guam
216405,Orgânico,2025-01-16,Convertido,13.0,6409.33,Moderado,Saint Kitts and Nevis
216406,Facebook,2025-01-16,Não Convertido,,0.0,Agressivo,Mauritius
216407,YouTube Ads,2025-01-15,Convertido,9.0,8142.8,Conservador,Afghanistan
216408,TikTok,2025-01-16,Não Convertido,,0.0,Moderado,Morocco
216409,Instagram,2025-01-18,Não Convertido,,0.0,Moderado,Nigeria
216410,Indicação,2025-01-18,Não Convertido,,0.0,Moderado,Iceland
216411,E-mail Marketing,2025-01-16,Não Convertido,,0.0,Conservador,Ghana
216412,Instagram,2025-01-13,Não Convertido,,0.0,Agressivo,Tonga
216413,YouTube Ads,2025-01-13,Não Convertido,,0.0,Conservador,India
216414,Google Ads,2025-01-14,Não Convertido,,0.0,Desconhecido,Gibraltar
216415,Orgânico,2025-01-14,Não Convertido,,0.0,Moderado,Samoa
216416,Facebook,2025-01-16,Não Convertido,,0.0,Desconhecido,Aruba
216417,E-mail Marketing,2025-01-15,Convertido,23.0,5010.28,Moderado,France
216418,Google Ads,2025-01-14,Não Convertido,,0.0,Conservador,Saudi Arabia
216419,Orgânico,2025-01-17,Não Convertido,,0.0,Agressivo,Pitcairn Islands
216420,Instagram,2025-01-13,Não Convertido,,0.0,Moderado,Tajikistan
216421,Facebook,2025-01-18,Não Convertido,,0.0,Agressivo,Saint Barthelemy
216422,Indicação,2025-01-15,Não Convertido,,0.0,Desconhecido,Australia
216423,Google Ads,2025-01-17,Não Convertido,,0.0,Agressivo,United Arab Emirates
216424,Instagram,2025-01-15,Não Convertido,,0.0,Agressivo,Bulgaria
216425,Facebook,2025-01-15,Não Convertido,,0.0,Conservador,Russian Federation
216426,Facebook,2025-01-15,Não Convertido,,0.0,Moderado,Liechtenstein
216427,Orgânico,2025-01-14,Não Convertido,,0.0,Agressivo,Guinea
216428,Orgânico,2025-01-14,Não Convertido,,0.0,Moderado,Sudan
216429,Instagram,2025-01-14,Não Convertido,,0.0,Agressivo,Liberia
216430,Instagram,2025-01-16,Não Convertido,,0.0,Desconhecido,Gambia
216431,Instagram,2025-01-13,Não Convertido,,0.0,Moderado,Samoa
216432,Orgânico,2025-01-15,Não Convertido,,0.0,Conservador,Benin
216433,Orgânico,2025-01-17,Não Convertido,,0.0,Moderado,Kenya
216434,Indicação,2025-01-14,Não Convertido,,0.0,Conservador,Gabon
216435,Instagram,2025-01-17,Não Convertido,,0.0,Desconhecido,Kazakhstan
216436,YouTube Ads,2025-01-16,Não Convertido,,0.0,Agressivo,Liberia
216437,E-mail Marketing,2025-01-16,Não Convertido,,0.0,Agressivo,Cocos (Keeling) Islands
216438,Instagram,2025-01-16,Não Convertido,,0.0,Desconhecido,Sri Lanka
216439,Instagram,2025-01-15,Não Convertido,,0.0,Moderado,Hungary
216440,Google Ads,2025-01-17,Convertido,30.0,6080.66,Agressivo,Timor-Leste
216441,Facebook,2025-01-13,Não Convertido,,0.0,Moderado,Belize
216442,TikTok,2025-01-16,Não Convertido,,0.0,Moderado,Peru
216443,Instagram,2025-01-13,Não Convertido,,0.0,Agressivo,Anguilla
216444,Orgânico,2025-01-17,Não Convertido,,0.0,Moderado,Cuba
216445,E-mail Marketing,2025-01-15,Não Convertido,,0.0,Agressivo,Brazil
216446,Facebook,2025-01-17,Não Convertido,,0.0,Agressivo,North Macedonia
216447,WhatsApp,2025-01-13,Não Convertido,,0.0,Moderado,Timor-Leste
216448,TikTok,2025-01-17,Não Convertido,,0.0,Moderado,Antigua and Barbuda
216449,WhatsApp,2025-01-17,Não Convertido,,0.0,Moderado,Solomon Islands
216450,E-mail Marketing,2025-01-16,Não Convertido,,0.0,Desconhecido,Russian Federation
216451,Orgânico,2025-01-14,Não Convertido,,0.0,Agressivo,Brunei Darussalam
216452,Facebook,2025-01-18,Não Convertido,,0.0,Agressivo,Thailand
216453,WhatsApp,2025-01-18,Não Convertido,,0.0,Moderado,British Virgin Islands
216454,Google Ads,2025-01-15,Não Convertido,,0.0,Agressivo,Colombia
216455,Facebook,2025-01-16,Não Convertido,,0.0,Conservador,Guatemala
216456,Google Ads,2025-01-16,Não Convertido,,0.0,Moderado,Sierra Leone
216457,TikTok,2025-01-16,Não Convertido,,0.0,Conservador,Martinique
216458,Orgânico,2025-01-15,Não Convertido,,0.0,Moderado,India
216459,Instagram,2025-01-16,Não Convertido,,0.0,Agressivo,Peru
216460,TikTok,2025-01-16,Não Convertido,,0.0,Moderado,France
216461,TikTok,2025-01-15,Não Convertido,,0.0,Moderado,French Guiana
216462,Instagram,2025-01-16,Não Convertido,,0.0,Moderado,Ireland
216463,E-mail Marketing,2025-01-17,Não Convertido,,0.0,Conservador,Ukraine
216464,YouTube Ads,2025-01-18,Não Convertido,,0.0,Conservador,Jamaica
216465,YouTube Ads,2025-01-15,Não Convertido,,0.0,Moderado,Central African Republic
216466,Google Ads,2025-01-18,Não Convertido,,0.0,Moderado,Montenegro
216467,WhatsApp,2025-01-14,Não Convertido,,0.0,Agressivo,Belize
216468,E-mail Marketing,2025-01-17,Não Convertido,,0.0,Conservador,Micronesia
216469,TikTok,2025-01-14,Não Convertido,,0.0,Desconhecido,Brazil
216470,Instagram,2025-01-15,Não Convertido,,0.0,Moderado,Reunion
216471,YouTube Ads,2025-01-13,Não Convertido,,0.0,Desconhecido,Barbados
216472,Instagram,2025-01-14,Não Convertido,,0.0,Agressivo,Hungary
216473,WhatsApp,2025-01-15,Não Convertido,,0.0,Agressivo,Brazil
216474,WhatsApp,2025-01-17,Não Convertido,,0.0,Moderado,Colombia
216475,Instagram,2025-01-14,Não Convertido,,0.0,Agressivo,Sudan
216476,TikTok,2025-01-16,Não Convertido,,0.0,Agressivo,Isle of Man
216477,Google Ads,2025-01-15,Não Convertido,,0.0,Agressivo,Palau
216478,E-mail Marketing,2025-01-16,Não Convertido,,0.0,Agressivo,Australia
216479,Instagram,2025-01-18,Não Convertido,,0.0,Desconhecido,Libyan Arab Jamahiriya
216480,WhatsApp,2025-01-14,Não Convertido,,0.0,Agressivo,Croatia
216481,TikTok,2025-01-18,Não Convertido,,0.0,Agressivo,Tokelau
216482,Facebook,2025-01-13,Não Convertido,,0.0,Conservador,Bangladesh
216483,Instagram,2025-01-16,Não Convertido,,0.0,Moderado,French Guiana
216484,Instagram,2025-01-14,Não Convertido,,0.0,Conservador,Bosnia and Herzegovina
216485,E-mail Marketing,2025-01-18,Não Convertido,,0.0,Conservador,Gambia
216486,Orgânico,2025-01-17,Não Convertido,,0.0,Moderado,Venezuela
216487,Facebook,2025-01-17,Convertido,8.0,9305.46,Desconhecido,Eritrea
216488,Instagram,2025-01-16,Não Convertido,,0.0,Agressivo,North Macedonia
216489,WhatsApp,2025-01-15,Não Convertido,,0.0,Conservador,Austria
216490,E-mail Marketing,2025-01-14,Não Convertido,,0.0,Desconhecido,Afghanistan
216491,Indicação,2025-01-17,Não Convertido,,0.0,Moderado,Cuba
216492,E-mail Marketing,2025-01-15,Não Convertido,,0.0,Moderado,Grenada
216493,Orgânico,2025-01-17,Não Convertido,,0.0,Agressivo,Hungary
216494,Instagram,2025-01-14,Não Convertido,,0.0,Agressivo,Macao
216495,TikTok,2025-01-18,Não Convertido,,0.0,Agressivo,Egypt
216496,TikTok,2025-01-17,Não Convertido,,0.0,Moderado,Barbados
216497,WhatsApp,2025-01-13,Não Convertido,,0.0,Moderado,Jamaica
216498,E-mail Marketing,2025-01-18,Não Convertido,,0.0,Agressivo,Eritrea
216499,Instagram,2025-01-17,Não Convertido,,0.0,Agressivo,Saint Helena
216500,Instagram,2025-01-14,Não Convertido,,0.0,Agressivo,Togo
216501,WhatsApp,2025-01-15,Não Convertido,,0.0,Moderado,Serbia
216502,Indicação,2025-01-16,Não Convertido,,0.0,Moderado,Jersey
216503,Orgânico,2025-01-15,Não Convertido,,0.0,Desconhecido,Saint Lucia
216504,TikTok,2025-01-18,Não Convertido,,0.0,Moderado,Japan
216505,Google Ads,2025-01-17,Não Convertido,,0.0,Agressivo,Poland
216506,Orgânico,2025-01-15,Não Convertido,,0.0,Moderado,Armenia
216507,TikTok,2025-01-13,Não Convertido,,0.0,Agressivo,Christmas Island
216508,Facebook,2025-01-18,Não Convertido,,0.0,Moderado,Venezuela
216509,Instagram,2025-01-15,Não Convertido,,0.0,Moderado,Bosnia and Herzegovina
216510,Google Ads,2025-01-18,Não Convertido,,0.0,Moderado,Brunei Darussalam
216511,Facebook,2025-01-13,Não Convertido,,0.0,Moderado,Malta
216512,WhatsApp,2025-01-17,Não Convertido,,0.0,Moderado,Chad
216513,Indicação,2025-01-14,Não Convertido,,0.0,Agressivo,Colombia
216514,YouTube Ads,2025-01-15,Não Convertido,,0.0,Moderado,Western Sahara
216515,TikTok,2025-01-17,Não Convertido,,0.0,Moderado,United Kingdom
216516,Instagram,2025-01-13,Não Convertido,,0.0,Moderado,Brazil
216517,Orgânico,2025-01-15,Não Convertido,,0.0,Agressivo,Denmark
216518,Facebook,2025-01-18,Não Convertido,,0.0,Agressivo,Myanmar
216519,YouTube Ads,2025-01-13,Não Convertido,,0.0,Conservador,Portugal
216520,Orgânico,2025-01-18,Não Convertido,,0.0,Moderado,Algeria
216521,Google Ads,2025-01-14,Não Convertido,,0.0,Agressivo,Russian Federation
216522,TikTok,2025-01-18,Não Convertido,,0.0,Moderado,Philippines
216523,Google Ads,2025-01-16,Não Convertido,,0.0,Moderado,Marshall Islands
216524,TikTok,2025-01-18,Não Convertido,,0.0,Moderado,Cote d'Ivoire
216525,E-mail Marketing,2025-01-14,Não Convertido,,0.0,Moderado,Tunisia
216526,Google Ads,2025-01-17,Não Convertido,,0.0,Moderado,Sao Tome and Principe
216527,Google Ads,2025-01-13,Não Convertido,,0.0,Moderado,Macao
216528,Instagram,2025-01-18,Não Convertido,,0.0,Moderado,Burkina Faso
216529,Facebook,2025-01-15,Não Convertido,,0.0,Moderado,Gambia
216530,TikTok,2025-01-18,Não Convertido,,0.0,Agressivo,Finland
216531,TikTok,2025-01-17,Não Convertido,,0.0,Conservador,Slovakia (Slovak Republic)
216532,E-mail Marketing,2025-01-16,Não Convertido,,0.0,Moderado,Sweden
216533,YouTube Ads,2025-01-15,Não Convertido,,0.0,Moderado,Brazil
216534,Indicação,2025-01-18,Não Convertido,,0.0,Agressivo,El Salvador
216535,Instagram,2025-01-17,Não Convertido,,0.0,Agressivo,Guadeloupe
216536,Instagram,2025-01-17,Não Convertido,,0.0,Moderado,United States of America
216537,YouTube Ads,2025-01-15,Não Convertido,,0.0,Conservador,Somalia
216538,Google Ads,2025-01-18,Não Convertido,,0.0,Conservador,Burundi
216539,Facebook,2025-01-15,Não Convertido,,0.0,Conservador,Malawi
216540,Orgânico,2025-01-13,Não Convertido,,0.0,Moderado,Russian Federation
216541,TikTok,2025-01-18,Não Convertido,,0.0,Conservador,Martinique
216542,Orgânico,2025-01-13,Não Convertido,,0.0,Agressivo,Togo
216543,Instagram,2025-01-18,Não Convertido,,0.0,Conservador,Eritrea
216544,WhatsApp,2025-01-17,Não Convertido,,0.0,Agressivo,French Southern Territories
216545,Instagram,2025-01-16,Não Convertido,,0.0,Agressivo,Lithuania
216546,Facebook,2025-01-13,Não Convertido,,0.0,Desconhecido,Belize
216547,Orgânico,2025-01-14,Não Convertido,,0.0,Moderado,Nigeria
216548,YouTube Ads,2025-01-17,Não Convertido,,0.0,Moderado,Venezuela
216549,Instagram,2025-01-18,Convertido,23.0,3046.74,Moderado,Jamaica
216550,Facebook,2025-01-13,Não Convertido,,0.0,Moderado,Venezuela
216551,WhatsApp,2025-01-16,Não Convertido,,0.0,Moderado,Saint Barthelemy
216552,Instagram,2025-01-14,Não Convertido,,0.0,Conservador,Kiribati
216553,YouTube Ads,2025-01-16,Não Convertido,,0.0,Moderado,Afghanistan
216554,E-mail Marketing,2025-01-18,Não Convertido,,0.0,Conservador,Saint Kitts and Nevis
216555,Instagram,2025-01-13,Convertido,26.0,9249.68,Moderado,Iceland
216556,WhatsApp,2025-01-15,Convertido,2.0,6567.94,Conservador,Singapore
216557,Facebook,2025-01-17,Não Convertido,,0.0,Desconhecido,Dominican Republic
216558,Orgânico,2025-01-14,Não Convertido,,0.0,Moderado,Afghanistan
216559,Orgânico,2025-01-13,Não Convertido,,0.0,Moderado,Albania
216560,Instagram,2025-01-17,Não Convertido,,0.0,Moderado,Montserrat
216561,Instagram,2025-01-17,Não Convertido,,0.0,Moderado,Slovakia (Slovak Republic)
216562,Instagram,2025-01-18,Não Convertido,,0.0,Desconhecido,Zimbabwe
216563,Google Ads,2025-01-14,Não Convertido,,0.0,Agressivo,Sri Lanka
216564,TikTok,2025-01-13,Não Convertido,,0.0,Conservador,Tunisia
216565,E-mail Marketing,2025-01-13,Não Convertido,,0.0,Conservador,Ireland
216566,Indicação,2025-01-17,Não Convertido,,0.0,Moderado,Christmas Island
216567,E-mail Marketing,2025-01-17,Não Convertido,,0.0,Agressivo,Samoa
216568,TikTok,2025-01-13,Não Convertido,,0.0,Moderado,Saint Vincent and the Grenadines
216569,Facebook,2025-01-16,Não Convertido,,0.0,Desconhecido,Brunei Darussalam
216570,WhatsApp,2025-01-15,Não Convertido,,0.0,Agressivo,Senegal
216571,E-mail Marketing,2025-01-17,Convertido,28.0,600.37,Moderado,Paraguay
216572,Instagram,2025-01-16,Não Convertido,,0.0,Moderado,Tanzania
216573,TikTok,2025-01-15,Não Convertido,,0.0,Conservador,Niue
216574,Orgânico,2025-01-13,Não Convertido,,0.0,Moderado,Cook Islands
216575,Facebook,2025-01-13,Não Convertido,,0.0,Desconhecido,Nepal
216576,Instagram,2025-01-16,Não Convertido,,0.0,Desconhecido,United States of America
216577,Orgânico,2025-01-17,Não Convertido,,0.0,Moderado,Peru
216578,Indicação,2025-01-18,Não Convertido,,0.0,Conservador,Panama
216579,Google Ads,2025-01-18,Não Convertido,,0.0,Moderado,Malta
216580,Google Ads,2025-01-13,Não Convertido,,0.0,Agressivo,Sierra Leone
216581,Facebook,2025-01-16,Não Convertido,,0.0,Desconhecido,Norfolk Island
216582,E-mail Marketing,2025-01-17,Não Convertido,,0.0,Moderado,Netherlands
216583,YouTube Ads,2025-01-13,Não Convertido,,0.0,Moderado,Turkey
216584,Instagram,2025-01-17,Não Convertido,,0.0,Agressivo,Zimbabwe
216585,Orgânico,2025-01-16,Não Convertido,,0.0,Agressivo,Brunei Darussalam
216586,Instagram,2025-01-13,Não Convertido,,0.0,Agressivo,Djibouti
216587,TikTok,2025-01-15,Não Convertido,,0.0,Moderado,United Kingdom
216588,Google Ads,2025-01-15,Não Convertido,,0.0,Moderado,Egypt
216589,Orgânico,2025-01-17,Não Convertido,,0.0,Agressivo,Cook Islands
216590,Google Ads,2025-01-15,Não Convertido,,0.0,Conservador,Macao
216591,Instagram,2025-01-16,Não Convertido,,0.0,Moderado,French Polynesia
216592,Instagram,2025-01-14,Não Convertido,,0.0,Agressivo,Liberia
216593,Instagram,2025-01-13,Não Convertido,,0.0,Moderado,Finland
216594,TikTok,2025-01-17,Não Convertido,,0.0,Conservador,United Arab Emirates
216595,Facebook,2025-01-15,Não Convertido,,0.0,Moderado,Ecuador
216596,TikTok,2025-01-18,Não Convertido,,0.0,Conservador,Israel
216597,WhatsApp,2025-01-15,Não Convertido,,0.0,Agressivo,Yemen
216598,Instagram,2025-01-13,Não Convertido,,0.0,Conservador,Poland
216599,Indicação,2025-01-16,Não Convertido,,0.0,Agressivo,Kenya
216600,TikTok,2025-01-18,Não Convertido,,0.0,Moderado,Guadeloupe
216601,WhatsApp,2025-01-14,Não Convertido,,0.0,Conservador,Anguilla
216602,YouTube Ads,2025-01-13,Não Convertido,,0.0,Moderado,Maldives
216603,Google Ads,2025-01-18,Não Convertido,,0.0,Moderado,Romania
216604,Google Ads,2025-01-14,Não Convertido,,0.0,Moderado,Saint Vincent and the Grenadines
216605,WhatsApp,2025-01-13,Não Convertido,,0.0,Agressivo,Russian Federation
216606,WhatsApp,2025-01-13,Não Convertido,,0.0,Agressivo,Guinea-Bissau
216607,Orgânico,2025-01-18,Não Convertido,,0.0,Agressivo,Faroe Islands
216608,Facebook,2025-01-15,Não Convertido,,0.0,Agressivo,Falkland Islands (Malvinas)
216609,Instagram,2025-01-14,Não Convertido,,0.0,Conservador,Bermuda
216610,Instagram,2025-01-18,Não Convertido,,0.0,Agressivo,Antarctica (the territory South of 60 deg S)
216611,YouTube Ads,2025-01-18,Não Convertido,,0.0,Moderado,Bahamas
216612,Orgânico,2025-01-17,Não Convertido,,0.0,Conservador,Guinea-Bissau
216613,Facebook,2025-01-16,Não Convertido,,0.0,Moderado,Armenia
216614,WhatsApp,2025-01-16,Não Convertido,,0.0,Moderado,Serbia
216615,Google Ads,2025-01-16,Não Convertido,,0.0,Moderado,American Samoa
216616,WhatsApp,2025-01-16,Não Convertido,,0.0,Agressivo,Denmark
216617,Indicação,2025-01-15,Não Convertido,,0.0,Agressivo,Reunion
216618,Google Ads,2025-01-17,Não Convertido,,0.0,Desconhecido,Oman
216619,YouTube Ads,2025-01-16,Não Convertido,,0.0,Agressivo,Jamaica
216620,Facebook,2025-01-16,Não Convertido,,0.0,Moderado,Lao People's Democratic Republic
216621,WhatsApp,2025-01-17,Não Convertido,,0.0,Agressivo,Canada
216622,TikTok,2025-01-15,Não Convertido,,0.0,Desconhecido,Saint Martin
216623,Facebook,2025-01-13,Não Convertido,,0.0,Agressivo,Wallis and Futuna
216624,Orgânico,2025-01-18,Não Convertido,,0.0,Agressivo,Bolivia
216625,Facebook,2025-01-17,Não Convertido,,0.0,Moderado,Nauru
216626,Facebook,2025-01-14,Não Convertido,,0.0,Agressivo,United States of America
216627,WhatsApp,2025-01-17,Não Convertido,,0.0,Moderado,Gambia
216628,TikTok,2025-01-13,Não Convertido,,0.0,Conservador,Panama
216629,WhatsApp,2025-01-16,Não Convertido,,0.0,Conservador,South Georgia and the South Sandwich Islands
216630,TikTok,2025-01-15,Não Convertido,,0.0,Moderado,Iran
216631,Instagram,2025-01-14,Não Convertido,,0.0,Conservador,Djibouti
216632,Google Ads,2025-01-18,Não Convertido,,0.0,Moderado,Fiji
216633,Indicação,2025-01-17,Não Convertido,,0.0,Agressivo,Norway
216634,Orgânico,2025-01-13,Não Convertido,,0.0,Agressivo,Thailand
216635,Orgânico,2025-01-18,Convertido,27.0,9185.07,Conservador,Singapore
216636,Orgânico,2025-01-18,Não Convertido,,0.0,Moderado,Taiwan
216637,YouTube Ads,2025-01-13,Não Convertido,,0.0,Moderado,Myanmar
216638,Google Ads,2025-01-17,Não Convertido,,0.0,Agressivo,Slovenia
216639,E-mail Marketing,2025-01-16,Não Convertido,,0.0,Conservador,Afghanistan
216640,Facebook,2025-01-18,Não Convertido,,0.0,Desconhecido,Switzerland
216641,Indicação,2025-01-14,Não Convertido,,0.0,Agressivo,Iran
216642,Instagram,2025-01-15,Não Convertido,,0.0,Agressivo,Isle of Man
216643,E-mail Marketing,2025-01-13,Convertido,18.0,4238.88,Conservador,Norfolk Island
216644,Orgânico,2025-01-18,Não Convertido,,0.0,Desconhecido,Lebanon
216645,Instagram,2025-01-13,Não Convertido,,0.0,Moderado,Puerto Rico
216646,Indicação,2025-01-17,Não Convertido,,0.0,Conservador,Azerbaijan
216647,E-mail Marketing,2025-01-13,Não Convertido,,0.0,Conservador,Cameroon
216648,Orgânico,2025-01-15,Não Convertido,,0.0,Moderado,Turkey
216649,Instagram,2025-01-14,Convertido,8.0,7485.65,Desconhecido,Sweden
216650,Orgânico,2025-01-17,Não Convertido,,0.0,Moderado,Slovakia (Slovak Republic)
216651,WhatsApp,2025-01-18,Não Convertido,,0.0,Agressivo,Northern Mariana Islands
216652,Instagram,2025-01-16,Não Convertido,,0.0,Agressivo,New Zealand
216653,TikTok,2025-01-14,Não Convertido,,0.0,Agressivo,Zambia
216654,Indicação,2025-01-13,Não Convertido,,0.0,Conservador,Niger
216655,TikTok,2025-01-13,Não Convertido,,0.0,Agressivo,Western Sahara
216656,TikTok,2025-01-14,Não Convertido,,0.0,Moderado,United States Minor Outlying Islands
216657,Facebook,2025-01-13,Não Convertido,,0.0,Desconhecido,Serbia
216658,Orgânico,2025-01-14,Não Convertido,,0.0,Conservador,Guernsey
216659,YouTube Ads,2025-01-18,Não Convertido,,0.0,Agressivo,Norway
216660,Instagram,2025-01-18,Não Convertido,,0.0,Moderado,Tanzania
216661,WhatsApp,2025-01-16,Não Convertido,,0.0,Moderado,Cape Verde
216662,Instagram,2025-01-15,Não Convertido,,0.0,Agressivo,Paraguay
216663,WhatsApp,2025-01-13,Não Convertido,,0.0,Conservador,Anguilla
216664,Instagram,2025-01-17,Não Convertido,,0.0,Agressivo,Saint Pierre and Miquelon
216665,Orgânico,2025-01-18,Não Convertido,,0.0,Moderado,Bahrain
216666,TikTok,2025-01-18,Não Convertido,,0.0,Agressivo,United States of America
216667,TikTok,2025-01-17,Não Convertido,,0.0,Agressivo,Cocos (Keeling) Islands
216668,Instagram,2025-01-15,Não Convertido,,0.0,Desconhecido,Brazil
216669,E-mail Marketing,2025-01-17,Não Convertido,,0.0,Moderado,Saint Pierre and Miquelon
216670,YouTube Ads,2025-01-13,Não Convertido,,0.0,Agressivo,Kazakhstan
216671,Orgânico,2025-01-15,Não Convertido,,0.0,Moderado,Dominican Republic
216672,TikTok,2025-01-17,Não Convertido,,0.0,Moderado,Isle of Man
216673,Orgânico,2025-01-13,Não Convertido,,0.0,Conservador,New Caledonia
216674,Facebook,2025-01-15,Não Convertido,,0.0,Moderado,Saint Barthelemy
216675,Orgânico,2025-01-15,Não Convertido,,0.0,Agressivo,Namibia
216676,Instagram,2025-01-17,Não Convertido,,0.0,Conservador,Togo
216677,E-mail Marketing,2025-01-14,Não Convertido,,0.0,Moderado,Jersey
216678,Google Ads,2025-01-17,Não Convertido,,0.0,Agressivo,Malaysia
216679,YouTube Ads,2025-01-14,Não Convertido,,0.0,Conservador,Hong Kong
216680,Indicação,2025-01-16,Não Convertido,,0.0,Moderado,Bosnia and Herzegovina
216681,Orgânico,2025-01-18,Não Convertido,,0.0,Conservador,Svalbard & Jan Mayen Islands
216682,YouTube Ads,2025-01-15,Não Convertido,,0.0,Agressivo,Turkey
216683,Facebook,2025-01-18,Não Convertido,,0.0,Moderado,Syrian Arab Republic
216684,WhatsApp,2025-01-16,Não Convertido,,0.0,Conservador,Maldives
216685,Orgânico,2025-01-13,Não Convertido,,0.0,Moderado,Bahamas
216686,Google Ads,2025-01-16,Não Convertido,,0.0,Agressivo,Vanuatu
216687,E-mail Marketing,2025-01-14,Não Convertido,,0.0,Moderado,Ecuador
216688,Facebook,2025-01-14,Não Convertido,,0.0,Moderado,Niue
216689,Orgânico,2025-01-17,Não Convertido,,0.0,Moderado,Colombia
216690,E-mail Marketing,2025-01-17,Não Convertido,,0.0,Moderado,Uganda
216691,Facebook,2025-01-13,Não Convertido,,0.0,Agressivo,Wallis and Futuna
216692,Facebook,2025-01-17,Não Convertido,,0.0,Conservador,Serbia
216693,YouTube Ads,2025-01-17,Convertido,6.0,4248.94,Agressivo,Peru
216694,Google Ads,2025-01-16,Convertido,1.0,9898.69,Agressivo,Antarctica (the territory South of 60 deg S)
216695,Orgânico,2025-01-13,Não Convertido,,0.0,Moderado,Falkland Islands (Malvinas)
216696,Google Ads,2025-01-16,Não Convertido,,0.0,Desconhecido,Grenada
216697,TikTok,2025-01-18,Convertido,15.0,1091.04,Moderado,Spain
216698,Orgânico,2025-01-18,Não Convertido,,0.0,Moderado,Algeria
216699,TikTok,2025-01-15,Não Convertido,,0.0,Moderado,Turkmenistan
216700,TikTok,2025-01-16,Não Convertido,,0.0,Conservador,Norfolk Island
216701,Orgânico,2025-01-13,Não Convertido,,0.0,Agressivo,Yemen
216702,Facebook,2025-01-16,Não Convertido,,0.0,Moderado,Guinea-Bissau
216703,WhatsApp,2025-01-13,Não Convertido,,0.0,Moderado,Iraq
216704,Indicação,2025-01-18,Não Convertido,,0.0,Moderado,Taiwan
216705,WhatsApp,2025-01-16,Não Convertido,,0.0,Desconhecido,Faroe Islands
216706,Indicação,2025-01-17,Não Convertido,,0.0,Moderado,Switzerland
216707,Instagram,2025-01-16,Não Convertido,,0.0,Agressivo,Spain
216708,Google Ads,2025-01-17,Não Convertido,,0.0,Desconhecido,Tanzania
216709,Facebook,2025-01-14,Não Convertido,,0.0,Desconhecido,Bouvet Island (Bouvetoya)
216710,Instagram,2025-01-15,Não Convertido,,0.0,Moderado,Bulgaria
216711,Orgânico,2025-01-15,Convertido,8.0,7362.47,Desconhecido,Uruguay
216712,TikTok,2025-01-13,Não Convertido,,0.0,Moderado,United States Virgin Islands
216713,Orgânico,2025-01-16,Não Convertido,,0.0,Moderado,Cocos (Keeling) Islands
216714,Orgânico,2025-01-16,Não Convertido,,0.0,Moderado,Zambia
216715,Indicação,2025-01-18,Não Convertido,,0.0,Moderado,Iran
216716,TikTok,2025-01-16,Não Convertido,,0.0,Conservador,Palestinian Territory
216717,YouTube Ads,2025-01-14,Convertido,22.0,7641.99,Agressivo,Gambia
216718,YouTube Ads,2025-01-15,Não Convertido,,0.0,Moderado,Fiji
216719,Google Ads,2025-01-13,Não Convertido,,0.0,Conservador,Cook Islands
216720,E-mail Marketing,2025-01-15,Não Convertido,,0.0,Moderado,Malta
216721,Instagram,2025-01-18,Não Convertido,,0.0,Moderado,Argentina
216722,Instagram,2025-01-13,Não Convertido,,0.0,Desconhecido,Cambodia
216723,Google Ads,2025-01-17,Não Convertido,,0.0,Desconhecido,Korea
216724,TikTok,2025-01-13,Não Convertido,,0.0,Conservador,United States of America
216725,Instagram,2025-01-16,Não Convertido,,0.0,Agressivo,Cote d'Ivoire
216726,Indicação,2025-01-14,Não Convertido,,0.0,Agressivo,Iceland
216727,Facebook,2025-01-17,Não Convertido,,0.0,Conservador,Malta
216728,Instagram,2025-01-13,Não Convertido,,0.0,Agressivo,Dominican Republic
216729,Orgânico,2025-01-16,Não Convertido,,0.0,Agressivo,Suriname
216730,E-mail Marketing,2025-01-14,Não Convertido,,0.0,Agressivo,Maldives
216731,Orgânico,2025-01-18,Não Convertido,,0.0,Conservador,Barbados
216732,WhatsApp,2025-01-14,Não Convertido,,0.0,Moderado,India
216733,Google Ads,2025-01-13,Não Convertido,,0.0,Moderado,Antigua and Barbuda
216734,TikTok,2025-01-15,Não Convertido,,0.0,Moderado,Seychelles
216735,Instagram,2025-01-16,Não Convertido,,0.0,Moderado,Rwanda
216736,Facebook,2025-01-15,Não Convertido,,0.0,Desconhecido,British Virgin Islands
216737,TikTok,2025-01-16,Não Convertido,,0.0,Moderado,Zimbabwe
216738,WhatsApp,2025-01-13,Não Convertido,,0.0,Agressivo,Netherlands
216739,TikTok,2025-01-16,Não Convertido,,0.0,Moderado,Georgia
216740,Google Ads,2025-01-15,Não Convertido,,0.0,Desconhecido,Egypt
216741,WhatsApp,2025-01-13,Não Convertido,,0.0,Agressivo,Swaziland
216742,Orgânico,2025-01-17,Não Convertido,,0.0,Moderado,Yemen
216743,E-mail Marketing,2025-01-17,Não Convertido,,0.0,Agressivo,Japan
216744,Facebook,2025-01-15,Não Convertido,,0.0,Agressivo,Swaziland
216745,Facebook,2025-01-14,Não Convertido,,0.0,Agressivo,Australia
216746,YouTube Ads,2025-01-14,Não Convertido,,0.0,Moderado,Saudi Arabia
216747,TikTok,2025-01-13,Não Convertido,,0.0,Agressivo,Bhutan
216748,Facebook,2025-01-17,Não Convertido,,0.0,Desconhecido,Malawi
216749,Facebook,2025-01-15,Não Convertido,,0.0,Conservador,Algeria
216750,YouTube Ads,2025-01-16,Não Convertido,,0.0,Moderado,Serbia
216751,Facebook,2025-01-13,Não Convertido,,0.0,Agressivo,Haiti
216752,E-mail Marketing,2025-01-16,Não Convertido,,0.0,Moderado,Cambodia
216753,Orgânico,2025-01-17,Não Convertido,,0.0,Moderado,Barbados
216754,E-mail Marketing,2025-01-18,Não Convertido,,0.0,Agressivo,United States of America
216755,Facebook,2025-01-16,Não Convertido,,0.0,Desconhecido,Cape Verde
216756,Orgânico,2025-01-15,Não Convertido,,0.0,Agressivo,French Polynesia
216757,YouTube Ads,2025-01-15,Não Convertido,,0.0,Agressivo,Guinea
216758,YouTube Ads,2025-01-14,Não Convertido,,0.0,Moderado,Hungary
216759,Instagram,2025-01-15,Não Convertido,,0.0,Desconhecido,Gabon
216760,Facebook,2025-01-17,Não Convertido,,0.0,Conservador,Dominica
216761,Google Ads,2025-01-14,Não Convertido,,0.0,Agressivo,North Macedonia
216762,Orgânico,2025-01-13,Não Convertido,,0.0,Agressivo,Australia
216763,Indicação,2025-01-17,Não Convertido,,0.0,Moderado,Bermuda
216764,Google Ads,2025-01-14,Não Convertido,,0.0,Desconhecido,Andorra
216765,TikTok,2025-01-13,Não Convertido,,0.0,Agressivo,Denmark
216766,Indicação,2025-01-17,Não Convertido,,0.0,Moderado,China
216767,Instagram,2025-01-18,Não Convertido,,0.0,Agressivo,Niue
216768,Orgânico,2025-01-13,Não Convertido,,0.0,Moderado,Uganda
216769,Google Ads,2025-01-14,Não Convertido,,0.0,Moderado,Gibraltar
216770,Google Ads,2025-01-14,Não Convertido,,0.0,Moderado,Ukraine
216771,Orgânico,2025-01-17,Não Convertido,,0.0,Moderado,Greenland
216772,Facebook,2025-01-16,Não Convertido,,0.0,Conservador,Aruba
216773,YouTube Ads,2025-01-13,Não Convertido,,0.0,Agressivo,Malawi
216774,Google Ads,2025-01-18,Não Convertido,,0.0,Agressivo,Japan
216775,Google Ads,2025-01-13,Não Convertido,,0.0,Conservador,Guernsey
216776,Google Ads,2025-01-13,Não Convertido,,0.0,Desconhecido,Saint Martin
216777,E-mail Marketing,2025-01-16,Não Convertido,,0.0,Agressivo,Mauritania
216778,E-mail Marketing,2025-01-16,Não Convertido,,0.0,Desconhecido,Namibia
216779,E-mail Marketing,2025-01-16,Não Convertido,,0.0,Moderado,Montserrat
216780,E-mail Marketing,2025-01-14,Não Convertido,,0.0,Agressivo,Tanzania
216781,Facebook,2025-01-15,Não Convertido,,0.0,Conservador,Benin
216782,Instagram,2025-01-17,Não Convertido,,0.0,Agressivo,Gibraltar
216783,Orgânico,2025-01-15,Não Convertido,,0.0,Moderado,Niger
216784,Instagram,2025-01-13,Não Convertido,,0.0,Desconhecido,Saint Pierre and Miquelon
216785,YouTube Ads,2025-01-15,Não Convertido,,0.0,Desconhecido,Zambia
216786,YouTube Ads,2025-01-15,Não Convertido,,0.0,Conservador,South Georgia and the South Sandwich Islands
216787,Orgânico,2025-01-13,Não Convertido,,0.0,Agressivo,Slovenia
216788,Indicação,2025-01-14,Não Convertido,,0.0,Moderado,Benin
216789,YouTube Ads,2025-01-13,Não Convertido,,0.0,Moderado,Slovenia
216790,TikTok,2025-01-16,Não Convertido,,0.0,Moderado,Qatar
216791,Facebook,2025-01-13,Não Convertido,,0.0,Moderado,Jamaica
216792,TikTok,2025-01-14,Não Convertido,,0.0,Agressivo,Tunisia
216793,Orgânico,2025-01-18,Não Convertido,,0.0,Moderado,Ireland
216794,E-mail Marketing,2025-01-15,Não Convertido,,0.0,Moderado,Andorra
216795,Instagram,2025-01-18,Não Convertido,,0.0,Conservador,Samoa
216796,Google Ads,2025-01-13,Não Convertido,,0.0,Agressivo,Slovakia (Slovak Republic)
216797,Google Ads,2025-01-15,Não Convertido,,0.0,Desconhecido,Mexico
216798,Orgânico,2025-01-13,Não Convertido,,0.0,Moderado,Saint Lucia
216799,Facebook,2025-01-14,Não Convertido,,0.0,Conservador,Sierra Leone
216800,Instagram,2025-01-16,Não Convertido,,0.0,Conservador,Senegal
216801,Indicação,2025-01-18,Não Convertido,,0.0,Moderado,Mali
216802,Facebook,2025-01-15,Não Convertido,,0.0,Moderado,Slovenia
216803,Facebook,2025-01-18,Não Convertido,,0.0,Moderado,Puerto Rico
216804,Facebook,2025-01-17,Não Convertido,,0.0,Moderado,Cote d'Ivoire
216805,Facebook,2025-01-15,Não Convertido,,0.0,Moderado,Mayotte
216806,Orgânico,2025-01-16,Não Convertido,,0.0,Agressivo,Mongolia
216807,WhatsApp,2025-01-13,Não Convertido,,0.0,Moderado,Fiji
216808,Indicação,2025-01-18,Não Convertido,,0.0,Moderado,Niue
216809,TikTok,2025-01-17,Não Convertido,,0.0,Moderado,Saint Helena
216810,Instagram,2025-01-17,Não Convertido,,0.0,Moderado,Namibia
216811,Facebook,2025-01-16,Não Convertido,,0.0,Moderado,Indonesia
216812,Orgânico,2025-01-14,Não Convertido,,0.0,Desconhecido,Gibraltar
216813,E-mail Marketing,2025-01-13,Não Convertido,,0.0,Agressivo,Cuba
216814,Facebook,2025-01-18,Não Convertido,,0.0,Moderado,Cote d'Ivoire
216815,Orgânico,2025-01-17,Não Convertido,,0.0,Moderado,Chad
216816,Instagram,2025-01-18,Não Convertido,,0.0,Conservador,Montenegro
216817,E-mail Marketing,2025-01-18,Não Convertido,,0.0,Moderado,British Indian Ocean Territory (Chagos Archipelago)
216818,Google Ads,2025-01-15,Não Convertido,,0.0,Moderado,Bhutan
216819,YouTube Ads,2025-01-14,Não Convertido,,0.0,Conservador,Zimbabwe
216820,Instagram,2025-01-18,Não Convertido,,0.0,Moderado,Antarctica (the territory South of 60 deg S)
216821,Facebook,2025-01-17,Não Convertido,,0.0,Agressivo,Central African Republic
216822,Facebook,2025-01-16,Não Convertido,,0.0,Moderado,Brunei Darussalam
216823,TikTok,2025-01-13,Não Convertido,,0.0,Moderado,Qatar
216824,E-mail Marketing,2025-01-17,Não Convertido,,0.0,Agressivo,Kyrgyz Republic
216825,Instagram,2025-01-16,Não Convertido,,0.0,Agressivo,Thailand
216826,Google Ads,2025-01-18,Não Convertido,,0.0,Moderado,Myanmar
216827,Orgânico,2025-01-13,Não Convertido,,0.0,Moderado,Mauritania
216828,Google Ads,2025-01-14,Não Convertido,,0.0,Conservador,Gambia
216829,Orgânico,2025-01-15,Não Convertido,,0.0,Conservador,Cuba
216830,WhatsApp,2025-01-18,Não Convertido,,0.0,Moderado,Kyrgyz Republic
216831,Orgânico,2025-01-14,Não Convertido,,0.0,Desconhecido,Azerbaijan
216832,Orgânico,2025-01-16,Não Convertido,,0.0,Moderado,Kuwait
216833,Orgânico,2025-01-13,Não Convertido,,0.0,Agressivo,Lebanon
216834,WhatsApp,2025-01-17,Não Convertido,,0.0,Conservador,United States Minor Outlying Islands
216835,TikTok,2025-01-17,Não Convertido,,0.0,Moderado,Belgium
216836,TikTok,2025-01-14,Não Convertido,,0.0,Conservador,Solomon Islands
216837,E-mail Marketing,2025-01-18,Não Convertido,,0.0,Moderado,Gibraltar
216838,YouTube Ads,2025-01-18,Não Convertido,,0.0,Agressivo,Belgium
216839,Orgânico,2025-01-17,Não Convertido,,0.0,Conservador,Denmark
216840,Orgânico,2025-01-13,Não Convertido,,0.0,Agressivo,Cyprus
216841,Facebook,2025-01-18,Não Convertido,,0.0,Moderado,Jordan
216842,E-mail Marketing,2025-01-17,Não Convertido,,0.0,Desconhecido,Japan
216843,E-mail Marketing,2025-01-18,Não Convertido,,0.0,Conservador,Monaco
216844,Facebook,2025-01-18,Não Convertido,,0.0,Conservador,United States of America
216845,YouTube Ads,2025-01-13,Não Convertido,,0.0,Agressivo,Saint Helena
216846,Instagram,2025-01-15,Não Convertido,,0.0,Moderado,Isle of Man
216847,Orgânico,2025-01-16,Não Convertido,,0.0,Conservador,Guinea
216848,YouTube Ads,2025-01-18,Não Convertido,,0.0,Conservador,Angola
216849,Orgânico,2025-01-18,Não Convertido,,0.0,Desconhecido,Denmark
216850,Google Ads,2025-01-14,Não Convertido,,0.0,Moderado,Gibraltar
216851,WhatsApp,2025-01-18,Não Convertido,,0.0,Agressivo,Hong Kong
216852,Google Ads,2025-01-18,Não Convertido,,0.0,Agressivo,French Southern Territories
216853,Instagram,2025-01-14,Não Convertido,,0.0,Moderado,Somalia
216854,Google Ads,2025-01-16,Não Convertido,,0.0,Moderado,Australia
216855,WhatsApp,2025-01-16,Não Convertido,,0.0,Agressivo,Liechtenstein
216856,Facebook,2025-01-14,Não Convertido,,0.0,Agressivo,El Salvador
216857,Google Ads,2025-01-15,Não Convertido,,0.0,Moderado,Gambia
216858,Facebook,2025-01-14,Não Convertido,,0.0,Moderado,Lebanon
216859,Orgânico,2025-01-17,Não Convertido,,0.0,Agressivo,Saint Vincent and the Grenadines
216860,E-mail Marketing,2025-01-15,Não Convertido,,0.0,Agressivo,Turkey
216861,Google Ads,2025-01-14,Não Convertido,,0.0,Conservador,Cyprus
216862,E-mail Marketing,2025-01-13,Não Convertido,,0.0,Moderado,Kyrgyz Republic
216863,E-mail Marketing,2025-01-15,Não Convertido,,0.0,Moderado,British Virgin Islands
216864,TikTok,2025-01-15,Não Convertido,,0.0,Desconhecido,Slovakia (Slovak Republic)
216865,Google Ads,2025-01-15,Não Convertido,,0.0,Conservador,Indonesia
216866,Instagram,2025-01-13,Não Convertido,,0.0,Moderado,Holy See (Vatican City State)
216867,Facebook,2025-01-18,Não Convertido,,0.0,Conservador,Bangladesh
216868,Orgânico,2025-01-17,Não Convertido,,0.0,Desconhecido,New Zealand
216869,E-mail Marketing,2025-01-16,Não Convertido,,0.0,Moderado,United States Minor Outlying Islands
216870,E-mail Marketing,2025-01-16,Não Convertido,,0.0,Moderado,United Arab Emirates
216871,E-mail Marketing,2025-01-13,Não Convertido,,0.0,Moderado,Cook Islands
216872,Facebook,2025-01-17,Não Convertido,,0.0,Moderado,Niger
216873,Google Ads,2025-01-13,Não Convertido,,0.0,Moderado,Sweden
216874,Instagram,2025-01-14,Não Convertido,,0.0,Moderado,Sweden
216875,Google Ads,2025-01-17,Não Convertido,,0.0,Moderado,Barbados
216876,Orgânico,2025-01-17,Não Convertido,,0.0,Moderado,Guernsey
216877,Orgânico,2025-01-14,Não Convertido,,0.0,Moderado,Vietnam
216878,WhatsApp,2025-01-15,Não Convertido,,0.0,Agressivo,Ireland
216879,Instagram,2025-01-14,Não Convertido,,0.0,Moderado,Cape Verde
216880,Facebook,2025-01-16,Não Convertido,,0.0,Desconhecido,Russian Federation
216881,WhatsApp,2025-01-13,Não Convertido,,0.0,Agressivo,Norway
216882,Facebook,2025-01-18,Não Convertido,,0.0,Agressivo,Macao
216883,Instagram,2025-01-16,Não Convertido,,0.0,Moderado,Mauritius
216884,Orgânico,2025-01-15,Não Convertido,,0.0,Moderado,Malta
216885,E-mail Marketing,2025-01-18,Não Convertido,,0.0,Moderado,Cyprus
216886,Orgânico,2025-01-15,Não Convertido,,0.0,Desconhecido,Madagascar
216887,TikTok,2025-01-14,Não Convertido,,0.0,Moderado,Yemen
216888,WhatsApp,2025-01-17,Não Convertido,,0.0,Agressivo,Qatar
216889,WhatsApp,2025-01-14,Não Convertido,,0.0,Moderado,Croatia
216890,TikTok,2025-01-13,Não Convertido,,0.0,Moderado,Guatemala
216891,WhatsApp,2025-01-16,Não Convertido,,0.0,Conservador,Syrian Arab Republic
216892,Orgânico,2025-01-14,Não Convertido,,0.0,Agressivo,Cyprus
216893,Orgânico,2025-01-14,Não Convertido,,0.0,Moderado,Argentina
216894,Orgânico,2025-01-13,Não Convertido,,0.0,Moderado,Aruba
216895,WhatsApp,2025-01-15,Não Convertido,,0.0,Moderado,Nicaragua
216896,Google Ads,2025-01-13,Não Convertido,,0.0,Agressivo,Palau
216897,E-mail Marketing,2025-01-14,Não Convertido,,0.0,Conservador,Mozambique
216898,Orgânico,2025-01-13,Não Convertido,,0.0,Agressivo,North Macedonia
216899,Orgânico,2025-01-17,Não Convertido,,0.0,Agressivo,Swaziland
216900,TikTok,2025-01-16,Não Convertido,,0.0,Desconhecido,Indonesia
216901,TikTok,2025-01-14,Não Convertido,,0.0,Agressivo,Samoa
216902,Instagram,2025-01-17,Não Convertido,,0.0,Moderado,Marshall Islands
216903,Indicação,2025-01-16,Não Convertido,,0.0,Moderado,Suriname
216904,TikTok,2025-01-18,Não Convertido,,0.0,Moderado,Korea
216905,E-mail Marketing,2025-01-18,Não Convertido,,0.0,Desconhecido,French Guiana
216906,Google Ads,2025-01-15,Não Convertido,,0.0,Moderado,Guinea
216907,Indicação,2025-01-15,Não Convertido,,0.0,Agressivo,Luxembourg
216908,TikTok,2025-01-15,Não Convertido,,0.0,Desconhecido,Indonesia
216909,TikTok,2025-01-18,Não Convertido,,0.0,Conservador,South Africa
216910,Google Ads,2025-01-14,Não Convertido,,0.0,Agressivo,Guernsey
216911,YouTube Ads,2025-01-18,Não Convertido,,0.0,Moderado,South Georgia and the South Sandwich Islands
216912,TikTok,2025-01-17,Não Convertido,,0.0,Agressivo,Netherlands Antilles
216913,YouTube Ads,2025-01-14,Não Convertido,,0.0,Desconhecido,Monaco
216914,Facebook,2025-01-18,Não Convertido,,0.0,Agressivo,Namibia
216915,TikTok,2025-01-16,Não Convertido,,0.0,Moderado,Cape Verde
216916,TikTok,2025-01-14,Não Convertido,,0.0,Moderado,Guyana
216917,Instagram,2025-01-13,Não Convertido,,0.0,Conservador,Comoros
216918,YouTube Ads,2025-01-18,Não Convertido,,0.0,Desconhecido,Eritrea
216919,WhatsApp,2025-01-17,Não Convertido,,0.0,Moderado,Togo
216920,TikTok,2025-01-14,Não Convertido,,0.0,Conservador,Algeria
216921,WhatsApp,2025-01-18,Não Convertido,,0.0,Agressivo,Saint Barthelemy
216922,Google Ads,2025-01-15,Não Convertido,,0.0,Desconhecido,Belarus
216923,YouTube Ads,2025-01-14,Não Convertido,,0.0,Moderado,Samoa
216924,Instagram,2025-01-15,Não Convertido,,0.0,Desconhecido,United States Minor Outlying Islands
216925,TikTok,2025-01-14,Não Convertido,,0.0,Moderado,Ethiopia
216926,Instagram,2025-01-13,Não Convertido,,0.0,Moderado,Nauru
216927,Indicação,2025-01-18,Não Convertido,,0.0,Agressivo,Greenland
216928,Google Ads,2025-01-15,Não Convertido,,0.0,Moderado,Northern Mariana Islands
216929,Instagram,2025-01-17,Não Convertido,,0.0,Conservador,Hungary
216930,TikTok,2025-01-13,Não Convertido,,0.0,Moderado,Burkina Faso
216931,Indicação,2025-01-13,Não Convertido,,0.0,Moderado,Philippines
216932,Orgânico,2025-01-14,Não Convertido,,0.0,Moderado,Western Sahara
216933,Google Ads,2025-01-14,Não Convertido,,0.0,Moderado,Malta
216934,Orgânico,2025-01-14,Não Convertido,,0.0,Conservador,Lao People's Democratic Republic
216935,Indicação,2025-01-16,Não Convertido,,0.0,Conservador,New Zealand
216936,WhatsApp,2025-01-15,Não Convertido,,0.0,Agressivo,Paraguay
216937,Orgânico,2025-01-15,Não Convertido,,0.0,Moderado,Madagascar
216938,WhatsApp,2025-01-16,Não Convertido,,0.0,Agressivo,Korea
216939,Orgânico,2025-01-16,Não Convertido,,0.0,Moderado,French Polynesia
216940,Instagram,2025-01-18,Não Convertido,,0.0,Conservador,Marshall Islands
216941,WhatsApp,2025-01-18,Não Convertido,,0.0,Agressivo,Philippines
216942,Orgânico,2025-01-13,Não Convertido,,0.0,Desconhecido,Namibia
216943,WhatsApp,2025-01-17,Não Convertido,,0.0,Moderado,Andorra
216944,Orgânico,2025-01-16,Não Convertido,,0.0,Moderado,Costa Rica
216945,E-mail Marketing,2025-01-18,Não Convertido,,0.0,Moderado,Kiribati
216946,Orgânico,2025-01-16,Convertido,21.0,713.24,Conservador,Ethiopia
216947,Orgânico,2025-01-16,Não Convertido,,0.0,Conservador,Malawi
216948,Instagram,2025-01-14,Não Convertido,,0.0,Conservador,Faroe Islands
216949,Orgânico,2025-01-14,Não Convertido,,0.0,Desconhecido,Rwanda
216950,Indicação,2025-01-15,Não Convertido,,0.0,Moderado,Suriname
216951,Instagram,2025-01-18,Não Convertido,,0.0,Agressivo,Guyana
216952,YouTube Ads,2025-01-16,Não Convertido,,0.0,Moderado,Korea
216953,Orgânico,2025-01-16,Não Convertido,,0.0,Moderado,Trinidad and Tobago
216954,TikTok,2025-01-17,Não Convertido,,0.0,Conservador,Chad
216955,WhatsApp,2025-01-15,Não Convertido,,0.0,Agressivo,Norway
216956,Google Ads,2025-01-18,Não Convertido,,0.0,Conservador,Vietnam
216957,TikTok,2025-01-16,Não Convertido,,0.0,Conservador,Cape Verde
216958,E-mail Marketing,2025-01-15,Não Convertido,,0.0,Moderado,Eritrea
216959,Orgânico,2025-01-13,Não Convertido,,0.0,Moderado,Slovakia (Slovak Republic)
216960,TikTok,2025-01-15,Não Convertido,,0.0,Agressivo,Greece
216961,YouTube Ads,2025-01-15,Não Convertido,,0.0,Conservador,Belgium
216962,TikTok,2025-01-13,Não Convertido,,0.0,Agressivo,Palestinian Territory
216963,TikTok,2025-01-18,Não Convertido,,0.0,Desconhecido,Papua New Guinea
216964,Orgânico,2025-01-16,Não Convertido,,0.0,Desconhecido,Dominican Republic
216965,TikTok,2025-01-13,Não Convertido,,0.0,Agressivo,Libyan Arab Jamahiriya
216966,TikTok,2025-01-13,Convertido,29.0,6082.98,Agressivo,Kuwait
216967,WhatsApp,2025-01-17,Convertido,28.0,4767.52,Agressivo,India
216968,Facebook,2025-01-18,Não Convertido,,0.0,Agressivo,Paraguay
216969,YouTube Ads,2025-01-13,Não Convertido,,0.0,Moderado,Grenada
216970,Google Ads,2025-01-15,Não Convertido,,0.0,Agressivo,Brunei Darussalam
216971,Facebook,2025-01-17,Não Convertido,,0.0,Agressivo,Kazakhstan
216972,E-mail Marketing,2025-01-13,Não Convertido,,0.0,Moderado,Mongolia
216973,Facebook,2025-01-13,Não Convertido,,0.0,Moderado,Mongolia
216974,Instagram,2025-01-14,Não Convertido,,0.0,Moderado,Colombia
216975,Instagram,2025-01-15,Não Convertido,,0.0,Moderado,Sao Tome and Principe
216976,WhatsApp,2025-01-18,Não Convertido,,0.0,Agressivo,Saint Vincent and the Grenadines
216977,WhatsApp,2025-01-15,Não Convertido,,0.0,Moderado,Seychelles
216978,Orgânico,2025-01-18,Não Convertido,,0.0,Agressivo,Belarus
216979,E-mail Marketing,2025-01-16,Não Convertido,,0.0,Agressivo,Timor-Leste
216980,TikTok,2025-01-13,Não Convertido,,0.0,Moderado,Niger
216981,E-mail Marketing,2025-01-18,Não Convertido,,0.0,Moderado,Greece
216982,YouTube Ads,2025-01-18,Não Convertido,,0.0,Agressivo,Liberia
216983,Indicação,2025-01-18,Não Convertido,,0.0,Moderado,Bosnia and Herzegovina
216984,Orgânico,2025-01-16,Não Convertido,,0.0,Agressivo,Slovenia
216985,YouTube Ads,2025-01-13,Não Convertido,,0.0,Conservador,Faroe Islands
216986,Facebook,2025-01-14,Não Convertido,,0.0,Moderado,Spain
216987,WhatsApp,2025-01-15,Não Convertido,,0.0,Desconhecido,Serbia
216988,Facebook,2025-01-15,Não Convertido,,0.0,Desconhecido,Togo
216989,WhatsApp,2025-01-15,Não Convertido,,0.0,Conservador,China
216990,TikTok,2025-01-17,Não Convertido,,0.0,Moderado,San Marino
216991,Orgânico,2025-01-13,Não Convertido,,0.0,Moderado,Paraguay
216992,YouTube Ads,2025-01-18,Não Convertido,,0.0,Moderado,Nicaragua
216993,Orgânico,2025-01-18,Não Convertido,,0.0,Moderado,Western Sahara
216994,YouTube Ads,2025-01-13,Não Convertido,,0.0,Conservador,Mauritania
216995,Facebook,2025-01-18,Não Convertido,,0.0,Moderado,Cote d'Ivoire
216996,TikTok,2025-01-15,Não Convertido,,0.0,Agressivo,Saudi Arabia
216997,Facebook,2025-01-13,Não Convertido,,0.0,Moderado,Antigua and Barbuda
216998,Instagram,2025-01-15,Não Convertido,,0.0,Agressivo,Hungary
216999,Facebook,2025-01-14,Não Convertido,,0.0,Moderado,Mongolia
217000,Instagram,2025-01-14,Não Convertido,,0.0,Desconhecido,Qatar
217001,Facebook,2025-01-16,Não Convertido,,0.0,Moderado,Iran
217002,Instagram,2025-01-15,Não Convertido,,0.0,Desconhecido,Mali
217003,Facebook,2025-01-13,Não Convertido,,0.0,Agressivo,Myanmar
217004,Facebook,2025-01-17,Não Convertido,,0.0,Conservador,Hungary
217005,TikTok,2025-01-13,Não Convertido,,0.0,Moderado,Marshall Islands
217006,YouTube Ads,2025-01-14,Não Convertido,,0.0,Moderado,Sweden
217007,YouTube Ads,2025-01-17,Não Convertido,,0.0,Moderado,American Samoa
217008,Orgânico,2025-01-14,Não Convertido,,0.0,Agressivo,Burkina Faso
217009,TikTok,2025-01-14,Não Convertido,,0.0,Agressivo,French Polynesia
217010,Facebook,2025-01-13,Não Convertido,,0.0,Moderado,Western Sahara
217011,Orgânico,2025-01-15,Não Convertido,,0.0,Moderado,Ireland
217012,Orgânico,2025-01-16,Não Convertido,,0.0,Agressivo,Jersey
217013,Facebook,2025-01-15,Não Convertido,,0.0,Agressivo,Madagascar
217014,Instagram,2025-01-15,Não Convertido,,0.0,Moderado,Canada
217015,Facebook,2025-01-16,Não Convertido,,0.0,Agressivo,Thailand
217016,TikTok,2025-01-14,Não Convertido,,0.0,Agressivo,Latvia
217017,Google Ads,2025-01-18,Não Convertido,,0.0,Moderado,Norway
217018,TikTok,2025-01-15,Convertido,1.0,4793.37,Moderado,Qatar
217019,Orgânico,2025-01-17,Não Convertido,,0.0,Agressivo,Jersey
217020,Google Ads,2025-01-18,Não Convertido,,0.0,Moderado,Palestinian Territory
217021,YouTube Ads,2025-01-18,Não Convertido,,0.0,Moderado,Mauritania
217022,Indicação,2025-01-17,Não Convertido,,0.0,Moderado,Cambodia
217023,Facebook,2025-01-16,Não Convertido,,0.0,Conservador,Portugal
217024,E-mail Marketing,2025-01-13,Não Convertido,,0.0,Moderado,Bouvet Island (Bouvetoya)
217025,Orgânico,2025-01-14,Não Convertido,,0.0,Agressivo,Saint Lucia
217026,Orgânico,2025-01-13,Não Convertido,,0.0,Moderado,Peru
217027,Instagram,2025-01-16,Não Convertido,,0.0,Agressivo,Burundi
217028,TikTok,2025-01-13,Convertido,17.0,8564.79,Agressivo,French Southern Territories
217029,TikTok,2025-01-15,Convertido,21.0,8527.0,Conservador,Panama
217030,YouTube Ads,2025-01-13,Não Convertido,,0.0,Moderado,Turkey
217031,TikTok,2025-01-16,Não Convertido,,0.0,Agressivo,Guadeloupe
217032,Orgânico,2025-01-14,Não Convertido,,0.0,Agressivo,United Arab Emirates
217033,E-mail Marketing,2025-01-18,Não Convertido,,0.0,Conservador,Belgium
217034,Orgânico,2025-01-18,Não Convertido,,0.0,Conservador,Liechtenstein
217035,Orgânico,2025-01-13,Não Convertido,,0.0,Desconhecido,Vietnam
217036,Facebook,2025-01-14,Não Convertido,,0.0,Conservador,Pitcairn Islands
217037,Google Ads,2025-01-16,Não Convertido,,0.0,Moderado,Macao
217038,E-mail Marketing,2025-01-17,Não Convertido,,0.0,Moderado,Belize
217039,WhatsApp,2025-01-18,Não Convertido,,0.0,Agressivo,United States Minor Outlying Islands
217040,Orgânico,2025-01-14,Não Convertido,,0.0,Moderado,Antigua and Barbuda
217041,YouTube Ads,2025-01-16,Não Convertido,,0.0,Conservador,Azerbaijan
217042,E-mail Marketing,2025-01-13,Não Convertido,,0.0,Agressivo,Estonia
217043,YouTube Ads,2025-01-18,Não Convertido,,0.0,Agressivo,Djibouti
217044,TikTok,2025-01-18,Não Convertido,,0.0,Moderado,Saint Helena
217045,Instagram,2025-01-15,Não Convertido,,0.0,Moderado,New Zealand
217046,Orgânico,2025-01-13,Não Convertido,,0.0,Agressivo,Bhutan
217047,TikTok,2025-01-15,Não Convertido,,0.0,Moderado,Nauru
217048,Orgânico,2025-01-16,Não Convertido,,0.0,Moderado,Morocco
217049,E-mail Marketing,2025-01-17,Não Convertido,,0.0,Desconhecido,Saint Kitts and Nevis
217050,Orgânico,2025-01-14,Não Convertido,,0.0,Moderado,Barbados
217051,WhatsApp,2025-01-13,Convertido,6.0,8461.8,Agressivo,Belarus
217052,YouTube Ads,2025-01-17,Não Convertido,,0.0,Moderado,Kuwait
217053,WhatsApp,2025-01-17,Não Convertido,,0.0,Moderado,Svalbard & Jan Mayen Islands
217054,Facebook,2025-01-15,Não Convertido,,0.0,Conservador,Swaziland
217055,TikTok,2025-01-17,Não Convertido,,0.0,Moderado,Poland
217056,Google Ads,2025-01-16,Não Convertido,,0.0,Moderado,Afghanistan
217057,Instagram,2025-01-16,Convertido,5.0,8050.06,Agressivo,El Salvador
217058,Orgânico,2025-01-17,Não Convertido,,0.0,Conservador,British Virgin Islands
217059,TikTok,2025-01-16,Não Convertido,,0.0,Conservador,New Zealand
217060,WhatsApp,2025-01-13,Não Convertido,,0.0,Agressivo,Saudi Arabia
217061,Orgânico,2025-01-17,Não Convertido,,0.0,Conservador,Bosnia and Herzegovina
217062,Orgânico,2025-01-18,Não Convertido,,0.0,Desconhecido,Senegal
217063,Instagram,2025-01-17,Não Convertido,,0.0,Moderado,Libyan Arab Jamahiriya
217064,YouTube Ads,2025-01-15,Não Convertido,,0.0,Conservador,Morocco
217065,E-mail Marketing,2025-01-16,Não Convertido,,0.0,Moderado,Comoros
217066,Orgânico,2025-01-18,Não Convertido,,0.0,Moderado,Lao People's Democratic Republic
217067,Facebook,2025-01-13,Não Convertido,,0.0,Conservador,Hungary
217068,E-mail Marketing,2025-01-13,Não Convertido,,0.0,Moderado,Nigeria
217069,Google Ads,2025-01-18,Não Convertido,,0.0,Conservador,British Indian Ocean Territory (Chagos Archipelago)
217070,Indicação,2025-01-14,Não Convertido,,0.0,Moderado,Uganda
217071,Indicação,2025-01-18,Não Convertido,,0.0,Conservador,Japan
217072,Google Ads,2025-01-15,Não Convertido,,0.0,Moderado,Azerbaijan
217073,TikTok,2025-01-18,Não Convertido,,0.0,Conservador,Albania
217074,Orgânico,2025-01-13,Não Convertido,,0.0,Moderado,Norway
217075,E-mail Marketing,2025-01-18,Não Convertido,,0.0,Moderado,Cuba
217076,TikTok,2025-01-13,Não Convertido,,0.0,Conservador,Mauritania
217077,Facebook,2025-01-13,Não Convertido,,0.0,Conservador,Hong Kong
217078,TikTok,2025-01-17,Não Convertido,,0.0,Moderado,Algeria
217079,Instagram,2025-01-16,Não Convertido,,0.0,Agressivo,Montenegro
217080,Google Ads,2025-01-14,Não Convertido,,0.0,Desconhecido,Australia
217081,Indicação,2025-01-18,Não Convertido,,0.0,Conservador,Greece
217082,Orgânico,2025-01-14,Não Convertido,,0.0,Agressivo,Jordan
217083,Google Ads,2025-01-13,Não Convertido,,0.0,Moderado,Mexico
217084,Instagram,2025-01-18,Não Convertido,,0.0,Moderado,Malawi
217085,Orgânico,2025-01-13,Convertido,23.0,6769.22,Agressivo,Sweden
217086,YouTube Ads,2025-01-17,Não Convertido,,0.0,Moderado,Dominican Republic
217087,TikTok,2025-01-14,Não Convertido,,0.0,Moderado,Sudan
217088,Instagram,2025-01-14,Não Convertido,,0.0,Moderado,Senegal
217089,WhatsApp,2025-01-13,Não Convertido,,0.0,Agressivo,Russian Federation
217090,Indicação,2025-01-13,Não Convertido,,0.0,Agressivo,Wallis and Futuna
217091,Google Ads,2025-01-18,Não Convertido,,0.0,Moderado,Niger
217092,Orgânico,2025-01-17,Não Convertido,,0.0,Conservador,Saint Vincent and the Grenadines
217093,Google Ads,2025-01-18,Não Convertido,,0.0,Agressivo,Saint Pierre and Miquelon
217094,E-mail Marketing,2025-01-16,Não Convertido,,0.0,Conservador,Antigua and Barbuda
217095,Google Ads,2025-01-13,Não Convertido,,0.0,Agressivo,Paraguay
217096,Instagram,2025-01-13,Não Convertido,,0.0,Moderado,Nauru
217097,TikTok,2025-01-13,Não Convertido,,0.0,Conservador,Barbados
217098,Facebook,2025-01-18,Não Convertido,,0.0,Agressivo,Netherlands
217099,Facebook,2025-01-15,Não Convertido,,0.0,Moderado,Solomon Islands
217100,WhatsApp,2025-01-14,Não Convertido,,0.0,Moderado,Djibouti
217101,Instagram,2025-01-15,Não Convertido,,0.0,Agressivo,Sierra Leone
217102,E-mail Marketing,2025-01-14,Não Convertido,,0.0,Moderado,Tonga
217103,TikTok,2025-01-14,Convertido,23.0,5149.69,Moderado,Uruguay
217104,Instagram,2025-01-16,Não Convertido,,0.0,Conservador,Cambodia
217105,Orgânico,2025-01-17,Não Convertido,,0.0,Moderado,Finland
217106,Instagram,2025-01-14,Não Convertido,,0.0,Desconhecido,Lithuania
217107,WhatsApp,2025-01-15,Não Convertido,,0.0,Moderado,Nigeria
217108,Orgânico,2025-01-17,Não Convertido,,0.0,Agressivo,Austria
217109,Orgânico,2025-01-16,Não Convertido,,0.0,Moderado,Libyan Arab Jamahiriya
217110,Facebook,2025-01-16,Não Convertido,,0.0,Moderado,Papua New Guinea
217111,Google Ads,2025-01-18,Não Convertido,,0.0,Moderado,Korea
217112,Indicação,2025-01-18,Não Convertido,,0.0,Desconhecido,Burkina Faso
217113,Instagram,2025-01-17,Não Convertido,,0.0,Agressivo,Dominican Republic
217114,Instagram,2025-01-15,Não Convertido,,0.0,Moderado,Pitcairn Islands
217115,Google Ads,2025-01-13,Não Convertido,,0.0,Conservador,Eritrea
217116,TikTok,2025-01-13,Não Convertido,,0.0,Moderado,Latvia
217117,Google Ads,2025-01-16,Não Convertido,,0.0,Moderado,Bouvet Island (Bouvetoya)
217118,TikTok,2025-01-13,Não Convertido,,0.0,Moderado,Jordan
217119,TikTok,2025-01-15,Não Convertido,,0.0,Agressivo,Malta
217120,Indicação,2025-01-14,Não Convertido,,0.0,Moderado,Kazakhstan
217121,WhatsApp,2025-01-13,Não Convertido,,0.0,Agressivo,Solomon Islands
217122,Google Ads,2025-01-14,Não Convertido,,0.0,Desconhecido,French Guiana
217123,WhatsApp,2025-01-17,Não Convertido,,0.0,Conservador,Samoa
217124,Instagram,2025-01-15,Convertido,12.0,722.39,Conservador,Germany
217125,Orgânico,2025-01-13,Não Convertido,,0.0,Moderado,Faroe Islands
217126,Facebook,2025-01-14,Não Convertido,,0.0,Agressivo,Senegal
217127,Google Ads,2025-01-15,Não Convertido,,0.0,Moderado,Fiji
217128,TikTok,2025-01-18,Não Convertido,,0.0,Conservador,Uruguay
217129,Facebook,2025-01-16,Não Convertido,,0.0,Desconhecido,India
217130,TikTok,2025-01-14,Não Convertido,,0.0,Conservador,Burkina Faso
217131,Facebook,2025-01-15,Não Convertido,,0.0,Moderado,United Kingdom
217132,Facebook,2025-01-18,Não Convertido,,0.0,Moderado,Seychelles
217133,TikTok,2025-01-18,Não Convertido,,0.0,Conservador,Luxembourg
217134,Orgânico,2025-01-14,Não Convertido,,0.0,Moderado,British Virgin Islands
217135,TikTok,2025-01-18,Não Convertido,,0.0,Agressivo,Namibia
217136,TikTok,2025-01-18,Não Convertido,,0.0,Agressivo,India
217137,TikTok,2025-01-13,Convertido,0.0,1618.69,Agressivo,Malaysia
217138,Instagram,2025-01-14,Não Convertido,,0.0,Conservador,Benin
217139,TikTok,2025-01-17,Não Convertido,,0.0,Desconhecido,Poland
217140,Indicação,2025-01-13,Não Convertido,,0.0,Moderado,Lebanon
217141,Facebook,2025-01-15,Não Convertido,,0.0,Conservador,Faroe Islands
217142,TikTok,2025-01-18,Não Convertido,,0.0,Agressivo,Grenada
217143,WhatsApp,2025-01-18,Convertido,27.0,930.89,Moderado,Algeria
217144,Instagram,2025-01-14,Não Convertido,,0.0,Agressivo,Reunion
217145,WhatsApp,2025-01-15,Não Convertido,,0.0,Moderado,Faroe Islands
217146,Instagram,2025-01-16,Não Convertido,,0.0,Conservador,Mauritius
217147,Facebook,2025-01-13,Não Convertido,,0.0,Moderado,Wallis and Futuna
217148,WhatsApp,2025-01-14,Não Convertido,,0.0,Moderado,Brunei Darussalam
217149,TikTok,2025-01-15,Não Convertido,,0.0,Conservador,Svalbard & Jan Mayen Islands
217150,Orgânico,2025-01-16,Não Convertido,,0.0,Conservador,Nepal
217151,E-mail Marketing,2025-01-13,Não Convertido,,0.0,Conservador,Estonia
217152,TikTok,2025-01-14,Não Convertido,,0.0,Moderado,Senegal
217153,E-mail Marketing,2025-01-14,Não Convertido,,0.0,Agressivo,Eritrea
217154,E-mail Marketing,2025-01-15,Não Convertido,,0.0,Moderado,Guatemala
217155,Instagram,2025-01-14,Convertido,19.0,8163.05,Desconhecido,Greece
217156,Google Ads,2025-01-15,Não Convertido,,0.0,Conservador,Indonesia
217157,E-mail Marketing,2025-01-15,Não Convertido,,0.0,Moderado,Mexico
217158,Instagram,2025-01-16,Não Convertido,,0.0,Conservador,Saint Pierre and Miquelon
217159,Orgânico,2025-01-14,Convertido,4.0,4706.41,Moderado,Bolivia
217160,TikTok,2025-01-17,Não Convertido,,0.0,Conservador,Hungary
217161,Facebook,2025-01-15,Não Convertido,,0.0,Moderado,Libyan Arab Jamahiriya
217162,Facebook,2025-01-15,Não Convertido,,0.0,Moderado,Ireland
217163,Orgânico,2025-01-14,Não Convertido,,0.0,Moderado,Falkland Islands (Malvinas)
217164,TikTok,2025-01-16,Não Convertido,,0.0,Moderado,Armenia
217165,Google Ads,2025-01-13,Não Convertido,,0.0,Agressivo,El Salvador
217166,Orgânico,2025-01-18,Não Convertido,,0.0,Moderado,Uganda
217167,Indicação,2025-01-16,Não Convertido,,0.0,Moderado,Armenia
217168,Orgânico,2025-01-15,Não Convertido,,0.0,Moderado,Saint Barthelemy
217169,Indicação,2025-01-15,Não Convertido,,0.0,Conservador,Marshall Islands
217170,Orgânico,2025-01-18,Não Convertido,,0.0,Moderado,Spain
217171,Google Ads,2025-01-16,Não Convertido,,0.0,Conservador,Sudan
217172,YouTube Ads,2025-01-18,Não Convertido,,0.0,Desconhecido,Eritrea
217173,Orgânico,2025-01-14,Não Convertido,,0.0,Moderado,India
217174,Google Ads,2025-01-18,Não Convertido,,0.0,Desconhecido,Bolivia
217175,Instagram,2025-01-15,Não Convertido,,0.0,Agressivo,Paraguay
217176,Google Ads,2025-01-18,Não Convertido,,0.0,Moderado,Slovakia (Slovak Republic)
217177,YouTube Ads,2025-01-13,Não Convertido,,0.0,Conservador,Holy See (Vatican City State)
217178,E-mail Marketing,2025-01-18,Não Convertido,,0.0,Moderado,Paraguay
217179,E-mail Marketing,2025-01-18,Não Convertido,,0.0,Moderado,United States Virgin Islands
217180,WhatsApp,2025-01-13,Não Convertido,,0.0,Moderado,Saint Helena
217181,Instagram,2025-01-16,Não Convertido,,0.0,Moderado,Tokelau
217182,Instagram,2025-01-13,Não Convertido,,0.0,Agressivo,Czech Republic
217183,Google Ads,2025-01-15,Não Convertido,,0.0,Moderado,Liberia
217184,E-mail Marketing,2025-01-17,Não Convertido,,0.0,Agressivo,Maldives
217185,WhatsApp,2025-01-18,Não Convertido,,0.0,Moderado,Costa Rica
217186,E-mail Marketing,2025-01-17,Não Convertido,,0.0,Conservador,Luxembourg
217187,Instagram,2025-01-15,Não Convertido,,0.0,Agressivo,Central African Republic
217188,Indicação,2025-01-14,Não Convertido,,0.0,Desconhecido,Singapore
217189,Facebook,2025-01-18,Não Convertido,,0.0,Moderado,Montenegro
217190,Indicação,2025-01-16,Não Convertido,,0.0,Moderado,Brunei Darussalam
217191,Instagram,2025-01-13,Não Convertido,,0.0,Conservador,Japan
217192,WhatsApp,2025-01-18,Não Convertido,,0.0,Conservador,Yemen
217193,Instagram,2025-01-16,Não Convertido,,0.0,Agressivo,Jersey
217194,Google Ads,2025-01-13,Não Convertido,,0.0,Desconhecido,Burkina Faso
217195,Orgânico,2025-01-18,Não Convertido,,0.0,Conservador,Spain
217196,E-mail Marketing,2025-01-14,Não Convertido,,0.0,Moderado,Netherlands Antilles
217197,Instagram,2025-01-14,Não Convertido,,0.0,Agressivo,Estonia
217198,Orgânico,2025-01-17,Não Convertido,,0.0,Agressivo,Poland
217199,E-mail Marketing,2025-01-15,Não Convertido,,0.0,Agressivo,Djibouti
217200,WhatsApp,2025-01-14,Não Convertido,,0.0,Desconhecido,Suriname
217201,YouTube Ads,2025-01-17,Não Convertido,,0.0,Conservador,Togo
217202,YouTube Ads,2025-01-16,Não Convertido,,0.0,Agressivo,Malawi
217203,Indicação,2025-01-15,Não Convertido,,0.0,Agressivo,Cambodia
217204,Instagram,2025-01-15,Não Convertido,,0.0,Desconhecido,Jamaica
217205,Orgânico,2025-01-16,Não Convertido,,0.0,Agressivo,Luxembourg
217206,Orgânico,2025-01-17,Não Convertido,,0.0,Moderado,Cambodia
217207,YouTube Ads,2025-01-18,Não Convertido,,0.0,Agressivo,Taiwan
217208,Instagram,2025-01-17,Não Convertido,,0.0,Conservador,Aruba
217209,Facebook,2025-01-18,Não Convertido,,0.0,Conservador,Ireland
217210,Facebook,2025-01-16,Não Convertido,,0.0,Agressivo,Burundi
217211,Orgânico,2025-01-17,Não Convertido,,0.0,Conservador,Palau
217212,Orgânico,2025-01-15,Não Convertido,,0.0,Moderado,Montenegro
217213,TikTok,2025-01-13,Não Convertido,,0.0,Agressivo,Lebanon
217214,Orgânico,2025-01-18,Não Convertido,,0.0,Moderado,Guam
217215,TikTok,2025-01-17,Não Convertido,,0.0,Agressivo,Algeria
217216,Google Ads,2025-01-18,Não Convertido,,0.0,Moderado,Nigeria
217217,WhatsApp,2025-01-18,Não Convertido,,0.0,Agressivo,Gambia
217218,TikTok,2025-01-17,Convertido,12.0,9476.2,Conservador,Andorra
217219,Orgânico,2025-01-14,Não Convertido,,0.0,Moderado,Croatia
217220,Orgânico,2025-01-14,Não Convertido,,0.0,Moderado,Syrian Arab Republic
217221,Orgânico,2025-01-14,Não Convertido,,0.0,Conservador,Cayman Islands
217222,WhatsApp,2025-01-14,Convertido,18.0,4172.68,Agressivo,Iceland
217223,Google Ads,2025-01-15,Não Convertido,,0.0,Conservador,Guatemala
217224,Instagram,2025-01-15,Não Convertido,,0.0,Agressivo,Iran
217225,Orgânico,2025-01-13,Não Convertido,,0.0,Moderado,Botswana
217226,E-mail Marketing,2025-01-15,Não Convertido,,0.0,Moderado,Senegal
217227,Instagram,2025-01-17,Não Convertido,,0.0,Moderado,Canada
217228,Indicação,2025-01-15,Não Convertido,,0.0,Moderado,Korea
217229,Instagram,2025-01-17,Não Convertido,,0.0,Desconhecido,Tonga
217230,E-mail Marketing,2025-01-13,Não Convertido,,0.0,Moderado,Cayman Islands
217231,TikTok,2025-01-17,Não Convertido,,0.0,Agressivo,Fiji
217232,Orgânico,2025-01-15,Não Convertido,,0.0,Agressivo,Yemen
217233,Instagram,2025-01-16,Não Convertido,,0.0,Moderado,Azerbaijan
217234,Instagram,2025-01-15,Convertido,1.0,422.68,Agressivo,Saint Martin
217235,Google Ads,2025-01-15,Não Convertido,,0.0,Moderado,Iran
217236,E-mail Marketing,2025-01-16,Não Convertido,,0.0,Moderado,Brunei Darussalam
217237,E-mail Marketing,2025-01-14,Não Convertido,,0.0,Agressivo,Belize
217238,Google Ads,2025-01-16,Não Convertido,,0.0,Moderado,Iran
217239,TikTok,2025-01-17,Não Convertido,,0.0,Conservador,Mozambique
217240,Facebook,2025-01-17,Não Convertido,,0.0,Moderado,United States Virgin Islands
217241,E-mail Marketing,2025-01-17,Não Convertido,,0.0,Moderado,Iraq
217242,TikTok,2025-01-18,Não Convertido,,0.0,Agressivo,Denmark
217243,E-mail Marketing,2025-01-15,Não Convertido,,0.0,Agressivo,Sri Lanka
217244,Instagram,2025-01-14,Não Convertido,,0.0,Conservador,South Africa
217245,TikTok,2025-01-14,Não Convertido,,0.0,Conservador,Turks and Caicos Islands
217246,Orgânico,2025-01-15,Convertido,20.0,1725.37,Moderado,Netherlands
217247,Instagram,2025-01-13,Não Convertido,,0.0,Moderado,Costa Rica
217248,Orgânico,2025-01-13,Não Convertido,,0.0,Conservador,Algeria
217249,WhatsApp,2025-01-14,Não Convertido,,0.0,Moderado,Burundi
217250,Indicação,2025-01-13,Não Convertido,,0.0,Moderado,Uzbekistan
217251,Orgânico,2025-01-17,Não Convertido,,0.0,Moderado,Dominica
217252,WhatsApp,2025-01-16,Não Convertido,,0.0,Agressivo,Bosnia and Herzegovina
217253,Instagram,2025-01-16,Não Convertido,,0.0,Moderado,Cuba
217254,E-mail Marketing,2025-01-14,Não Convertido,,0.0,Conservador,Guernsey
217255,E-mail Marketing,2025-01-18,Não Convertido,,0.0,Moderado,Gabon
217256,Google Ads,2025-01-17,Não Convertido,,0.0,Conservador,North Macedonia
217257,TikTok,2025-01-17,Não Convertido,,0.0,Desconhecido,Anguilla
217258,Orgânico,2025-01-13,Não Convertido,,0.0,Moderado,Saint Martin
217259,WhatsApp,2025-01-16,Não Convertido,,0.0,Moderado,Saint Martin
217260,Instagram,2025-01-18,Não Convertido,,0.0,Moderado,Chile
217261,E-mail Marketing,2025-01-14,Não Convertido,,0.0,Agressivo,Libyan Arab Jamahiriya
217262,WhatsApp,2025-01-15,Não Convertido,,0.0,Agressivo,Guatemala
217263,Google Ads,2025-01-16,Não Convertido,,0.0,Moderado,Philippines
217264,Instagram,2025-01-13,Não Convertido,,0.0,Desconhecido,Saint Barthelemy
217265,Facebook,2025-01-14,Não Convertido,,0.0,Conservador,Montenegro
217266,Indicação,2025-01-14,Não Convertido,,0.0,Desconhecido,Cape Verde
217267,Orgânico,2025-01-16,Não Convertido,,0.0,Agressivo,Tunisia
217268,WhatsApp,2025-01-18,Não Convertido,,0.0,Conservador,Pitcairn Islands
217269,Instagram,2025-01-13,Não Convertido,,0.0,Moderado,Netherlands Antilles
217270,WhatsApp,2025-01-18,Convertido,12.0,9741.41,Agressivo,Malawi
217271,E-mail Marketing,2025-01-17,Não Convertido,,0.0,Conservador,Martinique
217272,WhatsApp,2025-01-15,Não Convertido,,0.0,Agressivo,Puerto Rico
217273,WhatsApp,2025-01-17,Não Convertido,,0.0,Conservador,Niger
217274,Orgânico,2025-01-18,Convertido,21.0,2877.69,Agressivo,Sweden
217275,Facebook,2025-01-17,Não Convertido,,0.0,Conservador,Malta
217276,YouTube Ads,2025-01-16,Não Convertido,,0.0,Moderado,Iraq
217277,Instagram,2025-01-17,Não Convertido,,0.0,Moderado,Jersey
217278,YouTube Ads,2025-01-14,Não Convertido,,0.0,Moderado,Puerto Rico
217279,E-mail Marketing,2025-01-17,Não Convertido,,0.0,Conservador,Cameroon
217280,Facebook,2025-01-14,Não Convertido,,0.0,Conservador,Syrian Arab Republic
217281,Instagram,2025-01-13,Não Convertido,,0.0,Moderado,Cook Islands
217282,Instagram,2025-01-14,Não Convertido,,0.0,Agressivo,Burundi
217283,Facebook,2025-01-18,Não Convertido,,0.0,Agressivo,Lesotho
217284,Instagram,2025-01-16,Não Convertido,,0.0,Moderado,Thailand
217285,Orgânico,2025-01-18,Não Convertido,,0.0,Moderado,Turkmenistan
217286,Instagram,2025-01-14,Não Convertido,,0.0,Agressivo,Madagascar
217287,Instagram,2025-01-17,Não Convertido,,0.0,Moderado,Denmark
217288,Google Ads,2025-01-14,Não Convertido,,0.0,Agressivo,Montenegro
217289,TikTok,2025-01-14,Não Convertido,,0.0,Desconhecido,Romania
217290,YouTube Ads,2025-01-17,Não Convertido,,0.0,Desconhecido,United States of America
217291,Orgânico,2025-01-15,Não Convertido,,0.0,Moderado,Fiji
217292,TikTok,2025-01-18,Não Convertido,,0.0,Moderado,Dominican Republic
217293,Facebook,2025-01-18,Não Convertido,,0.0,Moderado,Tonga
217294,YouTube Ads,2025-01-16,Não Convertido,,0.0,Conservador,Falkland Islands (Malvinas)
217295,E-mail Marketing,2025-01-15,Não Convertido,,0.0,Moderado,Liberia
217296,Google Ads,2025-01-16,Não Convertido,,0.0,Conservador,Cape Verde
217297,TikTok,2025-01-14,Convertido,6.0,3328.01,Desconhecido,India
217298,Orgânico,2025-01-14,Não Convertido,,0.0,Moderado,Niger
217299,YouTube Ads,2025-01-14,Não Convertido,,0.0,Moderado,Lebanon
217300,Indicação,2025-01-18,Não Convertido,,0.0,Moderado,French Guiana
217301,TikTok,2025-01-13,Não Convertido,,0.0,Moderado,Saint Vincent and the Grenadines
217302,Orgânico,2025-01-15,Não Convertido,,0.0,Moderado,Guadeloupe
217303,WhatsApp,2025-01-15,Não Convertido,,0.0,Agressivo,Samoa
217304,Orgânico,2025-01-17,Não Convertido,,0.0,Conservador,Northern Mariana Islands
217305,Orgânico,2025-01-18,Não Convertido,,0.0,Moderado,Korea
217306,TikTok,2025-01-15,Não Convertido,,0.0,Moderado,Cyprus
217307,Google Ads,2025-01-16,Não Convertido,,0.0,Moderado,Greece
217308,WhatsApp,2025-01-18,Não Convertido,,0.0,Desconhecido,Cote d'Ivoire
217309,Indicação,2025-01-14,Não Convertido,,0.0,Moderado,Malta
217310,Instagram,2025-01-15,Não Convertido,,0.0,Moderado,Niger
217311,TikTok,2025-01-16,Não Convertido,,0.0,Conservador,Montenegro
217312,Instagram,2025-01-15,Não Convertido,,0.0,Agressivo,Greenland
217313,Google Ads,2025-01-13,Não Convertido,,0.0,Moderado,Germany
217314,WhatsApp,2025-01-17,Convertido,10.0,3367.28,Moderado,Nigeria
217315,Instagram,2025-01-16,Não Convertido,,0.0,Moderado,Kiribati
217316,Orgânico,2025-01-18,Não Convertido,,0.0,Agressivo,Puerto Rico
217317,Google Ads,2025-01-14,Convertido,17.0,5424.82,Moderado,Sierra Leone
217318,E-mail Marketing,2025-01-16,Não Convertido,,0.0,Moderado,Antarctica (the territory South of 60 deg S)
217319,WhatsApp,2025-01-16,Convertido,15.0,6299.62,Agressivo,Iceland
217320,Orgânico,2025-01-13,Não Convertido,,0.0,Moderado,Tajikistan
217321,Instagram,2025-01-15,Não Convertido,,0.0,Agressivo,Philippines
217322,WhatsApp,2025-01-14,Não Convertido,,0.0,Moderado,Equatorial Guinea
217323,Instagram,2025-01-14,Não Convertido,,0.0,Agressivo,Cocos (Keeling) Islands
217324,E-mail Marketing,2025-01-14,Não Convertido,,0.0,Conservador,Burkina Faso
217325,WhatsApp,2025-01-17,Não Convertido,,0.0,Conservador,Anguilla
217326,YouTube Ads,2025-01-17,Não Convertido,,0.0,Desconhecido,Timor-Leste
217327,Facebook,2025-01-14,Não Convertido,,0.0,Moderado,Angola
217328,Orgânico,2025-01-14,Não Convertido,,0.0,Conservador,Faroe Islands
217329,Facebook,2025-01-18,Não Convertido,,0.0,Agressivo,Brunei Darussalam
217330,Instagram,2025-01-13,Não Convertido,,0.0,Agressivo,Cocos (Keeling) Islands
217331,TikTok,2025-01-17,Não Convertido,,0.0,Agressivo,Vietnam
217332,Google Ads,2025-01-13,Convertido,19.0,1427.5,Agressivo,Tuvalu
217333,Google Ads,2025-01-13,Não Convertido,,0.0,Agressivo,Tajikistan
217334,Facebook,2025-01-16,Não Convertido,,0.0,Moderado,Grenada
217335,WhatsApp,2025-01-17,Não Convertido,,0.0,Agressivo,Swaziland
217336,YouTube Ads,2025-01-13,Não Convertido,,0.0,Agressivo,Falkland Islands (Malvinas)
217337,Orgânico,2025-01-13,Não Convertido,,0.0,Agressivo,Martinique
217338,TikTok,2025-01-17,Não Convertido,,0.0,Moderado,Poland
217339,Orgânico,2025-01-17,Não Convertido,,0.0,Conservador,Guam
217340,TikTok,2025-01-18,Não Convertido,,0.0,Moderado,Suriname
217341,Google Ads,2025-01-17,Não Convertido,,0.0,Agressivo,Israel
217342,E-mail Marketing,2025-01-15,Não Convertido,,0.0,Moderado,Mexico
217343,Orgânico,2025-01-13,Não Convertido,,0.0,Conservador,Chile
217344,YouTube Ads,2025-01-16,Não Convertido,,0.0,Agressivo,Burkina Faso
217345,Instagram,2025-01-16,Não Convertido,,0.0,Moderado,Cuba
217346,E-mail Marketing,2025-01-18,Não Convertido,,0.0,Agressivo,Central African Republic
217347,WhatsApp,2025-01-13,Não Convertido,,0.0,Moderado,Armenia
217348,Google Ads,2025-01-16,Não Convertido,,0.0,Moderado,Bouvet Island (Bouvetoya)
217349,WhatsApp,2025-01-15,Não Convertido,,0.0,Agressivo,Faroe Islands
217350,Orgânico,2025-01-13,Não Convertido,,0.0,Moderado,France
217351,Orgânico,2025-01-15,Convertido,1.0,7070.44,Agressivo,Holy See (Vatican City State)
217352,Orgânico,2025-01-13,Não Convertido,,0.0,Agressivo,Solomon Islands
217353,Facebook,2025-01-16,Não Convertido,,0.0,Moderado,United Arab Emirates
217354,Google Ads,2025-01-18,Não Convertido,,0.0,Moderado,Barbados
217355,WhatsApp,2025-01-14,Convertido,23.0,2046.76,Moderado,French Southern Territories
217356,Facebook,2025-01-15,Não Convertido,,0.0,Agressivo,Cyprus
217357,TikTok,2025-01-18,Não Convertido,,0.0,Conservador,Cambodia
217358,Indicação,2025-01-15,Não Convertido,,0.0,Moderado,Suriname
217359,Instagram,2025-01-14,Convertido,16.0,8470.77,Moderado,Bermuda
217360,Orgânico,2025-01-18,Não Convertido,,0.0,Conservador,Liberia
217361,TikTok,2025-01-15,Não Convertido,,0.0,Moderado,Saint Helena
217362,Instagram,2025-01-18,Não Convertido,,0.0,Moderado,Paraguay
217363,Instagram,2025-01-15,Não Convertido,,0.0,Moderado,Romania
217364,Facebook,2025-01-14,Não Convertido,,0.0,Moderado,Morocco
217365,Google Ads,2025-01-18,Não Convertido,,0.0,Moderado,New Caledonia
217366,Facebook,2025-01-18,Não Convertido,,0.0,Agressivo,Liechtenstein
217367,Instagram,2025-01-16,Não Convertido,,0.0,Agressivo,Nauru
217368,Facebook,2025-01-13,Não Convertido,,0.0,Conservador,United States Minor Outlying Islands
217369,YouTube Ads,2025-01-15,Não Convertido,,0.0,Conservador,Russian Federation
217370,Facebook,2025-01-14,Não Convertido,,0.0,Moderado,South Georgia and the South Sandwich Islands
217371,E-mail Marketing,2025-01-17,Não Convertido,,0.0,Moderado,Madagascar
217372,E-mail Marketing,2025-01-14,Não Convertido,,0.0,Moderado,Niue
217373,TikTok,2025-01-14,Não Convertido,,0.0,Desconhecido,Norfolk Island
217374,Indicação,2025-01-15,Não Convertido,,0.0,Conservador,Bosnia and Herzegovina
217375,Google Ads,2025-01-14,Não Convertido,,0.0,Conservador,Colombia
217376,Orgânico,2025-01-14,Não Convertido,,0.0,Desconhecido,Antarctica (the territory South of 60 deg S)
217377,Orgânico,2025-01-16,Não Convertido,,0.0,Conservador,Germany
217378,Orgânico,2025-01-15,Não Convertido,,0.0,Agressivo,Algeria
217379,Instagram,2025-01-13,Não Convertido,,0.0,Moderado,Luxembourg
217380,Orgânico,2025-01-15,Não Convertido,,0.0,Agressivo,Niue
217381,TikTok,2025-01-16,Não Convertido,,0.0,Moderado,Trinidad and Tobago
217382,E-mail Marketing,2025-01-18,Não Convertido,,0.0,Moderado,Western Sahara
217383,Orgânico,2025-01-13,Não Convertido,,0.0,Moderado,Tuvalu
217384,Google Ads,2025-01-18,Não Convertido,,0.0,Moderado,Saint Kitts and Nevis
217385,Indicação,2025-01-18,Não Convertido,,0.0,Desconhecido,Kenya
217386,TikTok,2025-01-15,Não Convertido,,0.0,Desconhecido,Nauru
217387,WhatsApp,2025-01-17,Não Convertido,,0.0,Conservador,Turks and Caicos Islands
217388,Orgânico,2025-01-15,Não Convertido,,0.0,Agressivo,Romania
217389,Orgânico,2025-01-13,Não Convertido,,0.0,Agressivo,Cuba
217390,E-mail Marketing,2025-01-16,Não Convertido,,0.0,Desconhecido,Turks and Caicos Islands
217391,TikTok,2025-01-15,Não Convertido,,0.0,Moderado,Ethiopia
217392,TikTok,2025-01-16,Não Convertido,,0.0,Conservador,Malta
217393,Instagram,2025-01-13,Não Convertido,,0.0,Moderado,Guam
217394,Facebook,2025-01-15,Não Convertido,,0.0,Desconhecido,Slovakia (Slovak Republic)
217395,TikTok,2025-01-14,Não Convertido,,0.0,Moderado,Pitcairn Islands
217396,Facebook,2025-01-13,Não Convertido,,0.0,Agressivo,Croatia
217397,Instagram,2025-01-17,Não Convertido,,0.0,Conservador,Montenegro
217398,Orgânico,2025-01-14,Não Convertido,,0.0,Moderado,Haiti
217399,Instagram,2025-01-14,Não Convertido,,0.0,Agressivo,Sri Lanka
217400,Orgânico,2025-01-13,Convertido,12.0,719.0,Agressivo,Mongolia
217401,Orgânico,2025-01-13,Não Convertido,,0.0,Agressivo,Bosnia and Herzegovina
217402,Facebook,2025-01-17,Não Convertido,,0.0,Moderado,Portugal
217403,WhatsApp,2025-01-15,Não Convertido,,0.0,Desconhecido,Sweden
217404,Google Ads,2025-01-14,Não Convertido,,0.0,Moderado,Argentina
217405,Orgânico,2025-01-17,Não Convertido,,0.0,Moderado,Cayman Islands
217406,Orgânico,2025-01-15,Não Convertido,,0.0,Agressivo,Botswana
217407,Instagram,2025-01-14,Não Convertido,,0.0,Desconhecido,Panama
217408,E-mail Marketing,2025-01-13,Não Convertido,,0.0,Agressivo,Bahrain
217409,E-mail Marketing,2025-01-17,Não Convertido,,0.0,Conservador,Honduras
217410,Instagram,2025-01-13,Não Convertido,,0.0,Moderado,Suriname
217411,YouTube Ads,2025-01-17,Não Convertido,,0.0,Moderado,Lao People's Democratic Republic
217412,Orgânico,2025-01-16,Não Convertido,,0.0,Agressivo,Bahamas
217413,Orgânico,2025-01-13,Não Convertido,,0.0,Moderado,Gabon
217414,WhatsApp,2025-01-14,Não Convertido,,0.0,Conservador,Bahrain
217415,E-mail Marketing,2025-01-16,Não Convertido,,0.0,Moderado,Timor-Leste
217416,Orgânico,2025-01-14,Não Convertido,,0.0,Moderado,Liechtenstein
217417,E-mail Marketing,2025-01-15,Não Convertido,,0.0,Moderado,Canada
217418,YouTube Ads,2025-01-18,Não Convertido,,0.0,Desconhecido,Rwanda
217419,Google Ads,2025-01-16,Não Convertido,,0.0,Moderado,Mozambique
217420,Instagram,2025-01-13,Não Convertido,,0.0,Conservador,Martinique
217421,Google Ads,2025-01-15,Não Convertido,,0.0,Agressivo,Guernsey
217422,WhatsApp,2025-01-15,Não Convertido,,0.0,Agressivo,Fiji
217423,TikTok,2025-01-15,Não Convertido,,0.0,Conservador,Somalia
217424,YouTube Ads,2025-01-14,Não Convertido,,0.0,Conservador,Australia
217425,E-mail Marketing,2025-01-15,Convertido,19.0,1367.47,Moderado,Guadeloupe
217426,Orgânico,2025-01-13,Não Convertido,,0.0,Moderado,Belarus
217427,TikTok,2025-01-13,Não Convertido,,0.0,Moderado,Egypt
217428,Instagram,2025-01-14,Não Convertido,,0.0,Desconhecido,Guatemala
217429,TikTok,2025-01-15,Não Convertido,,0.0,Conservador,Ghana
217430,Orgânico,2025-01-14,Não Convertido,,0.0,Agressivo,Wallis and Futuna
217431,Facebook,2025-01-15,Não Convertido,,0.0,Conservador,Uruguay
217432,Orgânico,2025-01-18,Não Convertido,,0.0,Moderado,Djibouti
217433,Orgânico,2025-01-16,Não Convertido,,0.0,Desconhecido,Mayotte
217434,Google Ads,2025-01-13,Não Convertido,,0.0,Agressivo,Costa Rica
217435,E-mail Marketing,2025-01-14,Não Convertido,,0.0,Desconhecido,Chile
217436,E-mail Marketing,2025-01-17,Não Convertido,,0.0,Conservador,Sudan
217437,Instagram,2025-01-18,Não Convertido,,0.0,Agressivo,Bulgaria
217438,Google Ads,2025-01-13,Não Convertido,,0.0,Agressivo,South Georgia and the South Sandwich Islands
217439,Instagram,2025-01-17,Não Convertido,,0.0,Agressivo,Poland
217440,YouTube Ads,2025-01-15,Não Convertido,,0.0,Moderado,Lao People's Democratic Republic
217441,Orgânico,2025-01-16,Não Convertido,,0.0,Moderado,Uruguay
217442,Instagram,2025-01-15,Não Convertido,,0.0,Desconhecido,Indonesia
217443,TikTok,2025-01-16,Não Convertido,,0.0,Agressivo,Jersey
217444,Facebook,2025-01-18,Não Convertido,,0.0,Agressivo,Oman
217445,E-mail Marketing,2025-01-16,Não Convertido,,0.0,Moderado,Liechtenstein
217446,Facebook,2025-01-16,Não Convertido,,0.0,Agressivo,Mexico
217447,E-mail Marketing,2025-01-17,Não Convertido,,0.0,Conservador,Nigeria
217448,Orgânico,2025-01-17,Não Convertido,,0.0,Conservador,Tokelau
217449,WhatsApp,2025-01-17,Não Convertido,,0.0,Moderado,Cambodia
217450,E-mail Marketing,2025-01-18,Não Convertido,,0.0,Agressivo,Honduras
217451,Facebook,2025-01-17,Não Convertido,,0.0,Desconhecido,Djibouti
217452,Google Ads,2025-01-16,Não Convertido,,0.0,Agressivo,Panama
217453,TikTok,2025-01-13,Não Convertido,,0.0,Agressivo,Australia
217454,Facebook,2025-01-16,Não Convertido,,0.0,Conservador,Honduras
217455,Google Ads,2025-01-18,Não Convertido,,0.0,Desconhecido,Wallis and Futuna
217456,Facebook,2025-01-16,Não Convertido,,0.0,Moderado,Turks and Caicos Islands
217457,Google Ads,2025-01-14,Não Convertido,,0.0,Agressivo,Macao
217458,TikTok,2025-01-16,Não Convertido,,0.0,Agressivo,Peru
217459,Google Ads,2025-01-13,Não Convertido,,0.0,Conservador,Gibraltar
217460,E-mail Marketing,2025-01-14,Não Convertido,,0.0,Moderado,Qatar
217461,YouTube Ads,2025-01-18,Não Convertido,,0.0,Agressivo,Congo
217462,Indicação,2025-01-18,Não Convertido,,0.0,Moderado,Peru
217463,Indicação,2025-01-14,Não Convertido,,0.0,Conservador,Macao
217464,Google Ads,2025-01-13,Não Convertido,,0.0,Agressivo,Bulgaria
217465,TikTok,2025-01-14,Não Convertido,,0.0,Conservador,Oman
217466,E-mail Marketing,2025-01-17,Não Convertido,,0.0,Desconhecido,Kyrgyz Republic
217467,Orgânico,2025-01-13,Não Convertido,,0.0,Desconhecido,Chad
217468,WhatsApp,2025-01-15,Não Convertido,,0.0,Conservador,Sri Lanka
217469,Orgânico,2025-01-14,Não Convertido,,0.0,Agressivo,Sao Tome and Principe
217470,YouTube Ads,2025-01-13,Não Convertido,,0.0,Moderado,Oman
217471,Facebook,2025-01-17,Não Convertido,,0.0,Conservador,India
217472,Orgânico,2025-01-17,Não Convertido,,0.0,Agressivo,Bangladesh
217473,Facebook,2025-01-14,Não Convertido,,0.0,Moderado,Chad
217474,Instagram,2025-01-13,Não Convertido,,0.0,Moderado,Hong Kong
217475,Instagram,2025-01-17,Não Convertido,,0.0,Desconhecido,Slovenia
217476,E-mail Marketing,2025-01-16,Não Convertido,,0.0,Moderado,Vietnam
217477,WhatsApp,2025-01-16,Não Convertido,,0.0,Conservador,South Africa
217478,Google Ads,2025-01-15,Não Convertido,,0.0,Agressivo,Zimbabwe
217479,E-mail Marketing,2025-01-18,Não Convertido,,0.0,Desconhecido,Turkmenistan
217480,E-mail Marketing,2025-01-18,Não Convertido,,0.0,Desconhecido,Saint Barthelemy
217481,Facebook,2025-01-16,Não Convertido,,0.0,Desconhecido,Malawi
217482,YouTube Ads,2025-01-14,Não Convertido,,0.0,Desconhecido,Mayotte
217483,WhatsApp,2025-01-16,Não Convertido,,0.0,Conservador,Serbia
217484,Google Ads,2025-01-15,Não Convertido,,0.0,Moderado,Cambodia
217485,Orgânico,2025-01-16,Não Convertido,,0.0,Moderado,Gambia
217486,Orgânico,2025-01-13,Não Convertido,,0.0,Moderado,Finland
217487,Instagram,2025-01-16,Não Convertido,,0.0,Desconhecido,Dominican Republic
217488,E-mail Marketing,2025-01-15,Não Convertido,,0.0,Conservador,Uzbekistan
217489,Instagram,2025-01-14,Não Convertido,,0.0,Moderado,Bahrain
217490,Orgânico,2025-01-13,Não Convertido,,0.0,Conservador,Dominican Republic
217491,Orgânico,2025-01-18,Não Convertido,,0.0,Agressivo,Estonia
217492,TikTok,2025-01-15,Não Convertido,,0.0,Conservador,Guyana
217493,Instagram,2025-01-17,Convertido,13.0,2280.86,Moderado,Christmas Island
217494,Instagram,2025-01-13,Não Convertido,,0.0,Moderado,Puerto Rico
217495,Orgânico,2025-01-14,Não Convertido,,0.0,Moderado,Martinique
217496,Facebook,2025-01-16,Não Convertido,,0.0,Conservador,South Africa
217497,Facebook,2025-01-18,Não Convertido,,0.0,Desconhecido,Saint Vincent and the Grenadines
217498,WhatsApp,2025-01-15,Não Convertido,,0.0,Agressivo,Bhutan
217499,YouTube Ads,2025-01-14,Não Convertido,,0.0,Moderado,Western Sahara
217500,TikTok,2025-01-17,Não Convertido,,0.0,Conservador,Vietnam
217501,Orgânico,2025-01-17,Não Convertido,,0.0,Moderado,Guinea-Bissau
217502,Instagram,2025-01-16,Não Convertido,,0.0,Desconhecido,Taiwan
217503,WhatsApp,2025-01-17,Não Convertido,,0.0,Desconhecido,Costa Rica
217504,TikTok,2025-01-18,Não Convertido,,0.0,Desconhecido,Zimbabwe
217505,Orgânico,2025-01-13,Não Convertido,,0.0,Moderado,Colombia
217506,WhatsApp,2025-01-15,Não Convertido,,0.0,Moderado,Papua New Guinea
217507,Instagram,2025-01-15,Não Convertido,,0.0,Moderado,Pitcairn Islands
217508,Facebook,2025-01-15,Convertido,14.0,3381.9,Moderado,Cayman Islands
217509,E-mail Marketing,2025-01-15,Não Convertido,,0.0,Moderado,Montserrat
217510,Orgânico,2025-01-16,Não Convertido,,0.0,Conservador,Tanzania
217511,WhatsApp,2025-01-17,Não Convertido,,0.0,Moderado,Namibia
217512,TikTok,2025-01-18,Não Convertido,,0.0,Moderado,Burundi
217513,E-mail Marketing,2025-01-18,Não Convertido,,0.0,Moderado,Andorra
217514,Google Ads,2025-01-15,Não Convertido,,0.0,Moderado,Seychelles
217515,Instagram,2025-01-17,Não Convertido,,0.0,Moderado,Central African Republic
217516,YouTube Ads,2025-01-13,Não Convertido,,0.0,Moderado,Singapore
217517,Instagram,2025-01-16,Não Convertido,,0.0,Agressivo,Panama
217518,Instagram,2025-01-14,Não Convertido,,0.0,Moderado,Lebanon
217519,Orgânico,2025-01-17,Não Convertido,,0.0,Moderado,Panama
217520,E-mail Marketing,2025-01-15,Não Convertido,,0.0,Conservador,France
217521,Orgânico,2025-01-13,Não Convertido,,0.0,Moderado,Greece
217522,Instagram,2025-01-16,Não Convertido,,0.0,Moderado,Gibraltar
217523,Indicação,2025-01-17,Não Convertido,,0.0,Desconhecido,Croatia
217524,TikTok,2025-01-14,Não Convertido,,0.0,Moderado,British Indian Ocean Territory (Chagos Archipelago)
217525,Google Ads,2025-01-13,Não Convertido,,0.0,Agressivo,Tajikistan
217526,E-mail Marketing,2025-01-13,Não Convertido,,0.0,Agressivo,Niue
217527,E-mail Marketing,2025-01-17,Convertido,10.0,4934.45,Moderado,Marshall Islands
217528,E-mail Marketing,2025-01-13,Não Convertido,,0.0,Agressivo,Netherlands Antilles
217529,YouTube Ads,2025-01-18,Não Convertido,,0.0,Moderado,Anguilla
217530,Indicação,2025-01-13,Não Convertido,,0.0,Moderado,Somalia
217531,Facebook,2025-01-15,Não Convertido,,0.0,Moderado,Angola
217532,Facebook,2025-01-18,Convertido,12.0,1168.41,Agressivo,Samoa
217533,TikTok,2025-01-18,Não Convertido,,0.0,Moderado,Togo
217534,Indicação,2025-01-15,Não Convertido,,0.0,Conservador,Qatar
217535,E-mail Marketing,2025-01-14,Não Convertido,,0.0,Agressivo,Honduras
217536,Instagram,2025-01-17,Não Convertido,,0.0,Moderado,Puerto Rico
217537,Instagram,2025-01-17,Não Convertido,,0.0,Conservador,Iraq
217538,TikTok,2025-01-18,Não Convertido,,0.0,Moderado,Luxembourg
217539,E-mail Marketing,2025-01-15,Não Convertido,,0.0,Moderado,Czech Republic
217540,Orgânico,2025-01-18,Não Convertido,,0.0,Conservador,Finland
217541,E-mail Marketing,2025-01-17,Não Convertido,,0.0,Moderado,Guinea
217542,TikTok,2025-01-17,Não Convertido,,0.0,Conservador,Netherlands Antilles
217543,Google Ads,2025-01-13,Não Convertido,,0.0,Moderado,Canada
217544,TikTok,2025-01-18,Não Convertido,,0.0,Moderado,Cook Islands
217545,Instagram,2025-01-18,Não Convertido,,0.0,Moderado,Austria
217546,Instagram,2025-01-18,Não Convertido,,0.0,Desconhecido,Nigeria
217547,Facebook,2025-01-17,Não Convertido,,0.0,Moderado,Hungary
217548,Facebook,2025-01-15,Não Convertido,,0.0,Agressivo,Kyrgyz Republic
217549,Indicação,2025-01-16,Não Convertido,,0.0,Agressivo,Latvia
217550,E-mail Marketing,2025-01-15,Não Convertido,,0.0,Moderado,Peru
217551,YouTube Ads,2025-01-13,Não Convertido,,0.0,Desconhecido,Colombia
217552,Facebook,2025-01-18,Não Convertido,,0.0,Conservador,Korea
217553,Orgânico,2025-01-15,Não Convertido,,0.0,Conservador,Norfolk Island
217554,Orgânico,2025-01-15,Não Convertido,,0.0,Moderado,Trinidad and Tobago
217555,Instagram,2025-01-18,Não Convertido,,0.0,Desconhecido,Australia
217556,Facebook,2025-01-15,Não Convertido,,0.0,Agressivo,Cyprus
217557,E-mail Marketing,2025-01-13,Não Convertido,,0.0,Desconhecido,Latvia
217558,TikTok,2025-01-18,Não Convertido,,0.0,Agressivo,Bangladesh
217559,Indicação,2025-01-17,Não Convertido,,0.0,Agressivo,Haiti
217560,Orgânico,2025-01-17,Não Convertido,,0.0,Desconhecido,Hungary
217561,TikTok,2025-01-17,Não Convertido,,0.0,Desconhecido,Jersey
217562,Orgânico,2025-01-17,Não Convertido,,0.0,Desconhecido,Honduras
217563,Facebook,2025-01-18,Não Convertido,,0.0,Agressivo,Denmark
217564,Indicação,2025-01-18,Não Convertido,,0.0,Moderado,Nicaragua
217565,Orgânico,2025-01-15,Não Convertido,,0.0,Moderado,Bahamas
217566,WhatsApp,2025-01-17,Não Convertido,,0.0,Moderado,Italy
217567,Google Ads,2025-01-18,Não Convertido,,0.0,Agressivo,Belize
217568,Google Ads,2025-01-14,Não Convertido,,0.0,Agressivo,Poland
217569,Indicação,2025-01-16,Convertido,27.0,7311.46,Moderado,Montenegro
217570,Instagram,2025-01-13,Não Convertido,,0.0,Moderado,Kuwait
217571,Google Ads,2025-01-18,Não Convertido,,0.0,Conservador,Djibouti
217572,TikTok,2025-01-14,Não Convertido,,0.0,Conservador,Ireland
217573,TikTok,2025-01-14,Não Convertido,,0.0,Conservador,Gabon
217574,YouTube Ads,2025-01-16,Convertido,6.0,7448.63,Conservador,Dominica
217575,TikTok,2025-01-14,Não Convertido,,0.0,Conservador,Liechtenstein
217576,Google Ads,2025-01-16,Não Convertido,,0.0,Agressivo,North Macedonia
217577,Indicação,2025-01-17,Não Convertido,,0.0,Moderado,Madagascar
217578,TikTok,2025-01-15,Não Convertido,,0.0,Moderado,Poland
217579,Facebook,2025-01-15,Não Convertido,,0.0,Conservador,North Macedonia
217580,Facebook,2025-01-18,Não Convertido,,0.0,Moderado,American Samoa
217581,E-mail Marketing,2025-01-17,Não Convertido,,0.0,Agressivo,Antigua and Barbuda
217582,Facebook,2025-01-14,Não Convertido,,0.0,Moderado,Mali
217583,TikTok,2025-01-17,Não Convertido,,0.0,Moderado,Eritrea
217584,E-mail Marketing,2025-01-13,Não Convertido,,0.0,Moderado,Germany
217585,Facebook,2025-01-14,Não Convertido,,0.0,Moderado,Svalbard & Jan Mayen Islands
217586,Facebook,2025-01-13,Não Convertido,,0.0,Agressivo,Saint Vincent and the Grenadines
217587,Indicação,2025-01-14,Não Convertido,,0.0,Moderado,Portugal
217588,Facebook,2025-01-16,Não Convertido,,0.0,Agressivo,Bolivia
217589,Instagram,2025-01-17,Não Convertido,,0.0,Conservador,Turks and Caicos Islands
217590,Facebook,2025-01-14,Não Convertido,,0.0,Agressivo,Congo
217591,E-mail Marketing,2025-01-13,Não Convertido,,0.0,Agressivo,United States of America
217592,E-mail Marketing,2025-01-17,Não Convertido,,0.0,Moderado,Togo
217593,Facebook,2025-01-18,Não Convertido,,0.0,Agressivo,Marshall Islands
217594,TikTok,2025-01-17,Não Convertido,,0.0,Agressivo,Samoa
217595,E-mail Marketing,2025-01-17,Não Convertido,,0.0,Moderado,Uzbekistan
217596,E-mail Marketing,2025-01-16,Não Convertido,,0.0,Desconhecido,Lao People's Democratic Republic
217597,Google Ads,2025-01-17,Não Convertido,,0.0,Moderado,Italy
217598,E-mail Marketing,2025-01-14,Não Convertido,,0.0,Moderado,Norfolk Island
217599,TikTok,2025-01-13,Não Convertido,,0.0,Agressivo,Ireland
217600,Instagram,2025-01-14,Não Convertido,,0.0,Moderado,Trinidad and Tobago
217601,Instagram,2025-01-18,Não Convertido,,0.0,Moderado,Andorra
217602,Indicação,2025-01-13,Não Convertido,,0.0,Moderado,Burkina Faso
217603,WhatsApp,2025-01-14,Não Convertido,,0.0,Moderado,United Arab Emirates
217604,Indicação,2025-01-17,Não Convertido,,0.0,Moderado,Uzbekistan
217605,Google Ads,2025-01-17,Não Convertido,,0.0,Moderado,Sierra Leone
217606,WhatsApp,2025-01-13,Não Convertido,,0.0,Moderado,Guadeloupe
217607,Google Ads,2025-01-14,Não Convertido,,0.0,Agressivo,Latvia
217608,Indicação,2025-01-17,Não Convertido,,0.0,Agressivo,Sudan
217609,TikTok,2025-01-16,Não Convertido,,0.0,Moderado,Aruba
217610,TikTok,2025-01-16,Não Convertido,,0.0,Moderado,Nigeria
217611,E-mail Marketing,2025-01-15,Não Convertido,,0.0,Moderado,Morocco
217612,E-mail Marketing,2025-01-18,Não Convertido,,0.0,Moderado,Brunei Darussalam
217613,Indicação,2025-01-13,Não Convertido,,0.0,Conservador,Brazil
217614,Google Ads,2025-01-13,Não Convertido,,0.0,Agressivo,Israel
217615,Orgânico,2025-01-18,Não Convertido,,0.0,Moderado,Tunisia
217616,Indicação,2025-01-13,Não Convertido,,0.0,Moderado,Egypt
217617,TikTok,2025-01-13,Não Convertido,,0.0,Desconhecido,British Indian Ocean Territory (Chagos Archipelago)
217618,Orgânico,2025-01-15,Não Convertido,,0.0,Moderado,Austria
217619,Facebook,2025-01-18,Não Convertido,,0.0,Agressivo,Slovakia (Slovak Republic)
217620,Orgânico,2025-01-14,Não Convertido,,0.0,Conservador,Iceland
217621,Orgânico,2025-01-15,Não Convertido,,0.0,Moderado,Dominican Republic
217622,Orgânico,2025-01-18,Não Convertido,,0.0,Conservador,United Arab Emirates
217623,TikTok,2025-01-18,Não Convertido,,0.0,Moderado,Libyan Arab Jamahiriya
217624,YouTube Ads,2025-01-18,Não Convertido,,0.0,Desconhecido,Reunion
217625,Instagram,2025-01-13,Não Convertido,,0.0,Agressivo,Bangladesh
217626,E-mail Marketing,2025-01-18,Não Convertido,,0.0,Moderado,Seychelles
217627,YouTube Ads,2025-01-16,Não Convertido,,0.0,Moderado,Saint Helena
217628,Facebook,2025-01-18,Não Convertido,,0.0,Moderado,Chile
217629,Indicação,2025-01-14,Convertido,13.0,9181.67,Agressivo,Oman
217630,Orgânico,2025-01-15,Não Convertido,,0.0,Conservador,Northern Mariana Islands
217631,Google Ads,2025-01-15,Não Convertido,,0.0,Moderado,Colombia
217632,TikTok,2025-01-13,Não Convertido,,0.0,Moderado,Bolivia
217633,YouTube Ads,2025-01-17,Não Convertido,,0.0,Agressivo,Bhutan
217634,TikTok,2025-01-14,Não Convertido,,0.0,Conservador,Pakistan
217635,Instagram,2025-01-14,Não Convertido,,0.0,Conservador,Congo
217636,Instagram,2025-01-18,Não Convertido,,0.0,Conservador,Rwanda
217637,Orgânico,2025-01-13,Não Convertido,,0.0,Moderado,Egypt
217638,Google Ads,2025-01-15,Não Convertido,,0.0,Moderado,Germany
217639,Instagram,2025-01-15,Não Convertido,,0.0,Moderado,Libyan Arab Jamahiriya
217640,Facebook,2025-01-18,Não Convertido,,0.0,Moderado,Iceland
217641,Instagram,2025-01-18,Não Convertido,,0.0,Desconhecido,Pakistan
217642,YouTube Ads,2025-01-16,Não Convertido,,0.0,Agressivo,Morocco
217643,E-mail Marketing,2025-01-15,Não Convertido,,0.0,Moderado,Denmark
217644,Orgânico,2025-01-17,Não Convertido,,0.0,Conservador,Benin
217645,Orgânico,2025-01-15,Não Convertido,,0.0,Conservador,Niger
217646,E-mail Marketing,2025-01-18,Não Convertido,,0.0,Agressivo,Latvia
217647,Orgânico,2025-01-17,Não Convertido,,0.0,Agressivo,Cuba
217648,E-mail Marketing,2025-01-18,Não Convertido,,0.0,Agressivo,Moldova
217649,Orgânico,2025-01-18,Não Convertido,,0.0,Desconhecido,Austria
217650,Instagram,2025-01-18,Não Convertido,,0.0,Agressivo,Latvia
217651,TikTok,2025-01-14,Não Convertido,,0.0,Moderado,Korea
217652,TikTok,2025-01-18,Não Convertido,,0.0,Moderado,Mongolia
217653,Instagram,2025-01-13,Não Convertido,,0.0,Moderado,Palestinian Territory
217654,Orgânico,2025-01-18,Não Convertido,,0.0,Agressivo,San Marino
217655,TikTok,2025-01-14,Não Convertido,,0.0,Agressivo,Micronesia
217656,TikTok,2025-01-15,Não Convertido,,0.0,Conservador,Timor-Leste
217657,WhatsApp,2025-01-16,Não Convertido,,0.0,Agressivo,France
217658,Instagram,2025-01-14,Não Convertido,,0.0,Agressivo,Paraguay
217659,Orgânico,2025-01-15,Não Convertido,,0.0,Agressivo,Micronesia
217660,Facebook,2025-01-14,Não Convertido,,0.0,Agressivo,Slovenia
217661,Orgânico,2025-01-13,Não Convertido,,0.0,Moderado,Mauritius
217662,Facebook,2025-01-18,Não Convertido,,0.0,Agressivo,Puerto Rico
