lead_id,origem,data_cadastro,status_conversao,dias_ate_1o_trade,valor_deposito,perfil,pais
53814,WhatsApp,2023-12-14,Não Convertido,,0.0,Agressivo,Turkmenistan
53815,Facebook,2023-12-13,Não Convertido,,0.0,Moderado,Swaziland
53816,TikTok,2023-12-11,Não Convertido,,0.0,Desconhecido,El Salvador
53817,Orgânico,2023-12-12,Não Convertido,,0.0,Moderado,Palestinian Territory
53818,Orgânico,2023-12-13,Não Convertido,,0.0,Desconhecido,Bulgaria
53819,YouTube Ads,2023-12-11,Não Convertido,,0.0,Agressivo,Namibia
53820,TikTok,2023-12-16,Não Convertido,,0.0,Moderado,Mongolia
53821,E-mail Marketing,2023-12-16,Não Convertido,,0.0,Agressivo,Poland
53822,TikTok,2023-12-11,Não Convertido,,0.0,Agressivo,Slovenia
53823,Indicação,2023-12-13,Não Convertido,,0.0,Agressivo,Albania
53824,Indicação,2023-12-11,Não Convertido,,0.0,Agressivo,South Africa
53825,YouTube Ads,2023-12-16,Não Convertido,,0.0,Agressivo,Lebanon
53826,WhatsApp,2023-12-11,Não Convertido,,0.0,Moderado,South Africa
53827,Instagram,2023-12-11,Não Convertido,,0.0,Moderado,Ireland
53828,Orgânico,2023-12-16,Não Convertido,,0.0,Agressivo,Kuwait
53829,Instagram,2023-12-11,Não Convertido,,0.0,Conservador,Saudi Arabia
53830,Instagram,2023-12-16,Não Convertido,,0.0,Conservador,Guam
53831,Facebook,2023-12-12,Não Convertido,,0.0,Moderado,Guyana
53832,Instagram,2023-12-12,Não Convertido,,0.0,Conservador,Cote d'Ivoire
53833,Instagram,2023-12-15,Não Convertido,,0.0,Agressivo,Azerbaijan
53834,Orgânico,2023-12-14,Não Convertido,,0.0,Desconhecido,Kuwait
53835,Instagram,2023-12-16,Não Convertido,,0.0,Conservador,Guadeloupe
53836,YouTube Ads,2023-12-11,Não Convertido,,0.0,Agressivo,Turkmenistan
53837,Google Ads,2023-12-11,Não Convertido,,0.0,Agressivo,Peru
53838,E-mail Marketing,2023-12-11,Não Convertido,,0.0,Agressivo,French Guiana
53839,Orgânico,2023-12-15,Não Convertido,,0.0,Agressivo,Solomon Islands
53840,TikTok,2023-12-11,Não Convertido,,0.0,Conservador,Guinea
53841,Orgânico,2023-12-16,Não Convertido,,0.0,Conservador,Papua New Guinea
53842,TikTok,2023-12-15,Não Convertido,,0.0,Moderado,Namibia
53843,TikTok,2023-12-11,Não Convertido,,0.0,Conservador,Tuvalu
53844,Orgânico,2023-12-12,Não Convertido,,0.0,Agressivo,Norway
53845,Facebook,2023-12-13,Não Convertido,,0.0,Moderado,North Macedonia
53846,TikTok,2023-12-15,Não Convertido,,0.0,Moderado,Kuwait
53847,Facebook,2023-12-11,Não Convertido,,0.0,Agressivo,Trinidad and Tobago
53848,Indicação,2023-12-11,Não Convertido,,0.0,Moderado,French Southern Territories
53849,WhatsApp,2023-12-15,Não Convertido,,0.0,Agressivo,Kiribati
53850,Indicação,2023-12-15,Não Convertido,,0.0,Desconhecido,Grenada
53851,Facebook,2023-12-13,Não Convertido,,0.0,Conservador,Barbados
53852,Orgânico,2023-12-16,Não Convertido,,0.0,Agressivo,Antarctica (the territory South of 60 deg S)
53853,TikTok,2023-12-13,Não Convertido,,0.0,Moderado,Monaco
53854,YouTube Ads,2023-12-15,Não Convertido,,0.0,Agressivo,Senegal
53855,TikTok,2023-12-12,Não Convertido,,0.0,Moderado,Kuwait
53856,WhatsApp,2023-12-13,Não Convertido,,0.0,Agressivo,Cocos (Keeling) Islands
53857,Facebook,2023-12-14,Não Convertido,,0.0,Agressivo,South Georgia and the South Sandwich Islands
53858,Instagram,2023-12-14,Não Convertido,,0.0,Moderado,Canada
53859,WhatsApp,2023-12-13,Não Convertido,,0.0,Desconhecido,Sao Tome and Principe
53860,TikTok,2023-12-15,Não Convertido,,0.0,Agressivo,Saint Helena
53861,Instagram,2023-12-14,Não Convertido,,0.0,Moderado,Lithuania
53862,TikTok,2023-12-13,Não Convertido,,0.0,Moderado,Niue
53863,Instagram,2023-12-16,Não Convertido,,0.0,Moderado,Lesotho
53864,Facebook,2023-12-13,Não Convertido,,0.0,Moderado,Cameroon
53865,WhatsApp,2023-12-15,Não Convertido,,0.0,Moderado,Korea
53866,Instagram,2023-12-14,Não Convertido,,0.0,Conservador,Nepal
53867,Facebook,2023-12-16,Não Convertido,,0.0,Moderado,Mexico
53868,E-mail Marketing,2023-12-12,Não Convertido,,0.0,Conservador,Anguilla
53869,Indicação,2023-12-11,Não Convertido,,0.0,Moderado,Guam
53870,TikTok,2023-12-11,Não Convertido,,0.0,Agressivo,Antarctica (the territory South of 60 deg S)
53871,Orgânico,2023-12-15,Não Convertido,,0.0,Agressivo,Mexico
53872,TikTok,2023-12-12,Não Convertido,,0.0,Moderado,Montenegro
53873,TikTok,2023-12-12,Não Convertido,,0.0,Agressivo,Uganda
53874,Google Ads,2023-12-11,Não Convertido,,0.0,Conservador,Mayotte
53875,Instagram,2023-12-14,Não Convertido,,0.0,Agressivo,Slovakia (Slovak Republic)
53876,Facebook,2023-12-13,Não Convertido,,0.0,Moderado,Cape Verde
53877,Indicação,2023-12-13,Não Convertido,,0.0,Moderado,Philippines
53878,Orgânico,2023-12-15,Não Convertido,,0.0,Conservador,Iceland
53879,Orgânico,2023-12-13,Não Convertido,,0.0,Agressivo,North Macedonia
53880,Orgânico,2023-12-13,Não Convertido,,0.0,Agressivo,Chad
53881,Indicação,2023-12-16,Não Convertido,,0.0,Agressivo,Cyprus
53882,Indicação,2023-12-12,Não Convertido,,0.0,Moderado,Israel
53883,Orgânico,2023-12-14,Não Convertido,,0.0,Desconhecido,French Polynesia
53884,Indicação,2023-12-15,Não Convertido,,0.0,Conservador,Panama
53885,Orgânico,2023-12-16,Não Convertido,,0.0,Moderado,Kazakhstan
53886,Orgânico,2023-12-11,Não Convertido,,0.0,Moderado,Djibouti
53887,YouTube Ads,2023-12-15,Não Convertido,,0.0,Desconhecido,Liberia
53888,Instagram,2023-12-12,Não Convertido,,0.0,Moderado,Norfolk Island
53889,E-mail Marketing,2023-12-12,Não Convertido,,0.0,Moderado,Chad
53890,YouTube Ads,2023-12-13,Não Convertido,,0.0,Conservador,United States Virgin Islands
53891,Orgânico,2023-12-11,Não Convertido,,0.0,Moderado,Rwanda
53892,E-mail Marketing,2023-12-14,Não Convertido,,0.0,Agressivo,Serbia
53893,Orgânico,2023-12-16,Não Convertido,,0.0,Moderado,Anguilla
53894,Google Ads,2023-12-12,Não Convertido,,0.0,Moderado,Ireland
53895,Instagram,2023-12-11,Não Convertido,,0.0,Moderado,Palestinian Territory
53896,WhatsApp,2023-12-13,Não Convertido,,0.0,Moderado,Zambia
53897,Instagram,2023-12-11,Não Convertido,,0.0,Moderado,Micronesia
53898,E-mail Marketing,2023-12-11,Não Convertido,,0.0,Desconhecido,Saint Vincent and the Grenadines
53899,WhatsApp,2023-12-11,Não Convertido,,0.0,Agressivo,United Kingdom
53900,Indicação,2023-12-16,Não Convertido,,0.0,Agressivo,Aruba
53901,E-mail Marketing,2023-12-14,Convertido,3.0,4039.56,Moderado,Mali
53902,Orgânico,2023-12-14,Não Convertido,,0.0,Agressivo,Armenia
53903,Orgânico,2023-12-14,Não Convertido,,0.0,Moderado,San Marino
53904,E-mail Marketing,2023-12-13,Não Convertido,,0.0,Moderado,Wallis and Futuna
53905,Instagram,2023-12-14,Não Convertido,,0.0,Agressivo,Turkmenistan
53906,Orgânico,2023-12-14,Não Convertido,,0.0,Agressivo,Guatemala
53907,Orgânico,2023-12-15,Não Convertido,,0.0,Agressivo,Bermuda
53908,Facebook,2023-12-13,Não Convertido,,0.0,Agressivo,Slovenia
53909,Orgânico,2023-12-12,Não Convertido,,0.0,Moderado,Bahrain
53910,E-mail Marketing,2023-12-15,Não Convertido,,0.0,Agressivo,Solomon Islands
53911,TikTok,2023-12-16,Convertido,14.0,9216.25,Moderado,Venezuela
53912,E-mail Marketing,2023-12-13,Não Convertido,,0.0,Conservador,Libyan Arab Jamahiriya
53913,WhatsApp,2023-12-15,Não Convertido,,0.0,Agressivo,Bahrain
53914,Instagram,2023-12-11,Não Convertido,,0.0,Agressivo,Bangladesh
53915,Orgânico,2023-12-13,Não Convertido,,0.0,Moderado,Russian Federation
53916,Google Ads,2023-12-14,Não Convertido,,0.0,Conservador,Montserrat
53917,Indicação,2023-12-12,Não Convertido,,0.0,Moderado,Luxembourg
53918,E-mail Marketing,2023-12-11,Não Convertido,,0.0,Agressivo,Heard Island and McDonald Islands
53919,TikTok,2023-12-15,Não Convertido,,0.0,Moderado,Mali
53920,WhatsApp,2023-12-13,Não Convertido,,0.0,Agressivo,Fiji
53921,Orgânico,2023-12-14,Não Convertido,,0.0,Moderado,Montserrat
53922,Facebook,2023-12-14,Não Convertido,,0.0,Conservador,Algeria
53923,Instagram,2023-12-12,Não Convertido,,0.0,Conservador,Estonia
53924,WhatsApp,2023-12-11,Não Convertido,,0.0,Conservador,Bolivia
53925,Google Ads,2023-12-14,Não Convertido,,0.0,Desconhecido,Colombia
53926,E-mail Marketing,2023-12-13,Não Convertido,,0.0,Moderado,United Kingdom
53927,Orgânico,2023-12-11,Convertido,27.0,9840.25,Agressivo,Vanuatu
53928,Orgânico,2023-12-14,Não Convertido,,0.0,Agressivo,Guadeloupe
53929,Instagram,2023-12-11,Não Convertido,,0.0,Conservador,Guam
53930,Indicação,2023-12-11,Não Convertido,,0.0,Agressivo,Japan
53931,Instagram,2023-12-13,Não Convertido,,0.0,Conservador,South Georgia and the South Sandwich Islands
53932,Google Ads,2023-12-13,Não Convertido,,0.0,Desconhecido,Vanuatu
53933,E-mail Marketing,2023-12-13,Não Convertido,,0.0,Desconhecido,Saint Helena
53934,E-mail Marketing,2023-12-13,Não Convertido,,0.0,Agressivo,Western Sahara
53935,WhatsApp,2023-12-13,Não Convertido,,0.0,Moderado,Benin
53936,YouTube Ads,2023-12-13,Não Convertido,,0.0,Conservador,Chile
53937,Orgânico,2023-12-11,Não Convertido,,0.0,Conservador,Egypt
53938,Google Ads,2023-12-12,Não Convertido,,0.0,Moderado,South Africa
53939,E-mail Marketing,2023-12-14,Não Convertido,,0.0,Conservador,Wallis and Futuna
53940,YouTube Ads,2023-12-13,Não Convertido,,0.0,Moderado,Kyrgyz Republic
53941,Instagram,2023-12-13,Não Convertido,,0.0,Moderado,Fiji
53942,E-mail Marketing,2023-12-16,Não Convertido,,0.0,Conservador,British Virgin Islands
53943,TikTok,2023-12-13,Não Convertido,,0.0,Moderado,Qatar
53944,Instagram,2023-12-13,Não Convertido,,0.0,Moderado,Seychelles
53945,WhatsApp,2023-12-11,Não Convertido,,0.0,Agressivo,Marshall Islands
53946,YouTube Ads,2023-12-13,Não Convertido,,0.0,Agressivo,Mozambique
53947,Orgânico,2023-12-14,Não Convertido,,0.0,Conservador,Belarus
53948,YouTube Ads,2023-12-11,Não Convertido,,0.0,Conservador,Malawi
53949,Google Ads,2023-12-14,Não Convertido,,0.0,Conservador,Djibouti
53950,Facebook,2023-12-15,Não Convertido,,0.0,Conservador,Chile
53951,TikTok,2023-12-11,Não Convertido,,0.0,Moderado,British Virgin Islands
53952,Instagram,2023-12-11,Não Convertido,,0.0,Conservador,Tokelau
53953,E-mail Marketing,2023-12-15,Não Convertido,,0.0,Moderado,Bahrain
53954,Instagram,2023-12-11,Não Convertido,,0.0,Desconhecido,Pitcairn Islands
53955,Instagram,2023-12-15,Não Convertido,,0.0,Moderado,Australia
53956,E-mail Marketing,2023-12-16,Não Convertido,,0.0,Agressivo,Faroe Islands
53957,TikTok,2023-12-13,Não Convertido,,0.0,Agressivo,Australia
53958,Orgânico,2023-12-16,Não Convertido,,0.0,Conservador,Indonesia
53959,Facebook,2023-12-15,Não Convertido,,0.0,Agressivo,Senegal
53960,Indicação,2023-12-11,Não Convertido,,0.0,Desconhecido,Kenya
53961,Facebook,2023-12-13,Não Convertido,,0.0,Moderado,Sweden
53962,TikTok,2023-12-16,Não Convertido,,0.0,Agressivo,Slovakia (Slovak Republic)
53963,Orgânico,2023-12-13,Não Convertido,,0.0,Moderado,Togo
53964,WhatsApp,2023-12-14,Não Convertido,,0.0,Agressivo,Saint Pierre and Miquelon
53965,YouTube Ads,2023-12-14,Não Convertido,,0.0,Agressivo,France
53966,Instagram,2023-12-12,Não Convertido,,0.0,Moderado,Ireland
53967,Orgânico,2023-12-16,Não Convertido,,0.0,Agressivo,Grenada
53968,WhatsApp,2023-12-15,Não Convertido,,0.0,Moderado,Syrian Arab Republic
53969,Instagram,2023-12-16,Não Convertido,,0.0,Moderado,Andorra
53970,Indicação,2023-12-13,Não Convertido,,0.0,Agressivo,Georgia
53971,Instagram,2023-12-15,Não Convertido,,0.0,Moderado,Croatia
53972,E-mail Marketing,2023-12-16,Não Convertido,,0.0,Conservador,Yemen
53973,Instagram,2023-12-11,Não Convertido,,0.0,Moderado,Christmas Island
53974,Orgânico,2023-12-15,Não Convertido,,0.0,Moderado,Maldives
53975,Google Ads,2023-12-15,Não Convertido,,0.0,Desconhecido,Macao
53976,YouTube Ads,2023-12-11,Não Convertido,,0.0,Conservador,Norway
53977,E-mail Marketing,2023-12-11,Não Convertido,,0.0,Agressivo,Costa Rica
53978,Orgânico,2023-12-16,Não Convertido,,0.0,Moderado,Nicaragua
53979,Orgânico,2023-12-15,Não Convertido,,0.0,Moderado,Mongolia
53980,Instagram,2023-12-15,Não Convertido,,0.0,Moderado,Korea
53981,Instagram,2023-12-11,Não Convertido,,0.0,Moderado,Montserrat
53982,E-mail Marketing,2023-12-16,Não Convertido,,0.0,Moderado,French Polynesia
53983,YouTube Ads,2023-12-16,Não Convertido,,0.0,Agressivo,Moldova
53984,E-mail Marketing,2023-12-14,Não Convertido,,0.0,Conservador,Brazil
53985,Orgânico,2023-12-13,Não Convertido,,0.0,Moderado,South Africa
53986,Google Ads,2023-12-16,Não Convertido,,0.0,Conservador,Cook Islands
53987,Orgânico,2023-12-15,Não Convertido,,0.0,Agressivo,Monaco
53988,WhatsApp,2023-12-14,Não Convertido,,0.0,Moderado,Azerbaijan
53989,WhatsApp,2023-12-13,Não Convertido,,0.0,Agressivo,Mozambique
53990,YouTube Ads,2023-12-12,Não Convertido,,0.0,Moderado,Qatar
53991,Orgânico,2023-12-11,Não Convertido,,0.0,Moderado,British Indian Ocean Territory (Chagos Archipelago)
53992,Facebook,2023-12-12,Não Convertido,,0.0,Agressivo,Cameroon
53993,Orgânico,2023-12-14,Não Convertido,,0.0,Desconhecido,Mali
53994,Orgânico,2023-12-11,Não Convertido,,0.0,Conservador,Slovenia
53995,Instagram,2023-12-12,Não Convertido,,0.0,Conservador,Belgium
53996,TikTok,2023-12-14,Não Convertido,,0.0,Moderado,Saint Barthelemy
53997,Orgânico,2023-12-12,Não Convertido,,0.0,Agressivo,Guatemala
53998,WhatsApp,2023-12-16,Não Convertido,,0.0,Agressivo,French Guiana
53999,Google Ads,2023-12-14,Não Convertido,,0.0,Moderado,Saint Vincent and the Grenadines
54000,TikTok,2023-12-14,Não Convertido,,0.0,Conservador,Saint Lucia
54001,YouTube Ads,2023-12-13,Convertido,14.0,9849.11,Agressivo,Panama
54002,Instagram,2023-12-14,Não Convertido,,0.0,Desconhecido,Turkmenistan
54003,WhatsApp,2023-12-11,Não Convertido,,0.0,Agressivo,Belgium
54004,Instagram,2023-12-12,Não Convertido,,0.0,Conservador,Sudan
54005,Instagram,2023-12-12,Não Convertido,,0.0,Moderado,Iceland
54006,Orgânico,2023-12-16,Não Convertido,,0.0,Moderado,Turkey
54007,Google Ads,2023-12-16,Não Convertido,,0.0,Agressivo,Niger
54008,Google Ads,2023-12-12,Não Convertido,,0.0,Agressivo,Dominica
54009,YouTube Ads,2023-12-15,Não Convertido,,0.0,Agressivo,Monaco
54010,Instagram,2023-12-13,Não Convertido,,0.0,Moderado,Ireland
54011,Instagram,2023-12-13,Não Convertido,,0.0,Agressivo,Montserrat
54012,Google Ads,2023-12-13,Não Convertido,,0.0,Moderado,Puerto Rico
54013,Facebook,2023-12-14,Não Convertido,,0.0,Agressivo,Uruguay
54014,Orgânico,2023-12-11,Não Convertido,,0.0,Agressivo,Slovakia (Slovak Republic)
54015,YouTube Ads,2023-12-12,Não Convertido,,0.0,Conservador,Jamaica
54016,Google Ads,2023-12-13,Não Convertido,,0.0,Agressivo,Tanzania
54017,Orgânico,2023-12-13,Não Convertido,,0.0,Moderado,Afghanistan
54018,Instagram,2023-12-15,Não Convertido,,0.0,Conservador,Sao Tome and Principe
54019,Google Ads,2023-12-13,Não Convertido,,0.0,Agressivo,Cote d'Ivoire
54020,TikTok,2023-12-13,Não Convertido,,0.0,Moderado,Thailand
54021,WhatsApp,2023-12-15,Não Convertido,,0.0,Desconhecido,Somalia
54022,Orgânico,2023-12-16,Não Convertido,,0.0,Desconhecido,Saint Helena
54023,WhatsApp,2023-12-14,Não Convertido,,0.0,Moderado,French Southern Territories
54024,Instagram,2023-12-15,Não Convertido,,0.0,Moderado,Niger
54025,Orgânico,2023-12-11,Não Convertido,,0.0,Conservador,Ecuador
54026,Orgânico,2023-12-11,Não Convertido,,0.0,Conservador,British Virgin Islands
54027,E-mail Marketing,2023-12-16,Não Convertido,,0.0,Moderado,Andorra
54028,WhatsApp,2023-12-15,Não Convertido,,0.0,Moderado,Puerto Rico
54029,Instagram,2023-12-16,Convertido,20.0,9521.55,Agressivo,Gabon
54030,Instagram,2023-12-13,Não Convertido,,0.0,Conservador,Benin
54031,Facebook,2023-12-11,Não Convertido,,0.0,Agressivo,Andorra
54032,TikTok,2023-12-12,Convertido,8.0,216.36,Agressivo,Macao
54033,Orgânico,2023-12-11,Não Convertido,,0.0,Agressivo,Uruguay
54034,Orgânico,2023-12-11,Não Convertido,,0.0,Desconhecido,Bahrain
54035,Indicação,2023-12-12,Convertido,3.0,1160.86,Conservador,Bosnia and Herzegovina
54036,E-mail Marketing,2023-12-13,Não Convertido,,0.0,Moderado,United States Virgin Islands
54037,Orgânico,2023-12-11,Não Convertido,,0.0,Agressivo,Isle of Man
54038,Facebook,2023-12-12,Não Convertido,,0.0,Moderado,Andorra
54039,TikTok,2023-12-11,Não Convertido,,0.0,Desconhecido,Slovenia
54040,Indicação,2023-12-11,Convertido,3.0,2444.36,Conservador,Guinea-Bissau
54041,TikTok,2023-12-11,Não Convertido,,0.0,Moderado,Hungary
54042,Indicação,2023-12-16,Não Convertido,,0.0,Moderado,Nepal
54043,Instagram,2023-12-11,Não Convertido,,0.0,Agressivo,Sao Tome and Principe
54044,E-mail Marketing,2023-12-13,Não Convertido,,0.0,Conservador,Sao Tome and Principe
54045,Orgânico,2023-12-12,Não Convertido,,0.0,Agressivo,Montserrat
54046,Instagram,2023-12-16,Não Convertido,,0.0,Conservador,Zimbabwe
54047,Indicação,2023-12-11,Não Convertido,,0.0,Desconhecido,Western Sahara
54048,Google Ads,2023-12-13,Não Convertido,,0.0,Moderado,Angola
54049,Orgânico,2023-12-16,Não Convertido,,0.0,Moderado,Sudan
54050,Orgânico,2023-12-16,Não Convertido,,0.0,Moderado,China
54051,TikTok,2023-12-11,Não Convertido,,0.0,Agressivo,Heard Island and McDonald Islands
54052,Instagram,2023-12-13,Não Convertido,,0.0,Moderado,Thailand
54053,Facebook,2023-12-15,Não Convertido,,0.0,Moderado,Brunei Darussalam
54054,Indicação,2023-12-11,Não Convertido,,0.0,Agressivo,Dominican Republic
54055,TikTok,2023-12-16,Não Convertido,,0.0,Moderado,San Marino
54056,Orgânico,2023-12-14,Não Convertido,,0.0,Agressivo,British Indian Ocean Territory (Chagos Archipelago)
54057,E-mail Marketing,2023-12-11,Não Convertido,,0.0,Moderado,Canada
54058,Orgânico,2023-12-13,Não Convertido,,0.0,Desconhecido,Heard Island and McDonald Islands
54059,Orgânico,2023-12-13,Não Convertido,,0.0,Moderado,Gambia
54060,WhatsApp,2023-12-14,Não Convertido,,0.0,Conservador,Bulgaria
54061,YouTube Ads,2023-12-13,Não Convertido,,0.0,Moderado,Solomon Islands
54062,Facebook,2023-12-11,Não Convertido,,0.0,Agressivo,Saint Martin
54063,Indicação,2023-12-14,Não Convertido,,0.0,Moderado,North Macedonia
54064,Instagram,2023-12-12,Não Convertido,,0.0,Moderado,Chad
54065,E-mail Marketing,2023-12-16,Não Convertido,,0.0,Agressivo,Vietnam
54066,Orgânico,2023-12-12,Não Convertido,,0.0,Agressivo,Haiti
54067,Facebook,2023-12-12,Não Convertido,,0.0,Moderado,Oman
54068,E-mail Marketing,2023-12-14,Não Convertido,,0.0,Desconhecido,Cook Islands
54069,TikTok,2023-12-16,Não Convertido,,0.0,Moderado,Nicaragua
54070,Orgânico,2023-12-15,Não Convertido,,0.0,Agressivo,Dominican Republic
54071,Instagram,2023-12-15,Convertido,17.0,7213.26,Moderado,Trinidad and Tobago
54072,Orgânico,2023-12-15,Não Convertido,,0.0,Desconhecido,Latvia
54073,Instagram,2023-12-13,Não Convertido,,0.0,Moderado,Bahamas
54074,YouTube Ads,2023-12-16,Convertido,4.0,4142.6,Moderado,Nigeria
54075,Orgânico,2023-12-12,Não Convertido,,0.0,Conservador,Pakistan
54076,WhatsApp,2023-12-15,Não Convertido,,0.0,Desconhecido,Saint Lucia
54077,TikTok,2023-12-14,Não Convertido,,0.0,Agressivo,Puerto Rico
54078,Facebook,2023-12-15,Não Convertido,,0.0,Conservador,Marshall Islands
54079,Orgânico,2023-12-11,Não Convertido,,0.0,Agressivo,Vietnam
54080,E-mail Marketing,2023-12-11,Não Convertido,,0.0,Moderado,Turkey
54081,YouTube Ads,2023-12-13,Não Convertido,,0.0,Agressivo,Morocco
54082,TikTok,2023-12-15,Não Convertido,,0.0,Agressivo,Bhutan
54083,WhatsApp,2023-12-13,Não Convertido,,0.0,Moderado,Singapore
54084,Google Ads,2023-12-14,Não Convertido,,0.0,Conservador,British Virgin Islands
54085,YouTube Ads,2023-12-14,Não Convertido,,0.0,Agressivo,Monaco
54086,Orgânico,2023-12-14,Não Convertido,,0.0,Agressivo,Uzbekistan
54087,E-mail Marketing,2023-12-12,Não Convertido,,0.0,Moderado,United States Virgin Islands
54088,Orgânico,2023-12-15,Não Convertido,,0.0,Agressivo,Guam
54089,TikTok,2023-12-14,Não Convertido,,0.0,Moderado,Bulgaria
54090,Orgânico,2023-12-15,Não Convertido,,0.0,Moderado,Eritrea
54091,YouTube Ads,2023-12-16,Não Convertido,,0.0,Desconhecido,French Polynesia
54092,WhatsApp,2023-12-13,Não Convertido,,0.0,Moderado,Austria
54093,Orgânico,2023-12-14,Convertido,24.0,3903.71,Conservador,Bahamas
54094,Orgânico,2023-12-12,Não Convertido,,0.0,Moderado,United Arab Emirates
54095,Orgânico,2023-12-14,Não Convertido,,0.0,Desconhecido,Uruguay
54096,TikTok,2023-12-15,Convertido,28.0,7154.47,Agressivo,Syrian Arab Republic
54097,TikTok,2023-12-14,Não Convertido,,0.0,Moderado,Central African Republic
54098,Orgânico,2023-12-14,Não Convertido,,0.0,Moderado,Sweden
54099,WhatsApp,2023-12-11,Não Convertido,,0.0,Moderado,Costa Rica
54100,Facebook,2023-12-16,Não Convertido,,0.0,Agressivo,Monaco
54101,Orgânico,2023-12-15,Não Convertido,,0.0,Moderado,Egypt
54102,Orgânico,2023-12-15,Não Convertido,,0.0,Desconhecido,Suriname
54103,YouTube Ads,2023-12-15,Não Convertido,,0.0,Agressivo,Israel
54104,Google Ads,2023-12-12,Não Convertido,,0.0,Moderado,Congo
54105,WhatsApp,2023-12-16,Não Convertido,,0.0,Agressivo,Paraguay
54106,WhatsApp,2023-12-16,Convertido,28.0,1752.95,Moderado,Nigeria
54107,Facebook,2023-12-14,Não Convertido,,0.0,Desconhecido,Saint Barthelemy
54108,WhatsApp,2023-12-11,Não Convertido,,0.0,Agressivo,Angola
54109,Orgânico,2023-12-16,Não Convertido,,0.0,Conservador,Samoa
54110,Instagram,2023-12-16,Não Convertido,,0.0,Agressivo,Chile
54111,Facebook,2023-12-15,Não Convertido,,0.0,Agressivo,Gabon
54112,TikTok,2023-12-11,Não Convertido,,0.0,Moderado,Bouvet Island (Bouvetoya)
54113,Orgânico,2023-12-15,Não Convertido,,0.0,Moderado,Guyana
54114,TikTok,2023-12-11,Não Convertido,,0.0,Moderado,Bangladesh
54115,WhatsApp,2023-12-11,Não Convertido,,0.0,Conservador,Madagascar
54116,Instagram,2023-12-15,Não Convertido,,0.0,Moderado,Swaziland
54117,Google Ads,2023-12-15,Não Convertido,,0.0,Conservador,Austria
54118,Facebook,2023-12-13,Não Convertido,,0.0,Agressivo,Togo
54119,Orgânico,2023-12-15,Não Convertido,,0.0,Conservador,Israel
54120,Indicação,2023-12-13,Não Convertido,,0.0,Moderado,Burundi
54121,WhatsApp,2023-12-16,Não Convertido,,0.0,Agressivo,Myanmar
54122,Orgânico,2023-12-15,Não Convertido,,0.0,Desconhecido,San Marino
54123,Indicação,2023-12-15,Não Convertido,,0.0,Agressivo,Singapore
54124,WhatsApp,2023-12-11,Não Convertido,,0.0,Agressivo,Nauru
54125,Instagram,2023-12-14,Não Convertido,,0.0,Moderado,Austria
54126,YouTube Ads,2023-12-15,Não Convertido,,0.0,Desconhecido,Croatia
54127,YouTube Ads,2023-12-14,Não Convertido,,0.0,Moderado,Micronesia
54128,Instagram,2023-12-15,Não Convertido,,0.0,Conservador,Gabon
54129,Orgânico,2023-12-12,Não Convertido,,0.0,Agressivo,Greenland
54130,TikTok,2023-12-12,Não Convertido,,0.0,Desconhecido,India
54131,Orgânico,2023-12-13,Não Convertido,,0.0,Agressivo,Kuwait
54132,E-mail Marketing,2023-12-13,Não Convertido,,0.0,Conservador,Serbia
54133,Google Ads,2023-12-16,Não Convertido,,0.0,Moderado,Bulgaria
54134,TikTok,2023-12-16,Não Convertido,,0.0,Moderado,Australia
54135,E-mail Marketing,2023-12-12,Não Convertido,,0.0,Moderado,Czech Republic
54136,WhatsApp,2023-12-11,Não Convertido,,0.0,Moderado,Taiwan
54137,YouTube Ads,2023-12-13,Não Convertido,,0.0,Moderado,Taiwan
54138,Facebook,2023-12-12,Não Convertido,,0.0,Moderado,Hungary
54139,TikTok,2023-12-16,Não Convertido,,0.0,Conservador,Greece
54140,Instagram,2023-12-16,Não Convertido,,0.0,Moderado,Saudi Arabia
54141,Instagram,2023-12-12,Não Convertido,,0.0,Moderado,Fiji
54142,Facebook,2023-12-11,Não Convertido,,0.0,Desconhecido,Costa Rica
54143,Orgânico,2023-12-15,Não Convertido,,0.0,Agressivo,Palau
54144,Instagram,2023-12-16,Não Convertido,,0.0,Conservador,Malawi
54145,Orgânico,2023-12-14,Não Convertido,,0.0,Agressivo,Egypt
54146,Google Ads,2023-12-13,Não Convertido,,0.0,Conservador,Monaco
54147,Instagram,2023-12-11,Não Convertido,,0.0,Conservador,Papua New Guinea
54148,TikTok,2023-12-14,Convertido,23.0,6212.02,Conservador,Saint Vincent and the Grenadines
54149,YouTube Ads,2023-12-14,Convertido,23.0,9840.18,Moderado,Algeria
54150,Instagram,2023-12-12,Não Convertido,,0.0,Agressivo,Palestinian Territory
54151,Google Ads,2023-12-13,Não Convertido,,0.0,Agressivo,Cayman Islands
54152,TikTok,2023-12-14,Não Convertido,,0.0,Moderado,North Macedonia
54153,TikTok,2023-12-16,Não Convertido,,0.0,Desconhecido,Russian Federation
54154,TikTok,2023-12-13,Não Convertido,,0.0,Desconhecido,Niger
54155,Indicação,2023-12-11,Não Convertido,,0.0,Agressivo,Turkey
54156,WhatsApp,2023-12-13,Não Convertido,,0.0,Conservador,Guyana
54157,Google Ads,2023-12-16,Não Convertido,,0.0,Agressivo,Greece
54158,Google Ads,2023-12-12,Não Convertido,,0.0,Conservador,Antarctica (the territory South of 60 deg S)
54159,TikTok,2023-12-16,Não Convertido,,0.0,Desconhecido,Namibia
54160,Orgânico,2023-12-16,Não Convertido,,0.0,Agressivo,Burundi
54161,Google Ads,2023-12-16,Não Convertido,,0.0,Moderado,South Georgia and the South Sandwich Islands
54162,E-mail Marketing,2023-12-12,Não Convertido,,0.0,Agressivo,Panama
54163,Orgânico,2023-12-13,Não Convertido,,0.0,Moderado,Mauritania
54164,E-mail Marketing,2023-12-13,Não Convertido,,0.0,Conservador,Singapore
54165,Orgânico,2023-12-12,Não Convertido,,0.0,Moderado,Saudi Arabia
54166,Instagram,2023-12-16,Não Convertido,,0.0,Conservador,American Samoa
54167,Orgânico,2023-12-12,Não Convertido,,0.0,Moderado,French Southern Territories
54168,Facebook,2023-12-12,Não Convertido,,0.0,Conservador,Ghana
54169,WhatsApp,2023-12-15,Não Convertido,,0.0,Moderado,Suriname
54170,Indicação,2023-12-15,Não Convertido,,0.0,Moderado,Antarctica (the territory South of 60 deg S)
54171,Orgânico,2023-12-11,Não Convertido,,0.0,Moderado,Haiti
54172,Orgânico,2023-12-16,Não Convertido,,0.0,Agressivo,Lesotho
54173,Orgânico,2023-12-11,Não Convertido,,0.0,Agressivo,Saint Kitts and Nevis
54174,Google Ads,2023-12-12,Não Convertido,,0.0,Moderado,Mauritius
54175,E-mail Marketing,2023-12-13,Não Convertido,,0.0,Conservador,Ghana
54176,Google Ads,2023-12-14,Não Convertido,,0.0,Moderado,Yemen
54177,Google Ads,2023-12-13,Não Convertido,,0.0,Moderado,Saudi Arabia
54178,Orgânico,2023-12-16,Não Convertido,,0.0,Desconhecido,Ukraine
54179,Instagram,2023-12-11,Não Convertido,,0.0,Moderado,Iran
54180,TikTok,2023-12-12,Não Convertido,,0.0,Moderado,Israel
54181,TikTok,2023-12-14,Não Convertido,,0.0,Agressivo,Zambia
54182,Orgânico,2023-12-12,Não Convertido,,0.0,Agressivo,Uganda
54183,TikTok,2023-12-15,Não Convertido,,0.0,Agressivo,Nauru
54184,E-mail Marketing,2023-12-16,Não Convertido,,0.0,Agressivo,Greece
54185,Google Ads,2023-12-13,Não Convertido,,0.0,Moderado,Palestinian Territory
54186,Facebook,2023-12-11,Não Convertido,,0.0,Agressivo,Slovenia
54187,Instagram,2023-12-13,Não Convertido,,0.0,Moderado,Bermuda
54188,YouTube Ads,2023-12-16,Não Convertido,,0.0,Agressivo,Western Sahara
54189,Instagram,2023-12-13,Não Convertido,,0.0,Agressivo,Cape Verde
54190,Google Ads,2023-12-11,Não Convertido,,0.0,Conservador,Dominican Republic
54191,Indicação,2023-12-13,Não Convertido,,0.0,Agressivo,Cote d'Ivoire
54192,E-mail Marketing,2023-12-11,Não Convertido,,0.0,Moderado,Myanmar
54193,WhatsApp,2023-12-15,Não Convertido,,0.0,Moderado,Sierra Leone
54194,Instagram,2023-12-11,Não Convertido,,0.0,Agressivo,Pitcairn Islands
54195,E-mail Marketing,2023-12-11,Não Convertido,,0.0,Conservador,Hong Kong
54196,Facebook,2023-12-15,Não Convertido,,0.0,Conservador,Pitcairn Islands
54197,Instagram,2023-12-13,Não Convertido,,0.0,Conservador,Rwanda
54198,Google Ads,2023-12-13,Não Convertido,,0.0,Agressivo,Antigua and Barbuda
54199,Facebook,2023-12-13,Não Convertido,,0.0,Moderado,Malta
54200,Google Ads,2023-12-12,Não Convertido,,0.0,Conservador,Thailand
54201,Instagram,2023-12-15,Não Convertido,,0.0,Agressivo,United Arab Emirates
54202,E-mail Marketing,2023-12-11,Não Convertido,,0.0,Desconhecido,New Caledonia
54203,E-mail Marketing,2023-12-15,Não Convertido,,0.0,Agressivo,Niger
54204,Google Ads,2023-12-16,Não Convertido,,0.0,Moderado,Vietnam
54205,Facebook,2023-12-13,Não Convertido,,0.0,Conservador,Vanuatu
54206,Indicação,2023-12-16,Não Convertido,,0.0,Agressivo,Anguilla
54207,Orgânico,2023-12-12,Não Convertido,,0.0,Agressivo,Switzerland
54208,E-mail Marketing,2023-12-16,Não Convertido,,0.0,Moderado,Jordan
54209,Instagram,2023-12-13,Não Convertido,,0.0,Moderado,Guinea-Bissau
54210,Instagram,2023-12-12,Não Convertido,,0.0,Moderado,Russian Federation
54211,E-mail Marketing,2023-12-16,Não Convertido,,0.0,Agressivo,Benin
54212,TikTok,2023-12-16,Não Convertido,,0.0,Moderado,Greenland
54213,YouTube Ads,2023-12-16,Não Convertido,,0.0,Moderado,Micronesia
54214,Instagram,2023-12-13,Não Convertido,,0.0,Moderado,Czech Republic
54215,Instagram,2023-12-11,Não Convertido,,0.0,Moderado,Macao
54216,TikTok,2023-12-12,Não Convertido,,0.0,Moderado,Gambia
54217,Instagram,2023-12-14,Não Convertido,,0.0,Agressivo,Libyan Arab Jamahiriya
54218,Orgânico,2023-12-16,Não Convertido,,0.0,Conservador,Latvia
54219,Instagram,2023-12-15,Não Convertido,,0.0,Conservador,Australia
54220,Orgânico,2023-12-15,Não Convertido,,0.0,Conservador,Mozambique
54221,Orgânico,2023-12-14,Não Convertido,,0.0,Conservador,United Kingdom
54222,Orgânico,2023-12-16,Não Convertido,,0.0,Moderado,Cyprus
54223,Instagram,2023-12-15,Não Convertido,,0.0,Conservador,Portugal
54224,Google Ads,2023-12-16,Não Convertido,,0.0,Moderado,United States Virgin Islands
54225,Instagram,2023-12-16,Não Convertido,,0.0,Moderado,Nepal
54226,E-mail Marketing,2023-12-15,Não Convertido,,0.0,Conservador,Czech Republic
54227,Orgânico,2023-12-11,Não Convertido,,0.0,Conservador,Taiwan
54228,TikTok,2023-12-15,Não Convertido,,0.0,Moderado,Bulgaria
54229,Orgânico,2023-12-16,Não Convertido,,0.0,Agressivo,Liberia
54230,Facebook,2023-12-12,Não Convertido,,0.0,Conservador,Brunei Darussalam
54231,Indicação,2023-12-14,Não Convertido,,0.0,Agressivo,Seychelles
54232,Instagram,2023-12-14,Não Convertido,,0.0,Moderado,Bangladesh
54233,YouTube Ads,2023-12-15,Não Convertido,,0.0,Moderado,Ghana
54234,E-mail Marketing,2023-12-14,Não Convertido,,0.0,Conservador,Tonga
54235,TikTok,2023-12-13,Não Convertido,,0.0,Agressivo,Lebanon
54236,TikTok,2023-12-13,Não Convertido,,0.0,Conservador,Myanmar
54237,YouTube Ads,2023-12-11,Não Convertido,,0.0,Agressivo,Solomon Islands
54238,TikTok,2023-12-11,Não Convertido,,0.0,Agressivo,British Indian Ocean Territory (Chagos Archipelago)
54239,E-mail Marketing,2023-12-16,Não Convertido,,0.0,Conservador,Belgium
54240,Facebook,2023-12-15,Não Convertido,,0.0,Conservador,Brazil
54241,Indicação,2023-12-14,Não Convertido,,0.0,Moderado,Czech Republic
54242,Instagram,2023-12-11,Não Convertido,,0.0,Conservador,Panama
54243,TikTok,2023-12-12,Não Convertido,,0.0,Desconhecido,United States Minor Outlying Islands
54244,TikTok,2023-12-14,Não Convertido,,0.0,Conservador,Burkina Faso
54245,Facebook,2023-12-11,Não Convertido,,0.0,Moderado,Christmas Island
54246,Orgânico,2023-12-16,Não Convertido,,0.0,Conservador,Guinea-Bissau
54247,TikTok,2023-12-16,Não Convertido,,0.0,Conservador,Puerto Rico
54248,Google Ads,2023-12-13,Não Convertido,,0.0,Moderado,Nepal
54249,YouTube Ads,2023-12-11,Não Convertido,,0.0,Conservador,Uganda
54250,Orgânico,2023-12-12,Convertido,9.0,8908.03,Agressivo,Martinique
54251,WhatsApp,2023-12-15,Não Convertido,,0.0,Moderado,Zimbabwe
54252,TikTok,2023-12-14,Não Convertido,,0.0,Conservador,Botswana
54253,Instagram,2023-12-11,Não Convertido,,0.0,Moderado,Liberia
54254,YouTube Ads,2023-12-16,Não Convertido,,0.0,Conservador,Denmark
54255,YouTube Ads,2023-12-14,Não Convertido,,0.0,Moderado,Singapore
54256,Google Ads,2023-12-14,Não Convertido,,0.0,Moderado,Namibia
54257,YouTube Ads,2023-12-13,Não Convertido,,0.0,Agressivo,Haiti
54258,Orgânico,2023-12-15,Não Convertido,,0.0,Conservador,Guyana
54259,WhatsApp,2023-12-15,Não Convertido,,0.0,Desconhecido,Moldova
54260,TikTok,2023-12-12,Não Convertido,,0.0,Desconhecido,Western Sahara
54261,E-mail Marketing,2023-12-16,Não Convertido,,0.0,Agressivo,Anguilla
54262,E-mail Marketing,2023-12-14,Não Convertido,,0.0,Moderado,Oman
54263,WhatsApp,2023-12-11,Não Convertido,,0.0,Desconhecido,Lebanon
54264,Orgânico,2023-12-14,Não Convertido,,0.0,Agressivo,Puerto Rico
54265,Orgânico,2023-12-11,Não Convertido,,0.0,Moderado,Belize
54266,Orgânico,2023-12-12,Não Convertido,,0.0,Moderado,China
54267,E-mail Marketing,2023-12-13,Não Convertido,,0.0,Moderado,Jersey
54268,Facebook,2023-12-13,Não Convertido,,0.0,Agressivo,Venezuela
54269,Google Ads,2023-12-16,Não Convertido,,0.0,Agressivo,Sri Lanka
54270,WhatsApp,2023-12-12,Não Convertido,,0.0,Desconhecido,El Salvador
54271,Orgânico,2023-12-13,Não Convertido,,0.0,Conservador,Bolivia
54272,Google Ads,2023-12-16,Não Convertido,,0.0,Moderado,Mexico
54273,Orgânico,2023-12-14,Não Convertido,,0.0,Moderado,Australia
54274,TikTok,2023-12-14,Não Convertido,,0.0,Moderado,Afghanistan
54275,Google Ads,2023-12-11,Não Convertido,,0.0,Agressivo,Anguilla
54276,YouTube Ads,2023-12-11,Não Convertido,,0.0,Conservador,Niger
54277,Indicação,2023-12-11,Não Convertido,,0.0,Conservador,Comoros
54278,YouTube Ads,2023-12-14,Não Convertido,,0.0,Moderado,Botswana
54279,Instagram,2023-12-14,Não Convertido,,0.0,Moderado,Azerbaijan
54280,WhatsApp,2023-12-14,Não Convertido,,0.0,Agressivo,United States of America
54281,TikTok,2023-12-14,Não Convertido,,0.0,Moderado,Sudan
54282,Instagram,2023-12-11,Não Convertido,,0.0,Moderado,Malawi
54283,YouTube Ads,2023-12-12,Não Convertido,,0.0,Moderado,Nauru
54284,Facebook,2023-12-11,Não Convertido,,0.0,Conservador,Saint Martin
54285,Facebook,2023-12-14,Não Convertido,,0.0,Moderado,Uzbekistan
54286,Facebook,2023-12-14,Não Convertido,,0.0,Agressivo,Falkland Islands (Malvinas)
54287,WhatsApp,2023-12-14,Não Convertido,,0.0,Conservador,Martinique
54288,WhatsApp,2023-12-15,Convertido,30.0,6382.53,Desconhecido,Congo
54289,Facebook,2023-12-12,Não Convertido,,0.0,Conservador,Kenya
54290,Google Ads,2023-12-12,Não Convertido,,0.0,Agressivo,Marshall Islands
54291,TikTok,2023-12-15,Não Convertido,,0.0,Conservador,French Southern Territories
54292,Instagram,2023-12-11,Não Convertido,,0.0,Moderado,Qatar
54293,WhatsApp,2023-12-11,Não Convertido,,0.0,Moderado,United Arab Emirates
54294,WhatsApp,2023-12-15,Não Convertido,,0.0,Moderado,Philippines
54295,TikTok,2023-12-15,Não Convertido,,0.0,Agressivo,Hungary
54296,Instagram,2023-12-13,Não Convertido,,0.0,Conservador,Serbia
54297,E-mail Marketing,2023-12-16,Não Convertido,,0.0,Agressivo,Russian Federation
54298,Orgânico,2023-12-13,Não Convertido,,0.0,Desconhecido,Poland
54299,Google Ads,2023-12-13,Convertido,3.0,5879.55,Moderado,Slovenia
54300,TikTok,2023-12-15,Não Convertido,,0.0,Moderado,Chile
54301,Instagram,2023-12-16,Não Convertido,,0.0,Moderado,Eritrea
54302,Orgânico,2023-12-15,Não Convertido,,0.0,Agressivo,Burundi
54303,Indicação,2023-12-16,Não Convertido,,0.0,Agressivo,Lesotho
54304,Instagram,2023-12-15,Não Convertido,,0.0,Moderado,Burundi
54305,TikTok,2023-12-14,Não Convertido,,0.0,Conservador,Cuba
54306,TikTok,2023-12-16,Não Convertido,,0.0,Moderado,Anguilla
54307,Google Ads,2023-12-12,Não Convertido,,0.0,Agressivo,Cayman Islands
54308,Facebook,2023-12-11,Não Convertido,,0.0,Moderado,Chile
54309,Facebook,2023-12-16,Não Convertido,,0.0,Agressivo,Benin
54310,Indicação,2023-12-11,Não Convertido,,0.0,Moderado,North Macedonia
54311,Indicação,2023-12-12,Não Convertido,,0.0,Agressivo,Grenada
54312,E-mail Marketing,2023-12-12,Não Convertido,,0.0,Moderado,Guyana
54313,TikTok,2023-12-14,Convertido,23.0,3108.02,Conservador,Kiribati
54314,YouTube Ads,2023-12-15,Não Convertido,,0.0,Moderado,Korea
54315,Google Ads,2023-12-11,Convertido,29.0,2602.91,Agressivo,Cape Verde
54316,WhatsApp,2023-12-13,Não Convertido,,0.0,Agressivo,Tonga
54317,Google Ads,2023-12-14,Não Convertido,,0.0,Moderado,Anguilla
54318,E-mail Marketing,2023-12-13,Não Convertido,,0.0,Agressivo,Italy
54319,Orgânico,2023-12-11,Não Convertido,,0.0,Agressivo,Switzerland
54320,TikTok,2023-12-11,Convertido,8.0,3837.71,Moderado,Western Sahara
54321,YouTube Ads,2023-12-16,Não Convertido,,0.0,Agressivo,Mauritania
54322,WhatsApp,2023-12-15,Não Convertido,,0.0,Conservador,Gibraltar
54323,YouTube Ads,2023-12-14,Convertido,6.0,5247.21,Moderado,Timor-Leste
54324,TikTok,2023-12-15,Não Convertido,,0.0,Agressivo,Isle of Man
54325,TikTok,2023-12-15,Não Convertido,,0.0,Conservador,Uruguay
54326,Indicação,2023-12-15,Não Convertido,,0.0,Agressivo,Italy
54327,TikTok,2023-12-15,Não Convertido,,0.0,Agressivo,Papua New Guinea
54328,E-mail Marketing,2023-12-13,Não Convertido,,0.0,Agressivo,Belgium
54329,Instagram,2023-12-14,Não Convertido,,0.0,Moderado,Timor-Leste
54330,Instagram,2023-12-11,Não Convertido,,0.0,Agressivo,Egypt
54331,Orgânico,2023-12-15,Não Convertido,,0.0,Desconhecido,Afghanistan
54332,Facebook,2023-12-15,Não Convertido,,0.0,Agressivo,Saudi Arabia
54333,Facebook,2023-12-14,Não Convertido,,0.0,Moderado,Heard Island and McDonald Islands
54334,YouTube Ads,2023-12-14,Não Convertido,,0.0,Moderado,Finland
54335,YouTube Ads,2023-12-14,Não Convertido,,0.0,Moderado,Aruba
54336,Orgânico,2023-12-14,Não Convertido,,0.0,Moderado,Saint Vincent and the Grenadines
54337,E-mail Marketing,2023-12-13,Não Convertido,,0.0,Conservador,Netherlands
54338,YouTube Ads,2023-12-15,Não Convertido,,0.0,Moderado,El Salvador
54339,Google Ads,2023-12-14,Não Convertido,,0.0,Moderado,Swaziland
54340,Orgânico,2023-12-13,Não Convertido,,0.0,Moderado,Nicaragua
54341,YouTube Ads,2023-12-11,Não Convertido,,0.0,Agressivo,Bhutan
54342,Orgânico,2023-12-14,Não Convertido,,0.0,Conservador,Estonia
54343,Facebook,2023-12-14,Não Convertido,,0.0,Agressivo,Jordan
54344,E-mail Marketing,2023-12-11,Não Convertido,,0.0,Moderado,Maldives
54345,Google Ads,2023-12-16,Não Convertido,,0.0,Agressivo,Seychelles
54346,E-mail Marketing,2023-12-16,Não Convertido,,0.0,Agressivo,Cuba
54347,TikTok,2023-12-11,Não Convertido,,0.0,Conservador,Andorra
54348,Orgânico,2023-12-14,Convertido,16.0,5151.5,Conservador,Barbados
54349,Orgânico,2023-12-14,Não Convertido,,0.0,Agressivo,Guernsey
54350,Indicação,2023-12-15,Não Convertido,,0.0,Moderado,Botswana
54351,Instagram,2023-12-15,Não Convertido,,0.0,Conservador,Georgia
54352,Google Ads,2023-12-15,Convertido,15.0,7062.64,Conservador,Greenland
54353,Google Ads,2023-12-15,Não Convertido,,0.0,Desconhecido,Northern Mariana Islands
54354,TikTok,2023-12-11,Não Convertido,,0.0,Agressivo,Montenegro
54355,YouTube Ads,2023-12-14,Não Convertido,,0.0,Moderado,Georgia
54356,TikTok,2023-12-11,Não Convertido,,0.0,Moderado,Panama
54357,Orgânico,2023-12-16,Não Convertido,,0.0,Desconhecido,Japan
54358,TikTok,2023-12-14,Convertido,12.0,7113.72,Moderado,Poland
54359,Facebook,2023-12-11,Não Convertido,,0.0,Moderado,Syrian Arab Republic
54360,TikTok,2023-12-13,Não Convertido,,0.0,Moderado,Congo
54361,YouTube Ads,2023-12-15,Não Convertido,,0.0,Moderado,Saint Vincent and the Grenadines
54362,TikTok,2023-12-13,Não Convertido,,0.0,Agressivo,Maldives
54363,E-mail Marketing,2023-12-11,Não Convertido,,0.0,Agressivo,Papua New Guinea
54364,E-mail Marketing,2023-12-16,Não Convertido,,0.0,Moderado,Congo
54365,Orgânico,2023-12-11,Não Convertido,,0.0,Desconhecido,Sweden
54366,Facebook,2023-12-16,Não Convertido,,0.0,Conservador,Vanuatu
54367,Instagram,2023-12-15,Não Convertido,,0.0,Desconhecido,Sudan
54368,Facebook,2023-12-15,Não Convertido,,0.0,Moderado,Togo
54369,Facebook,2023-12-11,Convertido,6.0,9567.96,Moderado,Pitcairn Islands
54370,Orgânico,2023-12-11,Não Convertido,,0.0,Moderado,Lao People's Democratic Republic
54371,Instagram,2023-12-11,Não Convertido,,0.0,Agressivo,Korea
54372,YouTube Ads,2023-12-14,Não Convertido,,0.0,Moderado,Poland
54373,Orgânico,2023-12-12,Não Convertido,,0.0,Agressivo,Finland
54374,Google Ads,2023-12-11,Não Convertido,,0.0,Conservador,Lesotho
54375,E-mail Marketing,2023-12-13,Não Convertido,,0.0,Moderado,United States Minor Outlying Islands
54376,Facebook,2023-12-15,Não Convertido,,0.0,Agressivo,Guadeloupe
54377,Orgânico,2023-12-12,Não Convertido,,0.0,Moderado,Moldova
54378,WhatsApp,2023-12-13,Não Convertido,,0.0,Conservador,French Guiana
54379,Facebook,2023-12-16,Não Convertido,,0.0,Moderado,Jordan
54380,Instagram,2023-12-11,Não Convertido,,0.0,Desconhecido,Christmas Island
54381,WhatsApp,2023-12-11,Não Convertido,,0.0,Moderado,Cook Islands
54382,Orgânico,2023-12-12,Não Convertido,,0.0,Conservador,Libyan Arab Jamahiriya
54383,Instagram,2023-12-11,Não Convertido,,0.0,Moderado,Venezuela
54384,WhatsApp,2023-12-14,Não Convertido,,0.0,Agressivo,Nepal
54385,E-mail Marketing,2023-12-12,Não Convertido,,0.0,Agressivo,Morocco
54386,Facebook,2023-12-14,Não Convertido,,0.0,Agressivo,Gabon
54387,TikTok,2023-12-11,Não Convertido,,0.0,Moderado,Iceland
54388,Instagram,2023-12-11,Não Convertido,,0.0,Moderado,Bahamas
54389,Orgânico,2023-12-15,Não Convertido,,0.0,Moderado,Iraq
54390,E-mail Marketing,2023-12-14,Não Convertido,,0.0,Moderado,Bouvet Island (Bouvetoya)
54391,E-mail Marketing,2023-12-15,Convertido,2.0,8115.69,Moderado,Russian Federation
54392,Instagram,2023-12-14,Não Convertido,,0.0,Conservador,Namibia
54393,Google Ads,2023-12-15,Não Convertido,,0.0,Moderado,South Georgia and the South Sandwich Islands
54394,Facebook,2023-12-13,Não Convertido,,0.0,Moderado,Austria
54395,Google Ads,2023-12-13,Não Convertido,,0.0,Moderado,Venezuela
54396,E-mail Marketing,2023-12-14,Não Convertido,,0.0,Agressivo,Vietnam
54397,Facebook,2023-12-11,Não Convertido,,0.0,Moderado,British Virgin Islands
54398,Google Ads,2023-12-12,Não Convertido,,0.0,Moderado,Palau
54399,Orgânico,2023-12-15,Não Convertido,,0.0,Desconhecido,Poland
54400,E-mail Marketing,2023-12-12,Não Convertido,,0.0,Moderado,Norway
54401,WhatsApp,2023-12-11,Não Convertido,,0.0,Conservador,Nepal
54402,Instagram,2023-12-12,Não Convertido,,0.0,Agressivo,Afghanistan
54403,Instagram,2023-12-15,Não Convertido,,0.0,Agressivo,Cocos (Keeling) Islands
54404,Instagram,2023-12-11,Não Convertido,,0.0,Desconhecido,Indonesia
54405,E-mail Marketing,2023-12-16,Convertido,20.0,7844.19,Moderado,Denmark
54406,Orgânico,2023-12-13,Não Convertido,,0.0,Moderado,Mayotte
54407,Facebook,2023-12-12,Não Convertido,,0.0,Agressivo,Liberia
54408,Orgânico,2023-12-13,Não Convertido,,0.0,Agressivo,Myanmar
54409,Instagram,2023-12-11,Não Convertido,,0.0,Agressivo,Nigeria
54410,Orgânico,2023-12-16,Não Convertido,,0.0,Agressivo,Afghanistan
54411,Facebook,2023-12-16,Não Convertido,,0.0,Moderado,Brazil
54412,WhatsApp,2023-12-11,Não Convertido,,0.0,Agressivo,Norfolk Island
54413,Google Ads,2023-12-16,Não Convertido,,0.0,Conservador,Burundi
54414,Google Ads,2023-12-13,Não Convertido,,0.0,Conservador,Malta
54415,YouTube Ads,2023-12-12,Não Convertido,,0.0,Desconhecido,Eritrea
54416,Facebook,2023-12-16,Não Convertido,,0.0,Moderado,Cook Islands
54417,E-mail Marketing,2023-12-15,Convertido,25.0,2037.67,Desconhecido,Grenada
54418,Instagram,2023-12-15,Não Convertido,,0.0,Desconhecido,Svalbard & Jan Mayen Islands
54419,Instagram,2023-12-13,Não Convertido,,0.0,Desconhecido,France
54420,E-mail Marketing,2023-12-12,Não Convertido,,0.0,Agressivo,Malawi
54421,Orgânico,2023-12-12,Não Convertido,,0.0,Agressivo,Cambodia
54422,Google Ads,2023-12-13,Não Convertido,,0.0,Conservador,New Zealand
54423,Instagram,2023-12-12,Não Convertido,,0.0,Moderado,Dominican Republic
54424,Instagram,2023-12-15,Não Convertido,,0.0,Desconhecido,Bangladesh
54425,TikTok,2023-12-11,Não Convertido,,0.0,Agressivo,Northern Mariana Islands
54426,TikTok,2023-12-16,Não Convertido,,0.0,Agressivo,Costa Rica
54427,Indicação,2023-12-15,Não Convertido,,0.0,Moderado,British Indian Ocean Territory (Chagos Archipelago)
54428,TikTok,2023-12-16,Não Convertido,,0.0,Moderado,Germany
54429,YouTube Ads,2023-12-14,Não Convertido,,0.0,Agressivo,Dominican Republic
54430,WhatsApp,2023-12-15,Não Convertido,,0.0,Agressivo,Bermuda
54431,Instagram,2023-12-12,Não Convertido,,0.0,Conservador,Denmark
54432,Facebook,2023-12-11,Não Convertido,,0.0,Agressivo,Saint Barthelemy
54433,Instagram,2023-12-15,Não Convertido,,0.0,Agressivo,Haiti
54434,E-mail Marketing,2023-12-13,Não Convertido,,0.0,Moderado,Denmark
54435,Instagram,2023-12-15,Não Convertido,,0.0,Moderado,Tunisia
54436,Indicação,2023-12-16,Não Convertido,,0.0,Moderado,Nigeria
54437,TikTok,2023-12-15,Não Convertido,,0.0,Moderado,Ukraine
54438,Orgânico,2023-12-13,Não Convertido,,0.0,Agressivo,Czech Republic
54439,TikTok,2023-12-11,Não Convertido,,0.0,Moderado,Gambia
54440,E-mail Marketing,2023-12-15,Não Convertido,,0.0,Moderado,Wallis and Futuna
54441,Instagram,2023-12-16,Não Convertido,,0.0,Agressivo,Zambia
54442,Orgânico,2023-12-14,Não Convertido,,0.0,Agressivo,Madagascar
54443,Orgânico,2023-12-14,Não Convertido,,0.0,Conservador,Tuvalu
54444,Google Ads,2023-12-15,Não Convertido,,0.0,Moderado,Chad
54445,Orgânico,2023-12-13,Não Convertido,,0.0,Agressivo,Turkey
54446,YouTube Ads,2023-12-16,Não Convertido,,0.0,Moderado,Haiti
54447,TikTok,2023-12-11,Não Convertido,,0.0,Moderado,Netherlands Antilles
54448,TikTok,2023-12-16,Não Convertido,,0.0,Moderado,Canada
54449,Orgânico,2023-12-13,Não Convertido,,0.0,Moderado,Japan
54450,Orgânico,2023-12-16,Não Convertido,,0.0,Conservador,Sierra Leone
54451,TikTok,2023-12-14,Não Convertido,,0.0,Moderado,Korea
54452,Facebook,2023-12-14,Não Convertido,,0.0,Agressivo,Faroe Islands
54453,Google Ads,2023-12-16,Não Convertido,,0.0,Desconhecido,Andorra
54454,YouTube Ads,2023-12-12,Não Convertido,,0.0,Moderado,Japan
54455,Orgânico,2023-12-16,Não Convertido,,0.0,Moderado,Jersey
54456,Facebook,2023-12-13,Não Convertido,,0.0,Moderado,Saint Kitts and Nevis
54457,WhatsApp,2023-12-11,Não Convertido,,0.0,Agressivo,South Africa
54458,Instagram,2023-12-16,Não Convertido,,0.0,Desconhecido,Mauritius
54459,Google Ads,2023-12-15,Não Convertido,,0.0,Conservador,Cocos (Keeling) Islands
54460,Google Ads,2023-12-12,Convertido,3.0,6640.26,Agressivo,Indonesia
54461,Google Ads,2023-12-13,Não Convertido,,0.0,Desconhecido,United Kingdom
54462,Orgânico,2023-12-16,Não Convertido,,0.0,Conservador,Turks and Caicos Islands
54463,Instagram,2023-12-16,Não Convertido,,0.0,Agressivo,Denmark
54464,Instagram,2023-12-11,Não Convertido,,0.0,Moderado,Ghana
54465,Facebook,2023-12-15,Não Convertido,,0.0,Agressivo,Belgium
54466,Facebook,2023-12-13,Não Convertido,,0.0,Conservador,Colombia
54467,Orgânico,2023-12-14,Não Convertido,,0.0,Conservador,Tonga
54468,Facebook,2023-12-14,Não Convertido,,0.0,Moderado,Gabon
54469,WhatsApp,2023-12-15,Não Convertido,,0.0,Conservador,Svalbard & Jan Mayen Islands
54470,Instagram,2023-12-16,Não Convertido,,0.0,Agressivo,Guadeloupe
54471,Facebook,2023-12-12,Convertido,30.0,3454.76,Moderado,Romania
54472,Orgânico,2023-12-15,Não Convertido,,0.0,Moderado,French Polynesia
54473,TikTok,2023-12-11,Não Convertido,,0.0,Agressivo,Belize
54474,YouTube Ads,2023-12-15,Não Convertido,,0.0,Agressivo,Mongolia
54475,Instagram,2023-12-13,Não Convertido,,0.0,Conservador,Libyan Arab Jamahiriya
54476,TikTok,2023-12-16,Não Convertido,,0.0,Agressivo,Cote d'Ivoire
54477,Google Ads,2023-12-16,Não Convertido,,0.0,Conservador,Tuvalu
54478,WhatsApp,2023-12-14,Não Convertido,,0.0,Agressivo,Korea
54479,Facebook,2023-12-13,Não Convertido,,0.0,Desconhecido,Tajikistan
54480,Instagram,2023-12-13,Não Convertido,,0.0,Agressivo,Mozambique
54481,Google Ads,2023-12-16,Não Convertido,,0.0,Conservador,Guinea-Bissau
54482,E-mail Marketing,2023-12-13,Não Convertido,,0.0,Desconhecido,Holy See (Vatican City State)
54483,Instagram,2023-12-14,Não Convertido,,0.0,Moderado,Cambodia
54484,Google Ads,2023-12-13,Não Convertido,,0.0,Agressivo,Reunion
54485,E-mail Marketing,2023-12-13,Não Convertido,,0.0,Agressivo,Guernsey
54486,Instagram,2023-12-13,Não Convertido,,0.0,Agressivo,Chad
54487,Orgânico,2023-12-15,Não Convertido,,0.0,Agressivo,Sri Lanka
54488,Orgânico,2023-12-15,Não Convertido,,0.0,Desconhecido,Jersey
54489,Google Ads,2023-12-15,Não Convertido,,0.0,Desconhecido,Liberia
54490,TikTok,2023-12-13,Não Convertido,,0.0,Agressivo,Saint Helena
54491,Orgânico,2023-12-12,Não Convertido,,0.0,Desconhecido,Myanmar
54492,TikTok,2023-12-14,Não Convertido,,0.0,Agressivo,Turkey
54493,Orgânico,2023-12-15,Não Convertido,,0.0,Conservador,Barbados
54494,Instagram,2023-12-13,Não Convertido,,0.0,Conservador,Brunei Darussalam
54495,Google Ads,2023-12-13,Não Convertido,,0.0,Desconhecido,Greenland
54496,Orgânico,2023-12-14,Convertido,26.0,2870.89,Moderado,Saint Pierre and Miquelon
54497,WhatsApp,2023-12-15,Não Convertido,,0.0,Moderado,Ethiopia
54498,Google Ads,2023-12-16,Não Convertido,,0.0,Desconhecido,Northern Mariana Islands
54499,Facebook,2023-12-16,Não Convertido,,0.0,Agressivo,Zimbabwe
54500,E-mail Marketing,2023-12-13,Não Convertido,,0.0,Moderado,Hong Kong
54501,Google Ads,2023-12-11,Não Convertido,,0.0,Moderado,Montserrat
54502,Indicação,2023-12-11,Não Convertido,,0.0,Agressivo,France
54503,Orgânico,2023-12-12,Não Convertido,,0.0,Conservador,Canada
54504,Instagram,2023-12-13,Convertido,3.0,2728.7,Conservador,Montserrat
54505,Orgânico,2023-12-11,Não Convertido,,0.0,Moderado,Guinea-Bissau
54506,TikTok,2023-12-16,Não Convertido,,0.0,Conservador,Montserrat
54507,TikTok,2023-12-12,Não Convertido,,0.0,Desconhecido,Saint Lucia
54508,Instagram,2023-12-13,Não Convertido,,0.0,Agressivo,Nepal
54509,Orgânico,2023-12-16,Não Convertido,,0.0,Agressivo,Pitcairn Islands
54510,Orgânico,2023-12-14,Não Convertido,,0.0,Agressivo,Niue
54511,WhatsApp,2023-12-11,Não Convertido,,0.0,Moderado,Jordan
54512,Facebook,2023-12-11,Não Convertido,,0.0,Conservador,Papua New Guinea
54513,Facebook,2023-12-14,Não Convertido,,0.0,Agressivo,Nepal
54514,Orgânico,2023-12-16,Não Convertido,,0.0,Agressivo,Anguilla
54515,TikTok,2023-12-11,Não Convertido,,0.0,Moderado,Cameroon
54516,TikTok,2023-12-15,Não Convertido,,0.0,Moderado,Belarus
54517,Instagram,2023-12-15,Não Convertido,,0.0,Agressivo,Korea
54518,Instagram,2023-12-14,Não Convertido,,0.0,Agressivo,Nicaragua
54519,Google Ads,2023-12-11,Não Convertido,,0.0,Moderado,Faroe Islands
54520,WhatsApp,2023-12-11,Não Convertido,,0.0,Moderado,Antarctica (the territory South of 60 deg S)
54521,E-mail Marketing,2023-12-16,Não Convertido,,0.0,Agressivo,Holy See (Vatican City State)
54522,TikTok,2023-12-13,Não Convertido,,0.0,Agressivo,Guam
54523,WhatsApp,2023-12-16,Não Convertido,,0.0,Agressivo,Barbados
54524,Orgânico,2023-12-13,Não Convertido,,0.0,Moderado,Saudi Arabia
54525,Instagram,2023-12-11,Não Convertido,,0.0,Conservador,Svalbard & Jan Mayen Islands
54526,YouTube Ads,2023-12-13,Não Convertido,,0.0,Conservador,Togo
54527,Instagram,2023-12-14,Não Convertido,,0.0,Conservador,Japan
54528,Indicação,2023-12-13,Não Convertido,,0.0,Moderado,Guadeloupe
54529,Google Ads,2023-12-14,Não Convertido,,0.0,Agressivo,Libyan Arab Jamahiriya
54530,Orgânico,2023-12-14,Não Convertido,,0.0,Conservador,Bahrain
54531,WhatsApp,2023-12-15,Não Convertido,,0.0,Agressivo,Marshall Islands
54532,WhatsApp,2023-12-15,Convertido,7.0,5154.57,Moderado,Sao Tome and Principe
54533,WhatsApp,2023-12-16,Convertido,7.0,9466.57,Moderado,Greece
54534,Orgânico,2023-12-11,Não Convertido,,0.0,Moderado,Monaco
54535,E-mail Marketing,2023-12-14,Não Convertido,,0.0,Agressivo,Israel
54536,Instagram,2023-12-16,Não Convertido,,0.0,Agressivo,Burkina Faso
54537,WhatsApp,2023-12-14,Não Convertido,,0.0,Agressivo,Australia
54538,TikTok,2023-12-11,Não Convertido,,0.0,Moderado,Senegal
54539,YouTube Ads,2023-12-15,Não Convertido,,0.0,Desconhecido,Montenegro
54540,Google Ads,2023-12-16,Não Convertido,,0.0,Moderado,Burundi
54541,E-mail Marketing,2023-12-16,Não Convertido,,0.0,Moderado,Singapore
54542,Facebook,2023-12-16,Não Convertido,,0.0,Moderado,Rwanda
54543,Facebook,2023-12-15,Não Convertido,,0.0,Agressivo,Guinea-Bissau
54544,E-mail Marketing,2023-12-15,Não Convertido,,0.0,Moderado,Kyrgyz Republic
54545,WhatsApp,2023-12-14,Não Convertido,,0.0,Moderado,Sudan
54546,Orgânico,2023-12-12,Não Convertido,,0.0,Desconhecido,Bouvet Island (Bouvetoya)
54547,WhatsApp,2023-12-14,Não Convertido,,0.0,Conservador,Martinique
54548,WhatsApp,2023-12-11,Não Convertido,,0.0,Conservador,Egypt
54549,Orgânico,2023-12-11,Não Convertido,,0.0,Conservador,Norway
54550,Orgânico,2023-12-11,Não Convertido,,0.0,Moderado,Poland
54551,E-mail Marketing,2023-12-16,Não Convertido,,0.0,Conservador,Azerbaijan
54552,TikTok,2023-12-14,Não Convertido,,0.0,Moderado,Indonesia
54553,E-mail Marketing,2023-12-13,Não Convertido,,0.0,Conservador,Papua New Guinea
54554,TikTok,2023-12-16,Não Convertido,,0.0,Desconhecido,Switzerland
54555,E-mail Marketing,2023-12-12,Não Convertido,,0.0,Moderado,Yemen
54556,TikTok,2023-12-12,Não Convertido,,0.0,Agressivo,Swaziland
54557,Orgânico,2023-12-15,Não Convertido,,0.0,Moderado,Puerto Rico
54558,YouTube Ads,2023-12-15,Não Convertido,,0.0,Moderado,San Marino
54559,Indicação,2023-12-15,Convertido,23.0,6397.56,Moderado,Albania
54560,YouTube Ads,2023-12-12,Convertido,11.0,4528.93,Conservador,Christmas Island
54561,WhatsApp,2023-12-16,Não Convertido,,0.0,Moderado,Taiwan
54562,Indicação,2023-12-16,Não Convertido,,0.0,Agressivo,Lao People's Democratic Republic
54563,TikTok,2023-12-11,Não Convertido,,0.0,Moderado,French Polynesia
54564,WhatsApp,2023-12-14,Não Convertido,,0.0,Conservador,Bhutan
54565,E-mail Marketing,2023-12-14,Não Convertido,,0.0,Agressivo,Antigua and Barbuda
54566,YouTube Ads,2023-12-11,Não Convertido,,0.0,Moderado,Vietnam
54567,Facebook,2023-12-16,Não Convertido,,0.0,Agressivo,French Guiana
54568,TikTok,2023-12-15,Não Convertido,,0.0,Agressivo,Pakistan
54569,TikTok,2023-12-12,Não Convertido,,0.0,Conservador,Egypt
54570,Facebook,2023-12-13,Não Convertido,,0.0,Agressivo,Lithuania
54571,Google Ads,2023-12-13,Não Convertido,,0.0,Agressivo,Algeria
54572,Orgânico,2023-12-14,Não Convertido,,0.0,Moderado,Singapore
54573,Orgânico,2023-12-14,Não Convertido,,0.0,Conservador,Morocco
54574,TikTok,2023-12-11,Não Convertido,,0.0,Moderado,Mali
54575,TikTok,2023-12-16,Não Convertido,,0.0,Moderado,Malawi
54576,E-mail Marketing,2023-12-13,Não Convertido,,0.0,Moderado,Angola
54577,E-mail Marketing,2023-12-12,Não Convertido,,0.0,Agressivo,Monaco
54578,Instagram,2023-12-13,Não Convertido,,0.0,Conservador,Reunion
54579,Facebook,2023-12-14,Não Convertido,,0.0,Conservador,Gabon
54580,Google Ads,2023-12-15,Não Convertido,,0.0,Agressivo,Palestinian Territory
54581,E-mail Marketing,2023-12-15,Não Convertido,,0.0,Moderado,Ukraine
54582,Instagram,2023-12-12,Não Convertido,,0.0,Agressivo,Bouvet Island (Bouvetoya)
54583,E-mail Marketing,2023-12-12,Não Convertido,,0.0,Agressivo,Iceland
54584,Google Ads,2023-12-11,Não Convertido,,0.0,Moderado,Norfolk Island
54585,Facebook,2023-12-12,Não Convertido,,0.0,Desconhecido,Anguilla
54586,Instagram,2023-12-12,Não Convertido,,0.0,Conservador,Saint Helena
54587,Orgânico,2023-12-16,Não Convertido,,0.0,Moderado,Montenegro
54588,Orgânico,2023-12-16,Não Convertido,,0.0,Conservador,Colombia
54589,Google Ads,2023-12-15,Não Convertido,,0.0,Agressivo,Portugal
54590,TikTok,2023-12-16,Não Convertido,,0.0,Desconhecido,Bulgaria
54591,WhatsApp,2023-12-15,Não Convertido,,0.0,Moderado,Congo
54592,E-mail Marketing,2023-12-14,Não Convertido,,0.0,Agressivo,Hong Kong
54593,E-mail Marketing,2023-12-13,Não Convertido,,0.0,Conservador,Grenada
54594,YouTube Ads,2023-12-16,Não Convertido,,0.0,Agressivo,Azerbaijan
54595,Orgânico,2023-12-15,Não Convertido,,0.0,Conservador,Seychelles
54596,Instagram,2023-12-15,Não Convertido,,0.0,Moderado,Panama
54597,Indicação,2023-12-14,Não Convertido,,0.0,Conservador,Saudi Arabia
54598,WhatsApp,2023-12-11,Não Convertido,,0.0,Agressivo,Morocco
54599,TikTok,2023-12-12,Não Convertido,,0.0,Moderado,Tunisia
54600,Google Ads,2023-12-13,Não Convertido,,0.0,Agressivo,Venezuela
54601,YouTube Ads,2023-12-15,Não Convertido,,0.0,Conservador,Tunisia
54602,Google Ads,2023-12-14,Não Convertido,,0.0,Agressivo,United Arab Emirates
54603,Orgânico,2023-12-16,Convertido,5.0,3649.92,Moderado,Cambodia
54604,E-mail Marketing,2023-12-12,Não Convertido,,0.0,Conservador,British Virgin Islands
54605,E-mail Marketing,2023-12-16,Não Convertido,,0.0,Moderado,Montserrat
54606,Instagram,2023-12-12,Não Convertido,,0.0,Conservador,Saint Martin
54607,Google Ads,2023-12-12,Não Convertido,,0.0,Agressivo,Gambia
54608,WhatsApp,2023-12-16,Não Convertido,,0.0,Conservador,Mauritania
54609,WhatsApp,2023-12-15,Não Convertido,,0.0,Desconhecido,Marshall Islands
54610,Facebook,2023-12-14,Não Convertido,,0.0,Agressivo,French Southern Territories
54611,WhatsApp,2023-12-14,Não Convertido,,0.0,Agressivo,Turks and Caicos Islands
54612,E-mail Marketing,2023-12-11,Não Convertido,,0.0,Agressivo,Saint Vincent and the Grenadines
54613,Google Ads,2023-12-15,Não Convertido,,0.0,Moderado,Saint Barthelemy
54614,E-mail Marketing,2023-12-14,Não Convertido,,0.0,Conservador,Iceland
54615,Orgânico,2023-12-14,Não Convertido,,0.0,Moderado,Liberia
54616,YouTube Ads,2023-12-12,Não Convertido,,0.0,Moderado,Nepal
54617,E-mail Marketing,2023-12-15,Convertido,7.0,8322.89,Agressivo,Ethiopia
54618,WhatsApp,2023-12-13,Não Convertido,,0.0,Moderado,Mongolia
54619,Orgânico,2023-12-16,Não Convertido,,0.0,Agressivo,Azerbaijan
54620,Orgânico,2023-12-16,Não Convertido,,0.0,Moderado,British Indian Ocean Territory (Chagos Archipelago)
54621,Facebook,2023-12-16,Não Convertido,,0.0,Moderado,Norfolk Island
54622,TikTok,2023-12-14,Não Convertido,,0.0,Moderado,Iceland
54623,E-mail Marketing,2023-12-12,Não Convertido,,0.0,Conservador,Myanmar
54624,Instagram,2023-12-14,Não Convertido,,0.0,Conservador,San Marino
54625,TikTok,2023-12-11,Não Convertido,,0.0,Agressivo,Liechtenstein
54626,TikTok,2023-12-16,Não Convertido,,0.0,Agressivo,Lesotho
54627,Orgânico,2023-12-12,Não Convertido,,0.0,Moderado,Turkmenistan
54628,Orgânico,2023-12-12,Não Convertido,,0.0,Moderado,Western Sahara
54629,Instagram,2023-12-12,Não Convertido,,0.0,Moderado,Faroe Islands
54630,YouTube Ads,2023-12-14,Não Convertido,,0.0,Agressivo,Cocos (Keeling) Islands
54631,E-mail Marketing,2023-12-12,Não Convertido,,0.0,Moderado,Bhutan
54632,Orgânico,2023-12-13,Não Convertido,,0.0,Conservador,Taiwan
54633,E-mail Marketing,2023-12-11,Não Convertido,,0.0,Conservador,India
54634,WhatsApp,2023-12-11,Não Convertido,,0.0,Agressivo,Kiribati
54635,Google Ads,2023-12-14,Não Convertido,,0.0,Moderado,Cambodia
54636,Google Ads,2023-12-13,Não Convertido,,0.0,Agressivo,Denmark
54637,Instagram,2023-12-15,Não Convertido,,0.0,Moderado,Colombia
54638,YouTube Ads,2023-12-12,Não Convertido,,0.0,Agressivo,Liberia
54639,Orgânico,2023-12-11,Não Convertido,,0.0,Moderado,Bosnia and Herzegovina
54640,YouTube Ads,2023-12-15,Não Convertido,,0.0,Agressivo,Lesotho
54641,Orgânico,2023-12-15,Não Convertido,,0.0,Conservador,Bhutan
54642,Facebook,2023-12-15,Não Convertido,,0.0,Moderado,Reunion
54643,Orgânico,2023-12-13,Não Convertido,,0.0,Moderado,Peru
54644,Google Ads,2023-12-12,Não Convertido,,0.0,Moderado,Somalia
54645,E-mail Marketing,2023-12-12,Não Convertido,,0.0,Agressivo,Azerbaijan
54646,TikTok,2023-12-13,Não Convertido,,0.0,Conservador,Sudan
54647,Orgânico,2023-12-11,Não Convertido,,0.0,Agressivo,Zambia
54648,Orgânico,2023-12-11,Não Convertido,,0.0,Moderado,Libyan Arab Jamahiriya
54649,Orgânico,2023-12-14,Não Convertido,,0.0,Moderado,Antarctica (the territory South of 60 deg S)
54650,Orgânico,2023-12-11,Não Convertido,,0.0,Conservador,Japan
54651,WhatsApp,2023-12-15,Não Convertido,,0.0,Moderado,Oman
54652,YouTube Ads,2023-12-14,Convertido,14.0,9803.17,Conservador,Saint Helena
54653,Orgânico,2023-12-13,Não Convertido,,0.0,Desconhecido,New Caledonia
54654,Indicação,2023-12-11,Não Convertido,,0.0,Moderado,Saint Martin
54655,E-mail Marketing,2023-12-16,Não Convertido,,0.0,Agressivo,Philippines
54656,Orgânico,2023-12-11,Não Convertido,,0.0,Conservador,United States of America
54657,WhatsApp,2023-12-14,Não Convertido,,0.0,Agressivo,Egypt
54658,Indicação,2023-12-14,Não Convertido,,0.0,Desconhecido,Reunion
54659,E-mail Marketing,2023-12-14,Não Convertido,,0.0,Agressivo,Burundi
54660,YouTube Ads,2023-12-11,Não Convertido,,0.0,Moderado,Tunisia
54661,Google Ads,2023-12-11,Não Convertido,,0.0,Moderado,Sierra Leone
54662,TikTok,2023-12-15,Não Convertido,,0.0,Moderado,South Africa
54663,WhatsApp,2023-12-15,Não Convertido,,0.0,Desconhecido,Latvia
54664,YouTube Ads,2023-12-11,Não Convertido,,0.0,Moderado,British Virgin Islands
54665,E-mail Marketing,2023-12-16,Não Convertido,,0.0,Agressivo,Pitcairn Islands
54666,E-mail Marketing,2023-12-14,Não Convertido,,0.0,Moderado,Uruguay
54667,TikTok,2023-12-15,Não Convertido,,0.0,Agressivo,Russian Federation
54668,YouTube Ads,2023-12-12,Não Convertido,,0.0,Moderado,Saudi Arabia
54669,Google Ads,2023-12-12,Não Convertido,,0.0,Agressivo,Lesotho
54670,TikTok,2023-12-16,Não Convertido,,0.0,Moderado,Egypt
54671,TikTok,2023-12-14,Não Convertido,,0.0,Moderado,Guadeloupe
54672,Orgânico,2023-12-16,Não Convertido,,0.0,Conservador,Norway
54673,Orgânico,2023-12-16,Não Convertido,,0.0,Agressivo,Japan
54674,Indicação,2023-12-12,Não Convertido,,0.0,Agressivo,Togo
54675,WhatsApp,2023-12-16,Não Convertido,,0.0,Agressivo,South Africa
54676,Orgânico,2023-12-15,Não Convertido,,0.0,Conservador,Oman
54677,Instagram,2023-12-12,Não Convertido,,0.0,Moderado,Chad
54678,Google Ads,2023-12-15,Não Convertido,,0.0,Moderado,Morocco
54679,Google Ads,2023-12-14,Não Convertido,,0.0,Moderado,Turkey
54680,Instagram,2023-12-12,Não Convertido,,0.0,Moderado,Finland
54681,Facebook,2023-12-15,Não Convertido,,0.0,Moderado,Venezuela
54682,Instagram,2023-12-15,Não Convertido,,0.0,Moderado,Palau
54683,Indicação,2023-12-16,Não Convertido,,0.0,Conservador,Greece
54684,E-mail Marketing,2023-12-11,Não Convertido,,0.0,Conservador,Argentina
54685,Orgânico,2023-12-11,Não Convertido,,0.0,Agressivo,Bouvet Island (Bouvetoya)
54686,WhatsApp,2023-12-15,Não Convertido,,0.0,Conservador,Kiribati
54687,TikTok,2023-12-16,Não Convertido,,0.0,Agressivo,Haiti
54688,Instagram,2023-12-14,Não Convertido,,0.0,Agressivo,Dominica
54689,Orgânico,2023-12-11,Não Convertido,,0.0,Agressivo,Slovakia (Slovak Republic)
54690,WhatsApp,2023-12-12,Não Convertido,,0.0,Moderado,Tanzania
54691,Facebook,2023-12-16,Não Convertido,,0.0,Agressivo,Serbia
54692,Facebook,2023-12-14,Não Convertido,,0.0,Agressivo,United Kingdom
54693,Instagram,2023-12-12,Não Convertido,,0.0,Moderado,Russian Federation
54694,TikTok,2023-12-13,Não Convertido,,0.0,Moderado,Netherlands Antilles
54695,WhatsApp,2023-12-16,Não Convertido,,0.0,Desconhecido,Guinea
54696,Orgânico,2023-12-12,Não Convertido,,0.0,Moderado,Cameroon
54697,Google Ads,2023-12-14,Não Convertido,,0.0,Moderado,Bahrain
54698,Facebook,2023-12-14,Não Convertido,,0.0,Moderado,Gabon
54699,Facebook,2023-12-14,Não Convertido,,0.0,Agressivo,Pitcairn Islands
54700,Orgânico,2023-12-15,Não Convertido,,0.0,Moderado,Philippines
54701,Instagram,2023-12-14,Não Convertido,,0.0,Agressivo,Albania
54702,Facebook,2023-12-12,Não Convertido,,0.0,Conservador,Bulgaria
54703,Orgânico,2023-12-12,Não Convertido,,0.0,Conservador,Romania
54704,TikTok,2023-12-15,Não Convertido,,0.0,Agressivo,Nigeria
54705,E-mail Marketing,2023-12-14,Não Convertido,,0.0,Moderado,Guernsey
54706,Indicação,2023-12-11,Não Convertido,,0.0,Moderado,Qatar
54707,TikTok,2023-12-14,Não Convertido,,0.0,Moderado,Bermuda
54708,E-mail Marketing,2023-12-15,Não Convertido,,0.0,Moderado,Mozambique
54709,Facebook,2023-12-13,Não Convertido,,0.0,Moderado,Vanuatu
54710,E-mail Marketing,2023-12-15,Não Convertido,,0.0,Moderado,Armenia
54711,Facebook,2023-12-15,Não Convertido,,0.0,Moderado,Afghanistan
54712,Orgânico,2023-12-15,Não Convertido,,0.0,Desconhecido,Cyprus
54713,Facebook,2023-12-16,Não Convertido,,0.0,Conservador,Ireland
54714,Google Ads,2023-12-15,Não Convertido,,0.0,Desconhecido,Guinea
54715,TikTok,2023-12-11,Não Convertido,,0.0,Desconhecido,Western Sahara
54716,TikTok,2023-12-16,Não Convertido,,0.0,Moderado,Namibia
54717,Orgânico,2023-12-14,Não Convertido,,0.0,Agressivo,Malaysia
54718,TikTok,2023-12-15,Convertido,27.0,8494.56,Moderado,Saint Pierre and Miquelon
54719,Orgânico,2023-12-14,Não Convertido,,0.0,Agressivo,Colombia
54720,Facebook,2023-12-12,Não Convertido,,0.0,Moderado,Papua New Guinea
54721,YouTube Ads,2023-12-14,Não Convertido,,0.0,Desconhecido,Cote d'Ivoire
54722,TikTok,2023-12-14,Não Convertido,,0.0,Moderado,Lebanon
54723,Facebook,2023-12-16,Convertido,14.0,9154.81,Conservador,Anguilla
54724,Facebook,2023-12-16,Não Convertido,,0.0,Conservador,Lao People's Democratic Republic
54725,Orgânico,2023-12-15,Não Convertido,,0.0,Moderado,Austria
54726,Orgânico,2023-12-11,Não Convertido,,0.0,Moderado,Romania
54727,TikTok,2023-12-11,Não Convertido,,0.0,Desconhecido,Philippines
54728,Facebook,2023-12-13,Não Convertido,,0.0,Agressivo,Dominica
54729,Orgânico,2023-12-12,Não Convertido,,0.0,Agressivo,Angola
54730,TikTok,2023-12-16,Não Convertido,,0.0,Moderado,Singapore
54731,E-mail Marketing,2023-12-12,Não Convertido,,0.0,Moderado,Ecuador
54732,TikTok,2023-12-14,Não Convertido,,0.0,Conservador,British Virgin Islands
54733,YouTube Ads,2023-12-16,Não Convertido,,0.0,Moderado,San Marino
54734,Indicação,2023-12-12,Não Convertido,,0.0,Agressivo,Azerbaijan
54735,Instagram,2023-12-16,Não Convertido,,0.0,Moderado,British Indian Ocean Territory (Chagos Archipelago)
54736,Orgânico,2023-12-12,Não Convertido,,0.0,Agressivo,Vietnam
54737,E-mail Marketing,2023-12-15,Não Convertido,,0.0,Moderado,Malta
54738,Facebook,2023-12-11,Não Convertido,,0.0,Desconhecido,Swaziland
54739,YouTube Ads,2023-12-12,Não Convertido,,0.0,Conservador,Falkland Islands (Malvinas)
54740,Indicação,2023-12-13,Convertido,14.0,1299.05,Moderado,Monaco
54741,Orgânico,2023-12-11,Não Convertido,,0.0,Conservador,Benin
54742,Indicação,2023-12-13,Não Convertido,,0.0,Agressivo,Argentina
54743,Indicação,2023-12-13,Não Convertido,,0.0,Agressivo,Thailand
54744,Google Ads,2023-12-15,Não Convertido,,0.0,Moderado,Switzerland
54745,Facebook,2023-12-12,Convertido,0.0,3741.96,Conservador,Netherlands Antilles
54746,Instagram,2023-12-12,Não Convertido,,0.0,Conservador,Reunion
54747,Orgânico,2023-12-16,Não Convertido,,0.0,Conservador,Seychelles
54748,Orgânico,2023-12-12,Não Convertido,,0.0,Desconhecido,United Kingdom
54749,E-mail Marketing,2023-12-13,Não Convertido,,0.0,Conservador,Northern Mariana Islands
54750,Orgânico,2023-12-14,Não Convertido,,0.0,Moderado,Bulgaria
54751,TikTok,2023-12-15,Não Convertido,,0.0,Moderado,Pitcairn Islands
54752,Google Ads,2023-12-14,Não Convertido,,0.0,Agressivo,Romania
54753,Instagram,2023-12-13,Não Convertido,,0.0,Agressivo,Saint Vincent and the Grenadines
54754,TikTok,2023-12-16,Não Convertido,,0.0,Moderado,Cayman Islands
54755,Google Ads,2023-12-11,Convertido,7.0,5212.88,Moderado,Mozambique
54756,Indicação,2023-12-15,Não Convertido,,0.0,Moderado,Congo
54757,E-mail Marketing,2023-12-12,Não Convertido,,0.0,Conservador,Nicaragua
54758,E-mail Marketing,2023-12-15,Não Convertido,,0.0,Agressivo,Panama
54759,Orgânico,2023-12-11,Não Convertido,,0.0,Moderado,Lithuania
54760,E-mail Marketing,2023-12-12,Não Convertido,,0.0,Agressivo,Tunisia
54761,E-mail Marketing,2023-12-14,Não Convertido,,0.0,Conservador,Latvia
54762,TikTok,2023-12-12,Não Convertido,,0.0,Desconhecido,Azerbaijan
54763,Orgânico,2023-12-15,Convertido,25.0,880.64,Moderado,Netherlands Antilles
54764,E-mail Marketing,2023-12-11,Não Convertido,,0.0,Moderado,Saudi Arabia
54765,Indicação,2023-12-12,Não Convertido,,0.0,Moderado,Tokelau
54766,TikTok,2023-12-14,Não Convertido,,0.0,Conservador,Lao People's Democratic Republic
54767,E-mail Marketing,2023-12-16,Não Convertido,,0.0,Agressivo,Puerto Rico
54768,E-mail Marketing,2023-12-14,Não Convertido,,0.0,Conservador,Cuba
54769,E-mail Marketing,2023-12-11,Não Convertido,,0.0,Conservador,French Polynesia
54770,Facebook,2023-12-15,Não Convertido,,0.0,Agressivo,Moldova
54771,WhatsApp,2023-12-13,Não Convertido,,0.0,Moderado,Sri Lanka
54772,Indicação,2023-12-13,Não Convertido,,0.0,Conservador,Antarctica (the territory South of 60 deg S)
54773,YouTube Ads,2023-12-13,Não Convertido,,0.0,Agressivo,Liberia
54774,Instagram,2023-12-12,Não Convertido,,0.0,Agressivo,Gibraltar
54775,Orgânico,2023-12-11,Não Convertido,,0.0,Agressivo,Switzerland
54776,Instagram,2023-12-16,Não Convertido,,0.0,Moderado,Norway
54777,YouTube Ads,2023-12-11,Não Convertido,,0.0,Moderado,Germany
54778,Google Ads,2023-12-14,Não Convertido,,0.0,Conservador,Solomon Islands
54779,Facebook,2023-12-14,Não Convertido,,0.0,Moderado,Wallis and Futuna
54780,TikTok,2023-12-15,Não Convertido,,0.0,Agressivo,Svalbard & Jan Mayen Islands
54781,YouTube Ads,2023-12-11,Não Convertido,,0.0,Conservador,Uganda
54782,Google Ads,2023-12-16,Não Convertido,,0.0,Moderado,Eritrea
54783,YouTube Ads,2023-12-15,Não Convertido,,0.0,Moderado,Finland
54784,TikTok,2023-12-16,Não Convertido,,0.0,Moderado,Mauritania
54785,TikTok,2023-12-12,Não Convertido,,0.0,Moderado,Western Sahara
54786,WhatsApp,2023-12-15,Não Convertido,,0.0,Agressivo,Bolivia
54787,Facebook,2023-12-15,Não Convertido,,0.0,Agressivo,British Indian Ocean Territory (Chagos Archipelago)
54788,WhatsApp,2023-12-14,Não Convertido,,0.0,Conservador,Jordan
54789,YouTube Ads,2023-12-12,Não Convertido,,0.0,Desconhecido,Swaziland
54790,Indicação,2023-12-12,Não Convertido,,0.0,Moderado,Slovakia (Slovak Republic)
54791,TikTok,2023-12-14,Não Convertido,,0.0,Moderado,Saudi Arabia
54792,Google Ads,2023-12-16,Convertido,24.0,1199.04,Conservador,Moldova
54793,TikTok,2023-12-12,Não Convertido,,0.0,Agressivo,India
54794,Orgânico,2023-12-12,Não Convertido,,0.0,Agressivo,Saint Pierre and Miquelon
54795,YouTube Ads,2023-12-14,Não Convertido,,0.0,Agressivo,Uruguay
54796,YouTube Ads,2023-12-11,Não Convertido,,0.0,Moderado,Azerbaijan
54797,Google Ads,2023-12-14,Não Convertido,,0.0,Agressivo,Ecuador
54798,Orgânico,2023-12-13,Não Convertido,,0.0,Desconhecido,Malta
54799,WhatsApp,2023-12-13,Não Convertido,,0.0,Agressivo,Kuwait
54800,WhatsApp,2023-12-14,Não Convertido,,0.0,Moderado,Montenegro
54801,Orgânico,2023-12-14,Não Convertido,,0.0,Agressivo,India
54802,TikTok,2023-12-15,Não Convertido,,0.0,Moderado,Slovakia (Slovak Republic)
54803,Instagram,2023-12-15,Não Convertido,,0.0,Desconhecido,American Samoa
54804,YouTube Ads,2023-12-16,Não Convertido,,0.0,Moderado,Swaziland
54805,WhatsApp,2023-12-16,Não Convertido,,0.0,Agressivo,Libyan Arab Jamahiriya
54806,TikTok,2023-12-15,Não Convertido,,0.0,Moderado,Mauritius
54807,E-mail Marketing,2023-12-13,Não Convertido,,0.0,Moderado,Russian Federation
54808,Google Ads,2023-12-14,Não Convertido,,0.0,Agressivo,Guatemala
54809,E-mail Marketing,2023-12-11,Não Convertido,,0.0,Agressivo,Gambia
54810,WhatsApp,2023-12-11,Não Convertido,,0.0,Conservador,United Arab Emirates
54811,E-mail Marketing,2023-12-16,Não Convertido,,0.0,Conservador,Bulgaria
54812,YouTube Ads,2023-12-15,Não Convertido,,0.0,Moderado,Bahamas
54813,TikTok,2023-12-16,Não Convertido,,0.0,Moderado,Malawi
54814,TikTok,2023-12-16,Não Convertido,,0.0,Moderado,Madagascar
54815,TikTok,2023-12-13,Não Convertido,,0.0,Conservador,Georgia
54816,Orgânico,2023-12-11,Não Convertido,,0.0,Agressivo,Falkland Islands (Malvinas)
54817,Orgânico,2023-12-15,Não Convertido,,0.0,Agressivo,Peru
54818,Orgânico,2023-12-14,Não Convertido,,0.0,Conservador,Tunisia
54819,WhatsApp,2023-12-16,Não Convertido,,0.0,Moderado,Turkmenistan
54820,Instagram,2023-12-15,Não Convertido,,0.0,Moderado,Antigua and Barbuda
54821,E-mail Marketing,2023-12-14,Não Convertido,,0.0,Agressivo,Cyprus
54822,TikTok,2023-12-16,Não Convertido,,0.0,Conservador,Azerbaijan
54823,WhatsApp,2023-12-14,Não Convertido,,0.0,Moderado,Mauritius
54824,TikTok,2023-12-13,Não Convertido,,0.0,Conservador,Nauru
54825,Instagram,2023-12-16,Não Convertido,,0.0,Agressivo,Pakistan
54826,Instagram,2023-12-16,Não Convertido,,0.0,Agressivo,Falkland Islands (Malvinas)
54827,E-mail Marketing,2023-12-13,Convertido,1.0,4122.7,Desconhecido,Macao
54828,Orgânico,2023-12-16,Não Convertido,,0.0,Desconhecido,Hong Kong
54829,Instagram,2023-12-15,Não Convertido,,0.0,Conservador,Moldova
54830,TikTok,2023-12-12,Não Convertido,,0.0,Conservador,Marshall Islands
54831,TikTok,2023-12-13,Não Convertido,,0.0,Agressivo,Zimbabwe
54832,Google Ads,2023-12-14,Não Convertido,,0.0,Moderado,Ireland
54833,Indicação,2023-12-16,Não Convertido,,0.0,Conservador,Ukraine
54834,E-mail Marketing,2023-12-15,Não Convertido,,0.0,Moderado,Turkey
54835,Facebook,2023-12-11,Não Convertido,,0.0,Agressivo,Mali
54836,E-mail Marketing,2023-12-16,Não Convertido,,0.0,Moderado,Barbados
54837,TikTok,2023-12-13,Não Convertido,,0.0,Agressivo,Guinea-Bissau
54838,Orgânico,2023-12-16,Não Convertido,,0.0,Moderado,Kuwait
54839,Orgânico,2023-12-13,Não Convertido,,0.0,Moderado,Saint Helena
54840,YouTube Ads,2023-12-11,Não Convertido,,0.0,Agressivo,Papua New Guinea
54841,E-mail Marketing,2023-12-13,Não Convertido,,0.0,Moderado,Rwanda
54842,Google Ads,2023-12-16,Não Convertido,,0.0,Desconhecido,Cuba
54843,Instagram,2023-12-16,Não Convertido,,0.0,Agressivo,Wallis and Futuna
54844,Instagram,2023-12-13,Não Convertido,,0.0,Conservador,China
54845,YouTube Ads,2023-12-16,Convertido,10.0,4511.95,Agressivo,Mexico
54846,Google Ads,2023-12-14,Não Convertido,,0.0,Desconhecido,Ecuador
54847,Instagram,2023-12-15,Não Convertido,,0.0,Conservador,Indonesia
54848,Facebook,2023-12-14,Não Convertido,,0.0,Agressivo,French Southern Territories
54849,Indicação,2023-12-15,Não Convertido,,0.0,Agressivo,Moldova
54850,Google Ads,2023-12-13,Não Convertido,,0.0,Moderado,Somalia
54851,Google Ads,2023-12-12,Não Convertido,,0.0,Moderado,Ethiopia
54852,Instagram,2023-12-14,Não Convertido,,0.0,Desconhecido,Guyana
54853,TikTok,2023-12-13,Convertido,3.0,6519.76,Moderado,Senegal
54854,TikTok,2023-12-12,Não Convertido,,0.0,Moderado,Tunisia
54855,Instagram,2023-12-12,Convertido,7.0,3367.2,Moderado,Italy
54856,Orgânico,2023-12-15,Não Convertido,,0.0,Conservador,Faroe Islands
54857,Google Ads,2023-12-16,Não Convertido,,0.0,Conservador,Ireland
54858,Instagram,2023-12-15,Não Convertido,,0.0,Moderado,Qatar
54859,TikTok,2023-12-14,Não Convertido,,0.0,Moderado,Niger
54860,WhatsApp,2023-12-14,Não Convertido,,0.0,Moderado,Portugal
54861,Orgânico,2023-12-12,Não Convertido,,0.0,Moderado,Andorra
54862,YouTube Ads,2023-12-16,Não Convertido,,0.0,Desconhecido,New Zealand
54863,Instagram,2023-12-12,Não Convertido,,0.0,Conservador,Korea
54864,Indicação,2023-12-13,Não Convertido,,0.0,Agressivo,Finland
54865,TikTok,2023-12-14,Não Convertido,,0.0,Conservador,Saint Vincent and the Grenadines
54866,TikTok,2023-12-11,Não Convertido,,0.0,Agressivo,Switzerland
54867,Facebook,2023-12-13,Não Convertido,,0.0,Agressivo,Peru
54868,TikTok,2023-12-16,Não Convertido,,0.0,Moderado,Saint Helena
54869,Google Ads,2023-12-11,Não Convertido,,0.0,Conservador,Malawi
54870,Facebook,2023-12-14,Não Convertido,,0.0,Agressivo,Namibia
54871,E-mail Marketing,2023-12-16,Não Convertido,,0.0,Conservador,Colombia
54872,Facebook,2023-12-16,Não Convertido,,0.0,Conservador,Zimbabwe
54873,Indicação,2023-12-14,Não Convertido,,0.0,Moderado,New Caledonia
54874,WhatsApp,2023-12-16,Não Convertido,,0.0,Moderado,Mexico
54875,Orgânico,2023-12-16,Não Convertido,,0.0,Moderado,Montserrat
54876,E-mail Marketing,2023-12-14,Não Convertido,,0.0,Agressivo,Mongolia
54877,Instagram,2023-12-11,Não Convertido,,0.0,Moderado,Hong Kong
54878,TikTok,2023-12-13,Não Convertido,,0.0,Agressivo,Sao Tome and Principe
54879,Facebook,2023-12-15,Não Convertido,,0.0,Moderado,Argentina
54880,E-mail Marketing,2023-12-12,Não Convertido,,0.0,Agressivo,Sudan
54881,Facebook,2023-12-13,Não Convertido,,0.0,Moderado,New Zealand
54882,TikTok,2023-12-13,Não Convertido,,0.0,Agressivo,Guinea-Bissau
54883,TikTok,2023-12-12,Não Convertido,,0.0,Moderado,North Macedonia
54884,Instagram,2023-12-13,Não Convertido,,0.0,Moderado,Senegal
54885,Orgânico,2023-12-12,Não Convertido,,0.0,Moderado,Kenya
54886,E-mail Marketing,2023-12-14,Não Convertido,,0.0,Desconhecido,Trinidad and Tobago
54887,Instagram,2023-12-11,Não Convertido,,0.0,Agressivo,Algeria
54888,Orgânico,2023-12-11,Não Convertido,,0.0,Conservador,Guinea
54889,TikTok,2023-12-13,Não Convertido,,0.0,Conservador,Jordan
54890,Google Ads,2023-12-11,Não Convertido,,0.0,Moderado,Timor-Leste
54891,Orgânico,2023-12-11,Convertido,7.0,2754.12,Moderado,Trinidad and Tobago
54892,E-mail Marketing,2023-12-11,Não Convertido,,0.0,Conservador,China
54893,Instagram,2023-12-16,Não Convertido,,0.0,Desconhecido,Turkey
54894,Google Ads,2023-12-15,Não Convertido,,0.0,Moderado,Bulgaria
54895,Google Ads,2023-12-15,Não Convertido,,0.0,Moderado,Kyrgyz Republic
54896,Orgânico,2023-12-15,Não Convertido,,0.0,Moderado,French Guiana
54897,TikTok,2023-12-13,Convertido,28.0,6866.41,Desconhecido,Belgium
54898,TikTok,2023-12-11,Não Convertido,,0.0,Moderado,Portugal
54899,E-mail Marketing,2023-12-13,Não Convertido,,0.0,Moderado,Turks and Caicos Islands
54900,YouTube Ads,2023-12-11,Não Convertido,,0.0,Conservador,Reunion
54901,Instagram,2023-12-13,Não Convertido,,0.0,Moderado,Poland
54902,Google Ads,2023-12-15,Não Convertido,,0.0,Agressivo,New Caledonia
54903,E-mail Marketing,2023-12-12,Não Convertido,,0.0,Moderado,Guyana
54904,Facebook,2023-12-12,Não Convertido,,0.0,Agressivo,Rwanda
54905,E-mail Marketing,2023-12-11,Não Convertido,,0.0,Agressivo,Lesotho
54906,E-mail Marketing,2023-12-13,Não Convertido,,0.0,Agressivo,Turkey
54907,E-mail Marketing,2023-12-15,Não Convertido,,0.0,Moderado,Maldives
54908,YouTube Ads,2023-12-12,Não Convertido,,0.0,Agressivo,France
54909,TikTok,2023-12-13,Não Convertido,,0.0,Agressivo,Palestinian Territory
54910,Facebook,2023-12-15,Não Convertido,,0.0,Agressivo,Belarus
54911,TikTok,2023-12-13,Não Convertido,,0.0,Conservador,India
54912,Orgânico,2023-12-11,Não Convertido,,0.0,Desconhecido,Saint Pierre and Miquelon
54913,E-mail Marketing,2023-12-13,Não Convertido,,0.0,Conservador,Bulgaria
54914,Instagram,2023-12-15,Não Convertido,,0.0,Moderado,Afghanistan
54915,Indicação,2023-12-15,Não Convertido,,0.0,Moderado,Macao
54916,Google Ads,2023-12-11,Não Convertido,,0.0,Moderado,Guernsey
54917,E-mail Marketing,2023-12-13,Não Convertido,,0.0,Agressivo,Nigeria
54918,YouTube Ads,2023-12-15,Não Convertido,,0.0,Desconhecido,Turks and Caicos Islands
54919,E-mail Marketing,2023-12-15,Não Convertido,,0.0,Conservador,Nauru
54920,Orgânico,2023-12-12,Não Convertido,,0.0,Moderado,Oman
54921,Instagram,2023-12-14,Não Convertido,,0.0,Conservador,Egypt
54922,Instagram,2023-12-14,Não Convertido,,0.0,Agressivo,Holy See (Vatican City State)
54923,YouTube Ads,2023-12-12,Convertido,26.0,4456.06,Moderado,Vanuatu
54924,Instagram,2023-12-12,Não Convertido,,0.0,Conservador,American Samoa
54925,Facebook,2023-12-11,Não Convertido,,0.0,Agressivo,Saint Vincent and the Grenadines
54926,Orgânico,2023-12-15,Não Convertido,,0.0,Moderado,Oman
54927,Instagram,2023-12-14,Não Convertido,,0.0,Conservador,Antarctica (the territory South of 60 deg S)
54928,E-mail Marketing,2023-12-16,Não Convertido,,0.0,Agressivo,Tuvalu
54929,Facebook,2023-12-12,Não Convertido,,0.0,Desconhecido,Ecuador
54930,Orgânico,2023-12-12,Não Convertido,,0.0,Conservador,Grenada
54931,Facebook,2023-12-12,Não Convertido,,0.0,Agressivo,Korea
54932,Orgânico,2023-12-15,Não Convertido,,0.0,Moderado,Sao Tome and Principe
54933,Google Ads,2023-12-16,Não Convertido,,0.0,Desconhecido,Saint Vincent and the Grenadines
54934,Indicação,2023-12-16,Não Convertido,,0.0,Conservador,Mali
54935,TikTok,2023-12-12,Não Convertido,,0.0,Moderado,Malawi
54936,YouTube Ads,2023-12-15,Não Convertido,,0.0,Conservador,United Arab Emirates
54937,Orgânico,2023-12-12,Não Convertido,,0.0,Desconhecido,Nauru
54938,TikTok,2023-12-13,Não Convertido,,0.0,Moderado,Romania
54939,TikTok,2023-12-11,Não Convertido,,0.0,Agressivo,Chile
54940,Orgânico,2023-12-14,Não Convertido,,0.0,Desconhecido,Tunisia
54941,Facebook,2023-12-15,Não Convertido,,0.0,Agressivo,Grenada
54942,E-mail Marketing,2023-12-15,Não Convertido,,0.0,Conservador,Kenya
54943,TikTok,2023-12-14,Não Convertido,,0.0,Desconhecido,British Virgin Islands
54944,E-mail Marketing,2023-12-14,Não Convertido,,0.0,Agressivo,Kenya
54945,Instagram,2023-12-15,Convertido,22.0,8069.43,Conservador,Oman
54946,YouTube Ads,2023-12-12,Não Convertido,,0.0,Moderado,Puerto Rico
54947,TikTok,2023-12-11,Não Convertido,,0.0,Moderado,Palau
54948,E-mail Marketing,2023-12-14,Não Convertido,,0.0,Agressivo,Nigeria
54949,WhatsApp,2023-12-16,Não Convertido,,0.0,Conservador,Madagascar
54950,Facebook,2023-12-15,Não Convertido,,0.0,Desconhecido,French Polynesia
54951,TikTok,2023-12-13,Não Convertido,,0.0,Agressivo,Bahamas
54952,Google Ads,2023-12-12,Não Convertido,,0.0,Desconhecido,South Georgia and the South Sandwich Islands
54953,Google Ads,2023-12-14,Não Convertido,,0.0,Agressivo,Wallis and Futuna
54954,TikTok,2023-12-15,Não Convertido,,0.0,Moderado,Liechtenstein
54955,Orgânico,2023-12-12,Não Convertido,,0.0,Desconhecido,Netherlands
54956,Orgânico,2023-12-14,Não Convertido,,0.0,Moderado,Seychelles
54957,Facebook,2023-12-12,Não Convertido,,0.0,Moderado,Liberia
54958,Instagram,2023-12-14,Não Convertido,,0.0,Moderado,Russian Federation
54959,Google Ads,2023-12-11,Não Convertido,,0.0,Agressivo,Kazakhstan
54960,E-mail Marketing,2023-12-16,Não Convertido,,0.0,Moderado,Jersey
54961,E-mail Marketing,2023-12-13,Não Convertido,,0.0,Agressivo,Congo
54962,Facebook,2023-12-11,Não Convertido,,0.0,Conservador,Iceland
54963,Indicação,2023-12-13,Não Convertido,,0.0,Agressivo,Eritrea
54964,TikTok,2023-12-16,Não Convertido,,0.0,Moderado,Puerto Rico
54965,Instagram,2023-12-15,Não Convertido,,0.0,Conservador,Saint Kitts and Nevis
54966,YouTube Ads,2023-12-16,Não Convertido,,0.0,Moderado,Cuba
54967,TikTok,2023-12-15,Não Convertido,,0.0,Moderado,Hong Kong
54968,Google Ads,2023-12-14,Não Convertido,,0.0,Moderado,Faroe Islands
54969,Orgânico,2023-12-15,Convertido,30.0,7238.13,Moderado,Mozambique
54970,E-mail Marketing,2023-12-12,Não Convertido,,0.0,Moderado,New Zealand
54971,TikTok,2023-12-13,Não Convertido,,0.0,Conservador,Guam
54972,Instagram,2023-12-13,Não Convertido,,0.0,Moderado,Paraguay
54973,E-mail Marketing,2023-12-15,Não Convertido,,0.0,Moderado,Czech Republic
54974,TikTok,2023-12-15,Não Convertido,,0.0,Moderado,Dominica
54975,Facebook,2023-12-16,Não Convertido,,0.0,Moderado,Solomon Islands
54976,TikTok,2023-12-15,Não Convertido,,0.0,Moderado,Timor-Leste
54977,Facebook,2023-12-11,Não Convertido,,0.0,Moderado,Central African Republic
54978,Indicação,2023-12-16,Convertido,16.0,7555.45,Moderado,India
54979,WhatsApp,2023-12-13,Não Convertido,,0.0,Agressivo,Australia
54980,TikTok,2023-12-11,Não Convertido,,0.0,Moderado,Estonia
54981,Orgânico,2023-12-13,Não Convertido,,0.0,Conservador,Bangladesh
54982,WhatsApp,2023-12-15,Não Convertido,,0.0,Agressivo,Saint Helena
54983,YouTube Ads,2023-12-12,Não Convertido,,0.0,Agressivo,Slovenia
54984,Orgânico,2023-12-15,Não Convertido,,0.0,Moderado,Uruguay
54985,E-mail Marketing,2023-12-15,Não Convertido,,0.0,Conservador,Cayman Islands
54986,Orgânico,2023-12-12,Convertido,9.0,886.31,Agressivo,Suriname
54987,Orgânico,2023-12-15,Não Convertido,,0.0,Agressivo,Saint Pierre and Miquelon
54988,TikTok,2023-12-12,Não Convertido,,0.0,Desconhecido,Benin
54989,TikTok,2023-12-15,Não Convertido,,0.0,Moderado,Bermuda
54990,E-mail Marketing,2023-12-15,Convertido,25.0,8636.51,Agressivo,Svalbard & Jan Mayen Islands
54991,TikTok,2023-12-16,Não Convertido,,0.0,Moderado,Montserrat
54992,Google Ads,2023-12-11,Não Convertido,,0.0,Moderado,Jamaica
54993,Orgânico,2023-12-12,Não Convertido,,0.0,Conservador,Cayman Islands
54994,E-mail Marketing,2023-12-14,Convertido,9.0,5983.12,Moderado,Congo
54995,WhatsApp,2023-12-14,Não Convertido,,0.0,Agressivo,Armenia
54996,Google Ads,2023-12-12,Não Convertido,,0.0,Moderado,Serbia
54997,Instagram,2023-12-14,Não Convertido,,0.0,Moderado,Tanzania
54998,TikTok,2023-12-12,Não Convertido,,0.0,Moderado,Mexico
54999,TikTok,2023-12-13,Não Convertido,,0.0,Moderado,Gibraltar
55000,Google Ads,2023-12-14,Não Convertido,,0.0,Agressivo,France
55001,E-mail Marketing,2023-12-14,Não Convertido,,0.0,Agressivo,Papua New Guinea
55002,Instagram,2023-12-12,Não Convertido,,0.0,Agressivo,Oman
55003,Orgânico,2023-12-16,Não Convertido,,0.0,Moderado,Mongolia
55004,E-mail Marketing,2023-12-15,Não Convertido,,0.0,Moderado,Turkmenistan
55005,Google Ads,2023-12-11,Não Convertido,,0.0,Moderado,Turks and Caicos Islands
55006,Instagram,2023-12-12,Não Convertido,,0.0,Conservador,United States Minor Outlying Islands
55007,TikTok,2023-12-16,Não Convertido,,0.0,Agressivo,Montserrat
55008,Instagram,2023-12-14,Não Convertido,,0.0,Moderado,Greece
55009,Instagram,2023-12-14,Não Convertido,,0.0,Moderado,Mongolia
55010,TikTok,2023-12-13,Não Convertido,,0.0,Agressivo,Luxembourg
55011,Orgânico,2023-12-15,Não Convertido,,0.0,Moderado,Serbia
55012,Orgânico,2023-12-14,Não Convertido,,0.0,Desconhecido,Saudi Arabia
55013,Instagram,2023-12-16,Não Convertido,,0.0,Moderado,Mauritius
55014,Instagram,2023-12-11,Não Convertido,,0.0,Agressivo,Liechtenstein
55015,Instagram,2023-12-12,Não Convertido,,0.0,Moderado,Netherlands Antilles
55016,YouTube Ads,2023-12-12,Não Convertido,,0.0,Conservador,Korea
55017,TikTok,2023-12-11,Não Convertido,,0.0,Agressivo,Dominican Republic
55018,YouTube Ads,2023-12-15,Não Convertido,,0.0,Moderado,Samoa
55019,Facebook,2023-12-13,Não Convertido,,0.0,Desconhecido,Ecuador
55020,Instagram,2023-12-15,Não Convertido,,0.0,Moderado,Mauritius
55021,E-mail Marketing,2023-12-11,Não Convertido,,0.0,Agressivo,Portugal
55022,Orgânico,2023-12-12,Não Convertido,,0.0,Moderado,Vanuatu
55023,YouTube Ads,2023-12-14,Não Convertido,,0.0,Moderado,Congo
55024,Orgânico,2023-12-14,Não Convertido,,0.0,Conservador,French Polynesia
55025,TikTok,2023-12-14,Não Convertido,,0.0,Agressivo,Serbia
55026,Facebook,2023-12-16,Não Convertido,,0.0,Moderado,Malaysia
55027,Google Ads,2023-12-13,Não Convertido,,0.0,Agressivo,Saint Helena
55028,E-mail Marketing,2023-12-15,Não Convertido,,0.0,Agressivo,Greece
55029,Google Ads,2023-12-13,Não Convertido,,0.0,Conservador,Montenegro
55030,YouTube Ads,2023-12-12,Não Convertido,,0.0,Agressivo,Brazil
55031,YouTube Ads,2023-12-14,Convertido,25.0,4835.04,Moderado,India
55032,E-mail Marketing,2023-12-15,Não Convertido,,0.0,Conservador,Heard Island and McDonald Islands
55033,Google Ads,2023-12-16,Não Convertido,,0.0,Conservador,Peru
55034,Google Ads,2023-12-13,Não Convertido,,0.0,Conservador,Syrian Arab Republic
55035,Facebook,2023-12-12,Não Convertido,,0.0,Conservador,United Kingdom
55036,Instagram,2023-12-13,Não Convertido,,0.0,Moderado,Cyprus
55037,Instagram,2023-12-11,Não Convertido,,0.0,Moderado,San Marino
55038,Google Ads,2023-12-12,Não Convertido,,0.0,Agressivo,San Marino
55039,Instagram,2023-12-12,Não Convertido,,0.0,Moderado,Mauritius
55040,Orgânico,2023-12-12,Convertido,5.0,8027.71,Moderado,Peru
55041,Google Ads,2023-12-12,Não Convertido,,0.0,Agressivo,Northern Mariana Islands
55042,Orgânico,2023-12-15,Não Convertido,,0.0,Moderado,Uruguay
55043,Indicação,2023-12-11,Não Convertido,,0.0,Agressivo,French Southern Territories
55044,Indicação,2023-12-16,Convertido,21.0,4079.26,Moderado,Central African Republic
55045,WhatsApp,2023-12-13,Não Convertido,,0.0,Desconhecido,Burkina Faso
55046,TikTok,2023-12-15,Não Convertido,,0.0,Agressivo,Kuwait
55047,Instagram,2023-12-11,Não Convertido,,0.0,Moderado,United States Virgin Islands
55048,Instagram,2023-12-16,Não Convertido,,0.0,Agressivo,Isle of Man
55049,WhatsApp,2023-12-15,Não Convertido,,0.0,Conservador,Saint Kitts and Nevis
55050,Google Ads,2023-12-15,Não Convertido,,0.0,Agressivo,Seychelles
55051,Instagram,2023-12-15,Não Convertido,,0.0,Moderado,Bulgaria
55052,Facebook,2023-12-14,Não Convertido,,0.0,Agressivo,Gibraltar
55053,TikTok,2023-12-12,Não Convertido,,0.0,Desconhecido,Niue
55054,WhatsApp,2023-12-12,Não Convertido,,0.0,Moderado,Algeria
55055,Google Ads,2023-12-14,Não Convertido,,0.0,Agressivo,Tajikistan
55056,WhatsApp,2023-12-15,Não Convertido,,0.0,Moderado,Mozambique
55057,E-mail Marketing,2023-12-15,Não Convertido,,0.0,Agressivo,French Polynesia
55058,Instagram,2023-12-12,Não Convertido,,0.0,Moderado,Madagascar
55059,Facebook,2023-12-15,Não Convertido,,0.0,Agressivo,Palau
55060,E-mail Marketing,2023-12-16,Não Convertido,,0.0,Agressivo,Cyprus
55061,YouTube Ads,2023-12-15,Não Convertido,,0.0,Agressivo,Myanmar
55062,YouTube Ads,2023-12-15,Não Convertido,,0.0,Moderado,Antarctica (the territory South of 60 deg S)
55063,TikTok,2023-12-11,Não Convertido,,0.0,Moderado,Uruguay
55064,YouTube Ads,2023-12-13,Não Convertido,,0.0,Agressivo,Nicaragua
55065,Indicação,2023-12-13,Não Convertido,,0.0,Desconhecido,Turkey
55066,E-mail Marketing,2023-12-16,Não Convertido,,0.0,Agressivo,Belarus
55067,Facebook,2023-12-15,Não Convertido,,0.0,Agressivo,Cuba
55068,E-mail Marketing,2023-12-12,Não Convertido,,0.0,Agressivo,Trinidad and Tobago
55069,E-mail Marketing,2023-12-16,Não Convertido,,0.0,Desconhecido,Trinidad and Tobago
55070,Google Ads,2023-12-14,Não Convertido,,0.0,Moderado,Saint Barthelemy
55071,TikTok,2023-12-15,Não Convertido,,0.0,Moderado,Montserrat
55072,E-mail Marketing,2023-12-11,Não Convertido,,0.0,Moderado,Saint Helena
55073,Indicação,2023-12-14,Não Convertido,,0.0,Moderado,Yemen
55074,WhatsApp,2023-12-12,Não Convertido,,0.0,Moderado,Brunei Darussalam
55075,E-mail Marketing,2023-12-14,Não Convertido,,0.0,Moderado,Guyana
55076,Google Ads,2023-12-14,Não Convertido,,0.0,Moderado,Luxembourg
55077,TikTok,2023-12-12,Não Convertido,,0.0,Moderado,Greece
55078,Instagram,2023-12-14,Convertido,18.0,8752.37,Conservador,Reunion
55079,WhatsApp,2023-12-16,Não Convertido,,0.0,Moderado,Chile
55080,Instagram,2023-12-12,Não Convertido,,0.0,Desconhecido,Cote d'Ivoire
55081,TikTok,2023-12-16,Não Convertido,,0.0,Conservador,Vanuatu
55082,Facebook,2023-12-12,Não Convertido,,0.0,Moderado,Singapore
55083,Facebook,2023-12-11,Não Convertido,,0.0,Moderado,Ethiopia
55084,Orgânico,2023-12-11,Não Convertido,,0.0,Agressivo,Belgium
55085,E-mail Marketing,2023-12-14,Não Convertido,,0.0,Agressivo,Bhutan
55086,TikTok,2023-12-14,Não Convertido,,0.0,Moderado,Kuwait
55087,Google Ads,2023-12-12,Não Convertido,,0.0,Moderado,Venezuela
55088,Indicação,2023-12-13,Não Convertido,,0.0,Moderado,Greenland
55089,Instagram,2023-12-14,Não Convertido,,0.0,Agressivo,Niger
55090,E-mail Marketing,2023-12-16,Não Convertido,,0.0,Agressivo,Barbados
55091,Orgânico,2023-12-13,Não Convertido,,0.0,Desconhecido,United States Minor Outlying Islands
55092,Google Ads,2023-12-11,Não Convertido,,0.0,Desconhecido,Thailand
55093,YouTube Ads,2023-12-15,Não Convertido,,0.0,Moderado,Kiribati
55094,Orgânico,2023-12-14,Não Convertido,,0.0,Moderado,Norfolk Island
55095,TikTok,2023-12-16,Não Convertido,,0.0,Desconhecido,Argentina
55096,Facebook,2023-12-12,Não Convertido,,0.0,Agressivo,Eritrea
55097,TikTok,2023-12-15,Não Convertido,,0.0,Moderado,Dominican Republic
55098,Instagram,2023-12-13,Não Convertido,,0.0,Desconhecido,Guyana
55099,Instagram,2023-12-14,Não Convertido,,0.0,Desconhecido,Saint Martin
55100,Orgânico,2023-12-15,Não Convertido,,0.0,Conservador,Ireland
55101,Instagram,2023-12-13,Não Convertido,,0.0,Agressivo,Saudi Arabia
55102,Facebook,2023-12-15,Não Convertido,,0.0,Agressivo,Madagascar
55103,Google Ads,2023-12-14,Não Convertido,,0.0,Desconhecido,Denmark
55104,Instagram,2023-12-14,Não Convertido,,0.0,Moderado,Australia
55105,Instagram,2023-12-11,Não Convertido,,0.0,Agressivo,Norway
55106,TikTok,2023-12-16,Não Convertido,,0.0,Moderado,United Kingdom
55107,Facebook,2023-12-12,Não Convertido,,0.0,Moderado,Barbados
55108,Orgânico,2023-12-15,Não Convertido,,0.0,Moderado,France
55109,YouTube Ads,2023-12-14,Convertido,14.0,7550.97,Conservador,Chile
55110,Instagram,2023-12-15,Não Convertido,,0.0,Moderado,Libyan Arab Jamahiriya
55111,Google Ads,2023-12-16,Não Convertido,,0.0,Conservador,Ireland
55112,Orgânico,2023-12-11,Não Convertido,,0.0,Moderado,Gibraltar
55113,Instagram,2023-12-11,Não Convertido,,0.0,Moderado,Burundi
55114,TikTok,2023-12-12,Não Convertido,,0.0,Moderado,Falkland Islands (Malvinas)
55115,Instagram,2023-12-13,Não Convertido,,0.0,Agressivo,Gibraltar
55116,Orgânico,2023-12-11,Não Convertido,,0.0,Desconhecido,Uzbekistan
55117,Google Ads,2023-12-11,Não Convertido,,0.0,Agressivo,Marshall Islands
55118,WhatsApp,2023-12-15,Não Convertido,,0.0,Agressivo,Kenya
55119,E-mail Marketing,2023-12-16,Não Convertido,,0.0,Desconhecido,Netherlands
55120,Orgânico,2023-12-11,Não Convertido,,0.0,Moderado,Andorra
55121,Facebook,2023-12-12,Não Convertido,,0.0,Agressivo,Tajikistan
55122,WhatsApp,2023-12-15,Não Convertido,,0.0,Moderado,Albania
55123,E-mail Marketing,2023-12-12,Não Convertido,,0.0,Moderado,Nigeria
55124,Orgânico,2023-12-16,Não Convertido,,0.0,Moderado,Niger
55125,Facebook,2023-12-16,Não Convertido,,0.0,Moderado,Jersey
55126,Orgânico,2023-12-14,Não Convertido,,0.0,Moderado,Vanuatu
55127,Google Ads,2023-12-15,Não Convertido,,0.0,Agressivo,New Caledonia
55128,E-mail Marketing,2023-12-11,Convertido,16.0,9828.4,Moderado,Haiti
55129,Indicação,2023-12-13,Não Convertido,,0.0,Conservador,Algeria
55130,Orgânico,2023-12-16,Não Convertido,,0.0,Agressivo,Lao People's Democratic Republic
55131,Orgânico,2023-12-16,Não Convertido,,0.0,Moderado,Turkmenistan
55132,WhatsApp,2023-12-12,Não Convertido,,0.0,Moderado,Tanzania
55133,Google Ads,2023-12-14,Não Convertido,,0.0,Conservador,Guinea
55134,Instagram,2023-12-16,Não Convertido,,0.0,Agressivo,Bangladesh
55135,Orgânico,2023-12-13,Não Convertido,,0.0,Desconhecido,Namibia
55136,WhatsApp,2023-12-12,Não Convertido,,0.0,Moderado,Cuba
55137,TikTok,2023-12-15,Não Convertido,,0.0,Conservador,Nauru
55138,TikTok,2023-12-15,Não Convertido,,0.0,Agressivo,Macao
55139,TikTok,2023-12-14,Não Convertido,,0.0,Moderado,Costa Rica
55140,Google Ads,2023-12-14,Não Convertido,,0.0,Agressivo,Togo
55141,Facebook,2023-12-16,Não Convertido,,0.0,Moderado,Algeria
55142,Instagram,2023-12-16,Não Convertido,,0.0,Moderado,Micronesia
55143,Indicação,2023-12-12,Não Convertido,,0.0,Agressivo,Cape Verde
55144,Orgânico,2023-12-13,Não Convertido,,0.0,Agressivo,Liberia
55145,WhatsApp,2023-12-15,Não Convertido,,0.0,Moderado,Togo
55146,Google Ads,2023-12-12,Não Convertido,,0.0,Agressivo,Rwanda
55147,YouTube Ads,2023-12-11,Não Convertido,,0.0,Agressivo,British Virgin Islands
55148,Instagram,2023-12-11,Não Convertido,,0.0,Agressivo,Dominican Republic
55149,Instagram,2023-12-11,Não Convertido,,0.0,Moderado,Norfolk Island
55150,TikTok,2023-12-14,Não Convertido,,0.0,Agressivo,Central African Republic
55151,TikTok,2023-12-11,Não Convertido,,0.0,Moderado,Chad
55152,TikTok,2023-12-12,Convertido,26.0,7923.85,Moderado,Guam
55153,Instagram,2023-12-11,Não Convertido,,0.0,Desconhecido,Jamaica
55154,TikTok,2023-12-11,Não Convertido,,0.0,Agressivo,Barbados
55155,Google Ads,2023-12-14,Não Convertido,,0.0,Agressivo,Albania
55156,Facebook,2023-12-14,Não Convertido,,0.0,Moderado,Malaysia
55157,Facebook,2023-12-15,Não Convertido,,0.0,Moderado,Turkmenistan
55158,E-mail Marketing,2023-12-16,Não Convertido,,0.0,Conservador,Seychelles
55159,Orgânico,2023-12-13,Não Convertido,,0.0,Conservador,Armenia
55160,E-mail Marketing,2023-12-12,Não Convertido,,0.0,Moderado,Cocos (Keeling) Islands
55161,YouTube Ads,2023-12-15,Não Convertido,,0.0,Conservador,Lebanon
55162,Orgânico,2023-12-14,Não Convertido,,0.0,Agressivo,Marshall Islands
55163,Google Ads,2023-12-14,Não Convertido,,0.0,Agressivo,Panama
55164,Google Ads,2023-12-13,Não Convertido,,0.0,Agressivo,Tokelau
55165,TikTok,2023-12-11,Não Convertido,,0.0,Conservador,Austria
55166,E-mail Marketing,2023-12-15,Não Convertido,,0.0,Conservador,Papua New Guinea
55167,YouTube Ads,2023-12-16,Não Convertido,,0.0,Conservador,Romania
55168,Indicação,2023-12-11,Não Convertido,,0.0,Conservador,Belize
55169,YouTube Ads,2023-12-15,Não Convertido,,0.0,Moderado,Northern Mariana Islands
55170,E-mail Marketing,2023-12-12,Não Convertido,,0.0,Conservador,Finland
55171,YouTube Ads,2023-12-12,Não Convertido,,0.0,Agressivo,United Arab Emirates
55172,Google Ads,2023-12-12,Não Convertido,,0.0,Moderado,Tunisia
55173,Instagram,2023-12-13,Não Convertido,,0.0,Moderado,Svalbard & Jan Mayen Islands
55174,Instagram,2023-12-12,Não Convertido,,0.0,Moderado,Saint Martin
55175,YouTube Ads,2023-12-15,Não Convertido,,0.0,Agressivo,Yemen
55176,Google Ads,2023-12-14,Não Convertido,,0.0,Conservador,Guinea-Bissau
55177,WhatsApp,2023-12-14,Não Convertido,,0.0,Conservador,Tajikistan
55178,YouTube Ads,2023-12-16,Não Convertido,,0.0,Moderado,Grenada
55179,WhatsApp,2023-12-13,Não Convertido,,0.0,Moderado,Ghana
55180,Facebook,2023-12-15,Não Convertido,,0.0,Conservador,Zambia
55181,Orgânico,2023-12-12,Não Convertido,,0.0,Conservador,Israel
55182,YouTube Ads,2023-12-12,Não Convertido,,0.0,Agressivo,Mauritius
55183,TikTok,2023-12-12,Não Convertido,,0.0,Moderado,Kenya
55184,TikTok,2023-12-15,Convertido,27.0,7586.42,Moderado,Serbia
55185,WhatsApp,2023-12-11,Não Convertido,,0.0,Agressivo,Fiji
55186,Orgânico,2023-12-15,Não Convertido,,0.0,Moderado,Ethiopia
55187,Orgânico,2023-12-16,Não Convertido,,0.0,Agressivo,Mongolia
55188,Orgânico,2023-12-14,Não Convertido,,0.0,Moderado,Lesotho
55189,WhatsApp,2023-12-14,Não Convertido,,0.0,Moderado,Vanuatu
55190,Orgânico,2023-12-14,Não Convertido,,0.0,Moderado,France
55191,Orgânico,2023-12-14,Não Convertido,,0.0,Conservador,Philippines
55192,Instagram,2023-12-14,Não Convertido,,0.0,Desconhecido,Martinique
55193,WhatsApp,2023-12-16,Não Convertido,,0.0,Agressivo,Malawi
55194,WhatsApp,2023-12-13,Não Convertido,,0.0,Conservador,Montenegro
55195,Orgânico,2023-12-13,Não Convertido,,0.0,Desconhecido,Gambia
55196,TikTok,2023-12-14,Não Convertido,,0.0,Moderado,French Polynesia
55197,Google Ads,2023-12-15,Não Convertido,,0.0,Moderado,Papua New Guinea
55198,TikTok,2023-12-15,Não Convertido,,0.0,Conservador,Zimbabwe
55199,Facebook,2023-12-14,Não Convertido,,0.0,Conservador,Botswana
55200,Instagram,2023-12-12,Não Convertido,,0.0,Agressivo,Saint Kitts and Nevis
55201,Facebook,2023-12-13,Não Convertido,,0.0,Moderado,Niue
55202,Orgânico,2023-12-11,Não Convertido,,0.0,Agressivo,Chile
55203,Orgânico,2023-12-12,Não Convertido,,0.0,Moderado,Benin
55204,TikTok,2023-12-16,Não Convertido,,0.0,Agressivo,Spain
55205,WhatsApp,2023-12-12,Não Convertido,,0.0,Moderado,Belize
55206,Indicação,2023-12-14,Não Convertido,,0.0,Agressivo,Lesotho
55207,Facebook,2023-12-14,Não Convertido,,0.0,Agressivo,Czech Republic
55208,TikTok,2023-12-11,Não Convertido,,0.0,Moderado,Korea
55209,WhatsApp,2023-12-16,Não Convertido,,0.0,Moderado,Yemen
55210,Orgânico,2023-12-15,Não Convertido,,0.0,Moderado,Wallis and Futuna
55211,Facebook,2023-12-16,Não Convertido,,0.0,Moderado,North Macedonia
55212,Indicação,2023-12-15,Não Convertido,,0.0,Agressivo,Croatia
55213,Facebook,2023-12-15,Não Convertido,,0.0,Moderado,Guam
55214,Instagram,2023-12-16,Não Convertido,,0.0,Conservador,Belarus
55215,Google Ads,2023-12-13,Não Convertido,,0.0,Moderado,Greece
55216,Google Ads,2023-12-14,Não Convertido,,0.0,Agressivo,Norway
55217,Google Ads,2023-12-14,Não Convertido,,0.0,Moderado,Congo
55218,TikTok,2023-12-16,Não Convertido,,0.0,Moderado,Montserrat
55219,TikTok,2023-12-14,Não Convertido,,0.0,Moderado,Honduras
55220,YouTube Ads,2023-12-13,Não Convertido,,0.0,Moderado,Colombia
55221,TikTok,2023-12-14,Não Convertido,,0.0,Desconhecido,Togo
55222,Facebook,2023-12-11,Não Convertido,,0.0,Agressivo,Moldova
55223,Facebook,2023-12-13,Não Convertido,,0.0,Agressivo,Bolivia
55224,TikTok,2023-12-14,Não Convertido,,0.0,Moderado,Denmark
55225,YouTube Ads,2023-12-12,Não Convertido,,0.0,Conservador,Afghanistan
55226,Orgânico,2023-12-15,Não Convertido,,0.0,Moderado,Lebanon
55227,Google Ads,2023-12-12,Não Convertido,,0.0,Agressivo,Rwanda
55228,TikTok,2023-12-15,Não Convertido,,0.0,Conservador,Falkland Islands (Malvinas)
55229,Facebook,2023-12-16,Não Convertido,,0.0,Moderado,Christmas Island
55230,Instagram,2023-12-11,Não Convertido,,0.0,Agressivo,Antigua and Barbuda
55231,Orgânico,2023-12-16,Não Convertido,,0.0,Moderado,Brunei Darussalam
55232,TikTok,2023-12-14,Não Convertido,,0.0,Conservador,Bermuda
55233,Facebook,2023-12-14,Não Convertido,,0.0,Moderado,Switzerland
55234,TikTok,2023-12-11,Convertido,3.0,5299.28,Moderado,Libyan Arab Jamahiriya
55235,Instagram,2023-12-13,Não Convertido,,0.0,Conservador,Latvia
55236,Google Ads,2023-12-16,Não Convertido,,0.0,Agressivo,France
55237,E-mail Marketing,2023-12-14,Não Convertido,,0.0,Conservador,Vietnam
55238,Orgânico,2023-12-13,Não Convertido,,0.0,Moderado,Wallis and Futuna
55239,Instagram,2023-12-15,Não Convertido,,0.0,Moderado,Seychelles
55240,WhatsApp,2023-12-14,Não Convertido,,0.0,Conservador,Lesotho
55241,Instagram,2023-12-11,Não Convertido,,0.0,Conservador,Swaziland
55242,Facebook,2023-12-14,Não Convertido,,0.0,Conservador,Fiji
55243,Orgânico,2023-12-15,Não Convertido,,0.0,Moderado,Rwanda
55244,Orgânico,2023-12-16,Não Convertido,,0.0,Agressivo,Spain
55245,Google Ads,2023-12-14,Não Convertido,,0.0,Moderado,Belize
55246,E-mail Marketing,2023-12-11,Não Convertido,,0.0,Agressivo,Christmas Island
55247,Indicação,2023-12-16,Não Convertido,,0.0,Moderado,Korea
55248,TikTok,2023-12-15,Convertido,25.0,9807.73,Conservador,Cote d'Ivoire
55249,TikTok,2023-12-14,Não Convertido,,0.0,Moderado,Saint Martin
55250,Instagram,2023-12-16,Não Convertido,,0.0,Moderado,Azerbaijan
55251,TikTok,2023-12-15,Não Convertido,,0.0,Agressivo,Zambia
55252,TikTok,2023-12-12,Não Convertido,,0.0,Agressivo,Croatia
55253,Orgânico,2023-12-13,Não Convertido,,0.0,Moderado,Micronesia
55254,Google Ads,2023-12-15,Não Convertido,,0.0,Desconhecido,Montserrat
55255,Instagram,2023-12-13,Não Convertido,,0.0,Conservador,Croatia
55256,TikTok,2023-12-15,Não Convertido,,0.0,Moderado,Australia
55257,E-mail Marketing,2023-12-12,Não Convertido,,0.0,Moderado,Gibraltar
55258,Facebook,2023-12-14,Não Convertido,,0.0,Conservador,Bosnia and Herzegovina
55259,Google Ads,2023-12-12,Não Convertido,,0.0,Moderado,Congo
55260,WhatsApp,2023-12-13,Não Convertido,,0.0,Moderado,Mauritius
55261,Orgânico,2023-12-12,Convertido,27.0,2271.27,Agressivo,Ghana
55262,TikTok,2023-12-11,Não Convertido,,0.0,Agressivo,Equatorial Guinea
55263,Google Ads,2023-12-12,Convertido,21.0,7759.67,Agressivo,Bosnia and Herzegovina
55264,Indicação,2023-12-15,Não Convertido,,0.0,Moderado,Samoa
55265,TikTok,2023-12-11,Não Convertido,,0.0,Desconhecido,Mongolia
55266,E-mail Marketing,2023-12-16,Não Convertido,,0.0,Moderado,Afghanistan
55267,Facebook,2023-12-11,Não Convertido,,0.0,Conservador,Rwanda
55268,Instagram,2023-12-15,Não Convertido,,0.0,Agressivo,Isle of Man
55269,WhatsApp,2023-12-15,Não Convertido,,0.0,Agressivo,Rwanda
55270,Google Ads,2023-12-11,Não Convertido,,0.0,Desconhecido,Spain
55271,Orgânico,2023-12-13,Não Convertido,,0.0,Moderado,Tonga
55272,TikTok,2023-12-13,Não Convertido,,0.0,Moderado,Estonia
55273,Facebook,2023-12-15,Não Convertido,,0.0,Moderado,Monaco
55274,E-mail Marketing,2023-12-16,Não Convertido,,0.0,Moderado,Uganda
55275,Instagram,2023-12-14,Não Convertido,,0.0,Agressivo,Uruguay
55276,WhatsApp,2023-12-11,Convertido,5.0,1615.93,Agressivo,Gambia
55277,Instagram,2023-12-13,Não Convertido,,0.0,Moderado,Mongolia
55278,E-mail Marketing,2023-12-12,Não Convertido,,0.0,Moderado,Australia
55279,TikTok,2023-12-16,Não Convertido,,0.0,Moderado,South Africa
55280,Orgânico,2023-12-15,Não Convertido,,0.0,Conservador,Greece
55281,Indicação,2023-12-14,Convertido,5.0,7555.23,Conservador,Belgium
55282,YouTube Ads,2023-12-13,Não Convertido,,0.0,Agressivo,Mauritius
55283,YouTube Ads,2023-12-13,Não Convertido,,0.0,Conservador,Lao People's Democratic Republic
55284,Orgânico,2023-12-13,Não Convertido,,0.0,Moderado,Maldives
55285,TikTok,2023-12-11,Não Convertido,,0.0,Moderado,Uruguay
55286,YouTube Ads,2023-12-12,Não Convertido,,0.0,Agressivo,Mauritius
55287,Orgânico,2023-12-12,Não Convertido,,0.0,Moderado,Bulgaria
55288,TikTok,2023-12-13,Não Convertido,,0.0,Conservador,Bulgaria
55289,Indicação,2023-12-12,Não Convertido,,0.0,Conservador,Central African Republic
55290,YouTube Ads,2023-12-16,Não Convertido,,0.0,Agressivo,Czech Republic
55291,Instagram,2023-12-11,Convertido,7.0,8615.12,Agressivo,Libyan Arab Jamahiriya
55292,Facebook,2023-12-12,Não Convertido,,0.0,Desconhecido,Nauru
55293,E-mail Marketing,2023-12-14,Não Convertido,,0.0,Moderado,Antigua and Barbuda
55294,Indicação,2023-12-12,Não Convertido,,0.0,Desconhecido,Bulgaria
55295,Facebook,2023-12-11,Não Convertido,,0.0,Conservador,Tajikistan
55296,TikTok,2023-12-11,Não Convertido,,0.0,Moderado,Belarus
55297,Orgânico,2023-12-14,Não Convertido,,0.0,Agressivo,Egypt
55298,TikTok,2023-12-12,Não Convertido,,0.0,Conservador,Japan
55299,Facebook,2023-12-11,Não Convertido,,0.0,Conservador,British Virgin Islands
55300,E-mail Marketing,2023-12-15,Convertido,26.0,1822.43,Agressivo,Guatemala
55301,Facebook,2023-12-15,Não Convertido,,0.0,Desconhecido,Lao People's Democratic Republic
55302,Orgânico,2023-12-14,Não Convertido,,0.0,Agressivo,Bosnia and Herzegovina
55303,TikTok,2023-12-12,Não Convertido,,0.0,Conservador,Cocos (Keeling) Islands
55304,TikTok,2023-12-12,Não Convertido,,0.0,Moderado,Argentina
55305,WhatsApp,2023-12-16,Não Convertido,,0.0,Moderado,Saint Vincent and the Grenadines
55306,Instagram,2023-12-12,Não Convertido,,0.0,Conservador,Cuba
55307,YouTube Ads,2023-12-14,Não Convertido,,0.0,Conservador,Netherlands Antilles
55308,TikTok,2023-12-14,Não Convertido,,0.0,Agressivo,Dominica
55309,Orgânico,2023-12-13,Não Convertido,,0.0,Conservador,Egypt
55310,YouTube Ads,2023-12-15,Não Convertido,,0.0,Moderado,Suriname
55311,TikTok,2023-12-14,Não Convertido,,0.0,Agressivo,Vanuatu
55312,WhatsApp,2023-12-12,Não Convertido,,0.0,Agressivo,San Marino
55313,WhatsApp,2023-12-15,Não Convertido,,0.0,Moderado,Saint Martin
55314,Facebook,2023-12-12,Não Convertido,,0.0,Moderado,Liberia
55315,Google Ads,2023-12-11,Não Convertido,,0.0,Moderado,Hong Kong
55316,Orgânico,2023-12-15,Não Convertido,,0.0,Agressivo,Congo
55317,Orgânico,2023-12-16,Não Convertido,,0.0,Moderado,United Arab Emirates
55318,TikTok,2023-12-15,Não Convertido,,0.0,Moderado,Macao
55319,Google Ads,2023-12-12,Não Convertido,,0.0,Moderado,Malaysia
55320,Instagram,2023-12-12,Não Convertido,,0.0,Desconhecido,Turks and Caicos Islands
55321,Orgânico,2023-12-12,Não Convertido,,0.0,Moderado,Saint Martin
55322,Instagram,2023-12-14,Não Convertido,,0.0,Moderado,Saint Barthelemy
55323,Google Ads,2023-12-11,Não Convertido,,0.0,Moderado,Turkmenistan
55324,Google Ads,2023-12-11,Não Convertido,,0.0,Conservador,Swaziland
55325,Indicação,2023-12-14,Não Convertido,,0.0,Conservador,Mozambique
55326,Instagram,2023-12-11,Não Convertido,,0.0,Agressivo,French Polynesia
55327,TikTok,2023-12-11,Não Convertido,,0.0,Agressivo,France
55328,Instagram,2023-12-15,Não Convertido,,0.0,Moderado,Yemen
55329,YouTube Ads,2023-12-14,Não Convertido,,0.0,Agressivo,Tokelau
55330,YouTube Ads,2023-12-15,Não Convertido,,0.0,Moderado,Monaco
55331,Orgânico,2023-12-13,Não Convertido,,0.0,Moderado,Comoros
55332,Facebook,2023-12-11,Não Convertido,,0.0,Desconhecido,Seychelles
55333,Indicação,2023-12-12,Não Convertido,,0.0,Agressivo,Greece
55334,Orgânico,2023-12-11,Não Convertido,,0.0,Moderado,Spain
55335,Indicação,2023-12-13,Não Convertido,,0.0,Moderado,San Marino
55336,Facebook,2023-12-12,Convertido,20.0,9701.94,Agressivo,India
55337,Instagram,2023-12-13,Não Convertido,,0.0,Agressivo,Namibia
55338,Instagram,2023-12-12,Não Convertido,,0.0,Agressivo,Somalia
55339,WhatsApp,2023-12-14,Convertido,6.0,3968.84,Agressivo,Portugal
55340,Orgânico,2023-12-16,Não Convertido,,0.0,Agressivo,Monaco
55341,Orgânico,2023-12-11,Não Convertido,,0.0,Agressivo,Serbia
55342,Instagram,2023-12-15,Não Convertido,,0.0,Agressivo,Netherlands
55343,Orgânico,2023-12-11,Não Convertido,,0.0,Moderado,Palestinian Territory
55344,Instagram,2023-12-15,Não Convertido,,0.0,Agressivo,Myanmar
55345,Indicação,2023-12-16,Não Convertido,,0.0,Agressivo,Syrian Arab Republic
55346,TikTok,2023-12-12,Não Convertido,,0.0,Conservador,Costa Rica
55347,Instagram,2023-12-14,Não Convertido,,0.0,Agressivo,Suriname
55348,E-mail Marketing,2023-12-14,Não Convertido,,0.0,Agressivo,Cambodia
55349,Facebook,2023-12-12,Não Convertido,,0.0,Moderado,Comoros
55350,Facebook,2023-12-11,Não Convertido,,0.0,Moderado,Hong Kong
55351,Orgânico,2023-12-11,Não Convertido,,0.0,Desconhecido,Guatemala
55352,Indicação,2023-12-16,Não Convertido,,0.0,Moderado,Taiwan
55353,Facebook,2023-12-13,Não Convertido,,0.0,Moderado,Antigua and Barbuda
55354,WhatsApp,2023-12-16,Não Convertido,,0.0,Desconhecido,Saint Kitts and Nevis
55355,Google Ads,2023-12-15,Não Convertido,,0.0,Desconhecido,Cote d'Ivoire
55356,WhatsApp,2023-12-11,Não Convertido,,0.0,Agressivo,Saint Lucia
55357,Facebook,2023-12-16,Não Convertido,,0.0,Agressivo,Northern Mariana Islands
55358,Orgânico,2023-12-14,Não Convertido,,0.0,Agressivo,Zambia
55359,Instagram,2023-12-16,Não Convertido,,0.0,Desconhecido,Mauritania
55360,WhatsApp,2023-12-13,Convertido,8.0,4470.31,Agressivo,Colombia
55361,Orgânico,2023-12-15,Não Convertido,,0.0,Agressivo,Saint Vincent and the Grenadines
55362,Facebook,2023-12-14,Não Convertido,,0.0,Moderado,Taiwan
55363,Orgânico,2023-12-16,Não Convertido,,0.0,Moderado,Zimbabwe
55364,E-mail Marketing,2023-12-11,Não Convertido,,0.0,Moderado,Saint Vincent and the Grenadines
55365,TikTok,2023-12-12,Não Convertido,,0.0,Conservador,Azerbaijan
55366,YouTube Ads,2023-12-16,Não Convertido,,0.0,Moderado,France
55367,Orgânico,2023-12-16,Não Convertido,,0.0,Agressivo,Greenland
55368,TikTok,2023-12-14,Não Convertido,,0.0,Moderado,Qatar
55369,Indicação,2023-12-15,Não Convertido,,0.0,Moderado,Barbados
55370,WhatsApp,2023-12-11,Não Convertido,,0.0,Moderado,Denmark
55371,WhatsApp,2023-12-16,Não Convertido,,0.0,Desconhecido,Saint Martin
55372,YouTube Ads,2023-12-16,Não Convertido,,0.0,Conservador,Dominican Republic
55373,Instagram,2023-12-15,Não Convertido,,0.0,Moderado,Egypt
55374,Instagram,2023-12-14,Não Convertido,,0.0,Moderado,Heard Island and McDonald Islands
55375,Orgânico,2023-12-13,Não Convertido,,0.0,Conservador,Timor-Leste
55376,Instagram,2023-12-14,Não Convertido,,0.0,Agressivo,Dominican Republic
55377,Orgânico,2023-12-11,Não Convertido,,0.0,Conservador,Iceland
55378,Instagram,2023-12-15,Não Convertido,,0.0,Conservador,Mozambique
55379,E-mail Marketing,2023-12-12,Não Convertido,,0.0,Moderado,Timor-Leste
55380,Facebook,2023-12-15,Não Convertido,,0.0,Agressivo,Togo
55381,Orgânico,2023-12-15,Não Convertido,,0.0,Agressivo,El Salvador
55382,Instagram,2023-12-12,Não Convertido,,0.0,Moderado,Vanuatu
55383,TikTok,2023-12-11,Convertido,28.0,314.4,Agressivo,Tunisia
55384,Instagram,2023-12-12,Não Convertido,,0.0,Conservador,Guadeloupe
55385,TikTok,2023-12-15,Não Convertido,,0.0,Conservador,Trinidad and Tobago
55386,TikTok,2023-12-14,Não Convertido,,0.0,Agressivo,Togo
55387,Google Ads,2023-12-15,Não Convertido,,0.0,Moderado,Bouvet Island (Bouvetoya)
55388,TikTok,2023-12-13,Não Convertido,,0.0,Moderado,Northern Mariana Islands
55389,TikTok,2023-12-12,Não Convertido,,0.0,Desconhecido,United States Minor Outlying Islands
55390,WhatsApp,2023-12-15,Não Convertido,,0.0,Agressivo,Liberia
55391,WhatsApp,2023-12-15,Não Convertido,,0.0,Moderado,Cyprus
55392,E-mail Marketing,2023-12-16,Não Convertido,,0.0,Desconhecido,China
55393,TikTok,2023-12-13,Não Convertido,,0.0,Conservador,Christmas Island
55394,Instagram,2023-12-15,Não Convertido,,0.0,Moderado,Reunion
55395,Instagram,2023-12-14,Convertido,3.0,3817.72,Conservador,Benin
55396,TikTok,2023-12-15,Não Convertido,,0.0,Desconhecido,Bangladesh
55397,Orgânico,2023-12-16,Não Convertido,,0.0,Agressivo,Ecuador
55398,Orgânico,2023-12-14,Não Convertido,,0.0,Moderado,Afghanistan
55399,Orgânico,2023-12-15,Não Convertido,,0.0,Agressivo,Turkmenistan
55400,TikTok,2023-12-12,Não Convertido,,0.0,Moderado,Saint Kitts and Nevis
55401,Facebook,2023-12-14,Convertido,20.0,9045.25,Conservador,Kyrgyz Republic
55402,Instagram,2023-12-12,Convertido,0.0,4456.71,Conservador,Lebanon
55403,E-mail Marketing,2023-12-13,Não Convertido,,0.0,Moderado,Mexico
55404,E-mail Marketing,2023-12-12,Não Convertido,,0.0,Moderado,Bulgaria
55405,YouTube Ads,2023-12-14,Não Convertido,,0.0,Agressivo,Samoa
55406,WhatsApp,2023-12-14,Não Convertido,,0.0,Moderado,Saint Barthelemy
55407,TikTok,2023-12-15,Não Convertido,,0.0,Moderado,Venezuela
55408,Google Ads,2023-12-16,Não Convertido,,0.0,Agressivo,Denmark
55409,E-mail Marketing,2023-12-13,Não Convertido,,0.0,Conservador,Nepal
55410,E-mail Marketing,2023-12-16,Não Convertido,,0.0,Moderado,Tajikistan
55411,Instagram,2023-12-12,Não Convertido,,0.0,Desconhecido,Sri Lanka
55412,Orgânico,2023-12-15,Não Convertido,,0.0,Moderado,Czech Republic
55413,Instagram,2023-12-12,Não Convertido,,0.0,Moderado,Malaysia
55414,TikTok,2023-12-13,Não Convertido,,0.0,Conservador,Bulgaria
55415,Facebook,2023-12-13,Não Convertido,,0.0,Moderado,Afghanistan
55416,TikTok,2023-12-16,Não Convertido,,0.0,Agressivo,El Salvador
55417,Orgânico,2023-12-13,Não Convertido,,0.0,Desconhecido,Morocco
55418,TikTok,2023-12-16,Não Convertido,,0.0,Conservador,Gibraltar
55419,Instagram,2023-12-12,Não Convertido,,0.0,Agressivo,Tuvalu
55420,Indicação,2023-12-16,Não Convertido,,0.0,Desconhecido,Gibraltar
55421,YouTube Ads,2023-12-12,Não Convertido,,0.0,Conservador,United Arab Emirates
55422,Orgânico,2023-12-12,Não Convertido,,0.0,Agressivo,Slovenia
55423,WhatsApp,2023-12-11,Não Convertido,,0.0,Agressivo,Isle of Man
55424,Indicação,2023-12-15,Não Convertido,,0.0,Moderado,Guinea-Bissau
55425,Orgânico,2023-12-16,Não Convertido,,0.0,Conservador,Wallis and Futuna
55426,Instagram,2023-12-16,Não Convertido,,0.0,Moderado,Syrian Arab Republic
55427,Instagram,2023-12-14,Não Convertido,,0.0,Agressivo,Canada
55428,Orgânico,2023-12-12,Não Convertido,,0.0,Conservador,Vanuatu
55429,Facebook,2023-12-16,Não Convertido,,0.0,Desconhecido,Chad
55430,Google Ads,2023-12-16,Não Convertido,,0.0,Moderado,Mauritania
55431,Orgânico,2023-12-11,Não Convertido,,0.0,Agressivo,Burkina Faso
55432,Orgânico,2023-12-14,Convertido,18.0,1344.41,Moderado,Uzbekistan
55433,Instagram,2023-12-14,Não Convertido,,0.0,Conservador,Syrian Arab Republic
55434,YouTube Ads,2023-12-16,Não Convertido,,0.0,Desconhecido,Morocco
55435,YouTube Ads,2023-12-12,Não Convertido,,0.0,Moderado,Togo
55436,WhatsApp,2023-12-11,Não Convertido,,0.0,Conservador,Mali
55437,Instagram,2023-12-15,Não Convertido,,0.0,Moderado,Bolivia
55438,TikTok,2023-12-16,Não Convertido,,0.0,Desconhecido,Sierra Leone
55439,Instagram,2023-12-16,Não Convertido,,0.0,Moderado,Malta
55440,E-mail Marketing,2023-12-14,Convertido,20.0,1162.4,Conservador,Botswana
55441,TikTok,2023-12-14,Não Convertido,,0.0,Moderado,Hungary
55442,TikTok,2023-12-12,Convertido,21.0,9882.52,Moderado,Comoros
55443,TikTok,2023-12-15,Não Convertido,,0.0,Moderado,Botswana
55444,Orgânico,2023-12-16,Não Convertido,,0.0,Moderado,Bermuda
55445,Indicação,2023-12-13,Não Convertido,,0.0,Agressivo,Norfolk Island
55446,TikTok,2023-12-15,Não Convertido,,0.0,Moderado,Pitcairn Islands
55447,E-mail Marketing,2023-12-14,Não Convertido,,0.0,Agressivo,Namibia
55448,E-mail Marketing,2023-12-14,Não Convertido,,0.0,Agressivo,Belize
55449,Google Ads,2023-12-13,Não Convertido,,0.0,Moderado,Togo
55450,Instagram,2023-12-11,Não Convertido,,0.0,Moderado,Guinea-Bissau
55451,TikTok,2023-12-11,Não Convertido,,0.0,Moderado,Norfolk Island
55452,Google Ads,2023-12-15,Não Convertido,,0.0,Moderado,French Southern Territories
55453,Indicação,2023-12-11,Não Convertido,,0.0,Desconhecido,Afghanistan
55454,Orgânico,2023-12-16,Não Convertido,,0.0,Moderado,Swaziland
55455,Orgânico,2023-12-15,Não Convertido,,0.0,Desconhecido,Turks and Caicos Islands
55456,E-mail Marketing,2023-12-12,Não Convertido,,0.0,Agressivo,Equatorial Guinea
55457,TikTok,2023-12-16,Não Convertido,,0.0,Agressivo,Philippines
55458,Orgânico,2023-12-16,Não Convertido,,0.0,Agressivo,Cook Islands
55459,TikTok,2023-12-14,Não Convertido,,0.0,Agressivo,Peru
55460,Google Ads,2023-12-15,Não Convertido,,0.0,Agressivo,Afghanistan
55461,Facebook,2023-12-11,Não Convertido,,0.0,Conservador,Ireland
55462,Google Ads,2023-12-13,Não Convertido,,0.0,Agressivo,Hungary
55463,WhatsApp,2023-12-14,Não Convertido,,0.0,Conservador,Sao Tome and Principe
55464,Orgânico,2023-12-14,Não Convertido,,0.0,Moderado,Colombia
55465,TikTok,2023-12-13,Não Convertido,,0.0,Moderado,Romania
55466,Instagram,2023-12-12,Não Convertido,,0.0,Agressivo,Greece
55467,Orgânico,2023-12-16,Não Convertido,,0.0,Moderado,Finland
55468,Google Ads,2023-12-12,Não Convertido,,0.0,Agressivo,Palau
55469,Orgânico,2023-12-12,Não Convertido,,0.0,Moderado,Micronesia
55470,E-mail Marketing,2023-12-12,Não Convertido,,0.0,Conservador,Cote d'Ivoire
55471,Orgânico,2023-12-15,Não Convertido,,0.0,Moderado,Uruguay
55472,E-mail Marketing,2023-12-14,Não Convertido,,0.0,Moderado,Namibia
55473,Indicação,2023-12-12,Não Convertido,,0.0,Desconhecido,Tokelau
55474,TikTok,2023-12-13,Não Convertido,,0.0,Moderado,Tanzania
55475,Indicação,2023-12-12,Não Convertido,,0.0,Conservador,Gabon
55476,Indicação,2023-12-16,Convertido,0.0,4202.47,Agressivo,Svalbard & Jan Mayen Islands
55477,Facebook,2023-12-15,Não Convertido,,0.0,Moderado,Russian Federation
55478,Facebook,2023-12-11,Não Convertido,,0.0,Conservador,Costa Rica
55479,Orgânico,2023-12-15,Não Convertido,,0.0,Agressivo,Eritrea
55480,TikTok,2023-12-14,Não Convertido,,0.0,Agressivo,Switzerland
55481,E-mail Marketing,2023-12-12,Não Convertido,,0.0,Conservador,Saudi Arabia
55482,Facebook,2023-12-13,Não Convertido,,0.0,Moderado,Anguilla
55483,Orgânico,2023-12-13,Não Convertido,,0.0,Conservador,Saint Barthelemy
55484,Instagram,2023-12-16,Não Convertido,,0.0,Agressivo,Saint Kitts and Nevis
55485,Indicação,2023-12-13,Não Convertido,,0.0,Agressivo,Moldova
55486,Orgânico,2023-12-15,Não Convertido,,0.0,Conservador,Guyana
55487,Google Ads,2023-12-14,Não Convertido,,0.0,Moderado,Seychelles
55488,Google Ads,2023-12-14,Não Convertido,,0.0,Moderado,Czech Republic
55489,Google Ads,2023-12-15,Não Convertido,,0.0,Agressivo,Malawi
55490,YouTube Ads,2023-12-14,Não Convertido,,0.0,Agressivo,Latvia
55491,TikTok,2023-12-15,Não Convertido,,0.0,Desconhecido,Afghanistan
55492,Google Ads,2023-12-15,Não Convertido,,0.0,Conservador,Bangladesh
55493,Facebook,2023-12-14,Não Convertido,,0.0,Moderado,Taiwan
55494,Instagram,2023-12-16,Não Convertido,,0.0,Agressivo,Central African Republic
55495,E-mail Marketing,2023-12-14,Não Convertido,,0.0,Conservador,Poland
55496,Orgânico,2023-12-11,Não Convertido,,0.0,Agressivo,United Arab Emirates
55497,WhatsApp,2023-12-15,Não Convertido,,0.0,Desconhecido,Israel
55498,Facebook,2023-12-14,Não Convertido,,0.0,Agressivo,Ireland
55499,Indicação,2023-12-13,Não Convertido,,0.0,Desconhecido,Slovenia
55500,TikTok,2023-12-13,Não Convertido,,0.0,Moderado,Armenia
55501,Instagram,2023-12-13,Não Convertido,,0.0,Moderado,Niger
55502,WhatsApp,2023-12-15,Não Convertido,,0.0,Desconhecido,Greenland
55503,WhatsApp,2023-12-16,Não Convertido,,0.0,Conservador,Congo
55504,E-mail Marketing,2023-12-12,Não Convertido,,0.0,Moderado,Mozambique
55505,E-mail Marketing,2023-12-14,Não Convertido,,0.0,Moderado,United Kingdom
55506,YouTube Ads,2023-12-11,Não Convertido,,0.0,Desconhecido,Sudan
55507,Instagram,2023-12-12,Convertido,15.0,4451.25,Agressivo,Mozambique
55508,Orgânico,2023-12-11,Não Convertido,,0.0,Desconhecido,Gibraltar
55509,E-mail Marketing,2023-12-16,Não Convertido,,0.0,Agressivo,United Kingdom
55510,Orgânico,2023-12-11,Não Convertido,,0.0,Agressivo,Colombia
55511,Instagram,2023-12-13,Não Convertido,,0.0,Agressivo,Taiwan
55512,Orgânico,2023-12-16,Não Convertido,,0.0,Agressivo,Saint Kitts and Nevis
55513,Orgânico,2023-12-14,Não Convertido,,0.0,Agressivo,United States Minor Outlying Islands
55514,Orgânico,2023-12-12,Não Convertido,,0.0,Moderado,Greece
55515,WhatsApp,2023-12-13,Não Convertido,,0.0,Desconhecido,Italy
55516,E-mail Marketing,2023-12-14,Não Convertido,,0.0,Moderado,French Guiana
55517,Instagram,2023-12-14,Não Convertido,,0.0,Conservador,Bangladesh
55518,TikTok,2023-12-13,Não Convertido,,0.0,Moderado,Nepal
55519,E-mail Marketing,2023-12-14,Não Convertido,,0.0,Moderado,El Salvador
55520,Indicação,2023-12-14,Não Convertido,,0.0,Desconhecido,Serbia
55521,TikTok,2023-12-12,Não Convertido,,0.0,Desconhecido,China
55522,Google Ads,2023-12-11,Não Convertido,,0.0,Moderado,Russian Federation
55523,TikTok,2023-12-15,Não Convertido,,0.0,Agressivo,Comoros
55524,Orgânico,2023-12-16,Não Convertido,,0.0,Agressivo,Andorra
55525,Instagram,2023-12-15,Não Convertido,,0.0,Desconhecido,Bosnia and Herzegovina
55526,Orgânico,2023-12-13,Não Convertido,,0.0,Desconhecido,Korea
55527,Orgânico,2023-12-12,Não Convertido,,0.0,Moderado,Turkmenistan
55528,WhatsApp,2023-12-11,Não Convertido,,0.0,Conservador,Guinea
55529,Indicação,2023-12-12,Não Convertido,,0.0,Moderado,Costa Rica
55530,E-mail Marketing,2023-12-15,Não Convertido,,0.0,Conservador,Puerto Rico
55531,Instagram,2023-12-15,Não Convertido,,0.0,Moderado,Cote d'Ivoire
55532,E-mail Marketing,2023-12-15,Não Convertido,,0.0,Conservador,Yemen
55533,Instagram,2023-12-14,Não Convertido,,0.0,Moderado,Anguilla
55534,Facebook,2023-12-15,Não Convertido,,0.0,Conservador,Bahamas
55535,WhatsApp,2023-12-12,Não Convertido,,0.0,Moderado,Macao
55536,Indicação,2023-12-12,Não Convertido,,0.0,Agressivo,Northern Mariana Islands
55537,YouTube Ads,2023-12-12,Convertido,16.0,8245.91,Agressivo,Martinique
55538,Google Ads,2023-12-13,Não Convertido,,0.0,Moderado,Malawi
55539,Google Ads,2023-12-16,Não Convertido,,0.0,Conservador,Micronesia
55540,Orgânico,2023-12-11,Não Convertido,,0.0,Agressivo,Bahamas
55541,Instagram,2023-12-16,Não Convertido,,0.0,Conservador,Montserrat
55542,Facebook,2023-12-15,Não Convertido,,0.0,Moderado,Armenia
55543,Indicação,2023-12-12,Não Convertido,,0.0,Moderado,Vanuatu
55544,E-mail Marketing,2023-12-15,Não Convertido,,0.0,Moderado,Guyana
55545,Orgânico,2023-12-14,Não Convertido,,0.0,Conservador,Bermuda
55546,WhatsApp,2023-12-15,Não Convertido,,0.0,Agressivo,Jordan
55547,TikTok,2023-12-16,Convertido,19.0,2193.03,Moderado,South Georgia and the South Sandwich Islands
55548,Indicação,2023-12-12,Não Convertido,,0.0,Agressivo,Bermuda
55549,Instagram,2023-12-15,Não Convertido,,0.0,Moderado,Niue
55550,YouTube Ads,2023-12-13,Não Convertido,,0.0,Moderado,New Zealand
55551,TikTok,2023-12-11,Não Convertido,,0.0,Moderado,Uzbekistan
55552,Instagram,2023-12-12,Não Convertido,,0.0,Conservador,Turkey
55553,WhatsApp,2023-12-12,Não Convertido,,0.0,Conservador,Mauritius
55554,YouTube Ads,2023-12-15,Não Convertido,,0.0,Moderado,Costa Rica
55555,Instagram,2023-12-15,Não Convertido,,0.0,Conservador,Paraguay
55556,TikTok,2023-12-13,Não Convertido,,0.0,Agressivo,Antarctica (the territory South of 60 deg S)
55557,Orgânico,2023-12-11,Não Convertido,,0.0,Moderado,Martinique
55558,Instagram,2023-12-11,Não Convertido,,0.0,Moderado,Bangladesh
55559,Orgânico,2023-12-12,Não Convertido,,0.0,Agressivo,Sao Tome and Principe
55560,E-mail Marketing,2023-12-11,Não Convertido,,0.0,Moderado,Aruba
55561,Google Ads,2023-12-13,Não Convertido,,0.0,Conservador,Barbados
55562,Instagram,2023-12-12,Não Convertido,,0.0,Desconhecido,Equatorial Guinea
55563,Google Ads,2023-12-16,Não Convertido,,0.0,Agressivo,Cook Islands
55564,TikTok,2023-12-16,Não Convertido,,0.0,Conservador,Zimbabwe
55565,Google Ads,2023-12-13,Não Convertido,,0.0,Agressivo,Turkmenistan
55566,TikTok,2023-12-16,Não Convertido,,0.0,Conservador,Peru
55567,WhatsApp,2023-12-12,Não Convertido,,0.0,Moderado,United States of America
55568,E-mail Marketing,2023-12-14,Não Convertido,,0.0,Moderado,Czech Republic
55569,Orgânico,2023-12-11,Não Convertido,,0.0,Conservador,Turkmenistan
55570,Facebook,2023-12-11,Não Convertido,,0.0,Moderado,Svalbard & Jan Mayen Islands
55571,Instagram,2023-12-14,Não Convertido,,0.0,Agressivo,Iceland
55572,E-mail Marketing,2023-12-12,Não Convertido,,0.0,Agressivo,French Southern Territories
55573,E-mail Marketing,2023-12-14,Não Convertido,,0.0,Desconhecido,Samoa
55574,Facebook,2023-12-14,Convertido,1.0,5776.74,Agressivo,Svalbard & Jan Mayen Islands
55575,Orgânico,2023-12-12,Não Convertido,,0.0,Agressivo,Botswana
55576,Google Ads,2023-12-13,Não Convertido,,0.0,Desconhecido,Lebanon
55577,Google Ads,2023-12-13,Não Convertido,,0.0,Moderado,South Africa
55578,Indicação,2023-12-15,Não Convertido,,0.0,Agressivo,Thailand
55579,Facebook,2023-12-14,Não Convertido,,0.0,Agressivo,South Africa
55580,Orgânico,2023-12-15,Não Convertido,,0.0,Conservador,Congo
55581,Google Ads,2023-12-13,Não Convertido,,0.0,Moderado,Bahamas
55582,TikTok,2023-12-14,Não Convertido,,0.0,Moderado,Algeria
55583,Google Ads,2023-12-12,Não Convertido,,0.0,Agressivo,Guinea-Bissau
55584,Google Ads,2023-12-13,Não Convertido,,0.0,Conservador,Cuba
55585,TikTok,2023-12-15,Não Convertido,,0.0,Agressivo,Wallis and Futuna
55586,WhatsApp,2023-12-16,Não Convertido,,0.0,Agressivo,Russian Federation
55587,Google Ads,2023-12-16,Não Convertido,,0.0,Agressivo,Singapore
55588,E-mail Marketing,2023-12-14,Não Convertido,,0.0,Moderado,Uganda
55589,TikTok,2023-12-14,Não Convertido,,0.0,Moderado,Iceland
55590,TikTok,2023-12-16,Não Convertido,,0.0,Moderado,Liechtenstein
55591,TikTok,2023-12-12,Não Convertido,,0.0,Moderado,Slovenia
55592,YouTube Ads,2023-12-11,Não Convertido,,0.0,Moderado,Greenland
55593,Google Ads,2023-12-15,Não Convertido,,0.0,Moderado,Jamaica
55594,Google Ads,2023-12-16,Não Convertido,,0.0,Moderado,Iceland
55595,WhatsApp,2023-12-12,Não Convertido,,0.0,Moderado,Zambia
55596,Instagram,2023-12-14,Não Convertido,,0.0,Moderado,Iraq
55597,E-mail Marketing,2023-12-14,Não Convertido,,0.0,Conservador,Mongolia
55598,Orgânico,2023-12-11,Convertido,19.0,399.81,Conservador,Saint Helena
55599,Facebook,2023-12-14,Não Convertido,,0.0,Agressivo,Dominica
55600,Indicação,2023-12-12,Não Convertido,,0.0,Agressivo,Haiti
55601,YouTube Ads,2023-12-16,Não Convertido,,0.0,Moderado,Netherlands Antilles
55602,Instagram,2023-12-12,Não Convertido,,0.0,Moderado,Azerbaijan
55603,TikTok,2023-12-12,Convertido,14.0,4349.28,Moderado,Namibia
55604,Google Ads,2023-12-12,Não Convertido,,0.0,Conservador,Hong Kong
55605,Facebook,2023-12-12,Não Convertido,,0.0,Moderado,Philippines
55606,Google Ads,2023-12-11,Não Convertido,,0.0,Agressivo,South Africa
55607,WhatsApp,2023-12-12,Não Convertido,,0.0,Agressivo,Guyana
55608,TikTok,2023-12-16,Não Convertido,,0.0,Desconhecido,Liberia
55609,Orgânico,2023-12-16,Não Convertido,,0.0,Agressivo,Netherlands Antilles
55610,Google Ads,2023-12-12,Não Convertido,,0.0,Conservador,Cyprus
55611,TikTok,2023-12-12,Não Convertido,,0.0,Conservador,Saudi Arabia
55612,Instagram,2023-12-11,Não Convertido,,0.0,Desconhecido,Australia
55613,E-mail Marketing,2023-12-15,Não Convertido,,0.0,Moderado,Fiji
55614,YouTube Ads,2023-12-13,Não Convertido,,0.0,Moderado,Croatia
55615,Facebook,2023-12-13,Não Convertido,,0.0,Desconhecido,Honduras
55616,Orgânico,2023-12-14,Não Convertido,,0.0,Agressivo,Malta
55617,YouTube Ads,2023-12-11,Não Convertido,,0.0,Moderado,Fiji
55618,Facebook,2023-12-15,Convertido,15.0,5447.03,Moderado,Uzbekistan
55619,Google Ads,2023-12-13,Não Convertido,,0.0,Moderado,Guatemala
55620,Google Ads,2023-12-12,Não Convertido,,0.0,Desconhecido,Paraguay
55621,TikTok,2023-12-13,Não Convertido,,0.0,Conservador,Kyrgyz Republic
55622,WhatsApp,2023-12-13,Não Convertido,,0.0,Moderado,British Indian Ocean Territory (Chagos Archipelago)
55623,TikTok,2023-12-15,Não Convertido,,0.0,Moderado,Malaysia
55624,YouTube Ads,2023-12-14,Não Convertido,,0.0,Conservador,Benin
55625,Orgânico,2023-12-11,Não Convertido,,0.0,Conservador,Ghana
55626,WhatsApp,2023-12-12,Não Convertido,,0.0,Moderado,Mali
55627,TikTok,2023-12-13,Não Convertido,,0.0,Moderado,Lebanon
55628,E-mail Marketing,2023-12-14,Não Convertido,,0.0,Desconhecido,Martinique
55629,Facebook,2023-12-15,Não Convertido,,0.0,Conservador,Norfolk Island
55630,WhatsApp,2023-12-12,Não Convertido,,0.0,Conservador,Timor-Leste
55631,Indicação,2023-12-12,Não Convertido,,0.0,Moderado,Reunion
55632,TikTok,2023-12-15,Não Convertido,,0.0,Moderado,Colombia
55633,Orgânico,2023-12-15,Não Convertido,,0.0,Moderado,Pakistan
55634,Facebook,2023-12-12,Não Convertido,,0.0,Agressivo,Greece
55635,Orgânico,2023-12-14,Não Convertido,,0.0,Moderado,Dominican Republic
55636,Orgânico,2023-12-15,Não Convertido,,0.0,Moderado,Congo
55637,WhatsApp,2023-12-11,Não Convertido,,0.0,Moderado,Kuwait
55638,Orgânico,2023-12-16,Não Convertido,,0.0,Conservador,Costa Rica
55639,Orgânico,2023-12-13,Não Convertido,,0.0,Moderado,Dominican Republic
55640,YouTube Ads,2023-12-15,Não Convertido,,0.0,Moderado,Lithuania
55641,Google Ads,2023-12-14,Não Convertido,,0.0,Moderado,Ethiopia
55642,E-mail Marketing,2023-12-15,Não Convertido,,0.0,Agressivo,Argentina
55643,Instagram,2023-12-15,Não Convertido,,0.0,Agressivo,French Guiana
55644,Facebook,2023-12-14,Não Convertido,,0.0,Desconhecido,Palau
55645,WhatsApp,2023-12-16,Não Convertido,,0.0,Agressivo,Jamaica
55646,Indicação,2023-12-16,Não Convertido,,0.0,Desconhecido,Cook Islands
55647,Orgânico,2023-12-15,Não Convertido,,0.0,Desconhecido,North Macedonia
55648,YouTube Ads,2023-12-14,Não Convertido,,0.0,Conservador,Costa Rica
55649,Google Ads,2023-12-15,Não Convertido,,0.0,Moderado,Djibouti
55650,TikTok,2023-12-14,Não Convertido,,0.0,Agressivo,Sao Tome and Principe
55651,Orgânico,2023-12-16,Não Convertido,,0.0,Agressivo,Libyan Arab Jamahiriya
55652,YouTube Ads,2023-12-13,Não Convertido,,0.0,Moderado,Seychelles
55653,E-mail Marketing,2023-12-15,Não Convertido,,0.0,Moderado,Pitcairn Islands
55654,Orgânico,2023-12-15,Não Convertido,,0.0,Moderado,Cocos (Keeling) Islands
55655,Indicação,2023-12-12,Não Convertido,,0.0,Agressivo,Somalia
55656,Google Ads,2023-12-12,Não Convertido,,0.0,Desconhecido,Ecuador
55657,Instagram,2023-12-11,Não Convertido,,0.0,Desconhecido,Ethiopia
55658,TikTok,2023-12-11,Não Convertido,,0.0,Moderado,Yemen
55659,Orgânico,2023-12-13,Não Convertido,,0.0,Desconhecido,Slovakia (Slovak Republic)
55660,Indicação,2023-12-11,Não Convertido,,0.0,Agressivo,Myanmar
55661,TikTok,2023-12-13,Não Convertido,,0.0,Desconhecido,United States of America
55662,Orgânico,2023-12-16,Não Convertido,,0.0,Moderado,Equatorial Guinea
55663,YouTube Ads,2023-12-15,Não Convertido,,0.0,Conservador,San Marino
55664,Indicação,2023-12-12,Não Convertido,,0.0,Moderado,Norfolk Island
55665,TikTok,2023-12-14,Não Convertido,,0.0,Agressivo,Somalia
55666,Orgânico,2023-12-13,Não Convertido,,0.0,Moderado,United States Virgin Islands
55667,Google Ads,2023-12-12,Não Convertido,,0.0,Conservador,Guam
55668,Orgânico,2023-12-16,Não Convertido,,0.0,Agressivo,Brunei Darussalam
55669,Instagram,2023-12-15,Não Convertido,,0.0,Desconhecido,Australia
55670,TikTok,2023-12-12,Não Convertido,,0.0,Moderado,United Kingdom
55671,Orgânico,2023-12-15,Não Convertido,,0.0,Conservador,Belarus
55672,TikTok,2023-12-12,Não Convertido,,0.0,Moderado,Peru
55673,Instagram,2023-12-15,Convertido,19.0,5015.24,Conservador,Saint Kitts and Nevis
55674,WhatsApp,2023-12-11,Não Convertido,,0.0,Conservador,Albania
55675,TikTok,2023-12-15,Não Convertido,,0.0,Moderado,Aruba
55676,Instagram,2023-12-11,Não Convertido,,0.0,Moderado,Slovenia
55677,E-mail Marketing,2023-12-11,Não Convertido,,0.0,Moderado,American Samoa
55678,Instagram,2023-12-11,Convertido,18.0,6838.99,Agressivo,Burundi
55679,Google Ads,2023-12-14,Não Convertido,,0.0,Agressivo,Cambodia
55680,TikTok,2023-12-16,Não Convertido,,0.0,Moderado,Niger
55681,E-mail Marketing,2023-12-12,Não Convertido,,0.0,Agressivo,Sweden
55682,TikTok,2023-12-16,Não Convertido,,0.0,Moderado,Mauritania
55683,Orgânico,2023-12-15,Não Convertido,,0.0,Conservador,Panama
55684,Indicação,2023-12-14,Não Convertido,,0.0,Agressivo,Montenegro
55685,Facebook,2023-12-11,Não Convertido,,0.0,Moderado,Eritrea
55686,Indicação,2023-12-14,Não Convertido,,0.0,Moderado,Cote d'Ivoire
55687,Indicação,2023-12-15,Não Convertido,,0.0,Conservador,Namibia
55688,WhatsApp,2023-12-13,Não Convertido,,0.0,Conservador,Marshall Islands
55689,Instagram,2023-12-12,Não Convertido,,0.0,Agressivo,Congo
55690,Instagram,2023-12-16,Não Convertido,,0.0,Conservador,Malaysia
55691,Facebook,2023-12-15,Não Convertido,,0.0,Agressivo,Senegal
55692,WhatsApp,2023-12-12,Não Convertido,,0.0,Agressivo,Jamaica
55693,Instagram,2023-12-14,Não Convertido,,0.0,Moderado,Saint Pierre and Miquelon
55694,E-mail Marketing,2023-12-12,Não Convertido,,0.0,Moderado,Liechtenstein
55695,Google Ads,2023-12-12,Não Convertido,,0.0,Moderado,Swaziland
55696,Indicação,2023-12-15,Não Convertido,,0.0,Moderado,Martinique
55697,Indicação,2023-12-16,Não Convertido,,0.0,Agressivo,Egypt
55698,Orgânico,2023-12-14,Não Convertido,,0.0,Moderado,Mauritius
55699,TikTok,2023-12-15,Não Convertido,,0.0,Agressivo,Kyrgyz Republic
55700,E-mail Marketing,2023-12-14,Não Convertido,,0.0,Agressivo,Saint Martin
55701,Indicação,2023-12-14,Não Convertido,,0.0,Agressivo,Burkina Faso
55702,Google Ads,2023-12-15,Não Convertido,,0.0,Agressivo,Gabon
55703,WhatsApp,2023-12-15,Não Convertido,,0.0,Conservador,Greece
55704,E-mail Marketing,2023-12-15,Não Convertido,,0.0,Agressivo,Congo
55705,Orgânico,2023-12-11,Não Convertido,,0.0,Agressivo,Svalbard & Jan Mayen Islands
55706,YouTube Ads,2023-12-14,Não Convertido,,0.0,Agressivo,Korea
55707,Orgânico,2023-12-11,Não Convertido,,0.0,Agressivo,Djibouti
55708,Facebook,2023-12-11,Não Convertido,,0.0,Moderado,Finland
55709,Orgânico,2023-12-11,Não Convertido,,0.0,Moderado,Congo
55710,TikTok,2023-12-14,Não Convertido,,0.0,Conservador,Falkland Islands (Malvinas)
55711,TikTok,2023-12-16,Convertido,23.0,1654.75,Agressivo,Zimbabwe
55712,Instagram,2023-12-15,Convertido,25.0,4305.83,Moderado,Jordan
55713,E-mail Marketing,2023-12-15,Não Convertido,,0.0,Agressivo,Albania
55714,WhatsApp,2023-12-16,Não Convertido,,0.0,Agressivo,Eritrea
55715,Orgânico,2023-12-13,Não Convertido,,0.0,Agressivo,United Kingdom
55716,Instagram,2023-12-12,Não Convertido,,0.0,Desconhecido,Moldova
55717,Instagram,2023-12-15,Não Convertido,,0.0,Moderado,Israel
55718,E-mail Marketing,2023-12-14,Não Convertido,,0.0,Conservador,Ireland
55719,E-mail Marketing,2023-12-13,Não Convertido,,0.0,Moderado,Bhutan
55720,TikTok,2023-12-15,Não Convertido,,0.0,Conservador,Dominican Republic
55721,E-mail Marketing,2023-12-11,Não Convertido,,0.0,Agressivo,Mali
55722,Instagram,2023-12-15,Não Convertido,,0.0,Moderado,Japan
55723,Instagram,2023-12-12,Não Convertido,,0.0,Moderado,Bahrain
55724,YouTube Ads,2023-12-15,Não Convertido,,0.0,Agressivo,Cote d'Ivoire
55725,TikTok,2023-12-15,Não Convertido,,0.0,Moderado,Botswana
55726,Google Ads,2023-12-14,Não Convertido,,0.0,Desconhecido,Lao People's Democratic Republic
55727,Instagram,2023-12-16,Não Convertido,,0.0,Agressivo,Saint Helena
55728,TikTok,2023-12-15,Não Convertido,,0.0,Agressivo,Brunei Darussalam
55729,Indicação,2023-12-16,Não Convertido,,0.0,Agressivo,Liechtenstein
55730,TikTok,2023-12-13,Não Convertido,,0.0,Moderado,Sweden
55731,WhatsApp,2023-12-15,Não Convertido,,0.0,Moderado,Sao Tome and Principe
55732,E-mail Marketing,2023-12-14,Não Convertido,,0.0,Desconhecido,Luxembourg
55733,Instagram,2023-12-14,Não Convertido,,0.0,Desconhecido,Angola
55734,Google Ads,2023-12-16,Não Convertido,,0.0,Moderado,Spain
55735,WhatsApp,2023-12-16,Não Convertido,,0.0,Moderado,El Salvador
55736,YouTube Ads,2023-12-14,Não Convertido,,0.0,Agressivo,United Kingdom
55737,WhatsApp,2023-12-13,Não Convertido,,0.0,Conservador,Svalbard & Jan Mayen Islands
55738,E-mail Marketing,2023-12-12,Não Convertido,,0.0,Agressivo,Andorra
55739,Google Ads,2023-12-11,Não Convertido,,0.0,Moderado,Chile
55740,WhatsApp,2023-12-15,Não Convertido,,0.0,Agressivo,Seychelles
55741,Facebook,2023-12-15,Não Convertido,,0.0,Agressivo,Malawi
55742,E-mail Marketing,2023-12-11,Não Convertido,,0.0,Moderado,United States Virgin Islands
55743,TikTok,2023-12-14,Não Convertido,,0.0,Conservador,Montserrat
55744,Orgânico,2023-12-15,Não Convertido,,0.0,Conservador,Maldives
55745,E-mail Marketing,2023-12-11,Não Convertido,,0.0,Conservador,United States Virgin Islands
55746,E-mail Marketing,2023-12-16,Não Convertido,,0.0,Moderado,Bhutan
55747,E-mail Marketing,2023-12-11,Não Convertido,,0.0,Conservador,Cameroon
55748,YouTube Ads,2023-12-13,Não Convertido,,0.0,Moderado,Mali
55749,Orgânico,2023-12-13,Não Convertido,,0.0,Moderado,Jordan
55750,Orgânico,2023-12-16,Não Convertido,,0.0,Moderado,Malta
55751,Orgânico,2023-12-15,Não Convertido,,0.0,Moderado,Yemen
55752,Facebook,2023-12-12,Não Convertido,,0.0,Conservador,Cote d'Ivoire
55753,YouTube Ads,2023-12-11,Convertido,5.0,102.53,Agressivo,Saint Barthelemy
55754,Instagram,2023-12-14,Não Convertido,,0.0,Moderado,Guernsey
55755,Instagram,2023-12-13,Não Convertido,,0.0,Moderado,Czech Republic
55756,Google Ads,2023-12-13,Não Convertido,,0.0,Moderado,French Guiana
55757,Indicação,2023-12-15,Não Convertido,,0.0,Agressivo,Cyprus
55758,Instagram,2023-12-15,Não Convertido,,0.0,Conservador,Saint Vincent and the Grenadines
55759,WhatsApp,2023-12-13,Não Convertido,,0.0,Agressivo,Ghana
55760,TikTok,2023-12-14,Não Convertido,,0.0,Moderado,Jersey
55761,TikTok,2023-12-15,Não Convertido,,0.0,Conservador,Bhutan
55762,Orgânico,2023-12-15,Não Convertido,,0.0,Moderado,Sudan
55763,Instagram,2023-12-13,Não Convertido,,0.0,Conservador,Qatar
55764,Facebook,2023-12-11,Não Convertido,,0.0,Conservador,Libyan Arab Jamahiriya
55765,E-mail Marketing,2023-12-16,Não Convertido,,0.0,Agressivo,Malawi
55766,Orgânico,2023-12-14,Não Convertido,,0.0,Moderado,Saint Barthelemy
55767,Orgânico,2023-12-13,Não Convertido,,0.0,Agressivo,Marshall Islands
55768,Indicação,2023-12-16,Convertido,13.0,3447.01,Conservador,Madagascar
55769,TikTok,2023-12-11,Não Convertido,,0.0,Moderado,Kenya
55770,Indicação,2023-12-14,Não Convertido,,0.0,Agressivo,Cyprus
55771,E-mail Marketing,2023-12-15,Não Convertido,,0.0,Conservador,Tajikistan
55772,TikTok,2023-12-14,Não Convertido,,0.0,Desconhecido,Oman
55773,WhatsApp,2023-12-11,Convertido,24.0,9733.68,Conservador,Thailand
55774,Instagram,2023-12-16,Não Convertido,,0.0,Moderado,Saint Barthelemy
55775,TikTok,2023-12-14,Não Convertido,,0.0,Conservador,Ethiopia
55776,Instagram,2023-12-13,Não Convertido,,0.0,Conservador,Central African Republic
55777,Facebook,2023-12-14,Não Convertido,,0.0,Conservador,Cayman Islands
55778,Orgânico,2023-12-11,Não Convertido,,0.0,Conservador,Chad
55779,E-mail Marketing,2023-12-12,Não Convertido,,0.0,Desconhecido,Argentina
55780,E-mail Marketing,2023-12-12,Não Convertido,,0.0,Moderado,Nauru
55781,E-mail Marketing,2023-12-15,Não Convertido,,0.0,Moderado,Antigua and Barbuda
55782,Orgânico,2023-12-15,Não Convertido,,0.0,Moderado,Vietnam
55783,Instagram,2023-12-13,Não Convertido,,0.0,Conservador,Guatemala
55784,TikTok,2023-12-12,Não Convertido,,0.0,Moderado,Liechtenstein
55785,E-mail Marketing,2023-12-14,Não Convertido,,0.0,Moderado,Tonga
55786,Orgânico,2023-12-13,Não Convertido,,0.0,Moderado,India
55787,YouTube Ads,2023-12-16,Não Convertido,,0.0,Conservador,Kyrgyz Republic
55788,TikTok,2023-12-13,Não Convertido,,0.0,Agressivo,Angola
55789,YouTube Ads,2023-12-15,Não Convertido,,0.0,Moderado,Iraq
55790,E-mail Marketing,2023-12-12,Não Convertido,,0.0,Moderado,Turkey
55791,Instagram,2023-12-14,Não Convertido,,0.0,Moderado,Marshall Islands
55792,YouTube Ads,2023-12-11,Não Convertido,,0.0,Moderado,Chad
55793,Facebook,2023-12-14,Não Convertido,,0.0,Moderado,Brazil
55794,Google Ads,2023-12-11,Não Convertido,,0.0,Moderado,Honduras
55795,WhatsApp,2023-12-16,Não Convertido,,0.0,Moderado,Guam
55796,YouTube Ads,2023-12-11,Não Convertido,,0.0,Moderado,Costa Rica
55797,Orgânico,2023-12-13,Não Convertido,,0.0,Moderado,United States of America
55798,Facebook,2023-12-13,Não Convertido,,0.0,Agressivo,Bermuda
55799,Facebook,2023-12-14,Não Convertido,,0.0,Moderado,Portugal
55800,Orgânico,2023-12-13,Não Convertido,,0.0,Moderado,Georgia
55801,Indicação,2023-12-14,Não Convertido,,0.0,Moderado,Saint Helena
55802,Instagram,2023-12-16,Não Convertido,,0.0,Moderado,Antigua and Barbuda
55803,Facebook,2023-12-14,Não Convertido,,0.0,Moderado,United States Virgin Islands
55804,E-mail Marketing,2023-12-14,Não Convertido,,0.0,Conservador,Luxembourg
55805,TikTok,2023-12-11,Não Convertido,,0.0,Moderado,Mauritius
55806,Facebook,2023-12-16,Não Convertido,,0.0,Agressivo,Niger
55807,E-mail Marketing,2023-12-15,Não Convertido,,0.0,Moderado,Austria
55808,YouTube Ads,2023-12-11,Não Convertido,,0.0,Moderado,Monaco
55809,Google Ads,2023-12-12,Não Convertido,,0.0,Agressivo,Nicaragua
55810,TikTok,2023-12-12,Não Convertido,,0.0,Moderado,Argentina
55811,Instagram,2023-12-13,Não Convertido,,0.0,Moderado,Uzbekistan
55812,Facebook,2023-12-14,Não Convertido,,0.0,Moderado,Oman
55813,WhatsApp,2023-12-12,Não Convertido,,0.0,Agressivo,Guadeloupe
55814,E-mail Marketing,2023-12-12,Não Convertido,,0.0,Moderado,Burkina Faso
55815,YouTube Ads,2023-12-11,Não Convertido,,0.0,Agressivo,Zimbabwe
55816,Orgânico,2023-12-13,Não Convertido,,0.0,Moderado,Malawi
55817,Facebook,2023-12-12,Não Convertido,,0.0,Moderado,Heard Island and McDonald Islands
55818,WhatsApp,2023-12-11,Não Convertido,,0.0,Agressivo,Montenegro
55819,Instagram,2023-12-14,Não Convertido,,0.0,Desconhecido,Marshall Islands
55820,Instagram,2023-12-13,Não Convertido,,0.0,Conservador,Suriname
55821,E-mail Marketing,2023-12-14,Não Convertido,,0.0,Conservador,Peru
55822,TikTok,2023-12-16,Não Convertido,,0.0,Conservador,Thailand
55823,TikTok,2023-12-16,Não Convertido,,0.0,Moderado,Netherlands
55824,WhatsApp,2023-12-12,Não Convertido,,0.0,Moderado,Indonesia
55825,YouTube Ads,2023-12-14,Não Convertido,,0.0,Conservador,Andorra
55826,YouTube Ads,2023-12-14,Não Convertido,,0.0,Moderado,Senegal
55827,Instagram,2023-12-12,Não Convertido,,0.0,Agressivo,Tokelau
55828,Facebook,2023-12-15,Não Convertido,,0.0,Moderado,Morocco
55829,WhatsApp,2023-12-15,Não Convertido,,0.0,Agressivo,Namibia
55830,Facebook,2023-12-12,Não Convertido,,0.0,Agressivo,Oman
55831,E-mail Marketing,2023-12-13,Não Convertido,,0.0,Agressivo,Cayman Islands
