lead_id,origem,data_cadastro,status_conversao,dias_ate_1o_trade,valor_deposito,perfil,pais
169396,Instagram,2024-10-14,Não Convertido,,0.0,Desconhecido,Hong Kong
169397,TikTok,2024-10-18,Não Convertido,,0.0,Agressivo,Martinique
169398,Facebook,2024-10-14,Não Convertido,,0.0,Agressivo,Belize
169399,E-mail Marketing,2024-10-17,Não Convertido,,0.0,Conservador,Bangladesh
169400,Instagram,2024-10-17,Não Convertido,,0.0,Conservador,San Marino
169401,E-mail Marketing,2024-10-17,Não Convertido,,0.0,Moderado,Mali
169402,Orgânico,2024-10-15,Não Convertido,,0.0,Moderado,Rwanda
169403,E-mail Marketing,2024-10-15,Não Convertido,,0.0,Moderado,Brunei Darussalam
169404,TikTok,2024-10-18,Não Convertido,,0.0,Desconhecido,Guinea
169405,Instagram,2024-10-16,Não Convertido,,0.0,Desconhecido,Madagascar
169406,TikTok,2024-10-19,Não Convertido,,0.0,Agressivo,Christmas Island
169407,YouTube Ads,2024-10-16,Não Convertido,,0.0,Agressivo,Sao Tome and Principe
169408,E-mail Marketing,2024-10-18,Não Convertido,,0.0,Agressivo,Saint Barthelemy
169409,TikTok,2024-10-17,Não Convertido,,0.0,Conservador,Suriname
169410,Indicação,2024-10-14,Não Convertido,,0.0,Agressivo,Mali
169411,TikTok,2024-10-16,Convertido,14.0,8836.08,Desconhecido,Myanmar
169412,TikTok,2024-10-15,Não Convertido,,0.0,Moderado,Madagascar
169413,Google Ads,2024-10-18,Não Convertido,,0.0,Moderado,Macao
169414,TikTok,2024-10-18,Não Convertido,,0.0,Desconhecido,Algeria
169415,Facebook,2024-10-15,Não Convertido,,0.0,Moderado,Benin
169416,Instagram,2024-10-18,Não Convertido,,0.0,Conservador,Libyan Arab Jamahiriya
169417,TikTok,2024-10-18,Não Convertido,,0.0,Agressivo,Nicaragua
169418,E-mail Marketing,2024-10-15,Não Convertido,,0.0,Moderado,Solomon Islands
169419,WhatsApp,2024-10-18,Não Convertido,,0.0,Moderado,Tajikistan
169420,Instagram,2024-10-16,Não Convertido,,0.0,Moderado,Montserrat
169421,E-mail Marketing,2024-10-19,Não Convertido,,0.0,Agressivo,Barbados
169422,YouTube Ads,2024-10-14,Não Convertido,,0.0,Moderado,Slovakia (Slovak Republic)
169423,Facebook,2024-10-19,Não Convertido,,0.0,Moderado,Brunei Darussalam
169424,YouTube Ads,2024-10-19,Não Convertido,,0.0,Agressivo,South Georgia and the South Sandwich Islands
169425,Instagram,2024-10-15,Não Convertido,,0.0,Conservador,Uzbekistan
169426,E-mail Marketing,2024-10-16,Não Convertido,,0.0,Agressivo,Oman
169427,Google Ads,2024-10-16,Não Convertido,,0.0,Agressivo,Rwanda
169428,YouTube Ads,2024-10-15,Não Convertido,,0.0,Moderado,Guatemala
169429,E-mail Marketing,2024-10-17,Não Convertido,,0.0,Agressivo,Turkey
169430,YouTube Ads,2024-10-18,Não Convertido,,0.0,Conservador,South Georgia and the South Sandwich Islands
169431,Facebook,2024-10-14,Não Convertido,,0.0,Agressivo,Ghana
169432,Google Ads,2024-10-17,Não Convertido,,0.0,Moderado,South Georgia and the South Sandwich Islands
169433,Google Ads,2024-10-17,Não Convertido,,0.0,Conservador,Pitcairn Islands
169434,E-mail Marketing,2024-10-15,Não Convertido,,0.0,Moderado,North Macedonia
169435,YouTube Ads,2024-10-19,Não Convertido,,0.0,Conservador,Czech Republic
169436,Google Ads,2024-10-17,Não Convertido,,0.0,Desconhecido,Netherlands Antilles
169437,Orgânico,2024-10-16,Não Convertido,,0.0,Agressivo,Argentina
169438,E-mail Marketing,2024-10-17,Não Convertido,,0.0,Conservador,Lao People's Democratic Republic
169439,TikTok,2024-10-15,Não Convertido,,0.0,Agressivo,Taiwan
169440,Facebook,2024-10-16,Não Convertido,,0.0,Moderado,Germany
169441,Facebook,2024-10-14,Não Convertido,,0.0,Desconhecido,Gabon
169442,Google Ads,2024-10-17,Não Convertido,,0.0,Conservador,Guam
169443,Instagram,2024-10-14,Não Convertido,,0.0,Moderado,British Indian Ocean Territory (Chagos Archipelago)
169444,Instagram,2024-10-19,Não Convertido,,0.0,Moderado,Moldova
169445,YouTube Ads,2024-10-16,Não Convertido,,0.0,Moderado,Cape Verde
169446,Indicação,2024-10-17,Não Convertido,,0.0,Agressivo,Cuba
169447,TikTok,2024-10-16,Não Convertido,,0.0,Conservador,China
169448,Facebook,2024-10-14,Não Convertido,,0.0,Agressivo,Malta
169449,Orgânico,2024-10-15,Não Convertido,,0.0,Conservador,Guernsey
169450,Instagram,2024-10-19,Não Convertido,,0.0,Conservador,Guatemala
169451,Google Ads,2024-10-17,Não Convertido,,0.0,Agressivo,Botswana
169452,Orgânico,2024-10-15,Não Convertido,,0.0,Moderado,Tanzania
169453,Orgânico,2024-10-15,Não Convertido,,0.0,Moderado,Madagascar
169454,Instagram,2024-10-19,Não Convertido,,0.0,Moderado,Sri Lanka
169455,Facebook,2024-10-15,Não Convertido,,0.0,Agressivo,Afghanistan
169456,Instagram,2024-10-18,Não Convertido,,0.0,Agressivo,Macao
169457,Google Ads,2024-10-19,Não Convertido,,0.0,Agressivo,Wallis and Futuna
169458,Instagram,2024-10-17,Não Convertido,,0.0,Desconhecido,Western Sahara
169459,TikTok,2024-10-15,Não Convertido,,0.0,Moderado,Jamaica
169460,Facebook,2024-10-17,Não Convertido,,0.0,Agressivo,French Southern Territories
169461,Orgânico,2024-10-15,Não Convertido,,0.0,Agressivo,Somalia
169462,YouTube Ads,2024-10-18,Não Convertido,,0.0,Desconhecido,Heard Island and McDonald Islands
169463,Indicação,2024-10-14,Não Convertido,,0.0,Moderado,Guernsey
169464,Facebook,2024-10-15,Não Convertido,,0.0,Agressivo,Eritrea
169465,Orgânico,2024-10-19,Não Convertido,,0.0,Agressivo,Bangladesh
169466,Instagram,2024-10-18,Não Convertido,,0.0,Moderado,Ghana
169467,Google Ads,2024-10-18,Não Convertido,,0.0,Conservador,Uruguay
169468,WhatsApp,2024-10-19,Não Convertido,,0.0,Agressivo,Hungary
169469,TikTok,2024-10-16,Não Convertido,,0.0,Desconhecido,Burundi
169470,Orgânico,2024-10-18,Não Convertido,,0.0,Moderado,Seychelles
169471,WhatsApp,2024-10-19,Não Convertido,,0.0,Agressivo,Saint Pierre and Miquelon
169472,Orgânico,2024-10-14,Não Convertido,,0.0,Agressivo,Anguilla
169473,YouTube Ads,2024-10-19,Não Convertido,,0.0,Moderado,Lesotho
169474,E-mail Marketing,2024-10-18,Não Convertido,,0.0,Moderado,United States of America
169475,WhatsApp,2024-10-19,Não Convertido,,0.0,Moderado,Saint Lucia
169476,Google Ads,2024-10-14,Não Convertido,,0.0,Moderado,Japan
169477,Orgânico,2024-10-17,Não Convertido,,0.0,Agressivo,Cameroon
169478,Orgânico,2024-10-17,Não Convertido,,0.0,Moderado,Anguilla
169479,TikTok,2024-10-16,Não Convertido,,0.0,Moderado,Indonesia
169480,Facebook,2024-10-18,Não Convertido,,0.0,Conservador,French Southern Territories
169481,Google Ads,2024-10-18,Não Convertido,,0.0,Desconhecido,French Guiana
169482,YouTube Ads,2024-10-18,Não Convertido,,0.0,Agressivo,Singapore
169483,Instagram,2024-10-14,Não Convertido,,0.0,Conservador,Finland
169484,Indicação,2024-10-16,Não Convertido,,0.0,Agressivo,Yemen
169485,Indicação,2024-10-19,Não Convertido,,0.0,Agressivo,Liberia
169486,Google Ads,2024-10-17,Não Convertido,,0.0,Agressivo,Cambodia
169487,WhatsApp,2024-10-18,Não Convertido,,0.0,Conservador,Yemen
169488,E-mail Marketing,2024-10-17,Não Convertido,,0.0,Moderado,Cuba
169489,Orgânico,2024-10-15,Não Convertido,,0.0,Moderado,Korea
169490,Google Ads,2024-10-18,Não Convertido,,0.0,Agressivo,Burundi
169491,Indicação,2024-10-19,Não Convertido,,0.0,Agressivo,Tunisia
169492,Orgânico,2024-10-17,Não Convertido,,0.0,Moderado,Italy
169493,Facebook,2024-10-15,Não Convertido,,0.0,Moderado,Isle of Man
169494,TikTok,2024-10-14,Não Convertido,,0.0,Conservador,Norway
169495,YouTube Ads,2024-10-17,Não Convertido,,0.0,Conservador,Denmark
169496,TikTok,2024-10-18,Não Convertido,,0.0,Agressivo,Kyrgyz Republic
169497,TikTok,2024-10-15,Não Convertido,,0.0,Desconhecido,Palau
169498,WhatsApp,2024-10-17,Não Convertido,,0.0,Agressivo,Lithuania
169499,WhatsApp,2024-10-19,Não Convertido,,0.0,Moderado,Argentina
169500,Facebook,2024-10-16,Não Convertido,,0.0,Moderado,Mongolia
169501,E-mail Marketing,2024-10-19,Não Convertido,,0.0,Conservador,United States Minor Outlying Islands
169502,E-mail Marketing,2024-10-17,Não Convertido,,0.0,Desconhecido,Kazakhstan
169503,Facebook,2024-10-17,Convertido,11.0,8504.9,Agressivo,Slovenia
169504,Indicação,2024-10-15,Não Convertido,,0.0,Agressivo,Saint Lucia
169505,Orgânico,2024-10-19,Não Convertido,,0.0,Moderado,Micronesia
169506,Instagram,2024-10-18,Convertido,0.0,2497.0,Desconhecido,Cape Verde
169507,E-mail Marketing,2024-10-14,Não Convertido,,0.0,Desconhecido,Angola
169508,Google Ads,2024-10-15,Convertido,23.0,755.33,Moderado,Sierra Leone
169509,Facebook,2024-10-18,Não Convertido,,0.0,Moderado,South Georgia and the South Sandwich Islands
169510,Orgânico,2024-10-19,Não Convertido,,0.0,Agressivo,Bolivia
169511,TikTok,2024-10-17,Não Convertido,,0.0,Agressivo,Iraq
169512,Instagram,2024-10-16,Não Convertido,,0.0,Agressivo,Cayman Islands
169513,WhatsApp,2024-10-17,Não Convertido,,0.0,Moderado,Niue
169514,Instagram,2024-10-14,Não Convertido,,0.0,Agressivo,French Guiana
169515,E-mail Marketing,2024-10-16,Não Convertido,,0.0,Moderado,Sudan
169516,WhatsApp,2024-10-17,Não Convertido,,0.0,Agressivo,Saint Vincent and the Grenadines
169517,Indicação,2024-10-18,Não Convertido,,0.0,Conservador,Indonesia
169518,Orgânico,2024-10-17,Convertido,8.0,2297.19,Moderado,Saint Kitts and Nevis
169519,Instagram,2024-10-19,Não Convertido,,0.0,Agressivo,Afghanistan
169520,TikTok,2024-10-18,Não Convertido,,0.0,Conservador,Peru
169521,Orgânico,2024-10-16,Não Convertido,,0.0,Conservador,Madagascar
169522,WhatsApp,2024-10-16,Não Convertido,,0.0,Moderado,British Indian Ocean Territory (Chagos Archipelago)
169523,TikTok,2024-10-17,Não Convertido,,0.0,Moderado,Tuvalu
169524,E-mail Marketing,2024-10-18,Não Convertido,,0.0,Conservador,Iceland
169525,E-mail Marketing,2024-10-19,Não Convertido,,0.0,Conservador,Iraq
169526,TikTok,2024-10-15,Não Convertido,,0.0,Agressivo,Estonia
169527,Orgânico,2024-10-16,Não Convertido,,0.0,Moderado,Bouvet Island (Bouvetoya)
169528,E-mail Marketing,2024-10-16,Não Convertido,,0.0,Conservador,Colombia
169529,E-mail Marketing,2024-10-18,Não Convertido,,0.0,Conservador,Eritrea
169530,Indicação,2024-10-14,Não Convertido,,0.0,Moderado,Poland
169531,Orgânico,2024-10-18,Não Convertido,,0.0,Conservador,Saint Helena
169532,Google Ads,2024-10-15,Não Convertido,,0.0,Conservador,Palau
169533,Facebook,2024-10-16,Não Convertido,,0.0,Moderado,Haiti
169534,Facebook,2024-10-14,Não Convertido,,0.0,Agressivo,Kiribati
169535,Instagram,2024-10-18,Não Convertido,,0.0,Moderado,Bangladesh
169536,WhatsApp,2024-10-18,Não Convertido,,0.0,Moderado,France
169537,Orgânico,2024-10-15,Não Convertido,,0.0,Agressivo,North Macedonia
169538,Orgânico,2024-10-16,Não Convertido,,0.0,Conservador,Israel
169539,Indicação,2024-10-16,Não Convertido,,0.0,Agressivo,Antarctica (the territory South of 60 deg S)
169540,WhatsApp,2024-10-16,Não Convertido,,0.0,Conservador,Brunei Darussalam
169541,Google Ads,2024-10-14,Não Convertido,,0.0,Moderado,Myanmar
169542,Orgânico,2024-10-19,Não Convertido,,0.0,Moderado,Monaco
169543,TikTok,2024-10-15,Não Convertido,,0.0,Agressivo,British Virgin Islands
169544,Google Ads,2024-10-15,Não Convertido,,0.0,Moderado,Brazil
169545,TikTok,2024-10-19,Não Convertido,,0.0,Moderado,Swaziland
169546,Orgânico,2024-10-14,Não Convertido,,0.0,Conservador,Vanuatu
169547,Indicação,2024-10-19,Não Convertido,,0.0,Moderado,Sao Tome and Principe
169548,E-mail Marketing,2024-10-18,Não Convertido,,0.0,Moderado,Italy
169549,Facebook,2024-10-14,Não Convertido,,0.0,Agressivo,Haiti
169550,Orgânico,2024-10-14,Não Convertido,,0.0,Conservador,France
169551,Facebook,2024-10-15,Não Convertido,,0.0,Moderado,Heard Island and McDonald Islands
169552,Instagram,2024-10-14,Convertido,16.0,9108.9,Agressivo,North Macedonia
169553,Instagram,2024-10-17,Não Convertido,,0.0,Moderado,Kyrgyz Republic
169554,TikTok,2024-10-15,Não Convertido,,0.0,Moderado,Aruba
169555,Indicação,2024-10-16,Não Convertido,,0.0,Agressivo,Palestinian Territory
169556,Google Ads,2024-10-17,Não Convertido,,0.0,Agressivo,Monaco
169557,Orgânico,2024-10-19,Não Convertido,,0.0,Agressivo,Ethiopia
169558,Instagram,2024-10-19,Não Convertido,,0.0,Moderado,Turks and Caicos Islands
169559,Google Ads,2024-10-15,Não Convertido,,0.0,Conservador,Dominican Republic
169560,TikTok,2024-10-18,Não Convertido,,0.0,Agressivo,Saint Vincent and the Grenadines
169561,TikTok,2024-10-18,Não Convertido,,0.0,Moderado,Slovakia (Slovak Republic)
169562,Facebook,2024-10-14,Não Convertido,,0.0,Agressivo,Ukraine
169563,YouTube Ads,2024-10-15,Não Convertido,,0.0,Agressivo,Tunisia
169564,Facebook,2024-10-19,Não Convertido,,0.0,Moderado,Christmas Island
169565,WhatsApp,2024-10-18,Não Convertido,,0.0,Moderado,Wallis and Futuna
169566,YouTube Ads,2024-10-19,Não Convertido,,0.0,Moderado,Saint Lucia
169567,Indicação,2024-10-14,Não Convertido,,0.0,Desconhecido,Azerbaijan
169568,Facebook,2024-10-18,Não Convertido,,0.0,Conservador,Gambia
169569,Orgânico,2024-10-19,Convertido,21.0,8220.83,Conservador,Gambia
169570,TikTok,2024-10-15,Não Convertido,,0.0,Moderado,Falkland Islands (Malvinas)
169571,WhatsApp,2024-10-17,Não Convertido,,0.0,Agressivo,Madagascar
169572,Facebook,2024-10-16,Não Convertido,,0.0,Moderado,Bangladesh
169573,YouTube Ads,2024-10-18,Não Convertido,,0.0,Moderado,China
169574,E-mail Marketing,2024-10-15,Não Convertido,,0.0,Moderado,Congo
169575,TikTok,2024-10-18,Não Convertido,,0.0,Moderado,Cook Islands
169576,Facebook,2024-10-15,Não Convertido,,0.0,Moderado,Maldives
169577,Orgânico,2024-10-18,Não Convertido,,0.0,Conservador,Indonesia
169578,Instagram,2024-10-16,Não Convertido,,0.0,Agressivo,Samoa
169579,Orgânico,2024-10-17,Não Convertido,,0.0,Moderado,Botswana
169580,Indicação,2024-10-17,Não Convertido,,0.0,Agressivo,Bouvet Island (Bouvetoya)
169581,Orgânico,2024-10-15,Não Convertido,,0.0,Desconhecido,Uruguay
169582,Orgânico,2024-10-15,Não Convertido,,0.0,Agressivo,Paraguay
169583,Google Ads,2024-10-15,Não Convertido,,0.0,Agressivo,Cambodia
169584,Facebook,2024-10-18,Não Convertido,,0.0,Moderado,Solomon Islands
169585,Facebook,2024-10-16,Não Convertido,,0.0,Agressivo,Eritrea
169586,Instagram,2024-10-18,Não Convertido,,0.0,Agressivo,Eritrea
169587,Orgânico,2024-10-19,Não Convertido,,0.0,Agressivo,Northern Mariana Islands
169588,Orgânico,2024-10-16,Não Convertido,,0.0,Moderado,Liberia
169589,E-mail Marketing,2024-10-17,Não Convertido,,0.0,Conservador,Argentina
169590,Instagram,2024-10-16,Não Convertido,,0.0,Desconhecido,Swaziland
169591,Orgânico,2024-10-19,Não Convertido,,0.0,Agressivo,United States Minor Outlying Islands
169592,E-mail Marketing,2024-10-14,Não Convertido,,0.0,Agressivo,Western Sahara
169593,E-mail Marketing,2024-10-15,Não Convertido,,0.0,Agressivo,Brunei Darussalam
169594,Google Ads,2024-10-15,Convertido,3.0,6221.21,Moderado,South Georgia and the South Sandwich Islands
169595,Facebook,2024-10-18,Não Convertido,,0.0,Conservador,Tajikistan
169596,Facebook,2024-10-18,Não Convertido,,0.0,Agressivo,United States of America
169597,E-mail Marketing,2024-10-15,Não Convertido,,0.0,Moderado,Mozambique
169598,YouTube Ads,2024-10-15,Não Convertido,,0.0,Agressivo,New Zealand
169599,Google Ads,2024-10-17,Não Convertido,,0.0,Moderado,Guam
169600,Orgânico,2024-10-14,Não Convertido,,0.0,Moderado,Turkmenistan
169601,TikTok,2024-10-16,Não Convertido,,0.0,Agressivo,Qatar
169602,Facebook,2024-10-16,Não Convertido,,0.0,Desconhecido,Bermuda
169603,Orgânico,2024-10-15,Não Convertido,,0.0,Moderado,Mayotte
169604,Orgânico,2024-10-14,Não Convertido,,0.0,Moderado,Vanuatu
169605,E-mail Marketing,2024-10-16,Não Convertido,,0.0,Agressivo,Djibouti
169606,E-mail Marketing,2024-10-15,Não Convertido,,0.0,Agressivo,Austria
169607,TikTok,2024-10-19,Convertido,19.0,1745.5,Conservador,Macao
169608,YouTube Ads,2024-10-16,Não Convertido,,0.0,Moderado,Mauritania
169609,Facebook,2024-10-14,Não Convertido,,0.0,Conservador,Argentina
169610,Facebook,2024-10-14,Não Convertido,,0.0,Moderado,Peru
169611,YouTube Ads,2024-10-16,Não Convertido,,0.0,Conservador,Israel
169612,WhatsApp,2024-10-14,Convertido,16.0,8224.74,Desconhecido,Seychelles
169613,E-mail Marketing,2024-10-14,Não Convertido,,0.0,Moderado,Nepal
169614,TikTok,2024-10-17,Não Convertido,,0.0,Conservador,Uruguay
169615,Indicação,2024-10-15,Não Convertido,,0.0,Agressivo,Solomon Islands
169616,Instagram,2024-10-16,Não Convertido,,0.0,Agressivo,Mexico
169617,TikTok,2024-10-14,Não Convertido,,0.0,Agressivo,Turks and Caicos Islands
169618,TikTok,2024-10-16,Não Convertido,,0.0,Conservador,Guadeloupe
169619,Instagram,2024-10-16,Não Convertido,,0.0,Conservador,United Kingdom
169620,Google Ads,2024-10-14,Não Convertido,,0.0,Moderado,Nauru
169621,YouTube Ads,2024-10-15,Não Convertido,,0.0,Agressivo,Saint Pierre and Miquelon
169622,Orgânico,2024-10-16,Não Convertido,,0.0,Moderado,Fiji
169623,TikTok,2024-10-19,Não Convertido,,0.0,Desconhecido,Afghanistan
169624,Indicação,2024-10-17,Não Convertido,,0.0,Desconhecido,Bhutan
169625,Orgânico,2024-10-15,Não Convertido,,0.0,Moderado,Tajikistan
169626,Google Ads,2024-10-15,Não Convertido,,0.0,Moderado,Benin
169627,Orgânico,2024-10-16,Não Convertido,,0.0,Conservador,Taiwan
169628,E-mail Marketing,2024-10-14,Não Convertido,,0.0,Moderado,Eritrea
169629,YouTube Ads,2024-10-16,Não Convertido,,0.0,Moderado,Switzerland
169630,Google Ads,2024-10-14,Não Convertido,,0.0,Moderado,Bermuda
169631,E-mail Marketing,2024-10-19,Não Convertido,,0.0,Moderado,Pakistan
169632,TikTok,2024-10-16,Não Convertido,,0.0,Moderado,Mauritania
169633,YouTube Ads,2024-10-19,Não Convertido,,0.0,Moderado,Reunion
169634,Instagram,2024-10-15,Não Convertido,,0.0,Moderado,Papua New Guinea
169635,Orgânico,2024-10-15,Não Convertido,,0.0,Conservador,Uganda
169636,YouTube Ads,2024-10-14,Convertido,9.0,423.03,Agressivo,Kyrgyz Republic
169637,Orgânico,2024-10-14,Convertido,11.0,1609.61,Conservador,Benin
169638,E-mail Marketing,2024-10-17,Não Convertido,,0.0,Moderado,Honduras
169639,Google Ads,2024-10-19,Não Convertido,,0.0,Moderado,Samoa
169640,Orgânico,2024-10-19,Não Convertido,,0.0,Moderado,Colombia
169641,Google Ads,2024-10-14,Não Convertido,,0.0,Agressivo,Bouvet Island (Bouvetoya)
169642,Google Ads,2024-10-14,Não Convertido,,0.0,Moderado,Aruba
169643,Instagram,2024-10-18,Não Convertido,,0.0,Agressivo,Cyprus
169644,Google Ads,2024-10-17,Não Convertido,,0.0,Agressivo,Congo
169645,Instagram,2024-10-17,Não Convertido,,0.0,Agressivo,Libyan Arab Jamahiriya
169646,Facebook,2024-10-16,Não Convertido,,0.0,Agressivo,Saint Helena
169647,E-mail Marketing,2024-10-15,Não Convertido,,0.0,Desconhecido,Rwanda
169648,Orgânico,2024-10-19,Não Convertido,,0.0,Agressivo,Jordan
169649,E-mail Marketing,2024-10-19,Não Convertido,,0.0,Agressivo,Pakistan
169650,E-mail Marketing,2024-10-17,Não Convertido,,0.0,Conservador,Togo
169651,Instagram,2024-10-15,Não Convertido,,0.0,Desconhecido,Turkmenistan
169652,E-mail Marketing,2024-10-18,Não Convertido,,0.0,Moderado,Andorra
169653,Instagram,2024-10-15,Não Convertido,,0.0,Moderado,Bangladesh
169654,TikTok,2024-10-16,Não Convertido,,0.0,Agressivo,Malta
169655,Orgânico,2024-10-17,Não Convertido,,0.0,Moderado,Lebanon
169656,Instagram,2024-10-19,Não Convertido,,0.0,Moderado,Kenya
169657,Google Ads,2024-10-18,Não Convertido,,0.0,Desconhecido,Andorra
169658,E-mail Marketing,2024-10-19,Não Convertido,,0.0,Moderado,Iceland
169659,TikTok,2024-10-17,Não Convertido,,0.0,Moderado,Austria
169660,YouTube Ads,2024-10-14,Não Convertido,,0.0,Moderado,Dominican Republic
169661,Orgânico,2024-10-16,Não Convertido,,0.0,Agressivo,Kazakhstan
169662,Facebook,2024-10-19,Não Convertido,,0.0,Moderado,Austria
169663,Facebook,2024-10-19,Não Convertido,,0.0,Conservador,United Arab Emirates
169664,Orgânico,2024-10-19,Não Convertido,,0.0,Agressivo,Liechtenstein
169665,Orgânico,2024-10-18,Não Convertido,,0.0,Agressivo,New Caledonia
169666,WhatsApp,2024-10-14,Não Convertido,,0.0,Moderado,Uganda
169667,Facebook,2024-10-19,Não Convertido,,0.0,Moderado,Denmark
169668,TikTok,2024-10-19,Convertido,16.0,4384.22,Agressivo,Montenegro
169669,Orgânico,2024-10-17,Não Convertido,,0.0,Desconhecido,Saint Barthelemy
169670,YouTube Ads,2024-10-18,Não Convertido,,0.0,Moderado,Bolivia
169671,Orgânico,2024-10-18,Não Convertido,,0.0,Agressivo,Samoa
169672,Instagram,2024-10-18,Não Convertido,,0.0,Moderado,France
169673,TikTok,2024-10-18,Não Convertido,,0.0,Desconhecido,Gabon
169674,Orgânico,2024-10-18,Não Convertido,,0.0,Desconhecido,Northern Mariana Islands
169675,Orgânico,2024-10-17,Não Convertido,,0.0,Agressivo,Switzerland
169676,TikTok,2024-10-16,Não Convertido,,0.0,Conservador,Pitcairn Islands
169677,Instagram,2024-10-17,Não Convertido,,0.0,Moderado,Niue
169678,YouTube Ads,2024-10-17,Não Convertido,,0.0,Moderado,El Salvador
169679,YouTube Ads,2024-10-14,Não Convertido,,0.0,Moderado,Palestinian Territory
169680,TikTok,2024-10-17,Não Convertido,,0.0,Agressivo,Jamaica
169681,Indicação,2024-10-19,Não Convertido,,0.0,Conservador,Bermuda
169682,WhatsApp,2024-10-14,Não Convertido,,0.0,Moderado,Korea
169683,Facebook,2024-10-18,Não Convertido,,0.0,Moderado,Aruba
169684,Orgânico,2024-10-16,Não Convertido,,0.0,Agressivo,Jordan
169685,Instagram,2024-10-18,Não Convertido,,0.0,Moderado,Slovakia (Slovak Republic)
169686,Facebook,2024-10-14,Não Convertido,,0.0,Moderado,United States Minor Outlying Islands
169687,E-mail Marketing,2024-10-15,Convertido,14.0,4578.88,Agressivo,Australia
169688,Instagram,2024-10-18,Não Convertido,,0.0,Conservador,Cayman Islands
169689,E-mail Marketing,2024-10-17,Não Convertido,,0.0,Moderado,Bouvet Island (Bouvetoya)
169690,Instagram,2024-10-18,Não Convertido,,0.0,Conservador,Monaco
169691,Instagram,2024-10-14,Não Convertido,,0.0,Moderado,Gabon
169692,WhatsApp,2024-10-19,Não Convertido,,0.0,Conservador,Albania
169693,YouTube Ads,2024-10-15,Não Convertido,,0.0,Agressivo,South Georgia and the South Sandwich Islands
169694,E-mail Marketing,2024-10-19,Não Convertido,,0.0,Agressivo,United Kingdom
169695,Instagram,2024-10-18,Não Convertido,,0.0,Moderado,Kazakhstan
169696,E-mail Marketing,2024-10-17,Não Convertido,,0.0,Agressivo,Ireland
169697,Orgânico,2024-10-16,Não Convertido,,0.0,Moderado,Malta
169698,E-mail Marketing,2024-10-19,Não Convertido,,0.0,Conservador,Uzbekistan
169699,Google Ads,2024-10-15,Não Convertido,,0.0,Moderado,Nepal
169700,TikTok,2024-10-15,Não Convertido,,0.0,Conservador,Congo
169701,Google Ads,2024-10-18,Não Convertido,,0.0,Agressivo,Cook Islands
169702,Instagram,2024-10-17,Não Convertido,,0.0,Moderado,Western Sahara
169703,Google Ads,2024-10-16,Não Convertido,,0.0,Moderado,Guernsey
169704,Google Ads,2024-10-18,Não Convertido,,0.0,Conservador,Bhutan
169705,Google Ads,2024-10-14,Não Convertido,,0.0,Desconhecido,Andorra
169706,Facebook,2024-10-16,Não Convertido,,0.0,Moderado,Fiji
169707,TikTok,2024-10-18,Não Convertido,,0.0,Agressivo,Mauritania
169708,Orgânico,2024-10-16,Não Convertido,,0.0,Desconhecido,Antarctica (the territory South of 60 deg S)
169709,Facebook,2024-10-19,Não Convertido,,0.0,Agressivo,Bulgaria
169710,Google Ads,2024-10-17,Não Convertido,,0.0,Desconhecido,Aruba
169711,TikTok,2024-10-15,Não Convertido,,0.0,Agressivo,Costa Rica
169712,Orgânico,2024-10-15,Não Convertido,,0.0,Agressivo,Somalia
169713,Orgânico,2024-10-17,Não Convertido,,0.0,Conservador,Tonga
169714,Instagram,2024-10-19,Não Convertido,,0.0,Agressivo,Egypt
169715,E-mail Marketing,2024-10-19,Não Convertido,,0.0,Moderado,Reunion
169716,TikTok,2024-10-18,Não Convertido,,0.0,Moderado,Egypt
169717,WhatsApp,2024-10-19,Não Convertido,,0.0,Agressivo,Switzerland
169718,Google Ads,2024-10-16,Não Convertido,,0.0,Moderado,Macao
169719,YouTube Ads,2024-10-15,Não Convertido,,0.0,Agressivo,Guernsey
169720,Orgânico,2024-10-18,Não Convertido,,0.0,Agressivo,Malaysia
169721,Orgânico,2024-10-19,Não Convertido,,0.0,Moderado,Bahrain
169722,E-mail Marketing,2024-10-18,Não Convertido,,0.0,Agressivo,New Caledonia
169723,YouTube Ads,2024-10-14,Não Convertido,,0.0,Conservador,Northern Mariana Islands
169724,Orgânico,2024-10-15,Não Convertido,,0.0,Moderado,Spain
169725,Orgânico,2024-10-18,Não Convertido,,0.0,Desconhecido,Kazakhstan
169726,YouTube Ads,2024-10-15,Não Convertido,,0.0,Agressivo,Costa Rica
169727,WhatsApp,2024-10-19,Não Convertido,,0.0,Moderado,Palau
169728,Orgânico,2024-10-15,Convertido,20.0,5130.46,Moderado,Moldova
169729,Instagram,2024-10-15,Não Convertido,,0.0,Agressivo,United States Virgin Islands
169730,WhatsApp,2024-10-18,Não Convertido,,0.0,Agressivo,Nicaragua
169731,Indicação,2024-10-14,Não Convertido,,0.0,Agressivo,United Arab Emirates
169732,Instagram,2024-10-15,Não Convertido,,0.0,Moderado,Brunei Darussalam
169733,Facebook,2024-10-16,Não Convertido,,0.0,Moderado,Slovakia (Slovak Republic)
169734,Instagram,2024-10-17,Não Convertido,,0.0,Desconhecido,Marshall Islands
169735,E-mail Marketing,2024-10-16,Não Convertido,,0.0,Moderado,Guyana
169736,Orgânico,2024-10-14,Não Convertido,,0.0,Moderado,Vietnam
169737,Facebook,2024-10-18,Não Convertido,,0.0,Conservador,Greenland
169738,WhatsApp,2024-10-18,Não Convertido,,0.0,Agressivo,Dominica
169739,Facebook,2024-10-17,Não Convertido,,0.0,Moderado,Bermuda
169740,Google Ads,2024-10-16,Não Convertido,,0.0,Moderado,American Samoa
169741,Indicação,2024-10-18,Não Convertido,,0.0,Moderado,Antarctica (the territory South of 60 deg S)
169742,Orgânico,2024-10-16,Não Convertido,,0.0,Desconhecido,Angola
169743,Instagram,2024-10-18,Não Convertido,,0.0,Agressivo,Algeria
169744,Orgânico,2024-10-18,Não Convertido,,0.0,Desconhecido,Croatia
169745,YouTube Ads,2024-10-18,Não Convertido,,0.0,Agressivo,Eritrea
169746,YouTube Ads,2024-10-17,Não Convertido,,0.0,Moderado,Tunisia
169747,Instagram,2024-10-15,Não Convertido,,0.0,Agressivo,Ethiopia
169748,Facebook,2024-10-16,Não Convertido,,0.0,Agressivo,Cuba
169749,Instagram,2024-10-14,Convertido,26.0,9692.27,Conservador,Zimbabwe
169750,Google Ads,2024-10-19,Não Convertido,,0.0,Moderado,Korea
169751,WhatsApp,2024-10-17,Não Convertido,,0.0,Moderado,India
169752,E-mail Marketing,2024-10-17,Convertido,13.0,7853.05,Agressivo,Luxembourg
169753,Orgânico,2024-10-16,Convertido,10.0,6330.37,Agressivo,Azerbaijan
169754,WhatsApp,2024-10-15,Não Convertido,,0.0,Moderado,Chile
169755,TikTok,2024-10-14,Não Convertido,,0.0,Moderado,Svalbard & Jan Mayen Islands
169756,Google Ads,2024-10-15,Não Convertido,,0.0,Moderado,Somalia
169757,Google Ads,2024-10-17,Não Convertido,,0.0,Moderado,Senegal
169758,Orgânico,2024-10-17,Não Convertido,,0.0,Agressivo,Guyana
169759,Orgânico,2024-10-15,Não Convertido,,0.0,Agressivo,Kenya
169760,Facebook,2024-10-14,Não Convertido,,0.0,Desconhecido,Norway
169761,Google Ads,2024-10-14,Não Convertido,,0.0,Agressivo,North Macedonia
169762,TikTok,2024-10-16,Não Convertido,,0.0,Agressivo,Kiribati
169763,Facebook,2024-10-14,Não Convertido,,0.0,Conservador,Heard Island and McDonald Islands
169764,YouTube Ads,2024-10-14,Não Convertido,,0.0,Agressivo,Ireland
169765,Orgânico,2024-10-19,Não Convertido,,0.0,Desconhecido,Japan
169766,TikTok,2024-10-16,Não Convertido,,0.0,Desconhecido,Mauritius
169767,Instagram,2024-10-15,Convertido,13.0,969.83,Moderado,Bhutan
169768,YouTube Ads,2024-10-16,Não Convertido,,0.0,Agressivo,Philippines
169769,YouTube Ads,2024-10-18,Não Convertido,,0.0,Desconhecido,Cocos (Keeling) Islands
169770,E-mail Marketing,2024-10-18,Não Convertido,,0.0,Agressivo,Japan
169771,TikTok,2024-10-17,Não Convertido,,0.0,Moderado,United States Virgin Islands
169772,WhatsApp,2024-10-17,Não Convertido,,0.0,Moderado,Bolivia
169773,Google Ads,2024-10-17,Não Convertido,,0.0,Moderado,Pakistan
169774,YouTube Ads,2024-10-15,Não Convertido,,0.0,Moderado,Moldova
169775,E-mail Marketing,2024-10-16,Não Convertido,,0.0,Moderado,Reunion
169776,YouTube Ads,2024-10-17,Não Convertido,,0.0,Moderado,Anguilla
169777,TikTok,2024-10-15,Não Convertido,,0.0,Agressivo,Montenegro
169778,Orgânico,2024-10-15,Não Convertido,,0.0,Moderado,Ecuador
169779,Google Ads,2024-10-16,Não Convertido,,0.0,Desconhecido,Guernsey
169780,Facebook,2024-10-17,Não Convertido,,0.0,Desconhecido,French Polynesia
169781,Google Ads,2024-10-18,Não Convertido,,0.0,Moderado,United Kingdom
169782,TikTok,2024-10-18,Não Convertido,,0.0,Agressivo,Norfolk Island
169783,Google Ads,2024-10-18,Não Convertido,,0.0,Conservador,Colombia
169784,Instagram,2024-10-15,Não Convertido,,0.0,Moderado,Central African Republic
169785,Orgânico,2024-10-16,Convertido,8.0,8145.1,Moderado,Gambia
169786,Orgânico,2024-10-16,Não Convertido,,0.0,Conservador,Svalbard & Jan Mayen Islands
169787,TikTok,2024-10-18,Não Convertido,,0.0,Moderado,Saint Pierre and Miquelon
169788,Orgânico,2024-10-19,Não Convertido,,0.0,Moderado,Austria
169789,Facebook,2024-10-15,Não Convertido,,0.0,Conservador,Czech Republic
169790,Orgânico,2024-10-17,Não Convertido,,0.0,Agressivo,Swaziland
169791,Google Ads,2024-10-17,Não Convertido,,0.0,Moderado,Cambodia
169792,Instagram,2024-10-18,Não Convertido,,0.0,Conservador,Algeria
169793,Facebook,2024-10-18,Não Convertido,,0.0,Moderado,Mali
169794,Indicação,2024-10-19,Não Convertido,,0.0,Conservador,French Polynesia
169795,WhatsApp,2024-10-17,Não Convertido,,0.0,Agressivo,Reunion
169796,Instagram,2024-10-19,Não Convertido,,0.0,Agressivo,Netherlands
169797,E-mail Marketing,2024-10-19,Não Convertido,,0.0,Desconhecido,Sri Lanka
169798,Orgânico,2024-10-16,Não Convertido,,0.0,Desconhecido,Korea
169799,Google Ads,2024-10-14,Não Convertido,,0.0,Agressivo,Croatia
169800,E-mail Marketing,2024-10-14,Não Convertido,,0.0,Conservador,Denmark
169801,TikTok,2024-10-15,Não Convertido,,0.0,Agressivo,Poland
169802,Facebook,2024-10-14,Não Convertido,,0.0,Desconhecido,Saint Pierre and Miquelon
169803,Orgânico,2024-10-14,Não Convertido,,0.0,Agressivo,Tuvalu
169804,Facebook,2024-10-17,Não Convertido,,0.0,Agressivo,Luxembourg
169805,TikTok,2024-10-15,Não Convertido,,0.0,Moderado,Romania
169806,E-mail Marketing,2024-10-15,Não Convertido,,0.0,Conservador,Tanzania
169807,Indicação,2024-10-15,Não Convertido,,0.0,Moderado,Dominican Republic
169808,E-mail Marketing,2024-10-19,Não Convertido,,0.0,Conservador,Sao Tome and Principe
169809,YouTube Ads,2024-10-19,Não Convertido,,0.0,Agressivo,Mauritius
169810,YouTube Ads,2024-10-17,Não Convertido,,0.0,Agressivo,Austria
169811,Instagram,2024-10-15,Não Convertido,,0.0,Agressivo,Ireland
169812,E-mail Marketing,2024-10-15,Não Convertido,,0.0,Moderado,Haiti
169813,E-mail Marketing,2024-10-15,Convertido,21.0,8807.81,Moderado,Turks and Caicos Islands
169814,Google Ads,2024-10-18,Não Convertido,,0.0,Desconhecido,Malawi
169815,Instagram,2024-10-19,Não Convertido,,0.0,Conservador,British Virgin Islands
169816,Instagram,2024-10-16,Não Convertido,,0.0,Moderado,Wallis and Futuna
169817,YouTube Ads,2024-10-17,Não Convertido,,0.0,Conservador,New Caledonia
169818,TikTok,2024-10-16,Não Convertido,,0.0,Moderado,United Kingdom
169819,Instagram,2024-10-14,Não Convertido,,0.0,Moderado,Georgia
169820,Instagram,2024-10-15,Não Convertido,,0.0,Agressivo,Congo
169821,Facebook,2024-10-17,Não Convertido,,0.0,Agressivo,Latvia
169822,E-mail Marketing,2024-10-14,Não Convertido,,0.0,Moderado,Haiti
169823,TikTok,2024-10-14,Convertido,9.0,2568.41,Conservador,Cook Islands
169824,Facebook,2024-10-18,Não Convertido,,0.0,Moderado,Slovenia
169825,Indicação,2024-10-18,Não Convertido,,0.0,Moderado,Chad
169826,WhatsApp,2024-10-16,Não Convertido,,0.0,Agressivo,Jersey
169827,Orgânico,2024-10-19,Não Convertido,,0.0,Moderado,Burundi
169828,Orgânico,2024-10-19,Não Convertido,,0.0,Agressivo,South Georgia and the South Sandwich Islands
169829,Instagram,2024-10-17,Não Convertido,,0.0,Conservador,Latvia
169830,Facebook,2024-10-18,Não Convertido,,0.0,Conservador,Bhutan
169831,E-mail Marketing,2024-10-16,Não Convertido,,0.0,Conservador,Malta
169832,Indicação,2024-10-19,Não Convertido,,0.0,Conservador,Northern Mariana Islands
169833,Google Ads,2024-10-18,Não Convertido,,0.0,Moderado,Singapore
169834,Facebook,2024-10-18,Não Convertido,,0.0,Moderado,Tonga
169835,Orgânico,2024-10-19,Não Convertido,,0.0,Conservador,Eritrea
169836,Instagram,2024-10-19,Não Convertido,,0.0,Moderado,China
169837,TikTok,2024-10-19,Não Convertido,,0.0,Agressivo,Tunisia
169838,WhatsApp,2024-10-14,Convertido,23.0,4331.02,Agressivo,Tonga
169839,Instagram,2024-10-14,Não Convertido,,0.0,Agressivo,Saudi Arabia
169840,Google Ads,2024-10-19,Não Convertido,,0.0,Agressivo,Philippines
169841,Google Ads,2024-10-19,Convertido,12.0,8301.12,Moderado,Uzbekistan
169842,Orgânico,2024-10-14,Não Convertido,,0.0,Agressivo,Andorra
169843,Facebook,2024-10-18,Não Convertido,,0.0,Conservador,Western Sahara
169844,Facebook,2024-10-18,Não Convertido,,0.0,Moderado,Nigeria
169845,Orgânico,2024-10-14,Não Convertido,,0.0,Moderado,Belarus
169846,TikTok,2024-10-18,Não Convertido,,0.0,Moderado,Guinea
169847,E-mail Marketing,2024-10-17,Não Convertido,,0.0,Agressivo,Palestinian Territory
169848,Facebook,2024-10-14,Não Convertido,,0.0,Moderado,Barbados
169849,YouTube Ads,2024-10-17,Não Convertido,,0.0,Moderado,British Virgin Islands
169850,Instagram,2024-10-18,Não Convertido,,0.0,Desconhecido,South Georgia and the South Sandwich Islands
169851,Instagram,2024-10-14,Não Convertido,,0.0,Agressivo,Micronesia
169852,Facebook,2024-10-18,Não Convertido,,0.0,Agressivo,Afghanistan
169853,Instagram,2024-10-17,Não Convertido,,0.0,Moderado,Comoros
169854,E-mail Marketing,2024-10-18,Não Convertido,,0.0,Desconhecido,San Marino
169855,Google Ads,2024-10-16,Não Convertido,,0.0,Moderado,Montserrat
169856,E-mail Marketing,2024-10-18,Não Convertido,,0.0,Moderado,Marshall Islands
169857,E-mail Marketing,2024-10-18,Não Convertido,,0.0,Agressivo,Togo
169858,Orgânico,2024-10-17,Não Convertido,,0.0,Conservador,Russian Federation
169859,E-mail Marketing,2024-10-18,Não Convertido,,0.0,Conservador,Qatar
169860,Google Ads,2024-10-19,Não Convertido,,0.0,Conservador,Belize
169861,Facebook,2024-10-14,Não Convertido,,0.0,Desconhecido,Papua New Guinea
169862,Instagram,2024-10-16,Não Convertido,,0.0,Conservador,Taiwan
169863,Instagram,2024-10-19,Não Convertido,,0.0,Conservador,Japan
169864,Instagram,2024-10-19,Não Convertido,,0.0,Conservador,Mongolia
169865,Facebook,2024-10-19,Não Convertido,,0.0,Agressivo,Austria
169866,E-mail Marketing,2024-10-18,Não Convertido,,0.0,Agressivo,Palau
169867,Google Ads,2024-10-14,Não Convertido,,0.0,Agressivo,Libyan Arab Jamahiriya
169868,TikTok,2024-10-17,Não Convertido,,0.0,Moderado,Saint Lucia
169869,WhatsApp,2024-10-17,Não Convertido,,0.0,Moderado,Armenia
169870,WhatsApp,2024-10-17,Não Convertido,,0.0,Conservador,Egypt
169871,E-mail Marketing,2024-10-14,Não Convertido,,0.0,Moderado,Angola
169872,Indicação,2024-10-16,Não Convertido,,0.0,Agressivo,Israel
169873,YouTube Ads,2024-10-19,Não Convertido,,0.0,Agressivo,Honduras
169874,YouTube Ads,2024-10-17,Não Convertido,,0.0,Moderado,Grenada
169875,Orgânico,2024-10-14,Não Convertido,,0.0,Moderado,Botswana
169876,Instagram,2024-10-16,Não Convertido,,0.0,Desconhecido,British Virgin Islands
169877,YouTube Ads,2024-10-16,Não Convertido,,0.0,Moderado,Tuvalu
169878,TikTok,2024-10-15,Não Convertido,,0.0,Moderado,Wallis and Futuna
169879,WhatsApp,2024-10-18,Não Convertido,,0.0,Agressivo,Djibouti
169880,Instagram,2024-10-17,Não Convertido,,0.0,Agressivo,Bahrain
169881,TikTok,2024-10-18,Não Convertido,,0.0,Moderado,Tonga
169882,TikTok,2024-10-19,Não Convertido,,0.0,Agressivo,Congo
169883,YouTube Ads,2024-10-18,Não Convertido,,0.0,Agressivo,Singapore
169884,WhatsApp,2024-10-17,Não Convertido,,0.0,Moderado,American Samoa
169885,YouTube Ads,2024-10-14,Não Convertido,,0.0,Agressivo,Ethiopia
169886,Orgânico,2024-10-16,Não Convertido,,0.0,Moderado,United States of America
169887,Instagram,2024-10-19,Convertido,9.0,2068.58,Conservador,Norfolk Island
169888,Orgânico,2024-10-14,Não Convertido,,0.0,Moderado,Paraguay
169889,Instagram,2024-10-18,Não Convertido,,0.0,Desconhecido,Marshall Islands
169890,Orgânico,2024-10-15,Não Convertido,,0.0,Agressivo,Brazil
169891,Google Ads,2024-10-15,Convertido,30.0,6677.89,Moderado,Portugal
169892,TikTok,2024-10-16,Não Convertido,,0.0,Conservador,Tajikistan
169893,E-mail Marketing,2024-10-14,Não Convertido,,0.0,Agressivo,Costa Rica
169894,Facebook,2024-10-17,Não Convertido,,0.0,Desconhecido,Cyprus
169895,Orgânico,2024-10-18,Não Convertido,,0.0,Conservador,Korea
169896,TikTok,2024-10-15,Convertido,4.0,6166.94,Moderado,Congo
169897,E-mail Marketing,2024-10-14,Não Convertido,,0.0,Desconhecido,Sierra Leone
169898,Instagram,2024-10-16,Não Convertido,,0.0,Conservador,Christmas Island
169899,YouTube Ads,2024-10-18,Não Convertido,,0.0,Agressivo,New Caledonia
169900,Orgânico,2024-10-15,Não Convertido,,0.0,Moderado,Bosnia and Herzegovina
169901,Instagram,2024-10-19,Não Convertido,,0.0,Agressivo,Tanzania
169902,E-mail Marketing,2024-10-14,Não Convertido,,0.0,Conservador,Congo
169903,Facebook,2024-10-17,Não Convertido,,0.0,Agressivo,Oman
169904,Indicação,2024-10-17,Não Convertido,,0.0,Moderado,Cyprus
169905,TikTok,2024-10-18,Não Convertido,,0.0,Agressivo,Finland
169906,Facebook,2024-10-17,Não Convertido,,0.0,Conservador,Tuvalu
169907,E-mail Marketing,2024-10-15,Não Convertido,,0.0,Agressivo,United States Minor Outlying Islands
169908,E-mail Marketing,2024-10-19,Não Convertido,,0.0,Agressivo,Tanzania
169909,TikTok,2024-10-18,Não Convertido,,0.0,Moderado,Cape Verde
169910,Google Ads,2024-10-15,Convertido,6.0,4887.4,Moderado,Latvia
169911,TikTok,2024-10-17,Não Convertido,,0.0,Moderado,Tuvalu
169912,Instagram,2024-10-18,Não Convertido,,0.0,Agressivo,Aruba
169913,TikTok,2024-10-18,Não Convertido,,0.0,Agressivo,Poland
169914,TikTok,2024-10-16,Não Convertido,,0.0,Moderado,Burundi
169915,E-mail Marketing,2024-10-19,Não Convertido,,0.0,Moderado,Guam
169916,E-mail Marketing,2024-10-18,Não Convertido,,0.0,Conservador,Belarus
169917,WhatsApp,2024-10-19,Não Convertido,,0.0,Moderado,United States Virgin Islands
169918,TikTok,2024-10-17,Não Convertido,,0.0,Moderado,Hungary
169919,Orgânico,2024-10-18,Não Convertido,,0.0,Agressivo,Myanmar
169920,WhatsApp,2024-10-15,Não Convertido,,0.0,Conservador,Cocos (Keeling) Islands
169921,TikTok,2024-10-19,Não Convertido,,0.0,Agressivo,Gabon
169922,Orgânico,2024-10-19,Não Convertido,,0.0,Agressivo,Guyana
169923,Facebook,2024-10-14,Não Convertido,,0.0,Moderado,Belarus
169924,Instagram,2024-10-18,Não Convertido,,0.0,Agressivo,Reunion
169925,TikTok,2024-10-16,Não Convertido,,0.0,Desconhecido,Mauritania
169926,Instagram,2024-10-16,Não Convertido,,0.0,Agressivo,Iraq
169927,Indicação,2024-10-19,Não Convertido,,0.0,Moderado,Jamaica
169928,YouTube Ads,2024-10-15,Não Convertido,,0.0,Moderado,Montserrat
169929,Indicação,2024-10-17,Não Convertido,,0.0,Conservador,Taiwan
169930,WhatsApp,2024-10-16,Não Convertido,,0.0,Agressivo,Liberia
169931,WhatsApp,2024-10-16,Não Convertido,,0.0,Conservador,Djibouti
169932,E-mail Marketing,2024-10-14,Não Convertido,,0.0,Moderado,Oman
169933,Orgânico,2024-10-14,Não Convertido,,0.0,Moderado,Turkey
169934,Indicação,2024-10-17,Não Convertido,,0.0,Conservador,Peru
169935,Google Ads,2024-10-19,Não Convertido,,0.0,Conservador,Western Sahara
169936,Orgânico,2024-10-16,Não Convertido,,0.0,Desconhecido,Bahamas
169937,Orgânico,2024-10-14,Não Convertido,,0.0,Moderado,Guyana
169938,E-mail Marketing,2024-10-15,Não Convertido,,0.0,Conservador,Somalia
169939,YouTube Ads,2024-10-18,Convertido,26.0,7978.51,Desconhecido,Mauritania
169940,TikTok,2024-10-17,Não Convertido,,0.0,Conservador,Israel
169941,Orgânico,2024-10-15,Não Convertido,,0.0,Agressivo,Lao People's Democratic Republic
169942,Instagram,2024-10-14,Não Convertido,,0.0,Moderado,Trinidad and Tobago
169943,Google Ads,2024-10-19,Não Convertido,,0.0,Agressivo,Liechtenstein
169944,Orgânico,2024-10-15,Não Convertido,,0.0,Agressivo,Uzbekistan
169945,Orgânico,2024-10-14,Não Convertido,,0.0,Moderado,Timor-Leste
169946,YouTube Ads,2024-10-19,Não Convertido,,0.0,Moderado,Russian Federation
169947,Orgânico,2024-10-16,Não Convertido,,0.0,Agressivo,Venezuela
169948,YouTube Ads,2024-10-14,Não Convertido,,0.0,Conservador,Switzerland
169949,E-mail Marketing,2024-10-18,Não Convertido,,0.0,Moderado,French Guiana
169950,E-mail Marketing,2024-10-14,Não Convertido,,0.0,Agressivo,Trinidad and Tobago
169951,TikTok,2024-10-17,Não Convertido,,0.0,Agressivo,Belarus
169952,Instagram,2024-10-19,Não Convertido,,0.0,Desconhecido,Namibia
169953,Instagram,2024-10-19,Não Convertido,,0.0,Conservador,Palestinian Territory
169954,Facebook,2024-10-14,Não Convertido,,0.0,Agressivo,Madagascar
169955,E-mail Marketing,2024-10-17,Não Convertido,,0.0,Agressivo,Indonesia
169956,Instagram,2024-10-17,Não Convertido,,0.0,Moderado,Azerbaijan
169957,Orgânico,2024-10-16,Não Convertido,,0.0,Agressivo,Bermuda
169958,Orgânico,2024-10-14,Convertido,30.0,7012.92,Agressivo,Anguilla
169959,Orgânico,2024-10-14,Não Convertido,,0.0,Agressivo,Palau
169960,Orgânico,2024-10-19,Não Convertido,,0.0,Moderado,Tanzania
169961,Instagram,2024-10-16,Não Convertido,,0.0,Conservador,Vietnam
169962,Instagram,2024-10-15,Não Convertido,,0.0,Agressivo,Malawi
169963,Indicação,2024-10-16,Não Convertido,,0.0,Moderado,Panama
169964,E-mail Marketing,2024-10-16,Não Convertido,,0.0,Moderado,Guinea-Bissau
169965,Instagram,2024-10-16,Não Convertido,,0.0,Agressivo,France
169966,Instagram,2024-10-16,Convertido,28.0,3654.11,Conservador,Cocos (Keeling) Islands
169967,Indicação,2024-10-17,Não Convertido,,0.0,Moderado,Cocos (Keeling) Islands
169968,TikTok,2024-10-17,Não Convertido,,0.0,Moderado,French Guiana
169969,E-mail Marketing,2024-10-18,Não Convertido,,0.0,Conservador,Israel
169970,Facebook,2024-10-16,Não Convertido,,0.0,Agressivo,Lesotho
169971,TikTok,2024-10-14,Não Convertido,,0.0,Moderado,Macao
169972,Instagram,2024-10-17,Não Convertido,,0.0,Agressivo,Portugal
169973,Orgânico,2024-10-18,Convertido,21.0,6665.36,Conservador,Guadeloupe
169974,Instagram,2024-10-17,Não Convertido,,0.0,Agressivo,Antarctica (the territory South of 60 deg S)
169975,YouTube Ads,2024-10-16,Não Convertido,,0.0,Conservador,Morocco
169976,Instagram,2024-10-16,Não Convertido,,0.0,Moderado,Faroe Islands
169977,WhatsApp,2024-10-16,Não Convertido,,0.0,Moderado,Peru
169978,Instagram,2024-10-18,Não Convertido,,0.0,Moderado,Canada
169979,Orgânico,2024-10-19,Não Convertido,,0.0,Moderado,Mali
169980,TikTok,2024-10-14,Não Convertido,,0.0,Conservador,Indonesia
169981,E-mail Marketing,2024-10-19,Não Convertido,,0.0,Moderado,Rwanda
169982,Facebook,2024-10-19,Não Convertido,,0.0,Moderado,Bahamas
169983,Google Ads,2024-10-15,Não Convertido,,0.0,Moderado,Indonesia
169984,Facebook,2024-10-18,Convertido,19.0,6908.51,Agressivo,Egypt
169985,Google Ads,2024-10-18,Não Convertido,,0.0,Agressivo,Togo
169986,WhatsApp,2024-10-15,Não Convertido,,0.0,Moderado,Kenya
169987,WhatsApp,2024-10-18,Não Convertido,,0.0,Conservador,Seychelles
169988,Instagram,2024-10-18,Não Convertido,,0.0,Conservador,Puerto Rico
169989,TikTok,2024-10-18,Não Convertido,,0.0,Conservador,Burkina Faso
169990,Facebook,2024-10-18,Não Convertido,,0.0,Agressivo,Armenia
169991,Facebook,2024-10-16,Não Convertido,,0.0,Agressivo,Ukraine
169992,Facebook,2024-10-15,Não Convertido,,0.0,Agressivo,Guinea
169993,Instagram,2024-10-15,Não Convertido,,0.0,Agressivo,Armenia
169994,WhatsApp,2024-10-16,Não Convertido,,0.0,Agressivo,Hungary
169995,Google Ads,2024-10-16,Não Convertido,,0.0,Desconhecido,Yemen
169996,WhatsApp,2024-10-18,Não Convertido,,0.0,Conservador,Liberia
169997,E-mail Marketing,2024-10-19,Não Convertido,,0.0,Agressivo,Rwanda
169998,TikTok,2024-10-14,Não Convertido,,0.0,Agressivo,Papua New Guinea
169999,WhatsApp,2024-10-17,Não Convertido,,0.0,Agressivo,French Southern Territories
170000,E-mail Marketing,2024-10-17,Não Convertido,,0.0,Conservador,Bolivia
170001,Instagram,2024-10-18,Não Convertido,,0.0,Desconhecido,Pakistan
170002,TikTok,2024-10-16,Não Convertido,,0.0,Moderado,Mexico
170003,WhatsApp,2024-10-15,Não Convertido,,0.0,Conservador,France
170004,Instagram,2024-10-15,Não Convertido,,0.0,Desconhecido,Monaco
170005,E-mail Marketing,2024-10-15,Não Convertido,,0.0,Conservador,Mexico
170006,Google Ads,2024-10-15,Convertido,6.0,750.28,Agressivo,Saint Barthelemy
170007,Instagram,2024-10-16,Não Convertido,,0.0,Conservador,Cote d'Ivoire
170008,Instagram,2024-10-17,Convertido,16.0,2058.2,Agressivo,Puerto Rico
170009,Orgânico,2024-10-18,Não Convertido,,0.0,Moderado,Panama
170010,Instagram,2024-10-15,Não Convertido,,0.0,Desconhecido,Guam
170011,TikTok,2024-10-19,Não Convertido,,0.0,Desconhecido,Marshall Islands
170012,Facebook,2024-10-16,Não Convertido,,0.0,Moderado,Saudi Arabia
170013,WhatsApp,2024-10-16,Não Convertido,,0.0,Moderado,Indonesia
170014,Orgânico,2024-10-19,Não Convertido,,0.0,Agressivo,Senegal
170015,WhatsApp,2024-10-15,Não Convertido,,0.0,Agressivo,United Arab Emirates
170016,TikTok,2024-10-15,Não Convertido,,0.0,Agressivo,Finland
170017,WhatsApp,2024-10-17,Não Convertido,,0.0,Moderado,Tajikistan
170018,E-mail Marketing,2024-10-16,Não Convertido,,0.0,Agressivo,Japan
170019,E-mail Marketing,2024-10-19,Não Convertido,,0.0,Moderado,Belize
170020,Orgânico,2024-10-19,Não Convertido,,0.0,Moderado,Bermuda
170021,Orgânico,2024-10-18,Não Convertido,,0.0,Moderado,Bosnia and Herzegovina
170022,Orgânico,2024-10-17,Não Convertido,,0.0,Agressivo,Marshall Islands
170023,Google Ads,2024-10-19,Não Convertido,,0.0,Agressivo,Congo
170024,Orgânico,2024-10-19,Não Convertido,,0.0,Moderado,Western Sahara
170025,Google Ads,2024-10-17,Não Convertido,,0.0,Desconhecido,Sao Tome and Principe
170026,TikTok,2024-10-16,Não Convertido,,0.0,Moderado,Turks and Caicos Islands
170027,Orgânico,2024-10-18,Não Convertido,,0.0,Desconhecido,Namibia
170028,Orgânico,2024-10-18,Não Convertido,,0.0,Conservador,Palau
170029,Facebook,2024-10-16,Não Convertido,,0.0,Agressivo,New Caledonia
170030,TikTok,2024-10-19,Não Convertido,,0.0,Agressivo,Martinique
170031,Google Ads,2024-10-15,Não Convertido,,0.0,Agressivo,Norway
170032,Instagram,2024-10-15,Não Convertido,,0.0,Agressivo,Comoros
170033,Indicação,2024-10-16,Convertido,19.0,6560.83,Agressivo,Gabon
170034,Instagram,2024-10-15,Não Convertido,,0.0,Agressivo,Sierra Leone
170035,TikTok,2024-10-18,Não Convertido,,0.0,Conservador,Guam
170036,Orgânico,2024-10-19,Não Convertido,,0.0,Conservador,Cote d'Ivoire
170037,TikTok,2024-10-14,Não Convertido,,0.0,Moderado,Korea
170038,TikTok,2024-10-14,Não Convertido,,0.0,Agressivo,Turkmenistan
170039,Google Ads,2024-10-16,Não Convertido,,0.0,Agressivo,Cape Verde
170040,Google Ads,2024-10-19,Não Convertido,,0.0,Moderado,Mauritius
170041,Indicação,2024-10-15,Não Convertido,,0.0,Conservador,Guadeloupe
170042,Google Ads,2024-10-17,Não Convertido,,0.0,Moderado,Montenegro
170043,Indicação,2024-10-16,Não Convertido,,0.0,Moderado,Saint Vincent and the Grenadines
170044,Orgânico,2024-10-14,Não Convertido,,0.0,Agressivo,Spain
170045,WhatsApp,2024-10-19,Não Convertido,,0.0,Agressivo,Cameroon
170046,E-mail Marketing,2024-10-16,Não Convertido,,0.0,Moderado,Tajikistan
170047,Instagram,2024-10-18,Não Convertido,,0.0,Conservador,Qatar
170048,Instagram,2024-10-14,Não Convertido,,0.0,Moderado,Marshall Islands
170049,Facebook,2024-10-17,Não Convertido,,0.0,Agressivo,Uzbekistan
170050,Orgânico,2024-10-15,Não Convertido,,0.0,Moderado,Brunei Darussalam
170051,TikTok,2024-10-19,Não Convertido,,0.0,Agressivo,American Samoa
170052,TikTok,2024-10-17,Não Convertido,,0.0,Moderado,Bermuda
170053,E-mail Marketing,2024-10-15,Não Convertido,,0.0,Moderado,Holy See (Vatican City State)
170054,Orgânico,2024-10-14,Não Convertido,,0.0,Moderado,Anguilla
170055,Instagram,2024-10-19,Não Convertido,,0.0,Agressivo,Myanmar
170056,E-mail Marketing,2024-10-14,Não Convertido,,0.0,Moderado,Lebanon
170057,Orgânico,2024-10-14,Não Convertido,,0.0,Agressivo,Libyan Arab Jamahiriya
170058,Google Ads,2024-10-18,Não Convertido,,0.0,Moderado,Cocos (Keeling) Islands
170059,E-mail Marketing,2024-10-19,Não Convertido,,0.0,Conservador,Norfolk Island
170060,TikTok,2024-10-14,Não Convertido,,0.0,Desconhecido,Tajikistan
170061,Instagram,2024-10-17,Não Convertido,,0.0,Moderado,Ukraine
170062,Indicação,2024-10-15,Não Convertido,,0.0,Moderado,Christmas Island
170063,TikTok,2024-10-17,Não Convertido,,0.0,Conservador,El Salvador
170064,Orgânico,2024-10-14,Não Convertido,,0.0,Moderado,North Macedonia
170065,Instagram,2024-10-16,Convertido,16.0,6569.24,Agressivo,Sweden
170066,Google Ads,2024-10-14,Não Convertido,,0.0,Agressivo,Denmark
170067,Orgânico,2024-10-19,Não Convertido,,0.0,Moderado,Mozambique
170068,Facebook,2024-10-19,Não Convertido,,0.0,Agressivo,Netherlands Antilles
170069,Orgânico,2024-10-15,Não Convertido,,0.0,Moderado,Saint Vincent and the Grenadines
170070,Google Ads,2024-10-15,Não Convertido,,0.0,Agressivo,Gabon
170071,Instagram,2024-10-16,Não Convertido,,0.0,Conservador,Sudan
170072,Google Ads,2024-10-19,Não Convertido,,0.0,Moderado,Argentina
170073,Orgânico,2024-10-15,Não Convertido,,0.0,Agressivo,Holy See (Vatican City State)
170074,WhatsApp,2024-10-16,Não Convertido,,0.0,Moderado,Armenia
170075,Instagram,2024-10-19,Não Convertido,,0.0,Conservador,France
170076,Google Ads,2024-10-14,Não Convertido,,0.0,Agressivo,Switzerland
170077,Facebook,2024-10-19,Não Convertido,,0.0,Moderado,Barbados
170078,TikTok,2024-10-19,Não Convertido,,0.0,Agressivo,Liechtenstein
170079,Instagram,2024-10-16,Não Convertido,,0.0,Desconhecido,Azerbaijan
170080,Facebook,2024-10-17,Não Convertido,,0.0,Moderado,Panama
170081,WhatsApp,2024-10-17,Não Convertido,,0.0,Agressivo,Rwanda
170082,TikTok,2024-10-14,Não Convertido,,0.0,Moderado,Fiji
170083,Orgânico,2024-10-14,Não Convertido,,0.0,Agressivo,Kuwait
170084,Orgânico,2024-10-15,Não Convertido,,0.0,Moderado,Philippines
170085,TikTok,2024-10-16,Não Convertido,,0.0,Moderado,Netherlands Antilles
170086,Google Ads,2024-10-16,Não Convertido,,0.0,Moderado,Maldives
170087,Instagram,2024-10-16,Não Convertido,,0.0,Moderado,Greece
170088,WhatsApp,2024-10-18,Não Convertido,,0.0,Moderado,Japan
170089,E-mail Marketing,2024-10-14,Não Convertido,,0.0,Agressivo,Northern Mariana Islands
170090,Facebook,2024-10-14,Não Convertido,,0.0,Moderado,Russian Federation
170091,YouTube Ads,2024-10-19,Não Convertido,,0.0,Conservador,Italy
170092,YouTube Ads,2024-10-19,Não Convertido,,0.0,Agressivo,Belgium
170093,Orgânico,2024-10-17,Não Convertido,,0.0,Agressivo,Belgium
170094,TikTok,2024-10-15,Não Convertido,,0.0,Desconhecido,Guatemala
170095,Orgânico,2024-10-16,Não Convertido,,0.0,Moderado,United States of America
170096,Google Ads,2024-10-15,Não Convertido,,0.0,Moderado,Japan
170097,Orgânico,2024-10-15,Convertido,2.0,8437.77,Moderado,Canada
170098,Google Ads,2024-10-15,Convertido,0.0,2463.47,Conservador,Guatemala
170099,TikTok,2024-10-15,Não Convertido,,0.0,Conservador,Estonia
170100,Indicação,2024-10-16,Não Convertido,,0.0,Agressivo,Kuwait
170101,Google Ads,2024-10-16,Não Convertido,,0.0,Conservador,Gambia
170102,E-mail Marketing,2024-10-14,Não Convertido,,0.0,Moderado,Holy See (Vatican City State)
170103,Facebook,2024-10-16,Não Convertido,,0.0,Desconhecido,Albania
170104,YouTube Ads,2024-10-14,Não Convertido,,0.0,Moderado,Jordan
170105,Orgânico,2024-10-19,Não Convertido,,0.0,Agressivo,Egypt
170106,TikTok,2024-10-17,Não Convertido,,0.0,Agressivo,Italy
170107,Indicação,2024-10-16,Não Convertido,,0.0,Conservador,Albania
170108,TikTok,2024-10-14,Não Convertido,,0.0,Moderado,Rwanda
170109,Google Ads,2024-10-18,Não Convertido,,0.0,Moderado,Mauritania
170110,Instagram,2024-10-17,Não Convertido,,0.0,Moderado,Guyana
170111,Facebook,2024-10-16,Não Convertido,,0.0,Desconhecido,Belarus
170112,YouTube Ads,2024-10-18,Não Convertido,,0.0,Agressivo,United Arab Emirates
170113,Orgânico,2024-10-15,Não Convertido,,0.0,Desconhecido,United Kingdom
170114,E-mail Marketing,2024-10-14,Não Convertido,,0.0,Moderado,French Polynesia
170115,Google Ads,2024-10-18,Não Convertido,,0.0,Agressivo,Macao
170116,E-mail Marketing,2024-10-14,Não Convertido,,0.0,Conservador,Croatia
170117,Instagram,2024-10-17,Não Convertido,,0.0,Agressivo,Niue
170118,E-mail Marketing,2024-10-17,Não Convertido,,0.0,Moderado,Papua New Guinea
170119,Google Ads,2024-10-16,Não Convertido,,0.0,Moderado,Togo
170120,TikTok,2024-10-17,Não Convertido,,0.0,Conservador,Saudi Arabia
170121,Google Ads,2024-10-17,Não Convertido,,0.0,Desconhecido,Argentina
170122,Google Ads,2024-10-19,Não Convertido,,0.0,Moderado,Micronesia
170123,Orgânico,2024-10-17,Não Convertido,,0.0,Moderado,Tanzania
170124,Google Ads,2024-10-19,Não Convertido,,0.0,Moderado,Honduras
170125,WhatsApp,2024-10-16,Não Convertido,,0.0,Agressivo,Moldova
170126,Instagram,2024-10-15,Não Convertido,,0.0,Moderado,Sao Tome and Principe
170127,Facebook,2024-10-17,Não Convertido,,0.0,Moderado,Gambia
170128,Google Ads,2024-10-15,Não Convertido,,0.0,Conservador,Guatemala
170129,YouTube Ads,2024-10-19,Não Convertido,,0.0,Conservador,Poland
170130,Instagram,2024-10-16,Não Convertido,,0.0,Conservador,Liechtenstein
170131,YouTube Ads,2024-10-18,Não Convertido,,0.0,Desconhecido,China
170132,Orgânico,2024-10-15,Não Convertido,,0.0,Moderado,Montenegro
170133,TikTok,2024-10-14,Não Convertido,,0.0,Desconhecido,Philippines
170134,Google Ads,2024-10-17,Não Convertido,,0.0,Agressivo,Liberia
170135,Indicação,2024-10-18,Não Convertido,,0.0,Agressivo,Burundi
170136,Orgânico,2024-10-15,Não Convertido,,0.0,Moderado,Chile
170137,Facebook,2024-10-19,Não Convertido,,0.0,Conservador,Kenya
170138,Facebook,2024-10-14,Não Convertido,,0.0,Conservador,Vanuatu
170139,E-mail Marketing,2024-10-16,Não Convertido,,0.0,Moderado,Bermuda
170140,Instagram,2024-10-16,Não Convertido,,0.0,Moderado,Haiti
170141,Facebook,2024-10-14,Não Convertido,,0.0,Desconhecido,Peru
170142,TikTok,2024-10-17,Não Convertido,,0.0,Agressivo,Kuwait
170143,YouTube Ads,2024-10-17,Não Convertido,,0.0,Moderado,Chad
170144,E-mail Marketing,2024-10-14,Não Convertido,,0.0,Conservador,Myanmar
170145,Instagram,2024-10-18,Não Convertido,,0.0,Moderado,Seychelles
170146,E-mail Marketing,2024-10-19,Não Convertido,,0.0,Agressivo,Isle of Man
170147,Orgânico,2024-10-14,Não Convertido,,0.0,Moderado,Kyrgyz Republic
170148,TikTok,2024-10-16,Não Convertido,,0.0,Moderado,Turkmenistan
170149,TikTok,2024-10-17,Não Convertido,,0.0,Moderado,Mauritania
170150,YouTube Ads,2024-10-15,Não Convertido,,0.0,Agressivo,Hong Kong
170151,TikTok,2024-10-18,Convertido,22.0,6153.57,Moderado,New Caledonia
170152,Orgânico,2024-10-15,Não Convertido,,0.0,Desconhecido,Lithuania
170153,Facebook,2024-10-15,Não Convertido,,0.0,Agressivo,Cambodia
170154,Indicação,2024-10-16,Não Convertido,,0.0,Conservador,South Georgia and the South Sandwich Islands
170155,Facebook,2024-10-15,Não Convertido,,0.0,Moderado,Belarus
170156,WhatsApp,2024-10-15,Não Convertido,,0.0,Moderado,Reunion
170157,E-mail Marketing,2024-10-14,Não Convertido,,0.0,Moderado,Indonesia
170158,Instagram,2024-10-14,Não Convertido,,0.0,Moderado,Monaco
170159,Google Ads,2024-10-19,Não Convertido,,0.0,Moderado,British Virgin Islands
170160,Facebook,2024-10-14,Não Convertido,,0.0,Moderado,Jersey
170161,Google Ads,2024-10-16,Não Convertido,,0.0,Agressivo,Cote d'Ivoire
170162,TikTok,2024-10-15,Não Convertido,,0.0,Agressivo,United States Minor Outlying Islands
170163,YouTube Ads,2024-10-16,Não Convertido,,0.0,Agressivo,Wallis and Futuna
170164,WhatsApp,2024-10-18,Não Convertido,,0.0,Desconhecido,Saudi Arabia
170165,Google Ads,2024-10-14,Não Convertido,,0.0,Agressivo,Saint Martin
170166,Orgânico,2024-10-18,Não Convertido,,0.0,Moderado,Norway
170167,Orgânico,2024-10-17,Não Convertido,,0.0,Moderado,Togo
170168,E-mail Marketing,2024-10-14,Não Convertido,,0.0,Conservador,Saudi Arabia
170169,YouTube Ads,2024-10-14,Não Convertido,,0.0,Agressivo,Tokelau
170170,Instagram,2024-10-18,Não Convertido,,0.0,Moderado,Honduras
170171,YouTube Ads,2024-10-17,Não Convertido,,0.0,Agressivo,Switzerland
170172,Facebook,2024-10-17,Não Convertido,,0.0,Moderado,Lithuania
170173,Instagram,2024-10-15,Não Convertido,,0.0,Conservador,Croatia
170174,TikTok,2024-10-14,Não Convertido,,0.0,Desconhecido,Jamaica
170175,Facebook,2024-10-19,Não Convertido,,0.0,Agressivo,Chad
170176,Google Ads,2024-10-14,Não Convertido,,0.0,Moderado,Barbados
170177,WhatsApp,2024-10-19,Não Convertido,,0.0,Moderado,Singapore
170178,Orgânico,2024-10-14,Não Convertido,,0.0,Conservador,Colombia
170179,YouTube Ads,2024-10-18,Não Convertido,,0.0,Moderado,Tajikistan
170180,Instagram,2024-10-18,Não Convertido,,0.0,Desconhecido,Belgium
170181,WhatsApp,2024-10-17,Não Convertido,,0.0,Moderado,Sudan
170182,Indicação,2024-10-17,Não Convertido,,0.0,Agressivo,Kazakhstan
170183,WhatsApp,2024-10-16,Não Convertido,,0.0,Conservador,Micronesia
170184,Orgânico,2024-10-16,Não Convertido,,0.0,Moderado,Afghanistan
170185,TikTok,2024-10-19,Não Convertido,,0.0,Agressivo,Liberia
170186,Facebook,2024-10-19,Convertido,15.0,6273.02,Desconhecido,Barbados
170187,Google Ads,2024-10-16,Não Convertido,,0.0,Conservador,Macao
170188,Indicação,2024-10-17,Não Convertido,,0.0,Conservador,Yemen
170189,Google Ads,2024-10-17,Não Convertido,,0.0,Agressivo,Chile
170190,Orgânico,2024-10-15,Não Convertido,,0.0,Moderado,Kyrgyz Republic
170191,Facebook,2024-10-15,Não Convertido,,0.0,Conservador,Fiji
170192,Google Ads,2024-10-18,Não Convertido,,0.0,Agressivo,Venezuela
170193,E-mail Marketing,2024-10-16,Não Convertido,,0.0,Moderado,Hong Kong
170194,Facebook,2024-10-16,Não Convertido,,0.0,Conservador,Moldova
170195,Instagram,2024-10-14,Não Convertido,,0.0,Agressivo,Russian Federation
170196,Instagram,2024-10-18,Não Convertido,,0.0,Moderado,Saint Barthelemy
170197,TikTok,2024-10-16,Não Convertido,,0.0,Agressivo,Mali
170198,Orgânico,2024-10-19,Não Convertido,,0.0,Conservador,Azerbaijan
170199,Instagram,2024-10-17,Não Convertido,,0.0,Moderado,Brunei Darussalam
170200,Facebook,2024-10-16,Não Convertido,,0.0,Agressivo,Gambia
170201,Indicação,2024-10-15,Não Convertido,,0.0,Moderado,French Guiana
170202,YouTube Ads,2024-10-19,Não Convertido,,0.0,Conservador,Sao Tome and Principe
170203,E-mail Marketing,2024-10-14,Não Convertido,,0.0,Desconhecido,Greenland
170204,Google Ads,2024-10-19,Não Convertido,,0.0,Moderado,Guernsey
170205,Google Ads,2024-10-18,Não Convertido,,0.0,Conservador,Madagascar
170206,WhatsApp,2024-10-14,Não Convertido,,0.0,Agressivo,Tunisia
170207,Facebook,2024-10-16,Não Convertido,,0.0,Moderado,Grenada
170208,WhatsApp,2024-10-17,Não Convertido,,0.0,Agressivo,Micronesia
170209,Instagram,2024-10-18,Não Convertido,,0.0,Moderado,Iran
170210,TikTok,2024-10-17,Não Convertido,,0.0,Moderado,Tanzania
170211,E-mail Marketing,2024-10-18,Não Convertido,,0.0,Moderado,Heard Island and McDonald Islands
170212,Instagram,2024-10-19,Não Convertido,,0.0,Moderado,Lithuania
170213,WhatsApp,2024-10-16,Não Convertido,,0.0,Moderado,Rwanda
170214,Orgânico,2024-10-17,Não Convertido,,0.0,Moderado,Jamaica
170215,WhatsApp,2024-10-18,Não Convertido,,0.0,Moderado,Japan
170216,WhatsApp,2024-10-16,Não Convertido,,0.0,Moderado,Burundi
170217,Orgânico,2024-10-16,Não Convertido,,0.0,Moderado,Svalbard & Jan Mayen Islands
170218,E-mail Marketing,2024-10-15,Não Convertido,,0.0,Moderado,Haiti
170219,YouTube Ads,2024-10-16,Não Convertido,,0.0,Conservador,Puerto Rico
170220,Instagram,2024-10-15,Não Convertido,,0.0,Moderado,Senegal
170221,Facebook,2024-10-18,Não Convertido,,0.0,Moderado,China
170222,Instagram,2024-10-14,Não Convertido,,0.0,Moderado,Hungary
170223,Facebook,2024-10-15,Não Convertido,,0.0,Moderado,Germany
170224,Instagram,2024-10-16,Não Convertido,,0.0,Conservador,Anguilla
170225,TikTok,2024-10-14,Não Convertido,,0.0,Moderado,Bangladesh
170226,TikTok,2024-10-15,Não Convertido,,0.0,Moderado,Belgium
170227,Facebook,2024-10-15,Não Convertido,,0.0,Agressivo,United Arab Emirates
170228,Orgânico,2024-10-18,Não Convertido,,0.0,Moderado,Sri Lanka
170229,Orgânico,2024-10-18,Não Convertido,,0.0,Conservador,Ukraine
170230,WhatsApp,2024-10-16,Não Convertido,,0.0,Desconhecido,Hong Kong
170231,Instagram,2024-10-17,Não Convertido,,0.0,Agressivo,Argentina
170232,Indicação,2024-10-19,Não Convertido,,0.0,Agressivo,Andorra
170233,WhatsApp,2024-10-14,Não Convertido,,0.0,Moderado,Cape Verde
170234,TikTok,2024-10-19,Não Convertido,,0.0,Agressivo,Jordan
170235,Instagram,2024-10-15,Não Convertido,,0.0,Desconhecido,Madagascar
170236,Orgânico,2024-10-19,Não Convertido,,0.0,Agressivo,Chile
170237,Google Ads,2024-10-19,Não Convertido,,0.0,Agressivo,Bosnia and Herzegovina
170238,Orgânico,2024-10-17,Não Convertido,,0.0,Moderado,Maldives
170239,E-mail Marketing,2024-10-15,Convertido,2.0,7051.84,Agressivo,Angola
170240,Google Ads,2024-10-18,Não Convertido,,0.0,Agressivo,Western Sahara
170241,TikTok,2024-10-17,Não Convertido,,0.0,Moderado,Guyana
170242,Instagram,2024-10-19,Não Convertido,,0.0,Moderado,Maldives
170243,WhatsApp,2024-10-14,Não Convertido,,0.0,Moderado,Tonga
170244,Instagram,2024-10-17,Não Convertido,,0.0,Agressivo,Saudi Arabia
170245,Google Ads,2024-10-19,Não Convertido,,0.0,Agressivo,Switzerland
170246,WhatsApp,2024-10-19,Não Convertido,,0.0,Conservador,Vanuatu
170247,Instagram,2024-10-14,Não Convertido,,0.0,Conservador,Pakistan
170248,Facebook,2024-10-14,Não Convertido,,0.0,Moderado,Kyrgyz Republic
170249,Google Ads,2024-10-16,Não Convertido,,0.0,Agressivo,Hong Kong
170250,Orgânico,2024-10-18,Convertido,8.0,228.28,Agressivo,Montenegro
170251,WhatsApp,2024-10-19,Não Convertido,,0.0,Agressivo,Madagascar
170252,E-mail Marketing,2024-10-14,Não Convertido,,0.0,Agressivo,Gibraltar
170253,Orgânico,2024-10-18,Não Convertido,,0.0,Moderado,Latvia
170254,TikTok,2024-10-19,Não Convertido,,0.0,Moderado,Malaysia
170255,YouTube Ads,2024-10-15,Não Convertido,,0.0,Agressivo,Oman
170256,Facebook,2024-10-19,Não Convertido,,0.0,Agressivo,Portugal
170257,TikTok,2024-10-19,Não Convertido,,0.0,Agressivo,Panama
170258,Instagram,2024-10-14,Não Convertido,,0.0,Conservador,Cayman Islands
170259,TikTok,2024-10-18,Não Convertido,,0.0,Moderado,Macao
170260,Indicação,2024-10-18,Não Convertido,,0.0,Agressivo,Fiji
170261,Google Ads,2024-10-17,Não Convertido,,0.0,Moderado,Norway
170262,Orgânico,2024-10-14,Não Convertido,,0.0,Agressivo,Andorra
170263,TikTok,2024-10-19,Não Convertido,,0.0,Moderado,Aruba
170264,Instagram,2024-10-16,Não Convertido,,0.0,Conservador,Cambodia
170265,Instagram,2024-10-19,Convertido,14.0,2870.1,Agressivo,Peru
170266,Facebook,2024-10-15,Não Convertido,,0.0,Conservador,Gambia
170267,Instagram,2024-10-17,Convertido,7.0,8706.74,Moderado,San Marino
170268,TikTok,2024-10-19,Não Convertido,,0.0,Moderado,Samoa
170269,TikTok,2024-10-17,Não Convertido,,0.0,Agressivo,Zambia
170270,WhatsApp,2024-10-19,Não Convertido,,0.0,Desconhecido,Nauru
170271,Instagram,2024-10-18,Não Convertido,,0.0,Agressivo,Taiwan
170272,E-mail Marketing,2024-10-18,Não Convertido,,0.0,Moderado,Switzerland
170273,WhatsApp,2024-10-16,Não Convertido,,0.0,Agressivo,Gabon
170274,Facebook,2024-10-18,Não Convertido,,0.0,Moderado,Lao People's Democratic Republic
170275,TikTok,2024-10-16,Não Convertido,,0.0,Agressivo,Pitcairn Islands
170276,Orgânico,2024-10-19,Não Convertido,,0.0,Desconhecido,Portugal
170277,Instagram,2024-10-16,Não Convertido,,0.0,Agressivo,Burundi
170278,Instagram,2024-10-14,Não Convertido,,0.0,Conservador,Afghanistan
170279,Indicação,2024-10-14,Não Convertido,,0.0,Agressivo,Thailand
170280,TikTok,2024-10-15,Não Convertido,,0.0,Desconhecido,Andorra
170281,Google Ads,2024-10-17,Não Convertido,,0.0,Conservador,Colombia
170282,E-mail Marketing,2024-10-17,Não Convertido,,0.0,Agressivo,Cocos (Keeling) Islands
170283,E-mail Marketing,2024-10-16,Não Convertido,,0.0,Moderado,Bermuda
170284,WhatsApp,2024-10-18,Não Convertido,,0.0,Conservador,Ukraine
170285,WhatsApp,2024-10-16,Não Convertido,,0.0,Moderado,Vanuatu
170286,Google Ads,2024-10-16,Não Convertido,,0.0,Moderado,Congo
170287,Google Ads,2024-10-17,Não Convertido,,0.0,Desconhecido,Slovenia
170288,Facebook,2024-10-19,Não Convertido,,0.0,Moderado,Haiti
170289,E-mail Marketing,2024-10-18,Não Convertido,,0.0,Agressivo,Slovenia
170290,Instagram,2024-10-16,Não Convertido,,0.0,Moderado,Cocos (Keeling) Islands
170291,Instagram,2024-10-14,Não Convertido,,0.0,Moderado,Denmark
170292,Google Ads,2024-10-16,Não Convertido,,0.0,Agressivo,Japan
170293,YouTube Ads,2024-10-19,Não Convertido,,0.0,Desconhecido,Isle of Man
170294,Orgânico,2024-10-16,Não Convertido,,0.0,Moderado,Tunisia
170295,YouTube Ads,2024-10-15,Não Convertido,,0.0,Moderado,Marshall Islands
170296,YouTube Ads,2024-10-17,Não Convertido,,0.0,Conservador,Mongolia
170297,Orgânico,2024-10-17,Não Convertido,,0.0,Conservador,San Marino
170298,Indicação,2024-10-19,Não Convertido,,0.0,Moderado,Ghana
170299,Orgânico,2024-10-17,Não Convertido,,0.0,Moderado,Chad
170300,Instagram,2024-10-17,Não Convertido,,0.0,Desconhecido,Turks and Caicos Islands
170301,WhatsApp,2024-10-19,Não Convertido,,0.0,Moderado,Iraq
170302,Google Ads,2024-10-16,Não Convertido,,0.0,Moderado,Mozambique
170303,Google Ads,2024-10-15,Não Convertido,,0.0,Conservador,Nicaragua
170304,TikTok,2024-10-19,Não Convertido,,0.0,Agressivo,Nepal
170305,Facebook,2024-10-16,Não Convertido,,0.0,Conservador,Thailand
170306,WhatsApp,2024-10-16,Não Convertido,,0.0,Agressivo,Faroe Islands
170307,E-mail Marketing,2024-10-15,Não Convertido,,0.0,Agressivo,Madagascar
170308,YouTube Ads,2024-10-16,Não Convertido,,0.0,Agressivo,Lebanon
170309,Instagram,2024-10-15,Não Convertido,,0.0,Agressivo,Belize
170310,Facebook,2024-10-14,Não Convertido,,0.0,Moderado,Luxembourg
170311,YouTube Ads,2024-10-17,Não Convertido,,0.0,Moderado,Jordan
170312,Instagram,2024-10-14,Não Convertido,,0.0,Moderado,Zambia
170313,WhatsApp,2024-10-18,Não Convertido,,0.0,Conservador,Iceland
170314,Instagram,2024-10-19,Não Convertido,,0.0,Agressivo,Montserrat
170315,TikTok,2024-10-15,Não Convertido,,0.0,Agressivo,Cote d'Ivoire
170316,E-mail Marketing,2024-10-19,Não Convertido,,0.0,Moderado,Cyprus
170317,Orgânico,2024-10-16,Convertido,20.0,3803.74,Agressivo,Faroe Islands
170318,Instagram,2024-10-19,Não Convertido,,0.0,Conservador,British Indian Ocean Territory (Chagos Archipelago)
170319,Orgânico,2024-10-16,Convertido,3.0,4791.85,Desconhecido,Syrian Arab Republic
170320,TikTok,2024-10-17,Não Convertido,,0.0,Agressivo,Belarus
170321,Instagram,2024-10-14,Não Convertido,,0.0,Conservador,Argentina
170322,Orgânico,2024-10-14,Não Convertido,,0.0,Conservador,Gambia
170323,E-mail Marketing,2024-10-16,Não Convertido,,0.0,Moderado,Saint Kitts and Nevis
170324,TikTok,2024-10-17,Não Convertido,,0.0,Desconhecido,Taiwan
170325,E-mail Marketing,2024-10-19,Não Convertido,,0.0,Moderado,Niue
170326,E-mail Marketing,2024-10-17,Não Convertido,,0.0,Moderado,Grenada
170327,WhatsApp,2024-10-16,Não Convertido,,0.0,Moderado,Iraq
170328,Facebook,2024-10-17,Não Convertido,,0.0,Conservador,Tuvalu
170329,Facebook,2024-10-14,Não Convertido,,0.0,Agressivo,Liechtenstein
170330,E-mail Marketing,2024-10-16,Não Convertido,,0.0,Desconhecido,Vanuatu
170331,WhatsApp,2024-10-15,Não Convertido,,0.0,Agressivo,United Kingdom
170332,YouTube Ads,2024-10-16,Não Convertido,,0.0,Moderado,Reunion
170333,YouTube Ads,2024-10-15,Não Convertido,,0.0,Moderado,Bosnia and Herzegovina
170334,YouTube Ads,2024-10-18,Não Convertido,,0.0,Moderado,Reunion
170335,WhatsApp,2024-10-16,Não Convertido,,0.0,Conservador,Mayotte
170336,YouTube Ads,2024-10-15,Não Convertido,,0.0,Moderado,Mayotte
170337,Facebook,2024-10-17,Não Convertido,,0.0,Agressivo,San Marino
170338,Orgânico,2024-10-19,Não Convertido,,0.0,Desconhecido,Italy
170339,YouTube Ads,2024-10-16,Não Convertido,,0.0,Desconhecido,Faroe Islands
170340,E-mail Marketing,2024-10-18,Não Convertido,,0.0,Moderado,Guernsey
170341,E-mail Marketing,2024-10-17,Não Convertido,,0.0,Agressivo,Timor-Leste
170342,WhatsApp,2024-10-18,Não Convertido,,0.0,Moderado,Palestinian Territory
170343,YouTube Ads,2024-10-16,Não Convertido,,0.0,Moderado,Macao
170344,Facebook,2024-10-14,Não Convertido,,0.0,Moderado,Cambodia
170345,TikTok,2024-10-16,Convertido,19.0,3687.78,Moderado,Isle of Man
170346,Google Ads,2024-10-18,Não Convertido,,0.0,Conservador,Central African Republic
170347,YouTube Ads,2024-10-19,Não Convertido,,0.0,Desconhecido,United States Virgin Islands
170348,Facebook,2024-10-17,Não Convertido,,0.0,Desconhecido,Reunion
170349,WhatsApp,2024-10-19,Não Convertido,,0.0,Conservador,Egypt
170350,Orgânico,2024-10-18,Não Convertido,,0.0,Agressivo,Vietnam
170351,TikTok,2024-10-16,Não Convertido,,0.0,Agressivo,Swaziland
170352,YouTube Ads,2024-10-17,Não Convertido,,0.0,Moderado,Tonga
170353,E-mail Marketing,2024-10-15,Não Convertido,,0.0,Conservador,New Caledonia
170354,E-mail Marketing,2024-10-19,Não Convertido,,0.0,Conservador,India
170355,YouTube Ads,2024-10-18,Não Convertido,,0.0,Desconhecido,Germany
170356,Instagram,2024-10-16,Não Convertido,,0.0,Conservador,Fiji
170357,TikTok,2024-10-19,Não Convertido,,0.0,Conservador,Pakistan
170358,E-mail Marketing,2024-10-16,Convertido,22.0,4860.28,Conservador,Singapore
170359,WhatsApp,2024-10-15,Convertido,4.0,1901.53,Moderado,Bangladesh
170360,Orgânico,2024-10-16,Não Convertido,,0.0,Conservador,New Caledonia
170361,E-mail Marketing,2024-10-14,Não Convertido,,0.0,Conservador,Cameroon
170362,Orgânico,2024-10-19,Não Convertido,,0.0,Conservador,Canada
170363,Orgânico,2024-10-17,Não Convertido,,0.0,Moderado,Suriname
170364,Facebook,2024-10-18,Não Convertido,,0.0,Moderado,Kazakhstan
170365,TikTok,2024-10-19,Não Convertido,,0.0,Moderado,Finland
170366,TikTok,2024-10-19,Convertido,25.0,4970.54,Agressivo,Antarctica (the territory South of 60 deg S)
170367,TikTok,2024-10-19,Não Convertido,,0.0,Moderado,Turkey
170368,Orgânico,2024-10-19,Não Convertido,,0.0,Moderado,Angola
170369,Instagram,2024-10-16,Não Convertido,,0.0,Agressivo,British Virgin Islands
170370,TikTok,2024-10-15,Não Convertido,,0.0,Moderado,Guam
170371,E-mail Marketing,2024-10-17,Não Convertido,,0.0,Desconhecido,Mozambique
170372,Google Ads,2024-10-19,Não Convertido,,0.0,Moderado,Chile
170373,Orgânico,2024-10-14,Não Convertido,,0.0,Moderado,Belarus
170374,TikTok,2024-10-17,Não Convertido,,0.0,Agressivo,Romania
170375,E-mail Marketing,2024-10-16,Não Convertido,,0.0,Desconhecido,Sudan
170376,Instagram,2024-10-19,Não Convertido,,0.0,Agressivo,Denmark
170377,Orgânico,2024-10-14,Não Convertido,,0.0,Conservador,Djibouti
170378,Instagram,2024-10-15,Não Convertido,,0.0,Agressivo,Colombia
170379,Google Ads,2024-10-16,Não Convertido,,0.0,Agressivo,Saint Martin
170380,Instagram,2024-10-16,Não Convertido,,0.0,Moderado,Serbia
170381,Orgânico,2024-10-19,Não Convertido,,0.0,Moderado,Seychelles
170382,Google Ads,2024-10-15,Não Convertido,,0.0,Conservador,Somalia
170383,Instagram,2024-10-18,Não Convertido,,0.0,Agressivo,Zimbabwe
170384,Google Ads,2024-10-15,Convertido,13.0,3666.8,Moderado,Zambia
170385,Google Ads,2024-10-19,Não Convertido,,0.0,Conservador,Saint Pierre and Miquelon
170386,Facebook,2024-10-14,Não Convertido,,0.0,Conservador,Aruba
170387,Facebook,2024-10-15,Não Convertido,,0.0,Conservador,Guernsey
170388,TikTok,2024-10-19,Não Convertido,,0.0,Moderado,Guinea-Bissau
170389,TikTok,2024-10-18,Não Convertido,,0.0,Desconhecido,Denmark
170390,Orgânico,2024-10-18,Não Convertido,,0.0,Moderado,Palestinian Territory
170391,WhatsApp,2024-10-16,Não Convertido,,0.0,Moderado,Oman
170392,YouTube Ads,2024-10-14,Não Convertido,,0.0,Moderado,Dominica
170393,WhatsApp,2024-10-17,Não Convertido,,0.0,Moderado,Moldova
170394,E-mail Marketing,2024-10-18,Não Convertido,,0.0,Moderado,Djibouti
170395,Instagram,2024-10-14,Não Convertido,,0.0,Agressivo,Indonesia
170396,E-mail Marketing,2024-10-19,Não Convertido,,0.0,Conservador,Barbados
170397,Orgânico,2024-10-19,Não Convertido,,0.0,Moderado,Chad
170398,TikTok,2024-10-16,Não Convertido,,0.0,Desconhecido,Thailand
170399,Orgânico,2024-10-16,Não Convertido,,0.0,Agressivo,Cook Islands
170400,WhatsApp,2024-10-14,Não Convertido,,0.0,Agressivo,China
170401,Google Ads,2024-10-17,Não Convertido,,0.0,Agressivo,Switzerland
170402,Google Ads,2024-10-18,Não Convertido,,0.0,Conservador,Rwanda
170403,Instagram,2024-10-17,Não Convertido,,0.0,Desconhecido,Cook Islands
170404,Orgânico,2024-10-14,Não Convertido,,0.0,Agressivo,China
170405,Orgânico,2024-10-14,Não Convertido,,0.0,Moderado,Qatar
170406,E-mail Marketing,2024-10-17,Não Convertido,,0.0,Moderado,Mozambique
170407,Orgânico,2024-10-17,Não Convertido,,0.0,Conservador,Mongolia
170408,Instagram,2024-10-14,Não Convertido,,0.0,Moderado,Saint Helena
170409,Google Ads,2024-10-18,Não Convertido,,0.0,Moderado,British Indian Ocean Territory (Chagos Archipelago)
170410,Orgânico,2024-10-16,Não Convertido,,0.0,Moderado,Germany
170411,WhatsApp,2024-10-16,Não Convertido,,0.0,Agressivo,Montenegro
170412,Instagram,2024-10-19,Não Convertido,,0.0,Agressivo,French Guiana
170413,Google Ads,2024-10-17,Não Convertido,,0.0,Moderado,San Marino
170414,TikTok,2024-10-17,Não Convertido,,0.0,Agressivo,Comoros
170415,Instagram,2024-10-14,Não Convertido,,0.0,Agressivo,Iraq
170416,Google Ads,2024-10-17,Não Convertido,,0.0,Moderado,Moldova
170417,WhatsApp,2024-10-19,Não Convertido,,0.0,Moderado,Cuba
170418,WhatsApp,2024-10-14,Não Convertido,,0.0,Agressivo,Turks and Caicos Islands
170419,Orgânico,2024-10-17,Não Convertido,,0.0,Moderado,Costa Rica
170420,YouTube Ads,2024-10-19,Não Convertido,,0.0,Desconhecido,Djibouti
170421,Orgânico,2024-10-16,Não Convertido,,0.0,Moderado,British Virgin Islands
170422,Orgânico,2024-10-16,Não Convertido,,0.0,Moderado,Sweden
170423,Google Ads,2024-10-18,Não Convertido,,0.0,Moderado,Iraq
170424,Orgânico,2024-10-14,Não Convertido,,0.0,Agressivo,Kiribati
170425,YouTube Ads,2024-10-15,Não Convertido,,0.0,Desconhecido,Romania
170426,Orgânico,2024-10-18,Não Convertido,,0.0,Desconhecido,Haiti
170427,WhatsApp,2024-10-15,Não Convertido,,0.0,Moderado,Isle of Man
170428,YouTube Ads,2024-10-15,Não Convertido,,0.0,Moderado,Papua New Guinea
170429,Orgânico,2024-10-15,Não Convertido,,0.0,Agressivo,Malaysia
170430,Orgânico,2024-10-19,Não Convertido,,0.0,Moderado,Dominican Republic
170431,Instagram,2024-10-17,Não Convertido,,0.0,Moderado,Western Sahara
170432,Google Ads,2024-10-18,Não Convertido,,0.0,Moderado,Panama
170433,Facebook,2024-10-18,Não Convertido,,0.0,Agressivo,Hungary
170434,TikTok,2024-10-17,Não Convertido,,0.0,Moderado,Italy
170435,Orgânico,2024-10-16,Não Convertido,,0.0,Conservador,Tonga
170436,WhatsApp,2024-10-15,Não Convertido,,0.0,Moderado,Monaco
170437,E-mail Marketing,2024-10-14,Não Convertido,,0.0,Moderado,India
170438,E-mail Marketing,2024-10-18,Não Convertido,,0.0,Moderado,Slovakia (Slovak Republic)
170439,Orgânico,2024-10-17,Não Convertido,,0.0,Conservador,Ghana
170440,E-mail Marketing,2024-10-16,Não Convertido,,0.0,Moderado,Gibraltar
170441,Facebook,2024-10-16,Não Convertido,,0.0,Conservador,Palau
170442,Instagram,2024-10-14,Não Convertido,,0.0,Moderado,Burkina Faso
170443,Orgânico,2024-10-18,Convertido,4.0,5323.13,Agressivo,Antigua and Barbuda
170444,Google Ads,2024-10-17,Não Convertido,,0.0,Agressivo,Madagascar
170445,Instagram,2024-10-18,Não Convertido,,0.0,Moderado,Israel
170446,Google Ads,2024-10-14,Não Convertido,,0.0,Moderado,Taiwan
170447,E-mail Marketing,2024-10-14,Não Convertido,,0.0,Agressivo,Burkina Faso
170448,Orgânico,2024-10-16,Não Convertido,,0.0,Agressivo,Taiwan
170449,Google Ads,2024-10-18,Não Convertido,,0.0,Desconhecido,French Polynesia
170450,Orgânico,2024-10-17,Não Convertido,,0.0,Moderado,Saint Vincent and the Grenadines
170451,TikTok,2024-10-14,Não Convertido,,0.0,Conservador,French Polynesia
170452,TikTok,2024-10-17,Não Convertido,,0.0,Agressivo,Nigeria
170453,Instagram,2024-10-16,Não Convertido,,0.0,Agressivo,New Zealand
170454,Orgânico,2024-10-16,Não Convertido,,0.0,Moderado,Andorra
170455,WhatsApp,2024-10-16,Não Convertido,,0.0,Conservador,Peru
170456,TikTok,2024-10-17,Não Convertido,,0.0,Moderado,Norway
170457,TikTok,2024-10-18,Não Convertido,,0.0,Agressivo,Latvia
170458,Orgânico,2024-10-18,Não Convertido,,0.0,Desconhecido,United Arab Emirates
170459,Facebook,2024-10-18,Não Convertido,,0.0,Desconhecido,Guadeloupe
170460,Instagram,2024-10-14,Não Convertido,,0.0,Moderado,Lesotho
170461,Facebook,2024-10-15,Não Convertido,,0.0,Agressivo,Senegal
170462,TikTok,2024-10-18,Não Convertido,,0.0,Conservador,Singapore
170463,WhatsApp,2024-10-16,Não Convertido,,0.0,Agressivo,Uruguay
170464,Orgânico,2024-10-17,Não Convertido,,0.0,Desconhecido,Ethiopia
170465,Indicação,2024-10-16,Não Convertido,,0.0,Agressivo,Albania
170466,Orgânico,2024-10-18,Não Convertido,,0.0,Desconhecido,Gibraltar
170467,Instagram,2024-10-16,Não Convertido,,0.0,Moderado,Cape Verde
170468,Orgânico,2024-10-16,Não Convertido,,0.0,Agressivo,Norway
170469,TikTok,2024-10-19,Não Convertido,,0.0,Desconhecido,Hong Kong
170470,Instagram,2024-10-15,Não Convertido,,0.0,Moderado,Malta
170471,Instagram,2024-10-18,Não Convertido,,0.0,Moderado,French Southern Territories
170472,E-mail Marketing,2024-10-17,Não Convertido,,0.0,Moderado,Cape Verde
170473,E-mail Marketing,2024-10-18,Não Convertido,,0.0,Desconhecido,Barbados
170474,Facebook,2024-10-14,Não Convertido,,0.0,Agressivo,Norfolk Island
170475,YouTube Ads,2024-10-17,Não Convertido,,0.0,Conservador,Niue
170476,YouTube Ads,2024-10-17,Não Convertido,,0.0,Moderado,Argentina
170477,Instagram,2024-10-17,Não Convertido,,0.0,Moderado,Bolivia
170478,E-mail Marketing,2024-10-14,Não Convertido,,0.0,Desconhecido,Brazil
170479,Facebook,2024-10-17,Não Convertido,,0.0,Desconhecido,Romania
170480,Google Ads,2024-10-19,Não Convertido,,0.0,Moderado,Antarctica (the territory South of 60 deg S)
170481,Instagram,2024-10-18,Não Convertido,,0.0,Agressivo,Saint Barthelemy
170482,YouTube Ads,2024-10-14,Não Convertido,,0.0,Moderado,Madagascar
170483,Orgânico,2024-10-16,Não Convertido,,0.0,Moderado,Algeria
170484,Google Ads,2024-10-17,Não Convertido,,0.0,Desconhecido,Vanuatu
170485,Google Ads,2024-10-15,Não Convertido,,0.0,Agressivo,Zimbabwe
170486,Instagram,2024-10-14,Não Convertido,,0.0,Conservador,United States Virgin Islands
170487,WhatsApp,2024-10-17,Não Convertido,,0.0,Conservador,Uzbekistan
170488,TikTok,2024-10-16,Não Convertido,,0.0,Agressivo,Cook Islands
170489,YouTube Ads,2024-10-14,Não Convertido,,0.0,Desconhecido,Central African Republic
170490,Instagram,2024-10-16,Não Convertido,,0.0,Conservador,Madagascar
170491,Facebook,2024-10-19,Não Convertido,,0.0,Moderado,Nigeria
170492,Instagram,2024-10-14,Não Convertido,,0.0,Moderado,United States Minor Outlying Islands
170493,Google Ads,2024-10-16,Não Convertido,,0.0,Desconhecido,Saint Pierre and Miquelon
170494,Orgânico,2024-10-18,Não Convertido,,0.0,Moderado,Iraq
170495,TikTok,2024-10-14,Não Convertido,,0.0,Conservador,French Guiana
170496,Google Ads,2024-10-18,Não Convertido,,0.0,Moderado,Netherlands
170497,Google Ads,2024-10-17,Não Convertido,,0.0,Conservador,Norway
170498,YouTube Ads,2024-10-14,Não Convertido,,0.0,Desconhecido,Wallis and Futuna
170499,TikTok,2024-10-14,Não Convertido,,0.0,Moderado,Austria
170500,Instagram,2024-10-16,Não Convertido,,0.0,Conservador,Norway
170501,WhatsApp,2024-10-17,Não Convertido,,0.0,Conservador,Benin
170502,E-mail Marketing,2024-10-14,Não Convertido,,0.0,Moderado,Brunei Darussalam
170503,TikTok,2024-10-19,Não Convertido,,0.0,Moderado,French Southern Territories
170504,Instagram,2024-10-19,Não Convertido,,0.0,Desconhecido,North Macedonia
170505,TikTok,2024-10-17,Não Convertido,,0.0,Agressivo,Saint Martin
170506,Facebook,2024-10-18,Não Convertido,,0.0,Moderado,Guadeloupe
170507,TikTok,2024-10-14,Não Convertido,,0.0,Agressivo,Montenegro
170508,E-mail Marketing,2024-10-14,Não Convertido,,0.0,Moderado,Singapore
170509,Orgânico,2024-10-14,Não Convertido,,0.0,Agressivo,Faroe Islands
170510,YouTube Ads,2024-10-16,Não Convertido,,0.0,Agressivo,Guinea-Bissau
170511,YouTube Ads,2024-10-19,Não Convertido,,0.0,Moderado,Hungary
170512,Facebook,2024-10-14,Não Convertido,,0.0,Agressivo,Bosnia and Herzegovina
170513,E-mail Marketing,2024-10-14,Não Convertido,,0.0,Conservador,Greece
170514,E-mail Marketing,2024-10-14,Não Convertido,,0.0,Agressivo,Colombia
170515,Facebook,2024-10-18,Não Convertido,,0.0,Conservador,Liberia
170516,Orgânico,2024-10-14,Não Convertido,,0.0,Moderado,South Georgia and the South Sandwich Islands
170517,Instagram,2024-10-15,Não Convertido,,0.0,Agressivo,Argentina
170518,Facebook,2024-10-19,Não Convertido,,0.0,Agressivo,Vietnam
170519,TikTok,2024-10-16,Não Convertido,,0.0,Desconhecido,Fiji
170520,E-mail Marketing,2024-10-14,Não Convertido,,0.0,Moderado,Kiribati
170521,Indicação,2024-10-19,Não Convertido,,0.0,Conservador,Guatemala
170522,E-mail Marketing,2024-10-18,Não Convertido,,0.0,Conservador,Anguilla
170523,Instagram,2024-10-17,Não Convertido,,0.0,Conservador,Bahrain
170524,Orgânico,2024-10-16,Não Convertido,,0.0,Moderado,Suriname
170525,Instagram,2024-10-18,Não Convertido,,0.0,Agressivo,Lesotho
170526,E-mail Marketing,2024-10-18,Convertido,19.0,8557.77,Desconhecido,Australia
170527,Orgânico,2024-10-15,Não Convertido,,0.0,Moderado,Gabon
170528,Orgânico,2024-10-19,Convertido,12.0,8005.03,Desconhecido,Chile
170529,TikTok,2024-10-19,Não Convertido,,0.0,Agressivo,Equatorial Guinea
170530,Orgânico,2024-10-14,Não Convertido,,0.0,Desconhecido,Czech Republic
170531,Orgânico,2024-10-14,Não Convertido,,0.0,Moderado,Turkmenistan
170532,YouTube Ads,2024-10-14,Não Convertido,,0.0,Desconhecido,Guadeloupe
170533,E-mail Marketing,2024-10-16,Não Convertido,,0.0,Moderado,Cambodia
170534,Indicação,2024-10-18,Não Convertido,,0.0,Desconhecido,Haiti
170535,Facebook,2024-10-15,Não Convertido,,0.0,Desconhecido,Chile
170536,Instagram,2024-10-19,Não Convertido,,0.0,Desconhecido,Puerto Rico
170537,TikTok,2024-10-17,Não Convertido,,0.0,Desconhecido,Tunisia
170538,YouTube Ads,2024-10-15,Não Convertido,,0.0,Desconhecido,New Caledonia
170539,Instagram,2024-10-15,Não Convertido,,0.0,Agressivo,Norfolk Island
170540,Instagram,2024-10-15,Não Convertido,,0.0,Moderado,Japan
170541,Instagram,2024-10-15,Não Convertido,,0.0,Desconhecido,Guyana
170542,E-mail Marketing,2024-10-18,Não Convertido,,0.0,Agressivo,Micronesia
170543,TikTok,2024-10-14,Não Convertido,,0.0,Agressivo,Greenland
170544,TikTok,2024-10-15,Não Convertido,,0.0,Agressivo,Djibouti
170545,TikTok,2024-10-18,Não Convertido,,0.0,Desconhecido,Tuvalu
170546,WhatsApp,2024-10-18,Não Convertido,,0.0,Conservador,Uruguay
170547,E-mail Marketing,2024-10-15,Não Convertido,,0.0,Moderado,Nicaragua
170548,Orgânico,2024-10-14,Não Convertido,,0.0,Conservador,Fiji
170549,Indicação,2024-10-16,Não Convertido,,0.0,Desconhecido,Malta
170550,Indicação,2024-10-19,Não Convertido,,0.0,Agressivo,Costa Rica
170551,Orgânico,2024-10-19,Não Convertido,,0.0,Conservador,Algeria
170552,Google Ads,2024-10-19,Não Convertido,,0.0,Moderado,Kuwait
170553,YouTube Ads,2024-10-17,Não Convertido,,0.0,Agressivo,Bolivia
170554,Indicação,2024-10-16,Não Convertido,,0.0,Moderado,Czech Republic
170555,TikTok,2024-10-14,Não Convertido,,0.0,Agressivo,North Macedonia
170556,Google Ads,2024-10-14,Não Convertido,,0.0,Agressivo,Zambia
170557,Orgânico,2024-10-15,Não Convertido,,0.0,Conservador,Vietnam
170558,Orgânico,2024-10-19,Não Convertido,,0.0,Agressivo,Portugal
170559,Facebook,2024-10-19,Não Convertido,,0.0,Moderado,Zimbabwe
170560,WhatsApp,2024-10-19,Não Convertido,,0.0,Desconhecido,Bouvet Island (Bouvetoya)
170561,Orgânico,2024-10-14,Não Convertido,,0.0,Moderado,Lebanon
170562,YouTube Ads,2024-10-14,Não Convertido,,0.0,Moderado,Mexico
170563,Orgânico,2024-10-19,Não Convertido,,0.0,Moderado,British Indian Ocean Territory (Chagos Archipelago)
170564,Indicação,2024-10-15,Não Convertido,,0.0,Moderado,Guatemala
170565,E-mail Marketing,2024-10-16,Não Convertido,,0.0,Moderado,American Samoa
170566,TikTok,2024-10-14,Não Convertido,,0.0,Desconhecido,Costa Rica
170567,YouTube Ads,2024-10-14,Não Convertido,,0.0,Moderado,Pitcairn Islands
170568,Orgânico,2024-10-17,Não Convertido,,0.0,Moderado,Uzbekistan
170569,E-mail Marketing,2024-10-17,Não Convertido,,0.0,Conservador,Saint Lucia
170570,TikTok,2024-10-18,Não Convertido,,0.0,Agressivo,Turkey
170571,Facebook,2024-10-15,Não Convertido,,0.0,Moderado,Suriname
170572,E-mail Marketing,2024-10-17,Não Convertido,,0.0,Moderado,Andorra
170573,Google Ads,2024-10-19,Não Convertido,,0.0,Moderado,Cook Islands
170574,TikTok,2024-10-15,Não Convertido,,0.0,Moderado,Bangladesh
170575,Indicação,2024-10-18,Não Convertido,,0.0,Agressivo,Philippines
170576,Instagram,2024-10-16,Convertido,24.0,2007.07,Moderado,Angola
170577,E-mail Marketing,2024-10-16,Não Convertido,,0.0,Agressivo,Armenia
170578,TikTok,2024-10-15,Não Convertido,,0.0,Agressivo,Philippines
170579,Facebook,2024-10-19,Não Convertido,,0.0,Moderado,Oman
170580,Instagram,2024-10-17,Não Convertido,,0.0,Moderado,Central African Republic
170581,Instagram,2024-10-18,Não Convertido,,0.0,Agressivo,Namibia
170582,Orgânico,2024-10-18,Não Convertido,,0.0,Moderado,Zambia
170583,Indicação,2024-10-16,Não Convertido,,0.0,Desconhecido,Uruguay
170584,Instagram,2024-10-19,Não Convertido,,0.0,Moderado,Lithuania
170585,Orgânico,2024-10-19,Não Convertido,,0.0,Agressivo,Senegal
170586,WhatsApp,2024-10-19,Não Convertido,,0.0,Moderado,Egypt
170587,Instagram,2024-10-16,Não Convertido,,0.0,Moderado,Benin
170588,WhatsApp,2024-10-18,Não Convertido,,0.0,Moderado,Bosnia and Herzegovina
170589,Facebook,2024-10-19,Não Convertido,,0.0,Desconhecido,Burkina Faso
170590,E-mail Marketing,2024-10-19,Não Convertido,,0.0,Moderado,Faroe Islands
170591,TikTok,2024-10-16,Convertido,13.0,4090.93,Moderado,United States of America
170592,Orgânico,2024-10-17,Não Convertido,,0.0,Moderado,Malawi
170593,WhatsApp,2024-10-15,Não Convertido,,0.0,Conservador,Monaco
170594,E-mail Marketing,2024-10-16,Não Convertido,,0.0,Agressivo,Uganda
170595,Instagram,2024-10-16,Não Convertido,,0.0,Moderado,Micronesia
170596,Orgânico,2024-10-18,Não Convertido,,0.0,Moderado,Anguilla
170597,Orgânico,2024-10-19,Não Convertido,,0.0,Desconhecido,Cameroon
170598,Instagram,2024-10-17,Não Convertido,,0.0,Moderado,Kiribati
170599,TikTok,2024-10-17,Convertido,22.0,8069.37,Conservador,Nepal
170600,Orgânico,2024-10-14,Não Convertido,,0.0,Agressivo,Spain
170601,Instagram,2024-10-19,Não Convertido,,0.0,Desconhecido,Bangladesh
170602,Google Ads,2024-10-18,Não Convertido,,0.0,Moderado,Rwanda
170603,Google Ads,2024-10-15,Não Convertido,,0.0,Moderado,Barbados
170604,TikTok,2024-10-15,Não Convertido,,0.0,Conservador,Guatemala
170605,Orgânico,2024-10-17,Não Convertido,,0.0,Moderado,Cayman Islands
170606,TikTok,2024-10-14,Não Convertido,,0.0,Conservador,Comoros
170607,Facebook,2024-10-18,Não Convertido,,0.0,Desconhecido,Solomon Islands
170608,YouTube Ads,2024-10-17,Não Convertido,,0.0,Conservador,Lebanon
170609,Orgânico,2024-10-19,Não Convertido,,0.0,Conservador,Vanuatu
170610,Google Ads,2024-10-16,Não Convertido,,0.0,Agressivo,Norway
170611,YouTube Ads,2024-10-16,Não Convertido,,0.0,Desconhecido,Burundi
170612,Google Ads,2024-10-18,Não Convertido,,0.0,Moderado,Turkey
170613,Instagram,2024-10-19,Não Convertido,,0.0,Moderado,Kazakhstan
170614,E-mail Marketing,2024-10-19,Não Convertido,,0.0,Desconhecido,Guyana
170615,E-mail Marketing,2024-10-19,Não Convertido,,0.0,Conservador,Zambia
170616,Instagram,2024-10-19,Não Convertido,,0.0,Agressivo,Vanuatu
170617,Orgânico,2024-10-19,Não Convertido,,0.0,Conservador,Philippines
170618,Orgânico,2024-10-18,Não Convertido,,0.0,Desconhecido,India
170619,YouTube Ads,2024-10-16,Não Convertido,,0.0,Moderado,Lebanon
170620,YouTube Ads,2024-10-14,Convertido,14.0,7569.24,Moderado,Gambia
170621,Google Ads,2024-10-16,Não Convertido,,0.0,Agressivo,Fiji
170622,Facebook,2024-10-14,Não Convertido,,0.0,Agressivo,Trinidad and Tobago
170623,Indicação,2024-10-19,Não Convertido,,0.0,Agressivo,Nicaragua
170624,Indicação,2024-10-14,Não Convertido,,0.0,Moderado,Namibia
170625,Instagram,2024-10-14,Não Convertido,,0.0,Moderado,Timor-Leste
170626,Orgânico,2024-10-14,Não Convertido,,0.0,Moderado,Mayotte
170627,Google Ads,2024-10-17,Não Convertido,,0.0,Conservador,Tokelau
170628,Orgânico,2024-10-14,Não Convertido,,0.0,Agressivo,Syrian Arab Republic
170629,TikTok,2024-10-15,Não Convertido,,0.0,Desconhecido,Colombia
170630,TikTok,2024-10-15,Não Convertido,,0.0,Conservador,Falkland Islands (Malvinas)
170631,WhatsApp,2024-10-17,Não Convertido,,0.0,Moderado,Ghana
170632,Orgânico,2024-10-14,Não Convertido,,0.0,Moderado,Nigeria
170633,TikTok,2024-10-19,Não Convertido,,0.0,Moderado,Saint Pierre and Miquelon
170634,YouTube Ads,2024-10-17,Não Convertido,,0.0,Desconhecido,Bermuda
170635,Google Ads,2024-10-18,Não Convertido,,0.0,Agressivo,Madagascar
170636,Orgânico,2024-10-15,Não Convertido,,0.0,Agressivo,Cyprus
170637,TikTok,2024-10-15,Não Convertido,,0.0,Agressivo,Cyprus
170638,Orgânico,2024-10-17,Não Convertido,,0.0,Agressivo,Bahamas
170639,YouTube Ads,2024-10-16,Não Convertido,,0.0,Moderado,Aruba
170640,Google Ads,2024-10-15,Não Convertido,,0.0,Moderado,Malaysia
170641,YouTube Ads,2024-10-14,Não Convertido,,0.0,Moderado,Croatia
170642,YouTube Ads,2024-10-17,Não Convertido,,0.0,Moderado,Gabon
170643,Facebook,2024-10-18,Não Convertido,,0.0,Conservador,San Marino
170644,Facebook,2024-10-16,Não Convertido,,0.0,Moderado,Congo
170645,E-mail Marketing,2024-10-15,Não Convertido,,0.0,Conservador,Andorra
170646,Orgânico,2024-10-17,Não Convertido,,0.0,Moderado,Saint Martin
170647,YouTube Ads,2024-10-16,Não Convertido,,0.0,Conservador,Saint Martin
170648,TikTok,2024-10-17,Não Convertido,,0.0,Conservador,Congo
170649,Google Ads,2024-10-15,Não Convertido,,0.0,Agressivo,Luxembourg
170650,Instagram,2024-10-18,Não Convertido,,0.0,Conservador,Lithuania
170651,TikTok,2024-10-18,Não Convertido,,0.0,Moderado,Egypt
170652,Google Ads,2024-10-19,Não Convertido,,0.0,Moderado,France
170653,Instagram,2024-10-15,Não Convertido,,0.0,Desconhecido,Iran
170654,Orgânico,2024-10-17,Não Convertido,,0.0,Moderado,Tanzania
170655,Facebook,2024-10-17,Não Convertido,,0.0,Agressivo,Iran
170656,TikTok,2024-10-15,Não Convertido,,0.0,Moderado,Belarus
170657,Google Ads,2024-10-17,Não Convertido,,0.0,Conservador,South Africa
170658,Orgânico,2024-10-14,Não Convertido,,0.0,Moderado,Finland
170659,Google Ads,2024-10-18,Não Convertido,,0.0,Desconhecido,Slovenia
170660,Instagram,2024-10-15,Não Convertido,,0.0,Moderado,Egypt
170661,E-mail Marketing,2024-10-15,Não Convertido,,0.0,Conservador,Saint Barthelemy
170662,TikTok,2024-10-15,Não Convertido,,0.0,Moderado,Tokelau
170663,TikTok,2024-10-18,Não Convertido,,0.0,Moderado,Madagascar
170664,Orgânico,2024-10-19,Não Convertido,,0.0,Moderado,Vietnam
170665,WhatsApp,2024-10-14,Não Convertido,,0.0,Agressivo,Libyan Arab Jamahiriya
170666,Orgânico,2024-10-19,Não Convertido,,0.0,Agressivo,New Caledonia
170667,TikTok,2024-10-19,Não Convertido,,0.0,Agressivo,Saudi Arabia
170668,E-mail Marketing,2024-10-16,Não Convertido,,0.0,Desconhecido,Syrian Arab Republic
170669,Indicação,2024-10-15,Não Convertido,,0.0,Agressivo,United Arab Emirates
170670,Instagram,2024-10-14,Não Convertido,,0.0,Conservador,Guam
170671,Facebook,2024-10-16,Não Convertido,,0.0,Moderado,Angola
170672,TikTok,2024-10-16,Não Convertido,,0.0,Desconhecido,United States Minor Outlying Islands
170673,Instagram,2024-10-16,Não Convertido,,0.0,Conservador,Serbia
170674,Indicação,2024-10-19,Não Convertido,,0.0,Agressivo,Bangladesh
170675,Orgânico,2024-10-16,Não Convertido,,0.0,Agressivo,Ireland
170676,Facebook,2024-10-14,Não Convertido,,0.0,Conservador,Bulgaria
170677,WhatsApp,2024-10-14,Não Convertido,,0.0,Moderado,Niger
170678,Orgânico,2024-10-18,Não Convertido,,0.0,Agressivo,Rwanda
170679,WhatsApp,2024-10-19,Não Convertido,,0.0,Moderado,Croatia
170680,Orgânico,2024-10-15,Não Convertido,,0.0,Conservador,Sudan
170681,YouTube Ads,2024-10-14,Não Convertido,,0.0,Moderado,Uzbekistan
170682,YouTube Ads,2024-10-15,Não Convertido,,0.0,Moderado,Saint Lucia
170683,Orgânico,2024-10-19,Não Convertido,,0.0,Moderado,Macao
170684,E-mail Marketing,2024-10-15,Não Convertido,,0.0,Moderado,Christmas Island
170685,Google Ads,2024-10-15,Não Convertido,,0.0,Agressivo,Uzbekistan
170686,Google Ads,2024-10-18,Não Convertido,,0.0,Desconhecido,Cambodia
170687,Orgânico,2024-10-15,Não Convertido,,0.0,Moderado,Mauritius
170688,WhatsApp,2024-10-15,Não Convertido,,0.0,Moderado,Germany
170689,YouTube Ads,2024-10-18,Não Convertido,,0.0,Agressivo,Sudan
170690,Instagram,2024-10-15,Não Convertido,,0.0,Moderado,Kiribati
170691,Google Ads,2024-10-16,Não Convertido,,0.0,Moderado,Bahrain
170692,Instagram,2024-10-18,Convertido,28.0,5466.0,Agressivo,Cameroon
170693,Orgânico,2024-10-14,Não Convertido,,0.0,Moderado,British Virgin Islands
170694,Google Ads,2024-10-17,Não Convertido,,0.0,Conservador,Falkland Islands (Malvinas)
170695,YouTube Ads,2024-10-18,Convertido,18.0,5667.96,Desconhecido,Uzbekistan
170696,TikTok,2024-10-18,Não Convertido,,0.0,Moderado,Andorra
170697,Facebook,2024-10-15,Não Convertido,,0.0,Moderado,Antigua and Barbuda
170698,Orgânico,2024-10-16,Não Convertido,,0.0,Agressivo,Bangladesh
170699,Orgânico,2024-10-17,Não Convertido,,0.0,Agressivo,Norfolk Island
170700,Indicação,2024-10-16,Não Convertido,,0.0,Moderado,Norfolk Island
170701,Facebook,2024-10-16,Não Convertido,,0.0,Desconhecido,Azerbaijan
170702,Google Ads,2024-10-17,Não Convertido,,0.0,Agressivo,Nepal
170703,Orgânico,2024-10-19,Não Convertido,,0.0,Conservador,Jersey
170704,Orgânico,2024-10-16,Não Convertido,,0.0,Agressivo,Malaysia
170705,Instagram,2024-10-14,Não Convertido,,0.0,Moderado,Greenland
170706,Orgânico,2024-10-16,Não Convertido,,0.0,Conservador,Portugal
170707,Indicação,2024-10-14,Não Convertido,,0.0,Desconhecido,Vanuatu
170708,Instagram,2024-10-15,Não Convertido,,0.0,Desconhecido,Mali
170709,Instagram,2024-10-14,Não Convertido,,0.0,Moderado,Northern Mariana Islands
170710,Instagram,2024-10-17,Não Convertido,,0.0,Moderado,Bouvet Island (Bouvetoya)
170711,YouTube Ads,2024-10-19,Não Convertido,,0.0,Moderado,Nicaragua
170712,Facebook,2024-10-18,Não Convertido,,0.0,Conservador,Bhutan
170713,TikTok,2024-10-17,Não Convertido,,0.0,Agressivo,Holy See (Vatican City State)
170714,TikTok,2024-10-14,Não Convertido,,0.0,Conservador,Moldova
170715,WhatsApp,2024-10-16,Não Convertido,,0.0,Agressivo,United Arab Emirates
170716,Facebook,2024-10-17,Não Convertido,,0.0,Moderado,Paraguay
170717,Instagram,2024-10-16,Não Convertido,,0.0,Moderado,Poland
170718,TikTok,2024-10-14,Não Convertido,,0.0,Agressivo,Qatar
170719,YouTube Ads,2024-10-16,Não Convertido,,0.0,Moderado,Trinidad and Tobago
170720,YouTube Ads,2024-10-17,Não Convertido,,0.0,Desconhecido,Tunisia
170721,Instagram,2024-10-16,Não Convertido,,0.0,Conservador,Ghana
170722,Instagram,2024-10-17,Não Convertido,,0.0,Conservador,Armenia
170723,E-mail Marketing,2024-10-16,Não Convertido,,0.0,Conservador,Mali
170724,Orgânico,2024-10-14,Não Convertido,,0.0,Moderado,Maldives
170725,Instagram,2024-10-16,Não Convertido,,0.0,Agressivo,Italy
170726,WhatsApp,2024-10-15,Não Convertido,,0.0,Conservador,Guernsey
170727,WhatsApp,2024-10-18,Não Convertido,,0.0,Conservador,Bermuda
170728,TikTok,2024-10-19,Não Convertido,,0.0,Moderado,Ukraine
170729,YouTube Ads,2024-10-19,Não Convertido,,0.0,Moderado,United States of America
170730,Orgânico,2024-10-14,Não Convertido,,0.0,Moderado,Belize
170731,Google Ads,2024-10-14,Não Convertido,,0.0,Moderado,Estonia
170732,TikTok,2024-10-16,Não Convertido,,0.0,Moderado,Namibia
170733,TikTok,2024-10-18,Não Convertido,,0.0,Conservador,Germany
170734,E-mail Marketing,2024-10-19,Não Convertido,,0.0,Agressivo,Saint Kitts and Nevis
170735,Indicação,2024-10-15,Não Convertido,,0.0,Agressivo,United States of America
170736,Instagram,2024-10-14,Não Convertido,,0.0,Moderado,Heard Island and McDonald Islands
170737,TikTok,2024-10-17,Não Convertido,,0.0,Conservador,Thailand
170738,E-mail Marketing,2024-10-19,Não Convertido,,0.0,Moderado,Uruguay
170739,Instagram,2024-10-15,Não Convertido,,0.0,Moderado,Mauritius
170740,Orgânico,2024-10-18,Não Convertido,,0.0,Agressivo,Bouvet Island (Bouvetoya)
170741,Instagram,2024-10-19,Não Convertido,,0.0,Moderado,Hungary
170742,Instagram,2024-10-18,Não Convertido,,0.0,Conservador,Mauritania
170743,Instagram,2024-10-18,Não Convertido,,0.0,Desconhecido,Suriname
170744,Instagram,2024-10-16,Não Convertido,,0.0,Agressivo,Azerbaijan
170745,Google Ads,2024-10-14,Não Convertido,,0.0,Agressivo,Tanzania
170746,WhatsApp,2024-10-14,Não Convertido,,0.0,Agressivo,Antigua and Barbuda
170747,YouTube Ads,2024-10-19,Não Convertido,,0.0,Conservador,Russian Federation
170748,E-mail Marketing,2024-10-14,Não Convertido,,0.0,Agressivo,Luxembourg
170749,YouTube Ads,2024-10-17,Não Convertido,,0.0,Desconhecido,Iraq
170750,Orgânico,2024-10-18,Não Convertido,,0.0,Moderado,Lao People's Democratic Republic
170751,Orgânico,2024-10-16,Não Convertido,,0.0,Moderado,Japan
170752,E-mail Marketing,2024-10-14,Não Convertido,,0.0,Agressivo,Senegal
170753,Instagram,2024-10-14,Não Convertido,,0.0,Conservador,China
170754,Orgânico,2024-10-18,Não Convertido,,0.0,Desconhecido,Belize
170755,Orgânico,2024-10-14,Não Convertido,,0.0,Agressivo,Mauritius
170756,Instagram,2024-10-14,Não Convertido,,0.0,Conservador,Anguilla
170757,Facebook,2024-10-19,Não Convertido,,0.0,Conservador,Reunion
170758,Google Ads,2024-10-16,Não Convertido,,0.0,Moderado,Fiji
170759,E-mail Marketing,2024-10-17,Não Convertido,,0.0,Moderado,Bermuda
170760,E-mail Marketing,2024-10-18,Não Convertido,,0.0,Conservador,Brazil
170761,YouTube Ads,2024-10-14,Não Convertido,,0.0,Moderado,Mozambique
170762,Google Ads,2024-10-14,Não Convertido,,0.0,Agressivo,Mauritius
170763,TikTok,2024-10-19,Não Convertido,,0.0,Agressivo,United States Minor Outlying Islands
170764,WhatsApp,2024-10-15,Não Convertido,,0.0,Desconhecido,Honduras
170765,WhatsApp,2024-10-16,Não Convertido,,0.0,Desconhecido,Solomon Islands
170766,Indicação,2024-10-17,Não Convertido,,0.0,Agressivo,Niger
170767,Instagram,2024-10-18,Não Convertido,,0.0,Agressivo,Cocos (Keeling) Islands
170768,Facebook,2024-10-16,Não Convertido,,0.0,Agressivo,Sierra Leone
170769,WhatsApp,2024-10-14,Não Convertido,,0.0,Agressivo,Honduras
170770,Instagram,2024-10-14,Não Convertido,,0.0,Conservador,Kazakhstan
170771,Instagram,2024-10-18,Convertido,29.0,9233.68,Agressivo,Cayman Islands
170772,Instagram,2024-10-19,Não Convertido,,0.0,Agressivo,Iran
170773,E-mail Marketing,2024-10-17,Não Convertido,,0.0,Agressivo,Korea
170774,Instagram,2024-10-17,Não Convertido,,0.0,Agressivo,Yemen
170775,Orgânico,2024-10-19,Convertido,29.0,4090.25,Moderado,Mongolia
170776,TikTok,2024-10-17,Não Convertido,,0.0,Agressivo,Bulgaria
170777,YouTube Ads,2024-10-15,Não Convertido,,0.0,Conservador,Chile
170778,E-mail Marketing,2024-10-19,Não Convertido,,0.0,Conservador,Netherlands
170779,Facebook,2024-10-19,Não Convertido,,0.0,Moderado,Lesotho
170780,Instagram,2024-10-15,Não Convertido,,0.0,Moderado,France
170781,E-mail Marketing,2024-10-17,Não Convertido,,0.0,Moderado,Qatar
170782,E-mail Marketing,2024-10-17,Não Convertido,,0.0,Moderado,Aruba
170783,E-mail Marketing,2024-10-16,Não Convertido,,0.0,Moderado,Somalia
170784,Instagram,2024-10-16,Não Convertido,,0.0,Moderado,Honduras
170785,TikTok,2024-10-15,Não Convertido,,0.0,Moderado,Sudan
170786,Indicação,2024-10-15,Não Convertido,,0.0,Moderado,Hong Kong
170787,Facebook,2024-10-14,Não Convertido,,0.0,Conservador,Myanmar
170788,Instagram,2024-10-16,Não Convertido,,0.0,Conservador,Turkmenistan
170789,Google Ads,2024-10-16,Não Convertido,,0.0,Conservador,Guinea-Bissau
170790,Orgânico,2024-10-17,Não Convertido,,0.0,Moderado,Cayman Islands
170791,Orgânico,2024-10-18,Não Convertido,,0.0,Conservador,Sudan
170792,TikTok,2024-10-16,Não Convertido,,0.0,Moderado,Papua New Guinea
170793,E-mail Marketing,2024-10-15,Não Convertido,,0.0,Agressivo,Finland
170794,Orgânico,2024-10-16,Não Convertido,,0.0,Conservador,Colombia
170795,WhatsApp,2024-10-18,Não Convertido,,0.0,Conservador,Albania
170796,Instagram,2024-10-18,Não Convertido,,0.0,Moderado,Cyprus
170797,Instagram,2024-10-19,Não Convertido,,0.0,Conservador,Lesotho
170798,E-mail Marketing,2024-10-18,Não Convertido,,0.0,Conservador,Panama
170799,YouTube Ads,2024-10-15,Não Convertido,,0.0,Moderado,American Samoa
170800,Orgânico,2024-10-16,Não Convertido,,0.0,Agressivo,Congo
170801,E-mail Marketing,2024-10-19,Não Convertido,,0.0,Moderado,Cuba
170802,E-mail Marketing,2024-10-17,Não Convertido,,0.0,Conservador,New Caledonia
170803,Orgânico,2024-10-15,Não Convertido,,0.0,Conservador,Jamaica
170804,Orgânico,2024-10-18,Não Convertido,,0.0,Conservador,Faroe Islands
170805,Instagram,2024-10-19,Não Convertido,,0.0,Conservador,Dominican Republic
170806,Instagram,2024-10-18,Não Convertido,,0.0,Moderado,United Kingdom
170807,Indicação,2024-10-15,Não Convertido,,0.0,Conservador,Nicaragua
170808,Instagram,2024-10-17,Não Convertido,,0.0,Agressivo,Netherlands
170809,Facebook,2024-10-17,Não Convertido,,0.0,Conservador,Cocos (Keeling) Islands
170810,Instagram,2024-10-17,Não Convertido,,0.0,Moderado,Cape Verde
170811,Instagram,2024-10-19,Não Convertido,,0.0,Conservador,Bahrain
170812,YouTube Ads,2024-10-19,Não Convertido,,0.0,Moderado,Denmark
170813,Orgânico,2024-10-18,Não Convertido,,0.0,Agressivo,Uruguay
170814,Facebook,2024-10-18,Não Convertido,,0.0,Conservador,Palestinian Territory
170815,Orgânico,2024-10-15,Não Convertido,,0.0,Moderado,Malaysia
170816,Google Ads,2024-10-14,Não Convertido,,0.0,Desconhecido,Macao
170817,Facebook,2024-10-17,Não Convertido,,0.0,Agressivo,Cayman Islands
170818,Orgânico,2024-10-17,Não Convertido,,0.0,Moderado,Russian Federation
170819,Orgânico,2024-10-19,Não Convertido,,0.0,Moderado,Reunion
170820,Instagram,2024-10-18,Não Convertido,,0.0,Conservador,Aruba
170821,Instagram,2024-10-19,Não Convertido,,0.0,Moderado,Pakistan
170822,Orgânico,2024-10-19,Não Convertido,,0.0,Agressivo,Cuba
170823,Orgânico,2024-10-15,Não Convertido,,0.0,Moderado,Ukraine
170824,TikTok,2024-10-18,Não Convertido,,0.0,Moderado,United States of America
170825,TikTok,2024-10-14,Não Convertido,,0.0,Agressivo,Qatar
170826,TikTok,2024-10-14,Não Convertido,,0.0,Moderado,Seychelles
170827,TikTok,2024-10-14,Não Convertido,,0.0,Moderado,Monaco
170828,E-mail Marketing,2024-10-18,Não Convertido,,0.0,Agressivo,Fiji
170829,Orgânico,2024-10-19,Não Convertido,,0.0,Agressivo,Venezuela
170830,Orgânico,2024-10-17,Não Convertido,,0.0,Moderado,Puerto Rico
170831,TikTok,2024-10-14,Não Convertido,,0.0,Desconhecido,Andorra
170832,Orgânico,2024-10-14,Não Convertido,,0.0,Moderado,Palestinian Territory
170833,Orgânico,2024-10-16,Não Convertido,,0.0,Conservador,Micronesia
170834,Instagram,2024-10-19,Não Convertido,,0.0,Agressivo,Palestinian Territory
170835,Instagram,2024-10-14,Não Convertido,,0.0,Desconhecido,San Marino
170836,TikTok,2024-10-19,Não Convertido,,0.0,Moderado,Antarctica (the territory South of 60 deg S)
170837,E-mail Marketing,2024-10-16,Não Convertido,,0.0,Agressivo,Brazil
170838,TikTok,2024-10-14,Não Convertido,,0.0,Moderado,Indonesia
170839,Instagram,2024-10-16,Não Convertido,,0.0,Desconhecido,Nicaragua
170840,TikTok,2024-10-15,Não Convertido,,0.0,Moderado,Benin
170841,Instagram,2024-10-18,Não Convertido,,0.0,Conservador,Nigeria
170842,Orgânico,2024-10-16,Não Convertido,,0.0,Conservador,Iran
170843,E-mail Marketing,2024-10-16,Não Convertido,,0.0,Moderado,Colombia
170844,Instagram,2024-10-19,Não Convertido,,0.0,Moderado,Cambodia
170845,Indicação,2024-10-18,Não Convertido,,0.0,Conservador,Qatar
170846,Indicação,2024-10-16,Não Convertido,,0.0,Moderado,Estonia
170847,Instagram,2024-10-14,Não Convertido,,0.0,Agressivo,Saint Martin
170848,WhatsApp,2024-10-14,Não Convertido,,0.0,Agressivo,Slovakia (Slovak Republic)
170849,Orgânico,2024-10-16,Não Convertido,,0.0,Agressivo,Pakistan
170850,Instagram,2024-10-18,Não Convertido,,0.0,Moderado,Reunion
170851,WhatsApp,2024-10-14,Não Convertido,,0.0,Moderado,Sierra Leone
170852,Google Ads,2024-10-15,Não Convertido,,0.0,Moderado,Lithuania
170853,E-mail Marketing,2024-10-14,Não Convertido,,0.0,Moderado,Bulgaria
170854,TikTok,2024-10-15,Não Convertido,,0.0,Desconhecido,Bosnia and Herzegovina
170855,Orgânico,2024-10-17,Não Convertido,,0.0,Moderado,Gabon
170856,Orgânico,2024-10-16,Não Convertido,,0.0,Conservador,Cook Islands
170857,Orgânico,2024-10-17,Não Convertido,,0.0,Conservador,Seychelles
170858,E-mail Marketing,2024-10-18,Não Convertido,,0.0,Conservador,New Caledonia
170859,E-mail Marketing,2024-10-19,Não Convertido,,0.0,Conservador,Albania
170860,Orgânico,2024-10-16,Não Convertido,,0.0,Agressivo,French Southern Territories
170861,Indicação,2024-10-14,Não Convertido,,0.0,Agressivo,Barbados
170862,TikTok,2024-10-16,Não Convertido,,0.0,Moderado,Vietnam
170863,Indicação,2024-10-14,Não Convertido,,0.0,Conservador,Netherlands
170864,TikTok,2024-10-17,Não Convertido,,0.0,Agressivo,Guinea-Bissau
170865,YouTube Ads,2024-10-14,Não Convertido,,0.0,Conservador,Honduras
170866,Orgânico,2024-10-17,Não Convertido,,0.0,Conservador,Bulgaria
170867,Instagram,2024-10-14,Não Convertido,,0.0,Moderado,Australia
170868,WhatsApp,2024-10-17,Não Convertido,,0.0,Desconhecido,New Zealand
170869,Instagram,2024-10-14,Não Convertido,,0.0,Moderado,Maldives
170870,TikTok,2024-10-18,Não Convertido,,0.0,Moderado,Marshall Islands
170871,Instagram,2024-10-15,Convertido,25.0,9689.65,Agressivo,Uzbekistan
170872,E-mail Marketing,2024-10-18,Não Convertido,,0.0,Conservador,Nauru
170873,Google Ads,2024-10-19,Não Convertido,,0.0,Agressivo,Algeria
170874,E-mail Marketing,2024-10-17,Não Convertido,,0.0,Conservador,Cote d'Ivoire
170875,Orgânico,2024-10-15,Não Convertido,,0.0,Moderado,Heard Island and McDonald Islands
170876,Google Ads,2024-10-17,Não Convertido,,0.0,Desconhecido,Saint Lucia
170877,Instagram,2024-10-18,Não Convertido,,0.0,Moderado,Greece
170878,Facebook,2024-10-18,Não Convertido,,0.0,Conservador,Gambia
170879,Orgânico,2024-10-18,Não Convertido,,0.0,Conservador,Sierra Leone
170880,Google Ads,2024-10-18,Não Convertido,,0.0,Moderado,Saint Lucia
170881,TikTok,2024-10-17,Não Convertido,,0.0,Desconhecido,Egypt
170882,Google Ads,2024-10-15,Não Convertido,,0.0,Moderado,Ethiopia
170883,E-mail Marketing,2024-10-14,Não Convertido,,0.0,Moderado,Rwanda
170884,Google Ads,2024-10-14,Não Convertido,,0.0,Moderado,Denmark
170885,E-mail Marketing,2024-10-18,Não Convertido,,0.0,Agressivo,Thailand
170886,Orgânico,2024-10-16,Não Convertido,,0.0,Conservador,Cuba
170887,Orgânico,2024-10-18,Não Convertido,,0.0,Agressivo,Comoros
170888,YouTube Ads,2024-10-15,Não Convertido,,0.0,Moderado,Liechtenstein
170889,Facebook,2024-10-19,Não Convertido,,0.0,Moderado,Gibraltar
170890,YouTube Ads,2024-10-19,Não Convertido,,0.0,Conservador,Luxembourg
170891,E-mail Marketing,2024-10-15,Não Convertido,,0.0,Moderado,Ghana
170892,Facebook,2024-10-14,Não Convertido,,0.0,Agressivo,Thailand
170893,TikTok,2024-10-19,Não Convertido,,0.0,Conservador,Israel
170894,Orgânico,2024-10-19,Não Convertido,,0.0,Moderado,Armenia
170895,Google Ads,2024-10-15,Não Convertido,,0.0,Moderado,Falkland Islands (Malvinas)
170896,WhatsApp,2024-10-19,Não Convertido,,0.0,Moderado,Czech Republic
170897,Instagram,2024-10-18,Não Convertido,,0.0,Desconhecido,Djibouti
170898,TikTok,2024-10-17,Não Convertido,,0.0,Moderado,Dominican Republic
170899,YouTube Ads,2024-10-15,Convertido,14.0,8140.71,Agressivo,Ireland
170900,E-mail Marketing,2024-10-16,Não Convertido,,0.0,Moderado,Albania
170901,WhatsApp,2024-10-19,Não Convertido,,0.0,Moderado,Nauru
170902,TikTok,2024-10-16,Não Convertido,,0.0,Moderado,Niue
170903,Orgânico,2024-10-16,Não Convertido,,0.0,Desconhecido,Nigeria
170904,Google Ads,2024-10-17,Não Convertido,,0.0,Moderado,France
170905,YouTube Ads,2024-10-16,Não Convertido,,0.0,Moderado,Belize
170906,YouTube Ads,2024-10-18,Não Convertido,,0.0,Moderado,Iran
170907,Facebook,2024-10-16,Não Convertido,,0.0,Agressivo,Lao People's Democratic Republic
170908,YouTube Ads,2024-10-17,Não Convertido,,0.0,Desconhecido,New Zealand
170909,Instagram,2024-10-16,Não Convertido,,0.0,Agressivo,Cape Verde
170910,Facebook,2024-10-17,Não Convertido,,0.0,Moderado,Latvia
170911,E-mail Marketing,2024-10-18,Não Convertido,,0.0,Moderado,Romania
170912,Orgânico,2024-10-14,Não Convertido,,0.0,Agressivo,Turkmenistan
170913,Indicação,2024-10-15,Não Convertido,,0.0,Conservador,Iraq
170914,E-mail Marketing,2024-10-16,Não Convertido,,0.0,Agressivo,Latvia
170915,Orgânico,2024-10-17,Não Convertido,,0.0,Moderado,Grenada
170916,Instagram,2024-10-16,Não Convertido,,0.0,Agressivo,Uganda
170917,Instagram,2024-10-19,Não Convertido,,0.0,Moderado,Belize
170918,E-mail Marketing,2024-10-15,Não Convertido,,0.0,Moderado,Djibouti
170919,Google Ads,2024-10-18,Não Convertido,,0.0,Conservador,Burkina Faso
170920,Orgânico,2024-10-18,Não Convertido,,0.0,Agressivo,Niue
170921,WhatsApp,2024-10-15,Não Convertido,,0.0,Agressivo,Isle of Man
170922,TikTok,2024-10-15,Não Convertido,,0.0,Agressivo,North Macedonia
170923,E-mail Marketing,2024-10-18,Não Convertido,,0.0,Conservador,Morocco
170924,Indicação,2024-10-18,Não Convertido,,0.0,Moderado,Bosnia and Herzegovina
170925,Instagram,2024-10-15,Não Convertido,,0.0,Agressivo,Libyan Arab Jamahiriya
170926,Orgânico,2024-10-17,Não Convertido,,0.0,Agressivo,Costa Rica
170927,TikTok,2024-10-16,Convertido,20.0,5787.66,Moderado,Cuba
170928,YouTube Ads,2024-10-19,Não Convertido,,0.0,Moderado,Ukraine
170929,Indicação,2024-10-19,Não Convertido,,0.0,Conservador,Liberia
170930,E-mail Marketing,2024-10-16,Não Convertido,,0.0,Conservador,Rwanda
170931,Indicação,2024-10-14,Não Convertido,,0.0,Moderado,Isle of Man
170932,Orgânico,2024-10-16,Não Convertido,,0.0,Desconhecido,Palestinian Territory
170933,Instagram,2024-10-15,Não Convertido,,0.0,Desconhecido,Jordan
170934,TikTok,2024-10-19,Não Convertido,,0.0,Moderado,Heard Island and McDonald Islands
170935,E-mail Marketing,2024-10-17,Não Convertido,,0.0,Conservador,Belize
170936,Indicação,2024-10-17,Não Convertido,,0.0,Moderado,Lebanon
170937,E-mail Marketing,2024-10-15,Não Convertido,,0.0,Moderado,Paraguay
170938,Google Ads,2024-10-17,Não Convertido,,0.0,Moderado,Honduras
170939,E-mail Marketing,2024-10-18,Não Convertido,,0.0,Moderado,Saint Kitts and Nevis
170940,YouTube Ads,2024-10-18,Não Convertido,,0.0,Agressivo,Botswana
170941,TikTok,2024-10-15,Não Convertido,,0.0,Desconhecido,Malaysia
170942,TikTok,2024-10-16,Não Convertido,,0.0,Moderado,Antarctica (the territory South of 60 deg S)
170943,Facebook,2024-10-16,Não Convertido,,0.0,Moderado,Georgia
170944,E-mail Marketing,2024-10-19,Não Convertido,,0.0,Agressivo,Australia
170945,TikTok,2024-10-16,Não Convertido,,0.0,Moderado,Slovenia
170946,Google Ads,2024-10-17,Não Convertido,,0.0,Moderado,Faroe Islands
170947,WhatsApp,2024-10-15,Não Convertido,,0.0,Agressivo,Guatemala
170948,TikTok,2024-10-18,Não Convertido,,0.0,Agressivo,Japan
170949,YouTube Ads,2024-10-19,Não Convertido,,0.0,Desconhecido,Brazil
170950,TikTok,2024-10-17,Não Convertido,,0.0,Moderado,Mayotte
170951,Facebook,2024-10-15,Não Convertido,,0.0,Moderado,Albania
170952,WhatsApp,2024-10-16,Não Convertido,,0.0,Agressivo,Egypt
170953,TikTok,2024-10-16,Não Convertido,,0.0,Moderado,Ghana
170954,Facebook,2024-10-15,Não Convertido,,0.0,Moderado,Barbados
170955,Google Ads,2024-10-17,Não Convertido,,0.0,Conservador,Antarctica (the territory South of 60 deg S)
170956,Orgânico,2024-10-17,Não Convertido,,0.0,Moderado,Liechtenstein
170957,Instagram,2024-10-18,Não Convertido,,0.0,Conservador,Netherlands Antilles
170958,TikTok,2024-10-14,Não Convertido,,0.0,Conservador,Fiji
170959,E-mail Marketing,2024-10-18,Não Convertido,,0.0,Moderado,Samoa
170960,Instagram,2024-10-17,Não Convertido,,0.0,Agressivo,Korea
170961,Instagram,2024-10-15,Não Convertido,,0.0,Moderado,Seychelles
170962,Instagram,2024-10-17,Convertido,17.0,2556.35,Conservador,Fiji
170963,TikTok,2024-10-16,Não Convertido,,0.0,Moderado,Suriname
170964,Orgânico,2024-10-14,Não Convertido,,0.0,Agressivo,Central African Republic
170965,Orgânico,2024-10-18,Não Convertido,,0.0,Desconhecido,Dominican Republic
170966,Facebook,2024-10-14,Não Convertido,,0.0,Agressivo,Philippines
170967,YouTube Ads,2024-10-14,Não Convertido,,0.0,Agressivo,Kiribati
170968,E-mail Marketing,2024-10-14,Não Convertido,,0.0,Moderado,Trinidad and Tobago
170969,Google Ads,2024-10-16,Não Convertido,,0.0,Agressivo,Estonia
170970,E-mail Marketing,2024-10-16,Não Convertido,,0.0,Desconhecido,Holy See (Vatican City State)
170971,Facebook,2024-10-15,Não Convertido,,0.0,Moderado,Moldova
170972,Orgânico,2024-10-16,Não Convertido,,0.0,Desconhecido,Zambia
170973,E-mail Marketing,2024-10-19,Não Convertido,,0.0,Conservador,United States of America
170974,Facebook,2024-10-14,Não Convertido,,0.0,Desconhecido,Portugal
170975,Instagram,2024-10-14,Não Convertido,,0.0,Conservador,Montenegro
170976,E-mail Marketing,2024-10-15,Não Convertido,,0.0,Agressivo,Tajikistan
170977,TikTok,2024-10-17,Não Convertido,,0.0,Agressivo,Ecuador
170978,WhatsApp,2024-10-14,Não Convertido,,0.0,Moderado,Belgium
170979,TikTok,2024-10-19,Não Convertido,,0.0,Conservador,Ecuador
170980,Instagram,2024-10-15,Não Convertido,,0.0,Agressivo,Cyprus
170981,Orgânico,2024-10-17,Não Convertido,,0.0,Moderado,Paraguay
170982,WhatsApp,2024-10-18,Não Convertido,,0.0,Desconhecido,Taiwan
170983,TikTok,2024-10-16,Não Convertido,,0.0,Moderado,Sri Lanka
170984,Orgânico,2024-10-15,Não Convertido,,0.0,Conservador,Saudi Arabia
170985,Instagram,2024-10-16,Convertido,14.0,1324.39,Agressivo,Azerbaijan
170986,Orgânico,2024-10-19,Não Convertido,,0.0,Moderado,Italy
170987,Indicação,2024-10-18,Não Convertido,,0.0,Moderado,Bolivia
170988,E-mail Marketing,2024-10-16,Não Convertido,,0.0,Agressivo,Trinidad and Tobago
170989,Indicação,2024-10-18,Não Convertido,,0.0,Agressivo,Senegal
170990,Instagram,2024-10-15,Não Convertido,,0.0,Desconhecido,Greenland
170991,Facebook,2024-10-17,Não Convertido,,0.0,Moderado,Bermuda
170992,WhatsApp,2024-10-16,Não Convertido,,0.0,Moderado,Greece
170993,YouTube Ads,2024-10-19,Convertido,9.0,5357.51,Moderado,Andorra
170994,E-mail Marketing,2024-10-19,Não Convertido,,0.0,Conservador,Chile
170995,WhatsApp,2024-10-19,Não Convertido,,0.0,Agressivo,Falkland Islands (Malvinas)
170996,Indicação,2024-10-16,Não Convertido,,0.0,Conservador,Guam
170997,Facebook,2024-10-14,Não Convertido,,0.0,Moderado,French Polynesia
170998,E-mail Marketing,2024-10-17,Não Convertido,,0.0,Moderado,Estonia
170999,Facebook,2024-10-14,Não Convertido,,0.0,Moderado,Bangladesh
171000,Orgânico,2024-10-19,Não Convertido,,0.0,Conservador,Greece
171001,Instagram,2024-10-16,Não Convertido,,0.0,Conservador,Gambia
171002,Instagram,2024-10-17,Não Convertido,,0.0,Moderado,Georgia
171003,Facebook,2024-10-17,Não Convertido,,0.0,Agressivo,Uganda
171004,WhatsApp,2024-10-15,Não Convertido,,0.0,Moderado,Gabon
171005,E-mail Marketing,2024-10-15,Não Convertido,,0.0,Desconhecido,Cook Islands
171006,TikTok,2024-10-18,Não Convertido,,0.0,Agressivo,Costa Rica
171007,Indicação,2024-10-19,Não Convertido,,0.0,Desconhecido,Cambodia
171008,Orgânico,2024-10-16,Não Convertido,,0.0,Desconhecido,Guinea-Bissau
171009,WhatsApp,2024-10-16,Não Convertido,,0.0,Conservador,Korea
171010,Google Ads,2024-10-19,Não Convertido,,0.0,Agressivo,Mongolia
171011,TikTok,2024-10-14,Não Convertido,,0.0,Conservador,Myanmar
171012,TikTok,2024-10-17,Não Convertido,,0.0,Moderado,Mexico
171013,Google Ads,2024-10-17,Não Convertido,,0.0,Agressivo,United States Minor Outlying Islands
171014,WhatsApp,2024-10-16,Não Convertido,,0.0,Conservador,Japan
171015,Orgânico,2024-10-15,Não Convertido,,0.0,Desconhecido,Croatia
171016,E-mail Marketing,2024-10-16,Não Convertido,,0.0,Moderado,Saint Vincent and the Grenadines
171017,Facebook,2024-10-17,Não Convertido,,0.0,Desconhecido,Lesotho
171018,TikTok,2024-10-18,Não Convertido,,0.0,Agressivo,Cyprus
171019,Instagram,2024-10-17,Não Convertido,,0.0,Conservador,Australia
171020,TikTok,2024-10-18,Não Convertido,,0.0,Moderado,Maldives
171021,Instagram,2024-10-15,Não Convertido,,0.0,Agressivo,Holy See (Vatican City State)
171022,E-mail Marketing,2024-10-19,Não Convertido,,0.0,Conservador,British Virgin Islands
171023,Instagram,2024-10-19,Convertido,13.0,3725.09,Moderado,Norway
171024,YouTube Ads,2024-10-18,Convertido,27.0,3489.58,Agressivo,United States of America
171025,Instagram,2024-10-15,Convertido,6.0,3583.01,Agressivo,Benin
171026,YouTube Ads,2024-10-14,Não Convertido,,0.0,Moderado,Brazil
171027,E-mail Marketing,2024-10-19,Não Convertido,,0.0,Agressivo,Latvia
171028,Instagram,2024-10-19,Não Convertido,,0.0,Agressivo,Pakistan
171029,E-mail Marketing,2024-10-19,Não Convertido,,0.0,Moderado,Saint Kitts and Nevis
171030,Instagram,2024-10-16,Não Convertido,,0.0,Conservador,Liberia
171031,Orgânico,2024-10-15,Não Convertido,,0.0,Agressivo,Bolivia
171032,Facebook,2024-10-14,Não Convertido,,0.0,Agressivo,United States of America
171033,Orgânico,2024-10-15,Não Convertido,,0.0,Desconhecido,Mauritius
171034,Instagram,2024-10-16,Não Convertido,,0.0,Agressivo,Saint Martin
171035,Instagram,2024-10-18,Não Convertido,,0.0,Agressivo,Western Sahara
171036,YouTube Ads,2024-10-15,Não Convertido,,0.0,Desconhecido,Iran
171037,TikTok,2024-10-14,Não Convertido,,0.0,Conservador,Zambia
171038,Instagram,2024-10-18,Não Convertido,,0.0,Conservador,Afghanistan
171039,Facebook,2024-10-16,Não Convertido,,0.0,Agressivo,French Polynesia
171040,Orgânico,2024-10-16,Convertido,19.0,6614.54,Moderado,Switzerland
171041,Orgânico,2024-10-14,Convertido,19.0,348.59,Moderado,Singapore
171042,E-mail Marketing,2024-10-19,Não Convertido,,0.0,Moderado,Peru
171043,TikTok,2024-10-14,Convertido,21.0,7057.09,Agressivo,Singapore
171044,WhatsApp,2024-10-19,Não Convertido,,0.0,Agressivo,Jordan
171045,YouTube Ads,2024-10-15,Não Convertido,,0.0,Moderado,Taiwan
171046,E-mail Marketing,2024-10-18,Não Convertido,,0.0,Agressivo,Pitcairn Islands
171047,E-mail Marketing,2024-10-17,Não Convertido,,0.0,Moderado,Somalia
171048,Google Ads,2024-10-18,Não Convertido,,0.0,Agressivo,Djibouti
171049,E-mail Marketing,2024-10-17,Não Convertido,,0.0,Moderado,Nigeria
171050,E-mail Marketing,2024-10-17,Não Convertido,,0.0,Moderado,American Samoa
171051,TikTok,2024-10-15,Convertido,26.0,7842.15,Moderado,Belarus
171052,YouTube Ads,2024-10-14,Não Convertido,,0.0,Moderado,France
171053,Indicação,2024-10-15,Não Convertido,,0.0,Agressivo,Albania
171054,TikTok,2024-10-18,Não Convertido,,0.0,Desconhecido,Taiwan
171055,YouTube Ads,2024-10-18,Convertido,14.0,6917.87,Moderado,Bulgaria
171056,YouTube Ads,2024-10-17,Não Convertido,,0.0,Moderado,Guam
171057,Instagram,2024-10-18,Não Convertido,,0.0,Moderado,Tanzania
171058,Facebook,2024-10-19,Não Convertido,,0.0,Agressivo,Suriname
171059,Google Ads,2024-10-17,Não Convertido,,0.0,Moderado,Bahrain
171060,E-mail Marketing,2024-10-19,Não Convertido,,0.0,Conservador,Turkmenistan
171061,YouTube Ads,2024-10-18,Não Convertido,,0.0,Desconhecido,Algeria
171062,TikTok,2024-10-14,Não Convertido,,0.0,Moderado,Mayotte
171063,TikTok,2024-10-19,Não Convertido,,0.0,Moderado,Croatia
171064,Instagram,2024-10-16,Não Convertido,,0.0,Moderado,Togo
171065,Instagram,2024-10-15,Não Convertido,,0.0,Moderado,Nigeria
171066,Google Ads,2024-10-18,Não Convertido,,0.0,Moderado,China
171067,Orgânico,2024-10-14,Não Convertido,,0.0,Moderado,Malta
171068,WhatsApp,2024-10-16,Não Convertido,,0.0,Moderado,Saint Pierre and Miquelon
171069,E-mail Marketing,2024-10-14,Não Convertido,,0.0,Agressivo,Iraq
171070,E-mail Marketing,2024-10-15,Não Convertido,,0.0,Moderado,Greenland
171071,Instagram,2024-10-15,Não Convertido,,0.0,Agressivo,Isle of Man
171072,Facebook,2024-10-15,Não Convertido,,0.0,Agressivo,Guinea
171073,WhatsApp,2024-10-14,Não Convertido,,0.0,Conservador,Mauritania
171074,Orgânico,2024-10-17,Não Convertido,,0.0,Moderado,United States of America
171075,Instagram,2024-10-18,Não Convertido,,0.0,Agressivo,British Indian Ocean Territory (Chagos Archipelago)
171076,Facebook,2024-10-19,Não Convertido,,0.0,Moderado,Italy
171077,Instagram,2024-10-19,Não Convertido,,0.0,Moderado,Liechtenstein
171078,Instagram,2024-10-18,Convertido,28.0,307.52,Desconhecido,Mozambique
171079,Orgânico,2024-10-18,Não Convertido,,0.0,Desconhecido,Ecuador
171080,Facebook,2024-10-17,Não Convertido,,0.0,Desconhecido,Guyana
171081,TikTok,2024-10-19,Não Convertido,,0.0,Conservador,Cameroon
171082,Google Ads,2024-10-16,Não Convertido,,0.0,Conservador,Kuwait
171083,TikTok,2024-10-19,Não Convertido,,0.0,Conservador,Costa Rica
171084,Orgânico,2024-10-16,Não Convertido,,0.0,Moderado,United Kingdom
171085,E-mail Marketing,2024-10-18,Não Convertido,,0.0,Agressivo,Saint Barthelemy
171086,E-mail Marketing,2024-10-15,Não Convertido,,0.0,Moderado,Greenland
171087,Orgânico,2024-10-14,Não Convertido,,0.0,Conservador,Korea
171088,TikTok,2024-10-19,Não Convertido,,0.0,Agressivo,Guadeloupe
171089,Google Ads,2024-10-18,Não Convertido,,0.0,Conservador,Timor-Leste
171090,TikTok,2024-10-16,Não Convertido,,0.0,Agressivo,Wallis and Futuna
171091,Instagram,2024-10-16,Não Convertido,,0.0,Agressivo,Spain
171092,Facebook,2024-10-15,Não Convertido,,0.0,Conservador,Mozambique
171093,E-mail Marketing,2024-10-18,Não Convertido,,0.0,Agressivo,North Macedonia
171094,TikTok,2024-10-19,Não Convertido,,0.0,Desconhecido,Tuvalu
171095,Indicação,2024-10-16,Não Convertido,,0.0,Moderado,Sudan
171096,Instagram,2024-10-18,Não Convertido,,0.0,Agressivo,Myanmar
171097,Orgânico,2024-10-19,Não Convertido,,0.0,Conservador,Seychelles
171098,Facebook,2024-10-17,Não Convertido,,0.0,Agressivo,Slovakia (Slovak Republic)
171099,Google Ads,2024-10-19,Não Convertido,,0.0,Moderado,Fiji
171100,WhatsApp,2024-10-14,Não Convertido,,0.0,Agressivo,Iraq
171101,Indicação,2024-10-14,Convertido,10.0,8163.81,Moderado,Lithuania
171102,YouTube Ads,2024-10-15,Não Convertido,,0.0,Moderado,Colombia
171103,YouTube Ads,2024-10-15,Não Convertido,,0.0,Moderado,Cyprus
171104,Instagram,2024-10-18,Convertido,27.0,3219.66,Agressivo,Mauritania
171105,Instagram,2024-10-18,Não Convertido,,0.0,Agressivo,India
171106,Google Ads,2024-10-14,Não Convertido,,0.0,Moderado,Argentina
171107,E-mail Marketing,2024-10-16,Não Convertido,,0.0,Agressivo,New Zealand
171108,Orgânico,2024-10-19,Não Convertido,,0.0,Desconhecido,Canada
171109,Facebook,2024-10-18,Não Convertido,,0.0,Moderado,Netherlands Antilles
171110,Instagram,2024-10-19,Não Convertido,,0.0,Agressivo,Saint Pierre and Miquelon
171111,Instagram,2024-10-15,Não Convertido,,0.0,Agressivo,Slovakia (Slovak Republic)
171112,E-mail Marketing,2024-10-18,Convertido,16.0,9347.66,Moderado,Philippines
171113,Orgânico,2024-10-17,Não Convertido,,0.0,Desconhecido,Montserrat
171114,Orgânico,2024-10-19,Não Convertido,,0.0,Moderado,Malta
171115,Facebook,2024-10-17,Não Convertido,,0.0,Agressivo,Comoros
171116,YouTube Ads,2024-10-18,Não Convertido,,0.0,Moderado,Kiribati
171117,Facebook,2024-10-15,Não Convertido,,0.0,Agressivo,Seychelles
171118,Orgânico,2024-10-15,Não Convertido,,0.0,Moderado,Mauritius
171119,Orgânico,2024-10-17,Não Convertido,,0.0,Moderado,French Polynesia
171120,TikTok,2024-10-16,Não Convertido,,0.0,Agressivo,Saudi Arabia
171121,Google Ads,2024-10-15,Não Convertido,,0.0,Moderado,Ethiopia
171122,Orgânico,2024-10-18,Não Convertido,,0.0,Agressivo,Sweden
171123,Facebook,2024-10-15,Não Convertido,,0.0,Moderado,Guyana
171124,Google Ads,2024-10-16,Não Convertido,,0.0,Moderado,Papua New Guinea
171125,Google Ads,2024-10-17,Não Convertido,,0.0,Conservador,China
171126,Indicação,2024-10-14,Não Convertido,,0.0,Agressivo,Falkland Islands (Malvinas)
171127,TikTok,2024-10-17,Convertido,23.0,9204.93,Desconhecido,Venezuela
171128,Orgânico,2024-10-18,Não Convertido,,0.0,Conservador,Turkey
171129,E-mail Marketing,2024-10-16,Não Convertido,,0.0,Moderado,Austria
171130,WhatsApp,2024-10-19,Não Convertido,,0.0,Moderado,Uzbekistan
171131,WhatsApp,2024-10-19,Não Convertido,,0.0,Conservador,Sudan
171132,WhatsApp,2024-10-14,Não Convertido,,0.0,Agressivo,Peru
171133,YouTube Ads,2024-10-18,Não Convertido,,0.0,Conservador,Togo
171134,Facebook,2024-10-17,Não Convertido,,0.0,Agressivo,Italy
171135,TikTok,2024-10-14,Não Convertido,,0.0,Conservador,Kazakhstan
171136,Google Ads,2024-10-17,Não Convertido,,0.0,Agressivo,Reunion
171137,E-mail Marketing,2024-10-14,Não Convertido,,0.0,Agressivo,Suriname
171138,Google Ads,2024-10-17,Não Convertido,,0.0,Moderado,Saint Lucia
171139,E-mail Marketing,2024-10-19,Não Convertido,,0.0,Moderado,Lithuania
171140,Instagram,2024-10-17,Não Convertido,,0.0,Conservador,Netherlands Antilles
171141,Instagram,2024-10-15,Não Convertido,,0.0,Agressivo,Mali
171142,TikTok,2024-10-16,Não Convertido,,0.0,Agressivo,Kiribati
171143,Instagram,2024-10-15,Não Convertido,,0.0,Moderado,Bolivia
171144,Orgânico,2024-10-16,Não Convertido,,0.0,Moderado,Afghanistan
171145,TikTok,2024-10-18,Não Convertido,,0.0,Conservador,Finland
171146,WhatsApp,2024-10-18,Não Convertido,,0.0,Conservador,Saudi Arabia
171147,TikTok,2024-10-14,Não Convertido,,0.0,Conservador,Cyprus
171148,TikTok,2024-10-15,Não Convertido,,0.0,Agressivo,Namibia
171149,YouTube Ads,2024-10-17,Não Convertido,,0.0,Conservador,Cook Islands
171150,E-mail Marketing,2024-10-19,Não Convertido,,0.0,Agressivo,Slovakia (Slovak Republic)
171151,Orgânico,2024-10-17,Não Convertido,,0.0,Moderado,Thailand
171152,TikTok,2024-10-19,Não Convertido,,0.0,Moderado,Micronesia
171153,Facebook,2024-10-18,Não Convertido,,0.0,Moderado,Syrian Arab Republic
171154,WhatsApp,2024-10-17,Não Convertido,,0.0,Moderado,Cook Islands
171155,Orgânico,2024-10-16,Não Convertido,,0.0,Desconhecido,Palau
171156,Instagram,2024-10-14,Não Convertido,,0.0,Agressivo,Pakistan
171157,Instagram,2024-10-14,Não Convertido,,0.0,Conservador,Sweden
171158,Instagram,2024-10-14,Não Convertido,,0.0,Agressivo,Grenada
171159,WhatsApp,2024-10-14,Não Convertido,,0.0,Conservador,Chile
171160,Instagram,2024-10-18,Convertido,24.0,5982.08,Conservador,Saint Vincent and the Grenadines
171161,YouTube Ads,2024-10-14,Não Convertido,,0.0,Conservador,Afghanistan
171162,Instagram,2024-10-17,Não Convertido,,0.0,Moderado,San Marino
171163,Orgânico,2024-10-19,Não Convertido,,0.0,Conservador,Zambia
171164,Orgânico,2024-10-17,Não Convertido,,0.0,Agressivo,Lebanon
171165,Orgânico,2024-10-19,Não Convertido,,0.0,Agressivo,Serbia
171166,YouTube Ads,2024-10-18,Não Convertido,,0.0,Agressivo,Tanzania
171167,Orgânico,2024-10-17,Não Convertido,,0.0,Conservador,Taiwan
171168,E-mail Marketing,2024-10-15,Não Convertido,,0.0,Conservador,Spain
171169,YouTube Ads,2024-10-18,Não Convertido,,0.0,Agressivo,Kazakhstan
171170,Orgânico,2024-10-16,Não Convertido,,0.0,Moderado,Tajikistan
171171,Instagram,2024-10-14,Não Convertido,,0.0,Agressivo,Solomon Islands
171172,Facebook,2024-10-15,Não Convertido,,0.0,Desconhecido,Solomon Islands
171173,Instagram,2024-10-19,Não Convertido,,0.0,Moderado,El Salvador
171174,TikTok,2024-10-14,Não Convertido,,0.0,Agressivo,Uganda
171175,Google Ads,2024-10-16,Não Convertido,,0.0,Agressivo,Saudi Arabia
171176,Orgânico,2024-10-14,Não Convertido,,0.0,Moderado,Mauritania
171177,Orgânico,2024-10-18,Não Convertido,,0.0,Moderado,American Samoa
171178,Orgânico,2024-10-16,Não Convertido,,0.0,Agressivo,Moldova
171179,WhatsApp,2024-10-14,Não Convertido,,0.0,Conservador,Mauritius
171180,Facebook,2024-10-18,Não Convertido,,0.0,Moderado,Micronesia
171181,Instagram,2024-10-14,Não Convertido,,0.0,Moderado,Gibraltar
171182,YouTube Ads,2024-10-17,Não Convertido,,0.0,Desconhecido,Somalia
171183,TikTok,2024-10-15,Não Convertido,,0.0,Agressivo,Sao Tome and Principe
171184,Google Ads,2024-10-14,Não Convertido,,0.0,Agressivo,Georgia
171185,Google Ads,2024-10-18,Não Convertido,,0.0,Conservador,Northern Mariana Islands
171186,E-mail Marketing,2024-10-14,Não Convertido,,0.0,Conservador,Paraguay
171187,Orgânico,2024-10-16,Não Convertido,,0.0,Moderado,Cameroon
171188,Instagram,2024-10-16,Não Convertido,,0.0,Agressivo,Bahrain
171189,WhatsApp,2024-10-17,Não Convertido,,0.0,Conservador,Greenland
171190,Facebook,2024-10-19,Não Convertido,,0.0,Agressivo,Guinea
171191,E-mail Marketing,2024-10-15,Não Convertido,,0.0,Agressivo,Ireland
171192,Instagram,2024-10-19,Não Convertido,,0.0,Moderado,Ecuador
171193,Facebook,2024-10-17,Não Convertido,,0.0,Conservador,Guinea
171194,TikTok,2024-10-14,Não Convertido,,0.0,Desconhecido,El Salvador
171195,Facebook,2024-10-16,Não Convertido,,0.0,Moderado,Pitcairn Islands
171196,Indicação,2024-10-19,Não Convertido,,0.0,Desconhecido,Jordan
171197,Orgânico,2024-10-14,Não Convertido,,0.0,Moderado,Romania
171198,TikTok,2024-10-16,Não Convertido,,0.0,Moderado,Suriname
171199,TikTok,2024-10-15,Não Convertido,,0.0,Moderado,Micronesia
171200,Instagram,2024-10-19,Não Convertido,,0.0,Moderado,Albania
171201,Facebook,2024-10-15,Não Convertido,,0.0,Desconhecido,Marshall Islands
171202,WhatsApp,2024-10-15,Não Convertido,,0.0,Desconhecido,Peru
171203,Facebook,2024-10-18,Não Convertido,,0.0,Agressivo,India
171204,E-mail Marketing,2024-10-19,Não Convertido,,0.0,Desconhecido,Bermuda
171205,E-mail Marketing,2024-10-14,Não Convertido,,0.0,Agressivo,Svalbard & Jan Mayen Islands
171206,Google Ads,2024-10-17,Não Convertido,,0.0,Moderado,Korea
171207,Facebook,2024-10-17,Convertido,13.0,8089.87,Moderado,Cook Islands
171208,Facebook,2024-10-17,Não Convertido,,0.0,Moderado,Bermuda
171209,Orgânico,2024-10-19,Não Convertido,,0.0,Moderado,Turkey
171210,Google Ads,2024-10-15,Não Convertido,,0.0,Conservador,Portugal
171211,Orgânico,2024-10-16,Não Convertido,,0.0,Conservador,Barbados
171212,TikTok,2024-10-14,Não Convertido,,0.0,Conservador,Ukraine
171213,Instagram,2024-10-18,Não Convertido,,0.0,Agressivo,Ethiopia
171214,E-mail Marketing,2024-10-17,Convertido,24.0,8295.37,Moderado,Cyprus
171215,Instagram,2024-10-15,Não Convertido,,0.0,Agressivo,New Zealand
171216,Indicação,2024-10-14,Não Convertido,,0.0,Moderado,Russian Federation
171217,TikTok,2024-10-18,Não Convertido,,0.0,Conservador,Romania
171218,Orgânico,2024-10-19,Não Convertido,,0.0,Agressivo,Latvia
171219,E-mail Marketing,2024-10-14,Não Convertido,,0.0,Agressivo,Bahrain
171220,Google Ads,2024-10-18,Não Convertido,,0.0,Agressivo,Netherlands Antilles
171221,Google Ads,2024-10-16,Não Convertido,,0.0,Moderado,Cambodia
171222,Instagram,2024-10-14,Não Convertido,,0.0,Agressivo,Namibia
171223,Orgânico,2024-10-19,Não Convertido,,0.0,Agressivo,Honduras
171224,E-mail Marketing,2024-10-16,Não Convertido,,0.0,Moderado,North Macedonia
171225,YouTube Ads,2024-10-14,Não Convertido,,0.0,Moderado,Equatorial Guinea
171226,Indicação,2024-10-15,Não Convertido,,0.0,Moderado,Mongolia
171227,E-mail Marketing,2024-10-18,Não Convertido,,0.0,Moderado,Niue
171228,TikTok,2024-10-14,Não Convertido,,0.0,Conservador,Heard Island and McDonald Islands
171229,Google Ads,2024-10-18,Não Convertido,,0.0,Moderado,Mozambique
171230,Instagram,2024-10-18,Não Convertido,,0.0,Moderado,Fiji
171231,E-mail Marketing,2024-10-15,Não Convertido,,0.0,Moderado,Benin
171232,Google Ads,2024-10-15,Não Convertido,,0.0,Desconhecido,Costa Rica
171233,E-mail Marketing,2024-10-14,Não Convertido,,0.0,Moderado,Finland
171234,YouTube Ads,2024-10-15,Não Convertido,,0.0,Agressivo,Guam
171235,WhatsApp,2024-10-15,Não Convertido,,0.0,Moderado,Australia
171236,TikTok,2024-10-17,Não Convertido,,0.0,Agressivo,Barbados
171237,E-mail Marketing,2024-10-14,Não Convertido,,0.0,Moderado,Cook Islands
171238,TikTok,2024-10-15,Não Convertido,,0.0,Moderado,Chile
171239,TikTok,2024-10-19,Não Convertido,,0.0,Agressivo,Belarus
171240,TikTok,2024-10-18,Não Convertido,,0.0,Agressivo,Cameroon
171241,Google Ads,2024-10-15,Não Convertido,,0.0,Moderado,Sweden
171242,Instagram,2024-10-19,Não Convertido,,0.0,Agressivo,Montserrat
171243,Instagram,2024-10-14,Não Convertido,,0.0,Conservador,Wallis and Futuna
171244,WhatsApp,2024-10-15,Não Convertido,,0.0,Conservador,Guatemala
171245,TikTok,2024-10-18,Não Convertido,,0.0,Desconhecido,Martinique
171246,E-mail Marketing,2024-10-14,Não Convertido,,0.0,Moderado,Aruba
171247,TikTok,2024-10-19,Não Convertido,,0.0,Moderado,Gabon
171248,YouTube Ads,2024-10-16,Não Convertido,,0.0,Moderado,Slovakia (Slovak Republic)
171249,Orgânico,2024-10-19,Não Convertido,,0.0,Moderado,Luxembourg
171250,Instagram,2024-10-16,Não Convertido,,0.0,Moderado,Tokelau
171251,Indicação,2024-10-18,Não Convertido,,0.0,Conservador,Panama
171252,Instagram,2024-10-16,Não Convertido,,0.0,Moderado,Zambia
171253,Orgânico,2024-10-17,Não Convertido,,0.0,Moderado,Tonga
171254,E-mail Marketing,2024-10-19,Não Convertido,,0.0,Agressivo,Rwanda
171255,YouTube Ads,2024-10-17,Não Convertido,,0.0,Agressivo,Saint Barthelemy
171256,Facebook,2024-10-15,Não Convertido,,0.0,Agressivo,Saint Vincent and the Grenadines
171257,E-mail Marketing,2024-10-16,Não Convertido,,0.0,Agressivo,Djibouti
171258,Orgânico,2024-10-18,Não Convertido,,0.0,Conservador,American Samoa
171259,Facebook,2024-10-18,Não Convertido,,0.0,Conservador,Oman
171260,Google Ads,2024-10-19,Não Convertido,,0.0,Moderado,American Samoa
171261,TikTok,2024-10-15,Não Convertido,,0.0,Conservador,Brunei Darussalam
171262,Orgânico,2024-10-15,Não Convertido,,0.0,Moderado,Uzbekistan
171263,WhatsApp,2024-10-19,Não Convertido,,0.0,Moderado,Reunion
171264,Instagram,2024-10-19,Não Convertido,,0.0,Agressivo,Suriname
171265,E-mail Marketing,2024-10-14,Não Convertido,,0.0,Agressivo,Armenia
171266,E-mail Marketing,2024-10-18,Não Convertido,,0.0,Conservador,Italy
171267,Orgânico,2024-10-19,Não Convertido,,0.0,Agressivo,Falkland Islands (Malvinas)
171268,Facebook,2024-10-18,Não Convertido,,0.0,Moderado,Botswana
171269,WhatsApp,2024-10-19,Não Convertido,,0.0,Conservador,Barbados
171270,E-mail Marketing,2024-10-15,Não Convertido,,0.0,Conservador,Guinea
171271,Facebook,2024-10-19,Não Convertido,,0.0,Conservador,Tonga
171272,TikTok,2024-10-14,Não Convertido,,0.0,Agressivo,Bhutan
171273,Google Ads,2024-10-18,Não Convertido,,0.0,Desconhecido,Argentina
171274,TikTok,2024-10-14,Convertido,0.0,5645.68,Conservador,Luxembourg
171275,Instagram,2024-10-19,Não Convertido,,0.0,Conservador,Cameroon
171276,Indicação,2024-10-14,Não Convertido,,0.0,Agressivo,Congo
171277,Facebook,2024-10-15,Não Convertido,,0.0,Conservador,Burkina Faso
171278,Orgânico,2024-10-17,Não Convertido,,0.0,Moderado,Germany
171279,Google Ads,2024-10-16,Não Convertido,,0.0,Conservador,Austria
171280,Orgânico,2024-10-18,Não Convertido,,0.0,Desconhecido,Uganda
171281,WhatsApp,2024-10-18,Não Convertido,,0.0,Conservador,Sweden
171282,TikTok,2024-10-15,Não Convertido,,0.0,Moderado,Singapore
171283,Instagram,2024-10-14,Não Convertido,,0.0,Conservador,Gambia
171284,TikTok,2024-10-17,Não Convertido,,0.0,Agressivo,China
171285,Orgânico,2024-10-17,Não Convertido,,0.0,Conservador,Mayotte
171286,Facebook,2024-10-15,Não Convertido,,0.0,Conservador,Heard Island and McDonald Islands
171287,Facebook,2024-10-18,Não Convertido,,0.0,Agressivo,Guadeloupe
171288,Orgânico,2024-10-14,Não Convertido,,0.0,Conservador,South Georgia and the South Sandwich Islands
171289,TikTok,2024-10-18,Não Convertido,,0.0,Conservador,Saint Pierre and Miquelon
171290,Orgânico,2024-10-18,Não Convertido,,0.0,Moderado,Guam
171291,Orgânico,2024-10-15,Não Convertido,,0.0,Moderado,Papua New Guinea
171292,Facebook,2024-10-19,Não Convertido,,0.0,Moderado,Sweden
171293,Orgânico,2024-10-14,Não Convertido,,0.0,Agressivo,Papua New Guinea
171294,Instagram,2024-10-16,Não Convertido,,0.0,Moderado,United States Minor Outlying Islands
171295,TikTok,2024-10-16,Não Convertido,,0.0,Moderado,Cook Islands
171296,E-mail Marketing,2024-10-17,Não Convertido,,0.0,Agressivo,British Virgin Islands
171297,Orgânico,2024-10-17,Não Convertido,,0.0,Conservador,Western Sahara
171298,WhatsApp,2024-10-14,Não Convertido,,0.0,Desconhecido,Trinidad and Tobago
171299,Orgânico,2024-10-15,Não Convertido,,0.0,Desconhecido,Kenya
171300,Google Ads,2024-10-16,Não Convertido,,0.0,Moderado,Brunei Darussalam
171301,YouTube Ads,2024-10-17,Não Convertido,,0.0,Desconhecido,Turkey
171302,Instagram,2024-10-18,Não Convertido,,0.0,Agressivo,Tajikistan
171303,Orgânico,2024-10-18,Convertido,22.0,1976.11,Conservador,Luxembourg
171304,Orgânico,2024-10-15,Não Convertido,,0.0,Desconhecido,Philippines
171305,E-mail Marketing,2024-10-19,Não Convertido,,0.0,Agressivo,British Virgin Islands
171306,E-mail Marketing,2024-10-18,Não Convertido,,0.0,Moderado,Serbia
171307,TikTok,2024-10-15,Não Convertido,,0.0,Moderado,Chad
171308,Orgânico,2024-10-18,Não Convertido,,0.0,Conservador,Rwanda
171309,Orgânico,2024-10-18,Não Convertido,,0.0,Moderado,Syrian Arab Republic
171310,Instagram,2024-10-16,Não Convertido,,0.0,Desconhecido,Ecuador
171311,E-mail Marketing,2024-10-19,Não Convertido,,0.0,Agressivo,Saint Lucia
171312,Google Ads,2024-10-15,Não Convertido,,0.0,Agressivo,Hong Kong
171313,Orgânico,2024-10-19,Não Convertido,,0.0,Moderado,Korea
171314,Instagram,2024-10-15,Não Convertido,,0.0,Moderado,Morocco
171315,YouTube Ads,2024-10-16,Não Convertido,,0.0,Moderado,Sri Lanka
171316,Instagram,2024-10-14,Não Convertido,,0.0,Moderado,Pakistan
171317,Orgânico,2024-10-18,Não Convertido,,0.0,Moderado,Guyana
171318,Instagram,2024-10-14,Não Convertido,,0.0,Moderado,Hong Kong
171319,Indicação,2024-10-15,Não Convertido,,0.0,Agressivo,Gabon
171320,Indicação,2024-10-18,Não Convertido,,0.0,Conservador,Saint Vincent and the Grenadines
171321,Instagram,2024-10-16,Não Convertido,,0.0,Moderado,Tajikistan
171322,Facebook,2024-10-14,Não Convertido,,0.0,Agressivo,Bhutan
171323,YouTube Ads,2024-10-17,Não Convertido,,0.0,Moderado,Romania
171324,YouTube Ads,2024-10-16,Não Convertido,,0.0,Moderado,Slovenia
171325,Google Ads,2024-10-18,Não Convertido,,0.0,Desconhecido,Fiji
171326,Instagram,2024-10-14,Não Convertido,,0.0,Moderado,Uganda
171327,TikTok,2024-10-14,Não Convertido,,0.0,Moderado,Rwanda
171328,Facebook,2024-10-17,Não Convertido,,0.0,Moderado,Sudan
171329,Indicação,2024-10-18,Não Convertido,,0.0,Conservador,Peru
171330,Instagram,2024-10-18,Não Convertido,,0.0,Moderado,South Africa
171331,TikTok,2024-10-14,Não Convertido,,0.0,Moderado,Hong Kong
171332,WhatsApp,2024-10-18,Não Convertido,,0.0,Conservador,Congo
171333,WhatsApp,2024-10-16,Não Convertido,,0.0,Moderado,Bermuda
171334,Facebook,2024-10-15,Não Convertido,,0.0,Agressivo,Timor-Leste
171335,TikTok,2024-10-16,Não Convertido,,0.0,Agressivo,Mali
171336,Orgânico,2024-10-16,Não Convertido,,0.0,Moderado,Greece
171337,Orgânico,2024-10-14,Não Convertido,,0.0,Conservador,Suriname
171338,Instagram,2024-10-17,Não Convertido,,0.0,Agressivo,Saint Vincent and the Grenadines
171339,Google Ads,2024-10-15,Não Convertido,,0.0,Conservador,Turks and Caicos Islands
171340,Orgânico,2024-10-15,Não Convertido,,0.0,Desconhecido,Timor-Leste
171341,Google Ads,2024-10-18,Não Convertido,,0.0,Moderado,Liechtenstein
171342,Orgânico,2024-10-15,Convertido,22.0,521.99,Desconhecido,Kuwait
171343,Instagram,2024-10-14,Convertido,29.0,1919.14,Moderado,Ghana
171344,Instagram,2024-10-18,Não Convertido,,0.0,Moderado,Saint Lucia
171345,TikTok,2024-10-17,Não Convertido,,0.0,Moderado,Saint Vincent and the Grenadines
171346,TikTok,2024-10-19,Não Convertido,,0.0,Moderado,Georgia
171347,Facebook,2024-10-15,Convertido,25.0,5610.65,Moderado,Bermuda
171348,TikTok,2024-10-16,Não Convertido,,0.0,Moderado,Yemen
171349,Indicação,2024-10-19,Não Convertido,,0.0,Conservador,Chad
171350,Facebook,2024-10-17,Não Convertido,,0.0,Conservador,Niue
171351,Instagram,2024-10-15,Não Convertido,,0.0,Conservador,Philippines
171352,Orgânico,2024-10-14,Não Convertido,,0.0,Moderado,Gabon
171353,Indicação,2024-10-15,Não Convertido,,0.0,Moderado,Cape Verde
171354,Orgânico,2024-10-17,Não Convertido,,0.0,Moderado,Panama
171355,YouTube Ads,2024-10-18,Não Convertido,,0.0,Conservador,Denmark
171356,WhatsApp,2024-10-17,Convertido,28.0,8361.6,Moderado,Svalbard & Jan Mayen Islands
171357,Google Ads,2024-10-18,Não Convertido,,0.0,Agressivo,Somalia
171358,Indicação,2024-10-14,Não Convertido,,0.0,Moderado,Montserrat
171359,YouTube Ads,2024-10-18,Não Convertido,,0.0,Agressivo,Sudan
171360,WhatsApp,2024-10-18,Convertido,5.0,1596.8,Moderado,Switzerland
171361,TikTok,2024-10-15,Não Convertido,,0.0,Moderado,Bahrain
171362,Instagram,2024-10-14,Não Convertido,,0.0,Moderado,Ethiopia
171363,E-mail Marketing,2024-10-15,Não Convertido,,0.0,Moderado,Haiti
171364,Facebook,2024-10-17,Não Convertido,,0.0,Agressivo,Brunei Darussalam
171365,WhatsApp,2024-10-15,Não Convertido,,0.0,Moderado,Antigua and Barbuda
171366,Facebook,2024-10-16,Não Convertido,,0.0,Conservador,Hong Kong
171367,Instagram,2024-10-18,Não Convertido,,0.0,Agressivo,Mongolia
171368,TikTok,2024-10-16,Não Convertido,,0.0,Agressivo,Jamaica
171369,TikTok,2024-10-19,Não Convertido,,0.0,Agressivo,Bermuda
171370,Orgânico,2024-10-18,Não Convertido,,0.0,Agressivo,Micronesia
171371,YouTube Ads,2024-10-14,Não Convertido,,0.0,Moderado,Dominican Republic
171372,Orgânico,2024-10-16,Não Convertido,,0.0,Agressivo,Guadeloupe
171373,YouTube Ads,2024-10-14,Não Convertido,,0.0,Agressivo,Argentina
171374,Orgânico,2024-10-16,Não Convertido,,0.0,Agressivo,Faroe Islands
171375,TikTok,2024-10-17,Convertido,21.0,5850.6,Agressivo,Palestinian Territory
171376,YouTube Ads,2024-10-16,Não Convertido,,0.0,Moderado,Saint Pierre and Miquelon
171377,Orgânico,2024-10-16,Não Convertido,,0.0,Moderado,Western Sahara
171378,Facebook,2024-10-16,Não Convertido,,0.0,Moderado,Luxembourg
171379,Google Ads,2024-10-18,Não Convertido,,0.0,Moderado,Albania
171380,TikTok,2024-10-17,Não Convertido,,0.0,Desconhecido,Cuba
171381,YouTube Ads,2024-10-15,Não Convertido,,0.0,Agressivo,Guernsey
171382,Orgânico,2024-10-19,Não Convertido,,0.0,Conservador,San Marino
171383,Orgânico,2024-10-17,Não Convertido,,0.0,Moderado,Mexico
171384,Google Ads,2024-10-16,Não Convertido,,0.0,Agressivo,Mozambique
171385,Instagram,2024-10-15,Não Convertido,,0.0,Moderado,Congo
171386,Instagram,2024-10-18,Não Convertido,,0.0,Conservador,Finland
171387,Orgânico,2024-10-18,Não Convertido,,0.0,Moderado,Seychelles
171388,E-mail Marketing,2024-10-19,Não Convertido,,0.0,Agressivo,Myanmar
171389,Facebook,2024-10-15,Não Convertido,,0.0,Moderado,Poland
171390,Google Ads,2024-10-15,Não Convertido,,0.0,Agressivo,Antarctica (the territory South of 60 deg S)
171391,TikTok,2024-10-14,Não Convertido,,0.0,Conservador,Denmark
171392,E-mail Marketing,2024-10-16,Não Convertido,,0.0,Agressivo,Spain
171393,Facebook,2024-10-17,Não Convertido,,0.0,Moderado,Saint Kitts and Nevis
171394,Google Ads,2024-10-16,Não Convertido,,0.0,Agressivo,El Salvador
171395,WhatsApp,2024-10-16,Não Convertido,,0.0,Conservador,Mauritania
171396,TikTok,2024-10-17,Não Convertido,,0.0,Conservador,Colombia
171397,E-mail Marketing,2024-10-17,Não Convertido,,0.0,Moderado,Yemen
171398,E-mail Marketing,2024-10-19,Não Convertido,,0.0,Moderado,Iceland
171399,Indicação,2024-10-15,Não Convertido,,0.0,Moderado,Greenland
171400,Facebook,2024-10-17,Não Convertido,,0.0,Agressivo,French Guiana
171401,Google Ads,2024-10-14,Não Convertido,,0.0,Moderado,Singapore
171402,E-mail Marketing,2024-10-17,Não Convertido,,0.0,Conservador,Libyan Arab Jamahiriya
171403,Instagram,2024-10-15,Não Convertido,,0.0,Moderado,Andorra
171404,WhatsApp,2024-10-16,Não Convertido,,0.0,Conservador,Jersey
171405,YouTube Ads,2024-10-14,Não Convertido,,0.0,Moderado,Guam
171406,TikTok,2024-10-14,Não Convertido,,0.0,Moderado,Uzbekistan
171407,Facebook,2024-10-19,Convertido,0.0,2371.55,Moderado,Sierra Leone
171408,TikTok,2024-10-14,Não Convertido,,0.0,Conservador,Pakistan
171409,E-mail Marketing,2024-10-17,Não Convertido,,0.0,Conservador,Niue
171410,YouTube Ads,2024-10-16,Não Convertido,,0.0,Conservador,Spain
171411,Facebook,2024-10-14,Não Convertido,,0.0,Moderado,Tonga
171412,Instagram,2024-10-14,Não Convertido,,0.0,Agressivo,Iran
171413,TikTok,2024-10-16,Não Convertido,,0.0,Moderado,Israel
171414,Orgânico,2024-10-18,Não Convertido,,0.0,Conservador,Angola
171415,WhatsApp,2024-10-18,Não Convertido,,0.0,Moderado,Saint Martin
171416,WhatsApp,2024-10-15,Não Convertido,,0.0,Agressivo,Myanmar
171417,Instagram,2024-10-18,Não Convertido,,0.0,Conservador,Senegal
171418,E-mail Marketing,2024-10-15,Não Convertido,,0.0,Agressivo,Suriname
171419,Orgânico,2024-10-18,Não Convertido,,0.0,Moderado,Poland
171420,TikTok,2024-10-17,Não Convertido,,0.0,Moderado,Iceland
171421,E-mail Marketing,2024-10-15,Não Convertido,,0.0,Desconhecido,Honduras
171422,Orgânico,2024-10-18,Não Convertido,,0.0,Agressivo,British Indian Ocean Territory (Chagos Archipelago)
171423,E-mail Marketing,2024-10-14,Não Convertido,,0.0,Moderado,Saint Helena
171424,YouTube Ads,2024-10-14,Não Convertido,,0.0,Moderado,Luxembourg
171425,TikTok,2024-10-15,Convertido,7.0,2429.49,Agressivo,Barbados
171426,Facebook,2024-10-16,Não Convertido,,0.0,Moderado,Iran
171427,Facebook,2024-10-18,Não Convertido,,0.0,Moderado,Trinidad and Tobago
171428,E-mail Marketing,2024-10-15,Não Convertido,,0.0,Conservador,Mozambique
171429,Instagram,2024-10-18,Não Convertido,,0.0,Conservador,Belgium
171430,Orgânico,2024-10-18,Não Convertido,,0.0,Moderado,Indonesia
171431,Google Ads,2024-10-14,Não Convertido,,0.0,Moderado,South Georgia and the South Sandwich Islands
171432,E-mail Marketing,2024-10-15,Não Convertido,,0.0,Moderado,Iraq
171433,E-mail Marketing,2024-10-16,Não Convertido,,0.0,Moderado,Montenegro
171434,WhatsApp,2024-10-14,Não Convertido,,0.0,Conservador,Guinea
171435,Google Ads,2024-10-17,Não Convertido,,0.0,Moderado,Bolivia
171436,E-mail Marketing,2024-10-19,Não Convertido,,0.0,Conservador,Antarctica (the territory South of 60 deg S)
171437,Orgânico,2024-10-17,Convertido,4.0,4398.51,Desconhecido,Samoa
171438,YouTube Ads,2024-10-16,Não Convertido,,0.0,Conservador,Mayotte
171439,Orgânico,2024-10-19,Convertido,1.0,3288.39,Conservador,Saint Vincent and the Grenadines
171440,Indicação,2024-10-19,Não Convertido,,0.0,Moderado,Sweden
171441,Google Ads,2024-10-14,Não Convertido,,0.0,Conservador,Jordan
171442,Orgânico,2024-10-15,Convertido,28.0,1509.6,Agressivo,Burundi
171443,TikTok,2024-10-17,Não Convertido,,0.0,Desconhecido,Congo
171444,TikTok,2024-10-18,Não Convertido,,0.0,Desconhecido,Angola
171445,TikTok,2024-10-17,Não Convertido,,0.0,Agressivo,Qatar
171446,Indicação,2024-10-16,Não Convertido,,0.0,Moderado,Austria
171447,Orgânico,2024-10-15,Não Convertido,,0.0,Agressivo,Dominican Republic
171448,Orgânico,2024-10-17,Não Convertido,,0.0,Agressivo,Norfolk Island
171449,TikTok,2024-10-18,Não Convertido,,0.0,Moderado,Tonga
171450,Facebook,2024-10-15,Não Convertido,,0.0,Conservador,Denmark
171451,E-mail Marketing,2024-10-18,Não Convertido,,0.0,Conservador,Jordan
171452,E-mail Marketing,2024-10-17,Não Convertido,,0.0,Conservador,Tokelau
171453,TikTok,2024-10-14,Não Convertido,,0.0,Desconhecido,Bahamas
171454,Google Ads,2024-10-15,Não Convertido,,0.0,Agressivo,Nicaragua
171455,TikTok,2024-10-18,Não Convertido,,0.0,Moderado,French Guiana
171456,TikTok,2024-10-15,Não Convertido,,0.0,Moderado,South Georgia and the South Sandwich Islands
171457,Orgânico,2024-10-18,Não Convertido,,0.0,Agressivo,France
171458,Facebook,2024-10-14,Não Convertido,,0.0,Moderado,Spain
171459,Instagram,2024-10-16,Não Convertido,,0.0,Agressivo,Bangladesh
171460,Orgânico,2024-10-18,Não Convertido,,0.0,Agressivo,Ukraine
171461,Instagram,2024-10-19,Não Convertido,,0.0,Moderado,Kiribati
171462,Google Ads,2024-10-19,Não Convertido,,0.0,Desconhecido,Costa Rica
171463,TikTok,2024-10-19,Não Convertido,,0.0,Moderado,Japan
171464,WhatsApp,2024-10-16,Não Convertido,,0.0,Moderado,Seychelles
171465,Google Ads,2024-10-15,Não Convertido,,0.0,Moderado,Tunisia
171466,TikTok,2024-10-18,Não Convertido,,0.0,Agressivo,Mauritania
171467,Orgânico,2024-10-15,Não Convertido,,0.0,Agressivo,Guinea-Bissau
171468,Orgânico,2024-10-18,Não Convertido,,0.0,Conservador,Isle of Man
171469,Facebook,2024-10-19,Não Convertido,,0.0,Moderado,Serbia
171470,Orgânico,2024-10-18,Não Convertido,,0.0,Desconhecido,Egypt
171471,Indicação,2024-10-15,Não Convertido,,0.0,Desconhecido,Dominica
171472,Indicação,2024-10-15,Não Convertido,,0.0,Agressivo,Mauritius
171473,Indicação,2024-10-18,Não Convertido,,0.0,Moderado,Lao People's Democratic Republic
171474,Indicação,2024-10-18,Não Convertido,,0.0,Desconhecido,Yemen
171475,E-mail Marketing,2024-10-14,Não Convertido,,0.0,Desconhecido,Congo
171476,Google Ads,2024-10-15,Não Convertido,,0.0,Agressivo,Luxembourg
171477,Instagram,2024-10-16,Não Convertido,,0.0,Agressivo,Sri Lanka
171478,Facebook,2024-10-17,Não Convertido,,0.0,Conservador,South Africa
171479,E-mail Marketing,2024-10-18,Não Convertido,,0.0,Conservador,Bermuda
171480,E-mail Marketing,2024-10-14,Não Convertido,,0.0,Conservador,India
171481,Orgânico,2024-10-18,Não Convertido,,0.0,Agressivo,Reunion
171482,TikTok,2024-10-15,Não Convertido,,0.0,Agressivo,Lithuania
171483,Google Ads,2024-10-14,Não Convertido,,0.0,Desconhecido,Turkey
171484,TikTok,2024-10-18,Não Convertido,,0.0,Moderado,Ukraine
171485,Orgânico,2024-10-17,Não Convertido,,0.0,Desconhecido,Chile
171486,Orgânico,2024-10-19,Não Convertido,,0.0,Moderado,Antigua and Barbuda
171487,Orgânico,2024-10-14,Não Convertido,,0.0,Moderado,British Virgin Islands
171488,Facebook,2024-10-18,Não Convertido,,0.0,Agressivo,Bangladesh
171489,E-mail Marketing,2024-10-14,Não Convertido,,0.0,Agressivo,Holy See (Vatican City State)
171490,WhatsApp,2024-10-14,Não Convertido,,0.0,Agressivo,Brunei Darussalam
171491,Google Ads,2024-10-14,Não Convertido,,0.0,Agressivo,Puerto Rico
171492,Google Ads,2024-10-15,Não Convertido,,0.0,Moderado,Burkina Faso
171493,WhatsApp,2024-10-14,Não Convertido,,0.0,Conservador,Eritrea
171494,Instagram,2024-10-18,Não Convertido,,0.0,Conservador,Gambia
171495,Instagram,2024-10-18,Não Convertido,,0.0,Desconhecido,Burkina Faso
171496,TikTok,2024-10-17,Não Convertido,,0.0,Agressivo,Egypt
171497,WhatsApp,2024-10-19,Não Convertido,,0.0,Moderado,Mayotte
171498,Instagram,2024-10-14,Não Convertido,,0.0,Conservador,Palau
171499,YouTube Ads,2024-10-19,Convertido,13.0,59.89,Agressivo,Libyan Arab Jamahiriya
171500,E-mail Marketing,2024-10-18,Não Convertido,,0.0,Conservador,Netherlands Antilles
171501,Google Ads,2024-10-19,Não Convertido,,0.0,Agressivo,Panama
171502,Orgânico,2024-10-18,Não Convertido,,0.0,Agressivo,Martinique
171503,YouTube Ads,2024-10-16,Não Convertido,,0.0,Agressivo,Angola
171504,WhatsApp,2024-10-18,Não Convertido,,0.0,Agressivo,Pitcairn Islands
171505,Instagram,2024-10-17,Não Convertido,,0.0,Moderado,Russian Federation
171506,Facebook,2024-10-19,Não Convertido,,0.0,Conservador,Zimbabwe
171507,YouTube Ads,2024-10-19,Não Convertido,,0.0,Moderado,Switzerland
171508,TikTok,2024-10-18,Não Convertido,,0.0,Conservador,Wallis and Futuna
171509,WhatsApp,2024-10-16,Não Convertido,,0.0,Moderado,South Africa
171510,YouTube Ads,2024-10-18,Não Convertido,,0.0,Moderado,Argentina
171511,Orgânico,2024-10-14,Não Convertido,,0.0,Moderado,El Salvador
171512,Orgânico,2024-10-14,Não Convertido,,0.0,Agressivo,Cocos (Keeling) Islands
171513,Instagram,2024-10-19,Não Convertido,,0.0,Conservador,Tunisia
171514,Orgânico,2024-10-17,Não Convertido,,0.0,Conservador,Tanzania
171515,Orgânico,2024-10-18,Não Convertido,,0.0,Conservador,San Marino
171516,Orgânico,2024-10-18,Não Convertido,,0.0,Agressivo,Cape Verde
171517,Facebook,2024-10-19,Não Convertido,,0.0,Agressivo,Djibouti
171518,Instagram,2024-10-14,Não Convertido,,0.0,Moderado,Iceland
171519,TikTok,2024-10-17,Não Convertido,,0.0,Moderado,Panama
171520,TikTok,2024-10-14,Não Convertido,,0.0,Conservador,Tonga
171521,E-mail Marketing,2024-10-18,Não Convertido,,0.0,Moderado,Kiribati
171522,E-mail Marketing,2024-10-18,Não Convertido,,0.0,Desconhecido,Belgium
171523,Orgânico,2024-10-14,Não Convertido,,0.0,Agressivo,Colombia
171524,Facebook,2024-10-16,Não Convertido,,0.0,Agressivo,United Arab Emirates
171525,Google Ads,2024-10-16,Não Convertido,,0.0,Agressivo,Chile
171526,E-mail Marketing,2024-10-18,Não Convertido,,0.0,Conservador,Singapore
171527,YouTube Ads,2024-10-14,Convertido,6.0,391.19,Agressivo,San Marino
171528,Google Ads,2024-10-18,Não Convertido,,0.0,Moderado,Albania
171529,YouTube Ads,2024-10-16,Convertido,20.0,6371.97,Agressivo,Kuwait
171530,E-mail Marketing,2024-10-18,Convertido,21.0,7871.76,Moderado,United Arab Emirates
171531,YouTube Ads,2024-10-15,Não Convertido,,0.0,Agressivo,Tajikistan
171532,Instagram,2024-10-16,Não Convertido,,0.0,Moderado,Turks and Caicos Islands
171533,E-mail Marketing,2024-10-15,Não Convertido,,0.0,Desconhecido,Haiti
171534,E-mail Marketing,2024-10-18,Não Convertido,,0.0,Moderado,Macao
171535,WhatsApp,2024-10-16,Não Convertido,,0.0,Agressivo,Montserrat
171536,Instagram,2024-10-15,Não Convertido,,0.0,Conservador,Barbados
171537,E-mail Marketing,2024-10-17,Não Convertido,,0.0,Agressivo,Croatia
171538,E-mail Marketing,2024-10-18,Não Convertido,,0.0,Moderado,Uzbekistan
171539,YouTube Ads,2024-10-16,Não Convertido,,0.0,Agressivo,Guinea-Bissau
171540,Indicação,2024-10-19,Não Convertido,,0.0,Agressivo,Hong Kong
171541,WhatsApp,2024-10-15,Não Convertido,,0.0,Moderado,Central African Republic
171542,YouTube Ads,2024-10-14,Não Convertido,,0.0,Agressivo,Cambodia
171543,E-mail Marketing,2024-10-16,Não Convertido,,0.0,Agressivo,American Samoa
171544,Orgânico,2024-10-15,Convertido,2.0,4343.27,Agressivo,Maldives
171545,Facebook,2024-10-18,Não Convertido,,0.0,Conservador,Anguilla
171546,Instagram,2024-10-19,Não Convertido,,0.0,Moderado,Ethiopia
171547,Orgânico,2024-10-18,Não Convertido,,0.0,Agressivo,Bhutan
171548,YouTube Ads,2024-10-19,Não Convertido,,0.0,Moderado,Thailand
171549,TikTok,2024-10-19,Não Convertido,,0.0,Desconhecido,Benin
171550,Instagram,2024-10-18,Não Convertido,,0.0,Conservador,Lebanon
171551,WhatsApp,2024-10-14,Não Convertido,,0.0,Moderado,Luxembourg
171552,TikTok,2024-10-17,Não Convertido,,0.0,Moderado,Kenya
171553,Orgânico,2024-10-18,Não Convertido,,0.0,Desconhecido,Saint Vincent and the Grenadines
171554,TikTok,2024-10-15,Não Convertido,,0.0,Moderado,Ecuador
171555,YouTube Ads,2024-10-14,Não Convertido,,0.0,Desconhecido,Bosnia and Herzegovina
171556,Instagram,2024-10-14,Convertido,16.0,9162.28,Desconhecido,Cote d'Ivoire
171557,TikTok,2024-10-15,Não Convertido,,0.0,Agressivo,United Kingdom
171558,Instagram,2024-10-14,Não Convertido,,0.0,Moderado,Nepal
171559,E-mail Marketing,2024-10-19,Não Convertido,,0.0,Moderado,Bahrain
171560,Facebook,2024-10-18,Não Convertido,,0.0,Moderado,Ethiopia
171561,Instagram,2024-10-16,Não Convertido,,0.0,Moderado,Guyana
171562,E-mail Marketing,2024-10-18,Não Convertido,,0.0,Conservador,Tunisia
171563,Instagram,2024-10-14,Não Convertido,,0.0,Agressivo,Niue
171564,Orgânico,2024-10-14,Não Convertido,,0.0,Conservador,Brunei Darussalam
171565,YouTube Ads,2024-10-18,Não Convertido,,0.0,Conservador,Gabon
171566,TikTok,2024-10-17,Não Convertido,,0.0,Agressivo,Honduras
171567,Instagram,2024-10-17,Não Convertido,,0.0,Conservador,Liechtenstein
171568,YouTube Ads,2024-10-18,Não Convertido,,0.0,Moderado,Argentina
171569,Instagram,2024-10-16,Não Convertido,,0.0,Conservador,Liechtenstein
171570,Facebook,2024-10-19,Não Convertido,,0.0,Moderado,Mauritius
171571,Orgânico,2024-10-14,Não Convertido,,0.0,Desconhecido,Gambia
171572,TikTok,2024-10-14,Não Convertido,,0.0,Moderado,Moldova
171573,Indicação,2024-10-19,Não Convertido,,0.0,Moderado,Trinidad and Tobago
171574,Google Ads,2024-10-18,Não Convertido,,0.0,Agressivo,Iraq
171575,Facebook,2024-10-15,Não Convertido,,0.0,Moderado,Cook Islands
171576,Google Ads,2024-10-15,Não Convertido,,0.0,Agressivo,Iceland
171577,Instagram,2024-10-16,Não Convertido,,0.0,Moderado,Iran
171578,YouTube Ads,2024-10-16,Não Convertido,,0.0,Agressivo,Honduras
171579,Instagram,2024-10-15,Não Convertido,,0.0,Conservador,Slovenia
171580,TikTok,2024-10-17,Convertido,24.0,5781.31,Agressivo,Saudi Arabia
171581,TikTok,2024-10-19,Não Convertido,,0.0,Moderado,Western Sahara
171582,TikTok,2024-10-15,Não Convertido,,0.0,Moderado,Kenya
171583,Facebook,2024-10-18,Não Convertido,,0.0,Agressivo,Jersey
171584,TikTok,2024-10-16,Não Convertido,,0.0,Moderado,Trinidad and Tobago
171585,Orgânico,2024-10-15,Não Convertido,,0.0,Moderado,Iceland
171586,WhatsApp,2024-10-17,Não Convertido,,0.0,Desconhecido,Swaziland
171587,E-mail Marketing,2024-10-19,Não Convertido,,0.0,Moderado,Faroe Islands
171588,Indicação,2024-10-17,Não Convertido,,0.0,Conservador,British Indian Ocean Territory (Chagos Archipelago)
171589,E-mail Marketing,2024-10-19,Não Convertido,,0.0,Moderado,Eritrea
171590,Facebook,2024-10-15,Não Convertido,,0.0,Agressivo,Cayman Islands
171591,WhatsApp,2024-10-14,Não Convertido,,0.0,Agressivo,Isle of Man
171592,E-mail Marketing,2024-10-19,Não Convertido,,0.0,Agressivo,Libyan Arab Jamahiriya
171593,TikTok,2024-10-15,Não Convertido,,0.0,Conservador,Nicaragua
171594,TikTok,2024-10-16,Não Convertido,,0.0,Agressivo,Djibouti
171595,Facebook,2024-10-17,Convertido,2.0,327.79,Moderado,Georgia
171596,E-mail Marketing,2024-10-15,Não Convertido,,0.0,Moderado,Cyprus
171597,Orgânico,2024-10-19,Não Convertido,,0.0,Conservador,United Arab Emirates
171598,Facebook,2024-10-18,Não Convertido,,0.0,Agressivo,Mayotte
171599,Facebook,2024-10-19,Não Convertido,,0.0,Moderado,Micronesia
171600,Facebook,2024-10-17,Não Convertido,,0.0,Agressivo,Vanuatu
171601,Orgânico,2024-10-18,Não Convertido,,0.0,Agressivo,Mongolia
171602,Facebook,2024-10-18,Não Convertido,,0.0,Moderado,Venezuela
171603,Orgânico,2024-10-17,Não Convertido,,0.0,Moderado,Puerto Rico
171604,Google Ads,2024-10-15,Não Convertido,,0.0,Agressivo,Singapore
171605,Facebook,2024-10-19,Não Convertido,,0.0,Agressivo,Iraq
171606,TikTok,2024-10-16,Não Convertido,,0.0,Desconhecido,Swaziland
171607,Instagram,2024-10-19,Não Convertido,,0.0,Moderado,Norfolk Island
171608,TikTok,2024-10-19,Não Convertido,,0.0,Moderado,Zimbabwe
171609,E-mail Marketing,2024-10-15,Não Convertido,,0.0,Agressivo,Uganda
171610,Indicação,2024-10-16,Não Convertido,,0.0,Moderado,Serbia
171611,YouTube Ads,2024-10-15,Não Convertido,,0.0,Conservador,Dominica
171612,TikTok,2024-10-19,Não Convertido,,0.0,Desconhecido,South Georgia and the South Sandwich Islands
171613,Orgânico,2024-10-19,Não Convertido,,0.0,Agressivo,Tunisia
171614,WhatsApp,2024-10-14,Não Convertido,,0.0,Desconhecido,Zimbabwe
171615,E-mail Marketing,2024-10-14,Não Convertido,,0.0,Conservador,Comoros
171616,YouTube Ads,2024-10-17,Não Convertido,,0.0,Agressivo,Pitcairn Islands
171617,TikTok,2024-10-19,Não Convertido,,0.0,Agressivo,New Caledonia
171618,YouTube Ads,2024-10-19,Não Convertido,,0.0,Agressivo,French Guiana
171619,YouTube Ads,2024-10-15,Não Convertido,,0.0,Agressivo,Peru
171620,Google Ads,2024-10-16,Não Convertido,,0.0,Agressivo,United Kingdom
171621,TikTok,2024-10-14,Não Convertido,,0.0,Agressivo,Botswana
171622,TikTok,2024-10-16,Não Convertido,,0.0,Moderado,Togo
171623,E-mail Marketing,2024-10-16,Não Convertido,,0.0,Moderado,Bulgaria
171624,TikTok,2024-10-14,Não Convertido,,0.0,Desconhecido,Saudi Arabia
171625,Instagram,2024-10-18,Não Convertido,,0.0,Agressivo,Samoa
171626,Instagram,2024-10-19,Não Convertido,,0.0,Agressivo,Sweden
171627,TikTok,2024-10-15,Não Convertido,,0.0,Agressivo,Cameroon
171628,YouTube Ads,2024-10-14,Não Convertido,,0.0,Moderado,Christmas Island
171629,Orgânico,2024-10-14,Não Convertido,,0.0,Moderado,Western Sahara
171630,Instagram,2024-10-19,Convertido,1.0,9274.48,Moderado,Pitcairn Islands
171631,Google Ads,2024-10-14,Não Convertido,,0.0,Moderado,Canada
171632,Google Ads,2024-10-17,Não Convertido,,0.0,Moderado,Bouvet Island (Bouvetoya)
171633,Orgânico,2024-10-18,Não Convertido,,0.0,Agressivo,Cayman Islands
171634,Instagram,2024-10-17,Não Convertido,,0.0,Agressivo,Bosnia and Herzegovina
171635,YouTube Ads,2024-10-19,Não Convertido,,0.0,Moderado,Mauritius
171636,WhatsApp,2024-10-19,Não Convertido,,0.0,Agressivo,Saint Barthelemy
171637,Google Ads,2024-10-17,Não Convertido,,0.0,Conservador,Vietnam
171638,Facebook,2024-10-14,Não Convertido,,0.0,Desconhecido,Djibouti
171639,Instagram,2024-10-14,Não Convertido,,0.0,Agressivo,Qatar
171640,E-mail Marketing,2024-10-14,Não Convertido,,0.0,Moderado,United States of America
171641,Google Ads,2024-10-18,Não Convertido,,0.0,Agressivo,Denmark
171642,Orgânico,2024-10-17,Não Convertido,,0.0,Agressivo,India
171643,E-mail Marketing,2024-10-17,Não Convertido,,0.0,Agressivo,Hungary
171644,Orgânico,2024-10-17,Não Convertido,,0.0,Agressivo,Svalbard & Jan Mayen Islands
171645,YouTube Ads,2024-10-15,Não Convertido,,0.0,Agressivo,Cayman Islands
171646,E-mail Marketing,2024-10-17,Não Convertido,,0.0,Agressivo,Martinique
171647,Orgânico,2024-10-17,Não Convertido,,0.0,Moderado,Mexico
171648,E-mail Marketing,2024-10-15,Não Convertido,,0.0,Conservador,Honduras
171649,YouTube Ads,2024-10-15,Não Convertido,,0.0,Agressivo,Canada
171650,Instagram,2024-10-18,Não Convertido,,0.0,Agressivo,Syrian Arab Republic
171651,Google Ads,2024-10-14,Não Convertido,,0.0,Agressivo,Cocos (Keeling) Islands
171652,Instagram,2024-10-15,Não Convertido,,0.0,Desconhecido,Djibouti
171653,Indicação,2024-10-19,Não Convertido,,0.0,Agressivo,France
171654,Orgânico,2024-10-19,Não Convertido,,0.0,Moderado,Guinea
171655,Indicação,2024-10-15,Não Convertido,,0.0,Moderado,Singapore
171656,Orgânico,2024-10-14,Não Convertido,,0.0,Moderado,Ethiopia
171657,E-mail Marketing,2024-10-14,Não Convertido,,0.0,Moderado,India
171658,YouTube Ads,2024-10-14,Não Convertido,,0.0,Agressivo,Andorra
171659,Facebook,2024-10-19,Não Convertido,,0.0,Desconhecido,Iran
171660,TikTok,2024-10-16,Não Convertido,,0.0,Moderado,Peru
171661,WhatsApp,2024-10-16,Não Convertido,,0.0,Desconhecido,Austria
171662,TikTok,2024-10-16,Não Convertido,,0.0,Agressivo,Somalia
171663,WhatsApp,2024-10-17,Não Convertido,,0.0,Agressivo,Central African Republic
171664,E-mail Marketing,2024-10-16,Convertido,9.0,7103.01,Conservador,Kazakhstan
171665,WhatsApp,2024-10-16,Não Convertido,,0.0,Conservador,Angola
171666,Orgânico,2024-10-17,Não Convertido,,0.0,Conservador,Iraq
171667,Facebook,2024-10-16,Não Convertido,,0.0,Moderado,Tonga
171668,YouTube Ads,2024-10-19,Não Convertido,,0.0,Conservador,Puerto Rico
171669,Orgânico,2024-10-17,Não Convertido,,0.0,Desconhecido,French Guiana
171670,Indicação,2024-10-19,Não Convertido,,0.0,Agressivo,Sweden
171671,Instagram,2024-10-15,Não Convertido,,0.0,Agressivo,San Marino
171672,Google Ads,2024-10-18,Não Convertido,,0.0,Moderado,Sweden
171673,Orgânico,2024-10-14,Não Convertido,,0.0,Conservador,Puerto Rico
171674,WhatsApp,2024-10-18,Não Convertido,,0.0,Desconhecido,Italy
171675,E-mail Marketing,2024-10-18,Não Convertido,,0.0,Desconhecido,Pitcairn Islands
171676,Instagram,2024-10-16,Não Convertido,,0.0,Conservador,Estonia
171677,Orgânico,2024-10-19,Não Convertido,,0.0,Moderado,Slovenia
171678,Orgânico,2024-10-15,Não Convertido,,0.0,Agressivo,Congo
171679,Facebook,2024-10-17,Não Convertido,,0.0,Agressivo,Nepal
171680,Instagram,2024-10-18,Não Convertido,,0.0,Conservador,Equatorial Guinea
171681,Facebook,2024-10-15,Não Convertido,,0.0,Agressivo,Korea
171682,E-mail Marketing,2024-10-15,Não Convertido,,0.0,Agressivo,Tunisia
171683,TikTok,2024-10-15,Não Convertido,,0.0,Moderado,Philippines
171684,Facebook,2024-10-17,Não Convertido,,0.0,Moderado,Gambia
171685,E-mail Marketing,2024-10-18,Não Convertido,,0.0,Moderado,Bhutan
171686,WhatsApp,2024-10-14,Não Convertido,,0.0,Moderado,Holy See (Vatican City State)
171687,E-mail Marketing,2024-10-19,Não Convertido,,0.0,Agressivo,Cyprus
171688,Orgânico,2024-10-16,Não Convertido,,0.0,Moderado,Bouvet Island (Bouvetoya)
171689,Google Ads,2024-10-16,Não Convertido,,0.0,Desconhecido,Anguilla
171690,E-mail Marketing,2024-10-15,Não Convertido,,0.0,Desconhecido,Norway
171691,Google Ads,2024-10-15,Não Convertido,,0.0,Moderado,Bosnia and Herzegovina
171692,Instagram,2024-10-14,Não Convertido,,0.0,Agressivo,Saint Barthelemy
171693,Orgânico,2024-10-18,Não Convertido,,0.0,Moderado,Nauru
171694,WhatsApp,2024-10-18,Não Convertido,,0.0,Conservador,Morocco
171695,Orgânico,2024-10-15,Não Convertido,,0.0,Moderado,France
171696,E-mail Marketing,2024-10-16,Não Convertido,,0.0,Moderado,Nauru
171697,Orgânico,2024-10-14,Não Convertido,,0.0,Desconhecido,Venezuela
171698,Instagram,2024-10-16,Não Convertido,,0.0,Agressivo,Isle of Man
171699,Orgânico,2024-10-18,Não Convertido,,0.0,Agressivo,Mauritius
171700,YouTube Ads,2024-10-16,Não Convertido,,0.0,Moderado,Gabon
171701,Google Ads,2024-10-17,Não Convertido,,0.0,Conservador,Belarus
171702,Google Ads,2024-10-17,Não Convertido,,0.0,Moderado,Bosnia and Herzegovina
171703,Facebook,2024-10-17,Não Convertido,,0.0,Moderado,Honduras
171704,TikTok,2024-10-16,Não Convertido,,0.0,Conservador,Japan
171705,Orgânico,2024-10-14,Não Convertido,,0.0,Moderado,Nigeria
171706,Orgânico,2024-10-19,Não Convertido,,0.0,Agressivo,Micronesia
171707,Facebook,2024-10-19,Não Convertido,,0.0,Moderado,Turkey
171708,Orgânico,2024-10-19,Não Convertido,,0.0,Desconhecido,Indonesia
171709,E-mail Marketing,2024-10-17,Não Convertido,,0.0,Agressivo,Somalia
171710,TikTok,2024-10-15,Não Convertido,,0.0,Conservador,Lithuania
171711,Facebook,2024-10-17,Convertido,30.0,9127.88,Conservador,Zimbabwe
171712,WhatsApp,2024-10-17,Não Convertido,,0.0,Desconhecido,Dominica
171713,WhatsApp,2024-10-15,Não Convertido,,0.0,Moderado,Mali
171714,Instagram,2024-10-19,Não Convertido,,0.0,Conservador,Norway
171715,TikTok,2024-10-16,Não Convertido,,0.0,Agressivo,Zambia
171716,Facebook,2024-10-19,Convertido,18.0,2126.42,Moderado,Cape Verde
171717,Indicação,2024-10-16,Não Convertido,,0.0,Conservador,Brunei Darussalam
171718,Indicação,2024-10-17,Não Convertido,,0.0,Desconhecido,Oman
171719,WhatsApp,2024-10-17,Não Convertido,,0.0,Moderado,China
171720,Indicação,2024-10-18,Não Convertido,,0.0,Conservador,Philippines
171721,Instagram,2024-10-19,Não Convertido,,0.0,Moderado,Colombia
171722,Facebook,2024-10-15,Não Convertido,,0.0,Agressivo,Saint Vincent and the Grenadines
171723,Orgânico,2024-10-16,Não Convertido,,0.0,Agressivo,Papua New Guinea
171724,Instagram,2024-10-16,Não Convertido,,0.0,Agressivo,Bahrain
171725,Indicação,2024-10-14,Não Convertido,,0.0,Agressivo,Solomon Islands
171726,WhatsApp,2024-10-18,Não Convertido,,0.0,Agressivo,Cook Islands
171727,E-mail Marketing,2024-10-15,Não Convertido,,0.0,Moderado,Iran
171728,E-mail Marketing,2024-10-16,Não Convertido,,0.0,Conservador,Moldova
171729,TikTok,2024-10-16,Não Convertido,,0.0,Desconhecido,Sierra Leone
171730,WhatsApp,2024-10-15,Não Convertido,,0.0,Moderado,Kazakhstan
171731,E-mail Marketing,2024-10-16,Não Convertido,,0.0,Agressivo,Zimbabwe
171732,Instagram,2024-10-18,Não Convertido,,0.0,Agressivo,United Kingdom
171733,Google Ads,2024-10-18,Não Convertido,,0.0,Agressivo,Tunisia
171734,E-mail Marketing,2024-10-15,Não Convertido,,0.0,Desconhecido,Slovenia
171735,Facebook,2024-10-19,Não Convertido,,0.0,Agressivo,Mali
171736,TikTok,2024-10-18,Não Convertido,,0.0,Agressivo,Germany
171737,Google Ads,2024-10-19,Não Convertido,,0.0,Moderado,Gambia
171738,TikTok,2024-10-17,Não Convertido,,0.0,Moderado,Saint Vincent and the Grenadines
171739,Facebook,2024-10-16,Não Convertido,,0.0,Agressivo,Poland
171740,Instagram,2024-10-15,Não Convertido,,0.0,Agressivo,Yemen
171741,Instagram,2024-10-19,Não Convertido,,0.0,Agressivo,Korea
171742,YouTube Ads,2024-10-16,Não Convertido,,0.0,Agressivo,Romania
171743,TikTok,2024-10-19,Não Convertido,,0.0,Conservador,British Indian Ocean Territory (Chagos Archipelago)
171744,TikTok,2024-10-16,Não Convertido,,0.0,Moderado,Saint Lucia
171745,Indicação,2024-10-16,Não Convertido,,0.0,Agressivo,Bouvet Island (Bouvetoya)
171746,Instagram,2024-10-15,Não Convertido,,0.0,Moderado,El Salvador
171747,E-mail Marketing,2024-10-17,Não Convertido,,0.0,Moderado,Micronesia
171748,YouTube Ads,2024-10-15,Convertido,13.0,9220.67,Conservador,Bahamas
171749,Google Ads,2024-10-16,Não Convertido,,0.0,Moderado,Tajikistan
171750,TikTok,2024-10-17,Não Convertido,,0.0,Conservador,Isle of Man
171751,Facebook,2024-10-14,Não Convertido,,0.0,Agressivo,Saint Helena
171752,Indicação,2024-10-14,Não Convertido,,0.0,Conservador,Comoros
171753,TikTok,2024-10-18,Não Convertido,,0.0,Agressivo,Lebanon
171754,Google Ads,2024-10-15,Não Convertido,,0.0,Moderado,Kenya
171755,Instagram,2024-10-17,Não Convertido,,0.0,Moderado,Equatorial Guinea
171756,Google Ads,2024-10-19,Não Convertido,,0.0,Conservador,Switzerland
171757,Instagram,2024-10-15,Não Convertido,,0.0,Moderado,Nicaragua
171758,E-mail Marketing,2024-10-16,Não Convertido,,0.0,Conservador,Nigeria
171759,Instagram,2024-10-14,Não Convertido,,0.0,Conservador,Isle of Man
171760,TikTok,2024-10-19,Não Convertido,,0.0,Agressivo,China
171761,E-mail Marketing,2024-10-15,Não Convertido,,0.0,Moderado,Gambia
171762,WhatsApp,2024-10-16,Não Convertido,,0.0,Moderado,Croatia
171763,TikTok,2024-10-18,Não Convertido,,0.0,Agressivo,Slovenia
171764,YouTube Ads,2024-10-17,Não Convertido,,0.0,Moderado,Bolivia
171765,Facebook,2024-10-14,Não Convertido,,0.0,Agressivo,Comoros
171766,Instagram,2024-10-14,Não Convertido,,0.0,Conservador,Kiribati
171767,WhatsApp,2024-10-15,Não Convertido,,0.0,Moderado,Saint Vincent and the Grenadines
171768,Instagram,2024-10-14,Não Convertido,,0.0,Moderado,Venezuela
171769,YouTube Ads,2024-10-17,Não Convertido,,0.0,Desconhecido,United Arab Emirates
171770,E-mail Marketing,2024-10-15,Não Convertido,,0.0,Agressivo,Malaysia
171771,TikTok,2024-10-16,Não Convertido,,0.0,Agressivo,Mayotte
171772,Orgânico,2024-10-15,Convertido,3.0,2303.26,Desconhecido,Aruba
171773,Instagram,2024-10-14,Não Convertido,,0.0,Moderado,United States of America
171774,Instagram,2024-10-14,Não Convertido,,0.0,Moderado,Latvia
171775,YouTube Ads,2024-10-14,Não Convertido,,0.0,Moderado,Djibouti
171776,Indicação,2024-10-17,Não Convertido,,0.0,Moderado,South Africa
171777,Instagram,2024-10-17,Não Convertido,,0.0,Moderado,Svalbard & Jan Mayen Islands
171778,Orgânico,2024-10-14,Não Convertido,,0.0,Conservador,Poland
171779,E-mail Marketing,2024-10-17,Não Convertido,,0.0,Moderado,Mozambique
171780,Google Ads,2024-10-17,Não Convertido,,0.0,Moderado,Vietnam
171781,Facebook,2024-10-16,Não Convertido,,0.0,Agressivo,Congo
171782,Instagram,2024-10-17,Não Convertido,,0.0,Moderado,Gambia
171783,YouTube Ads,2024-10-19,Não Convertido,,0.0,Moderado,Uganda
171784,Facebook,2024-10-17,Convertido,19.0,5233.57,Agressivo,Antigua and Barbuda
171785,TikTok,2024-10-19,Não Convertido,,0.0,Agressivo,Suriname
171786,Indicação,2024-10-19,Não Convertido,,0.0,Agressivo,Norfolk Island
171787,Google Ads,2024-10-18,Não Convertido,,0.0,Moderado,Cape Verde
171788,WhatsApp,2024-10-14,Não Convertido,,0.0,Moderado,Bosnia and Herzegovina
171789,WhatsApp,2024-10-19,Não Convertido,,0.0,Desconhecido,Zambia
171790,Orgânico,2024-10-15,Não Convertido,,0.0,Moderado,Saint Barthelemy
171791,Orgânico,2024-10-14,Convertido,2.0,6802.16,Desconhecido,Dominica
171792,E-mail Marketing,2024-10-14,Não Convertido,,0.0,Conservador,Paraguay
171793,E-mail Marketing,2024-10-15,Não Convertido,,0.0,Moderado,Bahamas
171794,E-mail Marketing,2024-10-18,Não Convertido,,0.0,Desconhecido,Mexico
171795,Instagram,2024-10-18,Não Convertido,,0.0,Moderado,Poland
171796,Orgânico,2024-10-18,Não Convertido,,0.0,Agressivo,Oman
171797,WhatsApp,2024-10-15,Não Convertido,,0.0,Moderado,Burkina Faso
171798,Facebook,2024-10-17,Não Convertido,,0.0,Moderado,Rwanda
171799,E-mail Marketing,2024-10-15,Não Convertido,,0.0,Conservador,Bangladesh
171800,E-mail Marketing,2024-10-19,Não Convertido,,0.0,Moderado,Dominica
171801,Facebook,2024-10-19,Não Convertido,,0.0,Moderado,Sudan
171802,YouTube Ads,2024-10-19,Não Convertido,,0.0,Conservador,Tonga
171803,YouTube Ads,2024-10-17,Não Convertido,,0.0,Conservador,Madagascar
171804,WhatsApp,2024-10-14,Não Convertido,,0.0,Agressivo,Eritrea
171805,Google Ads,2024-10-18,Não Convertido,,0.0,Agressivo,Algeria
171806,Instagram,2024-10-19,Não Convertido,,0.0,Moderado,Croatia
171807,Orgânico,2024-10-15,Não Convertido,,0.0,Moderado,Cuba
171808,Orgânico,2024-10-16,Não Convertido,,0.0,Agressivo,Azerbaijan
171809,Indicação,2024-10-17,Não Convertido,,0.0,Agressivo,Uruguay
171810,Orgânico,2024-10-16,Não Convertido,,0.0,Moderado,Armenia
171811,Orgânico,2024-10-16,Não Convertido,,0.0,Moderado,Italy
171812,Orgânico,2024-10-15,Não Convertido,,0.0,Conservador,Holy See (Vatican City State)
171813,Orgânico,2024-10-15,Não Convertido,,0.0,Agressivo,Bahamas
171814,Orgânico,2024-10-15,Não Convertido,,0.0,Moderado,Yemen
171815,WhatsApp,2024-10-15,Não Convertido,,0.0,Moderado,Guinea-Bissau
171816,YouTube Ads,2024-10-15,Não Convertido,,0.0,Conservador,Tunisia
171817,Google Ads,2024-10-19,Não Convertido,,0.0,Agressivo,Niue
171818,WhatsApp,2024-10-19,Não Convertido,,0.0,Moderado,Kiribati
171819,Orgânico,2024-10-18,Convertido,10.0,8631.61,Agressivo,Iraq
171820,YouTube Ads,2024-10-16,Não Convertido,,0.0,Conservador,Djibouti
171821,Facebook,2024-10-14,Não Convertido,,0.0,Agressivo,Greece
171822,E-mail Marketing,2024-10-15,Não Convertido,,0.0,Agressivo,Tokelau
171823,WhatsApp,2024-10-14,Não Convertido,,0.0,Moderado,Iran
171824,Instagram,2024-10-18,Não Convertido,,0.0,Agressivo,Micronesia
171825,Orgânico,2024-10-18,Não Convertido,,0.0,Moderado,Belgium
171826,YouTube Ads,2024-10-15,Não Convertido,,0.0,Agressivo,Equatorial Guinea
171827,TikTok,2024-10-15,Não Convertido,,0.0,Conservador,French Polynesia
171828,YouTube Ads,2024-10-16,Não Convertido,,0.0,Moderado,Thailand
171829,Instagram,2024-10-14,Não Convertido,,0.0,Agressivo,North Macedonia
171830,Instagram,2024-10-14,Não Convertido,,0.0,Conservador,Ireland
171831,Google Ads,2024-10-14,Não Convertido,,0.0,Moderado,Holy See (Vatican City State)
171832,Instagram,2024-10-19,Não Convertido,,0.0,Conservador,Benin
171833,TikTok,2024-10-19,Não Convertido,,0.0,Conservador,Belarus
171834,YouTube Ads,2024-10-19,Não Convertido,,0.0,Agressivo,Malaysia
171835,E-mail Marketing,2024-10-15,Não Convertido,,0.0,Desconhecido,Lithuania
171836,E-mail Marketing,2024-10-16,Não Convertido,,0.0,Moderado,Finland
171837,YouTube Ads,2024-10-19,Não Convertido,,0.0,Agressivo,Gibraltar
171838,Instagram,2024-10-14,Não Convertido,,0.0,Conservador,Kenya
171839,Orgânico,2024-10-18,Não Convertido,,0.0,Desconhecido,Aruba
171840,TikTok,2024-10-19,Não Convertido,,0.0,Desconhecido,Cameroon
171841,E-mail Marketing,2024-10-18,Não Convertido,,0.0,Agressivo,Iran
171842,WhatsApp,2024-10-16,Convertido,24.0,3039.44,Conservador,Libyan Arab Jamahiriya
171843,Orgânico,2024-10-15,Não Convertido,,0.0,Agressivo,Aruba
171844,Facebook,2024-10-15,Não Convertido,,0.0,Conservador,Seychelles
171845,Instagram,2024-10-14,Não Convertido,,0.0,Moderado,French Southern Territories
171846,Facebook,2024-10-15,Não Convertido,,0.0,Conservador,Korea
171847,Orgânico,2024-10-14,Não Convertido,,0.0,Agressivo,Bouvet Island (Bouvetoya)
171848,Instagram,2024-10-19,Convertido,22.0,9765.98,Conservador,Estonia
171849,Instagram,2024-10-16,Não Convertido,,0.0,Agressivo,Ethiopia
171850,Orgânico,2024-10-16,Não Convertido,,0.0,Desconhecido,Mongolia
171851,Instagram,2024-10-17,Não Convertido,,0.0,Moderado,Saint Vincent and the Grenadines
171852,Facebook,2024-10-14,Não Convertido,,0.0,Conservador,Swaziland
171853,TikTok,2024-10-18,Não Convertido,,0.0,Desconhecido,Solomon Islands
171854,Orgânico,2024-10-15,Não Convertido,,0.0,Conservador,Uganda
171855,WhatsApp,2024-10-15,Não Convertido,,0.0,Conservador,Guatemala
171856,Google Ads,2024-10-19,Não Convertido,,0.0,Moderado,Russian Federation
171857,E-mail Marketing,2024-10-14,Não Convertido,,0.0,Agressivo,South Africa
171858,Orgânico,2024-10-19,Não Convertido,,0.0,Conservador,Gambia
171859,Indicação,2024-10-17,Não Convertido,,0.0,Desconhecido,Gibraltar
171860,Indicação,2024-10-19,Não Convertido,,0.0,Agressivo,Austria
171861,TikTok,2024-10-14,Não Convertido,,0.0,Conservador,French Southern Territories
171862,E-mail Marketing,2024-10-19,Não Convertido,,0.0,Agressivo,Benin
171863,Google Ads,2024-10-18,Não Convertido,,0.0,Moderado,Sri Lanka
171864,Orgânico,2024-10-19,Não Convertido,,0.0,Agressivo,Estonia
171865,TikTok,2024-10-16,Não Convertido,,0.0,Moderado,Reunion
171866,Instagram,2024-10-19,Não Convertido,,0.0,Conservador,Sao Tome and Principe
171867,Orgânico,2024-10-16,Não Convertido,,0.0,Moderado,Jordan
171868,E-mail Marketing,2024-10-19,Não Convertido,,0.0,Moderado,Barbados
171869,WhatsApp,2024-10-16,Não Convertido,,0.0,Moderado,Guinea
171870,Instagram,2024-10-18,Não Convertido,,0.0,Moderado,Samoa
171871,Orgânico,2024-10-19,Não Convertido,,0.0,Agressivo,Croatia
171872,WhatsApp,2024-10-18,Não Convertido,,0.0,Agressivo,Faroe Islands
171873,E-mail Marketing,2024-10-15,Não Convertido,,0.0,Conservador,Saint Kitts and Nevis
171874,Instagram,2024-10-15,Não Convertido,,0.0,Moderado,Zambia
171875,Orgânico,2024-10-14,Não Convertido,,0.0,Moderado,Cape Verde
171876,Facebook,2024-10-17,Não Convertido,,0.0,Moderado,Romania
171877,YouTube Ads,2024-10-16,Não Convertido,,0.0,Agressivo,Niger
171878,Indicação,2024-10-18,Não Convertido,,0.0,Agressivo,Haiti
171879,Indicação,2024-10-19,Não Convertido,,0.0,Agressivo,Palau
171880,Instagram,2024-10-14,Não Convertido,,0.0,Agressivo,Netherlands Antilles
171881,Google Ads,2024-10-15,Não Convertido,,0.0,Moderado,New Caledonia
171882,WhatsApp,2024-10-19,Não Convertido,,0.0,Moderado,Australia
171883,Indicação,2024-10-17,Não Convertido,,0.0,Moderado,Ukraine
171884,TikTok,2024-10-19,Não Convertido,,0.0,Moderado,Saint Barthelemy
171885,E-mail Marketing,2024-10-18,Não Convertido,,0.0,Desconhecido,Tokelau
171886,Instagram,2024-10-18,Não Convertido,,0.0,Moderado,Cocos (Keeling) Islands
171887,Indicação,2024-10-15,Não Convertido,,0.0,Moderado,Madagascar
171888,Indicação,2024-10-16,Não Convertido,,0.0,Moderado,Holy See (Vatican City State)
171889,Google Ads,2024-10-16,Não Convertido,,0.0,Moderado,Malawi
171890,TikTok,2024-10-17,Não Convertido,,0.0,Agressivo,Tuvalu
171891,Instagram,2024-10-15,Não Convertido,,0.0,Agressivo,Seychelles
171892,Instagram,2024-10-17,Não Convertido,,0.0,Conservador,Niue
171893,Orgânico,2024-10-19,Não Convertido,,0.0,Moderado,Niue
171894,E-mail Marketing,2024-10-19,Não Convertido,,0.0,Agressivo,Germany
171895,Facebook,2024-10-16,Não Convertido,,0.0,Agressivo,Central African Republic
171896,Indicação,2024-10-17,Não Convertido,,0.0,Agressivo,United Arab Emirates
171897,WhatsApp,2024-10-19,Não Convertido,,0.0,Agressivo,Isle of Man
171898,YouTube Ads,2024-10-14,Não Convertido,,0.0,Moderado,Bolivia
171899,YouTube Ads,2024-10-14,Não Convertido,,0.0,Agressivo,Germany
171900,Instagram,2024-10-14,Não Convertido,,0.0,Agressivo,Solomon Islands
171901,YouTube Ads,2024-10-17,Não Convertido,,0.0,Moderado,Panama
171902,TikTok,2024-10-18,Não Convertido,,0.0,Moderado,Reunion
171903,Instagram,2024-10-19,Não Convertido,,0.0,Moderado,Maldives
171904,YouTube Ads,2024-10-18,Não Convertido,,0.0,Moderado,Ukraine
171905,TikTok,2024-10-15,Não Convertido,,0.0,Moderado,Canada
171906,TikTok,2024-10-17,Não Convertido,,0.0,Conservador,Sierra Leone
171907,TikTok,2024-10-16,Não Convertido,,0.0,Moderado,Pitcairn Islands
171908,Orgânico,2024-10-19,Não Convertido,,0.0,Agressivo,Chile
171909,Orgânico,2024-10-19,Não Convertido,,0.0,Agressivo,Saint Vincent and the Grenadines
171910,YouTube Ads,2024-10-17,Não Convertido,,0.0,Agressivo,Guinea-Bissau
171911,E-mail Marketing,2024-10-15,Não Convertido,,0.0,Agressivo,Egypt
171912,E-mail Marketing,2024-10-14,Não Convertido,,0.0,Conservador,Central African Republic
171913,TikTok,2024-10-18,Não Convertido,,0.0,Moderado,Ecuador
171914,E-mail Marketing,2024-10-16,Não Convertido,,0.0,Moderado,Solomon Islands
171915,Orgânico,2024-10-19,Não Convertido,,0.0,Moderado,Jersey
171916,WhatsApp,2024-10-17,Não Convertido,,0.0,Agressivo,Venezuela
171917,Instagram,2024-10-17,Não Convertido,,0.0,Moderado,Uzbekistan
171918,Google Ads,2024-10-16,Não Convertido,,0.0,Moderado,Puerto Rico
171919,Orgânico,2024-10-17,Não Convertido,,0.0,Conservador,Greenland
171920,Instagram,2024-10-18,Não Convertido,,0.0,Conservador,Turkmenistan
171921,Indicação,2024-10-14,Não Convertido,,0.0,Agressivo,Senegal
171922,Orgânico,2024-10-19,Não Convertido,,0.0,Conservador,Samoa
171923,Orgânico,2024-10-14,Não Convertido,,0.0,Conservador,Kiribati
171924,Orgânico,2024-10-18,Não Convertido,,0.0,Conservador,Sri Lanka
171925,Google Ads,2024-10-19,Não Convertido,,0.0,Desconhecido,Saint Lucia
171926,E-mail Marketing,2024-10-19,Não Convertido,,0.0,Moderado,Kazakhstan
171927,TikTok,2024-10-15,Não Convertido,,0.0,Agressivo,Zimbabwe
171928,Orgânico,2024-10-17,Não Convertido,,0.0,Conservador,Saint Lucia
171929,TikTok,2024-10-17,Não Convertido,,0.0,Agressivo,Western Sahara
171930,TikTok,2024-10-17,Não Convertido,,0.0,Agressivo,Central African Republic
171931,Instagram,2024-10-18,Não Convertido,,0.0,Agressivo,Seychelles
171932,Orgânico,2024-10-18,Não Convertido,,0.0,Agressivo,Luxembourg
171933,Orgânico,2024-10-18,Não Convertido,,0.0,Agressivo,Pakistan
171934,TikTok,2024-10-18,Não Convertido,,0.0,Moderado,Central African Republic
171935,Instagram,2024-10-19,Não Convertido,,0.0,Agressivo,Nauru
171936,YouTube Ads,2024-10-16,Não Convertido,,0.0,Agressivo,Chile
171937,Google Ads,2024-10-19,Não Convertido,,0.0,Agressivo,Pakistan
171938,WhatsApp,2024-10-16,Não Convertido,,0.0,Moderado,China
171939,Orgânico,2024-10-16,Não Convertido,,0.0,Agressivo,Solomon Islands
171940,Instagram,2024-10-18,Não Convertido,,0.0,Conservador,Belgium
171941,Facebook,2024-10-18,Não Convertido,,0.0,Conservador,British Indian Ocean Territory (Chagos Archipelago)
171942,Orgânico,2024-10-17,Não Convertido,,0.0,Agressivo,New Caledonia
171943,Facebook,2024-10-16,Não Convertido,,0.0,Agressivo,Canada
171944,WhatsApp,2024-10-16,Não Convertido,,0.0,Moderado,Tajikistan
171945,WhatsApp,2024-10-14,Não Convertido,,0.0,Moderado,Svalbard & Jan Mayen Islands
171946,TikTok,2024-10-16,Não Convertido,,0.0,Moderado,Cook Islands
171947,TikTok,2024-10-19,Não Convertido,,0.0,Agressivo,Niue
171948,Orgânico,2024-10-17,Não Convertido,,0.0,Conservador,Jamaica
171949,Instagram,2024-10-19,Não Convertido,,0.0,Conservador,Bangladesh
171950,E-mail Marketing,2024-10-19,Não Convertido,,0.0,Moderado,Italy
171951,TikTok,2024-10-15,Não Convertido,,0.0,Agressivo,Thailand
171952,E-mail Marketing,2024-10-16,Não Convertido,,0.0,Moderado,Poland
171953,Orgânico,2024-10-18,Não Convertido,,0.0,Moderado,Korea
171954,WhatsApp,2024-10-15,Não Convertido,,0.0,Moderado,Yemen
171955,Indicação,2024-10-18,Não Convertido,,0.0,Conservador,Lesotho
171956,TikTok,2024-10-14,Não Convertido,,0.0,Moderado,French Southern Territories
171957,E-mail Marketing,2024-10-18,Não Convertido,,0.0,Desconhecido,Guam
171958,YouTube Ads,2024-10-15,Não Convertido,,0.0,Moderado,Korea
171959,Orgânico,2024-10-14,Não Convertido,,0.0,Conservador,Greece
171960,Instagram,2024-10-16,Não Convertido,,0.0,Conservador,Vanuatu
171961,Facebook,2024-10-17,Não Convertido,,0.0,Conservador,Kenya
171962,Facebook,2024-10-18,Não Convertido,,0.0,Moderado,Reunion
171963,Orgânico,2024-10-18,Não Convertido,,0.0,Agressivo,Korea
171964,WhatsApp,2024-10-17,Não Convertido,,0.0,Desconhecido,Turkmenistan
171965,Google Ads,2024-10-14,Não Convertido,,0.0,Moderado,Saint Kitts and Nevis
171966,E-mail Marketing,2024-10-14,Não Convertido,,0.0,Moderado,Israel
171967,E-mail Marketing,2024-10-14,Não Convertido,,0.0,Conservador,Finland
171968,YouTube Ads,2024-10-15,Não Convertido,,0.0,Moderado,Somalia
171969,Orgânico,2024-10-16,Não Convertido,,0.0,Moderado,Sri Lanka
171970,WhatsApp,2024-10-15,Convertido,5.0,6371.58,Moderado,Korea
171971,Orgânico,2024-10-15,Não Convertido,,0.0,Moderado,Seychelles
171972,Google Ads,2024-10-16,Não Convertido,,0.0,Desconhecido,Mayotte
171973,Instagram,2024-10-19,Não Convertido,,0.0,Moderado,Ghana
171974,Google Ads,2024-10-19,Não Convertido,,0.0,Agressivo,Bulgaria
171975,Instagram,2024-10-16,Não Convertido,,0.0,Moderado,Ghana
171976,Instagram,2024-10-18,Não Convertido,,0.0,Moderado,Northern Mariana Islands
171977,Facebook,2024-10-14,Não Convertido,,0.0,Conservador,Albania
171978,YouTube Ads,2024-10-15,Não Convertido,,0.0,Conservador,United States Virgin Islands
171979,Facebook,2024-10-19,Convertido,19.0,2654.59,Conservador,Mali
171980,Instagram,2024-10-18,Não Convertido,,0.0,Moderado,Andorra
171981,Google Ads,2024-10-17,Não Convertido,,0.0,Moderado,Uruguay
171982,Instagram,2024-10-15,Não Convertido,,0.0,Conservador,Honduras
171983,Facebook,2024-10-18,Não Convertido,,0.0,Moderado,Puerto Rico
171984,TikTok,2024-10-14,Não Convertido,,0.0,Agressivo,Cambodia
171985,TikTok,2024-10-16,Não Convertido,,0.0,Agressivo,Thailand
171986,WhatsApp,2024-10-16,Não Convertido,,0.0,Moderado,Tokelau
171987,Instagram,2024-10-16,Não Convertido,,0.0,Agressivo,Equatorial Guinea
171988,Indicação,2024-10-18,Convertido,5.0,2209.35,Moderado,Greenland
171989,Orgânico,2024-10-18,Não Convertido,,0.0,Agressivo,Hong Kong
171990,TikTok,2024-10-18,Não Convertido,,0.0,Moderado,Congo
171991,Orgânico,2024-10-14,Não Convertido,,0.0,Conservador,Tajikistan
171992,Orgânico,2024-10-14,Não Convertido,,0.0,Moderado,Zimbabwe
171993,Orgânico,2024-10-14,Não Convertido,,0.0,Moderado,Guinea-Bissau
171994,TikTok,2024-10-16,Não Convertido,,0.0,Conservador,Saint Helena
171995,TikTok,2024-10-19,Não Convertido,,0.0,Conservador,Tuvalu
171996,Orgânico,2024-10-16,Não Convertido,,0.0,Moderado,Ukraine
171997,TikTok,2024-10-16,Não Convertido,,0.0,Desconhecido,Timor-Leste
171998,Instagram,2024-10-17,Não Convertido,,0.0,Agressivo,Thailand
171999,E-mail Marketing,2024-10-17,Não Convertido,,0.0,Conservador,Montserrat
172000,Orgânico,2024-10-19,Não Convertido,,0.0,Desconhecido,Maldives
172001,Orgânico,2024-10-16,Não Convertido,,0.0,Agressivo,Thailand
172002,WhatsApp,2024-10-16,Não Convertido,,0.0,Moderado,Haiti
172003,Google Ads,2024-10-17,Não Convertido,,0.0,Agressivo,Benin
172004,Orgânico,2024-10-15,Não Convertido,,0.0,Moderado,Lesotho
172005,TikTok,2024-10-17,Não Convertido,,0.0,Moderado,Syrian Arab Republic
172006,YouTube Ads,2024-10-19,Não Convertido,,0.0,Agressivo,Costa Rica
172007,Indicação,2024-10-15,Não Convertido,,0.0,Agressivo,Italy
172008,Orgânico,2024-10-16,Não Convertido,,0.0,Moderado,Oman
172009,Google Ads,2024-10-19,Não Convertido,,0.0,Agressivo,Vanuatu
172010,YouTube Ads,2024-10-16,Não Convertido,,0.0,Conservador,Madagascar
172011,YouTube Ads,2024-10-15,Não Convertido,,0.0,Desconhecido,Gibraltar
172012,Google Ads,2024-10-16,Não Convertido,,0.0,Moderado,Nauru
172013,Google Ads,2024-10-18,Não Convertido,,0.0,Moderado,Mayotte
172014,Orgânico,2024-10-15,Não Convertido,,0.0,Agressivo,New Zealand
172015,Facebook,2024-10-17,Não Convertido,,0.0,Moderado,Bermuda
172016,TikTok,2024-10-16,Não Convertido,,0.0,Moderado,Turkey
172017,Instagram,2024-10-19,Não Convertido,,0.0,Moderado,Nauru
172018,Instagram,2024-10-19,Não Convertido,,0.0,Moderado,Jersey
172019,Facebook,2024-10-14,Não Convertido,,0.0,Conservador,British Virgin Islands
172020,E-mail Marketing,2024-10-18,Não Convertido,,0.0,Moderado,Antarctica (the territory South of 60 deg S)
172021,Instagram,2024-10-18,Não Convertido,,0.0,Agressivo,Mayotte
172022,Indicação,2024-10-14,Não Convertido,,0.0,Moderado,Papua New Guinea
172023,Instagram,2024-10-14,Não Convertido,,0.0,Moderado,Qatar
172024,TikTok,2024-10-15,Não Convertido,,0.0,Agressivo,Cameroon
172025,Google Ads,2024-10-17,Não Convertido,,0.0,Moderado,Falkland Islands (Malvinas)
172026,WhatsApp,2024-10-16,Não Convertido,,0.0,Moderado,Mayotte
172027,Orgânico,2024-10-14,Não Convertido,,0.0,Moderado,Sudan
172028,Facebook,2024-10-14,Não Convertido,,0.0,Desconhecido,Madagascar
172029,WhatsApp,2024-10-18,Não Convertido,,0.0,Agressivo,Somalia
172030,Instagram,2024-10-18,Não Convertido,,0.0,Moderado,Rwanda
172031,YouTube Ads,2024-10-17,Não Convertido,,0.0,Desconhecido,Ghana
172032,Facebook,2024-10-14,Não Convertido,,0.0,Moderado,Mauritania
172033,Indicação,2024-10-15,Não Convertido,,0.0,Conservador,Spain
172034,TikTok,2024-10-18,Não Convertido,,0.0,Moderado,Guinea-Bissau
172035,E-mail Marketing,2024-10-19,Não Convertido,,0.0,Moderado,Lebanon
172036,WhatsApp,2024-10-18,Não Convertido,,0.0,Moderado,Antigua and Barbuda
172037,Facebook,2024-10-14,Não Convertido,,0.0,Agressivo,Iraq
172038,Orgânico,2024-10-16,Não Convertido,,0.0,Moderado,Serbia
172039,WhatsApp,2024-10-19,Não Convertido,,0.0,Conservador,Niger
172040,YouTube Ads,2024-10-17,Não Convertido,,0.0,Moderado,Yemen
172041,Google Ads,2024-10-18,Não Convertido,,0.0,Conservador,Palau
172042,Indicação,2024-10-18,Não Convertido,,0.0,Conservador,Palau
172043,Google Ads,2024-10-14,Não Convertido,,0.0,Moderado,Indonesia
172044,Instagram,2024-10-16,Não Convertido,,0.0,Conservador,Chile
172045,Google Ads,2024-10-18,Convertido,10.0,9255.4,Agressivo,Algeria
172046,Indicação,2024-10-15,Não Convertido,,0.0,Conservador,British Indian Ocean Territory (Chagos Archipelago)
172047,Instagram,2024-10-15,Não Convertido,,0.0,Moderado,Italy
172048,TikTok,2024-10-18,Não Convertido,,0.0,Moderado,Uruguay
172049,YouTube Ads,2024-10-18,Não Convertido,,0.0,Moderado,Svalbard & Jan Mayen Islands
172050,TikTok,2024-10-15,Não Convertido,,0.0,Desconhecido,Latvia
172051,Google Ads,2024-10-15,Não Convertido,,0.0,Agressivo,Saint Kitts and Nevis
172052,YouTube Ads,2024-10-15,Não Convertido,,0.0,Agressivo,North Macedonia
172053,Orgânico,2024-10-14,Não Convertido,,0.0,Moderado,Trinidad and Tobago
172054,TikTok,2024-10-15,Não Convertido,,0.0,Desconhecido,Azerbaijan
172055,Orgânico,2024-10-15,Não Convertido,,0.0,Desconhecido,San Marino
172056,Indicação,2024-10-18,Não Convertido,,0.0,Moderado,Ukraine
172057,Instagram,2024-10-19,Não Convertido,,0.0,Moderado,Haiti
172058,WhatsApp,2024-10-15,Não Convertido,,0.0,Desconhecido,Montenegro
172059,Instagram,2024-10-14,Não Convertido,,0.0,Conservador,Svalbard & Jan Mayen Islands
172060,Orgânico,2024-10-16,Não Convertido,,0.0,Conservador,Venezuela
172061,Instagram,2024-10-19,Não Convertido,,0.0,Conservador,Fiji
172062,Orgânico,2024-10-17,Convertido,6.0,3662.08,Agressivo,Morocco
172063,E-mail Marketing,2024-10-14,Não Convertido,,0.0,Agressivo,Ireland
172064,Orgânico,2024-10-18,Não Convertido,,0.0,Agressivo,Belize
172065,WhatsApp,2024-10-16,Não Convertido,,0.0,Moderado,Montenegro
172066,Google Ads,2024-10-14,Não Convertido,,0.0,Agressivo,Holy See (Vatican City State)
172067,Instagram,2024-10-19,Não Convertido,,0.0,Agressivo,Singapore
172068,Facebook,2024-10-17,Não Convertido,,0.0,Conservador,South Africa
172069,Facebook,2024-10-16,Não Convertido,,0.0,Moderado,Cambodia
172070,TikTok,2024-10-15,Não Convertido,,0.0,Agressivo,Uruguay
172071,Orgânico,2024-10-14,Não Convertido,,0.0,Agressivo,Oman
172072,E-mail Marketing,2024-10-19,Convertido,2.0,9090.5,Agressivo,Norfolk Island
172073,YouTube Ads,2024-10-16,Não Convertido,,0.0,Agressivo,United States Virgin Islands
172074,Orgânico,2024-10-19,Não Convertido,,0.0,Moderado,Pakistan
172075,Instagram,2024-10-18,Não Convertido,,0.0,Moderado,Colombia
172076,WhatsApp,2024-10-15,Não Convertido,,0.0,Desconhecido,Timor-Leste
172077,E-mail Marketing,2024-10-18,Não Convertido,,0.0,Moderado,Thailand
172078,Google Ads,2024-10-15,Não Convertido,,0.0,Agressivo,Taiwan
172079,E-mail Marketing,2024-10-18,Não Convertido,,0.0,Moderado,Botswana
172080,E-mail Marketing,2024-10-18,Não Convertido,,0.0,Conservador,Haiti
172081,Facebook,2024-10-17,Não Convertido,,0.0,Moderado,Guinea-Bissau
172082,Google Ads,2024-10-19,Não Convertido,,0.0,Agressivo,Hong Kong
172083,Facebook,2024-10-16,Não Convertido,,0.0,Moderado,Swaziland
172084,WhatsApp,2024-10-15,Não Convertido,,0.0,Moderado,Lebanon
172085,TikTok,2024-10-19,Não Convertido,,0.0,Moderado,Japan
172086,TikTok,2024-10-18,Não Convertido,,0.0,Conservador,Bolivia
172087,Indicação,2024-10-16,Não Convertido,,0.0,Moderado,Guatemala
172088,YouTube Ads,2024-10-15,Convertido,8.0,1822.99,Agressivo,Liechtenstein
172089,Orgânico,2024-10-18,Não Convertido,,0.0,Conservador,Chile
172090,Facebook,2024-10-18,Não Convertido,,0.0,Agressivo,Namibia
172091,WhatsApp,2024-10-16,Não Convertido,,0.0,Desconhecido,Western Sahara
172092,TikTok,2024-10-15,Não Convertido,,0.0,Moderado,Lithuania
172093,TikTok,2024-10-15,Não Convertido,,0.0,Moderado,Montenegro
172094,Google Ads,2024-10-14,Não Convertido,,0.0,Moderado,Madagascar
172095,Orgânico,2024-10-18,Não Convertido,,0.0,Moderado,Kenya
172096,Facebook,2024-10-15,Não Convertido,,0.0,Moderado,Egypt
172097,WhatsApp,2024-10-17,Não Convertido,,0.0,Conservador,North Macedonia
172098,Instagram,2024-10-19,Não Convertido,,0.0,Moderado,Sweden
172099,E-mail Marketing,2024-10-14,Não Convertido,,0.0,Moderado,French Polynesia
172100,TikTok,2024-10-18,Não Convertido,,0.0,Desconhecido,Sri Lanka
172101,WhatsApp,2024-10-18,Não Convertido,,0.0,Moderado,Guam
172102,Instagram,2024-10-18,Convertido,21.0,3922.71,Moderado,Heard Island and McDonald Islands
172103,E-mail Marketing,2024-10-15,Não Convertido,,0.0,Agressivo,Western Sahara
172104,Facebook,2024-10-15,Não Convertido,,0.0,Moderado,Marshall Islands
172105,Facebook,2024-10-19,Não Convertido,,0.0,Moderado,India
172106,Instagram,2024-10-19,Não Convertido,,0.0,Desconhecido,Comoros
172107,Orgânico,2024-10-18,Não Convertido,,0.0,Agressivo,Moldova
172108,WhatsApp,2024-10-16,Não Convertido,,0.0,Moderado,Trinidad and Tobago
172109,Instagram,2024-10-16,Não Convertido,,0.0,Agressivo,Slovenia
172110,Orgânico,2024-10-17,Não Convertido,,0.0,Moderado,Maldives
172111,E-mail Marketing,2024-10-16,Não Convertido,,0.0,Moderado,Sri Lanka
172112,Orgânico,2024-10-16,Convertido,13.0,5939.52,Conservador,Haiti
172113,YouTube Ads,2024-10-15,Não Convertido,,0.0,Conservador,Greenland
172114,TikTok,2024-10-19,Não Convertido,,0.0,Conservador,Myanmar
172115,TikTok,2024-10-14,Não Convertido,,0.0,Desconhecido,Comoros
172116,Indicação,2024-10-18,Não Convertido,,0.0,Moderado,Jordan
172117,Instagram,2024-10-15,Não Convertido,,0.0,Moderado,Israel
172118,Orgânico,2024-10-18,Não Convertido,,0.0,Agressivo,New Caledonia
172119,Orgânico,2024-10-15,Não Convertido,,0.0,Agressivo,Congo
172120,TikTok,2024-10-18,Não Convertido,,0.0,Agressivo,Malawi
172121,Google Ads,2024-10-17,Não Convertido,,0.0,Desconhecido,Tajikistan
172122,Indicação,2024-10-18,Não Convertido,,0.0,Desconhecido,Ghana
172123,Instagram,2024-10-17,Convertido,19.0,1267.73,Agressivo,Costa Rica
172124,Orgânico,2024-10-14,Não Convertido,,0.0,Moderado,Syrian Arab Republic
172125,Facebook,2024-10-14,Não Convertido,,0.0,Moderado,Marshall Islands
172126,Instagram,2024-10-18,Não Convertido,,0.0,Moderado,Tunisia
172127,E-mail Marketing,2024-10-15,Não Convertido,,0.0,Moderado,Bangladesh
172128,Instagram,2024-10-15,Não Convertido,,0.0,Desconhecido,Liberia
172129,Facebook,2024-10-19,Não Convertido,,0.0,Desconhecido,French Southern Territories
172130,Instagram,2024-10-16,Não Convertido,,0.0,Moderado,Senegal
172131,Orgânico,2024-10-18,Não Convertido,,0.0,Moderado,Libyan Arab Jamahiriya
172132,Indicação,2024-10-19,Não Convertido,,0.0,Agressivo,Latvia
172133,TikTok,2024-10-18,Não Convertido,,0.0,Conservador,Bhutan
172134,Orgânico,2024-10-16,Não Convertido,,0.0,Moderado,Malawi
172135,E-mail Marketing,2024-10-19,Não Convertido,,0.0,Conservador,Morocco
172136,Facebook,2024-10-19,Não Convertido,,0.0,Desconhecido,Saint Vincent and the Grenadines
172137,YouTube Ads,2024-10-18,Não Convertido,,0.0,Agressivo,Somalia
172138,Orgânico,2024-10-17,Não Convertido,,0.0,Conservador,Vietnam
172139,WhatsApp,2024-10-18,Não Convertido,,0.0,Moderado,Uganda
172140,TikTok,2024-10-19,Não Convertido,,0.0,Agressivo,American Samoa
172141,Orgânico,2024-10-16,Não Convertido,,0.0,Moderado,Norway
172142,WhatsApp,2024-10-15,Não Convertido,,0.0,Moderado,Oman
172143,Indicação,2024-10-19,Não Convertido,,0.0,Moderado,Bouvet Island (Bouvetoya)
172144,TikTok,2024-10-16,Não Convertido,,0.0,Agressivo,Tunisia
172145,WhatsApp,2024-10-17,Não Convertido,,0.0,Desconhecido,Mozambique
172146,TikTok,2024-10-17,Não Convertido,,0.0,Moderado,Bermuda
172147,Orgânico,2024-10-18,Não Convertido,,0.0,Moderado,Djibouti
172148,Facebook,2024-10-18,Não Convertido,,0.0,Agressivo,El Salvador
172149,E-mail Marketing,2024-10-14,Não Convertido,,0.0,Agressivo,United States Virgin Islands
172150,YouTube Ads,2024-10-15,Não Convertido,,0.0,Agressivo,Estonia
172151,Orgânico,2024-10-15,Não Convertido,,0.0,Agressivo,Faroe Islands
172152,E-mail Marketing,2024-10-16,Não Convertido,,0.0,Desconhecido,North Macedonia
172153,TikTok,2024-10-19,Não Convertido,,0.0,Moderado,United States of America
172154,Google Ads,2024-10-14,Não Convertido,,0.0,Agressivo,Mauritania
172155,TikTok,2024-10-16,Não Convertido,,0.0,Agressivo,Nicaragua
172156,TikTok,2024-10-17,Não Convertido,,0.0,Desconhecido,Mali
172157,Orgânico,2024-10-15,Não Convertido,,0.0,Moderado,United Arab Emirates
172158,E-mail Marketing,2024-10-16,Não Convertido,,0.0,Agressivo,Samoa
172159,Instagram,2024-10-16,Não Convertido,,0.0,Desconhecido,Faroe Islands
172160,TikTok,2024-10-17,Não Convertido,,0.0,Moderado,Colombia
172161,E-mail Marketing,2024-10-19,Não Convertido,,0.0,Conservador,Netherlands
172162,Indicação,2024-10-17,Não Convertido,,0.0,Moderado,Bangladesh
172163,Facebook,2024-10-19,Não Convertido,,0.0,Conservador,Congo
172164,Orgânico,2024-10-17,Não Convertido,,0.0,Desconhecido,Ireland
172165,Instagram,2024-10-15,Não Convertido,,0.0,Moderado,Norfolk Island
172166,Instagram,2024-10-18,Não Convertido,,0.0,Moderado,Western Sahara
172167,Google Ads,2024-10-15,Não Convertido,,0.0,Conservador,Dominica
172168,Instagram,2024-10-14,Não Convertido,,0.0,Agressivo,Maldives
172169,Google Ads,2024-10-16,Não Convertido,,0.0,Agressivo,Zambia
172170,E-mail Marketing,2024-10-15,Não Convertido,,0.0,Agressivo,Anguilla
172171,Facebook,2024-10-17,Não Convertido,,0.0,Conservador,Colombia
172172,Orgânico,2024-10-19,Não Convertido,,0.0,Desconhecido,Philippines
172173,Orgânico,2024-10-18,Não Convertido,,0.0,Conservador,Sao Tome and Principe
172174,Indicação,2024-10-18,Não Convertido,,0.0,Moderado,Central African Republic
172175,Orgânico,2024-10-15,Não Convertido,,0.0,Moderado,Senegal
172176,Instagram,2024-10-14,Não Convertido,,0.0,Moderado,Reunion
172177,Instagram,2024-10-18,Não Convertido,,0.0,Conservador,Honduras
172178,Instagram,2024-10-15,Não Convertido,,0.0,Conservador,Tunisia
172179,TikTok,2024-10-16,Não Convertido,,0.0,Moderado,Saudi Arabia
172180,WhatsApp,2024-10-15,Não Convertido,,0.0,Agressivo,Bolivia
172181,TikTok,2024-10-19,Não Convertido,,0.0,Moderado,Namibia
172182,Orgânico,2024-10-19,Não Convertido,,0.0,Agressivo,Tunisia
172183,Instagram,2024-10-17,Não Convertido,,0.0,Moderado,Jamaica
172184,Instagram,2024-10-16,Não Convertido,,0.0,Agressivo,Cyprus
172185,Facebook,2024-10-14,Não Convertido,,0.0,Moderado,Indonesia
172186,Instagram,2024-10-17,Não Convertido,,0.0,Agressivo,Palestinian Territory
172187,E-mail Marketing,2024-10-17,Não Convertido,,0.0,Moderado,Sierra Leone
172188,Facebook,2024-10-15,Não Convertido,,0.0,Conservador,Malawi
172189,E-mail Marketing,2024-10-18,Não Convertido,,0.0,Conservador,Andorra
172190,TikTok,2024-10-19,Não Convertido,,0.0,Moderado,Western Sahara
172191,TikTok,2024-10-16,Não Convertido,,0.0,Agressivo,Seychelles
172192,WhatsApp,2024-10-18,Não Convertido,,0.0,Moderado,Spain
172193,Orgânico,2024-10-17,Não Convertido,,0.0,Agressivo,Jamaica
172194,Google Ads,2024-10-19,Não Convertido,,0.0,Moderado,Armenia
172195,Orgânico,2024-10-16,Não Convertido,,0.0,Agressivo,United Arab Emirates
172196,E-mail Marketing,2024-10-15,Não Convertido,,0.0,Moderado,Norway
172197,Orgânico,2024-10-14,Não Convertido,,0.0,Moderado,Malawi
172198,Orgânico,2024-10-17,Convertido,11.0,4598.92,Conservador,Zimbabwe
172199,WhatsApp,2024-10-14,Não Convertido,,0.0,Moderado,Bhutan
172200,Orgânico,2024-10-18,Não Convertido,,0.0,Moderado,Saint Kitts and Nevis
172201,YouTube Ads,2024-10-18,Não Convertido,,0.0,Conservador,Samoa
172202,Google Ads,2024-10-18,Não Convertido,,0.0,Agressivo,Nepal
172203,Indicação,2024-10-17,Não Convertido,,0.0,Agressivo,Gabon
172204,Google Ads,2024-10-14,Não Convertido,,0.0,Conservador,Togo
172205,TikTok,2024-10-16,Não Convertido,,0.0,Agressivo,Niue
172206,Instagram,2024-10-16,Não Convertido,,0.0,Moderado,Estonia
172207,E-mail Marketing,2024-10-18,Convertido,27.0,2036.19,Conservador,British Virgin Islands
172208,Indicação,2024-10-16,Não Convertido,,0.0,Agressivo,Sri Lanka
172209,WhatsApp,2024-10-16,Não Convertido,,0.0,Moderado,Benin
172210,E-mail Marketing,2024-10-15,Não Convertido,,0.0,Conservador,Solomon Islands
172211,TikTok,2024-10-15,Não Convertido,,0.0,Moderado,Samoa
172212,TikTok,2024-10-19,Convertido,13.0,1223.18,Agressivo,Philippines
172213,Orgânico,2024-10-18,Não Convertido,,0.0,Moderado,Aruba
172214,Google Ads,2024-10-15,Não Convertido,,0.0,Conservador,Lesotho
172215,Orgânico,2024-10-15,Não Convertido,,0.0,Agressivo,Dominica
172216,Google Ads,2024-10-17,Não Convertido,,0.0,Moderado,Botswana
172217,Indicação,2024-10-19,Não Convertido,,0.0,Moderado,Greece
172218,Orgânico,2024-10-16,Não Convertido,,0.0,Agressivo,Qatar
172219,Orgânico,2024-10-15,Convertido,25.0,5301.46,Agressivo,Christmas Island
172220,Google Ads,2024-10-18,Não Convertido,,0.0,Agressivo,Mauritius
172221,E-mail Marketing,2024-10-15,Não Convertido,,0.0,Agressivo,Netherlands Antilles
172222,YouTube Ads,2024-10-19,Não Convertido,,0.0,Conservador,Korea
172223,YouTube Ads,2024-10-18,Não Convertido,,0.0,Agressivo,Uzbekistan
172224,TikTok,2024-10-18,Não Convertido,,0.0,Conservador,Tunisia
172225,E-mail Marketing,2024-10-17,Não Convertido,,0.0,Agressivo,Bahrain
172226,YouTube Ads,2024-10-19,Não Convertido,,0.0,Agressivo,Netherlands
172227,Facebook,2024-10-16,Convertido,30.0,8557.99,Conservador,Montserrat
172228,Instagram,2024-10-15,Não Convertido,,0.0,Moderado,Ukraine
172229,Orgânico,2024-10-18,Não Convertido,,0.0,Desconhecido,Anguilla
172230,Orgânico,2024-10-16,Não Convertido,,0.0,Agressivo,Iran
172231,Instagram,2024-10-19,Não Convertido,,0.0,Agressivo,Maldives
172232,Instagram,2024-10-14,Não Convertido,,0.0,Moderado,Argentina
172233,Orgânico,2024-10-15,Não Convertido,,0.0,Agressivo,Nauru
172234,E-mail Marketing,2024-10-15,Não Convertido,,0.0,Conservador,Algeria
172235,Facebook,2024-10-17,Não Convertido,,0.0,Agressivo,Czech Republic
172236,TikTok,2024-10-17,Não Convertido,,0.0,Moderado,Mozambique
172237,TikTok,2024-10-19,Não Convertido,,0.0,Conservador,Heard Island and McDonald Islands
172238,Orgânico,2024-10-18,Não Convertido,,0.0,Conservador,Burkina Faso
172239,Instagram,2024-10-17,Não Convertido,,0.0,Moderado,Ghana
172240,Orgânico,2024-10-19,Não Convertido,,0.0,Agressivo,Finland
172241,Google Ads,2024-10-19,Não Convertido,,0.0,Moderado,Uzbekistan
172242,E-mail Marketing,2024-10-16,Não Convertido,,0.0,Desconhecido,Montserrat
172243,Google Ads,2024-10-17,Não Convertido,,0.0,Agressivo,France
172244,E-mail Marketing,2024-10-19,Não Convertido,,0.0,Moderado,Nigeria
172245,YouTube Ads,2024-10-14,Não Convertido,,0.0,Desconhecido,Estonia
172246,TikTok,2024-10-18,Não Convertido,,0.0,Moderado,Zambia
172247,TikTok,2024-10-17,Não Convertido,,0.0,Conservador,Croatia
172248,Facebook,2024-10-19,Não Convertido,,0.0,Moderado,Peru
172249,TikTok,2024-10-19,Não Convertido,,0.0,Agressivo,Iraq
172250,Orgânico,2024-10-15,Não Convertido,,0.0,Agressivo,Japan
172251,TikTok,2024-10-18,Não Convertido,,0.0,Agressivo,Holy See (Vatican City State)
172252,YouTube Ads,2024-10-14,Não Convertido,,0.0,Conservador,Colombia
172253,Orgânico,2024-10-15,Não Convertido,,0.0,Agressivo,Greenland
172254,TikTok,2024-10-19,Não Convertido,,0.0,Moderado,Puerto Rico
172255,WhatsApp,2024-10-17,Não Convertido,,0.0,Moderado,Singapore
172256,Google Ads,2024-10-15,Não Convertido,,0.0,Conservador,Aruba
172257,Google Ads,2024-10-15,Não Convertido,,0.0,Agressivo,Gibraltar
172258,Instagram,2024-10-15,Não Convertido,,0.0,Agressivo,Brunei Darussalam
172259,YouTube Ads,2024-10-15,Não Convertido,,0.0,Agressivo,Moldova
172260,E-mail Marketing,2024-10-14,Não Convertido,,0.0,Desconhecido,Mauritania
172261,E-mail Marketing,2024-10-14,Não Convertido,,0.0,Moderado,Bhutan
172262,WhatsApp,2024-10-15,Não Convertido,,0.0,Agressivo,Cuba
172263,YouTube Ads,2024-10-15,Não Convertido,,0.0,Conservador,El Salvador
172264,Indicação,2024-10-15,Não Convertido,,0.0,Agressivo,Falkland Islands (Malvinas)
172265,Orgânico,2024-10-14,Não Convertido,,0.0,Agressivo,Seychelles
172266,TikTok,2024-10-16,Não Convertido,,0.0,Moderado,Mongolia
172267,Orgânico,2024-10-16,Não Convertido,,0.0,Agressivo,Chad
172268,YouTube Ads,2024-10-18,Não Convertido,,0.0,Moderado,Tanzania
172269,Indicação,2024-10-15,Não Convertido,,0.0,Moderado,Tanzania
172270,Google Ads,2024-10-14,Não Convertido,,0.0,Agressivo,Barbados
172271,YouTube Ads,2024-10-16,Não Convertido,,0.0,Moderado,Afghanistan
172272,WhatsApp,2024-10-16,Não Convertido,,0.0,Moderado,Cook Islands
172273,Orgânico,2024-10-14,Não Convertido,,0.0,Conservador,Albania
172274,Facebook,2024-10-14,Não Convertido,,0.0,Moderado,Angola
172275,Instagram,2024-10-14,Não Convertido,,0.0,Moderado,North Macedonia
172276,Google Ads,2024-10-14,Não Convertido,,0.0,Conservador,Cote d'Ivoire
172277,Instagram,2024-10-18,Não Convertido,,0.0,Desconhecido,Kuwait
172278,Instagram,2024-10-19,Não Convertido,,0.0,Agressivo,Saint Lucia
172279,E-mail Marketing,2024-10-19,Não Convertido,,0.0,Moderado,Mauritius
172280,Facebook,2024-10-15,Convertido,7.0,9013.64,Moderado,Cocos (Keeling) Islands
172281,Google Ads,2024-10-15,Não Convertido,,0.0,Agressivo,San Marino
172282,Facebook,2024-10-19,Não Convertido,,0.0,Agressivo,Bahrain
172283,Google Ads,2024-10-16,Não Convertido,,0.0,Desconhecido,Andorra
172284,Instagram,2024-10-15,Não Convertido,,0.0,Conservador,Turks and Caicos Islands
172285,TikTok,2024-10-19,Não Convertido,,0.0,Desconhecido,Dominican Republic
172286,Facebook,2024-10-16,Não Convertido,,0.0,Conservador,Saint Helena
172287,Indicação,2024-10-15,Convertido,6.0,5934.39,Conservador,Lao People's Democratic Republic
172288,TikTok,2024-10-17,Convertido,19.0,5577.53,Moderado,Azerbaijan
172289,E-mail Marketing,2024-10-14,Não Convertido,,0.0,Conservador,Belgium
172290,TikTok,2024-10-14,Não Convertido,,0.0,Moderado,Paraguay
172291,Google Ads,2024-10-15,Não Convertido,,0.0,Agressivo,Latvia
172292,E-mail Marketing,2024-10-19,Não Convertido,,0.0,Agressivo,Bulgaria
172293,YouTube Ads,2024-10-14,Não Convertido,,0.0,Agressivo,Cameroon
172294,YouTube Ads,2024-10-17,Não Convertido,,0.0,Desconhecido,Thailand
172295,Orgânico,2024-10-16,Não Convertido,,0.0,Moderado,Sierra Leone
172296,Indicação,2024-10-16,Não Convertido,,0.0,Moderado,Japan
172297,Google Ads,2024-10-14,Não Convertido,,0.0,Conservador,Bulgaria
172298,Instagram,2024-10-17,Não Convertido,,0.0,Agressivo,Trinidad and Tobago
172299,E-mail Marketing,2024-10-19,Não Convertido,,0.0,Moderado,Madagascar
172300,Instagram,2024-10-17,Não Convertido,,0.0,Moderado,Maldives
172301,Instagram,2024-10-15,Não Convertido,,0.0,Agressivo,Greece
172302,Orgânico,2024-10-18,Não Convertido,,0.0,Conservador,Bahrain
172303,Orgânico,2024-10-17,Não Convertido,,0.0,Moderado,Liechtenstein
172304,Instagram,2024-10-15,Não Convertido,,0.0,Agressivo,Guernsey
172305,E-mail Marketing,2024-10-17,Convertido,29.0,8365.55,Moderado,Turkmenistan
172306,Orgânico,2024-10-16,Não Convertido,,0.0,Moderado,Kazakhstan
172307,TikTok,2024-10-17,Não Convertido,,0.0,Conservador,Gambia
172308,Instagram,2024-10-19,Não Convertido,,0.0,Agressivo,United Kingdom
172309,WhatsApp,2024-10-16,Não Convertido,,0.0,Desconhecido,Bahrain
172310,Indicação,2024-10-14,Não Convertido,,0.0,Moderado,Sweden
172311,Facebook,2024-10-17,Não Convertido,,0.0,Moderado,Bhutan
172312,WhatsApp,2024-10-15,Não Convertido,,0.0,Agressivo,Chile
172313,WhatsApp,2024-10-19,Não Convertido,,0.0,Desconhecido,British Indian Ocean Territory (Chagos Archipelago)
172314,Instagram,2024-10-17,Não Convertido,,0.0,Moderado,Tunisia
172315,E-mail Marketing,2024-10-19,Não Convertido,,0.0,Conservador,Colombia
172316,YouTube Ads,2024-10-18,Não Convertido,,0.0,Agressivo,Zambia
172317,WhatsApp,2024-10-16,Não Convertido,,0.0,Moderado,France
172318,Instagram,2024-10-16,Não Convertido,,0.0,Moderado,Barbados
172319,Facebook,2024-10-19,Não Convertido,,0.0,Moderado,Philippines
172320,E-mail Marketing,2024-10-15,Não Convertido,,0.0,Desconhecido,Monaco
172321,YouTube Ads,2024-10-16,Não Convertido,,0.0,Moderado,Greenland
172322,E-mail Marketing,2024-10-19,Não Convertido,,0.0,Desconhecido,Korea
172323,Google Ads,2024-10-17,Não Convertido,,0.0,Desconhecido,Greece
172324,WhatsApp,2024-10-14,Não Convertido,,0.0,Agressivo,Austria
172325,Indicação,2024-10-19,Não Convertido,,0.0,Moderado,Chile
172326,Instagram,2024-10-17,Não Convertido,,0.0,Agressivo,Ireland
172327,Facebook,2024-10-15,Não Convertido,,0.0,Agressivo,Colombia
172328,Facebook,2024-10-18,Não Convertido,,0.0,Moderado,Taiwan
172329,Instagram,2024-10-19,Não Convertido,,0.0,Moderado,Egypt
172330,YouTube Ads,2024-10-17,Não Convertido,,0.0,Agressivo,Azerbaijan
172331,WhatsApp,2024-10-14,Não Convertido,,0.0,Agressivo,Mayotte
172332,Instagram,2024-10-16,Convertido,22.0,5351.45,Moderado,Saudi Arabia
172333,Google Ads,2024-10-18,Não Convertido,,0.0,Moderado,Uzbekistan
172334,Instagram,2024-10-19,Não Convertido,,0.0,Moderado,Togo
172335,Instagram,2024-10-15,Não Convertido,,0.0,Conservador,Saint Barthelemy
172336,YouTube Ads,2024-10-17,Não Convertido,,0.0,Moderado,Cote d'Ivoire
172337,TikTok,2024-10-16,Não Convertido,,0.0,Conservador,Poland
172338,WhatsApp,2024-10-18,Não Convertido,,0.0,Moderado,Turkmenistan
172339,TikTok,2024-10-14,Não Convertido,,0.0,Conservador,Barbados
172340,WhatsApp,2024-10-17,Não Convertido,,0.0,Agressivo,Marshall Islands
172341,Orgânico,2024-10-14,Não Convertido,,0.0,Agressivo,Tanzania
172342,Google Ads,2024-10-16,Não Convertido,,0.0,Agressivo,Turkmenistan
172343,Orgânico,2024-10-19,Não Convertido,,0.0,Agressivo,Cocos (Keeling) Islands
172344,YouTube Ads,2024-10-17,Não Convertido,,0.0,Moderado,Cote d'Ivoire
172345,WhatsApp,2024-10-19,Não Convertido,,0.0,Moderado,Kenya
172346,Orgânico,2024-10-18,Não Convertido,,0.0,Conservador,Mexico
172347,TikTok,2024-10-19,Não Convertido,,0.0,Conservador,Rwanda
172348,Instagram,2024-10-17,Não Convertido,,0.0,Conservador,San Marino
172349,Google Ads,2024-10-18,Não Convertido,,0.0,Moderado,Ireland
172350,Google Ads,2024-10-15,Não Convertido,,0.0,Moderado,Panama
172351,Orgânico,2024-10-15,Convertido,26.0,8919.22,Agressivo,Guam
172352,Indicação,2024-10-16,Não Convertido,,0.0,Moderado,Philippines
172353,Google Ads,2024-10-17,Não Convertido,,0.0,Conservador,Armenia
172354,Orgânico,2024-10-14,Não Convertido,,0.0,Moderado,Macao
172355,Orgânico,2024-10-19,Não Convertido,,0.0,Moderado,Uzbekistan
172356,TikTok,2024-10-14,Não Convertido,,0.0,Agressivo,Portugal
172357,Orgânico,2024-10-18,Não Convertido,,0.0,Agressivo,Morocco
172358,Instagram,2024-10-18,Não Convertido,,0.0,Desconhecido,Syrian Arab Republic
172359,Orgânico,2024-10-18,Não Convertido,,0.0,Conservador,Gabon
172360,Facebook,2024-10-14,Não Convertido,,0.0,Moderado,Ghana
172361,YouTube Ads,2024-10-16,Não Convertido,,0.0,Agressivo,Saudi Arabia
172362,E-mail Marketing,2024-10-16,Não Convertido,,0.0,Conservador,Saint Vincent and the Grenadines
172363,Google Ads,2024-10-15,Não Convertido,,0.0,Agressivo,Guam
172364,Instagram,2024-10-15,Não Convertido,,0.0,Agressivo,Micronesia
172365,Facebook,2024-10-15,Não Convertido,,0.0,Moderado,Tuvalu
172366,Instagram,2024-10-15,Não Convertido,,0.0,Agressivo,Uruguay
172367,Facebook,2024-10-19,Não Convertido,,0.0,Agressivo,Burundi
172368,E-mail Marketing,2024-10-15,Não Convertido,,0.0,Moderado,Norway
172369,E-mail Marketing,2024-10-15,Não Convertido,,0.0,Conservador,Antigua and Barbuda
172370,TikTok,2024-10-14,Não Convertido,,0.0,Agressivo,North Macedonia
172371,YouTube Ads,2024-10-19,Não Convertido,,0.0,Moderado,Palestinian Territory
172372,Facebook,2024-10-17,Não Convertido,,0.0,Conservador,Brazil
172373,Instagram,2024-10-16,Não Convertido,,0.0,Moderado,South Africa
172374,TikTok,2024-10-17,Não Convertido,,0.0,Desconhecido,Albania
172375,TikTok,2024-10-16,Não Convertido,,0.0,Agressivo,China
172376,TikTok,2024-10-14,Não Convertido,,0.0,Desconhecido,Tunisia
172377,YouTube Ads,2024-10-14,Não Convertido,,0.0,Desconhecido,Libyan Arab Jamahiriya
172378,Orgânico,2024-10-14,Não Convertido,,0.0,Moderado,Peru
172379,Instagram,2024-10-18,Não Convertido,,0.0,Desconhecido,Moldova
172380,Orgânico,2024-10-17,Não Convertido,,0.0,Moderado,Poland
172381,Instagram,2024-10-17,Não Convertido,,0.0,Moderado,Mauritius
172382,Facebook,2024-10-19,Não Convertido,,0.0,Agressivo,Equatorial Guinea
172383,Google Ads,2024-10-18,Não Convertido,,0.0,Moderado,Ukraine
172384,YouTube Ads,2024-10-19,Não Convertido,,0.0,Moderado,Pakistan
172385,Facebook,2024-10-15,Não Convertido,,0.0,Conservador,Djibouti
172386,Orgânico,2024-10-16,Não Convertido,,0.0,Agressivo,United States of America
172387,TikTok,2024-10-18,Não Convertido,,0.0,Moderado,Mongolia
172388,Facebook,2024-10-15,Não Convertido,,0.0,Moderado,India
172389,WhatsApp,2024-10-17,Não Convertido,,0.0,Conservador,Guyana
172390,Instagram,2024-10-19,Não Convertido,,0.0,Desconhecido,Cayman Islands
172391,TikTok,2024-10-15,Não Convertido,,0.0,Desconhecido,Antigua and Barbuda
172392,Facebook,2024-10-16,Não Convertido,,0.0,Agressivo,United Arab Emirates
172393,Google Ads,2024-10-17,Não Convertido,,0.0,Moderado,Monaco
172394,WhatsApp,2024-10-19,Não Convertido,,0.0,Moderado,Holy See (Vatican City State)
172395,Instagram,2024-10-17,Não Convertido,,0.0,Conservador,Bulgaria
172396,Indicação,2024-10-16,Não Convertido,,0.0,Moderado,Sri Lanka
172397,Orgânico,2024-10-19,Não Convertido,,0.0,Moderado,Saint Martin
172398,TikTok,2024-10-19,Não Convertido,,0.0,Agressivo,United States of America
172399,YouTube Ads,2024-10-18,Não Convertido,,0.0,Desconhecido,Palestinian Territory
172400,E-mail Marketing,2024-10-19,Não Convertido,,0.0,Moderado,Croatia
172401,Facebook,2024-10-17,Não Convertido,,0.0,Agressivo,Korea
172402,E-mail Marketing,2024-10-14,Não Convertido,,0.0,Conservador,Palestinian Territory
172403,WhatsApp,2024-10-17,Não Convertido,,0.0,Moderado,Myanmar
172404,WhatsApp,2024-10-14,Não Convertido,,0.0,Conservador,Uzbekistan
172405,Instagram,2024-10-16,Não Convertido,,0.0,Desconhecido,Saint Kitts and Nevis
172406,Google Ads,2024-10-15,Não Convertido,,0.0,Moderado,Antarctica (the territory South of 60 deg S)
172407,Instagram,2024-10-15,Não Convertido,,0.0,Moderado,Gabon
172408,TikTok,2024-10-14,Não Convertido,,0.0,Moderado,Guatemala
172409,Instagram,2024-10-14,Não Convertido,,0.0,Agressivo,Eritrea
172410,WhatsApp,2024-10-18,Não Convertido,,0.0,Moderado,Lebanon
172411,TikTok,2024-10-19,Convertido,4.0,7848.42,Moderado,Canada
172412,Instagram,2024-10-15,Não Convertido,,0.0,Agressivo,Reunion
172413,TikTok,2024-10-19,Não Convertido,,0.0,Agressivo,Myanmar
172414,Orgânico,2024-10-14,Convertido,7.0,2706.45,Agressivo,Eritrea
172415,Google Ads,2024-10-14,Não Convertido,,0.0,Desconhecido,Korea
172416,Instagram,2024-10-15,Não Convertido,,0.0,Moderado,Yemen
172417,Orgânico,2024-10-19,Não Convertido,,0.0,Moderado,Saint Helena
172418,YouTube Ads,2024-10-18,Não Convertido,,0.0,Agressivo,Thailand
172419,Facebook,2024-10-17,Não Convertido,,0.0,Moderado,Thailand
172420,Orgânico,2024-10-15,Não Convertido,,0.0,Moderado,Faroe Islands
172421,Google Ads,2024-10-17,Não Convertido,,0.0,Conservador,Belgium
172422,Orgânico,2024-10-18,Não Convertido,,0.0,Moderado,Fiji
172423,TikTok,2024-10-16,Não Convertido,,0.0,Moderado,Sao Tome and Principe
172424,WhatsApp,2024-10-14,Não Convertido,,0.0,Agressivo,Barbados
172425,Google Ads,2024-10-19,Não Convertido,,0.0,Conservador,Western Sahara
172426,Google Ads,2024-10-18,Não Convertido,,0.0,Moderado,Togo
172427,TikTok,2024-10-15,Não Convertido,,0.0,Desconhecido,Kyrgyz Republic
172428,Facebook,2024-10-15,Não Convertido,,0.0,Agressivo,Qatar
172429,WhatsApp,2024-10-18,Convertido,23.0,9131.65,Agressivo,Oman
172430,YouTube Ads,2024-10-15,Não Convertido,,0.0,Moderado,Paraguay
172431,Facebook,2024-10-17,Não Convertido,,0.0,Moderado,Zimbabwe
172432,Orgânico,2024-10-16,Não Convertido,,0.0,Desconhecido,Bosnia and Herzegovina
172433,Orgânico,2024-10-14,Não Convertido,,0.0,Agressivo,Antigua and Barbuda
172434,Facebook,2024-10-16,Não Convertido,,0.0,Moderado,Fiji
172435,Facebook,2024-10-17,Não Convertido,,0.0,Moderado,Malaysia
172436,Indicação,2024-10-14,Não Convertido,,0.0,Moderado,Northern Mariana Islands
172437,Indicação,2024-10-14,Não Convertido,,0.0,Conservador,Congo
172438,Google Ads,2024-10-17,Não Convertido,,0.0,Agressivo,Comoros
172439,Indicação,2024-10-14,Não Convertido,,0.0,Moderado,Luxembourg
172440,Orgânico,2024-10-15,Não Convertido,,0.0,Desconhecido,Burundi
172441,YouTube Ads,2024-10-16,Não Convertido,,0.0,Agressivo,Nauru
172442,Indicação,2024-10-14,Não Convertido,,0.0,Desconhecido,Guadeloupe
172443,Google Ads,2024-10-17,Não Convertido,,0.0,Agressivo,Germany
172444,Google Ads,2024-10-14,Não Convertido,,0.0,Moderado,British Virgin Islands
172445,Orgânico,2024-10-17,Não Convertido,,0.0,Agressivo,Norfolk Island
172446,E-mail Marketing,2024-10-16,Não Convertido,,0.0,Moderado,Trinidad and Tobago
172447,Orgânico,2024-10-17,Não Convertido,,0.0,Agressivo,Jersey
172448,TikTok,2024-10-15,Não Convertido,,0.0,Conservador,Czech Republic
172449,YouTube Ads,2024-10-19,Não Convertido,,0.0,Agressivo,Romania
172450,Instagram,2024-10-15,Não Convertido,,0.0,Moderado,Kiribati
172451,YouTube Ads,2024-10-19,Não Convertido,,0.0,Moderado,Spain
172452,Indicação,2024-10-17,Não Convertido,,0.0,Agressivo,Malta
172453,Orgânico,2024-10-16,Não Convertido,,0.0,Moderado,Tonga
172454,E-mail Marketing,2024-10-19,Não Convertido,,0.0,Agressivo,Samoa
172455,E-mail Marketing,2024-10-17,Não Convertido,,0.0,Moderado,Saint Pierre and Miquelon
172456,Orgânico,2024-10-17,Não Convertido,,0.0,Moderado,Mongolia
172457,Instagram,2024-10-15,Não Convertido,,0.0,Moderado,Sri Lanka
172458,Orgânico,2024-10-14,Não Convertido,,0.0,Moderado,Austria
172459,TikTok,2024-10-16,Não Convertido,,0.0,Moderado,Bulgaria
172460,Instagram,2024-10-19,Não Convertido,,0.0,Agressivo,United Kingdom
172461,TikTok,2024-10-16,Não Convertido,,0.0,Agressivo,Antigua and Barbuda
172462,Google Ads,2024-10-17,Não Convertido,,0.0,Desconhecido,Andorra
172463,Instagram,2024-10-18,Não Convertido,,0.0,Conservador,British Indian Ocean Territory (Chagos Archipelago)
172464,WhatsApp,2024-10-18,Não Convertido,,0.0,Moderado,Bhutan
172465,Facebook,2024-10-15,Não Convertido,,0.0,Moderado,Central African Republic
172466,YouTube Ads,2024-10-14,Não Convertido,,0.0,Desconhecido,Ecuador
172467,Orgânico,2024-10-15,Não Convertido,,0.0,Moderado,Lebanon
172468,Indicação,2024-10-19,Não Convertido,,0.0,Moderado,Ukraine
172469,Google Ads,2024-10-19,Não Convertido,,0.0,Agressivo,Madagascar
172470,Instagram,2024-10-15,Não Convertido,,0.0,Agressivo,Wallis and Futuna
172471,E-mail Marketing,2024-10-18,Não Convertido,,0.0,Agressivo,Austria
172472,Orgânico,2024-10-15,Não Convertido,,0.0,Conservador,India
172473,Orgânico,2024-10-19,Não Convertido,,0.0,Conservador,Guinea
172474,Google Ads,2024-10-16,Não Convertido,,0.0,Agressivo,Guadeloupe
172475,Instagram,2024-10-18,Não Convertido,,0.0,Moderado,Egypt
172476,WhatsApp,2024-10-18,Não Convertido,,0.0,Moderado,Serbia
172477,YouTube Ads,2024-10-18,Não Convertido,,0.0,Moderado,Samoa
172478,Orgânico,2024-10-14,Não Convertido,,0.0,Moderado,Guam
172479,Instagram,2024-10-17,Não Convertido,,0.0,Agressivo,Senegal
172480,Instagram,2024-10-16,Não Convertido,,0.0,Agressivo,Tajikistan
172481,E-mail Marketing,2024-10-14,Não Convertido,,0.0,Moderado,Falkland Islands (Malvinas)
172482,Orgânico,2024-10-19,Não Convertido,,0.0,Desconhecido,Niger
172483,Orgânico,2024-10-17,Não Convertido,,0.0,Agressivo,Nauru
172484,Facebook,2024-10-17,Não Convertido,,0.0,Agressivo,British Indian Ocean Territory (Chagos Archipelago)
172485,E-mail Marketing,2024-10-16,Convertido,17.0,9454.08,Moderado,Albania
172486,Orgânico,2024-10-14,Convertido,18.0,7137.38,Agressivo,Lithuania
172487,E-mail Marketing,2024-10-14,Não Convertido,,0.0,Conservador,El Salvador
172488,Facebook,2024-10-15,Não Convertido,,0.0,Agressivo,Guinea
172489,Orgânico,2024-10-19,Não Convertido,,0.0,Moderado,Bahrain
172490,Orgânico,2024-10-15,Não Convertido,,0.0,Conservador,Gabon
172491,E-mail Marketing,2024-10-14,Não Convertido,,0.0,Conservador,Faroe Islands
172492,Facebook,2024-10-14,Não Convertido,,0.0,Agressivo,Japan
172493,Google Ads,2024-10-15,Não Convertido,,0.0,Desconhecido,Saint Kitts and Nevis
172494,Facebook,2024-10-18,Não Convertido,,0.0,Moderado,Mexico
172495,WhatsApp,2024-10-16,Convertido,19.0,4598.01,Moderado,Ecuador
172496,Facebook,2024-10-19,Não Convertido,,0.0,Moderado,Korea
172497,TikTok,2024-10-17,Não Convertido,,0.0,Agressivo,Kiribati
172498,TikTok,2024-10-15,Não Convertido,,0.0,Conservador,Bosnia and Herzegovina
172499,Indicação,2024-10-17,Não Convertido,,0.0,Agressivo,Panama
172500,TikTok,2024-10-18,Não Convertido,,0.0,Desconhecido,Equatorial Guinea
172501,Orgânico,2024-10-17,Não Convertido,,0.0,Moderado,Burundi
172502,Facebook,2024-10-15,Não Convertido,,0.0,Moderado,Montserrat
172503,Facebook,2024-10-19,Não Convertido,,0.0,Desconhecido,Ireland
172504,Google Ads,2024-10-17,Não Convertido,,0.0,Conservador,Armenia
172505,Orgânico,2024-10-18,Não Convertido,,0.0,Agressivo,Luxembourg
172506,Orgânico,2024-10-14,Não Convertido,,0.0,Moderado,Pakistan
172507,Instagram,2024-10-17,Não Convertido,,0.0,Agressivo,San Marino
172508,Orgânico,2024-10-17,Não Convertido,,0.0,Conservador,El Salvador
172509,E-mail Marketing,2024-10-19,Não Convertido,,0.0,Conservador,British Indian Ocean Territory (Chagos Archipelago)
172510,WhatsApp,2024-10-16,Não Convertido,,0.0,Moderado,Turks and Caicos Islands
172511,Google Ads,2024-10-19,Não Convertido,,0.0,Agressivo,Oman
172512,TikTok,2024-10-17,Não Convertido,,0.0,Conservador,Colombia
172513,Orgânico,2024-10-14,Não Convertido,,0.0,Conservador,Bahrain
172514,Instagram,2024-10-15,Não Convertido,,0.0,Desconhecido,Kyrgyz Republic
172515,Facebook,2024-10-19,Não Convertido,,0.0,Moderado,Palestinian Territory
172516,WhatsApp,2024-10-18,Não Convertido,,0.0,Moderado,French Polynesia
172517,TikTok,2024-10-19,Não Convertido,,0.0,Desconhecido,Marshall Islands
172518,Orgânico,2024-10-15,Não Convertido,,0.0,Agressivo,Bahamas
172519,Orgânico,2024-10-17,Não Convertido,,0.0,Agressivo,Azerbaijan
172520,Facebook,2024-10-17,Não Convertido,,0.0,Moderado,Kyrgyz Republic
172521,Orgânico,2024-10-18,Não Convertido,,0.0,Moderado,Liberia
172522,Instagram,2024-10-18,Não Convertido,,0.0,Agressivo,South Africa
172523,Orgânico,2024-10-15,Convertido,9.0,8650.52,Moderado,Antarctica (the territory South of 60 deg S)
172524,WhatsApp,2024-10-19,Não Convertido,,0.0,Agressivo,Japan
172525,Facebook,2024-10-15,Não Convertido,,0.0,Moderado,Macao
172526,Instagram,2024-10-15,Não Convertido,,0.0,Agressivo,Bosnia and Herzegovina
172527,YouTube Ads,2024-10-19,Não Convertido,,0.0,Desconhecido,Georgia
172528,Orgânico,2024-10-16,Não Convertido,,0.0,Moderado,Benin
172529,Orgânico,2024-10-17,Não Convertido,,0.0,Moderado,Mauritius
172530,E-mail Marketing,2024-10-14,Não Convertido,,0.0,Conservador,Macao
172531,Facebook,2024-10-14,Não Convertido,,0.0,Conservador,Austria
172532,Orgânico,2024-10-14,Não Convertido,,0.0,Agressivo,Burundi
172533,TikTok,2024-10-18,Não Convertido,,0.0,Moderado,Taiwan
172534,Facebook,2024-10-17,Não Convertido,,0.0,Conservador,Bermuda
172535,TikTok,2024-10-15,Não Convertido,,0.0,Moderado,Tuvalu
172536,Instagram,2024-10-14,Convertido,28.0,3615.9,Moderado,Estonia
172537,E-mail Marketing,2024-10-18,Não Convertido,,0.0,Moderado,Switzerland
172538,WhatsApp,2024-10-16,Não Convertido,,0.0,Agressivo,Mali
172539,WhatsApp,2024-10-18,Não Convertido,,0.0,Agressivo,United States Virgin Islands
172540,Orgânico,2024-10-19,Não Convertido,,0.0,Agressivo,Bahrain
172541,Indicação,2024-10-15,Convertido,8.0,7364.49,Moderado,Morocco
172542,Facebook,2024-10-14,Não Convertido,,0.0,Moderado,Turkey
172543,Orgânico,2024-10-14,Não Convertido,,0.0,Moderado,Tuvalu
172544,TikTok,2024-10-15,Não Convertido,,0.0,Conservador,Chile
172545,WhatsApp,2024-10-16,Não Convertido,,0.0,Conservador,Azerbaijan
172546,Instagram,2024-10-16,Não Convertido,,0.0,Agressivo,Kenya
172547,Orgânico,2024-10-17,Não Convertido,,0.0,Moderado,Montenegro
172548,TikTok,2024-10-14,Não Convertido,,0.0,Moderado,Vanuatu
172549,Indicação,2024-10-16,Não Convertido,,0.0,Conservador,Chad
172550,TikTok,2024-10-16,Não Convertido,,0.0,Conservador,Denmark
172551,Instagram,2024-10-16,Não Convertido,,0.0,Conservador,Malaysia
172552,E-mail Marketing,2024-10-16,Não Convertido,,0.0,Conservador,Colombia
172553,E-mail Marketing,2024-10-18,Não Convertido,,0.0,Agressivo,Tonga
172554,Orgânico,2024-10-16,Não Convertido,,0.0,Agressivo,French Guiana
172555,WhatsApp,2024-10-14,Não Convertido,,0.0,Moderado,Samoa
172556,Google Ads,2024-10-15,Não Convertido,,0.0,Moderado,Bouvet Island (Bouvetoya)
172557,YouTube Ads,2024-10-14,Não Convertido,,0.0,Agressivo,Saint Vincent and the Grenadines
172558,Facebook,2024-10-17,Não Convertido,,0.0,Moderado,Slovakia (Slovak Republic)
172559,E-mail Marketing,2024-10-16,Não Convertido,,0.0,Agressivo,New Caledonia
172560,Orgânico,2024-10-14,Não Convertido,,0.0,Conservador,Ghana
172561,TikTok,2024-10-16,Não Convertido,,0.0,Moderado,Cuba
172562,TikTok,2024-10-17,Não Convertido,,0.0,Agressivo,Senegal
172563,Instagram,2024-10-14,Não Convertido,,0.0,Moderado,British Indian Ocean Territory (Chagos Archipelago)
172564,Orgânico,2024-10-15,Não Convertido,,0.0,Moderado,Armenia
172565,Instagram,2024-10-17,Não Convertido,,0.0,Moderado,Brunei Darussalam
172566,Instagram,2024-10-14,Não Convertido,,0.0,Desconhecido,Kazakhstan
172567,WhatsApp,2024-10-15,Não Convertido,,0.0,Desconhecido,Saint Lucia
172568,E-mail Marketing,2024-10-14,Não Convertido,,0.0,Moderado,North Macedonia
172569,Instagram,2024-10-15,Não Convertido,,0.0,Agressivo,Korea
172570,Facebook,2024-10-15,Não Convertido,,0.0,Desconhecido,Aruba
172571,TikTok,2024-10-14,Não Convertido,,0.0,Agressivo,Andorra
172572,Orgânico,2024-10-19,Não Convertido,,0.0,Conservador,Barbados
172573,E-mail Marketing,2024-10-14,Não Convertido,,0.0,Agressivo,Australia
172574,Indicação,2024-10-19,Não Convertido,,0.0,Conservador,Liechtenstein
172575,YouTube Ads,2024-10-14,Não Convertido,,0.0,Agressivo,Haiti
172576,TikTok,2024-10-14,Não Convertido,,0.0,Conservador,Kyrgyz Republic
172577,Instagram,2024-10-19,Não Convertido,,0.0,Moderado,Peru
172578,YouTube Ads,2024-10-19,Convertido,24.0,2014.99,Agressivo,Seychelles
172579,Google Ads,2024-10-17,Não Convertido,,0.0,Moderado,Honduras
172580,TikTok,2024-10-14,Não Convertido,,0.0,Moderado,Montserrat
172581,TikTok,2024-10-19,Não Convertido,,0.0,Moderado,Saint Kitts and Nevis
172582,Google Ads,2024-10-15,Não Convertido,,0.0,Moderado,India
172583,YouTube Ads,2024-10-19,Não Convertido,,0.0,Moderado,United States Virgin Islands
172584,Instagram,2024-10-19,Não Convertido,,0.0,Desconhecido,Bhutan
172585,Indicação,2024-10-15,Não Convertido,,0.0,Conservador,Swaziland
172586,Orgânico,2024-10-14,Não Convertido,,0.0,Moderado,Wallis and Futuna
172587,Facebook,2024-10-19,Não Convertido,,0.0,Desconhecido,Uzbekistan
172588,Google Ads,2024-10-16,Não Convertido,,0.0,Agressivo,Guinea-Bissau
172589,E-mail Marketing,2024-10-18,Não Convertido,,0.0,Conservador,Saint Barthelemy
172590,TikTok,2024-10-16,Não Convertido,,0.0,Moderado,Portugal
172591,WhatsApp,2024-10-18,Não Convertido,,0.0,Desconhecido,Tonga
172592,TikTok,2024-10-17,Não Convertido,,0.0,Moderado,Georgia
172593,Google Ads,2024-10-17,Não Convertido,,0.0,Moderado,Lao People's Democratic Republic
172594,Facebook,2024-10-16,Não Convertido,,0.0,Moderado,Samoa
172595,Facebook,2024-10-15,Não Convertido,,0.0,Conservador,Zimbabwe
172596,Facebook,2024-10-19,Não Convertido,,0.0,Moderado,Afghanistan
172597,Orgânico,2024-10-16,Não Convertido,,0.0,Agressivo,British Indian Ocean Territory (Chagos Archipelago)
172598,YouTube Ads,2024-10-16,Não Convertido,,0.0,Desconhecido,New Caledonia
172599,E-mail Marketing,2024-10-16,Não Convertido,,0.0,Moderado,South Georgia and the South Sandwich Islands
172600,WhatsApp,2024-10-14,Não Convertido,,0.0,Moderado,Moldova
172601,Orgânico,2024-10-14,Não Convertido,,0.0,Moderado,Sierra Leone
172602,Instagram,2024-10-15,Não Convertido,,0.0,Desconhecido,Bolivia
172603,Instagram,2024-10-18,Não Convertido,,0.0,Agressivo,Mozambique
172604,YouTube Ads,2024-10-14,Não Convertido,,0.0,Moderado,Turkmenistan
172605,Facebook,2024-10-17,Não Convertido,,0.0,Conservador,Guadeloupe
172606,Google Ads,2024-10-15,Não Convertido,,0.0,Conservador,Venezuela
172607,E-mail Marketing,2024-10-18,Não Convertido,,0.0,Moderado,Bermuda
172608,Indicação,2024-10-15,Não Convertido,,0.0,Desconhecido,British Virgin Islands
172609,E-mail Marketing,2024-10-19,Não Convertido,,0.0,Moderado,Micronesia
172610,Google Ads,2024-10-14,Não Convertido,,0.0,Moderado,Georgia
172611,Google Ads,2024-10-15,Não Convertido,,0.0,Agressivo,Aruba
172612,E-mail Marketing,2024-10-14,Não Convertido,,0.0,Conservador,Korea
172613,E-mail Marketing,2024-10-17,Não Convertido,,0.0,Moderado,Peru
172614,E-mail Marketing,2024-10-18,Não Convertido,,0.0,Moderado,Malta
172615,Instagram,2024-10-14,Não Convertido,,0.0,Conservador,Guadeloupe
172616,TikTok,2024-10-19,Não Convertido,,0.0,Conservador,Madagascar
172617,Google Ads,2024-10-14,Não Convertido,,0.0,Moderado,Libyan Arab Jamahiriya
172618,Orgânico,2024-10-18,Não Convertido,,0.0,Agressivo,Costa Rica
172619,Google Ads,2024-10-14,Não Convertido,,0.0,Agressivo,Nepal
172620,YouTube Ads,2024-10-16,Não Convertido,,0.0,Agressivo,Malawi
172621,Orgânico,2024-10-16,Não Convertido,,0.0,Conservador,Ethiopia
172622,WhatsApp,2024-10-15,Não Convertido,,0.0,Conservador,Saint Pierre and Miquelon
172623,Orgânico,2024-10-19,Não Convertido,,0.0,Conservador,Samoa
172624,TikTok,2024-10-17,Não Convertido,,0.0,Agressivo,Qatar
172625,Orgânico,2024-10-15,Não Convertido,,0.0,Conservador,Antigua and Barbuda
172626,WhatsApp,2024-10-14,Não Convertido,,0.0,Moderado,Bolivia
172627,TikTok,2024-10-18,Não Convertido,,0.0,Agressivo,Slovenia
172628,Instagram,2024-10-17,Não Convertido,,0.0,Moderado,Kazakhstan
172629,TikTok,2024-10-19,Não Convertido,,0.0,Moderado,Saudi Arabia
172630,Indicação,2024-10-18,Não Convertido,,0.0,Agressivo,North Macedonia
172631,Orgânico,2024-10-19,Não Convertido,,0.0,Agressivo,Solomon Islands
172632,Orgânico,2024-10-19,Não Convertido,,0.0,Conservador,Iceland
172633,TikTok,2024-10-17,Não Convertido,,0.0,Moderado,Nicaragua
172634,Instagram,2024-10-14,Não Convertido,,0.0,Desconhecido,Russian Federation
172635,Orgânico,2024-10-17,Não Convertido,,0.0,Agressivo,Iraq
172636,Facebook,2024-10-18,Não Convertido,,0.0,Moderado,Falkland Islands (Malvinas)
172637,Facebook,2024-10-19,Não Convertido,,0.0,Moderado,Botswana
172638,Google Ads,2024-10-14,Não Convertido,,0.0,Desconhecido,Netherlands Antilles
172639,E-mail Marketing,2024-10-15,Não Convertido,,0.0,Moderado,Liberia
172640,YouTube Ads,2024-10-15,Não Convertido,,0.0,Moderado,Lebanon
172641,Instagram,2024-10-15,Não Convertido,,0.0,Desconhecido,Oman
172642,Instagram,2024-10-18,Não Convertido,,0.0,Desconhecido,Trinidad and Tobago
172643,Google Ads,2024-10-14,Não Convertido,,0.0,Agressivo,Comoros
172644,Orgânico,2024-10-18,Não Convertido,,0.0,Moderado,Chile
172645,Orgânico,2024-10-19,Não Convertido,,0.0,Desconhecido,Dominica
172646,Instagram,2024-10-15,Não Convertido,,0.0,Moderado,Algeria
172647,Facebook,2024-10-17,Não Convertido,,0.0,Agressivo,Serbia
172648,TikTok,2024-10-16,Não Convertido,,0.0,Moderado,Bermuda
172649,Instagram,2024-10-19,Não Convertido,,0.0,Agressivo,Vanuatu
172650,Instagram,2024-10-18,Não Convertido,,0.0,Agressivo,Christmas Island
172651,Instagram,2024-10-14,Não Convertido,,0.0,Agressivo,El Salvador
172652,Google Ads,2024-10-14,Não Convertido,,0.0,Conservador,Afghanistan
172653,Google Ads,2024-10-14,Não Convertido,,0.0,Conservador,Slovenia
172654,TikTok,2024-10-15,Não Convertido,,0.0,Agressivo,Czech Republic
172655,E-mail Marketing,2024-10-17,Não Convertido,,0.0,Conservador,Myanmar
172656,TikTok,2024-10-18,Não Convertido,,0.0,Conservador,Tokelau
172657,E-mail Marketing,2024-10-16,Não Convertido,,0.0,Agressivo,Kiribati
172658,Instagram,2024-10-14,Não Convertido,,0.0,Desconhecido,Hungary
172659,Facebook,2024-10-17,Não Convertido,,0.0,Agressivo,France
