lead_id,origem,data_cadastro,status_conversao,dias_ate_1o_trade,valor_deposito,perfil,pais
118244,TikTok,2024-06-19,Não Convertido,,0.0,Agressivo,United States of America
118245,Orgânico,2024-06-17,Não Convertido,,0.0,Moderado,Slovakia (Slovak Republic)
118246,Orgânico,2024-06-21,Não Convertido,,0.0,Moderado,Belgium
118247,Google Ads,2024-06-18,Não Convertido,,0.0,Moderado,Uzbekistan
118248,Instagram,2024-06-18,Não Convertido,,0.0,Moderado,Christmas Island
118249,Instagram,2024-06-18,Não Convertido,,0.0,Desconhecido,Christmas Island
118250,E-mail Marketing,2024-06-21,Não Convertido,,0.0,Desconhecido,Macao
118251,TikTok,2024-06-17,Não Convertido,,0.0,Moderado,Central African Republic
118252,E-mail Marketing,2024-06-21,Não Convertido,,0.0,Agressivo,French Polynesia
118253,Indicação,2024-06-20,Não Convertido,,0.0,Moderado,Tanzania
118254,Facebook,2024-06-18,Não Convertido,,0.0,Moderado,Cambodia
118255,E-mail Marketing,2024-06-18,Não Convertido,,0.0,Conservador,Wallis and Futuna
118256,E-mail Marketing,2024-06-21,Não Convertido,,0.0,Moderado,Equatorial Guinea
118257,Orgânico,2024-06-21,Não Convertido,,0.0,Conservador,Ghana
118258,E-mail Marketing,2024-06-17,Não Convertido,,0.0,Conservador,Maldives
118259,WhatsApp,2024-06-18,Não Convertido,,0.0,Moderado,Antigua and Barbuda
118260,YouTube Ads,2024-06-19,Convertido,26.0,8724.38,Agressivo,Taiwan
118261,Facebook,2024-06-17,Não Convertido,,0.0,Agressivo,Denmark
118262,WhatsApp,2024-06-20,Não Convertido,,0.0,Agressivo,Suriname
118263,Instagram,2024-06-18,Não Convertido,,0.0,Conservador,Cote d'Ivoire
118264,Instagram,2024-06-17,Não Convertido,,0.0,Conservador,Greece
118265,Instagram,2024-06-22,Não Convertido,,0.0,Agressivo,Greece
118266,TikTok,2024-06-18,Não Convertido,,0.0,Conservador,Falkland Islands (Malvinas)
118267,E-mail Marketing,2024-06-17,Não Convertido,,0.0,Conservador,Uzbekistan
118268,TikTok,2024-06-21,Não Convertido,,0.0,Moderado,Venezuela
118269,YouTube Ads,2024-06-17,Não Convertido,,0.0,Agressivo,Guam
118270,TikTok,2024-06-22,Não Convertido,,0.0,Conservador,Chile
118271,Orgânico,2024-06-18,Não Convertido,,0.0,Agressivo,Aruba
118272,TikTok,2024-06-22,Não Convertido,,0.0,Agressivo,Australia
118273,Indicação,2024-06-21,Não Convertido,,0.0,Conservador,India
118274,Orgânico,2024-06-19,Não Convertido,,0.0,Agressivo,Mozambique
118275,Orgânico,2024-06-21,Não Convertido,,0.0,Agressivo,United States Virgin Islands
118276,TikTok,2024-06-18,Não Convertido,,0.0,Conservador,Mali
118277,Google Ads,2024-06-22,Não Convertido,,0.0,Moderado,Sri Lanka
118278,Indicação,2024-06-18,Convertido,18.0,5515.28,Agressivo,Senegal
118279,Orgânico,2024-06-21,Não Convertido,,0.0,Agressivo,Venezuela
118280,Instagram,2024-06-22,Não Convertido,,0.0,Moderado,Samoa
118281,Instagram,2024-06-21,Não Convertido,,0.0,Agressivo,Maldives
118282,TikTok,2024-06-18,Não Convertido,,0.0,Moderado,Wallis and Futuna
118283,Instagram,2024-06-17,Não Convertido,,0.0,Agressivo,Bolivia
118284,Facebook,2024-06-21,Não Convertido,,0.0,Agressivo,Montenegro
118285,YouTube Ads,2024-06-21,Não Convertido,,0.0,Desconhecido,Puerto Rico
118286,Indicação,2024-06-19,Não Convertido,,0.0,Desconhecido,Sudan
118287,Facebook,2024-06-22,Não Convertido,,0.0,Conservador,Indonesia
118288,TikTok,2024-06-20,Não Convertido,,0.0,Moderado,Ecuador
118289,E-mail Marketing,2024-06-19,Não Convertido,,0.0,Conservador,Mauritania
118290,Orgânico,2024-06-21,Não Convertido,,0.0,Moderado,France
118291,E-mail Marketing,2024-06-19,Não Convertido,,0.0,Agressivo,Central African Republic
118292,YouTube Ads,2024-06-17,Não Convertido,,0.0,Desconhecido,Switzerland
118293,Orgânico,2024-06-17,Não Convertido,,0.0,Agressivo,Guernsey
118294,Facebook,2024-06-18,Não Convertido,,0.0,Conservador,Syrian Arab Republic
118295,Instagram,2024-06-17,Não Convertido,,0.0,Conservador,Timor-Leste
118296,Orgânico,2024-06-17,Não Convertido,,0.0,Conservador,Eritrea
118297,WhatsApp,2024-06-21,Não Convertido,,0.0,Agressivo,Honduras
118298,TikTok,2024-06-21,Não Convertido,,0.0,Agressivo,Sudan
118299,YouTube Ads,2024-06-18,Não Convertido,,0.0,Moderado,Switzerland
118300,Instagram,2024-06-19,Não Convertido,,0.0,Moderado,Maldives
118301,Facebook,2024-06-18,Não Convertido,,0.0,Moderado,Hungary
118302,Orgânico,2024-06-18,Não Convertido,,0.0,Agressivo,Algeria
118303,TikTok,2024-06-17,Não Convertido,,0.0,Agressivo,Congo
118304,Google Ads,2024-06-18,Não Convertido,,0.0,Moderado,Guinea
118305,Facebook,2024-06-21,Não Convertido,,0.0,Agressivo,Iran
118306,TikTok,2024-06-18,Não Convertido,,0.0,Agressivo,British Indian Ocean Territory (Chagos Archipelago)
118307,Facebook,2024-06-20,Não Convertido,,0.0,Agressivo,Papua New Guinea
118308,WhatsApp,2024-06-18,Não Convertido,,0.0,Moderado,United States Minor Outlying Islands
118309,Facebook,2024-06-17,Não Convertido,,0.0,Conservador,Tuvalu
118310,WhatsApp,2024-06-22,Não Convertido,,0.0,Conservador,Tajikistan
118311,Google Ads,2024-06-18,Não Convertido,,0.0,Agressivo,Bulgaria
118312,Indicação,2024-06-21,Não Convertido,,0.0,Moderado,Saint Kitts and Nevis
118313,TikTok,2024-06-17,Não Convertido,,0.0,Agressivo,Bahrain
118314,Instagram,2024-06-22,Convertido,3.0,2458.31,Moderado,Taiwan
118315,E-mail Marketing,2024-06-18,Não Convertido,,0.0,Agressivo,Argentina
118316,Orgânico,2024-06-18,Não Convertido,,0.0,Moderado,Palau
118317,Orgânico,2024-06-18,Não Convertido,,0.0,Moderado,Iran
118318,Indicação,2024-06-21,Convertido,9.0,7845.46,Desconhecido,Cape Verde
118319,WhatsApp,2024-06-19,Não Convertido,,0.0,Moderado,Saudi Arabia
118320,TikTok,2024-06-17,Não Convertido,,0.0,Moderado,Hungary
118321,Instagram,2024-06-17,Não Convertido,,0.0,Agressivo,Tokelau
118322,Orgânico,2024-06-18,Não Convertido,,0.0,Moderado,Denmark
118323,Orgânico,2024-06-22,Não Convertido,,0.0,Conservador,Micronesia
118324,Instagram,2024-06-22,Não Convertido,,0.0,Moderado,Somalia
118325,Instagram,2024-06-20,Não Convertido,,0.0,Conservador,Dominica
118326,TikTok,2024-06-20,Não Convertido,,0.0,Desconhecido,El Salvador
118327,WhatsApp,2024-06-22,Não Convertido,,0.0,Agressivo,Dominican Republic
118328,Orgânico,2024-06-17,Não Convertido,,0.0,Agressivo,Sierra Leone
118329,Orgânico,2024-06-19,Não Convertido,,0.0,Moderado,Tunisia
118330,TikTok,2024-06-19,Não Convertido,,0.0,Conservador,Bulgaria
118331,TikTok,2024-06-18,Não Convertido,,0.0,Moderado,Iceland
118332,E-mail Marketing,2024-06-21,Não Convertido,,0.0,Moderado,United Kingdom
118333,Orgânico,2024-06-18,Não Convertido,,0.0,Conservador,Slovenia
118334,Indicação,2024-06-20,Não Convertido,,0.0,Moderado,Pakistan
118335,Orgânico,2024-06-17,Convertido,29.0,4876.83,Moderado,Venezuela
118336,Instagram,2024-06-18,Não Convertido,,0.0,Moderado,Singapore
118337,WhatsApp,2024-06-18,Não Convertido,,0.0,Moderado,Jamaica
118338,Instagram,2024-06-20,Não Convertido,,0.0,Moderado,Poland
118339,TikTok,2024-06-22,Não Convertido,,0.0,Agressivo,France
118340,WhatsApp,2024-06-20,Não Convertido,,0.0,Agressivo,South Georgia and the South Sandwich Islands
118341,E-mail Marketing,2024-06-21,Não Convertido,,0.0,Moderado,Georgia
118342,Facebook,2024-06-17,Não Convertido,,0.0,Desconhecido,Burkina Faso
118343,Orgânico,2024-06-21,Não Convertido,,0.0,Moderado,Marshall Islands
118344,Google Ads,2024-06-17,Não Convertido,,0.0,Agressivo,Tuvalu
118345,Instagram,2024-06-18,Não Convertido,,0.0,Moderado,Cote d'Ivoire
118346,TikTok,2024-06-22,Não Convertido,,0.0,Moderado,Austria
118347,Google Ads,2024-06-17,Não Convertido,,0.0,Agressivo,El Salvador
118348,E-mail Marketing,2024-06-21,Não Convertido,,0.0,Agressivo,China
118349,Facebook,2024-06-18,Convertido,15.0,7027.01,Agressivo,Greenland
118350,YouTube Ads,2024-06-18,Não Convertido,,0.0,Agressivo,Sudan
118351,Google Ads,2024-06-18,Não Convertido,,0.0,Moderado,Russian Federation
118352,Orgânico,2024-06-17,Não Convertido,,0.0,Moderado,Cameroon
118353,Google Ads,2024-06-22,Não Convertido,,0.0,Moderado,Cambodia
118354,Orgânico,2024-06-21,Convertido,3.0,9933.15,Agressivo,Isle of Man
118355,Orgânico,2024-06-18,Convertido,27.0,8236.93,Desconhecido,Afghanistan
118356,Orgânico,2024-06-19,Não Convertido,,0.0,Desconhecido,Namibia
118357,Orgânico,2024-06-17,Não Convertido,,0.0,Moderado,Montenegro
118358,Orgânico,2024-06-20,Não Convertido,,0.0,Conservador,Tonga
118359,Instagram,2024-06-21,Não Convertido,,0.0,Desconhecido,Central African Republic
118360,TikTok,2024-06-21,Não Convertido,,0.0,Moderado,Somalia
118361,TikTok,2024-06-18,Não Convertido,,0.0,Agressivo,Reunion
118362,Instagram,2024-06-21,Não Convertido,,0.0,Conservador,Hong Kong
118363,Orgânico,2024-06-18,Não Convertido,,0.0,Moderado,Belize
118364,WhatsApp,2024-06-17,Não Convertido,,0.0,Moderado,Brunei Darussalam
118365,Instagram,2024-06-22,Não Convertido,,0.0,Agressivo,Greenland
118366,WhatsApp,2024-06-19,Não Convertido,,0.0,Moderado,Swaziland
118367,WhatsApp,2024-06-18,Não Convertido,,0.0,Conservador,Seychelles
118368,Orgânico,2024-06-21,Não Convertido,,0.0,Conservador,Falkland Islands (Malvinas)
118369,Instagram,2024-06-19,Não Convertido,,0.0,Moderado,Chad
118370,Facebook,2024-06-19,Não Convertido,,0.0,Moderado,Maldives
118371,Orgânico,2024-06-18,Não Convertido,,0.0,Agressivo,Latvia
118372,TikTok,2024-06-18,Não Convertido,,0.0,Moderado,Sao Tome and Principe
118373,Instagram,2024-06-19,Não Convertido,,0.0,Conservador,France
118374,YouTube Ads,2024-06-21,Não Convertido,,0.0,Conservador,Bouvet Island (Bouvetoya)
118375,TikTok,2024-06-18,Não Convertido,,0.0,Conservador,Uzbekistan
118376,TikTok,2024-06-21,Não Convertido,,0.0,Agressivo,Ecuador
118377,WhatsApp,2024-06-22,Não Convertido,,0.0,Moderado,Zambia
118378,Google Ads,2024-06-17,Não Convertido,,0.0,Moderado,Egypt
118379,Instagram,2024-06-18,Não Convertido,,0.0,Agressivo,Azerbaijan
118380,Instagram,2024-06-20,Não Convertido,,0.0,Conservador,Palestinian Territory
118381,Facebook,2024-06-21,Não Convertido,,0.0,Desconhecido,Comoros
118382,WhatsApp,2024-06-20,Convertido,15.0,3930.67,Moderado,Qatar
118383,WhatsApp,2024-06-18,Não Convertido,,0.0,Agressivo,Togo
118384,Google Ads,2024-06-20,Não Convertido,,0.0,Agressivo,Greece
118385,Instagram,2024-06-20,Não Convertido,,0.0,Desconhecido,Italy
118386,Google Ads,2024-06-21,Não Convertido,,0.0,Agressivo,Australia
118387,E-mail Marketing,2024-06-17,Não Convertido,,0.0,Agressivo,Papua New Guinea
118388,TikTok,2024-06-17,Não Convertido,,0.0,Moderado,Italy
118389,Facebook,2024-06-21,Convertido,13.0,517.08,Moderado,Kiribati
118390,Instagram,2024-06-21,Não Convertido,,0.0,Agressivo,Pitcairn Islands
118391,YouTube Ads,2024-06-21,Não Convertido,,0.0,Conservador,Belarus
118392,WhatsApp,2024-06-21,Não Convertido,,0.0,Desconhecido,Nepal
118393,Facebook,2024-06-22,Não Convertido,,0.0,Desconhecido,Canada
118394,Facebook,2024-06-19,Não Convertido,,0.0,Conservador,Kenya
118395,Orgânico,2024-06-20,Não Convertido,,0.0,Moderado,Saint Vincent and the Grenadines
118396,Google Ads,2024-06-19,Não Convertido,,0.0,Moderado,Togo
118397,TikTok,2024-06-19,Não Convertido,,0.0,Agressivo,Norway
118398,Google Ads,2024-06-18,Não Convertido,,0.0,Moderado,Anguilla
118399,WhatsApp,2024-06-21,Não Convertido,,0.0,Conservador,Nicaragua
118400,Orgânico,2024-06-21,Não Convertido,,0.0,Desconhecido,Lithuania
118401,Instagram,2024-06-22,Não Convertido,,0.0,Agressivo,Saint Barthelemy
118402,YouTube Ads,2024-06-22,Não Convertido,,0.0,Desconhecido,Cook Islands
118403,Orgânico,2024-06-21,Não Convertido,,0.0,Conservador,Malaysia
118404,Orgânico,2024-06-21,Não Convertido,,0.0,Conservador,Solomon Islands
118405,E-mail Marketing,2024-06-20,Não Convertido,,0.0,Conservador,Morocco
118406,E-mail Marketing,2024-06-20,Convertido,29.0,7681.85,Agressivo,Vanuatu
118407,Facebook,2024-06-18,Não Convertido,,0.0,Agressivo,Brunei Darussalam
118408,WhatsApp,2024-06-17,Não Convertido,,0.0,Desconhecido,Eritrea
118409,WhatsApp,2024-06-17,Não Convertido,,0.0,Moderado,Liberia
118410,E-mail Marketing,2024-06-18,Não Convertido,,0.0,Moderado,Barbados
118411,Instagram,2024-06-20,Não Convertido,,0.0,Moderado,Peru
118412,WhatsApp,2024-06-20,Não Convertido,,0.0,Agressivo,Bhutan
118413,Google Ads,2024-06-17,Não Convertido,,0.0,Agressivo,Libyan Arab Jamahiriya
118414,YouTube Ads,2024-06-18,Não Convertido,,0.0,Moderado,China
118415,Orgânico,2024-06-21,Não Convertido,,0.0,Moderado,Tuvalu
118416,Orgânico,2024-06-19,Não Convertido,,0.0,Agressivo,Guyana
118417,YouTube Ads,2024-06-20,Não Convertido,,0.0,Conservador,French Southern Territories
118418,Orgânico,2024-06-20,Não Convertido,,0.0,Agressivo,Dominican Republic
118419,E-mail Marketing,2024-06-20,Não Convertido,,0.0,Agressivo,Palestinian Territory
118420,WhatsApp,2024-06-19,Convertido,15.0,5379.5,Moderado,Czech Republic
118421,Orgânico,2024-06-22,Não Convertido,,0.0,Agressivo,Netherlands Antilles
118422,Indicação,2024-06-17,Não Convertido,,0.0,Agressivo,Sudan
118423,Orgânico,2024-06-18,Não Convertido,,0.0,Desconhecido,Montserrat
118424,Orgânico,2024-06-19,Não Convertido,,0.0,Moderado,Tuvalu
118425,Orgânico,2024-06-19,Não Convertido,,0.0,Moderado,Tokelau
118426,TikTok,2024-06-18,Não Convertido,,0.0,Moderado,Serbia
118427,E-mail Marketing,2024-06-22,Não Convertido,,0.0,Moderado,Palau
118428,Instagram,2024-06-19,Não Convertido,,0.0,Agressivo,South Africa
118429,Orgânico,2024-06-17,Convertido,0.0,2285.57,Moderado,Chile
118430,Instagram,2024-06-22,Não Convertido,,0.0,Agressivo,Madagascar
118431,Indicação,2024-06-17,Não Convertido,,0.0,Moderado,Cyprus
118432,Instagram,2024-06-19,Não Convertido,,0.0,Conservador,Luxembourg
118433,TikTok,2024-06-19,Não Convertido,,0.0,Desconhecido,Israel
118434,YouTube Ads,2024-06-21,Não Convertido,,0.0,Moderado,French Guiana
118435,E-mail Marketing,2024-06-18,Não Convertido,,0.0,Agressivo,Angola
118436,Instagram,2024-06-18,Convertido,13.0,4620.7,Moderado,Equatorial Guinea
118437,Instagram,2024-06-22,Não Convertido,,0.0,Agressivo,Saint Lucia
118438,Google Ads,2024-06-18,Convertido,1.0,9163.4,Agressivo,Sri Lanka
118439,Google Ads,2024-06-18,Não Convertido,,0.0,Desconhecido,Saint Kitts and Nevis
118440,E-mail Marketing,2024-06-22,Não Convertido,,0.0,Moderado,Nicaragua
118441,Instagram,2024-06-20,Não Convertido,,0.0,Agressivo,Sri Lanka
118442,E-mail Marketing,2024-06-19,Não Convertido,,0.0,Conservador,Zambia
118443,TikTok,2024-06-21,Não Convertido,,0.0,Desconhecido,Guyana
118444,E-mail Marketing,2024-06-19,Não Convertido,,0.0,Conservador,Croatia
118445,Instagram,2024-06-20,Não Convertido,,0.0,Agressivo,Guernsey
118446,Orgânico,2024-06-22,Não Convertido,,0.0,Moderado,Guinea
118447,YouTube Ads,2024-06-22,Não Convertido,,0.0,Moderado,Spain
118448,Orgânico,2024-06-18,Não Convertido,,0.0,Agressivo,Lao People's Democratic Republic
118449,Instagram,2024-06-19,Não Convertido,,0.0,Agressivo,United Arab Emirates
118450,Indicação,2024-06-18,Não Convertido,,0.0,Desconhecido,Qatar
118451,Orgânico,2024-06-19,Não Convertido,,0.0,Moderado,Angola
118452,TikTok,2024-06-19,Não Convertido,,0.0,Desconhecido,Central African Republic
118453,YouTube Ads,2024-06-20,Não Convertido,,0.0,Moderado,Tonga
118454,E-mail Marketing,2024-06-22,Não Convertido,,0.0,Conservador,Guatemala
118455,WhatsApp,2024-06-20,Não Convertido,,0.0,Conservador,Rwanda
118456,Instagram,2024-06-20,Não Convertido,,0.0,Conservador,Tonga
118457,WhatsApp,2024-06-18,Não Convertido,,0.0,Moderado,Peru
118458,Google Ads,2024-06-19,Não Convertido,,0.0,Agressivo,Somalia
118459,TikTok,2024-06-20,Não Convertido,,0.0,Moderado,Norway
118460,TikTok,2024-06-18,Não Convertido,,0.0,Agressivo,New Zealand
118461,WhatsApp,2024-06-17,Não Convertido,,0.0,Moderado,Aruba
118462,Orgânico,2024-06-21,Não Convertido,,0.0,Moderado,Israel
118463,Orgânico,2024-06-18,Não Convertido,,0.0,Moderado,Cuba
118464,TikTok,2024-06-22,Não Convertido,,0.0,Conservador,Heard Island and McDonald Islands
118465,Facebook,2024-06-18,Não Convertido,,0.0,Agressivo,Zambia
118466,Facebook,2024-06-21,Convertido,0.0,5147.74,Agressivo,Spain
118467,Instagram,2024-06-20,Não Convertido,,0.0,Desconhecido,Brazil
118468,TikTok,2024-06-17,Não Convertido,,0.0,Conservador,Guinea-Bissau
118469,Orgânico,2024-06-19,Não Convertido,,0.0,Agressivo,Malaysia
118470,E-mail Marketing,2024-06-21,Não Convertido,,0.0,Moderado,Wallis and Futuna
118471,Facebook,2024-06-20,Não Convertido,,0.0,Agressivo,Ukraine
118472,TikTok,2024-06-18,Não Convertido,,0.0,Conservador,Solomon Islands
118473,E-mail Marketing,2024-06-20,Não Convertido,,0.0,Desconhecido,Iran
118474,TikTok,2024-06-17,Não Convertido,,0.0,Conservador,Latvia
118475,Orgânico,2024-06-21,Não Convertido,,0.0,Moderado,Wallis and Futuna
118476,YouTube Ads,2024-06-21,Não Convertido,,0.0,Moderado,Christmas Island
118477,Instagram,2024-06-20,Não Convertido,,0.0,Conservador,Burundi
118478,YouTube Ads,2024-06-17,Não Convertido,,0.0,Moderado,Japan
118479,Orgânico,2024-06-20,Não Convertido,,0.0,Conservador,Iceland
118480,Orgânico,2024-06-20,Não Convertido,,0.0,Conservador,Saint Kitts and Nevis
118481,Instagram,2024-06-20,Não Convertido,,0.0,Desconhecido,Cote d'Ivoire
118482,Orgânico,2024-06-19,Não Convertido,,0.0,Moderado,Aruba
118483,Orgânico,2024-06-19,Não Convertido,,0.0,Desconhecido,Palau
118484,Instagram,2024-06-22,Não Convertido,,0.0,Moderado,Haiti
118485,Facebook,2024-06-22,Não Convertido,,0.0,Agressivo,Sudan
118486,WhatsApp,2024-06-18,Não Convertido,,0.0,Conservador,Monaco
118487,Instagram,2024-06-21,Não Convertido,,0.0,Moderado,Gibraltar
118488,Indicação,2024-06-20,Não Convertido,,0.0,Moderado,Chad
118489,WhatsApp,2024-06-22,Não Convertido,,0.0,Agressivo,Saint Kitts and Nevis
118490,WhatsApp,2024-06-19,Não Convertido,,0.0,Moderado,Latvia
118491,Instagram,2024-06-22,Não Convertido,,0.0,Agressivo,Portugal
118492,TikTok,2024-06-18,Não Convertido,,0.0,Conservador,Japan
118493,Instagram,2024-06-17,Não Convertido,,0.0,Conservador,New Caledonia
118494,Facebook,2024-06-22,Não Convertido,,0.0,Agressivo,Guadeloupe
118495,Facebook,2024-06-21,Não Convertido,,0.0,Agressivo,Liechtenstein
118496,E-mail Marketing,2024-06-22,Não Convertido,,0.0,Moderado,Lao People's Democratic Republic
118497,Orgânico,2024-06-20,Não Convertido,,0.0,Moderado,Monaco
118498,Facebook,2024-06-21,Não Convertido,,0.0,Desconhecido,Western Sahara
118499,E-mail Marketing,2024-06-20,Não Convertido,,0.0,Moderado,Myanmar
118500,WhatsApp,2024-06-17,Não Convertido,,0.0,Agressivo,South Georgia and the South Sandwich Islands
118501,TikTok,2024-06-17,Não Convertido,,0.0,Moderado,Falkland Islands (Malvinas)
118502,Orgânico,2024-06-20,Não Convertido,,0.0,Agressivo,Northern Mariana Islands
118503,Instagram,2024-06-20,Não Convertido,,0.0,Agressivo,Paraguay
118504,Orgânico,2024-06-18,Não Convertido,,0.0,Moderado,Holy See (Vatican City State)
118505,Instagram,2024-06-18,Não Convertido,,0.0,Desconhecido,Aruba
118506,Instagram,2024-06-22,Não Convertido,,0.0,Conservador,Tuvalu
118507,Orgânico,2024-06-21,Não Convertido,,0.0,Agressivo,Kenya
118508,Orgânico,2024-06-17,Não Convertido,,0.0,Moderado,Albania
118509,E-mail Marketing,2024-06-19,Não Convertido,,0.0,Moderado,Jamaica
118510,TikTok,2024-06-21,Não Convertido,,0.0,Moderado,Togo
118511,Indicação,2024-06-21,Convertido,6.0,2110.87,Agressivo,Rwanda
118512,E-mail Marketing,2024-06-19,Não Convertido,,0.0,Agressivo,Lebanon
118513,Instagram,2024-06-18,Não Convertido,,0.0,Moderado,Somalia
118514,E-mail Marketing,2024-06-17,Não Convertido,,0.0,Moderado,El Salvador
118515,Google Ads,2024-06-21,Não Convertido,,0.0,Agressivo,Australia
118516,Google Ads,2024-06-17,Não Convertido,,0.0,Moderado,Libyan Arab Jamahiriya
118517,E-mail Marketing,2024-06-19,Não Convertido,,0.0,Moderado,Palau
118518,E-mail Marketing,2024-06-22,Não Convertido,,0.0,Desconhecido,British Virgin Islands
118519,Orgânico,2024-06-17,Não Convertido,,0.0,Desconhecido,Wallis and Futuna
118520,WhatsApp,2024-06-17,Não Convertido,,0.0,Moderado,Ireland
118521,TikTok,2024-06-21,Convertido,26.0,8125.3,Moderado,Micronesia
118522,Instagram,2024-06-21,Não Convertido,,0.0,Agressivo,Saint Helena
118523,YouTube Ads,2024-06-18,Não Convertido,,0.0,Agressivo,Moldova
118524,TikTok,2024-06-20,Não Convertido,,0.0,Desconhecido,Bouvet Island (Bouvetoya)
118525,Orgânico,2024-06-18,Não Convertido,,0.0,Moderado,Hungary
118526,Google Ads,2024-06-21,Não Convertido,,0.0,Agressivo,Mauritania
118527,TikTok,2024-06-22,Não Convertido,,0.0,Agressivo,American Samoa
118528,YouTube Ads,2024-06-20,Não Convertido,,0.0,Agressivo,Bulgaria
118529,Google Ads,2024-06-17,Não Convertido,,0.0,Moderado,Japan
118530,Instagram,2024-06-19,Não Convertido,,0.0,Moderado,Palau
118531,Indicação,2024-06-19,Não Convertido,,0.0,Moderado,Panama
118532,Instagram,2024-06-20,Não Convertido,,0.0,Conservador,Samoa
118533,TikTok,2024-06-21,Não Convertido,,0.0,Moderado,Italy
118534,Orgânico,2024-06-19,Não Convertido,,0.0,Moderado,Hong Kong
118535,TikTok,2024-06-20,Não Convertido,,0.0,Moderado,Antigua and Barbuda
118536,Orgânico,2024-06-18,Não Convertido,,0.0,Moderado,Georgia
118537,E-mail Marketing,2024-06-20,Não Convertido,,0.0,Moderado,China
118538,E-mail Marketing,2024-06-22,Não Convertido,,0.0,Agressivo,British Indian Ocean Territory (Chagos Archipelago)
118539,Instagram,2024-06-21,Não Convertido,,0.0,Moderado,Saint Lucia
118540,YouTube Ads,2024-06-21,Não Convertido,,0.0,Conservador,Heard Island and McDonald Islands
118541,TikTok,2024-06-22,Não Convertido,,0.0,Agressivo,Pakistan
118542,Instagram,2024-06-19,Não Convertido,,0.0,Agressivo,Iran
118543,Orgânico,2024-06-22,Não Convertido,,0.0,Conservador,Seychelles
118544,YouTube Ads,2024-06-21,Não Convertido,,0.0,Conservador,Lebanon
118545,Instagram,2024-06-21,Não Convertido,,0.0,Agressivo,Bolivia
118546,Orgânico,2024-06-19,Não Convertido,,0.0,Conservador,Congo
118547,WhatsApp,2024-06-17,Não Convertido,,0.0,Conservador,Togo
118548,Instagram,2024-06-22,Não Convertido,,0.0,Moderado,Tajikistan
118549,Facebook,2024-06-20,Não Convertido,,0.0,Moderado,Romania
118550,Orgânico,2024-06-20,Não Convertido,,0.0,Moderado,Luxembourg
118551,Facebook,2024-06-22,Não Convertido,,0.0,Desconhecido,Ethiopia
118552,Google Ads,2024-06-18,Não Convertido,,0.0,Moderado,Rwanda
118553,WhatsApp,2024-06-19,Não Convertido,,0.0,Agressivo,Congo
118554,Google Ads,2024-06-20,Convertido,11.0,70.69,Conservador,Wallis and Futuna
118555,Google Ads,2024-06-20,Não Convertido,,0.0,Desconhecido,Sierra Leone
118556,E-mail Marketing,2024-06-22,Não Convertido,,0.0,Moderado,Haiti
118557,WhatsApp,2024-06-20,Não Convertido,,0.0,Moderado,Singapore
118558,WhatsApp,2024-06-20,Não Convertido,,0.0,Conservador,Algeria
118559,Orgânico,2024-06-18,Não Convertido,,0.0,Moderado,Iran
118560,Instagram,2024-06-17,Não Convertido,,0.0,Agressivo,Svalbard & Jan Mayen Islands
118561,Google Ads,2024-06-19,Não Convertido,,0.0,Agressivo,Niue
118562,E-mail Marketing,2024-06-19,Não Convertido,,0.0,Moderado,Latvia
118563,Orgânico,2024-06-21,Não Convertido,,0.0,Agressivo,Malawi
118564,Instagram,2024-06-21,Não Convertido,,0.0,Moderado,Kazakhstan
118565,Instagram,2024-06-19,Não Convertido,,0.0,Moderado,Bulgaria
118566,Orgânico,2024-06-17,Não Convertido,,0.0,Conservador,Iran
118567,Facebook,2024-06-19,Não Convertido,,0.0,Moderado,Bahrain
118568,Orgânico,2024-06-18,Não Convertido,,0.0,Agressivo,Niue
118569,Facebook,2024-06-18,Não Convertido,,0.0,Desconhecido,Montenegro
118570,Indicação,2024-06-17,Não Convertido,,0.0,Moderado,Philippines
118571,YouTube Ads,2024-06-19,Não Convertido,,0.0,Conservador,Antarctica (the territory South of 60 deg S)
118572,WhatsApp,2024-06-17,Não Convertido,,0.0,Agressivo,Russian Federation
118573,YouTube Ads,2024-06-21,Não Convertido,,0.0,Moderado,Bahrain
118574,Google Ads,2024-06-21,Não Convertido,,0.0,Moderado,Cote d'Ivoire
118575,E-mail Marketing,2024-06-19,Não Convertido,,0.0,Conservador,Congo
118576,Orgânico,2024-06-19,Não Convertido,,0.0,Conservador,Argentina
118577,Google Ads,2024-06-22,Não Convertido,,0.0,Moderado,Greece
118578,Instagram,2024-06-18,Não Convertido,,0.0,Moderado,Eritrea
118579,Orgânico,2024-06-17,Não Convertido,,0.0,Moderado,Angola
118580,E-mail Marketing,2024-06-18,Não Convertido,,0.0,Agressivo,Tokelau
118581,Instagram,2024-06-18,Não Convertido,,0.0,Agressivo,Nigeria
118582,Google Ads,2024-06-18,Não Convertido,,0.0,Moderado,Gambia
118583,E-mail Marketing,2024-06-22,Não Convertido,,0.0,Moderado,Heard Island and McDonald Islands
118584,Facebook,2024-06-21,Não Convertido,,0.0,Moderado,Switzerland
118585,Facebook,2024-06-22,Não Convertido,,0.0,Moderado,Lithuania
118586,Facebook,2024-06-19,Não Convertido,,0.0,Moderado,Croatia
118587,Instagram,2024-06-18,Não Convertido,,0.0,Conservador,Maldives
118588,Orgânico,2024-06-21,Não Convertido,,0.0,Agressivo,Nauru
118589,Indicação,2024-06-19,Não Convertido,,0.0,Agressivo,Barbados
118590,Instagram,2024-06-21,Não Convertido,,0.0,Conservador,Macao
118591,Orgânico,2024-06-22,Não Convertido,,0.0,Agressivo,Costa Rica
118592,Facebook,2024-06-18,Não Convertido,,0.0,Desconhecido,Palestinian Territory
118593,Facebook,2024-06-22,Não Convertido,,0.0,Agressivo,India
118594,Orgânico,2024-06-19,Não Convertido,,0.0,Moderado,Malta
118595,TikTok,2024-06-20,Não Convertido,,0.0,Moderado,Jamaica
118596,Google Ads,2024-06-20,Não Convertido,,0.0,Moderado,Qatar
118597,E-mail Marketing,2024-06-22,Não Convertido,,0.0,Moderado,Equatorial Guinea
118598,Instagram,2024-06-19,Não Convertido,,0.0,Moderado,Pakistan
118599,YouTube Ads,2024-06-20,Não Convertido,,0.0,Moderado,Christmas Island
118600,Orgânico,2024-06-20,Não Convertido,,0.0,Agressivo,Northern Mariana Islands
118601,E-mail Marketing,2024-06-18,Não Convertido,,0.0,Moderado,Norway
118602,YouTube Ads,2024-06-19,Não Convertido,,0.0,Moderado,United Arab Emirates
118603,WhatsApp,2024-06-18,Não Convertido,,0.0,Moderado,Falkland Islands (Malvinas)
118604,Instagram,2024-06-22,Não Convertido,,0.0,Moderado,Isle of Man
118605,WhatsApp,2024-06-20,Não Convertido,,0.0,Agressivo,Dominica
118606,Instagram,2024-06-17,Não Convertido,,0.0,Moderado,Singapore
118607,WhatsApp,2024-06-22,Não Convertido,,0.0,Moderado,Malaysia
118608,TikTok,2024-06-17,Não Convertido,,0.0,Agressivo,Pakistan
118609,TikTok,2024-06-22,Não Convertido,,0.0,Moderado,Benin
118610,Indicação,2024-06-22,Não Convertido,,0.0,Moderado,Puerto Rico
118611,Google Ads,2024-06-21,Não Convertido,,0.0,Desconhecido,Lesotho
118612,E-mail Marketing,2024-06-18,Não Convertido,,0.0,Moderado,Monaco
118613,Indicação,2024-06-20,Não Convertido,,0.0,Moderado,Malaysia
118614,Orgânico,2024-06-19,Convertido,15.0,7274.02,Agressivo,Liechtenstein
118615,Google Ads,2024-06-21,Não Convertido,,0.0,Moderado,Tanzania
118616,E-mail Marketing,2024-06-20,Não Convertido,,0.0,Agressivo,Maldives
118617,YouTube Ads,2024-06-19,Não Convertido,,0.0,Agressivo,Micronesia
118618,WhatsApp,2024-06-17,Não Convertido,,0.0,Moderado,Panama
118619,TikTok,2024-06-20,Convertido,26.0,1627.89,Agressivo,Zambia
118620,TikTok,2024-06-22,Não Convertido,,0.0,Moderado,Indonesia
118621,Orgânico,2024-06-17,Não Convertido,,0.0,Conservador,Anguilla
118622,Facebook,2024-06-22,Não Convertido,,0.0,Agressivo,India
118623,Indicação,2024-06-18,Não Convertido,,0.0,Moderado,Turks and Caicos Islands
118624,TikTok,2024-06-17,Não Convertido,,0.0,Conservador,Nauru
118625,TikTok,2024-06-18,Não Convertido,,0.0,Moderado,Ecuador
118626,Orgânico,2024-06-21,Não Convertido,,0.0,Agressivo,Saint Barthelemy
118627,TikTok,2024-06-22,Não Convertido,,0.0,Conservador,France
118628,E-mail Marketing,2024-06-22,Não Convertido,,0.0,Agressivo,Mozambique
118629,E-mail Marketing,2024-06-22,Não Convertido,,0.0,Moderado,Indonesia
118630,Facebook,2024-06-21,Não Convertido,,0.0,Agressivo,Papua New Guinea
118631,Google Ads,2024-06-17,Não Convertido,,0.0,Agressivo,Montenegro
118632,E-mail Marketing,2024-06-20,Não Convertido,,0.0,Agressivo,Dominican Republic
118633,Google Ads,2024-06-19,Não Convertido,,0.0,Moderado,Netherlands Antilles
118634,Facebook,2024-06-19,Não Convertido,,0.0,Agressivo,Ecuador
118635,Orgânico,2024-06-18,Não Convertido,,0.0,Agressivo,Namibia
118636,E-mail Marketing,2024-06-22,Não Convertido,,0.0,Agressivo,Saint Pierre and Miquelon
118637,E-mail Marketing,2024-06-22,Não Convertido,,0.0,Agressivo,Germany
118638,Instagram,2024-06-20,Não Convertido,,0.0,Moderado,United Arab Emirates
118639,TikTok,2024-06-18,Não Convertido,,0.0,Agressivo,Jordan
118640,Instagram,2024-06-19,Não Convertido,,0.0,Conservador,Zambia
118641,E-mail Marketing,2024-06-21,Não Convertido,,0.0,Moderado,Congo
118642,WhatsApp,2024-06-17,Não Convertido,,0.0,Moderado,Guam
118643,E-mail Marketing,2024-06-20,Convertido,16.0,155.95,Agressivo,Saint Pierre and Miquelon
118644,WhatsApp,2024-06-22,Não Convertido,,0.0,Conservador,Barbados
118645,TikTok,2024-06-18,Não Convertido,,0.0,Moderado,Kiribati
118646,Google Ads,2024-06-22,Não Convertido,,0.0,Agressivo,Poland
118647,Orgânico,2024-06-18,Convertido,24.0,745.02,Moderado,Norway
118648,E-mail Marketing,2024-06-22,Não Convertido,,0.0,Moderado,Slovenia
118649,Facebook,2024-06-18,Não Convertido,,0.0,Agressivo,Guatemala
118650,WhatsApp,2024-06-20,Não Convertido,,0.0,Moderado,Mongolia
118651,Instagram,2024-06-20,Não Convertido,,0.0,Moderado,Saint Kitts and Nevis
118652,E-mail Marketing,2024-06-18,Não Convertido,,0.0,Desconhecido,Ethiopia
118653,Google Ads,2024-06-19,Não Convertido,,0.0,Conservador,Belize
118654,Instagram,2024-06-20,Não Convertido,,0.0,Agressivo,Argentina
118655,Instagram,2024-06-17,Não Convertido,,0.0,Moderado,Bolivia
118656,Google Ads,2024-06-20,Não Convertido,,0.0,Desconhecido,Papua New Guinea
118657,Instagram,2024-06-22,Não Convertido,,0.0,Moderado,Chad
118658,E-mail Marketing,2024-06-20,Não Convertido,,0.0,Moderado,Guam
118659,Instagram,2024-06-22,Não Convertido,,0.0,Agressivo,Oman
118660,TikTok,2024-06-17,Não Convertido,,0.0,Desconhecido,Tonga
118661,Instagram,2024-06-19,Não Convertido,,0.0,Agressivo,Slovenia
118662,Facebook,2024-06-20,Não Convertido,,0.0,Moderado,Philippines
118663,YouTube Ads,2024-06-20,Não Convertido,,0.0,Moderado,Hungary
118664,Orgânico,2024-06-22,Não Convertido,,0.0,Agressivo,San Marino
118665,Orgânico,2024-06-19,Não Convertido,,0.0,Agressivo,Malta
118666,Google Ads,2024-06-18,Não Convertido,,0.0,Desconhecido,Slovenia
118667,E-mail Marketing,2024-06-21,Não Convertido,,0.0,Moderado,American Samoa
118668,E-mail Marketing,2024-06-18,Não Convertido,,0.0,Agressivo,Senegal
118669,Instagram,2024-06-19,Não Convertido,,0.0,Agressivo,French Polynesia
118670,Indicação,2024-06-18,Não Convertido,,0.0,Moderado,Liberia
118671,Instagram,2024-06-22,Não Convertido,,0.0,Moderado,Canada
118672,Facebook,2024-06-21,Não Convertido,,0.0,Moderado,Belarus
118673,TikTok,2024-06-17,Não Convertido,,0.0,Moderado,Belarus
118674,WhatsApp,2024-06-18,Não Convertido,,0.0,Moderado,Pakistan
118675,Orgânico,2024-06-21,Não Convertido,,0.0,Agressivo,India
118676,YouTube Ads,2024-06-17,Não Convertido,,0.0,Agressivo,Mayotte
118677,Indicação,2024-06-19,Não Convertido,,0.0,Moderado,Senegal
118678,Facebook,2024-06-17,Não Convertido,,0.0,Moderado,Netherlands Antilles
118679,TikTok,2024-06-20,Não Convertido,,0.0,Moderado,Bahrain
118680,TikTok,2024-06-17,Não Convertido,,0.0,Moderado,Tuvalu
118681,E-mail Marketing,2024-06-22,Não Convertido,,0.0,Agressivo,French Southern Territories
118682,Facebook,2024-06-20,Não Convertido,,0.0,Conservador,Seychelles
118683,Orgânico,2024-06-21,Não Convertido,,0.0,Moderado,Maldives
118684,Orgânico,2024-06-18,Não Convertido,,0.0,Agressivo,Uzbekistan
118685,Google Ads,2024-06-19,Não Convertido,,0.0,Moderado,Jamaica
118686,YouTube Ads,2024-06-19,Não Convertido,,0.0,Moderado,Iran
118687,Orgânico,2024-06-22,Não Convertido,,0.0,Agressivo,Haiti
118688,Instagram,2024-06-18,Não Convertido,,0.0,Agressivo,Jersey
118689,Instagram,2024-06-20,Não Convertido,,0.0,Agressivo,Zimbabwe
118690,Google Ads,2024-06-21,Não Convertido,,0.0,Conservador,Micronesia
118691,Instagram,2024-06-17,Não Convertido,,0.0,Agressivo,San Marino
118692,Facebook,2024-06-17,Não Convertido,,0.0,Conservador,Guatemala
118693,E-mail Marketing,2024-06-21,Não Convertido,,0.0,Moderado,Israel
118694,Orgânico,2024-06-17,Não Convertido,,0.0,Agressivo,United States of America
118695,E-mail Marketing,2024-06-20,Não Convertido,,0.0,Moderado,India
118696,E-mail Marketing,2024-06-20,Não Convertido,,0.0,Moderado,Congo
118697,E-mail Marketing,2024-06-18,Não Convertido,,0.0,Moderado,Dominica
118698,E-mail Marketing,2024-06-17,Não Convertido,,0.0,Moderado,Sudan
118699,E-mail Marketing,2024-06-17,Não Convertido,,0.0,Agressivo,Jordan
118700,E-mail Marketing,2024-06-19,Não Convertido,,0.0,Conservador,Cambodia
118701,Facebook,2024-06-21,Não Convertido,,0.0,Moderado,Svalbard & Jan Mayen Islands
118702,WhatsApp,2024-06-21,Não Convertido,,0.0,Agressivo,Russian Federation
118703,TikTok,2024-06-18,Não Convertido,,0.0,Moderado,Iraq
118704,Facebook,2024-06-18,Não Convertido,,0.0,Agressivo,Bahrain
118705,E-mail Marketing,2024-06-18,Não Convertido,,0.0,Moderado,Palau
118706,E-mail Marketing,2024-06-20,Não Convertido,,0.0,Desconhecido,Philippines
118707,Facebook,2024-06-18,Não Convertido,,0.0,Moderado,Anguilla
118708,TikTok,2024-06-17,Não Convertido,,0.0,Desconhecido,Denmark
118709,TikTok,2024-06-19,Não Convertido,,0.0,Desconhecido,New Zealand
118710,Orgânico,2024-06-21,Não Convertido,,0.0,Agressivo,Burundi
118711,TikTok,2024-06-18,Não Convertido,,0.0,Agressivo,Guinea
118712,Instagram,2024-06-19,Não Convertido,,0.0,Moderado,Gambia
118713,YouTube Ads,2024-06-20,Não Convertido,,0.0,Agressivo,Saint Barthelemy
118714,Instagram,2024-06-17,Não Convertido,,0.0,Conservador,Myanmar
118715,Google Ads,2024-06-22,Não Convertido,,0.0,Moderado,India
118716,Google Ads,2024-06-22,Não Convertido,,0.0,Conservador,Monaco
118717,TikTok,2024-06-18,Não Convertido,,0.0,Moderado,Peru
118718,TikTok,2024-06-18,Não Convertido,,0.0,Moderado,Northern Mariana Islands
118719,Instagram,2024-06-20,Não Convertido,,0.0,Agressivo,Greece
118720,Orgânico,2024-06-20,Não Convertido,,0.0,Moderado,Namibia
118721,Instagram,2024-06-17,Não Convertido,,0.0,Moderado,Guadeloupe
118722,Instagram,2024-06-17,Não Convertido,,0.0,Conservador,Bangladesh
118723,Indicação,2024-06-19,Convertido,0.0,9408.31,Desconhecido,Suriname
118724,TikTok,2024-06-18,Não Convertido,,0.0,Agressivo,Liberia
118725,Orgânico,2024-06-22,Não Convertido,,0.0,Moderado,Zambia
118726,YouTube Ads,2024-06-22,Não Convertido,,0.0,Conservador,Jordan
118727,Facebook,2024-06-18,Não Convertido,,0.0,Agressivo,Hungary
118728,Orgânico,2024-06-20,Não Convertido,,0.0,Moderado,Somalia
118729,TikTok,2024-06-18,Convertido,29.0,4663.83,Agressivo,Sweden
118730,WhatsApp,2024-06-17,Convertido,28.0,189.97,Agressivo,Bermuda
118731,Instagram,2024-06-17,Não Convertido,,0.0,Moderado,Guernsey
118732,TikTok,2024-06-20,Não Convertido,,0.0,Agressivo,Uganda
118733,TikTok,2024-06-18,Não Convertido,,0.0,Moderado,Maldives
118734,Orgânico,2024-06-20,Não Convertido,,0.0,Agressivo,Denmark
118735,YouTube Ads,2024-06-19,Não Convertido,,0.0,Moderado,Suriname
118736,E-mail Marketing,2024-06-22,Não Convertido,,0.0,Conservador,Bouvet Island (Bouvetoya)
118737,Instagram,2024-06-17,Não Convertido,,0.0,Moderado,Nigeria
118738,Facebook,2024-06-20,Não Convertido,,0.0,Moderado,Romania
118739,Instagram,2024-06-21,Não Convertido,,0.0,Conservador,Lesotho
118740,TikTok,2024-06-19,Não Convertido,,0.0,Agressivo,El Salvador
118741,Facebook,2024-06-18,Não Convertido,,0.0,Moderado,Uzbekistan
118742,Facebook,2024-06-19,Não Convertido,,0.0,Agressivo,Congo
118743,E-mail Marketing,2024-06-17,Não Convertido,,0.0,Conservador,Guam
118744,Google Ads,2024-06-17,Não Convertido,,0.0,Desconhecido,Faroe Islands
118745,Instagram,2024-06-17,Não Convertido,,0.0,Agressivo,Hong Kong
118746,Orgânico,2024-06-18,Não Convertido,,0.0,Moderado,Costa Rica
118747,Orgânico,2024-06-19,Não Convertido,,0.0,Conservador,Switzerland
118748,E-mail Marketing,2024-06-22,Não Convertido,,0.0,Conservador,Palestinian Territory
118749,Instagram,2024-06-19,Não Convertido,,0.0,Conservador,Cambodia
118750,Instagram,2024-06-21,Não Convertido,,0.0,Conservador,Isle of Man
118751,Instagram,2024-06-17,Não Convertido,,0.0,Conservador,Palau
118752,Orgânico,2024-06-19,Não Convertido,,0.0,Desconhecido,Greenland
118753,Indicação,2024-06-21,Não Convertido,,0.0,Agressivo,South Africa
118754,WhatsApp,2024-06-22,Não Convertido,,0.0,Moderado,Tanzania
118755,Orgânico,2024-06-21,Não Convertido,,0.0,Agressivo,French Guiana
118756,TikTok,2024-06-22,Não Convertido,,0.0,Conservador,Madagascar
118757,TikTok,2024-06-19,Não Convertido,,0.0,Desconhecido,Bhutan
118758,TikTok,2024-06-21,Não Convertido,,0.0,Moderado,France
118759,Orgânico,2024-06-20,Não Convertido,,0.0,Desconhecido,Hong Kong
118760,TikTok,2024-06-21,Não Convertido,,0.0,Moderado,Cuba
118761,E-mail Marketing,2024-06-18,Não Convertido,,0.0,Moderado,Equatorial Guinea
118762,E-mail Marketing,2024-06-20,Convertido,14.0,8729.36,Conservador,Pitcairn Islands
118763,Orgânico,2024-06-18,Não Convertido,,0.0,Agressivo,Greenland
118764,Google Ads,2024-06-18,Não Convertido,,0.0,Agressivo,Niue
118765,Instagram,2024-06-22,Não Convertido,,0.0,Moderado,Zambia
118766,Facebook,2024-06-21,Convertido,6.0,891.77,Moderado,Cocos (Keeling) Islands
118767,Instagram,2024-06-21,Não Convertido,,0.0,Moderado,Cameroon
118768,E-mail Marketing,2024-06-17,Não Convertido,,0.0,Conservador,Estonia
118769,TikTok,2024-06-22,Não Convertido,,0.0,Desconhecido,Gabon
118770,E-mail Marketing,2024-06-17,Não Convertido,,0.0,Moderado,Cape Verde
118771,Google Ads,2024-06-17,Não Convertido,,0.0,Moderado,Poland
118772,Google Ads,2024-06-21,Não Convertido,,0.0,Moderado,New Zealand
118773,E-mail Marketing,2024-06-17,Não Convertido,,0.0,Moderado,Norfolk Island
118774,Orgânico,2024-06-20,Não Convertido,,0.0,Desconhecido,Indonesia
118775,TikTok,2024-06-20,Não Convertido,,0.0,Agressivo,Mauritania
118776,WhatsApp,2024-06-22,Não Convertido,,0.0,Moderado,Netherlands
118777,Facebook,2024-06-22,Não Convertido,,0.0,Conservador,Finland
118778,Instagram,2024-06-21,Não Convertido,,0.0,Conservador,Romania
118779,Google Ads,2024-06-17,Não Convertido,,0.0,Agressivo,Saint Martin
118780,Orgânico,2024-06-20,Não Convertido,,0.0,Moderado,Niue
118781,Facebook,2024-06-18,Não Convertido,,0.0,Agressivo,Germany
118782,Instagram,2024-06-19,Não Convertido,,0.0,Moderado,Cape Verde
118783,Orgânico,2024-06-19,Não Convertido,,0.0,Desconhecido,Netherlands Antilles
118784,WhatsApp,2024-06-17,Não Convertido,,0.0,Moderado,Ecuador
118785,TikTok,2024-06-20,Não Convertido,,0.0,Moderado,Ethiopia
118786,YouTube Ads,2024-06-20,Não Convertido,,0.0,Conservador,Slovenia
118787,YouTube Ads,2024-06-18,Não Convertido,,0.0,Agressivo,Gabon
118788,WhatsApp,2024-06-22,Não Convertido,,0.0,Moderado,Poland
118789,WhatsApp,2024-06-17,Não Convertido,,0.0,Conservador,Turkey
118790,Google Ads,2024-06-17,Não Convertido,,0.0,Moderado,Holy See (Vatican City State)
118791,Indicação,2024-06-17,Não Convertido,,0.0,Moderado,Thailand
118792,Facebook,2024-06-19,Não Convertido,,0.0,Agressivo,China
118793,Instagram,2024-06-20,Não Convertido,,0.0,Agressivo,Madagascar
118794,YouTube Ads,2024-06-17,Não Convertido,,0.0,Moderado,Slovenia
118795,Orgânico,2024-06-17,Não Convertido,,0.0,Moderado,Uzbekistan
118796,YouTube Ads,2024-06-20,Não Convertido,,0.0,Conservador,Spain
118797,TikTok,2024-06-22,Não Convertido,,0.0,Conservador,Togo
118798,E-mail Marketing,2024-06-21,Não Convertido,,0.0,Agressivo,Gambia
118799,Orgânico,2024-06-19,Não Convertido,,0.0,Moderado,British Virgin Islands
118800,TikTok,2024-06-18,Não Convertido,,0.0,Conservador,Tuvalu
118801,E-mail Marketing,2024-06-18,Não Convertido,,0.0,Moderado,Georgia
118802,E-mail Marketing,2024-06-20,Não Convertido,,0.0,Moderado,Albania
118803,Orgânico,2024-06-17,Não Convertido,,0.0,Moderado,Saint Kitts and Nevis
118804,Orgânico,2024-06-19,Não Convertido,,0.0,Moderado,Luxembourg
118805,YouTube Ads,2024-06-19,Não Convertido,,0.0,Moderado,Monaco
118806,Google Ads,2024-06-18,Não Convertido,,0.0,Conservador,Pakistan
118807,Indicação,2024-06-20,Não Convertido,,0.0,Agressivo,Finland
118808,Indicação,2024-06-18,Não Convertido,,0.0,Conservador,United States of America
118809,Facebook,2024-06-20,Não Convertido,,0.0,Conservador,Bulgaria
118810,Google Ads,2024-06-20,Não Convertido,,0.0,Conservador,Ukraine
118811,E-mail Marketing,2024-06-21,Não Convertido,,0.0,Agressivo,Burkina Faso
118812,Facebook,2024-06-22,Não Convertido,,0.0,Moderado,Ukraine
118813,WhatsApp,2024-06-20,Não Convertido,,0.0,Moderado,Sierra Leone
118814,TikTok,2024-06-20,Não Convertido,,0.0,Desconhecido,Egypt
118815,Google Ads,2024-06-18,Não Convertido,,0.0,Agressivo,Saint Martin
118816,Orgânico,2024-06-17,Não Convertido,,0.0,Agressivo,Tajikistan
118817,Orgânico,2024-06-22,Não Convertido,,0.0,Agressivo,Ghana
118818,Instagram,2024-06-17,Não Convertido,,0.0,Moderado,Paraguay
118819,Instagram,2024-06-22,Não Convertido,,0.0,Moderado,Monaco
118820,TikTok,2024-06-18,Não Convertido,,0.0,Moderado,Cote d'Ivoire
118821,Facebook,2024-06-22,Não Convertido,,0.0,Moderado,Reunion
118822,Google Ads,2024-06-21,Não Convertido,,0.0,Moderado,Qatar
118823,Orgânico,2024-06-17,Não Convertido,,0.0,Agressivo,Panama
118824,Google Ads,2024-06-17,Não Convertido,,0.0,Moderado,Belize
118825,Orgânico,2024-06-20,Não Convertido,,0.0,Moderado,Wallis and Futuna
118826,Orgânico,2024-06-18,Não Convertido,,0.0,Agressivo,Chile
118827,Facebook,2024-06-19,Não Convertido,,0.0,Moderado,Venezuela
118828,Orgânico,2024-06-17,Não Convertido,,0.0,Conservador,Brunei Darussalam
118829,Orgânico,2024-06-20,Não Convertido,,0.0,Agressivo,Netherlands Antilles
118830,Instagram,2024-06-17,Não Convertido,,0.0,Conservador,Bulgaria
118831,E-mail Marketing,2024-06-19,Não Convertido,,0.0,Agressivo,Moldova
118832,Facebook,2024-06-22,Não Convertido,,0.0,Moderado,Sudan
118833,YouTube Ads,2024-06-19,Não Convertido,,0.0,Conservador,Lebanon
118834,Instagram,2024-06-17,Não Convertido,,0.0,Conservador,Estonia
118835,Google Ads,2024-06-20,Não Convertido,,0.0,Agressivo,Ireland
118836,E-mail Marketing,2024-06-19,Não Convertido,,0.0,Moderado,Zimbabwe
118837,TikTok,2024-06-20,Não Convertido,,0.0,Desconhecido,Bahamas
118838,E-mail Marketing,2024-06-21,Não Convertido,,0.0,Agressivo,Anguilla
118839,TikTok,2024-06-17,Não Convertido,,0.0,Agressivo,Ireland
118840,YouTube Ads,2024-06-19,Não Convertido,,0.0,Moderado,Dominica
118841,Orgânico,2024-06-19,Não Convertido,,0.0,Conservador,Dominica
118842,Orgânico,2024-06-20,Não Convertido,,0.0,Moderado,Tonga
118843,Orgânico,2024-06-22,Não Convertido,,0.0,Moderado,Czech Republic
118844,Google Ads,2024-06-22,Não Convertido,,0.0,Conservador,Argentina
118845,TikTok,2024-06-19,Não Convertido,,0.0,Moderado,Pakistan
118846,Google Ads,2024-06-18,Não Convertido,,0.0,Moderado,Netherlands Antilles
118847,E-mail Marketing,2024-06-22,Não Convertido,,0.0,Moderado,Morocco
118848,Instagram,2024-06-22,Não Convertido,,0.0,Moderado,Djibouti
118849,TikTok,2024-06-19,Não Convertido,,0.0,Agressivo,Mongolia
118850,Orgânico,2024-06-21,Não Convertido,,0.0,Moderado,Antarctica (the territory South of 60 deg S)
118851,TikTok,2024-06-22,Não Convertido,,0.0,Conservador,Cuba
118852,Facebook,2024-06-21,Não Convertido,,0.0,Moderado,Northern Mariana Islands
118853,Orgânico,2024-06-19,Não Convertido,,0.0,Agressivo,Nicaragua
118854,Instagram,2024-06-17,Não Convertido,,0.0,Agressivo,Northern Mariana Islands
118855,WhatsApp,2024-06-18,Não Convertido,,0.0,Desconhecido,Cyprus
118856,E-mail Marketing,2024-06-18,Não Convertido,,0.0,Agressivo,Gibraltar
118857,TikTok,2024-06-18,Não Convertido,,0.0,Desconhecido,Mexico
118858,Orgânico,2024-06-19,Não Convertido,,0.0,Conservador,Belgium
118859,Orgânico,2024-06-18,Não Convertido,,0.0,Agressivo,Ethiopia
118860,Google Ads,2024-06-20,Não Convertido,,0.0,Desconhecido,South Georgia and the South Sandwich Islands
118861,TikTok,2024-06-20,Não Convertido,,0.0,Agressivo,Micronesia
118862,YouTube Ads,2024-06-21,Não Convertido,,0.0,Moderado,Sierra Leone
118863,Orgânico,2024-06-20,Não Convertido,,0.0,Conservador,Saudi Arabia
118864,Instagram,2024-06-22,Não Convertido,,0.0,Moderado,Belgium
118865,Facebook,2024-06-17,Não Convertido,,0.0,Agressivo,Korea
118866,Orgânico,2024-06-21,Não Convertido,,0.0,Moderado,Latvia
118867,Facebook,2024-06-21,Não Convertido,,0.0,Moderado,Montserrat
118868,WhatsApp,2024-06-21,Não Convertido,,0.0,Moderado,Slovakia (Slovak Republic)
118869,Instagram,2024-06-21,Não Convertido,,0.0,Moderado,Cook Islands
118870,Facebook,2024-06-17,Não Convertido,,0.0,Desconhecido,Antarctica (the territory South of 60 deg S)
118871,Orgânico,2024-06-19,Não Convertido,,0.0,Conservador,Canada
118872,Indicação,2024-06-22,Convertido,12.0,161.17,Agressivo,Saint Vincent and the Grenadines
118873,WhatsApp,2024-06-20,Não Convertido,,0.0,Moderado,Botswana
118874,Orgânico,2024-06-17,Não Convertido,,0.0,Conservador,Egypt
118875,Instagram,2024-06-18,Não Convertido,,0.0,Agressivo,Eritrea
118876,Orgânico,2024-06-22,Não Convertido,,0.0,Conservador,Venezuela
118877,E-mail Marketing,2024-06-22,Não Convertido,,0.0,Moderado,Bolivia
118878,E-mail Marketing,2024-06-18,Não Convertido,,0.0,Agressivo,Russian Federation
118879,Orgânico,2024-06-19,Não Convertido,,0.0,Desconhecido,Botswana
118880,Orgânico,2024-06-17,Não Convertido,,0.0,Moderado,Macao
118881,TikTok,2024-06-21,Não Convertido,,0.0,Agressivo,Cambodia
118882,YouTube Ads,2024-06-17,Não Convertido,,0.0,Conservador,Madagascar
118883,WhatsApp,2024-06-18,Não Convertido,,0.0,Moderado,Maldives
118884,Orgânico,2024-06-17,Não Convertido,,0.0,Agressivo,Cook Islands
118885,Google Ads,2024-06-17,Não Convertido,,0.0,Desconhecido,Wallis and Futuna
118886,TikTok,2024-06-19,Não Convertido,,0.0,Desconhecido,Marshall Islands
118887,YouTube Ads,2024-06-19,Convertido,18.0,9201.99,Moderado,Bhutan
118888,Orgânico,2024-06-19,Não Convertido,,0.0,Conservador,Morocco
118889,WhatsApp,2024-06-18,Não Convertido,,0.0,Conservador,Estonia
118890,WhatsApp,2024-06-20,Não Convertido,,0.0,Agressivo,Monaco
118891,Orgânico,2024-06-18,Não Convertido,,0.0,Conservador,Isle of Man
118892,YouTube Ads,2024-06-19,Não Convertido,,0.0,Agressivo,Kiribati
118893,YouTube Ads,2024-06-19,Não Convertido,,0.0,Agressivo,Brunei Darussalam
118894,Google Ads,2024-06-17,Não Convertido,,0.0,Agressivo,Gabon
118895,YouTube Ads,2024-06-22,Não Convertido,,0.0,Moderado,San Marino
118896,Google Ads,2024-06-21,Não Convertido,,0.0,Agressivo,Liberia
118897,Orgânico,2024-06-18,Convertido,12.0,3802.45,Moderado,China
118898,E-mail Marketing,2024-06-21,Não Convertido,,0.0,Conservador,Belarus
118899,Indicação,2024-06-21,Não Convertido,,0.0,Agressivo,Turkmenistan
118900,YouTube Ads,2024-06-19,Não Convertido,,0.0,Conservador,Saint Kitts and Nevis
118901,Orgânico,2024-06-21,Não Convertido,,0.0,Agressivo,Antarctica (the territory South of 60 deg S)
118902,YouTube Ads,2024-06-17,Não Convertido,,0.0,Conservador,Korea
118903,Instagram,2024-06-21,Convertido,1.0,735.67,Moderado,Djibouti
118904,Instagram,2024-06-19,Não Convertido,,0.0,Moderado,Saint Helena
118905,WhatsApp,2024-06-21,Não Convertido,,0.0,Moderado,Fiji
118906,E-mail Marketing,2024-06-19,Não Convertido,,0.0,Moderado,Ethiopia
118907,TikTok,2024-06-20,Não Convertido,,0.0,Moderado,Brazil
118908,Facebook,2024-06-21,Não Convertido,,0.0,Conservador,Panama
118909,WhatsApp,2024-06-22,Não Convertido,,0.0,Agressivo,Mozambique
118910,Google Ads,2024-06-21,Convertido,7.0,3533.88,Agressivo,Wallis and Futuna
118911,Facebook,2024-06-22,Não Convertido,,0.0,Agressivo,Trinidad and Tobago
118912,Orgânico,2024-06-21,Não Convertido,,0.0,Agressivo,Trinidad and Tobago
118913,Orgânico,2024-06-19,Não Convertido,,0.0,Moderado,Gibraltar
118914,Indicação,2024-06-22,Não Convertido,,0.0,Conservador,Tanzania
118915,Google Ads,2024-06-17,Não Convertido,,0.0,Moderado,Guyana
118916,E-mail Marketing,2024-06-18,Não Convertido,,0.0,Agressivo,Libyan Arab Jamahiriya
118917,Google Ads,2024-06-19,Não Convertido,,0.0,Moderado,Gibraltar
118918,TikTok,2024-06-20,Não Convertido,,0.0,Moderado,San Marino
118919,Instagram,2024-06-20,Não Convertido,,0.0,Moderado,Benin
118920,Google Ads,2024-06-18,Não Convertido,,0.0,Moderado,Eritrea
118921,TikTok,2024-06-22,Não Convertido,,0.0,Agressivo,Guernsey
118922,E-mail Marketing,2024-06-20,Não Convertido,,0.0,Moderado,Macao
118923,Instagram,2024-06-18,Não Convertido,,0.0,Moderado,Costa Rica
118924,Facebook,2024-06-19,Não Convertido,,0.0,Agressivo,Netherlands Antilles
118925,WhatsApp,2024-06-21,Não Convertido,,0.0,Moderado,Liechtenstein
118926,Instagram,2024-06-18,Não Convertido,,0.0,Agressivo,Eritrea
118927,TikTok,2024-06-19,Não Convertido,,0.0,Agressivo,Tokelau
118928,Google Ads,2024-06-18,Não Convertido,,0.0,Agressivo,Israel
118929,Facebook,2024-06-21,Não Convertido,,0.0,Moderado,Bhutan
118930,E-mail Marketing,2024-06-20,Não Convertido,,0.0,Agressivo,Australia
118931,Orgânico,2024-06-19,Não Convertido,,0.0,Moderado,Denmark
118932,Orgânico,2024-06-17,Não Convertido,,0.0,Moderado,French Polynesia
118933,E-mail Marketing,2024-06-21,Não Convertido,,0.0,Desconhecido,Ecuador
118934,YouTube Ads,2024-06-20,Não Convertido,,0.0,Conservador,Tanzania
118935,Facebook,2024-06-20,Não Convertido,,0.0,Conservador,Bolivia
118936,Facebook,2024-06-22,Não Convertido,,0.0,Moderado,Kuwait
118937,E-mail Marketing,2024-06-22,Não Convertido,,0.0,Moderado,Sweden
118938,E-mail Marketing,2024-06-17,Não Convertido,,0.0,Moderado,Afghanistan
118939,E-mail Marketing,2024-06-17,Não Convertido,,0.0,Agressivo,Grenada
118940,WhatsApp,2024-06-22,Não Convertido,,0.0,Conservador,Saint Helena
118941,Instagram,2024-06-22,Não Convertido,,0.0,Desconhecido,Czech Republic
118942,TikTok,2024-06-19,Não Convertido,,0.0,Agressivo,Svalbard & Jan Mayen Islands
118943,E-mail Marketing,2024-06-17,Não Convertido,,0.0,Moderado,Egypt
118944,TikTok,2024-06-21,Não Convertido,,0.0,Desconhecido,Brunei Darussalam
118945,TikTok,2024-06-17,Não Convertido,,0.0,Moderado,Finland
118946,Google Ads,2024-06-21,Não Convertido,,0.0,Agressivo,Equatorial Guinea
118947,TikTok,2024-06-22,Não Convertido,,0.0,Moderado,Greenland
118948,Orgânico,2024-06-18,Não Convertido,,0.0,Agressivo,Brazil
118949,E-mail Marketing,2024-06-22,Não Convertido,,0.0,Moderado,Greenland
118950,TikTok,2024-06-19,Não Convertido,,0.0,Agressivo,New Zealand
118951,Google Ads,2024-06-20,Não Convertido,,0.0,Conservador,Falkland Islands (Malvinas)
118952,Orgânico,2024-06-19,Não Convertido,,0.0,Moderado,Zimbabwe
118953,Indicação,2024-06-21,Não Convertido,,0.0,Moderado,Uganda
118954,WhatsApp,2024-06-18,Não Convertido,,0.0,Conservador,Cuba
118955,TikTok,2024-06-19,Não Convertido,,0.0,Agressivo,Brazil
118956,TikTok,2024-06-17,Não Convertido,,0.0,Moderado,Benin
118957,TikTok,2024-06-22,Convertido,23.0,1814.37,Moderado,Burundi
118958,Instagram,2024-06-22,Não Convertido,,0.0,Conservador,Togo
118959,YouTube Ads,2024-06-20,Não Convertido,,0.0,Moderado,Falkland Islands (Malvinas)
118960,E-mail Marketing,2024-06-21,Não Convertido,,0.0,Moderado,Congo
118961,Orgânico,2024-06-20,Não Convertido,,0.0,Conservador,United States of America
118962,Instagram,2024-06-18,Não Convertido,,0.0,Desconhecido,Gabon
118963,E-mail Marketing,2024-06-21,Não Convertido,,0.0,Moderado,Nepal
118964,Instagram,2024-06-22,Não Convertido,,0.0,Moderado,United States of America
118965,TikTok,2024-06-22,Não Convertido,,0.0,Conservador,Slovenia
118966,Facebook,2024-06-17,Não Convertido,,0.0,Moderado,Western Sahara
118967,Facebook,2024-06-18,Não Convertido,,0.0,Agressivo,Hong Kong
118968,Instagram,2024-06-20,Não Convertido,,0.0,Moderado,United Kingdom
118969,YouTube Ads,2024-06-17,Não Convertido,,0.0,Moderado,Comoros
118970,Instagram,2024-06-17,Não Convertido,,0.0,Moderado,Western Sahara
118971,Indicação,2024-06-21,Não Convertido,,0.0,Desconhecido,Moldova
118972,Indicação,2024-06-20,Não Convertido,,0.0,Agressivo,Nauru
118973,Google Ads,2024-06-18,Não Convertido,,0.0,Moderado,Mongolia
118974,Google Ads,2024-06-17,Não Convertido,,0.0,Agressivo,Venezuela
118975,YouTube Ads,2024-06-17,Não Convertido,,0.0,Agressivo,Syrian Arab Republic
118976,TikTok,2024-06-21,Não Convertido,,0.0,Moderado,Liechtenstein
118977,TikTok,2024-06-17,Não Convertido,,0.0,Agressivo,Martinique
118978,Instagram,2024-06-18,Não Convertido,,0.0,Agressivo,Saudi Arabia
118979,Instagram,2024-06-20,Convertido,13.0,8126.06,Desconhecido,Serbia
118980,Instagram,2024-06-18,Não Convertido,,0.0,Conservador,Italy
118981,Orgânico,2024-06-17,Não Convertido,,0.0,Conservador,Guinea-Bissau
118982,Indicação,2024-06-21,Não Convertido,,0.0,Conservador,Benin
118983,YouTube Ads,2024-06-17,Não Convertido,,0.0,Agressivo,Timor-Leste
118984,Instagram,2024-06-20,Não Convertido,,0.0,Moderado,Uzbekistan
118985,Indicação,2024-06-22,Não Convertido,,0.0,Agressivo,Oman
118986,E-mail Marketing,2024-06-21,Não Convertido,,0.0,Moderado,Serbia
118987,WhatsApp,2024-06-21,Convertido,13.0,6553.74,Agressivo,Iran
118988,E-mail Marketing,2024-06-22,Não Convertido,,0.0,Agressivo,Puerto Rico
118989,E-mail Marketing,2024-06-18,Não Convertido,,0.0,Desconhecido,Mauritius
118990,Facebook,2024-06-19,Não Convertido,,0.0,Conservador,American Samoa
118991,Instagram,2024-06-19,Não Convertido,,0.0,Moderado,Paraguay
118992,Google Ads,2024-06-17,Não Convertido,,0.0,Conservador,Cyprus
118993,E-mail Marketing,2024-06-22,Não Convertido,,0.0,Moderado,Uganda
118994,Google Ads,2024-06-22,Não Convertido,,0.0,Moderado,Tuvalu
118995,YouTube Ads,2024-06-21,Não Convertido,,0.0,Agressivo,India
118996,YouTube Ads,2024-06-18,Não Convertido,,0.0,Desconhecido,Romania
118997,TikTok,2024-06-19,Não Convertido,,0.0,Moderado,Saudi Arabia
118998,TikTok,2024-06-22,Não Convertido,,0.0,Conservador,Montenegro
118999,WhatsApp,2024-06-17,Não Convertido,,0.0,Agressivo,Swaziland
119000,Orgânico,2024-06-20,Não Convertido,,0.0,Agressivo,Sudan
119001,TikTok,2024-06-19,Convertido,11.0,7665.88,Conservador,Tanzania
119002,E-mail Marketing,2024-06-21,Convertido,2.0,1609.9,Conservador,Pakistan
119003,Facebook,2024-06-19,Não Convertido,,0.0,Desconhecido,Moldova
119004,E-mail Marketing,2024-06-18,Não Convertido,,0.0,Moderado,Poland
119005,TikTok,2024-06-18,Não Convertido,,0.0,Moderado,Philippines
119006,Indicação,2024-06-18,Não Convertido,,0.0,Agressivo,Wallis and Futuna
119007,Orgânico,2024-06-19,Não Convertido,,0.0,Conservador,Malawi
119008,Google Ads,2024-06-17,Não Convertido,,0.0,Moderado,Solomon Islands
119009,E-mail Marketing,2024-06-22,Não Convertido,,0.0,Conservador,Samoa
119010,E-mail Marketing,2024-06-19,Não Convertido,,0.0,Moderado,Barbados
119011,WhatsApp,2024-06-20,Não Convertido,,0.0,Moderado,Myanmar
119012,Google Ads,2024-06-20,Não Convertido,,0.0,Moderado,Guinea
119013,WhatsApp,2024-06-20,Não Convertido,,0.0,Conservador,Montserrat
119014,YouTube Ads,2024-06-17,Não Convertido,,0.0,Desconhecido,Mayotte
119015,TikTok,2024-06-17,Não Convertido,,0.0,Conservador,Saint Helena
119016,E-mail Marketing,2024-06-17,Não Convertido,,0.0,Conservador,Northern Mariana Islands
119017,WhatsApp,2024-06-20,Não Convertido,,0.0,Agressivo,Wallis and Futuna
119018,Google Ads,2024-06-18,Não Convertido,,0.0,Moderado,Lebanon
119019,Instagram,2024-06-19,Convertido,9.0,6730.47,Moderado,United Kingdom
119020,Instagram,2024-06-17,Não Convertido,,0.0,Moderado,Ireland
119021,Google Ads,2024-06-22,Não Convertido,,0.0,Desconhecido,Cayman Islands
119022,TikTok,2024-06-21,Não Convertido,,0.0,Conservador,Antarctica (the territory South of 60 deg S)
119023,WhatsApp,2024-06-18,Convertido,11.0,7526.85,Conservador,Montserrat
119024,WhatsApp,2024-06-20,Não Convertido,,0.0,Moderado,Congo
119025,TikTok,2024-06-17,Não Convertido,,0.0,Moderado,Panama
119026,WhatsApp,2024-06-17,Não Convertido,,0.0,Moderado,Greece
119027,Orgânico,2024-06-21,Não Convertido,,0.0,Agressivo,Nauru
119028,Orgânico,2024-06-18,Não Convertido,,0.0,Conservador,Central African Republic
119029,Orgânico,2024-06-21,Não Convertido,,0.0,Moderado,Sierra Leone
119030,Instagram,2024-06-21,Não Convertido,,0.0,Moderado,Saudi Arabia
119031,Orgânico,2024-06-17,Não Convertido,,0.0,Desconhecido,Monaco
119032,E-mail Marketing,2024-06-18,Não Convertido,,0.0,Agressivo,Denmark
119033,YouTube Ads,2024-06-17,Não Convertido,,0.0,Conservador,Iceland
119034,Orgânico,2024-06-22,Não Convertido,,0.0,Agressivo,Samoa
119035,TikTok,2024-06-19,Não Convertido,,0.0,Conservador,Slovakia (Slovak Republic)
119036,Instagram,2024-06-18,Não Convertido,,0.0,Agressivo,Eritrea
119037,Google Ads,2024-06-21,Não Convertido,,0.0,Agressivo,Korea
119038,E-mail Marketing,2024-06-17,Não Convertido,,0.0,Moderado,Montserrat
119039,Facebook,2024-06-18,Não Convertido,,0.0,Agressivo,El Salvador
119040,Google Ads,2024-06-17,Não Convertido,,0.0,Moderado,Germany
119041,Google Ads,2024-06-19,Não Convertido,,0.0,Agressivo,Israel
119042,Indicação,2024-06-21,Convertido,2.0,4139.98,Conservador,Mauritania
119043,WhatsApp,2024-06-17,Não Convertido,,0.0,Agressivo,Turkmenistan
119044,Facebook,2024-06-18,Não Convertido,,0.0,Conservador,Lesotho
119045,Instagram,2024-06-21,Não Convertido,,0.0,Agressivo,Cambodia
119046,E-mail Marketing,2024-06-18,Não Convertido,,0.0,Conservador,Djibouti
119047,Orgânico,2024-06-18,Não Convertido,,0.0,Moderado,Brazil
119048,Indicação,2024-06-21,Não Convertido,,0.0,Agressivo,Uganda
119049,WhatsApp,2024-06-20,Não Convertido,,0.0,Moderado,Moldova
119050,WhatsApp,2024-06-19,Não Convertido,,0.0,Moderado,Croatia
119051,WhatsApp,2024-06-17,Não Convertido,,0.0,Moderado,Mongolia
119052,YouTube Ads,2024-06-18,Não Convertido,,0.0,Moderado,Hungary
119053,Instagram,2024-06-18,Não Convertido,,0.0,Agressivo,Maldives
119054,TikTok,2024-06-22,Não Convertido,,0.0,Agressivo,Togo
119055,TikTok,2024-06-17,Não Convertido,,0.0,Moderado,Rwanda
119056,Instagram,2024-06-18,Não Convertido,,0.0,Moderado,Guam
119057,Orgânico,2024-06-17,Não Convertido,,0.0,Moderado,Saint Lucia
119058,Orgânico,2024-06-19,Não Convertido,,0.0,Conservador,Czech Republic
119059,E-mail Marketing,2024-06-19,Não Convertido,,0.0,Desconhecido,Maldives
119060,YouTube Ads,2024-06-19,Não Convertido,,0.0,Moderado,Haiti
119061,TikTok,2024-06-21,Não Convertido,,0.0,Desconhecido,Kyrgyz Republic
119062,Orgânico,2024-06-18,Não Convertido,,0.0,Agressivo,Sweden
119063,WhatsApp,2024-06-19,Não Convertido,,0.0,Conservador,Tajikistan
119064,E-mail Marketing,2024-06-20,Não Convertido,,0.0,Moderado,Malta
119065,Facebook,2024-06-20,Não Convertido,,0.0,Moderado,Panama
119066,WhatsApp,2024-06-17,Não Convertido,,0.0,Moderado,Hong Kong
119067,Orgânico,2024-06-22,Não Convertido,,0.0,Moderado,Ghana
119068,Indicação,2024-06-22,Convertido,19.0,8914.24,Moderado,Benin
119069,Instagram,2024-06-20,Não Convertido,,0.0,Moderado,Lebanon
119070,Google Ads,2024-06-21,Não Convertido,,0.0,Moderado,Saint Barthelemy
119071,Indicação,2024-06-18,Não Convertido,,0.0,Agressivo,Ethiopia
119072,TikTok,2024-06-21,Não Convertido,,0.0,Moderado,Tanzania
119073,Facebook,2024-06-22,Não Convertido,,0.0,Agressivo,Nicaragua
119074,Instagram,2024-06-17,Não Convertido,,0.0,Moderado,Iceland
119075,Facebook,2024-06-22,Não Convertido,,0.0,Agressivo,Andorra
119076,YouTube Ads,2024-06-21,Não Convertido,,0.0,Conservador,Armenia
119077,Orgânico,2024-06-17,Não Convertido,,0.0,Conservador,Finland
119078,Instagram,2024-06-17,Não Convertido,,0.0,Desconhecido,Saint Helena
119079,Orgânico,2024-06-21,Não Convertido,,0.0,Moderado,Taiwan
119080,Orgânico,2024-06-18,Não Convertido,,0.0,Moderado,Canada
119081,Indicação,2024-06-20,Não Convertido,,0.0,Agressivo,New Zealand
119082,YouTube Ads,2024-06-17,Não Convertido,,0.0,Conservador,Algeria
119083,YouTube Ads,2024-06-17,Não Convertido,,0.0,Conservador,Mauritania
119084,TikTok,2024-06-22,Não Convertido,,0.0,Conservador,Taiwan
119085,Facebook,2024-06-20,Não Convertido,,0.0,Conservador,Taiwan
119086,Orgânico,2024-06-21,Não Convertido,,0.0,Agressivo,Djibouti
119087,Facebook,2024-06-18,Não Convertido,,0.0,Desconhecido,Mexico
119088,Indicação,2024-06-21,Não Convertido,,0.0,Moderado,Jamaica
119089,E-mail Marketing,2024-06-22,Não Convertido,,0.0,Moderado,Madagascar
119090,Facebook,2024-06-21,Não Convertido,,0.0,Moderado,Estonia
119091,Indicação,2024-06-22,Não Convertido,,0.0,Conservador,Mauritania
119092,E-mail Marketing,2024-06-21,Não Convertido,,0.0,Agressivo,New Zealand
119093,Google Ads,2024-06-17,Não Convertido,,0.0,Desconhecido,Greenland
119094,Google Ads,2024-06-20,Não Convertido,,0.0,Agressivo,Heard Island and McDonald Islands
119095,Instagram,2024-06-19,Não Convertido,,0.0,Conservador,Namibia
119096,Orgânico,2024-06-17,Não Convertido,,0.0,Moderado,Thailand
119097,YouTube Ads,2024-06-19,Não Convertido,,0.0,Conservador,Syrian Arab Republic
119098,TikTok,2024-06-18,Não Convertido,,0.0,Conservador,Lebanon
119099,Instagram,2024-06-18,Não Convertido,,0.0,Agressivo,Mali
119100,Orgânico,2024-06-21,Convertido,7.0,3975.26,Moderado,Palestinian Territory
119101,TikTok,2024-06-22,Não Convertido,,0.0,Conservador,Jordan
119102,E-mail Marketing,2024-06-18,Não Convertido,,0.0,Moderado,Kyrgyz Republic
119103,Google Ads,2024-06-18,Não Convertido,,0.0,Moderado,Pakistan
119104,TikTok,2024-06-21,Não Convertido,,0.0,Moderado,Suriname
119105,Indicação,2024-06-18,Não Convertido,,0.0,Desconhecido,Djibouti
119106,Instagram,2024-06-22,Não Convertido,,0.0,Conservador,Togo
119107,WhatsApp,2024-06-22,Não Convertido,,0.0,Moderado,Kuwait
119108,Facebook,2024-06-17,Não Convertido,,0.0,Moderado,Denmark
119109,TikTok,2024-06-19,Não Convertido,,0.0,Agressivo,American Samoa
119110,Google Ads,2024-06-21,Não Convertido,,0.0,Moderado,Palestinian Territory
119111,WhatsApp,2024-06-19,Não Convertido,,0.0,Conservador,Uganda
119112,TikTok,2024-06-17,Não Convertido,,0.0,Conservador,Equatorial Guinea
119113,TikTok,2024-06-20,Não Convertido,,0.0,Moderado,United Arab Emirates
119114,Instagram,2024-06-22,Não Convertido,,0.0,Desconhecido,Zambia
119115,E-mail Marketing,2024-06-18,Não Convertido,,0.0,Moderado,Marshall Islands
119116,TikTok,2024-06-17,Não Convertido,,0.0,Moderado,Congo
119117,Instagram,2024-06-22,Não Convertido,,0.0,Agressivo,Liberia
119118,E-mail Marketing,2024-06-18,Não Convertido,,0.0,Moderado,Argentina
119119,TikTok,2024-06-18,Não Convertido,,0.0,Agressivo,Sweden
119120,E-mail Marketing,2024-06-18,Não Convertido,,0.0,Moderado,Bahrain
119121,Orgânico,2024-06-19,Não Convertido,,0.0,Agressivo,Spain
119122,YouTube Ads,2024-06-22,Não Convertido,,0.0,Moderado,Tajikistan
119123,TikTok,2024-06-19,Não Convertido,,0.0,Moderado,Central African Republic
119124,TikTok,2024-06-20,Não Convertido,,0.0,Agressivo,Montenegro
119125,TikTok,2024-06-18,Não Convertido,,0.0,Desconhecido,Liberia
119126,Orgânico,2024-06-21,Não Convertido,,0.0,Moderado,Cyprus
119127,E-mail Marketing,2024-06-21,Não Convertido,,0.0,Moderado,Burkina Faso
119128,Google Ads,2024-06-17,Não Convertido,,0.0,Moderado,Micronesia
119129,Google Ads,2024-06-21,Não Convertido,,0.0,Conservador,Andorra
119130,Instagram,2024-06-21,Convertido,14.0,1483.9,Moderado,Liberia
119131,WhatsApp,2024-06-19,Não Convertido,,0.0,Moderado,Iran
119132,YouTube Ads,2024-06-18,Não Convertido,,0.0,Conservador,Egypt
119133,WhatsApp,2024-06-19,Não Convertido,,0.0,Conservador,Uruguay
119134,TikTok,2024-06-20,Não Convertido,,0.0,Moderado,Malta
119135,Facebook,2024-06-20,Não Convertido,,0.0,Agressivo,Mauritius
119136,YouTube Ads,2024-06-20,Não Convertido,,0.0,Agressivo,Estonia
119137,TikTok,2024-06-22,Não Convertido,,0.0,Conservador,Syrian Arab Republic
119138,Indicação,2024-06-20,Não Convertido,,0.0,Agressivo,Sri Lanka
119139,Google Ads,2024-06-18,Não Convertido,,0.0,Agressivo,Singapore
119140,TikTok,2024-06-18,Não Convertido,,0.0,Conservador,Gibraltar
119141,Google Ads,2024-06-18,Não Convertido,,0.0,Moderado,Haiti
119142,Facebook,2024-06-19,Não Convertido,,0.0,Agressivo,Mayotte
119143,TikTok,2024-06-21,Não Convertido,,0.0,Moderado,Belarus
119144,TikTok,2024-06-19,Não Convertido,,0.0,Agressivo,United Kingdom
119145,E-mail Marketing,2024-06-17,Não Convertido,,0.0,Conservador,Falkland Islands (Malvinas)
119146,WhatsApp,2024-06-21,Não Convertido,,0.0,Moderado,British Indian Ocean Territory (Chagos Archipelago)
119147,E-mail Marketing,2024-06-19,Não Convertido,,0.0,Conservador,Kenya
119148,Orgânico,2024-06-19,Não Convertido,,0.0,Moderado,Japan
119149,Google Ads,2024-06-19,Não Convertido,,0.0,Desconhecido,El Salvador
119150,Google Ads,2024-06-20,Não Convertido,,0.0,Moderado,Palau
119151,E-mail Marketing,2024-06-20,Não Convertido,,0.0,Agressivo,Tokelau
119152,Indicação,2024-06-17,Não Convertido,,0.0,Conservador,Bahamas
119153,TikTok,2024-06-19,Não Convertido,,0.0,Moderado,Ireland
119154,Instagram,2024-06-22,Não Convertido,,0.0,Conservador,Mayotte
119155,Orgânico,2024-06-20,Não Convertido,,0.0,Agressivo,Reunion
119156,Instagram,2024-06-19,Não Convertido,,0.0,Moderado,Serbia
119157,YouTube Ads,2024-06-22,Não Convertido,,0.0,Moderado,Monaco
119158,Orgânico,2024-06-20,Não Convertido,,0.0,Agressivo,Senegal
119159,TikTok,2024-06-22,Não Convertido,,0.0,Conservador,Japan
119160,Instagram,2024-06-17,Não Convertido,,0.0,Agressivo,Namibia
119161,Facebook,2024-06-18,Não Convertido,,0.0,Conservador,Greenland
119162,Orgânico,2024-06-19,Não Convertido,,0.0,Moderado,Grenada
119163,Instagram,2024-06-19,Não Convertido,,0.0,Agressivo,Anguilla
119164,WhatsApp,2024-06-20,Não Convertido,,0.0,Moderado,Moldova
119165,WhatsApp,2024-06-18,Não Convertido,,0.0,Moderado,Heard Island and McDonald Islands
119166,TikTok,2024-06-22,Não Convertido,,0.0,Moderado,Uganda
119167,Indicação,2024-06-20,Não Convertido,,0.0,Desconhecido,Antigua and Barbuda
119168,TikTok,2024-06-18,Não Convertido,,0.0,Conservador,Botswana
119169,Instagram,2024-06-17,Não Convertido,,0.0,Moderado,Somalia
119170,Google Ads,2024-06-18,Não Convertido,,0.0,Moderado,Lithuania
119171,Orgânico,2024-06-22,Não Convertido,,0.0,Moderado,China
119172,Orgânico,2024-06-20,Não Convertido,,0.0,Agressivo,Moldova
119173,YouTube Ads,2024-06-19,Não Convertido,,0.0,Moderado,Belize
119174,Orgânico,2024-06-21,Não Convertido,,0.0,Moderado,Micronesia
119175,TikTok,2024-06-17,Não Convertido,,0.0,Moderado,Zambia
119176,Orgânico,2024-06-17,Não Convertido,,0.0,Conservador,Heard Island and McDonald Islands
119177,E-mail Marketing,2024-06-17,Não Convertido,,0.0,Moderado,Guernsey
119178,Instagram,2024-06-22,Não Convertido,,0.0,Moderado,Armenia
119179,Orgânico,2024-06-19,Não Convertido,,0.0,Agressivo,Uganda
119180,Orgânico,2024-06-20,Não Convertido,,0.0,Moderado,Benin
119181,Facebook,2024-06-22,Não Convertido,,0.0,Moderado,Malta
119182,E-mail Marketing,2024-06-20,Não Convertido,,0.0,Agressivo,Norway
119183,WhatsApp,2024-06-17,Não Convertido,,0.0,Moderado,Congo
119184,YouTube Ads,2024-06-20,Não Convertido,,0.0,Desconhecido,Bosnia and Herzegovina
119185,Instagram,2024-06-19,Não Convertido,,0.0,Conservador,Egypt
119186,Facebook,2024-06-20,Não Convertido,,0.0,Moderado,Egypt
119187,E-mail Marketing,2024-06-22,Não Convertido,,0.0,Conservador,Gambia
119188,Facebook,2024-06-20,Não Convertido,,0.0,Agressivo,Malawi
119189,Instagram,2024-06-21,Não Convertido,,0.0,Moderado,Israel
119190,Instagram,2024-06-19,Não Convertido,,0.0,Conservador,Bolivia
119191,Facebook,2024-06-21,Não Convertido,,0.0,Moderado,Morocco
119192,Orgânico,2024-06-22,Não Convertido,,0.0,Desconhecido,Portugal
119193,E-mail Marketing,2024-06-17,Não Convertido,,0.0,Agressivo,Guadeloupe
119194,TikTok,2024-06-20,Não Convertido,,0.0,Desconhecido,Gibraltar
119195,Instagram,2024-06-17,Não Convertido,,0.0,Desconhecido,Cape Verde
119196,Orgânico,2024-06-20,Não Convertido,,0.0,Moderado,Cape Verde
119197,Indicação,2024-06-20,Não Convertido,,0.0,Moderado,Brunei Darussalam
119198,TikTok,2024-06-22,Não Convertido,,0.0,Desconhecido,Heard Island and McDonald Islands
119199,Orgânico,2024-06-22,Não Convertido,,0.0,Agressivo,Switzerland
119200,Orgânico,2024-06-19,Não Convertido,,0.0,Moderado,Libyan Arab Jamahiriya
119201,Orgânico,2024-06-22,Não Convertido,,0.0,Agressivo,Argentina
119202,Instagram,2024-06-19,Não Convertido,,0.0,Moderado,Cote d'Ivoire
119203,E-mail Marketing,2024-06-22,Não Convertido,,0.0,Agressivo,Sao Tome and Principe
119204,E-mail Marketing,2024-06-20,Não Convertido,,0.0,Agressivo,Australia
119205,Instagram,2024-06-19,Não Convertido,,0.0,Moderado,Korea
119206,Orgânico,2024-06-18,Não Convertido,,0.0,Conservador,Belarus
119207,Orgânico,2024-06-20,Não Convertido,,0.0,Desconhecido,Singapore
119208,Google Ads,2024-06-21,Não Convertido,,0.0,Conservador,Greenland
119209,Facebook,2024-06-20,Não Convertido,,0.0,Agressivo,Israel
119210,Instagram,2024-06-20,Não Convertido,,0.0,Agressivo,Brazil
119211,WhatsApp,2024-06-18,Convertido,29.0,3855.58,Desconhecido,Comoros
119212,Orgânico,2024-06-22,Não Convertido,,0.0,Moderado,Iceland
119213,Orgânico,2024-06-18,Não Convertido,,0.0,Agressivo,Netherlands
119214,Facebook,2024-06-19,Não Convertido,,0.0,Moderado,Jersey
119215,Instagram,2024-06-18,Não Convertido,,0.0,Moderado,Saint Vincent and the Grenadines
119216,YouTube Ads,2024-06-17,Não Convertido,,0.0,Agressivo,Macao
119217,Orgânico,2024-06-17,Não Convertido,,0.0,Conservador,Iran
119218,Google Ads,2024-06-21,Não Convertido,,0.0,Moderado,Burundi
119219,WhatsApp,2024-06-17,Não Convertido,,0.0,Agressivo,Dominican Republic
119220,Orgânico,2024-06-18,Não Convertido,,0.0,Agressivo,Libyan Arab Jamahiriya
119221,Facebook,2024-06-17,Não Convertido,,0.0,Moderado,Equatorial Guinea
119222,Instagram,2024-06-20,Não Convertido,,0.0,Moderado,Brazil
119223,E-mail Marketing,2024-06-20,Não Convertido,,0.0,Agressivo,Turkmenistan
119224,Orgânico,2024-06-18,Não Convertido,,0.0,Conservador,Latvia
119225,YouTube Ads,2024-06-17,Não Convertido,,0.0,Conservador,Djibouti
119226,Instagram,2024-06-20,Não Convertido,,0.0,Agressivo,Georgia
119227,E-mail Marketing,2024-06-22,Não Convertido,,0.0,Desconhecido,Netherlands
119228,E-mail Marketing,2024-06-17,Não Convertido,,0.0,Moderado,Montenegro
119229,Google Ads,2024-06-19,Não Convertido,,0.0,Conservador,Bolivia
119230,TikTok,2024-06-17,Não Convertido,,0.0,Moderado,Cyprus
119231,Google Ads,2024-06-18,Convertido,15.0,6623.83,Moderado,Kiribati
119232,YouTube Ads,2024-06-18,Convertido,22.0,4091.83,Agressivo,Central African Republic
119233,WhatsApp,2024-06-21,Não Convertido,,0.0,Moderado,Russian Federation
119234,Indicação,2024-06-19,Não Convertido,,0.0,Moderado,Thailand
119235,Instagram,2024-06-19,Não Convertido,,0.0,Moderado,Italy
119236,Indicação,2024-06-21,Não Convertido,,0.0,Agressivo,Timor-Leste
119237,YouTube Ads,2024-06-20,Não Convertido,,0.0,Agressivo,Central African Republic
119238,WhatsApp,2024-06-18,Não Convertido,,0.0,Agressivo,Estonia
119239,YouTube Ads,2024-06-21,Não Convertido,,0.0,Moderado,Faroe Islands
119240,Orgânico,2024-06-19,Não Convertido,,0.0,Desconhecido,Swaziland
119241,E-mail Marketing,2024-06-20,Não Convertido,,0.0,Conservador,Saint Pierre and Miquelon
119242,Indicação,2024-06-19,Não Convertido,,0.0,Agressivo,Morocco
119243,WhatsApp,2024-06-18,Não Convertido,,0.0,Agressivo,Antarctica (the territory South of 60 deg S)
119244,E-mail Marketing,2024-06-21,Não Convertido,,0.0,Moderado,Jamaica
119245,Facebook,2024-06-21,Não Convertido,,0.0,Conservador,Martinique
119246,Orgânico,2024-06-21,Não Convertido,,0.0,Moderado,Dominica
119247,TikTok,2024-06-22,Não Convertido,,0.0,Moderado,Germany
119248,Instagram,2024-06-18,Não Convertido,,0.0,Agressivo,Cambodia
119249,Instagram,2024-06-21,Não Convertido,,0.0,Conservador,United Arab Emirates
119250,YouTube Ads,2024-06-17,Não Convertido,,0.0,Moderado,Libyan Arab Jamahiriya
119251,Orgânico,2024-06-21,Não Convertido,,0.0,Moderado,Nicaragua
119252,Instagram,2024-06-22,Não Convertido,,0.0,Agressivo,United States of America
119253,Instagram,2024-06-20,Não Convertido,,0.0,Moderado,Central African Republic
119254,Facebook,2024-06-19,Não Convertido,,0.0,Agressivo,Cote d'Ivoire
119255,Instagram,2024-06-21,Não Convertido,,0.0,Agressivo,Argentina
119256,Orgânico,2024-06-20,Não Convertido,,0.0,Agressivo,Belarus
119257,WhatsApp,2024-06-17,Não Convertido,,0.0,Conservador,Philippines
119258,YouTube Ads,2024-06-17,Não Convertido,,0.0,Agressivo,Mozambique
119259,Instagram,2024-06-21,Não Convertido,,0.0,Conservador,Cocos (Keeling) Islands
119260,TikTok,2024-06-18,Não Convertido,,0.0,Agressivo,Cameroon
119261,TikTok,2024-06-22,Não Convertido,,0.0,Moderado,South Africa
119262,Facebook,2024-06-19,Não Convertido,,0.0,Agressivo,United States Minor Outlying Islands
119263,Google Ads,2024-06-17,Não Convertido,,0.0,Conservador,Croatia
119264,Orgânico,2024-06-17,Não Convertido,,0.0,Moderado,Mayotte
119265,Indicação,2024-06-21,Não Convertido,,0.0,Agressivo,Sao Tome and Principe
119266,WhatsApp,2024-06-22,Não Convertido,,0.0,Agressivo,Korea
119267,Instagram,2024-06-20,Não Convertido,,0.0,Moderado,Mauritania
119268,Facebook,2024-06-19,Não Convertido,,0.0,Conservador,Korea
119269,Orgânico,2024-06-18,Não Convertido,,0.0,Conservador,Montenegro
119270,Orgânico,2024-06-21,Não Convertido,,0.0,Agressivo,Luxembourg
119271,Orgânico,2024-06-19,Não Convertido,,0.0,Agressivo,New Zealand
119272,TikTok,2024-06-22,Não Convertido,,0.0,Desconhecido,Cyprus
119273,Orgânico,2024-06-18,Não Convertido,,0.0,Desconhecido,Montserrat
119274,TikTok,2024-06-21,Não Convertido,,0.0,Moderado,Argentina
119275,WhatsApp,2024-06-18,Não Convertido,,0.0,Conservador,Benin
119276,Orgânico,2024-06-22,Não Convertido,,0.0,Conservador,Slovakia (Slovak Republic)
119277,E-mail Marketing,2024-06-21,Não Convertido,,0.0,Moderado,French Southern Territories
119278,E-mail Marketing,2024-06-20,Não Convertido,,0.0,Moderado,Peru
119279,Instagram,2024-06-18,Não Convertido,,0.0,Conservador,Gambia
119280,WhatsApp,2024-06-18,Não Convertido,,0.0,Desconhecido,Sierra Leone
119281,Facebook,2024-06-21,Não Convertido,,0.0,Moderado,France
119282,TikTok,2024-06-20,Não Convertido,,0.0,Moderado,Turkey
119283,Facebook,2024-06-19,Não Convertido,,0.0,Moderado,Lithuania
119284,Google Ads,2024-06-19,Não Convertido,,0.0,Moderado,Barbados
119285,WhatsApp,2024-06-20,Não Convertido,,0.0,Desconhecido,Norway
119286,WhatsApp,2024-06-19,Não Convertido,,0.0,Conservador,Saint Vincent and the Grenadines
119287,Instagram,2024-06-17,Não Convertido,,0.0,Agressivo,Costa Rica
119288,E-mail Marketing,2024-06-21,Não Convertido,,0.0,Agressivo,Bouvet Island (Bouvetoya)
119289,WhatsApp,2024-06-20,Não Convertido,,0.0,Moderado,Liechtenstein
119290,WhatsApp,2024-06-22,Não Convertido,,0.0,Moderado,Libyan Arab Jamahiriya
119291,WhatsApp,2024-06-21,Não Convertido,,0.0,Agressivo,Romania
119292,Orgânico,2024-06-20,Não Convertido,,0.0,Conservador,Latvia
119293,E-mail Marketing,2024-06-19,Não Convertido,,0.0,Moderado,Vanuatu
119294,E-mail Marketing,2024-06-17,Não Convertido,,0.0,Desconhecido,Trinidad and Tobago
119295,Orgânico,2024-06-19,Convertido,13.0,9158.47,Conservador,Austria
119296,Google Ads,2024-06-18,Não Convertido,,0.0,Moderado,South Georgia and the South Sandwich Islands
119297,Orgânico,2024-06-20,Não Convertido,,0.0,Conservador,Moldova
119298,Instagram,2024-06-18,Não Convertido,,0.0,Moderado,South Africa
119299,Orgânico,2024-06-22,Não Convertido,,0.0,Agressivo,United Arab Emirates
119300,TikTok,2024-06-17,Não Convertido,,0.0,Moderado,Mongolia
119301,Google Ads,2024-06-18,Não Convertido,,0.0,Conservador,Saint Lucia
119302,Orgânico,2024-06-17,Não Convertido,,0.0,Agressivo,Solomon Islands
119303,TikTok,2024-06-17,Não Convertido,,0.0,Conservador,Timor-Leste
119304,E-mail Marketing,2024-06-21,Não Convertido,,0.0,Agressivo,Chad
119305,Facebook,2024-06-22,Não Convertido,,0.0,Desconhecido,Micronesia
119306,WhatsApp,2024-06-22,Não Convertido,,0.0,Agressivo,Indonesia
119307,Indicação,2024-06-17,Não Convertido,,0.0,Moderado,Slovakia (Slovak Republic)
119308,YouTube Ads,2024-06-22,Não Convertido,,0.0,Agressivo,Central African Republic
119309,Instagram,2024-06-22,Não Convertido,,0.0,Moderado,Libyan Arab Jamahiriya
119310,Orgânico,2024-06-20,Não Convertido,,0.0,Agressivo,British Virgin Islands
119311,Orgânico,2024-06-20,Não Convertido,,0.0,Moderado,Saint Helena
119312,Google Ads,2024-06-18,Não Convertido,,0.0,Moderado,North Macedonia
119313,TikTok,2024-06-21,Não Convertido,,0.0,Moderado,Thailand
119314,Indicação,2024-06-19,Não Convertido,,0.0,Agressivo,Bolivia
119315,Orgânico,2024-06-20,Não Convertido,,0.0,Desconhecido,Antarctica (the territory South of 60 deg S)
119316,Instagram,2024-06-22,Não Convertido,,0.0,Moderado,Vietnam
119317,E-mail Marketing,2024-06-19,Não Convertido,,0.0,Agressivo,Congo
119318,WhatsApp,2024-06-19,Não Convertido,,0.0,Moderado,Korea
119319,TikTok,2024-06-17,Não Convertido,,0.0,Moderado,Taiwan
119320,YouTube Ads,2024-06-18,Não Convertido,,0.0,Moderado,Syrian Arab Republic
119321,Facebook,2024-06-18,Não Convertido,,0.0,Conservador,Albania
119322,Google Ads,2024-06-17,Não Convertido,,0.0,Desconhecido,Greenland
119323,E-mail Marketing,2024-06-20,Não Convertido,,0.0,Agressivo,Pakistan
119324,E-mail Marketing,2024-06-17,Não Convertido,,0.0,Moderado,Costa Rica
119325,TikTok,2024-06-20,Não Convertido,,0.0,Agressivo,Nepal
119326,Instagram,2024-06-21,Não Convertido,,0.0,Conservador,Brazil
119327,Facebook,2024-06-22,Não Convertido,,0.0,Desconhecido,Canada
119328,Orgânico,2024-06-18,Não Convertido,,0.0,Agressivo,Singapore
119329,E-mail Marketing,2024-06-21,Não Convertido,,0.0,Agressivo,Liberia
119330,E-mail Marketing,2024-06-22,Não Convertido,,0.0,Conservador,Turks and Caicos Islands
119331,Orgânico,2024-06-19,Não Convertido,,0.0,Moderado,Saint Lucia
119332,Google Ads,2024-06-22,Não Convertido,,0.0,Agressivo,Austria
119333,Instagram,2024-06-19,Não Convertido,,0.0,Moderado,Vanuatu
119334,Orgânico,2024-06-19,Não Convertido,,0.0,Conservador,Djibouti
119335,YouTube Ads,2024-06-22,Não Convertido,,0.0,Agressivo,Namibia
119336,TikTok,2024-06-19,Não Convertido,,0.0,Moderado,Pakistan
119337,Orgânico,2024-06-20,Não Convertido,,0.0,Moderado,Bosnia and Herzegovina
119338,Indicação,2024-06-17,Não Convertido,,0.0,Moderado,Qatar
119339,WhatsApp,2024-06-19,Não Convertido,,0.0,Moderado,Senegal
119340,WhatsApp,2024-06-19,Não Convertido,,0.0,Moderado,Netherlands
119341,WhatsApp,2024-06-21,Não Convertido,,0.0,Agressivo,Cocos (Keeling) Islands
119342,Google Ads,2024-06-22,Não Convertido,,0.0,Conservador,Togo
119343,Google Ads,2024-06-20,Não Convertido,,0.0,Moderado,Pakistan
119344,Facebook,2024-06-22,Não Convertido,,0.0,Agressivo,Bhutan
119345,TikTok,2024-06-22,Não Convertido,,0.0,Moderado,Kyrgyz Republic
119346,Facebook,2024-06-22,Não Convertido,,0.0,Moderado,Hong Kong
119347,TikTok,2024-06-17,Não Convertido,,0.0,Moderado,Svalbard & Jan Mayen Islands
119348,WhatsApp,2024-06-21,Não Convertido,,0.0,Agressivo,Canada
119349,E-mail Marketing,2024-06-19,Não Convertido,,0.0,Moderado,Iceland
119350,Facebook,2024-06-19,Não Convertido,,0.0,Moderado,Burkina Faso
119351,Instagram,2024-06-20,Não Convertido,,0.0,Desconhecido,Vanuatu
119352,Indicação,2024-06-19,Não Convertido,,0.0,Moderado,Philippines
119353,Orgânico,2024-06-17,Não Convertido,,0.0,Moderado,Ecuador
119354,E-mail Marketing,2024-06-20,Não Convertido,,0.0,Conservador,Malta
119355,YouTube Ads,2024-06-22,Não Convertido,,0.0,Conservador,Canada
119356,Facebook,2024-06-20,Não Convertido,,0.0,Agressivo,Syrian Arab Republic
119357,Orgânico,2024-06-17,Não Convertido,,0.0,Conservador,Tajikistan
119358,Facebook,2024-06-17,Convertido,13.0,747.64,Conservador,Togo
119359,YouTube Ads,2024-06-22,Não Convertido,,0.0,Conservador,Solomon Islands
119360,Instagram,2024-06-22,Não Convertido,,0.0,Conservador,Bosnia and Herzegovina
119361,E-mail Marketing,2024-06-22,Convertido,12.0,7896.11,Agressivo,Sudan
119362,WhatsApp,2024-06-21,Não Convertido,,0.0,Moderado,Ethiopia
119363,E-mail Marketing,2024-06-17,Não Convertido,,0.0,Conservador,Malta
119364,E-mail Marketing,2024-06-18,Não Convertido,,0.0,Agressivo,Mongolia
119365,Facebook,2024-06-20,Não Convertido,,0.0,Desconhecido,Korea
119366,YouTube Ads,2024-06-22,Não Convertido,,0.0,Agressivo,United States Virgin Islands
119367,E-mail Marketing,2024-06-17,Não Convertido,,0.0,Agressivo,United States Virgin Islands
119368,Indicação,2024-06-21,Não Convertido,,0.0,Desconhecido,Libyan Arab Jamahiriya
119369,Facebook,2024-06-21,Não Convertido,,0.0,Conservador,Barbados
119370,Facebook,2024-06-20,Não Convertido,,0.0,Moderado,Uganda
119371,Google Ads,2024-06-20,Não Convertido,,0.0,Moderado,Cameroon
119372,TikTok,2024-06-17,Não Convertido,,0.0,Agressivo,Guernsey
119373,E-mail Marketing,2024-06-21,Não Convertido,,0.0,Conservador,Bolivia
119374,YouTube Ads,2024-06-17,Não Convertido,,0.0,Agressivo,Greece
119375,E-mail Marketing,2024-06-21,Não Convertido,,0.0,Conservador,United States Virgin Islands
119376,Google Ads,2024-06-21,Convertido,29.0,5988.16,Agressivo,Ghana
119377,Facebook,2024-06-18,Não Convertido,,0.0,Agressivo,Comoros
119378,YouTube Ads,2024-06-21,Não Convertido,,0.0,Agressivo,Iceland
119379,TikTok,2024-06-21,Não Convertido,,0.0,Moderado,British Virgin Islands
119380,E-mail Marketing,2024-06-19,Não Convertido,,0.0,Agressivo,Uruguay
119381,TikTok,2024-06-21,Não Convertido,,0.0,Desconhecido,Italy
119382,TikTok,2024-06-17,Não Convertido,,0.0,Moderado,Rwanda
119383,YouTube Ads,2024-06-22,Não Convertido,,0.0,Moderado,Croatia
119384,E-mail Marketing,2024-06-22,Não Convertido,,0.0,Agressivo,Hong Kong
119385,Instagram,2024-06-17,Não Convertido,,0.0,Moderado,Afghanistan
119386,Orgânico,2024-06-17,Não Convertido,,0.0,Moderado,Egypt
119387,TikTok,2024-06-17,Não Convertido,,0.0,Moderado,Denmark
119388,Orgânico,2024-06-21,Não Convertido,,0.0,Desconhecido,Iceland
119389,YouTube Ads,2024-06-22,Não Convertido,,0.0,Conservador,Nepal
119390,TikTok,2024-06-17,Não Convertido,,0.0,Agressivo,Saint Martin
119391,E-mail Marketing,2024-06-20,Não Convertido,,0.0,Agressivo,Guinea-Bissau
119392,Instagram,2024-06-21,Não Convertido,,0.0,Moderado,Ecuador
119393,Orgânico,2024-06-22,Não Convertido,,0.0,Agressivo,Malaysia
119394,YouTube Ads,2024-06-20,Não Convertido,,0.0,Conservador,Puerto Rico
119395,YouTube Ads,2024-06-18,Não Convertido,,0.0,Agressivo,Albania
119396,Google Ads,2024-06-22,Não Convertido,,0.0,Desconhecido,Iceland
119397,E-mail Marketing,2024-06-22,Não Convertido,,0.0,Conservador,Montserrat
119398,Instagram,2024-06-18,Não Convertido,,0.0,Conservador,Croatia
119399,E-mail Marketing,2024-06-18,Não Convertido,,0.0,Agressivo,Wallis and Futuna
119400,Google Ads,2024-06-19,Não Convertido,,0.0,Moderado,Qatar
119401,Instagram,2024-06-18,Não Convertido,,0.0,Agressivo,Nigeria
119402,TikTok,2024-06-18,Não Convertido,,0.0,Desconhecido,Singapore
119403,Facebook,2024-06-22,Não Convertido,,0.0,Conservador,Sao Tome and Principe
119404,TikTok,2024-06-21,Não Convertido,,0.0,Agressivo,Kyrgyz Republic
119405,Orgânico,2024-06-19,Não Convertido,,0.0,Agressivo,Nicaragua
119406,TikTok,2024-06-20,Não Convertido,,0.0,Agressivo,Sweden
119407,Google Ads,2024-06-20,Não Convertido,,0.0,Conservador,Singapore
119408,Instagram,2024-06-21,Não Convertido,,0.0,Moderado,Trinidad and Tobago
119409,TikTok,2024-06-21,Não Convertido,,0.0,Moderado,Sierra Leone
119410,Facebook,2024-06-18,Não Convertido,,0.0,Desconhecido,Peru
119411,Facebook,2024-06-17,Não Convertido,,0.0,Moderado,Iraq
119412,YouTube Ads,2024-06-17,Não Convertido,,0.0,Conservador,Mali
119413,Instagram,2024-06-17,Não Convertido,,0.0,Moderado,Belize
119414,Instagram,2024-06-18,Não Convertido,,0.0,Conservador,Saint Vincent and the Grenadines
119415,Google Ads,2024-06-19,Não Convertido,,0.0,Agressivo,Jordan
119416,E-mail Marketing,2024-06-22,Não Convertido,,0.0,Moderado,Tunisia
119417,Instagram,2024-06-20,Convertido,12.0,8079.88,Moderado,Yemen
119418,E-mail Marketing,2024-06-20,Não Convertido,,0.0,Agressivo,French Southern Territories
119419,Orgânico,2024-06-17,Não Convertido,,0.0,Agressivo,Burundi
119420,Indicação,2024-06-17,Não Convertido,,0.0,Agressivo,Guernsey
119421,Facebook,2024-06-22,Não Convertido,,0.0,Agressivo,Niger
119422,TikTok,2024-06-22,Não Convertido,,0.0,Moderado,Sao Tome and Principe
119423,Orgânico,2024-06-19,Não Convertido,,0.0,Conservador,Uruguay
119424,WhatsApp,2024-06-17,Não Convertido,,0.0,Agressivo,Gambia
119425,Google Ads,2024-06-19,Não Convertido,,0.0,Agressivo,Marshall Islands
119426,Indicação,2024-06-19,Convertido,22.0,5398.34,Moderado,Kenya
119427,YouTube Ads,2024-06-19,Não Convertido,,0.0,Moderado,Italy
119428,Orgânico,2024-06-18,Não Convertido,,0.0,Conservador,El Salvador
119429,YouTube Ads,2024-06-19,Não Convertido,,0.0,Desconhecido,Ethiopia
119430,TikTok,2024-06-22,Não Convertido,,0.0,Moderado,Syrian Arab Republic
119431,Google Ads,2024-06-21,Convertido,3.0,5198.9,Agressivo,Greenland
119432,Google Ads,2024-06-19,Não Convertido,,0.0,Agressivo,South Africa
119433,Instagram,2024-06-17,Não Convertido,,0.0,Moderado,Brazil
119434,Orgânico,2024-06-18,Não Convertido,,0.0,Desconhecido,Algeria
119435,YouTube Ads,2024-06-21,Não Convertido,,0.0,Moderado,Tanzania
119436,Instagram,2024-06-17,Não Convertido,,0.0,Moderado,Angola
119437,Orgânico,2024-06-19,Não Convertido,,0.0,Moderado,Wallis and Futuna
119438,E-mail Marketing,2024-06-18,Não Convertido,,0.0,Agressivo,Albania
119439,Instagram,2024-06-19,Não Convertido,,0.0,Moderado,Japan
119440,Google Ads,2024-06-22,Não Convertido,,0.0,Agressivo,Tuvalu
119441,E-mail Marketing,2024-06-18,Não Convertido,,0.0,Moderado,Thailand
119442,TikTok,2024-06-19,Não Convertido,,0.0,Conservador,Argentina
119443,Facebook,2024-06-21,Não Convertido,,0.0,Moderado,Ghana
119444,Orgânico,2024-06-21,Convertido,18.0,288.43,Agressivo,Gambia
119445,Orgânico,2024-06-19,Não Convertido,,0.0,Agressivo,Northern Mariana Islands
119446,Facebook,2024-06-19,Não Convertido,,0.0,Conservador,Slovakia (Slovak Republic)
119447,E-mail Marketing,2024-06-19,Não Convertido,,0.0,Moderado,Niue
119448,Orgânico,2024-06-22,Não Convertido,,0.0,Moderado,Norway
119449,E-mail Marketing,2024-06-21,Não Convertido,,0.0,Agressivo,Gibraltar
119450,WhatsApp,2024-06-19,Não Convertido,,0.0,Agressivo,Grenada
119451,TikTok,2024-06-20,Não Convertido,,0.0,Desconhecido,Burundi
119452,Google Ads,2024-06-18,Não Convertido,,0.0,Conservador,Saudi Arabia
119453,Facebook,2024-06-20,Não Convertido,,0.0,Moderado,Bangladesh
119454,Orgânico,2024-06-19,Não Convertido,,0.0,Agressivo,Guinea
119455,TikTok,2024-06-17,Não Convertido,,0.0,Agressivo,Botswana
119456,Orgânico,2024-06-18,Não Convertido,,0.0,Agressivo,Micronesia
119457,Google Ads,2024-06-17,Não Convertido,,0.0,Moderado,Azerbaijan
119458,YouTube Ads,2024-06-19,Não Convertido,,0.0,Agressivo,Bahamas
119459,Orgânico,2024-06-21,Não Convertido,,0.0,Agressivo,Belgium
119460,TikTok,2024-06-17,Convertido,13.0,2091.85,Moderado,Fiji
119461,Indicação,2024-06-18,Não Convertido,,0.0,Agressivo,Saint Kitts and Nevis
119462,Google Ads,2024-06-20,Não Convertido,,0.0,Conservador,Ukraine
119463,TikTok,2024-06-22,Não Convertido,,0.0,Agressivo,Egypt
119464,TikTok,2024-06-21,Não Convertido,,0.0,Moderado,Micronesia
119465,Instagram,2024-06-18,Não Convertido,,0.0,Agressivo,Solomon Islands
119466,Instagram,2024-06-20,Não Convertido,,0.0,Agressivo,Suriname
119467,Indicação,2024-06-17,Não Convertido,,0.0,Agressivo,Morocco
119468,WhatsApp,2024-06-21,Não Convertido,,0.0,Conservador,Mongolia
119469,Facebook,2024-06-22,Não Convertido,,0.0,Conservador,United States Minor Outlying Islands
119470,Facebook,2024-06-17,Não Convertido,,0.0,Moderado,Vanuatu
119471,Instagram,2024-06-22,Não Convertido,,0.0,Conservador,Hong Kong
119472,Indicação,2024-06-17,Não Convertido,,0.0,Moderado,Palestinian Territory
119473,Instagram,2024-06-18,Não Convertido,,0.0,Moderado,Saint Martin
119474,TikTok,2024-06-18,Não Convertido,,0.0,Moderado,Norfolk Island
119475,TikTok,2024-06-17,Não Convertido,,0.0,Conservador,United Kingdom
119476,TikTok,2024-06-21,Não Convertido,,0.0,Moderado,Greenland
119477,E-mail Marketing,2024-06-22,Não Convertido,,0.0,Moderado,Anguilla
119478,Instagram,2024-06-19,Não Convertido,,0.0,Moderado,Equatorial Guinea
119479,TikTok,2024-06-19,Não Convertido,,0.0,Moderado,Antigua and Barbuda
119480,Facebook,2024-06-18,Não Convertido,,0.0,Moderado,Australia
119481,Orgânico,2024-06-21,Não Convertido,,0.0,Moderado,Colombia
119482,Instagram,2024-06-18,Não Convertido,,0.0,Agressivo,Lithuania
119483,Instagram,2024-06-17,Não Convertido,,0.0,Moderado,Uruguay
119484,Facebook,2024-06-18,Não Convertido,,0.0,Conservador,Haiti
119485,Facebook,2024-06-17,Não Convertido,,0.0,Agressivo,Cambodia
119486,TikTok,2024-06-21,Não Convertido,,0.0,Moderado,Czech Republic
119487,YouTube Ads,2024-06-19,Convertido,14.0,5652.54,Conservador,Cocos (Keeling) Islands
119488,WhatsApp,2024-06-22,Não Convertido,,0.0,Agressivo,Burkina Faso
119489,Facebook,2024-06-20,Não Convertido,,0.0,Moderado,Uruguay
119490,Instagram,2024-06-20,Não Convertido,,0.0,Agressivo,Northern Mariana Islands
119491,TikTok,2024-06-21,Não Convertido,,0.0,Conservador,Congo
119492,Facebook,2024-06-20,Não Convertido,,0.0,Agressivo,Malawi
119493,Facebook,2024-06-18,Não Convertido,,0.0,Agressivo,Iceland
119494,Orgânico,2024-06-22,Não Convertido,,0.0,Agressivo,Jordan
119495,YouTube Ads,2024-06-18,Não Convertido,,0.0,Moderado,Pakistan
119496,Google Ads,2024-06-21,Não Convertido,,0.0,Agressivo,Morocco
119497,YouTube Ads,2024-06-22,Não Convertido,,0.0,Desconhecido,Mauritius
119498,Instagram,2024-06-18,Não Convertido,,0.0,Moderado,Tajikistan
119499,TikTok,2024-06-19,Não Convertido,,0.0,Moderado,Cambodia
119500,TikTok,2024-06-22,Não Convertido,,0.0,Moderado,Montserrat
119501,Indicação,2024-06-17,Não Convertido,,0.0,Moderado,Heard Island and McDonald Islands
119502,Instagram,2024-06-19,Convertido,20.0,2997.32,Moderado,British Virgin Islands
119503,Instagram,2024-06-17,Não Convertido,,0.0,Agressivo,Myanmar
119504,E-mail Marketing,2024-06-19,Não Convertido,,0.0,Moderado,Puerto Rico
119505,Instagram,2024-06-19,Não Convertido,,0.0,Agressivo,Croatia
119506,E-mail Marketing,2024-06-18,Não Convertido,,0.0,Conservador,Iraq
119507,E-mail Marketing,2024-06-21,Não Convertido,,0.0,Conservador,Thailand
119508,Facebook,2024-06-22,Não Convertido,,0.0,Moderado,United States Minor Outlying Islands
119509,Orgânico,2024-06-19,Não Convertido,,0.0,Conservador,Bermuda
119510,YouTube Ads,2024-06-22,Não Convertido,,0.0,Agressivo,Christmas Island
119511,TikTok,2024-06-19,Não Convertido,,0.0,Moderado,Tonga
119512,Orgânico,2024-06-17,Não Convertido,,0.0,Agressivo,French Southern Territories
119513,Orgânico,2024-06-21,Não Convertido,,0.0,Desconhecido,United States Virgin Islands
119514,Orgânico,2024-06-18,Não Convertido,,0.0,Moderado,Vietnam
119515,Instagram,2024-06-21,Não Convertido,,0.0,Agressivo,American Samoa
119516,TikTok,2024-06-18,Não Convertido,,0.0,Conservador,Montserrat
119517,WhatsApp,2024-06-20,Não Convertido,,0.0,Agressivo,Turks and Caicos Islands
119518,Instagram,2024-06-20,Não Convertido,,0.0,Desconhecido,United Arab Emirates
119519,Orgânico,2024-06-18,Não Convertido,,0.0,Moderado,Tunisia
119520,Orgânico,2024-06-22,Não Convertido,,0.0,Moderado,Reunion
119521,TikTok,2024-06-20,Não Convertido,,0.0,Conservador,Chad
119522,TikTok,2024-06-18,Não Convertido,,0.0,Desconhecido,Guinea
119523,WhatsApp,2024-06-18,Não Convertido,,0.0,Conservador,Kuwait
119524,Google Ads,2024-06-18,Não Convertido,,0.0,Agressivo,Guam
119525,WhatsApp,2024-06-17,Convertido,19.0,6404.0,Moderado,Grenada
119526,Instagram,2024-06-19,Não Convertido,,0.0,Agressivo,Puerto Rico
119527,Indicação,2024-06-20,Não Convertido,,0.0,Agressivo,Bosnia and Herzegovina
119528,E-mail Marketing,2024-06-17,Não Convertido,,0.0,Moderado,Montserrat
119529,WhatsApp,2024-06-17,Não Convertido,,0.0,Moderado,El Salvador
119530,TikTok,2024-06-17,Não Convertido,,0.0,Conservador,Equatorial Guinea
119531,Orgânico,2024-06-19,Não Convertido,,0.0,Moderado,Faroe Islands
119532,Facebook,2024-06-17,Não Convertido,,0.0,Moderado,Mauritius
119533,WhatsApp,2024-06-21,Não Convertido,,0.0,Moderado,Colombia
119534,Facebook,2024-06-20,Não Convertido,,0.0,Conservador,Central African Republic
119535,Facebook,2024-06-21,Não Convertido,,0.0,Agressivo,Vanuatu
119536,E-mail Marketing,2024-06-18,Não Convertido,,0.0,Agressivo,Saint Vincent and the Grenadines
119537,Indicação,2024-06-21,Não Convertido,,0.0,Moderado,Saint Lucia
119538,Indicação,2024-06-21,Não Convertido,,0.0,Agressivo,Venezuela
119539,Google Ads,2024-06-17,Não Convertido,,0.0,Moderado,Zambia
119540,Orgânico,2024-06-19,Não Convertido,,0.0,Moderado,Saint Martin
119541,E-mail Marketing,2024-06-21,Não Convertido,,0.0,Conservador,Faroe Islands
119542,TikTok,2024-06-22,Não Convertido,,0.0,Desconhecido,Algeria
119543,Instagram,2024-06-22,Não Convertido,,0.0,Agressivo,Seychelles
119544,Google Ads,2024-06-17,Não Convertido,,0.0,Conservador,Lao People's Democratic Republic
119545,TikTok,2024-06-17,Não Convertido,,0.0,Conservador,Nicaragua
119546,Google Ads,2024-06-19,Não Convertido,,0.0,Agressivo,Luxembourg
119547,YouTube Ads,2024-06-19,Não Convertido,,0.0,Conservador,Monaco
119548,Google Ads,2024-06-22,Não Convertido,,0.0,Moderado,France
119549,Orgânico,2024-06-21,Não Convertido,,0.0,Desconhecido,Liechtenstein
119550,Instagram,2024-06-18,Não Convertido,,0.0,Conservador,Malawi
119551,Orgânico,2024-06-20,Não Convertido,,0.0,Moderado,Moldova
119552,E-mail Marketing,2024-06-21,Não Convertido,,0.0,Conservador,Samoa
119553,YouTube Ads,2024-06-18,Não Convertido,,0.0,Moderado,Tajikistan
119554,Google Ads,2024-06-19,Não Convertido,,0.0,Desconhecido,Vietnam
119555,TikTok,2024-06-22,Não Convertido,,0.0,Moderado,Colombia
119556,Facebook,2024-06-20,Não Convertido,,0.0,Agressivo,Trinidad and Tobago
119557,Facebook,2024-06-19,Não Convertido,,0.0,Agressivo,Heard Island and McDonald Islands
119558,TikTok,2024-06-20,Não Convertido,,0.0,Agressivo,Palestinian Territory
119559,TikTok,2024-06-18,Não Convertido,,0.0,Agressivo,Poland
119560,Facebook,2024-06-21,Não Convertido,,0.0,Agressivo,Kiribati
119561,TikTok,2024-06-17,Não Convertido,,0.0,Moderado,Myanmar
119562,Orgânico,2024-06-20,Não Convertido,,0.0,Desconhecido,Qatar
119563,E-mail Marketing,2024-06-18,Não Convertido,,0.0,Moderado,Sweden
119564,Orgânico,2024-06-18,Convertido,24.0,7769.92,Moderado,Burundi
119565,TikTok,2024-06-18,Convertido,24.0,5093.74,Desconhecido,Lithuania
119566,Google Ads,2024-06-20,Não Convertido,,0.0,Conservador,Georgia
119567,Instagram,2024-06-20,Não Convertido,,0.0,Moderado,Latvia
119568,Facebook,2024-06-18,Não Convertido,,0.0,Agressivo,Liechtenstein
119569,TikTok,2024-06-21,Não Convertido,,0.0,Agressivo,Sweden
119570,E-mail Marketing,2024-06-20,Não Convertido,,0.0,Moderado,Sierra Leone
119571,TikTok,2024-06-19,Convertido,29.0,6281.24,Agressivo,San Marino
119572,E-mail Marketing,2024-06-19,Não Convertido,,0.0,Moderado,Thailand
119573,Instagram,2024-06-17,Convertido,28.0,9111.75,Moderado,American Samoa
119574,WhatsApp,2024-06-18,Não Convertido,,0.0,Agressivo,Qatar
119575,Orgânico,2024-06-18,Não Convertido,,0.0,Conservador,Mayotte
119576,Google Ads,2024-06-21,Não Convertido,,0.0,Agressivo,Japan
119577,Instagram,2024-06-21,Não Convertido,,0.0,Conservador,South Georgia and the South Sandwich Islands
119578,Orgânico,2024-06-21,Não Convertido,,0.0,Agressivo,Solomon Islands
119579,E-mail Marketing,2024-06-20,Não Convertido,,0.0,Moderado,Sudan
119580,Instagram,2024-06-22,Não Convertido,,0.0,Moderado,Samoa
119581,Instagram,2024-06-20,Não Convertido,,0.0,Conservador,Sri Lanka
119582,YouTube Ads,2024-06-18,Não Convertido,,0.0,Moderado,Gabon
119583,Orgânico,2024-06-20,Não Convertido,,0.0,Moderado,British Indian Ocean Territory (Chagos Archipelago)
119584,Instagram,2024-06-20,Não Convertido,,0.0,Agressivo,Croatia
119585,Facebook,2024-06-19,Não Convertido,,0.0,Moderado,Belarus
119586,E-mail Marketing,2024-06-17,Não Convertido,,0.0,Agressivo,Georgia
119587,YouTube Ads,2024-06-19,Convertido,20.0,8787.12,Moderado,Saint Helena
119588,Facebook,2024-06-21,Não Convertido,,0.0,Moderado,United Kingdom
119589,Instagram,2024-06-19,Não Convertido,,0.0,Conservador,French Southern Territories
119590,Instagram,2024-06-18,Não Convertido,,0.0,Moderado,Sweden
119591,Instagram,2024-06-17,Não Convertido,,0.0,Moderado,Belize
119592,Google Ads,2024-06-17,Não Convertido,,0.0,Agressivo,Gabon
119593,Orgânico,2024-06-18,Não Convertido,,0.0,Agressivo,Saint Helena
119594,Facebook,2024-06-19,Convertido,3.0,9306.11,Moderado,Senegal
119595,WhatsApp,2024-06-22,Não Convertido,,0.0,Moderado,Trinidad and Tobago
119596,Instagram,2024-06-18,Não Convertido,,0.0,Conservador,Madagascar
119597,Orgânico,2024-06-22,Não Convertido,,0.0,Agressivo,Netherlands
119598,WhatsApp,2024-06-20,Não Convertido,,0.0,Moderado,Bangladesh
119599,E-mail Marketing,2024-06-20,Não Convertido,,0.0,Agressivo,Kuwait
119600,E-mail Marketing,2024-06-19,Não Convertido,,0.0,Conservador,Eritrea
119601,WhatsApp,2024-06-18,Não Convertido,,0.0,Agressivo,United Kingdom
119602,Google Ads,2024-06-17,Não Convertido,,0.0,Moderado,Hungary
119603,Instagram,2024-06-17,Não Convertido,,0.0,Moderado,Uganda
119604,TikTok,2024-06-20,Não Convertido,,0.0,Agressivo,Angola
119605,Google Ads,2024-06-18,Não Convertido,,0.0,Desconhecido,Saint Pierre and Miquelon
119606,Orgânico,2024-06-19,Não Convertido,,0.0,Agressivo,Niue
119607,E-mail Marketing,2024-06-21,Não Convertido,,0.0,Agressivo,Netherlands
119608,Instagram,2024-06-17,Não Convertido,,0.0,Conservador,Taiwan
119609,TikTok,2024-06-22,Não Convertido,,0.0,Conservador,United Arab Emirates
119610,Indicação,2024-06-18,Não Convertido,,0.0,Moderado,Western Sahara
119611,E-mail Marketing,2024-06-21,Não Convertido,,0.0,Agressivo,Zimbabwe
119612,Orgânico,2024-06-21,Não Convertido,,0.0,Agressivo,Sweden
119613,E-mail Marketing,2024-06-21,Não Convertido,,0.0,Agressivo,Belarus
119614,YouTube Ads,2024-06-18,Não Convertido,,0.0,Agressivo,Myanmar
119615,Orgânico,2024-06-18,Não Convertido,,0.0,Moderado,Jersey
119616,TikTok,2024-06-18,Convertido,30.0,5527.48,Moderado,Saint Pierre and Miquelon
119617,Orgânico,2024-06-22,Não Convertido,,0.0,Agressivo,Singapore
119618,Orgânico,2024-06-21,Não Convertido,,0.0,Agressivo,Vietnam
119619,E-mail Marketing,2024-06-19,Não Convertido,,0.0,Moderado,Benin
119620,Google Ads,2024-06-20,Não Convertido,,0.0,Conservador,Guadeloupe
119621,E-mail Marketing,2024-06-21,Não Convertido,,0.0,Moderado,Japan
119622,Instagram,2024-06-22,Convertido,9.0,4366.05,Moderado,San Marino
119623,E-mail Marketing,2024-06-19,Não Convertido,,0.0,Moderado,Eritrea
119624,Instagram,2024-06-21,Convertido,30.0,9205.37,Agressivo,Bhutan
119625,Facebook,2024-06-18,Não Convertido,,0.0,Conservador,Panama
119626,YouTube Ads,2024-06-21,Não Convertido,,0.0,Moderado,Jordan
119627,TikTok,2024-06-17,Não Convertido,,0.0,Moderado,Bahrain
119628,Instagram,2024-06-21,Não Convertido,,0.0,Agressivo,Turks and Caicos Islands
119629,YouTube Ads,2024-06-21,Não Convertido,,0.0,Moderado,Liberia
119630,TikTok,2024-06-18,Não Convertido,,0.0,Agressivo,Iraq
119631,E-mail Marketing,2024-06-20,Não Convertido,,0.0,Agressivo,Luxembourg
119632,Instagram,2024-06-22,Não Convertido,,0.0,Moderado,Ecuador
119633,Orgânico,2024-06-21,Não Convertido,,0.0,Desconhecido,Uruguay
119634,WhatsApp,2024-06-22,Não Convertido,,0.0,Moderado,Korea
119635,Instagram,2024-06-22,Não Convertido,,0.0,Moderado,Germany
119636,Facebook,2024-06-22,Não Convertido,,0.0,Agressivo,Saint Barthelemy
119637,Instagram,2024-06-19,Não Convertido,,0.0,Moderado,Czech Republic
119638,Facebook,2024-06-20,Não Convertido,,0.0,Agressivo,French Southern Territories
119639,WhatsApp,2024-06-18,Não Convertido,,0.0,Agressivo,Angola
119640,TikTok,2024-06-19,Não Convertido,,0.0,Moderado,Albania
119641,TikTok,2024-06-18,Não Convertido,,0.0,Moderado,Gibraltar
119642,Google Ads,2024-06-19,Não Convertido,,0.0,Agressivo,Finland
119643,TikTok,2024-06-20,Não Convertido,,0.0,Agressivo,Belarus
119644,E-mail Marketing,2024-06-22,Não Convertido,,0.0,Desconhecido,Haiti
119645,Facebook,2024-06-19,Não Convertido,,0.0,Agressivo,Cuba
119646,Facebook,2024-06-18,Não Convertido,,0.0,Agressivo,Sweden
119647,YouTube Ads,2024-06-18,Não Convertido,,0.0,Conservador,Brazil
119648,Indicação,2024-06-18,Não Convertido,,0.0,Conservador,Saint Kitts and Nevis
119649,YouTube Ads,2024-06-21,Não Convertido,,0.0,Agressivo,French Southern Territories
119650,YouTube Ads,2024-06-17,Não Convertido,,0.0,Desconhecido,Portugal
119651,Facebook,2024-06-20,Não Convertido,,0.0,Agressivo,Somalia
119652,TikTok,2024-06-18,Não Convertido,,0.0,Agressivo,Heard Island and McDonald Islands
119653,Facebook,2024-06-19,Não Convertido,,0.0,Moderado,Chile
119654,Facebook,2024-06-22,Não Convertido,,0.0,Conservador,Saint Vincent and the Grenadines
119655,Google Ads,2024-06-17,Não Convertido,,0.0,Conservador,Belarus
119656,Facebook,2024-06-22,Não Convertido,,0.0,Moderado,Yemen
119657,WhatsApp,2024-06-17,Não Convertido,,0.0,Moderado,United Arab Emirates
119658,Orgânico,2024-06-19,Não Convertido,,0.0,Agressivo,Ghana
119659,Instagram,2024-06-20,Não Convertido,,0.0,Agressivo,Israel
119660,TikTok,2024-06-19,Não Convertido,,0.0,Moderado,Honduras
119661,TikTok,2024-06-22,Não Convertido,,0.0,Moderado,Macao
119662,E-mail Marketing,2024-06-17,Não Convertido,,0.0,Moderado,New Zealand
119663,Google Ads,2024-06-18,Não Convertido,,0.0,Moderado,Ukraine
119664,Instagram,2024-06-18,Não Convertido,,0.0,Moderado,San Marino
119665,Facebook,2024-06-19,Não Convertido,,0.0,Conservador,Cote d'Ivoire
119666,TikTok,2024-06-18,Não Convertido,,0.0,Moderado,Ukraine
119667,Orgânico,2024-06-17,Não Convertido,,0.0,Moderado,Falkland Islands (Malvinas)
119668,YouTube Ads,2024-06-22,Não Convertido,,0.0,Agressivo,Jamaica
119669,Orgânico,2024-06-22,Não Convertido,,0.0,Agressivo,Fiji
119670,Google Ads,2024-06-20,Não Convertido,,0.0,Agressivo,Benin
119671,Google Ads,2024-06-17,Não Convertido,,0.0,Moderado,Korea
119672,E-mail Marketing,2024-06-22,Não Convertido,,0.0,Moderado,Guatemala
119673,Instagram,2024-06-18,Não Convertido,,0.0,Agressivo,Isle of Man
119674,TikTok,2024-06-18,Não Convertido,,0.0,Moderado,Isle of Man
119675,TikTok,2024-06-18,Não Convertido,,0.0,Moderado,Libyan Arab Jamahiriya
119676,WhatsApp,2024-06-19,Não Convertido,,0.0,Agressivo,Honduras
119677,E-mail Marketing,2024-06-19,Não Convertido,,0.0,Moderado,Australia
119678,YouTube Ads,2024-06-21,Não Convertido,,0.0,Agressivo,Sri Lanka
119679,E-mail Marketing,2024-06-21,Não Convertido,,0.0,Moderado,Trinidad and Tobago
119680,Orgânico,2024-06-19,Não Convertido,,0.0,Agressivo,Georgia
119681,Orgânico,2024-06-21,Não Convertido,,0.0,Moderado,Martinique
119682,WhatsApp,2024-06-20,Não Convertido,,0.0,Desconhecido,Bulgaria
119683,Facebook,2024-06-19,Não Convertido,,0.0,Agressivo,Bermuda
119684,TikTok,2024-06-18,Não Convertido,,0.0,Conservador,Georgia
119685,Google Ads,2024-06-22,Não Convertido,,0.0,Moderado,Kenya
119686,Facebook,2024-06-17,Não Convertido,,0.0,Moderado,Italy
119687,Instagram,2024-06-19,Não Convertido,,0.0,Moderado,Lao People's Democratic Republic
119688,Instagram,2024-06-22,Não Convertido,,0.0,Agressivo,Ukraine
119689,Facebook,2024-06-18,Não Convertido,,0.0,Desconhecido,Taiwan
119690,YouTube Ads,2024-06-20,Não Convertido,,0.0,Desconhecido,Sierra Leone
119691,TikTok,2024-06-18,Não Convertido,,0.0,Moderado,China
119692,YouTube Ads,2024-06-17,Não Convertido,,0.0,Moderado,Cameroon
119693,Google Ads,2024-06-22,Não Convertido,,0.0,Moderado,Iraq
119694,Facebook,2024-06-19,Não Convertido,,0.0,Agressivo,France
119695,Instagram,2024-06-18,Não Convertido,,0.0,Moderado,Turkey
119696,Instagram,2024-06-19,Não Convertido,,0.0,Conservador,Mayotte
119697,Instagram,2024-06-18,Não Convertido,,0.0,Moderado,Brazil
119698,Google Ads,2024-06-19,Não Convertido,,0.0,Desconhecido,Kazakhstan
119699,Facebook,2024-06-20,Não Convertido,,0.0,Moderado,Lesotho
119700,Google Ads,2024-06-19,Não Convertido,,0.0,Desconhecido,Uzbekistan
119701,E-mail Marketing,2024-06-18,Não Convertido,,0.0,Desconhecido,Argentina
119702,WhatsApp,2024-06-19,Não Convertido,,0.0,Moderado,Yemen
119703,Orgânico,2024-06-17,Não Convertido,,0.0,Moderado,Cayman Islands
119704,TikTok,2024-06-18,Não Convertido,,0.0,Moderado,Mongolia
119705,YouTube Ads,2024-06-22,Não Convertido,,0.0,Moderado,Gambia
119706,Google Ads,2024-06-17,Convertido,30.0,5123.92,Moderado,Ireland
119707,Orgânico,2024-06-19,Não Convertido,,0.0,Conservador,Central African Republic
119708,E-mail Marketing,2024-06-21,Não Convertido,,0.0,Moderado,Anguilla
119709,Facebook,2024-06-22,Não Convertido,,0.0,Desconhecido,Tunisia
119710,Instagram,2024-06-19,Não Convertido,,0.0,Moderado,Antigua and Barbuda
119711,TikTok,2024-06-20,Convertido,0.0,425.94,Conservador,Senegal
119712,Instagram,2024-06-17,Não Convertido,,0.0,Desconhecido,Brazil
119713,Orgânico,2024-06-21,Não Convertido,,0.0,Conservador,Chad
119714,WhatsApp,2024-06-19,Não Convertido,,0.0,Conservador,North Macedonia
119715,E-mail Marketing,2024-06-19,Não Convertido,,0.0,Agressivo,Saint Kitts and Nevis
119716,WhatsApp,2024-06-17,Não Convertido,,0.0,Moderado,Malta
119717,Indicação,2024-06-19,Não Convertido,,0.0,Conservador,Uruguay
119718,Google Ads,2024-06-22,Não Convertido,,0.0,Moderado,United States Minor Outlying Islands
119719,Orgânico,2024-06-19,Não Convertido,,0.0,Agressivo,Guatemala
119720,E-mail Marketing,2024-06-20,Não Convertido,,0.0,Agressivo,Lao People's Democratic Republic
119721,TikTok,2024-06-22,Não Convertido,,0.0,Desconhecido,Belarus
119722,Orgânico,2024-06-20,Não Convertido,,0.0,Agressivo,Bulgaria
119723,YouTube Ads,2024-06-17,Não Convertido,,0.0,Agressivo,Vietnam
119724,Facebook,2024-06-18,Não Convertido,,0.0,Conservador,Gibraltar
119725,WhatsApp,2024-06-17,Não Convertido,,0.0,Agressivo,Belize
119726,Instagram,2024-06-20,Não Convertido,,0.0,Desconhecido,Chad
119727,E-mail Marketing,2024-06-22,Não Convertido,,0.0,Moderado,Bouvet Island (Bouvetoya)
119728,WhatsApp,2024-06-20,Não Convertido,,0.0,Conservador,Croatia
119729,Instagram,2024-06-18,Não Convertido,,0.0,Conservador,Croatia
119730,Google Ads,2024-06-22,Não Convertido,,0.0,Conservador,Bouvet Island (Bouvetoya)
119731,TikTok,2024-06-21,Não Convertido,,0.0,Desconhecido,Norfolk Island
119732,YouTube Ads,2024-06-18,Não Convertido,,0.0,Conservador,Latvia
119733,Instagram,2024-06-21,Não Convertido,,0.0,Agressivo,Saint Kitts and Nevis
119734,Instagram,2024-06-21,Não Convertido,,0.0,Moderado,Argentina
119735,Instagram,2024-06-22,Não Convertido,,0.0,Moderado,Niue
119736,Orgânico,2024-06-19,Não Convertido,,0.0,Agressivo,Lao People's Democratic Republic
119737,YouTube Ads,2024-06-22,Não Convertido,,0.0,Conservador,United Arab Emirates
119738,Instagram,2024-06-17,Não Convertido,,0.0,Moderado,Nicaragua
119739,TikTok,2024-06-18,Não Convertido,,0.0,Moderado,Tonga
119740,YouTube Ads,2024-06-21,Não Convertido,,0.0,Agressivo,Thailand
119741,Facebook,2024-06-20,Não Convertido,,0.0,Moderado,Greenland
119742,Facebook,2024-06-21,Não Convertido,,0.0,Agressivo,Vanuatu
119743,Orgânico,2024-06-17,Não Convertido,,0.0,Moderado,Gambia
119744,Google Ads,2024-06-18,Convertido,19.0,5769.04,Agressivo,Heard Island and McDonald Islands
119745,TikTok,2024-06-21,Não Convertido,,0.0,Moderado,Brunei Darussalam
119746,Orgânico,2024-06-19,Não Convertido,,0.0,Moderado,United Arab Emirates
119747,Facebook,2024-06-18,Não Convertido,,0.0,Agressivo,Barbados
119748,Orgânico,2024-06-20,Não Convertido,,0.0,Conservador,Congo
119749,Facebook,2024-06-18,Não Convertido,,0.0,Agressivo,Puerto Rico
119750,Facebook,2024-06-18,Não Convertido,,0.0,Moderado,Papua New Guinea
119751,Orgânico,2024-06-18,Não Convertido,,0.0,Moderado,Antigua and Barbuda
119752,Orgânico,2024-06-22,Não Convertido,,0.0,Moderado,Iceland
119753,TikTok,2024-06-22,Não Convertido,,0.0,Desconhecido,Guernsey
119754,TikTok,2024-06-18,Não Convertido,,0.0,Agressivo,Central African Republic
119755,E-mail Marketing,2024-06-21,Não Convertido,,0.0,Conservador,French Guiana
119756,TikTok,2024-06-22,Não Convertido,,0.0,Conservador,Greece
119757,Instagram,2024-06-20,Não Convertido,,0.0,Conservador,Trinidad and Tobago
119758,Facebook,2024-06-21,Não Convertido,,0.0,Agressivo,Argentina
119759,Facebook,2024-06-20,Não Convertido,,0.0,Moderado,Estonia
119760,WhatsApp,2024-06-22,Não Convertido,,0.0,Agressivo,Wallis and Futuna
119761,TikTok,2024-06-19,Não Convertido,,0.0,Moderado,Uruguay
119762,Orgânico,2024-06-19,Não Convertido,,0.0,Moderado,Trinidad and Tobago
119763,TikTok,2024-06-19,Não Convertido,,0.0,Conservador,Nauru
119764,WhatsApp,2024-06-21,Não Convertido,,0.0,Desconhecido,Montserrat
119765,E-mail Marketing,2024-06-19,Não Convertido,,0.0,Agressivo,Thailand
119766,TikTok,2024-06-21,Não Convertido,,0.0,Conservador,Hungary
119767,TikTok,2024-06-19,Não Convertido,,0.0,Moderado,Zimbabwe
119768,Orgânico,2024-06-22,Não Convertido,,0.0,Conservador,Comoros
119769,Google Ads,2024-06-17,Não Convertido,,0.0,Moderado,Puerto Rico
119770,WhatsApp,2024-06-17,Não Convertido,,0.0,Moderado,Korea
119771,Facebook,2024-06-20,Não Convertido,,0.0,Agressivo,Saudi Arabia
119772,Facebook,2024-06-18,Não Convertido,,0.0,Moderado,Papua New Guinea
119773,Orgânico,2024-06-20,Não Convertido,,0.0,Conservador,Senegal
119774,TikTok,2024-06-20,Não Convertido,,0.0,Moderado,Antigua and Barbuda
119775,Orgânico,2024-06-17,Não Convertido,,0.0,Agressivo,Seychelles
119776,TikTok,2024-06-18,Não Convertido,,0.0,Moderado,Guinea
119777,Google Ads,2024-06-22,Não Convertido,,0.0,Moderado,Saint Helena
119778,E-mail Marketing,2024-06-18,Não Convertido,,0.0,Conservador,Burkina Faso
119779,Facebook,2024-06-18,Não Convertido,,0.0,Conservador,Samoa
119780,TikTok,2024-06-20,Não Convertido,,0.0,Conservador,Nauru
119781,E-mail Marketing,2024-06-18,Não Convertido,,0.0,Agressivo,Oman
119782,YouTube Ads,2024-06-22,Não Convertido,,0.0,Conservador,El Salvador
119783,Orgânico,2024-06-19,Não Convertido,,0.0,Desconhecido,Mauritius
119784,WhatsApp,2024-06-19,Não Convertido,,0.0,Moderado,Monaco
119785,Orgânico,2024-06-21,Não Convertido,,0.0,Moderado,Taiwan
119786,Google Ads,2024-06-17,Não Convertido,,0.0,Moderado,Iraq
119787,TikTok,2024-06-19,Não Convertido,,0.0,Agressivo,India
119788,Google Ads,2024-06-20,Não Convertido,,0.0,Agressivo,Mayotte
119789,Instagram,2024-06-22,Não Convertido,,0.0,Conservador,Costa Rica
119790,Facebook,2024-06-19,Não Convertido,,0.0,Conservador,Turkey
119791,Orgânico,2024-06-19,Não Convertido,,0.0,Agressivo,Dominican Republic
119792,YouTube Ads,2024-06-22,Não Convertido,,0.0,Moderado,Germany
119793,TikTok,2024-06-19,Convertido,30.0,6288.69,Desconhecido,Andorra
119794,TikTok,2024-06-21,Não Convertido,,0.0,Conservador,Mauritania
119795,Instagram,2024-06-19,Não Convertido,,0.0,Conservador,Portugal
119796,Instagram,2024-06-18,Não Convertido,,0.0,Agressivo,United Kingdom
119797,Indicação,2024-06-21,Não Convertido,,0.0,Conservador,Cocos (Keeling) Islands
119798,Orgânico,2024-06-21,Não Convertido,,0.0,Conservador,Monaco
119799,Instagram,2024-06-17,Não Convertido,,0.0,Moderado,Cayman Islands
119800,TikTok,2024-06-22,Não Convertido,,0.0,Agressivo,Heard Island and McDonald Islands
119801,WhatsApp,2024-06-20,Não Convertido,,0.0,Moderado,Netherlands Antilles
119802,E-mail Marketing,2024-06-17,Não Convertido,,0.0,Moderado,Benin
119803,E-mail Marketing,2024-06-22,Não Convertido,,0.0,Moderado,Cook Islands
119804,Orgânico,2024-06-17,Não Convertido,,0.0,Desconhecido,Sudan
119805,Indicação,2024-06-19,Não Convertido,,0.0,Conservador,Denmark
119806,Instagram,2024-06-21,Não Convertido,,0.0,Moderado,Colombia
119807,Instagram,2024-06-18,Não Convertido,,0.0,Moderado,Turkmenistan
119808,Google Ads,2024-06-18,Não Convertido,,0.0,Conservador,Myanmar
119809,WhatsApp,2024-06-22,Não Convertido,,0.0,Agressivo,New Caledonia
119810,E-mail Marketing,2024-06-20,Não Convertido,,0.0,Agressivo,Senegal
119811,Orgânico,2024-06-19,Não Convertido,,0.0,Moderado,French Polynesia
119812,Orgânico,2024-06-21,Não Convertido,,0.0,Desconhecido,El Salvador
119813,YouTube Ads,2024-06-22,Não Convertido,,0.0,Agressivo,Saint Lucia
119814,Instagram,2024-06-21,Não Convertido,,0.0,Moderado,Slovenia
119815,WhatsApp,2024-06-21,Não Convertido,,0.0,Agressivo,Bangladesh
119816,TikTok,2024-06-17,Não Convertido,,0.0,Agressivo,Kazakhstan
119817,E-mail Marketing,2024-06-20,Não Convertido,,0.0,Moderado,Guyana
119818,Instagram,2024-06-19,Não Convertido,,0.0,Moderado,Barbados
119819,TikTok,2024-06-21,Não Convertido,,0.0,Conservador,Switzerland
119820,WhatsApp,2024-06-22,Não Convertido,,0.0,Agressivo,Saint Helena
119821,Orgânico,2024-06-22,Não Convertido,,0.0,Moderado,Afghanistan
119822,Instagram,2024-06-19,Não Convertido,,0.0,Moderado,Ghana
119823,E-mail Marketing,2024-06-18,Não Convertido,,0.0,Agressivo,Bahamas
119824,Instagram,2024-06-18,Não Convertido,,0.0,Moderado,Puerto Rico
119825,TikTok,2024-06-20,Não Convertido,,0.0,Agressivo,Kiribati
119826,Instagram,2024-06-20,Não Convertido,,0.0,Agressivo,Slovenia
119827,TikTok,2024-06-17,Não Convertido,,0.0,Conservador,Grenada
119828,TikTok,2024-06-17,Não Convertido,,0.0,Moderado,Antigua and Barbuda
119829,Google Ads,2024-06-18,Não Convertido,,0.0,Conservador,Falkland Islands (Malvinas)
119830,Orgânico,2024-06-17,Não Convertido,,0.0,Moderado,New Zealand
119831,Orgânico,2024-06-21,Não Convertido,,0.0,Agressivo,Bahamas
119832,E-mail Marketing,2024-06-17,Não Convertido,,0.0,Agressivo,Suriname
119833,Instagram,2024-06-19,Não Convertido,,0.0,Moderado,Christmas Island
119834,TikTok,2024-06-21,Não Convertido,,0.0,Moderado,Guadeloupe
119835,E-mail Marketing,2024-06-22,Não Convertido,,0.0,Conservador,Cote d'Ivoire
119836,TikTok,2024-06-19,Não Convertido,,0.0,Conservador,Djibouti
119837,Instagram,2024-06-19,Não Convertido,,0.0,Moderado,Slovakia (Slovak Republic)
119838,Instagram,2024-06-21,Não Convertido,,0.0,Agressivo,Liberia
119839,E-mail Marketing,2024-06-19,Não Convertido,,0.0,Moderado,Cook Islands
119840,TikTok,2024-06-19,Não Convertido,,0.0,Conservador,Greenland
119841,E-mail Marketing,2024-06-17,Não Convertido,,0.0,Moderado,Madagascar
119842,TikTok,2024-06-18,Não Convertido,,0.0,Moderado,Gambia
119843,Orgânico,2024-06-19,Não Convertido,,0.0,Moderado,Senegal
119844,WhatsApp,2024-06-21,Não Convertido,,0.0,Moderado,Zambia
119845,Orgânico,2024-06-21,Não Convertido,,0.0,Conservador,Djibouti
119846,TikTok,2024-06-21,Convertido,13.0,7881.66,Conservador,Oman
119847,Orgânico,2024-06-21,Não Convertido,,0.0,Moderado,Pakistan
119848,Orgânico,2024-06-21,Não Convertido,,0.0,Moderado,Guinea-Bissau
119849,Instagram,2024-06-22,Não Convertido,,0.0,Moderado,Malawi
119850,Orgânico,2024-06-19,Convertido,1.0,8755.29,Agressivo,Maldives
119851,TikTok,2024-06-22,Não Convertido,,0.0,Desconhecido,Saint Kitts and Nevis
119852,E-mail Marketing,2024-06-17,Não Convertido,,0.0,Moderado,Liechtenstein
119853,Google Ads,2024-06-22,Não Convertido,,0.0,Moderado,Croatia
119854,TikTok,2024-06-22,Não Convertido,,0.0,Moderado,Congo
119855,E-mail Marketing,2024-06-20,Não Convertido,,0.0,Agressivo,Timor-Leste
119856,Indicação,2024-06-18,Não Convertido,,0.0,Conservador,Monaco
119857,Indicação,2024-06-18,Não Convertido,,0.0,Agressivo,Equatorial Guinea
119858,TikTok,2024-06-17,Não Convertido,,0.0,Desconhecido,Zambia
119859,TikTok,2024-06-19,Não Convertido,,0.0,Agressivo,Mauritania
119860,Instagram,2024-06-21,Não Convertido,,0.0,Agressivo,Chad
119861,YouTube Ads,2024-06-20,Não Convertido,,0.0,Moderado,Morocco
119862,Instagram,2024-06-18,Não Convertido,,0.0,Conservador,Niue
119863,Orgânico,2024-06-19,Não Convertido,,0.0,Conservador,Estonia
119864,Instagram,2024-06-22,Não Convertido,,0.0,Agressivo,Mexico
119865,WhatsApp,2024-06-22,Convertido,0.0,3470.09,Agressivo,Monaco
119866,Google Ads,2024-06-18,Não Convertido,,0.0,Agressivo,Kiribati
119867,E-mail Marketing,2024-06-17,Não Convertido,,0.0,Conservador,Ecuador
119868,WhatsApp,2024-06-18,Não Convertido,,0.0,Moderado,Papua New Guinea
119869,Facebook,2024-06-22,Não Convertido,,0.0,Conservador,Croatia
119870,Google Ads,2024-06-17,Não Convertido,,0.0,Agressivo,Bosnia and Herzegovina
119871,Google Ads,2024-06-22,Não Convertido,,0.0,Moderado,Iceland
119872,Orgânico,2024-06-21,Não Convertido,,0.0,Moderado,Honduras
119873,WhatsApp,2024-06-18,Não Convertido,,0.0,Moderado,Belize
119874,Instagram,2024-06-19,Não Convertido,,0.0,Moderado,Martinique
119875,Facebook,2024-06-18,Não Convertido,,0.0,Agressivo,Dominican Republic
119876,Facebook,2024-06-18,Não Convertido,,0.0,Agressivo,Holy See (Vatican City State)
119877,WhatsApp,2024-06-17,Não Convertido,,0.0,Conservador,Dominica
119878,WhatsApp,2024-06-19,Não Convertido,,0.0,Agressivo,Namibia
119879,Instagram,2024-06-19,Não Convertido,,0.0,Moderado,Korea
119880,Orgânico,2024-06-21,Não Convertido,,0.0,Moderado,Malta
119881,YouTube Ads,2024-06-17,Não Convertido,,0.0,Conservador,Korea
119882,E-mail Marketing,2024-06-21,Não Convertido,,0.0,Agressivo,Niue
119883,E-mail Marketing,2024-06-19,Não Convertido,,0.0,Desconhecido,Cape Verde
119884,Orgânico,2024-06-22,Não Convertido,,0.0,Agressivo,Botswana
119885,Google Ads,2024-06-17,Não Convertido,,0.0,Moderado,United States Minor Outlying Islands
119886,Facebook,2024-06-20,Não Convertido,,0.0,Moderado,Haiti
119887,Facebook,2024-06-22,Não Convertido,,0.0,Desconhecido,Hong Kong
119888,E-mail Marketing,2024-06-20,Não Convertido,,0.0,Agressivo,Trinidad and Tobago
119889,Facebook,2024-06-20,Não Convertido,,0.0,Desconhecido,Dominica
119890,TikTok,2024-06-21,Não Convertido,,0.0,Conservador,Maldives
119891,TikTok,2024-06-18,Não Convertido,,0.0,Agressivo,Benin
119892,TikTok,2024-06-19,Não Convertido,,0.0,Desconhecido,Northern Mariana Islands
119893,Facebook,2024-06-20,Não Convertido,,0.0,Agressivo,Australia
119894,TikTok,2024-06-17,Não Convertido,,0.0,Agressivo,Turkmenistan
119895,TikTok,2024-06-19,Não Convertido,,0.0,Agressivo,Finland
119896,Facebook,2024-06-22,Não Convertido,,0.0,Agressivo,Northern Mariana Islands
119897,Orgânico,2024-06-22,Não Convertido,,0.0,Agressivo,Tanzania
119898,Instagram,2024-06-17,Não Convertido,,0.0,Moderado,Belize
119899,Google Ads,2024-06-22,Não Convertido,,0.0,Moderado,Bahamas
119900,YouTube Ads,2024-06-17,Não Convertido,,0.0,Moderado,Bolivia
119901,Instagram,2024-06-20,Não Convertido,,0.0,Moderado,Guatemala
119902,E-mail Marketing,2024-06-17,Não Convertido,,0.0,Moderado,Panama
119903,Facebook,2024-06-18,Não Convertido,,0.0,Moderado,Rwanda
119904,Orgânico,2024-06-17,Não Convertido,,0.0,Conservador,Swaziland
119905,Orgânico,2024-06-22,Não Convertido,,0.0,Agressivo,Isle of Man
119906,WhatsApp,2024-06-17,Não Convertido,,0.0,Conservador,Ecuador
119907,TikTok,2024-06-20,Não Convertido,,0.0,Conservador,United Kingdom
119908,TikTok,2024-06-22,Não Convertido,,0.0,Desconhecido,Togo
119909,YouTube Ads,2024-06-21,Não Convertido,,0.0,Moderado,Reunion
119910,Instagram,2024-06-20,Não Convertido,,0.0,Conservador,Estonia
119911,Indicação,2024-06-20,Não Convertido,,0.0,Moderado,Samoa
119912,TikTok,2024-06-17,Não Convertido,,0.0,Agressivo,Heard Island and McDonald Islands
119913,Facebook,2024-06-22,Não Convertido,,0.0,Agressivo,France
119914,WhatsApp,2024-06-22,Convertido,26.0,8593.85,Moderado,Sweden
119915,TikTok,2024-06-20,Não Convertido,,0.0,Agressivo,Reunion
119916,WhatsApp,2024-06-19,Não Convertido,,0.0,Moderado,Turkmenistan
119917,Instagram,2024-06-20,Não Convertido,,0.0,Moderado,Romania
119918,TikTok,2024-06-18,Não Convertido,,0.0,Moderado,Tonga
119919,Orgânico,2024-06-20,Não Convertido,,0.0,Agressivo,Solomon Islands
119920,E-mail Marketing,2024-06-20,Não Convertido,,0.0,Moderado,New Zealand
119921,Facebook,2024-06-20,Não Convertido,,0.0,Moderado,Serbia
119922,Instagram,2024-06-19,Não Convertido,,0.0,Moderado,Oman
119923,Orgânico,2024-06-20,Não Convertido,,0.0,Agressivo,Guinea-Bissau
119924,Google Ads,2024-06-17,Não Convertido,,0.0,Agressivo,Ukraine
119925,E-mail Marketing,2024-06-20,Não Convertido,,0.0,Moderado,Lao People's Democratic Republic
119926,WhatsApp,2024-06-17,Não Convertido,,0.0,Agressivo,Cook Islands
119927,TikTok,2024-06-22,Não Convertido,,0.0,Moderado,Senegal
119928,Google Ads,2024-06-21,Não Convertido,,0.0,Moderado,Samoa
119929,WhatsApp,2024-06-21,Não Convertido,,0.0,Desconhecido,Faroe Islands
119930,YouTube Ads,2024-06-21,Não Convertido,,0.0,Moderado,Malta
119931,Instagram,2024-06-18,Não Convertido,,0.0,Conservador,Greenland
119932,Indicação,2024-06-21,Não Convertido,,0.0,Moderado,Tunisia
119933,YouTube Ads,2024-06-22,Não Convertido,,0.0,Agressivo,Barbados
119934,YouTube Ads,2024-06-17,Não Convertido,,0.0,Conservador,Sweden
119935,Google Ads,2024-06-20,Não Convertido,,0.0,Agressivo,Saint Martin
119936,Facebook,2024-06-21,Não Convertido,,0.0,Agressivo,Angola
119937,Indicação,2024-06-19,Não Convertido,,0.0,Agressivo,Falkland Islands (Malvinas)
119938,WhatsApp,2024-06-18,Não Convertido,,0.0,Moderado,Uruguay
119939,YouTube Ads,2024-06-21,Não Convertido,,0.0,Moderado,Indonesia
119940,Facebook,2024-06-19,Convertido,4.0,5985.3,Moderado,Mozambique
119941,TikTok,2024-06-20,Não Convertido,,0.0,Moderado,French Southern Territories
119942,Orgânico,2024-06-17,Não Convertido,,0.0,Agressivo,Puerto Rico
119943,WhatsApp,2024-06-20,Não Convertido,,0.0,Conservador,Eritrea
119944,Instagram,2024-06-22,Não Convertido,,0.0,Conservador,Tokelau
119945,Instagram,2024-06-22,Não Convertido,,0.0,Moderado,Nauru
119946,E-mail Marketing,2024-06-22,Não Convertido,,0.0,Moderado,Belize
119947,Orgânico,2024-06-19,Não Convertido,,0.0,Moderado,Rwanda
119948,TikTok,2024-06-21,Não Convertido,,0.0,Conservador,Kazakhstan
119949,Orgânico,2024-06-18,Não Convertido,,0.0,Moderado,Korea
119950,Facebook,2024-06-17,Não Convertido,,0.0,Moderado,Paraguay
119951,Google Ads,2024-06-22,Convertido,7.0,6010.45,Moderado,Greece
119952,WhatsApp,2024-06-17,Não Convertido,,0.0,Conservador,Antarctica (the territory South of 60 deg S)
119953,Orgânico,2024-06-19,Não Convertido,,0.0,Moderado,Seychelles
119954,Instagram,2024-06-17,Não Convertido,,0.0,Desconhecido,Christmas Island
119955,YouTube Ads,2024-06-21,Não Convertido,,0.0,Conservador,Kuwait
119956,E-mail Marketing,2024-06-22,Não Convertido,,0.0,Agressivo,Bahamas
119957,Instagram,2024-06-22,Não Convertido,,0.0,Moderado,Vanuatu
119958,TikTok,2024-06-20,Não Convertido,,0.0,Moderado,Liberia
119959,Instagram,2024-06-19,Não Convertido,,0.0,Conservador,Belgium
119960,Facebook,2024-06-19,Não Convertido,,0.0,Moderado,Netherlands
119961,TikTok,2024-06-21,Não Convertido,,0.0,Moderado,Guinea
119962,WhatsApp,2024-06-22,Não Convertido,,0.0,Agressivo,Mozambique
119963,WhatsApp,2024-06-18,Não Convertido,,0.0,Conservador,Paraguay
119964,E-mail Marketing,2024-06-19,Não Convertido,,0.0,Desconhecido,Sri Lanka
119965,Google Ads,2024-06-17,Não Convertido,,0.0,Moderado,Rwanda
119966,Orgânico,2024-06-20,Não Convertido,,0.0,Agressivo,Falkland Islands (Malvinas)
119967,Instagram,2024-06-18,Não Convertido,,0.0,Conservador,Cocos (Keeling) Islands
119968,E-mail Marketing,2024-06-19,Não Convertido,,0.0,Moderado,San Marino
119969,TikTok,2024-06-17,Não Convertido,,0.0,Moderado,Iran
119970,YouTube Ads,2024-06-17,Não Convertido,,0.0,Desconhecido,Heard Island and McDonald Islands
119971,TikTok,2024-06-18,Convertido,16.0,7880.15,Conservador,Guam
119972,E-mail Marketing,2024-06-18,Não Convertido,,0.0,Conservador,Niger
119973,WhatsApp,2024-06-17,Não Convertido,,0.0,Moderado,Vietnam
119974,Facebook,2024-06-20,Não Convertido,,0.0,Moderado,Northern Mariana Islands
119975,TikTok,2024-06-20,Não Convertido,,0.0,Conservador,Cook Islands
119976,Indicação,2024-06-18,Não Convertido,,0.0,Agressivo,Liechtenstein
119977,Instagram,2024-06-20,Não Convertido,,0.0,Moderado,Chad
119978,Orgânico,2024-06-20,Convertido,18.0,3918.03,Moderado,Saint Pierre and Miquelon
119979,Orgânico,2024-06-17,Não Convertido,,0.0,Moderado,Mali
119980,Orgânico,2024-06-22,Não Convertido,,0.0,Conservador,Kiribati
119981,Instagram,2024-06-22,Não Convertido,,0.0,Agressivo,Fiji
119982,Indicação,2024-06-18,Não Convertido,,0.0,Agressivo,Tajikistan
119983,Google Ads,2024-06-21,Não Convertido,,0.0,Conservador,Cambodia
119984,Facebook,2024-06-21,Não Convertido,,0.0,Moderado,Bhutan
119985,E-mail Marketing,2024-06-19,Não Convertido,,0.0,Moderado,India
119986,YouTube Ads,2024-06-19,Não Convertido,,0.0,Agressivo,Sweden
119987,Orgânico,2024-06-21,Não Convertido,,0.0,Agressivo,Rwanda
119988,Orgânico,2024-06-18,Não Convertido,,0.0,Desconhecido,Martinique
119989,Instagram,2024-06-21,Não Convertido,,0.0,Conservador,Niger
119990,Orgânico,2024-06-18,Não Convertido,,0.0,Agressivo,Ireland
119991,YouTube Ads,2024-06-18,Não Convertido,,0.0,Desconhecido,Kuwait
119992,Orgânico,2024-06-20,Não Convertido,,0.0,Conservador,Christmas Island
119993,Instagram,2024-06-20,Não Convertido,,0.0,Agressivo,Bahrain
119994,WhatsApp,2024-06-20,Não Convertido,,0.0,Moderado,Spain
119995,WhatsApp,2024-06-22,Não Convertido,,0.0,Moderado,Finland
119996,Orgânico,2024-06-18,Não Convertido,,0.0,Agressivo,Panama
119997,E-mail Marketing,2024-06-19,Não Convertido,,0.0,Moderado,Zimbabwe
119998,WhatsApp,2024-06-19,Não Convertido,,0.0,Agressivo,Malaysia
119999,TikTok,2024-06-22,Não Convertido,,0.0,Conservador,Congo
120000,Orgânico,2024-06-17,Não Convertido,,0.0,Moderado,Malawi
120001,Indicação,2024-06-17,Não Convertido,,0.0,Moderado,Antigua and Barbuda
120002,Indicação,2024-06-18,Não Convertido,,0.0,Agressivo,Canada
120003,Instagram,2024-06-21,Não Convertido,,0.0,Agressivo,Australia
120004,Instagram,2024-06-19,Não Convertido,,0.0,Agressivo,Madagascar
120005,Facebook,2024-06-17,Não Convertido,,0.0,Moderado,India
120006,Instagram,2024-06-18,Não Convertido,,0.0,Conservador,Slovenia
120007,Orgânico,2024-06-21,Não Convertido,,0.0,Agressivo,Cyprus
120008,Instagram,2024-06-20,Não Convertido,,0.0,Agressivo,Dominican Republic
120009,E-mail Marketing,2024-06-17,Não Convertido,,0.0,Conservador,Turkey
120010,Google Ads,2024-06-21,Não Convertido,,0.0,Moderado,Austria
120011,Google Ads,2024-06-22,Não Convertido,,0.0,Agressivo,Cocos (Keeling) Islands
120012,TikTok,2024-06-21,Não Convertido,,0.0,Agressivo,United States of America
120013,E-mail Marketing,2024-06-22,Não Convertido,,0.0,Moderado,Papua New Guinea
120014,Google Ads,2024-06-22,Não Convertido,,0.0,Conservador,Cayman Islands
120015,Facebook,2024-06-21,Não Convertido,,0.0,Moderado,Lao People's Democratic Republic
120016,WhatsApp,2024-06-17,Não Convertido,,0.0,Conservador,Indonesia
120017,Orgânico,2024-06-22,Não Convertido,,0.0,Agressivo,Yemen
120018,YouTube Ads,2024-06-20,Não Convertido,,0.0,Moderado,American Samoa
120019,YouTube Ads,2024-06-21,Convertido,17.0,8002.56,Agressivo,Barbados
120020,Instagram,2024-06-19,Não Convertido,,0.0,Agressivo,Botswana
120021,Indicação,2024-06-19,Não Convertido,,0.0,Conservador,United States Virgin Islands
120022,WhatsApp,2024-06-17,Não Convertido,,0.0,Conservador,Turkey
120023,Orgânico,2024-06-20,Não Convertido,,0.0,Moderado,Jersey
120024,WhatsApp,2024-06-20,Não Convertido,,0.0,Agressivo,Puerto Rico
120025,Orgânico,2024-06-17,Não Convertido,,0.0,Agressivo,Israel
120026,Orgânico,2024-06-20,Não Convertido,,0.0,Agressivo,Korea
120027,YouTube Ads,2024-06-19,Não Convertido,,0.0,Moderado,Bolivia
120028,Google Ads,2024-06-18,Não Convertido,,0.0,Desconhecido,Algeria
120029,WhatsApp,2024-06-18,Não Convertido,,0.0,Agressivo,Austria
120030,Indicação,2024-06-20,Não Convertido,,0.0,Moderado,Estonia
120031,Instagram,2024-06-22,Não Convertido,,0.0,Agressivo,Mongolia
120032,YouTube Ads,2024-06-20,Não Convertido,,0.0,Conservador,Wallis and Futuna
120033,E-mail Marketing,2024-06-18,Não Convertido,,0.0,Moderado,Bosnia and Herzegovina
120034,TikTok,2024-06-17,Não Convertido,,0.0,Moderado,Montenegro
120035,WhatsApp,2024-06-19,Não Convertido,,0.0,Moderado,Angola
120036,TikTok,2024-06-20,Não Convertido,,0.0,Agressivo,Mongolia
120037,TikTok,2024-06-17,Não Convertido,,0.0,Conservador,France
120038,Google Ads,2024-06-17,Não Convertido,,0.0,Moderado,Mozambique
120039,Orgânico,2024-06-19,Não Convertido,,0.0,Desconhecido,Trinidad and Tobago
120040,YouTube Ads,2024-06-18,Não Convertido,,0.0,Agressivo,Zambia
120041,TikTok,2024-06-19,Convertido,24.0,3955.2,Conservador,Mauritius
120042,Orgânico,2024-06-18,Convertido,16.0,3719.94,Moderado,Ireland
120043,Google Ads,2024-06-17,Não Convertido,,0.0,Moderado,Croatia
120044,Google Ads,2024-06-22,Não Convertido,,0.0,Agressivo,Azerbaijan
120045,YouTube Ads,2024-06-18,Não Convertido,,0.0,Moderado,Pitcairn Islands
120046,E-mail Marketing,2024-06-18,Não Convertido,,0.0,Agressivo,Mauritius
120047,Orgânico,2024-06-18,Não Convertido,,0.0,Agressivo,Sudan
120048,Facebook,2024-06-17,Não Convertido,,0.0,Agressivo,Uzbekistan
120049,E-mail Marketing,2024-06-21,Convertido,9.0,8995.16,Agressivo,Uganda
120050,YouTube Ads,2024-06-19,Não Convertido,,0.0,Moderado,Wallis and Futuna
120051,Google Ads,2024-06-17,Não Convertido,,0.0,Moderado,Ukraine
120052,Orgânico,2024-06-18,Não Convertido,,0.0,Moderado,Montenegro
120053,WhatsApp,2024-06-17,Não Convertido,,0.0,Agressivo,Nicaragua
120054,TikTok,2024-06-19,Não Convertido,,0.0,Conservador,Zimbabwe
120055,E-mail Marketing,2024-06-19,Não Convertido,,0.0,Moderado,Fiji
120056,Orgânico,2024-06-17,Não Convertido,,0.0,Agressivo,Chile
120057,Orgânico,2024-06-22,Não Convertido,,0.0,Desconhecido,Latvia
120058,Orgânico,2024-06-21,Não Convertido,,0.0,Agressivo,Cote d'Ivoire
120059,TikTok,2024-06-20,Não Convertido,,0.0,Conservador,Vietnam
120060,E-mail Marketing,2024-06-19,Não Convertido,,0.0,Moderado,Ethiopia
120061,WhatsApp,2024-06-18,Não Convertido,,0.0,Moderado,Ukraine
120062,Google Ads,2024-06-20,Não Convertido,,0.0,Conservador,Guernsey
120063,Orgânico,2024-06-17,Não Convertido,,0.0,Conservador,Tanzania
120064,Instagram,2024-06-21,Não Convertido,,0.0,Agressivo,Cambodia
120065,Google Ads,2024-06-19,Convertido,28.0,6829.85,Moderado,Aruba
120066,Instagram,2024-06-18,Não Convertido,,0.0,Agressivo,Mozambique
120067,TikTok,2024-06-17,Não Convertido,,0.0,Agressivo,Portugal
120068,YouTube Ads,2024-06-20,Não Convertido,,0.0,Agressivo,Ukraine
120069,Instagram,2024-06-18,Não Convertido,,0.0,Moderado,Czech Republic
120070,Instagram,2024-06-21,Não Convertido,,0.0,Agressivo,Egypt
120071,Orgânico,2024-06-21,Não Convertido,,0.0,Moderado,Belgium
120072,E-mail Marketing,2024-06-21,Convertido,14.0,5338.61,Conservador,New Caledonia
120073,E-mail Marketing,2024-06-17,Não Convertido,,0.0,Conservador,Antarctica (the territory South of 60 deg S)
120074,Instagram,2024-06-17,Não Convertido,,0.0,Moderado,Timor-Leste
120075,Instagram,2024-06-18,Não Convertido,,0.0,Conservador,Ukraine
120076,Instagram,2024-06-22,Não Convertido,,0.0,Conservador,Malaysia
120077,TikTok,2024-06-17,Não Convertido,,0.0,Agressivo,Bulgaria
120078,YouTube Ads,2024-06-21,Não Convertido,,0.0,Agressivo,Guinea-Bissau
120079,Facebook,2024-06-17,Não Convertido,,0.0,Conservador,Korea
120080,E-mail Marketing,2024-06-20,Não Convertido,,0.0,Moderado,Malawi
120081,TikTok,2024-06-18,Não Convertido,,0.0,Moderado,Rwanda
120082,Instagram,2024-06-17,Não Convertido,,0.0,Agressivo,Isle of Man
120083,Instagram,2024-06-17,Convertido,29.0,3632.72,Agressivo,Brazil
120084,Instagram,2024-06-22,Não Convertido,,0.0,Agressivo,Ghana
120085,Instagram,2024-06-21,Não Convertido,,0.0,Agressivo,Namibia
120086,WhatsApp,2024-06-21,Não Convertido,,0.0,Agressivo,Latvia
120087,Facebook,2024-06-22,Convertido,30.0,2871.64,Moderado,Italy
120088,Google Ads,2024-06-18,Não Convertido,,0.0,Moderado,Malawi
120089,Facebook,2024-06-17,Não Convertido,,0.0,Agressivo,Philippines
120090,E-mail Marketing,2024-06-19,Não Convertido,,0.0,Moderado,Guadeloupe
120091,Orgânico,2024-06-22,Não Convertido,,0.0,Conservador,Angola
120092,Indicação,2024-06-21,Não Convertido,,0.0,Moderado,France
120093,YouTube Ads,2024-06-17,Não Convertido,,0.0,Moderado,Croatia
120094,Google Ads,2024-06-21,Não Convertido,,0.0,Moderado,Barbados
120095,Facebook,2024-06-22,Não Convertido,,0.0,Moderado,Russian Federation
120096,TikTok,2024-06-18,Não Convertido,,0.0,Conservador,Estonia
120097,Google Ads,2024-06-22,Não Convertido,,0.0,Agressivo,Sweden
120098,Instagram,2024-06-19,Não Convertido,,0.0,Moderado,Gabon
120099,Orgânico,2024-06-21,Não Convertido,,0.0,Agressivo,Honduras
120100,Instagram,2024-06-20,Não Convertido,,0.0,Moderado,Andorra
120101,Orgânico,2024-06-21,Não Convertido,,0.0,Desconhecido,New Caledonia
120102,E-mail Marketing,2024-06-21,Não Convertido,,0.0,Desconhecido,Moldova
120103,Facebook,2024-06-19,Não Convertido,,0.0,Moderado,Kuwait
120104,Orgânico,2024-06-18,Não Convertido,,0.0,Moderado,Mauritius
120105,WhatsApp,2024-06-21,Não Convertido,,0.0,Agressivo,Mauritania
120106,Orgânico,2024-06-17,Não Convertido,,0.0,Moderado,Dominica
120107,Orgânico,2024-06-21,Não Convertido,,0.0,Agressivo,Liberia
120108,Google Ads,2024-06-19,Convertido,9.0,3870.44,Moderado,Yemen
120109,TikTok,2024-06-22,Não Convertido,,0.0,Conservador,Kuwait
120110,Orgânico,2024-06-21,Não Convertido,,0.0,Agressivo,Pitcairn Islands
120111,Indicação,2024-06-20,Não Convertido,,0.0,Agressivo,British Indian Ocean Territory (Chagos Archipelago)
120112,YouTube Ads,2024-06-20,Não Convertido,,0.0,Desconhecido,Bangladesh
120113,Instagram,2024-06-18,Não Convertido,,0.0,Moderado,Poland
120114,Facebook,2024-06-18,Não Convertido,,0.0,Desconhecido,British Virgin Islands
120115,Google Ads,2024-06-21,Não Convertido,,0.0,Desconhecido,Niger
120116,WhatsApp,2024-06-20,Convertido,13.0,7661.26,Conservador,Bahrain
120117,E-mail Marketing,2024-06-18,Não Convertido,,0.0,Moderado,Micronesia
120118,Orgânico,2024-06-22,Não Convertido,,0.0,Agressivo,Svalbard & Jan Mayen Islands
120119,E-mail Marketing,2024-06-20,Não Convertido,,0.0,Agressivo,Liberia
120120,Facebook,2024-06-18,Convertido,11.0,2353.08,Agressivo,China
120121,Google Ads,2024-06-20,Não Convertido,,0.0,Conservador,Togo
120122,Indicação,2024-06-19,Não Convertido,,0.0,Moderado,Brunei Darussalam
120123,Indicação,2024-06-20,Não Convertido,,0.0,Conservador,American Samoa
120124,E-mail Marketing,2024-06-20,Não Convertido,,0.0,Moderado,Heard Island and McDonald Islands
120125,Orgânico,2024-06-20,Não Convertido,,0.0,Agressivo,Greece
120126,Instagram,2024-06-20,Não Convertido,,0.0,Agressivo,Somalia
120127,Google Ads,2024-06-20,Não Convertido,,0.0,Agressivo,Ukraine
120128,WhatsApp,2024-06-19,Não Convertido,,0.0,Agressivo,Bhutan
120129,TikTok,2024-06-22,Não Convertido,,0.0,Moderado,Falkland Islands (Malvinas)
120130,E-mail Marketing,2024-06-17,Não Convertido,,0.0,Agressivo,Morocco
120131,E-mail Marketing,2024-06-18,Não Convertido,,0.0,Conservador,Guam
120132,Facebook,2024-06-17,Não Convertido,,0.0,Conservador,Nauru
120133,TikTok,2024-06-19,Não Convertido,,0.0,Agressivo,Ethiopia
120134,Google Ads,2024-06-17,Não Convertido,,0.0,Desconhecido,Samoa
120135,E-mail Marketing,2024-06-17,Não Convertido,,0.0,Moderado,Belgium
120136,Orgânico,2024-06-18,Não Convertido,,0.0,Conservador,Singapore
120137,Orgânico,2024-06-17,Não Convertido,,0.0,Agressivo,Romania
120138,E-mail Marketing,2024-06-18,Não Convertido,,0.0,Agressivo,Aruba
120139,Instagram,2024-06-19,Não Convertido,,0.0,Conservador,Northern Mariana Islands
120140,TikTok,2024-06-19,Não Convertido,,0.0,Conservador,Lithuania
120141,YouTube Ads,2024-06-21,Convertido,6.0,9962.44,Desconhecido,Mauritius
120142,E-mail Marketing,2024-06-21,Não Convertido,,0.0,Agressivo,India
120143,Indicação,2024-06-22,Não Convertido,,0.0,Moderado,Timor-Leste
120144,Orgânico,2024-06-22,Não Convertido,,0.0,Agressivo,Sweden
120145,Orgânico,2024-06-17,Não Convertido,,0.0,Moderado,Brunei Darussalam
120146,E-mail Marketing,2024-06-18,Não Convertido,,0.0,Moderado,Cook Islands
120147,Instagram,2024-06-22,Não Convertido,,0.0,Moderado,Armenia
120148,TikTok,2024-06-17,Não Convertido,,0.0,Conservador,Cyprus
120149,E-mail Marketing,2024-06-18,Não Convertido,,0.0,Moderado,Gambia
120150,TikTok,2024-06-18,Não Convertido,,0.0,Agressivo,Slovenia
120151,Instagram,2024-06-21,Não Convertido,,0.0,Conservador,Spain
120152,Orgânico,2024-06-18,Não Convertido,,0.0,Desconhecido,Mayotte
120153,Google Ads,2024-06-21,Convertido,12.0,9051.32,Conservador,Sierra Leone
120154,Instagram,2024-06-21,Não Convertido,,0.0,Agressivo,Kenya
120155,YouTube Ads,2024-06-17,Não Convertido,,0.0,Moderado,Hong Kong
120156,Orgânico,2024-06-20,Não Convertido,,0.0,Desconhecido,Romania
120157,Orgânico,2024-06-21,Não Convertido,,0.0,Agressivo,Niger
120158,E-mail Marketing,2024-06-17,Não Convertido,,0.0,Agressivo,Poland
120159,E-mail Marketing,2024-06-18,Não Convertido,,0.0,Moderado,Ecuador
120160,WhatsApp,2024-06-17,Não Convertido,,0.0,Desconhecido,Austria
120161,WhatsApp,2024-06-21,Não Convertido,,0.0,Moderado,Russian Federation
120162,Indicação,2024-06-22,Não Convertido,,0.0,Agressivo,Monaco
120163,Orgânico,2024-06-20,Não Convertido,,0.0,Conservador,Syrian Arab Republic
120164,Orgânico,2024-06-21,Não Convertido,,0.0,Agressivo,Turkey
120165,Google Ads,2024-06-20,Não Convertido,,0.0,Moderado,Yemen
120166,Google Ads,2024-06-19,Não Convertido,,0.0,Moderado,Brunei Darussalam
120167,TikTok,2024-06-22,Não Convertido,,0.0,Moderado,Tuvalu
120168,TikTok,2024-06-22,Não Convertido,,0.0,Moderado,Ukraine
120169,WhatsApp,2024-06-20,Não Convertido,,0.0,Conservador,Taiwan
120170,Indicação,2024-06-22,Não Convertido,,0.0,Agressivo,Uzbekistan
120171,WhatsApp,2024-06-19,Não Convertido,,0.0,Moderado,Uzbekistan
120172,E-mail Marketing,2024-06-19,Não Convertido,,0.0,Moderado,Haiti
120173,Google Ads,2024-06-19,Não Convertido,,0.0,Agressivo,Montserrat
120174,Facebook,2024-06-18,Não Convertido,,0.0,Moderado,Slovakia (Slovak Republic)
120175,Facebook,2024-06-17,Não Convertido,,0.0,Agressivo,American Samoa
120176,Orgânico,2024-06-19,Não Convertido,,0.0,Moderado,Samoa
120177,WhatsApp,2024-06-17,Não Convertido,,0.0,Agressivo,Cayman Islands
120178,Google Ads,2024-06-22,Não Convertido,,0.0,Moderado,Sweden
120179,WhatsApp,2024-06-22,Não Convertido,,0.0,Agressivo,Botswana
120180,Instagram,2024-06-19,Convertido,17.0,1785.99,Moderado,Sierra Leone
120181,Instagram,2024-06-19,Não Convertido,,0.0,Conservador,Sierra Leone
120182,E-mail Marketing,2024-06-19,Não Convertido,,0.0,Moderado,Vietnam
120183,Instagram,2024-06-19,Não Convertido,,0.0,Moderado,France
120184,YouTube Ads,2024-06-17,Não Convertido,,0.0,Conservador,Myanmar
120185,YouTube Ads,2024-06-20,Não Convertido,,0.0,Agressivo,Portugal
120186,E-mail Marketing,2024-06-22,Não Convertido,,0.0,Moderado,Slovenia
120187,Orgânico,2024-06-20,Não Convertido,,0.0,Moderado,Chad
120188,YouTube Ads,2024-06-18,Não Convertido,,0.0,Desconhecido,Haiti
120189,Instagram,2024-06-20,Não Convertido,,0.0,Desconhecido,Kazakhstan
120190,Instagram,2024-06-18,Não Convertido,,0.0,Agressivo,Morocco
120191,WhatsApp,2024-06-20,Não Convertido,,0.0,Moderado,Martinique
120192,E-mail Marketing,2024-06-20,Não Convertido,,0.0,Agressivo,Brazil
120193,Instagram,2024-06-21,Convertido,1.0,2531.05,Desconhecido,Bermuda
120194,YouTube Ads,2024-06-19,Não Convertido,,0.0,Desconhecido,Palau
120195,Orgânico,2024-06-21,Não Convertido,,0.0,Agressivo,Lao People's Democratic Republic
120196,Instagram,2024-06-19,Não Convertido,,0.0,Agressivo,Kyrgyz Republic
120197,YouTube Ads,2024-06-20,Não Convertido,,0.0,Moderado,Namibia
120198,Instagram,2024-06-18,Não Convertido,,0.0,Agressivo,Norway
120199,Instagram,2024-06-20,Não Convertido,,0.0,Moderado,British Virgin Islands
120200,Instagram,2024-06-20,Não Convertido,,0.0,Moderado,Netherlands
120201,Orgânico,2024-06-17,Não Convertido,,0.0,Agressivo,Germany
120202,Facebook,2024-06-21,Não Convertido,,0.0,Moderado,Korea
120203,Instagram,2024-06-20,Não Convertido,,0.0,Moderado,Philippines
120204,Orgânico,2024-06-18,Não Convertido,,0.0,Conservador,Botswana
120205,TikTok,2024-06-22,Não Convertido,,0.0,Moderado,Saint Vincent and the Grenadines
120206,Orgânico,2024-06-21,Não Convertido,,0.0,Conservador,Malta
120207,E-mail Marketing,2024-06-22,Não Convertido,,0.0,Agressivo,Ukraine
120208,Instagram,2024-06-18,Não Convertido,,0.0,Agressivo,Libyan Arab Jamahiriya
120209,Facebook,2024-06-18,Não Convertido,,0.0,Moderado,Saint Kitts and Nevis
120210,TikTok,2024-06-18,Não Convertido,,0.0,Agressivo,El Salvador
120211,Google Ads,2024-06-21,Não Convertido,,0.0,Agressivo,French Guiana
120212,Facebook,2024-06-17,Não Convertido,,0.0,Agressivo,Sri Lanka
120213,TikTok,2024-06-19,Não Convertido,,0.0,Moderado,Northern Mariana Islands
120214,Instagram,2024-06-20,Convertido,8.0,6139.76,Agressivo,Gibraltar
120215,E-mail Marketing,2024-06-17,Não Convertido,,0.0,Moderado,Bahrain
120216,Instagram,2024-06-22,Não Convertido,,0.0,Agressivo,Dominica
120217,Orgânico,2024-06-19,Não Convertido,,0.0,Agressivo,Saint Helena
120218,Orgânico,2024-06-19,Não Convertido,,0.0,Conservador,Austria
120219,Orgânico,2024-06-17,Não Convertido,,0.0,Agressivo,Azerbaijan
120220,E-mail Marketing,2024-06-17,Não Convertido,,0.0,Desconhecido,Norfolk Island
120221,YouTube Ads,2024-06-18,Não Convertido,,0.0,Moderado,Congo
120222,Orgânico,2024-06-20,Não Convertido,,0.0,Moderado,Cook Islands
120223,TikTok,2024-06-20,Não Convertido,,0.0,Agressivo,Fiji
120224,Facebook,2024-06-18,Não Convertido,,0.0,Conservador,Sao Tome and Principe
120225,Orgânico,2024-06-19,Convertido,8.0,8979.3,Desconhecido,Sierra Leone
120226,Google Ads,2024-06-18,Não Convertido,,0.0,Agressivo,Nepal
120227,Google Ads,2024-06-22,Não Convertido,,0.0,Conservador,Cape Verde
120228,Orgânico,2024-06-17,Não Convertido,,0.0,Desconhecido,Cocos (Keeling) Islands
120229,YouTube Ads,2024-06-17,Não Convertido,,0.0,Moderado,Mozambique
120230,YouTube Ads,2024-06-17,Convertido,18.0,3928.19,Moderado,Nigeria
120231,Instagram,2024-06-17,Não Convertido,,0.0,Desconhecido,Sudan
120232,Facebook,2024-06-19,Não Convertido,,0.0,Moderado,Macao
120233,Indicação,2024-06-17,Não Convertido,,0.0,Agressivo,Haiti
120234,TikTok,2024-06-18,Não Convertido,,0.0,Conservador,Switzerland
120235,YouTube Ads,2024-06-18,Não Convertido,,0.0,Agressivo,Martinique
120236,Google Ads,2024-06-17,Não Convertido,,0.0,Moderado,Norway
120237,Facebook,2024-06-17,Não Convertido,,0.0,Agressivo,Antarctica (the territory South of 60 deg S)
120238,E-mail Marketing,2024-06-20,Não Convertido,,0.0,Agressivo,Mauritius
120239,Facebook,2024-06-18,Não Convertido,,0.0,Moderado,Benin
120240,Instagram,2024-06-17,Não Convertido,,0.0,Conservador,Nicaragua
120241,Google Ads,2024-06-21,Não Convertido,,0.0,Conservador,Benin
120242,Instagram,2024-06-21,Não Convertido,,0.0,Agressivo,American Samoa
120243,Instagram,2024-06-21,Não Convertido,,0.0,Agressivo,Italy
120244,Google Ads,2024-06-19,Não Convertido,,0.0,Moderado,Saint Kitts and Nevis
120245,Google Ads,2024-06-17,Não Convertido,,0.0,Conservador,Reunion
120246,Facebook,2024-06-18,Não Convertido,,0.0,Moderado,Fiji
120247,YouTube Ads,2024-06-21,Não Convertido,,0.0,Conservador,Liberia
120248,Instagram,2024-06-19,Convertido,9.0,8663.74,Moderado,Pakistan
120249,Instagram,2024-06-21,Convertido,15.0,2717.17,Conservador,Azerbaijan
120250,WhatsApp,2024-06-22,Não Convertido,,0.0,Moderado,Portugal
120251,Instagram,2024-06-19,Não Convertido,,0.0,Moderado,Yemen
120252,TikTok,2024-06-22,Não Convertido,,0.0,Moderado,Bangladesh
120253,Google Ads,2024-06-20,Não Convertido,,0.0,Agressivo,Lao People's Democratic Republic
120254,E-mail Marketing,2024-06-20,Não Convertido,,0.0,Conservador,Greenland
120255,WhatsApp,2024-06-22,Não Convertido,,0.0,Conservador,Jersey
120256,Orgânico,2024-06-18,Não Convertido,,0.0,Desconhecido,Uganda
120257,Orgânico,2024-06-19,Não Convertido,,0.0,Agressivo,Dominica
120258,TikTok,2024-06-18,Não Convertido,,0.0,Moderado,Bosnia and Herzegovina
120259,Instagram,2024-06-21,Não Convertido,,0.0,Desconhecido,Antigua and Barbuda
120260,TikTok,2024-06-18,Não Convertido,,0.0,Conservador,Falkland Islands (Malvinas)
120261,TikTok,2024-06-21,Não Convertido,,0.0,Moderado,Saint Vincent and the Grenadines
120262,Facebook,2024-06-17,Não Convertido,,0.0,Agressivo,Brunei Darussalam
120263,Instagram,2024-06-20,Não Convertido,,0.0,Agressivo,Trinidad and Tobago
120264,E-mail Marketing,2024-06-19,Convertido,2.0,8990.63,Agressivo,Sao Tome and Principe
120265,E-mail Marketing,2024-06-19,Não Convertido,,0.0,Agressivo,Suriname
120266,YouTube Ads,2024-06-20,Não Convertido,,0.0,Conservador,Korea
120267,Orgânico,2024-06-17,Não Convertido,,0.0,Agressivo,Suriname
120268,E-mail Marketing,2024-06-19,Não Convertido,,0.0,Moderado,Anguilla
120269,Orgânico,2024-06-19,Não Convertido,,0.0,Agressivo,Comoros
120270,Instagram,2024-06-18,Não Convertido,,0.0,Moderado,Palau
120271,Instagram,2024-06-20,Não Convertido,,0.0,Conservador,Somalia
120272,Orgânico,2024-06-17,Não Convertido,,0.0,Agressivo,Korea
120273,E-mail Marketing,2024-06-17,Não Convertido,,0.0,Agressivo,Botswana
120274,WhatsApp,2024-06-17,Não Convertido,,0.0,Moderado,Congo
120275,Orgânico,2024-06-22,Não Convertido,,0.0,Moderado,Dominican Republic
120276,Orgânico,2024-06-17,Não Convertido,,0.0,Moderado,Guam
120277,E-mail Marketing,2024-06-19,Não Convertido,,0.0,Conservador,Switzerland
120278,Instagram,2024-06-20,Não Convertido,,0.0,Agressivo,Ireland
120279,Facebook,2024-06-20,Não Convertido,,0.0,Desconhecido,Tuvalu
120280,Facebook,2024-06-22,Não Convertido,,0.0,Agressivo,Netherlands
120281,Instagram,2024-06-22,Não Convertido,,0.0,Desconhecido,Chile
120282,TikTok,2024-06-22,Não Convertido,,0.0,Moderado,Brunei Darussalam
120283,Orgânico,2024-06-18,Não Convertido,,0.0,Conservador,Switzerland
120284,TikTok,2024-06-22,Não Convertido,,0.0,Conservador,Guatemala
120285,Facebook,2024-06-19,Não Convertido,,0.0,Desconhecido,Iran
120286,TikTok,2024-06-19,Não Convertido,,0.0,Agressivo,Reunion
120287,Instagram,2024-06-17,Não Convertido,,0.0,Agressivo,Senegal
120288,Google Ads,2024-06-17,Não Convertido,,0.0,Moderado,Guam
120289,E-mail Marketing,2024-06-17,Não Convertido,,0.0,Conservador,Norfolk Island
120290,E-mail Marketing,2024-06-22,Não Convertido,,0.0,Moderado,Fiji
120291,TikTok,2024-06-21,Não Convertido,,0.0,Desconhecido,Georgia
120292,Google Ads,2024-06-18,Não Convertido,,0.0,Moderado,Ukraine
120293,YouTube Ads,2024-06-22,Não Convertido,,0.0,Agressivo,New Caledonia
120294,Facebook,2024-06-22,Não Convertido,,0.0,Moderado,Cayman Islands
120295,TikTok,2024-06-22,Não Convertido,,0.0,Agressivo,Ecuador
120296,Facebook,2024-06-22,Convertido,5.0,6946.57,Conservador,Denmark
120297,Orgânico,2024-06-21,Não Convertido,,0.0,Moderado,South Africa
120298,E-mail Marketing,2024-06-20,Convertido,11.0,1667.11,Agressivo,Micronesia
120299,YouTube Ads,2024-06-17,Convertido,27.0,3181.75,Moderado,North Macedonia
120300,TikTok,2024-06-19,Não Convertido,,0.0,Conservador,United States Minor Outlying Islands
120301,Facebook,2024-06-20,Não Convertido,,0.0,Moderado,Eritrea
120302,TikTok,2024-06-19,Não Convertido,,0.0,Conservador,Marshall Islands
120303,TikTok,2024-06-19,Não Convertido,,0.0,Agressivo,Chile
120304,WhatsApp,2024-06-21,Convertido,23.0,2294.78,Desconhecido,Comoros
120305,E-mail Marketing,2024-06-22,Não Convertido,,0.0,Moderado,Lesotho
120306,Orgânico,2024-06-17,Não Convertido,,0.0,Agressivo,Guatemala
120307,Orgânico,2024-06-21,Não Convertido,,0.0,Desconhecido,Afghanistan
120308,YouTube Ads,2024-06-21,Não Convertido,,0.0,Desconhecido,Turkey
120309,TikTok,2024-06-20,Não Convertido,,0.0,Conservador,Rwanda
120310,E-mail Marketing,2024-06-17,Não Convertido,,0.0,Moderado,Falkland Islands (Malvinas)
120311,Facebook,2024-06-22,Não Convertido,,0.0,Moderado,Belgium
120312,TikTok,2024-06-21,Não Convertido,,0.0,Agressivo,French Polynesia
120313,YouTube Ads,2024-06-20,Não Convertido,,0.0,Moderado,France
120314,TikTok,2024-06-21,Não Convertido,,0.0,Moderado,Egypt
120315,Facebook,2024-06-21,Não Convertido,,0.0,Agressivo,Cape Verde
120316,TikTok,2024-06-20,Não Convertido,,0.0,Moderado,Sao Tome and Principe
120317,TikTok,2024-06-18,Não Convertido,,0.0,Agressivo,Mauritius
120318,Orgânico,2024-06-22,Não Convertido,,0.0,Agressivo,Eritrea
120319,Facebook,2024-06-18,Não Convertido,,0.0,Conservador,Albania
120320,Orgânico,2024-06-20,Não Convertido,,0.0,Conservador,Netherlands
120321,Orgânico,2024-06-22,Não Convertido,,0.0,Desconhecido,Pakistan
120322,Orgânico,2024-06-18,Não Convertido,,0.0,Moderado,Malta
120323,WhatsApp,2024-06-18,Não Convertido,,0.0,Desconhecido,Kyrgyz Republic
120324,TikTok,2024-06-20,Não Convertido,,0.0,Agressivo,Kyrgyz Republic
120325,Google Ads,2024-06-22,Não Convertido,,0.0,Moderado,Sudan
120326,Orgânico,2024-06-19,Não Convertido,,0.0,Agressivo,Kenya
120327,Google Ads,2024-06-21,Não Convertido,,0.0,Moderado,Luxembourg
120328,TikTok,2024-06-17,Não Convertido,,0.0,Moderado,Korea
120329,Instagram,2024-06-18,Não Convertido,,0.0,Agressivo,Marshall Islands
120330,Orgânico,2024-06-19,Não Convertido,,0.0,Moderado,Libyan Arab Jamahiriya
120331,WhatsApp,2024-06-17,Não Convertido,,0.0,Moderado,Malta
120332,Facebook,2024-06-19,Não Convertido,,0.0,Moderado,Norfolk Island
120333,Orgânico,2024-06-19,Não Convertido,,0.0,Agressivo,Gibraltar
120334,WhatsApp,2024-06-20,Não Convertido,,0.0,Desconhecido,Papua New Guinea
120335,TikTok,2024-06-18,Não Convertido,,0.0,Agressivo,Netherlands
120336,E-mail Marketing,2024-06-19,Não Convertido,,0.0,Conservador,Uzbekistan
120337,YouTube Ads,2024-06-22,Não Convertido,,0.0,Moderado,Cook Islands
120338,E-mail Marketing,2024-06-17,Não Convertido,,0.0,Moderado,Honduras
120339,Indicação,2024-06-22,Não Convertido,,0.0,Conservador,Mongolia
120340,YouTube Ads,2024-06-21,Não Convertido,,0.0,Agressivo,Zambia
120341,Google Ads,2024-06-20,Não Convertido,,0.0,Agressivo,France
120342,YouTube Ads,2024-06-17,Não Convertido,,0.0,Agressivo,Belarus
120343,Instagram,2024-06-21,Não Convertido,,0.0,Moderado,Chad
120344,Orgânico,2024-06-22,Não Convertido,,0.0,Agressivo,Portugal
120345,YouTube Ads,2024-06-20,Convertido,22.0,8242.46,Desconhecido,Indonesia
120346,Orgânico,2024-06-18,Convertido,27.0,3196.27,Moderado,Liberia
120347,Google Ads,2024-06-21,Não Convertido,,0.0,Moderado,Saint Pierre and Miquelon
120348,Indicação,2024-06-18,Convertido,30.0,682.84,Agressivo,Israel
120349,Google Ads,2024-06-19,Não Convertido,,0.0,Conservador,Korea
120350,Google Ads,2024-06-22,Não Convertido,,0.0,Moderado,Aruba
120351,Orgânico,2024-06-20,Não Convertido,,0.0,Moderado,Greenland
120352,E-mail Marketing,2024-06-21,Não Convertido,,0.0,Moderado,Denmark
120353,E-mail Marketing,2024-06-17,Não Convertido,,0.0,Conservador,Morocco
120354,Orgânico,2024-06-20,Não Convertido,,0.0,Agressivo,Swaziland
120355,Instagram,2024-06-17,Não Convertido,,0.0,Moderado,Belize
120356,YouTube Ads,2024-06-22,Não Convertido,,0.0,Conservador,El Salvador
120357,WhatsApp,2024-06-20,Não Convertido,,0.0,Agressivo,Samoa
120358,TikTok,2024-06-21,Não Convertido,,0.0,Conservador,Malawi
120359,Orgânico,2024-06-22,Não Convertido,,0.0,Moderado,Paraguay
120360,Google Ads,2024-06-18,Não Convertido,,0.0,Moderado,Norway
120361,E-mail Marketing,2024-06-22,Não Convertido,,0.0,Conservador,Netherlands
120362,Orgânico,2024-06-22,Não Convertido,,0.0,Agressivo,Kenya
120363,E-mail Marketing,2024-06-22,Não Convertido,,0.0,Conservador,Senegal
120364,WhatsApp,2024-06-22,Não Convertido,,0.0,Moderado,Saint Vincent and the Grenadines
120365,Orgânico,2024-06-19,Não Convertido,,0.0,Agressivo,Uruguay
120366,YouTube Ads,2024-06-17,Não Convertido,,0.0,Desconhecido,Turkey
120367,Facebook,2024-06-17,Não Convertido,,0.0,Moderado,Ukraine
120368,Facebook,2024-06-17,Não Convertido,,0.0,Conservador,Afghanistan
120369,Instagram,2024-06-19,Convertido,25.0,8790.51,Desconhecido,Mayotte
120370,YouTube Ads,2024-06-19,Não Convertido,,0.0,Moderado,Kazakhstan
120371,Google Ads,2024-06-20,Não Convertido,,0.0,Moderado,Turks and Caicos Islands
120372,Indicação,2024-06-20,Não Convertido,,0.0,Moderado,Kazakhstan
120373,Facebook,2024-06-17,Não Convertido,,0.0,Moderado,Botswana
120374,Orgânico,2024-06-17,Não Convertido,,0.0,Moderado,Moldova
120375,WhatsApp,2024-06-17,Não Convertido,,0.0,Moderado,Reunion
120376,WhatsApp,2024-06-20,Não Convertido,,0.0,Agressivo,Vietnam
120377,WhatsApp,2024-06-19,Não Convertido,,0.0,Moderado,India
120378,Google Ads,2024-06-20,Não Convertido,,0.0,Conservador,South Africa
120379,E-mail Marketing,2024-06-21,Não Convertido,,0.0,Conservador,France
120380,Facebook,2024-06-17,Não Convertido,,0.0,Moderado,Cambodia
120381,YouTube Ads,2024-06-17,Não Convertido,,0.0,Agressivo,North Macedonia
120382,Facebook,2024-06-22,Não Convertido,,0.0,Conservador,Netherlands Antilles
120383,TikTok,2024-06-17,Não Convertido,,0.0,Moderado,Tanzania
120384,Instagram,2024-06-21,Não Convertido,,0.0,Agressivo,Nauru
120385,Facebook,2024-06-18,Não Convertido,,0.0,Agressivo,Wallis and Futuna
120386,Instagram,2024-06-19,Não Convertido,,0.0,Moderado,Liberia
120387,WhatsApp,2024-06-18,Não Convertido,,0.0,Desconhecido,Guadeloupe
120388,E-mail Marketing,2024-06-17,Não Convertido,,0.0,Moderado,Gabon
120389,TikTok,2024-06-20,Não Convertido,,0.0,Agressivo,Luxembourg
120390,Google Ads,2024-06-19,Não Convertido,,0.0,Agressivo,Malawi
120391,Facebook,2024-06-20,Não Convertido,,0.0,Moderado,Burundi
120392,Instagram,2024-06-20,Não Convertido,,0.0,Agressivo,Rwanda
120393,TikTok,2024-06-21,Não Convertido,,0.0,Agressivo,Chile
120394,YouTube Ads,2024-06-19,Não Convertido,,0.0,Agressivo,Timor-Leste
120395,WhatsApp,2024-06-17,Não Convertido,,0.0,Moderado,Namibia
120396,TikTok,2024-06-21,Não Convertido,,0.0,Moderado,Morocco
120397,Instagram,2024-06-22,Não Convertido,,0.0,Moderado,Finland
120398,YouTube Ads,2024-06-17,Não Convertido,,0.0,Conservador,Philippines
120399,YouTube Ads,2024-06-22,Não Convertido,,0.0,Moderado,Slovenia
120400,Google Ads,2024-06-21,Não Convertido,,0.0,Conservador,Thailand
120401,Google Ads,2024-06-18,Não Convertido,,0.0,Moderado,Cambodia
120402,Indicação,2024-06-19,Não Convertido,,0.0,Agressivo,South Africa
120403,Orgânico,2024-06-21,Não Convertido,,0.0,Moderado,Lithuania
120404,Google Ads,2024-06-17,Não Convertido,,0.0,Moderado,Palestinian Territory
120405,YouTube Ads,2024-06-17,Não Convertido,,0.0,Agressivo,Cyprus
120406,Facebook,2024-06-20,Não Convertido,,0.0,Conservador,Nepal
120407,E-mail Marketing,2024-06-22,Não Convertido,,0.0,Desconhecido,Eritrea
120408,TikTok,2024-06-17,Não Convertido,,0.0,Moderado,Vietnam
120409,Facebook,2024-06-20,Não Convertido,,0.0,Conservador,Guam
120410,TikTok,2024-06-21,Não Convertido,,0.0,Moderado,Equatorial Guinea
120411,WhatsApp,2024-06-19,Não Convertido,,0.0,Desconhecido,Uganda
120412,E-mail Marketing,2024-06-17,Não Convertido,,0.0,Conservador,Guadeloupe
120413,Facebook,2024-06-22,Não Convertido,,0.0,Moderado,Guinea-Bissau
120414,TikTok,2024-06-17,Não Convertido,,0.0,Moderado,Georgia
120415,Instagram,2024-06-22,Não Convertido,,0.0,Moderado,South Africa
120416,Facebook,2024-06-17,Não Convertido,,0.0,Conservador,North Macedonia
120417,Google Ads,2024-06-21,Não Convertido,,0.0,Agressivo,Liberia
120418,WhatsApp,2024-06-17,Não Convertido,,0.0,Moderado,Israel
120419,Instagram,2024-06-17,Não Convertido,,0.0,Moderado,Chad
120420,Instagram,2024-06-21,Não Convertido,,0.0,Agressivo,Nicaragua
120421,Orgânico,2024-06-19,Não Convertido,,0.0,Moderado,Gambia
120422,YouTube Ads,2024-06-20,Não Convertido,,0.0,Moderado,Luxembourg
120423,Google Ads,2024-06-20,Não Convertido,,0.0,Desconhecido,Comoros
120424,Facebook,2024-06-22,Não Convertido,,0.0,Agressivo,Dominican Republic
120425,Google Ads,2024-06-17,Convertido,25.0,7502.07,Agressivo,Saint Martin
120426,Instagram,2024-06-20,Não Convertido,,0.0,Agressivo,Guam
120427,E-mail Marketing,2024-06-17,Não Convertido,,0.0,Desconhecido,Burkina Faso
120428,TikTok,2024-06-18,Não Convertido,,0.0,Moderado,Jersey
120429,Facebook,2024-06-17,Não Convertido,,0.0,Agressivo,Libyan Arab Jamahiriya
120430,Indicação,2024-06-22,Não Convertido,,0.0,Conservador,United Arab Emirates
120431,Orgânico,2024-06-19,Não Convertido,,0.0,Agressivo,Zimbabwe
120432,TikTok,2024-06-21,Não Convertido,,0.0,Moderado,Myanmar
120433,Instagram,2024-06-17,Não Convertido,,0.0,Moderado,United States of America
120434,WhatsApp,2024-06-21,Não Convertido,,0.0,Moderado,Guinea-Bissau
120435,Orgânico,2024-06-20,Não Convertido,,0.0,Conservador,Moldova
120436,Orgânico,2024-06-19,Convertido,2.0,5435.16,Moderado,Svalbard & Jan Mayen Islands
120437,Instagram,2024-06-17,Não Convertido,,0.0,Moderado,Andorra
120438,Instagram,2024-06-21,Não Convertido,,0.0,Moderado,Switzerland
120439,Orgânico,2024-06-21,Não Convertido,,0.0,Agressivo,Cape Verde
120440,Orgânico,2024-06-21,Não Convertido,,0.0,Agressivo,Israel
120441,E-mail Marketing,2024-06-18,Não Convertido,,0.0,Moderado,Fiji
120442,E-mail Marketing,2024-06-18,Não Convertido,,0.0,Moderado,Cook Islands
120443,Instagram,2024-06-19,Não Convertido,,0.0,Moderado,Yemen
120444,Orgânico,2024-06-18,Não Convertido,,0.0,Conservador,Maldives
120445,Orgânico,2024-06-18,Não Convertido,,0.0,Conservador,Bhutan
120446,Google Ads,2024-06-17,Não Convertido,,0.0,Moderado,Iceland
120447,TikTok,2024-06-17,Não Convertido,,0.0,Agressivo,Russian Federation
120448,Google Ads,2024-06-18,Não Convertido,,0.0,Moderado,Svalbard & Jan Mayen Islands
120449,Google Ads,2024-06-18,Não Convertido,,0.0,Agressivo,Pakistan
120450,Orgânico,2024-06-21,Não Convertido,,0.0,Agressivo,Heard Island and McDonald Islands
120451,TikTok,2024-06-19,Não Convertido,,0.0,Agressivo,Somalia
120452,Orgânico,2024-06-20,Não Convertido,,0.0,Conservador,Egypt
120453,YouTube Ads,2024-06-19,Não Convertido,,0.0,Moderado,Bhutan
120454,Google Ads,2024-06-18,Não Convertido,,0.0,Moderado,Indonesia
120455,YouTube Ads,2024-06-18,Não Convertido,,0.0,Moderado,Hong Kong
120456,Orgânico,2024-06-20,Convertido,4.0,9004.64,Moderado,Saudi Arabia
120457,Instagram,2024-06-20,Não Convertido,,0.0,Agressivo,Guernsey
120458,TikTok,2024-06-20,Não Convertido,,0.0,Conservador,Micronesia
120459,YouTube Ads,2024-06-18,Não Convertido,,0.0,Moderado,Bermuda
120460,YouTube Ads,2024-06-19,Não Convertido,,0.0,Conservador,Bulgaria
120461,Instagram,2024-06-17,Não Convertido,,0.0,Desconhecido,Slovenia
120462,Orgânico,2024-06-18,Não Convertido,,0.0,Agressivo,Reunion
120463,Google Ads,2024-06-20,Não Convertido,,0.0,Moderado,Morocco
120464,Orgânico,2024-06-19,Não Convertido,,0.0,Conservador,Bermuda
120465,Google Ads,2024-06-21,Não Convertido,,0.0,Moderado,Finland
120466,Instagram,2024-06-18,Não Convertido,,0.0,Moderado,Bermuda
120467,WhatsApp,2024-06-21,Não Convertido,,0.0,Agressivo,Iran
120468,TikTok,2024-06-20,Não Convertido,,0.0,Agressivo,Vanuatu
120469,Orgânico,2024-06-19,Não Convertido,,0.0,Moderado,Botswana
120470,Indicação,2024-06-17,Não Convertido,,0.0,Conservador,North Macedonia
120471,Orgânico,2024-06-17,Não Convertido,,0.0,Moderado,Saint Pierre and Miquelon
120472,Instagram,2024-06-21,Não Convertido,,0.0,Conservador,Uzbekistan
120473,TikTok,2024-06-22,Convertido,15.0,8258.54,Moderado,China
120474,E-mail Marketing,2024-06-22,Não Convertido,,0.0,Agressivo,South Georgia and the South Sandwich Islands
120475,E-mail Marketing,2024-06-21,Não Convertido,,0.0,Moderado,Guernsey
120476,Google Ads,2024-06-19,Não Convertido,,0.0,Conservador,Taiwan
120477,Instagram,2024-06-18,Não Convertido,,0.0,Conservador,Cambodia
120478,TikTok,2024-06-18,Não Convertido,,0.0,Conservador,Puerto Rico
120479,TikTok,2024-06-19,Não Convertido,,0.0,Moderado,Czech Republic
120480,Facebook,2024-06-19,Não Convertido,,0.0,Moderado,Azerbaijan
120481,Google Ads,2024-06-21,Não Convertido,,0.0,Moderado,Serbia
120482,TikTok,2024-06-19,Não Convertido,,0.0,Moderado,Poland
120483,TikTok,2024-06-18,Não Convertido,,0.0,Moderado,Saudi Arabia
120484,WhatsApp,2024-06-22,Convertido,9.0,232.72,Conservador,Saudi Arabia
120485,TikTok,2024-06-22,Não Convertido,,0.0,Moderado,Croatia
120486,Facebook,2024-06-21,Convertido,13.0,4826.39,Moderado,United Arab Emirates
120487,Instagram,2024-06-18,Não Convertido,,0.0,Agressivo,Togo
120488,WhatsApp,2024-06-18,Não Convertido,,0.0,Conservador,Belarus
120489,Instagram,2024-06-21,Não Convertido,,0.0,Moderado,Malaysia
120490,Facebook,2024-06-18,Não Convertido,,0.0,Moderado,Eritrea
120491,Instagram,2024-06-20,Não Convertido,,0.0,Conservador,Colombia
120492,Instagram,2024-06-21,Não Convertido,,0.0,Conservador,Cuba
120493,E-mail Marketing,2024-06-20,Não Convertido,,0.0,Conservador,Poland
120494,Instagram,2024-06-18,Não Convertido,,0.0,Desconhecido,Saudi Arabia
120495,Facebook,2024-06-18,Não Convertido,,0.0,Agressivo,Mongolia
120496,YouTube Ads,2024-06-18,Não Convertido,,0.0,Conservador,Brazil
120497,Facebook,2024-06-19,Não Convertido,,0.0,Agressivo,Niger
120498,Facebook,2024-06-22,Não Convertido,,0.0,Agressivo,Netherlands Antilles
120499,WhatsApp,2024-06-17,Não Convertido,,0.0,Moderado,Heard Island and McDonald Islands
120500,TikTok,2024-06-18,Convertido,27.0,1112.35,Agressivo,Yemen
120501,Instagram,2024-06-18,Não Convertido,,0.0,Agressivo,Mali
120502,Facebook,2024-06-17,Não Convertido,,0.0,Conservador,Singapore
120503,YouTube Ads,2024-06-19,Não Convertido,,0.0,Conservador,Saint Kitts and Nevis
120504,Indicação,2024-06-22,Não Convertido,,0.0,Moderado,Moldova
120505,Orgânico,2024-06-21,Não Convertido,,0.0,Moderado,Venezuela
120506,E-mail Marketing,2024-06-22,Não Convertido,,0.0,Moderado,Malaysia
120507,Google Ads,2024-06-17,Não Convertido,,0.0,Moderado,United Arab Emirates
120508,E-mail Marketing,2024-06-20,Não Convertido,,0.0,Desconhecido,Comoros
120509,YouTube Ads,2024-06-21,Não Convertido,,0.0,Moderado,Angola
120510,Orgânico,2024-06-17,Não Convertido,,0.0,Moderado,Anguilla
120511,Orgânico,2024-06-19,Não Convertido,,0.0,Agressivo,South Africa
120512,Facebook,2024-06-22,Não Convertido,,0.0,Moderado,Iran
120513,WhatsApp,2024-06-18,Convertido,7.0,4041.08,Moderado,Libyan Arab Jamahiriya
120514,Orgânico,2024-06-19,Não Convertido,,0.0,Desconhecido,Mauritius
120515,TikTok,2024-06-18,Não Convertido,,0.0,Agressivo,Swaziland
120516,TikTok,2024-06-20,Não Convertido,,0.0,Agressivo,Timor-Leste
120517,Indicação,2024-06-22,Não Convertido,,0.0,Moderado,Tajikistan
120518,Facebook,2024-06-19,Convertido,23.0,1546.26,Agressivo,Armenia
120519,Instagram,2024-06-18,Não Convertido,,0.0,Conservador,Rwanda
120520,Indicação,2024-06-19,Não Convertido,,0.0,Moderado,Malaysia
120521,Orgânico,2024-06-18,Não Convertido,,0.0,Conservador,Montenegro
120522,Orgânico,2024-06-18,Não Convertido,,0.0,Moderado,Egypt
120523,Google Ads,2024-06-18,Não Convertido,,0.0,Conservador,Saint Helena
120524,Orgânico,2024-06-17,Não Convertido,,0.0,Agressivo,Puerto Rico
120525,Orgânico,2024-06-20,Não Convertido,,0.0,Desconhecido,New Caledonia
120526,Orgânico,2024-06-22,Convertido,6.0,1839.5,Conservador,Mexico
120527,Instagram,2024-06-18,Não Convertido,,0.0,Conservador,Poland
120528,Google Ads,2024-06-20,Não Convertido,,0.0,Conservador,Thailand
120529,Google Ads,2024-06-21,Não Convertido,,0.0,Moderado,Netherlands Antilles
120530,Facebook,2024-06-22,Não Convertido,,0.0,Agressivo,Andorra
120531,Indicação,2024-06-22,Não Convertido,,0.0,Moderado,Benin
120532,TikTok,2024-06-21,Não Convertido,,0.0,Desconhecido,Cuba
120533,TikTok,2024-06-19,Não Convertido,,0.0,Desconhecido,India
120534,Facebook,2024-06-22,Não Convertido,,0.0,Agressivo,Monaco
120535,Orgânico,2024-06-18,Não Convertido,,0.0,Moderado,Somalia
120536,E-mail Marketing,2024-06-18,Não Convertido,,0.0,Agressivo,Albania
120537,Instagram,2024-06-21,Não Convertido,,0.0,Moderado,Bhutan
120538,Orgânico,2024-06-22,Não Convertido,,0.0,Moderado,Bhutan
120539,YouTube Ads,2024-06-19,Não Convertido,,0.0,Conservador,Ukraine
120540,TikTok,2024-06-19,Não Convertido,,0.0,Conservador,Palestinian Territory
120541,Instagram,2024-06-21,Não Convertido,,0.0,Conservador,Swaziland
120542,Indicação,2024-06-19,Não Convertido,,0.0,Agressivo,Oman
120543,Instagram,2024-06-18,Convertido,10.0,7206.34,Desconhecido,Monaco
120544,Instagram,2024-06-18,Não Convertido,,0.0,Moderado,Australia
120545,Instagram,2024-06-22,Não Convertido,,0.0,Conservador,Antigua and Barbuda
120546,Facebook,2024-06-18,Não Convertido,,0.0,Moderado,Myanmar
120547,TikTok,2024-06-21,Não Convertido,,0.0,Desconhecido,Yemen
120548,WhatsApp,2024-06-22,Não Convertido,,0.0,Moderado,Thailand
120549,Google Ads,2024-06-21,Não Convertido,,0.0,Moderado,Antigua and Barbuda
120550,Facebook,2024-06-19,Não Convertido,,0.0,Moderado,Zimbabwe
120551,Orgânico,2024-06-17,Não Convertido,,0.0,Moderado,Venezuela
120552,YouTube Ads,2024-06-19,Não Convertido,,0.0,Moderado,Somalia
120553,Indicação,2024-06-19,Não Convertido,,0.0,Moderado,Barbados
120554,Orgânico,2024-06-19,Não Convertido,,0.0,Conservador,Luxembourg
120555,WhatsApp,2024-06-21,Não Convertido,,0.0,Conservador,Kenya
120556,TikTok,2024-06-22,Não Convertido,,0.0,Agressivo,Cayman Islands
120557,YouTube Ads,2024-06-18,Não Convertido,,0.0,Moderado,North Macedonia
120558,Instagram,2024-06-17,Não Convertido,,0.0,Moderado,Holy See (Vatican City State)
120559,E-mail Marketing,2024-06-19,Não Convertido,,0.0,Desconhecido,Belarus
120560,Facebook,2024-06-19,Não Convertido,,0.0,Moderado,Montenegro
120561,Instagram,2024-06-18,Não Convertido,,0.0,Moderado,Indonesia
120562,Google Ads,2024-06-19,Não Convertido,,0.0,Moderado,Nauru
120563,E-mail Marketing,2024-06-19,Não Convertido,,0.0,Desconhecido,Sao Tome and Principe
120564,Instagram,2024-06-22,Não Convertido,,0.0,Moderado,Kuwait
120565,Facebook,2024-06-18,Não Convertido,,0.0,Agressivo,Armenia
120566,Facebook,2024-06-20,Não Convertido,,0.0,Agressivo,Wallis and Futuna
120567,Indicação,2024-06-17,Não Convertido,,0.0,Moderado,Aruba
120568,YouTube Ads,2024-06-17,Não Convertido,,0.0,Conservador,Fiji
120569,TikTok,2024-06-19,Não Convertido,,0.0,Agressivo,Guinea-Bissau
120570,Facebook,2024-06-17,Não Convertido,,0.0,Desconhecido,San Marino
120571,E-mail Marketing,2024-06-20,Não Convertido,,0.0,Conservador,United Arab Emirates
120572,Orgânico,2024-06-17,Não Convertido,,0.0,Agressivo,Saint Pierre and Miquelon
120573,YouTube Ads,2024-06-17,Não Convertido,,0.0,Agressivo,Antigua and Barbuda
120574,Facebook,2024-06-21,Não Convertido,,0.0,Agressivo,Central African Republic
120575,E-mail Marketing,2024-06-17,Não Convertido,,0.0,Conservador,India
120576,Orgânico,2024-06-18,Não Convertido,,0.0,Desconhecido,Tokelau
120577,Google Ads,2024-06-17,Não Convertido,,0.0,Agressivo,Korea
120578,TikTok,2024-06-19,Não Convertido,,0.0,Agressivo,Cayman Islands
120579,Google Ads,2024-06-22,Não Convertido,,0.0,Conservador,Colombia
120580,WhatsApp,2024-06-22,Não Convertido,,0.0,Agressivo,Guyana
120581,E-mail Marketing,2024-06-19,Não Convertido,,0.0,Agressivo,Kiribati
120582,YouTube Ads,2024-06-18,Não Convertido,,0.0,Conservador,Mozambique
120583,Instagram,2024-06-18,Não Convertido,,0.0,Desconhecido,Oman
120584,Instagram,2024-06-20,Convertido,4.0,9599.59,Agressivo,Syrian Arab Republic
120585,YouTube Ads,2024-06-19,Convertido,10.0,3358.33,Agressivo,Barbados
120586,Google Ads,2024-06-17,Não Convertido,,0.0,Conservador,Christmas Island
120587,Google Ads,2024-06-18,Não Convertido,,0.0,Moderado,Fiji
120588,Google Ads,2024-06-21,Não Convertido,,0.0,Agressivo,Yemen
120589,Google Ads,2024-06-17,Não Convertido,,0.0,Moderado,Peru
120590,E-mail Marketing,2024-06-17,Não Convertido,,0.0,Moderado,United Kingdom
120591,E-mail Marketing,2024-06-20,Não Convertido,,0.0,Conservador,Guatemala
120592,TikTok,2024-06-21,Não Convertido,,0.0,Agressivo,Heard Island and McDonald Islands
120593,E-mail Marketing,2024-06-20,Não Convertido,,0.0,Agressivo,Belgium
120594,Instagram,2024-06-19,Convertido,11.0,5676.58,Conservador,Peru
120595,Orgânico,2024-06-22,Não Convertido,,0.0,Moderado,British Virgin Islands
120596,E-mail Marketing,2024-06-21,Não Convertido,,0.0,Desconhecido,Mali
120597,Instagram,2024-06-21,Convertido,19.0,5777.96,Agressivo,United Kingdom
120598,TikTok,2024-06-17,Não Convertido,,0.0,Moderado,Fiji
120599,E-mail Marketing,2024-06-20,Não Convertido,,0.0,Moderado,South Georgia and the South Sandwich Islands
120600,Instagram,2024-06-21,Não Convertido,,0.0,Conservador,Niue
120601,Instagram,2024-06-22,Convertido,0.0,4437.98,Desconhecido,Malta
120602,E-mail Marketing,2024-06-22,Não Convertido,,0.0,Moderado,Ecuador
120603,Orgânico,2024-06-17,Não Convertido,,0.0,Conservador,Kyrgyz Republic
120604,Indicação,2024-06-17,Não Convertido,,0.0,Agressivo,Dominican Republic
120605,Facebook,2024-06-21,Não Convertido,,0.0,Moderado,Morocco
120606,Instagram,2024-06-21,Não Convertido,,0.0,Conservador,Congo
120607,WhatsApp,2024-06-20,Não Convertido,,0.0,Moderado,Burkina Faso
120608,Facebook,2024-06-21,Não Convertido,,0.0,Moderado,Netherlands
120609,Instagram,2024-06-17,Não Convertido,,0.0,Moderado,Afghanistan
120610,Facebook,2024-06-19,Não Convertido,,0.0,Agressivo,British Virgin Islands
120611,Orgânico,2024-06-20,Não Convertido,,0.0,Moderado,Tanzania
120612,Google Ads,2024-06-19,Não Convertido,,0.0,Conservador,Ethiopia
120613,YouTube Ads,2024-06-18,Não Convertido,,0.0,Agressivo,Monaco
120614,TikTok,2024-06-17,Não Convertido,,0.0,Agressivo,Niger
120615,Orgânico,2024-06-19,Não Convertido,,0.0,Desconhecido,Ghana
120616,TikTok,2024-06-22,Não Convertido,,0.0,Agressivo,Benin
120617,Orgânico,2024-06-22,Não Convertido,,0.0,Desconhecido,United Arab Emirates
120618,Instagram,2024-06-19,Não Convertido,,0.0,Moderado,Indonesia
120619,Orgânico,2024-06-22,Não Convertido,,0.0,Desconhecido,Gambia
120620,Orgânico,2024-06-20,Não Convertido,,0.0,Moderado,Malta
120621,Indicação,2024-06-19,Não Convertido,,0.0,Moderado,Niger
120622,YouTube Ads,2024-06-17,Não Convertido,,0.0,Conservador,Swaziland
120623,YouTube Ads,2024-06-22,Não Convertido,,0.0,Moderado,Kiribati
120624,Instagram,2024-06-19,Não Convertido,,0.0,Agressivo,Argentina
120625,Google Ads,2024-06-19,Não Convertido,,0.0,Moderado,Brazil
120626,Orgânico,2024-06-17,Não Convertido,,0.0,Agressivo,Tonga
120627,Orgânico,2024-06-19,Não Convertido,,0.0,Moderado,French Polynesia
120628,Google Ads,2024-06-17,Não Convertido,,0.0,Agressivo,New Zealand
120629,WhatsApp,2024-06-20,Não Convertido,,0.0,Moderado,Zambia
120630,Instagram,2024-06-18,Não Convertido,,0.0,Agressivo,Djibouti
120631,Instagram,2024-06-19,Não Convertido,,0.0,Agressivo,Ukraine
120632,Instagram,2024-06-20,Não Convertido,,0.0,Moderado,Palestinian Territory
120633,TikTok,2024-06-22,Não Convertido,,0.0,Desconhecido,Dominican Republic
120634,TikTok,2024-06-18,Não Convertido,,0.0,Agressivo,Kenya
120635,Orgânico,2024-06-20,Não Convertido,,0.0,Agressivo,Bahamas
120636,YouTube Ads,2024-06-21,Não Convertido,,0.0,Agressivo,Korea
120637,E-mail Marketing,2024-06-22,Não Convertido,,0.0,Moderado,Andorra
120638,E-mail Marketing,2024-06-20,Não Convertido,,0.0,Conservador,Bahrain
120639,Google Ads,2024-06-22,Não Convertido,,0.0,Agressivo,Saint Vincent and the Grenadines
120640,TikTok,2024-06-17,Convertido,10.0,7770.62,Conservador,Suriname
120641,Instagram,2024-06-18,Não Convertido,,0.0,Moderado,Luxembourg
120642,TikTok,2024-06-19,Não Convertido,,0.0,Moderado,Kiribati
120643,WhatsApp,2024-06-18,Não Convertido,,0.0,Agressivo,Lithuania
120644,TikTok,2024-06-22,Não Convertido,,0.0,Conservador,Macao
120645,TikTok,2024-06-22,Convertido,4.0,5814.25,Moderado,Burkina Faso
120646,YouTube Ads,2024-06-20,Não Convertido,,0.0,Moderado,Saint Vincent and the Grenadines
120647,Instagram,2024-06-19,Não Convertido,,0.0,Moderado,Holy See (Vatican City State)
120648,E-mail Marketing,2024-06-19,Não Convertido,,0.0,Moderado,Saint Vincent and the Grenadines
120649,Instagram,2024-06-21,Não Convertido,,0.0,Moderado,United Arab Emirates
120650,TikTok,2024-06-18,Não Convertido,,0.0,Conservador,United States Minor Outlying Islands
120651,YouTube Ads,2024-06-22,Não Convertido,,0.0,Agressivo,Ukraine
120652,E-mail Marketing,2024-06-21,Não Convertido,,0.0,Conservador,Iran
120653,TikTok,2024-06-17,Convertido,30.0,4771.27,Agressivo,Philippines
120654,WhatsApp,2024-06-19,Não Convertido,,0.0,Conservador,Italy
120655,Facebook,2024-06-17,Não Convertido,,0.0,Conservador,Liberia
120656,Orgânico,2024-06-22,Não Convertido,,0.0,Desconhecido,Lithuania
120657,WhatsApp,2024-06-19,Não Convertido,,0.0,Conservador,Kiribati
120658,TikTok,2024-06-22,Não Convertido,,0.0,Moderado,United States Minor Outlying Islands
120659,E-mail Marketing,2024-06-21,Não Convertido,,0.0,Agressivo,Moldova
120660,Orgânico,2024-06-18,Não Convertido,,0.0,Moderado,Colombia
120661,E-mail Marketing,2024-06-18,Não Convertido,,0.0,Moderado,Macao
120662,YouTube Ads,2024-06-22,Não Convertido,,0.0,Agressivo,Estonia
120663,E-mail Marketing,2024-06-22,Não Convertido,,0.0,Moderado,Cameroon
120664,YouTube Ads,2024-06-22,Não Convertido,,0.0,Moderado,Madagascar
120665,TikTok,2024-06-21,Não Convertido,,0.0,Agressivo,Svalbard & Jan Mayen Islands
120666,Google Ads,2024-06-17,Não Convertido,,0.0,Moderado,Vietnam
120667,E-mail Marketing,2024-06-21,Não Convertido,,0.0,Conservador,Qatar
120668,Orgânico,2024-06-17,Não Convertido,,0.0,Moderado,Tuvalu
120669,WhatsApp,2024-06-22,Não Convertido,,0.0,Agressivo,Western Sahara
120670,Orgânico,2024-06-20,Não Convertido,,0.0,Moderado,Bulgaria
120671,Facebook,2024-06-19,Não Convertido,,0.0,Conservador,Macao
120672,TikTok,2024-06-19,Não Convertido,,0.0,Moderado,Bouvet Island (Bouvetoya)
120673,Facebook,2024-06-22,Não Convertido,,0.0,Moderado,Papua New Guinea
120674,E-mail Marketing,2024-06-21,Não Convertido,,0.0,Moderado,Qatar
120675,WhatsApp,2024-06-22,Não Convertido,,0.0,Desconhecido,Saint Helena
120676,YouTube Ads,2024-06-21,Convertido,6.0,3801.03,Agressivo,Macao
120677,WhatsApp,2024-06-21,Não Convertido,,0.0,Moderado,Sao Tome and Principe
120678,TikTok,2024-06-21,Não Convertido,,0.0,Agressivo,Ghana
120679,Facebook,2024-06-17,Não Convertido,,0.0,Moderado,Isle of Man
120680,E-mail Marketing,2024-06-19,Não Convertido,,0.0,Agressivo,Azerbaijan
120681,Orgânico,2024-06-20,Não Convertido,,0.0,Moderado,Belarus
120682,Google Ads,2024-06-21,Não Convertido,,0.0,Desconhecido,Liechtenstein
120683,WhatsApp,2024-06-17,Não Convertido,,0.0,Moderado,Eritrea
120684,YouTube Ads,2024-06-20,Não Convertido,,0.0,Moderado,China
120685,E-mail Marketing,2024-06-19,Não Convertido,,0.0,Moderado,Niue
120686,Orgânico,2024-06-19,Não Convertido,,0.0,Desconhecido,Serbia
120687,Indicação,2024-06-19,Não Convertido,,0.0,Desconhecido,Tunisia
120688,Google Ads,2024-06-21,Não Convertido,,0.0,Agressivo,Paraguay
120689,E-mail Marketing,2024-06-17,Convertido,28.0,3812.68,Moderado,Latvia
120690,TikTok,2024-06-20,Não Convertido,,0.0,Moderado,Guinea
120691,E-mail Marketing,2024-06-17,Não Convertido,,0.0,Conservador,Niger
120692,WhatsApp,2024-06-22,Convertido,18.0,2281.45,Agressivo,Bhutan
120693,YouTube Ads,2024-06-22,Não Convertido,,0.0,Conservador,Tuvalu
120694,Facebook,2024-06-17,Não Convertido,,0.0,Agressivo,Mongolia
120695,E-mail Marketing,2024-06-19,Não Convertido,,0.0,Conservador,Serbia
120696,TikTok,2024-06-17,Não Convertido,,0.0,Desconhecido,Qatar
120697,Instagram,2024-06-22,Não Convertido,,0.0,Conservador,Tuvalu
120698,Orgânico,2024-06-19,Não Convertido,,0.0,Agressivo,Belarus
120699,Instagram,2024-06-20,Não Convertido,,0.0,Agressivo,Samoa
120700,Facebook,2024-06-20,Não Convertido,,0.0,Moderado,Montserrat
120701,Facebook,2024-06-21,Não Convertido,,0.0,Desconhecido,Hong Kong
120702,Facebook,2024-06-22,Não Convertido,,0.0,Agressivo,Netherlands Antilles
120703,WhatsApp,2024-06-19,Não Convertido,,0.0,Moderado,Paraguay
120704,Google Ads,2024-06-19,Não Convertido,,0.0,Desconhecido,Western Sahara
120705,E-mail Marketing,2024-06-20,Não Convertido,,0.0,Moderado,France
120706,Instagram,2024-06-19,Não Convertido,,0.0,Agressivo,Serbia
120707,Instagram,2024-06-22,Não Convertido,,0.0,Moderado,Taiwan
120708,WhatsApp,2024-06-18,Não Convertido,,0.0,Moderado,Montenegro
120709,WhatsApp,2024-06-19,Não Convertido,,0.0,Agressivo,Vietnam
120710,Instagram,2024-06-21,Não Convertido,,0.0,Agressivo,British Virgin Islands
120711,YouTube Ads,2024-06-20,Não Convertido,,0.0,Agressivo,Mongolia
120712,Indicação,2024-06-21,Não Convertido,,0.0,Conservador,United States Minor Outlying Islands
120713,E-mail Marketing,2024-06-17,Não Convertido,,0.0,Desconhecido,Holy See (Vatican City State)
120714,YouTube Ads,2024-06-19,Não Convertido,,0.0,Desconhecido,Guinea-Bissau
120715,TikTok,2024-06-18,Não Convertido,,0.0,Moderado,Peru
120716,YouTube Ads,2024-06-22,Não Convertido,,0.0,Moderado,Ecuador
120717,TikTok,2024-06-19,Não Convertido,,0.0,Desconhecido,Micronesia
120718,Orgânico,2024-06-19,Não Convertido,,0.0,Moderado,Guatemala
120719,E-mail Marketing,2024-06-20,Não Convertido,,0.0,Agressivo,French Polynesia
120720,WhatsApp,2024-06-17,Não Convertido,,0.0,Agressivo,Colombia
120721,YouTube Ads,2024-06-22,Não Convertido,,0.0,Agressivo,Armenia
120722,Facebook,2024-06-21,Não Convertido,,0.0,Moderado,Romania
120723,WhatsApp,2024-06-19,Não Convertido,,0.0,Moderado,Trinidad and Tobago
120724,Orgânico,2024-06-22,Não Convertido,,0.0,Conservador,Barbados
120725,TikTok,2024-06-17,Não Convertido,,0.0,Conservador,Yemen
120726,Google Ads,2024-06-20,Não Convertido,,0.0,Moderado,Sweden
120727,TikTok,2024-06-22,Não Convertido,,0.0,Agressivo,Togo
120728,Google Ads,2024-06-20,Não Convertido,,0.0,Desconhecido,Mozambique
120729,Instagram,2024-06-22,Não Convertido,,0.0,Moderado,Angola
120730,E-mail Marketing,2024-06-22,Não Convertido,,0.0,Conservador,Vanuatu
120731,Orgânico,2024-06-19,Não Convertido,,0.0,Agressivo,Marshall Islands
120732,YouTube Ads,2024-06-21,Não Convertido,,0.0,Conservador,Congo
120733,YouTube Ads,2024-06-17,Não Convertido,,0.0,Moderado,Paraguay
120734,E-mail Marketing,2024-06-21,Não Convertido,,0.0,Moderado,France
120735,Instagram,2024-06-19,Não Convertido,,0.0,Desconhecido,Nepal
120736,Instagram,2024-06-19,Não Convertido,,0.0,Desconhecido,Papua New Guinea
120737,Instagram,2024-06-18,Não Convertido,,0.0,Moderado,Trinidad and Tobago
120738,Facebook,2024-06-21,Não Convertido,,0.0,Agressivo,Palestinian Territory
120739,Facebook,2024-06-20,Não Convertido,,0.0,Agressivo,France
120740,TikTok,2024-06-17,Não Convertido,,0.0,Agressivo,Singapore
120741,Orgânico,2024-06-19,Não Convertido,,0.0,Moderado,Pakistan
120742,Orgânico,2024-06-17,Não Convertido,,0.0,Conservador,Nauru
120743,Instagram,2024-06-19,Não Convertido,,0.0,Agressivo,Wallis and Futuna
120744,TikTok,2024-06-19,Não Convertido,,0.0,Conservador,Gambia
120745,Instagram,2024-06-17,Convertido,9.0,3944.91,Agressivo,Albania
120746,TikTok,2024-06-21,Convertido,5.0,2289.81,Desconhecido,Micronesia
120747,WhatsApp,2024-06-22,Não Convertido,,0.0,Conservador,Morocco
120748,E-mail Marketing,2024-06-17,Não Convertido,,0.0,Agressivo,Kenya
120749,Instagram,2024-06-17,Não Convertido,,0.0,Moderado,Guinea-Bissau
120750,TikTok,2024-06-21,Não Convertido,,0.0,Agressivo,Kenya
120751,Google Ads,2024-06-21,Convertido,6.0,2731.8,Desconhecido,Holy See (Vatican City State)
120752,Orgânico,2024-06-19,Não Convertido,,0.0,Conservador,Malta
120753,Instagram,2024-06-22,Não Convertido,,0.0,Moderado,Sweden
120754,WhatsApp,2024-06-17,Não Convertido,,0.0,Agressivo,Kuwait
120755,E-mail Marketing,2024-06-22,Não Convertido,,0.0,Moderado,Cape Verde
120756,WhatsApp,2024-06-21,Não Convertido,,0.0,Desconhecido,Hong Kong
120757,TikTok,2024-06-19,Não Convertido,,0.0,Agressivo,Tajikistan
120758,E-mail Marketing,2024-06-20,Não Convertido,,0.0,Moderado,Austria
120759,Facebook,2024-06-19,Não Convertido,,0.0,Agressivo,Eritrea
120760,Google Ads,2024-06-18,Não Convertido,,0.0,Conservador,France
120761,Orgânico,2024-06-22,Não Convertido,,0.0,Conservador,Marshall Islands
120762,TikTok,2024-06-17,Não Convertido,,0.0,Moderado,India
120763,E-mail Marketing,2024-06-18,Não Convertido,,0.0,Conservador,Bahamas
120764,Google Ads,2024-06-22,Não Convertido,,0.0,Agressivo,Burkina Faso
120765,TikTok,2024-06-19,Convertido,15.0,3242.38,Agressivo,Nepal
120766,Google Ads,2024-06-21,Não Convertido,,0.0,Agressivo,Pakistan
120767,Orgânico,2024-06-21,Não Convertido,,0.0,Moderado,Maldives
120768,E-mail Marketing,2024-06-19,Não Convertido,,0.0,Agressivo,Netherlands
120769,Orgânico,2024-06-22,Convertido,2.0,5186.37,Agressivo,Wallis and Futuna
120770,TikTok,2024-06-20,Não Convertido,,0.0,Conservador,El Salvador
120771,TikTok,2024-06-18,Não Convertido,,0.0,Moderado,Gabon
120772,WhatsApp,2024-06-22,Não Convertido,,0.0,Conservador,Singapore
120773,Indicação,2024-06-19,Não Convertido,,0.0,Agressivo,Iceland
120774,Orgânico,2024-06-17,Não Convertido,,0.0,Moderado,Philippines
120775,Orgânico,2024-06-21,Não Convertido,,0.0,Agressivo,Turkey
120776,Instagram,2024-06-19,Não Convertido,,0.0,Agressivo,Montserrat
120777,Instagram,2024-06-19,Não Convertido,,0.0,Moderado,Congo
120778,Indicação,2024-06-19,Não Convertido,,0.0,Desconhecido,Hungary
120779,WhatsApp,2024-06-18,Não Convertido,,0.0,Conservador,Brazil
120780,Orgânico,2024-06-21,Convertido,11.0,479.0,Moderado,Bahrain
120781,Instagram,2024-06-20,Não Convertido,,0.0,Desconhecido,Gibraltar
120782,Instagram,2024-06-19,Não Convertido,,0.0,Moderado,Libyan Arab Jamahiriya
120783,Orgânico,2024-06-22,Não Convertido,,0.0,Desconhecido,North Macedonia
120784,WhatsApp,2024-06-20,Não Convertido,,0.0,Agressivo,Philippines
120785,Instagram,2024-06-22,Não Convertido,,0.0,Desconhecido,Liberia
120786,Facebook,2024-06-19,Não Convertido,,0.0,Moderado,Finland
120787,WhatsApp,2024-06-18,Não Convertido,,0.0,Agressivo,Netherlands
120788,E-mail Marketing,2024-06-17,Não Convertido,,0.0,Conservador,Papua New Guinea
120789,Orgânico,2024-06-19,Não Convertido,,0.0,Moderado,Cuba
120790,Instagram,2024-06-19,Não Convertido,,0.0,Conservador,Antarctica (the territory South of 60 deg S)
120791,YouTube Ads,2024-06-21,Não Convertido,,0.0,Conservador,Netherlands
120792,WhatsApp,2024-06-20,Não Convertido,,0.0,Agressivo,Gambia
120793,TikTok,2024-06-20,Não Convertido,,0.0,Conservador,Togo
120794,Facebook,2024-06-19,Não Convertido,,0.0,Moderado,Aruba
120795,Orgânico,2024-06-20,Não Convertido,,0.0,Moderado,San Marino
120796,Orgânico,2024-06-18,Não Convertido,,0.0,Moderado,Sao Tome and Principe
120797,Orgânico,2024-06-18,Não Convertido,,0.0,Agressivo,Dominica
120798,E-mail Marketing,2024-06-22,Não Convertido,,0.0,Moderado,South Georgia and the South Sandwich Islands
120799,Orgânico,2024-06-18,Não Convertido,,0.0,Moderado,Turkey
120800,Facebook,2024-06-18,Não Convertido,,0.0,Moderado,Uganda
120801,Google Ads,2024-06-20,Não Convertido,,0.0,Moderado,Japan
120802,Instagram,2024-06-22,Não Convertido,,0.0,Moderado,Saint Kitts and Nevis
120803,Instagram,2024-06-20,Não Convertido,,0.0,Agressivo,Djibouti
120804,Google Ads,2024-06-20,Não Convertido,,0.0,Moderado,Sudan
120805,Facebook,2024-06-21,Não Convertido,,0.0,Agressivo,Benin
120806,TikTok,2024-06-22,Não Convertido,,0.0,Moderado,Seychelles
120807,E-mail Marketing,2024-06-19,Não Convertido,,0.0,Agressivo,Korea
120808,Instagram,2024-06-21,Não Convertido,,0.0,Conservador,United Kingdom
120809,E-mail Marketing,2024-06-19,Não Convertido,,0.0,Moderado,Yemen
120810,Instagram,2024-06-18,Não Convertido,,0.0,Moderado,Saint Pierre and Miquelon
120811,Orgânico,2024-06-20,Não Convertido,,0.0,Agressivo,Togo
120812,Instagram,2024-06-19,Não Convertido,,0.0,Moderado,Cyprus
120813,TikTok,2024-06-20,Não Convertido,,0.0,Moderado,Holy See (Vatican City State)
120814,YouTube Ads,2024-06-22,Não Convertido,,0.0,Moderado,Norway
120815,TikTok,2024-06-17,Não Convertido,,0.0,Moderado,France
120816,Instagram,2024-06-22,Não Convertido,,0.0,Agressivo,Palau
120817,Facebook,2024-06-22,Não Convertido,,0.0,Agressivo,Slovakia (Slovak Republic)
120818,Orgânico,2024-06-22,Convertido,25.0,5425.56,Agressivo,Argentina
120819,Facebook,2024-06-18,Não Convertido,,0.0,Moderado,Barbados
120820,E-mail Marketing,2024-06-19,Não Convertido,,0.0,Moderado,Singapore
120821,YouTube Ads,2024-06-17,Não Convertido,,0.0,Conservador,United States Virgin Islands
120822,E-mail Marketing,2024-06-17,Não Convertido,,0.0,Moderado,Saint Vincent and the Grenadines
120823,Indicação,2024-06-20,Não Convertido,,0.0,Agressivo,Tuvalu
120824,E-mail Marketing,2024-06-21,Não Convertido,,0.0,Conservador,Palau
120825,TikTok,2024-06-21,Não Convertido,,0.0,Moderado,Saint Pierre and Miquelon
120826,Orgânico,2024-06-19,Não Convertido,,0.0,Agressivo,Djibouti
120827,YouTube Ads,2024-06-18,Não Convertido,,0.0,Moderado,Luxembourg
120828,Facebook,2024-06-21,Não Convertido,,0.0,Conservador,Anguilla
120829,Facebook,2024-06-21,Não Convertido,,0.0,Agressivo,United States Virgin Islands
120830,YouTube Ads,2024-06-21,Não Convertido,,0.0,Conservador,Turkey
120831,Indicação,2024-06-18,Não Convertido,,0.0,Agressivo,Mauritius
120832,Google Ads,2024-06-22,Não Convertido,,0.0,Desconhecido,Serbia
120833,TikTok,2024-06-18,Não Convertido,,0.0,Conservador,Malta
120834,E-mail Marketing,2024-06-21,Não Convertido,,0.0,Moderado,Jordan
120835,Instagram,2024-06-17,Não Convertido,,0.0,Agressivo,Portugal
120836,Google Ads,2024-06-21,Não Convertido,,0.0,Moderado,Poland
120837,TikTok,2024-06-22,Não Convertido,,0.0,Moderado,Albania
120838,Google Ads,2024-06-19,Não Convertido,,0.0,Conservador,Guernsey
120839,Instagram,2024-06-19,Não Convertido,,0.0,Moderado,Greenland
120840,Orgânico,2024-06-20,Não Convertido,,0.0,Agressivo,Tokelau
120841,YouTube Ads,2024-06-22,Não Convertido,,0.0,Moderado,Falkland Islands (Malvinas)
120842,Instagram,2024-06-21,Não Convertido,,0.0,Agressivo,Bosnia and Herzegovina
120843,TikTok,2024-06-20,Não Convertido,,0.0,Conservador,Svalbard & Jan Mayen Islands
120844,Instagram,2024-06-20,Não Convertido,,0.0,Moderado,United Arab Emirates
120845,E-mail Marketing,2024-06-20,Não Convertido,,0.0,Desconhecido,Montserrat
120846,TikTok,2024-06-17,Não Convertido,,0.0,Agressivo,Sierra Leone
120847,E-mail Marketing,2024-06-18,Não Convertido,,0.0,Agressivo,Australia
120848,TikTok,2024-06-17,Não Convertido,,0.0,Agressivo,Austria
120849,E-mail Marketing,2024-06-20,Não Convertido,,0.0,Conservador,Oman
120850,Indicação,2024-06-17,Não Convertido,,0.0,Conservador,Cayman Islands
120851,Instagram,2024-06-17,Não Convertido,,0.0,Moderado,Niger
120852,Google Ads,2024-06-17,Não Convertido,,0.0,Agressivo,Namibia
120853,TikTok,2024-06-18,Não Convertido,,0.0,Moderado,Bermuda
120854,Orgânico,2024-06-19,Não Convertido,,0.0,Desconhecido,Djibouti
120855,Orgânico,2024-06-18,Não Convertido,,0.0,Agressivo,Turkey
120856,Indicação,2024-06-22,Não Convertido,,0.0,Moderado,Egypt
120857,Facebook,2024-06-18,Não Convertido,,0.0,Agressivo,Lebanon
120858,Orgânico,2024-06-19,Não Convertido,,0.0,Moderado,Jersey
120859,Instagram,2024-06-17,Não Convertido,,0.0,Moderado,Hungary
120860,Orgânico,2024-06-17,Não Convertido,,0.0,Agressivo,Anguilla
120861,Orgânico,2024-06-17,Não Convertido,,0.0,Agressivo,Algeria
120862,TikTok,2024-06-21,Não Convertido,,0.0,Moderado,South Georgia and the South Sandwich Islands
120863,Indicação,2024-06-21,Não Convertido,,0.0,Moderado,Macao
120864,Instagram,2024-06-19,Não Convertido,,0.0,Moderado,Bermuda
120865,TikTok,2024-06-20,Não Convertido,,0.0,Agressivo,British Indian Ocean Territory (Chagos Archipelago)
120866,Orgânico,2024-06-21,Não Convertido,,0.0,Desconhecido,Ireland
120867,TikTok,2024-06-19,Não Convertido,,0.0,Moderado,Cameroon
120868,Instagram,2024-06-20,Não Convertido,,0.0,Moderado,Indonesia
120869,YouTube Ads,2024-06-18,Não Convertido,,0.0,Moderado,Comoros
120870,TikTok,2024-06-20,Não Convertido,,0.0,Agressivo,Macao
120871,Instagram,2024-06-17,Não Convertido,,0.0,Moderado,Cyprus
120872,TikTok,2024-06-18,Não Convertido,,0.0,Moderado,Morocco
120873,Facebook,2024-06-22,Convertido,3.0,6741.67,Moderado,Sri Lanka
120874,Facebook,2024-06-18,Não Convertido,,0.0,Agressivo,Iceland
120875,E-mail Marketing,2024-06-20,Não Convertido,,0.0,Agressivo,French Southern Territories
120876,E-mail Marketing,2024-06-20,Não Convertido,,0.0,Moderado,New Caledonia
120877,Facebook,2024-06-21,Não Convertido,,0.0,Agressivo,Guadeloupe
120878,E-mail Marketing,2024-06-18,Não Convertido,,0.0,Moderado,Turks and Caicos Islands
120879,TikTok,2024-06-19,Não Convertido,,0.0,Agressivo,Cameroon
120880,TikTok,2024-06-20,Não Convertido,,0.0,Moderado,Nicaragua
120881,Instagram,2024-06-20,Não Convertido,,0.0,Conservador,United States Virgin Islands
120882,WhatsApp,2024-06-18,Não Convertido,,0.0,Moderado,Pakistan
120883,YouTube Ads,2024-06-21,Não Convertido,,0.0,Moderado,Palau
120884,WhatsApp,2024-06-17,Não Convertido,,0.0,Desconhecido,United Kingdom
120885,WhatsApp,2024-06-18,Não Convertido,,0.0,Moderado,Brazil
120886,Google Ads,2024-06-17,Não Convertido,,0.0,Agressivo,Djibouti
120887,Google Ads,2024-06-17,Não Convertido,,0.0,Agressivo,Guyana
120888,Facebook,2024-06-17,Não Convertido,,0.0,Conservador,Cyprus
120889,WhatsApp,2024-06-19,Não Convertido,,0.0,Moderado,Slovenia
120890,WhatsApp,2024-06-21,Não Convertido,,0.0,Conservador,British Indian Ocean Territory (Chagos Archipelago)
120891,Facebook,2024-06-22,Não Convertido,,0.0,Agressivo,Singapore
120892,Orgânico,2024-06-17,Não Convertido,,0.0,Desconhecido,Comoros
120893,Indicação,2024-06-18,Não Convertido,,0.0,Moderado,Egypt
120894,Instagram,2024-06-21,Convertido,10.0,5299.45,Desconhecido,Maldives
120895,Facebook,2024-06-20,Não Convertido,,0.0,Agressivo,Nigeria
120896,Google Ads,2024-06-17,Não Convertido,,0.0,Moderado,Nauru
120897,E-mail Marketing,2024-06-18,Não Convertido,,0.0,Conservador,Malta
120898,Instagram,2024-06-19,Não Convertido,,0.0,Moderado,French Polynesia
120899,Instagram,2024-06-20,Não Convertido,,0.0,Moderado,Sierra Leone
120900,WhatsApp,2024-06-21,Não Convertido,,0.0,Agressivo,El Salvador
120901,Orgânico,2024-06-20,Não Convertido,,0.0,Agressivo,Congo
120902,Google Ads,2024-06-19,Não Convertido,,0.0,Conservador,Guinea
120903,Instagram,2024-06-21,Não Convertido,,0.0,Desconhecido,Guinea-Bissau
120904,Indicação,2024-06-20,Não Convertido,,0.0,Desconhecido,Montserrat
120905,Instagram,2024-06-22,Não Convertido,,0.0,Agressivo,Saint Vincent and the Grenadines
120906,Orgânico,2024-06-19,Convertido,10.0,4642.11,Moderado,New Zealand
120907,Orgânico,2024-06-18,Não Convertido,,0.0,Moderado,Serbia
120908,Orgânico,2024-06-19,Não Convertido,,0.0,Agressivo,Botswana
120909,TikTok,2024-06-17,Não Convertido,,0.0,Conservador,Tunisia
120910,E-mail Marketing,2024-06-19,Não Convertido,,0.0,Moderado,Palau
120911,Indicação,2024-06-22,Não Convertido,,0.0,Agressivo,Hungary
120912,Indicação,2024-06-17,Não Convertido,,0.0,Conservador,Central African Republic
120913,Google Ads,2024-06-20,Não Convertido,,0.0,Moderado,Uganda
120914,Instagram,2024-06-18,Não Convertido,,0.0,Moderado,Costa Rica
120915,TikTok,2024-06-19,Não Convertido,,0.0,Moderado,Saint Kitts and Nevis
120916,Instagram,2024-06-17,Não Convertido,,0.0,Moderado,Swaziland
120917,Google Ads,2024-06-21,Não Convertido,,0.0,Agressivo,Azerbaijan
120918,Facebook,2024-06-19,Não Convertido,,0.0,Moderado,Uzbekistan
120919,TikTok,2024-06-20,Não Convertido,,0.0,Conservador,New Caledonia
120920,Orgânico,2024-06-17,Não Convertido,,0.0,Agressivo,Nicaragua
120921,TikTok,2024-06-17,Não Convertido,,0.0,Moderado,Marshall Islands
120922,Instagram,2024-06-22,Não Convertido,,0.0,Agressivo,Kuwait
120923,TikTok,2024-06-18,Não Convertido,,0.0,Agressivo,Heard Island and McDonald Islands
120924,Facebook,2024-06-19,Não Convertido,,0.0,Agressivo,Monaco
120925,Instagram,2024-06-18,Não Convertido,,0.0,Moderado,Benin
120926,Orgânico,2024-06-20,Não Convertido,,0.0,Agressivo,Sierra Leone
120927,Google Ads,2024-06-19,Não Convertido,,0.0,Moderado,Swaziland
120928,Google Ads,2024-06-19,Não Convertido,,0.0,Moderado,Bulgaria
120929,YouTube Ads,2024-06-21,Não Convertido,,0.0,Moderado,Falkland Islands (Malvinas)
120930,Orgânico,2024-06-17,Não Convertido,,0.0,Moderado,Tonga
120931,Google Ads,2024-06-19,Não Convertido,,0.0,Agressivo,Saint Lucia
120932,YouTube Ads,2024-06-17,Não Convertido,,0.0,Desconhecido,Spain
120933,WhatsApp,2024-06-18,Não Convertido,,0.0,Desconhecido,Guinea
120934,TikTok,2024-06-21,Não Convertido,,0.0,Conservador,Slovakia (Slovak Republic)
120935,Orgânico,2024-06-17,Não Convertido,,0.0,Agressivo,Cambodia
120936,WhatsApp,2024-06-20,Não Convertido,,0.0,Agressivo,Anguilla
120937,Orgânico,2024-06-18,Não Convertido,,0.0,Agressivo,Solomon Islands
120938,Facebook,2024-06-22,Não Convertido,,0.0,Desconhecido,Faroe Islands
120939,Orgânico,2024-06-21,Não Convertido,,0.0,Agressivo,Canada
120940,E-mail Marketing,2024-06-20,Não Convertido,,0.0,Agressivo,Andorra
120941,Orgânico,2024-06-21,Não Convertido,,0.0,Agressivo,Denmark
120942,TikTok,2024-06-21,Não Convertido,,0.0,Conservador,Cayman Islands
120943,Orgânico,2024-06-21,Não Convertido,,0.0,Moderado,United States Virgin Islands
120944,Instagram,2024-06-17,Não Convertido,,0.0,Desconhecido,Jordan
120945,E-mail Marketing,2024-06-19,Não Convertido,,0.0,Agressivo,Paraguay
120946,Indicação,2024-06-17,Não Convertido,,0.0,Conservador,Taiwan
120947,TikTok,2024-06-20,Não Convertido,,0.0,Agressivo,French Polynesia
120948,Orgânico,2024-06-20,Não Convertido,,0.0,Agressivo,Andorra
120949,Instagram,2024-06-22,Não Convertido,,0.0,Moderado,Tajikistan
120950,TikTok,2024-06-20,Não Convertido,,0.0,Moderado,Latvia
120951,Instagram,2024-06-22,Não Convertido,,0.0,Agressivo,Dominican Republic
120952,Indicação,2024-06-20,Não Convertido,,0.0,Moderado,Zimbabwe
120953,WhatsApp,2024-06-22,Não Convertido,,0.0,Agressivo,Turks and Caicos Islands
120954,E-mail Marketing,2024-06-21,Não Convertido,,0.0,Moderado,Bulgaria
120955,Google Ads,2024-06-21,Convertido,23.0,9624.51,Agressivo,Albania
120956,WhatsApp,2024-06-22,Não Convertido,,0.0,Moderado,Ukraine
120957,Facebook,2024-06-22,Não Convertido,,0.0,Moderado,Honduras
120958,Instagram,2024-06-19,Não Convertido,,0.0,Agressivo,Saint Martin
120959,WhatsApp,2024-06-20,Não Convertido,,0.0,Agressivo,Uruguay
120960,Orgânico,2024-06-20,Não Convertido,,0.0,Agressivo,Suriname
120961,Orgânico,2024-06-17,Não Convertido,,0.0,Conservador,Sri Lanka
120962,Indicação,2024-06-21,Não Convertido,,0.0,Conservador,Netherlands
120963,Instagram,2024-06-20,Não Convertido,,0.0,Agressivo,Egypt
120964,Orgânico,2024-06-22,Não Convertido,,0.0,Conservador,Benin
120965,Indicação,2024-06-17,Não Convertido,,0.0,Agressivo,North Macedonia
120966,Indicação,2024-06-20,Não Convertido,,0.0,Moderado,Slovenia
120967,E-mail Marketing,2024-06-19,Não Convertido,,0.0,Conservador,Tajikistan
120968,WhatsApp,2024-06-19,Não Convertido,,0.0,Conservador,Reunion
120969,Instagram,2024-06-20,Não Convertido,,0.0,Moderado,Ukraine
120970,Orgânico,2024-06-20,Não Convertido,,0.0,Moderado,Tajikistan
120971,TikTok,2024-06-21,Não Convertido,,0.0,Moderado,France
120972,YouTube Ads,2024-06-22,Não Convertido,,0.0,Conservador,Guyana
120973,TikTok,2024-06-21,Não Convertido,,0.0,Moderado,South Georgia and the South Sandwich Islands
120974,Facebook,2024-06-18,Não Convertido,,0.0,Conservador,Serbia
120975,WhatsApp,2024-06-17,Não Convertido,,0.0,Agressivo,Sierra Leone
120976,Google Ads,2024-06-22,Não Convertido,,0.0,Agressivo,Saint Pierre and Miquelon
120977,Facebook,2024-06-21,Não Convertido,,0.0,Moderado,Nepal
120978,TikTok,2024-06-20,Não Convertido,,0.0,Moderado,Cameroon
120979,E-mail Marketing,2024-06-20,Não Convertido,,0.0,Moderado,Israel
120980,TikTok,2024-06-18,Não Convertido,,0.0,Moderado,Netherlands
120981,Facebook,2024-06-20,Não Convertido,,0.0,Moderado,Uganda
120982,TikTok,2024-06-17,Não Convertido,,0.0,Conservador,Bosnia and Herzegovina
120983,WhatsApp,2024-06-17,Não Convertido,,0.0,Desconhecido,Saint Martin
120984,Instagram,2024-06-19,Não Convertido,,0.0,Agressivo,Angola
120985,Google Ads,2024-06-18,Não Convertido,,0.0,Moderado,Peru
120986,Facebook,2024-06-22,Não Convertido,,0.0,Agressivo,Slovenia
120987,E-mail Marketing,2024-06-22,Não Convertido,,0.0,Conservador,Tokelau
120988,Orgânico,2024-06-22,Convertido,30.0,3896.13,Moderado,Korea
120989,E-mail Marketing,2024-06-20,Não Convertido,,0.0,Moderado,Puerto Rico
120990,Orgânico,2024-06-19,Não Convertido,,0.0,Moderado,Greenland
120991,Facebook,2024-06-17,Não Convertido,,0.0,Moderado,United States of America
120992,YouTube Ads,2024-06-18,Não Convertido,,0.0,Moderado,Jordan
120993,Instagram,2024-06-22,Não Convertido,,0.0,Moderado,New Caledonia
120994,Indicação,2024-06-17,Não Convertido,,0.0,Conservador,Maldives
120995,Instagram,2024-06-22,Não Convertido,,0.0,Desconhecido,Belize
120996,WhatsApp,2024-06-17,Não Convertido,,0.0,Agressivo,Slovenia
120997,Instagram,2024-06-19,Não Convertido,,0.0,Moderado,Cote d'Ivoire
120998,E-mail Marketing,2024-06-17,Não Convertido,,0.0,Agressivo,Vietnam
120999,TikTok,2024-06-18,Não Convertido,,0.0,Conservador,Serbia
121000,Instagram,2024-06-18,Não Convertido,,0.0,Conservador,Greenland
121001,Facebook,2024-06-18,Não Convertido,,0.0,Moderado,Falkland Islands (Malvinas)
121002,Orgânico,2024-06-22,Não Convertido,,0.0,Moderado,Niue
121003,YouTube Ads,2024-06-17,Não Convertido,,0.0,Agressivo,Mayotte
121004,YouTube Ads,2024-06-18,Não Convertido,,0.0,Agressivo,Malawi
121005,YouTube Ads,2024-06-17,Não Convertido,,0.0,Moderado,Anguilla
121006,Instagram,2024-06-22,Não Convertido,,0.0,Agressivo,Russian Federation
121007,Instagram,2024-06-21,Não Convertido,,0.0,Moderado,Palestinian Territory
121008,Instagram,2024-06-19,Não Convertido,,0.0,Moderado,Taiwan
121009,YouTube Ads,2024-06-18,Não Convertido,,0.0,Moderado,Uzbekistan
121010,Instagram,2024-06-17,Não Convertido,,0.0,Moderado,Northern Mariana Islands
121011,Google Ads,2024-06-22,Não Convertido,,0.0,Conservador,Palau
121012,E-mail Marketing,2024-06-18,Não Convertido,,0.0,Agressivo,Seychelles
121013,Instagram,2024-06-21,Não Convertido,,0.0,Conservador,Uruguay
121014,E-mail Marketing,2024-06-19,Convertido,23.0,4504.22,Moderado,Saint Lucia
121015,E-mail Marketing,2024-06-19,Não Convertido,,0.0,Moderado,Liberia
121016,TikTok,2024-06-22,Não Convertido,,0.0,Conservador,Netherlands Antilles
121017,YouTube Ads,2024-06-20,Não Convertido,,0.0,Moderado,Vietnam
121018,YouTube Ads,2024-06-19,Não Convertido,,0.0,Conservador,Grenada
121019,Orgânico,2024-06-20,Não Convertido,,0.0,Moderado,Iran
121020,Google Ads,2024-06-21,Não Convertido,,0.0,Moderado,Burundi
121021,Facebook,2024-06-20,Não Convertido,,0.0,Moderado,Montenegro
121022,Orgânico,2024-06-17,Não Convertido,,0.0,Moderado,Cape Verde
121023,Orgânico,2024-06-18,Não Convertido,,0.0,Moderado,Pitcairn Islands
121024,WhatsApp,2024-06-19,Não Convertido,,0.0,Moderado,Wallis and Futuna
121025,TikTok,2024-06-21,Não Convertido,,0.0,Desconhecido,Panama
121026,WhatsApp,2024-06-20,Não Convertido,,0.0,Moderado,Burundi
