lead_id,origem,data_cadastro,status_conversao,dias_ate_1o_trade,valor_deposito,perfil,pais
87061,Google Ads,2024-03-30,Não Convertido,,0.0,Conservador,Belgium
87062,Instagram,2024-03-28,Não Convertido,,0.0,Moderado,Mozambique
87063,Indicação,2024-03-30,Não Convertido,,0.0,Agressivo,Kuwait
87064,YouTube Ads,2024-03-26,Não Convertido,,0.0,Conservador,Portugal
87065,Orgânico,2024-03-30,Não Convertido,,0.0,Agressivo,Venezuela
87066,Instagram,2024-03-27,Não Convertido,,0.0,Conservador,Gambia
87067,Instagram,2024-03-25,Não Convertido,,0.0,Agressivo,South Africa
87068,Instagram,2024-03-28,Não Convertido,,0.0,Moderado,Slovenia
87069,YouTube Ads,2024-03-25,Não Convertido,,0.0,Desconhecido,Croatia
87070,TikTok,2024-03-25,Não Convertido,,0.0,Agressivo,Uzbekistan
87071,TikTok,2024-03-25,Não Convertido,,0.0,Agressivo,Portugal
87072,Facebook,2024-03-30,Não Convertido,,0.0,Moderado,Botswana
87073,Facebook,2024-03-30,Não Convertido,,0.0,Desconhecido,Niue
87074,E-mail Marketing,2024-03-29,Não Convertido,,0.0,Agressivo,Bulgaria
87075,E-mail Marketing,2024-03-29,Não Convertido,,0.0,Moderado,Netherlands Antilles
87076,Indicação,2024-03-27,Não Convertido,,0.0,Moderado,Armenia
87077,YouTube Ads,2024-03-27,Não Convertido,,0.0,Conservador,Cameroon
87078,Facebook,2024-03-28,Não Convertido,,0.0,Moderado,Yemen
87079,WhatsApp,2024-03-30,Não Convertido,,0.0,Moderado,South Georgia and the South Sandwich Islands
87080,Orgânico,2024-03-26,Não Convertido,,0.0,Moderado,Turkey
87081,Orgânico,2024-03-30,Não Convertido,,0.0,Agressivo,Cyprus
87082,WhatsApp,2024-03-28,Não Convertido,,0.0,Moderado,Trinidad and Tobago
87083,Orgânico,2024-03-26,Não Convertido,,0.0,Moderado,Palestinian Territory
87084,Facebook,2024-03-27,Não Convertido,,0.0,Moderado,Panama
87085,YouTube Ads,2024-03-29,Não Convertido,,0.0,Moderado,Switzerland
87086,Instagram,2024-03-25,Não Convertido,,0.0,Conservador,Norway
87087,Orgânico,2024-03-29,Não Convertido,,0.0,Moderado,Indonesia
87088,Google Ads,2024-03-28,Não Convertido,,0.0,Agressivo,Syrian Arab Republic
87089,WhatsApp,2024-03-30,Não Convertido,,0.0,Agressivo,Puerto Rico
87090,YouTube Ads,2024-03-25,Não Convertido,,0.0,Moderado,Cyprus
87091,Instagram,2024-03-28,Não Convertido,,0.0,Moderado,Yemen
87092,Google Ads,2024-03-26,Não Convertido,,0.0,Moderado,Moldova
87093,Facebook,2024-03-27,Não Convertido,,0.0,Moderado,Syrian Arab Republic
87094,Facebook,2024-03-26,Não Convertido,,0.0,Moderado,Northern Mariana Islands
87095,Orgânico,2024-03-30,Não Convertido,,0.0,Agressivo,Cote d'Ivoire
87096,TikTok,2024-03-27,Não Convertido,,0.0,Desconhecido,Chad
87097,TikTok,2024-03-27,Não Convertido,,0.0,Moderado,Luxembourg
87098,Orgânico,2024-03-27,Não Convertido,,0.0,Moderado,New Caledonia
87099,Instagram,2024-03-26,Não Convertido,,0.0,Agressivo,Monaco
87100,Indicação,2024-03-28,Não Convertido,,0.0,Moderado,Sweden
87101,Indicação,2024-03-26,Não Convertido,,0.0,Agressivo,Suriname
87102,Instagram,2024-03-29,Convertido,14.0,5782.44,Moderado,Senegal
87103,WhatsApp,2024-03-28,Não Convertido,,0.0,Desconhecido,British Virgin Islands
87104,TikTok,2024-03-27,Não Convertido,,0.0,Moderado,Namibia
87105,WhatsApp,2024-03-28,Não Convertido,,0.0,Moderado,Chad
87106,TikTok,2024-03-29,Não Convertido,,0.0,Agressivo,Gambia
87107,YouTube Ads,2024-03-30,Não Convertido,,0.0,Moderado,Hong Kong
87108,Indicação,2024-03-29,Não Convertido,,0.0,Conservador,India
87109,TikTok,2024-03-25,Convertido,16.0,8698.81,Conservador,Pakistan
87110,E-mail Marketing,2024-03-25,Não Convertido,,0.0,Moderado,American Samoa
87111,Orgânico,2024-03-26,Convertido,18.0,4766.71,Agressivo,Lesotho
87112,Orgânico,2024-03-30,Não Convertido,,0.0,Desconhecido,Bouvet Island (Bouvetoya)
87113,E-mail Marketing,2024-03-27,Não Convertido,,0.0,Moderado,Netherlands Antilles
87114,Instagram,2024-03-25,Não Convertido,,0.0,Moderado,Somalia
87115,E-mail Marketing,2024-03-30,Não Convertido,,0.0,Conservador,Montenegro
87116,Instagram,2024-03-28,Convertido,8.0,9813.53,Agressivo,Bosnia and Herzegovina
87117,WhatsApp,2024-03-28,Não Convertido,,0.0,Moderado,Uganda
87118,E-mail Marketing,2024-03-29,Não Convertido,,0.0,Agressivo,British Indian Ocean Territory (Chagos Archipelago)
87119,WhatsApp,2024-03-30,Não Convertido,,0.0,Conservador,Switzerland
87120,Indicação,2024-03-25,Não Convertido,,0.0,Agressivo,Aruba
87121,Facebook,2024-03-25,Não Convertido,,0.0,Agressivo,Nicaragua
87122,Facebook,2024-03-25,Não Convertido,,0.0,Agressivo,Trinidad and Tobago
87123,TikTok,2024-03-28,Convertido,21.0,3378.19,Desconhecido,Tuvalu
87124,Orgânico,2024-03-29,Não Convertido,,0.0,Moderado,Moldova
87125,Indicação,2024-03-27,Não Convertido,,0.0,Moderado,Azerbaijan
87126,Instagram,2024-03-30,Não Convertido,,0.0,Moderado,Mozambique
87127,Instagram,2024-03-25,Não Convertido,,0.0,Conservador,Martinique
87128,Google Ads,2024-03-25,Não Convertido,,0.0,Agressivo,Spain
87129,Instagram,2024-03-29,Não Convertido,,0.0,Conservador,Costa Rica
87130,Orgânico,2024-03-25,Não Convertido,,0.0,Agressivo,Canada
87131,WhatsApp,2024-03-27,Não Convertido,,0.0,Conservador,Christmas Island
87132,WhatsApp,2024-03-28,Não Convertido,,0.0,Agressivo,Malta
87133,Google Ads,2024-03-28,Não Convertido,,0.0,Moderado,Hungary
87134,Orgânico,2024-03-27,Não Convertido,,0.0,Moderado,Oman
87135,YouTube Ads,2024-03-25,Não Convertido,,0.0,Desconhecido,Jordan
87136,Facebook,2024-03-28,Não Convertido,,0.0,Conservador,Trinidad and Tobago
87137,TikTok,2024-03-25,Não Convertido,,0.0,Conservador,Gabon
87138,E-mail Marketing,2024-03-28,Não Convertido,,0.0,Conservador,Turkmenistan
87139,Google Ads,2024-03-26,Não Convertido,,0.0,Agressivo,Malaysia
87140,YouTube Ads,2024-03-27,Não Convertido,,0.0,Moderado,Cuba
87141,Facebook,2024-03-27,Não Convertido,,0.0,Agressivo,Oman
87142,TikTok,2024-03-29,Não Convertido,,0.0,Conservador,Cayman Islands
87143,YouTube Ads,2024-03-26,Não Convertido,,0.0,Agressivo,Bahamas
87144,Orgânico,2024-03-26,Não Convertido,,0.0,Moderado,Sao Tome and Principe
87145,Orgânico,2024-03-30,Não Convertido,,0.0,Conservador,Nauru
87146,Facebook,2024-03-28,Não Convertido,,0.0,Moderado,Nepal
87147,Orgânico,2024-03-27,Não Convertido,,0.0,Conservador,Kazakhstan
87148,WhatsApp,2024-03-28,Não Convertido,,0.0,Conservador,Nigeria
87149,Facebook,2024-03-29,Não Convertido,,0.0,Agressivo,United States of America
87150,Instagram,2024-03-28,Não Convertido,,0.0,Moderado,Azerbaijan
87151,YouTube Ads,2024-03-27,Não Convertido,,0.0,Desconhecido,Saint Pierre and Miquelon
87152,Orgânico,2024-03-27,Não Convertido,,0.0,Agressivo,Japan
87153,WhatsApp,2024-03-29,Não Convertido,,0.0,Agressivo,Bahrain
87154,Instagram,2024-03-30,Não Convertido,,0.0,Desconhecido,North Macedonia
87155,Indicação,2024-03-28,Não Convertido,,0.0,Conservador,Australia
87156,Instagram,2024-03-27,Não Convertido,,0.0,Moderado,India
87157,TikTok,2024-03-26,Convertido,12.0,4545.84,Conservador,Vietnam
87158,Orgânico,2024-03-25,Não Convertido,,0.0,Moderado,Cape Verde
87159,Orgânico,2024-03-28,Não Convertido,,0.0,Conservador,Belize
87160,WhatsApp,2024-03-26,Não Convertido,,0.0,Moderado,Bulgaria
87161,Indicação,2024-03-28,Não Convertido,,0.0,Moderado,Tuvalu
87162,WhatsApp,2024-03-28,Não Convertido,,0.0,Agressivo,Japan
87163,WhatsApp,2024-03-27,Não Convertido,,0.0,Agressivo,Tajikistan
87164,YouTube Ads,2024-03-27,Não Convertido,,0.0,Agressivo,Reunion
87165,Facebook,2024-03-25,Não Convertido,,0.0,Moderado,France
87166,E-mail Marketing,2024-03-29,Não Convertido,,0.0,Conservador,Marshall Islands
87167,Google Ads,2024-03-28,Não Convertido,,0.0,Agressivo,United Kingdom
87168,Google Ads,2024-03-29,Não Convertido,,0.0,Agressivo,Ethiopia
87169,YouTube Ads,2024-03-28,Não Convertido,,0.0,Conservador,Sri Lanka
87170,Orgânico,2024-03-26,Não Convertido,,0.0,Moderado,Uzbekistan
87171,Facebook,2024-03-27,Não Convertido,,0.0,Conservador,Germany
87172,Facebook,2024-03-27,Não Convertido,,0.0,Desconhecido,South Africa
87173,E-mail Marketing,2024-03-26,Não Convertido,,0.0,Moderado,Guyana
87174,Indicação,2024-03-27,Não Convertido,,0.0,Conservador,Mauritius
87175,TikTok,2024-03-26,Não Convertido,,0.0,Moderado,Netherlands Antilles
87176,YouTube Ads,2024-03-27,Não Convertido,,0.0,Moderado,Sao Tome and Principe
87177,Instagram,2024-03-29,Não Convertido,,0.0,Conservador,Oman
87178,TikTok,2024-03-30,Não Convertido,,0.0,Conservador,Italy
87179,Instagram,2024-03-27,Não Convertido,,0.0,Conservador,Burkina Faso
87180,Orgânico,2024-03-28,Não Convertido,,0.0,Moderado,Mongolia
87181,YouTube Ads,2024-03-28,Não Convertido,,0.0,Moderado,Seychelles
87182,Orgânico,2024-03-27,Não Convertido,,0.0,Conservador,Monaco
87183,TikTok,2024-03-25,Não Convertido,,0.0,Agressivo,Samoa
87184,Google Ads,2024-03-26,Não Convertido,,0.0,Moderado,Australia
87185,Instagram,2024-03-30,Não Convertido,,0.0,Desconhecido,Iraq
87186,Orgânico,2024-03-27,Não Convertido,,0.0,Desconhecido,British Indian Ocean Territory (Chagos Archipelago)
87187,Google Ads,2024-03-30,Não Convertido,,0.0,Conservador,Russian Federation
87188,Orgânico,2024-03-26,Não Convertido,,0.0,Agressivo,Peru
87189,Facebook,2024-03-28,Não Convertido,,0.0,Conservador,Saint Kitts and Nevis
87190,Google Ads,2024-03-25,Não Convertido,,0.0,Desconhecido,Ecuador
87191,Google Ads,2024-03-26,Não Convertido,,0.0,Moderado,Albania
87192,E-mail Marketing,2024-03-27,Não Convertido,,0.0,Moderado,Kazakhstan
87193,E-mail Marketing,2024-03-27,Não Convertido,,0.0,Moderado,Faroe Islands
87194,Instagram,2024-03-25,Não Convertido,,0.0,Conservador,Central African Republic
87195,TikTok,2024-03-30,Não Convertido,,0.0,Agressivo,Myanmar
87196,TikTok,2024-03-29,Não Convertido,,0.0,Moderado,Micronesia
87197,YouTube Ads,2024-03-26,Não Convertido,,0.0,Conservador,Greenland
87198,Instagram,2024-03-27,Não Convertido,,0.0,Moderado,Yemen
87199,E-mail Marketing,2024-03-26,Não Convertido,,0.0,Agressivo,Zambia
87200,Orgânico,2024-03-29,Não Convertido,,0.0,Agressivo,Falkland Islands (Malvinas)
87201,Orgânico,2024-03-29,Não Convertido,,0.0,Conservador,French Southern Territories
87202,Instagram,2024-03-29,Não Convertido,,0.0,Moderado,Suriname
87203,E-mail Marketing,2024-03-30,Não Convertido,,0.0,Moderado,Cote d'Ivoire
87204,E-mail Marketing,2024-03-27,Não Convertido,,0.0,Agressivo,Aruba
87205,Google Ads,2024-03-26,Não Convertido,,0.0,Agressivo,Qatar
87206,Instagram,2024-03-28,Não Convertido,,0.0,Desconhecido,Guinea-Bissau
87207,Orgânico,2024-03-29,Não Convertido,,0.0,Agressivo,Colombia
87208,Facebook,2024-03-25,Não Convertido,,0.0,Moderado,Honduras
87209,Orgânico,2024-03-26,Não Convertido,,0.0,Agressivo,British Virgin Islands
87210,Orgânico,2024-03-27,Convertido,22.0,5337.66,Agressivo,Chad
87211,WhatsApp,2024-03-29,Não Convertido,,0.0,Conservador,Papua New Guinea
87212,TikTok,2024-03-25,Não Convertido,,0.0,Agressivo,Bhutan
87213,TikTok,2024-03-29,Não Convertido,,0.0,Desconhecido,Czech Republic
87214,Instagram,2024-03-26,Não Convertido,,0.0,Agressivo,Saint Vincent and the Grenadines
87215,YouTube Ads,2024-03-26,Não Convertido,,0.0,Moderado,India
87216,E-mail Marketing,2024-03-26,Não Convertido,,0.0,Moderado,Ireland
87217,Orgânico,2024-03-29,Não Convertido,,0.0,Moderado,Brazil
87218,WhatsApp,2024-03-27,Não Convertido,,0.0,Moderado,Argentina
87219,TikTok,2024-03-29,Não Convertido,,0.0,Moderado,Algeria
87220,Facebook,2024-03-27,Não Convertido,,0.0,Conservador,Armenia
87221,Instagram,2024-03-28,Convertido,16.0,8496.06,Conservador,Burundi
87222,E-mail Marketing,2024-03-25,Não Convertido,,0.0,Desconhecido,Marshall Islands
87223,Facebook,2024-03-29,Não Convertido,,0.0,Moderado,Azerbaijan
87224,TikTok,2024-03-28,Não Convertido,,0.0,Desconhecido,Nepal
87225,YouTube Ads,2024-03-26,Não Convertido,,0.0,Conservador,Belarus
87226,WhatsApp,2024-03-29,Não Convertido,,0.0,Agressivo,Fiji
87227,Instagram,2024-03-26,Não Convertido,,0.0,Moderado,Saint Helena
87228,Google Ads,2024-03-25,Convertido,16.0,2384.36,Conservador,Mauritania
87229,Facebook,2024-03-29,Não Convertido,,0.0,Agressivo,Sudan
87230,Instagram,2024-03-26,Não Convertido,,0.0,Conservador,Fiji
87231,Instagram,2024-03-28,Não Convertido,,0.0,Agressivo,Haiti
87232,Instagram,2024-03-29,Não Convertido,,0.0,Moderado,Syrian Arab Republic
87233,Orgânico,2024-03-30,Não Convertido,,0.0,Moderado,Taiwan
87234,TikTok,2024-03-28,Não Convertido,,0.0,Conservador,Malta
87235,TikTok,2024-03-29,Não Convertido,,0.0,Moderado,Sao Tome and Principe
87236,TikTok,2024-03-28,Não Convertido,,0.0,Moderado,Seychelles
87237,TikTok,2024-03-30,Não Convertido,,0.0,Agressivo,Wallis and Futuna
87238,Google Ads,2024-03-26,Não Convertido,,0.0,Agressivo,Uruguay
87239,Google Ads,2024-03-25,Não Convertido,,0.0,Moderado,Libyan Arab Jamahiriya
87240,E-mail Marketing,2024-03-30,Não Convertido,,0.0,Agressivo,Tanzania
87241,Orgânico,2024-03-28,Não Convertido,,0.0,Moderado,Kyrgyz Republic
87242,WhatsApp,2024-03-25,Não Convertido,,0.0,Agressivo,Grenada
87243,WhatsApp,2024-03-26,Não Convertido,,0.0,Moderado,Macao
87244,Orgânico,2024-03-27,Não Convertido,,0.0,Agressivo,Comoros
87245,E-mail Marketing,2024-03-26,Não Convertido,,0.0,Agressivo,Saint Vincent and the Grenadines
87246,Indicação,2024-03-29,Não Convertido,,0.0,Desconhecido,Ireland
87247,TikTok,2024-03-29,Não Convertido,,0.0,Moderado,Kyrgyz Republic
87248,E-mail Marketing,2024-03-30,Não Convertido,,0.0,Conservador,Cambodia
87249,TikTok,2024-03-29,Não Convertido,,0.0,Moderado,Dominica
87250,Orgânico,2024-03-30,Não Convertido,,0.0,Moderado,El Salvador
87251,YouTube Ads,2024-03-27,Não Convertido,,0.0,Desconhecido,Cook Islands
87252,YouTube Ads,2024-03-30,Não Convertido,,0.0,Agressivo,Estonia
87253,YouTube Ads,2024-03-30,Não Convertido,,0.0,Moderado,United States Virgin Islands
87254,YouTube Ads,2024-03-29,Não Convertido,,0.0,Agressivo,Qatar
87255,YouTube Ads,2024-03-26,Não Convertido,,0.0,Desconhecido,Iran
87256,TikTok,2024-03-28,Não Convertido,,0.0,Agressivo,Cook Islands
87257,TikTok,2024-03-29,Não Convertido,,0.0,Agressivo,Mexico
87258,Indicação,2024-03-29,Não Convertido,,0.0,Agressivo,Serbia
87259,TikTok,2024-03-25,Não Convertido,,0.0,Conservador,Montenegro
87260,Facebook,2024-03-29,Não Convertido,,0.0,Moderado,Saudi Arabia
87261,YouTube Ads,2024-03-25,Convertido,21.0,8439.3,Desconhecido,Rwanda
87262,TikTok,2024-03-30,Não Convertido,,0.0,Agressivo,Guadeloupe
87263,TikTok,2024-03-27,Não Convertido,,0.0,Moderado,Yemen
87264,E-mail Marketing,2024-03-26,Não Convertido,,0.0,Conservador,Cote d'Ivoire
87265,Orgânico,2024-03-29,Não Convertido,,0.0,Moderado,Cambodia
87266,WhatsApp,2024-03-27,Convertido,5.0,2112.26,Agressivo,Slovakia (Slovak Republic)
87267,Instagram,2024-03-30,Não Convertido,,0.0,Moderado,Belize
87268,Instagram,2024-03-26,Não Convertido,,0.0,Agressivo,Canada
87269,TikTok,2024-03-28,Não Convertido,,0.0,Moderado,Switzerland
87270,Google Ads,2024-03-29,Não Convertido,,0.0,Agressivo,Paraguay
87271,Instagram,2024-03-25,Não Convertido,,0.0,Agressivo,Sudan
87272,Instagram,2024-03-29,Não Convertido,,0.0,Agressivo,Nicaragua
87273,E-mail Marketing,2024-03-28,Não Convertido,,0.0,Moderado,Dominica
87274,E-mail Marketing,2024-03-26,Não Convertido,,0.0,Moderado,Sierra Leone
87275,Instagram,2024-03-26,Não Convertido,,0.0,Agressivo,Namibia
87276,Instagram,2024-03-30,Não Convertido,,0.0,Desconhecido,Grenada
87277,Instagram,2024-03-27,Não Convertido,,0.0,Agressivo,Azerbaijan
87278,WhatsApp,2024-03-27,Não Convertido,,0.0,Moderado,Kenya
87279,YouTube Ads,2024-03-27,Não Convertido,,0.0,Moderado,Australia
87280,Facebook,2024-03-28,Convertido,23.0,8252.31,Moderado,Iran
87281,WhatsApp,2024-03-28,Não Convertido,,0.0,Moderado,Ecuador
87282,E-mail Marketing,2024-03-29,Não Convertido,,0.0,Moderado,Marshall Islands
87283,Instagram,2024-03-28,Não Convertido,,0.0,Agressivo,Senegal
87284,WhatsApp,2024-03-28,Não Convertido,,0.0,Agressivo,Angola
87285,Instagram,2024-03-27,Não Convertido,,0.0,Agressivo,Portugal
87286,Facebook,2024-03-30,Não Convertido,,0.0,Moderado,Estonia
87287,Instagram,2024-03-30,Não Convertido,,0.0,Desconhecido,Monaco
87288,Orgânico,2024-03-27,Não Convertido,,0.0,Agressivo,Djibouti
87289,YouTube Ads,2024-03-27,Não Convertido,,0.0,Moderado,Palestinian Territory
87290,Indicação,2024-03-25,Não Convertido,,0.0,Moderado,Bermuda
87291,WhatsApp,2024-03-27,Não Convertido,,0.0,Conservador,Falkland Islands (Malvinas)
87292,YouTube Ads,2024-03-25,Não Convertido,,0.0,Moderado,Fiji
87293,Orgânico,2024-03-26,Não Convertido,,0.0,Moderado,Liechtenstein
87294,Instagram,2024-03-30,Não Convertido,,0.0,Agressivo,Netherlands Antilles
87295,Instagram,2024-03-27,Não Convertido,,0.0,Moderado,United Kingdom
87296,E-mail Marketing,2024-03-25,Não Convertido,,0.0,Agressivo,Heard Island and McDonald Islands
87297,Indicação,2024-03-29,Não Convertido,,0.0,Agressivo,Lesotho
87298,Google Ads,2024-03-28,Não Convertido,,0.0,Moderado,New Zealand
87299,Orgânico,2024-03-25,Não Convertido,,0.0,Moderado,Philippines
87300,Orgânico,2024-03-27,Convertido,30.0,8511.13,Moderado,Sierra Leone
87301,Instagram,2024-03-29,Não Convertido,,0.0,Agressivo,Saudi Arabia
87302,Orgânico,2024-03-30,Não Convertido,,0.0,Moderado,Saint Kitts and Nevis
87303,Orgânico,2024-03-28,Não Convertido,,0.0,Agressivo,Taiwan
87304,Orgânico,2024-03-29,Não Convertido,,0.0,Desconhecido,Madagascar
87305,YouTube Ads,2024-03-29,Não Convertido,,0.0,Agressivo,British Virgin Islands
87306,TikTok,2024-03-29,Não Convertido,,0.0,Agressivo,Cyprus
87307,Facebook,2024-03-29,Não Convertido,,0.0,Agressivo,Saint Barthelemy
87308,Orgânico,2024-03-28,Não Convertido,,0.0,Agressivo,Anguilla
87309,Instagram,2024-03-29,Não Convertido,,0.0,Agressivo,Cote d'Ivoire
87310,E-mail Marketing,2024-03-29,Não Convertido,,0.0,Desconhecido,Qatar
87311,Orgânico,2024-03-25,Não Convertido,,0.0,Conservador,Libyan Arab Jamahiriya
87312,Orgânico,2024-03-29,Não Convertido,,0.0,Agressivo,Kazakhstan
87313,YouTube Ads,2024-03-25,Não Convertido,,0.0,Conservador,Saint Pierre and Miquelon
87314,Orgânico,2024-03-27,Não Convertido,,0.0,Agressivo,Congo
87315,Instagram,2024-03-25,Não Convertido,,0.0,Moderado,United Kingdom
87316,Instagram,2024-03-27,Convertido,13.0,6027.07,Agressivo,Liechtenstein
87317,TikTok,2024-03-30,Não Convertido,,0.0,Conservador,Romania
87318,YouTube Ads,2024-03-25,Não Convertido,,0.0,Conservador,Hong Kong
87319,WhatsApp,2024-03-29,Não Convertido,,0.0,Desconhecido,Heard Island and McDonald Islands
87320,Orgânico,2024-03-27,Não Convertido,,0.0,Desconhecido,Somalia
87321,E-mail Marketing,2024-03-28,Não Convertido,,0.0,Conservador,Maldives
87322,YouTube Ads,2024-03-26,Não Convertido,,0.0,Agressivo,Zambia
87323,E-mail Marketing,2024-03-28,Não Convertido,,0.0,Conservador,American Samoa
87324,Indicação,2024-03-28,Não Convertido,,0.0,Moderado,United Arab Emirates
87325,Instagram,2024-03-25,Não Convertido,,0.0,Moderado,American Samoa
87326,Instagram,2024-03-30,Não Convertido,,0.0,Agressivo,Cocos (Keeling) Islands
87327,Orgânico,2024-03-29,Não Convertido,,0.0,Moderado,Northern Mariana Islands
87328,YouTube Ads,2024-03-28,Não Convertido,,0.0,Moderado,Tunisia
87329,Instagram,2024-03-27,Não Convertido,,0.0,Moderado,Seychelles
87330,Facebook,2024-03-25,Não Convertido,,0.0,Moderado,Greenland
87331,Google Ads,2024-03-29,Não Convertido,,0.0,Desconhecido,Japan
87332,Orgânico,2024-03-30,Convertido,8.0,3310.31,Agressivo,Azerbaijan
87333,Indicação,2024-03-26,Não Convertido,,0.0,Moderado,Estonia
87334,YouTube Ads,2024-03-26,Não Convertido,,0.0,Agressivo,Palau
87335,WhatsApp,2024-03-28,Não Convertido,,0.0,Agressivo,Turkey
87336,Orgânico,2024-03-25,Não Convertido,,0.0,Conservador,Albania
87337,Facebook,2024-03-30,Não Convertido,,0.0,Agressivo,Haiti
87338,Indicação,2024-03-29,Não Convertido,,0.0,Moderado,Lesotho
87339,WhatsApp,2024-03-26,Não Convertido,,0.0,Conservador,Cape Verde
87340,Facebook,2024-03-30,Não Convertido,,0.0,Conservador,French Southern Territories
87341,TikTok,2024-03-28,Não Convertido,,0.0,Agressivo,Cambodia
87342,TikTok,2024-03-26,Não Convertido,,0.0,Moderado,Turkmenistan
87343,Google Ads,2024-03-29,Não Convertido,,0.0,Moderado,Argentina
87344,Orgânico,2024-03-28,Não Convertido,,0.0,Moderado,Mexico
87345,TikTok,2024-03-27,Não Convertido,,0.0,Desconhecido,Oman
87346,TikTok,2024-03-26,Não Convertido,,0.0,Moderado,Bhutan
87347,E-mail Marketing,2024-03-30,Não Convertido,,0.0,Desconhecido,Rwanda
87348,WhatsApp,2024-03-26,Não Convertido,,0.0,Agressivo,Switzerland
87349,TikTok,2024-03-28,Não Convertido,,0.0,Conservador,Faroe Islands
87350,TikTok,2024-03-30,Não Convertido,,0.0,Moderado,Saint Martin
87351,Instagram,2024-03-28,Convertido,16.0,9037.77,Conservador,Guyana
87352,TikTok,2024-03-28,Não Convertido,,0.0,Agressivo,Saint Martin
87353,E-mail Marketing,2024-03-28,Não Convertido,,0.0,Conservador,Japan
87354,E-mail Marketing,2024-03-27,Não Convertido,,0.0,Conservador,Svalbard & Jan Mayen Islands
87355,E-mail Marketing,2024-03-28,Não Convertido,,0.0,Agressivo,Niger
87356,Orgânico,2024-03-27,Não Convertido,,0.0,Conservador,Kazakhstan
87357,Google Ads,2024-03-29,Não Convertido,,0.0,Moderado,Grenada
87358,YouTube Ads,2024-03-26,Não Convertido,,0.0,Agressivo,Honduras
87359,TikTok,2024-03-26,Não Convertido,,0.0,Agressivo,Somalia
87360,Orgânico,2024-03-26,Não Convertido,,0.0,Conservador,Zambia
87361,YouTube Ads,2024-03-26,Não Convertido,,0.0,Desconhecido,Lesotho
87362,TikTok,2024-03-25,Não Convertido,,0.0,Moderado,Portugal
87363,TikTok,2024-03-26,Não Convertido,,0.0,Moderado,Algeria
87364,Indicação,2024-03-28,Não Convertido,,0.0,Moderado,British Virgin Islands
87365,TikTok,2024-03-28,Não Convertido,,0.0,Moderado,Hong Kong
87366,E-mail Marketing,2024-03-27,Não Convertido,,0.0,Moderado,Madagascar
87367,YouTube Ads,2024-03-26,Não Convertido,,0.0,Conservador,Saint Pierre and Miquelon
87368,WhatsApp,2024-03-26,Não Convertido,,0.0,Moderado,Barbados
87369,E-mail Marketing,2024-03-25,Não Convertido,,0.0,Moderado,Guam
87370,Facebook,2024-03-29,Não Convertido,,0.0,Conservador,Mozambique
87371,Instagram,2024-03-30,Não Convertido,,0.0,Conservador,Uganda
87372,Orgânico,2024-03-27,Não Convertido,,0.0,Agressivo,Tuvalu
87373,WhatsApp,2024-03-25,Não Convertido,,0.0,Agressivo,Tokelau
87374,Orgânico,2024-03-30,Não Convertido,,0.0,Conservador,Barbados
87375,Facebook,2024-03-28,Não Convertido,,0.0,Moderado,Turkmenistan
87376,Facebook,2024-03-28,Não Convertido,,0.0,Agressivo,China
87377,Facebook,2024-03-29,Não Convertido,,0.0,Agressivo,Belgium
87378,Facebook,2024-03-25,Não Convertido,,0.0,Agressivo,Tunisia
87379,Facebook,2024-03-30,Não Convertido,,0.0,Agressivo,Liberia
87380,TikTok,2024-03-30,Não Convertido,,0.0,Moderado,Hong Kong
87381,WhatsApp,2024-03-28,Não Convertido,,0.0,Desconhecido,Sao Tome and Principe
87382,WhatsApp,2024-03-29,Não Convertido,,0.0,Desconhecido,Colombia
87383,Instagram,2024-03-30,Não Convertido,,0.0,Agressivo,Saint Vincent and the Grenadines
87384,Google Ads,2024-03-30,Convertido,6.0,1364.77,Moderado,Christmas Island
87385,E-mail Marketing,2024-03-27,Não Convertido,,0.0,Desconhecido,United Kingdom
87386,Indicação,2024-03-28,Não Convertido,,0.0,Conservador,Cook Islands
87387,Facebook,2024-03-30,Não Convertido,,0.0,Moderado,Moldova
87388,Orgânico,2024-03-25,Não Convertido,,0.0,Conservador,Palau
87389,Facebook,2024-03-30,Não Convertido,,0.0,Agressivo,Botswana
87390,Indicação,2024-03-25,Não Convertido,,0.0,Agressivo,Singapore
87391,Google Ads,2024-03-26,Não Convertido,,0.0,Moderado,Ireland
87392,YouTube Ads,2024-03-30,Não Convertido,,0.0,Conservador,Gabon
87393,TikTok,2024-03-25,Não Convertido,,0.0,Moderado,India
87394,Orgânico,2024-03-29,Não Convertido,,0.0,Conservador,Colombia
87395,E-mail Marketing,2024-03-26,Não Convertido,,0.0,Desconhecido,Tanzania
87396,YouTube Ads,2024-03-28,Não Convertido,,0.0,Moderado,Zambia
87397,Indicação,2024-03-27,Não Convertido,,0.0,Conservador,Croatia
87398,Indicação,2024-03-27,Não Convertido,,0.0,Moderado,El Salvador
87399,Facebook,2024-03-26,Não Convertido,,0.0,Desconhecido,Israel
87400,YouTube Ads,2024-03-28,Não Convertido,,0.0,Desconhecido,Bahrain
87401,TikTok,2024-03-27,Não Convertido,,0.0,Agressivo,Lao People's Democratic Republic
87402,Instagram,2024-03-26,Não Convertido,,0.0,Moderado,Cote d'Ivoire
87403,YouTube Ads,2024-03-25,Não Convertido,,0.0,Moderado,Iran
87404,YouTube Ads,2024-03-28,Não Convertido,,0.0,Conservador,Cambodia
87405,Orgânico,2024-03-28,Não Convertido,,0.0,Agressivo,Austria
87406,Orgânico,2024-03-30,Não Convertido,,0.0,Moderado,Taiwan
87407,Instagram,2024-03-25,Não Convertido,,0.0,Moderado,Nicaragua
87408,Orgânico,2024-03-26,Não Convertido,,0.0,Moderado,Jordan
87409,Orgânico,2024-03-27,Não Convertido,,0.0,Conservador,China
87410,Google Ads,2024-03-28,Não Convertido,,0.0,Agressivo,Comoros
87411,TikTok,2024-03-30,Não Convertido,,0.0,Agressivo,Reunion
87412,Google Ads,2024-03-28,Não Convertido,,0.0,Agressivo,Tonga
87413,Google Ads,2024-03-25,Convertido,3.0,1149.24,Moderado,French Southern Territories
87414,Indicação,2024-03-28,Não Convertido,,0.0,Agressivo,Germany
87415,Orgânico,2024-03-29,Não Convertido,,0.0,Agressivo,New Zealand
87416,YouTube Ads,2024-03-30,Não Convertido,,0.0,Moderado,Ukraine
87417,YouTube Ads,2024-03-26,Não Convertido,,0.0,Moderado,New Zealand
87418,YouTube Ads,2024-03-25,Não Convertido,,0.0,Conservador,Sri Lanka
87419,TikTok,2024-03-27,Não Convertido,,0.0,Desconhecido,Netherlands Antilles
87420,Instagram,2024-03-29,Não Convertido,,0.0,Moderado,Guyana
87421,WhatsApp,2024-03-30,Não Convertido,,0.0,Agressivo,Nigeria
87422,Orgânico,2024-03-26,Não Convertido,,0.0,Agressivo,French Southern Territories
87423,WhatsApp,2024-03-27,Não Convertido,,0.0,Moderado,Hungary
87424,E-mail Marketing,2024-03-30,Não Convertido,,0.0,Conservador,Dominica
87425,E-mail Marketing,2024-03-30,Não Convertido,,0.0,Moderado,Guam
87426,Google Ads,2024-03-28,Não Convertido,,0.0,Agressivo,Chad
87427,Instagram,2024-03-26,Não Convertido,,0.0,Moderado,Saint Vincent and the Grenadines
87428,Google Ads,2024-03-30,Não Convertido,,0.0,Moderado,Sudan
87429,TikTok,2024-03-29,Não Convertido,,0.0,Moderado,Ethiopia
87430,Facebook,2024-03-26,Não Convertido,,0.0,Agressivo,Bermuda
87431,E-mail Marketing,2024-03-28,Não Convertido,,0.0,Moderado,Korea
87432,Instagram,2024-03-27,Não Convertido,,0.0,Desconhecido,Sudan
87433,TikTok,2024-03-28,Não Convertido,,0.0,Conservador,Suriname
87434,Google Ads,2024-03-28,Convertido,13.0,6251.74,Agressivo,Mexico
87435,Instagram,2024-03-28,Convertido,9.0,5575.88,Agressivo,Sudan
87436,Instagram,2024-03-29,Não Convertido,,0.0,Moderado,Kuwait
87437,WhatsApp,2024-03-30,Não Convertido,,0.0,Agressivo,Saint Kitts and Nevis
87438,TikTok,2024-03-26,Não Convertido,,0.0,Moderado,Andorra
87439,Orgânico,2024-03-25,Não Convertido,,0.0,Moderado,Belgium
87440,Orgânico,2024-03-29,Convertido,3.0,6078.96,Agressivo,Martinique
87441,Instagram,2024-03-28,Não Convertido,,0.0,Moderado,Liberia
87442,Google Ads,2024-03-29,Convertido,24.0,5630.61,Moderado,Niger
87443,Orgânico,2024-03-27,Não Convertido,,0.0,Moderado,Japan
87444,Facebook,2024-03-25,Não Convertido,,0.0,Moderado,Greenland
87445,Orgânico,2024-03-27,Não Convertido,,0.0,Moderado,Guadeloupe
87446,Orgânico,2024-03-30,Não Convertido,,0.0,Moderado,Andorra
87447,Google Ads,2024-03-27,Não Convertido,,0.0,Conservador,Maldives
87448,Indicação,2024-03-26,Não Convertido,,0.0,Moderado,Djibouti
87449,Orgânico,2024-03-27,Não Convertido,,0.0,Moderado,Swaziland
87450,Instagram,2024-03-25,Não Convertido,,0.0,Moderado,New Caledonia
87451,Instagram,2024-03-26,Não Convertido,,0.0,Conservador,Wallis and Futuna
87452,Instagram,2024-03-26,Não Convertido,,0.0,Moderado,Mozambique
87453,E-mail Marketing,2024-03-29,Não Convertido,,0.0,Moderado,Guyana
87454,E-mail Marketing,2024-03-27,Não Convertido,,0.0,Conservador,Cambodia
87455,Instagram,2024-03-25,Não Convertido,,0.0,Moderado,Palau
87456,Instagram,2024-03-26,Não Convertido,,0.0,Conservador,Venezuela
87457,TikTok,2024-03-25,Não Convertido,,0.0,Conservador,Burundi
87458,YouTube Ads,2024-03-26,Não Convertido,,0.0,Agressivo,Eritrea
87459,WhatsApp,2024-03-26,Não Convertido,,0.0,Moderado,Haiti
87460,Indicação,2024-03-25,Não Convertido,,0.0,Moderado,Iraq
87461,Orgânico,2024-03-30,Não Convertido,,0.0,Moderado,Palestinian Territory
87462,Indicação,2024-03-29,Não Convertido,,0.0,Agressivo,Portugal
87463,Orgânico,2024-03-27,Não Convertido,,0.0,Moderado,Georgia
87464,Orgânico,2024-03-26,Não Convertido,,0.0,Desconhecido,Malawi
87465,Google Ads,2024-03-30,Não Convertido,,0.0,Agressivo,Thailand
87466,Orgânico,2024-03-25,Não Convertido,,0.0,Agressivo,Taiwan
87467,TikTok,2024-03-26,Não Convertido,,0.0,Moderado,Palau
87468,Google Ads,2024-03-26,Não Convertido,,0.0,Moderado,Bouvet Island (Bouvetoya)
87469,TikTok,2024-03-26,Não Convertido,,0.0,Desconhecido,Azerbaijan
87470,Google Ads,2024-03-26,Não Convertido,,0.0,Agressivo,Saint Kitts and Nevis
87471,TikTok,2024-03-29,Não Convertido,,0.0,Conservador,Jordan
87472,YouTube Ads,2024-03-30,Não Convertido,,0.0,Moderado,Tonga
87473,Google Ads,2024-03-25,Não Convertido,,0.0,Moderado,Korea
87474,E-mail Marketing,2024-03-27,Não Convertido,,0.0,Moderado,Nicaragua
87475,Instagram,2024-03-30,Não Convertido,,0.0,Desconhecido,Togo
87476,Instagram,2024-03-25,Não Convertido,,0.0,Agressivo,Iraq
87477,E-mail Marketing,2024-03-28,Não Convertido,,0.0,Agressivo,Kiribati
87478,YouTube Ads,2024-03-30,Não Convertido,,0.0,Moderado,Cocos (Keeling) Islands
87479,WhatsApp,2024-03-30,Não Convertido,,0.0,Agressivo,United Arab Emirates
87480,TikTok,2024-03-26,Não Convertido,,0.0,Conservador,Poland
87481,E-mail Marketing,2024-03-30,Não Convertido,,0.0,Agressivo,Sierra Leone
87482,YouTube Ads,2024-03-29,Não Convertido,,0.0,Moderado,Malta
87483,TikTok,2024-03-28,Não Convertido,,0.0,Conservador,Finland
87484,Orgânico,2024-03-29,Convertido,28.0,5751.02,Moderado,Russian Federation
87485,Orgânico,2024-03-29,Não Convertido,,0.0,Conservador,Peru
87486,Orgânico,2024-03-26,Não Convertido,,0.0,Conservador,Jordan
87487,Google Ads,2024-03-30,Não Convertido,,0.0,Moderado,Mali
87488,Indicação,2024-03-26,Não Convertido,,0.0,Agressivo,Estonia
87489,Orgânico,2024-03-29,Não Convertido,,0.0,Conservador,New Zealand
87490,Indicação,2024-03-27,Não Convertido,,0.0,Desconhecido,Kyrgyz Republic
87491,Instagram,2024-03-29,Não Convertido,,0.0,Desconhecido,Comoros
87492,Indicação,2024-03-25,Não Convertido,,0.0,Moderado,Slovakia (Slovak Republic)
87493,Orgânico,2024-03-27,Não Convertido,,0.0,Moderado,Luxembourg
87494,TikTok,2024-03-26,Não Convertido,,0.0,Moderado,Qatar
87495,E-mail Marketing,2024-03-26,Não Convertido,,0.0,Moderado,Anguilla
87496,Facebook,2024-03-27,Convertido,16.0,8467.72,Conservador,Cote d'Ivoire
87497,E-mail Marketing,2024-03-25,Não Convertido,,0.0,Moderado,Jordan
87498,Orgânico,2024-03-27,Não Convertido,,0.0,Moderado,French Guiana
87499,TikTok,2024-03-25,Não Convertido,,0.0,Moderado,Kenya
87500,Instagram,2024-03-26,Não Convertido,,0.0,Moderado,Morocco
87501,Instagram,2024-03-27,Não Convertido,,0.0,Agressivo,Holy See (Vatican City State)
87502,Orgânico,2024-03-28,Não Convertido,,0.0,Moderado,Jersey
87503,TikTok,2024-03-28,Não Convertido,,0.0,Agressivo,Iraq
87504,Google Ads,2024-03-25,Não Convertido,,0.0,Conservador,Albania
87505,Orgânico,2024-03-28,Não Convertido,,0.0,Agressivo,Fiji
87506,E-mail Marketing,2024-03-30,Não Convertido,,0.0,Agressivo,Latvia
87507,TikTok,2024-03-28,Não Convertido,,0.0,Agressivo,Senegal
87508,Instagram,2024-03-26,Não Convertido,,0.0,Moderado,Saint Kitts and Nevis
87509,E-mail Marketing,2024-03-28,Não Convertido,,0.0,Conservador,Palau
87510,WhatsApp,2024-03-25,Não Convertido,,0.0,Moderado,Panama
87511,Orgânico,2024-03-29,Não Convertido,,0.0,Conservador,North Macedonia
87512,TikTok,2024-03-26,Não Convertido,,0.0,Agressivo,India
87513,Orgânico,2024-03-30,Não Convertido,,0.0,Moderado,Botswana
87514,Facebook,2024-03-29,Não Convertido,,0.0,Conservador,Jersey
87515,Orgânico,2024-03-28,Não Convertido,,0.0,Desconhecido,Turks and Caicos Islands
87516,TikTok,2024-03-28,Não Convertido,,0.0,Conservador,Netherlands Antilles
87517,TikTok,2024-03-26,Não Convertido,,0.0,Moderado,Germany
87518,YouTube Ads,2024-03-28,Não Convertido,,0.0,Agressivo,Malta
87519,Orgânico,2024-03-29,Não Convertido,,0.0,Conservador,Guadeloupe
87520,Google Ads,2024-03-25,Não Convertido,,0.0,Conservador,Namibia
87521,Orgânico,2024-03-27,Não Convertido,,0.0,Conservador,Palau
87522,Google Ads,2024-03-25,Não Convertido,,0.0,Conservador,Oman
87523,YouTube Ads,2024-03-25,Não Convertido,,0.0,Moderado,United States Minor Outlying Islands
87524,Facebook,2024-03-25,Convertido,16.0,5136.54,Moderado,Luxembourg
87525,Facebook,2024-03-30,Não Convertido,,0.0,Moderado,Saint Lucia
87526,YouTube Ads,2024-03-25,Não Convertido,,0.0,Moderado,Hong Kong
87527,YouTube Ads,2024-03-30,Não Convertido,,0.0,Moderado,Antarctica (the territory South of 60 deg S)
87528,E-mail Marketing,2024-03-27,Não Convertido,,0.0,Desconhecido,Bermuda
87529,E-mail Marketing,2024-03-27,Não Convertido,,0.0,Desconhecido,El Salvador
87530,Orgânico,2024-03-26,Não Convertido,,0.0,Agressivo,Heard Island and McDonald Islands
87531,TikTok,2024-03-25,Não Convertido,,0.0,Desconhecido,Sierra Leone
87532,Facebook,2024-03-25,Não Convertido,,0.0,Conservador,Lesotho
87533,E-mail Marketing,2024-03-26,Não Convertido,,0.0,Moderado,Ghana
87534,WhatsApp,2024-03-26,Não Convertido,,0.0,Agressivo,Libyan Arab Jamahiriya
87535,WhatsApp,2024-03-30,Não Convertido,,0.0,Moderado,Slovenia
87536,Facebook,2024-03-30,Não Convertido,,0.0,Desconhecido,Slovakia (Slovak Republic)
87537,Facebook,2024-03-27,Não Convertido,,0.0,Conservador,Bouvet Island (Bouvetoya)
87538,Instagram,2024-03-30,Não Convertido,,0.0,Agressivo,Zambia
87539,Google Ads,2024-03-26,Não Convertido,,0.0,Agressivo,Australia
87540,TikTok,2024-03-26,Não Convertido,,0.0,Conservador,Swaziland
87541,Orgânico,2024-03-28,Não Convertido,,0.0,Conservador,Trinidad and Tobago
87542,E-mail Marketing,2024-03-28,Não Convertido,,0.0,Moderado,Saint Pierre and Miquelon
87543,Indicação,2024-03-26,Não Convertido,,0.0,Agressivo,Lesotho
87544,E-mail Marketing,2024-03-25,Não Convertido,,0.0,Moderado,United Kingdom
87545,Orgânico,2024-03-27,Não Convertido,,0.0,Agressivo,Costa Rica
87546,Indicação,2024-03-28,Não Convertido,,0.0,Moderado,Seychelles
87547,TikTok,2024-03-29,Não Convertido,,0.0,Conservador,Romania
87548,YouTube Ads,2024-03-27,Não Convertido,,0.0,Moderado,Guatemala
87549,TikTok,2024-03-30,Não Convertido,,0.0,Moderado,Saint Martin
87550,Orgânico,2024-03-29,Não Convertido,,0.0,Conservador,Tanzania
87551,WhatsApp,2024-03-26,Não Convertido,,0.0,Moderado,Isle of Man
87552,Orgânico,2024-03-29,Não Convertido,,0.0,Moderado,Haiti
87553,Instagram,2024-03-29,Não Convertido,,0.0,Desconhecido,Mali
87554,TikTok,2024-03-26,Não Convertido,,0.0,Conservador,Saint Helena
87555,E-mail Marketing,2024-03-28,Não Convertido,,0.0,Moderado,Argentina
87556,Google Ads,2024-03-29,Não Convertido,,0.0,Desconhecido,Kazakhstan
87557,YouTube Ads,2024-03-29,Não Convertido,,0.0,Conservador,Sao Tome and Principe
87558,TikTok,2024-03-28,Não Convertido,,0.0,Moderado,Barbados
87559,Orgânico,2024-03-26,Não Convertido,,0.0,Moderado,Svalbard & Jan Mayen Islands
87560,Orgânico,2024-03-25,Não Convertido,,0.0,Moderado,French Southern Territories
87561,Instagram,2024-03-26,Não Convertido,,0.0,Moderado,Cook Islands
87562,TikTok,2024-03-27,Não Convertido,,0.0,Conservador,Senegal
87563,TikTok,2024-03-29,Não Convertido,,0.0,Moderado,Western Sahara
87564,TikTok,2024-03-29,Não Convertido,,0.0,Agressivo,Trinidad and Tobago
87565,Orgânico,2024-03-27,Não Convertido,,0.0,Moderado,Ghana
87566,TikTok,2024-03-29,Não Convertido,,0.0,Moderado,Cyprus
87567,TikTok,2024-03-26,Não Convertido,,0.0,Agressivo,Bouvet Island (Bouvetoya)
87568,Orgânico,2024-03-30,Não Convertido,,0.0,Conservador,New Caledonia
87569,Facebook,2024-03-29,Não Convertido,,0.0,Moderado,Nepal
87570,Orgânico,2024-03-29,Não Convertido,,0.0,Conservador,British Virgin Islands
87571,WhatsApp,2024-03-27,Convertido,20.0,2146.34,Agressivo,Argentina
87572,WhatsApp,2024-03-26,Não Convertido,,0.0,Conservador,Central African Republic
87573,Facebook,2024-03-28,Convertido,9.0,9519.43,Agressivo,Portugal
87574,WhatsApp,2024-03-28,Não Convertido,,0.0,Agressivo,Madagascar
87575,WhatsApp,2024-03-25,Não Convertido,,0.0,Conservador,Niue
87576,Instagram,2024-03-25,Não Convertido,,0.0,Moderado,Pakistan
87577,YouTube Ads,2024-03-25,Não Convertido,,0.0,Conservador,Lao People's Democratic Republic
87578,Instagram,2024-03-30,Não Convertido,,0.0,Desconhecido,Cocos (Keeling) Islands
87579,E-mail Marketing,2024-03-28,Não Convertido,,0.0,Moderado,Reunion
87580,TikTok,2024-03-28,Não Convertido,,0.0,Conservador,Canada
87581,TikTok,2024-03-29,Não Convertido,,0.0,Agressivo,Trinidad and Tobago
87582,E-mail Marketing,2024-03-29,Não Convertido,,0.0,Conservador,Romania
87583,Orgânico,2024-03-30,Não Convertido,,0.0,Moderado,Andorra
87584,TikTok,2024-03-30,Não Convertido,,0.0,Desconhecido,Lesotho
87585,Facebook,2024-03-29,Não Convertido,,0.0,Desconhecido,Uruguay
87586,Facebook,2024-03-25,Não Convertido,,0.0,Agressivo,Angola
87587,Google Ads,2024-03-25,Não Convertido,,0.0,Agressivo,Iran
87588,E-mail Marketing,2024-03-25,Não Convertido,,0.0,Moderado,Aruba
87589,E-mail Marketing,2024-03-28,Convertido,29.0,480.49,Agressivo,Wallis and Futuna
87590,E-mail Marketing,2024-03-28,Não Convertido,,0.0,Conservador,Tajikistan
87591,Orgânico,2024-03-25,Não Convertido,,0.0,Desconhecido,Martinique
87592,TikTok,2024-03-25,Convertido,11.0,2370.14,Moderado,British Indian Ocean Territory (Chagos Archipelago)
87593,Instagram,2024-03-30,Não Convertido,,0.0,Moderado,Cape Verde
87594,Instagram,2024-03-27,Não Convertido,,0.0,Conservador,France
87595,Facebook,2024-03-25,Convertido,21.0,7976.57,Moderado,Cocos (Keeling) Islands
87596,YouTube Ads,2024-03-30,Não Convertido,,0.0,Conservador,Bermuda
87597,YouTube Ads,2024-03-27,Não Convertido,,0.0,Moderado,Saint Vincent and the Grenadines
87598,TikTok,2024-03-30,Não Convertido,,0.0,Moderado,Hong Kong
87599,E-mail Marketing,2024-03-27,Não Convertido,,0.0,Moderado,Mexico
87600,E-mail Marketing,2024-03-29,Não Convertido,,0.0,Conservador,Germany
87601,Orgânico,2024-03-30,Não Convertido,,0.0,Moderado,Japan
87602,Google Ads,2024-03-26,Não Convertido,,0.0,Agressivo,Costa Rica
87603,YouTube Ads,2024-03-30,Não Convertido,,0.0,Moderado,Wallis and Futuna
87604,TikTok,2024-03-29,Não Convertido,,0.0,Moderado,Taiwan
87605,Instagram,2024-03-25,Não Convertido,,0.0,Agressivo,Cyprus
87606,Google Ads,2024-03-27,Não Convertido,,0.0,Moderado,Belgium
87607,TikTok,2024-03-30,Não Convertido,,0.0,Conservador,Cambodia
87608,Google Ads,2024-03-30,Não Convertido,,0.0,Desconhecido,Cambodia
87609,Instagram,2024-03-28,Não Convertido,,0.0,Moderado,Libyan Arab Jamahiriya
87610,TikTok,2024-03-29,Não Convertido,,0.0,Conservador,Nauru
87611,Orgânico,2024-03-30,Não Convertido,,0.0,Desconhecido,Comoros
87612,TikTok,2024-03-30,Não Convertido,,0.0,Conservador,Dominica
87613,E-mail Marketing,2024-03-25,Não Convertido,,0.0,Moderado,Senegal
87614,Instagram,2024-03-28,Não Convertido,,0.0,Conservador,British Indian Ocean Territory (Chagos Archipelago)
87615,TikTok,2024-03-30,Não Convertido,,0.0,Desconhecido,Yemen
87616,Google Ads,2024-03-30,Não Convertido,,0.0,Moderado,New Caledonia
87617,Orgânico,2024-03-30,Não Convertido,,0.0,Moderado,Colombia
87618,Google Ads,2024-03-25,Não Convertido,,0.0,Agressivo,Indonesia
87619,TikTok,2024-03-28,Não Convertido,,0.0,Agressivo,Somalia
87620,Google Ads,2024-03-29,Convertido,3.0,2381.65,Agressivo,Georgia
87621,E-mail Marketing,2024-03-29,Não Convertido,,0.0,Agressivo,Yemen
87622,Instagram,2024-03-28,Não Convertido,,0.0,Moderado,Kuwait
87623,WhatsApp,2024-03-27,Não Convertido,,0.0,Moderado,Cyprus
87624,E-mail Marketing,2024-03-29,Não Convertido,,0.0,Agressivo,Norfolk Island
87625,TikTok,2024-03-26,Não Convertido,,0.0,Moderado,Lao People's Democratic Republic
87626,Instagram,2024-03-29,Não Convertido,,0.0,Desconhecido,Solomon Islands
87627,TikTok,2024-03-25,Não Convertido,,0.0,Moderado,Germany
87628,Facebook,2024-03-30,Não Convertido,,0.0,Moderado,Jordan
87629,Google Ads,2024-03-26,Não Convertido,,0.0,Agressivo,Egypt
87630,TikTok,2024-03-26,Convertido,26.0,8583.32,Agressivo,Guinea
87631,TikTok,2024-03-25,Não Convertido,,0.0,Moderado,New Caledonia
87632,Orgânico,2024-03-26,Não Convertido,,0.0,Agressivo,Andorra
87633,Facebook,2024-03-27,Não Convertido,,0.0,Conservador,Kyrgyz Republic
87634,E-mail Marketing,2024-03-26,Não Convertido,,0.0,Agressivo,Algeria
87635,WhatsApp,2024-03-26,Não Convertido,,0.0,Moderado,Swaziland
87636,Instagram,2024-03-28,Convertido,21.0,5589.76,Conservador,Seychelles
87637,Orgânico,2024-03-30,Não Convertido,,0.0,Moderado,Lesotho
87638,Orgânico,2024-03-30,Não Convertido,,0.0,Agressivo,Saint Vincent and the Grenadines
87639,WhatsApp,2024-03-26,Convertido,10.0,4399.93,Agressivo,Hong Kong
87640,Orgânico,2024-03-27,Não Convertido,,0.0,Conservador,Gabon
87641,Orgânico,2024-03-27,Não Convertido,,0.0,Desconhecido,Gibraltar
87642,Orgânico,2024-03-25,Não Convertido,,0.0,Moderado,Morocco
87643,Google Ads,2024-03-25,Não Convertido,,0.0,Moderado,Trinidad and Tobago
87644,TikTok,2024-03-29,Não Convertido,,0.0,Moderado,Malaysia
87645,YouTube Ads,2024-03-28,Não Convertido,,0.0,Moderado,Lebanon
87646,Instagram,2024-03-28,Não Convertido,,0.0,Moderado,Comoros
87647,Orgânico,2024-03-27,Não Convertido,,0.0,Moderado,Ukraine
87648,Google Ads,2024-03-27,Não Convertido,,0.0,Moderado,Moldova
87649,Indicação,2024-03-25,Não Convertido,,0.0,Moderado,Taiwan
87650,Orgânico,2024-03-30,Não Convertido,,0.0,Conservador,Barbados
87651,Orgânico,2024-03-28,Não Convertido,,0.0,Conservador,Belarus
87652,Orgânico,2024-03-29,Não Convertido,,0.0,Moderado,Antarctica (the territory South of 60 deg S)
87653,E-mail Marketing,2024-03-28,Não Convertido,,0.0,Moderado,Macao
87654,Facebook,2024-03-25,Não Convertido,,0.0,Agressivo,Seychelles
87655,Google Ads,2024-03-28,Não Convertido,,0.0,Desconhecido,Bulgaria
87656,Facebook,2024-03-30,Convertido,8.0,6951.6,Conservador,Solomon Islands
87657,Orgânico,2024-03-25,Não Convertido,,0.0,Conservador,Morocco
87658,Facebook,2024-03-25,Não Convertido,,0.0,Conservador,Nicaragua
87659,Orgânico,2024-03-27,Não Convertido,,0.0,Moderado,American Samoa
87660,Google Ads,2024-03-26,Não Convertido,,0.0,Desconhecido,Congo
87661,WhatsApp,2024-03-27,Não Convertido,,0.0,Moderado,Afghanistan
87662,Instagram,2024-03-26,Não Convertido,,0.0,Desconhecido,New Caledonia
87663,Facebook,2024-03-28,Não Convertido,,0.0,Agressivo,British Virgin Islands
87664,Indicação,2024-03-30,Não Convertido,,0.0,Conservador,Saint Lucia
87665,Orgânico,2024-03-25,Não Convertido,,0.0,Moderado,Netherlands
87666,YouTube Ads,2024-03-26,Não Convertido,,0.0,Agressivo,Belarus
87667,YouTube Ads,2024-03-26,Não Convertido,,0.0,Agressivo,Bouvet Island (Bouvetoya)
87668,Instagram,2024-03-27,Não Convertido,,0.0,Desconhecido,Jamaica
87669,Google Ads,2024-03-25,Não Convertido,,0.0,Desconhecido,Ukraine
87670,Google Ads,2024-03-25,Não Convertido,,0.0,Conservador,Turkey
87671,Instagram,2024-03-30,Não Convertido,,0.0,Agressivo,Saint Kitts and Nevis
87672,Orgânico,2024-03-26,Não Convertido,,0.0,Agressivo,Pakistan
87673,WhatsApp,2024-03-25,Não Convertido,,0.0,Moderado,Bosnia and Herzegovina
87674,Facebook,2024-03-27,Convertido,23.0,3348.16,Agressivo,Peru
87675,YouTube Ads,2024-03-25,Não Convertido,,0.0,Desconhecido,Pakistan
87676,Orgânico,2024-03-25,Não Convertido,,0.0,Moderado,Congo
87677,Indicação,2024-03-29,Não Convertido,,0.0,Agressivo,Mali
87678,Indicação,2024-03-29,Não Convertido,,0.0,Moderado,Mauritania
87679,Facebook,2024-03-29,Não Convertido,,0.0,Moderado,Lebanon
87680,YouTube Ads,2024-03-27,Não Convertido,,0.0,Moderado,Japan
87681,Indicação,2024-03-27,Não Convertido,,0.0,Moderado,Isle of Man
87682,Orgânico,2024-03-27,Não Convertido,,0.0,Moderado,Ghana
87683,Instagram,2024-03-29,Não Convertido,,0.0,Conservador,Angola
87684,Indicação,2024-03-28,Não Convertido,,0.0,Agressivo,Palestinian Territory
87685,E-mail Marketing,2024-03-30,Não Convertido,,0.0,Conservador,Uzbekistan
87686,Facebook,2024-03-29,Não Convertido,,0.0,Conservador,Lesotho
87687,Facebook,2024-03-28,Não Convertido,,0.0,Moderado,Belgium
87688,Instagram,2024-03-27,Não Convertido,,0.0,Conservador,Argentina
87689,Instagram,2024-03-27,Não Convertido,,0.0,Conservador,Malaysia
87690,Instagram,2024-03-27,Não Convertido,,0.0,Agressivo,San Marino
87691,TikTok,2024-03-30,Não Convertido,,0.0,Desconhecido,Vietnam
87692,YouTube Ads,2024-03-30,Não Convertido,,0.0,Conservador,Romania
87693,YouTube Ads,2024-03-27,Não Convertido,,0.0,Conservador,United States Minor Outlying Islands
87694,E-mail Marketing,2024-03-26,Não Convertido,,0.0,Conservador,Puerto Rico
87695,Orgânico,2024-03-30,Não Convertido,,0.0,Moderado,Svalbard & Jan Mayen Islands
87696,Orgânico,2024-03-28,Não Convertido,,0.0,Moderado,Thailand
87697,Orgânico,2024-03-25,Não Convertido,,0.0,Conservador,South Georgia and the South Sandwich Islands
87698,Orgânico,2024-03-27,Não Convertido,,0.0,Agressivo,Faroe Islands
87699,Orgânico,2024-03-29,Não Convertido,,0.0,Agressivo,Oman
87700,Indicação,2024-03-27,Não Convertido,,0.0,Conservador,Uruguay
87701,WhatsApp,2024-03-28,Não Convertido,,0.0,Moderado,South Africa
87702,YouTube Ads,2024-03-30,Não Convertido,,0.0,Desconhecido,Netherlands Antilles
87703,TikTok,2024-03-30,Não Convertido,,0.0,Moderado,Angola
87704,Facebook,2024-03-26,Não Convertido,,0.0,Agressivo,Ecuador
87705,TikTok,2024-03-25,Não Convertido,,0.0,Desconhecido,Haiti
87706,Orgânico,2024-03-30,Não Convertido,,0.0,Moderado,France
87707,YouTube Ads,2024-03-27,Não Convertido,,0.0,Agressivo,Malawi
87708,Instagram,2024-03-25,Não Convertido,,0.0,Moderado,Jordan
87709,Instagram,2024-03-25,Não Convertido,,0.0,Moderado,Malta
87710,Instagram,2024-03-26,Não Convertido,,0.0,Moderado,Burkina Faso
87711,Orgânico,2024-03-28,Não Convertido,,0.0,Desconhecido,Tokelau
87712,E-mail Marketing,2024-03-25,Convertido,4.0,6425.28,Agressivo,Jersey
87713,Instagram,2024-03-25,Não Convertido,,0.0,Moderado,Sierra Leone
87714,Google Ads,2024-03-26,Não Convertido,,0.0,Agressivo,Sri Lanka
87715,TikTok,2024-03-27,Não Convertido,,0.0,Moderado,Gibraltar
87716,TikTok,2024-03-25,Não Convertido,,0.0,Agressivo,Cyprus
87717,Orgânico,2024-03-27,Não Convertido,,0.0,Agressivo,New Zealand
87718,YouTube Ads,2024-03-28,Não Convertido,,0.0,Agressivo,Brazil
87719,TikTok,2024-03-29,Não Convertido,,0.0,Moderado,New Caledonia
87720,Google Ads,2024-03-28,Não Convertido,,0.0,Moderado,Netherlands Antilles
87721,Orgânico,2024-03-29,Não Convertido,,0.0,Moderado,Argentina
87722,Google Ads,2024-03-28,Não Convertido,,0.0,Conservador,Tonga
87723,YouTube Ads,2024-03-27,Não Convertido,,0.0,Conservador,Brunei Darussalam
87724,Facebook,2024-03-29,Não Convertido,,0.0,Agressivo,Montserrat
87725,Google Ads,2024-03-27,Não Convertido,,0.0,Agressivo,Papua New Guinea
87726,TikTok,2024-03-27,Não Convertido,,0.0,Moderado,Korea
87727,Facebook,2024-03-30,Não Convertido,,0.0,Moderado,Romania
87728,Orgânico,2024-03-30,Não Convertido,,0.0,Moderado,Macao
87729,E-mail Marketing,2024-03-25,Não Convertido,,0.0,Moderado,Togo
87730,TikTok,2024-03-29,Não Convertido,,0.0,Conservador,Singapore
87731,Instagram,2024-03-25,Não Convertido,,0.0,Agressivo,Turkmenistan
87732,E-mail Marketing,2024-03-29,Não Convertido,,0.0,Agressivo,Mali
87733,Instagram,2024-03-26,Não Convertido,,0.0,Desconhecido,Ghana
87734,Facebook,2024-03-30,Não Convertido,,0.0,Conservador,Lebanon
87735,Orgânico,2024-03-26,Não Convertido,,0.0,Desconhecido,Honduras
87736,Orgânico,2024-03-28,Não Convertido,,0.0,Desconhecido,Saint Kitts and Nevis
87737,E-mail Marketing,2024-03-26,Não Convertido,,0.0,Moderado,Belgium
87738,Facebook,2024-03-26,Não Convertido,,0.0,Agressivo,Turkmenistan
87739,Instagram,2024-03-30,Não Convertido,,0.0,Agressivo,Russian Federation
87740,E-mail Marketing,2024-03-25,Não Convertido,,0.0,Moderado,Venezuela
87741,E-mail Marketing,2024-03-29,Não Convertido,,0.0,Agressivo,Serbia
87742,Orgânico,2024-03-27,Não Convertido,,0.0,Desconhecido,British Virgin Islands
87743,Indicação,2024-03-30,Não Convertido,,0.0,Moderado,Georgia
87744,Orgânico,2024-03-25,Não Convertido,,0.0,Moderado,Austria
87745,E-mail Marketing,2024-03-30,Não Convertido,,0.0,Agressivo,Korea
87746,YouTube Ads,2024-03-25,Convertido,14.0,6756.27,Moderado,Mongolia
87747,YouTube Ads,2024-03-25,Não Convertido,,0.0,Moderado,Tokelau
87748,WhatsApp,2024-03-25,Não Convertido,,0.0,Conservador,United States of America
87749,Facebook,2024-03-26,Não Convertido,,0.0,Agressivo,Tonga
87750,YouTube Ads,2024-03-30,Não Convertido,,0.0,Conservador,Lesotho
87751,Google Ads,2024-03-30,Não Convertido,,0.0,Desconhecido,Congo
87752,Orgânico,2024-03-26,Não Convertido,,0.0,Moderado,Singapore
87753,Orgânico,2024-03-25,Não Convertido,,0.0,Moderado,Latvia
87754,Instagram,2024-03-27,Não Convertido,,0.0,Conservador,Mexico
87755,E-mail Marketing,2024-03-25,Não Convertido,,0.0,Agressivo,British Indian Ocean Territory (Chagos Archipelago)
87756,Facebook,2024-03-30,Não Convertido,,0.0,Agressivo,Romania
87757,Indicação,2024-03-29,Não Convertido,,0.0,Moderado,Burkina Faso
87758,E-mail Marketing,2024-03-25,Não Convertido,,0.0,Conservador,Cook Islands
87759,Google Ads,2024-03-27,Não Convertido,,0.0,Moderado,Cocos (Keeling) Islands
87760,Facebook,2024-03-30,Não Convertido,,0.0,Conservador,Uruguay
87761,Google Ads,2024-03-26,Não Convertido,,0.0,Moderado,United Arab Emirates
87762,Indicação,2024-03-27,Convertido,5.0,380.87,Moderado,Iran
87763,WhatsApp,2024-03-28,Não Convertido,,0.0,Moderado,North Macedonia
87764,Facebook,2024-03-29,Não Convertido,,0.0,Desconhecido,Bangladesh
87765,Instagram,2024-03-26,Não Convertido,,0.0,Conservador,North Macedonia
87766,Facebook,2024-03-30,Não Convertido,,0.0,Conservador,Wallis and Futuna
87767,TikTok,2024-03-26,Não Convertido,,0.0,Agressivo,Israel
87768,WhatsApp,2024-03-29,Não Convertido,,0.0,Agressivo,French Southern Territories
87769,Orgânico,2024-03-28,Não Convertido,,0.0,Agressivo,North Macedonia
87770,TikTok,2024-03-26,Não Convertido,,0.0,Moderado,Kyrgyz Republic
87771,YouTube Ads,2024-03-27,Não Convertido,,0.0,Moderado,Norfolk Island
87772,E-mail Marketing,2024-03-27,Não Convertido,,0.0,Desconhecido,China
87773,Orgânico,2024-03-26,Não Convertido,,0.0,Agressivo,Tunisia
87774,Orgânico,2024-03-28,Não Convertido,,0.0,Moderado,Saint Vincent and the Grenadines
87775,Google Ads,2024-03-25,Não Convertido,,0.0,Agressivo,El Salvador
87776,TikTok,2024-03-26,Não Convertido,,0.0,Moderado,Mexico
87777,Facebook,2024-03-30,Não Convertido,,0.0,Moderado,Falkland Islands (Malvinas)
87778,YouTube Ads,2024-03-27,Não Convertido,,0.0,Agressivo,Kazakhstan
87779,TikTok,2024-03-25,Não Convertido,,0.0,Moderado,Belgium
87780,E-mail Marketing,2024-03-28,Convertido,18.0,5601.78,Agressivo,Albania
87781,E-mail Marketing,2024-03-28,Não Convertido,,0.0,Desconhecido,Palau
87782,Instagram,2024-03-30,Não Convertido,,0.0,Desconhecido,Gabon
87783,E-mail Marketing,2024-03-25,Não Convertido,,0.0,Conservador,Albania
87784,Instagram,2024-03-25,Não Convertido,,0.0,Conservador,Benin
87785,Orgânico,2024-03-30,Não Convertido,,0.0,Moderado,United States of America
87786,Facebook,2024-03-30,Não Convertido,,0.0,Desconhecido,Thailand
87787,Instagram,2024-03-30,Não Convertido,,0.0,Desconhecido,Belize
87788,TikTok,2024-03-27,Não Convertido,,0.0,Conservador,Ethiopia
87789,Orgânico,2024-03-26,Não Convertido,,0.0,Agressivo,Malawi
87790,Instagram,2024-03-25,Não Convertido,,0.0,Moderado,Niger
87791,Orgânico,2024-03-29,Não Convertido,,0.0,Moderado,Algeria
87792,Facebook,2024-03-29,Não Convertido,,0.0,Moderado,American Samoa
87793,TikTok,2024-03-29,Não Convertido,,0.0,Conservador,Moldova
87794,E-mail Marketing,2024-03-28,Não Convertido,,0.0,Moderado,Iraq
87795,TikTok,2024-03-30,Convertido,2.0,7855.71,Agressivo,Uruguay
87796,Instagram,2024-03-28,Não Convertido,,0.0,Agressivo,Canada
87797,TikTok,2024-03-29,Não Convertido,,0.0,Conservador,French Guiana
87798,Orgânico,2024-03-26,Não Convertido,,0.0,Conservador,Iceland
87799,TikTok,2024-03-27,Não Convertido,,0.0,Conservador,British Virgin Islands
87800,TikTok,2024-03-26,Não Convertido,,0.0,Agressivo,Turks and Caicos Islands
87801,Orgânico,2024-03-26,Não Convertido,,0.0,Moderado,Guernsey
87802,Google Ads,2024-03-29,Não Convertido,,0.0,Moderado,Kiribati
87803,WhatsApp,2024-03-26,Não Convertido,,0.0,Agressivo,Bouvet Island (Bouvetoya)
87804,Instagram,2024-03-27,Não Convertido,,0.0,Conservador,Nicaragua
87805,Instagram,2024-03-29,Não Convertido,,0.0,Moderado,Iceland
87806,Instagram,2024-03-30,Não Convertido,,0.0,Agressivo,Cape Verde
87807,Google Ads,2024-03-30,Não Convertido,,0.0,Agressivo,Slovenia
87808,WhatsApp,2024-03-28,Não Convertido,,0.0,Desconhecido,Tunisia
87809,Instagram,2024-03-26,Não Convertido,,0.0,Agressivo,British Indian Ocean Territory (Chagos Archipelago)
87810,YouTube Ads,2024-03-25,Não Convertido,,0.0,Agressivo,Spain
87811,E-mail Marketing,2024-03-26,Não Convertido,,0.0,Agressivo,Syrian Arab Republic
87812,Orgânico,2024-03-29,Não Convertido,,0.0,Moderado,Qatar
87813,Orgânico,2024-03-30,Não Convertido,,0.0,Conservador,Benin
87814,YouTube Ads,2024-03-30,Não Convertido,,0.0,Conservador,Comoros
87815,WhatsApp,2024-03-26,Não Convertido,,0.0,Conservador,Puerto Rico
87816,Orgânico,2024-03-26,Não Convertido,,0.0,Agressivo,Cape Verde
87817,Orgânico,2024-03-29,Não Convertido,,0.0,Moderado,Estonia
87818,Google Ads,2024-03-27,Não Convertido,,0.0,Agressivo,Bahrain
87819,Google Ads,2024-03-26,Não Convertido,,0.0,Desconhecido,San Marino
87820,E-mail Marketing,2024-03-28,Não Convertido,,0.0,Moderado,Togo
87821,Instagram,2024-03-28,Não Convertido,,0.0,Agressivo,Saint Kitts and Nevis
87822,Google Ads,2024-03-26,Não Convertido,,0.0,Desconhecido,Guadeloupe
87823,Google Ads,2024-03-25,Não Convertido,,0.0,Moderado,Brunei Darussalam
87824,Google Ads,2024-03-27,Não Convertido,,0.0,Conservador,Czech Republic
87825,Instagram,2024-03-26,Não Convertido,,0.0,Agressivo,Serbia
87826,Instagram,2024-03-30,Não Convertido,,0.0,Desconhecido,Netherlands
87827,Orgânico,2024-03-28,Não Convertido,,0.0,Moderado,Tonga
87828,Instagram,2024-03-30,Não Convertido,,0.0,Desconhecido,Nicaragua
87829,E-mail Marketing,2024-03-30,Não Convertido,,0.0,Moderado,Poland
87830,Orgânico,2024-03-27,Não Convertido,,0.0,Agressivo,Mayotte
87831,Facebook,2024-03-27,Não Convertido,,0.0,Moderado,Morocco
87832,YouTube Ads,2024-03-29,Não Convertido,,0.0,Desconhecido,Russian Federation
87833,WhatsApp,2024-03-30,Não Convertido,,0.0,Agressivo,Honduras
87834,Facebook,2024-03-29,Não Convertido,,0.0,Agressivo,Honduras
87835,Google Ads,2024-03-26,Não Convertido,,0.0,Moderado,Eritrea
87836,YouTube Ads,2024-03-26,Não Convertido,,0.0,Desconhecido,Mauritania
87837,E-mail Marketing,2024-03-29,Não Convertido,,0.0,Agressivo,Israel
87838,WhatsApp,2024-03-25,Não Convertido,,0.0,Desconhecido,Christmas Island
87839,E-mail Marketing,2024-03-29,Não Convertido,,0.0,Agressivo,Morocco
87840,WhatsApp,2024-03-25,Não Convertido,,0.0,Agressivo,Zambia
87841,E-mail Marketing,2024-03-29,Não Convertido,,0.0,Desconhecido,Ukraine
87842,E-mail Marketing,2024-03-26,Não Convertido,,0.0,Moderado,Cameroon
87843,E-mail Marketing,2024-03-28,Não Convertido,,0.0,Moderado,Greenland
87844,Indicação,2024-03-27,Não Convertido,,0.0,Agressivo,Italy
87845,E-mail Marketing,2024-03-30,Não Convertido,,0.0,Moderado,Samoa
87846,Orgânico,2024-03-28,Não Convertido,,0.0,Conservador,Czech Republic
87847,Instagram,2024-03-28,Não Convertido,,0.0,Moderado,Turkey
87848,E-mail Marketing,2024-03-25,Não Convertido,,0.0,Desconhecido,Fiji
87849,YouTube Ads,2024-03-27,Não Convertido,,0.0,Agressivo,Poland
87850,Orgânico,2024-03-30,Não Convertido,,0.0,Agressivo,Cambodia
87851,Orgânico,2024-03-25,Não Convertido,,0.0,Agressivo,Nauru
87852,YouTube Ads,2024-03-29,Não Convertido,,0.0,Moderado,Pakistan
87853,Orgânico,2024-03-28,Não Convertido,,0.0,Agressivo,Niue
87854,Instagram,2024-03-25,Não Convertido,,0.0,Agressivo,Martinique
87855,TikTok,2024-03-28,Convertido,2.0,3231.78,Agressivo,Cyprus
87856,E-mail Marketing,2024-03-29,Não Convertido,,0.0,Agressivo,Vanuatu
87857,YouTube Ads,2024-03-28,Não Convertido,,0.0,Moderado,Guernsey
87858,Orgânico,2024-03-29,Não Convertido,,0.0,Agressivo,Reunion
87859,Orgânico,2024-03-28,Não Convertido,,0.0,Conservador,Saint Martin
87860,WhatsApp,2024-03-28,Não Convertido,,0.0,Agressivo,Bahamas
87861,WhatsApp,2024-03-26,Não Convertido,,0.0,Agressivo,Mexico
87862,Facebook,2024-03-29,Não Convertido,,0.0,Desconhecido,Burundi
87863,TikTok,2024-03-29,Não Convertido,,0.0,Desconhecido,Costa Rica
87864,Orgânico,2024-03-25,Não Convertido,,0.0,Moderado,United Arab Emirates
87865,Orgânico,2024-03-25,Não Convertido,,0.0,Moderado,New Zealand
87866,WhatsApp,2024-03-29,Não Convertido,,0.0,Desconhecido,Iraq
87867,TikTok,2024-03-25,Não Convertido,,0.0,Conservador,Gibraltar
87868,Instagram,2024-03-25,Não Convertido,,0.0,Moderado,Germany
87869,Orgânico,2024-03-30,Não Convertido,,0.0,Conservador,Dominica
87870,Orgânico,2024-03-27,Não Convertido,,0.0,Agressivo,Samoa
87871,E-mail Marketing,2024-03-30,Não Convertido,,0.0,Conservador,French Polynesia
87872,Instagram,2024-03-27,Não Convertido,,0.0,Conservador,Guam
87873,Indicação,2024-03-29,Não Convertido,,0.0,Agressivo,Timor-Leste
87874,Instagram,2024-03-28,Não Convertido,,0.0,Moderado,Burkina Faso
87875,TikTok,2024-03-29,Não Convertido,,0.0,Moderado,Luxembourg
87876,Orgânico,2024-03-27,Não Convertido,,0.0,Moderado,Palau
87877,E-mail Marketing,2024-03-30,Não Convertido,,0.0,Moderado,Nauru
87878,Orgânico,2024-03-27,Convertido,9.0,3604.7,Agressivo,Cambodia
87879,WhatsApp,2024-03-28,Convertido,16.0,5206.97,Agressivo,Iran
87880,Orgânico,2024-03-26,Não Convertido,,0.0,Conservador,Slovenia
87881,WhatsApp,2024-03-30,Não Convertido,,0.0,Moderado,Suriname
87882,WhatsApp,2024-03-25,Não Convertido,,0.0,Moderado,Guyana
87883,TikTok,2024-03-29,Não Convertido,,0.0,Moderado,Barbados
87884,Orgânico,2024-03-30,Convertido,22.0,6768.48,Conservador,Algeria
87885,Instagram,2024-03-25,Não Convertido,,0.0,Moderado,Montenegro
87886,WhatsApp,2024-03-29,Não Convertido,,0.0,Conservador,Honduras
87887,Indicação,2024-03-29,Não Convertido,,0.0,Moderado,Myanmar
87888,TikTok,2024-03-28,Não Convertido,,0.0,Agressivo,Belize
87889,Instagram,2024-03-25,Não Convertido,,0.0,Conservador,New Zealand
87890,Orgânico,2024-03-26,Não Convertido,,0.0,Moderado,Taiwan
87891,Instagram,2024-03-27,Não Convertido,,0.0,Moderado,Burkina Faso
87892,E-mail Marketing,2024-03-29,Não Convertido,,0.0,Conservador,United States Virgin Islands
87893,Orgânico,2024-03-30,Não Convertido,,0.0,Moderado,Palau
87894,WhatsApp,2024-03-30,Não Convertido,,0.0,Conservador,Egypt
87895,YouTube Ads,2024-03-29,Não Convertido,,0.0,Agressivo,Northern Mariana Islands
87896,Facebook,2024-03-26,Não Convertido,,0.0,Desconhecido,Guernsey
87897,YouTube Ads,2024-03-29,Não Convertido,,0.0,Agressivo,Somalia
87898,Orgânico,2024-03-30,Não Convertido,,0.0,Moderado,United States Minor Outlying Islands
87899,TikTok,2024-03-30,Não Convertido,,0.0,Moderado,Madagascar
87900,WhatsApp,2024-03-28,Não Convertido,,0.0,Desconhecido,Myanmar
87901,Instagram,2024-03-29,Não Convertido,,0.0,Moderado,Sri Lanka
87902,YouTube Ads,2024-03-27,Não Convertido,,0.0,Agressivo,Sierra Leone
87903,TikTok,2024-03-26,Não Convertido,,0.0,Agressivo,Qatar
87904,Indicação,2024-03-29,Não Convertido,,0.0,Agressivo,Slovenia
87905,E-mail Marketing,2024-03-28,Não Convertido,,0.0,Moderado,Mongolia
87906,E-mail Marketing,2024-03-28,Não Convertido,,0.0,Moderado,Indonesia
87907,YouTube Ads,2024-03-27,Não Convertido,,0.0,Moderado,Estonia
87908,Orgânico,2024-03-28,Não Convertido,,0.0,Moderado,Palestinian Territory
87909,Instagram,2024-03-25,Não Convertido,,0.0,Agressivo,Samoa
87910,E-mail Marketing,2024-03-27,Não Convertido,,0.0,Agressivo,Guernsey
87911,Google Ads,2024-03-27,Não Convertido,,0.0,Agressivo,Saint Helena
87912,Google Ads,2024-03-29,Não Convertido,,0.0,Moderado,Western Sahara
87913,E-mail Marketing,2024-03-26,Não Convertido,,0.0,Conservador,Zambia
87914,Facebook,2024-03-28,Não Convertido,,0.0,Agressivo,Lebanon
87915,TikTok,2024-03-25,Convertido,29.0,8157.0,Moderado,Djibouti
87916,WhatsApp,2024-03-26,Não Convertido,,0.0,Agressivo,Cote d'Ivoire
87917,Instagram,2024-03-30,Não Convertido,,0.0,Moderado,Paraguay
87918,WhatsApp,2024-03-25,Não Convertido,,0.0,Moderado,Mexico
87919,E-mail Marketing,2024-03-28,Não Convertido,,0.0,Moderado,Macao
87920,WhatsApp,2024-03-26,Não Convertido,,0.0,Desconhecido,Romania
87921,Instagram,2024-03-25,Não Convertido,,0.0,Agressivo,Sri Lanka
87922,Orgânico,2024-03-28,Não Convertido,,0.0,Conservador,Mauritius
87923,WhatsApp,2024-03-25,Não Convertido,,0.0,Moderado,Cambodia
87924,TikTok,2024-03-30,Não Convertido,,0.0,Agressivo,Iran
87925,Instagram,2024-03-25,Não Convertido,,0.0,Conservador,Turkey
87926,Instagram,2024-03-27,Não Convertido,,0.0,Moderado,Lebanon
87927,E-mail Marketing,2024-03-28,Não Convertido,,0.0,Moderado,Bolivia
87928,Orgânico,2024-03-27,Não Convertido,,0.0,Agressivo,Guinea
87929,Facebook,2024-03-26,Não Convertido,,0.0,Moderado,Comoros
87930,YouTube Ads,2024-03-30,Não Convertido,,0.0,Agressivo,Zambia
87931,Instagram,2024-03-30,Não Convertido,,0.0,Agressivo,Comoros
87932,Instagram,2024-03-25,Não Convertido,,0.0,Agressivo,Belgium
87933,Instagram,2024-03-25,Não Convertido,,0.0,Moderado,Zimbabwe
87934,Orgânico,2024-03-26,Convertido,23.0,9765.2,Conservador,Palestinian Territory
87935,Orgânico,2024-03-28,Não Convertido,,0.0,Moderado,Tunisia
87936,Facebook,2024-03-25,Convertido,29.0,3207.65,Agressivo,Kazakhstan
87937,E-mail Marketing,2024-03-27,Não Convertido,,0.0,Agressivo,Kiribati
87938,Orgânico,2024-03-30,Não Convertido,,0.0,Moderado,Isle of Man
87939,YouTube Ads,2024-03-26,Não Convertido,,0.0,Agressivo,Indonesia
87940,Google Ads,2024-03-28,Não Convertido,,0.0,Moderado,Cocos (Keeling) Islands
87941,Instagram,2024-03-29,Não Convertido,,0.0,Agressivo,India
87942,Google Ads,2024-03-25,Não Convertido,,0.0,Moderado,Greece
87943,Instagram,2024-03-25,Não Convertido,,0.0,Desconhecido,Egypt
87944,Google Ads,2024-03-28,Não Convertido,,0.0,Agressivo,French Guiana
87945,E-mail Marketing,2024-03-26,Não Convertido,,0.0,Agressivo,Paraguay
87946,TikTok,2024-03-29,Não Convertido,,0.0,Moderado,Peru
87947,E-mail Marketing,2024-03-29,Não Convertido,,0.0,Conservador,Andorra
87948,Instagram,2024-03-30,Não Convertido,,0.0,Moderado,Thailand
87949,Instagram,2024-03-26,Não Convertido,,0.0,Agressivo,Guam
87950,YouTube Ads,2024-03-28,Não Convertido,,0.0,Desconhecido,Bahamas
87951,Google Ads,2024-03-29,Não Convertido,,0.0,Agressivo,Barbados
87952,Orgânico,2024-03-30,Não Convertido,,0.0,Moderado,Turks and Caicos Islands
87953,E-mail Marketing,2024-03-29,Não Convertido,,0.0,Moderado,United Arab Emirates
87954,Indicação,2024-03-25,Não Convertido,,0.0,Agressivo,Congo
87955,Instagram,2024-03-28,Não Convertido,,0.0,Agressivo,Niue
87956,E-mail Marketing,2024-03-29,Não Convertido,,0.0,Moderado,Korea
87957,E-mail Marketing,2024-03-25,Não Convertido,,0.0,Agressivo,Luxembourg
87958,TikTok,2024-03-29,Não Convertido,,0.0,Conservador,France
87959,Instagram,2024-03-29,Não Convertido,,0.0,Conservador,Slovenia
87960,Instagram,2024-03-26,Não Convertido,,0.0,Desconhecido,Eritrea
87961,Google Ads,2024-03-29,Não Convertido,,0.0,Agressivo,Sweden
87962,E-mail Marketing,2024-03-27,Não Convertido,,0.0,Moderado,Cyprus
87963,TikTok,2024-03-29,Não Convertido,,0.0,Moderado,Equatorial Guinea
87964,Google Ads,2024-03-27,Não Convertido,,0.0,Conservador,Taiwan
87965,YouTube Ads,2024-03-30,Convertido,16.0,2561.2,Agressivo,British Virgin Islands
87966,Indicação,2024-03-26,Não Convertido,,0.0,Desconhecido,Guinea-Bissau
87967,E-mail Marketing,2024-03-26,Não Convertido,,0.0,Agressivo,Kyrgyz Republic
87968,E-mail Marketing,2024-03-30,Não Convertido,,0.0,Moderado,Mexico
87969,TikTok,2024-03-26,Não Convertido,,0.0,Conservador,American Samoa
87970,Google Ads,2024-03-27,Não Convertido,,0.0,Desconhecido,Andorra
87971,TikTok,2024-03-30,Não Convertido,,0.0,Moderado,Isle of Man
87972,Orgânico,2024-03-30,Não Convertido,,0.0,Moderado,Cook Islands
87973,YouTube Ads,2024-03-29,Não Convertido,,0.0,Moderado,Bermuda
87974,WhatsApp,2024-03-26,Não Convertido,,0.0,Moderado,Turkey
87975,Indicação,2024-03-29,Não Convertido,,0.0,Conservador,Indonesia
87976,E-mail Marketing,2024-03-27,Não Convertido,,0.0,Agressivo,Swaziland
87977,Google Ads,2024-03-29,Convertido,28.0,6444.24,Moderado,French Polynesia
87978,Google Ads,2024-03-29,Não Convertido,,0.0,Moderado,Falkland Islands (Malvinas)
87979,Instagram,2024-03-27,Não Convertido,,0.0,Agressivo,Estonia
87980,YouTube Ads,2024-03-29,Não Convertido,,0.0,Desconhecido,Mexico
87981,Google Ads,2024-03-28,Não Convertido,,0.0,Moderado,Palau
87982,Google Ads,2024-03-27,Não Convertido,,0.0,Agressivo,Tunisia
87983,YouTube Ads,2024-03-30,Não Convertido,,0.0,Agressivo,Tokelau
87984,Orgânico,2024-03-30,Não Convertido,,0.0,Moderado,Brunei Darussalam
87985,E-mail Marketing,2024-03-25,Não Convertido,,0.0,Moderado,Cameroon
87986,WhatsApp,2024-03-25,Não Convertido,,0.0,Agressivo,Finland
87987,E-mail Marketing,2024-03-26,Não Convertido,,0.0,Conservador,Central African Republic
87988,Orgânico,2024-03-27,Não Convertido,,0.0,Moderado,Micronesia
87989,Instagram,2024-03-29,Não Convertido,,0.0,Conservador,Hong Kong
87990,E-mail Marketing,2024-03-25,Não Convertido,,0.0,Moderado,Congo
87991,Google Ads,2024-03-27,Não Convertido,,0.0,Conservador,Japan
87992,Orgânico,2024-03-29,Não Convertido,,0.0,Moderado,Zimbabwe
87993,Orgânico,2024-03-29,Não Convertido,,0.0,Conservador,Macao
87994,Instagram,2024-03-25,Não Convertido,,0.0,Agressivo,Rwanda
87995,E-mail Marketing,2024-03-27,Não Convertido,,0.0,Conservador,Bolivia
87996,E-mail Marketing,2024-03-28,Não Convertido,,0.0,Moderado,Niue
87997,E-mail Marketing,2024-03-27,Não Convertido,,0.0,Agressivo,Switzerland
87998,Orgânico,2024-03-27,Não Convertido,,0.0,Agressivo,Norway
87999,Google Ads,2024-03-27,Não Convertido,,0.0,Moderado,Christmas Island
88000,Instagram,2024-03-29,Não Convertido,,0.0,Conservador,China
88001,TikTok,2024-03-27,Não Convertido,,0.0,Agressivo,Bouvet Island (Bouvetoya)
88002,Instagram,2024-03-29,Não Convertido,,0.0,Conservador,Somalia
88003,Instagram,2024-03-29,Não Convertido,,0.0,Moderado,Slovakia (Slovak Republic)
88004,Instagram,2024-03-30,Não Convertido,,0.0,Moderado,Mayotte
88005,E-mail Marketing,2024-03-27,Não Convertido,,0.0,Agressivo,Slovenia
88006,TikTok,2024-03-27,Não Convertido,,0.0,Moderado,Papua New Guinea
88007,Instagram,2024-03-25,Não Convertido,,0.0,Moderado,Taiwan
88008,Instagram,2024-03-27,Não Convertido,,0.0,Moderado,El Salvador
88009,WhatsApp,2024-03-26,Não Convertido,,0.0,Desconhecido,Libyan Arab Jamahiriya
88010,Facebook,2024-03-29,Não Convertido,,0.0,Agressivo,Liberia
88011,TikTok,2024-03-27,Não Convertido,,0.0,Moderado,Bouvet Island (Bouvetoya)
88012,TikTok,2024-03-27,Não Convertido,,0.0,Moderado,Haiti
88013,Google Ads,2024-03-30,Não Convertido,,0.0,Moderado,Afghanistan
88014,Orgânico,2024-03-30,Não Convertido,,0.0,Agressivo,Ethiopia
88015,TikTok,2024-03-25,Não Convertido,,0.0,Agressivo,Antarctica (the territory South of 60 deg S)
88016,Instagram,2024-03-27,Não Convertido,,0.0,Desconhecido,Micronesia
88017,Indicação,2024-03-26,Não Convertido,,0.0,Desconhecido,Somalia
88018,Google Ads,2024-03-27,Não Convertido,,0.0,Conservador,Maldives
88019,Indicação,2024-03-28,Não Convertido,,0.0,Moderado,Papua New Guinea
88020,WhatsApp,2024-03-30,Não Convertido,,0.0,Conservador,Djibouti
88021,Orgânico,2024-03-26,Não Convertido,,0.0,Agressivo,Cyprus
88022,E-mail Marketing,2024-03-30,Não Convertido,,0.0,Moderado,Saint Pierre and Miquelon
88023,Google Ads,2024-03-30,Não Convertido,,0.0,Agressivo,Switzerland
88024,Facebook,2024-03-28,Não Convertido,,0.0,Moderado,Cook Islands
88025,Google Ads,2024-03-30,Não Convertido,,0.0,Agressivo,Mexico
88026,E-mail Marketing,2024-03-26,Não Convertido,,0.0,Moderado,Grenada
88027,YouTube Ads,2024-03-30,Não Convertido,,0.0,Moderado,Barbados
88028,Orgânico,2024-03-30,Não Convertido,,0.0,Agressivo,Marshall Islands
88029,YouTube Ads,2024-03-26,Não Convertido,,0.0,Agressivo,Gabon
88030,Orgânico,2024-03-28,Não Convertido,,0.0,Moderado,Haiti
88031,Indicação,2024-03-29,Não Convertido,,0.0,Desconhecido,Togo
88032,E-mail Marketing,2024-03-28,Não Convertido,,0.0,Moderado,Slovenia
88033,Instagram,2024-03-30,Não Convertido,,0.0,Moderado,Poland
88034,Instagram,2024-03-26,Não Convertido,,0.0,Moderado,Bahrain
88035,Facebook,2024-03-29,Não Convertido,,0.0,Moderado,Palau
88036,Google Ads,2024-03-27,Não Convertido,,0.0,Agressivo,Hong Kong
88037,Instagram,2024-03-26,Não Convertido,,0.0,Agressivo,Dominica
88038,TikTok,2024-03-27,Não Convertido,,0.0,Moderado,Pakistan
88039,Orgânico,2024-03-26,Convertido,8.0,7497.12,Agressivo,Mauritania
88040,WhatsApp,2024-03-30,Não Convertido,,0.0,Moderado,Zambia
88041,Instagram,2024-03-25,Não Convertido,,0.0,Moderado,New Caledonia
88042,E-mail Marketing,2024-03-29,Não Convertido,,0.0,Moderado,Djibouti
88043,Orgânico,2024-03-26,Não Convertido,,0.0,Moderado,New Caledonia
88044,YouTube Ads,2024-03-28,Não Convertido,,0.0,Conservador,Poland
88045,YouTube Ads,2024-03-29,Não Convertido,,0.0,Desconhecido,Chad
88046,Instagram,2024-03-28,Não Convertido,,0.0,Conservador,Malta
88047,Instagram,2024-03-25,Não Convertido,,0.0,Desconhecido,Yemen
88048,Facebook,2024-03-27,Não Convertido,,0.0,Desconhecido,Panama
88049,Indicação,2024-03-25,Não Convertido,,0.0,Desconhecido,Thailand
88050,Google Ads,2024-03-27,Não Convertido,,0.0,Agressivo,Svalbard & Jan Mayen Islands
88051,E-mail Marketing,2024-03-30,Não Convertido,,0.0,Agressivo,Nicaragua
88052,Indicação,2024-03-30,Não Convertido,,0.0,Moderado,Tunisia
88053,Orgânico,2024-03-28,Não Convertido,,0.0,Moderado,Bahamas
88054,Google Ads,2024-03-29,Não Convertido,,0.0,Moderado,Bulgaria
88055,Facebook,2024-03-25,Não Convertido,,0.0,Moderado,Slovenia
88056,Google Ads,2024-03-26,Não Convertido,,0.0,Agressivo,Jamaica
88057,Google Ads,2024-03-28,Não Convertido,,0.0,Desconhecido,Romania
88058,WhatsApp,2024-03-28,Convertido,6.0,1290.57,Conservador,Heard Island and McDonald Islands
88059,E-mail Marketing,2024-03-26,Não Convertido,,0.0,Agressivo,Cyprus
88060,WhatsApp,2024-03-30,Não Convertido,,0.0,Moderado,Hungary
88061,TikTok,2024-03-25,Não Convertido,,0.0,Moderado,Canada
88062,TikTok,2024-03-28,Não Convertido,,0.0,Moderado,Slovakia (Slovak Republic)
88063,TikTok,2024-03-27,Não Convertido,,0.0,Conservador,Tunisia
88064,TikTok,2024-03-27,Não Convertido,,0.0,Moderado,Portugal
88065,Orgânico,2024-03-30,Não Convertido,,0.0,Conservador,Philippines
88066,Instagram,2024-03-29,Convertido,25.0,7458.78,Agressivo,Micronesia
88067,WhatsApp,2024-03-25,Não Convertido,,0.0,Conservador,South Africa
88068,YouTube Ads,2024-03-25,Não Convertido,,0.0,Conservador,Switzerland
88069,Orgânico,2024-03-27,Convertido,18.0,5740.8,Desconhecido,Svalbard & Jan Mayen Islands
88070,Facebook,2024-03-26,Não Convertido,,0.0,Conservador,Gambia
88071,Orgânico,2024-03-27,Não Convertido,,0.0,Desconhecido,Saint Martin
88072,WhatsApp,2024-03-25,Não Convertido,,0.0,Moderado,Macao
88073,Facebook,2024-03-30,Não Convertido,,0.0,Agressivo,Argentina
88074,Instagram,2024-03-25,Não Convertido,,0.0,Conservador,United Kingdom
88075,Orgânico,2024-03-29,Não Convertido,,0.0,Agressivo,Jamaica
88076,Indicação,2024-03-29,Não Convertido,,0.0,Conservador,Czech Republic
88077,E-mail Marketing,2024-03-26,Não Convertido,,0.0,Agressivo,Ethiopia
88078,Orgânico,2024-03-30,Não Convertido,,0.0,Moderado,Palau
88079,TikTok,2024-03-25,Não Convertido,,0.0,Moderado,Wallis and Futuna
88080,TikTok,2024-03-28,Não Convertido,,0.0,Conservador,Armenia
88081,TikTok,2024-03-29,Não Convertido,,0.0,Agressivo,Tajikistan
88082,TikTok,2024-03-25,Não Convertido,,0.0,Agressivo,Uruguay
88083,Instagram,2024-03-27,Não Convertido,,0.0,Agressivo,Cameroon
88084,YouTube Ads,2024-03-28,Não Convertido,,0.0,Desconhecido,Ethiopia
88085,Facebook,2024-03-27,Não Convertido,,0.0,Desconhecido,Bulgaria
88086,WhatsApp,2024-03-28,Não Convertido,,0.0,Moderado,Burkina Faso
88087,YouTube Ads,2024-03-29,Convertido,28.0,5437.05,Moderado,United States Minor Outlying Islands
88088,WhatsApp,2024-03-27,Convertido,1.0,6369.14,Agressivo,United States Virgin Islands
88089,Instagram,2024-03-29,Não Convertido,,0.0,Moderado,Uganda
88090,E-mail Marketing,2024-03-25,Não Convertido,,0.0,Moderado,Slovakia (Slovak Republic)
88091,Orgânico,2024-03-26,Não Convertido,,0.0,Moderado,Papua New Guinea
88092,TikTok,2024-03-26,Não Convertido,,0.0,Conservador,Czech Republic
88093,TikTok,2024-03-29,Não Convertido,,0.0,Conservador,Madagascar
88094,E-mail Marketing,2024-03-29,Não Convertido,,0.0,Moderado,Kiribati
88095,Instagram,2024-03-26,Não Convertido,,0.0,Conservador,Papua New Guinea
88096,WhatsApp,2024-03-29,Não Convertido,,0.0,Conservador,Lao People's Democratic Republic
88097,TikTok,2024-03-28,Não Convertido,,0.0,Moderado,Bangladesh
88098,Instagram,2024-03-27,Não Convertido,,0.0,Moderado,Argentina
88099,Instagram,2024-03-27,Não Convertido,,0.0,Moderado,Switzerland
88100,Orgânico,2024-03-29,Não Convertido,,0.0,Moderado,Nauru
88101,Instagram,2024-03-28,Não Convertido,,0.0,Conservador,Ukraine
88102,Google Ads,2024-03-29,Não Convertido,,0.0,Agressivo,Cook Islands
88103,E-mail Marketing,2024-03-27,Convertido,25.0,8587.47,Conservador,Zimbabwe
88104,WhatsApp,2024-03-30,Não Convertido,,0.0,Moderado,Bahamas
88105,Indicação,2024-03-25,Não Convertido,,0.0,Conservador,Tuvalu
88106,TikTok,2024-03-26,Não Convertido,,0.0,Moderado,Kyrgyz Republic
88107,E-mail Marketing,2024-03-30,Não Convertido,,0.0,Moderado,Poland
88108,TikTok,2024-03-26,Não Convertido,,0.0,Conservador,Estonia
88109,E-mail Marketing,2024-03-26,Não Convertido,,0.0,Conservador,Korea
88110,WhatsApp,2024-03-25,Não Convertido,,0.0,Desconhecido,Qatar
88111,Orgânico,2024-03-29,Não Convertido,,0.0,Desconhecido,Moldova
88112,E-mail Marketing,2024-03-30,Não Convertido,,0.0,Agressivo,Indonesia
88113,Facebook,2024-03-28,Não Convertido,,0.0,Moderado,Saint Helena
88114,E-mail Marketing,2024-03-26,Não Convertido,,0.0,Moderado,Jamaica
88115,Instagram,2024-03-25,Não Convertido,,0.0,Moderado,Turkmenistan
88116,Instagram,2024-03-27,Não Convertido,,0.0,Desconhecido,Cambodia
88117,Facebook,2024-03-30,Não Convertido,,0.0,Conservador,Greece
88118,TikTok,2024-03-27,Não Convertido,,0.0,Agressivo,Faroe Islands
88119,Facebook,2024-03-25,Não Convertido,,0.0,Moderado,Poland
88120,TikTok,2024-03-28,Não Convertido,,0.0,Moderado,Slovenia
88121,WhatsApp,2024-03-30,Não Convertido,,0.0,Conservador,Ukraine
88122,E-mail Marketing,2024-03-30,Convertido,17.0,9347.47,Desconhecido,Netherlands
88123,Facebook,2024-03-26,Não Convertido,,0.0,Moderado,Isle of Man
88124,Facebook,2024-03-30,Não Convertido,,0.0,Conservador,Samoa
88125,Orgânico,2024-03-29,Convertido,21.0,3646.2,Moderado,Lao People's Democratic Republic
88126,Instagram,2024-03-26,Não Convertido,,0.0,Conservador,Monaco
88127,E-mail Marketing,2024-03-25,Não Convertido,,0.0,Conservador,Qatar
88128,TikTok,2024-03-25,Não Convertido,,0.0,Moderado,Mayotte
88129,TikTok,2024-03-27,Não Convertido,,0.0,Agressivo,Bermuda
88130,WhatsApp,2024-03-25,Não Convertido,,0.0,Desconhecido,Moldova
88131,E-mail Marketing,2024-03-30,Não Convertido,,0.0,Moderado,Lithuania
88132,Orgânico,2024-03-26,Não Convertido,,0.0,Moderado,Sudan
88133,Indicação,2024-03-25,Não Convertido,,0.0,Moderado,Congo
88134,WhatsApp,2024-03-28,Não Convertido,,0.0,Moderado,Vanuatu
88135,YouTube Ads,2024-03-30,Não Convertido,,0.0,Conservador,Guam
88136,TikTok,2024-03-27,Não Convertido,,0.0,Moderado,Mexico
88137,E-mail Marketing,2024-03-25,Não Convertido,,0.0,Conservador,Samoa
88138,E-mail Marketing,2024-03-25,Não Convertido,,0.0,Conservador,Oman
88139,YouTube Ads,2024-03-28,Não Convertido,,0.0,Conservador,Ethiopia
88140,Instagram,2024-03-26,Não Convertido,,0.0,Moderado,Cambodia
88141,Facebook,2024-03-25,Não Convertido,,0.0,Conservador,Kiribati
88142,Facebook,2024-03-26,Não Convertido,,0.0,Agressivo,Tajikistan
88143,TikTok,2024-03-25,Não Convertido,,0.0,Agressivo,French Southern Territories
88144,YouTube Ads,2024-03-29,Não Convertido,,0.0,Agressivo,North Macedonia
88145,Instagram,2024-03-26,Convertido,10.0,8392.98,Conservador,Turks and Caicos Islands
88146,E-mail Marketing,2024-03-25,Não Convertido,,0.0,Moderado,Palestinian Territory
88147,Orgânico,2024-03-29,Não Convertido,,0.0,Agressivo,Equatorial Guinea
88148,Facebook,2024-03-28,Não Convertido,,0.0,Desconhecido,French Guiana
88149,Facebook,2024-03-30,Não Convertido,,0.0,Agressivo,Nigeria
88150,Orgânico,2024-03-27,Não Convertido,,0.0,Agressivo,Bhutan
88151,Google Ads,2024-03-26,Não Convertido,,0.0,Conservador,Malaysia
88152,Orgânico,2024-03-26,Convertido,26.0,516.19,Agressivo,Georgia
88153,Orgânico,2024-03-29,Não Convertido,,0.0,Agressivo,Western Sahara
88154,TikTok,2024-03-25,Não Convertido,,0.0,Moderado,Swaziland
88155,YouTube Ads,2024-03-28,Não Convertido,,0.0,Moderado,Uganda
88156,Indicação,2024-03-29,Não Convertido,,0.0,Agressivo,British Virgin Islands
88157,TikTok,2024-03-29,Não Convertido,,0.0,Moderado,Uzbekistan
88158,WhatsApp,2024-03-30,Não Convertido,,0.0,Moderado,Sudan
88159,Facebook,2024-03-27,Não Convertido,,0.0,Moderado,Yemen
88160,Instagram,2024-03-26,Não Convertido,,0.0,Moderado,Palestinian Territory
88161,Google Ads,2024-03-27,Não Convertido,,0.0,Agressivo,Romania
88162,Instagram,2024-03-27,Não Convertido,,0.0,Agressivo,Andorra
88163,Orgânico,2024-03-27,Não Convertido,,0.0,Agressivo,Estonia
88164,Facebook,2024-03-26,Não Convertido,,0.0,Moderado,Tuvalu
88165,Orgânico,2024-03-25,Não Convertido,,0.0,Agressivo,Saint Helena
88166,Google Ads,2024-03-29,Não Convertido,,0.0,Agressivo,Grenada
88167,WhatsApp,2024-03-29,Não Convertido,,0.0,Moderado,Liechtenstein
88168,E-mail Marketing,2024-03-30,Não Convertido,,0.0,Moderado,Greenland
88169,Instagram,2024-03-27,Não Convertido,,0.0,Agressivo,Lesotho
88170,WhatsApp,2024-03-28,Não Convertido,,0.0,Agressivo,San Marino
88171,TikTok,2024-03-27,Não Convertido,,0.0,Moderado,Norway
88172,Orgânico,2024-03-27,Não Convertido,,0.0,Agressivo,Sri Lanka
88173,Instagram,2024-03-28,Não Convertido,,0.0,Moderado,Uruguay
88174,YouTube Ads,2024-03-26,Não Convertido,,0.0,Agressivo,Saint Pierre and Miquelon
88175,Orgânico,2024-03-27,Não Convertido,,0.0,Moderado,Brunei Darussalam
88176,E-mail Marketing,2024-03-30,Não Convertido,,0.0,Conservador,Jordan
88177,Facebook,2024-03-28,Não Convertido,,0.0,Agressivo,Jamaica
88178,Google Ads,2024-03-29,Convertido,29.0,8286.06,Agressivo,Seychelles
88179,Facebook,2024-03-25,Não Convertido,,0.0,Conservador,Antigua and Barbuda
88180,Google Ads,2024-03-26,Não Convertido,,0.0,Agressivo,Monaco
88181,Orgânico,2024-03-29,Não Convertido,,0.0,Conservador,Sierra Leone
88182,TikTok,2024-03-30,Não Convertido,,0.0,Desconhecido,Montserrat
88183,YouTube Ads,2024-03-26,Não Convertido,,0.0,Moderado,Pakistan
88184,YouTube Ads,2024-03-28,Não Convertido,,0.0,Desconhecido,San Marino
88185,TikTok,2024-03-25,Não Convertido,,0.0,Conservador,South Africa
88186,E-mail Marketing,2024-03-29,Não Convertido,,0.0,Moderado,Zimbabwe
88187,WhatsApp,2024-03-29,Não Convertido,,0.0,Moderado,Christmas Island
88188,Instagram,2024-03-28,Não Convertido,,0.0,Moderado,Dominican Republic
88189,Facebook,2024-03-30,Não Convertido,,0.0,Moderado,United States of America
88190,Google Ads,2024-03-30,Não Convertido,,0.0,Moderado,Kenya
88191,TikTok,2024-03-28,Não Convertido,,0.0,Moderado,Anguilla
88192,Instagram,2024-03-27,Não Convertido,,0.0,Agressivo,Jersey
88193,Instagram,2024-03-27,Não Convertido,,0.0,Conservador,Holy See (Vatican City State)
88194,Instagram,2024-03-29,Não Convertido,,0.0,Moderado,Belize
88195,TikTok,2024-03-30,Não Convertido,,0.0,Agressivo,Estonia
88196,Facebook,2024-03-29,Não Convertido,,0.0,Moderado,Australia
88197,Facebook,2024-03-27,Não Convertido,,0.0,Agressivo,Iran
88198,Instagram,2024-03-30,Não Convertido,,0.0,Conservador,India
88199,TikTok,2024-03-27,Não Convertido,,0.0,Agressivo,Bosnia and Herzegovina
88200,WhatsApp,2024-03-25,Não Convertido,,0.0,Moderado,Morocco
88201,Orgânico,2024-03-25,Não Convertido,,0.0,Moderado,Mexico
88202,Facebook,2024-03-27,Não Convertido,,0.0,Agressivo,Romania
88203,TikTok,2024-03-28,Não Convertido,,0.0,Conservador,North Macedonia
88204,TikTok,2024-03-26,Convertido,24.0,1436.89,Moderado,Cote d'Ivoire
88205,Orgânico,2024-03-26,Convertido,23.0,6574.56,Moderado,Cape Verde
88206,WhatsApp,2024-03-27,Não Convertido,,0.0,Moderado,Timor-Leste
88207,YouTube Ads,2024-03-27,Não Convertido,,0.0,Moderado,Montenegro
88208,Google Ads,2024-03-25,Não Convertido,,0.0,Moderado,India
88209,Orgânico,2024-03-27,Não Convertido,,0.0,Agressivo,Madagascar
88210,Instagram,2024-03-28,Não Convertido,,0.0,Conservador,New Zealand
88211,Orgânico,2024-03-30,Não Convertido,,0.0,Agressivo,Solomon Islands
88212,WhatsApp,2024-03-27,Não Convertido,,0.0,Moderado,Benin
88213,TikTok,2024-03-28,Não Convertido,,0.0,Moderado,Ecuador
88214,Indicação,2024-03-30,Não Convertido,,0.0,Moderado,Montserrat
88215,Facebook,2024-03-30,Não Convertido,,0.0,Conservador,Norway
88216,YouTube Ads,2024-03-29,Não Convertido,,0.0,Desconhecido,Macao
88217,WhatsApp,2024-03-28,Não Convertido,,0.0,Moderado,Switzerland
88218,TikTok,2024-03-30,Não Convertido,,0.0,Desconhecido,Togo
88219,Orgânico,2024-03-25,Não Convertido,,0.0,Moderado,Chile
88220,Orgânico,2024-03-26,Não Convertido,,0.0,Moderado,Saint Helena
88221,WhatsApp,2024-03-30,Não Convertido,,0.0,Moderado,Samoa
88222,Orgânico,2024-03-29,Não Convertido,,0.0,Desconhecido,Hong Kong
88223,Google Ads,2024-03-26,Não Convertido,,0.0,Moderado,Jamaica
88224,Facebook,2024-03-29,Não Convertido,,0.0,Conservador,Wallis and Futuna
88225,Indicação,2024-03-25,Não Convertido,,0.0,Moderado,Turks and Caicos Islands
88226,TikTok,2024-03-28,Não Convertido,,0.0,Desconhecido,Bhutan
88227,Google Ads,2024-03-27,Não Convertido,,0.0,Moderado,Egypt
88228,TikTok,2024-03-30,Não Convertido,,0.0,Moderado,Haiti
88229,E-mail Marketing,2024-03-29,Não Convertido,,0.0,Moderado,Canada
88230,Google Ads,2024-03-29,Não Convertido,,0.0,Moderado,Haiti
88231,Instagram,2024-03-25,Não Convertido,,0.0,Moderado,Chile
88232,Orgânico,2024-03-27,Não Convertido,,0.0,Moderado,Bosnia and Herzegovina
88233,WhatsApp,2024-03-30,Não Convertido,,0.0,Moderado,Namibia
88234,E-mail Marketing,2024-03-25,Não Convertido,,0.0,Agressivo,Sudan
88235,TikTok,2024-03-25,Não Convertido,,0.0,Conservador,Armenia
88236,Indicação,2024-03-29,Não Convertido,,0.0,Moderado,Chad
88237,Orgânico,2024-03-25,Não Convertido,,0.0,Agressivo,Heard Island and McDonald Islands
88238,Indicação,2024-03-29,Não Convertido,,0.0,Desconhecido,Portugal
88239,YouTube Ads,2024-03-28,Convertido,28.0,2498.33,Desconhecido,Congo
88240,E-mail Marketing,2024-03-30,Não Convertido,,0.0,Moderado,Mexico
88241,Google Ads,2024-03-29,Não Convertido,,0.0,Moderado,Swaziland
88242,WhatsApp,2024-03-27,Não Convertido,,0.0,Conservador,Montserrat
88243,TikTok,2024-03-26,Não Convertido,,0.0,Moderado,Equatorial Guinea
88244,Orgânico,2024-03-30,Não Convertido,,0.0,Desconhecido,Mali
88245,WhatsApp,2024-03-30,Não Convertido,,0.0,Agressivo,Sudan
88246,Instagram,2024-03-25,Não Convertido,,0.0,Agressivo,Portugal
88247,Indicação,2024-03-28,Não Convertido,,0.0,Agressivo,Cayman Islands
88248,Instagram,2024-03-30,Não Convertido,,0.0,Agressivo,Bolivia
88249,Instagram,2024-03-30,Não Convertido,,0.0,Desconhecido,Guatemala
88250,YouTube Ads,2024-03-26,Não Convertido,,0.0,Moderado,Austria
88251,Instagram,2024-03-25,Não Convertido,,0.0,Conservador,Ethiopia
88252,YouTube Ads,2024-03-26,Não Convertido,,0.0,Agressivo,Turks and Caicos Islands
88253,TikTok,2024-03-29,Não Convertido,,0.0,Agressivo,Czech Republic
88254,YouTube Ads,2024-03-27,Não Convertido,,0.0,Conservador,Solomon Islands
88255,E-mail Marketing,2024-03-25,Não Convertido,,0.0,Moderado,Kiribati
88256,Instagram,2024-03-29,Não Convertido,,0.0,Agressivo,Suriname
88257,WhatsApp,2024-03-26,Não Convertido,,0.0,Conservador,Timor-Leste
88258,E-mail Marketing,2024-03-30,Não Convertido,,0.0,Agressivo,Slovakia (Slovak Republic)
88259,Instagram,2024-03-29,Não Convertido,,0.0,Agressivo,Uzbekistan
88260,E-mail Marketing,2024-03-27,Não Convertido,,0.0,Conservador,Northern Mariana Islands
88261,Orgânico,2024-03-27,Não Convertido,,0.0,Agressivo,Senegal
88262,Orgânico,2024-03-27,Convertido,23.0,4173.83,Moderado,El Salvador
88263,E-mail Marketing,2024-03-30,Não Convertido,,0.0,Moderado,Peru
88264,WhatsApp,2024-03-27,Não Convertido,,0.0,Agressivo,Tokelau
88265,Google Ads,2024-03-30,Não Convertido,,0.0,Agressivo,Thailand
88266,Instagram,2024-03-26,Não Convertido,,0.0,Moderado,South Africa
88267,Instagram,2024-03-29,Não Convertido,,0.0,Agressivo,Ukraine
88268,Instagram,2024-03-26,Não Convertido,,0.0,Conservador,Libyan Arab Jamahiriya
88269,Instagram,2024-03-27,Não Convertido,,0.0,Moderado,Sudan
88270,Instagram,2024-03-29,Não Convertido,,0.0,Agressivo,Palestinian Territory
88271,E-mail Marketing,2024-03-26,Não Convertido,,0.0,Agressivo,Cyprus
88272,Facebook,2024-03-28,Não Convertido,,0.0,Desconhecido,Ukraine
88273,Indicação,2024-03-26,Não Convertido,,0.0,Agressivo,United Kingdom
88274,Instagram,2024-03-29,Não Convertido,,0.0,Conservador,Bahrain
88275,TikTok,2024-03-30,Não Convertido,,0.0,Moderado,Sao Tome and Principe
88276,WhatsApp,2024-03-27,Não Convertido,,0.0,Agressivo,United States Minor Outlying Islands
88277,Orgânico,2024-03-30,Não Convertido,,0.0,Agressivo,Norfolk Island
88278,Instagram,2024-03-25,Não Convertido,,0.0,Desconhecido,Nicaragua
88279,Google Ads,2024-03-27,Não Convertido,,0.0,Agressivo,Senegal
88280,E-mail Marketing,2024-03-26,Não Convertido,,0.0,Desconhecido,Liechtenstein
88281,Instagram,2024-03-28,Não Convertido,,0.0,Agressivo,Heard Island and McDonald Islands
88282,YouTube Ads,2024-03-30,Não Convertido,,0.0,Desconhecido,Iceland
88283,Facebook,2024-03-28,Não Convertido,,0.0,Moderado,Singapore
88284,Facebook,2024-03-25,Não Convertido,,0.0,Desconhecido,Ethiopia
88285,Indicação,2024-03-25,Não Convertido,,0.0,Moderado,Chile
88286,Orgânico,2024-03-25,Não Convertido,,0.0,Desconhecido,Swaziland
88287,Orgânico,2024-03-25,Não Convertido,,0.0,Agressivo,Bahrain
88288,Google Ads,2024-03-30,Não Convertido,,0.0,Moderado,Bosnia and Herzegovina
88289,E-mail Marketing,2024-03-27,Não Convertido,,0.0,Agressivo,Comoros
88290,Instagram,2024-03-26,Não Convertido,,0.0,Conservador,Serbia
88291,Orgânico,2024-03-29,Não Convertido,,0.0,Moderado,Tajikistan
88292,Instagram,2024-03-27,Não Convertido,,0.0,Agressivo,Greece
88293,Google Ads,2024-03-26,Não Convertido,,0.0,Moderado,Bahrain
88294,Facebook,2024-03-28,Não Convertido,,0.0,Conservador,North Macedonia
88295,TikTok,2024-03-30,Não Convertido,,0.0,Agressivo,Switzerland
88296,TikTok,2024-03-30,Não Convertido,,0.0,Conservador,Sierra Leone
88297,E-mail Marketing,2024-03-25,Não Convertido,,0.0,Agressivo,Ukraine
88298,Orgânico,2024-03-29,Não Convertido,,0.0,Moderado,India
88299,TikTok,2024-03-29,Não Convertido,,0.0,Agressivo,Iraq
88300,TikTok,2024-03-29,Não Convertido,,0.0,Desconhecido,Paraguay
88301,Instagram,2024-03-28,Não Convertido,,0.0,Conservador,Malta
88302,Orgânico,2024-03-25,Não Convertido,,0.0,Moderado,Ireland
88303,E-mail Marketing,2024-03-27,Não Convertido,,0.0,Moderado,Niue
88304,Instagram,2024-03-29,Não Convertido,,0.0,Moderado,Grenada
88305,Instagram,2024-03-26,Não Convertido,,0.0,Moderado,Kazakhstan
88306,TikTok,2024-03-29,Não Convertido,,0.0,Conservador,Sweden
88307,Orgânico,2024-03-26,Não Convertido,,0.0,Moderado,Israel
88308,TikTok,2024-03-26,Não Convertido,,0.0,Moderado,Congo
88309,YouTube Ads,2024-03-25,Não Convertido,,0.0,Moderado,Timor-Leste
88310,E-mail Marketing,2024-03-26,Não Convertido,,0.0,Moderado,Costa Rica
88311,E-mail Marketing,2024-03-26,Não Convertido,,0.0,Moderado,Guinea-Bissau
88312,TikTok,2024-03-27,Não Convertido,,0.0,Moderado,Cook Islands
88313,Indicação,2024-03-26,Não Convertido,,0.0,Conservador,Vietnam
88314,Orgânico,2024-03-28,Não Convertido,,0.0,Agressivo,Gabon
88315,YouTube Ads,2024-03-25,Não Convertido,,0.0,Moderado,Iraq
88316,Google Ads,2024-03-25,Não Convertido,,0.0,Moderado,British Indian Ocean Territory (Chagos Archipelago)
88317,TikTok,2024-03-25,Não Convertido,,0.0,Conservador,Isle of Man
88318,WhatsApp,2024-03-26,Não Convertido,,0.0,Agressivo,Algeria
88319,Instagram,2024-03-28,Não Convertido,,0.0,Moderado,Congo
88320,Orgânico,2024-03-28,Não Convertido,,0.0,Moderado,Sudan
88321,Facebook,2024-03-29,Não Convertido,,0.0,Conservador,Faroe Islands
88322,YouTube Ads,2024-03-26,Não Convertido,,0.0,Agressivo,Malawi
88323,Orgânico,2024-03-25,Não Convertido,,0.0,Moderado,Palau
88324,TikTok,2024-03-28,Convertido,27.0,7106.83,Agressivo,Tuvalu
88325,Google Ads,2024-03-30,Não Convertido,,0.0,Agressivo,Christmas Island
88326,YouTube Ads,2024-03-30,Convertido,15.0,587.46,Moderado,Czech Republic
88327,Orgânico,2024-03-30,Não Convertido,,0.0,Agressivo,Tajikistan
88328,Indicação,2024-03-26,Não Convertido,,0.0,Agressivo,Eritrea
88329,TikTok,2024-03-26,Não Convertido,,0.0,Agressivo,Iceland
88330,E-mail Marketing,2024-03-29,Não Convertido,,0.0,Agressivo,Martinique
88331,Orgânico,2024-03-28,Não Convertido,,0.0,Agressivo,Dominican Republic
88332,Indicação,2024-03-30,Não Convertido,,0.0,Conservador,Burundi
88333,Instagram,2024-03-28,Não Convertido,,0.0,Moderado,Western Sahara
88334,TikTok,2024-03-26,Não Convertido,,0.0,Desconhecido,Azerbaijan
88335,WhatsApp,2024-03-29,Não Convertido,,0.0,Agressivo,Guatemala
88336,Google Ads,2024-03-28,Não Convertido,,0.0,Conservador,Tanzania
88337,Orgânico,2024-03-28,Não Convertido,,0.0,Agressivo,Hong Kong
88338,TikTok,2024-03-26,Não Convertido,,0.0,Agressivo,Kenya
88339,WhatsApp,2024-03-25,Não Convertido,,0.0,Agressivo,Nepal
88340,TikTok,2024-03-26,Não Convertido,,0.0,Moderado,Guyana
88341,Orgânico,2024-03-29,Não Convertido,,0.0,Conservador,Canada
88342,YouTube Ads,2024-03-28,Não Convertido,,0.0,Agressivo,Chad
88343,Google Ads,2024-03-26,Não Convertido,,0.0,Agressivo,Guadeloupe
88344,TikTok,2024-03-27,Não Convertido,,0.0,Moderado,Christmas Island
88345,TikTok,2024-03-26,Não Convertido,,0.0,Agressivo,Honduras
88346,TikTok,2024-03-27,Não Convertido,,0.0,Conservador,Kuwait
88347,YouTube Ads,2024-03-28,Convertido,24.0,3163.88,Agressivo,Saudi Arabia
88348,Instagram,2024-03-28,Não Convertido,,0.0,Conservador,Iran
88349,Indicação,2024-03-27,Não Convertido,,0.0,Agressivo,Costa Rica
88350,WhatsApp,2024-03-30,Não Convertido,,0.0,Agressivo,Kyrgyz Republic
88351,Google Ads,2024-03-27,Não Convertido,,0.0,Desconhecido,Ireland
88352,E-mail Marketing,2024-03-28,Não Convertido,,0.0,Agressivo,Chad
88353,TikTok,2024-03-25,Não Convertido,,0.0,Desconhecido,Tuvalu
88354,WhatsApp,2024-03-25,Não Convertido,,0.0,Moderado,United Kingdom
88355,Indicação,2024-03-29,Não Convertido,,0.0,Moderado,Tanzania
88356,WhatsApp,2024-03-30,Não Convertido,,0.0,Moderado,Dominica
88357,Instagram,2024-03-25,Não Convertido,,0.0,Agressivo,Austria
88358,YouTube Ads,2024-03-25,Não Convertido,,0.0,Moderado,Tunisia
88359,TikTok,2024-03-28,Não Convertido,,0.0,Agressivo,Aruba
88360,WhatsApp,2024-03-30,Não Convertido,,0.0,Moderado,Georgia
88361,Instagram,2024-03-29,Não Convertido,,0.0,Moderado,Liberia
88362,Facebook,2024-03-25,Não Convertido,,0.0,Moderado,Ireland
88363,Instagram,2024-03-26,Não Convertido,,0.0,Moderado,Saint Martin
88364,Orgânico,2024-03-26,Não Convertido,,0.0,Agressivo,Lithuania
88365,TikTok,2024-03-29,Não Convertido,,0.0,Moderado,Lesotho
88366,Indicação,2024-03-30,Não Convertido,,0.0,Moderado,Palestinian Territory
88367,Google Ads,2024-03-30,Não Convertido,,0.0,Moderado,Sweden
88368,Orgânico,2024-03-30,Não Convertido,,0.0,Moderado,Lithuania
88369,E-mail Marketing,2024-03-30,Não Convertido,,0.0,Moderado,Montenegro
88370,Instagram,2024-03-30,Não Convertido,,0.0,Moderado,Djibouti
88371,WhatsApp,2024-03-30,Não Convertido,,0.0,Desconhecido,Serbia
88372,Orgânico,2024-03-27,Não Convertido,,0.0,Agressivo,Costa Rica
88373,TikTok,2024-03-26,Não Convertido,,0.0,Desconhecido,Niue
88374,YouTube Ads,2024-03-30,Não Convertido,,0.0,Moderado,French Southern Territories
88375,Orgânico,2024-03-26,Não Convertido,,0.0,Moderado,Papua New Guinea
88376,Instagram,2024-03-25,Não Convertido,,0.0,Conservador,Saint Helena
88377,Orgânico,2024-03-29,Não Convertido,,0.0,Moderado,Antarctica (the territory South of 60 deg S)
88378,YouTube Ads,2024-03-27,Não Convertido,,0.0,Moderado,Kiribati
88379,Instagram,2024-03-27,Convertido,16.0,7492.92,Agressivo,Nigeria
88380,WhatsApp,2024-03-25,Não Convertido,,0.0,Moderado,Somalia
88381,Orgânico,2024-03-29,Não Convertido,,0.0,Desconhecido,Honduras
88382,Indicação,2024-03-28,Não Convertido,,0.0,Moderado,Cocos (Keeling) Islands
88383,Facebook,2024-03-29,Não Convertido,,0.0,Agressivo,Sri Lanka
88384,Facebook,2024-03-30,Não Convertido,,0.0,Conservador,Moldova
88385,Facebook,2024-03-30,Não Convertido,,0.0,Conservador,Guadeloupe
88386,YouTube Ads,2024-03-30,Não Convertido,,0.0,Conservador,Seychelles
88387,Orgânico,2024-03-25,Não Convertido,,0.0,Moderado,Bhutan
88388,Google Ads,2024-03-26,Não Convertido,,0.0,Agressivo,Lao People's Democratic Republic
88389,E-mail Marketing,2024-03-27,Não Convertido,,0.0,Conservador,Antarctica (the territory South of 60 deg S)
88390,YouTube Ads,2024-03-28,Não Convertido,,0.0,Agressivo,Taiwan
88391,Indicação,2024-03-25,Não Convertido,,0.0,Agressivo,Gibraltar
88392,Facebook,2024-03-26,Não Convertido,,0.0,Moderado,Mayotte
88393,WhatsApp,2024-03-29,Não Convertido,,0.0,Moderado,Slovakia (Slovak Republic)
88394,E-mail Marketing,2024-03-29,Não Convertido,,0.0,Moderado,Oman
88395,YouTube Ads,2024-03-26,Não Convertido,,0.0,Agressivo,Peru
88396,TikTok,2024-03-30,Não Convertido,,0.0,Desconhecido,Panama
88397,TikTok,2024-03-25,Não Convertido,,0.0,Agressivo,United States Minor Outlying Islands
88398,WhatsApp,2024-03-27,Não Convertido,,0.0,Moderado,Russian Federation
88399,YouTube Ads,2024-03-25,Não Convertido,,0.0,Moderado,Cook Islands
88400,E-mail Marketing,2024-03-30,Não Convertido,,0.0,Agressivo,United Kingdom
88401,Google Ads,2024-03-27,Não Convertido,,0.0,Conservador,Senegal
88402,YouTube Ads,2024-03-30,Não Convertido,,0.0,Agressivo,Afghanistan
88403,TikTok,2024-03-27,Convertido,27.0,9954.45,Conservador,Georgia
88404,Instagram,2024-03-30,Não Convertido,,0.0,Moderado,Monaco
88405,TikTok,2024-03-30,Não Convertido,,0.0,Conservador,Lebanon
88406,Orgânico,2024-03-28,Não Convertido,,0.0,Conservador,Russian Federation
88407,E-mail Marketing,2024-03-25,Não Convertido,,0.0,Moderado,Tajikistan
88408,Instagram,2024-03-26,Não Convertido,,0.0,Moderado,Honduras
88409,Google Ads,2024-03-28,Não Convertido,,0.0,Agressivo,Lao People's Democratic Republic
88410,TikTok,2024-03-25,Não Convertido,,0.0,Moderado,Iraq
88411,WhatsApp,2024-03-25,Não Convertido,,0.0,Moderado,Jamaica
88412,YouTube Ads,2024-03-26,Não Convertido,,0.0,Moderado,Malaysia
88413,WhatsApp,2024-03-29,Convertido,9.0,4137.74,Agressivo,Cook Islands
88414,YouTube Ads,2024-03-25,Não Convertido,,0.0,Agressivo,Saint Pierre and Miquelon
88415,E-mail Marketing,2024-03-27,Não Convertido,,0.0,Conservador,Hong Kong
88416,YouTube Ads,2024-03-26,Não Convertido,,0.0,Moderado,Chad
88417,Facebook,2024-03-26,Não Convertido,,0.0,Agressivo,Saint Helena
88418,Facebook,2024-03-25,Não Convertido,,0.0,Agressivo,Panama
88419,WhatsApp,2024-03-26,Não Convertido,,0.0,Conservador,North Macedonia
88420,Google Ads,2024-03-26,Não Convertido,,0.0,Moderado,Bulgaria
88421,Instagram,2024-03-25,Não Convertido,,0.0,Moderado,Malaysia
88422,Instagram,2024-03-29,Não Convertido,,0.0,Agressivo,Honduras
88423,TikTok,2024-03-30,Não Convertido,,0.0,Moderado,Yemen
88424,E-mail Marketing,2024-03-27,Não Convertido,,0.0,Moderado,Liechtenstein
88425,Google Ads,2024-03-29,Não Convertido,,0.0,Conservador,British Virgin Islands
88426,YouTube Ads,2024-03-26,Não Convertido,,0.0,Conservador,Djibouti
88427,Instagram,2024-03-27,Não Convertido,,0.0,Moderado,Georgia
88428,Instagram,2024-03-28,Não Convertido,,0.0,Agressivo,Cote d'Ivoire
88429,Google Ads,2024-03-26,Não Convertido,,0.0,Moderado,Wallis and Futuna
88430,Facebook,2024-03-30,Não Convertido,,0.0,Conservador,Christmas Island
88431,YouTube Ads,2024-03-29,Não Convertido,,0.0,Moderado,Marshall Islands
88432,E-mail Marketing,2024-03-30,Não Convertido,,0.0,Agressivo,Northern Mariana Islands
88433,Orgânico,2024-03-28,Não Convertido,,0.0,Moderado,Netherlands Antilles
88434,Orgânico,2024-03-25,Não Convertido,,0.0,Moderado,Cambodia
88435,TikTok,2024-03-30,Não Convertido,,0.0,Moderado,Iran
88436,Google Ads,2024-03-30,Convertido,22.0,7565.47,Agressivo,Norway
88437,WhatsApp,2024-03-28,Não Convertido,,0.0,Conservador,Lesotho
88438,Orgânico,2024-03-28,Não Convertido,,0.0,Conservador,Colombia
88439,Facebook,2024-03-28,Não Convertido,,0.0,Agressivo,Eritrea
88440,YouTube Ads,2024-03-29,Convertido,6.0,3094.26,Moderado,Isle of Man
88441,Indicação,2024-03-29,Não Convertido,,0.0,Conservador,Palestinian Territory
88442,YouTube Ads,2024-03-26,Não Convertido,,0.0,Agressivo,Thailand
88443,Orgânico,2024-03-27,Não Convertido,,0.0,Conservador,Nigeria
88444,E-mail Marketing,2024-03-29,Não Convertido,,0.0,Agressivo,French Southern Territories
88445,Instagram,2024-03-27,Não Convertido,,0.0,Moderado,Guyana
88446,WhatsApp,2024-03-28,Convertido,17.0,5439.47,Agressivo,Austria
88447,E-mail Marketing,2024-03-27,Não Convertido,,0.0,Conservador,Turkey
88448,TikTok,2024-03-25,Convertido,29.0,2361.48,Agressivo,Norfolk Island
88449,Instagram,2024-03-29,Não Convertido,,0.0,Moderado,Thailand
88450,Indicação,2024-03-27,Não Convertido,,0.0,Agressivo,Tanzania
88451,WhatsApp,2024-03-27,Não Convertido,,0.0,Agressivo,Antigua and Barbuda
88452,WhatsApp,2024-03-26,Não Convertido,,0.0,Moderado,Denmark
88453,Instagram,2024-03-27,Não Convertido,,0.0,Moderado,Niue
88454,Orgânico,2024-03-30,Não Convertido,,0.0,Conservador,Equatorial Guinea
88455,Facebook,2024-03-30,Não Convertido,,0.0,Moderado,United Kingdom
88456,TikTok,2024-03-25,Não Convertido,,0.0,Moderado,Senegal
88457,Instagram,2024-03-27,Não Convertido,,0.0,Moderado,Cocos (Keeling) Islands
88458,Facebook,2024-03-26,Convertido,5.0,5867.52,Moderado,Morocco
88459,Orgânico,2024-03-27,Não Convertido,,0.0,Agressivo,Argentina
88460,Orgânico,2024-03-27,Não Convertido,,0.0,Desconhecido,Palau
88461,TikTok,2024-03-26,Não Convertido,,0.0,Conservador,Finland
88462,Orgânico,2024-03-30,Não Convertido,,0.0,Conservador,Turkmenistan
88463,Instagram,2024-03-28,Não Convertido,,0.0,Conservador,Mozambique
88464,TikTok,2024-03-27,Não Convertido,,0.0,Desconhecido,Haiti
88465,Orgânico,2024-03-26,Não Convertido,,0.0,Agressivo,Israel
88466,Facebook,2024-03-28,Não Convertido,,0.0,Agressivo,Guam
88467,Orgânico,2024-03-28,Não Convertido,,0.0,Moderado,Somalia
88468,Orgânico,2024-03-25,Não Convertido,,0.0,Desconhecido,Taiwan
88469,Indicação,2024-03-27,Não Convertido,,0.0,Agressivo,Cocos (Keeling) Islands
88470,YouTube Ads,2024-03-25,Não Convertido,,0.0,Moderado,Croatia
88471,Facebook,2024-03-28,Convertido,22.0,7850.78,Agressivo,Uzbekistan
88472,Orgânico,2024-03-29,Não Convertido,,0.0,Moderado,Namibia
88473,WhatsApp,2024-03-28,Não Convertido,,0.0,Moderado,Singapore
88474,Orgânico,2024-03-25,Não Convertido,,0.0,Agressivo,Montserrat
88475,Instagram,2024-03-27,Convertido,3.0,3316.87,Agressivo,United States Minor Outlying Islands
88476,YouTube Ads,2024-03-29,Não Convertido,,0.0,Agressivo,El Salvador
88477,YouTube Ads,2024-03-28,Não Convertido,,0.0,Conservador,Christmas Island
88478,Orgânico,2024-03-27,Não Convertido,,0.0,Agressivo,Mozambique
88479,Instagram,2024-03-28,Não Convertido,,0.0,Moderado,Tajikistan
88480,Instagram,2024-03-27,Não Convertido,,0.0,Moderado,Afghanistan
88481,Instagram,2024-03-30,Não Convertido,,0.0,Agressivo,Senegal
88482,Instagram,2024-03-26,Não Convertido,,0.0,Moderado,Bahamas
88483,Google Ads,2024-03-29,Não Convertido,,0.0,Conservador,Netherlands
88484,YouTube Ads,2024-03-27,Não Convertido,,0.0,Agressivo,Monaco
88485,Orgânico,2024-03-26,Não Convertido,,0.0,Moderado,Tokelau
88486,Facebook,2024-03-29,Não Convertido,,0.0,Conservador,Algeria
88487,WhatsApp,2024-03-29,Não Convertido,,0.0,Moderado,New Caledonia
88488,WhatsApp,2024-03-30,Não Convertido,,0.0,Conservador,Swaziland
88489,Facebook,2024-03-25,Não Convertido,,0.0,Moderado,Georgia
88490,Orgânico,2024-03-25,Não Convertido,,0.0,Moderado,Venezuela
88491,WhatsApp,2024-03-25,Não Convertido,,0.0,Moderado,Madagascar
88492,Instagram,2024-03-29,Não Convertido,,0.0,Agressivo,Chad
88493,Instagram,2024-03-28,Não Convertido,,0.0,Moderado,Nepal
88494,Instagram,2024-03-26,Não Convertido,,0.0,Moderado,Finland
88495,E-mail Marketing,2024-03-28,Não Convertido,,0.0,Desconhecido,Cook Islands
88496,YouTube Ads,2024-03-26,Não Convertido,,0.0,Agressivo,Northern Mariana Islands
88497,Facebook,2024-03-28,Não Convertido,,0.0,Moderado,Israel
88498,TikTok,2024-03-27,Não Convertido,,0.0,Conservador,Mauritania
88499,E-mail Marketing,2024-03-27,Não Convertido,,0.0,Moderado,Sweden
88500,TikTok,2024-03-25,Não Convertido,,0.0,Moderado,Uganda
88501,Orgânico,2024-03-27,Não Convertido,,0.0,Agressivo,Liechtenstein
88502,YouTube Ads,2024-03-26,Não Convertido,,0.0,Moderado,Tajikistan
88503,Orgânico,2024-03-25,Não Convertido,,0.0,Agressivo,Gabon
88504,Orgânico,2024-03-30,Não Convertido,,0.0,Agressivo,Botswana
88505,YouTube Ads,2024-03-25,Não Convertido,,0.0,Moderado,Marshall Islands
88506,Instagram,2024-03-30,Não Convertido,,0.0,Agressivo,Saint Martin
88507,Orgânico,2024-03-30,Não Convertido,,0.0,Conservador,Tonga
88508,E-mail Marketing,2024-03-29,Convertido,18.0,278.79,Moderado,Uruguay
88509,Orgânico,2024-03-28,Não Convertido,,0.0,Conservador,Cote d'Ivoire
88510,Orgânico,2024-03-30,Não Convertido,,0.0,Desconhecido,Serbia
88511,E-mail Marketing,2024-03-28,Convertido,25.0,2008.64,Moderado,Dominica
88512,TikTok,2024-03-30,Não Convertido,,0.0,Moderado,Djibouti
88513,Facebook,2024-03-30,Não Convertido,,0.0,Desconhecido,France
88514,Orgânico,2024-03-25,Não Convertido,,0.0,Conservador,Swaziland
88515,Orgânico,2024-03-25,Não Convertido,,0.0,Conservador,Maldives
88516,Google Ads,2024-03-28,Não Convertido,,0.0,Agressivo,Israel
88517,Orgânico,2024-03-27,Não Convertido,,0.0,Moderado,Puerto Rico
88518,E-mail Marketing,2024-03-28,Não Convertido,,0.0,Moderado,Yemen
88519,Orgânico,2024-03-29,Não Convertido,,0.0,Conservador,Oman
88520,Orgânico,2024-03-26,Não Convertido,,0.0,Agressivo,Burundi
88521,Orgânico,2024-03-25,Convertido,22.0,589.93,Agressivo,Vanuatu
88522,Instagram,2024-03-29,Não Convertido,,0.0,Moderado,Syrian Arab Republic
88523,Instagram,2024-03-30,Não Convertido,,0.0,Moderado,Barbados
88524,E-mail Marketing,2024-03-25,Não Convertido,,0.0,Moderado,Jordan
88525,YouTube Ads,2024-03-26,Não Convertido,,0.0,Agressivo,Colombia
88526,Instagram,2024-03-27,Não Convertido,,0.0,Moderado,Bulgaria
88527,Instagram,2024-03-30,Não Convertido,,0.0,Agressivo,Uzbekistan
88528,Orgânico,2024-03-27,Não Convertido,,0.0,Moderado,Pitcairn Islands
88529,Orgânico,2024-03-30,Não Convertido,,0.0,Moderado,Nicaragua
88530,YouTube Ads,2024-03-26,Não Convertido,,0.0,Moderado,Lebanon
88531,Instagram,2024-03-26,Não Convertido,,0.0,Agressivo,Fiji
88532,WhatsApp,2024-03-27,Convertido,0.0,8525.22,Moderado,Bangladesh
88533,E-mail Marketing,2024-03-27,Não Convertido,,0.0,Conservador,Puerto Rico
88534,E-mail Marketing,2024-03-26,Não Convertido,,0.0,Agressivo,Malta
88535,TikTok,2024-03-30,Não Convertido,,0.0,Desconhecido,Sri Lanka
88536,WhatsApp,2024-03-29,Não Convertido,,0.0,Moderado,Monaco
88537,Orgânico,2024-03-29,Convertido,20.0,3533.31,Moderado,Suriname
88538,TikTok,2024-03-30,Não Convertido,,0.0,Agressivo,Slovakia (Slovak Republic)
88539,Google Ads,2024-03-29,Não Convertido,,0.0,Moderado,Montenegro
88540,WhatsApp,2024-03-30,Não Convertido,,0.0,Moderado,Poland
88541,Orgânico,2024-03-29,Convertido,1.0,2346.29,Conservador,Mali
88542,WhatsApp,2024-03-28,Não Convertido,,0.0,Conservador,Bangladesh
88543,Instagram,2024-03-30,Não Convertido,,0.0,Moderado,Dominica
88544,Google Ads,2024-03-29,Não Convertido,,0.0,Conservador,Vanuatu
88545,Instagram,2024-03-25,Não Convertido,,0.0,Desconhecido,Taiwan
88546,Orgânico,2024-03-27,Não Convertido,,0.0,Agressivo,Barbados
88547,E-mail Marketing,2024-03-25,Não Convertido,,0.0,Moderado,Isle of Man
88548,Indicação,2024-03-25,Não Convertido,,0.0,Conservador,Niue
88549,Facebook,2024-03-27,Não Convertido,,0.0,Agressivo,United States Virgin Islands
88550,Facebook,2024-03-29,Não Convertido,,0.0,Agressivo,Suriname
88551,Orgânico,2024-03-30,Não Convertido,,0.0,Moderado,Iraq
88552,YouTube Ads,2024-03-25,Não Convertido,,0.0,Conservador,Cocos (Keeling) Islands
88553,E-mail Marketing,2024-03-25,Não Convertido,,0.0,Desconhecido,Liechtenstein
88554,Indicação,2024-03-29,Não Convertido,,0.0,Desconhecido,Cambodia
88555,E-mail Marketing,2024-03-28,Não Convertido,,0.0,Moderado,Lithuania
88556,E-mail Marketing,2024-03-29,Não Convertido,,0.0,Moderado,Malta
88557,WhatsApp,2024-03-26,Convertido,16.0,9926.16,Agressivo,San Marino
88558,YouTube Ads,2024-03-28,Não Convertido,,0.0,Desconhecido,El Salvador
88559,Instagram,2024-03-29,Não Convertido,,0.0,Moderado,Turkey
88560,TikTok,2024-03-30,Não Convertido,,0.0,Agressivo,Vanuatu
88561,YouTube Ads,2024-03-27,Não Convertido,,0.0,Agressivo,Zambia
88562,Facebook,2024-03-26,Não Convertido,,0.0,Moderado,Montserrat
88563,Google Ads,2024-03-29,Não Convertido,,0.0,Agressivo,Equatorial Guinea
88564,YouTube Ads,2024-03-25,Não Convertido,,0.0,Agressivo,Bosnia and Herzegovina
88565,Orgânico,2024-03-25,Não Convertido,,0.0,Moderado,Panama
88566,WhatsApp,2024-03-25,Não Convertido,,0.0,Conservador,Liechtenstein
88567,WhatsApp,2024-03-30,Não Convertido,,0.0,Agressivo,Afghanistan
88568,Instagram,2024-03-30,Não Convertido,,0.0,Agressivo,Bouvet Island (Bouvetoya)
88569,WhatsApp,2024-03-30,Não Convertido,,0.0,Agressivo,Antarctica (the territory South of 60 deg S)
88570,WhatsApp,2024-03-26,Não Convertido,,0.0,Agressivo,Swaziland
88571,E-mail Marketing,2024-03-27,Convertido,28.0,7025.6,Moderado,Maldives
88572,Instagram,2024-03-29,Não Convertido,,0.0,Agressivo,Ghana
88573,TikTok,2024-03-30,Não Convertido,,0.0,Conservador,Philippines
88574,TikTok,2024-03-29,Não Convertido,,0.0,Conservador,Spain
88575,Google Ads,2024-03-25,Não Convertido,,0.0,Moderado,Venezuela
88576,WhatsApp,2024-03-27,Não Convertido,,0.0,Moderado,Guatemala
88577,Google Ads,2024-03-30,Não Convertido,,0.0,Conservador,Saint Pierre and Miquelon
88578,Instagram,2024-03-27,Não Convertido,,0.0,Moderado,Mali
88579,Instagram,2024-03-27,Não Convertido,,0.0,Moderado,Uganda
88580,E-mail Marketing,2024-03-27,Não Convertido,,0.0,Conservador,Timor-Leste
88581,Instagram,2024-03-27,Não Convertido,,0.0,Desconhecido,Cape Verde
88582,TikTok,2024-03-25,Não Convertido,,0.0,Moderado,Mozambique
88583,Orgânico,2024-03-25,Não Convertido,,0.0,Moderado,Uruguay
88584,TikTok,2024-03-29,Não Convertido,,0.0,Moderado,Bahrain
88585,Instagram,2024-03-28,Não Convertido,,0.0,Agressivo,Saint Vincent and the Grenadines
88586,Orgânico,2024-03-25,Não Convertido,,0.0,Moderado,Belarus
88587,E-mail Marketing,2024-03-28,Não Convertido,,0.0,Moderado,Liberia
88588,TikTok,2024-03-28,Não Convertido,,0.0,Agressivo,Paraguay
88589,Orgânico,2024-03-30,Não Convertido,,0.0,Moderado,Mauritius
88590,WhatsApp,2024-03-28,Não Convertido,,0.0,Agressivo,Cayman Islands
88591,Orgânico,2024-03-25,Não Convertido,,0.0,Moderado,Netherlands Antilles
88592,Orgânico,2024-03-30,Não Convertido,,0.0,Moderado,Guyana
88593,Orgânico,2024-03-26,Não Convertido,,0.0,Moderado,Lebanon
88594,E-mail Marketing,2024-03-28,Não Convertido,,0.0,Moderado,Haiti
88595,Orgânico,2024-03-25,Não Convertido,,0.0,Conservador,Congo
88596,E-mail Marketing,2024-03-29,Não Convertido,,0.0,Moderado,Saint Lucia
88597,Instagram,2024-03-27,Convertido,8.0,8191.17,Desconhecido,Solomon Islands
88598,Facebook,2024-03-25,Não Convertido,,0.0,Desconhecido,Gambia
88599,Google Ads,2024-03-25,Não Convertido,,0.0,Agressivo,Western Sahara
88600,E-mail Marketing,2024-03-25,Não Convertido,,0.0,Agressivo,Puerto Rico
88601,E-mail Marketing,2024-03-27,Não Convertido,,0.0,Conservador,Netherlands Antilles
88602,E-mail Marketing,2024-03-25,Não Convertido,,0.0,Agressivo,Niue
88603,Google Ads,2024-03-25,Não Convertido,,0.0,Agressivo,Kiribati
88604,E-mail Marketing,2024-03-30,Não Convertido,,0.0,Moderado,El Salvador
88605,Google Ads,2024-03-26,Não Convertido,,0.0,Agressivo,Brazil
88606,E-mail Marketing,2024-03-25,Não Convertido,,0.0,Agressivo,Martinique
88607,YouTube Ads,2024-03-28,Não Convertido,,0.0,Conservador,Montserrat
88608,E-mail Marketing,2024-03-29,Não Convertido,,0.0,Moderado,Poland
88609,Orgânico,2024-03-26,Não Convertido,,0.0,Moderado,Taiwan
88610,TikTok,2024-03-27,Não Convertido,,0.0,Agressivo,Libyan Arab Jamahiriya
88611,TikTok,2024-03-29,Não Convertido,,0.0,Agressivo,Nepal
88612,WhatsApp,2024-03-26,Convertido,13.0,7540.15,Agressivo,Paraguay
88613,TikTok,2024-03-27,Não Convertido,,0.0,Desconhecido,Isle of Man
88614,TikTok,2024-03-28,Não Convertido,,0.0,Desconhecido,Saint Vincent and the Grenadines
88615,Instagram,2024-03-27,Não Convertido,,0.0,Moderado,Venezuela
88616,Orgânico,2024-03-25,Não Convertido,,0.0,Moderado,Thailand
88617,TikTok,2024-03-27,Não Convertido,,0.0,Moderado,United States Minor Outlying Islands
88618,Google Ads,2024-03-29,Não Convertido,,0.0,Agressivo,Gambia
88619,Indicação,2024-03-25,Não Convertido,,0.0,Agressivo,Somalia
88620,Google Ads,2024-03-26,Não Convertido,,0.0,Moderado,Bermuda
88621,Instagram,2024-03-28,Não Convertido,,0.0,Agressivo,Norfolk Island
88622,Instagram,2024-03-28,Não Convertido,,0.0,Moderado,Somalia
88623,Instagram,2024-03-29,Não Convertido,,0.0,Moderado,Sierra Leone
88624,TikTok,2024-03-28,Não Convertido,,0.0,Moderado,Samoa
88625,TikTok,2024-03-29,Não Convertido,,0.0,Desconhecido,Ecuador
88626,YouTube Ads,2024-03-29,Não Convertido,,0.0,Moderado,Guinea
88627,Google Ads,2024-03-27,Não Convertido,,0.0,Moderado,Senegal
88628,TikTok,2024-03-27,Não Convertido,,0.0,Conservador,Guernsey
88629,Facebook,2024-03-25,Não Convertido,,0.0,Moderado,Panama
88630,Instagram,2024-03-30,Não Convertido,,0.0,Moderado,Tokelau
88631,Instagram,2024-03-25,Não Convertido,,0.0,Agressivo,Luxembourg
88632,WhatsApp,2024-03-28,Não Convertido,,0.0,Moderado,South Africa
88633,WhatsApp,2024-03-28,Não Convertido,,0.0,Moderado,Iceland
88634,Orgânico,2024-03-28,Não Convertido,,0.0,Moderado,Jamaica
88635,Orgânico,2024-03-26,Não Convertido,,0.0,Moderado,United States Minor Outlying Islands
88636,Instagram,2024-03-26,Não Convertido,,0.0,Moderado,India
88637,Instagram,2024-03-27,Não Convertido,,0.0,Moderado,Portugal
88638,YouTube Ads,2024-03-26,Não Convertido,,0.0,Agressivo,Serbia
88639,Orgânico,2024-03-30,Não Convertido,,0.0,Agressivo,Mozambique
88640,Facebook,2024-03-29,Não Convertido,,0.0,Moderado,Turkey
88641,E-mail Marketing,2024-03-26,Não Convertido,,0.0,Moderado,Libyan Arab Jamahiriya
88642,YouTube Ads,2024-03-26,Não Convertido,,0.0,Conservador,Costa Rica
88643,YouTube Ads,2024-03-30,Não Convertido,,0.0,Conservador,Panama
88644,Instagram,2024-03-28,Não Convertido,,0.0,Agressivo,Guernsey
88645,Google Ads,2024-03-28,Não Convertido,,0.0,Agressivo,Burkina Faso
88646,TikTok,2024-03-28,Não Convertido,,0.0,Moderado,Benin
88647,TikTok,2024-03-30,Não Convertido,,0.0,Agressivo,American Samoa
88648,WhatsApp,2024-03-26,Não Convertido,,0.0,Moderado,Tonga
88649,E-mail Marketing,2024-03-25,Não Convertido,,0.0,Moderado,Vanuatu
88650,E-mail Marketing,2024-03-26,Não Convertido,,0.0,Desconhecido,Israel
88651,Google Ads,2024-03-30,Não Convertido,,0.0,Moderado,United Kingdom
88652,Indicação,2024-03-28,Não Convertido,,0.0,Desconhecido,Fiji
88653,Instagram,2024-03-26,Não Convertido,,0.0,Moderado,Switzerland
88654,Instagram,2024-03-30,Não Convertido,,0.0,Conservador,Mauritius
88655,Facebook,2024-03-29,Não Convertido,,0.0,Moderado,Russian Federation
88656,Google Ads,2024-03-30,Não Convertido,,0.0,Agressivo,Belize
88657,TikTok,2024-03-30,Convertido,7.0,2370.2,Moderado,Korea
88658,Orgânico,2024-03-27,Não Convertido,,0.0,Agressivo,Gabon
88659,WhatsApp,2024-03-27,Não Convertido,,0.0,Agressivo,Christmas Island
88660,TikTok,2024-03-25,Não Convertido,,0.0,Agressivo,Chile
88661,E-mail Marketing,2024-03-25,Não Convertido,,0.0,Moderado,Syrian Arab Republic
88662,Orgânico,2024-03-28,Convertido,9.0,2466.01,Desconhecido,Marshall Islands
88663,Facebook,2024-03-26,Não Convertido,,0.0,Desconhecido,Swaziland
88664,Orgânico,2024-03-27,Não Convertido,,0.0,Moderado,Serbia
88665,E-mail Marketing,2024-03-25,Não Convertido,,0.0,Desconhecido,Libyan Arab Jamahiriya
88666,Orgânico,2024-03-30,Não Convertido,,0.0,Agressivo,Grenada
88667,E-mail Marketing,2024-03-27,Não Convertido,,0.0,Moderado,Somalia
88668,E-mail Marketing,2024-03-30,Não Convertido,,0.0,Agressivo,Svalbard & Jan Mayen Islands
88669,Indicação,2024-03-29,Não Convertido,,0.0,Moderado,Gambia
88670,Google Ads,2024-03-29,Não Convertido,,0.0,Agressivo,Pakistan
88671,E-mail Marketing,2024-03-25,Não Convertido,,0.0,Agressivo,Reunion
88672,WhatsApp,2024-03-29,Não Convertido,,0.0,Moderado,Iraq
88673,Google Ads,2024-03-25,Não Convertido,,0.0,Desconhecido,San Marino
88674,Orgânico,2024-03-28,Não Convertido,,0.0,Agressivo,Somalia
88675,WhatsApp,2024-03-28,Não Convertido,,0.0,Moderado,Cook Islands
88676,E-mail Marketing,2024-03-30,Não Convertido,,0.0,Desconhecido,Ireland
88677,Indicação,2024-03-27,Não Convertido,,0.0,Moderado,Lao People's Democratic Republic
88678,TikTok,2024-03-27,Não Convertido,,0.0,Conservador,Jordan
88679,Google Ads,2024-03-25,Não Convertido,,0.0,Conservador,Cote d'Ivoire
88680,Facebook,2024-03-26,Não Convertido,,0.0,Moderado,New Zealand
88681,Google Ads,2024-03-25,Não Convertido,,0.0,Conservador,Hong Kong
88682,TikTok,2024-03-26,Não Convertido,,0.0,Agressivo,Saint Vincent and the Grenadines
88683,Orgânico,2024-03-26,Não Convertido,,0.0,Moderado,Aruba
88684,Orgânico,2024-03-29,Não Convertido,,0.0,Moderado,Holy See (Vatican City State)
88685,Facebook,2024-03-30,Não Convertido,,0.0,Moderado,Turkmenistan
88686,WhatsApp,2024-03-30,Não Convertido,,0.0,Agressivo,Guam
88687,Instagram,2024-03-29,Não Convertido,,0.0,Moderado,United Kingdom
88688,Instagram,2024-03-27,Não Convertido,,0.0,Conservador,Saint Vincent and the Grenadines
88689,Orgânico,2024-03-25,Não Convertido,,0.0,Agressivo,Kazakhstan
88690,YouTube Ads,2024-03-26,Não Convertido,,0.0,Moderado,Guyana
88691,Google Ads,2024-03-28,Convertido,22.0,6980.84,Conservador,Vietnam
88692,Orgânico,2024-03-29,Não Convertido,,0.0,Conservador,Singapore
88693,E-mail Marketing,2024-03-28,Não Convertido,,0.0,Conservador,Turkey
88694,E-mail Marketing,2024-03-28,Não Convertido,,0.0,Agressivo,Angola
88695,TikTok,2024-03-25,Não Convertido,,0.0,Moderado,Lithuania
88696,Google Ads,2024-03-30,Não Convertido,,0.0,Moderado,United States Minor Outlying Islands
88697,YouTube Ads,2024-03-30,Não Convertido,,0.0,Desconhecido,Cyprus
88698,YouTube Ads,2024-03-27,Não Convertido,,0.0,Conservador,Uruguay
88699,Instagram,2024-03-25,Não Convertido,,0.0,Moderado,Bolivia
88700,YouTube Ads,2024-03-28,Não Convertido,,0.0,Moderado,Angola
88701,Google Ads,2024-03-27,Não Convertido,,0.0,Desconhecido,Mongolia
88702,Google Ads,2024-03-26,Não Convertido,,0.0,Moderado,Nauru
88703,TikTok,2024-03-25,Não Convertido,,0.0,Conservador,Svalbard & Jan Mayen Islands
88704,Instagram,2024-03-30,Não Convertido,,0.0,Moderado,Macao
88705,E-mail Marketing,2024-03-26,Não Convertido,,0.0,Agressivo,Cambodia
88706,Google Ads,2024-03-30,Não Convertido,,0.0,Moderado,Switzerland
88707,Facebook,2024-03-30,Não Convertido,,0.0,Agressivo,Turkey
88708,TikTok,2024-03-27,Não Convertido,,0.0,Agressivo,Turks and Caicos Islands
88709,Orgânico,2024-03-30,Não Convertido,,0.0,Desconhecido,Dominica
88710,E-mail Marketing,2024-03-30,Não Convertido,,0.0,Agressivo,Korea
88711,Facebook,2024-03-29,Não Convertido,,0.0,Conservador,Colombia
88712,Google Ads,2024-03-27,Não Convertido,,0.0,Agressivo,Saint Martin
88713,Orgânico,2024-03-29,Não Convertido,,0.0,Agressivo,Senegal
88714,Instagram,2024-03-29,Não Convertido,,0.0,Moderado,Estonia
88715,E-mail Marketing,2024-03-29,Não Convertido,,0.0,Agressivo,French Southern Territories
88716,Instagram,2024-03-29,Não Convertido,,0.0,Agressivo,Brunei Darussalam
88717,E-mail Marketing,2024-03-28,Não Convertido,,0.0,Agressivo,Andorra
88718,E-mail Marketing,2024-03-28,Não Convertido,,0.0,Conservador,Cayman Islands
88719,TikTok,2024-03-26,Não Convertido,,0.0,Desconhecido,Afghanistan
88720,E-mail Marketing,2024-03-28,Não Convertido,,0.0,Moderado,Guinea-Bissau
88721,E-mail Marketing,2024-03-28,Não Convertido,,0.0,Desconhecido,Netherlands
88722,Instagram,2024-03-27,Não Convertido,,0.0,Moderado,Guinea
88723,E-mail Marketing,2024-03-27,Não Convertido,,0.0,Moderado,Chile
88724,Orgânico,2024-03-27,Não Convertido,,0.0,Conservador,Kuwait
88725,Facebook,2024-03-29,Não Convertido,,0.0,Moderado,Bermuda
88726,Orgânico,2024-03-27,Não Convertido,,0.0,Conservador,Burundi
88727,Google Ads,2024-03-26,Não Convertido,,0.0,Moderado,Austria
88728,E-mail Marketing,2024-03-29,Não Convertido,,0.0,Agressivo,Syrian Arab Republic
88729,Facebook,2024-03-25,Não Convertido,,0.0,Moderado,Chile
88730,WhatsApp,2024-03-26,Não Convertido,,0.0,Conservador,Benin
88731,Instagram,2024-03-25,Não Convertido,,0.0,Moderado,Yemen
88732,Instagram,2024-03-25,Não Convertido,,0.0,Moderado,Grenada
88733,YouTube Ads,2024-03-27,Não Convertido,,0.0,Desconhecido,Belize
88734,Orgânico,2024-03-30,Não Convertido,,0.0,Moderado,Isle of Man
88735,Indicação,2024-03-28,Não Convertido,,0.0,Desconhecido,Zimbabwe
88736,TikTok,2024-03-25,Não Convertido,,0.0,Moderado,Saint Helena
88737,Instagram,2024-03-25,Não Convertido,,0.0,Agressivo,Paraguay
88738,Facebook,2024-03-28,Não Convertido,,0.0,Agressivo,Finland
88739,Orgânico,2024-03-28,Não Convertido,,0.0,Moderado,Comoros
88740,Orgânico,2024-03-28,Não Convertido,,0.0,Moderado,Myanmar
88741,WhatsApp,2024-03-28,Não Convertido,,0.0,Agressivo,Belarus
88742,YouTube Ads,2024-03-30,Não Convertido,,0.0,Moderado,Japan
88743,TikTok,2024-03-26,Não Convertido,,0.0,Agressivo,Korea
88744,WhatsApp,2024-03-25,Não Convertido,,0.0,Conservador,Svalbard & Jan Mayen Islands
88745,Orgânico,2024-03-29,Não Convertido,,0.0,Conservador,Greece
88746,Instagram,2024-03-27,Não Convertido,,0.0,Moderado,Uzbekistan
88747,Orgânico,2024-03-29,Convertido,9.0,7180.96,Moderado,Suriname
88748,Google Ads,2024-03-25,Não Convertido,,0.0,Conservador,United States of America
88749,Google Ads,2024-03-30,Convertido,20.0,6347.03,Conservador,Russian Federation
88750,TikTok,2024-03-30,Não Convertido,,0.0,Agressivo,Israel
88751,Instagram,2024-03-29,Não Convertido,,0.0,Moderado,Gabon
88752,Indicação,2024-03-25,Não Convertido,,0.0,Desconhecido,Romania
88753,WhatsApp,2024-03-27,Não Convertido,,0.0,Moderado,Bulgaria
88754,Indicação,2024-03-26,Não Convertido,,0.0,Moderado,Gibraltar
88755,TikTok,2024-03-27,Não Convertido,,0.0,Moderado,Congo
88756,YouTube Ads,2024-03-26,Não Convertido,,0.0,Moderado,French Southern Territories
88757,TikTok,2024-03-25,Não Convertido,,0.0,Moderado,Aruba
88758,Indicação,2024-03-26,Não Convertido,,0.0,Moderado,Sri Lanka
88759,Facebook,2024-03-28,Não Convertido,,0.0,Agressivo,Aruba
88760,Instagram,2024-03-25,Não Convertido,,0.0,Agressivo,Iran
88761,Facebook,2024-03-26,Não Convertido,,0.0,Moderado,Turkmenistan
88762,Orgânico,2024-03-26,Não Convertido,,0.0,Agressivo,American Samoa
88763,Indicação,2024-03-28,Não Convertido,,0.0,Agressivo,Costa Rica
88764,Instagram,2024-03-27,Não Convertido,,0.0,Moderado,United Kingdom
88765,Orgânico,2024-03-30,Não Convertido,,0.0,Conservador,Liechtenstein
88766,WhatsApp,2024-03-27,Não Convertido,,0.0,Agressivo,Cambodia
88767,Google Ads,2024-03-26,Não Convertido,,0.0,Moderado,Fiji
88768,Orgânico,2024-03-26,Não Convertido,,0.0,Desconhecido,Guyana
88769,TikTok,2024-03-25,Não Convertido,,0.0,Desconhecido,Grenada
88770,Instagram,2024-03-30,Não Convertido,,0.0,Agressivo,Taiwan
88771,TikTok,2024-03-26,Não Convertido,,0.0,Desconhecido,Costa Rica
88772,Google Ads,2024-03-29,Não Convertido,,0.0,Desconhecido,Senegal
88773,Indicação,2024-03-27,Não Convertido,,0.0,Agressivo,Tanzania
88774,Indicação,2024-03-26,Não Convertido,,0.0,Agressivo,Belize
88775,TikTok,2024-03-25,Não Convertido,,0.0,Desconhecido,Egypt
88776,Facebook,2024-03-29,Não Convertido,,0.0,Agressivo,French Guiana
88777,Orgânico,2024-03-30,Não Convertido,,0.0,Moderado,Dominica
88778,TikTok,2024-03-29,Não Convertido,,0.0,Moderado,Cyprus
88779,Orgânico,2024-03-25,Não Convertido,,0.0,Agressivo,Azerbaijan
88780,Orgânico,2024-03-28,Não Convertido,,0.0,Moderado,Northern Mariana Islands
88781,TikTok,2024-03-30,Não Convertido,,0.0,Moderado,Luxembourg
88782,TikTok,2024-03-25,Não Convertido,,0.0,Conservador,Saint Vincent and the Grenadines
88783,Instagram,2024-03-26,Não Convertido,,0.0,Agressivo,Paraguay
88784,Orgânico,2024-03-30,Não Convertido,,0.0,Conservador,Lithuania
88785,WhatsApp,2024-03-29,Não Convertido,,0.0,Agressivo,Canada
88786,WhatsApp,2024-03-29,Não Convertido,,0.0,Moderado,New Zealand
88787,Google Ads,2024-03-29,Não Convertido,,0.0,Moderado,Botswana
88788,Facebook,2024-03-25,Não Convertido,,0.0,Conservador,Solomon Islands
88789,E-mail Marketing,2024-03-26,Não Convertido,,0.0,Moderado,Latvia
88790,TikTok,2024-03-25,Não Convertido,,0.0,Moderado,Hungary
88791,TikTok,2024-03-30,Não Convertido,,0.0,Moderado,Poland
88792,YouTube Ads,2024-03-30,Não Convertido,,0.0,Moderado,United States Virgin Islands
88793,TikTok,2024-03-25,Convertido,15.0,4080.55,Moderado,Puerto Rico
88794,Instagram,2024-03-28,Convertido,12.0,4780.53,Moderado,Saint Helena
88795,WhatsApp,2024-03-26,Não Convertido,,0.0,Moderado,Mauritania
88796,TikTok,2024-03-25,Não Convertido,,0.0,Agressivo,Norway
88797,Indicação,2024-03-30,Não Convertido,,0.0,Conservador,South Georgia and the South Sandwich Islands
88798,E-mail Marketing,2024-03-28,Não Convertido,,0.0,Conservador,Isle of Man
88799,Instagram,2024-03-27,Não Convertido,,0.0,Moderado,Saint Pierre and Miquelon
88800,YouTube Ads,2024-03-27,Não Convertido,,0.0,Conservador,Nauru
88801,Orgânico,2024-03-27,Não Convertido,,0.0,Agressivo,Turkey
88802,Orgânico,2024-03-27,Não Convertido,,0.0,Moderado,Cote d'Ivoire
88803,Facebook,2024-03-26,Não Convertido,,0.0,Agressivo,Niue
88804,E-mail Marketing,2024-03-28,Convertido,23.0,4287.41,Moderado,British Virgin Islands
88805,WhatsApp,2024-03-29,Não Convertido,,0.0,Conservador,Cape Verde
88806,Google Ads,2024-03-26,Convertido,26.0,2616.81,Agressivo,Central African Republic
88807,Google Ads,2024-03-26,Convertido,25.0,3518.97,Desconhecido,Singapore
88808,Google Ads,2024-03-30,Não Convertido,,0.0,Agressivo,Belarus
88809,Instagram,2024-03-30,Não Convertido,,0.0,Agressivo,Bosnia and Herzegovina
88810,Instagram,2024-03-26,Não Convertido,,0.0,Moderado,Western Sahara
88811,Orgânico,2024-03-30,Convertido,14.0,7013.81,Moderado,Belgium
88812,Orgânico,2024-03-30,Não Convertido,,0.0,Agressivo,Morocco
88813,E-mail Marketing,2024-03-29,Não Convertido,,0.0,Moderado,Andorra
88814,Instagram,2024-03-29,Não Convertido,,0.0,Moderado,Netherlands
88815,Facebook,2024-03-27,Não Convertido,,0.0,Agressivo,Lebanon
88816,TikTok,2024-03-28,Não Convertido,,0.0,Agressivo,Finland
88817,E-mail Marketing,2024-03-27,Não Convertido,,0.0,Moderado,Turkey
88818,WhatsApp,2024-03-29,Não Convertido,,0.0,Agressivo,Madagascar
88819,Orgânico,2024-03-26,Não Convertido,,0.0,Moderado,Barbados
88820,E-mail Marketing,2024-03-30,Não Convertido,,0.0,Conservador,Cote d'Ivoire
88821,TikTok,2024-03-26,Não Convertido,,0.0,Moderado,Afghanistan
88822,YouTube Ads,2024-03-26,Não Convertido,,0.0,Moderado,Andorra
88823,Google Ads,2024-03-25,Não Convertido,,0.0,Agressivo,Korea
88824,Instagram,2024-03-29,Não Convertido,,0.0,Conservador,Northern Mariana Islands
88825,YouTube Ads,2024-03-25,Não Convertido,,0.0,Agressivo,Moldova
88826,Orgânico,2024-03-28,Não Convertido,,0.0,Moderado,Honduras
88827,WhatsApp,2024-03-25,Não Convertido,,0.0,Moderado,Dominica
88828,Instagram,2024-03-29,Não Convertido,,0.0,Agressivo,Falkland Islands (Malvinas)
88829,Facebook,2024-03-27,Não Convertido,,0.0,Agressivo,Timor-Leste
88830,E-mail Marketing,2024-03-27,Não Convertido,,0.0,Moderado,Morocco
88831,E-mail Marketing,2024-03-30,Não Convertido,,0.0,Moderado,Guernsey
88832,Google Ads,2024-03-29,Não Convertido,,0.0,Agressivo,Lao People's Democratic Republic
88833,Instagram,2024-03-27,Não Convertido,,0.0,Conservador,Malta
88834,YouTube Ads,2024-03-27,Não Convertido,,0.0,Desconhecido,Mauritius
88835,Google Ads,2024-03-28,Não Convertido,,0.0,Agressivo,Saint Martin
88836,Google Ads,2024-03-28,Não Convertido,,0.0,Conservador,United Arab Emirates
88837,E-mail Marketing,2024-03-27,Não Convertido,,0.0,Moderado,Norfolk Island
88838,WhatsApp,2024-03-26,Não Convertido,,0.0,Conservador,Bulgaria
88839,Orgânico,2024-03-29,Não Convertido,,0.0,Agressivo,Czech Republic
88840,E-mail Marketing,2024-03-25,Não Convertido,,0.0,Agressivo,Maldives
88841,YouTube Ads,2024-03-26,Não Convertido,,0.0,Conservador,Togo
88842,WhatsApp,2024-03-29,Não Convertido,,0.0,Moderado,Belize
88843,Orgânico,2024-03-29,Não Convertido,,0.0,Moderado,Benin
88844,E-mail Marketing,2024-03-25,Não Convertido,,0.0,Conservador,Tonga
88845,YouTube Ads,2024-03-30,Não Convertido,,0.0,Agressivo,American Samoa
88846,WhatsApp,2024-03-28,Não Convertido,,0.0,Desconhecido,Turks and Caicos Islands
88847,Instagram,2024-03-29,Convertido,3.0,8229.28,Moderado,Andorra
88848,Facebook,2024-03-29,Não Convertido,,0.0,Moderado,Netherlands Antilles
88849,Orgânico,2024-03-27,Não Convertido,,0.0,Moderado,Iran
88850,YouTube Ads,2024-03-26,Não Convertido,,0.0,Moderado,Bangladesh
88851,Orgânico,2024-03-30,Não Convertido,,0.0,Desconhecido,Benin
88852,Google Ads,2024-03-26,Não Convertido,,0.0,Conservador,Guinea
88853,Instagram,2024-03-30,Não Convertido,,0.0,Moderado,Guinea-Bissau
88854,TikTok,2024-03-25,Convertido,29.0,3914.73,Moderado,El Salvador
88855,TikTok,2024-03-30,Não Convertido,,0.0,Conservador,Guatemala
88856,Indicação,2024-03-25,Não Convertido,,0.0,Moderado,Kuwait
88857,Google Ads,2024-03-28,Não Convertido,,0.0,Agressivo,Papua New Guinea
88858,E-mail Marketing,2024-03-26,Não Convertido,,0.0,Agressivo,Mayotte
88859,YouTube Ads,2024-03-29,Não Convertido,,0.0,Desconhecido,South Georgia and the South Sandwich Islands
88860,Instagram,2024-03-25,Não Convertido,,0.0,Conservador,Greenland
88861,Google Ads,2024-03-27,Não Convertido,,0.0,Agressivo,Comoros
88862,WhatsApp,2024-03-26,Convertido,1.0,2593.43,Moderado,Malta
88863,Indicação,2024-03-27,Não Convertido,,0.0,Moderado,British Virgin Islands
88864,Google Ads,2024-03-25,Não Convertido,,0.0,Desconhecido,Burundi
88865,Google Ads,2024-03-29,Não Convertido,,0.0,Moderado,Slovakia (Slovak Republic)
88866,TikTok,2024-03-25,Não Convertido,,0.0,Moderado,Saint Vincent and the Grenadines
88867,WhatsApp,2024-03-26,Não Convertido,,0.0,Desconhecido,Cocos (Keeling) Islands
88868,Google Ads,2024-03-25,Não Convertido,,0.0,Moderado,Iran
88869,TikTok,2024-03-26,Não Convertido,,0.0,Agressivo,Argentina
88870,Facebook,2024-03-28,Não Convertido,,0.0,Moderado,Nauru
88871,Google Ads,2024-03-25,Não Convertido,,0.0,Agressivo,Cambodia
88872,Instagram,2024-03-28,Não Convertido,,0.0,Moderado,Vanuatu
88873,Instagram,2024-03-26,Não Convertido,,0.0,Moderado,Iran
88874,YouTube Ads,2024-03-26,Não Convertido,,0.0,Agressivo,Philippines
88875,Orgânico,2024-03-25,Não Convertido,,0.0,Moderado,Hungary
88876,Instagram,2024-03-30,Não Convertido,,0.0,Moderado,Liberia
88877,E-mail Marketing,2024-03-30,Não Convertido,,0.0,Conservador,British Virgin Islands
88878,Orgânico,2024-03-28,Não Convertido,,0.0,Moderado,Comoros
88879,Instagram,2024-03-27,Não Convertido,,0.0,Agressivo,Cuba
88880,Instagram,2024-03-26,Não Convertido,,0.0,Desconhecido,Saint Martin
88881,WhatsApp,2024-03-30,Não Convertido,,0.0,Conservador,Zimbabwe
88882,TikTok,2024-03-25,Não Convertido,,0.0,Agressivo,Brunei Darussalam
88883,Facebook,2024-03-26,Não Convertido,,0.0,Conservador,Mauritius
88884,Google Ads,2024-03-26,Não Convertido,,0.0,Moderado,Moldova
88885,Google Ads,2024-03-25,Não Convertido,,0.0,Moderado,Myanmar
88886,WhatsApp,2024-03-26,Não Convertido,,0.0,Moderado,Macao
88887,Facebook,2024-03-30,Não Convertido,,0.0,Agressivo,Heard Island and McDonald Islands
88888,Orgânico,2024-03-25,Não Convertido,,0.0,Agressivo,Tunisia
88889,TikTok,2024-03-29,Não Convertido,,0.0,Agressivo,Croatia
88890,Instagram,2024-03-26,Não Convertido,,0.0,Moderado,Rwanda
88891,Orgânico,2024-03-25,Não Convertido,,0.0,Conservador,Tonga
88892,Facebook,2024-03-29,Não Convertido,,0.0,Moderado,Saint Pierre and Miquelon
88893,Orgânico,2024-03-25,Não Convertido,,0.0,Moderado,Puerto Rico
88894,Orgânico,2024-03-30,Não Convertido,,0.0,Moderado,Ukraine
88895,TikTok,2024-03-29,Não Convertido,,0.0,Conservador,Grenada
88896,Google Ads,2024-03-27,Não Convertido,,0.0,Desconhecido,Haiti
88897,Orgânico,2024-03-26,Não Convertido,,0.0,Conservador,India
88898,Facebook,2024-03-28,Convertido,15.0,7235.33,Desconhecido,Honduras
88899,Google Ads,2024-03-29,Não Convertido,,0.0,Agressivo,Reunion
88900,Instagram,2024-03-28,Não Convertido,,0.0,Moderado,Colombia
88901,E-mail Marketing,2024-03-27,Não Convertido,,0.0,Agressivo,Kyrgyz Republic
88902,Orgânico,2024-03-28,Não Convertido,,0.0,Agressivo,Austria
88903,Instagram,2024-03-29,Convertido,16.0,4910.15,Moderado,Congo
88904,Facebook,2024-03-27,Não Convertido,,0.0,Desconhecido,Uzbekistan
88905,Google Ads,2024-03-30,Não Convertido,,0.0,Conservador,Cayman Islands
88906,E-mail Marketing,2024-03-26,Não Convertido,,0.0,Conservador,Isle of Man
88907,Orgânico,2024-03-27,Não Convertido,,0.0,Agressivo,Kyrgyz Republic
88908,Facebook,2024-03-26,Não Convertido,,0.0,Agressivo,Myanmar
88909,Facebook,2024-03-29,Não Convertido,,0.0,Moderado,Jamaica
88910,Orgânico,2024-03-25,Não Convertido,,0.0,Desconhecido,Seychelles
88911,Instagram,2024-03-29,Não Convertido,,0.0,Moderado,Zimbabwe
88912,Orgânico,2024-03-25,Não Convertido,,0.0,Moderado,Taiwan
88913,TikTok,2024-03-29,Não Convertido,,0.0,Moderado,Nauru
88914,Orgânico,2024-03-28,Não Convertido,,0.0,Agressivo,Myanmar
88915,TikTok,2024-03-26,Não Convertido,,0.0,Moderado,Mozambique
88916,Indicação,2024-03-28,Não Convertido,,0.0,Agressivo,Monaco
88917,TikTok,2024-03-26,Não Convertido,,0.0,Agressivo,New Zealand
88918,Orgânico,2024-03-26,Não Convertido,,0.0,Conservador,Comoros
88919,E-mail Marketing,2024-03-29,Não Convertido,,0.0,Conservador,Cyprus
88920,Instagram,2024-03-27,Não Convertido,,0.0,Moderado,New Zealand
88921,TikTok,2024-03-29,Não Convertido,,0.0,Agressivo,Georgia
88922,Orgânico,2024-03-29,Não Convertido,,0.0,Moderado,Honduras
88923,E-mail Marketing,2024-03-25,Não Convertido,,0.0,Moderado,Ethiopia
88924,Facebook,2024-03-26,Não Convertido,,0.0,Conservador,Algeria
88925,YouTube Ads,2024-03-30,Não Convertido,,0.0,Conservador,Netherlands
88926,Indicação,2024-03-30,Convertido,22.0,392.33,Moderado,Western Sahara
88927,WhatsApp,2024-03-26,Não Convertido,,0.0,Agressivo,Montenegro
88928,YouTube Ads,2024-03-26,Não Convertido,,0.0,Moderado,Japan
88929,Orgânico,2024-03-28,Não Convertido,,0.0,Moderado,Lesotho
88930,Facebook,2024-03-26,Não Convertido,,0.0,Moderado,Libyan Arab Jamahiriya
88931,Orgânico,2024-03-29,Não Convertido,,0.0,Moderado,Angola
88932,Google Ads,2024-03-27,Não Convertido,,0.0,Moderado,Guinea-Bissau
88933,Instagram,2024-03-26,Não Convertido,,0.0,Agressivo,Romania
88934,YouTube Ads,2024-03-26,Não Convertido,,0.0,Moderado,French Polynesia
88935,Facebook,2024-03-29,Não Convertido,,0.0,Agressivo,Georgia
88936,YouTube Ads,2024-03-28,Não Convertido,,0.0,Conservador,Bangladesh
88937,Instagram,2024-03-26,Não Convertido,,0.0,Desconhecido,Palau
88938,Orgânico,2024-03-26,Não Convertido,,0.0,Moderado,Algeria
88939,Orgânico,2024-03-26,Não Convertido,,0.0,Moderado,Zimbabwe
88940,Facebook,2024-03-28,Não Convertido,,0.0,Desconhecido,Turkmenistan
88941,TikTok,2024-03-26,Não Convertido,,0.0,Conservador,Western Sahara
88942,TikTok,2024-03-27,Não Convertido,,0.0,Moderado,Mauritania
88943,Orgânico,2024-03-29,Não Convertido,,0.0,Desconhecido,Liberia
88944,E-mail Marketing,2024-03-25,Convertido,15.0,1741.12,Moderado,Guam
88945,TikTok,2024-03-29,Não Convertido,,0.0,Conservador,China
88946,Instagram,2024-03-26,Não Convertido,,0.0,Agressivo,Madagascar
88947,Instagram,2024-03-28,Não Convertido,,0.0,Agressivo,Finland
88948,Orgânico,2024-03-28,Não Convertido,,0.0,Desconhecido,Belize
88949,TikTok,2024-03-30,Não Convertido,,0.0,Conservador,Angola
88950,E-mail Marketing,2024-03-30,Não Convertido,,0.0,Conservador,Svalbard & Jan Mayen Islands
88951,Facebook,2024-03-29,Não Convertido,,0.0,Agressivo,Italy
88952,Orgânico,2024-03-28,Não Convertido,,0.0,Moderado,French Southern Territories
88953,Orgânico,2024-03-26,Não Convertido,,0.0,Desconhecido,Wallis and Futuna
88954,Google Ads,2024-03-29,Não Convertido,,0.0,Moderado,Libyan Arab Jamahiriya
88955,Orgânico,2024-03-25,Não Convertido,,0.0,Agressivo,Togo
88956,TikTok,2024-03-25,Não Convertido,,0.0,Conservador,Tuvalu
88957,E-mail Marketing,2024-03-27,Não Convertido,,0.0,Conservador,Togo
88958,Indicação,2024-03-30,Não Convertido,,0.0,Desconhecido,Niue
88959,TikTok,2024-03-30,Não Convertido,,0.0,Moderado,Indonesia
88960,Orgânico,2024-03-27,Não Convertido,,0.0,Agressivo,Korea
88961,Instagram,2024-03-28,Não Convertido,,0.0,Conservador,Netherlands
88962,Google Ads,2024-03-28,Não Convertido,,0.0,Conservador,Norway
88963,Instagram,2024-03-27,Não Convertido,,0.0,Agressivo,Comoros
88964,Instagram,2024-03-29,Não Convertido,,0.0,Conservador,Micronesia
88965,E-mail Marketing,2024-03-29,Não Convertido,,0.0,Moderado,Libyan Arab Jamahiriya
88966,Indicação,2024-03-25,Não Convertido,,0.0,Agressivo,France
88967,Orgânico,2024-03-27,Não Convertido,,0.0,Agressivo,French Southern Territories
88968,Google Ads,2024-03-30,Não Convertido,,0.0,Agressivo,Falkland Islands (Malvinas)
88969,Facebook,2024-03-25,Não Convertido,,0.0,Moderado,Mozambique
88970,TikTok,2024-03-29,Não Convertido,,0.0,Agressivo,Bhutan
88971,Orgânico,2024-03-25,Não Convertido,,0.0,Moderado,Seychelles
88972,Orgânico,2024-03-26,Não Convertido,,0.0,Moderado,Western Sahara
88973,YouTube Ads,2024-03-30,Não Convertido,,0.0,Agressivo,Honduras
88974,Instagram,2024-03-27,Não Convertido,,0.0,Agressivo,Slovenia
88975,Instagram,2024-03-28,Convertido,10.0,6408.42,Desconhecido,Uganda
88976,TikTok,2024-03-29,Não Convertido,,0.0,Agressivo,Micronesia
88977,E-mail Marketing,2024-03-28,Não Convertido,,0.0,Agressivo,Cuba
88978,E-mail Marketing,2024-03-29,Não Convertido,,0.0,Agressivo,Lithuania
88979,TikTok,2024-03-25,Não Convertido,,0.0,Desconhecido,Greece
88980,Orgânico,2024-03-28,Não Convertido,,0.0,Moderado,Peru
88981,TikTok,2024-03-29,Não Convertido,,0.0,Desconhecido,Holy See (Vatican City State)
88982,TikTok,2024-03-30,Não Convertido,,0.0,Moderado,Nauru
88983,YouTube Ads,2024-03-29,Não Convertido,,0.0,Moderado,Guinea
88984,Facebook,2024-03-27,Não Convertido,,0.0,Conservador,South Africa
88985,E-mail Marketing,2024-03-25,Não Convertido,,0.0,Conservador,Bahamas
88986,Indicação,2024-03-28,Não Convertido,,0.0,Agressivo,Algeria
88987,WhatsApp,2024-03-28,Não Convertido,,0.0,Agressivo,Lesotho
88988,Facebook,2024-03-30,Não Convertido,,0.0,Agressivo,Panama
88989,Google Ads,2024-03-26,Não Convertido,,0.0,Moderado,Bahamas
88990,Facebook,2024-03-27,Não Convertido,,0.0,Moderado,Tokelau
88991,E-mail Marketing,2024-03-26,Não Convertido,,0.0,Moderado,San Marino
88992,Google Ads,2024-03-27,Não Convertido,,0.0,Moderado,Palau
88993,WhatsApp,2024-03-25,Não Convertido,,0.0,Moderado,French Southern Territories
88994,E-mail Marketing,2024-03-29,Não Convertido,,0.0,Moderado,Jersey
88995,Instagram,2024-03-26,Não Convertido,,0.0,Conservador,Malaysia
88996,Orgânico,2024-03-26,Não Convertido,,0.0,Moderado,Malta
88997,YouTube Ads,2024-03-29,Não Convertido,,0.0,Desconhecido,Angola
88998,WhatsApp,2024-03-25,Não Convertido,,0.0,Agressivo,Norfolk Island
88999,Instagram,2024-03-29,Não Convertido,,0.0,Agressivo,Algeria
89000,Orgânico,2024-03-30,Não Convertido,,0.0,Moderado,Pakistan
89001,YouTube Ads,2024-03-25,Não Convertido,,0.0,Agressivo,Moldova
89002,Orgânico,2024-03-30,Não Convertido,,0.0,Desconhecido,Guinea
89003,Indicação,2024-03-30,Não Convertido,,0.0,Agressivo,Saint Helena
89004,YouTube Ads,2024-03-28,Não Convertido,,0.0,Conservador,Slovenia
89005,TikTok,2024-03-29,Não Convertido,,0.0,Moderado,Cyprus
89006,Instagram,2024-03-27,Não Convertido,,0.0,Agressivo,Mexico
89007,Orgânico,2024-03-27,Não Convertido,,0.0,Agressivo,Central African Republic
89008,WhatsApp,2024-03-25,Não Convertido,,0.0,Moderado,Mexico
89009,Instagram,2024-03-25,Não Convertido,,0.0,Moderado,Angola
89010,Instagram,2024-03-27,Não Convertido,,0.0,Moderado,Bermuda
89011,Orgânico,2024-03-25,Não Convertido,,0.0,Agressivo,Tunisia
89012,E-mail Marketing,2024-03-25,Não Convertido,,0.0,Moderado,Australia
89013,Instagram,2024-03-30,Não Convertido,,0.0,Moderado,United States Minor Outlying Islands
89014,Instagram,2024-03-29,Não Convertido,,0.0,Conservador,Hungary
89015,Facebook,2024-03-28,Não Convertido,,0.0,Moderado,Montenegro
89016,Orgânico,2024-03-26,Não Convertido,,0.0,Desconhecido,Madagascar
89017,E-mail Marketing,2024-03-28,Convertido,10.0,1431.86,Conservador,Guyana
89018,TikTok,2024-03-30,Não Convertido,,0.0,Moderado,Liechtenstein
89019,YouTube Ads,2024-03-29,Não Convertido,,0.0,Moderado,Senegal
89020,Instagram,2024-03-25,Não Convertido,,0.0,Desconhecido,Saint Vincent and the Grenadines
89021,Orgânico,2024-03-30,Não Convertido,,0.0,Agressivo,French Southern Territories
89022,Instagram,2024-03-27,Não Convertido,,0.0,Agressivo,Uzbekistan
89023,WhatsApp,2024-03-25,Não Convertido,,0.0,Agressivo,Kenya
89024,Facebook,2024-03-26,Não Convertido,,0.0,Moderado,Guinea-Bissau
89025,Google Ads,2024-03-26,Não Convertido,,0.0,Moderado,Maldives
89026,Instagram,2024-03-26,Não Convertido,,0.0,Agressivo,Guadeloupe
89027,YouTube Ads,2024-03-29,Não Convertido,,0.0,Agressivo,Palestinian Territory
89028,E-mail Marketing,2024-03-26,Não Convertido,,0.0,Desconhecido,Pitcairn Islands
89029,YouTube Ads,2024-03-28,Não Convertido,,0.0,Agressivo,French Polynesia
89030,E-mail Marketing,2024-03-25,Não Convertido,,0.0,Desconhecido,Palau
89031,Instagram,2024-03-30,Não Convertido,,0.0,Moderado,Maldives
89032,E-mail Marketing,2024-03-30,Não Convertido,,0.0,Moderado,Comoros
89033,Orgânico,2024-03-28,Não Convertido,,0.0,Moderado,Sao Tome and Principe
89034,Instagram,2024-03-26,Não Convertido,,0.0,Desconhecido,South Georgia and the South Sandwich Islands
89035,Google Ads,2024-03-25,Não Convertido,,0.0,Moderado,Australia
89036,E-mail Marketing,2024-03-29,Não Convertido,,0.0,Conservador,Northern Mariana Islands
89037,Facebook,2024-03-25,Não Convertido,,0.0,Agressivo,Cote d'Ivoire
89038,WhatsApp,2024-03-28,Não Convertido,,0.0,Agressivo,Maldives
89039,TikTok,2024-03-27,Não Convertido,,0.0,Agressivo,United Kingdom
89040,Instagram,2024-03-30,Não Convertido,,0.0,Conservador,Malawi
89041,Instagram,2024-03-30,Não Convertido,,0.0,Conservador,Comoros
89042,Orgânico,2024-03-25,Não Convertido,,0.0,Moderado,Trinidad and Tobago
89043,Facebook,2024-03-26,Não Convertido,,0.0,Agressivo,El Salvador
89044,Orgânico,2024-03-27,Não Convertido,,0.0,Conservador,Armenia
89045,Facebook,2024-03-30,Não Convertido,,0.0,Conservador,Saint Martin
89046,E-mail Marketing,2024-03-26,Não Convertido,,0.0,Agressivo,Gambia
89047,Facebook,2024-03-29,Não Convertido,,0.0,Agressivo,Georgia
89048,YouTube Ads,2024-03-26,Não Convertido,,0.0,Moderado,El Salvador
89049,WhatsApp,2024-03-27,Não Convertido,,0.0,Moderado,Portugal
89050,Instagram,2024-03-28,Não Convertido,,0.0,Moderado,Seychelles
89051,Instagram,2024-03-30,Não Convertido,,0.0,Agressivo,Ethiopia
89052,TikTok,2024-03-27,Não Convertido,,0.0,Agressivo,Singapore
89053,Orgânico,2024-03-27,Não Convertido,,0.0,Desconhecido,Holy See (Vatican City State)
89054,TikTok,2024-03-30,Não Convertido,,0.0,Moderado,Portugal
89055,Instagram,2024-03-27,Não Convertido,,0.0,Moderado,Latvia
89056,Instagram,2024-03-30,Não Convertido,,0.0,Conservador,Micronesia
89057,Instagram,2024-03-29,Não Convertido,,0.0,Agressivo,Pakistan
89058,YouTube Ads,2024-03-26,Não Convertido,,0.0,Agressivo,Saint Kitts and Nevis
89059,Instagram,2024-03-26,Não Convertido,,0.0,Desconhecido,Andorra
89060,Google Ads,2024-03-26,Não Convertido,,0.0,Conservador,Sao Tome and Principe
89061,Instagram,2024-03-29,Não Convertido,,0.0,Desconhecido,Christmas Island
89062,Instagram,2024-03-25,Não Convertido,,0.0,Conservador,Argentina
89063,Instagram,2024-03-27,Não Convertido,,0.0,Agressivo,Moldova
89064,Indicação,2024-03-25,Não Convertido,,0.0,Moderado,Nauru
89065,TikTok,2024-03-27,Não Convertido,,0.0,Moderado,Japan
89066,Instagram,2024-03-29,Não Convertido,,0.0,Agressivo,Aruba
89067,Orgânico,2024-03-29,Não Convertido,,0.0,Agressivo,France
89068,TikTok,2024-03-25,Não Convertido,,0.0,Moderado,Seychelles
89069,Instagram,2024-03-26,Não Convertido,,0.0,Conservador,British Indian Ocean Territory (Chagos Archipelago)
89070,Orgânico,2024-03-25,Não Convertido,,0.0,Desconhecido,Myanmar
89071,E-mail Marketing,2024-03-30,Não Convertido,,0.0,Conservador,Switzerland
89072,Instagram,2024-03-30,Não Convertido,,0.0,Moderado,South Africa
89073,Facebook,2024-03-28,Não Convertido,,0.0,Conservador,Grenada
89074,TikTok,2024-03-28,Não Convertido,,0.0,Moderado,Falkland Islands (Malvinas)
89075,YouTube Ads,2024-03-28,Não Convertido,,0.0,Moderado,Suriname
89076,Instagram,2024-03-25,Não Convertido,,0.0,Conservador,Philippines
89077,Instagram,2024-03-25,Não Convertido,,0.0,Moderado,Bouvet Island (Bouvetoya)
89078,Facebook,2024-03-26,Não Convertido,,0.0,Agressivo,Western Sahara
89079,Google Ads,2024-03-30,Não Convertido,,0.0,Agressivo,Papua New Guinea
89080,Instagram,2024-03-25,Não Convertido,,0.0,Agressivo,Brunei Darussalam
89081,WhatsApp,2024-03-25,Não Convertido,,0.0,Conservador,Philippines
89082,Facebook,2024-03-25,Não Convertido,,0.0,Agressivo,Latvia
89083,Indicação,2024-03-30,Não Convertido,,0.0,Moderado,Western Sahara
89084,Instagram,2024-03-27,Não Convertido,,0.0,Conservador,Saint Pierre and Miquelon
89085,Instagram,2024-03-27,Não Convertido,,0.0,Moderado,Switzerland
89086,E-mail Marketing,2024-03-26,Não Convertido,,0.0,Agressivo,Tunisia
89087,Google Ads,2024-03-30,Não Convertido,,0.0,Conservador,Luxembourg
89088,Instagram,2024-03-30,Não Convertido,,0.0,Moderado,Malta
89089,TikTok,2024-03-28,Não Convertido,,0.0,Agressivo,Dominican Republic
89090,E-mail Marketing,2024-03-25,Não Convertido,,0.0,Conservador,Turkmenistan
89091,Orgânico,2024-03-30,Não Convertido,,0.0,Conservador,Uganda
89092,Indicação,2024-03-28,Não Convertido,,0.0,Moderado,Reunion
89093,Instagram,2024-03-30,Não Convertido,,0.0,Conservador,Russian Federation
89094,Orgânico,2024-03-30,Convertido,23.0,3046.47,Desconhecido,South Africa
89095,WhatsApp,2024-03-29,Não Convertido,,0.0,Moderado,Ecuador
89096,Orgânico,2024-03-30,Não Convertido,,0.0,Moderado,Pitcairn Islands
89097,Google Ads,2024-03-29,Não Convertido,,0.0,Conservador,Mayotte
89098,Orgânico,2024-03-30,Não Convertido,,0.0,Moderado,Chad
89099,YouTube Ads,2024-03-26,Não Convertido,,0.0,Agressivo,Anguilla
89100,TikTok,2024-03-26,Não Convertido,,0.0,Conservador,Brazil
89101,Orgânico,2024-03-30,Não Convertido,,0.0,Agressivo,French Guiana
89102,WhatsApp,2024-03-25,Não Convertido,,0.0,Moderado,Bosnia and Herzegovina
89103,Google Ads,2024-03-25,Não Convertido,,0.0,Moderado,Finland
89104,Facebook,2024-03-28,Não Convertido,,0.0,Agressivo,Wallis and Futuna
89105,Google Ads,2024-03-30,Não Convertido,,0.0,Agressivo,Saint Barthelemy
89106,WhatsApp,2024-03-30,Não Convertido,,0.0,Agressivo,Mayotte
89107,WhatsApp,2024-03-27,Não Convertido,,0.0,Conservador,Algeria
89108,YouTube Ads,2024-03-30,Não Convertido,,0.0,Moderado,Haiti
89109,TikTok,2024-03-29,Não Convertido,,0.0,Agressivo,Tuvalu
89110,YouTube Ads,2024-03-25,Convertido,4.0,1610.44,Conservador,Georgia
89111,Orgânico,2024-03-26,Não Convertido,,0.0,Agressivo,United States Virgin Islands
89112,Orgânico,2024-03-30,Não Convertido,,0.0,Conservador,Palestinian Territory
89113,WhatsApp,2024-03-29,Não Convertido,,0.0,Moderado,Norway
89114,TikTok,2024-03-28,Não Convertido,,0.0,Conservador,Anguilla
89115,TikTok,2024-03-29,Não Convertido,,0.0,Moderado,Palestinian Territory
89116,Orgânico,2024-03-29,Não Convertido,,0.0,Moderado,Chile
89117,Instagram,2024-03-29,Não Convertido,,0.0,Moderado,Chile
89118,TikTok,2024-03-25,Não Convertido,,0.0,Moderado,Paraguay
89119,TikTok,2024-03-25,Não Convertido,,0.0,Agressivo,Pitcairn Islands
89120,E-mail Marketing,2024-03-30,Não Convertido,,0.0,Moderado,Saint Helena
89121,Google Ads,2024-03-28,Não Convertido,,0.0,Moderado,Jamaica
89122,TikTok,2024-03-27,Convertido,19.0,4171.16,Moderado,Chad
89123,Google Ads,2024-03-28,Não Convertido,,0.0,Agressivo,Syrian Arab Republic
89124,Orgânico,2024-03-30,Não Convertido,,0.0,Agressivo,United States Minor Outlying Islands
89125,WhatsApp,2024-03-25,Não Convertido,,0.0,Moderado,Nicaragua
89126,Google Ads,2024-03-25,Não Convertido,,0.0,Agressivo,Belgium
89127,Orgânico,2024-03-27,Não Convertido,,0.0,Agressivo,Libyan Arab Jamahiriya
89128,E-mail Marketing,2024-03-26,Não Convertido,,0.0,Moderado,Dominica
89129,E-mail Marketing,2024-03-25,Não Convertido,,0.0,Agressivo,Bhutan
89130,Orgânico,2024-03-26,Não Convertido,,0.0,Moderado,France
89131,Indicação,2024-03-28,Não Convertido,,0.0,Agressivo,Congo
89132,E-mail Marketing,2024-03-30,Não Convertido,,0.0,Conservador,Christmas Island
89133,E-mail Marketing,2024-03-26,Não Convertido,,0.0,Moderado,Vanuatu
89134,Orgânico,2024-03-25,Não Convertido,,0.0,Moderado,Libyan Arab Jamahiriya
89135,TikTok,2024-03-30,Não Convertido,,0.0,Moderado,San Marino
89136,Facebook,2024-03-25,Não Convertido,,0.0,Conservador,Thailand
89137,TikTok,2024-03-28,Não Convertido,,0.0,Desconhecido,Ghana
89138,TikTok,2024-03-27,Não Convertido,,0.0,Moderado,Saint Barthelemy
89139,Orgânico,2024-03-28,Não Convertido,,0.0,Agressivo,Lao People's Democratic Republic
89140,TikTok,2024-03-25,Não Convertido,,0.0,Moderado,Tajikistan
89141,YouTube Ads,2024-03-27,Não Convertido,,0.0,Moderado,Australia
89142,Orgânico,2024-03-26,Não Convertido,,0.0,Agressivo,Tuvalu
89143,Orgânico,2024-03-29,Não Convertido,,0.0,Conservador,Serbia
89144,Facebook,2024-03-30,Não Convertido,,0.0,Desconhecido,Hungary
89145,Instagram,2024-03-27,Não Convertido,,0.0,Agressivo,Armenia
89146,YouTube Ads,2024-03-30,Não Convertido,,0.0,Agressivo,Bangladesh
89147,TikTok,2024-03-27,Não Convertido,,0.0,Agressivo,Angola
89148,Facebook,2024-03-30,Não Convertido,,0.0,Moderado,Czech Republic
89149,Orgânico,2024-03-27,Não Convertido,,0.0,Agressivo,Portugal
89150,Instagram,2024-03-29,Não Convertido,,0.0,Agressivo,Burundi
89151,WhatsApp,2024-03-25,Não Convertido,,0.0,Conservador,Liberia
89152,Google Ads,2024-03-26,Não Convertido,,0.0,Conservador,Qatar
89153,YouTube Ads,2024-03-29,Não Convertido,,0.0,Moderado,Sao Tome and Principe
89154,TikTok,2024-03-28,Não Convertido,,0.0,Moderado,Antarctica (the territory South of 60 deg S)
89155,Orgânico,2024-03-27,Não Convertido,,0.0,Agressivo,Syrian Arab Republic
89156,TikTok,2024-03-30,Não Convertido,,0.0,Agressivo,Uzbekistan
89157,WhatsApp,2024-03-26,Não Convertido,,0.0,Agressivo,Antigua and Barbuda
89158,E-mail Marketing,2024-03-25,Não Convertido,,0.0,Moderado,Christmas Island
89159,E-mail Marketing,2024-03-27,Não Convertido,,0.0,Agressivo,Mauritius
89160,WhatsApp,2024-03-28,Não Convertido,,0.0,Desconhecido,South Africa
89161,TikTok,2024-03-30,Não Convertido,,0.0,Desconhecido,Botswana
89162,Instagram,2024-03-26,Não Convertido,,0.0,Conservador,Guam
89163,Indicação,2024-03-26,Não Convertido,,0.0,Agressivo,Seychelles
89164,Orgânico,2024-03-27,Não Convertido,,0.0,Moderado,Svalbard & Jan Mayen Islands
89165,Google Ads,2024-03-29,Não Convertido,,0.0,Agressivo,Chile
89166,Facebook,2024-03-28,Não Convertido,,0.0,Agressivo,Nepal
89167,TikTok,2024-03-25,Não Convertido,,0.0,Agressivo,Bermuda
89168,E-mail Marketing,2024-03-27,Não Convertido,,0.0,Agressivo,Norway
89169,Instagram,2024-03-29,Não Convertido,,0.0,Moderado,Cameroon
89170,TikTok,2024-03-25,Não Convertido,,0.0,Conservador,Macao
89171,E-mail Marketing,2024-03-26,Não Convertido,,0.0,Moderado,Wallis and Futuna
89172,Instagram,2024-03-26,Não Convertido,,0.0,Agressivo,Faroe Islands
89173,Instagram,2024-03-26,Não Convertido,,0.0,Conservador,Saint Kitts and Nevis
89174,YouTube Ads,2024-03-25,Não Convertido,,0.0,Agressivo,Cook Islands
89175,WhatsApp,2024-03-28,Não Convertido,,0.0,Agressivo,Uzbekistan
89176,Facebook,2024-03-29,Não Convertido,,0.0,Moderado,Saint Pierre and Miquelon
89177,Instagram,2024-03-29,Convertido,20.0,8281.15,Agressivo,Korea
89178,Google Ads,2024-03-28,Não Convertido,,0.0,Agressivo,France
89179,Orgânico,2024-03-25,Não Convertido,,0.0,Moderado,United States Minor Outlying Islands
89180,TikTok,2024-03-25,Não Convertido,,0.0,Moderado,Zambia
89181,Facebook,2024-03-28,Convertido,27.0,7513.45,Moderado,Germany
89182,E-mail Marketing,2024-03-27,Não Convertido,,0.0,Moderado,Dominican Republic
89183,E-mail Marketing,2024-03-26,Não Convertido,,0.0,Conservador,United States of America
89184,Orgânico,2024-03-30,Não Convertido,,0.0,Moderado,Saint Lucia
89185,TikTok,2024-03-29,Não Convertido,,0.0,Moderado,Argentina
89186,Google Ads,2024-03-27,Não Convertido,,0.0,Moderado,Nepal
89187,YouTube Ads,2024-03-30,Não Convertido,,0.0,Desconhecido,India
89188,Orgânico,2024-03-29,Não Convertido,,0.0,Moderado,Germany
89189,E-mail Marketing,2024-03-25,Não Convertido,,0.0,Agressivo,Portugal
89190,WhatsApp,2024-03-28,Não Convertido,,0.0,Moderado,Burkina Faso
89191,Instagram,2024-03-26,Não Convertido,,0.0,Conservador,Iraq
89192,Facebook,2024-03-26,Não Convertido,,0.0,Agressivo,China
89193,Facebook,2024-03-25,Não Convertido,,0.0,Moderado,Burkina Faso
89194,Orgânico,2024-03-25,Não Convertido,,0.0,Moderado,Paraguay
89195,Orgânico,2024-03-25,Não Convertido,,0.0,Moderado,Grenada
89196,WhatsApp,2024-03-26,Não Convertido,,0.0,Conservador,Honduras
89197,Indicação,2024-03-28,Não Convertido,,0.0,Agressivo,Lithuania
89198,E-mail Marketing,2024-03-27,Não Convertido,,0.0,Agressivo,Liechtenstein
89199,E-mail Marketing,2024-03-27,Não Convertido,,0.0,Moderado,Brazil
89200,Indicação,2024-03-27,Não Convertido,,0.0,Desconhecido,Cape Verde
89201,YouTube Ads,2024-03-29,Não Convertido,,0.0,Moderado,Martinique
89202,TikTok,2024-03-30,Não Convertido,,0.0,Agressivo,Guernsey
89203,TikTok,2024-03-26,Não Convertido,,0.0,Agressivo,Pakistan
89204,Orgânico,2024-03-27,Não Convertido,,0.0,Moderado,Solomon Islands
89205,TikTok,2024-03-30,Não Convertido,,0.0,Moderado,Switzerland
89206,Google Ads,2024-03-27,Não Convertido,,0.0,Moderado,Gambia
89207,Facebook,2024-03-28,Não Convertido,,0.0,Agressivo,Solomon Islands
89208,E-mail Marketing,2024-03-26,Não Convertido,,0.0,Moderado,Tunisia
89209,Orgânico,2024-03-30,Não Convertido,,0.0,Agressivo,El Salvador
89210,E-mail Marketing,2024-03-25,Não Convertido,,0.0,Agressivo,Isle of Man
89211,Facebook,2024-03-29,Não Convertido,,0.0,Moderado,Saint Martin
89212,Instagram,2024-03-25,Não Convertido,,0.0,Conservador,Samoa
89213,E-mail Marketing,2024-03-30,Não Convertido,,0.0,Desconhecido,Eritrea
89214,Instagram,2024-03-26,Não Convertido,,0.0,Moderado,Kenya
89215,Orgânico,2024-03-29,Não Convertido,,0.0,Conservador,Romania
89216,Google Ads,2024-03-28,Não Convertido,,0.0,Desconhecido,United States of America
89217,Instagram,2024-03-26,Não Convertido,,0.0,Conservador,Bolivia
89218,Orgânico,2024-03-25,Não Convertido,,0.0,Moderado,Cayman Islands
89219,E-mail Marketing,2024-03-25,Não Convertido,,0.0,Moderado,Falkland Islands (Malvinas)
89220,Orgânico,2024-03-30,Não Convertido,,0.0,Desconhecido,Saint Pierre and Miquelon
89221,TikTok,2024-03-30,Não Convertido,,0.0,Agressivo,Bermuda
89222,WhatsApp,2024-03-30,Não Convertido,,0.0,Agressivo,Djibouti
89223,Instagram,2024-03-26,Não Convertido,,0.0,Conservador,Equatorial Guinea
89224,Google Ads,2024-03-26,Não Convertido,,0.0,Moderado,Tunisia
89225,Indicação,2024-03-29,Não Convertido,,0.0,Conservador,Antarctica (the territory South of 60 deg S)
89226,Facebook,2024-03-27,Não Convertido,,0.0,Agressivo,Russian Federation
89227,Facebook,2024-03-30,Não Convertido,,0.0,Conservador,Central African Republic
89228,TikTok,2024-03-27,Não Convertido,,0.0,Agressivo,Togo
89229,Google Ads,2024-03-29,Não Convertido,,0.0,Desconhecido,Netherlands Antilles
89230,TikTok,2024-03-30,Não Convertido,,0.0,Desconhecido,Tonga
89231,YouTube Ads,2024-03-27,Não Convertido,,0.0,Agressivo,Mongolia
89232,WhatsApp,2024-03-29,Não Convertido,,0.0,Moderado,Uzbekistan
89233,Google Ads,2024-03-27,Não Convertido,,0.0,Agressivo,Sudan
89234,YouTube Ads,2024-03-27,Não Convertido,,0.0,Desconhecido,Austria
89235,YouTube Ads,2024-03-28,Não Convertido,,0.0,Moderado,Turkmenistan
89236,Indicação,2024-03-25,Não Convertido,,0.0,Moderado,Hungary
89237,Instagram,2024-03-27,Não Convertido,,0.0,Conservador,Slovakia (Slovak Republic)
89238,E-mail Marketing,2024-03-25,Não Convertido,,0.0,Moderado,Rwanda
89239,WhatsApp,2024-03-30,Não Convertido,,0.0,Agressivo,Samoa
89240,TikTok,2024-03-25,Não Convertido,,0.0,Moderado,Jordan
89241,WhatsApp,2024-03-27,Não Convertido,,0.0,Conservador,Morocco
89242,Orgânico,2024-03-25,Não Convertido,,0.0,Agressivo,Saint Lucia
89243,Orgânico,2024-03-28,Não Convertido,,0.0,Conservador,Latvia
89244,E-mail Marketing,2024-03-27,Não Convertido,,0.0,Moderado,Ukraine
89245,E-mail Marketing,2024-03-26,Não Convertido,,0.0,Moderado,Mauritius
89246,Indicação,2024-03-29,Não Convertido,,0.0,Conservador,Eritrea
89247,Instagram,2024-03-26,Não Convertido,,0.0,Moderado,Tanzania
89248,Google Ads,2024-03-26,Não Convertido,,0.0,Moderado,Niger
89249,TikTok,2024-03-26,Não Convertido,,0.0,Conservador,Bhutan
89250,YouTube Ads,2024-03-30,Não Convertido,,0.0,Conservador,Albania
89251,Orgânico,2024-03-25,Não Convertido,,0.0,Agressivo,Spain
89252,Google Ads,2024-03-27,Não Convertido,,0.0,Agressivo,Saudi Arabia
89253,E-mail Marketing,2024-03-29,Não Convertido,,0.0,Moderado,Turks and Caicos Islands
89254,E-mail Marketing,2024-03-26,Não Convertido,,0.0,Conservador,Korea
89255,TikTok,2024-03-28,Não Convertido,,0.0,Conservador,Saint Lucia
89256,Facebook,2024-03-28,Não Convertido,,0.0,Moderado,Saint Barthelemy
89257,Indicação,2024-03-28,Não Convertido,,0.0,Agressivo,Ireland
89258,TikTok,2024-03-28,Não Convertido,,0.0,Conservador,Guam
89259,Orgânico,2024-03-28,Não Convertido,,0.0,Moderado,Senegal
89260,WhatsApp,2024-03-28,Não Convertido,,0.0,Moderado,Georgia
89261,E-mail Marketing,2024-03-30,Não Convertido,,0.0,Conservador,Fiji
89262,Orgânico,2024-03-26,Não Convertido,,0.0,Moderado,Eritrea
89263,Orgânico,2024-03-26,Não Convertido,,0.0,Agressivo,Luxembourg
89264,Instagram,2024-03-28,Não Convertido,,0.0,Conservador,Somalia
89265,E-mail Marketing,2024-03-25,Não Convertido,,0.0,Moderado,Palestinian Territory
89266,WhatsApp,2024-03-29,Não Convertido,,0.0,Moderado,Falkland Islands (Malvinas)
89267,Orgânico,2024-03-28,Não Convertido,,0.0,Desconhecido,Saudi Arabia
89268,WhatsApp,2024-03-28,Não Convertido,,0.0,Desconhecido,China
89269,E-mail Marketing,2024-03-30,Não Convertido,,0.0,Agressivo,Holy See (Vatican City State)
89270,E-mail Marketing,2024-03-25,Não Convertido,,0.0,Desconhecido,Lebanon
89271,Facebook,2024-03-27,Não Convertido,,0.0,Moderado,Chad
89272,YouTube Ads,2024-03-27,Não Convertido,,0.0,Desconhecido,Mayotte
89273,YouTube Ads,2024-03-27,Não Convertido,,0.0,Agressivo,Uganda
89274,E-mail Marketing,2024-03-25,Não Convertido,,0.0,Agressivo,Morocco
89275,Facebook,2024-03-29,Não Convertido,,0.0,Moderado,Ireland
89276,TikTok,2024-03-29,Não Convertido,,0.0,Agressivo,Guadeloupe
89277,TikTok,2024-03-29,Não Convertido,,0.0,Agressivo,Bangladesh
89278,TikTok,2024-03-26,Não Convertido,,0.0,Desconhecido,Gambia
89279,Google Ads,2024-03-30,Não Convertido,,0.0,Moderado,Venezuela
89280,WhatsApp,2024-03-26,Não Convertido,,0.0,Agressivo,Namibia
89281,Facebook,2024-03-26,Não Convertido,,0.0,Agressivo,Pitcairn Islands
89282,Orgânico,2024-03-30,Não Convertido,,0.0,Agressivo,Equatorial Guinea
89283,TikTok,2024-03-30,Não Convertido,,0.0,Desconhecido,India
89284,Instagram,2024-03-28,Não Convertido,,0.0,Desconhecido,Jersey
89285,Google Ads,2024-03-25,Não Convertido,,0.0,Moderado,Algeria
89286,Orgânico,2024-03-27,Não Convertido,,0.0,Agressivo,Saint Vincent and the Grenadines
89287,E-mail Marketing,2024-03-30,Não Convertido,,0.0,Conservador,Cambodia
89288,E-mail Marketing,2024-03-26,Não Convertido,,0.0,Desconhecido,Indonesia
89289,E-mail Marketing,2024-03-25,Não Convertido,,0.0,Moderado,North Macedonia
89290,Google Ads,2024-03-25,Não Convertido,,0.0,Moderado,Saint Vincent and the Grenadines
89291,Orgânico,2024-03-27,Não Convertido,,0.0,Agressivo,Jersey
89292,Google Ads,2024-03-30,Não Convertido,,0.0,Conservador,Korea
89293,Orgânico,2024-03-29,Não Convertido,,0.0,Conservador,Afghanistan
89294,Orgânico,2024-03-26,Não Convertido,,0.0,Agressivo,New Caledonia
89295,Google Ads,2024-03-29,Não Convertido,,0.0,Moderado,Saint Barthelemy
89296,Instagram,2024-03-29,Não Convertido,,0.0,Moderado,Korea
89297,TikTok,2024-03-25,Não Convertido,,0.0,Moderado,New Zealand
89298,TikTok,2024-03-27,Não Convertido,,0.0,Conservador,Zimbabwe
89299,Instagram,2024-03-29,Não Convertido,,0.0,Agressivo,Romania
89300,E-mail Marketing,2024-03-28,Não Convertido,,0.0,Moderado,Spain
89301,WhatsApp,2024-03-30,Não Convertido,,0.0,Agressivo,Dominica
89302,Orgânico,2024-03-29,Não Convertido,,0.0,Conservador,Myanmar
89303,Orgânico,2024-03-25,Não Convertido,,0.0,Agressivo,Antigua and Barbuda
89304,YouTube Ads,2024-03-26,Não Convertido,,0.0,Agressivo,Aruba
89305,Instagram,2024-03-28,Não Convertido,,0.0,Conservador,Qatar
89306,YouTube Ads,2024-03-28,Não Convertido,,0.0,Desconhecido,Gabon
89307,WhatsApp,2024-03-26,Não Convertido,,0.0,Moderado,San Marino
89308,Instagram,2024-03-25,Não Convertido,,0.0,Moderado,Sri Lanka
89309,E-mail Marketing,2024-03-25,Não Convertido,,0.0,Conservador,Botswana
89310,Google Ads,2024-03-27,Não Convertido,,0.0,Agressivo,Philippines
89311,Instagram,2024-03-30,Não Convertido,,0.0,Desconhecido,Tanzania
89312,Google Ads,2024-03-29,Convertido,4.0,9653.88,Moderado,Belgium
89313,TikTok,2024-03-30,Não Convertido,,0.0,Moderado,Rwanda
89314,E-mail Marketing,2024-03-29,Não Convertido,,0.0,Agressivo,Sierra Leone
89315,TikTok,2024-03-25,Não Convertido,,0.0,Moderado,Togo
89316,TikTok,2024-03-27,Não Convertido,,0.0,Moderado,Ethiopia
89317,Orgânico,2024-03-29,Não Convertido,,0.0,Desconhecido,Antarctica (the territory South of 60 deg S)
89318,E-mail Marketing,2024-03-28,Não Convertido,,0.0,Moderado,Zambia
89319,E-mail Marketing,2024-03-25,Não Convertido,,0.0,Desconhecido,Tuvalu
89320,TikTok,2024-03-30,Não Convertido,,0.0,Moderado,Cape Verde
89321,E-mail Marketing,2024-03-28,Não Convertido,,0.0,Desconhecido,Western Sahara
89322,Facebook,2024-03-26,Não Convertido,,0.0,Desconhecido,Panama
89323,TikTok,2024-03-29,Não Convertido,,0.0,Conservador,Mayotte
89324,WhatsApp,2024-03-29,Não Convertido,,0.0,Agressivo,Uzbekistan
89325,TikTok,2024-03-29,Não Convertido,,0.0,Conservador,Korea
89326,Google Ads,2024-03-29,Convertido,5.0,1010.98,Agressivo,Iran
89327,WhatsApp,2024-03-30,Não Convertido,,0.0,Agressivo,Egypt
89328,Facebook,2024-03-25,Não Convertido,,0.0,Agressivo,Central African Republic
89329,YouTube Ads,2024-03-26,Não Convertido,,0.0,Desconhecido,Cocos (Keeling) Islands
89330,Instagram,2024-03-27,Não Convertido,,0.0,Desconhecido,Croatia
89331,Instagram,2024-03-26,Não Convertido,,0.0,Conservador,Korea
89332,TikTok,2024-03-27,Não Convertido,,0.0,Agressivo,Djibouti
89333,Orgânico,2024-03-30,Não Convertido,,0.0,Agressivo,United States Virgin Islands
89334,TikTok,2024-03-28,Não Convertido,,0.0,Agressivo,Sweden
89335,Instagram,2024-03-26,Não Convertido,,0.0,Desconhecido,Belarus
89336,WhatsApp,2024-03-29,Não Convertido,,0.0,Moderado,Uganda
89337,Google Ads,2024-03-29,Não Convertido,,0.0,Moderado,Vietnam
89338,Google Ads,2024-03-28,Não Convertido,,0.0,Conservador,Antarctica (the territory South of 60 deg S)
89339,Google Ads,2024-03-27,Não Convertido,,0.0,Agressivo,Bahamas
89340,Orgânico,2024-03-30,Não Convertido,,0.0,Desconhecido,Portugal
89341,YouTube Ads,2024-03-25,Não Convertido,,0.0,Moderado,Solomon Islands
89342,E-mail Marketing,2024-03-27,Não Convertido,,0.0,Moderado,Korea
89343,Orgânico,2024-03-29,Não Convertido,,0.0,Agressivo,Congo
89344,Instagram,2024-03-25,Não Convertido,,0.0,Agressivo,Luxembourg
89345,Orgânico,2024-03-26,Não Convertido,,0.0,Conservador,Saint Barthelemy
89346,YouTube Ads,2024-03-28,Não Convertido,,0.0,Agressivo,Comoros
89347,WhatsApp,2024-03-28,Não Convertido,,0.0,Moderado,Tonga
89348,WhatsApp,2024-03-28,Não Convertido,,0.0,Agressivo,Thailand
89349,Orgânico,2024-03-30,Não Convertido,,0.0,Agressivo,Solomon Islands
89350,Google Ads,2024-03-28,Não Convertido,,0.0,Desconhecido,Benin
89351,Instagram,2024-03-28,Não Convertido,,0.0,Moderado,India
89352,WhatsApp,2024-03-26,Não Convertido,,0.0,Moderado,Angola
89353,YouTube Ads,2024-03-27,Não Convertido,,0.0,Moderado,Morocco
89354,WhatsApp,2024-03-28,Não Convertido,,0.0,Agressivo,Oman
89355,E-mail Marketing,2024-03-28,Não Convertido,,0.0,Conservador,Japan
89356,TikTok,2024-03-29,Não Convertido,,0.0,Moderado,New Caledonia
89357,YouTube Ads,2024-03-27,Não Convertido,,0.0,Agressivo,French Guiana
89358,YouTube Ads,2024-03-28,Não Convertido,,0.0,Desconhecido,Liberia
89359,TikTok,2024-03-28,Não Convertido,,0.0,Agressivo,Estonia
89360,Orgânico,2024-03-29,Não Convertido,,0.0,Agressivo,Dominican Republic
89361,Instagram,2024-03-29,Não Convertido,,0.0,Conservador,Panama
89362,E-mail Marketing,2024-03-29,Não Convertido,,0.0,Moderado,Hong Kong
89363,YouTube Ads,2024-03-28,Não Convertido,,0.0,Moderado,Ireland
89364,Facebook,2024-03-26,Não Convertido,,0.0,Moderado,Cayman Islands
89365,Orgânico,2024-03-30,Não Convertido,,0.0,Agressivo,Guinea
89366,Instagram,2024-03-25,Não Convertido,,0.0,Agressivo,Tuvalu
89367,YouTube Ads,2024-03-30,Não Convertido,,0.0,Moderado,Burkina Faso
89368,Indicação,2024-03-29,Não Convertido,,0.0,Conservador,Mauritania
89369,TikTok,2024-03-29,Não Convertido,,0.0,Agressivo,South Georgia and the South Sandwich Islands
89370,Orgânico,2024-03-29,Não Convertido,,0.0,Moderado,Cameroon
89371,YouTube Ads,2024-03-25,Não Convertido,,0.0,Moderado,Slovenia
89372,Facebook,2024-03-28,Não Convertido,,0.0,Moderado,Czech Republic
89373,Google Ads,2024-03-28,Não Convertido,,0.0,Moderado,Montserrat
89374,YouTube Ads,2024-03-26,Não Convertido,,0.0,Conservador,Rwanda
89375,Orgânico,2024-03-27,Convertido,26.0,3644.45,Conservador,Montenegro
89376,TikTok,2024-03-26,Não Convertido,,0.0,Agressivo,Gabon
89377,TikTok,2024-03-29,Não Convertido,,0.0,Moderado,Senegal
89378,WhatsApp,2024-03-30,Não Convertido,,0.0,Conservador,American Samoa
89379,Orgânico,2024-03-26,Não Convertido,,0.0,Desconhecido,Palestinian Territory
89380,E-mail Marketing,2024-03-26,Não Convertido,,0.0,Conservador,Ecuador
89381,WhatsApp,2024-03-29,Não Convertido,,0.0,Moderado,Iran
89382,Facebook,2024-03-27,Não Convertido,,0.0,Moderado,Cuba
89383,Google Ads,2024-03-25,Não Convertido,,0.0,Moderado,Zambia
89384,Instagram,2024-03-29,Não Convertido,,0.0,Moderado,Korea
89385,WhatsApp,2024-03-30,Não Convertido,,0.0,Moderado,Philippines
89386,Orgânico,2024-03-28,Não Convertido,,0.0,Desconhecido,Monaco
89387,Google Ads,2024-03-30,Não Convertido,,0.0,Moderado,Norfolk Island
89388,Facebook,2024-03-30,Convertido,9.0,9222.89,Agressivo,Bermuda
89389,Indicação,2024-03-30,Não Convertido,,0.0,Moderado,Vietnam
89390,E-mail Marketing,2024-03-28,Não Convertido,,0.0,Conservador,Gabon
89391,Facebook,2024-03-30,Não Convertido,,0.0,Conservador,Tunisia
89392,Orgânico,2024-03-30,Não Convertido,,0.0,Moderado,Switzerland
89393,Facebook,2024-03-27,Não Convertido,,0.0,Conservador,Peru
89394,Google Ads,2024-03-27,Não Convertido,,0.0,Agressivo,Central African Republic
89395,Orgânico,2024-03-30,Não Convertido,,0.0,Moderado,American Samoa
89396,E-mail Marketing,2024-03-26,Não Convertido,,0.0,Desconhecido,Myanmar
89397,Orgânico,2024-03-27,Não Convertido,,0.0,Moderado,Sao Tome and Principe
89398,Google Ads,2024-03-25,Não Convertido,,0.0,Agressivo,Israel
89399,TikTok,2024-03-28,Convertido,27.0,9614.48,Agressivo,Rwanda
89400,TikTok,2024-03-30,Não Convertido,,0.0,Moderado,Namibia
89401,Instagram,2024-03-28,Não Convertido,,0.0,Moderado,Palau
89402,Orgânico,2024-03-25,Não Convertido,,0.0,Agressivo,Trinidad and Tobago
89403,Orgânico,2024-03-28,Não Convertido,,0.0,Moderado,Jamaica
89404,Facebook,2024-03-27,Não Convertido,,0.0,Agressivo,Cambodia
89405,Orgânico,2024-03-29,Não Convertido,,0.0,Moderado,Denmark
89406,Instagram,2024-03-29,Não Convertido,,0.0,Moderado,South Georgia and the South Sandwich Islands
89407,E-mail Marketing,2024-03-30,Não Convertido,,0.0,Moderado,Bolivia
89408,TikTok,2024-03-25,Não Convertido,,0.0,Agressivo,Haiti
89409,Facebook,2024-03-27,Não Convertido,,0.0,Moderado,Niger
89410,Instagram,2024-03-25,Não Convertido,,0.0,Conservador,India
89411,E-mail Marketing,2024-03-29,Não Convertido,,0.0,Moderado,Pakistan
89412,Instagram,2024-03-26,Não Convertido,,0.0,Moderado,Cyprus
89413,YouTube Ads,2024-03-25,Não Convertido,,0.0,Conservador,Congo
89414,Orgânico,2024-03-29,Não Convertido,,0.0,Moderado,Bolivia
89415,E-mail Marketing,2024-03-29,Não Convertido,,0.0,Moderado,Guinea-Bissau
89416,Google Ads,2024-03-27,Não Convertido,,0.0,Moderado,French Guiana
89417,Instagram,2024-03-27,Não Convertido,,0.0,Conservador,United Arab Emirates
89418,Instagram,2024-03-25,Não Convertido,,0.0,Conservador,New Caledonia
89419,Orgânico,2024-03-27,Não Convertido,,0.0,Moderado,Indonesia
89420,Google Ads,2024-03-29,Não Convertido,,0.0,Agressivo,Central African Republic
89421,Google Ads,2024-03-26,Não Convertido,,0.0,Moderado,Solomon Islands
89422,YouTube Ads,2024-03-27,Não Convertido,,0.0,Conservador,Nigeria
89423,Instagram,2024-03-25,Não Convertido,,0.0,Desconhecido,Uruguay
89424,Facebook,2024-03-27,Não Convertido,,0.0,Moderado,Tonga
89425,Facebook,2024-03-30,Não Convertido,,0.0,Moderado,Norfolk Island
89426,Facebook,2024-03-30,Não Convertido,,0.0,Moderado,Tajikistan
89427,Instagram,2024-03-30,Não Convertido,,0.0,Moderado,Timor-Leste
89428,Facebook,2024-03-25,Não Convertido,,0.0,Conservador,Kiribati
89429,Indicação,2024-03-26,Não Convertido,,0.0,Conservador,Holy See (Vatican City State)
89430,Google Ads,2024-03-28,Não Convertido,,0.0,Moderado,Tuvalu
89431,Indicação,2024-03-29,Não Convertido,,0.0,Moderado,Cyprus
89432,Instagram,2024-03-29,Não Convertido,,0.0,Agressivo,Sri Lanka
89433,TikTok,2024-03-29,Não Convertido,,0.0,Conservador,Jersey
89434,YouTube Ads,2024-03-25,Não Convertido,,0.0,Agressivo,El Salvador
89435,Google Ads,2024-03-28,Não Convertido,,0.0,Conservador,Botswana
89436,WhatsApp,2024-03-30,Não Convertido,,0.0,Conservador,Congo
89437,E-mail Marketing,2024-03-25,Não Convertido,,0.0,Agressivo,Saint Pierre and Miquelon
89438,Google Ads,2024-03-25,Não Convertido,,0.0,Agressivo,Saint Martin
89439,Indicação,2024-03-29,Não Convertido,,0.0,Moderado,Western Sahara
89440,Instagram,2024-03-26,Não Convertido,,0.0,Agressivo,Brazil
89441,E-mail Marketing,2024-03-30,Convertido,22.0,9024.38,Agressivo,San Marino
89442,WhatsApp,2024-03-29,Não Convertido,,0.0,Moderado,Georgia
89443,Orgânico,2024-03-27,Convertido,30.0,4037.26,Desconhecido,Albania
89444,TikTok,2024-03-26,Não Convertido,,0.0,Agressivo,Czech Republic
89445,Indicação,2024-03-27,Não Convertido,,0.0,Moderado,Svalbard & Jan Mayen Islands
89446,Orgânico,2024-03-26,Não Convertido,,0.0,Moderado,Kazakhstan
89447,Instagram,2024-03-29,Não Convertido,,0.0,Moderado,Liberia
89448,E-mail Marketing,2024-03-29,Não Convertido,,0.0,Agressivo,Guam
89449,WhatsApp,2024-03-26,Não Convertido,,0.0,Desconhecido,Bouvet Island (Bouvetoya)
89450,E-mail Marketing,2024-03-29,Não Convertido,,0.0,Conservador,Vanuatu
89451,WhatsApp,2024-03-30,Não Convertido,,0.0,Conservador,United Arab Emirates
89452,E-mail Marketing,2024-03-25,Não Convertido,,0.0,Agressivo,Mozambique
89453,Facebook,2024-03-26,Não Convertido,,0.0,Agressivo,Niue
89454,Google Ads,2024-03-30,Não Convertido,,0.0,Moderado,Finland
89455,Orgânico,2024-03-28,Não Convertido,,0.0,Moderado,Korea
89456,Orgânico,2024-03-29,Não Convertido,,0.0,Agressivo,Sao Tome and Principe
89457,Google Ads,2024-03-27,Não Convertido,,0.0,Agressivo,India
89458,Facebook,2024-03-30,Não Convertido,,0.0,Agressivo,Gibraltar
89459,E-mail Marketing,2024-03-26,Não Convertido,,0.0,Desconhecido,Malawi
89460,YouTube Ads,2024-03-28,Não Convertido,,0.0,Moderado,Albania
89461,Google Ads,2024-03-30,Não Convertido,,0.0,Desconhecido,Libyan Arab Jamahiriya
89462,WhatsApp,2024-03-30,Não Convertido,,0.0,Moderado,Bahamas
89463,Facebook,2024-03-30,Não Convertido,,0.0,Agressivo,Somalia
89464,Google Ads,2024-03-28,Não Convertido,,0.0,Conservador,Guinea
89465,TikTok,2024-03-28,Não Convertido,,0.0,Desconhecido,Netherlands
89466,TikTok,2024-03-29,Não Convertido,,0.0,Conservador,Guam
89467,YouTube Ads,2024-03-30,Não Convertido,,0.0,Moderado,Seychelles
89468,TikTok,2024-03-25,Não Convertido,,0.0,Conservador,Cape Verde
89469,YouTube Ads,2024-03-29,Não Convertido,,0.0,Moderado,Singapore
89470,WhatsApp,2024-03-29,Não Convertido,,0.0,Agressivo,Mongolia
89471,E-mail Marketing,2024-03-30,Não Convertido,,0.0,Conservador,United Kingdom
89472,Orgânico,2024-03-25,Não Convertido,,0.0,Conservador,Switzerland
89473,E-mail Marketing,2024-03-30,Não Convertido,,0.0,Moderado,Djibouti
89474,Orgânico,2024-03-27,Não Convertido,,0.0,Agressivo,Cambodia
89475,Instagram,2024-03-27,Não Convertido,,0.0,Moderado,Niger
89476,Facebook,2024-03-26,Não Convertido,,0.0,Moderado,Switzerland
89477,YouTube Ads,2024-03-28,Não Convertido,,0.0,Desconhecido,Sierra Leone
89478,Google Ads,2024-03-30,Não Convertido,,0.0,Moderado,Korea
89479,Google Ads,2024-03-25,Não Convertido,,0.0,Conservador,Antarctica (the territory South of 60 deg S)
89480,Google Ads,2024-03-27,Não Convertido,,0.0,Conservador,China
89481,TikTok,2024-03-26,Convertido,1.0,3150.87,Moderado,Pakistan
89482,Indicação,2024-03-30,Não Convertido,,0.0,Agressivo,Mauritania
89483,Instagram,2024-03-25,Não Convertido,,0.0,Conservador,Cuba
89484,Instagram,2024-03-29,Não Convertido,,0.0,Agressivo,Sri Lanka
89485,Instagram,2024-03-26,Não Convertido,,0.0,Moderado,Vietnam
89486,TikTok,2024-03-28,Não Convertido,,0.0,Moderado,Burkina Faso
89487,Facebook,2024-03-28,Não Convertido,,0.0,Agressivo,China
89488,Google Ads,2024-03-30,Não Convertido,,0.0,Moderado,Western Sahara
89489,YouTube Ads,2024-03-27,Não Convertido,,0.0,Conservador,Jamaica
89490,Orgânico,2024-03-26,Não Convertido,,0.0,Moderado,Taiwan
89491,Google Ads,2024-03-25,Não Convertido,,0.0,Conservador,Iceland
89492,TikTok,2024-03-28,Não Convertido,,0.0,Moderado,Maldives
89493,Instagram,2024-03-27,Não Convertido,,0.0,Agressivo,Denmark
89494,Facebook,2024-03-29,Não Convertido,,0.0,Moderado,Korea
89495,Google Ads,2024-03-29,Não Convertido,,0.0,Conservador,Portugal
89496,E-mail Marketing,2024-03-29,Não Convertido,,0.0,Moderado,Bouvet Island (Bouvetoya)
89497,WhatsApp,2024-03-28,Não Convertido,,0.0,Moderado,Bulgaria
89498,Orgânico,2024-03-28,Não Convertido,,0.0,Agressivo,Russian Federation
89499,Google Ads,2024-03-30,Não Convertido,,0.0,Moderado,American Samoa
89500,WhatsApp,2024-03-28,Não Convertido,,0.0,Moderado,Lao People's Democratic Republic
89501,Orgânico,2024-03-26,Não Convertido,,0.0,Moderado,Brazil
89502,TikTok,2024-03-26,Não Convertido,,0.0,Agressivo,Madagascar
89503,TikTok,2024-03-26,Não Convertido,,0.0,Agressivo,United States of America
