lead_id,origem,data_cadastro,status_conversao,dias_ate_1o_trade,valor_deposito,perfil,pais
79902,Orgânico,2024-03-09,Não Convertido,,0.0,Agressivo,Papua New Guinea
79903,Indicação,2024-03-07,Não Convertido,,0.0,Conservador,Guyana
79904,YouTube Ads,2024-03-06,Não Convertido,,0.0,Conservador,French Polynesia
79905,E-mail Marketing,2024-03-07,Não Convertido,,0.0,Desconhecido,Nepal
79906,TikTok,2024-03-07,Não Convertido,,0.0,Moderado,Sri Lanka
79907,TikTok,2024-03-06,Não Convertido,,0.0,Desconhecido,Australia
79908,Instagram,2024-03-09,Não Convertido,,0.0,Moderado,Croatia
79909,Instagram,2024-03-05,Não Convertido,,0.0,Conservador,Niue
79910,Orgânico,2024-03-09,Não Convertido,,0.0,Moderado,United States Minor Outlying Islands
79911,Google Ads,2024-03-08,Não Convertido,,0.0,Moderado,Norway
79912,Indicação,2024-03-08,Não Convertido,,0.0,Agressivo,Bulgaria
79913,WhatsApp,2024-03-05,Não Convertido,,0.0,Agressivo,Kazakhstan
79914,E-mail Marketing,2024-03-09,Não Convertido,,0.0,Moderado,Samoa
79915,Orgânico,2024-03-08,Não Convertido,,0.0,Moderado,Sudan
79916,WhatsApp,2024-03-05,Não Convertido,,0.0,Agressivo,Japan
79917,TikTok,2024-03-04,Não Convertido,,0.0,Agressivo,Congo
79918,Google Ads,2024-03-08,Não Convertido,,0.0,Moderado,Philippines
79919,TikTok,2024-03-09,Não Convertido,,0.0,Agressivo,American Samoa
79920,Google Ads,2024-03-04,Não Convertido,,0.0,Agressivo,Maldives
79921,TikTok,2024-03-07,Não Convertido,,0.0,Moderado,Aruba
79922,Facebook,2024-03-08,Não Convertido,,0.0,Moderado,Gibraltar
79923,Google Ads,2024-03-08,Não Convertido,,0.0,Desconhecido,Portugal
79924,YouTube Ads,2024-03-09,Não Convertido,,0.0,Moderado,Austria
79925,WhatsApp,2024-03-07,Não Convertido,,0.0,Moderado,Kiribati
79926,WhatsApp,2024-03-09,Não Convertido,,0.0,Agressivo,Mauritius
79927,E-mail Marketing,2024-03-04,Não Convertido,,0.0,Moderado,Germany
79928,Facebook,2024-03-06,Não Convertido,,0.0,Agressivo,Eritrea
79929,WhatsApp,2024-03-04,Não Convertido,,0.0,Desconhecido,Tonga
79930,Instagram,2024-03-05,Não Convertido,,0.0,Conservador,Bangladesh
79931,Orgânico,2024-03-09,Não Convertido,,0.0,Agressivo,Norway
79932,Instagram,2024-03-09,Não Convertido,,0.0,Moderado,Myanmar
79933,E-mail Marketing,2024-03-06,Não Convertido,,0.0,Desconhecido,Malawi
79934,Orgânico,2024-03-06,Não Convertido,,0.0,Moderado,Taiwan
79935,Facebook,2024-03-05,Não Convertido,,0.0,Moderado,Anguilla
79936,E-mail Marketing,2024-03-04,Não Convertido,,0.0,Agressivo,Saint Barthelemy
79937,YouTube Ads,2024-03-04,Não Convertido,,0.0,Moderado,Spain
79938,Facebook,2024-03-05,Não Convertido,,0.0,Moderado,Kuwait
79939,Orgânico,2024-03-08,Não Convertido,,0.0,Moderado,Haiti
79940,Orgânico,2024-03-06,Não Convertido,,0.0,Agressivo,United States Minor Outlying Islands
79941,Instagram,2024-03-08,Não Convertido,,0.0,Moderado,Timor-Leste
79942,Facebook,2024-03-07,Não Convertido,,0.0,Moderado,Iceland
79943,Orgânico,2024-03-07,Não Convertido,,0.0,Agressivo,United Arab Emirates
79944,Orgânico,2024-03-06,Não Convertido,,0.0,Agressivo,Saint Kitts and Nevis
79945,Orgânico,2024-03-08,Não Convertido,,0.0,Conservador,Hungary
79946,Orgânico,2024-03-07,Não Convertido,,0.0,Agressivo,Angola
79947,Facebook,2024-03-07,Não Convertido,,0.0,Agressivo,Mozambique
79948,TikTok,2024-03-09,Não Convertido,,0.0,Agressivo,Senegal
79949,WhatsApp,2024-03-05,Não Convertido,,0.0,Moderado,Senegal
79950,YouTube Ads,2024-03-04,Não Convertido,,0.0,Moderado,Lesotho
79951,Orgânico,2024-03-07,Não Convertido,,0.0,Moderado,Thailand
79952,Instagram,2024-03-08,Não Convertido,,0.0,Desconhecido,Macao
79953,Orgânico,2024-03-07,Não Convertido,,0.0,Agressivo,Honduras
79954,Google Ads,2024-03-05,Não Convertido,,0.0,Agressivo,China
79955,Instagram,2024-03-06,Não Convertido,,0.0,Agressivo,Seychelles
79956,Facebook,2024-03-06,Não Convertido,,0.0,Moderado,Belize
79957,Instagram,2024-03-09,Não Convertido,,0.0,Moderado,Liechtenstein
79958,TikTok,2024-03-04,Não Convertido,,0.0,Desconhecido,Aruba
79959,E-mail Marketing,2024-03-05,Não Convertido,,0.0,Moderado,Sao Tome and Principe
79960,E-mail Marketing,2024-03-09,Não Convertido,,0.0,Moderado,Kenya
79961,E-mail Marketing,2024-03-04,Não Convertido,,0.0,Conservador,Svalbard & Jan Mayen Islands
79962,WhatsApp,2024-03-04,Não Convertido,,0.0,Desconhecido,India
79963,Google Ads,2024-03-09,Não Convertido,,0.0,Conservador,Tajikistan
79964,Orgânico,2024-03-09,Não Convertido,,0.0,Moderado,Micronesia
79965,Orgânico,2024-03-05,Não Convertido,,0.0,Agressivo,Guatemala
79966,Instagram,2024-03-04,Não Convertido,,0.0,Desconhecido,Austria
79967,Instagram,2024-03-05,Não Convertido,,0.0,Moderado,Tuvalu
79968,Orgânico,2024-03-08,Não Convertido,,0.0,Conservador,New Caledonia
79969,E-mail Marketing,2024-03-09,Não Convertido,,0.0,Moderado,Luxembourg
79970,Google Ads,2024-03-05,Não Convertido,,0.0,Agressivo,Saudi Arabia
79971,Instagram,2024-03-06,Não Convertido,,0.0,Conservador,Zambia
79972,Google Ads,2024-03-08,Não Convertido,,0.0,Conservador,Luxembourg
79973,WhatsApp,2024-03-09,Não Convertido,,0.0,Moderado,Macao
79974,Instagram,2024-03-05,Não Convertido,,0.0,Desconhecido,Brazil
79975,E-mail Marketing,2024-03-05,Não Convertido,,0.0,Conservador,Dominica
79976,Facebook,2024-03-07,Não Convertido,,0.0,Agressivo,Faroe Islands
79977,Orgânico,2024-03-08,Não Convertido,,0.0,Conservador,British Virgin Islands
79978,Instagram,2024-03-07,Não Convertido,,0.0,Agressivo,Ecuador
79979,Orgânico,2024-03-05,Não Convertido,,0.0,Conservador,Jordan
79980,TikTok,2024-03-07,Não Convertido,,0.0,Agressivo,Austria
79981,Facebook,2024-03-05,Convertido,22.0,2354.53,Moderado,Colombia
79982,Google Ads,2024-03-09,Não Convertido,,0.0,Agressivo,Azerbaijan
79983,Instagram,2024-03-08,Não Convertido,,0.0,Conservador,El Salvador
79984,Facebook,2024-03-07,Não Convertido,,0.0,Moderado,Pakistan
79985,Orgânico,2024-03-09,Não Convertido,,0.0,Moderado,Marshall Islands
79986,Orgânico,2024-03-05,Não Convertido,,0.0,Moderado,Saint Barthelemy
79987,TikTok,2024-03-04,Não Convertido,,0.0,Moderado,Korea
79988,E-mail Marketing,2024-03-09,Não Convertido,,0.0,Agressivo,Barbados
79989,Instagram,2024-03-05,Não Convertido,,0.0,Desconhecido,Papua New Guinea
79990,YouTube Ads,2024-03-05,Não Convertido,,0.0,Moderado,Equatorial Guinea
79991,TikTok,2024-03-04,Convertido,3.0,4425.3,Agressivo,Belize
79992,YouTube Ads,2024-03-08,Não Convertido,,0.0,Conservador,Saint Kitts and Nevis
79993,Instagram,2024-03-08,Não Convertido,,0.0,Moderado,Puerto Rico
79994,YouTube Ads,2024-03-04,Não Convertido,,0.0,Conservador,Guernsey
79995,Facebook,2024-03-05,Não Convertido,,0.0,Moderado,Poland
79996,E-mail Marketing,2024-03-07,Não Convertido,,0.0,Moderado,Antigua and Barbuda
79997,WhatsApp,2024-03-06,Não Convertido,,0.0,Moderado,Yemen
79998,WhatsApp,2024-03-06,Não Convertido,,0.0,Agressivo,Russian Federation
79999,E-mail Marketing,2024-03-07,Não Convertido,,0.0,Agressivo,Morocco
80000,Google Ads,2024-03-08,Não Convertido,,0.0,Agressivo,Western Sahara
80001,Google Ads,2024-03-06,Não Convertido,,0.0,Desconhecido,Portugal
80002,E-mail Marketing,2024-03-04,Não Convertido,,0.0,Moderado,Belgium
80003,YouTube Ads,2024-03-07,Não Convertido,,0.0,Agressivo,Korea
80004,Orgânico,2024-03-09,Não Convertido,,0.0,Desconhecido,United States Virgin Islands
80005,Google Ads,2024-03-06,Não Convertido,,0.0,Moderado,Honduras
80006,WhatsApp,2024-03-05,Não Convertido,,0.0,Conservador,Saint Martin
80007,Orgânico,2024-03-05,Não Convertido,,0.0,Agressivo,Mexico
80008,WhatsApp,2024-03-08,Não Convertido,,0.0,Conservador,Oman
80009,Orgânico,2024-03-04,Não Convertido,,0.0,Conservador,Turkey
80010,Facebook,2024-03-07,Não Convertido,,0.0,Agressivo,Liechtenstein
80011,Facebook,2024-03-09,Não Convertido,,0.0,Moderado,Fiji
80012,Google Ads,2024-03-09,Não Convertido,,0.0,Desconhecido,Niue
80013,Google Ads,2024-03-06,Não Convertido,,0.0,Agressivo,Holy See (Vatican City State)
80014,Orgânico,2024-03-09,Não Convertido,,0.0,Conservador,Namibia
80015,Orgânico,2024-03-06,Não Convertido,,0.0,Agressivo,Saint Lucia
80016,Instagram,2024-03-06,Não Convertido,,0.0,Moderado,Togo
80017,WhatsApp,2024-03-07,Não Convertido,,0.0,Moderado,Saint Helena
80018,Google Ads,2024-03-08,Não Convertido,,0.0,Moderado,Turkey
80019,YouTube Ads,2024-03-07,Não Convertido,,0.0,Desconhecido,Mali
80020,Indicação,2024-03-04,Não Convertido,,0.0,Agressivo,Uruguay
80021,WhatsApp,2024-03-05,Não Convertido,,0.0,Conservador,Romania
80022,Orgânico,2024-03-04,Não Convertido,,0.0,Conservador,Eritrea
80023,Indicação,2024-03-07,Não Convertido,,0.0,Desconhecido,Uzbekistan
80024,Facebook,2024-03-04,Não Convertido,,0.0,Conservador,United States of America
80025,TikTok,2024-03-09,Não Convertido,,0.0,Desconhecido,Gibraltar
80026,TikTok,2024-03-08,Não Convertido,,0.0,Moderado,Mali
80027,Google Ads,2024-03-05,Não Convertido,,0.0,Agressivo,Serbia
80028,Indicação,2024-03-08,Não Convertido,,0.0,Moderado,China
80029,Google Ads,2024-03-04,Não Convertido,,0.0,Moderado,Japan
80030,TikTok,2024-03-09,Não Convertido,,0.0,Agressivo,Rwanda
80031,E-mail Marketing,2024-03-05,Convertido,11.0,8119.23,Moderado,Grenada
80032,Instagram,2024-03-08,Não Convertido,,0.0,Moderado,Faroe Islands
80033,Facebook,2024-03-09,Não Convertido,,0.0,Moderado,Norway
80034,Orgânico,2024-03-08,Não Convertido,,0.0,Moderado,Senegal
80035,Instagram,2024-03-09,Não Convertido,,0.0,Conservador,Monaco
80036,TikTok,2024-03-09,Não Convertido,,0.0,Moderado,Mayotte
80037,Orgânico,2024-03-05,Não Convertido,,0.0,Agressivo,Cyprus
80038,Instagram,2024-03-08,Não Convertido,,0.0,Moderado,Marshall Islands
80039,Instagram,2024-03-05,Não Convertido,,0.0,Conservador,Kenya
80040,Facebook,2024-03-04,Não Convertido,,0.0,Agressivo,Togo
80041,E-mail Marketing,2024-03-05,Não Convertido,,0.0,Moderado,Zimbabwe
80042,Orgânico,2024-03-04,Não Convertido,,0.0,Agressivo,Cayman Islands
80043,E-mail Marketing,2024-03-08,Não Convertido,,0.0,Desconhecido,Swaziland
80044,Orgânico,2024-03-04,Não Convertido,,0.0,Agressivo,Peru
80045,Instagram,2024-03-09,Não Convertido,,0.0,Agressivo,Nicaragua
80046,Facebook,2024-03-06,Não Convertido,,0.0,Agressivo,Ghana
80047,YouTube Ads,2024-03-08,Convertido,23.0,3167.25,Desconhecido,Azerbaijan
80048,Orgânico,2024-03-07,Não Convertido,,0.0,Conservador,Cameroon
80049,Google Ads,2024-03-06,Não Convertido,,0.0,Conservador,Guinea
80050,Instagram,2024-03-09,Não Convertido,,0.0,Conservador,Colombia
80051,YouTube Ads,2024-03-07,Não Convertido,,0.0,Agressivo,British Indian Ocean Territory (Chagos Archipelago)
80052,Google Ads,2024-03-07,Não Convertido,,0.0,Agressivo,Egypt
80053,E-mail Marketing,2024-03-06,Não Convertido,,0.0,Agressivo,Bahamas
80054,Orgânico,2024-03-04,Não Convertido,,0.0,Moderado,Hungary
80055,E-mail Marketing,2024-03-06,Não Convertido,,0.0,Moderado,Somalia
80056,Google Ads,2024-03-06,Não Convertido,,0.0,Conservador,Bhutan
80057,Orgânico,2024-03-09,Não Convertido,,0.0,Moderado,Monaco
80058,Indicação,2024-03-04,Não Convertido,,0.0,Moderado,Myanmar
80059,Instagram,2024-03-06,Não Convertido,,0.0,Conservador,Kyrgyz Republic
80060,Facebook,2024-03-07,Não Convertido,,0.0,Conservador,Algeria
80061,WhatsApp,2024-03-05,Não Convertido,,0.0,Agressivo,Madagascar
80062,Indicação,2024-03-05,Não Convertido,,0.0,Moderado,Guatemala
80063,Instagram,2024-03-08,Não Convertido,,0.0,Moderado,Angola
80064,YouTube Ads,2024-03-07,Não Convertido,,0.0,Desconhecido,Bangladesh
80065,Indicação,2024-03-06,Não Convertido,,0.0,Agressivo,Puerto Rico
80066,Google Ads,2024-03-09,Não Convertido,,0.0,Moderado,Iraq
80067,E-mail Marketing,2024-03-08,Não Convertido,,0.0,Agressivo,Zambia
80068,Orgânico,2024-03-07,Não Convertido,,0.0,Conservador,Nepal
80069,WhatsApp,2024-03-07,Não Convertido,,0.0,Agressivo,Western Sahara
80070,E-mail Marketing,2024-03-05,Não Convertido,,0.0,Desconhecido,Saudi Arabia
80071,Instagram,2024-03-05,Não Convertido,,0.0,Moderado,Hong Kong
80072,YouTube Ads,2024-03-06,Não Convertido,,0.0,Moderado,Kyrgyz Republic
80073,E-mail Marketing,2024-03-06,Não Convertido,,0.0,Moderado,Heard Island and McDonald Islands
80074,TikTok,2024-03-07,Não Convertido,,0.0,Agressivo,Myanmar
80075,Indicação,2024-03-09,Não Convertido,,0.0,Conservador,Guinea
80076,Google Ads,2024-03-07,Não Convertido,,0.0,Moderado,Niue
80077,WhatsApp,2024-03-09,Não Convertido,,0.0,Moderado,Djibouti
80078,Orgânico,2024-03-07,Não Convertido,,0.0,Conservador,Wallis and Futuna
80079,E-mail Marketing,2024-03-09,Não Convertido,,0.0,Moderado,Croatia
80080,Indicação,2024-03-04,Não Convertido,,0.0,Moderado,Montenegro
80081,Orgânico,2024-03-06,Não Convertido,,0.0,Agressivo,Saint Helena
80082,Instagram,2024-03-08,Não Convertido,,0.0,Conservador,Sweden
80083,Instagram,2024-03-08,Não Convertido,,0.0,Moderado,Swaziland
80084,Orgânico,2024-03-04,Não Convertido,,0.0,Agressivo,Sao Tome and Principe
80085,WhatsApp,2024-03-07,Não Convertido,,0.0,Desconhecido,Gibraltar
80086,Orgânico,2024-03-07,Não Convertido,,0.0,Moderado,Seychelles
80087,Instagram,2024-03-08,Não Convertido,,0.0,Conservador,New Caledonia
80088,Instagram,2024-03-07,Não Convertido,,0.0,Desconhecido,Angola
80089,Instagram,2024-03-09,Não Convertido,,0.0,Agressivo,India
80090,Orgânico,2024-03-08,Não Convertido,,0.0,Agressivo,Cyprus
80091,Orgânico,2024-03-09,Não Convertido,,0.0,Conservador,Nigeria
80092,Orgânico,2024-03-04,Não Convertido,,0.0,Moderado,Chile
80093,Facebook,2024-03-07,Não Convertido,,0.0,Conservador,British Virgin Islands
80094,Indicação,2024-03-09,Não Convertido,,0.0,Agressivo,Falkland Islands (Malvinas)
80095,Indicação,2024-03-06,Não Convertido,,0.0,Agressivo,Niger
80096,WhatsApp,2024-03-09,Não Convertido,,0.0,Moderado,Nepal
80097,Indicação,2024-03-04,Não Convertido,,0.0,Moderado,Ireland
80098,E-mail Marketing,2024-03-04,Não Convertido,,0.0,Moderado,United Arab Emirates
80099,Facebook,2024-03-05,Não Convertido,,0.0,Moderado,Mexico
80100,E-mail Marketing,2024-03-05,Não Convertido,,0.0,Conservador,Anguilla
80101,Instagram,2024-03-07,Não Convertido,,0.0,Moderado,Gambia
80102,TikTok,2024-03-04,Não Convertido,,0.0,Agressivo,Pakistan
80103,WhatsApp,2024-03-06,Não Convertido,,0.0,Moderado,Nigeria
80104,Orgânico,2024-03-09,Não Convertido,,0.0,Moderado,Italy
80105,E-mail Marketing,2024-03-09,Não Convertido,,0.0,Agressivo,Gabon
80106,E-mail Marketing,2024-03-08,Não Convertido,,0.0,Moderado,Aruba
80107,Facebook,2024-03-04,Não Convertido,,0.0,Moderado,Saint Barthelemy
80108,YouTube Ads,2024-03-06,Não Convertido,,0.0,Agressivo,Maldives
80109,Instagram,2024-03-04,Não Convertido,,0.0,Agressivo,Liechtenstein
80110,E-mail Marketing,2024-03-04,Não Convertido,,0.0,Moderado,Philippines
80111,TikTok,2024-03-08,Não Convertido,,0.0,Conservador,Reunion
80112,TikTok,2024-03-08,Não Convertido,,0.0,Agressivo,Lao People's Democratic Republic
80113,WhatsApp,2024-03-09,Não Convertido,,0.0,Agressivo,Isle of Man
80114,Google Ads,2024-03-06,Não Convertido,,0.0,Agressivo,Denmark
80115,Indicação,2024-03-08,Não Convertido,,0.0,Desconhecido,Croatia
80116,YouTube Ads,2024-03-06,Não Convertido,,0.0,Conservador,Philippines
80117,Instagram,2024-03-06,Não Convertido,,0.0,Conservador,Argentina
80118,E-mail Marketing,2024-03-08,Não Convertido,,0.0,Conservador,Equatorial Guinea
80119,Instagram,2024-03-09,Convertido,17.0,2973.72,Moderado,Finland
80120,TikTok,2024-03-06,Não Convertido,,0.0,Agressivo,Guam
80121,WhatsApp,2024-03-07,Não Convertido,,0.0,Moderado,South Africa
80122,TikTok,2024-03-07,Convertido,28.0,8233.73,Moderado,Malawi
80123,Indicação,2024-03-06,Não Convertido,,0.0,Desconhecido,Armenia
80124,Indicação,2024-03-07,Não Convertido,,0.0,Moderado,Argentina
80125,Instagram,2024-03-04,Não Convertido,,0.0,Conservador,Tanzania
80126,E-mail Marketing,2024-03-09,Não Convertido,,0.0,Agressivo,Sao Tome and Principe
80127,TikTok,2024-03-06,Não Convertido,,0.0,Agressivo,Anguilla
80128,YouTube Ads,2024-03-06,Não Convertido,,0.0,Agressivo,Kazakhstan
80129,Orgânico,2024-03-04,Não Convertido,,0.0,Conservador,Lithuania
80130,Instagram,2024-03-04,Não Convertido,,0.0,Moderado,Oman
80131,Orgânico,2024-03-04,Não Convertido,,0.0,Agressivo,Madagascar
80132,Indicação,2024-03-09,Convertido,9.0,1346.28,Conservador,Portugal
80133,Instagram,2024-03-06,Não Convertido,,0.0,Moderado,Myanmar
80134,E-mail Marketing,2024-03-08,Não Convertido,,0.0,Moderado,Trinidad and Tobago
80135,E-mail Marketing,2024-03-09,Não Convertido,,0.0,Agressivo,Norway
80136,Facebook,2024-03-05,Não Convertido,,0.0,Moderado,Denmark
80137,TikTok,2024-03-04,Não Convertido,,0.0,Moderado,Svalbard & Jan Mayen Islands
80138,WhatsApp,2024-03-09,Não Convertido,,0.0,Moderado,Lao People's Democratic Republic
80139,TikTok,2024-03-07,Não Convertido,,0.0,Conservador,Guinea
80140,Instagram,2024-03-04,Não Convertido,,0.0,Agressivo,Barbados
80141,YouTube Ads,2024-03-05,Não Convertido,,0.0,Agressivo,British Virgin Islands
80142,Google Ads,2024-03-06,Não Convertido,,0.0,Agressivo,Cambodia
80143,WhatsApp,2024-03-05,Não Convertido,,0.0,Conservador,Taiwan
80144,E-mail Marketing,2024-03-09,Não Convertido,,0.0,Moderado,French Polynesia
80145,WhatsApp,2024-03-06,Não Convertido,,0.0,Moderado,El Salvador
80146,Orgânico,2024-03-08,Não Convertido,,0.0,Moderado,Reunion
80147,E-mail Marketing,2024-03-04,Não Convertido,,0.0,Agressivo,Somalia
80148,TikTok,2024-03-09,Não Convertido,,0.0,Agressivo,Saint Barthelemy
80149,Instagram,2024-03-05,Não Convertido,,0.0,Moderado,Benin
80150,WhatsApp,2024-03-07,Não Convertido,,0.0,Agressivo,Comoros
80151,Instagram,2024-03-04,Não Convertido,,0.0,Desconhecido,Ghana
80152,Instagram,2024-03-08,Não Convertido,,0.0,Conservador,Svalbard & Jan Mayen Islands
80153,Facebook,2024-03-09,Não Convertido,,0.0,Moderado,Angola
80154,Orgânico,2024-03-08,Não Convertido,,0.0,Moderado,Brazil
80155,Google Ads,2024-03-08,Não Convertido,,0.0,Moderado,Brunei Darussalam
80156,YouTube Ads,2024-03-09,Não Convertido,,0.0,Agressivo,Guadeloupe
80157,Instagram,2024-03-07,Não Convertido,,0.0,Moderado,Rwanda
80158,Facebook,2024-03-06,Não Convertido,,0.0,Moderado,Syrian Arab Republic
80159,E-mail Marketing,2024-03-06,Não Convertido,,0.0,Moderado,Isle of Man
80160,TikTok,2024-03-08,Não Convertido,,0.0,Agressivo,Greenland
80161,Instagram,2024-03-08,Convertido,24.0,9567.96,Conservador,New Caledonia
80162,Orgânico,2024-03-08,Não Convertido,,0.0,Desconhecido,Romania
80163,YouTube Ads,2024-03-05,Não Convertido,,0.0,Moderado,Senegal
80164,Facebook,2024-03-08,Não Convertido,,0.0,Conservador,Colombia
80165,E-mail Marketing,2024-03-05,Não Convertido,,0.0,Moderado,Sao Tome and Principe
80166,TikTok,2024-03-04,Não Convertido,,0.0,Moderado,Niue
80167,E-mail Marketing,2024-03-06,Não Convertido,,0.0,Moderado,Lebanon
80168,Facebook,2024-03-07,Não Convertido,,0.0,Moderado,Guam
80169,TikTok,2024-03-05,Não Convertido,,0.0,Conservador,Portugal
80170,E-mail Marketing,2024-03-08,Não Convertido,,0.0,Agressivo,Congo
80171,YouTube Ads,2024-03-08,Não Convertido,,0.0,Desconhecido,South Georgia and the South Sandwich Islands
80172,Orgânico,2024-03-09,Não Convertido,,0.0,Agressivo,Romania
80173,Google Ads,2024-03-06,Não Convertido,,0.0,Agressivo,Netherlands
80174,TikTok,2024-03-08,Não Convertido,,0.0,Conservador,Guernsey
80175,E-mail Marketing,2024-03-08,Não Convertido,,0.0,Moderado,Argentina
80176,Facebook,2024-03-08,Não Convertido,,0.0,Moderado,Pitcairn Islands
80177,E-mail Marketing,2024-03-06,Não Convertido,,0.0,Agressivo,Madagascar
80178,WhatsApp,2024-03-06,Não Convertido,,0.0,Conservador,Bermuda
80179,Indicação,2024-03-07,Não Convertido,,0.0,Moderado,Maldives
80180,Indicação,2024-03-09,Não Convertido,,0.0,Conservador,Guadeloupe
80181,E-mail Marketing,2024-03-09,Não Convertido,,0.0,Desconhecido,South Georgia and the South Sandwich Islands
80182,YouTube Ads,2024-03-06,Não Convertido,,0.0,Desconhecido,Mali
80183,Instagram,2024-03-07,Não Convertido,,0.0,Moderado,Iraq
80184,YouTube Ads,2024-03-06,Não Convertido,,0.0,Conservador,Hungary
80185,WhatsApp,2024-03-05,Convertido,18.0,2216.56,Desconhecido,United States of America
80186,YouTube Ads,2024-03-09,Não Convertido,,0.0,Agressivo,Montserrat
80187,Instagram,2024-03-09,Não Convertido,,0.0,Moderado,Cuba
80188,Facebook,2024-03-04,Não Convertido,,0.0,Moderado,Bhutan
80189,Google Ads,2024-03-05,Não Convertido,,0.0,Agressivo,Saint Barthelemy
80190,E-mail Marketing,2024-03-05,Não Convertido,,0.0,Moderado,Marshall Islands
80191,Orgânico,2024-03-05,Não Convertido,,0.0,Conservador,Saint Pierre and Miquelon
80192,Orgânico,2024-03-09,Não Convertido,,0.0,Desconhecido,San Marino
80193,E-mail Marketing,2024-03-09,Não Convertido,,0.0,Agressivo,South Africa
80194,E-mail Marketing,2024-03-05,Não Convertido,,0.0,Moderado,Cape Verde
80195,E-mail Marketing,2024-03-09,Não Convertido,,0.0,Desconhecido,Cote d'Ivoire
80196,E-mail Marketing,2024-03-08,Não Convertido,,0.0,Moderado,Trinidad and Tobago
80197,Orgânico,2024-03-07,Não Convertido,,0.0,Agressivo,Lebanon
80198,Instagram,2024-03-05,Não Convertido,,0.0,Agressivo,Tanzania
80199,Indicação,2024-03-08,Não Convertido,,0.0,Moderado,Greenland
80200,TikTok,2024-03-07,Não Convertido,,0.0,Conservador,Indonesia
80201,E-mail Marketing,2024-03-09,Não Convertido,,0.0,Agressivo,Angola
80202,TikTok,2024-03-07,Não Convertido,,0.0,Agressivo,Cayman Islands
80203,Google Ads,2024-03-07,Não Convertido,,0.0,Conservador,British Indian Ocean Territory (Chagos Archipelago)
80204,WhatsApp,2024-03-08,Não Convertido,,0.0,Desconhecido,Singapore
80205,YouTube Ads,2024-03-09,Não Convertido,,0.0,Agressivo,Hong Kong
80206,TikTok,2024-03-04,Não Convertido,,0.0,Moderado,Burundi
80207,Facebook,2024-03-06,Não Convertido,,0.0,Agressivo,Iraq
80208,WhatsApp,2024-03-04,Não Convertido,,0.0,Agressivo,Hong Kong
80209,YouTube Ads,2024-03-04,Não Convertido,,0.0,Conservador,Christmas Island
80210,Indicação,2024-03-05,Não Convertido,,0.0,Moderado,Congo
80211,TikTok,2024-03-04,Não Convertido,,0.0,Agressivo,Albania
80212,Instagram,2024-03-04,Não Convertido,,0.0,Agressivo,Estonia
80213,Orgânico,2024-03-05,Não Convertido,,0.0,Conservador,Martinique
80214,Instagram,2024-03-05,Não Convertido,,0.0,Moderado,Anguilla
80215,YouTube Ads,2024-03-06,Não Convertido,,0.0,Conservador,Tuvalu
80216,TikTok,2024-03-06,Não Convertido,,0.0,Conservador,Timor-Leste
80217,WhatsApp,2024-03-04,Não Convertido,,0.0,Moderado,South Africa
80218,Instagram,2024-03-06,Não Convertido,,0.0,Moderado,Trinidad and Tobago
80219,E-mail Marketing,2024-03-04,Não Convertido,,0.0,Agressivo,Rwanda
80220,WhatsApp,2024-03-08,Não Convertido,,0.0,Moderado,Pitcairn Islands
80221,E-mail Marketing,2024-03-08,Não Convertido,,0.0,Moderado,Cote d'Ivoire
80222,TikTok,2024-03-08,Não Convertido,,0.0,Moderado,Angola
80223,Instagram,2024-03-05,Não Convertido,,0.0,Agressivo,Indonesia
80224,E-mail Marketing,2024-03-05,Não Convertido,,0.0,Moderado,Lebanon
80225,Instagram,2024-03-05,Não Convertido,,0.0,Conservador,Macao
80226,Instagram,2024-03-05,Não Convertido,,0.0,Desconhecido,Guam
80227,Orgânico,2024-03-06,Não Convertido,,0.0,Conservador,Saint Helena
80228,Orgânico,2024-03-05,Não Convertido,,0.0,Moderado,Montserrat
80229,Instagram,2024-03-06,Convertido,22.0,3933.08,Moderado,Ethiopia
80230,Instagram,2024-03-06,Não Convertido,,0.0,Moderado,Mauritania
80231,WhatsApp,2024-03-07,Não Convertido,,0.0,Agressivo,Albania
80232,Orgânico,2024-03-09,Não Convertido,,0.0,Agressivo,Holy See (Vatican City State)
80233,Instagram,2024-03-05,Não Convertido,,0.0,Moderado,Chad
80234,Indicação,2024-03-04,Não Convertido,,0.0,Desconhecido,Aruba
80235,Facebook,2024-03-06,Não Convertido,,0.0,Conservador,Paraguay
80236,Orgânico,2024-03-04,Não Convertido,,0.0,Agressivo,Macao
80237,E-mail Marketing,2024-03-09,Não Convertido,,0.0,Desconhecido,Heard Island and McDonald Islands
80238,Google Ads,2024-03-04,Não Convertido,,0.0,Moderado,Croatia
80239,Orgânico,2024-03-08,Não Convertido,,0.0,Agressivo,Christmas Island
80240,Google Ads,2024-03-05,Não Convertido,,0.0,Desconhecido,Mongolia
80241,TikTok,2024-03-07,Não Convertido,,0.0,Agressivo,Panama
80242,Indicação,2024-03-09,Não Convertido,,0.0,Conservador,French Guiana
80243,Instagram,2024-03-06,Não Convertido,,0.0,Moderado,Latvia
80244,Facebook,2024-03-08,Não Convertido,,0.0,Agressivo,American Samoa
80245,Instagram,2024-03-07,Não Convertido,,0.0,Moderado,Thailand
80246,TikTok,2024-03-06,Não Convertido,,0.0,Moderado,India
80247,E-mail Marketing,2024-03-05,Não Convertido,,0.0,Moderado,Belize
80248,Indicação,2024-03-05,Não Convertido,,0.0,Moderado,Switzerland
80249,E-mail Marketing,2024-03-07,Não Convertido,,0.0,Desconhecido,Italy
80250,WhatsApp,2024-03-08,Não Convertido,,0.0,Agressivo,British Indian Ocean Territory (Chagos Archipelago)
80251,TikTok,2024-03-04,Não Convertido,,0.0,Agressivo,American Samoa
80252,Facebook,2024-03-09,Não Convertido,,0.0,Agressivo,Hungary
80253,Instagram,2024-03-08,Não Convertido,,0.0,Agressivo,Austria
80254,E-mail Marketing,2024-03-08,Não Convertido,,0.0,Agressivo,China
80255,TikTok,2024-03-05,Não Convertido,,0.0,Agressivo,French Southern Territories
80256,WhatsApp,2024-03-05,Não Convertido,,0.0,Desconhecido,Holy See (Vatican City State)
80257,TikTok,2024-03-06,Não Convertido,,0.0,Desconhecido,Nauru
80258,TikTok,2024-03-04,Não Convertido,,0.0,Moderado,Cote d'Ivoire
80259,WhatsApp,2024-03-05,Não Convertido,,0.0,Agressivo,Malawi
80260,Google Ads,2024-03-05,Não Convertido,,0.0,Moderado,Vietnam
80261,E-mail Marketing,2024-03-06,Não Convertido,,0.0,Agressivo,Cote d'Ivoire
80262,Indicação,2024-03-05,Não Convertido,,0.0,Desconhecido,Trinidad and Tobago
80263,Indicação,2024-03-04,Não Convertido,,0.0,Moderado,Equatorial Guinea
80264,E-mail Marketing,2024-03-07,Não Convertido,,0.0,Moderado,Finland
80265,YouTube Ads,2024-03-05,Não Convertido,,0.0,Conservador,Reunion
80266,Google Ads,2024-03-06,Não Convertido,,0.0,Agressivo,Brunei Darussalam
80267,Google Ads,2024-03-09,Não Convertido,,0.0,Moderado,Canada
80268,Instagram,2024-03-04,Não Convertido,,0.0,Moderado,Reunion
80269,Instagram,2024-03-08,Não Convertido,,0.0,Conservador,Tajikistan
80270,TikTok,2024-03-06,Não Convertido,,0.0,Moderado,Seychelles
80271,E-mail Marketing,2024-03-06,Convertido,2.0,3485.97,Conservador,Andorra
80272,Facebook,2024-03-07,Não Convertido,,0.0,Agressivo,Trinidad and Tobago
80273,Facebook,2024-03-05,Não Convertido,,0.0,Moderado,Colombia
80274,YouTube Ads,2024-03-06,Não Convertido,,0.0,Moderado,Ethiopia
80275,WhatsApp,2024-03-09,Não Convertido,,0.0,Agressivo,Benin
80276,E-mail Marketing,2024-03-06,Não Convertido,,0.0,Agressivo,Uruguay
80277,E-mail Marketing,2024-03-08,Não Convertido,,0.0,Moderado,Lebanon
80278,Instagram,2024-03-08,Não Convertido,,0.0,Conservador,Andorra
80279,YouTube Ads,2024-03-05,Não Convertido,,0.0,Conservador,Saint Martin
80280,YouTube Ads,2024-03-09,Não Convertido,,0.0,Agressivo,Monaco
80281,TikTok,2024-03-05,Não Convertido,,0.0,Conservador,Faroe Islands
80282,Orgânico,2024-03-05,Não Convertido,,0.0,Conservador,Mongolia
80283,Google Ads,2024-03-06,Não Convertido,,0.0,Agressivo,Slovakia (Slovak Republic)
80284,Orgânico,2024-03-09,Não Convertido,,0.0,Moderado,Sierra Leone
80285,Facebook,2024-03-08,Não Convertido,,0.0,Desconhecido,Tanzania
80286,Orgânico,2024-03-04,Não Convertido,,0.0,Desconhecido,Lebanon
80287,Instagram,2024-03-09,Não Convertido,,0.0,Moderado,Somalia
80288,WhatsApp,2024-03-07,Não Convertido,,0.0,Moderado,Germany
80289,YouTube Ads,2024-03-09,Não Convertido,,0.0,Agressivo,Israel
80290,TikTok,2024-03-04,Não Convertido,,0.0,Desconhecido,Thailand
80291,YouTube Ads,2024-03-08,Não Convertido,,0.0,Moderado,Barbados
80292,Facebook,2024-03-04,Não Convertido,,0.0,Conservador,Eritrea
80293,WhatsApp,2024-03-05,Não Convertido,,0.0,Conservador,Christmas Island
80294,Orgânico,2024-03-07,Não Convertido,,0.0,Moderado,Bosnia and Herzegovina
80295,E-mail Marketing,2024-03-07,Não Convertido,,0.0,Agressivo,Estonia
80296,E-mail Marketing,2024-03-06,Não Convertido,,0.0,Moderado,Cyprus
80297,Google Ads,2024-03-08,Não Convertido,,0.0,Conservador,Barbados
80298,E-mail Marketing,2024-03-08,Não Convertido,,0.0,Moderado,Kenya
80299,Facebook,2024-03-07,Não Convertido,,0.0,Desconhecido,United Arab Emirates
80300,Orgânico,2024-03-05,Não Convertido,,0.0,Moderado,Peru
80301,E-mail Marketing,2024-03-07,Não Convertido,,0.0,Moderado,Germany
80302,YouTube Ads,2024-03-08,Não Convertido,,0.0,Moderado,Seychelles
80303,TikTok,2024-03-05,Não Convertido,,0.0,Moderado,Georgia
80304,Google Ads,2024-03-05,Não Convertido,,0.0,Moderado,Puerto Rico
80305,Orgânico,2024-03-06,Não Convertido,,0.0,Agressivo,Albania
80306,Google Ads,2024-03-08,Não Convertido,,0.0,Desconhecido,Tunisia
80307,Facebook,2024-03-09,Não Convertido,,0.0,Desconhecido,Bermuda
80308,E-mail Marketing,2024-03-04,Não Convertido,,0.0,Agressivo,Jordan
80309,Instagram,2024-03-07,Não Convertido,,0.0,Conservador,Jersey
80310,Facebook,2024-03-05,Não Convertido,,0.0,Agressivo,Anguilla
80311,E-mail Marketing,2024-03-08,Não Convertido,,0.0,Moderado,Aruba
80312,WhatsApp,2024-03-06,Não Convertido,,0.0,Moderado,Zambia
80313,E-mail Marketing,2024-03-08,Convertido,0.0,9423.46,Moderado,Yemen
80314,Facebook,2024-03-05,Não Convertido,,0.0,Agressivo,Mayotte
80315,Google Ads,2024-03-09,Não Convertido,,0.0,Moderado,Swaziland
80316,WhatsApp,2024-03-04,Não Convertido,,0.0,Agressivo,Mauritius
80317,WhatsApp,2024-03-06,Não Convertido,,0.0,Moderado,Cayman Islands
80318,Instagram,2024-03-08,Não Convertido,,0.0,Agressivo,British Indian Ocean Territory (Chagos Archipelago)
80319,Instagram,2024-03-06,Não Convertido,,0.0,Moderado,Mauritania
80320,E-mail Marketing,2024-03-06,Não Convertido,,0.0,Desconhecido,Iceland
80321,WhatsApp,2024-03-05,Não Convertido,,0.0,Conservador,Palestinian Territory
80322,Facebook,2024-03-07,Não Convertido,,0.0,Moderado,Marshall Islands
80323,YouTube Ads,2024-03-09,Não Convertido,,0.0,Moderado,Congo
80324,Google Ads,2024-03-08,Não Convertido,,0.0,Agressivo,Kiribati
80325,TikTok,2024-03-05,Não Convertido,,0.0,Moderado,Morocco
80326,Facebook,2024-03-04,Não Convertido,,0.0,Desconhecido,Comoros
80327,TikTok,2024-03-04,Não Convertido,,0.0,Agressivo,Slovenia
80328,Instagram,2024-03-04,Não Convertido,,0.0,Agressivo,South Georgia and the South Sandwich Islands
80329,Facebook,2024-03-09,Não Convertido,,0.0,Moderado,Trinidad and Tobago
80330,YouTube Ads,2024-03-08,Não Convertido,,0.0,Agressivo,Saint Pierre and Miquelon
80331,Indicação,2024-03-05,Não Convertido,,0.0,Conservador,Mexico
80332,Facebook,2024-03-09,Convertido,26.0,5691.87,Desconhecido,Mali
80333,TikTok,2024-03-09,Não Convertido,,0.0,Moderado,Slovenia
80334,Instagram,2024-03-07,Não Convertido,,0.0,Conservador,Nicaragua
80335,E-mail Marketing,2024-03-07,Não Convertido,,0.0,Agressivo,United States Minor Outlying Islands
80336,Facebook,2024-03-08,Não Convertido,,0.0,Agressivo,Somalia
80337,YouTube Ads,2024-03-09,Não Convertido,,0.0,Desconhecido,Norway
80338,Orgânico,2024-03-04,Não Convertido,,0.0,Moderado,Togo
80339,TikTok,2024-03-09,Não Convertido,,0.0,Moderado,Bangladesh
80340,Instagram,2024-03-04,Não Convertido,,0.0,Desconhecido,Hungary
80341,Orgânico,2024-03-05,Não Convertido,,0.0,Moderado,Iran
80342,Indicação,2024-03-05,Não Convertido,,0.0,Moderado,Antarctica (the territory South of 60 deg S)
80343,Orgânico,2024-03-06,Não Convertido,,0.0,Conservador,Trinidad and Tobago
80344,Orgânico,2024-03-08,Não Convertido,,0.0,Conservador,Croatia
80345,TikTok,2024-03-04,Não Convertido,,0.0,Moderado,Haiti
80346,Instagram,2024-03-05,Não Convertido,,0.0,Moderado,Guyana
80347,Instagram,2024-03-04,Não Convertido,,0.0,Moderado,Bangladesh
80348,Facebook,2024-03-07,Convertido,29.0,8273.87,Conservador,Lithuania
80349,YouTube Ads,2024-03-05,Não Convertido,,0.0,Moderado,Togo
80350,Facebook,2024-03-07,Não Convertido,,0.0,Moderado,Jamaica
80351,Orgânico,2024-03-06,Não Convertido,,0.0,Agressivo,Bouvet Island (Bouvetoya)
80352,Orgânico,2024-03-07,Não Convertido,,0.0,Desconhecido,Nigeria
80353,Orgânico,2024-03-04,Convertido,8.0,9699.39,Moderado,Central African Republic
80354,Facebook,2024-03-06,Não Convertido,,0.0,Moderado,Greece
80355,Google Ads,2024-03-06,Não Convertido,,0.0,Agressivo,Nicaragua
80356,Orgânico,2024-03-08,Não Convertido,,0.0,Moderado,Uzbekistan
80357,Orgânico,2024-03-04,Não Convertido,,0.0,Moderado,Indonesia
80358,E-mail Marketing,2024-03-08,Não Convertido,,0.0,Desconhecido,Zimbabwe
80359,YouTube Ads,2024-03-08,Não Convertido,,0.0,Moderado,Bahamas
80360,TikTok,2024-03-05,Não Convertido,,0.0,Agressivo,Cambodia
80361,Orgânico,2024-03-09,Não Convertido,,0.0,Conservador,Latvia
80362,Google Ads,2024-03-04,Não Convertido,,0.0,Agressivo,Uzbekistan
80363,Instagram,2024-03-08,Não Convertido,,0.0,Agressivo,Bangladesh
80364,E-mail Marketing,2024-03-06,Não Convertido,,0.0,Moderado,New Caledonia
80365,TikTok,2024-03-04,Não Convertido,,0.0,Moderado,Austria
80366,Google Ads,2024-03-09,Não Convertido,,0.0,Agressivo,Ukraine
80367,Instagram,2024-03-07,Não Convertido,,0.0,Agressivo,Malaysia
80368,Orgânico,2024-03-07,Não Convertido,,0.0,Agressivo,Bahrain
80369,Orgânico,2024-03-07,Convertido,19.0,1557.76,Agressivo,Saint Kitts and Nevis
80370,TikTok,2024-03-07,Não Convertido,,0.0,Agressivo,Bahrain
80371,TikTok,2024-03-05,Não Convertido,,0.0,Agressivo,Kyrgyz Republic
80372,Facebook,2024-03-04,Não Convertido,,0.0,Conservador,Liechtenstein
80373,Instagram,2024-03-04,Não Convertido,,0.0,Moderado,Saudi Arabia
80374,Instagram,2024-03-05,Não Convertido,,0.0,Desconhecido,Martinique
80375,Instagram,2024-03-06,Não Convertido,,0.0,Moderado,China
80376,WhatsApp,2024-03-04,Não Convertido,,0.0,Moderado,Poland
80377,Instagram,2024-03-07,Não Convertido,,0.0,Agressivo,Korea
80378,Orgânico,2024-03-05,Não Convertido,,0.0,Moderado,United States Virgin Islands
80379,Orgânico,2024-03-04,Não Convertido,,0.0,Agressivo,Saudi Arabia
80380,Facebook,2024-03-05,Não Convertido,,0.0,Agressivo,Burundi
80381,TikTok,2024-03-08,Não Convertido,,0.0,Agressivo,Marshall Islands
80382,Orgânico,2024-03-06,Não Convertido,,0.0,Conservador,Panama
80383,YouTube Ads,2024-03-07,Convertido,3.0,7951.98,Conservador,Swaziland
80384,Indicação,2024-03-04,Não Convertido,,0.0,Moderado,Bolivia
80385,Orgânico,2024-03-05,Convertido,0.0,5045.48,Moderado,Argentina
80386,TikTok,2024-03-05,Não Convertido,,0.0,Moderado,Kiribati
80387,Orgânico,2024-03-07,Não Convertido,,0.0,Agressivo,Romania
80388,Indicação,2024-03-07,Não Convertido,,0.0,Moderado,British Virgin Islands
80389,Facebook,2024-03-07,Não Convertido,,0.0,Desconhecido,Turkmenistan
80390,TikTok,2024-03-09,Não Convertido,,0.0,Moderado,American Samoa
80391,Google Ads,2024-03-08,Não Convertido,,0.0,Desconhecido,Equatorial Guinea
80392,Indicação,2024-03-07,Não Convertido,,0.0,Moderado,Brunei Darussalam
80393,Google Ads,2024-03-04,Não Convertido,,0.0,Agressivo,Guernsey
80394,Instagram,2024-03-05,Não Convertido,,0.0,Moderado,Niue
80395,Google Ads,2024-03-04,Não Convertido,,0.0,Conservador,Niger
80396,WhatsApp,2024-03-09,Não Convertido,,0.0,Agressivo,Syrian Arab Republic
80397,TikTok,2024-03-05,Não Convertido,,0.0,Moderado,Mali
80398,Orgânico,2024-03-09,Não Convertido,,0.0,Moderado,Belize
80399,Google Ads,2024-03-04,Não Convertido,,0.0,Conservador,Montenegro
80400,Indicação,2024-03-08,Não Convertido,,0.0,Moderado,Central African Republic
80401,Orgânico,2024-03-09,Não Convertido,,0.0,Moderado,Solomon Islands
80402,Indicação,2024-03-08,Não Convertido,,0.0,Moderado,Mozambique
80403,TikTok,2024-03-09,Não Convertido,,0.0,Moderado,Svalbard & Jan Mayen Islands
80404,YouTube Ads,2024-03-09,Não Convertido,,0.0,Conservador,Jamaica
80405,Orgânico,2024-03-07,Não Convertido,,0.0,Conservador,Fiji
80406,Google Ads,2024-03-05,Não Convertido,,0.0,Moderado,Chad
80407,Instagram,2024-03-09,Não Convertido,,0.0,Desconhecido,Turkey
80408,Orgânico,2024-03-08,Não Convertido,,0.0,Desconhecido,Cape Verde
80409,WhatsApp,2024-03-09,Não Convertido,,0.0,Moderado,Canada
80410,Google Ads,2024-03-09,Não Convertido,,0.0,Agressivo,Maldives
80411,Instagram,2024-03-09,Não Convertido,,0.0,Conservador,Algeria
80412,E-mail Marketing,2024-03-08,Não Convertido,,0.0,Desconhecido,Somalia
80413,E-mail Marketing,2024-03-06,Não Convertido,,0.0,Moderado,Malta
80414,Google Ads,2024-03-04,Não Convertido,,0.0,Moderado,British Indian Ocean Territory (Chagos Archipelago)
80415,E-mail Marketing,2024-03-04,Não Convertido,,0.0,Desconhecido,Italy
80416,YouTube Ads,2024-03-06,Não Convertido,,0.0,Agressivo,Angola
80417,Google Ads,2024-03-06,Não Convertido,,0.0,Conservador,Turkey
80418,Google Ads,2024-03-09,Não Convertido,,0.0,Moderado,Nepal
80419,Instagram,2024-03-05,Não Convertido,,0.0,Moderado,Sri Lanka
80420,Orgânico,2024-03-04,Não Convertido,,0.0,Moderado,Bhutan
80421,Google Ads,2024-03-06,Não Convertido,,0.0,Agressivo,Turks and Caicos Islands
80422,Orgânico,2024-03-04,Não Convertido,,0.0,Desconhecido,Belarus
80423,Google Ads,2024-03-07,Não Convertido,,0.0,Conservador,Albania
80424,TikTok,2024-03-08,Não Convertido,,0.0,Moderado,Ireland
80425,WhatsApp,2024-03-06,Não Convertido,,0.0,Conservador,Iraq
80426,TikTok,2024-03-05,Não Convertido,,0.0,Agressivo,Greenland
80427,E-mail Marketing,2024-03-07,Não Convertido,,0.0,Desconhecido,Czech Republic
80428,Facebook,2024-03-05,Não Convertido,,0.0,Agressivo,Timor-Leste
80429,Google Ads,2024-03-06,Não Convertido,,0.0,Agressivo,Dominica
80430,YouTube Ads,2024-03-05,Não Convertido,,0.0,Moderado,Wallis and Futuna
80431,Instagram,2024-03-04,Não Convertido,,0.0,Agressivo,Bolivia
80432,Orgânico,2024-03-07,Não Convertido,,0.0,Moderado,Seychelles
80433,TikTok,2024-03-08,Não Convertido,,0.0,Conservador,Korea
80434,Orgânico,2024-03-08,Não Convertido,,0.0,Agressivo,Slovakia (Slovak Republic)
80435,YouTube Ads,2024-03-07,Não Convertido,,0.0,Moderado,Lithuania
80436,E-mail Marketing,2024-03-08,Não Convertido,,0.0,Agressivo,Northern Mariana Islands
80437,E-mail Marketing,2024-03-04,Não Convertido,,0.0,Moderado,Kyrgyz Republic
80438,Facebook,2024-03-08,Não Convertido,,0.0,Conservador,Hungary
80439,Facebook,2024-03-09,Não Convertido,,0.0,Agressivo,Portugal
80440,TikTok,2024-03-05,Não Convertido,,0.0,Agressivo,Montserrat
80441,TikTok,2024-03-08,Não Convertido,,0.0,Moderado,Guinea-Bissau
80442,Instagram,2024-03-04,Não Convertido,,0.0,Conservador,Belize
80443,Instagram,2024-03-07,Não Convertido,,0.0,Agressivo,Northern Mariana Islands
80444,Orgânico,2024-03-08,Não Convertido,,0.0,Agressivo,Benin
80445,TikTok,2024-03-04,Não Convertido,,0.0,Moderado,Netherlands
80446,Indicação,2024-03-06,Não Convertido,,0.0,Moderado,Mauritius
80447,Instagram,2024-03-08,Não Convertido,,0.0,Moderado,Mozambique
80448,WhatsApp,2024-03-09,Não Convertido,,0.0,Agressivo,Micronesia
80449,Google Ads,2024-03-06,Não Convertido,,0.0,Agressivo,Marshall Islands
80450,WhatsApp,2024-03-07,Convertido,3.0,2055.06,Desconhecido,Malawi
80451,TikTok,2024-03-06,Não Convertido,,0.0,Conservador,Netherlands Antilles
80452,TikTok,2024-03-05,Não Convertido,,0.0,Moderado,Saint Martin
80453,Orgânico,2024-03-08,Não Convertido,,0.0,Moderado,Philippines
80454,E-mail Marketing,2024-03-07,Não Convertido,,0.0,Moderado,Korea
80455,Indicação,2024-03-04,Não Convertido,,0.0,Conservador,Colombia
80456,Google Ads,2024-03-05,Não Convertido,,0.0,Conservador,Mayotte
80457,Indicação,2024-03-07,Convertido,20.0,1742.88,Moderado,Romania
80458,TikTok,2024-03-07,Não Convertido,,0.0,Moderado,Antigua and Barbuda
80459,Orgânico,2024-03-04,Não Convertido,,0.0,Desconhecido,Malta
80460,E-mail Marketing,2024-03-06,Não Convertido,,0.0,Desconhecido,Timor-Leste
80461,Orgânico,2024-03-07,Não Convertido,,0.0,Moderado,Japan
80462,Google Ads,2024-03-06,Não Convertido,,0.0,Agressivo,Tuvalu
80463,Instagram,2024-03-09,Não Convertido,,0.0,Agressivo,Japan
80464,E-mail Marketing,2024-03-07,Não Convertido,,0.0,Conservador,North Macedonia
80465,TikTok,2024-03-04,Não Convertido,,0.0,Conservador,Burundi
80466,Facebook,2024-03-07,Não Convertido,,0.0,Agressivo,Togo
80467,Orgânico,2024-03-09,Não Convertido,,0.0,Agressivo,Netherlands
80468,E-mail Marketing,2024-03-06,Não Convertido,,0.0,Moderado,Mauritius
80469,Facebook,2024-03-09,Não Convertido,,0.0,Moderado,Switzerland
80470,TikTok,2024-03-06,Não Convertido,,0.0,Moderado,United States Virgin Islands
80471,YouTube Ads,2024-03-05,Convertido,29.0,3782.8,Agressivo,Canada
80472,Facebook,2024-03-04,Não Convertido,,0.0,Conservador,Lithuania
80473,WhatsApp,2024-03-09,Não Convertido,,0.0,Moderado,Sierra Leone
80474,Instagram,2024-03-07,Não Convertido,,0.0,Desconhecido,Somalia
80475,WhatsApp,2024-03-06,Não Convertido,,0.0,Desconhecido,Sweden
80476,TikTok,2024-03-05,Não Convertido,,0.0,Desconhecido,Indonesia
80477,Google Ads,2024-03-04,Não Convertido,,0.0,Conservador,Malaysia
80478,Orgânico,2024-03-07,Não Convertido,,0.0,Moderado,Falkland Islands (Malvinas)
80479,E-mail Marketing,2024-03-06,Não Convertido,,0.0,Moderado,Mongolia
80480,E-mail Marketing,2024-03-05,Não Convertido,,0.0,Moderado,Afghanistan
80481,E-mail Marketing,2024-03-04,Não Convertido,,0.0,Agressivo,Tonga
80482,Instagram,2024-03-04,Não Convertido,,0.0,Conservador,Israel
80483,Orgânico,2024-03-09,Convertido,28.0,3971.63,Agressivo,United Arab Emirates
80484,WhatsApp,2024-03-05,Não Convertido,,0.0,Moderado,Iraq
80485,TikTok,2024-03-05,Não Convertido,,0.0,Moderado,Zimbabwe
80486,WhatsApp,2024-03-06,Não Convertido,,0.0,Agressivo,Gambia
80487,Instagram,2024-03-08,Não Convertido,,0.0,Agressivo,Argentina
80488,TikTok,2024-03-09,Não Convertido,,0.0,Moderado,Comoros
80489,WhatsApp,2024-03-07,Não Convertido,,0.0,Moderado,Zambia
80490,Instagram,2024-03-05,Convertido,19.0,5611.54,Conservador,Reunion
80491,Orgânico,2024-03-07,Não Convertido,,0.0,Desconhecido,Bangladesh
80492,WhatsApp,2024-03-06,Não Convertido,,0.0,Agressivo,Gambia
80493,TikTok,2024-03-08,Não Convertido,,0.0,Moderado,Chile
80494,TikTok,2024-03-04,Não Convertido,,0.0,Agressivo,Austria
80495,Google Ads,2024-03-04,Convertido,3.0,6280.16,Agressivo,Colombia
80496,TikTok,2024-03-04,Não Convertido,,0.0,Conservador,Equatorial Guinea
80497,TikTok,2024-03-08,Não Convertido,,0.0,Agressivo,Egypt
80498,Instagram,2024-03-09,Não Convertido,,0.0,Desconhecido,Dominica
80499,Google Ads,2024-03-06,Não Convertido,,0.0,Conservador,Australia
80500,TikTok,2024-03-06,Não Convertido,,0.0,Desconhecido,Afghanistan
80501,TikTok,2024-03-08,Não Convertido,,0.0,Moderado,Cyprus
80502,Facebook,2024-03-04,Não Convertido,,0.0,Moderado,Peru
80503,TikTok,2024-03-07,Não Convertido,,0.0,Moderado,Cote d'Ivoire
80504,Orgânico,2024-03-07,Não Convertido,,0.0,Moderado,Finland
80505,Indicação,2024-03-08,Não Convertido,,0.0,Moderado,Hungary
80506,Facebook,2024-03-06,Não Convertido,,0.0,Moderado,Djibouti
80507,Orgânico,2024-03-07,Não Convertido,,0.0,Agressivo,Azerbaijan
80508,TikTok,2024-03-08,Não Convertido,,0.0,Moderado,Sudan
80509,Google Ads,2024-03-04,Não Convertido,,0.0,Agressivo,Belgium
80510,Google Ads,2024-03-06,Não Convertido,,0.0,Conservador,Finland
80511,Google Ads,2024-03-09,Não Convertido,,0.0,Agressivo,Macao
80512,TikTok,2024-03-05,Não Convertido,,0.0,Moderado,Togo
80513,TikTok,2024-03-05,Não Convertido,,0.0,Moderado,Poland
80514,E-mail Marketing,2024-03-04,Não Convertido,,0.0,Agressivo,Saint Lucia
80515,Orgânico,2024-03-07,Não Convertido,,0.0,Agressivo,Saint Helena
80516,Instagram,2024-03-07,Não Convertido,,0.0,Desconhecido,Angola
80517,YouTube Ads,2024-03-05,Não Convertido,,0.0,Conservador,Saint Kitts and Nevis
80518,TikTok,2024-03-05,Não Convertido,,0.0,Conservador,Guyana
80519,WhatsApp,2024-03-09,Não Convertido,,0.0,Agressivo,Equatorial Guinea
80520,WhatsApp,2024-03-05,Não Convertido,,0.0,Moderado,Cote d'Ivoire
80521,WhatsApp,2024-03-08,Não Convertido,,0.0,Moderado,Saint Martin
80522,YouTube Ads,2024-03-05,Não Convertido,,0.0,Moderado,Venezuela
80523,YouTube Ads,2024-03-05,Não Convertido,,0.0,Desconhecido,Serbia
80524,Facebook,2024-03-07,Não Convertido,,0.0,Desconhecido,Ireland
80525,Instagram,2024-03-06,Não Convertido,,0.0,Desconhecido,Peru
80526,Instagram,2024-03-09,Não Convertido,,0.0,Conservador,Egypt
80527,Facebook,2024-03-06,Não Convertido,,0.0,Conservador,Lao People's Democratic Republic
80528,YouTube Ads,2024-03-04,Convertido,2.0,1389.45,Agressivo,Bangladesh
80529,Instagram,2024-03-04,Não Convertido,,0.0,Agressivo,Anguilla
80530,Google Ads,2024-03-05,Não Convertido,,0.0,Conservador,Mexico
80531,Orgânico,2024-03-06,Não Convertido,,0.0,Conservador,Guatemala
80532,Instagram,2024-03-05,Não Convertido,,0.0,Moderado,Cook Islands
80533,TikTok,2024-03-04,Não Convertido,,0.0,Agressivo,Sweden
80534,E-mail Marketing,2024-03-05,Não Convertido,,0.0,Moderado,Netherlands
80535,E-mail Marketing,2024-03-07,Não Convertido,,0.0,Agressivo,Tokelau
80536,Orgânico,2024-03-05,Não Convertido,,0.0,Agressivo,Honduras
80537,TikTok,2024-03-05,Não Convertido,,0.0,Agressivo,Fiji
80538,Facebook,2024-03-08,Não Convertido,,0.0,Moderado,Czech Republic
80539,Instagram,2024-03-07,Não Convertido,,0.0,Moderado,Timor-Leste
80540,Facebook,2024-03-05,Não Convertido,,0.0,Conservador,Somalia
80541,E-mail Marketing,2024-03-05,Não Convertido,,0.0,Moderado,Congo
80542,Facebook,2024-03-08,Não Convertido,,0.0,Moderado,Philippines
80543,Orgânico,2024-03-07,Convertido,3.0,5666.47,Moderado,Saint Lucia
80544,Orgânico,2024-03-04,Não Convertido,,0.0,Moderado,Myanmar
80545,Google Ads,2024-03-07,Não Convertido,,0.0,Agressivo,Namibia
80546,E-mail Marketing,2024-03-06,Não Convertido,,0.0,Agressivo,Trinidad and Tobago
80547,Facebook,2024-03-07,Não Convertido,,0.0,Moderado,Svalbard & Jan Mayen Islands
80548,WhatsApp,2024-03-05,Não Convertido,,0.0,Agressivo,Norway
80549,Instagram,2024-03-07,Não Convertido,,0.0,Desconhecido,Tunisia
80550,Orgânico,2024-03-04,Não Convertido,,0.0,Moderado,Christmas Island
80551,TikTok,2024-03-09,Não Convertido,,0.0,Moderado,Central African Republic
80552,Facebook,2024-03-06,Não Convertido,,0.0,Moderado,Latvia
80553,Instagram,2024-03-05,Não Convertido,,0.0,Agressivo,Marshall Islands
80554,Facebook,2024-03-08,Não Convertido,,0.0,Agressivo,Andorra
80555,Facebook,2024-03-09,Não Convertido,,0.0,Moderado,Bermuda
80556,Google Ads,2024-03-06,Não Convertido,,0.0,Desconhecido,Tunisia
80557,Facebook,2024-03-07,Não Convertido,,0.0,Moderado,Russian Federation
80558,TikTok,2024-03-07,Não Convertido,,0.0,Agressivo,Algeria
80559,E-mail Marketing,2024-03-08,Não Convertido,,0.0,Agressivo,Vietnam
80560,Instagram,2024-03-04,Não Convertido,,0.0,Moderado,Netherlands Antilles
80561,Orgânico,2024-03-04,Não Convertido,,0.0,Conservador,Australia
80562,Orgânico,2024-03-07,Convertido,29.0,2114.34,Conservador,Bahrain
80563,Instagram,2024-03-09,Não Convertido,,0.0,Desconhecido,Sudan
80564,Facebook,2024-03-06,Não Convertido,,0.0,Conservador,India
80565,Facebook,2024-03-09,Não Convertido,,0.0,Agressivo,Grenada
80566,Instagram,2024-03-06,Não Convertido,,0.0,Desconhecido,Martinique
80567,YouTube Ads,2024-03-09,Não Convertido,,0.0,Moderado,Mali
80568,Orgânico,2024-03-05,Não Convertido,,0.0,Desconhecido,Chad
80569,Indicação,2024-03-05,Não Convertido,,0.0,Moderado,Mauritania
80570,Orgânico,2024-03-04,Não Convertido,,0.0,Moderado,Lebanon
80571,Google Ads,2024-03-05,Não Convertido,,0.0,Conservador,Norfolk Island
80572,Instagram,2024-03-06,Não Convertido,,0.0,Conservador,Cuba
80573,Orgânico,2024-03-04,Não Convertido,,0.0,Agressivo,Rwanda
80574,Facebook,2024-03-06,Não Convertido,,0.0,Desconhecido,Holy See (Vatican City State)
80575,Google Ads,2024-03-04,Não Convertido,,0.0,Moderado,Montenegro
80576,Google Ads,2024-03-04,Não Convertido,,0.0,Moderado,Cook Islands
80577,E-mail Marketing,2024-03-04,Não Convertido,,0.0,Moderado,Croatia
80578,YouTube Ads,2024-03-06,Não Convertido,,0.0,Conservador,Belize
80579,YouTube Ads,2024-03-09,Não Convertido,,0.0,Moderado,Pitcairn Islands
80580,Facebook,2024-03-06,Não Convertido,,0.0,Moderado,Norway
80581,Orgânico,2024-03-06,Não Convertido,,0.0,Agressivo,Qatar
80582,Instagram,2024-03-06,Não Convertido,,0.0,Agressivo,Samoa
80583,TikTok,2024-03-05,Não Convertido,,0.0,Agressivo,Austria
80584,Google Ads,2024-03-06,Não Convertido,,0.0,Conservador,Netherlands
80585,E-mail Marketing,2024-03-05,Não Convertido,,0.0,Moderado,Senegal
80586,Instagram,2024-03-09,Não Convertido,,0.0,Moderado,Tokelau
80587,Indicação,2024-03-09,Não Convertido,,0.0,Desconhecido,Saint Martin
80588,Indicação,2024-03-08,Não Convertido,,0.0,Moderado,Saint Pierre and Miquelon
80589,E-mail Marketing,2024-03-07,Não Convertido,,0.0,Moderado,Hungary
80590,Orgânico,2024-03-06,Não Convertido,,0.0,Moderado,Grenada
80591,Instagram,2024-03-05,Não Convertido,,0.0,Agressivo,Seychelles
80592,Instagram,2024-03-04,Não Convertido,,0.0,Moderado,Costa Rica
80593,Facebook,2024-03-08,Não Convertido,,0.0,Moderado,Iceland
80594,E-mail Marketing,2024-03-04,Não Convertido,,0.0,Moderado,Croatia
80595,Orgânico,2024-03-07,Não Convertido,,0.0,Moderado,Cape Verde
80596,Orgânico,2024-03-09,Não Convertido,,0.0,Moderado,Cook Islands
80597,WhatsApp,2024-03-08,Convertido,3.0,352.75,Moderado,Algeria
80598,Facebook,2024-03-09,Não Convertido,,0.0,Moderado,Malta
80599,Google Ads,2024-03-08,Não Convertido,,0.0,Desconhecido,Congo
80600,Facebook,2024-03-08,Não Convertido,,0.0,Moderado,Liberia
80601,WhatsApp,2024-03-09,Não Convertido,,0.0,Agressivo,Equatorial Guinea
80602,TikTok,2024-03-06,Não Convertido,,0.0,Agressivo,Bouvet Island (Bouvetoya)
80603,Orgânico,2024-03-09,Não Convertido,,0.0,Desconhecido,Solomon Islands
80604,Orgânico,2024-03-09,Não Convertido,,0.0,Conservador,Guernsey
80605,TikTok,2024-03-09,Não Convertido,,0.0,Moderado,Cocos (Keeling) Islands
80606,Google Ads,2024-03-08,Não Convertido,,0.0,Moderado,Saint Kitts and Nevis
80607,Orgânico,2024-03-04,Não Convertido,,0.0,Conservador,Solomon Islands
80608,Orgânico,2024-03-06,Não Convertido,,0.0,Agressivo,Hong Kong
80609,Facebook,2024-03-04,Não Convertido,,0.0,Moderado,Cyprus
80610,TikTok,2024-03-08,Não Convertido,,0.0,Conservador,Swaziland
80611,Instagram,2024-03-07,Não Convertido,,0.0,Conservador,Netherlands
80612,Orgânico,2024-03-06,Não Convertido,,0.0,Conservador,Saint Vincent and the Grenadines
80613,TikTok,2024-03-09,Não Convertido,,0.0,Moderado,Andorra
80614,Facebook,2024-03-09,Não Convertido,,0.0,Moderado,Greece
80615,Orgânico,2024-03-05,Não Convertido,,0.0,Agressivo,Peru
80616,Facebook,2024-03-06,Não Convertido,,0.0,Agressivo,Benin
80617,Instagram,2024-03-05,Não Convertido,,0.0,Agressivo,Argentina
80618,Google Ads,2024-03-09,Convertido,6.0,805.0,Moderado,Saint Martin
80619,WhatsApp,2024-03-08,Não Convertido,,0.0,Desconhecido,Belize
80620,E-mail Marketing,2024-03-08,Não Convertido,,0.0,Moderado,Kiribati
80621,Facebook,2024-03-09,Não Convertido,,0.0,Conservador,Papua New Guinea
80622,Orgânico,2024-03-05,Não Convertido,,0.0,Agressivo,Denmark
80623,WhatsApp,2024-03-09,Não Convertido,,0.0,Conservador,Iceland
80624,Indicação,2024-03-04,Não Convertido,,0.0,Agressivo,El Salvador
80625,Orgânico,2024-03-08,Não Convertido,,0.0,Moderado,Maldives
80626,Instagram,2024-03-06,Não Convertido,,0.0,Agressivo,Eritrea
80627,WhatsApp,2024-03-07,Não Convertido,,0.0,Agressivo,Nicaragua
80628,Instagram,2024-03-09,Não Convertido,,0.0,Conservador,Peru
80629,Google Ads,2024-03-08,Não Convertido,,0.0,Moderado,Dominican Republic
80630,YouTube Ads,2024-03-05,Não Convertido,,0.0,Moderado,United States Virgin Islands
80631,TikTok,2024-03-07,Não Convertido,,0.0,Desconhecido,Serbia
80632,YouTube Ads,2024-03-09,Não Convertido,,0.0,Agressivo,Croatia
80633,E-mail Marketing,2024-03-09,Não Convertido,,0.0,Moderado,Lao People's Democratic Republic
80634,Orgânico,2024-03-08,Não Convertido,,0.0,Agressivo,Saint Martin
80635,Orgânico,2024-03-06,Não Convertido,,0.0,Agressivo,French Guiana
80636,TikTok,2024-03-04,Não Convertido,,0.0,Conservador,Marshall Islands
80637,E-mail Marketing,2024-03-09,Não Convertido,,0.0,Desconhecido,Georgia
80638,Indicação,2024-03-04,Não Convertido,,0.0,Conservador,Western Sahara
80639,Instagram,2024-03-05,Não Convertido,,0.0,Agressivo,Trinidad and Tobago
80640,Facebook,2024-03-08,Não Convertido,,0.0,Desconhecido,Korea
80641,TikTok,2024-03-07,Não Convertido,,0.0,Agressivo,Trinidad and Tobago
80642,TikTok,2024-03-05,Não Convertido,,0.0,Agressivo,Malta
80643,Google Ads,2024-03-08,Não Convertido,,0.0,Moderado,Uganda
80644,WhatsApp,2024-03-07,Convertido,18.0,6379.53,Desconhecido,Austria
80645,E-mail Marketing,2024-03-07,Não Convertido,,0.0,Moderado,Cape Verde
80646,Instagram,2024-03-05,Não Convertido,,0.0,Desconhecido,Christmas Island
80647,Orgânico,2024-03-07,Não Convertido,,0.0,Moderado,Turkey
80648,Instagram,2024-03-08,Não Convertido,,0.0,Moderado,Botswana
80649,Facebook,2024-03-04,Não Convertido,,0.0,Agressivo,Western Sahara
80650,Google Ads,2024-03-04,Não Convertido,,0.0,Moderado,Saint Helena
80651,Orgânico,2024-03-05,Não Convertido,,0.0,Desconhecido,San Marino
80652,Instagram,2024-03-05,Não Convertido,,0.0,Desconhecido,Bahamas
80653,E-mail Marketing,2024-03-06,Não Convertido,,0.0,Moderado,Barbados
80654,Instagram,2024-03-04,Não Convertido,,0.0,Agressivo,Guinea-Bissau
80655,TikTok,2024-03-07,Não Convertido,,0.0,Agressivo,Bosnia and Herzegovina
80656,Instagram,2024-03-08,Não Convertido,,0.0,Moderado,Bosnia and Herzegovina
80657,TikTok,2024-03-06,Não Convertido,,0.0,Agressivo,Seychelles
80658,Orgânico,2024-03-05,Não Convertido,,0.0,Agressivo,Niger
80659,TikTok,2024-03-09,Não Convertido,,0.0,Moderado,Seychelles
80660,YouTube Ads,2024-03-04,Não Convertido,,0.0,Moderado,France
80661,TikTok,2024-03-09,Não Convertido,,0.0,Moderado,Namibia
80662,TikTok,2024-03-07,Não Convertido,,0.0,Moderado,Andorra
80663,YouTube Ads,2024-03-06,Não Convertido,,0.0,Moderado,China
80664,Google Ads,2024-03-09,Não Convertido,,0.0,Agressivo,Benin
80665,Facebook,2024-03-05,Não Convertido,,0.0,Agressivo,Dominica
80666,TikTok,2024-03-07,Não Convertido,,0.0,Agressivo,Swaziland
80667,WhatsApp,2024-03-06,Não Convertido,,0.0,Agressivo,Cote d'Ivoire
80668,Instagram,2024-03-07,Não Convertido,,0.0,Agressivo,Cayman Islands
80669,Facebook,2024-03-04,Não Convertido,,0.0,Agressivo,Guinea-Bissau
80670,Facebook,2024-03-04,Não Convertido,,0.0,Desconhecido,Pakistan
80671,Facebook,2024-03-05,Não Convertido,,0.0,Conservador,Barbados
80672,YouTube Ads,2024-03-09,Não Convertido,,0.0,Moderado,Kiribati
80673,Instagram,2024-03-08,Não Convertido,,0.0,Agressivo,Uzbekistan
80674,Google Ads,2024-03-07,Não Convertido,,0.0,Moderado,Trinidad and Tobago
80675,WhatsApp,2024-03-07,Não Convertido,,0.0,Conservador,Burkina Faso
80676,TikTok,2024-03-08,Convertido,3.0,6313.86,Conservador,Singapore
80677,Instagram,2024-03-08,Convertido,22.0,7923.65,Conservador,Libyan Arab Jamahiriya
80678,Google Ads,2024-03-04,Não Convertido,,0.0,Agressivo,Morocco
80679,Orgânico,2024-03-08,Não Convertido,,0.0,Conservador,Austria
80680,Instagram,2024-03-04,Não Convertido,,0.0,Moderado,Gabon
80681,TikTok,2024-03-04,Não Convertido,,0.0,Agressivo,Ghana
80682,TikTok,2024-03-05,Não Convertido,,0.0,Moderado,Palestinian Territory
80683,Instagram,2024-03-05,Não Convertido,,0.0,Agressivo,Zambia
80684,E-mail Marketing,2024-03-05,Não Convertido,,0.0,Conservador,Bulgaria
80685,YouTube Ads,2024-03-09,Convertido,14.0,8882.12,Desconhecido,Haiti
80686,Instagram,2024-03-09,Não Convertido,,0.0,Agressivo,Thailand
80687,Facebook,2024-03-08,Não Convertido,,0.0,Moderado,Angola
80688,E-mail Marketing,2024-03-05,Não Convertido,,0.0,Moderado,Somalia
80689,WhatsApp,2024-03-05,Não Convertido,,0.0,Moderado,Tunisia
80690,Facebook,2024-03-08,Não Convertido,,0.0,Agressivo,Sudan
80691,Facebook,2024-03-09,Não Convertido,,0.0,Agressivo,Mauritania
80692,YouTube Ads,2024-03-04,Não Convertido,,0.0,Conservador,Lao People's Democratic Republic
80693,E-mail Marketing,2024-03-06,Não Convertido,,0.0,Moderado,Yemen
80694,TikTok,2024-03-05,Não Convertido,,0.0,Moderado,Christmas Island
80695,E-mail Marketing,2024-03-09,Não Convertido,,0.0,Conservador,Korea
80696,Orgânico,2024-03-07,Não Convertido,,0.0,Agressivo,Niger
80697,Orgânico,2024-03-04,Não Convertido,,0.0,Agressivo,Bouvet Island (Bouvetoya)
80698,Instagram,2024-03-07,Não Convertido,,0.0,Moderado,Peru
80699,Google Ads,2024-03-08,Não Convertido,,0.0,Moderado,Angola
80700,E-mail Marketing,2024-03-07,Não Convertido,,0.0,Moderado,Netherlands Antilles
80701,Google Ads,2024-03-07,Não Convertido,,0.0,Agressivo,Saint Martin
80702,Google Ads,2024-03-06,Não Convertido,,0.0,Conservador,Martinique
80703,Instagram,2024-03-06,Não Convertido,,0.0,Conservador,Swaziland
80704,Orgânico,2024-03-07,Não Convertido,,0.0,Conservador,Estonia
80705,YouTube Ads,2024-03-09,Não Convertido,,0.0,Conservador,South Africa
80706,YouTube Ads,2024-03-04,Não Convertido,,0.0,Conservador,Morocco
80707,Orgânico,2024-03-04,Não Convertido,,0.0,Moderado,Belgium
80708,Facebook,2024-03-08,Não Convertido,,0.0,Agressivo,New Zealand
80709,E-mail Marketing,2024-03-08,Não Convertido,,0.0,Moderado,Cuba
80710,Google Ads,2024-03-04,Não Convertido,,0.0,Moderado,Iraq
80711,Instagram,2024-03-05,Não Convertido,,0.0,Agressivo,Dominican Republic
80712,WhatsApp,2024-03-08,Não Convertido,,0.0,Conservador,Cocos (Keeling) Islands
80713,Instagram,2024-03-05,Não Convertido,,0.0,Conservador,Palestinian Territory
80714,E-mail Marketing,2024-03-05,Não Convertido,,0.0,Desconhecido,Guadeloupe
80715,Facebook,2024-03-07,Não Convertido,,0.0,Desconhecido,United Kingdom
80716,YouTube Ads,2024-03-07,Não Convertido,,0.0,Conservador,Chad
80717,Orgânico,2024-03-07,Não Convertido,,0.0,Moderado,Mozambique
80718,YouTube Ads,2024-03-07,Não Convertido,,0.0,Agressivo,Luxembourg
80719,YouTube Ads,2024-03-08,Não Convertido,,0.0,Desconhecido,Turks and Caicos Islands
80720,Instagram,2024-03-07,Não Convertido,,0.0,Moderado,Guadeloupe
80721,Instagram,2024-03-04,Não Convertido,,0.0,Moderado,Saint Barthelemy
80722,TikTok,2024-03-07,Não Convertido,,0.0,Agressivo,France
80723,WhatsApp,2024-03-06,Não Convertido,,0.0,Conservador,Comoros
80724,Orgânico,2024-03-07,Não Convertido,,0.0,Agressivo,Faroe Islands
80725,Orgânico,2024-03-05,Não Convertido,,0.0,Agressivo,Faroe Islands
80726,WhatsApp,2024-03-04,Não Convertido,,0.0,Agressivo,Nicaragua
80727,Orgânico,2024-03-05,Não Convertido,,0.0,Moderado,Tunisia
80728,Facebook,2024-03-06,Não Convertido,,0.0,Agressivo,New Zealand
80729,Orgânico,2024-03-08,Não Convertido,,0.0,Agressivo,Trinidad and Tobago
80730,Google Ads,2024-03-09,Não Convertido,,0.0,Conservador,Gambia
80731,TikTok,2024-03-04,Não Convertido,,0.0,Agressivo,Slovakia (Slovak Republic)
80732,Orgânico,2024-03-05,Não Convertido,,0.0,Desconhecido,Sudan
80733,Instagram,2024-03-06,Não Convertido,,0.0,Agressivo,Switzerland
80734,Orgânico,2024-03-08,Convertido,30.0,5782.88,Agressivo,Saint Kitts and Nevis
80735,Orgânico,2024-03-07,Não Convertido,,0.0,Moderado,Cayman Islands
80736,E-mail Marketing,2024-03-09,Não Convertido,,0.0,Conservador,Belize
80737,WhatsApp,2024-03-08,Não Convertido,,0.0,Conservador,Saudi Arabia
80738,E-mail Marketing,2024-03-04,Não Convertido,,0.0,Moderado,Morocco
80739,Facebook,2024-03-04,Não Convertido,,0.0,Moderado,Slovenia
80740,Instagram,2024-03-04,Não Convertido,,0.0,Agressivo,South Africa
80741,Orgânico,2024-03-09,Não Convertido,,0.0,Moderado,Croatia
80742,Orgânico,2024-03-05,Não Convertido,,0.0,Moderado,Denmark
80743,WhatsApp,2024-03-04,Não Convertido,,0.0,Agressivo,Reunion
80744,E-mail Marketing,2024-03-05,Não Convertido,,0.0,Moderado,Puerto Rico
80745,TikTok,2024-03-05,Não Convertido,,0.0,Moderado,Madagascar
80746,Google Ads,2024-03-04,Não Convertido,,0.0,Moderado,South Georgia and the South Sandwich Islands
80747,Orgânico,2024-03-06,Não Convertido,,0.0,Moderado,Bangladesh
80748,Facebook,2024-03-07,Não Convertido,,0.0,Conservador,Kyrgyz Republic
80749,Indicação,2024-03-04,Não Convertido,,0.0,Desconhecido,Luxembourg
80750,Facebook,2024-03-05,Não Convertido,,0.0,Moderado,Paraguay
80751,Orgânico,2024-03-04,Não Convertido,,0.0,Moderado,Micronesia
80752,Indicação,2024-03-08,Não Convertido,,0.0,Moderado,Haiti
80753,Orgânico,2024-03-07,Não Convertido,,0.0,Moderado,Guyana
80754,Orgânico,2024-03-06,Não Convertido,,0.0,Agressivo,Kiribati
80755,Orgânico,2024-03-04,Não Convertido,,0.0,Agressivo,Cayman Islands
80756,Orgânico,2024-03-05,Não Convertido,,0.0,Conservador,Cote d'Ivoire
80757,E-mail Marketing,2024-03-08,Convertido,16.0,4511.27,Moderado,Czech Republic
80758,E-mail Marketing,2024-03-04,Não Convertido,,0.0,Conservador,Morocco
80759,Instagram,2024-03-06,Não Convertido,,0.0,Agressivo,Greenland
80760,Orgânico,2024-03-06,Não Convertido,,0.0,Agressivo,Fiji
80761,TikTok,2024-03-04,Não Convertido,,0.0,Agressivo,Congo
80762,Google Ads,2024-03-05,Não Convertido,,0.0,Desconhecido,Estonia
80763,Instagram,2024-03-06,Convertido,1.0,151.37,Conservador,Ethiopia
80764,WhatsApp,2024-03-08,Não Convertido,,0.0,Moderado,Kiribati
80765,Indicação,2024-03-04,Não Convertido,,0.0,Conservador,Netherlands
80766,Indicação,2024-03-08,Não Convertido,,0.0,Agressivo,Argentina
80767,WhatsApp,2024-03-04,Não Convertido,,0.0,Agressivo,Monaco
80768,Google Ads,2024-03-05,Não Convertido,,0.0,Moderado,Tuvalu
80769,TikTok,2024-03-05,Não Convertido,,0.0,Desconhecido,United States Minor Outlying Islands
80770,Facebook,2024-03-05,Não Convertido,,0.0,Moderado,Saudi Arabia
80771,TikTok,2024-03-05,Não Convertido,,0.0,Agressivo,Pakistan
80772,Orgânico,2024-03-05,Não Convertido,,0.0,Conservador,Australia
80773,Instagram,2024-03-07,Não Convertido,,0.0,Agressivo,Angola
80774,Indicação,2024-03-08,Não Convertido,,0.0,Agressivo,Palau
80775,Orgânico,2024-03-05,Não Convertido,,0.0,Moderado,Thailand
80776,Orgânico,2024-03-07,Não Convertido,,0.0,Moderado,Denmark
80777,Facebook,2024-03-06,Não Convertido,,0.0,Moderado,Denmark
80778,TikTok,2024-03-09,Não Convertido,,0.0,Agressivo,Ukraine
80779,Orgânico,2024-03-04,Não Convertido,,0.0,Desconhecido,Moldova
80780,YouTube Ads,2024-03-09,Não Convertido,,0.0,Agressivo,Peru
80781,TikTok,2024-03-04,Não Convertido,,0.0,Moderado,Benin
80782,TikTok,2024-03-07,Não Convertido,,0.0,Agressivo,Andorra
80783,Instagram,2024-03-06,Não Convertido,,0.0,Agressivo,San Marino
80784,YouTube Ads,2024-03-08,Não Convertido,,0.0,Conservador,New Zealand
80785,E-mail Marketing,2024-03-09,Não Convertido,,0.0,Conservador,Malta
80786,YouTube Ads,2024-03-09,Não Convertido,,0.0,Moderado,Austria
80787,Orgânico,2024-03-09,Não Convertido,,0.0,Moderado,Mozambique
80788,Instagram,2024-03-05,Não Convertido,,0.0,Moderado,Mauritania
80789,E-mail Marketing,2024-03-04,Não Convertido,,0.0,Moderado,French Guiana
80790,Instagram,2024-03-09,Não Convertido,,0.0,Moderado,Iraq
80791,Instagram,2024-03-08,Não Convertido,,0.0,Desconhecido,United States Minor Outlying Islands
80792,Google Ads,2024-03-09,Não Convertido,,0.0,Moderado,United Arab Emirates
80793,Orgânico,2024-03-06,Não Convertido,,0.0,Moderado,Bahrain
80794,E-mail Marketing,2024-03-08,Não Convertido,,0.0,Moderado,United States Minor Outlying Islands
80795,Facebook,2024-03-05,Não Convertido,,0.0,Desconhecido,Aruba
80796,Facebook,2024-03-05,Não Convertido,,0.0,Moderado,Guernsey
80797,Instagram,2024-03-06,Não Convertido,,0.0,Conservador,Zimbabwe
80798,E-mail Marketing,2024-03-09,Não Convertido,,0.0,Moderado,Lebanon
80799,TikTok,2024-03-09,Não Convertido,,0.0,Moderado,Denmark
80800,E-mail Marketing,2024-03-04,Não Convertido,,0.0,Conservador,Niue
80801,YouTube Ads,2024-03-07,Não Convertido,,0.0,Desconhecido,Uganda
80802,Facebook,2024-03-05,Convertido,21.0,7782.9,Moderado,Cuba
80803,TikTok,2024-03-07,Não Convertido,,0.0,Agressivo,Venezuela
80804,Facebook,2024-03-09,Não Convertido,,0.0,Moderado,Wallis and Futuna
80805,Google Ads,2024-03-09,Não Convertido,,0.0,Agressivo,Slovenia
80806,YouTube Ads,2024-03-07,Não Convertido,,0.0,Moderado,Anguilla
80807,TikTok,2024-03-04,Não Convertido,,0.0,Moderado,Saint Kitts and Nevis
80808,TikTok,2024-03-09,Não Convertido,,0.0,Moderado,Nauru
80809,Orgânico,2024-03-06,Convertido,10.0,3860.87,Conservador,Chile
80810,Orgânico,2024-03-04,Não Convertido,,0.0,Agressivo,Uganda
80811,Facebook,2024-03-09,Não Convertido,,0.0,Agressivo,Somalia
80812,E-mail Marketing,2024-03-07,Não Convertido,,0.0,Moderado,Turkey
80813,Orgânico,2024-03-06,Não Convertido,,0.0,Agressivo,Seychelles
80814,Google Ads,2024-03-07,Não Convertido,,0.0,Moderado,Senegal
80815,E-mail Marketing,2024-03-05,Não Convertido,,0.0,Conservador,China
80816,TikTok,2024-03-05,Não Convertido,,0.0,Conservador,Angola
80817,Google Ads,2024-03-08,Não Convertido,,0.0,Moderado,Western Sahara
80818,Instagram,2024-03-08,Convertido,11.0,7307.37,Moderado,Malawi
80819,Indicação,2024-03-09,Não Convertido,,0.0,Conservador,Honduras
80820,Instagram,2024-03-06,Não Convertido,,0.0,Moderado,Japan
80821,YouTube Ads,2024-03-08,Convertido,8.0,9751.55,Moderado,Hong Kong
80822,TikTok,2024-03-07,Não Convertido,,0.0,Conservador,Algeria
80823,YouTube Ads,2024-03-09,Não Convertido,,0.0,Moderado,Antigua and Barbuda
80824,Orgânico,2024-03-06,Não Convertido,,0.0,Agressivo,Angola
80825,Facebook,2024-03-04,Não Convertido,,0.0,Desconhecido,Niue
80826,Google Ads,2024-03-04,Não Convertido,,0.0,Moderado,Qatar
80827,Facebook,2024-03-08,Não Convertido,,0.0,Conservador,United Kingdom
80828,Instagram,2024-03-07,Não Convertido,,0.0,Moderado,Montserrat
80829,Orgânico,2024-03-09,Não Convertido,,0.0,Conservador,Gabon
80830,WhatsApp,2024-03-08,Não Convertido,,0.0,Moderado,Haiti
80831,WhatsApp,2024-03-06,Não Convertido,,0.0,Agressivo,Tuvalu
80832,Orgânico,2024-03-09,Não Convertido,,0.0,Agressivo,Pitcairn Islands
80833,Google Ads,2024-03-09,Não Convertido,,0.0,Moderado,Taiwan
80834,TikTok,2024-03-07,Não Convertido,,0.0,Moderado,United States of America
80835,Google Ads,2024-03-09,Convertido,23.0,3187.58,Moderado,Cayman Islands
80836,Instagram,2024-03-06,Não Convertido,,0.0,Moderado,United States of America
80837,Facebook,2024-03-09,Não Convertido,,0.0,Agressivo,India
80838,Instagram,2024-03-08,Não Convertido,,0.0,Moderado,Cambodia
80839,E-mail Marketing,2024-03-04,Não Convertido,,0.0,Agressivo,Madagascar
80840,TikTok,2024-03-06,Não Convertido,,0.0,Moderado,Saint Helena
80841,Indicação,2024-03-05,Não Convertido,,0.0,Moderado,Mali
80842,Orgânico,2024-03-09,Não Convertido,,0.0,Conservador,India
80843,Instagram,2024-03-05,Não Convertido,,0.0,Conservador,Lesotho
80844,Orgânico,2024-03-07,Não Convertido,,0.0,Moderado,Seychelles
80845,YouTube Ads,2024-03-06,Não Convertido,,0.0,Moderado,Peru
80846,Google Ads,2024-03-05,Não Convertido,,0.0,Moderado,Montserrat
80847,Instagram,2024-03-06,Não Convertido,,0.0,Agressivo,Ethiopia
80848,Facebook,2024-03-06,Convertido,4.0,321.04,Conservador,Turkey
80849,Instagram,2024-03-05,Não Convertido,,0.0,Agressivo,Guinea-Bissau
80850,Instagram,2024-03-05,Não Convertido,,0.0,Moderado,Denmark
80851,TikTok,2024-03-05,Não Convertido,,0.0,Desconhecido,Anguilla
80852,TikTok,2024-03-07,Não Convertido,,0.0,Agressivo,Papua New Guinea
80853,Facebook,2024-03-07,Convertido,5.0,1524.47,Desconhecido,Nigeria
80854,Instagram,2024-03-09,Não Convertido,,0.0,Conservador,Wallis and Futuna
80855,Instagram,2024-03-09,Não Convertido,,0.0,Agressivo,Thailand
80856,Facebook,2024-03-05,Não Convertido,,0.0,Moderado,Mayotte
80857,WhatsApp,2024-03-06,Não Convertido,,0.0,Agressivo,Christmas Island
80858,Instagram,2024-03-09,Não Convertido,,0.0,Desconhecido,Brunei Darussalam
80859,WhatsApp,2024-03-05,Não Convertido,,0.0,Agressivo,Austria
80860,Orgânico,2024-03-05,Não Convertido,,0.0,Moderado,Brunei Darussalam
80861,Orgânico,2024-03-04,Não Convertido,,0.0,Agressivo,Serbia
80862,Indicação,2024-03-07,Não Convertido,,0.0,Conservador,Niue
80863,YouTube Ads,2024-03-06,Não Convertido,,0.0,Agressivo,United Arab Emirates
80864,TikTok,2024-03-09,Não Convertido,,0.0,Conservador,Albania
80865,Orgânico,2024-03-09,Não Convertido,,0.0,Desconhecido,Saint Helena
80866,Instagram,2024-03-09,Não Convertido,,0.0,Moderado,British Virgin Islands
80867,Orgânico,2024-03-07,Não Convertido,,0.0,Agressivo,Botswana
80868,YouTube Ads,2024-03-07,Não Convertido,,0.0,Moderado,Spain
80869,Orgânico,2024-03-09,Não Convertido,,0.0,Agressivo,Cayman Islands
80870,E-mail Marketing,2024-03-07,Não Convertido,,0.0,Conservador,Mayotte
80871,E-mail Marketing,2024-03-08,Não Convertido,,0.0,Agressivo,Latvia
80872,WhatsApp,2024-03-09,Não Convertido,,0.0,Agressivo,Pakistan
80873,Facebook,2024-03-04,Não Convertido,,0.0,Desconhecido,Malawi
80874,Google Ads,2024-03-06,Não Convertido,,0.0,Conservador,Taiwan
80875,E-mail Marketing,2024-03-05,Não Convertido,,0.0,Moderado,Norfolk Island
80876,Orgânico,2024-03-06,Não Convertido,,0.0,Agressivo,Iraq
80877,TikTok,2024-03-04,Não Convertido,,0.0,Moderado,Croatia
80878,Facebook,2024-03-06,Não Convertido,,0.0,Desconhecido,Cyprus
80879,Google Ads,2024-03-08,Não Convertido,,0.0,Agressivo,Mali
80880,Instagram,2024-03-07,Não Convertido,,0.0,Moderado,Kazakhstan
80881,Google Ads,2024-03-09,Não Convertido,,0.0,Conservador,Korea
80882,YouTube Ads,2024-03-07,Não Convertido,,0.0,Moderado,Thailand
80883,Orgânico,2024-03-07,Não Convertido,,0.0,Moderado,Venezuela
80884,E-mail Marketing,2024-03-05,Não Convertido,,0.0,Moderado,Madagascar
80885,Orgânico,2024-03-04,Não Convertido,,0.0,Agressivo,Myanmar
80886,Orgânico,2024-03-08,Não Convertido,,0.0,Moderado,Heard Island and McDonald Islands
80887,Facebook,2024-03-06,Não Convertido,,0.0,Conservador,Mayotte
80888,YouTube Ads,2024-03-08,Não Convertido,,0.0,Moderado,Ukraine
80889,YouTube Ads,2024-03-08,Não Convertido,,0.0,Desconhecido,Zambia
80890,Instagram,2024-03-06,Não Convertido,,0.0,Conservador,Colombia
80891,Orgânico,2024-03-06,Não Convertido,,0.0,Moderado,Sri Lanka
80892,Instagram,2024-03-04,Não Convertido,,0.0,Conservador,Niger
80893,E-mail Marketing,2024-03-09,Não Convertido,,0.0,Moderado,Turkey
80894,Instagram,2024-03-08,Não Convertido,,0.0,Agressivo,Egypt
80895,Indicação,2024-03-06,Não Convertido,,0.0,Conservador,Jamaica
80896,E-mail Marketing,2024-03-05,Não Convertido,,0.0,Agressivo,United States Virgin Islands
80897,WhatsApp,2024-03-08,Não Convertido,,0.0,Desconhecido,Monaco
80898,TikTok,2024-03-07,Não Convertido,,0.0,Moderado,Lao People's Democratic Republic
80899,TikTok,2024-03-07,Não Convertido,,0.0,Agressivo,Cape Verde
80900,Facebook,2024-03-07,Não Convertido,,0.0,Agressivo,Chile
80901,TikTok,2024-03-04,Não Convertido,,0.0,Conservador,Faroe Islands
80902,Instagram,2024-03-08,Não Convertido,,0.0,Conservador,Australia
80903,Instagram,2024-03-09,Não Convertido,,0.0,Conservador,Niue
80904,Facebook,2024-03-09,Não Convertido,,0.0,Agressivo,Belarus
80905,E-mail Marketing,2024-03-05,Não Convertido,,0.0,Moderado,Swaziland
80906,WhatsApp,2024-03-04,Não Convertido,,0.0,Agressivo,Mauritania
80907,WhatsApp,2024-03-05,Não Convertido,,0.0,Conservador,Guyana
80908,Instagram,2024-03-08,Não Convertido,,0.0,Conservador,Niue
80909,Facebook,2024-03-06,Não Convertido,,0.0,Conservador,Zambia
80910,Orgânico,2024-03-06,Não Convertido,,0.0,Moderado,Angola
80911,Instagram,2024-03-07,Não Convertido,,0.0,Desconhecido,Slovenia
80912,Google Ads,2024-03-09,Não Convertido,,0.0,Moderado,Saint Pierre and Miquelon
80913,Orgânico,2024-03-06,Não Convertido,,0.0,Moderado,Somalia
80914,Google Ads,2024-03-06,Não Convertido,,0.0,Moderado,Australia
80915,Google Ads,2024-03-04,Não Convertido,,0.0,Conservador,Paraguay
80916,Google Ads,2024-03-05,Não Convertido,,0.0,Desconhecido,Turkmenistan
80917,Orgânico,2024-03-07,Não Convertido,,0.0,Agressivo,Christmas Island
80918,Indicação,2024-03-05,Não Convertido,,0.0,Agressivo,Saint Pierre and Miquelon
80919,Orgânico,2024-03-05,Não Convertido,,0.0,Moderado,Palestinian Territory
80920,Instagram,2024-03-09,Não Convertido,,0.0,Conservador,Equatorial Guinea
80921,Orgânico,2024-03-09,Não Convertido,,0.0,Moderado,Papua New Guinea
80922,YouTube Ads,2024-03-06,Não Convertido,,0.0,Agressivo,Bosnia and Herzegovina
80923,WhatsApp,2024-03-06,Não Convertido,,0.0,Moderado,Iran
80924,YouTube Ads,2024-03-09,Não Convertido,,0.0,Agressivo,France
80925,YouTube Ads,2024-03-07,Convertido,0.0,9768.89,Moderado,French Guiana
80926,E-mail Marketing,2024-03-09,Não Convertido,,0.0,Moderado,Bulgaria
80927,Facebook,2024-03-09,Não Convertido,,0.0,Moderado,Albania
80928,E-mail Marketing,2024-03-09,Não Convertido,,0.0,Moderado,Australia
80929,Facebook,2024-03-04,Não Convertido,,0.0,Agressivo,Gabon
80930,Indicação,2024-03-07,Não Convertido,,0.0,Conservador,Pitcairn Islands
80931,TikTok,2024-03-06,Não Convertido,,0.0,Desconhecido,Georgia
80932,Facebook,2024-03-04,Não Convertido,,0.0,Agressivo,San Marino
80933,TikTok,2024-03-06,Convertido,1.0,8910.3,Desconhecido,Tokelau
80934,TikTok,2024-03-04,Não Convertido,,0.0,Moderado,Russian Federation
80935,E-mail Marketing,2024-03-04,Não Convertido,,0.0,Desconhecido,Argentina
80936,Google Ads,2024-03-07,Não Convertido,,0.0,Agressivo,Dominican Republic
80937,E-mail Marketing,2024-03-07,Não Convertido,,0.0,Moderado,Australia
80938,Facebook,2024-03-07,Não Convertido,,0.0,Moderado,Jordan
80939,Orgânico,2024-03-07,Não Convertido,,0.0,Moderado,Austria
80940,Indicação,2024-03-06,Não Convertido,,0.0,Agressivo,Burundi
80941,Instagram,2024-03-09,Não Convertido,,0.0,Moderado,Gambia
80942,Instagram,2024-03-04,Não Convertido,,0.0,Conservador,South Georgia and the South Sandwich Islands
80943,TikTok,2024-03-04,Não Convertido,,0.0,Agressivo,United States Virgin Islands
80944,TikTok,2024-03-07,Convertido,14.0,8771.69,Moderado,Uzbekistan
80945,Orgânico,2024-03-04,Não Convertido,,0.0,Moderado,Congo
80946,E-mail Marketing,2024-03-09,Não Convertido,,0.0,Agressivo,Timor-Leste
80947,Indicação,2024-03-07,Não Convertido,,0.0,Agressivo,Philippines
80948,YouTube Ads,2024-03-04,Não Convertido,,0.0,Moderado,Grenada
80949,Orgânico,2024-03-07,Não Convertido,,0.0,Moderado,Barbados
80950,Facebook,2024-03-05,Não Convertido,,0.0,Moderado,Montenegro
80951,YouTube Ads,2024-03-09,Não Convertido,,0.0,Agressivo,Burundi
80952,Indicação,2024-03-08,Não Convertido,,0.0,Conservador,Fiji
80953,Facebook,2024-03-04,Não Convertido,,0.0,Moderado,Somalia
80954,Instagram,2024-03-07,Não Convertido,,0.0,Desconhecido,British Indian Ocean Territory (Chagos Archipelago)
80955,Orgânico,2024-03-05,Não Convertido,,0.0,Agressivo,Singapore
80956,TikTok,2024-03-07,Não Convertido,,0.0,Desconhecido,New Zealand
80957,Orgânico,2024-03-06,Não Convertido,,0.0,Agressivo,United Kingdom
80958,E-mail Marketing,2024-03-09,Não Convertido,,0.0,Conservador,Zambia
80959,TikTok,2024-03-07,Não Convertido,,0.0,Agressivo,Timor-Leste
80960,TikTok,2024-03-06,Não Convertido,,0.0,Moderado,French Southern Territories
80961,TikTok,2024-03-06,Não Convertido,,0.0,Agressivo,Guyana
80962,WhatsApp,2024-03-08,Não Convertido,,0.0,Agressivo,Puerto Rico
80963,Facebook,2024-03-08,Não Convertido,,0.0,Agressivo,Norfolk Island
80964,Google Ads,2024-03-09,Não Convertido,,0.0,Moderado,Yemen
80965,TikTok,2024-03-05,Não Convertido,,0.0,Moderado,Germany
80966,Instagram,2024-03-04,Não Convertido,,0.0,Agressivo,Jersey
80967,YouTube Ads,2024-03-05,Não Convertido,,0.0,Moderado,Swaziland
80968,Google Ads,2024-03-08,Não Convertido,,0.0,Agressivo,Botswana
80969,Indicação,2024-03-07,Não Convertido,,0.0,Desconhecido,Norway
80970,Instagram,2024-03-05,Não Convertido,,0.0,Agressivo,Western Sahara
80971,TikTok,2024-03-08,Não Convertido,,0.0,Moderado,Lesotho
80972,Facebook,2024-03-09,Não Convertido,,0.0,Conservador,Djibouti
80973,Facebook,2024-03-09,Não Convertido,,0.0,Moderado,Uganda
80974,TikTok,2024-03-07,Não Convertido,,0.0,Moderado,Finland
80975,Orgânico,2024-03-08,Não Convertido,,0.0,Moderado,Hungary
80976,Facebook,2024-03-06,Não Convertido,,0.0,Agressivo,Philippines
80977,Instagram,2024-03-09,Não Convertido,,0.0,Conservador,Jamaica
80978,YouTube Ads,2024-03-04,Não Convertido,,0.0,Moderado,Martinique
80979,Google Ads,2024-03-04,Não Convertido,,0.0,Desconhecido,Belize
80980,Instagram,2024-03-08,Não Convertido,,0.0,Moderado,Dominican Republic
80981,E-mail Marketing,2024-03-06,Não Convertido,,0.0,Agressivo,United Kingdom
80982,Indicação,2024-03-04,Não Convertido,,0.0,Agressivo,Bhutan
80983,E-mail Marketing,2024-03-08,Não Convertido,,0.0,Desconhecido,Jersey
80984,Google Ads,2024-03-06,Não Convertido,,0.0,Moderado,Sierra Leone
80985,WhatsApp,2024-03-04,Não Convertido,,0.0,Agressivo,Poland
80986,Indicação,2024-03-04,Não Convertido,,0.0,Moderado,Portugal
80987,Instagram,2024-03-06,Não Convertido,,0.0,Agressivo,Northern Mariana Islands
80988,Orgânico,2024-03-06,Não Convertido,,0.0,Moderado,Hungary
80989,Google Ads,2024-03-09,Não Convertido,,0.0,Agressivo,Lebanon
80990,Orgânico,2024-03-04,Não Convertido,,0.0,Moderado,Equatorial Guinea
80991,Indicação,2024-03-05,Não Convertido,,0.0,Desconhecido,French Guiana
80992,Instagram,2024-03-08,Não Convertido,,0.0,Conservador,Saint Vincent and the Grenadines
80993,Indicação,2024-03-07,Não Convertido,,0.0,Moderado,Pitcairn Islands
80994,YouTube Ads,2024-03-07,Não Convertido,,0.0,Moderado,Costa Rica
80995,TikTok,2024-03-06,Convertido,7.0,4462.17,Desconhecido,Isle of Man
80996,Google Ads,2024-03-06,Não Convertido,,0.0,Moderado,Burundi
80997,YouTube Ads,2024-03-06,Não Convertido,,0.0,Agressivo,Peru
80998,E-mail Marketing,2024-03-04,Não Convertido,,0.0,Moderado,Swaziland
80999,Orgânico,2024-03-08,Não Convertido,,0.0,Moderado,Portugal
81000,Google Ads,2024-03-07,Convertido,27.0,5693.71,Conservador,Myanmar
81001,Orgânico,2024-03-09,Não Convertido,,0.0,Agressivo,Nepal
81002,E-mail Marketing,2024-03-05,Não Convertido,,0.0,Moderado,Vanuatu
81003,TikTok,2024-03-04,Não Convertido,,0.0,Moderado,Luxembourg
81004,TikTok,2024-03-07,Não Convertido,,0.0,Agressivo,Guernsey
81005,TikTok,2024-03-04,Não Convertido,,0.0,Conservador,Belarus
81006,Orgânico,2024-03-09,Não Convertido,,0.0,Moderado,Croatia
81007,Instagram,2024-03-07,Não Convertido,,0.0,Agressivo,Argentina
81008,TikTok,2024-03-09,Não Convertido,,0.0,Agressivo,British Indian Ocean Territory (Chagos Archipelago)
81009,Instagram,2024-03-06,Não Convertido,,0.0,Moderado,Jamaica
81010,TikTok,2024-03-07,Não Convertido,,0.0,Agressivo,Jordan
81011,Google Ads,2024-03-08,Não Convertido,,0.0,Agressivo,Chile
81012,Instagram,2024-03-06,Não Convertido,,0.0,Conservador,Tonga
81013,Instagram,2024-03-07,Convertido,15.0,8890.97,Moderado,Belarus
81014,Instagram,2024-03-09,Não Convertido,,0.0,Desconhecido,Northern Mariana Islands
81015,TikTok,2024-03-08,Não Convertido,,0.0,Moderado,New Zealand
81016,Orgânico,2024-03-09,Não Convertido,,0.0,Agressivo,Libyan Arab Jamahiriya
81017,YouTube Ads,2024-03-07,Não Convertido,,0.0,Moderado,Japan
81018,E-mail Marketing,2024-03-05,Não Convertido,,0.0,Moderado,Lithuania
81019,TikTok,2024-03-09,Não Convertido,,0.0,Desconhecido,Burundi
81020,TikTok,2024-03-07,Não Convertido,,0.0,Agressivo,Nepal
81021,Instagram,2024-03-04,Não Convertido,,0.0,Conservador,Antarctica (the territory South of 60 deg S)
81022,E-mail Marketing,2024-03-06,Convertido,29.0,1971.13,Conservador,British Virgin Islands
81023,Google Ads,2024-03-06,Não Convertido,,0.0,Conservador,India
81024,WhatsApp,2024-03-08,Não Convertido,,0.0,Conservador,Niue
81025,Orgânico,2024-03-06,Não Convertido,,0.0,Moderado,Papua New Guinea
81026,Facebook,2024-03-05,Não Convertido,,0.0,Moderado,Malta
81027,Orgânico,2024-03-05,Não Convertido,,0.0,Agressivo,Belgium
81028,TikTok,2024-03-08,Não Convertido,,0.0,Conservador,Belize
81029,TikTok,2024-03-07,Não Convertido,,0.0,Agressivo,Turkmenistan
81030,Facebook,2024-03-06,Não Convertido,,0.0,Conservador,Libyan Arab Jamahiriya
81031,TikTok,2024-03-08,Não Convertido,,0.0,Conservador,Lao People's Democratic Republic
81032,TikTok,2024-03-05,Não Convertido,,0.0,Moderado,Cocos (Keeling) Islands
81033,E-mail Marketing,2024-03-09,Não Convertido,,0.0,Agressivo,Anguilla
81034,Google Ads,2024-03-09,Não Convertido,,0.0,Moderado,Andorra
81035,Indicação,2024-03-04,Não Convertido,,0.0,Moderado,Reunion
81036,Indicação,2024-03-07,Não Convertido,,0.0,Conservador,Svalbard & Jan Mayen Islands
81037,Indicação,2024-03-04,Não Convertido,,0.0,Conservador,Puerto Rico
81038,WhatsApp,2024-03-04,Não Convertido,,0.0,Moderado,Mayotte
81039,Instagram,2024-03-07,Não Convertido,,0.0,Desconhecido,Belize
81040,Orgânico,2024-03-06,Não Convertido,,0.0,Conservador,Bulgaria
81041,Instagram,2024-03-07,Não Convertido,,0.0,Conservador,Panama
81042,Google Ads,2024-03-05,Não Convertido,,0.0,Conservador,French Guiana
81043,Instagram,2024-03-06,Não Convertido,,0.0,Conservador,China
81044,YouTube Ads,2024-03-05,Não Convertido,,0.0,Moderado,Malta
81045,Google Ads,2024-03-05,Não Convertido,,0.0,Conservador,Vietnam
81046,Facebook,2024-03-08,Não Convertido,,0.0,Agressivo,Mayotte
81047,Facebook,2024-03-09,Não Convertido,,0.0,Moderado,India
81048,Instagram,2024-03-05,Não Convertido,,0.0,Desconhecido,British Indian Ocean Territory (Chagos Archipelago)
81049,YouTube Ads,2024-03-05,Não Convertido,,0.0,Agressivo,Myanmar
81050,Indicação,2024-03-09,Não Convertido,,0.0,Agressivo,Austria
81051,E-mail Marketing,2024-03-05,Não Convertido,,0.0,Agressivo,Taiwan
81052,Orgânico,2024-03-08,Não Convertido,,0.0,Agressivo,Wallis and Futuna
81053,E-mail Marketing,2024-03-09,Não Convertido,,0.0,Agressivo,Italy
81054,TikTok,2024-03-09,Não Convertido,,0.0,Moderado,Malaysia
81055,YouTube Ads,2024-03-06,Não Convertido,,0.0,Moderado,Montenegro
81056,WhatsApp,2024-03-06,Não Convertido,,0.0,Moderado,Turkmenistan
81057,Orgânico,2024-03-06,Não Convertido,,0.0,Agressivo,Yemen
81058,YouTube Ads,2024-03-08,Não Convertido,,0.0,Desconhecido,India
81059,WhatsApp,2024-03-06,Não Convertido,,0.0,Conservador,Palestinian Territory
81060,TikTok,2024-03-07,Não Convertido,,0.0,Agressivo,Chad
81061,YouTube Ads,2024-03-04,Não Convertido,,0.0,Agressivo,Dominica
81062,WhatsApp,2024-03-06,Não Convertido,,0.0,Moderado,Nigeria
81063,E-mail Marketing,2024-03-08,Não Convertido,,0.0,Conservador,Yemen
81064,Indicação,2024-03-04,Não Convertido,,0.0,Agressivo,Mayotte
81065,Orgânico,2024-03-06,Convertido,3.0,3518.92,Conservador,Turkey
81066,Indicação,2024-03-08,Não Convertido,,0.0,Conservador,Vanuatu
81067,TikTok,2024-03-04,Não Convertido,,0.0,Agressivo,Malawi
81068,Google Ads,2024-03-08,Não Convertido,,0.0,Agressivo,Cambodia
81069,Google Ads,2024-03-08,Não Convertido,,0.0,Moderado,Korea
81070,TikTok,2024-03-05,Não Convertido,,0.0,Moderado,Tokelau
81071,Facebook,2024-03-05,Não Convertido,,0.0,Moderado,Isle of Man
81072,TikTok,2024-03-05,Não Convertido,,0.0,Moderado,Anguilla
81073,Instagram,2024-03-04,Não Convertido,,0.0,Moderado,Ghana
81074,Facebook,2024-03-09,Não Convertido,,0.0,Conservador,Tajikistan
81075,Facebook,2024-03-07,Não Convertido,,0.0,Agressivo,Vanuatu
81076,Google Ads,2024-03-06,Convertido,12.0,2306.93,Conservador,Belize
81077,Orgânico,2024-03-08,Não Convertido,,0.0,Moderado,Benin
81078,Facebook,2024-03-08,Não Convertido,,0.0,Moderado,Rwanda
81079,Instagram,2024-03-05,Não Convertido,,0.0,Moderado,North Macedonia
81080,TikTok,2024-03-04,Não Convertido,,0.0,Moderado,Gibraltar
81081,Facebook,2024-03-08,Não Convertido,,0.0,Conservador,Antarctica (the territory South of 60 deg S)
81082,YouTube Ads,2024-03-06,Não Convertido,,0.0,Conservador,Djibouti
81083,Orgânico,2024-03-04,Não Convertido,,0.0,Moderado,Antigua and Barbuda
81084,Facebook,2024-03-09,Não Convertido,,0.0,Moderado,United States of America
81085,Facebook,2024-03-06,Não Convertido,,0.0,Agressivo,Eritrea
81086,Facebook,2024-03-05,Convertido,8.0,1563.07,Agressivo,Egypt
81087,Google Ads,2024-03-08,Convertido,24.0,3343.77,Moderado,United States Minor Outlying Islands
81088,Indicação,2024-03-05,Não Convertido,,0.0,Desconhecido,Cook Islands
81089,WhatsApp,2024-03-05,Convertido,4.0,8679.07,Moderado,Angola
81090,Orgânico,2024-03-06,Não Convertido,,0.0,Desconhecido,Burkina Faso
81091,TikTok,2024-03-09,Não Convertido,,0.0,Desconhecido,Maldives
81092,Instagram,2024-03-08,Não Convertido,,0.0,Conservador,Monaco
81093,Instagram,2024-03-07,Não Convertido,,0.0,Agressivo,Thailand
81094,YouTube Ads,2024-03-08,Não Convertido,,0.0,Moderado,Martinique
81095,WhatsApp,2024-03-09,Não Convertido,,0.0,Moderado,Ireland
81096,Instagram,2024-03-09,Não Convertido,,0.0,Agressivo,Bangladesh
81097,E-mail Marketing,2024-03-04,Não Convertido,,0.0,Agressivo,Qatar
81098,WhatsApp,2024-03-07,Não Convertido,,0.0,Conservador,Qatar
81099,YouTube Ads,2024-03-05,Não Convertido,,0.0,Agressivo,Slovakia (Slovak Republic)
81100,Orgânico,2024-03-09,Não Convertido,,0.0,Conservador,Kazakhstan
81101,Indicação,2024-03-07,Não Convertido,,0.0,Moderado,Oman
81102,WhatsApp,2024-03-07,Convertido,24.0,5426.23,Agressivo,Japan
81103,Facebook,2024-03-06,Não Convertido,,0.0,Moderado,Croatia
81104,YouTube Ads,2024-03-07,Não Convertido,,0.0,Moderado,Brunei Darussalam
81105,TikTok,2024-03-05,Não Convertido,,0.0,Conservador,Bosnia and Herzegovina
81106,Instagram,2024-03-09,Não Convertido,,0.0,Agressivo,Denmark
81107,TikTok,2024-03-04,Não Convertido,,0.0,Conservador,Norway
81108,Orgânico,2024-03-07,Não Convertido,,0.0,Conservador,Burkina Faso
81109,WhatsApp,2024-03-07,Não Convertido,,0.0,Conservador,Bouvet Island (Bouvetoya)
81110,WhatsApp,2024-03-07,Não Convertido,,0.0,Moderado,Japan
81111,TikTok,2024-03-05,Não Convertido,,0.0,Conservador,Barbados
81112,E-mail Marketing,2024-03-06,Não Convertido,,0.0,Conservador,Palestinian Territory
81113,TikTok,2024-03-05,Não Convertido,,0.0,Moderado,Uruguay
81114,TikTok,2024-03-06,Não Convertido,,0.0,Conservador,Angola
81115,Indicação,2024-03-08,Não Convertido,,0.0,Moderado,Mauritius
81116,Instagram,2024-03-07,Não Convertido,,0.0,Moderado,Bolivia
81117,Indicação,2024-03-07,Não Convertido,,0.0,Agressivo,Isle of Man
81118,Facebook,2024-03-09,Não Convertido,,0.0,Conservador,Lithuania
81119,E-mail Marketing,2024-03-07,Não Convertido,,0.0,Agressivo,Japan
81120,Orgânico,2024-03-05,Não Convertido,,0.0,Agressivo,Micronesia
81121,Facebook,2024-03-09,Não Convertido,,0.0,Moderado,Gibraltar
81122,Indicação,2024-03-06,Não Convertido,,0.0,Agressivo,Bulgaria
81123,Instagram,2024-03-07,Não Convertido,,0.0,Conservador,Croatia
81124,Google Ads,2024-03-07,Não Convertido,,0.0,Moderado,Marshall Islands
81125,YouTube Ads,2024-03-07,Convertido,11.0,8205.81,Agressivo,Romania
81126,Google Ads,2024-03-08,Não Convertido,,0.0,Conservador,Hong Kong
81127,E-mail Marketing,2024-03-05,Não Convertido,,0.0,Moderado,Luxembourg
81128,YouTube Ads,2024-03-04,Não Convertido,,0.0,Conservador,Saint Kitts and Nevis
81129,Google Ads,2024-03-05,Não Convertido,,0.0,Conservador,United States of America
81130,E-mail Marketing,2024-03-04,Não Convertido,,0.0,Moderado,French Polynesia
81131,YouTube Ads,2024-03-07,Não Convertido,,0.0,Moderado,Lebanon
81132,Orgânico,2024-03-07,Não Convertido,,0.0,Agressivo,Palestinian Territory
81133,Orgânico,2024-03-06,Não Convertido,,0.0,Agressivo,Russian Federation
81134,TikTok,2024-03-05,Não Convertido,,0.0,Moderado,Romania
81135,WhatsApp,2024-03-09,Não Convertido,,0.0,Conservador,Heard Island and McDonald Islands
81136,Facebook,2024-03-05,Não Convertido,,0.0,Desconhecido,Eritrea
81137,Facebook,2024-03-04,Não Convertido,,0.0,Moderado,Micronesia
81138,Instagram,2024-03-04,Não Convertido,,0.0,Desconhecido,Kyrgyz Republic
81139,Orgânico,2024-03-05,Não Convertido,,0.0,Moderado,Kyrgyz Republic
81140,Facebook,2024-03-04,Não Convertido,,0.0,Moderado,Sweden
81141,Instagram,2024-03-06,Não Convertido,,0.0,Conservador,French Polynesia
81142,E-mail Marketing,2024-03-07,Não Convertido,,0.0,Moderado,Libyan Arab Jamahiriya
81143,E-mail Marketing,2024-03-08,Não Convertido,,0.0,Agressivo,Zambia
81144,Orgânico,2024-03-08,Convertido,11.0,1473.89,Moderado,Bulgaria
81145,WhatsApp,2024-03-07,Não Convertido,,0.0,Moderado,Nicaragua
81146,Instagram,2024-03-09,Não Convertido,,0.0,Conservador,Pitcairn Islands
81147,Instagram,2024-03-06,Não Convertido,,0.0,Desconhecido,Morocco
81148,Instagram,2024-03-04,Não Convertido,,0.0,Moderado,Mozambique
81149,TikTok,2024-03-07,Não Convertido,,0.0,Moderado,Cuba
81150,WhatsApp,2024-03-08,Não Convertido,,0.0,Agressivo,Lebanon
81151,Instagram,2024-03-06,Não Convertido,,0.0,Agressivo,Bangladesh
81152,TikTok,2024-03-05,Não Convertido,,0.0,Moderado,Italy
81153,WhatsApp,2024-03-06,Não Convertido,,0.0,Conservador,Belgium
81154,Orgânico,2024-03-09,Não Convertido,,0.0,Agressivo,Rwanda
81155,Orgânico,2024-03-08,Não Convertido,,0.0,Agressivo,Ukraine
81156,Facebook,2024-03-04,Não Convertido,,0.0,Moderado,Timor-Leste
81157,WhatsApp,2024-03-08,Convertido,24.0,8604.37,Moderado,Aruba
81158,E-mail Marketing,2024-03-09,Não Convertido,,0.0,Moderado,Maldives
81159,Orgânico,2024-03-04,Não Convertido,,0.0,Agressivo,Azerbaijan
81160,Facebook,2024-03-08,Não Convertido,,0.0,Moderado,Chad
81161,TikTok,2024-03-04,Não Convertido,,0.0,Agressivo,Saint Lucia
81162,TikTok,2024-03-07,Não Convertido,,0.0,Moderado,Vanuatu
81163,Facebook,2024-03-07,Não Convertido,,0.0,Moderado,Thailand
81164,Orgânico,2024-03-05,Não Convertido,,0.0,Agressivo,Haiti
81165,Indicação,2024-03-06,Não Convertido,,0.0,Moderado,Malaysia
81166,WhatsApp,2024-03-09,Não Convertido,,0.0,Agressivo,Antarctica (the territory South of 60 deg S)
81167,Google Ads,2024-03-04,Não Convertido,,0.0,Moderado,Austria
81168,TikTok,2024-03-08,Não Convertido,,0.0,Conservador,Micronesia
81169,Orgânico,2024-03-04,Não Convertido,,0.0,Agressivo,Sri Lanka
81170,TikTok,2024-03-05,Não Convertido,,0.0,Moderado,Egypt
81171,WhatsApp,2024-03-08,Não Convertido,,0.0,Conservador,Swaziland
81172,Orgânico,2024-03-07,Não Convertido,,0.0,Moderado,Cameroon
81173,Facebook,2024-03-05,Não Convertido,,0.0,Moderado,Palau
81174,YouTube Ads,2024-03-09,Não Convertido,,0.0,Moderado,Ghana
81175,Orgânico,2024-03-08,Não Convertido,,0.0,Agressivo,Syrian Arab Republic
81176,Google Ads,2024-03-05,Não Convertido,,0.0,Conservador,Turks and Caicos Islands
81177,Orgânico,2024-03-07,Não Convertido,,0.0,Conservador,Dominica
81178,Facebook,2024-03-07,Não Convertido,,0.0,Desconhecido,United Arab Emirates
81179,Orgânico,2024-03-09,Não Convertido,,0.0,Conservador,Northern Mariana Islands
81180,Facebook,2024-03-09,Não Convertido,,0.0,Conservador,Kenya
81181,Orgânico,2024-03-04,Não Convertido,,0.0,Desconhecido,Dominica
81182,Instagram,2024-03-08,Não Convertido,,0.0,Conservador,Monaco
81183,E-mail Marketing,2024-03-05,Não Convertido,,0.0,Agressivo,Panama
81184,E-mail Marketing,2024-03-07,Não Convertido,,0.0,Moderado,Saint Kitts and Nevis
81185,Indicação,2024-03-07,Não Convertido,,0.0,Moderado,Saint Lucia
81186,Instagram,2024-03-04,Não Convertido,,0.0,Agressivo,Bouvet Island (Bouvetoya)
81187,Facebook,2024-03-05,Não Convertido,,0.0,Conservador,Belarus
81188,E-mail Marketing,2024-03-06,Não Convertido,,0.0,Conservador,Antigua and Barbuda
81189,TikTok,2024-03-06,Não Convertido,,0.0,Conservador,Cape Verde
81190,Orgânico,2024-03-06,Não Convertido,,0.0,Moderado,Saint Barthelemy
81191,WhatsApp,2024-03-04,Não Convertido,,0.0,Conservador,Italy
81192,Indicação,2024-03-04,Não Convertido,,0.0,Moderado,Svalbard & Jan Mayen Islands
81193,TikTok,2024-03-08,Não Convertido,,0.0,Agressivo,Moldova
81194,Orgânico,2024-03-06,Não Convertido,,0.0,Desconhecido,British Indian Ocean Territory (Chagos Archipelago)
81195,Orgânico,2024-03-09,Não Convertido,,0.0,Conservador,Singapore
81196,Instagram,2024-03-06,Não Convertido,,0.0,Moderado,Vietnam
81197,TikTok,2024-03-05,Não Convertido,,0.0,Conservador,Yemen
81198,TikTok,2024-03-09,Não Convertido,,0.0,Moderado,Georgia
81199,Indicação,2024-03-04,Não Convertido,,0.0,Moderado,Mexico
81200,Indicação,2024-03-08,Não Convertido,,0.0,Conservador,Serbia
81201,Instagram,2024-03-08,Não Convertido,,0.0,Agressivo,Puerto Rico
81202,E-mail Marketing,2024-03-06,Não Convertido,,0.0,Moderado,Yemen
81203,Google Ads,2024-03-04,Não Convertido,,0.0,Agressivo,Lao People's Democratic Republic
81204,E-mail Marketing,2024-03-09,Não Convertido,,0.0,Conservador,Saint Helena
81205,Indicação,2024-03-09,Não Convertido,,0.0,Conservador,Australia
81206,TikTok,2024-03-05,Não Convertido,,0.0,Agressivo,Micronesia
81207,WhatsApp,2024-03-04,Convertido,13.0,6456.24,Agressivo,Croatia
81208,Orgânico,2024-03-07,Não Convertido,,0.0,Desconhecido,Venezuela
81209,Orgânico,2024-03-07,Não Convertido,,0.0,Agressivo,Madagascar
81210,Indicação,2024-03-04,Não Convertido,,0.0,Moderado,Kazakhstan
81211,Orgânico,2024-03-08,Não Convertido,,0.0,Moderado,Maldives
81212,Orgânico,2024-03-04,Não Convertido,,0.0,Agressivo,Denmark
81213,Orgânico,2024-03-06,Não Convertido,,0.0,Agressivo,Turks and Caicos Islands
81214,Instagram,2024-03-09,Não Convertido,,0.0,Agressivo,Burkina Faso
81215,Google Ads,2024-03-04,Não Convertido,,0.0,Conservador,Tajikistan
81216,YouTube Ads,2024-03-05,Não Convertido,,0.0,Moderado,Egypt
81217,Orgânico,2024-03-08,Não Convertido,,0.0,Agressivo,Kazakhstan
81218,Instagram,2024-03-07,Convertido,4.0,2665.26,Moderado,Cook Islands
81219,TikTok,2024-03-07,Não Convertido,,0.0,Desconhecido,Northern Mariana Islands
81220,Google Ads,2024-03-06,Não Convertido,,0.0,Agressivo,Sweden
81221,Instagram,2024-03-06,Convertido,6.0,7236.93,Conservador,Hong Kong
81222,E-mail Marketing,2024-03-08,Não Convertido,,0.0,Moderado,Tanzania
81223,Facebook,2024-03-08,Não Convertido,,0.0,Moderado,Honduras
81224,Indicação,2024-03-09,Não Convertido,,0.0,Moderado,Rwanda
81225,TikTok,2024-03-04,Não Convertido,,0.0,Moderado,Japan
81226,Google Ads,2024-03-06,Não Convertido,,0.0,Desconhecido,Azerbaijan
81227,Indicação,2024-03-06,Não Convertido,,0.0,Agressivo,Congo
81228,E-mail Marketing,2024-03-04,Não Convertido,,0.0,Desconhecido,French Southern Territories
81229,YouTube Ads,2024-03-04,Não Convertido,,0.0,Agressivo,Aruba
81230,TikTok,2024-03-05,Convertido,20.0,1297.54,Conservador,Cayman Islands
81231,Instagram,2024-03-05,Não Convertido,,0.0,Conservador,Slovenia
81232,Facebook,2024-03-06,Não Convertido,,0.0,Moderado,Portugal
81233,Google Ads,2024-03-04,Não Convertido,,0.0,Agressivo,Liberia
81234,Instagram,2024-03-07,Não Convertido,,0.0,Agressivo,Israel
81235,E-mail Marketing,2024-03-06,Não Convertido,,0.0,Conservador,United States Virgin Islands
81236,E-mail Marketing,2024-03-04,Não Convertido,,0.0,Moderado,Svalbard & Jan Mayen Islands
81237,E-mail Marketing,2024-03-08,Não Convertido,,0.0,Moderado,Svalbard & Jan Mayen Islands
81238,YouTube Ads,2024-03-08,Não Convertido,,0.0,Desconhecido,Monaco
81239,Indicação,2024-03-08,Não Convertido,,0.0,Moderado,Panama
81240,Orgânico,2024-03-05,Não Convertido,,0.0,Desconhecido,Libyan Arab Jamahiriya
81241,Instagram,2024-03-04,Não Convertido,,0.0,Conservador,Turkmenistan
81242,Google Ads,2024-03-06,Não Convertido,,0.0,Agressivo,Kiribati
81243,WhatsApp,2024-03-08,Convertido,6.0,9058.11,Moderado,Reunion
81244,Instagram,2024-03-06,Convertido,21.0,8925.56,Desconhecido,Bhutan
81245,Indicação,2024-03-08,Não Convertido,,0.0,Moderado,Holy See (Vatican City State)
81246,Orgânico,2024-03-06,Não Convertido,,0.0,Conservador,Bermuda
81247,WhatsApp,2024-03-09,Não Convertido,,0.0,Desconhecido,Nigeria
81248,Orgânico,2024-03-08,Não Convertido,,0.0,Conservador,Anguilla
81249,Facebook,2024-03-06,Não Convertido,,0.0,Desconhecido,Ecuador
81250,Orgânico,2024-03-07,Não Convertido,,0.0,Conservador,Taiwan
81251,Instagram,2024-03-04,Não Convertido,,0.0,Agressivo,Somalia
81252,E-mail Marketing,2024-03-06,Não Convertido,,0.0,Moderado,Sao Tome and Principe
81253,Google Ads,2024-03-09,Não Convertido,,0.0,Moderado,French Southern Territories
81254,Instagram,2024-03-07,Não Convertido,,0.0,Agressivo,Yemen
81255,E-mail Marketing,2024-03-07,Não Convertido,,0.0,Moderado,Vietnam
81256,Facebook,2024-03-07,Não Convertido,,0.0,Agressivo,Iraq
81257,Orgânico,2024-03-06,Não Convertido,,0.0,Agressivo,Congo
81258,Indicação,2024-03-08,Não Convertido,,0.0,Agressivo,Netherlands
81259,TikTok,2024-03-04,Não Convertido,,0.0,Moderado,Niger
81260,E-mail Marketing,2024-03-05,Não Convertido,,0.0,Conservador,Chad
81261,Indicação,2024-03-04,Não Convertido,,0.0,Conservador,Denmark
81262,TikTok,2024-03-06,Não Convertido,,0.0,Moderado,Latvia
81263,WhatsApp,2024-03-07,Não Convertido,,0.0,Agressivo,North Macedonia
81264,TikTok,2024-03-04,Não Convertido,,0.0,Conservador,Switzerland
81265,Facebook,2024-03-08,Convertido,25.0,1984.84,Moderado,United States of America
81266,Orgânico,2024-03-05,Não Convertido,,0.0,Moderado,Eritrea
81267,TikTok,2024-03-07,Não Convertido,,0.0,Agressivo,Cook Islands
81268,Orgânico,2024-03-04,Não Convertido,,0.0,Desconhecido,Brunei Darussalam
81269,TikTok,2024-03-08,Não Convertido,,0.0,Agressivo,Nigeria
81270,E-mail Marketing,2024-03-07,Não Convertido,,0.0,Moderado,Latvia
81271,WhatsApp,2024-03-06,Não Convertido,,0.0,Moderado,Rwanda
81272,Orgânico,2024-03-06,Não Convertido,,0.0,Moderado,Norfolk Island
81273,WhatsApp,2024-03-08,Não Convertido,,0.0,Moderado,Heard Island and McDonald Islands
81274,Orgânico,2024-03-08,Não Convertido,,0.0,Agressivo,South Georgia and the South Sandwich Islands
81275,TikTok,2024-03-09,Não Convertido,,0.0,Agressivo,Greece
81276,E-mail Marketing,2024-03-04,Convertido,2.0,8683.69,Moderado,Macao
81277,Indicação,2024-03-04,Não Convertido,,0.0,Moderado,Panama
81278,E-mail Marketing,2024-03-08,Não Convertido,,0.0,Moderado,India
81279,Indicação,2024-03-05,Não Convertido,,0.0,Agressivo,Christmas Island
81280,Facebook,2024-03-04,Não Convertido,,0.0,Agressivo,Netherlands Antilles
81281,E-mail Marketing,2024-03-04,Não Convertido,,0.0,Moderado,United States of America
81282,Orgânico,2024-03-04,Não Convertido,,0.0,Agressivo,Bahamas
81283,Facebook,2024-03-09,Não Convertido,,0.0,Moderado,Lesotho
81284,Orgânico,2024-03-04,Não Convertido,,0.0,Agressivo,Jersey
81285,Orgânico,2024-03-09,Não Convertido,,0.0,Moderado,Lebanon
81286,Facebook,2024-03-05,Não Convertido,,0.0,Moderado,Timor-Leste
81287,Instagram,2024-03-09,Não Convertido,,0.0,Desconhecido,Anguilla
81288,Instagram,2024-03-04,Não Convertido,,0.0,Moderado,Northern Mariana Islands
81289,WhatsApp,2024-03-07,Não Convertido,,0.0,Moderado,Samoa
81290,Orgânico,2024-03-06,Não Convertido,,0.0,Conservador,Austria
81291,YouTube Ads,2024-03-07,Não Convertido,,0.0,Conservador,Tanzania
81292,Google Ads,2024-03-08,Não Convertido,,0.0,Moderado,China
81293,TikTok,2024-03-04,Não Convertido,,0.0,Conservador,American Samoa
81294,Facebook,2024-03-04,Não Convertido,,0.0,Moderado,Swaziland
81295,TikTok,2024-03-06,Não Convertido,,0.0,Moderado,Burundi
81296,Instagram,2024-03-09,Não Convertido,,0.0,Moderado,Tunisia
81297,TikTok,2024-03-04,Não Convertido,,0.0,Conservador,Sao Tome and Principe
81298,Instagram,2024-03-08,Não Convertido,,0.0,Conservador,Turkmenistan
81299,Instagram,2024-03-08,Não Convertido,,0.0,Moderado,New Zealand
81300,Instagram,2024-03-07,Não Convertido,,0.0,Moderado,Saint Kitts and Nevis
81301,TikTok,2024-03-06,Não Convertido,,0.0,Desconhecido,Lao People's Democratic Republic
81302,TikTok,2024-03-05,Convertido,17.0,3034.61,Agressivo,Martinique
81303,Instagram,2024-03-05,Não Convertido,,0.0,Agressivo,Lesotho
81304,WhatsApp,2024-03-07,Convertido,17.0,4549.3,Agressivo,Bolivia
81305,TikTok,2024-03-08,Não Convertido,,0.0,Moderado,Ireland
81306,E-mail Marketing,2024-03-08,Convertido,30.0,3252.1,Agressivo,Falkland Islands (Malvinas)
81307,TikTok,2024-03-04,Não Convertido,,0.0,Agressivo,Slovakia (Slovak Republic)
81308,TikTok,2024-03-05,Não Convertido,,0.0,Agressivo,Guatemala
81309,E-mail Marketing,2024-03-05,Não Convertido,,0.0,Agressivo,Papua New Guinea
81310,TikTok,2024-03-09,Não Convertido,,0.0,Moderado,Anguilla
81311,Google Ads,2024-03-04,Não Convertido,,0.0,Conservador,Mauritania
81312,YouTube Ads,2024-03-05,Não Convertido,,0.0,Agressivo,Sierra Leone
81313,Instagram,2024-03-05,Não Convertido,,0.0,Agressivo,Libyan Arab Jamahiriya
81314,TikTok,2024-03-06,Não Convertido,,0.0,Conservador,Togo
81315,Google Ads,2024-03-07,Não Convertido,,0.0,Agressivo,Gambia
81316,TikTok,2024-03-05,Não Convertido,,0.0,Conservador,Namibia
81317,Orgânico,2024-03-09,Não Convertido,,0.0,Moderado,Morocco
81318,E-mail Marketing,2024-03-08,Não Convertido,,0.0,Moderado,Guernsey
81319,TikTok,2024-03-09,Não Convertido,,0.0,Moderado,Botswana
81320,Instagram,2024-03-07,Não Convertido,,0.0,Conservador,Austria
81321,Instagram,2024-03-08,Não Convertido,,0.0,Agressivo,United Kingdom
81322,Instagram,2024-03-08,Não Convertido,,0.0,Moderado,Burkina Faso
81323,Google Ads,2024-03-09,Não Convertido,,0.0,Moderado,Reunion
81324,Orgânico,2024-03-06,Não Convertido,,0.0,Desconhecido,Saint Martin
81325,WhatsApp,2024-03-07,Não Convertido,,0.0,Agressivo,Georgia
81326,E-mail Marketing,2024-03-06,Não Convertido,,0.0,Agressivo,Kenya
81327,TikTok,2024-03-04,Não Convertido,,0.0,Moderado,Russian Federation
81328,Indicação,2024-03-05,Não Convertido,,0.0,Moderado,Sao Tome and Principe
81329,TikTok,2024-03-07,Não Convertido,,0.0,Conservador,Argentina
81330,Orgânico,2024-03-07,Não Convertido,,0.0,Moderado,Romania
81331,E-mail Marketing,2024-03-04,Não Convertido,,0.0,Desconhecido,Syrian Arab Republic
81332,Instagram,2024-03-05,Não Convertido,,0.0,Conservador,Peru
81333,Facebook,2024-03-04,Não Convertido,,0.0,Agressivo,Andorra
81334,Orgânico,2024-03-04,Não Convertido,,0.0,Moderado,Faroe Islands
81335,Facebook,2024-03-07,Não Convertido,,0.0,Moderado,Ecuador
81336,E-mail Marketing,2024-03-09,Não Convertido,,0.0,Moderado,Barbados
81337,YouTube Ads,2024-03-04,Não Convertido,,0.0,Moderado,Hong Kong
81338,Facebook,2024-03-08,Não Convertido,,0.0,Conservador,Greece
81339,Instagram,2024-03-05,Não Convertido,,0.0,Conservador,Bhutan
81340,TikTok,2024-03-08,Não Convertido,,0.0,Conservador,Saint Barthelemy
81341,E-mail Marketing,2024-03-04,Não Convertido,,0.0,Moderado,Kazakhstan
81342,Orgânico,2024-03-04,Não Convertido,,0.0,Agressivo,United Arab Emirates
81343,Instagram,2024-03-04,Não Convertido,,0.0,Moderado,Ireland
81344,Google Ads,2024-03-08,Não Convertido,,0.0,Conservador,Libyan Arab Jamahiriya
81345,Orgânico,2024-03-04,Não Convertido,,0.0,Agressivo,Antigua and Barbuda
81346,TikTok,2024-03-08,Não Convertido,,0.0,Moderado,Mauritius
81347,Orgânico,2024-03-05,Não Convertido,,0.0,Agressivo,Switzerland
81348,Google Ads,2024-03-05,Não Convertido,,0.0,Agressivo,Albania
81349,Google Ads,2024-03-04,Não Convertido,,0.0,Agressivo,Jersey
81350,Instagram,2024-03-08,Não Convertido,,0.0,Desconhecido,Western Sahara
81351,Facebook,2024-03-05,Não Convertido,,0.0,Agressivo,Bahamas
81352,TikTok,2024-03-06,Não Convertido,,0.0,Moderado,Saint Martin
81353,E-mail Marketing,2024-03-07,Não Convertido,,0.0,Desconhecido,Greenland
81354,TikTok,2024-03-07,Não Convertido,,0.0,Agressivo,Peru
81355,Instagram,2024-03-04,Não Convertido,,0.0,Conservador,Norway
81356,E-mail Marketing,2024-03-09,Não Convertido,,0.0,Agressivo,Ukraine
81357,YouTube Ads,2024-03-04,Não Convertido,,0.0,Conservador,Oman
81358,Instagram,2024-03-05,Convertido,12.0,9174.53,Moderado,Ukraine
81359,WhatsApp,2024-03-06,Não Convertido,,0.0,Agressivo,Saint Helena
81360,TikTok,2024-03-07,Não Convertido,,0.0,Conservador,Swaziland
81361,YouTube Ads,2024-03-09,Não Convertido,,0.0,Agressivo,French Polynesia
81362,Instagram,2024-03-08,Não Convertido,,0.0,Moderado,Costa Rica
81363,YouTube Ads,2024-03-05,Não Convertido,,0.0,Agressivo,Czech Republic
81364,Orgânico,2024-03-07,Não Convertido,,0.0,Conservador,Ghana
81365,TikTok,2024-03-05,Não Convertido,,0.0,Agressivo,Cambodia
81366,WhatsApp,2024-03-05,Não Convertido,,0.0,Agressivo,Jersey
81367,E-mail Marketing,2024-03-04,Não Convertido,,0.0,Moderado,Norway
81368,Orgânico,2024-03-09,Não Convertido,,0.0,Agressivo,Antigua and Barbuda
81369,Indicação,2024-03-06,Não Convertido,,0.0,Moderado,Liberia
81370,Facebook,2024-03-06,Não Convertido,,0.0,Agressivo,Falkland Islands (Malvinas)
81371,Google Ads,2024-03-08,Não Convertido,,0.0,Conservador,Djibouti
81372,Orgânico,2024-03-05,Não Convertido,,0.0,Agressivo,Iceland
81373,Instagram,2024-03-08,Não Convertido,,0.0,Conservador,Heard Island and McDonald Islands
81374,Orgânico,2024-03-05,Não Convertido,,0.0,Desconhecido,Slovakia (Slovak Republic)
81375,Facebook,2024-03-09,Não Convertido,,0.0,Conservador,Lao People's Democratic Republic
81376,Facebook,2024-03-05,Não Convertido,,0.0,Agressivo,Myanmar
81377,YouTube Ads,2024-03-06,Não Convertido,,0.0,Moderado,Spain
81378,TikTok,2024-03-05,Não Convertido,,0.0,Desconhecido,New Zealand
81379,Orgânico,2024-03-04,Não Convertido,,0.0,Moderado,Luxembourg
81380,Indicação,2024-03-07,Não Convertido,,0.0,Desconhecido,Czech Republic
81381,Instagram,2024-03-08,Não Convertido,,0.0,Moderado,Mayotte
81382,WhatsApp,2024-03-09,Não Convertido,,0.0,Moderado,El Salvador
81383,E-mail Marketing,2024-03-09,Não Convertido,,0.0,Moderado,Luxembourg
81384,YouTube Ads,2024-03-08,Não Convertido,,0.0,Conservador,Mexico
81385,WhatsApp,2024-03-07,Não Convertido,,0.0,Moderado,South Georgia and the South Sandwich Islands
81386,WhatsApp,2024-03-09,Não Convertido,,0.0,Agressivo,Sudan
81387,Indicação,2024-03-08,Não Convertido,,0.0,Conservador,Puerto Rico
81388,Orgânico,2024-03-08,Não Convertido,,0.0,Agressivo,Luxembourg
81389,Orgânico,2024-03-06,Não Convertido,,0.0,Moderado,Brazil
81390,Facebook,2024-03-04,Não Convertido,,0.0,Agressivo,Burundi
81391,Google Ads,2024-03-08,Não Convertido,,0.0,Agressivo,Bangladesh
81392,Indicação,2024-03-06,Não Convertido,,0.0,Agressivo,Italy
81393,Facebook,2024-03-05,Não Convertido,,0.0,Agressivo,Lao People's Democratic Republic
81394,WhatsApp,2024-03-04,Não Convertido,,0.0,Conservador,Western Sahara
81395,Orgânico,2024-03-05,Não Convertido,,0.0,Conservador,Falkland Islands (Malvinas)
81396,Orgânico,2024-03-05,Não Convertido,,0.0,Moderado,Burkina Faso
81397,TikTok,2024-03-07,Não Convertido,,0.0,Moderado,Pakistan
81398,Instagram,2024-03-07,Não Convertido,,0.0,Conservador,Gibraltar
81399,Instagram,2024-03-06,Não Convertido,,0.0,Moderado,India
81400,Orgânico,2024-03-04,Não Convertido,,0.0,Agressivo,Algeria
81401,Facebook,2024-03-06,Não Convertido,,0.0,Agressivo,Rwanda
81402,Orgânico,2024-03-06,Não Convertido,,0.0,Conservador,Yemen
81403,Orgânico,2024-03-08,Não Convertido,,0.0,Agressivo,Moldova
81404,E-mail Marketing,2024-03-05,Não Convertido,,0.0,Desconhecido,Papua New Guinea
81405,Orgânico,2024-03-08,Não Convertido,,0.0,Conservador,Nauru
81406,WhatsApp,2024-03-05,Não Convertido,,0.0,Conservador,Saudi Arabia
81407,Orgânico,2024-03-04,Não Convertido,,0.0,Agressivo,Mexico
81408,E-mail Marketing,2024-03-06,Não Convertido,,0.0,Agressivo,Jamaica
81409,Instagram,2024-03-04,Não Convertido,,0.0,Desconhecido,Bahrain
81410,Orgânico,2024-03-09,Não Convertido,,0.0,Moderado,Slovenia
81411,WhatsApp,2024-03-07,Não Convertido,,0.0,Conservador,Estonia
81412,E-mail Marketing,2024-03-05,Não Convertido,,0.0,Agressivo,Cambodia
81413,YouTube Ads,2024-03-09,Não Convertido,,0.0,Agressivo,Comoros
81414,E-mail Marketing,2024-03-04,Não Convertido,,0.0,Conservador,Tanzania
81415,Facebook,2024-03-06,Não Convertido,,0.0,Conservador,Sao Tome and Principe
81416,Google Ads,2024-03-07,Não Convertido,,0.0,Agressivo,Nicaragua
81417,Instagram,2024-03-09,Não Convertido,,0.0,Desconhecido,Cook Islands
81418,Orgânico,2024-03-04,Não Convertido,,0.0,Conservador,Tunisia
81419,Facebook,2024-03-09,Não Convertido,,0.0,Conservador,Syrian Arab Republic
81420,TikTok,2024-03-09,Não Convertido,,0.0,Moderado,Belize
81421,TikTok,2024-03-09,Convertido,11.0,8964.12,Moderado,Reunion
81422,Orgânico,2024-03-04,Não Convertido,,0.0,Desconhecido,French Guiana
81423,Facebook,2024-03-04,Não Convertido,,0.0,Moderado,Ethiopia
81424,Orgânico,2024-03-06,Não Convertido,,0.0,Conservador,Philippines
81425,Instagram,2024-03-04,Não Convertido,,0.0,Moderado,Marshall Islands
81426,TikTok,2024-03-07,Não Convertido,,0.0,Moderado,Bouvet Island (Bouvetoya)
81427,Orgânico,2024-03-09,Não Convertido,,0.0,Desconhecido,Panama
81428,Facebook,2024-03-05,Não Convertido,,0.0,Agressivo,Georgia
81429,Orgânico,2024-03-06,Não Convertido,,0.0,Moderado,Bolivia
81430,Indicação,2024-03-09,Não Convertido,,0.0,Desconhecido,Switzerland
81431,WhatsApp,2024-03-06,Não Convertido,,0.0,Conservador,Anguilla
81432,WhatsApp,2024-03-09,Não Convertido,,0.0,Moderado,French Guiana
81433,Indicação,2024-03-04,Não Convertido,,0.0,Agressivo,Hong Kong
81434,Google Ads,2024-03-05,Não Convertido,,0.0,Moderado,Tuvalu
81435,Google Ads,2024-03-04,Não Convertido,,0.0,Desconhecido,Northern Mariana Islands
81436,TikTok,2024-03-04,Não Convertido,,0.0,Agressivo,Cambodia
81437,Google Ads,2024-03-06,Não Convertido,,0.0,Moderado,Lesotho
81438,E-mail Marketing,2024-03-08,Não Convertido,,0.0,Conservador,Hong Kong
81439,Orgânico,2024-03-07,Não Convertido,,0.0,Conservador,Mali
81440,Instagram,2024-03-05,Não Convertido,,0.0,Agressivo,Burkina Faso
81441,Google Ads,2024-03-08,Não Convertido,,0.0,Moderado,Turkmenistan
81442,Orgânico,2024-03-06,Não Convertido,,0.0,Agressivo,San Marino
81443,YouTube Ads,2024-03-06,Não Convertido,,0.0,Agressivo,Taiwan
81444,TikTok,2024-03-04,Não Convertido,,0.0,Moderado,Jersey
81445,Instagram,2024-03-07,Não Convertido,,0.0,Agressivo,Yemen
81446,Orgânico,2024-03-05,Não Convertido,,0.0,Agressivo,Uruguay
81447,TikTok,2024-03-09,Não Convertido,,0.0,Moderado,Somalia
81448,Instagram,2024-03-06,Não Convertido,,0.0,Agressivo,Kazakhstan
81449,Instagram,2024-03-06,Não Convertido,,0.0,Moderado,Libyan Arab Jamahiriya
81450,E-mail Marketing,2024-03-09,Não Convertido,,0.0,Moderado,Nauru
81451,TikTok,2024-03-06,Não Convertido,,0.0,Agressivo,Burundi
81452,WhatsApp,2024-03-05,Não Convertido,,0.0,Moderado,Norfolk Island
81453,Orgânico,2024-03-07,Não Convertido,,0.0,Moderado,Israel
81454,YouTube Ads,2024-03-08,Não Convertido,,0.0,Conservador,Belarus
81455,TikTok,2024-03-08,Não Convertido,,0.0,Conservador,Niger
81456,Facebook,2024-03-04,Não Convertido,,0.0,Moderado,Portugal
81457,Instagram,2024-03-06,Não Convertido,,0.0,Agressivo,Jersey
81458,E-mail Marketing,2024-03-07,Não Convertido,,0.0,Conservador,Yemen
81459,Orgânico,2024-03-04,Não Convertido,,0.0,Agressivo,Timor-Leste
81460,Facebook,2024-03-07,Não Convertido,,0.0,Conservador,Philippines
81461,Google Ads,2024-03-07,Não Convertido,,0.0,Agressivo,Cyprus
81462,Google Ads,2024-03-04,Não Convertido,,0.0,Conservador,Nauru
81463,YouTube Ads,2024-03-05,Convertido,3.0,9066.51,Agressivo,Montserrat
81464,E-mail Marketing,2024-03-08,Não Convertido,,0.0,Agressivo,Sri Lanka
81465,E-mail Marketing,2024-03-09,Não Convertido,,0.0,Conservador,Philippines
81466,Instagram,2024-03-06,Não Convertido,,0.0,Conservador,Korea
81467,Instagram,2024-03-09,Não Convertido,,0.0,Conservador,Guinea
81468,YouTube Ads,2024-03-07,Não Convertido,,0.0,Conservador,Western Sahara
81469,Google Ads,2024-03-06,Convertido,13.0,6395.35,Moderado,Faroe Islands
81470,Facebook,2024-03-09,Não Convertido,,0.0,Moderado,Sierra Leone
81471,Orgânico,2024-03-08,Não Convertido,,0.0,Agressivo,Liberia
81472,TikTok,2024-03-06,Não Convertido,,0.0,Moderado,Serbia
81473,Orgânico,2024-03-05,Não Convertido,,0.0,Moderado,Sri Lanka
81474,Instagram,2024-03-05,Não Convertido,,0.0,Moderado,Bermuda
81475,Indicação,2024-03-05,Não Convertido,,0.0,Moderado,Croatia
81476,Instagram,2024-03-05,Não Convertido,,0.0,Moderado,Heard Island and McDonald Islands
81477,E-mail Marketing,2024-03-07,Não Convertido,,0.0,Agressivo,Mayotte
81478,TikTok,2024-03-09,Convertido,4.0,6789.55,Moderado,Nepal
81479,Instagram,2024-03-09,Não Convertido,,0.0,Conservador,Falkland Islands (Malvinas)
81480,YouTube Ads,2024-03-05,Não Convertido,,0.0,Agressivo,Maldives
81481,Orgânico,2024-03-04,Não Convertido,,0.0,Desconhecido,Switzerland
81482,Indicação,2024-03-08,Convertido,9.0,6794.49,Moderado,United Kingdom
81483,WhatsApp,2024-03-06,Não Convertido,,0.0,Agressivo,Hungary
81484,TikTok,2024-03-09,Não Convertido,,0.0,Agressivo,Congo
81485,Orgânico,2024-03-04,Não Convertido,,0.0,Moderado,Hungary
81486,Orgânico,2024-03-05,Não Convertido,,0.0,Conservador,Guadeloupe
81487,E-mail Marketing,2024-03-08,Não Convertido,,0.0,Moderado,United States of America
81488,Google Ads,2024-03-04,Não Convertido,,0.0,Moderado,Marshall Islands
81489,Instagram,2024-03-08,Não Convertido,,0.0,Moderado,Ethiopia
81490,Orgânico,2024-03-08,Não Convertido,,0.0,Conservador,Mayotte
81491,Indicação,2024-03-08,Não Convertido,,0.0,Moderado,Brunei Darussalam
81492,YouTube Ads,2024-03-04,Não Convertido,,0.0,Desconhecido,Niger
81493,WhatsApp,2024-03-04,Não Convertido,,0.0,Desconhecido,El Salvador
81494,Indicação,2024-03-06,Não Convertido,,0.0,Moderado,Iran
81495,TikTok,2024-03-04,Não Convertido,,0.0,Desconhecido,Vanuatu
81496,E-mail Marketing,2024-03-06,Não Convertido,,0.0,Moderado,Cyprus
81497,Google Ads,2024-03-08,Convertido,21.0,731.61,Moderado,Vanuatu
81498,Orgânico,2024-03-07,Não Convertido,,0.0,Moderado,Montenegro
81499,TikTok,2024-03-06,Não Convertido,,0.0,Moderado,Trinidad and Tobago
81500,Instagram,2024-03-05,Não Convertido,,0.0,Agressivo,Iraq
81501,TikTok,2024-03-07,Não Convertido,,0.0,Agressivo,Northern Mariana Islands
81502,TikTok,2024-03-04,Não Convertido,,0.0,Moderado,Iraq
81503,Google Ads,2024-03-05,Não Convertido,,0.0,Desconhecido,Bangladesh
81504,YouTube Ads,2024-03-08,Não Convertido,,0.0,Agressivo,Taiwan
81505,Instagram,2024-03-05,Não Convertido,,0.0,Moderado,Timor-Leste
81506,Google Ads,2024-03-07,Não Convertido,,0.0,Agressivo,Qatar
81507,TikTok,2024-03-08,Não Convertido,,0.0,Desconhecido,Cyprus
81508,Instagram,2024-03-08,Não Convertido,,0.0,Moderado,Turks and Caicos Islands
81509,YouTube Ads,2024-03-07,Não Convertido,,0.0,Desconhecido,Jordan
81510,Google Ads,2024-03-09,Não Convertido,,0.0,Moderado,Barbados
81511,Facebook,2024-03-07,Não Convertido,,0.0,Conservador,Lao People's Democratic Republic
81512,Instagram,2024-03-06,Não Convertido,,0.0,Agressivo,Swaziland
81513,Orgânico,2024-03-04,Não Convertido,,0.0,Moderado,Mayotte
81514,TikTok,2024-03-06,Não Convertido,,0.0,Conservador,South Georgia and the South Sandwich Islands
81515,TikTok,2024-03-09,Não Convertido,,0.0,Agressivo,Guinea-Bissau
81516,Google Ads,2024-03-06,Não Convertido,,0.0,Desconhecido,Morocco
81517,TikTok,2024-03-08,Não Convertido,,0.0,Conservador,Guyana
81518,Orgânico,2024-03-05,Não Convertido,,0.0,Moderado,Ukraine
81519,Orgânico,2024-03-09,Não Convertido,,0.0,Agressivo,Zimbabwe
81520,E-mail Marketing,2024-03-07,Não Convertido,,0.0,Desconhecido,Germany
81521,Google Ads,2024-03-08,Não Convertido,,0.0,Moderado,Uruguay
81522,E-mail Marketing,2024-03-08,Não Convertido,,0.0,Moderado,Greece
81523,TikTok,2024-03-04,Não Convertido,,0.0,Moderado,Heard Island and McDonald Islands
81524,E-mail Marketing,2024-03-09,Não Convertido,,0.0,Conservador,Solomon Islands
81525,Facebook,2024-03-07,Convertido,9.0,3799.71,Moderado,Korea
81526,TikTok,2024-03-08,Não Convertido,,0.0,Moderado,Chad
81527,Google Ads,2024-03-09,Não Convertido,,0.0,Moderado,Faroe Islands
81528,Instagram,2024-03-08,Não Convertido,,0.0,Moderado,Czech Republic
81529,Google Ads,2024-03-06,Não Convertido,,0.0,Agressivo,Tonga
81530,E-mail Marketing,2024-03-08,Não Convertido,,0.0,Moderado,Bahamas
81531,Instagram,2024-03-08,Não Convertido,,0.0,Agressivo,Greenland
81532,Facebook,2024-03-07,Não Convertido,,0.0,Agressivo,Uruguay
81533,Facebook,2024-03-04,Não Convertido,,0.0,Moderado,Jordan
81534,E-mail Marketing,2024-03-04,Não Convertido,,0.0,Conservador,Bahamas
81535,Instagram,2024-03-04,Não Convertido,,0.0,Agressivo,Palestinian Territory
81536,YouTube Ads,2024-03-07,Não Convertido,,0.0,Agressivo,Spain
81537,WhatsApp,2024-03-07,Não Convertido,,0.0,Moderado,San Marino
81538,E-mail Marketing,2024-03-06,Não Convertido,,0.0,Desconhecido,New Zealand
81539,Instagram,2024-03-09,Não Convertido,,0.0,Moderado,Western Sahara
81540,TikTok,2024-03-04,Não Convertido,,0.0,Agressivo,Cuba
81541,Facebook,2024-03-09,Não Convertido,,0.0,Agressivo,Uganda
81542,Facebook,2024-03-07,Não Convertido,,0.0,Agressivo,Dominica
81543,Instagram,2024-03-08,Não Convertido,,0.0,Moderado,Heard Island and McDonald Islands
81544,WhatsApp,2024-03-09,Não Convertido,,0.0,Conservador,Peru
81545,Orgânico,2024-03-07,Não Convertido,,0.0,Moderado,Guinea
81546,Instagram,2024-03-09,Não Convertido,,0.0,Desconhecido,Austria
81547,Orgânico,2024-03-04,Não Convertido,,0.0,Desconhecido,Austria
81548,Google Ads,2024-03-09,Não Convertido,,0.0,Desconhecido,Saudi Arabia
81549,Instagram,2024-03-09,Não Convertido,,0.0,Desconhecido,Barbados
81550,YouTube Ads,2024-03-09,Não Convertido,,0.0,Conservador,Gabon
81551,YouTube Ads,2024-03-07,Não Convertido,,0.0,Conservador,Chile
81552,Google Ads,2024-03-08,Não Convertido,,0.0,Conservador,Antarctica (the territory South of 60 deg S)
81553,TikTok,2024-03-04,Não Convertido,,0.0,Desconhecido,Fiji
81554,E-mail Marketing,2024-03-09,Não Convertido,,0.0,Agressivo,Cuba
81555,Instagram,2024-03-05,Não Convertido,,0.0,Agressivo,Saint Vincent and the Grenadines
81556,Facebook,2024-03-09,Não Convertido,,0.0,Moderado,Congo
81557,TikTok,2024-03-05,Não Convertido,,0.0,Agressivo,Slovakia (Slovak Republic)
81558,WhatsApp,2024-03-07,Não Convertido,,0.0,Moderado,Ukraine
81559,Google Ads,2024-03-07,Não Convertido,,0.0,Agressivo,Costa Rica
81560,Google Ads,2024-03-08,Não Convertido,,0.0,Agressivo,Somalia
81561,Facebook,2024-03-07,Não Convertido,,0.0,Conservador,Panama
81562,YouTube Ads,2024-03-04,Não Convertido,,0.0,Agressivo,French Polynesia
81563,Instagram,2024-03-09,Convertido,0.0,4550.87,Moderado,Iceland
81564,E-mail Marketing,2024-03-06,Não Convertido,,0.0,Moderado,Honduras
81565,Instagram,2024-03-07,Não Convertido,,0.0,Agressivo,Somalia
81566,Instagram,2024-03-04,Não Convertido,,0.0,Desconhecido,Belarus
81567,Facebook,2024-03-04,Não Convertido,,0.0,Conservador,United Arab Emirates
81568,Instagram,2024-03-05,Não Convertido,,0.0,Conservador,France
81569,TikTok,2024-03-09,Não Convertido,,0.0,Moderado,Uzbekistan
81570,YouTube Ads,2024-03-07,Não Convertido,,0.0,Conservador,Singapore
81571,YouTube Ads,2024-03-07,Não Convertido,,0.0,Moderado,Romania
81572,Orgânico,2024-03-05,Não Convertido,,0.0,Agressivo,Montserrat
81573,Orgânico,2024-03-05,Não Convertido,,0.0,Conservador,Nepal
81574,TikTok,2024-03-05,Não Convertido,,0.0,Conservador,Canada
81575,Facebook,2024-03-06,Não Convertido,,0.0,Moderado,Kuwait
81576,E-mail Marketing,2024-03-09,Não Convertido,,0.0,Conservador,Algeria
81577,Facebook,2024-03-08,Não Convertido,,0.0,Moderado,Aruba
81578,Orgânico,2024-03-06,Não Convertido,,0.0,Agressivo,Benin
81579,Instagram,2024-03-04,Não Convertido,,0.0,Moderado,Yemen
81580,TikTok,2024-03-09,Não Convertido,,0.0,Desconhecido,Solomon Islands
81581,Google Ads,2024-03-07,Não Convertido,,0.0,Moderado,Solomon Islands
81582,YouTube Ads,2024-03-09,Não Convertido,,0.0,Moderado,Benin
81583,E-mail Marketing,2024-03-09,Não Convertido,,0.0,Desconhecido,Montserrat
81584,Orgânico,2024-03-09,Não Convertido,,0.0,Agressivo,Singapore
81585,Facebook,2024-03-04,Não Convertido,,0.0,Conservador,French Guiana
81586,WhatsApp,2024-03-07,Não Convertido,,0.0,Moderado,United Arab Emirates
81587,Orgânico,2024-03-05,Não Convertido,,0.0,Agressivo,Serbia
81588,Orgânico,2024-03-06,Não Convertido,,0.0,Desconhecido,Brunei Darussalam
81589,WhatsApp,2024-03-04,Não Convertido,,0.0,Conservador,Turkmenistan
81590,Google Ads,2024-03-04,Não Convertido,,0.0,Conservador,Kazakhstan
81591,Orgânico,2024-03-05,Não Convertido,,0.0,Agressivo,Bahrain
81592,Orgânico,2024-03-08,Não Convertido,,0.0,Conservador,Pitcairn Islands
81593,YouTube Ads,2024-03-08,Não Convertido,,0.0,Agressivo,Burkina Faso
81594,Indicação,2024-03-06,Não Convertido,,0.0,Agressivo,Saint Kitts and Nevis
81595,Orgânico,2024-03-08,Não Convertido,,0.0,Desconhecido,Wallis and Futuna
81596,Orgânico,2024-03-06,Não Convertido,,0.0,Agressivo,Argentina
81597,Orgânico,2024-03-07,Não Convertido,,0.0,Moderado,Ukraine
81598,WhatsApp,2024-03-05,Não Convertido,,0.0,Moderado,Armenia
81599,TikTok,2024-03-04,Não Convertido,,0.0,Agressivo,Denmark
81600,Instagram,2024-03-06,Não Convertido,,0.0,Agressivo,Cayman Islands
81601,Orgânico,2024-03-05,Não Convertido,,0.0,Moderado,Gabon
81602,WhatsApp,2024-03-07,Não Convertido,,0.0,Agressivo,Saudi Arabia
81603,Google Ads,2024-03-09,Não Convertido,,0.0,Agressivo,Christmas Island
81604,WhatsApp,2024-03-04,Não Convertido,,0.0,Agressivo,Guinea
81605,Orgânico,2024-03-09,Não Convertido,,0.0,Conservador,Moldova
81606,Orgânico,2024-03-07,Não Convertido,,0.0,Agressivo,Angola
81607,E-mail Marketing,2024-03-04,Não Convertido,,0.0,Desconhecido,Ukraine
81608,Orgânico,2024-03-07,Não Convertido,,0.0,Agressivo,Romania
81609,YouTube Ads,2024-03-04,Não Convertido,,0.0,Moderado,Western Sahara
81610,Orgânico,2024-03-09,Não Convertido,,0.0,Desconhecido,Georgia
81611,WhatsApp,2024-03-07,Não Convertido,,0.0,Agressivo,India
81612,Google Ads,2024-03-05,Não Convertido,,0.0,Moderado,Somalia
81613,Instagram,2024-03-09,Não Convertido,,0.0,Conservador,Germany
81614,TikTok,2024-03-05,Não Convertido,,0.0,Moderado,Sri Lanka
81615,Instagram,2024-03-09,Não Convertido,,0.0,Agressivo,Marshall Islands
81616,YouTube Ads,2024-03-04,Convertido,23.0,1122.08,Desconhecido,Ukraine
81617,Orgânico,2024-03-09,Não Convertido,,0.0,Agressivo,Rwanda
81618,Facebook,2024-03-08,Não Convertido,,0.0,Desconhecido,Russian Federation
81619,TikTok,2024-03-07,Não Convertido,,0.0,Agressivo,El Salvador
81620,Facebook,2024-03-07,Não Convertido,,0.0,Agressivo,Iran
81621,TikTok,2024-03-06,Não Convertido,,0.0,Conservador,Latvia
81622,Orgânico,2024-03-09,Não Convertido,,0.0,Conservador,Dominica
81623,Instagram,2024-03-05,Não Convertido,,0.0,Moderado,American Samoa
81624,Facebook,2024-03-07,Não Convertido,,0.0,Agressivo,Iran
81625,Instagram,2024-03-08,Não Convertido,,0.0,Agressivo,Puerto Rico
81626,TikTok,2024-03-04,Não Convertido,,0.0,Moderado,Czech Republic
81627,Instagram,2024-03-06,Não Convertido,,0.0,Conservador,Fiji
81628,YouTube Ads,2024-03-09,Não Convertido,,0.0,Agressivo,Holy See (Vatican City State)
81629,Facebook,2024-03-04,Não Convertido,,0.0,Desconhecido,Czech Republic
81630,Instagram,2024-03-09,Convertido,21.0,6946.56,Conservador,Benin
81631,TikTok,2024-03-09,Não Convertido,,0.0,Moderado,Greenland
81632,Instagram,2024-03-06,Não Convertido,,0.0,Agressivo,Sao Tome and Principe
81633,YouTube Ads,2024-03-07,Não Convertido,,0.0,Moderado,Japan
81634,Orgânico,2024-03-09,Não Convertido,,0.0,Moderado,Norway
81635,Orgânico,2024-03-05,Não Convertido,,0.0,Conservador,Malaysia
81636,Facebook,2024-03-08,Não Convertido,,0.0,Conservador,Guernsey
81637,YouTube Ads,2024-03-08,Não Convertido,,0.0,Agressivo,Venezuela
81638,TikTok,2024-03-08,Não Convertido,,0.0,Agressivo,Kenya
81639,TikTok,2024-03-08,Não Convertido,,0.0,Moderado,Uzbekistan
81640,Orgânico,2024-03-08,Não Convertido,,0.0,Conservador,Nauru
81641,Facebook,2024-03-09,Não Convertido,,0.0,Conservador,Malta
81642,TikTok,2024-03-04,Não Convertido,,0.0,Moderado,Montserrat
81643,Instagram,2024-03-08,Não Convertido,,0.0,Moderado,Sudan
81644,Indicação,2024-03-05,Não Convertido,,0.0,Moderado,Turkey
81645,Indicação,2024-03-08,Não Convertido,,0.0,Agressivo,American Samoa
81646,E-mail Marketing,2024-03-07,Não Convertido,,0.0,Conservador,Canada
81647,YouTube Ads,2024-03-05,Não Convertido,,0.0,Agressivo,Morocco
81648,E-mail Marketing,2024-03-04,Não Convertido,,0.0,Moderado,Tajikistan
81649,Orgânico,2024-03-08,Não Convertido,,0.0,Moderado,Equatorial Guinea
81650,E-mail Marketing,2024-03-04,Não Convertido,,0.0,Moderado,Andorra
81651,E-mail Marketing,2024-03-07,Não Convertido,,0.0,Agressivo,Bhutan
81652,TikTok,2024-03-08,Não Convertido,,0.0,Conservador,Tunisia
81653,TikTok,2024-03-07,Não Convertido,,0.0,Conservador,Cayman Islands
81654,E-mail Marketing,2024-03-04,Não Convertido,,0.0,Conservador,Egypt
81655,TikTok,2024-03-05,Não Convertido,,0.0,Agressivo,Czech Republic
81656,Facebook,2024-03-06,Não Convertido,,0.0,Moderado,Belarus
81657,Facebook,2024-03-07,Não Convertido,,0.0,Desconhecido,Ethiopia
81658,Orgânico,2024-03-05,Não Convertido,,0.0,Moderado,Barbados
81659,TikTok,2024-03-06,Não Convertido,,0.0,Conservador,French Guiana
81660,YouTube Ads,2024-03-07,Não Convertido,,0.0,Moderado,Turkmenistan
81661,Google Ads,2024-03-06,Não Convertido,,0.0,Moderado,Guyana
81662,Indicação,2024-03-06,Não Convertido,,0.0,Moderado,South Africa
81663,Indicação,2024-03-05,Não Convertido,,0.0,Moderado,Portugal
81664,YouTube Ads,2024-03-09,Não Convertido,,0.0,Moderado,Cocos (Keeling) Islands
81665,WhatsApp,2024-03-05,Não Convertido,,0.0,Desconhecido,Turks and Caicos Islands
81666,Google Ads,2024-03-05,Não Convertido,,0.0,Moderado,Saint Vincent and the Grenadines
81667,Google Ads,2024-03-09,Não Convertido,,0.0,Desconhecido,United Kingdom
81668,TikTok,2024-03-07,Não Convertido,,0.0,Desconhecido,Saint Vincent and the Grenadines
81669,Instagram,2024-03-08,Não Convertido,,0.0,Agressivo,New Zealand
81670,Instagram,2024-03-07,Não Convertido,,0.0,Moderado,Paraguay
81671,YouTube Ads,2024-03-09,Não Convertido,,0.0,Moderado,American Samoa
81672,Orgânico,2024-03-08,Não Convertido,,0.0,Moderado,Somalia
81673,Indicação,2024-03-08,Não Convertido,,0.0,Desconhecido,Burundi
81674,Google Ads,2024-03-09,Não Convertido,,0.0,Moderado,Cuba
81675,TikTok,2024-03-05,Não Convertido,,0.0,Desconhecido,Trinidad and Tobago
81676,TikTok,2024-03-06,Não Convertido,,0.0,Agressivo,Iraq
81677,Instagram,2024-03-06,Não Convertido,,0.0,Conservador,Tonga
81678,YouTube Ads,2024-03-09,Não Convertido,,0.0,Conservador,United Arab Emirates
81679,YouTube Ads,2024-03-08,Não Convertido,,0.0,Conservador,United States Minor Outlying Islands
81680,Orgânico,2024-03-06,Não Convertido,,0.0,Agressivo,United States of America
81681,WhatsApp,2024-03-06,Não Convertido,,0.0,Moderado,Togo
81682,Orgânico,2024-03-05,Não Convertido,,0.0,Moderado,Anguilla
81683,E-mail Marketing,2024-03-04,Não Convertido,,0.0,Conservador,Tajikistan
81684,YouTube Ads,2024-03-06,Não Convertido,,0.0,Conservador,Nigeria
81685,Orgânico,2024-03-08,Não Convertido,,0.0,Agressivo,United Arab Emirates
81686,Google Ads,2024-03-09,Não Convertido,,0.0,Conservador,French Southern Territories
81687,WhatsApp,2024-03-06,Não Convertido,,0.0,Conservador,Liberia
81688,Google Ads,2024-03-05,Convertido,9.0,8300.16,Moderado,Korea
81689,Orgânico,2024-03-08,Não Convertido,,0.0,Moderado,Slovakia (Slovak Republic)
81690,TikTok,2024-03-09,Não Convertido,,0.0,Agressivo,Estonia
81691,E-mail Marketing,2024-03-08,Não Convertido,,0.0,Agressivo,Holy See (Vatican City State)
81692,Orgânico,2024-03-05,Não Convertido,,0.0,Moderado,Liechtenstein
81693,Instagram,2024-03-08,Não Convertido,,0.0,Conservador,Western Sahara
81694,Google Ads,2024-03-08,Não Convertido,,0.0,Conservador,Peru
81695,Orgânico,2024-03-06,Não Convertido,,0.0,Conservador,Belgium
81696,WhatsApp,2024-03-04,Não Convertido,,0.0,Moderado,Jordan
81697,Instagram,2024-03-09,Convertido,30.0,7038.43,Agressivo,Saudi Arabia
81698,Indicação,2024-03-06,Convertido,28.0,1937.06,Agressivo,Somalia
81699,TikTok,2024-03-05,Não Convertido,,0.0,Desconhecido,Sao Tome and Principe
81700,Orgânico,2024-03-04,Não Convertido,,0.0,Moderado,Western Sahara
81701,Instagram,2024-03-09,Não Convertido,,0.0,Agressivo,Bouvet Island (Bouvetoya)
81702,Instagram,2024-03-07,Não Convertido,,0.0,Moderado,Azerbaijan
81703,Orgânico,2024-03-07,Não Convertido,,0.0,Conservador,British Virgin Islands
81704,E-mail Marketing,2024-03-09,Não Convertido,,0.0,Moderado,Cameroon
81705,Orgânico,2024-03-04,Não Convertido,,0.0,Desconhecido,Suriname
81706,Orgânico,2024-03-09,Não Convertido,,0.0,Conservador,Tokelau
81707,Orgânico,2024-03-09,Não Convertido,,0.0,Agressivo,Reunion
81708,YouTube Ads,2024-03-09,Não Convertido,,0.0,Moderado,Comoros
81709,Google Ads,2024-03-07,Não Convertido,,0.0,Agressivo,Trinidad and Tobago
81710,Orgânico,2024-03-05,Não Convertido,,0.0,Conservador,Armenia
81711,Instagram,2024-03-08,Não Convertido,,0.0,Agressivo,Bahamas
81712,YouTube Ads,2024-03-05,Não Convertido,,0.0,Moderado,Central African Republic
81713,Google Ads,2024-03-09,Não Convertido,,0.0,Moderado,Eritrea
81714,Facebook,2024-03-07,Não Convertido,,0.0,Moderado,Ethiopia
81715,Instagram,2024-03-05,Não Convertido,,0.0,Moderado,Turkey
81716,E-mail Marketing,2024-03-09,Não Convertido,,0.0,Conservador,Tokelau
81717,WhatsApp,2024-03-06,Não Convertido,,0.0,Moderado,United States of America
81718,Instagram,2024-03-07,Não Convertido,,0.0,Moderado,Saint Lucia
81719,Orgânico,2024-03-09,Não Convertido,,0.0,Moderado,Tonga
81720,Orgânico,2024-03-07,Não Convertido,,0.0,Agressivo,Reunion
81721,YouTube Ads,2024-03-06,Não Convertido,,0.0,Agressivo,Mali
81722,WhatsApp,2024-03-06,Não Convertido,,0.0,Desconhecido,Singapore
81723,Instagram,2024-03-07,Não Convertido,,0.0,Agressivo,China
81724,WhatsApp,2024-03-09,Não Convertido,,0.0,Moderado,Russian Federation
81725,E-mail Marketing,2024-03-06,Não Convertido,,0.0,Moderado,South Georgia and the South Sandwich Islands
81726,WhatsApp,2024-03-06,Não Convertido,,0.0,Desconhecido,Marshall Islands
81727,TikTok,2024-03-04,Não Convertido,,0.0,Conservador,Brazil
81728,TikTok,2024-03-07,Não Convertido,,0.0,Moderado,Spain
81729,Facebook,2024-03-07,Não Convertido,,0.0,Agressivo,Russian Federation
81730,TikTok,2024-03-07,Não Convertido,,0.0,Moderado,Italy
81731,E-mail Marketing,2024-03-09,Não Convertido,,0.0,Agressivo,Nicaragua
81732,Orgânico,2024-03-07,Não Convertido,,0.0,Agressivo,San Marino
81733,Facebook,2024-03-09,Não Convertido,,0.0,Agressivo,Ghana
81734,Orgânico,2024-03-04,Não Convertido,,0.0,Conservador,Burkina Faso
81735,E-mail Marketing,2024-03-07,Não Convertido,,0.0,Agressivo,Switzerland
81736,Google Ads,2024-03-05,Não Convertido,,0.0,Agressivo,American Samoa
81737,Indicação,2024-03-09,Não Convertido,,0.0,Agressivo,Taiwan
81738,TikTok,2024-03-07,Não Convertido,,0.0,Desconhecido,Netherlands
81739,Instagram,2024-03-04,Não Convertido,,0.0,Moderado,Greenland
81740,Instagram,2024-03-06,Não Convertido,,0.0,Desconhecido,Japan
81741,Orgânico,2024-03-08,Não Convertido,,0.0,Desconhecido,Denmark
81742,YouTube Ads,2024-03-06,Não Convertido,,0.0,Moderado,British Indian Ocean Territory (Chagos Archipelago)
81743,Facebook,2024-03-06,Não Convertido,,0.0,Moderado,Montserrat
81744,Orgânico,2024-03-09,Não Convertido,,0.0,Agressivo,Mayotte
81745,Instagram,2024-03-07,Não Convertido,,0.0,Agressivo,Nicaragua
81746,TikTok,2024-03-07,Não Convertido,,0.0,Agressivo,Israel
81747,Instagram,2024-03-05,Não Convertido,,0.0,Agressivo,Colombia
81748,E-mail Marketing,2024-03-08,Não Convertido,,0.0,Conservador,Moldova
81749,WhatsApp,2024-03-07,Não Convertido,,0.0,Conservador,Namibia
81750,Instagram,2024-03-09,Não Convertido,,0.0,Moderado,British Virgin Islands
81751,Facebook,2024-03-09,Não Convertido,,0.0,Agressivo,Somalia
81752,E-mail Marketing,2024-03-08,Não Convertido,,0.0,Agressivo,Guam
81753,Google Ads,2024-03-08,Não Convertido,,0.0,Agressivo,Grenada
81754,WhatsApp,2024-03-07,Não Convertido,,0.0,Conservador,Somalia
81755,Instagram,2024-03-09,Não Convertido,,0.0,Moderado,Namibia
81756,E-mail Marketing,2024-03-07,Não Convertido,,0.0,Conservador,Holy See (Vatican City State)
81757,Instagram,2024-03-05,Não Convertido,,0.0,Moderado,Indonesia
81758,TikTok,2024-03-07,Não Convertido,,0.0,Moderado,Grenada
81759,E-mail Marketing,2024-03-07,Não Convertido,,0.0,Moderado,Timor-Leste
81760,YouTube Ads,2024-03-05,Não Convertido,,0.0,Moderado,Burkina Faso
81761,Orgânico,2024-03-04,Não Convertido,,0.0,Moderado,Chad
81762,Orgânico,2024-03-04,Não Convertido,,0.0,Moderado,Reunion
81763,YouTube Ads,2024-03-05,Não Convertido,,0.0,Conservador,Nicaragua
81764,E-mail Marketing,2024-03-08,Não Convertido,,0.0,Moderado,Uganda
81765,Instagram,2024-03-05,Não Convertido,,0.0,Moderado,Thailand
81766,E-mail Marketing,2024-03-06,Não Convertido,,0.0,Conservador,Guinea
81767,Orgânico,2024-03-07,Não Convertido,,0.0,Moderado,Cayman Islands
81768,WhatsApp,2024-03-04,Não Convertido,,0.0,Moderado,Netherlands
81769,Orgânico,2024-03-09,Não Convertido,,0.0,Moderado,Bouvet Island (Bouvetoya)
81770,Instagram,2024-03-08,Não Convertido,,0.0,Agressivo,Lithuania
81771,Google Ads,2024-03-07,Não Convertido,,0.0,Moderado,Greece
81772,Instagram,2024-03-04,Não Convertido,,0.0,Moderado,Germany
81773,Orgânico,2024-03-08,Convertido,20.0,2167.0,Moderado,Korea
81774,Instagram,2024-03-05,Não Convertido,,0.0,Moderado,Guernsey
81775,E-mail Marketing,2024-03-05,Não Convertido,,0.0,Agressivo,Turkey
81776,Indicação,2024-03-05,Não Convertido,,0.0,Conservador,Estonia
81777,TikTok,2024-03-08,Não Convertido,,0.0,Moderado,Peru
81778,TikTok,2024-03-05,Não Convertido,,0.0,Moderado,Montserrat
81779,Orgânico,2024-03-08,Não Convertido,,0.0,Conservador,Namibia
81780,Orgânico,2024-03-05,Não Convertido,,0.0,Moderado,British Indian Ocean Territory (Chagos Archipelago)
81781,Instagram,2024-03-05,Não Convertido,,0.0,Agressivo,Christmas Island
81782,Orgânico,2024-03-09,Não Convertido,,0.0,Desconhecido,Svalbard & Jan Mayen Islands
81783,Orgânico,2024-03-04,Não Convertido,,0.0,Agressivo,Albania
81784,Facebook,2024-03-04,Não Convertido,,0.0,Agressivo,Gambia
81785,Google Ads,2024-03-04,Não Convertido,,0.0,Moderado,Oman
81786,Facebook,2024-03-06,Não Convertido,,0.0,Moderado,Ireland
81787,TikTok,2024-03-08,Não Convertido,,0.0,Agressivo,Mongolia
81788,Instagram,2024-03-06,Não Convertido,,0.0,Desconhecido,Nigeria
81789,Orgânico,2024-03-06,Não Convertido,,0.0,Moderado,Yemen
81790,Instagram,2024-03-08,Não Convertido,,0.0,Moderado,Sweden
81791,Google Ads,2024-03-05,Não Convertido,,0.0,Conservador,Costa Rica
81792,Orgânico,2024-03-07,Não Convertido,,0.0,Moderado,Costa Rica
81793,Orgânico,2024-03-09,Não Convertido,,0.0,Agressivo,Guam
81794,Instagram,2024-03-06,Convertido,14.0,8485.84,Agressivo,Pakistan
81795,Orgânico,2024-03-06,Não Convertido,,0.0,Agressivo,New Caledonia
81796,WhatsApp,2024-03-07,Não Convertido,,0.0,Agressivo,Qatar
81797,TikTok,2024-03-09,Não Convertido,,0.0,Moderado,Wallis and Futuna
81798,E-mail Marketing,2024-03-08,Não Convertido,,0.0,Moderado,Montenegro
81799,Indicação,2024-03-08,Não Convertido,,0.0,Agressivo,Andorra
81800,Google Ads,2024-03-06,Não Convertido,,0.0,Moderado,Burkina Faso
81801,WhatsApp,2024-03-04,Não Convertido,,0.0,Conservador,Slovenia
81802,Google Ads,2024-03-04,Não Convertido,,0.0,Conservador,India
81803,YouTube Ads,2024-03-04,Não Convertido,,0.0,Moderado,Pitcairn Islands
81804,Orgânico,2024-03-08,Não Convertido,,0.0,Conservador,Australia
81805,Facebook,2024-03-04,Não Convertido,,0.0,Agressivo,Indonesia
81806,Facebook,2024-03-07,Não Convertido,,0.0,Agressivo,Lao People's Democratic Republic
81807,Google Ads,2024-03-07,Não Convertido,,0.0,Moderado,Norfolk Island
81808,WhatsApp,2024-03-09,Não Convertido,,0.0,Conservador,Yemen
81809,Instagram,2024-03-05,Não Convertido,,0.0,Conservador,Turks and Caicos Islands
81810,Google Ads,2024-03-06,Não Convertido,,0.0,Agressivo,Lesotho
81811,Facebook,2024-03-06,Não Convertido,,0.0,Moderado,Bouvet Island (Bouvetoya)
81812,Facebook,2024-03-05,Não Convertido,,0.0,Conservador,Liechtenstein
81813,YouTube Ads,2024-03-05,Não Convertido,,0.0,Agressivo,Guinea
81814,Indicação,2024-03-08,Não Convertido,,0.0,Moderado,Canada
81815,Instagram,2024-03-04,Não Convertido,,0.0,Conservador,Georgia
81816,E-mail Marketing,2024-03-05,Não Convertido,,0.0,Conservador,Russian Federation
81817,Google Ads,2024-03-04,Não Convertido,,0.0,Moderado,Lao People's Democratic Republic
81818,Orgânico,2024-03-07,Não Convertido,,0.0,Moderado,Nigeria
81819,E-mail Marketing,2024-03-07,Não Convertido,,0.0,Moderado,Christmas Island
81820,Facebook,2024-03-09,Não Convertido,,0.0,Agressivo,Andorra
81821,Google Ads,2024-03-09,Não Convertido,,0.0,Moderado,Trinidad and Tobago
81822,Orgânico,2024-03-05,Convertido,20.0,1907.81,Conservador,Macao
81823,Orgânico,2024-03-07,Não Convertido,,0.0,Conservador,Equatorial Guinea
81824,WhatsApp,2024-03-07,Não Convertido,,0.0,Desconhecido,Croatia
81825,WhatsApp,2024-03-05,Não Convertido,,0.0,Moderado,Norfolk Island
81826,Facebook,2024-03-08,Não Convertido,,0.0,Desconhecido,San Marino
81827,WhatsApp,2024-03-04,Não Convertido,,0.0,Conservador,Mali
81828,Google Ads,2024-03-06,Não Convertido,,0.0,Agressivo,British Virgin Islands
81829,Google Ads,2024-03-06,Convertido,8.0,4748.03,Conservador,Poland
81830,TikTok,2024-03-05,Não Convertido,,0.0,Moderado,United Arab Emirates
81831,TikTok,2024-03-05,Não Convertido,,0.0,Moderado,Monaco
81832,Facebook,2024-03-04,Não Convertido,,0.0,Agressivo,Ghana
81833,WhatsApp,2024-03-05,Não Convertido,,0.0,Moderado,Peru
81834,Orgânico,2024-03-08,Não Convertido,,0.0,Agressivo,Grenada
81835,Instagram,2024-03-07,Não Convertido,,0.0,Moderado,Ukraine
81836,YouTube Ads,2024-03-07,Não Convertido,,0.0,Moderado,Colombia
81837,TikTok,2024-03-07,Não Convertido,,0.0,Agressivo,Mali
81838,E-mail Marketing,2024-03-09,Não Convertido,,0.0,Conservador,Syrian Arab Republic
81839,WhatsApp,2024-03-04,Não Convertido,,0.0,Agressivo,Turks and Caicos Islands
81840,YouTube Ads,2024-03-07,Não Convertido,,0.0,Agressivo,Guinea
81841,Instagram,2024-03-04,Não Convertido,,0.0,Agressivo,Cote d'Ivoire
81842,TikTok,2024-03-07,Não Convertido,,0.0,Moderado,United States of America
81843,YouTube Ads,2024-03-07,Não Convertido,,0.0,Agressivo,North Macedonia
81844,TikTok,2024-03-04,Não Convertido,,0.0,Desconhecido,Myanmar
81845,E-mail Marketing,2024-03-08,Não Convertido,,0.0,Conservador,Comoros
81846,Instagram,2024-03-05,Não Convertido,,0.0,Desconhecido,Tuvalu
81847,E-mail Marketing,2024-03-07,Não Convertido,,0.0,Desconhecido,Gibraltar
81848,Facebook,2024-03-09,Não Convertido,,0.0,Agressivo,Seychelles
81849,E-mail Marketing,2024-03-08,Não Convertido,,0.0,Agressivo,Ireland
81850,Instagram,2024-03-07,Não Convertido,,0.0,Moderado,Sri Lanka
81851,Orgânico,2024-03-05,Não Convertido,,0.0,Moderado,Estonia
81852,YouTube Ads,2024-03-06,Não Convertido,,0.0,Conservador,Chad
81853,E-mail Marketing,2024-03-07,Não Convertido,,0.0,Moderado,New Zealand
81854,Orgânico,2024-03-09,Não Convertido,,0.0,Agressivo,Vietnam
81855,Facebook,2024-03-09,Não Convertido,,0.0,Agressivo,French Polynesia
81856,TikTok,2024-03-07,Não Convertido,,0.0,Agressivo,Lesotho
81857,Instagram,2024-03-09,Não Convertido,,0.0,Desconhecido,Cook Islands
81858,Orgânico,2024-03-04,Não Convertido,,0.0,Moderado,Ecuador
81859,Facebook,2024-03-05,Não Convertido,,0.0,Agressivo,Georgia
81860,Indicação,2024-03-05,Não Convertido,,0.0,Conservador,United Arab Emirates
81861,E-mail Marketing,2024-03-07,Não Convertido,,0.0,Agressivo,Hong Kong
81862,Facebook,2024-03-04,Não Convertido,,0.0,Moderado,Bolivia
81863,YouTube Ads,2024-03-09,Convertido,0.0,5573.01,Moderado,Puerto Rico
81864,Orgânico,2024-03-09,Não Convertido,,0.0,Conservador,Ecuador
81865,Facebook,2024-03-04,Não Convertido,,0.0,Moderado,United States of America
81866,Facebook,2024-03-04,Não Convertido,,0.0,Moderado,Uzbekistan
81867,E-mail Marketing,2024-03-06,Não Convertido,,0.0,Agressivo,Northern Mariana Islands
81868,Google Ads,2024-03-05,Não Convertido,,0.0,Conservador,Anguilla
81869,Instagram,2024-03-06,Não Convertido,,0.0,Agressivo,Kenya
81870,Facebook,2024-03-04,Não Convertido,,0.0,Moderado,Serbia
81871,Google Ads,2024-03-06,Não Convertido,,0.0,Moderado,Iraq
81872,Orgânico,2024-03-07,Não Convertido,,0.0,Conservador,Portugal
81873,Facebook,2024-03-08,Não Convertido,,0.0,Desconhecido,Equatorial Guinea
81874,Instagram,2024-03-05,Não Convertido,,0.0,Agressivo,Sao Tome and Principe
81875,Indicação,2024-03-09,Não Convertido,,0.0,Conservador,India
81876,TikTok,2024-03-06,Não Convertido,,0.0,Agressivo,Iran
81877,WhatsApp,2024-03-08,Não Convertido,,0.0,Moderado,Malaysia
81878,Facebook,2024-03-05,Não Convertido,,0.0,Desconhecido,Greece
81879,Indicação,2024-03-09,Não Convertido,,0.0,Desconhecido,Seychelles
81880,Indicação,2024-03-05,Não Convertido,,0.0,Moderado,Austria
81881,E-mail Marketing,2024-03-08,Não Convertido,,0.0,Moderado,Belarus
81882,Instagram,2024-03-09,Não Convertido,,0.0,Agressivo,France
81883,Google Ads,2024-03-06,Não Convertido,,0.0,Agressivo,Russian Federation
81884,TikTok,2024-03-09,Não Convertido,,0.0,Conservador,Madagascar
81885,TikTok,2024-03-09,Convertido,4.0,8012.74,Conservador,Heard Island and McDonald Islands
81886,Orgânico,2024-03-05,Não Convertido,,0.0,Agressivo,Nauru
81887,TikTok,2024-03-09,Não Convertido,,0.0,Conservador,Saint Helena
81888,Instagram,2024-03-09,Não Convertido,,0.0,Agressivo,Congo
81889,Instagram,2024-03-05,Convertido,7.0,3847.28,Agressivo,Equatorial Guinea
81890,Orgânico,2024-03-06,Não Convertido,,0.0,Desconhecido,Turks and Caicos Islands
81891,TikTok,2024-03-07,Convertido,17.0,3073.33,Agressivo,Vanuatu
81892,YouTube Ads,2024-03-09,Não Convertido,,0.0,Conservador,Gibraltar
81893,Instagram,2024-03-07,Não Convertido,,0.0,Moderado,Czech Republic
81894,TikTok,2024-03-07,Não Convertido,,0.0,Moderado,Saint Barthelemy
81895,Facebook,2024-03-09,Não Convertido,,0.0,Moderado,Ukraine
81896,TikTok,2024-03-07,Não Convertido,,0.0,Moderado,Guatemala
81897,Instagram,2024-03-05,Não Convertido,,0.0,Moderado,Wallis and Futuna
81898,E-mail Marketing,2024-03-05,Não Convertido,,0.0,Moderado,Oman
81899,Orgânico,2024-03-04,Não Convertido,,0.0,Agressivo,Belize
81900,YouTube Ads,2024-03-08,Não Convertido,,0.0,Moderado,Bulgaria
81901,WhatsApp,2024-03-08,Não Convertido,,0.0,Moderado,Malta
81902,Instagram,2024-03-07,Não Convertido,,0.0,Desconhecido,Afghanistan
81903,Instagram,2024-03-09,Não Convertido,,0.0,Moderado,Brunei Darussalam
81904,YouTube Ads,2024-03-08,Não Convertido,,0.0,Agressivo,Luxembourg
81905,Orgânico,2024-03-05,Não Convertido,,0.0,Conservador,American Samoa
81906,TikTok,2024-03-07,Não Convertido,,0.0,Moderado,Pakistan
81907,E-mail Marketing,2024-03-07,Não Convertido,,0.0,Agressivo,Paraguay
81908,Instagram,2024-03-08,Não Convertido,,0.0,Agressivo,Peru
81909,Google Ads,2024-03-09,Não Convertido,,0.0,Agressivo,Cote d'Ivoire
81910,E-mail Marketing,2024-03-09,Não Convertido,,0.0,Desconhecido,Kenya
81911,Orgânico,2024-03-08,Não Convertido,,0.0,Moderado,North Macedonia
81912,Instagram,2024-03-06,Não Convertido,,0.0,Agressivo,Bulgaria
81913,YouTube Ads,2024-03-07,Não Convertido,,0.0,Moderado,Falkland Islands (Malvinas)
81914,Orgânico,2024-03-06,Não Convertido,,0.0,Moderado,Cocos (Keeling) Islands
81915,E-mail Marketing,2024-03-04,Não Convertido,,0.0,Agressivo,Syrian Arab Republic
81916,Google Ads,2024-03-06,Não Convertido,,0.0,Moderado,Sweden
81917,Orgânico,2024-03-09,Não Convertido,,0.0,Desconhecido,Honduras
81918,Instagram,2024-03-06,Não Convertido,,0.0,Moderado,Libyan Arab Jamahiriya
81919,WhatsApp,2024-03-04,Não Convertido,,0.0,Moderado,Nigeria
81920,Facebook,2024-03-08,Não Convertido,,0.0,Agressivo,United Arab Emirates
81921,Google Ads,2024-03-04,Não Convertido,,0.0,Conservador,Barbados
81922,E-mail Marketing,2024-03-06,Não Convertido,,0.0,Conservador,Tuvalu
81923,YouTube Ads,2024-03-06,Não Convertido,,0.0,Moderado,Turkmenistan
81924,Instagram,2024-03-06,Não Convertido,,0.0,Agressivo,Anguilla
81925,Facebook,2024-03-04,Não Convertido,,0.0,Moderado,Togo
81926,Orgânico,2024-03-08,Não Convertido,,0.0,Moderado,Ireland
81927,YouTube Ads,2024-03-04,Não Convertido,,0.0,Moderado,Turkey
81928,TikTok,2024-03-04,Não Convertido,,0.0,Moderado,Bolivia
81929,Google Ads,2024-03-06,Não Convertido,,0.0,Conservador,El Salvador
81930,Indicação,2024-03-07,Não Convertido,,0.0,Agressivo,Solomon Islands
81931,E-mail Marketing,2024-03-07,Não Convertido,,0.0,Moderado,South Africa
81932,TikTok,2024-03-06,Não Convertido,,0.0,Agressivo,Mexico
81933,Indicação,2024-03-05,Não Convertido,,0.0,Moderado,Liberia
81934,Orgânico,2024-03-07,Não Convertido,,0.0,Moderado,Antarctica (the territory South of 60 deg S)
81935,E-mail Marketing,2024-03-05,Não Convertido,,0.0,Moderado,Niger
81936,TikTok,2024-03-09,Não Convertido,,0.0,Agressivo,Uzbekistan
81937,Facebook,2024-03-06,Não Convertido,,0.0,Moderado,Afghanistan
81938,WhatsApp,2024-03-08,Não Convertido,,0.0,Moderado,Turkey
81939,TikTok,2024-03-07,Não Convertido,,0.0,Desconhecido,Netherlands
81940,E-mail Marketing,2024-03-09,Não Convertido,,0.0,Conservador,Yemen
81941,E-mail Marketing,2024-03-04,Não Convertido,,0.0,Conservador,Seychelles
81942,Orgânico,2024-03-09,Não Convertido,,0.0,Agressivo,Maldives
81943,Instagram,2024-03-06,Não Convertido,,0.0,Moderado,Uganda
81944,Instagram,2024-03-06,Não Convertido,,0.0,Agressivo,Eritrea
81945,Google Ads,2024-03-04,Não Convertido,,0.0,Moderado,United States Virgin Islands
81946,Orgânico,2024-03-06,Não Convertido,,0.0,Agressivo,Uzbekistan
81947,Facebook,2024-03-08,Não Convertido,,0.0,Conservador,New Zealand
81948,YouTube Ads,2024-03-07,Não Convertido,,0.0,Conservador,Marshall Islands
81949,TikTok,2024-03-04,Não Convertido,,0.0,Moderado,Bahamas
81950,Facebook,2024-03-04,Não Convertido,,0.0,Agressivo,Armenia
81951,Instagram,2024-03-04,Convertido,12.0,5461.6,Conservador,Zambia
81952,E-mail Marketing,2024-03-09,Não Convertido,,0.0,Agressivo,Barbados
81953,Google Ads,2024-03-08,Não Convertido,,0.0,Moderado,Tonga
81954,Instagram,2024-03-08,Não Convertido,,0.0,Conservador,Israel
81955,Instagram,2024-03-07,Não Convertido,,0.0,Conservador,Tonga
81956,TikTok,2024-03-06,Não Convertido,,0.0,Conservador,Guadeloupe
81957,Instagram,2024-03-05,Não Convertido,,0.0,Conservador,Isle of Man
81958,Instagram,2024-03-08,Não Convertido,,0.0,Moderado,Cyprus
81959,Google Ads,2024-03-04,Não Convertido,,0.0,Agressivo,Montenegro
81960,WhatsApp,2024-03-06,Não Convertido,,0.0,Agressivo,Swaziland
81961,WhatsApp,2024-03-08,Não Convertido,,0.0,Conservador,Japan
81962,Orgânico,2024-03-09,Não Convertido,,0.0,Conservador,Greenland
81963,Instagram,2024-03-08,Não Convertido,,0.0,Conservador,Ghana
81964,Orgânico,2024-03-08,Não Convertido,,0.0,Agressivo,Falkland Islands (Malvinas)
81965,TikTok,2024-03-04,Não Convertido,,0.0,Moderado,Lao People's Democratic Republic
81966,Instagram,2024-03-04,Não Convertido,,0.0,Moderado,New Zealand
81967,WhatsApp,2024-03-04,Não Convertido,,0.0,Agressivo,New Caledonia
81968,Instagram,2024-03-07,Não Convertido,,0.0,Agressivo,Cambodia
81969,TikTok,2024-03-08,Não Convertido,,0.0,Moderado,Paraguay
81970,Orgânico,2024-03-09,Não Convertido,,0.0,Moderado,Paraguay
81971,Instagram,2024-03-08,Não Convertido,,0.0,Agressivo,Ireland
81972,Orgânico,2024-03-06,Não Convertido,,0.0,Agressivo,Guatemala
81973,WhatsApp,2024-03-09,Não Convertido,,0.0,Agressivo,Faroe Islands
81974,TikTok,2024-03-05,Não Convertido,,0.0,Agressivo,Lao People's Democratic Republic
81975,WhatsApp,2024-03-04,Não Convertido,,0.0,Agressivo,Lao People's Democratic Republic
81976,Instagram,2024-03-04,Não Convertido,,0.0,Desconhecido,Poland
81977,Orgânico,2024-03-06,Não Convertido,,0.0,Conservador,Mexico
81978,WhatsApp,2024-03-09,Não Convertido,,0.0,Agressivo,Mozambique
81979,Orgânico,2024-03-04,Não Convertido,,0.0,Desconhecido,Senegal
81980,Instagram,2024-03-05,Não Convertido,,0.0,Moderado,Samoa
81981,Facebook,2024-03-07,Não Convertido,,0.0,Agressivo,Guadeloupe
81982,Google Ads,2024-03-07,Não Convertido,,0.0,Agressivo,Zambia
81983,Indicação,2024-03-09,Não Convertido,,0.0,Conservador,South Georgia and the South Sandwich Islands
81984,Orgânico,2024-03-07,Não Convertido,,0.0,Moderado,Belize
81985,YouTube Ads,2024-03-06,Não Convertido,,0.0,Moderado,Peru
81986,TikTok,2024-03-06,Não Convertido,,0.0,Conservador,Lebanon
81987,TikTok,2024-03-05,Não Convertido,,0.0,Agressivo,Madagascar
81988,Google Ads,2024-03-07,Não Convertido,,0.0,Moderado,Chad
81989,Instagram,2024-03-06,Não Convertido,,0.0,Moderado,Maldives
81990,Facebook,2024-03-07,Não Convertido,,0.0,Moderado,Panama
81991,Facebook,2024-03-04,Não Convertido,,0.0,Moderado,British Indian Ocean Territory (Chagos Archipelago)
81992,Instagram,2024-03-09,Não Convertido,,0.0,Desconhecido,Eritrea
81993,Google Ads,2024-03-04,Não Convertido,,0.0,Agressivo,Somalia
81994,Instagram,2024-03-08,Não Convertido,,0.0,Agressivo,Guinea-Bissau
81995,YouTube Ads,2024-03-04,Não Convertido,,0.0,Desconhecido,Uruguay
81996,Instagram,2024-03-04,Não Convertido,,0.0,Conservador,Saint Pierre and Miquelon
81997,Facebook,2024-03-07,Não Convertido,,0.0,Agressivo,Malta
81998,Indicação,2024-03-08,Não Convertido,,0.0,Moderado,Jamaica
81999,Instagram,2024-03-05,Não Convertido,,0.0,Moderado,Congo
82000,Facebook,2024-03-04,Não Convertido,,0.0,Conservador,Nicaragua
82001,E-mail Marketing,2024-03-09,Não Convertido,,0.0,Moderado,Turkey
82002,YouTube Ads,2024-03-09,Convertido,21.0,9641.63,Agressivo,Hungary
82003,Instagram,2024-03-07,Não Convertido,,0.0,Moderado,Chile
82004,TikTok,2024-03-09,Não Convertido,,0.0,Moderado,Azerbaijan
82005,TikTok,2024-03-05,Não Convertido,,0.0,Moderado,Sierra Leone
82006,Instagram,2024-03-07,Não Convertido,,0.0,Agressivo,Argentina
82007,YouTube Ads,2024-03-06,Não Convertido,,0.0,Desconhecido,Sierra Leone
82008,Indicação,2024-03-05,Não Convertido,,0.0,Moderado,Lao People's Democratic Republic
82009,Google Ads,2024-03-08,Não Convertido,,0.0,Moderado,Western Sahara
82010,E-mail Marketing,2024-03-06,Não Convertido,,0.0,Agressivo,Greece
82011,E-mail Marketing,2024-03-08,Convertido,26.0,7367.79,Moderado,Malta
82012,YouTube Ads,2024-03-09,Não Convertido,,0.0,Conservador,Korea
82013,Orgânico,2024-03-04,Não Convertido,,0.0,Agressivo,Egypt
82014,E-mail Marketing,2024-03-08,Não Convertido,,0.0,Agressivo,Cote d'Ivoire
82015,Orgânico,2024-03-04,Não Convertido,,0.0,Moderado,Uganda
82016,Instagram,2024-03-07,Não Convertido,,0.0,Moderado,Nepal
82017,E-mail Marketing,2024-03-07,Convertido,25.0,5200.24,Agressivo,Egypt
82018,Google Ads,2024-03-09,Não Convertido,,0.0,Moderado,Liberia
82019,Instagram,2024-03-04,Não Convertido,,0.0,Moderado,Nauru
82020,YouTube Ads,2024-03-04,Não Convertido,,0.0,Conservador,Guernsey
82021,Facebook,2024-03-04,Não Convertido,,0.0,Conservador,Kuwait
82022,WhatsApp,2024-03-05,Não Convertido,,0.0,Moderado,Zimbabwe
82023,E-mail Marketing,2024-03-07,Não Convertido,,0.0,Desconhecido,Saint Pierre and Miquelon
82024,TikTok,2024-03-05,Não Convertido,,0.0,Moderado,Monaco
82025,Orgânico,2024-03-06,Não Convertido,,0.0,Agressivo,Yemen
82026,Google Ads,2024-03-04,Não Convertido,,0.0,Conservador,Turkey
82027,WhatsApp,2024-03-05,Não Convertido,,0.0,Conservador,Mexico
82028,E-mail Marketing,2024-03-06,Não Convertido,,0.0,Conservador,Gibraltar
82029,Facebook,2024-03-09,Não Convertido,,0.0,Agressivo,Gabon
82030,Indicação,2024-03-04,Não Convertido,,0.0,Moderado,Tajikistan
82031,Orgânico,2024-03-08,Não Convertido,,0.0,Moderado,Ghana
82032,E-mail Marketing,2024-03-05,Não Convertido,,0.0,Agressivo,Antigua and Barbuda
82033,Indicação,2024-03-09,Não Convertido,,0.0,Moderado,Switzerland
82034,Orgânico,2024-03-05,Não Convertido,,0.0,Moderado,Wallis and Futuna
82035,TikTok,2024-03-05,Não Convertido,,0.0,Conservador,Bosnia and Herzegovina
82036,Google Ads,2024-03-06,Não Convertido,,0.0,Agressivo,Tokelau
82037,TikTok,2024-03-07,Não Convertido,,0.0,Agressivo,Holy See (Vatican City State)
82038,Google Ads,2024-03-04,Convertido,22.0,5783.98,Desconhecido,Gambia
82039,Instagram,2024-03-04,Não Convertido,,0.0,Moderado,Namibia
82040,Instagram,2024-03-07,Não Convertido,,0.0,Conservador,Niue
82041,E-mail Marketing,2024-03-07,Não Convertido,,0.0,Conservador,Jordan
82042,E-mail Marketing,2024-03-06,Não Convertido,,0.0,Desconhecido,Uganda
82043,Indicação,2024-03-04,Não Convertido,,0.0,Agressivo,Tuvalu
82044,Facebook,2024-03-05,Não Convertido,,0.0,Agressivo,Mauritius
82045,WhatsApp,2024-03-09,Não Convertido,,0.0,Desconhecido,Anguilla
82046,Instagram,2024-03-04,Não Convertido,,0.0,Moderado,Kiribati
82047,E-mail Marketing,2024-03-07,Não Convertido,,0.0,Agressivo,Slovenia
82048,WhatsApp,2024-03-09,Não Convertido,,0.0,Desconhecido,Sri Lanka
82049,Orgânico,2024-03-08,Não Convertido,,0.0,Agressivo,Singapore
82050,YouTube Ads,2024-03-07,Convertido,14.0,7606.76,Moderado,Ghana
82051,WhatsApp,2024-03-05,Não Convertido,,0.0,Desconhecido,British Virgin Islands
82052,Google Ads,2024-03-08,Não Convertido,,0.0,Agressivo,Italy
82053,Google Ads,2024-03-05,Não Convertido,,0.0,Conservador,Vietnam
82054,Orgânico,2024-03-07,Não Convertido,,0.0,Moderado,Equatorial Guinea
82055,Orgânico,2024-03-09,Não Convertido,,0.0,Conservador,Cocos (Keeling) Islands
82056,Google Ads,2024-03-08,Não Convertido,,0.0,Moderado,Turkey
82057,WhatsApp,2024-03-05,Não Convertido,,0.0,Conservador,Cameroon
82058,Facebook,2024-03-07,Não Convertido,,0.0,Moderado,Pitcairn Islands
82059,E-mail Marketing,2024-03-04,Não Convertido,,0.0,Moderado,Mauritania
82060,WhatsApp,2024-03-07,Não Convertido,,0.0,Moderado,Kuwait
82061,Indicação,2024-03-06,Não Convertido,,0.0,Agressivo,Nicaragua
82062,E-mail Marketing,2024-03-09,Não Convertido,,0.0,Desconhecido,Finland
82063,Instagram,2024-03-09,Não Convertido,,0.0,Agressivo,Guam
82064,Orgânico,2024-03-09,Não Convertido,,0.0,Moderado,Liechtenstein
82065,Google Ads,2024-03-04,Não Convertido,,0.0,Agressivo,Montserrat
82066,Instagram,2024-03-04,Não Convertido,,0.0,Conservador,Oman
82067,E-mail Marketing,2024-03-06,Não Convertido,,0.0,Conservador,Taiwan
82068,Facebook,2024-03-06,Não Convertido,,0.0,Conservador,Central African Republic
82069,YouTube Ads,2024-03-05,Não Convertido,,0.0,Moderado,Slovenia
82070,Orgânico,2024-03-05,Não Convertido,,0.0,Moderado,Belize
82071,TikTok,2024-03-07,Não Convertido,,0.0,Agressivo,Nigeria
82072,Google Ads,2024-03-05,Não Convertido,,0.0,Moderado,Mozambique
82073,Orgânico,2024-03-09,Não Convertido,,0.0,Moderado,United States Minor Outlying Islands
82074,Instagram,2024-03-09,Não Convertido,,0.0,Agressivo,Brunei Darussalam
82075,Orgânico,2024-03-05,Não Convertido,,0.0,Moderado,Cuba
82076,Facebook,2024-03-09,Não Convertido,,0.0,Conservador,Libyan Arab Jamahiriya
82077,TikTok,2024-03-06,Convertido,20.0,1454.46,Moderado,Mozambique
82078,Facebook,2024-03-07,Não Convertido,,0.0,Moderado,Guyana
82079,E-mail Marketing,2024-03-09,Não Convertido,,0.0,Moderado,French Polynesia
82080,Orgânico,2024-03-05,Não Convertido,,0.0,Agressivo,Ukraine
82081,YouTube Ads,2024-03-07,Não Convertido,,0.0,Moderado,Libyan Arab Jamahiriya
82082,Orgânico,2024-03-09,Não Convertido,,0.0,Conservador,Armenia
82083,YouTube Ads,2024-03-05,Não Convertido,,0.0,Agressivo,Honduras
82084,Facebook,2024-03-05,Não Convertido,,0.0,Agressivo,Italy
82085,WhatsApp,2024-03-09,Não Convertido,,0.0,Agressivo,Cameroon
82086,Orgânico,2024-03-05,Não Convertido,,0.0,Moderado,Equatorial Guinea
82087,E-mail Marketing,2024-03-05,Não Convertido,,0.0,Moderado,Nepal
82088,Orgânico,2024-03-05,Não Convertido,,0.0,Conservador,Albania
82089,Facebook,2024-03-07,Não Convertido,,0.0,Agressivo,Uganda
82090,Facebook,2024-03-05,Não Convertido,,0.0,Desconhecido,Namibia
82091,TikTok,2024-03-06,Não Convertido,,0.0,Conservador,Oman
82092,Instagram,2024-03-05,Não Convertido,,0.0,Desconhecido,India
82093,WhatsApp,2024-03-07,Não Convertido,,0.0,Moderado,Heard Island and McDonald Islands
82094,Orgânico,2024-03-08,Não Convertido,,0.0,Conservador,Myanmar
82095,TikTok,2024-03-04,Não Convertido,,0.0,Moderado,Croatia
82096,Orgânico,2024-03-08,Não Convertido,,0.0,Agressivo,Portugal
82097,Instagram,2024-03-04,Não Convertido,,0.0,Conservador,Zimbabwe
82098,Orgânico,2024-03-05,Não Convertido,,0.0,Agressivo,Congo
82099,Indicação,2024-03-09,Não Convertido,,0.0,Desconhecido,Hong Kong
82100,TikTok,2024-03-07,Não Convertido,,0.0,Agressivo,Cyprus
82101,E-mail Marketing,2024-03-07,Não Convertido,,0.0,Desconhecido,Norway
82102,Instagram,2024-03-05,Não Convertido,,0.0,Agressivo,Ethiopia
82103,Google Ads,2024-03-07,Não Convertido,,0.0,Conservador,Wallis and Futuna
82104,TikTok,2024-03-08,Não Convertido,,0.0,Conservador,Cocos (Keeling) Islands
82105,WhatsApp,2024-03-05,Não Convertido,,0.0,Agressivo,Italy
82106,Orgânico,2024-03-09,Não Convertido,,0.0,Conservador,Costa Rica
82107,Instagram,2024-03-08,Não Convertido,,0.0,Moderado,Latvia
82108,Orgânico,2024-03-08,Não Convertido,,0.0,Agressivo,Nepal
82109,Instagram,2024-03-05,Não Convertido,,0.0,Agressivo,Martinique
82110,Orgânico,2024-03-08,Não Convertido,,0.0,Moderado,Colombia
82111,Instagram,2024-03-05,Não Convertido,,0.0,Conservador,Bahrain
82112,Instagram,2024-03-09,Não Convertido,,0.0,Agressivo,Australia
82113,Facebook,2024-03-07,Não Convertido,,0.0,Moderado,Yemen
82114,Instagram,2024-03-04,Não Convertido,,0.0,Moderado,Libyan Arab Jamahiriya
82115,Orgânico,2024-03-04,Não Convertido,,0.0,Moderado,Jersey
82116,Orgânico,2024-03-07,Não Convertido,,0.0,Conservador,Saint Barthelemy
82117,Orgânico,2024-03-06,Não Convertido,,0.0,Agressivo,Azerbaijan
82118,TikTok,2024-03-07,Não Convertido,,0.0,Moderado,Tuvalu
82119,TikTok,2024-03-07,Não Convertido,,0.0,Conservador,Slovenia
82120,TikTok,2024-03-05,Não Convertido,,0.0,Agressivo,Malta
82121,Indicação,2024-03-05,Não Convertido,,0.0,Conservador,Haiti
82122,WhatsApp,2024-03-06,Não Convertido,,0.0,Conservador,Gibraltar
82123,TikTok,2024-03-09,Não Convertido,,0.0,Conservador,Portugal
82124,Google Ads,2024-03-04,Não Convertido,,0.0,Moderado,Cambodia
82125,Google Ads,2024-03-06,Não Convertido,,0.0,Moderado,Swaziland
82126,Orgânico,2024-03-06,Não Convertido,,0.0,Moderado,Nauru
82127,TikTok,2024-03-04,Não Convertido,,0.0,Moderado,Ghana
82128,YouTube Ads,2024-03-04,Não Convertido,,0.0,Moderado,Turks and Caicos Islands
82129,TikTok,2024-03-07,Não Convertido,,0.0,Conservador,Andorra
82130,YouTube Ads,2024-03-08,Não Convertido,,0.0,Moderado,Falkland Islands (Malvinas)
82131,TikTok,2024-03-09,Não Convertido,,0.0,Conservador,Uganda
82132,Instagram,2024-03-06,Não Convertido,,0.0,Moderado,Saint Kitts and Nevis
82133,TikTok,2024-03-07,Não Convertido,,0.0,Conservador,Mozambique
82134,TikTok,2024-03-08,Não Convertido,,0.0,Moderado,Romania
82135,TikTok,2024-03-04,Não Convertido,,0.0,Conservador,French Southern Territories
82136,Indicação,2024-03-09,Não Convertido,,0.0,Moderado,New Caledonia
82137,TikTok,2024-03-04,Não Convertido,,0.0,Agressivo,Nicaragua
82138,Orgânico,2024-03-08,Não Convertido,,0.0,Agressivo,Cuba
82139,E-mail Marketing,2024-03-05,Não Convertido,,0.0,Conservador,Qatar
82140,E-mail Marketing,2024-03-05,Não Convertido,,0.0,Moderado,British Indian Ocean Territory (Chagos Archipelago)
82141,E-mail Marketing,2024-03-08,Não Convertido,,0.0,Moderado,Ukraine
82142,Instagram,2024-03-08,Não Convertido,,0.0,Agressivo,Belarus
82143,Google Ads,2024-03-04,Não Convertido,,0.0,Agressivo,Israel
82144,E-mail Marketing,2024-03-07,Não Convertido,,0.0,Moderado,American Samoa
82145,Facebook,2024-03-07,Não Convertido,,0.0,Conservador,Isle of Man
82146,TikTok,2024-03-04,Não Convertido,,0.0,Moderado,Japan
82147,E-mail Marketing,2024-03-06,Não Convertido,,0.0,Agressivo,Micronesia
82148,E-mail Marketing,2024-03-08,Não Convertido,,0.0,Desconhecido,Congo
82149,E-mail Marketing,2024-03-09,Não Convertido,,0.0,Moderado,Malawi
82150,Orgânico,2024-03-09,Não Convertido,,0.0,Agressivo,Nigeria
82151,YouTube Ads,2024-03-08,Não Convertido,,0.0,Moderado,Timor-Leste
82152,E-mail Marketing,2024-03-07,Não Convertido,,0.0,Moderado,Iraq
82153,E-mail Marketing,2024-03-06,Não Convertido,,0.0,Agressivo,Burundi
82154,Instagram,2024-03-04,Não Convertido,,0.0,Conservador,Nicaragua
82155,TikTok,2024-03-05,Não Convertido,,0.0,Moderado,Brunei Darussalam
82156,Google Ads,2024-03-05,Não Convertido,,0.0,Desconhecido,Andorra
82157,Instagram,2024-03-07,Não Convertido,,0.0,Moderado,Indonesia
82158,Instagram,2024-03-07,Não Convertido,,0.0,Conservador,Holy See (Vatican City State)
82159,Facebook,2024-03-05,Não Convertido,,0.0,Conservador,Guam
82160,Indicação,2024-03-09,Não Convertido,,0.0,Agressivo,Afghanistan
82161,Instagram,2024-03-07,Não Convertido,,0.0,Moderado,Benin
82162,E-mail Marketing,2024-03-07,Não Convertido,,0.0,Moderado,Malaysia
82163,Google Ads,2024-03-07,Não Convertido,,0.0,Conservador,Norfolk Island
82164,Facebook,2024-03-08,Não Convertido,,0.0,Agressivo,Niue
82165,YouTube Ads,2024-03-05,Não Convertido,,0.0,Agressivo,Slovakia (Slovak Republic)
82166,Google Ads,2024-03-07,Não Convertido,,0.0,Conservador,Iceland
82167,Instagram,2024-03-06,Não Convertido,,0.0,Moderado,Libyan Arab Jamahiriya
82168,Orgânico,2024-03-06,Não Convertido,,0.0,Moderado,Saint Lucia
82169,Facebook,2024-03-05,Não Convertido,,0.0,Moderado,Jamaica
82170,YouTube Ads,2024-03-09,Não Convertido,,0.0,Agressivo,United Arab Emirates
82171,Instagram,2024-03-08,Não Convertido,,0.0,Moderado,Saint Lucia
82172,E-mail Marketing,2024-03-09,Não Convertido,,0.0,Agressivo,Saint Pierre and Miquelon
82173,WhatsApp,2024-03-08,Não Convertido,,0.0,Agressivo,Morocco
82174,Google Ads,2024-03-08,Não Convertido,,0.0,Agressivo,Denmark
82175,Google Ads,2024-03-08,Não Convertido,,0.0,Desconhecido,Antigua and Barbuda
82176,YouTube Ads,2024-03-05,Não Convertido,,0.0,Conservador,Guatemala
82177,E-mail Marketing,2024-03-08,Não Convertido,,0.0,Agressivo,Wallis and Futuna
82178,Indicação,2024-03-04,Convertido,4.0,4478.38,Moderado,Bangladesh
82179,Facebook,2024-03-06,Não Convertido,,0.0,Moderado,Monaco
82180,WhatsApp,2024-03-04,Não Convertido,,0.0,Moderado,Micronesia
82181,E-mail Marketing,2024-03-05,Não Convertido,,0.0,Agressivo,Costa Rica
82182,Orgânico,2024-03-06,Não Convertido,,0.0,Desconhecido,South Africa
82183,Orgânico,2024-03-08,Não Convertido,,0.0,Moderado,Belgium
82184,WhatsApp,2024-03-09,Não Convertido,,0.0,Agressivo,Gibraltar
82185,E-mail Marketing,2024-03-05,Não Convertido,,0.0,Agressivo,Denmark
82186,Instagram,2024-03-08,Não Convertido,,0.0,Conservador,Martinique
82187,YouTube Ads,2024-03-04,Não Convertido,,0.0,Conservador,Saint Pierre and Miquelon
82188,Instagram,2024-03-06,Não Convertido,,0.0,Agressivo,Cyprus
82189,YouTube Ads,2024-03-07,Não Convertido,,0.0,Agressivo,Spain
82190,Google Ads,2024-03-09,Não Convertido,,0.0,Moderado,Equatorial Guinea
82191,TikTok,2024-03-09,Não Convertido,,0.0,Moderado,Liberia
82192,WhatsApp,2024-03-08,Não Convertido,,0.0,Agressivo,Afghanistan
82193,Instagram,2024-03-08,Não Convertido,,0.0,Moderado,Sao Tome and Principe
82194,Orgânico,2024-03-09,Não Convertido,,0.0,Moderado,Kiribati
82195,Instagram,2024-03-04,Não Convertido,,0.0,Agressivo,Sao Tome and Principe
82196,YouTube Ads,2024-03-06,Não Convertido,,0.0,Moderado,Philippines
82197,Google Ads,2024-03-09,Não Convertido,,0.0,Agressivo,Guatemala
82198,Facebook,2024-03-09,Não Convertido,,0.0,Moderado,Saint Martin
82199,Google Ads,2024-03-07,Não Convertido,,0.0,Moderado,Brazil
82200,Instagram,2024-03-06,Não Convertido,,0.0,Desconhecido,Switzerland
82201,Facebook,2024-03-04,Não Convertido,,0.0,Conservador,Malta
82202,Orgânico,2024-03-05,Não Convertido,,0.0,Conservador,Cocos (Keeling) Islands
82203,YouTube Ads,2024-03-08,Não Convertido,,0.0,Moderado,Brazil
82204,WhatsApp,2024-03-07,Não Convertido,,0.0,Moderado,Canada
82205,Google Ads,2024-03-05,Não Convertido,,0.0,Moderado,Gibraltar
82206,Instagram,2024-03-07,Não Convertido,,0.0,Moderado,Puerto Rico
82207,Orgânico,2024-03-07,Não Convertido,,0.0,Moderado,Spain
82208,Instagram,2024-03-07,Não Convertido,,0.0,Moderado,Wallis and Futuna
82209,Instagram,2024-03-09,Não Convertido,,0.0,Agressivo,Tajikistan
82210,Indicação,2024-03-06,Não Convertido,,0.0,Agressivo,Bouvet Island (Bouvetoya)
82211,WhatsApp,2024-03-07,Não Convertido,,0.0,Moderado,Luxembourg
82212,Facebook,2024-03-08,Não Convertido,,0.0,Agressivo,Haiti
82213,Indicação,2024-03-04,Não Convertido,,0.0,Moderado,Iraq
82214,YouTube Ads,2024-03-07,Não Convertido,,0.0,Agressivo,British Indian Ocean Territory (Chagos Archipelago)
82215,Facebook,2024-03-05,Não Convertido,,0.0,Agressivo,Nauru
82216,Instagram,2024-03-05,Não Convertido,,0.0,Moderado,Micronesia
82217,WhatsApp,2024-03-05,Não Convertido,,0.0,Moderado,Belarus
82218,Facebook,2024-03-09,Não Convertido,,0.0,Conservador,Mauritius
82219,Facebook,2024-03-07,Não Convertido,,0.0,Desconhecido,Solomon Islands
82220,WhatsApp,2024-03-08,Não Convertido,,0.0,Moderado,Marshall Islands
82221,Orgânico,2024-03-06,Não Convertido,,0.0,Moderado,Colombia
82222,WhatsApp,2024-03-04,Não Convertido,,0.0,Moderado,Somalia
82223,WhatsApp,2024-03-04,Não Convertido,,0.0,Moderado,Moldova
82224,Indicação,2024-03-07,Não Convertido,,0.0,Agressivo,Saint Barthelemy
82225,Indicação,2024-03-07,Não Convertido,,0.0,Agressivo,Norway
82226,E-mail Marketing,2024-03-06,Não Convertido,,0.0,Conservador,Egypt
82227,E-mail Marketing,2024-03-09,Não Convertido,,0.0,Moderado,Netherlands Antilles
82228,Orgânico,2024-03-05,Não Convertido,,0.0,Agressivo,Haiti
82229,Instagram,2024-03-09,Não Convertido,,0.0,Agressivo,Cocos (Keeling) Islands
82230,Instagram,2024-03-08,Convertido,18.0,112.33,Moderado,Cuba
82231,Google Ads,2024-03-06,Não Convertido,,0.0,Moderado,Finland
82232,WhatsApp,2024-03-05,Não Convertido,,0.0,Agressivo,Mauritius
82233,Facebook,2024-03-06,Não Convertido,,0.0,Agressivo,Japan
82234,TikTok,2024-03-07,Não Convertido,,0.0,Moderado,Palau
82235,Instagram,2024-03-06,Não Convertido,,0.0,Moderado,Congo
82236,Orgânico,2024-03-09,Não Convertido,,0.0,Moderado,Turkey
82237,Instagram,2024-03-04,Não Convertido,,0.0,Agressivo,Saudi Arabia
82238,WhatsApp,2024-03-08,Não Convertido,,0.0,Conservador,New Caledonia
82239,Instagram,2024-03-04,Não Convertido,,0.0,Moderado,Aruba
82240,Instagram,2024-03-09,Não Convertido,,0.0,Agressivo,Belgium
82241,YouTube Ads,2024-03-07,Não Convertido,,0.0,Moderado,Cuba
82242,TikTok,2024-03-05,Não Convertido,,0.0,Moderado,Antigua and Barbuda
82243,Instagram,2024-03-05,Não Convertido,,0.0,Moderado,French Southern Territories
82244,TikTok,2024-03-05,Não Convertido,,0.0,Desconhecido,Mayotte
82245,Indicação,2024-03-05,Não Convertido,,0.0,Conservador,Iceland
82246,Facebook,2024-03-07,Não Convertido,,0.0,Desconhecido,Central African Republic
82247,TikTok,2024-03-07,Não Convertido,,0.0,Agressivo,Cambodia
82248,TikTok,2024-03-04,Não Convertido,,0.0,Moderado,Philippines
82249,E-mail Marketing,2024-03-07,Não Convertido,,0.0,Desconhecido,Bahamas
82250,YouTube Ads,2024-03-08,Não Convertido,,0.0,Conservador,Saint Lucia
82251,Facebook,2024-03-06,Não Convertido,,0.0,Conservador,Iran
82252,WhatsApp,2024-03-05,Não Convertido,,0.0,Moderado,Micronesia
82253,E-mail Marketing,2024-03-08,Não Convertido,,0.0,Agressivo,Latvia
82254,YouTube Ads,2024-03-07,Não Convertido,,0.0,Moderado,South Georgia and the South Sandwich Islands
82255,TikTok,2024-03-09,Não Convertido,,0.0,Conservador,Cook Islands
82256,Instagram,2024-03-09,Não Convertido,,0.0,Moderado,Botswana
82257,Google Ads,2024-03-07,Não Convertido,,0.0,Conservador,Cuba
82258,Google Ads,2024-03-07,Não Convertido,,0.0,Agressivo,Burkina Faso
82259,TikTok,2024-03-05,Não Convertido,,0.0,Agressivo,Korea
