lead_id,origem,data_cadastro,status_conversao,dias_ate_1o_trade,valor_deposito,perfil,pais
82260,TikTok,2024-03-12,Não Convertido,,0.0,Moderado,Malta
82261,YouTube Ads,2024-03-16,Não Convertido,,0.0,Agressivo,Wallis and Futuna
82262,Instagram,2024-03-14,Não Convertido,,0.0,Conservador,Guernsey
82263,YouTube Ads,2024-03-14,Não Convertido,,0.0,Moderado,Marshall Islands
82264,Indicação,2024-03-16,Não Convertido,,0.0,Agressivo,Kyrgyz Republic
82265,Orgânico,2024-03-15,Não Convertido,,0.0,Agressivo,Marshall Islands
82266,Orgânico,2024-03-11,Não Convertido,,0.0,Agressivo,Comoros
82267,Indicação,2024-03-12,Convertido,27.0,7305.11,Desconhecido,Malawi
82268,Instagram,2024-03-11,Não Convertido,,0.0,Moderado,China
82269,Facebook,2024-03-13,Não Convertido,,0.0,Moderado,Guinea-Bissau
82270,YouTube Ads,2024-03-13,Não Convertido,,0.0,Agressivo,Guam
82271,Google Ads,2024-03-13,Não Convertido,,0.0,Moderado,Albania
82272,Facebook,2024-03-15,Não Convertido,,0.0,Agressivo,Vietnam
82273,YouTube Ads,2024-03-16,Não Convertido,,0.0,Conservador,Guernsey
82274,Google Ads,2024-03-13,Não Convertido,,0.0,Moderado,Brazil
82275,YouTube Ads,2024-03-15,Não Convertido,,0.0,Conservador,Korea
82276,TikTok,2024-03-13,Não Convertido,,0.0,Desconhecido,Rwanda
82277,YouTube Ads,2024-03-13,Não Convertido,,0.0,Moderado,Malawi
82278,Orgânico,2024-03-14,Não Convertido,,0.0,Desconhecido,Samoa
82279,Indicação,2024-03-11,Não Convertido,,0.0,Moderado,Guadeloupe
82280,TikTok,2024-03-15,Não Convertido,,0.0,Agressivo,Greece
82281,WhatsApp,2024-03-11,Não Convertido,,0.0,Desconhecido,Nicaragua
82282,WhatsApp,2024-03-13,Não Convertido,,0.0,Moderado,Netherlands
82283,YouTube Ads,2024-03-16,Não Convertido,,0.0,Desconhecido,Mongolia
82284,Orgânico,2024-03-12,Não Convertido,,0.0,Conservador,Sudan
82285,Google Ads,2024-03-11,Não Convertido,,0.0,Desconhecido,Japan
82286,Google Ads,2024-03-15,Não Convertido,,0.0,Moderado,Samoa
82287,Instagram,2024-03-12,Não Convertido,,0.0,Moderado,Guadeloupe
82288,YouTube Ads,2024-03-11,Não Convertido,,0.0,Conservador,Kyrgyz Republic
82289,E-mail Marketing,2024-03-13,Não Convertido,,0.0,Conservador,Nepal
82290,Orgânico,2024-03-15,Não Convertido,,0.0,Agressivo,Norway
82291,TikTok,2024-03-16,Não Convertido,,0.0,Agressivo,Northern Mariana Islands
82292,TikTok,2024-03-16,Não Convertido,,0.0,Conservador,Denmark
82293,Instagram,2024-03-13,Não Convertido,,0.0,Conservador,Oman
82294,Instagram,2024-03-13,Não Convertido,,0.0,Moderado,Egypt
82295,E-mail Marketing,2024-03-13,Não Convertido,,0.0,Moderado,Brazil
82296,E-mail Marketing,2024-03-15,Não Convertido,,0.0,Moderado,Uruguay
82297,Instagram,2024-03-11,Não Convertido,,0.0,Desconhecido,Iran
82298,Indicação,2024-03-15,Não Convertido,,0.0,Agressivo,Kenya
82299,Google Ads,2024-03-12,Não Convertido,,0.0,Moderado,Afghanistan
82300,Google Ads,2024-03-15,Não Convertido,,0.0,Agressivo,Venezuela
82301,Instagram,2024-03-13,Não Convertido,,0.0,Moderado,Luxembourg
82302,E-mail Marketing,2024-03-16,Não Convertido,,0.0,Agressivo,Malawi
82303,YouTube Ads,2024-03-11,Não Convertido,,0.0,Moderado,Congo
82304,Orgânico,2024-03-16,Não Convertido,,0.0,Desconhecido,Reunion
82305,TikTok,2024-03-13,Não Convertido,,0.0,Agressivo,Saudi Arabia
82306,Orgânico,2024-03-11,Não Convertido,,0.0,Conservador,Albania
82307,Instagram,2024-03-16,Não Convertido,,0.0,Moderado,Germany
82308,YouTube Ads,2024-03-16,Não Convertido,,0.0,Conservador,Suriname
82309,Google Ads,2024-03-15,Não Convertido,,0.0,Conservador,Guinea
82310,WhatsApp,2024-03-13,Não Convertido,,0.0,Desconhecido,Hungary
82311,Orgânico,2024-03-14,Não Convertido,,0.0,Agressivo,Zimbabwe
82312,E-mail Marketing,2024-03-11,Não Convertido,,0.0,Conservador,Anguilla
82313,TikTok,2024-03-16,Não Convertido,,0.0,Conservador,Slovakia (Slovak Republic)
82314,Instagram,2024-03-14,Não Convertido,,0.0,Moderado,Papua New Guinea
82315,TikTok,2024-03-14,Não Convertido,,0.0,Moderado,Bolivia
82316,Instagram,2024-03-11,Não Convertido,,0.0,Desconhecido,Grenada
82317,Orgânico,2024-03-12,Não Convertido,,0.0,Agressivo,Senegal
82318,Facebook,2024-03-11,Não Convertido,,0.0,Moderado,Armenia
82319,YouTube Ads,2024-03-11,Não Convertido,,0.0,Conservador,Norfolk Island
82320,Orgânico,2024-03-11,Não Convertido,,0.0,Agressivo,Montserrat
82321,Orgânico,2024-03-13,Não Convertido,,0.0,Moderado,Guadeloupe
82322,Orgânico,2024-03-15,Não Convertido,,0.0,Agressivo,Djibouti
82323,TikTok,2024-03-13,Não Convertido,,0.0,Conservador,Zimbabwe
82324,TikTok,2024-03-13,Não Convertido,,0.0,Moderado,Moldova
82325,YouTube Ads,2024-03-12,Não Convertido,,0.0,Agressivo,United States Virgin Islands
82326,Facebook,2024-03-12,Não Convertido,,0.0,Conservador,Mexico
82327,Google Ads,2024-03-12,Não Convertido,,0.0,Conservador,Serbia
82328,Orgânico,2024-03-11,Não Convertido,,0.0,Desconhecido,Guadeloupe
82329,Google Ads,2024-03-13,Não Convertido,,0.0,Moderado,Bhutan
82330,YouTube Ads,2024-03-12,Não Convertido,,0.0,Moderado,Dominican Republic
82331,E-mail Marketing,2024-03-14,Convertido,5.0,5666.19,Agressivo,Romania
82332,TikTok,2024-03-15,Não Convertido,,0.0,Conservador,Djibouti
82333,YouTube Ads,2024-03-13,Não Convertido,,0.0,Agressivo,Bulgaria
82334,Instagram,2024-03-12,Não Convertido,,0.0,Conservador,Lebanon
82335,Orgânico,2024-03-16,Não Convertido,,0.0,Desconhecido,Panama
82336,WhatsApp,2024-03-11,Não Convertido,,0.0,Moderado,Malawi
82337,WhatsApp,2024-03-12,Convertido,6.0,1245.19,Moderado,Heard Island and McDonald Islands
82338,Google Ads,2024-03-12,Não Convertido,,0.0,Moderado,Angola
82339,TikTok,2024-03-15,Não Convertido,,0.0,Moderado,Grenada
82340,Facebook,2024-03-13,Não Convertido,,0.0,Moderado,Aruba
82341,E-mail Marketing,2024-03-11,Convertido,6.0,8961.75,Moderado,Burkina Faso
82342,Orgânico,2024-03-11,Não Convertido,,0.0,Desconhecido,Tuvalu
82343,Google Ads,2024-03-14,Não Convertido,,0.0,Agressivo,Lebanon
82344,Instagram,2024-03-14,Não Convertido,,0.0,Agressivo,Liberia
82345,WhatsApp,2024-03-15,Não Convertido,,0.0,Moderado,India
82346,Orgânico,2024-03-13,Não Convertido,,0.0,Conservador,Lao People's Democratic Republic
82347,E-mail Marketing,2024-03-13,Não Convertido,,0.0,Moderado,Tajikistan
82348,Instagram,2024-03-15,Não Convertido,,0.0,Moderado,Qatar
82349,TikTok,2024-03-13,Não Convertido,,0.0,Desconhecido,Northern Mariana Islands
82350,E-mail Marketing,2024-03-11,Não Convertido,,0.0,Agressivo,Montenegro
82351,Google Ads,2024-03-16,Não Convertido,,0.0,Moderado,Belgium
82352,YouTube Ads,2024-03-12,Não Convertido,,0.0,Moderado,Australia
82353,TikTok,2024-03-13,Não Convertido,,0.0,Moderado,Grenada
82354,Google Ads,2024-03-14,Não Convertido,,0.0,Moderado,New Caledonia
82355,E-mail Marketing,2024-03-16,Não Convertido,,0.0,Agressivo,Sri Lanka
82356,Indicação,2024-03-12,Não Convertido,,0.0,Moderado,Barbados
82357,Instagram,2024-03-12,Não Convertido,,0.0,Moderado,South Georgia and the South Sandwich Islands
82358,Orgânico,2024-03-14,Não Convertido,,0.0,Agressivo,Mongolia
82359,Instagram,2024-03-14,Não Convertido,,0.0,Desconhecido,French Polynesia
82360,E-mail Marketing,2024-03-15,Não Convertido,,0.0,Conservador,North Macedonia
82361,WhatsApp,2024-03-16,Não Convertido,,0.0,Desconhecido,Anguilla
82362,Orgânico,2024-03-15,Não Convertido,,0.0,Moderado,Tuvalu
82363,Facebook,2024-03-12,Não Convertido,,0.0,Moderado,Croatia
82364,E-mail Marketing,2024-03-12,Não Convertido,,0.0,Moderado,Czech Republic
82365,TikTok,2024-03-16,Não Convertido,,0.0,Moderado,Senegal
82366,Facebook,2024-03-12,Não Convertido,,0.0,Conservador,Svalbard & Jan Mayen Islands
82367,Instagram,2024-03-12,Não Convertido,,0.0,Agressivo,Benin
82368,TikTok,2024-03-15,Não Convertido,,0.0,Moderado,Chad
82369,Facebook,2024-03-13,Não Convertido,,0.0,Agressivo,Tunisia
82370,E-mail Marketing,2024-03-14,Não Convertido,,0.0,Agressivo,El Salvador
82371,E-mail Marketing,2024-03-12,Não Convertido,,0.0,Agressivo,Monaco
82372,Google Ads,2024-03-16,Não Convertido,,0.0,Agressivo,Anguilla
82373,Instagram,2024-03-11,Não Convertido,,0.0,Conservador,Wallis and Futuna
82374,Orgânico,2024-03-11,Não Convertido,,0.0,Agressivo,Western Sahara
82375,Instagram,2024-03-14,Não Convertido,,0.0,Moderado,Angola
82376,Instagram,2024-03-16,Não Convertido,,0.0,Desconhecido,Macao
82377,E-mail Marketing,2024-03-16,Não Convertido,,0.0,Agressivo,Mauritius
82378,Instagram,2024-03-12,Não Convertido,,0.0,Conservador,Christmas Island
82379,TikTok,2024-03-14,Não Convertido,,0.0,Moderado,Kiribati
82380,Google Ads,2024-03-16,Convertido,2.0,1645.8,Agressivo,Nicaragua
82381,Facebook,2024-03-15,Não Convertido,,0.0,Conservador,United Kingdom
82382,Facebook,2024-03-15,Não Convertido,,0.0,Moderado,Lesotho
82383,E-mail Marketing,2024-03-13,Não Convertido,,0.0,Conservador,Nicaragua
82384,E-mail Marketing,2024-03-13,Não Convertido,,0.0,Moderado,New Caledonia
82385,TikTok,2024-03-15,Não Convertido,,0.0,Conservador,French Guiana
82386,E-mail Marketing,2024-03-15,Não Convertido,,0.0,Agressivo,Solomon Islands
82387,Orgânico,2024-03-13,Convertido,21.0,140.65,Moderado,Saint Vincent and the Grenadines
82388,WhatsApp,2024-03-16,Convertido,24.0,7603.97,Desconhecido,Grenada
82389,Google Ads,2024-03-16,Não Convertido,,0.0,Conservador,Haiti
82390,Orgânico,2024-03-12,Não Convertido,,0.0,Agressivo,Dominican Republic
82391,Google Ads,2024-03-16,Não Convertido,,0.0,Conservador,British Virgin Islands
82392,Instagram,2024-03-12,Não Convertido,,0.0,Moderado,Cameroon
82393,Facebook,2024-03-13,Não Convertido,,0.0,Agressivo,French Guiana
82394,Facebook,2024-03-15,Não Convertido,,0.0,Agressivo,South Georgia and the South Sandwich Islands
82395,Indicação,2024-03-11,Não Convertido,,0.0,Agressivo,Cape Verde
82396,WhatsApp,2024-03-13,Não Convertido,,0.0,Moderado,South Georgia and the South Sandwich Islands
82397,Google Ads,2024-03-15,Não Convertido,,0.0,Agressivo,Botswana
82398,Google Ads,2024-03-15,Não Convertido,,0.0,Moderado,Panama
82399,TikTok,2024-03-15,Não Convertido,,0.0,Moderado,Cambodia
82400,Instagram,2024-03-12,Não Convertido,,0.0,Conservador,Jamaica
82401,Facebook,2024-03-12,Não Convertido,,0.0,Conservador,Namibia
82402,Orgânico,2024-03-12,Não Convertido,,0.0,Moderado,Malawi
82403,Facebook,2024-03-13,Não Convertido,,0.0,Moderado,Burkina Faso
82404,Google Ads,2024-03-16,Não Convertido,,0.0,Agressivo,Malta
82405,Instagram,2024-03-11,Não Convertido,,0.0,Conservador,Liechtenstein
82406,Orgânico,2024-03-13,Não Convertido,,0.0,Conservador,Somalia
82407,TikTok,2024-03-13,Não Convertido,,0.0,Agressivo,Liberia
82408,Google Ads,2024-03-13,Não Convertido,,0.0,Desconhecido,Portugal
82409,Orgânico,2024-03-14,Não Convertido,,0.0,Moderado,British Indian Ocean Territory (Chagos Archipelago)
82410,Orgânico,2024-03-14,Não Convertido,,0.0,Conservador,Turks and Caicos Islands
82411,E-mail Marketing,2024-03-11,Não Convertido,,0.0,Moderado,Bosnia and Herzegovina
82412,YouTube Ads,2024-03-13,Não Convertido,,0.0,Agressivo,Sweden
82413,Indicação,2024-03-12,Não Convertido,,0.0,Agressivo,Algeria
82414,TikTok,2024-03-14,Não Convertido,,0.0,Conservador,Honduras
82415,E-mail Marketing,2024-03-15,Não Convertido,,0.0,Conservador,Yemen
82416,YouTube Ads,2024-03-16,Não Convertido,,0.0,Conservador,Bahrain
82417,Google Ads,2024-03-15,Não Convertido,,0.0,Conservador,Monaco
82418,Facebook,2024-03-14,Não Convertido,,0.0,Moderado,United States of America
82419,Facebook,2024-03-16,Não Convertido,,0.0,Agressivo,Saint Barthelemy
82420,Orgânico,2024-03-16,Não Convertido,,0.0,Moderado,El Salvador
82421,Google Ads,2024-03-11,Não Convertido,,0.0,Conservador,Palestinian Territory
82422,Facebook,2024-03-11,Não Convertido,,0.0,Agressivo,Saudi Arabia
82423,TikTok,2024-03-13,Não Convertido,,0.0,Moderado,Italy
82424,TikTok,2024-03-12,Não Convertido,,0.0,Moderado,Barbados
82425,Orgânico,2024-03-13,Não Convertido,,0.0,Conservador,Hong Kong
82426,Google Ads,2024-03-13,Não Convertido,,0.0,Desconhecido,American Samoa
82427,Instagram,2024-03-13,Não Convertido,,0.0,Moderado,Brazil
82428,Orgânico,2024-03-12,Não Convertido,,0.0,Agressivo,France
82429,Instagram,2024-03-13,Não Convertido,,0.0,Desconhecido,Philippines
82430,Facebook,2024-03-14,Não Convertido,,0.0,Conservador,Saint Pierre and Miquelon
82431,TikTok,2024-03-12,Não Convertido,,0.0,Conservador,South Africa
82432,Instagram,2024-03-16,Não Convertido,,0.0,Conservador,Andorra
82433,E-mail Marketing,2024-03-14,Não Convertido,,0.0,Agressivo,Tonga
82434,TikTok,2024-03-15,Não Convertido,,0.0,Conservador,Antarctica (the territory South of 60 deg S)
82435,E-mail Marketing,2024-03-12,Convertido,23.0,1623.69,Agressivo,Guatemala
82436,Orgânico,2024-03-14,Convertido,5.0,7702.84,Agressivo,Norway
82437,Orgânico,2024-03-16,Não Convertido,,0.0,Desconhecido,Cook Islands
82438,Facebook,2024-03-12,Não Convertido,,0.0,Moderado,Togo
82439,WhatsApp,2024-03-16,Não Convertido,,0.0,Moderado,Korea
82440,Instagram,2024-03-14,Não Convertido,,0.0,Moderado,Egypt
82441,E-mail Marketing,2024-03-12,Não Convertido,,0.0,Conservador,Turks and Caicos Islands
82442,Instagram,2024-03-14,Não Convertido,,0.0,Agressivo,Bouvet Island (Bouvetoya)
82443,Google Ads,2024-03-12,Não Convertido,,0.0,Moderado,Mexico
82444,TikTok,2024-03-14,Não Convertido,,0.0,Desconhecido,Moldova
82445,E-mail Marketing,2024-03-12,Não Convertido,,0.0,Conservador,Saint Vincent and the Grenadines
82446,Instagram,2024-03-15,Não Convertido,,0.0,Conservador,Iraq
82447,Orgânico,2024-03-11,Não Convertido,,0.0,Agressivo,Sao Tome and Principe
82448,Instagram,2024-03-16,Não Convertido,,0.0,Moderado,Niger
82449,TikTok,2024-03-13,Não Convertido,,0.0,Moderado,Burkina Faso
82450,Facebook,2024-03-13,Não Convertido,,0.0,Agressivo,Poland
82451,YouTube Ads,2024-03-12,Não Convertido,,0.0,Moderado,Turkmenistan
82452,Orgânico,2024-03-15,Não Convertido,,0.0,Agressivo,Dominica
82453,Instagram,2024-03-14,Não Convertido,,0.0,Desconhecido,Tuvalu
82454,TikTok,2024-03-16,Não Convertido,,0.0,Moderado,Rwanda
82455,Indicação,2024-03-15,Não Convertido,,0.0,Agressivo,India
82456,YouTube Ads,2024-03-16,Não Convertido,,0.0,Conservador,Armenia
82457,YouTube Ads,2024-03-13,Não Convertido,,0.0,Desconhecido,Jordan
82458,Orgânico,2024-03-13,Não Convertido,,0.0,Moderado,Turkey
82459,Google Ads,2024-03-11,Convertido,24.0,8103.19,Agressivo,Bolivia
82460,YouTube Ads,2024-03-13,Não Convertido,,0.0,Agressivo,United States of America
82461,Instagram,2024-03-16,Não Convertido,,0.0,Agressivo,Australia
82462,TikTok,2024-03-11,Não Convertido,,0.0,Moderado,Korea
82463,Google Ads,2024-03-14,Não Convertido,,0.0,Conservador,Nigeria
82464,Facebook,2024-03-15,Não Convertido,,0.0,Agressivo,Colombia
82465,E-mail Marketing,2024-03-12,Não Convertido,,0.0,Moderado,Grenada
82466,E-mail Marketing,2024-03-16,Não Convertido,,0.0,Agressivo,Jamaica
82467,E-mail Marketing,2024-03-12,Não Convertido,,0.0,Agressivo,Burkina Faso
82468,Orgânico,2024-03-11,Convertido,13.0,3556.2,Moderado,Chile
82469,Instagram,2024-03-15,Não Convertido,,0.0,Moderado,Iceland
82470,TikTok,2024-03-14,Não Convertido,,0.0,Conservador,Korea
82471,E-mail Marketing,2024-03-13,Não Convertido,,0.0,Conservador,Mali
82472,WhatsApp,2024-03-14,Não Convertido,,0.0,Moderado,Congo
82473,Instagram,2024-03-13,Não Convertido,,0.0,Moderado,Venezuela
82474,Orgânico,2024-03-12,Não Convertido,,0.0,Moderado,Papua New Guinea
82475,Orgânico,2024-03-14,Não Convertido,,0.0,Moderado,Eritrea
82476,Instagram,2024-03-16,Não Convertido,,0.0,Desconhecido,Guyana
82477,Indicação,2024-03-11,Não Convertido,,0.0,Agressivo,Israel
82478,Orgânico,2024-03-13,Não Convertido,,0.0,Moderado,Senegal
82479,Instagram,2024-03-16,Não Convertido,,0.0,Moderado,Albania
82480,E-mail Marketing,2024-03-16,Não Convertido,,0.0,Agressivo,Cayman Islands
82481,WhatsApp,2024-03-11,Não Convertido,,0.0,Conservador,Antigua and Barbuda
82482,Instagram,2024-03-11,Não Convertido,,0.0,Agressivo,Libyan Arab Jamahiriya
82483,Orgânico,2024-03-14,Não Convertido,,0.0,Moderado,Bangladesh
82484,Google Ads,2024-03-11,Não Convertido,,0.0,Conservador,Zambia
82485,E-mail Marketing,2024-03-14,Não Convertido,,0.0,Conservador,Trinidad and Tobago
82486,E-mail Marketing,2024-03-13,Não Convertido,,0.0,Desconhecido,Greece
82487,Facebook,2024-03-16,Não Convertido,,0.0,Moderado,Morocco
82488,TikTok,2024-03-12,Não Convertido,,0.0,Agressivo,Puerto Rico
82489,Instagram,2024-03-11,Não Convertido,,0.0,Conservador,Tanzania
82490,Orgânico,2024-03-14,Não Convertido,,0.0,Moderado,Hungary
82491,Orgânico,2024-03-15,Não Convertido,,0.0,Agressivo,Equatorial Guinea
82492,Orgânico,2024-03-15,Não Convertido,,0.0,Moderado,Paraguay
82493,Instagram,2024-03-13,Não Convertido,,0.0,Agressivo,Egypt
82494,TikTok,2024-03-14,Não Convertido,,0.0,Moderado,Taiwan
82495,E-mail Marketing,2024-03-11,Não Convertido,,0.0,Moderado,Isle of Man
82496,Facebook,2024-03-16,Não Convertido,,0.0,Moderado,Cyprus
82497,TikTok,2024-03-11,Não Convertido,,0.0,Agressivo,United States of America
82498,Google Ads,2024-03-12,Não Convertido,,0.0,Conservador,Eritrea
82499,Instagram,2024-03-13,Não Convertido,,0.0,Agressivo,Botswana
82500,YouTube Ads,2024-03-16,Não Convertido,,0.0,Moderado,Sudan
82501,TikTok,2024-03-12,Convertido,15.0,1924.12,Conservador,Ukraine
82502,E-mail Marketing,2024-03-16,Convertido,18.0,9502.7,Agressivo,Dominica
82503,TikTok,2024-03-11,Não Convertido,,0.0,Agressivo,Mayotte
82504,E-mail Marketing,2024-03-15,Convertido,6.0,6878.71,Moderado,Iraq
82505,Indicação,2024-03-16,Não Convertido,,0.0,Moderado,Swaziland
82506,YouTube Ads,2024-03-16,Não Convertido,,0.0,Moderado,Austria
82507,Google Ads,2024-03-12,Não Convertido,,0.0,Agressivo,France
82508,E-mail Marketing,2024-03-14,Não Convertido,,0.0,Agressivo,Trinidad and Tobago
82509,TikTok,2024-03-11,Não Convertido,,0.0,Conservador,Mozambique
82510,Google Ads,2024-03-16,Não Convertido,,0.0,Desconhecido,Angola
82511,E-mail Marketing,2024-03-16,Não Convertido,,0.0,Moderado,Taiwan
82512,E-mail Marketing,2024-03-13,Não Convertido,,0.0,Desconhecido,Bangladesh
82513,Facebook,2024-03-11,Não Convertido,,0.0,Moderado,Austria
82514,Instagram,2024-03-13,Não Convertido,,0.0,Agressivo,Gibraltar
82515,TikTok,2024-03-14,Não Convertido,,0.0,Moderado,Palestinian Territory
82516,YouTube Ads,2024-03-14,Não Convertido,,0.0,Agressivo,Armenia
82517,WhatsApp,2024-03-13,Não Convertido,,0.0,Agressivo,Solomon Islands
82518,WhatsApp,2024-03-15,Não Convertido,,0.0,Conservador,Tanzania
82519,TikTok,2024-03-13,Não Convertido,,0.0,Moderado,Honduras
82520,Google Ads,2024-03-11,Não Convertido,,0.0,Moderado,Zimbabwe
82521,Facebook,2024-03-12,Não Convertido,,0.0,Agressivo,Bolivia
82522,TikTok,2024-03-11,Não Convertido,,0.0,Conservador,Bolivia
82523,Indicação,2024-03-14,Não Convertido,,0.0,Agressivo,Djibouti
82524,Orgânico,2024-03-13,Não Convertido,,0.0,Agressivo,Ethiopia
82525,YouTube Ads,2024-03-13,Não Convertido,,0.0,Agressivo,Uganda
82526,Google Ads,2024-03-11,Não Convertido,,0.0,Conservador,French Southern Territories
82527,YouTube Ads,2024-03-12,Não Convertido,,0.0,Moderado,United Arab Emirates
82528,YouTube Ads,2024-03-15,Convertido,9.0,5362.37,Desconhecido,Jordan
82529,Instagram,2024-03-13,Não Convertido,,0.0,Moderado,Australia
82530,Orgânico,2024-03-12,Não Convertido,,0.0,Moderado,India
82531,TikTok,2024-03-11,Não Convertido,,0.0,Desconhecido,Sri Lanka
82532,Instagram,2024-03-12,Não Convertido,,0.0,Desconhecido,Malaysia
82533,WhatsApp,2024-03-16,Não Convertido,,0.0,Agressivo,Yemen
82534,Orgânico,2024-03-11,Não Convertido,,0.0,Conservador,Heard Island and McDonald Islands
82535,Orgânico,2024-03-14,Não Convertido,,0.0,Moderado,Luxembourg
82536,WhatsApp,2024-03-13,Não Convertido,,0.0,Moderado,Marshall Islands
82537,E-mail Marketing,2024-03-16,Não Convertido,,0.0,Moderado,Northern Mariana Islands
82538,TikTok,2024-03-15,Não Convertido,,0.0,Moderado,Sweden
82539,Orgânico,2024-03-13,Não Convertido,,0.0,Conservador,Bhutan
82540,Google Ads,2024-03-13,Não Convertido,,0.0,Agressivo,Turks and Caicos Islands
82541,Orgânico,2024-03-15,Não Convertido,,0.0,Moderado,Niue
82542,WhatsApp,2024-03-13,Não Convertido,,0.0,Desconhecido,Estonia
82543,Orgânico,2024-03-11,Não Convertido,,0.0,Conservador,Lithuania
82544,Orgânico,2024-03-11,Não Convertido,,0.0,Agressivo,United States Virgin Islands
82545,Facebook,2024-03-14,Não Convertido,,0.0,Agressivo,Angola
82546,Google Ads,2024-03-13,Não Convertido,,0.0,Conservador,Nicaragua
82547,Orgânico,2024-03-16,Não Convertido,,0.0,Agressivo,Namibia
82548,WhatsApp,2024-03-11,Não Convertido,,0.0,Desconhecido,Saudi Arabia
82549,TikTok,2024-03-16,Não Convertido,,0.0,Agressivo,Malawi
82550,Orgânico,2024-03-12,Não Convertido,,0.0,Moderado,Eritrea
82551,Orgânico,2024-03-12,Não Convertido,,0.0,Conservador,Peru
82552,YouTube Ads,2024-03-16,Não Convertido,,0.0,Agressivo,Latvia
82553,Instagram,2024-03-11,Não Convertido,,0.0,Moderado,Andorra
82554,YouTube Ads,2024-03-12,Não Convertido,,0.0,Conservador,Liberia
82555,Google Ads,2024-03-14,Não Convertido,,0.0,Conservador,Djibouti
82556,Facebook,2024-03-11,Não Convertido,,0.0,Conservador,Suriname
82557,Indicação,2024-03-15,Não Convertido,,0.0,Moderado,Mexico
82558,TikTok,2024-03-15,Não Convertido,,0.0,Moderado,Turks and Caicos Islands
82559,E-mail Marketing,2024-03-12,Não Convertido,,0.0,Desconhecido,Bulgaria
82560,YouTube Ads,2024-03-11,Não Convertido,,0.0,Moderado,Burundi
82561,TikTok,2024-03-12,Não Convertido,,0.0,Desconhecido,Trinidad and Tobago
82562,WhatsApp,2024-03-12,Não Convertido,,0.0,Conservador,Jordan
82563,Google Ads,2024-03-12,Não Convertido,,0.0,Conservador,Mauritania
82564,Orgânico,2024-03-12,Não Convertido,,0.0,Conservador,France
82565,Instagram,2024-03-14,Não Convertido,,0.0,Conservador,Brunei Darussalam
82566,Orgânico,2024-03-13,Não Convertido,,0.0,Moderado,Greenland
82567,TikTok,2024-03-15,Não Convertido,,0.0,Agressivo,Svalbard & Jan Mayen Islands
82568,YouTube Ads,2024-03-16,Não Convertido,,0.0,Agressivo,Lebanon
82569,E-mail Marketing,2024-03-11,Não Convertido,,0.0,Moderado,Argentina
82570,Orgânico,2024-03-12,Não Convertido,,0.0,Moderado,Italy
82571,Orgânico,2024-03-15,Não Convertido,,0.0,Agressivo,Bouvet Island (Bouvetoya)
82572,E-mail Marketing,2024-03-14,Não Convertido,,0.0,Desconhecido,Seychelles
82573,Orgânico,2024-03-15,Não Convertido,,0.0,Conservador,China
82574,WhatsApp,2024-03-11,Convertido,29.0,4405.96,Agressivo,Saint Pierre and Miquelon
82575,TikTok,2024-03-11,Não Convertido,,0.0,Desconhecido,Bangladesh
82576,Orgânico,2024-03-14,Não Convertido,,0.0,Agressivo,Canada
82577,Instagram,2024-03-13,Não Convertido,,0.0,Agressivo,Kiribati
82578,E-mail Marketing,2024-03-16,Não Convertido,,0.0,Moderado,United States Virgin Islands
82579,TikTok,2024-03-11,Convertido,27.0,2211.55,Agressivo,Lao People's Democratic Republic
82580,YouTube Ads,2024-03-15,Não Convertido,,0.0,Moderado,Saint Pierre and Miquelon
82581,Indicação,2024-03-13,Não Convertido,,0.0,Moderado,Denmark
82582,Orgânico,2024-03-15,Não Convertido,,0.0,Conservador,Congo
82583,Google Ads,2024-03-11,Não Convertido,,0.0,Moderado,United States of America
82584,TikTok,2024-03-13,Não Convertido,,0.0,Desconhecido,Japan
82585,Google Ads,2024-03-12,Não Convertido,,0.0,Agressivo,Iceland
82586,TikTok,2024-03-16,Não Convertido,,0.0,Moderado,Sudan
82587,TikTok,2024-03-15,Não Convertido,,0.0,Moderado,France
82588,Google Ads,2024-03-11,Não Convertido,,0.0,Moderado,Denmark
82589,Orgânico,2024-03-11,Não Convertido,,0.0,Conservador,Albania
82590,Indicação,2024-03-16,Convertido,3.0,5819.12,Agressivo,Ecuador
82591,TikTok,2024-03-16,Não Convertido,,0.0,Agressivo,Brazil
82592,WhatsApp,2024-03-14,Não Convertido,,0.0,Moderado,Netherlands
82593,Instagram,2024-03-14,Não Convertido,,0.0,Moderado,Israel
82594,Orgânico,2024-03-11,Não Convertido,,0.0,Agressivo,Montenegro
82595,Google Ads,2024-03-11,Não Convertido,,0.0,Moderado,Mayotte
82596,Orgânico,2024-03-16,Não Convertido,,0.0,Agressivo,Zimbabwe
82597,WhatsApp,2024-03-14,Não Convertido,,0.0,Moderado,Belize
82598,Orgânico,2024-03-16,Não Convertido,,0.0,Desconhecido,Panama
82599,YouTube Ads,2024-03-16,Não Convertido,,0.0,Moderado,Greenland
82600,E-mail Marketing,2024-03-13,Não Convertido,,0.0,Desconhecido,Latvia
82601,TikTok,2024-03-16,Não Convertido,,0.0,Agressivo,Fiji
82602,Facebook,2024-03-11,Não Convertido,,0.0,Moderado,Estonia
82603,Instagram,2024-03-14,Não Convertido,,0.0,Moderado,Aruba
82604,Google Ads,2024-03-15,Não Convertido,,0.0,Moderado,Hungary
82605,E-mail Marketing,2024-03-16,Não Convertido,,0.0,Conservador,Guyana
82606,Orgânico,2024-03-13,Não Convertido,,0.0,Moderado,Italy
82607,Orgânico,2024-03-13,Não Convertido,,0.0,Conservador,Austria
82608,E-mail Marketing,2024-03-14,Não Convertido,,0.0,Moderado,Belize
82609,WhatsApp,2024-03-15,Não Convertido,,0.0,Moderado,Mongolia
82610,Orgânico,2024-03-13,Não Convertido,,0.0,Moderado,Palestinian Territory
82611,Orgânico,2024-03-16,Não Convertido,,0.0,Conservador,Moldova
82612,WhatsApp,2024-03-12,Não Convertido,,0.0,Agressivo,Uruguay
82613,WhatsApp,2024-03-14,Convertido,9.0,2210.19,Moderado,Liberia
82614,Facebook,2024-03-11,Convertido,6.0,6037.35,Agressivo,Lithuania
82615,Facebook,2024-03-13,Não Convertido,,0.0,Moderado,Ukraine
82616,Instagram,2024-03-16,Não Convertido,,0.0,Agressivo,Colombia
82617,Indicação,2024-03-15,Convertido,2.0,4091.54,Moderado,Canada
82618,Instagram,2024-03-11,Não Convertido,,0.0,Moderado,Gabon
82619,Facebook,2024-03-15,Não Convertido,,0.0,Agressivo,Australia
82620,Google Ads,2024-03-15,Não Convertido,,0.0,Moderado,Equatorial Guinea
82621,Google Ads,2024-03-13,Não Convertido,,0.0,Desconhecido,Japan
82622,Orgânico,2024-03-11,Não Convertido,,0.0,Agressivo,Cambodia
82623,YouTube Ads,2024-03-11,Não Convertido,,0.0,Conservador,Bolivia
82624,TikTok,2024-03-13,Não Convertido,,0.0,Agressivo,Marshall Islands
82625,Indicação,2024-03-11,Não Convertido,,0.0,Agressivo,Uruguay
82626,YouTube Ads,2024-03-11,Não Convertido,,0.0,Conservador,Latvia
82627,Google Ads,2024-03-14,Não Convertido,,0.0,Moderado,Niue
82628,TikTok,2024-03-11,Convertido,4.0,1675.68,Moderado,Chad
82629,E-mail Marketing,2024-03-16,Não Convertido,,0.0,Moderado,Niger
82630,Facebook,2024-03-14,Não Convertido,,0.0,Conservador,Italy
82631,Instagram,2024-03-14,Não Convertido,,0.0,Desconhecido,Uruguay
82632,Orgânico,2024-03-12,Não Convertido,,0.0,Desconhecido,Afghanistan
82633,Instagram,2024-03-15,Não Convertido,,0.0,Conservador,Pitcairn Islands
82634,Google Ads,2024-03-13,Não Convertido,,0.0,Desconhecido,Togo
82635,YouTube Ads,2024-03-15,Não Convertido,,0.0,Conservador,Cote d'Ivoire
82636,Indicação,2024-03-13,Não Convertido,,0.0,Agressivo,Korea
82637,YouTube Ads,2024-03-15,Não Convertido,,0.0,Desconhecido,Estonia
82638,TikTok,2024-03-13,Não Convertido,,0.0,Agressivo,France
82639,Instagram,2024-03-12,Não Convertido,,0.0,Moderado,United States of America
82640,YouTube Ads,2024-03-12,Não Convertido,,0.0,Agressivo,Turkey
82641,Indicação,2024-03-16,Não Convertido,,0.0,Agressivo,Mayotte
82642,YouTube Ads,2024-03-14,Não Convertido,,0.0,Agressivo,Kuwait
82643,E-mail Marketing,2024-03-11,Não Convertido,,0.0,Conservador,Jordan
82644,TikTok,2024-03-15,Não Convertido,,0.0,Moderado,Djibouti
82645,TikTok,2024-03-13,Não Convertido,,0.0,Conservador,Nicaragua
82646,YouTube Ads,2024-03-15,Não Convertido,,0.0,Moderado,Palau
82647,YouTube Ads,2024-03-12,Não Convertido,,0.0,Agressivo,Maldives
82648,Orgânico,2024-03-11,Não Convertido,,0.0,Moderado,Cambodia
82649,YouTube Ads,2024-03-15,Não Convertido,,0.0,Moderado,New Zealand
82650,Google Ads,2024-03-13,Não Convertido,,0.0,Agressivo,South Africa
82651,TikTok,2024-03-13,Não Convertido,,0.0,Agressivo,Chile
82652,E-mail Marketing,2024-03-12,Convertido,10.0,1497.04,Conservador,Kazakhstan
82653,E-mail Marketing,2024-03-15,Não Convertido,,0.0,Agressivo,Maldives
82654,Google Ads,2024-03-15,Não Convertido,,0.0,Agressivo,Panama
82655,WhatsApp,2024-03-13,Não Convertido,,0.0,Moderado,Bouvet Island (Bouvetoya)
82656,Instagram,2024-03-11,Não Convertido,,0.0,Moderado,Bolivia
82657,WhatsApp,2024-03-12,Não Convertido,,0.0,Moderado,Saint Vincent and the Grenadines
82658,YouTube Ads,2024-03-13,Não Convertido,,0.0,Moderado,Taiwan
82659,WhatsApp,2024-03-13,Não Convertido,,0.0,Moderado,United Arab Emirates
82660,Instagram,2024-03-12,Não Convertido,,0.0,Desconhecido,Burundi
82661,Instagram,2024-03-12,Não Convertido,,0.0,Agressivo,Jersey
82662,Google Ads,2024-03-14,Não Convertido,,0.0,Moderado,Holy See (Vatican City State)
82663,Orgânico,2024-03-12,Não Convertido,,0.0,Conservador,Greece
82664,YouTube Ads,2024-03-15,Convertido,12.0,3244.55,Desconhecido,Saint Martin
82665,Indicação,2024-03-16,Convertido,20.0,2620.16,Moderado,Mexico
82666,YouTube Ads,2024-03-13,Não Convertido,,0.0,Moderado,Indonesia
82667,Instagram,2024-03-13,Não Convertido,,0.0,Moderado,Serbia
82668,Google Ads,2024-03-13,Não Convertido,,0.0,Conservador,French Polynesia
82669,TikTok,2024-03-13,Não Convertido,,0.0,Desconhecido,Martinique
82670,Facebook,2024-03-11,Não Convertido,,0.0,Moderado,Argentina
82671,Instagram,2024-03-14,Não Convertido,,0.0,Desconhecido,Denmark
82672,Facebook,2024-03-12,Não Convertido,,0.0,Conservador,Kiribati
82673,WhatsApp,2024-03-16,Não Convertido,,0.0,Agressivo,Ireland
82674,Instagram,2024-03-15,Não Convertido,,0.0,Conservador,Dominican Republic
82675,YouTube Ads,2024-03-13,Não Convertido,,0.0,Moderado,Nicaragua
82676,YouTube Ads,2024-03-16,Não Convertido,,0.0,Moderado,Cook Islands
82677,E-mail Marketing,2024-03-11,Não Convertido,,0.0,Moderado,Spain
82678,Indicação,2024-03-13,Não Convertido,,0.0,Conservador,Aruba
82679,Orgânico,2024-03-16,Não Convertido,,0.0,Moderado,Suriname
82680,WhatsApp,2024-03-14,Não Convertido,,0.0,Moderado,Martinique
82681,E-mail Marketing,2024-03-13,Não Convertido,,0.0,Moderado,Isle of Man
82682,Orgânico,2024-03-13,Não Convertido,,0.0,Desconhecido,Swaziland
82683,Google Ads,2024-03-13,Não Convertido,,0.0,Agressivo,Anguilla
82684,Facebook,2024-03-12,Não Convertido,,0.0,Agressivo,San Marino
82685,YouTube Ads,2024-03-11,Não Convertido,,0.0,Moderado,Libyan Arab Jamahiriya
82686,Indicação,2024-03-15,Não Convertido,,0.0,Desconhecido,Togo
82687,WhatsApp,2024-03-12,Não Convertido,,0.0,Conservador,Ecuador
82688,Google Ads,2024-03-14,Não Convertido,,0.0,Agressivo,Zimbabwe
82689,Instagram,2024-03-16,Não Convertido,,0.0,Conservador,Kenya
82690,TikTok,2024-03-15,Convertido,4.0,7530.68,Conservador,Djibouti
82691,Instagram,2024-03-12,Não Convertido,,0.0,Desconhecido,Mozambique
82692,YouTube Ads,2024-03-13,Não Convertido,,0.0,Conservador,Uruguay
82693,Google Ads,2024-03-11,Não Convertido,,0.0,Desconhecido,Denmark
82694,YouTube Ads,2024-03-12,Não Convertido,,0.0,Agressivo,Nepal
82695,TikTok,2024-03-11,Não Convertido,,0.0,Moderado,Palau
82696,Google Ads,2024-03-15,Não Convertido,,0.0,Moderado,Christmas Island
82697,YouTube Ads,2024-03-13,Não Convertido,,0.0,Conservador,Algeria
82698,TikTok,2024-03-16,Não Convertido,,0.0,Agressivo,Belarus
82699,Indicação,2024-03-12,Não Convertido,,0.0,Moderado,San Marino
82700,Facebook,2024-03-12,Não Convertido,,0.0,Conservador,Lebanon
82701,E-mail Marketing,2024-03-11,Não Convertido,,0.0,Agressivo,Comoros
82702,Facebook,2024-03-11,Não Convertido,,0.0,Moderado,Zambia
82703,YouTube Ads,2024-03-13,Convertido,5.0,8244.0,Moderado,Pitcairn Islands
82704,WhatsApp,2024-03-11,Não Convertido,,0.0,Agressivo,Korea
82705,Google Ads,2024-03-15,Não Convertido,,0.0,Moderado,Germany
82706,E-mail Marketing,2024-03-14,Não Convertido,,0.0,Desconhecido,Moldova
82707,Instagram,2024-03-11,Não Convertido,,0.0,Desconhecido,Tunisia
82708,Orgânico,2024-03-11,Convertido,3.0,1601.51,Conservador,Montserrat
82709,TikTok,2024-03-13,Não Convertido,,0.0,Conservador,United Kingdom
82710,Facebook,2024-03-15,Não Convertido,,0.0,Agressivo,Nigeria
82711,Orgânico,2024-03-13,Não Convertido,,0.0,Moderado,India
82712,Orgânico,2024-03-13,Não Convertido,,0.0,Agressivo,Maldives
82713,TikTok,2024-03-15,Não Convertido,,0.0,Conservador,Marshall Islands
82714,Google Ads,2024-03-14,Não Convertido,,0.0,Desconhecido,Guadeloupe
82715,TikTok,2024-03-11,Não Convertido,,0.0,Agressivo,Tokelau
82716,YouTube Ads,2024-03-15,Não Convertido,,0.0,Conservador,Anguilla
82717,Google Ads,2024-03-16,Não Convertido,,0.0,Agressivo,Montenegro
82718,Indicação,2024-03-14,Não Convertido,,0.0,Agressivo,Belize
82719,Google Ads,2024-03-16,Não Convertido,,0.0,Moderado,Maldives
82720,Orgânico,2024-03-12,Não Convertido,,0.0,Moderado,Croatia
82721,Facebook,2024-03-15,Não Convertido,,0.0,Moderado,Burkina Faso
82722,YouTube Ads,2024-03-14,Não Convertido,,0.0,Moderado,Austria
82723,TikTok,2024-03-16,Não Convertido,,0.0,Moderado,Qatar
82724,Google Ads,2024-03-14,Não Convertido,,0.0,Moderado,Liechtenstein
82725,E-mail Marketing,2024-03-14,Não Convertido,,0.0,Moderado,Benin
82726,TikTok,2024-03-14,Não Convertido,,0.0,Moderado,Holy See (Vatican City State)
82727,E-mail Marketing,2024-03-13,Não Convertido,,0.0,Moderado,Ecuador
82728,Facebook,2024-03-16,Convertido,12.0,399.45,Desconhecido,Montenegro
82729,E-mail Marketing,2024-03-13,Não Convertido,,0.0,Agressivo,Sao Tome and Principe
82730,Orgânico,2024-03-13,Não Convertido,,0.0,Agressivo,Nauru
82731,Google Ads,2024-03-15,Não Convertido,,0.0,Conservador,Sierra Leone
82732,Indicação,2024-03-15,Não Convertido,,0.0,Moderado,Wallis and Futuna
82733,TikTok,2024-03-13,Não Convertido,,0.0,Agressivo,Pitcairn Islands
82734,YouTube Ads,2024-03-15,Não Convertido,,0.0,Moderado,Cayman Islands
82735,Facebook,2024-03-11,Não Convertido,,0.0,Agressivo,Uzbekistan
82736,TikTok,2024-03-11,Não Convertido,,0.0,Moderado,New Caledonia
82737,TikTok,2024-03-12,Não Convertido,,0.0,Conservador,Somalia
82738,Orgânico,2024-03-12,Não Convertido,,0.0,Conservador,Australia
82739,Instagram,2024-03-14,Não Convertido,,0.0,Moderado,Jersey
82740,Orgânico,2024-03-11,Não Convertido,,0.0,Moderado,Hungary
82741,Facebook,2024-03-16,Não Convertido,,0.0,Agressivo,Lesotho
82742,Orgânico,2024-03-14,Não Convertido,,0.0,Agressivo,Ecuador
82743,E-mail Marketing,2024-03-12,Não Convertido,,0.0,Conservador,Uzbekistan
82744,Instagram,2024-03-16,Não Convertido,,0.0,Agressivo,Slovenia
82745,WhatsApp,2024-03-11,Não Convertido,,0.0,Conservador,Isle of Man
82746,Google Ads,2024-03-13,Não Convertido,,0.0,Moderado,Sierra Leone
82747,E-mail Marketing,2024-03-14,Não Convertido,,0.0,Moderado,Guernsey
82748,Orgânico,2024-03-13,Não Convertido,,0.0,Moderado,Bahamas
82749,TikTok,2024-03-16,Não Convertido,,0.0,Moderado,Ethiopia
82750,YouTube Ads,2024-03-11,Não Convertido,,0.0,Conservador,Palau
82751,Orgânico,2024-03-14,Não Convertido,,0.0,Conservador,Antigua and Barbuda
82752,E-mail Marketing,2024-03-12,Não Convertido,,0.0,Conservador,Congo
82753,Facebook,2024-03-16,Não Convertido,,0.0,Moderado,Swaziland
82754,YouTube Ads,2024-03-15,Não Convertido,,0.0,Conservador,Hong Kong
82755,Instagram,2024-03-15,Convertido,26.0,7718.42,Moderado,Latvia
82756,WhatsApp,2024-03-16,Não Convertido,,0.0,Agressivo,New Caledonia
82757,Instagram,2024-03-16,Não Convertido,,0.0,Agressivo,Gabon
82758,Instagram,2024-03-14,Não Convertido,,0.0,Agressivo,Christmas Island
82759,Instagram,2024-03-16,Não Convertido,,0.0,Conservador,New Caledonia
82760,Instagram,2024-03-15,Não Convertido,,0.0,Moderado,Falkland Islands (Malvinas)
82761,E-mail Marketing,2024-03-13,Não Convertido,,0.0,Moderado,Faroe Islands
82762,WhatsApp,2024-03-13,Não Convertido,,0.0,Moderado,Serbia
82763,Orgânico,2024-03-12,Não Convertido,,0.0,Conservador,Vanuatu
82764,YouTube Ads,2024-03-14,Não Convertido,,0.0,Conservador,Turks and Caicos Islands
82765,E-mail Marketing,2024-03-12,Não Convertido,,0.0,Desconhecido,Aruba
82766,Orgânico,2024-03-13,Não Convertido,,0.0,Conservador,Andorra
82767,TikTok,2024-03-11,Convertido,18.0,5365.14,Agressivo,Brunei Darussalam
82768,WhatsApp,2024-03-11,Não Convertido,,0.0,Desconhecido,Libyan Arab Jamahiriya
82769,TikTok,2024-03-16,Não Convertido,,0.0,Moderado,Hungary
82770,Instagram,2024-03-12,Não Convertido,,0.0,Agressivo,Estonia
82771,Orgânico,2024-03-16,Não Convertido,,0.0,Moderado,Turkmenistan
82772,Indicação,2024-03-12,Não Convertido,,0.0,Moderado,Gabon
82773,Orgânico,2024-03-14,Não Convertido,,0.0,Moderado,Italy
82774,Orgânico,2024-03-12,Não Convertido,,0.0,Moderado,French Southern Territories
82775,Instagram,2024-03-12,Não Convertido,,0.0,Agressivo,New Zealand
82776,Instagram,2024-03-12,Não Convertido,,0.0,Conservador,Cote d'Ivoire
82777,Instagram,2024-03-12,Não Convertido,,0.0,Conservador,Saint Lucia
82778,TikTok,2024-03-11,Não Convertido,,0.0,Desconhecido,Ukraine
82779,Google Ads,2024-03-12,Não Convertido,,0.0,Moderado,Brazil
82780,E-mail Marketing,2024-03-14,Não Convertido,,0.0,Moderado,Ecuador
82781,Instagram,2024-03-14,Não Convertido,,0.0,Moderado,Korea
82782,TikTok,2024-03-13,Não Convertido,,0.0,Agressivo,Greenland
82783,Google Ads,2024-03-16,Não Convertido,,0.0,Agressivo,Italy
82784,TikTok,2024-03-15,Não Convertido,,0.0,Moderado,Djibouti
82785,Instagram,2024-03-16,Não Convertido,,0.0,Moderado,Colombia
82786,WhatsApp,2024-03-14,Não Convertido,,0.0,Desconhecido,Somalia
82787,Orgânico,2024-03-13,Não Convertido,,0.0,Agressivo,Yemen
82788,Facebook,2024-03-15,Não Convertido,,0.0,Conservador,Vietnam
82789,Facebook,2024-03-15,Não Convertido,,0.0,Agressivo,Pitcairn Islands
82790,YouTube Ads,2024-03-11,Não Convertido,,0.0,Agressivo,Russian Federation
82791,WhatsApp,2024-03-12,Convertido,25.0,259.84,Conservador,Honduras
82792,Orgânico,2024-03-16,Não Convertido,,0.0,Moderado,Kiribati
82793,YouTube Ads,2024-03-11,Não Convertido,,0.0,Conservador,Sao Tome and Principe
82794,Facebook,2024-03-14,Convertido,1.0,7525.7,Moderado,Albania
82795,TikTok,2024-03-16,Não Convertido,,0.0,Moderado,Dominica
82796,Facebook,2024-03-14,Não Convertido,,0.0,Agressivo,Tuvalu
82797,Orgânico,2024-03-16,Não Convertido,,0.0,Desconhecido,Cyprus
82798,Orgânico,2024-03-11,Não Convertido,,0.0,Moderado,Jamaica
82799,WhatsApp,2024-03-13,Não Convertido,,0.0,Agressivo,Cyprus
82800,TikTok,2024-03-16,Não Convertido,,0.0,Moderado,Iceland
82801,Orgânico,2024-03-13,Não Convertido,,0.0,Desconhecido,Iran
82802,TikTok,2024-03-14,Não Convertido,,0.0,Moderado,Kuwait
82803,Orgânico,2024-03-15,Não Convertido,,0.0,Moderado,Tuvalu
82804,Instagram,2024-03-12,Não Convertido,,0.0,Moderado,Bhutan
82805,Google Ads,2024-03-14,Não Convertido,,0.0,Agressivo,Cameroon
82806,WhatsApp,2024-03-13,Não Convertido,,0.0,Agressivo,Yemen
82807,Google Ads,2024-03-13,Não Convertido,,0.0,Moderado,Montserrat
82808,Indicação,2024-03-11,Não Convertido,,0.0,Moderado,Netherlands Antilles
82809,WhatsApp,2024-03-16,Não Convertido,,0.0,Moderado,Cameroon
82810,TikTok,2024-03-16,Não Convertido,,0.0,Conservador,Cuba
82811,Orgânico,2024-03-16,Não Convertido,,0.0,Moderado,Cocos (Keeling) Islands
82812,Orgânico,2024-03-14,Não Convertido,,0.0,Agressivo,Guatemala
82813,Facebook,2024-03-11,Não Convertido,,0.0,Agressivo,Egypt
82814,Instagram,2024-03-11,Não Convertido,,0.0,Agressivo,Saint Vincent and the Grenadines
82815,WhatsApp,2024-03-12,Não Convertido,,0.0,Moderado,Libyan Arab Jamahiriya
82816,Indicação,2024-03-15,Não Convertido,,0.0,Moderado,Croatia
82817,Orgânico,2024-03-16,Não Convertido,,0.0,Agressivo,Indonesia
82818,Instagram,2024-03-16,Não Convertido,,0.0,Moderado,Indonesia
82819,WhatsApp,2024-03-11,Não Convertido,,0.0,Moderado,Liechtenstein
82820,E-mail Marketing,2024-03-13,Convertido,24.0,3025.49,Agressivo,Ethiopia
82821,WhatsApp,2024-03-16,Não Convertido,,0.0,Moderado,French Southern Territories
82822,Orgânico,2024-03-12,Não Convertido,,0.0,Conservador,Lesotho
82823,Instagram,2024-03-13,Não Convertido,,0.0,Moderado,Bermuda
82824,E-mail Marketing,2024-03-12,Não Convertido,,0.0,Agressivo,Montenegro
82825,Orgânico,2024-03-16,Convertido,2.0,65.96,Moderado,Canada
82826,Instagram,2024-03-16,Não Convertido,,0.0,Moderado,Nauru
82827,Instagram,2024-03-14,Não Convertido,,0.0,Conservador,Cayman Islands
82828,Orgânico,2024-03-14,Não Convertido,,0.0,Moderado,Bouvet Island (Bouvetoya)
82829,Orgânico,2024-03-16,Não Convertido,,0.0,Moderado,Afghanistan
82830,Indicação,2024-03-13,Não Convertido,,0.0,Conservador,Libyan Arab Jamahiriya
82831,E-mail Marketing,2024-03-14,Não Convertido,,0.0,Conservador,Sao Tome and Principe
82832,Orgânico,2024-03-11,Não Convertido,,0.0,Moderado,Honduras
82833,Instagram,2024-03-15,Não Convertido,,0.0,Moderado,United States Minor Outlying Islands
82834,TikTok,2024-03-15,Não Convertido,,0.0,Desconhecido,Somalia
82835,YouTube Ads,2024-03-15,Não Convertido,,0.0,Agressivo,San Marino
82836,Indicação,2024-03-13,Não Convertido,,0.0,Moderado,Myanmar
82837,Google Ads,2024-03-16,Não Convertido,,0.0,Moderado,Bermuda
82838,Instagram,2024-03-12,Não Convertido,,0.0,Agressivo,Dominican Republic
82839,Facebook,2024-03-15,Não Convertido,,0.0,Conservador,Jersey
82840,Indicação,2024-03-15,Não Convertido,,0.0,Agressivo,Slovakia (Slovak Republic)
82841,Instagram,2024-03-11,Não Convertido,,0.0,Desconhecido,Western Sahara
82842,Instagram,2024-03-14,Não Convertido,,0.0,Conservador,Mauritania
82843,Orgânico,2024-03-12,Não Convertido,,0.0,Agressivo,Jersey
82844,TikTok,2024-03-16,Não Convertido,,0.0,Moderado,Suriname
82845,YouTube Ads,2024-03-11,Não Convertido,,0.0,Moderado,Jamaica
82846,Orgânico,2024-03-16,Não Convertido,,0.0,Moderado,Tuvalu
82847,TikTok,2024-03-15,Não Convertido,,0.0,Moderado,Slovakia (Slovak Republic)
82848,TikTok,2024-03-16,Não Convertido,,0.0,Moderado,Samoa
82849,Google Ads,2024-03-14,Não Convertido,,0.0,Conservador,Saint Barthelemy
82850,Google Ads,2024-03-14,Não Convertido,,0.0,Moderado,Denmark
82851,WhatsApp,2024-03-11,Não Convertido,,0.0,Agressivo,Norway
82852,YouTube Ads,2024-03-13,Não Convertido,,0.0,Moderado,Bolivia
82853,TikTok,2024-03-12,Não Convertido,,0.0,Agressivo,New Zealand
82854,Facebook,2024-03-11,Não Convertido,,0.0,Agressivo,Haiti
82855,Indicação,2024-03-13,Não Convertido,,0.0,Agressivo,Ghana
82856,WhatsApp,2024-03-14,Não Convertido,,0.0,Conservador,Marshall Islands
82857,TikTok,2024-03-13,Não Convertido,,0.0,Moderado,Portugal
82858,Orgânico,2024-03-16,Não Convertido,,0.0,Desconhecido,Antigua and Barbuda
82859,TikTok,2024-03-15,Convertido,18.0,7780.5,Agressivo,Guinea-Bissau
82860,YouTube Ads,2024-03-15,Não Convertido,,0.0,Agressivo,Iceland
82861,E-mail Marketing,2024-03-11,Não Convertido,,0.0,Moderado,Vanuatu
82862,Instagram,2024-03-11,Não Convertido,,0.0,Moderado,Ethiopia
82863,Facebook,2024-03-15,Não Convertido,,0.0,Moderado,Jamaica
82864,YouTube Ads,2024-03-15,Não Convertido,,0.0,Moderado,Djibouti
82865,Indicação,2024-03-11,Não Convertido,,0.0,Agressivo,Ireland
82866,Instagram,2024-03-13,Não Convertido,,0.0,Conservador,Oman
82867,Facebook,2024-03-16,Não Convertido,,0.0,Moderado,Maldives
82868,Instagram,2024-03-16,Não Convertido,,0.0,Conservador,Northern Mariana Islands
82869,Google Ads,2024-03-15,Não Convertido,,0.0,Agressivo,Niger
82870,WhatsApp,2024-03-14,Não Convertido,,0.0,Moderado,Iraq
82871,Orgânico,2024-03-15,Não Convertido,,0.0,Agressivo,Iceland
82872,TikTok,2024-03-14,Não Convertido,,0.0,Conservador,Slovenia
82873,Orgânico,2024-03-12,Não Convertido,,0.0,Moderado,Panama
82874,TikTok,2024-03-12,Não Convertido,,0.0,Agressivo,Liberia
82875,TikTok,2024-03-15,Não Convertido,,0.0,Moderado,Oman
82876,TikTok,2024-03-15,Não Convertido,,0.0,Agressivo,Oman
82877,Google Ads,2024-03-11,Não Convertido,,0.0,Moderado,North Macedonia
82878,Facebook,2024-03-12,Não Convertido,,0.0,Agressivo,Romania
82879,E-mail Marketing,2024-03-16,Não Convertido,,0.0,Agressivo,Cameroon
82880,Facebook,2024-03-14,Não Convertido,,0.0,Moderado,Norway
82881,Facebook,2024-03-16,Não Convertido,,0.0,Moderado,Congo
82882,TikTok,2024-03-13,Não Convertido,,0.0,Moderado,Congo
82883,TikTok,2024-03-16,Não Convertido,,0.0,Conservador,Syrian Arab Republic
82884,E-mail Marketing,2024-03-16,Não Convertido,,0.0,Conservador,Iran
82885,Orgânico,2024-03-12,Não Convertido,,0.0,Moderado,Grenada
82886,TikTok,2024-03-14,Não Convertido,,0.0,Conservador,Barbados
82887,TikTok,2024-03-11,Não Convertido,,0.0,Conservador,Jamaica
82888,Facebook,2024-03-14,Não Convertido,,0.0,Agressivo,Antarctica (the territory South of 60 deg S)
82889,Instagram,2024-03-14,Não Convertido,,0.0,Conservador,Burundi
82890,Instagram,2024-03-14,Não Convertido,,0.0,Conservador,Cameroon
82891,Facebook,2024-03-12,Não Convertido,,0.0,Agressivo,Egypt
82892,YouTube Ads,2024-03-15,Não Convertido,,0.0,Conservador,Morocco
82893,YouTube Ads,2024-03-16,Não Convertido,,0.0,Agressivo,Slovenia
82894,E-mail Marketing,2024-03-14,Convertido,14.0,6434.42,Agressivo,Samoa
82895,TikTok,2024-03-12,Não Convertido,,0.0,Conservador,Saudi Arabia
82896,Orgânico,2024-03-16,Não Convertido,,0.0,Desconhecido,Mongolia
82897,WhatsApp,2024-03-13,Convertido,22.0,2337.0,Conservador,Myanmar
82898,Instagram,2024-03-13,Convertido,28.0,1180.89,Moderado,Bangladesh
82899,Orgânico,2024-03-15,Não Convertido,,0.0,Conservador,Sao Tome and Principe
82900,Google Ads,2024-03-14,Não Convertido,,0.0,Moderado,Hong Kong
82901,Orgânico,2024-03-11,Não Convertido,,0.0,Agressivo,South Georgia and the South Sandwich Islands
82902,YouTube Ads,2024-03-13,Não Convertido,,0.0,Moderado,El Salvador
82903,YouTube Ads,2024-03-12,Não Convertido,,0.0,Agressivo,Brazil
82904,WhatsApp,2024-03-15,Não Convertido,,0.0,Agressivo,Cayman Islands
82905,Orgânico,2024-03-13,Não Convertido,,0.0,Agressivo,Colombia
82906,Instagram,2024-03-11,Não Convertido,,0.0,Moderado,Honduras
82907,Orgânico,2024-03-13,Não Convertido,,0.0,Moderado,United States Virgin Islands
82908,Google Ads,2024-03-16,Não Convertido,,0.0,Desconhecido,Anguilla
82909,Instagram,2024-03-12,Não Convertido,,0.0,Desconhecido,Bolivia
82910,TikTok,2024-03-14,Convertido,6.0,7647.07,Conservador,Congo
82911,Instagram,2024-03-16,Não Convertido,,0.0,Moderado,Sri Lanka
82912,TikTok,2024-03-13,Não Convertido,,0.0,Moderado,Comoros
82913,Facebook,2024-03-16,Não Convertido,,0.0,Moderado,South Georgia and the South Sandwich Islands
82914,Orgânico,2024-03-12,Não Convertido,,0.0,Moderado,New Zealand
82915,Orgânico,2024-03-11,Não Convertido,,0.0,Agressivo,Uruguay
82916,Orgânico,2024-03-12,Não Convertido,,0.0,Conservador,Palau
82917,Indicação,2024-03-11,Não Convertido,,0.0,Conservador,Liechtenstein
82918,Instagram,2024-03-14,Não Convertido,,0.0,Conservador,Eritrea
82919,Instagram,2024-03-15,Não Convertido,,0.0,Moderado,Christmas Island
82920,Instagram,2024-03-15,Não Convertido,,0.0,Agressivo,Chad
82921,Orgânico,2024-03-13,Não Convertido,,0.0,Desconhecido,Equatorial Guinea
82922,Facebook,2024-03-13,Não Convertido,,0.0,Moderado,British Indian Ocean Territory (Chagos Archipelago)
82923,TikTok,2024-03-12,Não Convertido,,0.0,Desconhecido,Turkey
82924,E-mail Marketing,2024-03-14,Não Convertido,,0.0,Conservador,Turks and Caicos Islands
82925,WhatsApp,2024-03-11,Convertido,26.0,8742.73,Moderado,Turkey
82926,Google Ads,2024-03-13,Convertido,19.0,6619.81,Moderado,Kuwait
82927,Facebook,2024-03-15,Não Convertido,,0.0,Desconhecido,Monaco
82928,TikTok,2024-03-13,Não Convertido,,0.0,Moderado,Spain
82929,Facebook,2024-03-15,Não Convertido,,0.0,Agressivo,Martinique
82930,WhatsApp,2024-03-13,Convertido,28.0,5743.64,Agressivo,Egypt
82931,Google Ads,2024-03-14,Não Convertido,,0.0,Moderado,Christmas Island
82932,WhatsApp,2024-03-14,Não Convertido,,0.0,Moderado,Greece
82933,TikTok,2024-03-15,Não Convertido,,0.0,Agressivo,Norfolk Island
82934,Orgânico,2024-03-14,Não Convertido,,0.0,Conservador,Belgium
82935,YouTube Ads,2024-03-12,Não Convertido,,0.0,Moderado,Georgia
82936,YouTube Ads,2024-03-14,Não Convertido,,0.0,Moderado,Saudi Arabia
82937,Instagram,2024-03-13,Não Convertido,,0.0,Moderado,Niger
82938,Orgânico,2024-03-14,Não Convertido,,0.0,Conservador,Sri Lanka
82939,Facebook,2024-03-12,Convertido,28.0,7397.41,Moderado,Saudi Arabia
82940,E-mail Marketing,2024-03-15,Não Convertido,,0.0,Agressivo,Argentina
82941,TikTok,2024-03-12,Não Convertido,,0.0,Agressivo,Seychelles
82942,Indicação,2024-03-12,Não Convertido,,0.0,Moderado,Djibouti
82943,E-mail Marketing,2024-03-12,Não Convertido,,0.0,Moderado,Armenia
82944,Facebook,2024-03-15,Não Convertido,,0.0,Moderado,Botswana
82945,WhatsApp,2024-03-11,Convertido,8.0,7429.56,Agressivo,Pakistan
82946,WhatsApp,2024-03-15,Não Convertido,,0.0,Agressivo,South Africa
82947,TikTok,2024-03-13,Não Convertido,,0.0,Agressivo,Luxembourg
82948,YouTube Ads,2024-03-11,Não Convertido,,0.0,Conservador,Ecuador
82949,Facebook,2024-03-11,Não Convertido,,0.0,Agressivo,Egypt
82950,TikTok,2024-03-16,Não Convertido,,0.0,Moderado,Northern Mariana Islands
82951,Indicação,2024-03-14,Não Convertido,,0.0,Conservador,Australia
82952,Instagram,2024-03-14,Não Convertido,,0.0,Moderado,Netherlands
82953,Indicação,2024-03-14,Não Convertido,,0.0,Agressivo,Eritrea
82954,E-mail Marketing,2024-03-13,Não Convertido,,0.0,Conservador,Norway
82955,Instagram,2024-03-15,Não Convertido,,0.0,Conservador,Mexico
82956,Google Ads,2024-03-16,Não Convertido,,0.0,Moderado,French Guiana
82957,TikTok,2024-03-14,Não Convertido,,0.0,Moderado,Poland
82958,TikTok,2024-03-16,Não Convertido,,0.0,Moderado,Bosnia and Herzegovina
82959,Orgânico,2024-03-11,Não Convertido,,0.0,Moderado,Mayotte
82960,Instagram,2024-03-15,Não Convertido,,0.0,Agressivo,Namibia
82961,Orgânico,2024-03-13,Não Convertido,,0.0,Desconhecido,Czech Republic
82962,Google Ads,2024-03-15,Não Convertido,,0.0,Agressivo,Barbados
82963,YouTube Ads,2024-03-15,Não Convertido,,0.0,Desconhecido,Namibia
82964,WhatsApp,2024-03-11,Não Convertido,,0.0,Agressivo,Argentina
82965,Facebook,2024-03-12,Não Convertido,,0.0,Agressivo,Portugal
82966,Indicação,2024-03-14,Não Convertido,,0.0,Agressivo,Togo
82967,Orgânico,2024-03-16,Não Convertido,,0.0,Desconhecido,Cameroon
82968,Google Ads,2024-03-15,Não Convertido,,0.0,Moderado,Brazil
82969,E-mail Marketing,2024-03-16,Não Convertido,,0.0,Agressivo,Comoros
82970,E-mail Marketing,2024-03-11,Não Convertido,,0.0,Moderado,Norfolk Island
82971,E-mail Marketing,2024-03-15,Não Convertido,,0.0,Moderado,Turkmenistan
82972,E-mail Marketing,2024-03-16,Não Convertido,,0.0,Agressivo,Netherlands Antilles
82973,Orgânico,2024-03-15,Não Convertido,,0.0,Moderado,Argentina
82974,Facebook,2024-03-14,Não Convertido,,0.0,Moderado,Brunei Darussalam
82975,TikTok,2024-03-12,Não Convertido,,0.0,Conservador,Syrian Arab Republic
82976,TikTok,2024-03-12,Não Convertido,,0.0,Conservador,Dominica
82977,TikTok,2024-03-13,Não Convertido,,0.0,Desconhecido,Kazakhstan
82978,Orgânico,2024-03-12,Não Convertido,,0.0,Conservador,Argentina
82979,TikTok,2024-03-16,Não Convertido,,0.0,Moderado,Guinea
82980,E-mail Marketing,2024-03-15,Não Convertido,,0.0,Moderado,Mali
82981,Orgânico,2024-03-12,Não Convertido,,0.0,Desconhecido,Martinique
82982,Orgânico,2024-03-11,Não Convertido,,0.0,Moderado,Saint Martin
82983,Instagram,2024-03-12,Não Convertido,,0.0,Conservador,Mauritius
82984,Google Ads,2024-03-12,Não Convertido,,0.0,Conservador,United States Minor Outlying Islands
82985,E-mail Marketing,2024-03-11,Não Convertido,,0.0,Moderado,Congo
82986,Orgânico,2024-03-15,Convertido,25.0,5582.78,Agressivo,British Indian Ocean Territory (Chagos Archipelago)
82987,Facebook,2024-03-15,Não Convertido,,0.0,Agressivo,Somalia
82988,Facebook,2024-03-16,Não Convertido,,0.0,Moderado,Palau
82989,Facebook,2024-03-12,Não Convertido,,0.0,Moderado,Cambodia
82990,Orgânico,2024-03-12,Não Convertido,,0.0,Moderado,Greenland
82991,Orgânico,2024-03-15,Convertido,22.0,5704.26,Agressivo,Venezuela
82992,Indicação,2024-03-11,Não Convertido,,0.0,Moderado,Serbia
82993,Google Ads,2024-03-16,Não Convertido,,0.0,Moderado,Greenland
82994,Facebook,2024-03-15,Não Convertido,,0.0,Moderado,Hong Kong
82995,Instagram,2024-03-14,Não Convertido,,0.0,Moderado,Zambia
82996,Instagram,2024-03-15,Não Convertido,,0.0,Conservador,Thailand
82997,Google Ads,2024-03-12,Não Convertido,,0.0,Agressivo,Spain
82998,Facebook,2024-03-13,Não Convertido,,0.0,Agressivo,Sierra Leone
82999,Orgânico,2024-03-14,Não Convertido,,0.0,Moderado,Cyprus
83000,E-mail Marketing,2024-03-12,Não Convertido,,0.0,Moderado,Tuvalu
83001,Google Ads,2024-03-14,Não Convertido,,0.0,Moderado,India
83002,Instagram,2024-03-16,Não Convertido,,0.0,Moderado,Trinidad and Tobago
83003,Google Ads,2024-03-11,Não Convertido,,0.0,Moderado,Iceland
83004,Orgânico,2024-03-16,Não Convertido,,0.0,Desconhecido,Benin
83005,Orgânico,2024-03-12,Não Convertido,,0.0,Conservador,South Africa
83006,Google Ads,2024-03-16,Não Convertido,,0.0,Moderado,Guadeloupe
83007,Facebook,2024-03-11,Não Convertido,,0.0,Agressivo,Saint Vincent and the Grenadines
83008,Facebook,2024-03-13,Não Convertido,,0.0,Moderado,Antigua and Barbuda
83009,E-mail Marketing,2024-03-16,Não Convertido,,0.0,Moderado,Bahrain
83010,Google Ads,2024-03-11,Não Convertido,,0.0,Conservador,Svalbard & Jan Mayen Islands
83011,Google Ads,2024-03-14,Não Convertido,,0.0,Conservador,Morocco
83012,WhatsApp,2024-03-16,Não Convertido,,0.0,Conservador,Bhutan
83013,Orgânico,2024-03-11,Não Convertido,,0.0,Agressivo,Egypt
83014,Orgânico,2024-03-14,Não Convertido,,0.0,Agressivo,Czech Republic
83015,WhatsApp,2024-03-14,Não Convertido,,0.0,Moderado,Peru
83016,E-mail Marketing,2024-03-14,Não Convertido,,0.0,Desconhecido,British Indian Ocean Territory (Chagos Archipelago)
83017,TikTok,2024-03-12,Não Convertido,,0.0,Agressivo,French Polynesia
83018,TikTok,2024-03-14,Não Convertido,,0.0,Desconhecido,Chile
83019,Instagram,2024-03-11,Não Convertido,,0.0,Conservador,Kuwait
83020,Google Ads,2024-03-13,Não Convertido,,0.0,Moderado,Solomon Islands
83021,Facebook,2024-03-15,Não Convertido,,0.0,Conservador,British Indian Ocean Territory (Chagos Archipelago)
83022,Instagram,2024-03-13,Não Convertido,,0.0,Moderado,Pakistan
83023,WhatsApp,2024-03-15,Não Convertido,,0.0,Moderado,Togo
83024,Google Ads,2024-03-15,Não Convertido,,0.0,Moderado,France
83025,Orgânico,2024-03-14,Não Convertido,,0.0,Agressivo,Trinidad and Tobago
83026,Google Ads,2024-03-15,Não Convertido,,0.0,Conservador,Benin
83027,Instagram,2024-03-11,Convertido,29.0,7108.67,Moderado,Morocco
83028,Orgânico,2024-03-12,Não Convertido,,0.0,Agressivo,Honduras
83029,TikTok,2024-03-12,Não Convertido,,0.0,Moderado,Cook Islands
83030,Facebook,2024-03-15,Não Convertido,,0.0,Moderado,Saint Barthelemy
83031,TikTok,2024-03-13,Não Convertido,,0.0,Moderado,Spain
83032,Google Ads,2024-03-12,Não Convertido,,0.0,Agressivo,Sweden
83033,YouTube Ads,2024-03-14,Não Convertido,,0.0,Moderado,Thailand
83034,Instagram,2024-03-12,Não Convertido,,0.0,Desconhecido,Peru
83035,Instagram,2024-03-14,Não Convertido,,0.0,Moderado,Georgia
83036,Facebook,2024-03-16,Não Convertido,,0.0,Agressivo,Antarctica (the territory South of 60 deg S)
83037,TikTok,2024-03-13,Não Convertido,,0.0,Conservador,Estonia
83038,Facebook,2024-03-12,Não Convertido,,0.0,Conservador,Canada
83039,YouTube Ads,2024-03-13,Não Convertido,,0.0,Conservador,Lebanon
83040,YouTube Ads,2024-03-12,Convertido,23.0,1149.48,Conservador,Saint Vincent and the Grenadines
83041,Instagram,2024-03-13,Não Convertido,,0.0,Moderado,Moldova
83042,Instagram,2024-03-15,Não Convertido,,0.0,Moderado,Kazakhstan
83043,YouTube Ads,2024-03-15,Não Convertido,,0.0,Conservador,Monaco
83044,TikTok,2024-03-13,Não Convertido,,0.0,Moderado,Vanuatu
83045,YouTube Ads,2024-03-16,Não Convertido,,0.0,Agressivo,Namibia
83046,WhatsApp,2024-03-12,Não Convertido,,0.0,Agressivo,Zimbabwe
83047,Instagram,2024-03-13,Não Convertido,,0.0,Agressivo,Cote d'Ivoire
83048,Facebook,2024-03-16,Convertido,21.0,8411.47,Conservador,Svalbard & Jan Mayen Islands
83049,Orgânico,2024-03-13,Não Convertido,,0.0,Desconhecido,Uruguay
83050,TikTok,2024-03-14,Não Convertido,,0.0,Moderado,Yemen
83051,Facebook,2024-03-16,Não Convertido,,0.0,Agressivo,Djibouti
83052,YouTube Ads,2024-03-12,Não Convertido,,0.0,Moderado,Finland
83053,TikTok,2024-03-12,Não Convertido,,0.0,Moderado,Guinea
83054,YouTube Ads,2024-03-11,Não Convertido,,0.0,Moderado,Slovakia (Slovak Republic)
83055,TikTok,2024-03-13,Não Convertido,,0.0,Conservador,Thailand
83056,Facebook,2024-03-13,Não Convertido,,0.0,Moderado,Georgia
83057,TikTok,2024-03-16,Não Convertido,,0.0,Moderado,Luxembourg
83058,TikTok,2024-03-15,Não Convertido,,0.0,Agressivo,Jordan
83059,E-mail Marketing,2024-03-14,Não Convertido,,0.0,Moderado,Argentina
83060,Instagram,2024-03-12,Não Convertido,,0.0,Moderado,Gambia
83061,WhatsApp,2024-03-11,Não Convertido,,0.0,Moderado,Tuvalu
83062,YouTube Ads,2024-03-14,Não Convertido,,0.0,Agressivo,Kuwait
83063,TikTok,2024-03-13,Não Convertido,,0.0,Agressivo,Lithuania
83064,Orgânico,2024-03-11,Não Convertido,,0.0,Agressivo,British Indian Ocean Territory (Chagos Archipelago)
83065,WhatsApp,2024-03-11,Não Convertido,,0.0,Agressivo,British Virgin Islands
83066,WhatsApp,2024-03-16,Não Convertido,,0.0,Agressivo,Gabon
83067,Google Ads,2024-03-16,Não Convertido,,0.0,Desconhecido,Palestinian Territory
83068,Instagram,2024-03-14,Não Convertido,,0.0,Conservador,United Arab Emirates
83069,Google Ads,2024-03-12,Não Convertido,,0.0,Agressivo,Sudan
83070,WhatsApp,2024-03-14,Não Convertido,,0.0,Conservador,Qatar
83071,TikTok,2024-03-15,Não Convertido,,0.0,Moderado,France
83072,Google Ads,2024-03-16,Não Convertido,,0.0,Moderado,Madagascar
83073,E-mail Marketing,2024-03-15,Não Convertido,,0.0,Moderado,Saint Kitts and Nevis
83074,Facebook,2024-03-12,Não Convertido,,0.0,Conservador,Sierra Leone
83075,TikTok,2024-03-15,Não Convertido,,0.0,Moderado,Romania
83076,Indicação,2024-03-14,Não Convertido,,0.0,Desconhecido,Saint Vincent and the Grenadines
83077,Instagram,2024-03-15,Não Convertido,,0.0,Moderado,Tunisia
83078,E-mail Marketing,2024-03-13,Não Convertido,,0.0,Moderado,Canada
83079,Instagram,2024-03-15,Não Convertido,,0.0,Agressivo,Brunei Darussalam
83080,TikTok,2024-03-16,Não Convertido,,0.0,Conservador,Greenland
83081,Google Ads,2024-03-15,Não Convertido,,0.0,Conservador,Korea
83082,E-mail Marketing,2024-03-14,Não Convertido,,0.0,Moderado,Bouvet Island (Bouvetoya)
83083,Google Ads,2024-03-12,Não Convertido,,0.0,Agressivo,Cayman Islands
83084,E-mail Marketing,2024-03-13,Não Convertido,,0.0,Moderado,Cameroon
83085,Orgânico,2024-03-14,Não Convertido,,0.0,Conservador,Nepal
83086,TikTok,2024-03-13,Não Convertido,,0.0,Agressivo,Hong Kong
83087,WhatsApp,2024-03-11,Não Convertido,,0.0,Moderado,Myanmar
83088,TikTok,2024-03-11,Não Convertido,,0.0,Agressivo,Antarctica (the territory South of 60 deg S)
83089,Instagram,2024-03-11,Não Convertido,,0.0,Moderado,Tokelau
83090,Google Ads,2024-03-15,Não Convertido,,0.0,Conservador,Greece
83091,TikTok,2024-03-16,Não Convertido,,0.0,Moderado,Yemen
83092,TikTok,2024-03-11,Não Convertido,,0.0,Moderado,Nepal
83093,Instagram,2024-03-15,Não Convertido,,0.0,Moderado,Belize
83094,E-mail Marketing,2024-03-13,Não Convertido,,0.0,Moderado,Nepal
83095,Indicação,2024-03-12,Não Convertido,,0.0,Desconhecido,Cuba
83096,YouTube Ads,2024-03-12,Não Convertido,,0.0,Moderado,Reunion
83097,YouTube Ads,2024-03-16,Não Convertido,,0.0,Moderado,Papua New Guinea
83098,Facebook,2024-03-11,Não Convertido,,0.0,Moderado,United Arab Emirates
83099,YouTube Ads,2024-03-13,Não Convertido,,0.0,Agressivo,Guinea
83100,TikTok,2024-03-12,Não Convertido,,0.0,Desconhecido,Morocco
83101,Facebook,2024-03-13,Não Convertido,,0.0,Agressivo,Guam
83102,Instagram,2024-03-14,Não Convertido,,0.0,Conservador,Ethiopia
83103,Orgânico,2024-03-13,Não Convertido,,0.0,Moderado,Equatorial Guinea
83104,Google Ads,2024-03-11,Não Convertido,,0.0,Desconhecido,Tokelau
83105,Orgânico,2024-03-14,Não Convertido,,0.0,Agressivo,Croatia
83106,Orgânico,2024-03-11,Convertido,5.0,1141.63,Moderado,United Arab Emirates
83107,Orgânico,2024-03-14,Não Convertido,,0.0,Agressivo,Slovenia
83108,Google Ads,2024-03-15,Convertido,9.0,5390.68,Agressivo,Myanmar
83109,WhatsApp,2024-03-12,Não Convertido,,0.0,Conservador,Bermuda
83110,Facebook,2024-03-12,Não Convertido,,0.0,Desconhecido,Seychelles
83111,Orgânico,2024-03-11,Não Convertido,,0.0,Agressivo,United Arab Emirates
83112,WhatsApp,2024-03-11,Não Convertido,,0.0,Moderado,Nepal
83113,TikTok,2024-03-14,Não Convertido,,0.0,Conservador,Slovenia
83114,E-mail Marketing,2024-03-11,Convertido,1.0,4514.99,Agressivo,United Arab Emirates
83115,Orgânico,2024-03-14,Não Convertido,,0.0,Agressivo,Togo
83116,Facebook,2024-03-12,Não Convertido,,0.0,Moderado,Saint Helena
83117,YouTube Ads,2024-03-15,Convertido,18.0,2109.49,Moderado,Bahamas
83118,Google Ads,2024-03-15,Não Convertido,,0.0,Agressivo,American Samoa
83119,Orgânico,2024-03-13,Não Convertido,,0.0,Conservador,Guam
83120,Orgânico,2024-03-16,Não Convertido,,0.0,Agressivo,Senegal
83121,Instagram,2024-03-12,Não Convertido,,0.0,Desconhecido,Guam
83122,TikTok,2024-03-11,Não Convertido,,0.0,Moderado,Equatorial Guinea
83123,Orgânico,2024-03-16,Não Convertido,,0.0,Moderado,Niue
83124,Google Ads,2024-03-14,Não Convertido,,0.0,Moderado,Iraq
83125,TikTok,2024-03-11,Não Convertido,,0.0,Conservador,Croatia
83126,Facebook,2024-03-16,Não Convertido,,0.0,Moderado,Dominican Republic
83127,TikTok,2024-03-11,Não Convertido,,0.0,Moderado,Vietnam
83128,Orgânico,2024-03-16,Não Convertido,,0.0,Conservador,Andorra
83129,Orgânico,2024-03-11,Não Convertido,,0.0,Moderado,Liberia
83130,E-mail Marketing,2024-03-16,Não Convertido,,0.0,Conservador,Uruguay
83131,TikTok,2024-03-16,Não Convertido,,0.0,Agressivo,British Virgin Islands
83132,Indicação,2024-03-13,Não Convertido,,0.0,Moderado,Guam
83133,Orgânico,2024-03-16,Não Convertido,,0.0,Moderado,Malawi
83134,TikTok,2024-03-11,Não Convertido,,0.0,Moderado,New Zealand
83135,Facebook,2024-03-12,Não Convertido,,0.0,Agressivo,United States Virgin Islands
83136,Orgânico,2024-03-13,Não Convertido,,0.0,Moderado,Mauritius
83137,WhatsApp,2024-03-15,Não Convertido,,0.0,Desconhecido,Mexico
83138,WhatsApp,2024-03-11,Não Convertido,,0.0,Agressivo,Faroe Islands
83139,E-mail Marketing,2024-03-11,Não Convertido,,0.0,Agressivo,Saint Martin
83140,Orgânico,2024-03-11,Não Convertido,,0.0,Desconhecido,France
83141,YouTube Ads,2024-03-11,Não Convertido,,0.0,Conservador,Guatemala
83142,Facebook,2024-03-11,Não Convertido,,0.0,Agressivo,Saint Pierre and Miquelon
83143,Orgânico,2024-03-11,Não Convertido,,0.0,Agressivo,Swaziland
83144,Facebook,2024-03-12,Não Convertido,,0.0,Conservador,North Macedonia
83145,E-mail Marketing,2024-03-15,Não Convertido,,0.0,Conservador,Vanuatu
83146,TikTok,2024-03-16,Não Convertido,,0.0,Agressivo,Slovakia (Slovak Republic)
83147,YouTube Ads,2024-03-11,Não Convertido,,0.0,Moderado,Cambodia
83148,YouTube Ads,2024-03-12,Não Convertido,,0.0,Moderado,Andorra
83149,Facebook,2024-03-15,Não Convertido,,0.0,Conservador,Micronesia
83150,Orgânico,2024-03-13,Não Convertido,,0.0,Agressivo,Mauritius
83151,Facebook,2024-03-15,Não Convertido,,0.0,Moderado,American Samoa
83152,Orgânico,2024-03-14,Não Convertido,,0.0,Agressivo,Barbados
83153,Facebook,2024-03-13,Não Convertido,,0.0,Moderado,Dominica
83154,Facebook,2024-03-15,Não Convertido,,0.0,Agressivo,Bulgaria
83155,Instagram,2024-03-11,Não Convertido,,0.0,Agressivo,Mayotte
83156,WhatsApp,2024-03-11,Não Convertido,,0.0,Conservador,Germany
83157,E-mail Marketing,2024-03-12,Não Convertido,,0.0,Moderado,Lesotho
83158,Instagram,2024-03-12,Não Convertido,,0.0,Conservador,Macao
83159,Orgânico,2024-03-15,Não Convertido,,0.0,Agressivo,Saint Vincent and the Grenadines
83160,E-mail Marketing,2024-03-12,Não Convertido,,0.0,Moderado,Jersey
83161,Facebook,2024-03-14,Não Convertido,,0.0,Agressivo,Nauru
83162,Orgânico,2024-03-15,Não Convertido,,0.0,Moderado,Sao Tome and Principe
83163,E-mail Marketing,2024-03-14,Não Convertido,,0.0,Moderado,Mozambique
83164,YouTube Ads,2024-03-16,Não Convertido,,0.0,Conservador,Mauritania
83165,Indicação,2024-03-13,Não Convertido,,0.0,Moderado,Solomon Islands
83166,Instagram,2024-03-15,Não Convertido,,0.0,Moderado,Macao
83167,WhatsApp,2024-03-16,Não Convertido,,0.0,Agressivo,Poland
83168,Instagram,2024-03-16,Não Convertido,,0.0,Desconhecido,Benin
83169,Instagram,2024-03-16,Não Convertido,,0.0,Conservador,Saint Helena
83170,YouTube Ads,2024-03-11,Não Convertido,,0.0,Conservador,South Georgia and the South Sandwich Islands
83171,TikTok,2024-03-12,Não Convertido,,0.0,Moderado,Lebanon
83172,TikTok,2024-03-13,Não Convertido,,0.0,Moderado,Gibraltar
83173,Instagram,2024-03-11,Não Convertido,,0.0,Agressivo,Hungary
83174,YouTube Ads,2024-03-14,Não Convertido,,0.0,Agressivo,Slovakia (Slovak Republic)
83175,Indicação,2024-03-11,Não Convertido,,0.0,Agressivo,Bouvet Island (Bouvetoya)
83176,Google Ads,2024-03-14,Não Convertido,,0.0,Conservador,Colombia
83177,Instagram,2024-03-16,Convertido,28.0,9323.82,Agressivo,Dominican Republic
83178,WhatsApp,2024-03-13,Não Convertido,,0.0,Conservador,Dominica
83179,Instagram,2024-03-15,Não Convertido,,0.0,Agressivo,Austria
83180,Orgânico,2024-03-11,Não Convertido,,0.0,Moderado,Botswana
83181,Facebook,2024-03-12,Não Convertido,,0.0,Moderado,Slovakia (Slovak Republic)
83182,E-mail Marketing,2024-03-15,Não Convertido,,0.0,Moderado,Niger
83183,Instagram,2024-03-13,Não Convertido,,0.0,Conservador,Benin
83184,E-mail Marketing,2024-03-13,Não Convertido,,0.0,Agressivo,Bolivia
83185,YouTube Ads,2024-03-15,Não Convertido,,0.0,Agressivo,Saint Helena
83186,E-mail Marketing,2024-03-11,Não Convertido,,0.0,Moderado,Andorra
83187,Indicação,2024-03-16,Convertido,8.0,5842.25,Desconhecido,Netherlands Antilles
83188,Google Ads,2024-03-14,Convertido,28.0,8567.62,Agressivo,Russian Federation
83189,Google Ads,2024-03-12,Não Convertido,,0.0,Agressivo,Suriname
83190,Indicação,2024-03-15,Não Convertido,,0.0,Moderado,Equatorial Guinea
83191,YouTube Ads,2024-03-15,Não Convertido,,0.0,Agressivo,South Georgia and the South Sandwich Islands
83192,WhatsApp,2024-03-11,Não Convertido,,0.0,Agressivo,Montserrat
83193,E-mail Marketing,2024-03-12,Não Convertido,,0.0,Moderado,Bhutan
83194,TikTok,2024-03-16,Não Convertido,,0.0,Conservador,India
83195,Instagram,2024-03-14,Não Convertido,,0.0,Agressivo,Canada
83196,Orgânico,2024-03-16,Não Convertido,,0.0,Moderado,Nicaragua
83197,TikTok,2024-03-12,Não Convertido,,0.0,Moderado,Vanuatu
83198,Orgânico,2024-03-16,Convertido,7.0,8280.11,Moderado,Haiti
83199,E-mail Marketing,2024-03-14,Não Convertido,,0.0,Conservador,Liberia
83200,Instagram,2024-03-14,Não Convertido,,0.0,Agressivo,Kyrgyz Republic
83201,WhatsApp,2024-03-12,Não Convertido,,0.0,Agressivo,United Kingdom
83202,TikTok,2024-03-15,Não Convertido,,0.0,Agressivo,Norway
83203,Facebook,2024-03-15,Não Convertido,,0.0,Moderado,France
83204,Indicação,2024-03-12,Não Convertido,,0.0,Agressivo,Maldives
83205,Indicação,2024-03-15,Não Convertido,,0.0,Conservador,Western Sahara
83206,TikTok,2024-03-15,Não Convertido,,0.0,Conservador,Cook Islands
83207,TikTok,2024-03-13,Convertido,7.0,1774.7,Agressivo,Suriname
83208,E-mail Marketing,2024-03-15,Não Convertido,,0.0,Moderado,Niger
83209,Orgânico,2024-03-13,Não Convertido,,0.0,Moderado,Korea
83210,Instagram,2024-03-13,Não Convertido,,0.0,Moderado,Grenada
83211,E-mail Marketing,2024-03-13,Não Convertido,,0.0,Moderado,Netherlands
83212,Orgânico,2024-03-14,Não Convertido,,0.0,Conservador,Brunei Darussalam
83213,Orgânico,2024-03-13,Não Convertido,,0.0,Moderado,Czech Republic
83214,Indicação,2024-03-15,Não Convertido,,0.0,Agressivo,Romania
83215,Facebook,2024-03-12,Convertido,30.0,4875.75,Moderado,Mongolia
83216,TikTok,2024-03-13,Não Convertido,,0.0,Agressivo,Burkina Faso
83217,TikTok,2024-03-13,Não Convertido,,0.0,Moderado,Singapore
83218,TikTok,2024-03-15,Não Convertido,,0.0,Moderado,Korea
83219,Google Ads,2024-03-15,Não Convertido,,0.0,Moderado,Dominica
83220,Instagram,2024-03-13,Não Convertido,,0.0,Agressivo,San Marino
83221,WhatsApp,2024-03-13,Não Convertido,,0.0,Desconhecido,Philippines
83222,Instagram,2024-03-15,Convertido,27.0,7789.92,Conservador,Czech Republic
83223,Facebook,2024-03-12,Convertido,9.0,8280.61,Conservador,Guinea
83224,TikTok,2024-03-15,Não Convertido,,0.0,Desconhecido,Bouvet Island (Bouvetoya)
83225,Orgânico,2024-03-15,Não Convertido,,0.0,Conservador,Austria
83226,Google Ads,2024-03-15,Não Convertido,,0.0,Conservador,Anguilla
83227,TikTok,2024-03-15,Não Convertido,,0.0,Agressivo,Luxembourg
83228,Orgânico,2024-03-14,Não Convertido,,0.0,Agressivo,Cocos (Keeling) Islands
83229,Instagram,2024-03-16,Não Convertido,,0.0,Moderado,Norway
83230,Orgânico,2024-03-14,Não Convertido,,0.0,Moderado,Bosnia and Herzegovina
83231,E-mail Marketing,2024-03-12,Não Convertido,,0.0,Agressivo,Philippines
83232,Orgânico,2024-03-15,Não Convertido,,0.0,Agressivo,Mali
83233,E-mail Marketing,2024-03-11,Não Convertido,,0.0,Agressivo,Rwanda
83234,Orgânico,2024-03-15,Não Convertido,,0.0,Moderado,Mexico
83235,E-mail Marketing,2024-03-16,Não Convertido,,0.0,Agressivo,Sao Tome and Principe
83236,YouTube Ads,2024-03-12,Não Convertido,,0.0,Conservador,Panama
83237,TikTok,2024-03-14,Não Convertido,,0.0,Agressivo,Seychelles
83238,Facebook,2024-03-11,Não Convertido,,0.0,Moderado,Guam
83239,Indicação,2024-03-15,Não Convertido,,0.0,Conservador,Maldives
83240,TikTok,2024-03-14,Não Convertido,,0.0,Moderado,Serbia
83241,TikTok,2024-03-12,Não Convertido,,0.0,Moderado,Turkmenistan
83242,Orgânico,2024-03-12,Não Convertido,,0.0,Agressivo,Jamaica
83243,Indicação,2024-03-12,Não Convertido,,0.0,Agressivo,Burundi
83244,E-mail Marketing,2024-03-14,Não Convertido,,0.0,Moderado,Mali
83245,E-mail Marketing,2024-03-16,Não Convertido,,0.0,Conservador,Dominica
83246,Google Ads,2024-03-15,Não Convertido,,0.0,Moderado,United Arab Emirates
83247,Orgânico,2024-03-15,Não Convertido,,0.0,Moderado,Cambodia
83248,YouTube Ads,2024-03-16,Não Convertido,,0.0,Conservador,French Polynesia
83249,Instagram,2024-03-14,Não Convertido,,0.0,Moderado,Ghana
83250,Instagram,2024-03-16,Não Convertido,,0.0,Conservador,Guadeloupe
83251,Instagram,2024-03-14,Convertido,19.0,6575.95,Conservador,Mexico
83252,Facebook,2024-03-16,Não Convertido,,0.0,Moderado,Jordan
83253,Instagram,2024-03-13,Não Convertido,,0.0,Conservador,Kiribati
83254,Orgânico,2024-03-11,Não Convertido,,0.0,Agressivo,Romania
83255,Facebook,2024-03-13,Não Convertido,,0.0,Agressivo,Norway
83256,Google Ads,2024-03-11,Não Convertido,,0.0,Agressivo,Venezuela
83257,TikTok,2024-03-16,Não Convertido,,0.0,Conservador,Saint Lucia
83258,TikTok,2024-03-14,Não Convertido,,0.0,Conservador,French Southern Territories
83259,TikTok,2024-03-15,Não Convertido,,0.0,Moderado,Bermuda
83260,YouTube Ads,2024-03-12,Não Convertido,,0.0,Moderado,Slovakia (Slovak Republic)
83261,TikTok,2024-03-13,Não Convertido,,0.0,Moderado,Qatar
83262,Orgânico,2024-03-12,Não Convertido,,0.0,Agressivo,Equatorial Guinea
83263,Indicação,2024-03-15,Não Convertido,,0.0,Moderado,Portugal
83264,YouTube Ads,2024-03-11,Convertido,12.0,992.11,Conservador,South Africa
83265,YouTube Ads,2024-03-11,Não Convertido,,0.0,Agressivo,Mali
83266,E-mail Marketing,2024-03-13,Não Convertido,,0.0,Conservador,Malawi
83267,E-mail Marketing,2024-03-11,Não Convertido,,0.0,Agressivo,Bermuda
83268,Orgânico,2024-03-11,Não Convertido,,0.0,Moderado,Iceland
83269,Instagram,2024-03-11,Não Convertido,,0.0,Agressivo,Ecuador
83270,Orgânico,2024-03-11,Não Convertido,,0.0,Agressivo,Paraguay
83271,Orgânico,2024-03-12,Não Convertido,,0.0,Agressivo,Aruba
83272,E-mail Marketing,2024-03-13,Convertido,23.0,8565.11,Moderado,El Salvador
83273,E-mail Marketing,2024-03-13,Não Convertido,,0.0,Moderado,Nepal
83274,Orgânico,2024-03-12,Não Convertido,,0.0,Moderado,Taiwan
83275,Instagram,2024-03-11,Não Convertido,,0.0,Moderado,Burundi
83276,YouTube Ads,2024-03-11,Não Convertido,,0.0,Moderado,Marshall Islands
83277,Facebook,2024-03-15,Não Convertido,,0.0,Moderado,Japan
83278,TikTok,2024-03-15,Não Convertido,,0.0,Moderado,Saint Barthelemy
83279,Google Ads,2024-03-13,Não Convertido,,0.0,Moderado,Holy See (Vatican City State)
83280,E-mail Marketing,2024-03-12,Não Convertido,,0.0,Agressivo,Latvia
83281,WhatsApp,2024-03-13,Não Convertido,,0.0,Agressivo,Equatorial Guinea
83282,Instagram,2024-03-12,Não Convertido,,0.0,Desconhecido,Germany
83283,Google Ads,2024-03-16,Não Convertido,,0.0,Desconhecido,France
83284,E-mail Marketing,2024-03-14,Não Convertido,,0.0,Agressivo,Bosnia and Herzegovina
83285,Instagram,2024-03-13,Não Convertido,,0.0,Moderado,Falkland Islands (Malvinas)
83286,Orgânico,2024-03-16,Não Convertido,,0.0,Moderado,Turkey
83287,Orgânico,2024-03-16,Não Convertido,,0.0,Conservador,Ukraine
83288,Orgânico,2024-03-13,Não Convertido,,0.0,Agressivo,Australia
83289,Indicação,2024-03-16,Não Convertido,,0.0,Moderado,Ethiopia
83290,E-mail Marketing,2024-03-11,Não Convertido,,0.0,Agressivo,Wallis and Futuna
83291,YouTube Ads,2024-03-11,Não Convertido,,0.0,Agressivo,India
83292,TikTok,2024-03-11,Não Convertido,,0.0,Agressivo,Congo
83293,E-mail Marketing,2024-03-15,Não Convertido,,0.0,Agressivo,Cameroon
83294,Instagram,2024-03-11,Não Convertido,,0.0,Agressivo,Falkland Islands (Malvinas)
83295,Facebook,2024-03-16,Não Convertido,,0.0,Moderado,Bolivia
83296,Instagram,2024-03-13,Não Convertido,,0.0,Agressivo,Tanzania
83297,YouTube Ads,2024-03-15,Não Convertido,,0.0,Agressivo,Timor-Leste
83298,E-mail Marketing,2024-03-13,Não Convertido,,0.0,Moderado,France
83299,Instagram,2024-03-12,Não Convertido,,0.0,Moderado,Cambodia
83300,Instagram,2024-03-12,Não Convertido,,0.0,Moderado,Russian Federation
83301,E-mail Marketing,2024-03-13,Não Convertido,,0.0,Moderado,Reunion
83302,TikTok,2024-03-12,Não Convertido,,0.0,Moderado,Central African Republic
83303,Orgânico,2024-03-14,Não Convertido,,0.0,Agressivo,Saint Pierre and Miquelon
83304,TikTok,2024-03-15,Convertido,10.0,5655.92,Moderado,Saint Barthelemy
83305,TikTok,2024-03-12,Não Convertido,,0.0,Agressivo,Macao
83306,TikTok,2024-03-16,Não Convertido,,0.0,Desconhecido,Tanzania
83307,Instagram,2024-03-11,Não Convertido,,0.0,Desconhecido,Micronesia
83308,Instagram,2024-03-16,Não Convertido,,0.0,Moderado,Philippines
83309,WhatsApp,2024-03-13,Não Convertido,,0.0,Moderado,Antigua and Barbuda
83310,Google Ads,2024-03-16,Não Convertido,,0.0,Desconhecido,Azerbaijan
83311,Indicação,2024-03-14,Não Convertido,,0.0,Agressivo,Sao Tome and Principe
83312,Google Ads,2024-03-14,Não Convertido,,0.0,Desconhecido,Jersey
83313,WhatsApp,2024-03-15,Não Convertido,,0.0,Moderado,South Africa
83314,TikTok,2024-03-15,Não Convertido,,0.0,Moderado,Malaysia
83315,TikTok,2024-03-13,Não Convertido,,0.0,Agressivo,Niue
83316,Orgânico,2024-03-12,Não Convertido,,0.0,Agressivo,Paraguay
83317,YouTube Ads,2024-03-15,Não Convertido,,0.0,Moderado,Tanzania
83318,Orgânico,2024-03-13,Não Convertido,,0.0,Moderado,Antarctica (the territory South of 60 deg S)
83319,Facebook,2024-03-16,Convertido,26.0,9245.95,Agressivo,French Guiana
83320,Orgânico,2024-03-13,Convertido,15.0,8456.45,Moderado,Sierra Leone
83321,Orgânico,2024-03-15,Não Convertido,,0.0,Agressivo,Guyana
83322,TikTok,2024-03-16,Não Convertido,,0.0,Moderado,Finland
83323,E-mail Marketing,2024-03-13,Não Convertido,,0.0,Agressivo,Guyana
83324,Facebook,2024-03-13,Não Convertido,,0.0,Agressivo,Singapore
83325,WhatsApp,2024-03-14,Não Convertido,,0.0,Conservador,British Indian Ocean Territory (Chagos Archipelago)
83326,TikTok,2024-03-16,Não Convertido,,0.0,Moderado,Palestinian Territory
83327,TikTok,2024-03-11,Não Convertido,,0.0,Agressivo,Guatemala
83328,TikTok,2024-03-15,Não Convertido,,0.0,Agressivo,Tanzania
83329,Instagram,2024-03-15,Não Convertido,,0.0,Agressivo,South Africa
83330,Instagram,2024-03-16,Não Convertido,,0.0,Agressivo,Austria
83331,Facebook,2024-03-12,Não Convertido,,0.0,Desconhecido,Timor-Leste
83332,Instagram,2024-03-12,Não Convertido,,0.0,Conservador,Sao Tome and Principe
83333,E-mail Marketing,2024-03-15,Não Convertido,,0.0,Moderado,Venezuela
83334,Instagram,2024-03-13,Não Convertido,,0.0,Conservador,Uganda
83335,WhatsApp,2024-03-14,Não Convertido,,0.0,Agressivo,Poland
83336,Instagram,2024-03-13,Não Convertido,,0.0,Agressivo,Botswana
83337,Google Ads,2024-03-14,Não Convertido,,0.0,Desconhecido,Switzerland
83338,Instagram,2024-03-12,Não Convertido,,0.0,Agressivo,United States Virgin Islands
83339,YouTube Ads,2024-03-14,Não Convertido,,0.0,Agressivo,Jamaica
83340,Orgânico,2024-03-12,Não Convertido,,0.0,Moderado,Eritrea
83341,TikTok,2024-03-16,Não Convertido,,0.0,Desconhecido,Italy
83342,WhatsApp,2024-03-16,Convertido,19.0,5492.79,Moderado,Namibia
83343,E-mail Marketing,2024-03-15,Não Convertido,,0.0,Moderado,Holy See (Vatican City State)
83344,Facebook,2024-03-14,Não Convertido,,0.0,Moderado,Pakistan
83345,WhatsApp,2024-03-15,Não Convertido,,0.0,Agressivo,Nicaragua
83346,Orgânico,2024-03-14,Não Convertido,,0.0,Agressivo,Belgium
83347,Instagram,2024-03-12,Não Convertido,,0.0,Agressivo,United Arab Emirates
83348,TikTok,2024-03-13,Não Convertido,,0.0,Agressivo,Latvia
83349,E-mail Marketing,2024-03-15,Não Convertido,,0.0,Moderado,Antarctica (the territory South of 60 deg S)
83350,Orgânico,2024-03-12,Não Convertido,,0.0,Moderado,Pitcairn Islands
83351,Facebook,2024-03-14,Não Convertido,,0.0,Moderado,Costa Rica
83352,Google Ads,2024-03-11,Não Convertido,,0.0,Conservador,Finland
83353,Indicação,2024-03-12,Não Convertido,,0.0,Moderado,Indonesia
83354,Instagram,2024-03-14,Não Convertido,,0.0,Moderado,Jordan
83355,Instagram,2024-03-13,Não Convertido,,0.0,Moderado,Korea
83356,Facebook,2024-03-13,Não Convertido,,0.0,Desconhecido,British Virgin Islands
83357,YouTube Ads,2024-03-12,Não Convertido,,0.0,Conservador,South Africa
83358,Instagram,2024-03-11,Não Convertido,,0.0,Moderado,Pitcairn Islands
83359,Orgânico,2024-03-15,Convertido,10.0,6482.88,Moderado,Nepal
83360,Google Ads,2024-03-11,Não Convertido,,0.0,Moderado,Cyprus
83361,Instagram,2024-03-16,Não Convertido,,0.0,Moderado,Egypt
83362,Indicação,2024-03-14,Não Convertido,,0.0,Conservador,South Africa
83363,Orgânico,2024-03-16,Convertido,20.0,6258.38,Agressivo,Reunion
83364,E-mail Marketing,2024-03-11,Não Convertido,,0.0,Conservador,Cote d'Ivoire
83365,Indicação,2024-03-13,Não Convertido,,0.0,Agressivo,Thailand
83366,Indicação,2024-03-16,Não Convertido,,0.0,Moderado,Cocos (Keeling) Islands
83367,YouTube Ads,2024-03-15,Não Convertido,,0.0,Moderado,Belgium
83368,E-mail Marketing,2024-03-11,Não Convertido,,0.0,Agressivo,Mali
83369,Facebook,2024-03-15,Não Convertido,,0.0,Moderado,Colombia
83370,E-mail Marketing,2024-03-16,Não Convertido,,0.0,Conservador,Lebanon
83371,Orgânico,2024-03-15,Convertido,17.0,7771.5,Moderado,Yemen
83372,E-mail Marketing,2024-03-11,Não Convertido,,0.0,Moderado,Lebanon
83373,Facebook,2024-03-16,Não Convertido,,0.0,Agressivo,Iceland
83374,YouTube Ads,2024-03-12,Não Convertido,,0.0,Moderado,Bulgaria
83375,E-mail Marketing,2024-03-13,Não Convertido,,0.0,Conservador,China
83376,YouTube Ads,2024-03-11,Não Convertido,,0.0,Desconhecido,Colombia
83377,Orgânico,2024-03-11,Convertido,2.0,5842.4,Moderado,Netherlands
83378,E-mail Marketing,2024-03-12,Convertido,20.0,254.87,Moderado,Saudi Arabia
83379,Orgânico,2024-03-13,Não Convertido,,0.0,Conservador,Hungary
83380,WhatsApp,2024-03-15,Não Convertido,,0.0,Agressivo,Marshall Islands
83381,Indicação,2024-03-11,Não Convertido,,0.0,Moderado,Singapore
83382,E-mail Marketing,2024-03-12,Não Convertido,,0.0,Conservador,Malta
83383,TikTok,2024-03-12,Não Convertido,,0.0,Moderado,Senegal
83384,Orgânico,2024-03-11,Não Convertido,,0.0,Moderado,Andorra
83385,Instagram,2024-03-16,Não Convertido,,0.0,Desconhecido,Bosnia and Herzegovina
83386,Orgânico,2024-03-15,Não Convertido,,0.0,Agressivo,Luxembourg
83387,Instagram,2024-03-14,Não Convertido,,0.0,Desconhecido,Western Sahara
83388,Instagram,2024-03-11,Não Convertido,,0.0,Agressivo,Iraq
83389,Orgânico,2024-03-15,Não Convertido,,0.0,Moderado,Chad
83390,Facebook,2024-03-11,Não Convertido,,0.0,Moderado,French Guiana
83391,E-mail Marketing,2024-03-15,Não Convertido,,0.0,Agressivo,French Guiana
83392,Indicação,2024-03-15,Não Convertido,,0.0,Moderado,Croatia
83393,Instagram,2024-03-14,Não Convertido,,0.0,Moderado,Liechtenstein
83394,WhatsApp,2024-03-13,Não Convertido,,0.0,Desconhecido,Kuwait
83395,Orgânico,2024-03-15,Não Convertido,,0.0,Agressivo,Guernsey
83396,Facebook,2024-03-11,Não Convertido,,0.0,Moderado,India
83397,TikTok,2024-03-15,Não Convertido,,0.0,Conservador,Uruguay
83398,WhatsApp,2024-03-14,Não Convertido,,0.0,Agressivo,Reunion
83399,Google Ads,2024-03-12,Não Convertido,,0.0,Moderado,Azerbaijan
83400,Facebook,2024-03-13,Não Convertido,,0.0,Agressivo,Wallis and Futuna
83401,Google Ads,2024-03-14,Não Convertido,,0.0,Agressivo,Tonga
83402,Instagram,2024-03-15,Não Convertido,,0.0,Conservador,Montserrat
83403,Facebook,2024-03-13,Não Convertido,,0.0,Conservador,Mayotte
83404,Google Ads,2024-03-16,Não Convertido,,0.0,Agressivo,Spain
83405,Instagram,2024-03-15,Não Convertido,,0.0,Moderado,Lebanon
83406,Orgânico,2024-03-11,Não Convertido,,0.0,Moderado,Jordan
83407,Google Ads,2024-03-14,Não Convertido,,0.0,Conservador,Moldova
83408,Orgânico,2024-03-16,Não Convertido,,0.0,Moderado,Turkey
83409,Instagram,2024-03-11,Não Convertido,,0.0,Desconhecido,Sweden
83410,Google Ads,2024-03-12,Não Convertido,,0.0,Agressivo,Oman
83411,Facebook,2024-03-12,Não Convertido,,0.0,Conservador,Argentina
83412,TikTok,2024-03-13,Não Convertido,,0.0,Conservador,Albania
83413,YouTube Ads,2024-03-16,Não Convertido,,0.0,Conservador,Wallis and Futuna
83414,Instagram,2024-03-16,Não Convertido,,0.0,Moderado,Haiti
83415,WhatsApp,2024-03-15,Não Convertido,,0.0,Agressivo,Czech Republic
83416,Instagram,2024-03-13,Não Convertido,,0.0,Conservador,Latvia
83417,YouTube Ads,2024-03-12,Não Convertido,,0.0,Moderado,Maldives
83418,TikTok,2024-03-15,Não Convertido,,0.0,Moderado,Brunei Darussalam
83419,Orgânico,2024-03-12,Não Convertido,,0.0,Moderado,Lithuania
83420,E-mail Marketing,2024-03-11,Não Convertido,,0.0,Agressivo,French Polynesia
83421,TikTok,2024-03-13,Não Convertido,,0.0,Agressivo,Belgium
83422,Instagram,2024-03-16,Não Convertido,,0.0,Agressivo,China
83423,TikTok,2024-03-11,Não Convertido,,0.0,Desconhecido,Nicaragua
83424,TikTok,2024-03-16,Não Convertido,,0.0,Agressivo,Sao Tome and Principe
83425,Indicação,2024-03-13,Não Convertido,,0.0,Conservador,Ecuador
83426,Facebook,2024-03-11,Não Convertido,,0.0,Agressivo,Saint Pierre and Miquelon
83427,Indicação,2024-03-12,Não Convertido,,0.0,Desconhecido,Trinidad and Tobago
83428,Google Ads,2024-03-14,Não Convertido,,0.0,Moderado,Fiji
83429,TikTok,2024-03-14,Não Convertido,,0.0,Conservador,Malta
83430,Indicação,2024-03-14,Não Convertido,,0.0,Conservador,Denmark
83431,Google Ads,2024-03-12,Não Convertido,,0.0,Conservador,American Samoa
83432,Facebook,2024-03-11,Não Convertido,,0.0,Moderado,Taiwan
83433,Google Ads,2024-03-14,Não Convertido,,0.0,Moderado,Tokelau
83434,YouTube Ads,2024-03-16,Não Convertido,,0.0,Conservador,Libyan Arab Jamahiriya
83435,WhatsApp,2024-03-12,Não Convertido,,0.0,Conservador,British Virgin Islands
83436,Facebook,2024-03-11,Não Convertido,,0.0,Moderado,Cameroon
83437,Indicação,2024-03-16,Não Convertido,,0.0,Conservador,Argentina
83438,Google Ads,2024-03-16,Não Convertido,,0.0,Conservador,Faroe Islands
83439,Orgânico,2024-03-13,Não Convertido,,0.0,Desconhecido,Sudan
83440,Facebook,2024-03-13,Não Convertido,,0.0,Moderado,Nigeria
83441,WhatsApp,2024-03-15,Não Convertido,,0.0,Agressivo,Peru
83442,Indicação,2024-03-12,Não Convertido,,0.0,Conservador,Norfolk Island
83443,Facebook,2024-03-16,Não Convertido,,0.0,Conservador,Congo
83444,TikTok,2024-03-15,Não Convertido,,0.0,Moderado,South Africa
83445,WhatsApp,2024-03-13,Não Convertido,,0.0,Conservador,Jordan
83446,Orgânico,2024-03-13,Não Convertido,,0.0,Conservador,Tokelau
83447,TikTok,2024-03-11,Não Convertido,,0.0,Conservador,San Marino
83448,Orgânico,2024-03-12,Não Convertido,,0.0,Moderado,Israel
83449,E-mail Marketing,2024-03-11,Não Convertido,,0.0,Moderado,Yemen
83450,Orgânico,2024-03-15,Não Convertido,,0.0,Agressivo,Puerto Rico
83451,E-mail Marketing,2024-03-15,Não Convertido,,0.0,Moderado,France
83452,Orgânico,2024-03-12,Não Convertido,,0.0,Moderado,Christmas Island
83453,E-mail Marketing,2024-03-16,Não Convertido,,0.0,Moderado,Bahamas
83454,Orgânico,2024-03-13,Convertido,23.0,2264.31,Moderado,Saint Barthelemy
83455,Indicação,2024-03-15,Não Convertido,,0.0,Moderado,Malaysia
83456,Orgânico,2024-03-15,Não Convertido,,0.0,Moderado,Montserrat
83457,TikTok,2024-03-16,Não Convertido,,0.0,Moderado,Namibia
83458,E-mail Marketing,2024-03-14,Não Convertido,,0.0,Agressivo,Greece
83459,E-mail Marketing,2024-03-13,Não Convertido,,0.0,Conservador,Bangladesh
83460,Instagram,2024-03-15,Não Convertido,,0.0,Desconhecido,Peru
83461,Google Ads,2024-03-15,Não Convertido,,0.0,Moderado,Jamaica
83462,Google Ads,2024-03-14,Não Convertido,,0.0,Moderado,Korea
83463,WhatsApp,2024-03-11,Não Convertido,,0.0,Agressivo,Qatar
83464,TikTok,2024-03-12,Não Convertido,,0.0,Moderado,Gibraltar
83465,Facebook,2024-03-12,Não Convertido,,0.0,Moderado,Malaysia
83466,TikTok,2024-03-13,Não Convertido,,0.0,Agressivo,Colombia
83467,Orgânico,2024-03-11,Não Convertido,,0.0,Moderado,Antarctica (the territory South of 60 deg S)
83468,YouTube Ads,2024-03-14,Não Convertido,,0.0,Moderado,Guatemala
83469,Orgânico,2024-03-13,Não Convertido,,0.0,Moderado,Sudan
83470,Instagram,2024-03-14,Não Convertido,,0.0,Agressivo,Sweden
83471,TikTok,2024-03-15,Não Convertido,,0.0,Conservador,Bolivia
83472,WhatsApp,2024-03-16,Não Convertido,,0.0,Moderado,Belize
83473,TikTok,2024-03-11,Não Convertido,,0.0,Conservador,Hong Kong
83474,Orgânico,2024-03-15,Não Convertido,,0.0,Moderado,Bermuda
83475,E-mail Marketing,2024-03-12,Não Convertido,,0.0,Moderado,Bangladesh
83476,Instagram,2024-03-14,Não Convertido,,0.0,Agressivo,Djibouti
83477,Google Ads,2024-03-14,Não Convertido,,0.0,Agressivo,Djibouti
83478,Orgânico,2024-03-12,Não Convertido,,0.0,Moderado,Philippines
83479,TikTok,2024-03-15,Não Convertido,,0.0,Moderado,Latvia
83480,Facebook,2024-03-12,Não Convertido,,0.0,Moderado,Panama
83481,Facebook,2024-03-15,Convertido,14.0,5874.15,Moderado,Togo
83482,TikTok,2024-03-11,Não Convertido,,0.0,Agressivo,Cook Islands
83483,E-mail Marketing,2024-03-13,Não Convertido,,0.0,Moderado,El Salvador
83484,WhatsApp,2024-03-14,Não Convertido,,0.0,Moderado,Niue
83485,YouTube Ads,2024-03-14,Não Convertido,,0.0,Agressivo,Botswana
83486,YouTube Ads,2024-03-13,Não Convertido,,0.0,Moderado,Lao People's Democratic Republic
83487,Instagram,2024-03-14,Não Convertido,,0.0,Moderado,Australia
83488,Orgânico,2024-03-12,Não Convertido,,0.0,Desconhecido,Afghanistan
83489,Orgânico,2024-03-11,Não Convertido,,0.0,Conservador,Hungary
83490,TikTok,2024-03-16,Não Convertido,,0.0,Desconhecido,Aruba
83491,Facebook,2024-03-11,Não Convertido,,0.0,Moderado,Jordan
83492,Instagram,2024-03-13,Não Convertido,,0.0,Desconhecido,Panama
83493,Orgânico,2024-03-11,Não Convertido,,0.0,Agressivo,Cayman Islands
83494,TikTok,2024-03-11,Não Convertido,,0.0,Agressivo,Turkmenistan
83495,Indicação,2024-03-11,Não Convertido,,0.0,Desconhecido,Somalia
83496,Instagram,2024-03-16,Não Convertido,,0.0,Moderado,Somalia
83497,Indicação,2024-03-16,Não Convertido,,0.0,Moderado,Namibia
83498,TikTok,2024-03-15,Não Convertido,,0.0,Conservador,Bouvet Island (Bouvetoya)
83499,E-mail Marketing,2024-03-15,Não Convertido,,0.0,Agressivo,Saudi Arabia
83500,Orgânico,2024-03-12,Não Convertido,,0.0,Desconhecido,Kenya
83501,E-mail Marketing,2024-03-14,Não Convertido,,0.0,Moderado,Slovenia
83502,Orgânico,2024-03-14,Não Convertido,,0.0,Agressivo,United States Virgin Islands
83503,Instagram,2024-03-12,Não Convertido,,0.0,Conservador,French Southern Territories
83504,Indicação,2024-03-14,Não Convertido,,0.0,Agressivo,Peru
83505,YouTube Ads,2024-03-13,Não Convertido,,0.0,Agressivo,Belgium
83506,Orgânico,2024-03-14,Não Convertido,,0.0,Conservador,Belize
83507,Instagram,2024-03-16,Não Convertido,,0.0,Agressivo,Burkina Faso
83508,YouTube Ads,2024-03-15,Não Convertido,,0.0,Moderado,Lebanon
83509,Instagram,2024-03-14,Não Convertido,,0.0,Conservador,Sudan
83510,TikTok,2024-03-14,Não Convertido,,0.0,Moderado,Senegal
83511,E-mail Marketing,2024-03-11,Não Convertido,,0.0,Agressivo,Namibia
83512,Orgânico,2024-03-11,Convertido,23.0,878.36,Moderado,Rwanda
83513,Facebook,2024-03-16,Não Convertido,,0.0,Agressivo,Niue
83514,TikTok,2024-03-13,Não Convertido,,0.0,Moderado,Haiti
83515,WhatsApp,2024-03-14,Não Convertido,,0.0,Agressivo,Sierra Leone
83516,TikTok,2024-03-11,Não Convertido,,0.0,Desconhecido,Liberia
83517,Instagram,2024-03-16,Não Convertido,,0.0,Agressivo,Sweden
83518,YouTube Ads,2024-03-12,Não Convertido,,0.0,Conservador,Mauritania
83519,Google Ads,2024-03-14,Não Convertido,,0.0,Conservador,Puerto Rico
83520,Orgânico,2024-03-14,Não Convertido,,0.0,Desconhecido,Greece
83521,Google Ads,2024-03-14,Não Convertido,,0.0,Agressivo,Faroe Islands
83522,WhatsApp,2024-03-12,Não Convertido,,0.0,Moderado,Saint Lucia
83523,Orgânico,2024-03-15,Convertido,29.0,2085.13,Moderado,Belgium
83524,Google Ads,2024-03-16,Não Convertido,,0.0,Agressivo,Sierra Leone
83525,E-mail Marketing,2024-03-15,Não Convertido,,0.0,Moderado,Argentina
83526,Google Ads,2024-03-15,Não Convertido,,0.0,Moderado,Afghanistan
83527,WhatsApp,2024-03-15,Não Convertido,,0.0,Agressivo,Honduras
83528,WhatsApp,2024-03-11,Não Convertido,,0.0,Desconhecido,Slovakia (Slovak Republic)
83529,Google Ads,2024-03-16,Não Convertido,,0.0,Moderado,Rwanda
83530,Instagram,2024-03-16,Não Convertido,,0.0,Moderado,Poland
83531,WhatsApp,2024-03-11,Não Convertido,,0.0,Agressivo,Malawi
83532,Facebook,2024-03-11,Não Convertido,,0.0,Agressivo,Swaziland
83533,Instagram,2024-03-12,Não Convertido,,0.0,Agressivo,Bouvet Island (Bouvetoya)
83534,YouTube Ads,2024-03-16,Não Convertido,,0.0,Moderado,Congo
83535,Google Ads,2024-03-12,Não Convertido,,0.0,Agressivo,United Arab Emirates
83536,Instagram,2024-03-16,Não Convertido,,0.0,Agressivo,Mozambique
83537,E-mail Marketing,2024-03-11,Não Convertido,,0.0,Agressivo,Ghana
83538,TikTok,2024-03-12,Não Convertido,,0.0,Moderado,Australia
83539,E-mail Marketing,2024-03-14,Não Convertido,,0.0,Conservador,Philippines
83540,Instagram,2024-03-16,Não Convertido,,0.0,Agressivo,Guernsey
83541,WhatsApp,2024-03-13,Não Convertido,,0.0,Conservador,Switzerland
83542,Facebook,2024-03-15,Não Convertido,,0.0,Moderado,Nauru
83543,WhatsApp,2024-03-15,Não Convertido,,0.0,Desconhecido,Cyprus
83544,YouTube Ads,2024-03-13,Não Convertido,,0.0,Moderado,Vanuatu
83545,TikTok,2024-03-15,Não Convertido,,0.0,Moderado,Slovenia
83546,Google Ads,2024-03-12,Não Convertido,,0.0,Agressivo,Cuba
83547,TikTok,2024-03-11,Não Convertido,,0.0,Moderado,Northern Mariana Islands
83548,Google Ads,2024-03-11,Não Convertido,,0.0,Moderado,Latvia
83549,Facebook,2024-03-11,Não Convertido,,0.0,Agressivo,Timor-Leste
83550,E-mail Marketing,2024-03-11,Não Convertido,,0.0,Moderado,Singapore
83551,Instagram,2024-03-15,Não Convertido,,0.0,Agressivo,Yemen
83552,YouTube Ads,2024-03-14,Não Convertido,,0.0,Agressivo,Venezuela
83553,Instagram,2024-03-14,Não Convertido,,0.0,Agressivo,Guyana
83554,E-mail Marketing,2024-03-13,Não Convertido,,0.0,Moderado,Haiti
83555,WhatsApp,2024-03-12,Não Convertido,,0.0,Agressivo,Tunisia
83556,TikTok,2024-03-11,Não Convertido,,0.0,Agressivo,Latvia
83557,E-mail Marketing,2024-03-14,Não Convertido,,0.0,Conservador,Gabon
83558,TikTok,2024-03-14,Não Convertido,,0.0,Conservador,Guatemala
83559,Orgânico,2024-03-14,Não Convertido,,0.0,Agressivo,Seychelles
83560,Orgânico,2024-03-16,Não Convertido,,0.0,Moderado,United States of America
83561,Instagram,2024-03-14,Não Convertido,,0.0,Conservador,Sierra Leone
83562,TikTok,2024-03-16,Não Convertido,,0.0,Agressivo,Burkina Faso
83563,E-mail Marketing,2024-03-16,Não Convertido,,0.0,Conservador,Kiribati
83564,Google Ads,2024-03-15,Não Convertido,,0.0,Moderado,Angola
83565,Facebook,2024-03-15,Não Convertido,,0.0,Moderado,Montenegro
83566,E-mail Marketing,2024-03-12,Não Convertido,,0.0,Moderado,Sri Lanka
83567,Indicação,2024-03-14,Não Convertido,,0.0,Moderado,Egypt
83568,Facebook,2024-03-16,Não Convertido,,0.0,Conservador,Kazakhstan
83569,Instagram,2024-03-14,Não Convertido,,0.0,Moderado,Belarus
83570,Orgânico,2024-03-15,Não Convertido,,0.0,Moderado,Ukraine
83571,YouTube Ads,2024-03-14,Não Convertido,,0.0,Moderado,Ecuador
83572,E-mail Marketing,2024-03-16,Não Convertido,,0.0,Moderado,Montserrat
83573,Orgânico,2024-03-14,Não Convertido,,0.0,Agressivo,Madagascar
83574,YouTube Ads,2024-03-13,Não Convertido,,0.0,Moderado,United States Virgin Islands
83575,E-mail Marketing,2024-03-15,Não Convertido,,0.0,Agressivo,Tuvalu
83576,Orgânico,2024-03-14,Não Convertido,,0.0,Agressivo,Guatemala
83577,Indicação,2024-03-14,Não Convertido,,0.0,Moderado,Guinea-Bissau
83578,Google Ads,2024-03-13,Não Convertido,,0.0,Moderado,Puerto Rico
83579,Orgânico,2024-03-13,Não Convertido,,0.0,Agressivo,Liberia
83580,E-mail Marketing,2024-03-12,Não Convertido,,0.0,Desconhecido,Egypt
83581,WhatsApp,2024-03-14,Não Convertido,,0.0,Agressivo,Oman
83582,TikTok,2024-03-14,Não Convertido,,0.0,Desconhecido,Austria
83583,E-mail Marketing,2024-03-12,Não Convertido,,0.0,Agressivo,Wallis and Futuna
83584,E-mail Marketing,2024-03-12,Não Convertido,,0.0,Agressivo,Iceland
83585,TikTok,2024-03-12,Não Convertido,,0.0,Moderado,Swaziland
83586,E-mail Marketing,2024-03-12,Não Convertido,,0.0,Moderado,Wallis and Futuna
83587,YouTube Ads,2024-03-16,Não Convertido,,0.0,Moderado,Nicaragua
83588,Orgânico,2024-03-13,Não Convertido,,0.0,Moderado,Haiti
83589,E-mail Marketing,2024-03-12,Não Convertido,,0.0,Moderado,Congo
83590,E-mail Marketing,2024-03-12,Não Convertido,,0.0,Moderado,Djibouti
83591,YouTube Ads,2024-03-12,Não Convertido,,0.0,Conservador,Holy See (Vatican City State)
83592,Instagram,2024-03-15,Não Convertido,,0.0,Agressivo,Bhutan
83593,TikTok,2024-03-14,Não Convertido,,0.0,Moderado,Mauritania
83594,Orgânico,2024-03-11,Não Convertido,,0.0,Moderado,Belarus
83595,E-mail Marketing,2024-03-12,Não Convertido,,0.0,Conservador,Cambodia
83596,Instagram,2024-03-11,Não Convertido,,0.0,Moderado,Jersey
83597,Indicação,2024-03-12,Não Convertido,,0.0,Agressivo,Ecuador
83598,E-mail Marketing,2024-03-12,Não Convertido,,0.0,Moderado,Somalia
83599,E-mail Marketing,2024-03-13,Não Convertido,,0.0,Moderado,Iraq
83600,Instagram,2024-03-13,Não Convertido,,0.0,Moderado,Andorra
83601,E-mail Marketing,2024-03-16,Não Convertido,,0.0,Desconhecido,Denmark
83602,Facebook,2024-03-11,Não Convertido,,0.0,Moderado,Hong Kong
83603,TikTok,2024-03-13,Não Convertido,,0.0,Conservador,Saint Lucia
83604,WhatsApp,2024-03-13,Não Convertido,,0.0,Agressivo,Luxembourg
83605,WhatsApp,2024-03-12,Não Convertido,,0.0,Desconhecido,Micronesia
83606,Facebook,2024-03-13,Não Convertido,,0.0,Moderado,Belgium
83607,Facebook,2024-03-15,Não Convertido,,0.0,Moderado,Bermuda
83608,WhatsApp,2024-03-16,Não Convertido,,0.0,Agressivo,Jordan
83609,Facebook,2024-03-16,Não Convertido,,0.0,Desconhecido,Saint Vincent and the Grenadines
83610,Orgânico,2024-03-11,Não Convertido,,0.0,Conservador,Malta
83611,Facebook,2024-03-15,Não Convertido,,0.0,Agressivo,Timor-Leste
83612,YouTube Ads,2024-03-13,Não Convertido,,0.0,Moderado,Sierra Leone
83613,Orgânico,2024-03-11,Convertido,8.0,917.5,Moderado,Congo
83614,WhatsApp,2024-03-13,Não Convertido,,0.0,Agressivo,Malawi
83615,Instagram,2024-03-15,Não Convertido,,0.0,Desconhecido,Congo
83616,E-mail Marketing,2024-03-13,Não Convertido,,0.0,Desconhecido,Guernsey
83617,Orgânico,2024-03-16,Não Convertido,,0.0,Moderado,United States of America
83618,Instagram,2024-03-14,Não Convertido,,0.0,Agressivo,Costa Rica
83619,Instagram,2024-03-14,Não Convertido,,0.0,Moderado,United States Minor Outlying Islands
83620,Facebook,2024-03-12,Não Convertido,,0.0,Moderado,Paraguay
83621,Google Ads,2024-03-14,Não Convertido,,0.0,Moderado,Montenegro
83622,TikTok,2024-03-15,Não Convertido,,0.0,Moderado,Kiribati
83623,TikTok,2024-03-14,Não Convertido,,0.0,Agressivo,Ukraine
83624,Instagram,2024-03-15,Não Convertido,,0.0,Agressivo,Fiji
83625,Orgânico,2024-03-14,Não Convertido,,0.0,Moderado,Russian Federation
83626,Facebook,2024-03-14,Não Convertido,,0.0,Moderado,Korea
83627,TikTok,2024-03-13,Não Convertido,,0.0,Moderado,Zimbabwe
83628,E-mail Marketing,2024-03-13,Não Convertido,,0.0,Conservador,Trinidad and Tobago
83629,Orgânico,2024-03-13,Não Convertido,,0.0,Agressivo,Switzerland
83630,TikTok,2024-03-16,Não Convertido,,0.0,Moderado,Holy See (Vatican City State)
83631,Facebook,2024-03-16,Não Convertido,,0.0,Agressivo,Jersey
83632,TikTok,2024-03-15,Não Convertido,,0.0,Agressivo,Papua New Guinea
83633,YouTube Ads,2024-03-11,Não Convertido,,0.0,Moderado,Dominican Republic
83634,Google Ads,2024-03-14,Não Convertido,,0.0,Moderado,Mali
83635,TikTok,2024-03-12,Não Convertido,,0.0,Moderado,Spain
83636,TikTok,2024-03-15,Não Convertido,,0.0,Agressivo,French Southern Territories
83637,TikTok,2024-03-16,Não Convertido,,0.0,Moderado,Saint Helena
83638,Google Ads,2024-03-12,Não Convertido,,0.0,Conservador,Albania
83639,Instagram,2024-03-11,Não Convertido,,0.0,Agressivo,Bangladesh
83640,E-mail Marketing,2024-03-13,Não Convertido,,0.0,Agressivo,Saint Pierre and Miquelon
83641,Google Ads,2024-03-13,Não Convertido,,0.0,Moderado,Hungary
83642,Orgânico,2024-03-12,Não Convertido,,0.0,Agressivo,Saint Pierre and Miquelon
83643,Orgânico,2024-03-13,Não Convertido,,0.0,Agressivo,Sudan
83644,TikTok,2024-03-13,Não Convertido,,0.0,Moderado,Palau
83645,TikTok,2024-03-14,Não Convertido,,0.0,Moderado,Lesotho
83646,Facebook,2024-03-16,Não Convertido,,0.0,Conservador,Palestinian Territory
83647,Google Ads,2024-03-12,Não Convertido,,0.0,Moderado,Guinea
83648,TikTok,2024-03-14,Não Convertido,,0.0,Moderado,Uzbekistan
83649,TikTok,2024-03-13,Não Convertido,,0.0,Moderado,Kazakhstan
83650,E-mail Marketing,2024-03-14,Não Convertido,,0.0,Conservador,Gabon
83651,Instagram,2024-03-13,Não Convertido,,0.0,Agressivo,Panama
83652,Orgânico,2024-03-15,Não Convertido,,0.0,Agressivo,Burkina Faso
83653,TikTok,2024-03-14,Não Convertido,,0.0,Conservador,Montserrat
83654,Orgânico,2024-03-11,Não Convertido,,0.0,Conservador,Mauritania
83655,Orgânico,2024-03-13,Não Convertido,,0.0,Moderado,Saint Kitts and Nevis
83656,Google Ads,2024-03-12,Não Convertido,,0.0,Moderado,Lesotho
83657,Orgânico,2024-03-13,Não Convertido,,0.0,Moderado,Saint Martin
83658,WhatsApp,2024-03-12,Não Convertido,,0.0,Agressivo,San Marino
83659,Indicação,2024-03-15,Convertido,17.0,3224.76,Agressivo,Italy
83660,YouTube Ads,2024-03-12,Não Convertido,,0.0,Agressivo,Ukraine
83661,Orgânico,2024-03-15,Não Convertido,,0.0,Moderado,Mozambique
83662,WhatsApp,2024-03-15,Não Convertido,,0.0,Agressivo,Grenada
83663,Orgânico,2024-03-15,Não Convertido,,0.0,Moderado,Cote d'Ivoire
83664,TikTok,2024-03-15,Não Convertido,,0.0,Desconhecido,Egypt
83665,Google Ads,2024-03-13,Convertido,5.0,8998.95,Agressivo,France
83666,TikTok,2024-03-11,Não Convertido,,0.0,Moderado,Malta
83667,Instagram,2024-03-14,Não Convertido,,0.0,Agressivo,Mali
83668,Facebook,2024-03-15,Não Convertido,,0.0,Agressivo,Luxembourg
83669,Orgânico,2024-03-12,Não Convertido,,0.0,Agressivo,Uganda
83670,Facebook,2024-03-15,Não Convertido,,0.0,Desconhecido,Georgia
83671,TikTok,2024-03-11,Não Convertido,,0.0,Agressivo,Maldives
83672,E-mail Marketing,2024-03-16,Não Convertido,,0.0,Moderado,Costa Rica
83673,WhatsApp,2024-03-11,Não Convertido,,0.0,Moderado,Montenegro
83674,YouTube Ads,2024-03-12,Não Convertido,,0.0,Conservador,Iraq
83675,Indicação,2024-03-16,Não Convertido,,0.0,Moderado,Iceland
83676,Indicação,2024-03-14,Não Convertido,,0.0,Moderado,Guinea-Bissau
83677,E-mail Marketing,2024-03-11,Não Convertido,,0.0,Moderado,Mayotte
83678,E-mail Marketing,2024-03-14,Convertido,9.0,5827.47,Conservador,Equatorial Guinea
83679,Orgânico,2024-03-16,Não Convertido,,0.0,Moderado,Czech Republic
83680,Instagram,2024-03-14,Não Convertido,,0.0,Moderado,San Marino
83681,E-mail Marketing,2024-03-13,Não Convertido,,0.0,Moderado,Tajikistan
83682,WhatsApp,2024-03-15,Não Convertido,,0.0,Conservador,Guatemala
83683,WhatsApp,2024-03-11,Não Convertido,,0.0,Conservador,Denmark
83684,TikTok,2024-03-14,Não Convertido,,0.0,Conservador,Liechtenstein
83685,Orgânico,2024-03-11,Não Convertido,,0.0,Moderado,El Salvador
83686,Google Ads,2024-03-16,Não Convertido,,0.0,Moderado,Tanzania
83687,Facebook,2024-03-11,Não Convertido,,0.0,Moderado,Reunion
83688,WhatsApp,2024-03-14,Não Convertido,,0.0,Moderado,Cuba
83689,Facebook,2024-03-12,Não Convertido,,0.0,Moderado,Cuba
83690,Orgânico,2024-03-14,Não Convertido,,0.0,Conservador,Martinique
83691,TikTok,2024-03-12,Não Convertido,,0.0,Desconhecido,Netherlands Antilles
83692,WhatsApp,2024-03-11,Não Convertido,,0.0,Moderado,Indonesia
83693,Orgânico,2024-03-15,Convertido,6.0,6647.38,Agressivo,New Zealand
83694,Orgânico,2024-03-14,Não Convertido,,0.0,Moderado,Zimbabwe
83695,YouTube Ads,2024-03-14,Não Convertido,,0.0,Moderado,Italy
83696,YouTube Ads,2024-03-11,Não Convertido,,0.0,Moderado,Venezuela
83697,Instagram,2024-03-11,Não Convertido,,0.0,Moderado,Nauru
83698,Facebook,2024-03-13,Convertido,10.0,9543.35,Conservador,Comoros
83699,Google Ads,2024-03-12,Não Convertido,,0.0,Conservador,Liberia
83700,YouTube Ads,2024-03-11,Não Convertido,,0.0,Agressivo,Romania
83701,Instagram,2024-03-16,Não Convertido,,0.0,Conservador,Congo
83702,E-mail Marketing,2024-03-15,Não Convertido,,0.0,Moderado,Liechtenstein
83703,Orgânico,2024-03-12,Não Convertido,,0.0,Agressivo,Western Sahara
83704,TikTok,2024-03-11,Não Convertido,,0.0,Conservador,Algeria
83705,E-mail Marketing,2024-03-15,Não Convertido,,0.0,Moderado,British Indian Ocean Territory (Chagos Archipelago)
83706,Orgânico,2024-03-13,Convertido,3.0,4212.78,Conservador,Maldives
83707,Instagram,2024-03-15,Não Convertido,,0.0,Agressivo,Australia
83708,Orgânico,2024-03-11,Não Convertido,,0.0,Agressivo,Jersey
83709,YouTube Ads,2024-03-13,Convertido,22.0,7999.82,Conservador,Northern Mariana Islands
83710,Instagram,2024-03-14,Não Convertido,,0.0,Moderado,Japan
83711,Indicação,2024-03-11,Não Convertido,,0.0,Agressivo,Armenia
83712,Facebook,2024-03-14,Não Convertido,,0.0,Agressivo,Nepal
83713,E-mail Marketing,2024-03-13,Não Convertido,,0.0,Moderado,Vanuatu
83714,YouTube Ads,2024-03-12,Não Convertido,,0.0,Agressivo,Cambodia
83715,Indicação,2024-03-12,Não Convertido,,0.0,Moderado,Mozambique
83716,WhatsApp,2024-03-12,Não Convertido,,0.0,Agressivo,Korea
83717,Instagram,2024-03-11,Não Convertido,,0.0,Agressivo,Gambia
83718,Google Ads,2024-03-14,Não Convertido,,0.0,Conservador,Peru
83719,YouTube Ads,2024-03-13,Não Convertido,,0.0,Conservador,Qatar
83720,Orgânico,2024-03-11,Não Convertido,,0.0,Conservador,Hungary
83721,Instagram,2024-03-16,Não Convertido,,0.0,Moderado,Turkey
83722,Orgânico,2024-03-11,Não Convertido,,0.0,Conservador,Saint Helena
83723,YouTube Ads,2024-03-14,Não Convertido,,0.0,Moderado,Jordan
83724,Orgânico,2024-03-12,Não Convertido,,0.0,Moderado,Norway
83725,TikTok,2024-03-15,Não Convertido,,0.0,Agressivo,French Polynesia
83726,E-mail Marketing,2024-03-12,Não Convertido,,0.0,Moderado,Sao Tome and Principe
83727,Instagram,2024-03-16,Não Convertido,,0.0,Moderado,Korea
83728,Google Ads,2024-03-13,Não Convertido,,0.0,Moderado,Latvia
83729,Instagram,2024-03-16,Não Convertido,,0.0,Moderado,Mayotte
83730,Orgânico,2024-03-14,Não Convertido,,0.0,Desconhecido,Palau
83731,Orgânico,2024-03-14,Não Convertido,,0.0,Moderado,United States of America
83732,Facebook,2024-03-11,Não Convertido,,0.0,Desconhecido,Ukraine
83733,WhatsApp,2024-03-13,Não Convertido,,0.0,Agressivo,Cook Islands
83734,Orgânico,2024-03-16,Não Convertido,,0.0,Agressivo,Comoros
83735,TikTok,2024-03-15,Convertido,23.0,474.13,Moderado,Tajikistan
83736,YouTube Ads,2024-03-15,Não Convertido,,0.0,Agressivo,Philippines
83737,E-mail Marketing,2024-03-13,Não Convertido,,0.0,Agressivo,United Arab Emirates
83738,Indicação,2024-03-12,Não Convertido,,0.0,Desconhecido,Estonia
83739,Google Ads,2024-03-15,Não Convertido,,0.0,Desconhecido,Saudi Arabia
83740,Instagram,2024-03-11,Não Convertido,,0.0,Moderado,China
83741,Google Ads,2024-03-14,Não Convertido,,0.0,Agressivo,French Polynesia
83742,WhatsApp,2024-03-11,Não Convertido,,0.0,Agressivo,Guatemala
83743,WhatsApp,2024-03-11,Não Convertido,,0.0,Moderado,Kazakhstan
83744,TikTok,2024-03-16,Não Convertido,,0.0,Agressivo,Nicaragua
83745,Orgânico,2024-03-13,Não Convertido,,0.0,Agressivo,Liberia
83746,Orgânico,2024-03-16,Não Convertido,,0.0,Moderado,Yemen
83747,Instagram,2024-03-15,Não Convertido,,0.0,Agressivo,Congo
83748,TikTok,2024-03-13,Não Convertido,,0.0,Conservador,Pitcairn Islands
83749,Facebook,2024-03-15,Não Convertido,,0.0,Conservador,Canada
83750,Orgânico,2024-03-15,Não Convertido,,0.0,Agressivo,New Caledonia
83751,Orgânico,2024-03-13,Não Convertido,,0.0,Conservador,Uganda
83752,Instagram,2024-03-16,Não Convertido,,0.0,Desconhecido,San Marino
83753,Google Ads,2024-03-12,Não Convertido,,0.0,Conservador,Oman
83754,Orgânico,2024-03-15,Não Convertido,,0.0,Moderado,Maldives
83755,YouTube Ads,2024-03-16,Não Convertido,,0.0,Moderado,Serbia
83756,WhatsApp,2024-03-13,Não Convertido,,0.0,Moderado,Taiwan
83757,TikTok,2024-03-16,Não Convertido,,0.0,Conservador,Cote d'Ivoire
83758,Google Ads,2024-03-14,Não Convertido,,0.0,Desconhecido,Aruba
83759,E-mail Marketing,2024-03-15,Não Convertido,,0.0,Desconhecido,Congo
83760,Orgânico,2024-03-11,Não Convertido,,0.0,Agressivo,North Macedonia
83761,Google Ads,2024-03-14,Não Convertido,,0.0,Agressivo,Lebanon
83762,Google Ads,2024-03-12,Não Convertido,,0.0,Agressivo,Norway
83763,Facebook,2024-03-15,Não Convertido,,0.0,Moderado,Egypt
83764,TikTok,2024-03-13,Não Convertido,,0.0,Moderado,Tanzania
83765,Instagram,2024-03-12,Não Convertido,,0.0,Agressivo,Svalbard & Jan Mayen Islands
83766,YouTube Ads,2024-03-12,Não Convertido,,0.0,Moderado,Kiribati
83767,Instagram,2024-03-13,Convertido,25.0,6070.83,Moderado,Gabon
83768,WhatsApp,2024-03-12,Não Convertido,,0.0,Agressivo,China
83769,E-mail Marketing,2024-03-15,Não Convertido,,0.0,Agressivo,Solomon Islands
83770,Instagram,2024-03-14,Não Convertido,,0.0,Moderado,New Caledonia
83771,E-mail Marketing,2024-03-12,Não Convertido,,0.0,Moderado,Sri Lanka
83772,Orgânico,2024-03-12,Não Convertido,,0.0,Moderado,China
83773,Orgânico,2024-03-13,Não Convertido,,0.0,Moderado,Liechtenstein
83774,WhatsApp,2024-03-12,Não Convertido,,0.0,Moderado,Guernsey
83775,TikTok,2024-03-16,Não Convertido,,0.0,Agressivo,Russian Federation
83776,E-mail Marketing,2024-03-16,Não Convertido,,0.0,Moderado,Bulgaria
83777,TikTok,2024-03-12,Não Convertido,,0.0,Agressivo,Martinique
83778,YouTube Ads,2024-03-12,Não Convertido,,0.0,Agressivo,Germany
83779,E-mail Marketing,2024-03-13,Não Convertido,,0.0,Conservador,Aruba
83780,Orgânico,2024-03-14,Não Convertido,,0.0,Desconhecido,Lebanon
83781,Google Ads,2024-03-16,Não Convertido,,0.0,Desconhecido,United Arab Emirates
83782,WhatsApp,2024-03-11,Não Convertido,,0.0,Moderado,Qatar
83783,TikTok,2024-03-13,Não Convertido,,0.0,Conservador,Chad
83784,WhatsApp,2024-03-11,Não Convertido,,0.0,Desconhecido,North Macedonia
83785,TikTok,2024-03-15,Não Convertido,,0.0,Conservador,Spain
83786,WhatsApp,2024-03-11,Não Convertido,,0.0,Conservador,Brazil
83787,TikTok,2024-03-11,Não Convertido,,0.0,Agressivo,Morocco
83788,Facebook,2024-03-13,Não Convertido,,0.0,Desconhecido,Dominican Republic
83789,Google Ads,2024-03-14,Não Convertido,,0.0,Conservador,Cook Islands
83790,TikTok,2024-03-12,Não Convertido,,0.0,Agressivo,Paraguay
83791,Google Ads,2024-03-11,Convertido,29.0,4648.07,Conservador,Holy See (Vatican City State)
83792,TikTok,2024-03-12,Não Convertido,,0.0,Moderado,Djibouti
83793,Google Ads,2024-03-11,Não Convertido,,0.0,Agressivo,Liberia
83794,Google Ads,2024-03-14,Não Convertido,,0.0,Conservador,Svalbard & Jan Mayen Islands
83795,Facebook,2024-03-16,Convertido,14.0,1733.9,Moderado,Bahamas
83796,Indicação,2024-03-11,Não Convertido,,0.0,Moderado,Niue
83797,Facebook,2024-03-15,Não Convertido,,0.0,Moderado,Ecuador
83798,Orgânico,2024-03-13,Convertido,16.0,7705.91,Conservador,Cayman Islands
83799,Instagram,2024-03-13,Não Convertido,,0.0,Desconhecido,Cape Verde
83800,Instagram,2024-03-15,Não Convertido,,0.0,Moderado,Liberia
83801,Instagram,2024-03-15,Convertido,9.0,9031.48,Conservador,Tanzania
83802,TikTok,2024-03-12,Não Convertido,,0.0,Agressivo,France
83803,Orgânico,2024-03-14,Não Convertido,,0.0,Agressivo,Samoa
83804,Orgânico,2024-03-15,Não Convertido,,0.0,Desconhecido,Saudi Arabia
83805,E-mail Marketing,2024-03-16,Não Convertido,,0.0,Moderado,Honduras
83806,Orgânico,2024-03-16,Não Convertido,,0.0,Moderado,India
83807,Instagram,2024-03-11,Não Convertido,,0.0,Moderado,Central African Republic
83808,Orgânico,2024-03-12,Não Convertido,,0.0,Moderado,Botswana
83809,Orgânico,2024-03-14,Não Convertido,,0.0,Agressivo,Kiribati
83810,E-mail Marketing,2024-03-15,Não Convertido,,0.0,Agressivo,Portugal
83811,Google Ads,2024-03-12,Não Convertido,,0.0,Moderado,Bosnia and Herzegovina
83812,Instagram,2024-03-12,Não Convertido,,0.0,Moderado,Tanzania
83813,Orgânico,2024-03-14,Não Convertido,,0.0,Moderado,Gibraltar
83814,E-mail Marketing,2024-03-13,Não Convertido,,0.0,Moderado,Antigua and Barbuda
83815,YouTube Ads,2024-03-13,Não Convertido,,0.0,Moderado,Liechtenstein
83816,TikTok,2024-03-14,Não Convertido,,0.0,Moderado,Portugal
83817,Facebook,2024-03-13,Não Convertido,,0.0,Moderado,British Indian Ocean Territory (Chagos Archipelago)
83818,Facebook,2024-03-11,Não Convertido,,0.0,Agressivo,Turkmenistan
83819,Instagram,2024-03-15,Não Convertido,,0.0,Agressivo,New Zealand
83820,Instagram,2024-03-15,Não Convertido,,0.0,Moderado,Gabon
83821,Orgânico,2024-03-15,Não Convertido,,0.0,Moderado,Australia
83822,Google Ads,2024-03-14,Não Convertido,,0.0,Moderado,Canada
83823,TikTok,2024-03-16,Não Convertido,,0.0,Moderado,Norfolk Island
83824,TikTok,2024-03-15,Não Convertido,,0.0,Moderado,Belarus
83825,Google Ads,2024-03-14,Não Convertido,,0.0,Desconhecido,Cameroon
83826,TikTok,2024-03-16,Não Convertido,,0.0,Moderado,India
83827,TikTok,2024-03-15,Não Convertido,,0.0,Conservador,Lao People's Democratic Republic
83828,Instagram,2024-03-15,Não Convertido,,0.0,Desconhecido,Cote d'Ivoire
83829,Google Ads,2024-03-11,Não Convertido,,0.0,Agressivo,Cyprus
83830,Orgânico,2024-03-16,Não Convertido,,0.0,Conservador,French Southern Territories
83831,Orgânico,2024-03-15,Não Convertido,,0.0,Moderado,Mayotte
83832,Instagram,2024-03-12,Não Convertido,,0.0,Conservador,Morocco
83833,Instagram,2024-03-13,Não Convertido,,0.0,Agressivo,Singapore
83834,Facebook,2024-03-12,Não Convertido,,0.0,Conservador,Kyrgyz Republic
83835,TikTok,2024-03-13,Não Convertido,,0.0,Moderado,Bolivia
83836,YouTube Ads,2024-03-16,Não Convertido,,0.0,Agressivo,Dominican Republic
83837,Orgânico,2024-03-13,Não Convertido,,0.0,Moderado,Russian Federation
83838,Facebook,2024-03-14,Não Convertido,,0.0,Moderado,Belarus
83839,Facebook,2024-03-15,Não Convertido,,0.0,Moderado,France
83840,TikTok,2024-03-14,Não Convertido,,0.0,Moderado,South Africa
83841,TikTok,2024-03-16,Não Convertido,,0.0,Moderado,Tajikistan
83842,Orgânico,2024-03-14,Não Convertido,,0.0,Agressivo,Grenada
83843,Orgânico,2024-03-11,Não Convertido,,0.0,Moderado,Egypt
83844,E-mail Marketing,2024-03-12,Convertido,30.0,9618.35,Agressivo,Maldives
83845,Facebook,2024-03-12,Não Convertido,,0.0,Desconhecido,Benin
83846,WhatsApp,2024-03-11,Não Convertido,,0.0,Agressivo,Norway
83847,Orgânico,2024-03-12,Não Convertido,,0.0,Agressivo,Montserrat
83848,TikTok,2024-03-16,Não Convertido,,0.0,Agressivo,Poland
83849,E-mail Marketing,2024-03-11,Não Convertido,,0.0,Agressivo,Ethiopia
83850,WhatsApp,2024-03-15,Não Convertido,,0.0,Moderado,Syrian Arab Republic
83851,Orgânico,2024-03-12,Não Convertido,,0.0,Agressivo,South Georgia and the South Sandwich Islands
83852,Instagram,2024-03-13,Não Convertido,,0.0,Moderado,Romania
83853,TikTok,2024-03-13,Não Convertido,,0.0,Conservador,Germany
83854,Orgânico,2024-03-11,Não Convertido,,0.0,Moderado,Georgia
83855,Facebook,2024-03-14,Não Convertido,,0.0,Agressivo,Kiribati
83856,WhatsApp,2024-03-15,Não Convertido,,0.0,Moderado,Luxembourg
83857,E-mail Marketing,2024-03-11,Não Convertido,,0.0,Moderado,Serbia
83858,E-mail Marketing,2024-03-13,Não Convertido,,0.0,Agressivo,Cote d'Ivoire
83859,Orgânico,2024-03-13,Não Convertido,,0.0,Moderado,Suriname
83860,Orgânico,2024-03-11,Convertido,25.0,9453.47,Agressivo,Pitcairn Islands
83861,TikTok,2024-03-15,Não Convertido,,0.0,Conservador,Bahrain
83862,YouTube Ads,2024-03-12,Não Convertido,,0.0,Agressivo,Antigua and Barbuda
83863,Instagram,2024-03-14,Não Convertido,,0.0,Agressivo,Kyrgyz Republic
83864,Instagram,2024-03-16,Não Convertido,,0.0,Desconhecido,Croatia
83865,Facebook,2024-03-13,Não Convertido,,0.0,Conservador,Iraq
83866,E-mail Marketing,2024-03-12,Não Convertido,,0.0,Moderado,Jamaica
83867,Google Ads,2024-03-11,Não Convertido,,0.0,Moderado,Ghana
83868,Orgânico,2024-03-16,Não Convertido,,0.0,Agressivo,Benin
83869,TikTok,2024-03-11,Não Convertido,,0.0,Moderado,China
83870,WhatsApp,2024-03-12,Não Convertido,,0.0,Conservador,Cayman Islands
83871,Orgânico,2024-03-15,Não Convertido,,0.0,Agressivo,Kiribati
83872,WhatsApp,2024-03-14,Não Convertido,,0.0,Desconhecido,Afghanistan
83873,Indicação,2024-03-13,Não Convertido,,0.0,Agressivo,Armenia
83874,Instagram,2024-03-16,Convertido,19.0,7718.59,Conservador,Vietnam
83875,Instagram,2024-03-11,Não Convertido,,0.0,Moderado,Guinea
83876,TikTok,2024-03-15,Não Convertido,,0.0,Conservador,Bahrain
83877,WhatsApp,2024-03-15,Não Convertido,,0.0,Agressivo,Saint Vincent and the Grenadines
83878,Orgânico,2024-03-11,Não Convertido,,0.0,Agressivo,Congo
83879,WhatsApp,2024-03-16,Não Convertido,,0.0,Moderado,Thailand
83880,Orgânico,2024-03-15,Não Convertido,,0.0,Agressivo,Saudi Arabia
83881,Orgânico,2024-03-13,Não Convertido,,0.0,Conservador,British Indian Ocean Territory (Chagos Archipelago)
83882,Instagram,2024-03-11,Não Convertido,,0.0,Conservador,Svalbard & Jan Mayen Islands
83883,Orgânico,2024-03-16,Não Convertido,,0.0,Conservador,Taiwan
83884,E-mail Marketing,2024-03-12,Não Convertido,,0.0,Moderado,Kazakhstan
83885,E-mail Marketing,2024-03-13,Convertido,3.0,9603.58,Moderado,Nigeria
83886,E-mail Marketing,2024-03-15,Não Convertido,,0.0,Moderado,Ethiopia
83887,E-mail Marketing,2024-03-16,Não Convertido,,0.0,Desconhecido,Tuvalu
83888,TikTok,2024-03-15,Não Convertido,,0.0,Agressivo,Nicaragua
83889,TikTok,2024-03-13,Não Convertido,,0.0,Conservador,Morocco
83890,Orgânico,2024-03-12,Não Convertido,,0.0,Conservador,Tunisia
83891,Instagram,2024-03-16,Não Convertido,,0.0,Moderado,Western Sahara
83892,Instagram,2024-03-12,Não Convertido,,0.0,Agressivo,Cook Islands
83893,WhatsApp,2024-03-14,Não Convertido,,0.0,Desconhecido,Chile
83894,Instagram,2024-03-14,Não Convertido,,0.0,Agressivo,Bhutan
83895,Facebook,2024-03-13,Não Convertido,,0.0,Moderado,Madagascar
83896,Orgânico,2024-03-13,Não Convertido,,0.0,Moderado,Bosnia and Herzegovina
83897,E-mail Marketing,2024-03-12,Convertido,15.0,3528.97,Agressivo,Philippines
83898,E-mail Marketing,2024-03-15,Não Convertido,,0.0,Moderado,Cocos (Keeling) Islands
83899,Indicação,2024-03-14,Não Convertido,,0.0,Desconhecido,Ireland
83900,Google Ads,2024-03-11,Não Convertido,,0.0,Agressivo,Australia
83901,E-mail Marketing,2024-03-15,Não Convertido,,0.0,Moderado,Uganda
83902,Indicação,2024-03-14,Não Convertido,,0.0,Conservador,Jordan
83903,TikTok,2024-03-16,Não Convertido,,0.0,Agressivo,Tonga
83904,Facebook,2024-03-13,Não Convertido,,0.0,Agressivo,Croatia
83905,Instagram,2024-03-16,Não Convertido,,0.0,Conservador,Peru
83906,Facebook,2024-03-16,Não Convertido,,0.0,Desconhecido,Senegal
83907,Instagram,2024-03-14,Não Convertido,,0.0,Moderado,Kyrgyz Republic
83908,Orgânico,2024-03-12,Não Convertido,,0.0,Moderado,Suriname
83909,Orgânico,2024-03-11,Não Convertido,,0.0,Agressivo,New Caledonia
83910,TikTok,2024-03-13,Não Convertido,,0.0,Moderado,Liechtenstein
83911,Orgânico,2024-03-12,Não Convertido,,0.0,Agressivo,Western Sahara
83912,TikTok,2024-03-15,Não Convertido,,0.0,Agressivo,Germany
83913,Instagram,2024-03-12,Não Convertido,,0.0,Moderado,Micronesia
83914,E-mail Marketing,2024-03-11,Não Convertido,,0.0,Conservador,Reunion
83915,WhatsApp,2024-03-15,Não Convertido,,0.0,Agressivo,Haiti
83916,Indicação,2024-03-15,Não Convertido,,0.0,Conservador,Nepal
83917,TikTok,2024-03-14,Não Convertido,,0.0,Agressivo,Canada
83918,YouTube Ads,2024-03-11,Não Convertido,,0.0,Conservador,Northern Mariana Islands
83919,E-mail Marketing,2024-03-14,Não Convertido,,0.0,Moderado,Guyana
83920,E-mail Marketing,2024-03-16,Não Convertido,,0.0,Desconhecido,Pitcairn Islands
83921,Instagram,2024-03-16,Não Convertido,,0.0,Moderado,Timor-Leste
83922,Orgânico,2024-03-16,Não Convertido,,0.0,Agressivo,Paraguay
83923,Orgânico,2024-03-12,Não Convertido,,0.0,Conservador,Guam
83924,Indicação,2024-03-15,Não Convertido,,0.0,Agressivo,Samoa
83925,Instagram,2024-03-16,Não Convertido,,0.0,Moderado,Myanmar
83926,Instagram,2024-03-11,Não Convertido,,0.0,Moderado,Senegal
83927,WhatsApp,2024-03-11,Não Convertido,,0.0,Agressivo,Ethiopia
83928,Facebook,2024-03-15,Não Convertido,,0.0,Desconhecido,Bolivia
83929,Google Ads,2024-03-14,Não Convertido,,0.0,Agressivo,Guatemala
83930,TikTok,2024-03-15,Não Convertido,,0.0,Agressivo,Hungary
83931,WhatsApp,2024-03-12,Não Convertido,,0.0,Desconhecido,Bermuda
83932,Orgânico,2024-03-12,Não Convertido,,0.0,Agressivo,Malawi
83933,E-mail Marketing,2024-03-14,Não Convertido,,0.0,Moderado,Croatia
83934,Google Ads,2024-03-14,Não Convertido,,0.0,Moderado,Georgia
83935,YouTube Ads,2024-03-14,Não Convertido,,0.0,Moderado,Georgia
83936,TikTok,2024-03-15,Convertido,30.0,8159.25,Moderado,Dominica
83937,TikTok,2024-03-13,Não Convertido,,0.0,Moderado,Puerto Rico
83938,Facebook,2024-03-12,Não Convertido,,0.0,Agressivo,Finland
83939,Indicação,2024-03-16,Não Convertido,,0.0,Agressivo,Congo
83940,Instagram,2024-03-14,Não Convertido,,0.0,Agressivo,Greece
83941,Indicação,2024-03-12,Não Convertido,,0.0,Conservador,Jersey
83942,YouTube Ads,2024-03-15,Não Convertido,,0.0,Conservador,Taiwan
83943,Facebook,2024-03-11,Não Convertido,,0.0,Moderado,Timor-Leste
83944,Orgânico,2024-03-11,Não Convertido,,0.0,Moderado,Monaco
83945,Orgânico,2024-03-14,Não Convertido,,0.0,Conservador,Netherlands Antilles
83946,Google Ads,2024-03-14,Não Convertido,,0.0,Moderado,Malawi
83947,Indicação,2024-03-16,Não Convertido,,0.0,Moderado,French Polynesia
83948,Indicação,2024-03-12,Não Convertido,,0.0,Moderado,Saint Vincent and the Grenadines
83949,E-mail Marketing,2024-03-16,Não Convertido,,0.0,Moderado,Spain
83950,Orgânico,2024-03-13,Convertido,0.0,5561.52,Moderado,Barbados
83951,Orgânico,2024-03-15,Não Convertido,,0.0,Moderado,American Samoa
83952,Orgânico,2024-03-14,Não Convertido,,0.0,Conservador,Bahamas
83953,Orgânico,2024-03-14,Não Convertido,,0.0,Conservador,Chile
83954,Orgânico,2024-03-12,Não Convertido,,0.0,Moderado,Sierra Leone
83955,Orgânico,2024-03-13,Não Convertido,,0.0,Desconhecido,Sierra Leone
83956,Orgânico,2024-03-13,Não Convertido,,0.0,Conservador,France
83957,Orgânico,2024-03-15,Não Convertido,,0.0,Conservador,Cape Verde
83958,Orgânico,2024-03-16,Não Convertido,,0.0,Agressivo,Reunion
83959,E-mail Marketing,2024-03-16,Não Convertido,,0.0,Agressivo,Tajikistan
83960,Orgânico,2024-03-16,Não Convertido,,0.0,Moderado,Egypt
83961,Google Ads,2024-03-15,Não Convertido,,0.0,Agressivo,Mongolia
83962,E-mail Marketing,2024-03-15,Não Convertido,,0.0,Agressivo,Timor-Leste
83963,WhatsApp,2024-03-16,Não Convertido,,0.0,Desconhecido,Palestinian Territory
83964,E-mail Marketing,2024-03-12,Não Convertido,,0.0,Conservador,Saint Vincent and the Grenadines
83965,Orgânico,2024-03-13,Não Convertido,,0.0,Conservador,Puerto Rico
83966,WhatsApp,2024-03-13,Convertido,16.0,7398.1,Agressivo,Mauritius
83967,Orgânico,2024-03-16,Não Convertido,,0.0,Moderado,Heard Island and McDonald Islands
83968,Instagram,2024-03-14,Não Convertido,,0.0,Conservador,Dominican Republic
83969,YouTube Ads,2024-03-12,Não Convertido,,0.0,Desconhecido,Wallis and Futuna
83970,Google Ads,2024-03-13,Não Convertido,,0.0,Moderado,Western Sahara
83971,Facebook,2024-03-16,Não Convertido,,0.0,Agressivo,South Georgia and the South Sandwich Islands
83972,Indicação,2024-03-14,Não Convertido,,0.0,Agressivo,Tanzania
83973,YouTube Ads,2024-03-15,Não Convertido,,0.0,Moderado,Congo
83974,WhatsApp,2024-03-11,Não Convertido,,0.0,Conservador,Saint Vincent and the Grenadines
83975,YouTube Ads,2024-03-15,Não Convertido,,0.0,Conservador,Lebanon
83976,Instagram,2024-03-12,Não Convertido,,0.0,Agressivo,French Guiana
83977,Orgânico,2024-03-12,Não Convertido,,0.0,Moderado,American Samoa
83978,Orgânico,2024-03-15,Não Convertido,,0.0,Conservador,Bahrain
83979,Orgânico,2024-03-11,Não Convertido,,0.0,Moderado,North Macedonia
83980,Instagram,2024-03-15,Não Convertido,,0.0,Moderado,Japan
83981,Google Ads,2024-03-12,Não Convertido,,0.0,Desconhecido,Tokelau
83982,Indicação,2024-03-15,Não Convertido,,0.0,Moderado,Tuvalu
83983,Instagram,2024-03-14,Convertido,29.0,9862.13,Moderado,Malaysia
83984,WhatsApp,2024-03-12,Não Convertido,,0.0,Moderado,Mexico
83985,TikTok,2024-03-16,Convertido,4.0,4252.67,Moderado,Serbia
83986,Instagram,2024-03-13,Não Convertido,,0.0,Moderado,Liberia
83987,WhatsApp,2024-03-15,Convertido,25.0,8139.33,Agressivo,Fiji
83988,Facebook,2024-03-11,Não Convertido,,0.0,Agressivo,Barbados
83989,WhatsApp,2024-03-13,Não Convertido,,0.0,Agressivo,Netherlands
83990,WhatsApp,2024-03-16,Não Convertido,,0.0,Moderado,Monaco
83991,E-mail Marketing,2024-03-11,Não Convertido,,0.0,Moderado,Argentina
83992,Facebook,2024-03-11,Não Convertido,,0.0,Desconhecido,Lesotho
83993,E-mail Marketing,2024-03-16,Não Convertido,,0.0,Agressivo,Turkey
83994,Instagram,2024-03-14,Não Convertido,,0.0,Desconhecido,Oman
83995,TikTok,2024-03-11,Não Convertido,,0.0,Conservador,Lao People's Democratic Republic
83996,TikTok,2024-03-16,Não Convertido,,0.0,Desconhecido,Mozambique
83997,TikTok,2024-03-13,Não Convertido,,0.0,Moderado,Martinique
83998,E-mail Marketing,2024-03-16,Não Convertido,,0.0,Moderado,Brazil
83999,Instagram,2024-03-11,Não Convertido,,0.0,Moderado,Pitcairn Islands
84000,Facebook,2024-03-11,Não Convertido,,0.0,Moderado,Central African Republic
84001,YouTube Ads,2024-03-11,Convertido,21.0,8133.96,Agressivo,Norfolk Island
84002,YouTube Ads,2024-03-15,Não Convertido,,0.0,Desconhecido,United Kingdom
84003,YouTube Ads,2024-03-14,Não Convertido,,0.0,Desconhecido,New Zealand
84004,YouTube Ads,2024-03-13,Não Convertido,,0.0,Agressivo,Finland
84005,Instagram,2024-03-12,Não Convertido,,0.0,Conservador,Slovenia
84006,Facebook,2024-03-11,Não Convertido,,0.0,Moderado,Egypt
84007,Instagram,2024-03-14,Não Convertido,,0.0,Conservador,Puerto Rico
84008,Orgânico,2024-03-14,Não Convertido,,0.0,Moderado,Lebanon
84009,Indicação,2024-03-15,Não Convertido,,0.0,Conservador,Macao
84010,Orgânico,2024-03-12,Não Convertido,,0.0,Moderado,Oman
84011,E-mail Marketing,2024-03-11,Não Convertido,,0.0,Conservador,Brazil
84012,YouTube Ads,2024-03-11,Não Convertido,,0.0,Moderado,Bosnia and Herzegovina
84013,E-mail Marketing,2024-03-14,Não Convertido,,0.0,Moderado,Macao
84014,Indicação,2024-03-16,Não Convertido,,0.0,Moderado,Lebanon
84015,Indicação,2024-03-14,Não Convertido,,0.0,Desconhecido,Holy See (Vatican City State)
84016,Google Ads,2024-03-13,Não Convertido,,0.0,Desconhecido,Cuba
84017,Google Ads,2024-03-16,Não Convertido,,0.0,Desconhecido,Marshall Islands
84018,WhatsApp,2024-03-14,Não Convertido,,0.0,Moderado,Uganda
84019,Facebook,2024-03-13,Não Convertido,,0.0,Conservador,Gabon
84020,E-mail Marketing,2024-03-13,Não Convertido,,0.0,Moderado,Libyan Arab Jamahiriya
84021,Google Ads,2024-03-12,Não Convertido,,0.0,Agressivo,Russian Federation
84022,Orgânico,2024-03-13,Não Convertido,,0.0,Moderado,Guinea-Bissau
84023,WhatsApp,2024-03-11,Não Convertido,,0.0,Agressivo,Brunei Darussalam
84024,YouTube Ads,2024-03-14,Não Convertido,,0.0,Moderado,Saint Barthelemy
84025,Orgânico,2024-03-16,Não Convertido,,0.0,Agressivo,Albania
84026,TikTok,2024-03-12,Não Convertido,,0.0,Conservador,Turks and Caicos Islands
84027,Orgânico,2024-03-12,Não Convertido,,0.0,Agressivo,Albania
84028,YouTube Ads,2024-03-14,Não Convertido,,0.0,Desconhecido,Somalia
84029,E-mail Marketing,2024-03-14,Não Convertido,,0.0,Conservador,United States Minor Outlying Islands
84030,Orgânico,2024-03-13,Convertido,27.0,91.22,Conservador,Dominican Republic
84031,TikTok,2024-03-14,Não Convertido,,0.0,Desconhecido,Bulgaria
84032,WhatsApp,2024-03-12,Não Convertido,,0.0,Conservador,United States Minor Outlying Islands
84033,Instagram,2024-03-16,Não Convertido,,0.0,Agressivo,Ecuador
84034,E-mail Marketing,2024-03-13,Não Convertido,,0.0,Moderado,Timor-Leste
84035,TikTok,2024-03-13,Não Convertido,,0.0,Conservador,Singapore
84036,Instagram,2024-03-16,Não Convertido,,0.0,Agressivo,Maldives
84037,Orgânico,2024-03-15,Não Convertido,,0.0,Conservador,Sao Tome and Principe
84038,E-mail Marketing,2024-03-11,Não Convertido,,0.0,Desconhecido,Isle of Man
84039,Instagram,2024-03-15,Não Convertido,,0.0,Agressivo,Taiwan
84040,TikTok,2024-03-15,Não Convertido,,0.0,Agressivo,Wallis and Futuna
84041,Google Ads,2024-03-15,Não Convertido,,0.0,Agressivo,Spain
84042,Instagram,2024-03-15,Não Convertido,,0.0,Agressivo,Estonia
84043,E-mail Marketing,2024-03-14,Não Convertido,,0.0,Moderado,Kazakhstan
84044,Orgânico,2024-03-11,Não Convertido,,0.0,Moderado,Sweden
84045,YouTube Ads,2024-03-13,Não Convertido,,0.0,Agressivo,Bahamas
84046,Google Ads,2024-03-14,Não Convertido,,0.0,Moderado,British Indian Ocean Territory (Chagos Archipelago)
84047,YouTube Ads,2024-03-15,Não Convertido,,0.0,Moderado,Afghanistan
84048,Google Ads,2024-03-13,Não Convertido,,0.0,Moderado,Timor-Leste
84049,Instagram,2024-03-11,Não Convertido,,0.0,Agressivo,Congo
84050,WhatsApp,2024-03-14,Não Convertido,,0.0,Desconhecido,Faroe Islands
84051,Instagram,2024-03-14,Não Convertido,,0.0,Moderado,Ethiopia
84052,Orgânico,2024-03-16,Não Convertido,,0.0,Conservador,Mozambique
84053,Google Ads,2024-03-11,Não Convertido,,0.0,Agressivo,Iraq
84054,YouTube Ads,2024-03-16,Não Convertido,,0.0,Agressivo,Chad
84055,TikTok,2024-03-16,Não Convertido,,0.0,Agressivo,Myanmar
84056,WhatsApp,2024-03-16,Não Convertido,,0.0,Conservador,Djibouti
84057,TikTok,2024-03-11,Não Convertido,,0.0,Moderado,Saint Vincent and the Grenadines
84058,WhatsApp,2024-03-13,Não Convertido,,0.0,Agressivo,Portugal
84059,Facebook,2024-03-15,Não Convertido,,0.0,Agressivo,Somalia
84060,WhatsApp,2024-03-16,Não Convertido,,0.0,Agressivo,Kuwait
84061,YouTube Ads,2024-03-14,Não Convertido,,0.0,Agressivo,Saint Barthelemy
84062,WhatsApp,2024-03-13,Não Convertido,,0.0,Agressivo,Somalia
84063,Orgânico,2024-03-12,Não Convertido,,0.0,Agressivo,Kenya
84064,Instagram,2024-03-11,Não Convertido,,0.0,Agressivo,Kuwait
84065,TikTok,2024-03-16,Convertido,15.0,2426.59,Agressivo,Denmark
84066,WhatsApp,2024-03-16,Não Convertido,,0.0,Conservador,Guatemala
84067,E-mail Marketing,2024-03-12,Não Convertido,,0.0,Desconhecido,Saint Barthelemy
84068,TikTok,2024-03-14,Não Convertido,,0.0,Moderado,United Arab Emirates
84069,TikTok,2024-03-13,Não Convertido,,0.0,Moderado,Christmas Island
84070,Orgânico,2024-03-13,Não Convertido,,0.0,Agressivo,Palau
84071,Google Ads,2024-03-14,Não Convertido,,0.0,Desconhecido,Bulgaria
84072,Instagram,2024-03-13,Não Convertido,,0.0,Moderado,China
84073,YouTube Ads,2024-03-14,Não Convertido,,0.0,Moderado,Cambodia
84074,YouTube Ads,2024-03-11,Não Convertido,,0.0,Moderado,Mali
84075,Indicação,2024-03-11,Não Convertido,,0.0,Conservador,Saint Barthelemy
84076,E-mail Marketing,2024-03-15,Não Convertido,,0.0,Conservador,Bosnia and Herzegovina
84077,E-mail Marketing,2024-03-13,Não Convertido,,0.0,Moderado,Finland
84078,Instagram,2024-03-11,Não Convertido,,0.0,Conservador,Korea
84079,YouTube Ads,2024-03-14,Não Convertido,,0.0,Moderado,Comoros
84080,YouTube Ads,2024-03-15,Não Convertido,,0.0,Moderado,Egypt
84081,TikTok,2024-03-11,Não Convertido,,0.0,Agressivo,Tunisia
84082,Instagram,2024-03-16,Não Convertido,,0.0,Desconhecido,Martinique
84083,Instagram,2024-03-15,Não Convertido,,0.0,Agressivo,Turkmenistan
84084,Google Ads,2024-03-11,Não Convertido,,0.0,Desconhecido,Cuba
84085,Orgânico,2024-03-14,Não Convertido,,0.0,Moderado,Slovakia (Slovak Republic)
84086,Google Ads,2024-03-11,Não Convertido,,0.0,Conservador,Guinea
84087,TikTok,2024-03-13,Não Convertido,,0.0,Moderado,Saint Martin
84088,Google Ads,2024-03-15,Não Convertido,,0.0,Conservador,Comoros
84089,Orgânico,2024-03-14,Não Convertido,,0.0,Moderado,Singapore
84090,Orgânico,2024-03-13,Não Convertido,,0.0,Moderado,El Salvador
84091,Orgânico,2024-03-13,Não Convertido,,0.0,Desconhecido,Ireland
84092,Orgânico,2024-03-11,Não Convertido,,0.0,Conservador,Antarctica (the territory South of 60 deg S)
84093,Orgânico,2024-03-15,Convertido,0.0,2429.48,Agressivo,Iceland
84094,WhatsApp,2024-03-12,Não Convertido,,0.0,Agressivo,Congo
84095,Orgânico,2024-03-15,Não Convertido,,0.0,Moderado,San Marino
84096,Facebook,2024-03-16,Não Convertido,,0.0,Conservador,Moldova
84097,Facebook,2024-03-12,Não Convertido,,0.0,Moderado,Dominica
84098,Orgânico,2024-03-11,Não Convertido,,0.0,Agressivo,Mexico
84099,WhatsApp,2024-03-16,Não Convertido,,0.0,Moderado,Bahrain
84100,Instagram,2024-03-15,Não Convertido,,0.0,Desconhecido,Algeria
84101,WhatsApp,2024-03-16,Não Convertido,,0.0,Conservador,United States of America
84102,YouTube Ads,2024-03-12,Não Convertido,,0.0,Conservador,Colombia
84103,Instagram,2024-03-14,Não Convertido,,0.0,Agressivo,Greenland
84104,YouTube Ads,2024-03-13,Não Convertido,,0.0,Conservador,Svalbard & Jan Mayen Islands
84105,Google Ads,2024-03-14,Não Convertido,,0.0,Agressivo,Korea
84106,YouTube Ads,2024-03-13,Não Convertido,,0.0,Agressivo,Canada
84107,Facebook,2024-03-12,Não Convertido,,0.0,Agressivo,Malawi
84108,Indicação,2024-03-16,Não Convertido,,0.0,Agressivo,Mongolia
84109,Orgânico,2024-03-13,Não Convertido,,0.0,Moderado,Tunisia
84110,WhatsApp,2024-03-15,Não Convertido,,0.0,Conservador,Rwanda
84111,Orgânico,2024-03-12,Não Convertido,,0.0,Moderado,Saint Vincent and the Grenadines
84112,Instagram,2024-03-16,Não Convertido,,0.0,Moderado,Greenland
84113,Instagram,2024-03-12,Não Convertido,,0.0,Agressivo,Nepal
84114,TikTok,2024-03-16,Não Convertido,,0.0,Agressivo,Jordan
84115,Orgânico,2024-03-11,Convertido,3.0,4326.79,Desconhecido,Gabon
84116,WhatsApp,2024-03-15,Não Convertido,,0.0,Desconhecido,Norway
84117,YouTube Ads,2024-03-16,Não Convertido,,0.0,Agressivo,Mongolia
84118,WhatsApp,2024-03-12,Não Convertido,,0.0,Moderado,Belgium
84119,Facebook,2024-03-14,Não Convertido,,0.0,Agressivo,Bahrain
84120,Orgânico,2024-03-14,Não Convertido,,0.0,Moderado,North Macedonia
84121,Facebook,2024-03-13,Não Convertido,,0.0,Moderado,Colombia
84122,Facebook,2024-03-15,Não Convertido,,0.0,Desconhecido,Dominican Republic
84123,Indicação,2024-03-16,Não Convertido,,0.0,Agressivo,Chile
84124,Instagram,2024-03-11,Não Convertido,,0.0,Moderado,Christmas Island
84125,E-mail Marketing,2024-03-15,Não Convertido,,0.0,Moderado,United States Virgin Islands
84126,TikTok,2024-03-16,Não Convertido,,0.0,Agressivo,Papua New Guinea
84127,Google Ads,2024-03-14,Não Convertido,,0.0,Moderado,Belarus
84128,YouTube Ads,2024-03-11,Não Convertido,,0.0,Conservador,Eritrea
84129,Instagram,2024-03-12,Não Convertido,,0.0,Conservador,Indonesia
84130,E-mail Marketing,2024-03-11,Não Convertido,,0.0,Moderado,Niger
84131,Google Ads,2024-03-16,Não Convertido,,0.0,Moderado,Niger
84132,Instagram,2024-03-13,Não Convertido,,0.0,Moderado,Syrian Arab Republic
84133,Indicação,2024-03-14,Não Convertido,,0.0,Moderado,Romania
84134,Google Ads,2024-03-13,Não Convertido,,0.0,Agressivo,Kenya
84135,Google Ads,2024-03-13,Não Convertido,,0.0,Agressivo,French Polynesia
84136,E-mail Marketing,2024-03-13,Não Convertido,,0.0,Agressivo,Malaysia
84137,Instagram,2024-03-13,Não Convertido,,0.0,Moderado,Iceland
84138,Instagram,2024-03-14,Não Convertido,,0.0,Moderado,Djibouti
84139,Facebook,2024-03-15,Não Convertido,,0.0,Agressivo,Mauritius
84140,TikTok,2024-03-15,Não Convertido,,0.0,Moderado,Benin
84141,E-mail Marketing,2024-03-13,Não Convertido,,0.0,Desconhecido,Tuvalu
84142,WhatsApp,2024-03-13,Não Convertido,,0.0,Agressivo,Congo
84143,Orgânico,2024-03-13,Não Convertido,,0.0,Agressivo,El Salvador
84144,Indicação,2024-03-11,Não Convertido,,0.0,Agressivo,Korea
84145,Orgânico,2024-03-13,Não Convertido,,0.0,Agressivo,Dominican Republic
84146,TikTok,2024-03-12,Convertido,26.0,3329.86,Agressivo,Latvia
84147,WhatsApp,2024-03-14,Não Convertido,,0.0,Moderado,Palestinian Territory
84148,Instagram,2024-03-16,Convertido,5.0,5745.2,Conservador,Northern Mariana Islands
84149,TikTok,2024-03-11,Não Convertido,,0.0,Agressivo,Montserrat
84150,Orgânico,2024-03-15,Convertido,26.0,887.38,Moderado,Paraguay
84151,Orgânico,2024-03-16,Não Convertido,,0.0,Agressivo,Poland
84152,Orgânico,2024-03-16,Não Convertido,,0.0,Moderado,Belarus
84153,Orgânico,2024-03-16,Não Convertido,,0.0,Moderado,Syrian Arab Republic
84154,Orgânico,2024-03-14,Não Convertido,,0.0,Moderado,Cocos (Keeling) Islands
84155,WhatsApp,2024-03-13,Não Convertido,,0.0,Agressivo,Tunisia
84156,Indicação,2024-03-14,Não Convertido,,0.0,Conservador,Bahamas
84157,YouTube Ads,2024-03-15,Não Convertido,,0.0,Moderado,Turkey
84158,E-mail Marketing,2024-03-16,Não Convertido,,0.0,Agressivo,Saint Helena
84159,Instagram,2024-03-14,Não Convertido,,0.0,Agressivo,Liechtenstein
84160,E-mail Marketing,2024-03-16,Não Convertido,,0.0,Agressivo,Uruguay
84161,WhatsApp,2024-03-16,Não Convertido,,0.0,Agressivo,New Zealand
84162,YouTube Ads,2024-03-16,Não Convertido,,0.0,Moderado,Albania
84163,Instagram,2024-03-15,Não Convertido,,0.0,Agressivo,Georgia
84164,YouTube Ads,2024-03-12,Não Convertido,,0.0,Agressivo,Holy See (Vatican City State)
84165,Indicação,2024-03-16,Não Convertido,,0.0,Agressivo,Lithuania
84166,Facebook,2024-03-15,Não Convertido,,0.0,Desconhecido,Indonesia
84167,Orgânico,2024-03-14,Não Convertido,,0.0,Conservador,Korea
84168,WhatsApp,2024-03-15,Não Convertido,,0.0,Agressivo,Ireland
84169,TikTok,2024-03-11,Não Convertido,,0.0,Moderado,Syrian Arab Republic
84170,Facebook,2024-03-16,Não Convertido,,0.0,Moderado,Qatar
84171,Indicação,2024-03-15,Não Convertido,,0.0,Desconhecido,Micronesia
84172,Google Ads,2024-03-12,Não Convertido,,0.0,Agressivo,Marshall Islands
84173,TikTok,2024-03-14,Não Convertido,,0.0,Moderado,Guam
84174,Indicação,2024-03-11,Não Convertido,,0.0,Moderado,Australia
84175,E-mail Marketing,2024-03-13,Não Convertido,,0.0,Moderado,Armenia
84176,YouTube Ads,2024-03-11,Convertido,18.0,517.76,Moderado,Lao People's Democratic Republic
84177,Orgânico,2024-03-11,Não Convertido,,0.0,Agressivo,South Georgia and the South Sandwich Islands
84178,Instagram,2024-03-11,Não Convertido,,0.0,Moderado,Poland
84179,TikTok,2024-03-15,Não Convertido,,0.0,Moderado,Costa Rica
84180,Orgânico,2024-03-13,Não Convertido,,0.0,Agressivo,Myanmar
84181,Instagram,2024-03-13,Não Convertido,,0.0,Moderado,Bahrain
84182,Instagram,2024-03-15,Não Convertido,,0.0,Conservador,Vietnam
84183,TikTok,2024-03-12,Não Convertido,,0.0,Moderado,Cote d'Ivoire
84184,Orgânico,2024-03-11,Não Convertido,,0.0,Conservador,Kuwait
84185,WhatsApp,2024-03-11,Não Convertido,,0.0,Desconhecido,Montserrat
84186,TikTok,2024-03-12,Não Convertido,,0.0,Desconhecido,Isle of Man
84187,TikTok,2024-03-13,Não Convertido,,0.0,Agressivo,Guinea
84188,YouTube Ads,2024-03-16,Não Convertido,,0.0,Moderado,Cote d'Ivoire
84189,E-mail Marketing,2024-03-12,Não Convertido,,0.0,Moderado,Eritrea
84190,Instagram,2024-03-12,Não Convertido,,0.0,Agressivo,Nicaragua
84191,Orgânico,2024-03-12,Não Convertido,,0.0,Moderado,Eritrea
84192,TikTok,2024-03-12,Não Convertido,,0.0,Conservador,Oman
84193,Orgânico,2024-03-12,Não Convertido,,0.0,Moderado,Uganda
84194,Instagram,2024-03-11,Não Convertido,,0.0,Agressivo,Sweden
84195,YouTube Ads,2024-03-12,Não Convertido,,0.0,Conservador,Guatemala
84196,Instagram,2024-03-14,Não Convertido,,0.0,Moderado,Antigua and Barbuda
84197,YouTube Ads,2024-03-15,Não Convertido,,0.0,Agressivo,Israel
84198,Indicação,2024-03-16,Convertido,12.0,5989.71,Agressivo,Marshall Islands
84199,Instagram,2024-03-12,Não Convertido,,0.0,Moderado,Cape Verde
84200,Google Ads,2024-03-11,Não Convertido,,0.0,Moderado,Tuvalu
84201,Instagram,2024-03-14,Não Convertido,,0.0,Agressivo,Uganda
84202,Orgânico,2024-03-14,Não Convertido,,0.0,Conservador,Guyana
84203,TikTok,2024-03-16,Não Convertido,,0.0,Conservador,Luxembourg
84204,Orgânico,2024-03-15,Não Convertido,,0.0,Agressivo,Congo
84205,Orgânico,2024-03-16,Não Convertido,,0.0,Moderado,Bangladesh
84206,E-mail Marketing,2024-03-14,Não Convertido,,0.0,Agressivo,Nigeria
84207,Indicação,2024-03-11,Não Convertido,,0.0,Moderado,Tanzania
84208,TikTok,2024-03-13,Não Convertido,,0.0,Moderado,Iceland
84209,Instagram,2024-03-13,Não Convertido,,0.0,Conservador,Belgium
84210,TikTok,2024-03-12,Não Convertido,,0.0,Desconhecido,Belgium
84211,Instagram,2024-03-12,Não Convertido,,0.0,Agressivo,Peru
84212,TikTok,2024-03-15,Convertido,15.0,2436.46,Moderado,Madagascar
84213,YouTube Ads,2024-03-14,Não Convertido,,0.0,Agressivo,Guernsey
84214,TikTok,2024-03-11,Não Convertido,,0.0,Agressivo,Armenia
84215,Instagram,2024-03-16,Não Convertido,,0.0,Conservador,Guinea
84216,Instagram,2024-03-13,Não Convertido,,0.0,Moderado,Cambodia
84217,E-mail Marketing,2024-03-11,Não Convertido,,0.0,Moderado,Myanmar
84218,Orgânico,2024-03-11,Não Convertido,,0.0,Agressivo,Puerto Rico
84219,TikTok,2024-03-16,Não Convertido,,0.0,Conservador,Tonga
84220,Orgânico,2024-03-13,Não Convertido,,0.0,Moderado,Israel
84221,Google Ads,2024-03-14,Não Convertido,,0.0,Conservador,Yemen
84222,Instagram,2024-03-15,Não Convertido,,0.0,Agressivo,Saint Vincent and the Grenadines
84223,E-mail Marketing,2024-03-11,Não Convertido,,0.0,Moderado,Australia
84224,Orgânico,2024-03-14,Não Convertido,,0.0,Moderado,Panama
84225,WhatsApp,2024-03-14,Não Convertido,,0.0,Agressivo,Malaysia
84226,YouTube Ads,2024-03-12,Não Convertido,,0.0,Desconhecido,Cyprus
84227,Instagram,2024-03-14,Não Convertido,,0.0,Moderado,Paraguay
84228,Orgânico,2024-03-15,Não Convertido,,0.0,Agressivo,China
84229,TikTok,2024-03-11,Não Convertido,,0.0,Moderado,Antigua and Barbuda
84230,Orgânico,2024-03-12,Não Convertido,,0.0,Conservador,Nigeria
84231,Orgânico,2024-03-15,Não Convertido,,0.0,Desconhecido,Ethiopia
84232,YouTube Ads,2024-03-16,Não Convertido,,0.0,Moderado,Chile
84233,Indicação,2024-03-12,Não Convertido,,0.0,Conservador,Qatar
84234,Orgânico,2024-03-11,Não Convertido,,0.0,Moderado,Cambodia
84235,Google Ads,2024-03-12,Não Convertido,,0.0,Moderado,Faroe Islands
84236,Instagram,2024-03-13,Não Convertido,,0.0,Desconhecido,Senegal
84237,Instagram,2024-03-16,Não Convertido,,0.0,Moderado,Isle of Man
84238,Google Ads,2024-03-14,Não Convertido,,0.0,Moderado,Algeria
84239,Orgânico,2024-03-14,Não Convertido,,0.0,Moderado,Mexico
84240,YouTube Ads,2024-03-16,Não Convertido,,0.0,Conservador,Angola
84241,E-mail Marketing,2024-03-14,Não Convertido,,0.0,Moderado,Peru
84242,Orgânico,2024-03-15,Não Convertido,,0.0,Moderado,Trinidad and Tobago
84243,TikTok,2024-03-12,Não Convertido,,0.0,Moderado,Germany
84244,Indicação,2024-03-13,Não Convertido,,0.0,Moderado,Lao People's Democratic Republic
84245,Orgânico,2024-03-13,Não Convertido,,0.0,Moderado,Andorra
84246,WhatsApp,2024-03-16,Não Convertido,,0.0,Moderado,Tuvalu
84247,E-mail Marketing,2024-03-14,Não Convertido,,0.0,Conservador,Reunion
84248,Facebook,2024-03-13,Não Convertido,,0.0,Moderado,Cyprus
84249,Google Ads,2024-03-14,Não Convertido,,0.0,Moderado,Canada
84250,Instagram,2024-03-12,Não Convertido,,0.0,Moderado,Namibia
84251,Orgânico,2024-03-16,Não Convertido,,0.0,Agressivo,Mayotte
84252,TikTok,2024-03-13,Não Convertido,,0.0,Moderado,Pitcairn Islands
84253,Indicação,2024-03-13,Não Convertido,,0.0,Agressivo,Dominican Republic
84254,Google Ads,2024-03-13,Não Convertido,,0.0,Moderado,Sao Tome and Principe
84255,Indicação,2024-03-14,Não Convertido,,0.0,Conservador,Cocos (Keeling) Islands
84256,YouTube Ads,2024-03-14,Não Convertido,,0.0,Moderado,Nepal
84257,Facebook,2024-03-15,Não Convertido,,0.0,Moderado,Fiji
84258,Orgânico,2024-03-12,Não Convertido,,0.0,Agressivo,Armenia
84259,Orgânico,2024-03-13,Não Convertido,,0.0,Moderado,Netherlands
84260,E-mail Marketing,2024-03-11,Não Convertido,,0.0,Conservador,Brazil
84261,Facebook,2024-03-16,Não Convertido,,0.0,Moderado,Mali
84262,Instagram,2024-03-15,Não Convertido,,0.0,Conservador,Tanzania
84263,E-mail Marketing,2024-03-16,Não Convertido,,0.0,Moderado,Palau
84264,Instagram,2024-03-16,Não Convertido,,0.0,Moderado,Ukraine
84265,Google Ads,2024-03-11,Não Convertido,,0.0,Agressivo,Bulgaria
84266,TikTok,2024-03-11,Não Convertido,,0.0,Conservador,Burundi
84267,Indicação,2024-03-12,Não Convertido,,0.0,Moderado,Barbados
84268,Google Ads,2024-03-12,Não Convertido,,0.0,Agressivo,Madagascar
84269,Instagram,2024-03-11,Não Convertido,,0.0,Conservador,Niger
84270,Instagram,2024-03-16,Não Convertido,,0.0,Desconhecido,New Caledonia
84271,WhatsApp,2024-03-12,Não Convertido,,0.0,Moderado,Western Sahara
84272,Google Ads,2024-03-12,Não Convertido,,0.0,Agressivo,Zimbabwe
84273,Google Ads,2024-03-15,Não Convertido,,0.0,Desconhecido,Tunisia
84274,TikTok,2024-03-11,Não Convertido,,0.0,Moderado,Cuba
84275,TikTok,2024-03-13,Não Convertido,,0.0,Agressivo,Algeria
84276,YouTube Ads,2024-03-14,Não Convertido,,0.0,Conservador,Belgium
84277,Orgânico,2024-03-11,Não Convertido,,0.0,Moderado,Guadeloupe
84278,Google Ads,2024-03-14,Não Convertido,,0.0,Moderado,Pitcairn Islands
84279,Facebook,2024-03-14,Não Convertido,,0.0,Moderado,Tajikistan
84280,Instagram,2024-03-11,Não Convertido,,0.0,Conservador,Norfolk Island
84281,E-mail Marketing,2024-03-12,Não Convertido,,0.0,Moderado,Pakistan
84282,WhatsApp,2024-03-16,Não Convertido,,0.0,Moderado,Uganda
84283,YouTube Ads,2024-03-14,Não Convertido,,0.0,Moderado,Swaziland
84284,Google Ads,2024-03-15,Não Convertido,,0.0,Moderado,Angola
84285,Orgânico,2024-03-11,Não Convertido,,0.0,Agressivo,Russian Federation
84286,Indicação,2024-03-16,Não Convertido,,0.0,Moderado,Iceland
84287,Instagram,2024-03-13,Não Convertido,,0.0,Conservador,Comoros
84288,Instagram,2024-03-15,Não Convertido,,0.0,Conservador,Isle of Man
84289,Indicação,2024-03-14,Não Convertido,,0.0,Moderado,Andorra
84290,WhatsApp,2024-03-14,Não Convertido,,0.0,Moderado,Jamaica
84291,Facebook,2024-03-15,Não Convertido,,0.0,Conservador,Gibraltar
84292,Orgânico,2024-03-12,Não Convertido,,0.0,Agressivo,Botswana
84293,Orgânico,2024-03-14,Não Convertido,,0.0,Conservador,Pitcairn Islands
84294,TikTok,2024-03-16,Não Convertido,,0.0,Moderado,Somalia
84295,Orgânico,2024-03-16,Não Convertido,,0.0,Agressivo,Saint Vincent and the Grenadines
84296,Instagram,2024-03-11,Não Convertido,,0.0,Desconhecido,Colombia
84297,YouTube Ads,2024-03-16,Não Convertido,,0.0,Moderado,Iran
84298,Orgânico,2024-03-16,Não Convertido,,0.0,Moderado,Bahamas
84299,E-mail Marketing,2024-03-12,Não Convertido,,0.0,Moderado,Qatar
84300,TikTok,2024-03-11,Não Convertido,,0.0,Conservador,Cocos (Keeling) Islands
84301,WhatsApp,2024-03-11,Não Convertido,,0.0,Moderado,Guyana
84302,Orgânico,2024-03-14,Não Convertido,,0.0,Agressivo,Nigeria
84303,Facebook,2024-03-15,Não Convertido,,0.0,Agressivo,Saint Lucia
84304,TikTok,2024-03-11,Não Convertido,,0.0,Moderado,Poland
84305,E-mail Marketing,2024-03-12,Não Convertido,,0.0,Moderado,Uganda
84306,Facebook,2024-03-15,Não Convertido,,0.0,Conservador,Bahrain
84307,Instagram,2024-03-15,Não Convertido,,0.0,Conservador,Thailand
84308,Instagram,2024-03-11,Não Convertido,,0.0,Moderado,Bangladesh
84309,Facebook,2024-03-16,Não Convertido,,0.0,Moderado,Montenegro
84310,E-mail Marketing,2024-03-13,Não Convertido,,0.0,Conservador,New Caledonia
84311,TikTok,2024-03-11,Não Convertido,,0.0,Moderado,Svalbard & Jan Mayen Islands
84312,Google Ads,2024-03-14,Não Convertido,,0.0,Conservador,Montserrat
84313,Instagram,2024-03-12,Não Convertido,,0.0,Desconhecido,Libyan Arab Jamahiriya
84314,Google Ads,2024-03-11,Não Convertido,,0.0,Moderado,Latvia
84315,Google Ads,2024-03-14,Não Convertido,,0.0,Conservador,San Marino
84316,Instagram,2024-03-15,Não Convertido,,0.0,Desconhecido,Saint Pierre and Miquelon
84317,Orgânico,2024-03-13,Não Convertido,,0.0,Moderado,Peru
84318,Google Ads,2024-03-15,Não Convertido,,0.0,Moderado,Cook Islands
84319,Facebook,2024-03-16,Não Convertido,,0.0,Moderado,Oman
84320,Orgânico,2024-03-14,Não Convertido,,0.0,Agressivo,Botswana
84321,Orgânico,2024-03-11,Não Convertido,,0.0,Moderado,Mongolia
84322,Facebook,2024-03-12,Não Convertido,,0.0,Agressivo,Bosnia and Herzegovina
84323,TikTok,2024-03-11,Não Convertido,,0.0,Conservador,Gibraltar
84324,WhatsApp,2024-03-11,Não Convertido,,0.0,Agressivo,Zambia
84325,WhatsApp,2024-03-13,Não Convertido,,0.0,Moderado,Iraq
84326,YouTube Ads,2024-03-15,Convertido,1.0,7759.71,Agressivo,Monaco
84327,Google Ads,2024-03-14,Não Convertido,,0.0,Moderado,Saint Barthelemy
84328,Google Ads,2024-03-11,Não Convertido,,0.0,Agressivo,Japan
84329,Instagram,2024-03-11,Não Convertido,,0.0,Desconhecido,Zimbabwe
84330,Facebook,2024-03-11,Não Convertido,,0.0,Moderado,Italy
84331,YouTube Ads,2024-03-14,Não Convertido,,0.0,Moderado,Saint Barthelemy
84332,Orgânico,2024-03-11,Não Convertido,,0.0,Moderado,Gambia
84333,TikTok,2024-03-13,Não Convertido,,0.0,Conservador,Kazakhstan
84334,Indicação,2024-03-14,Não Convertido,,0.0,Desconhecido,Cameroon
84335,Orgânico,2024-03-16,Não Convertido,,0.0,Agressivo,American Samoa
84336,Orgânico,2024-03-16,Não Convertido,,0.0,Moderado,Iraq
84337,Instagram,2024-03-15,Não Convertido,,0.0,Agressivo,Lesotho
84338,WhatsApp,2024-03-16,Não Convertido,,0.0,Desconhecido,Swaziland
84339,E-mail Marketing,2024-03-13,Não Convertido,,0.0,Moderado,Romania
84340,Google Ads,2024-03-16,Não Convertido,,0.0,Conservador,Dominica
84341,Instagram,2024-03-12,Não Convertido,,0.0,Moderado,Montserrat
84342,TikTok,2024-03-16,Não Convertido,,0.0,Moderado,Mongolia
84343,YouTube Ads,2024-03-16,Não Convertido,,0.0,Agressivo,Egypt
84344,TikTok,2024-03-11,Não Convertido,,0.0,Moderado,Equatorial Guinea
84345,Google Ads,2024-03-13,Não Convertido,,0.0,Conservador,South Africa
84346,Instagram,2024-03-15,Não Convertido,,0.0,Agressivo,Reunion
84347,Orgânico,2024-03-14,Não Convertido,,0.0,Conservador,Guadeloupe
84348,E-mail Marketing,2024-03-11,Não Convertido,,0.0,Moderado,Benin
84349,E-mail Marketing,2024-03-12,Não Convertido,,0.0,Moderado,Liechtenstein
84350,Orgânico,2024-03-15,Não Convertido,,0.0,Moderado,South Africa
84351,WhatsApp,2024-03-13,Não Convertido,,0.0,Agressivo,Madagascar
84352,E-mail Marketing,2024-03-11,Não Convertido,,0.0,Conservador,Mauritania
84353,Orgânico,2024-03-12,Não Convertido,,0.0,Agressivo,Nicaragua
84354,E-mail Marketing,2024-03-14,Não Convertido,,0.0,Moderado,Panama
84355,Orgânico,2024-03-12,Não Convertido,,0.0,Desconhecido,Singapore
84356,Orgânico,2024-03-13,Não Convertido,,0.0,Moderado,Pitcairn Islands
84357,YouTube Ads,2024-03-16,Não Convertido,,0.0,Moderado,Mongolia
84358,Indicação,2024-03-15,Não Convertido,,0.0,Desconhecido,Heard Island and McDonald Islands
84359,WhatsApp,2024-03-14,Não Convertido,,0.0,Agressivo,Saint Barthelemy
84360,E-mail Marketing,2024-03-12,Não Convertido,,0.0,Conservador,Estonia
84361,Orgânico,2024-03-12,Não Convertido,,0.0,Agressivo,Dominica
84362,E-mail Marketing,2024-03-12,Não Convertido,,0.0,Agressivo,Micronesia
84363,Orgânico,2024-03-14,Não Convertido,,0.0,Moderado,Isle of Man
84364,Orgânico,2024-03-15,Não Convertido,,0.0,Agressivo,Lithuania
84365,Indicação,2024-03-13,Não Convertido,,0.0,Agressivo,France
84366,Facebook,2024-03-16,Não Convertido,,0.0,Agressivo,Samoa
84367,Orgânico,2024-03-16,Não Convertido,,0.0,Agressivo,Western Sahara
84368,Facebook,2024-03-14,Não Convertido,,0.0,Moderado,Croatia
84369,TikTok,2024-03-13,Não Convertido,,0.0,Moderado,Guam
84370,E-mail Marketing,2024-03-12,Não Convertido,,0.0,Desconhecido,New Caledonia
84371,Orgânico,2024-03-16,Não Convertido,,0.0,Agressivo,Serbia
84372,TikTok,2024-03-13,Não Convertido,,0.0,Conservador,Montserrat
84373,TikTok,2024-03-14,Não Convertido,,0.0,Conservador,Burkina Faso
84374,E-mail Marketing,2024-03-15,Não Convertido,,0.0,Moderado,Ethiopia
84375,E-mail Marketing,2024-03-16,Não Convertido,,0.0,Desconhecido,Holy See (Vatican City State)
84376,Instagram,2024-03-13,Não Convertido,,0.0,Agressivo,Bosnia and Herzegovina
84377,E-mail Marketing,2024-03-14,Não Convertido,,0.0,Moderado,Singapore
84378,Orgânico,2024-03-11,Não Convertido,,0.0,Agressivo,Djibouti
84379,TikTok,2024-03-16,Não Convertido,,0.0,Moderado,Iran
84380,Indicação,2024-03-11,Não Convertido,,0.0,Agressivo,Palestinian Territory
84381,Facebook,2024-03-12,Não Convertido,,0.0,Moderado,Bosnia and Herzegovina
84382,Instagram,2024-03-15,Não Convertido,,0.0,Conservador,Iran
84383,Orgânico,2024-03-14,Não Convertido,,0.0,Moderado,Congo
84384,TikTok,2024-03-14,Não Convertido,,0.0,Moderado,Gambia
84385,WhatsApp,2024-03-14,Não Convertido,,0.0,Desconhecido,Vanuatu
84386,WhatsApp,2024-03-16,Não Convertido,,0.0,Conservador,United Kingdom
84387,TikTok,2024-03-15,Não Convertido,,0.0,Desconhecido,Bosnia and Herzegovina
84388,Facebook,2024-03-13,Não Convertido,,0.0,Moderado,Albania
84389,Instagram,2024-03-14,Não Convertido,,0.0,Agressivo,Falkland Islands (Malvinas)
84390,WhatsApp,2024-03-12,Não Convertido,,0.0,Agressivo,Marshall Islands
84391,E-mail Marketing,2024-03-14,Convertido,15.0,9688.11,Moderado,French Polynesia
84392,E-mail Marketing,2024-03-11,Não Convertido,,0.0,Desconhecido,Argentina
84393,TikTok,2024-03-16,Não Convertido,,0.0,Conservador,Liechtenstein
84394,Instagram,2024-03-16,Não Convertido,,0.0,Conservador,Cambodia
84395,Indicação,2024-03-14,Não Convertido,,0.0,Agressivo,Cocos (Keeling) Islands
84396,Google Ads,2024-03-12,Não Convertido,,0.0,Desconhecido,Benin
84397,Orgânico,2024-03-15,Não Convertido,,0.0,Conservador,Ethiopia
84398,WhatsApp,2024-03-13,Não Convertido,,0.0,Desconhecido,Singapore
84399,TikTok,2024-03-15,Não Convertido,,0.0,Agressivo,Moldova
84400,E-mail Marketing,2024-03-13,Não Convertido,,0.0,Conservador,Croatia
84401,Instagram,2024-03-14,Não Convertido,,0.0,Agressivo,Saint Vincent and the Grenadines
84402,Google Ads,2024-03-15,Não Convertido,,0.0,Conservador,Sierra Leone
84403,Instagram,2024-03-14,Não Convertido,,0.0,Moderado,Fiji
84404,Facebook,2024-03-16,Não Convertido,,0.0,Conservador,Senegal
84405,Instagram,2024-03-11,Não Convertido,,0.0,Conservador,Kenya
84406,Facebook,2024-03-12,Não Convertido,,0.0,Desconhecido,Western Sahara
84407,Google Ads,2024-03-13,Não Convertido,,0.0,Desconhecido,Bahamas
84408,YouTube Ads,2024-03-13,Não Convertido,,0.0,Conservador,Kyrgyz Republic
84409,WhatsApp,2024-03-12,Não Convertido,,0.0,Moderado,Yemen
84410,TikTok,2024-03-11,Não Convertido,,0.0,Agressivo,Hong Kong
84411,Orgânico,2024-03-11,Não Convertido,,0.0,Agressivo,Puerto Rico
84412,TikTok,2024-03-14,Não Convertido,,0.0,Conservador,Sudan
84413,WhatsApp,2024-03-14,Não Convertido,,0.0,Moderado,Kenya
84414,Facebook,2024-03-15,Não Convertido,,0.0,Moderado,Tokelau
84415,YouTube Ads,2024-03-11,Não Convertido,,0.0,Moderado,Albania
84416,TikTok,2024-03-14,Não Convertido,,0.0,Desconhecido,Heard Island and McDonald Islands
84417,Orgânico,2024-03-15,Não Convertido,,0.0,Moderado,Vanuatu
84418,Orgânico,2024-03-15,Não Convertido,,0.0,Agressivo,Malawi
84419,E-mail Marketing,2024-03-16,Não Convertido,,0.0,Agressivo,Saint Vincent and the Grenadines
84420,Instagram,2024-03-13,Não Convertido,,0.0,Agressivo,United Arab Emirates
84421,WhatsApp,2024-03-12,Não Convertido,,0.0,Conservador,Liberia
84422,WhatsApp,2024-03-15,Não Convertido,,0.0,Agressivo,Belgium
84423,Facebook,2024-03-12,Não Convertido,,0.0,Agressivo,Netherlands
84424,Facebook,2024-03-16,Não Convertido,,0.0,Desconhecido,Belarus
84425,Orgânico,2024-03-14,Não Convertido,,0.0,Agressivo,Iran
84426,Instagram,2024-03-12,Não Convertido,,0.0,Conservador,Anguilla
84427,WhatsApp,2024-03-12,Não Convertido,,0.0,Desconhecido,Seychelles
84428,Indicação,2024-03-15,Não Convertido,,0.0,Agressivo,Russian Federation
84429,Instagram,2024-03-16,Não Convertido,,0.0,Agressivo,Singapore
84430,Instagram,2024-03-12,Não Convertido,,0.0,Moderado,Slovenia
84431,TikTok,2024-03-13,Não Convertido,,0.0,Agressivo,Singapore
84432,E-mail Marketing,2024-03-15,Não Convertido,,0.0,Conservador,Barbados
84433,E-mail Marketing,2024-03-16,Não Convertido,,0.0,Moderado,Bermuda
84434,Orgânico,2024-03-11,Não Convertido,,0.0,Agressivo,Mali
84435,YouTube Ads,2024-03-13,Não Convertido,,0.0,Desconhecido,Cuba
84436,Instagram,2024-03-13,Não Convertido,,0.0,Conservador,Barbados
84437,Instagram,2024-03-15,Não Convertido,,0.0,Moderado,Falkland Islands (Malvinas)
84438,TikTok,2024-03-16,Não Convertido,,0.0,Conservador,Suriname
84439,Facebook,2024-03-11,Não Convertido,,0.0,Moderado,Saint Barthelemy
84440,TikTok,2024-03-13,Não Convertido,,0.0,Conservador,United States of America
84441,E-mail Marketing,2024-03-13,Não Convertido,,0.0,Moderado,New Caledonia
84442,Facebook,2024-03-16,Não Convertido,,0.0,Agressivo,Heard Island and McDonald Islands
84443,Google Ads,2024-03-14,Não Convertido,,0.0,Agressivo,Iraq
84444,TikTok,2024-03-13,Não Convertido,,0.0,Moderado,Aruba
84445,Orgânico,2024-03-15,Não Convertido,,0.0,Moderado,Christmas Island
84446,Facebook,2024-03-16,Não Convertido,,0.0,Moderado,Svalbard & Jan Mayen Islands
84447,Google Ads,2024-03-11,Não Convertido,,0.0,Agressivo,Eritrea
84448,Facebook,2024-03-13,Não Convertido,,0.0,Moderado,Slovakia (Slovak Republic)
84449,Google Ads,2024-03-16,Não Convertido,,0.0,Agressivo,Nicaragua
84450,Google Ads,2024-03-12,Não Convertido,,0.0,Agressivo,Seychelles
84451,Facebook,2024-03-16,Não Convertido,,0.0,Conservador,Thailand
84452,Google Ads,2024-03-16,Não Convertido,,0.0,Moderado,Holy See (Vatican City State)
84453,Google Ads,2024-03-16,Não Convertido,,0.0,Moderado,French Guiana
84454,YouTube Ads,2024-03-11,Não Convertido,,0.0,Agressivo,Guinea
84455,Orgânico,2024-03-14,Não Convertido,,0.0,Agressivo,Austria
84456,Orgânico,2024-03-15,Não Convertido,,0.0,Conservador,Portugal
84457,Orgânico,2024-03-16,Não Convertido,,0.0,Moderado,Belgium
84458,TikTok,2024-03-11,Não Convertido,,0.0,Moderado,United Arab Emirates
84459,Instagram,2024-03-13,Não Convertido,,0.0,Moderado,Sudan
84460,Google Ads,2024-03-14,Não Convertido,,0.0,Desconhecido,Latvia
84461,Orgânico,2024-03-13,Não Convertido,,0.0,Agressivo,Bolivia
84462,TikTok,2024-03-13,Não Convertido,,0.0,Agressivo,Norfolk Island
84463,E-mail Marketing,2024-03-16,Não Convertido,,0.0,Moderado,Norfolk Island
84464,Facebook,2024-03-12,Não Convertido,,0.0,Moderado,Lebanon
84465,Orgânico,2024-03-13,Não Convertido,,0.0,Agressivo,Uganda
84466,Orgânico,2024-03-14,Não Convertido,,0.0,Moderado,Equatorial Guinea
84467,Facebook,2024-03-15,Não Convertido,,0.0,Moderado,Czech Republic
84468,Google Ads,2024-03-11,Não Convertido,,0.0,Agressivo,Anguilla
84469,Orgânico,2024-03-16,Não Convertido,,0.0,Desconhecido,Tokelau
84470,Facebook,2024-03-12,Não Convertido,,0.0,Agressivo,Malaysia
84471,YouTube Ads,2024-03-13,Não Convertido,,0.0,Conservador,Thailand
84472,Google Ads,2024-03-14,Não Convertido,,0.0,Desconhecido,Kyrgyz Republic
84473,Orgânico,2024-03-15,Não Convertido,,0.0,Desconhecido,Equatorial Guinea
84474,Orgânico,2024-03-15,Não Convertido,,0.0,Moderado,Andorra
84475,Orgânico,2024-03-13,Não Convertido,,0.0,Moderado,Seychelles
84476,WhatsApp,2024-03-15,Não Convertido,,0.0,Moderado,Iraq
84477,E-mail Marketing,2024-03-11,Não Convertido,,0.0,Moderado,Pitcairn Islands
84478,Indicação,2024-03-16,Não Convertido,,0.0,Desconhecido,Finland
84479,WhatsApp,2024-03-15,Não Convertido,,0.0,Moderado,United States Virgin Islands
84480,E-mail Marketing,2024-03-12,Não Convertido,,0.0,Desconhecido,Vanuatu
84481,Orgânico,2024-03-11,Não Convertido,,0.0,Conservador,Isle of Man
84482,Instagram,2024-03-12,Não Convertido,,0.0,Conservador,Thailand
84483,Google Ads,2024-03-11,Não Convertido,,0.0,Moderado,Papua New Guinea
84484,E-mail Marketing,2024-03-15,Não Convertido,,0.0,Agressivo,Holy See (Vatican City State)
84485,Indicação,2024-03-12,Não Convertido,,0.0,Desconhecido,Antigua and Barbuda
84486,Facebook,2024-03-13,Não Convertido,,0.0,Moderado,Ecuador
84487,TikTok,2024-03-14,Não Convertido,,0.0,Agressivo,Eritrea
84488,Google Ads,2024-03-12,Não Convertido,,0.0,Conservador,Denmark
84489,Facebook,2024-03-11,Não Convertido,,0.0,Moderado,South Georgia and the South Sandwich Islands
84490,Orgânico,2024-03-16,Não Convertido,,0.0,Moderado,Libyan Arab Jamahiriya
84491,E-mail Marketing,2024-03-13,Não Convertido,,0.0,Conservador,India
84492,Orgânico,2024-03-15,Não Convertido,,0.0,Conservador,Niue
84493,Orgânico,2024-03-11,Convertido,14.0,2212.24,Desconhecido,Saint Pierre and Miquelon
84494,Instagram,2024-03-15,Não Convertido,,0.0,Agressivo,Gambia
84495,Instagram,2024-03-16,Não Convertido,,0.0,Conservador,Palau
84496,Indicação,2024-03-13,Não Convertido,,0.0,Agressivo,Chile
84497,YouTube Ads,2024-03-16,Não Convertido,,0.0,Conservador,India
84498,TikTok,2024-03-14,Não Convertido,,0.0,Agressivo,Grenada
84499,TikTok,2024-03-11,Não Convertido,,0.0,Moderado,Cuba
84500,Google Ads,2024-03-12,Não Convertido,,0.0,Moderado,Liberia
84501,Indicação,2024-03-16,Não Convertido,,0.0,Agressivo,Liberia
84502,Indicação,2024-03-11,Não Convertido,,0.0,Agressivo,Uganda
84503,Facebook,2024-03-13,Não Convertido,,0.0,Moderado,Dominican Republic
84504,WhatsApp,2024-03-16,Não Convertido,,0.0,Desconhecido,Serbia
84505,Facebook,2024-03-11,Não Convertido,,0.0,Agressivo,Netherlands
84506,YouTube Ads,2024-03-16,Não Convertido,,0.0,Agressivo,Belarus
84507,YouTube Ads,2024-03-12,Convertido,30.0,6517.01,Conservador,Qatar
84508,Google Ads,2024-03-11,Não Convertido,,0.0,Agressivo,Nigeria
84509,Instagram,2024-03-11,Não Convertido,,0.0,Agressivo,Faroe Islands
84510,WhatsApp,2024-03-13,Convertido,23.0,2496.3,Moderado,Bahrain
84511,YouTube Ads,2024-03-14,Não Convertido,,0.0,Moderado,Iran
84512,WhatsApp,2024-03-15,Não Convertido,,0.0,Desconhecido,Bahrain
84513,E-mail Marketing,2024-03-13,Não Convertido,,0.0,Moderado,Pakistan
84514,Instagram,2024-03-11,Não Convertido,,0.0,Moderado,Seychelles
84515,TikTok,2024-03-14,Não Convertido,,0.0,Moderado,Togo
84516,Instagram,2024-03-14,Não Convertido,,0.0,Agressivo,Egypt
84517,WhatsApp,2024-03-13,Não Convertido,,0.0,Desconhecido,Gibraltar
84518,E-mail Marketing,2024-03-11,Não Convertido,,0.0,Moderado,Cuba
84519,WhatsApp,2024-03-12,Não Convertido,,0.0,Moderado,Iraq
84520,Orgânico,2024-03-12,Não Convertido,,0.0,Moderado,Bahamas
84521,E-mail Marketing,2024-03-12,Não Convertido,,0.0,Conservador,Saint Pierre and Miquelon
84522,Orgânico,2024-03-15,Não Convertido,,0.0,Moderado,Cocos (Keeling) Islands
84523,TikTok,2024-03-14,Não Convertido,,0.0,Moderado,Senegal
84524,Orgânico,2024-03-16,Não Convertido,,0.0,Agressivo,Poland
84525,Orgânico,2024-03-11,Não Convertido,,0.0,Moderado,Kyrgyz Republic
84526,Orgânico,2024-03-11,Não Convertido,,0.0,Moderado,Iraq
84527,Facebook,2024-03-16,Convertido,14.0,2036.24,Conservador,Syrian Arab Republic
84528,YouTube Ads,2024-03-12,Não Convertido,,0.0,Desconhecido,Tokelau
84529,Google Ads,2024-03-15,Não Convertido,,0.0,Moderado,Seychelles
84530,Orgânico,2024-03-15,Não Convertido,,0.0,Agressivo,Central African Republic
84531,Facebook,2024-03-11,Não Convertido,,0.0,Agressivo,Macao
84532,Instagram,2024-03-12,Não Convertido,,0.0,Moderado,Anguilla
84533,Facebook,2024-03-12,Não Convertido,,0.0,Conservador,Papua New Guinea
84534,Google Ads,2024-03-12,Não Convertido,,0.0,Desconhecido,France
84535,Orgânico,2024-03-11,Não Convertido,,0.0,Desconhecido,Libyan Arab Jamahiriya
84536,E-mail Marketing,2024-03-13,Convertido,30.0,5415.81,Desconhecido,Uzbekistan
84537,Orgânico,2024-03-15,Convertido,13.0,1406.76,Moderado,Kazakhstan
84538,Facebook,2024-03-12,Não Convertido,,0.0,Moderado,Brazil
84539,Google Ads,2024-03-15,Não Convertido,,0.0,Moderado,Panama
84540,Instagram,2024-03-11,Não Convertido,,0.0,Agressivo,Cuba
84541,Google Ads,2024-03-13,Não Convertido,,0.0,Conservador,Ukraine
84542,WhatsApp,2024-03-15,Não Convertido,,0.0,Agressivo,United States Minor Outlying Islands
84543,E-mail Marketing,2024-03-15,Não Convertido,,0.0,Agressivo,Mayotte
84544,YouTube Ads,2024-03-11,Não Convertido,,0.0,Conservador,Ethiopia
84545,Instagram,2024-03-16,Não Convertido,,0.0,Moderado,American Samoa
84546,YouTube Ads,2024-03-15,Não Convertido,,0.0,Desconhecido,San Marino
84547,Instagram,2024-03-14,Convertido,5.0,984.52,Moderado,United Arab Emirates
84548,YouTube Ads,2024-03-14,Não Convertido,,0.0,Moderado,Burundi
84549,TikTok,2024-03-11,Não Convertido,,0.0,Agressivo,Comoros
84550,Google Ads,2024-03-15,Não Convertido,,0.0,Moderado,Montenegro
84551,YouTube Ads,2024-03-11,Não Convertido,,0.0,Agressivo,Bhutan
84552,Instagram,2024-03-16,Não Convertido,,0.0,Agressivo,Peru
84553,Instagram,2024-03-14,Não Convertido,,0.0,Agressivo,Namibia
84554,Google Ads,2024-03-12,Não Convertido,,0.0,Conservador,Guinea-Bissau
84555,E-mail Marketing,2024-03-11,Não Convertido,,0.0,Agressivo,Germany
84556,TikTok,2024-03-12,Não Convertido,,0.0,Moderado,Italy
84557,Google Ads,2024-03-14,Não Convertido,,0.0,Agressivo,Mongolia
84558,Google Ads,2024-03-13,Não Convertido,,0.0,Moderado,United States Virgin Islands
84559,Google Ads,2024-03-16,Não Convertido,,0.0,Desconhecido,Lao People's Democratic Republic
84560,Indicação,2024-03-13,Não Convertido,,0.0,Moderado,Austria
84561,Orgânico,2024-03-16,Não Convertido,,0.0,Agressivo,Kiribati
84562,Orgânico,2024-03-16,Não Convertido,,0.0,Moderado,Netherlands Antilles
84563,Google Ads,2024-03-12,Convertido,1.0,5805.73,Desconhecido,San Marino
84564,Facebook,2024-03-13,Não Convertido,,0.0,Moderado,Czech Republic
84565,Facebook,2024-03-16,Não Convertido,,0.0,Desconhecido,Bermuda
84566,E-mail Marketing,2024-03-11,Não Convertido,,0.0,Conservador,Estonia
84567,WhatsApp,2024-03-13,Não Convertido,,0.0,Moderado,Congo
84568,E-mail Marketing,2024-03-14,Não Convertido,,0.0,Conservador,Morocco
84569,TikTok,2024-03-11,Não Convertido,,0.0,Conservador,Paraguay
84570,Google Ads,2024-03-11,Não Convertido,,0.0,Desconhecido,Cape Verde
84571,E-mail Marketing,2024-03-15,Não Convertido,,0.0,Moderado,Bosnia and Herzegovina
84572,TikTok,2024-03-16,Não Convertido,,0.0,Conservador,Colombia
84573,Orgânico,2024-03-11,Não Convertido,,0.0,Moderado,Slovakia (Slovak Republic)
84574,E-mail Marketing,2024-03-12,Não Convertido,,0.0,Moderado,North Macedonia
84575,Google Ads,2024-03-16,Não Convertido,,0.0,Agressivo,Turkmenistan
84576,WhatsApp,2024-03-15,Não Convertido,,0.0,Moderado,United Kingdom
84577,Instagram,2024-03-12,Não Convertido,,0.0,Moderado,Haiti
84578,Google Ads,2024-03-13,Não Convertido,,0.0,Desconhecido,Saint Pierre and Miquelon
84579,TikTok,2024-03-12,Não Convertido,,0.0,Conservador,Chad
84580,Google Ads,2024-03-16,Não Convertido,,0.0,Moderado,Cambodia
84581,E-mail Marketing,2024-03-14,Convertido,6.0,6925.97,Moderado,Guyana
84582,Orgânico,2024-03-14,Não Convertido,,0.0,Agressivo,Macao
84583,YouTube Ads,2024-03-15,Não Convertido,,0.0,Conservador,Madagascar
84584,TikTok,2024-03-11,Não Convertido,,0.0,Desconhecido,Wallis and Futuna
84585,Instagram,2024-03-11,Não Convertido,,0.0,Moderado,British Indian Ocean Territory (Chagos Archipelago)
84586,Facebook,2024-03-15,Não Convertido,,0.0,Moderado,Belgium
84587,E-mail Marketing,2024-03-12,Não Convertido,,0.0,Conservador,Liechtenstein
84588,YouTube Ads,2024-03-15,Não Convertido,,0.0,Conservador,Saint Martin
84589,WhatsApp,2024-03-15,Não Convertido,,0.0,Conservador,Luxembourg
84590,Google Ads,2024-03-13,Não Convertido,,0.0,Agressivo,Morocco
84591,E-mail Marketing,2024-03-14,Não Convertido,,0.0,Desconhecido,Cote d'Ivoire
84592,Indicação,2024-03-12,Não Convertido,,0.0,Agressivo,Northern Mariana Islands
84593,TikTok,2024-03-14,Não Convertido,,0.0,Moderado,Isle of Man
84594,TikTok,2024-03-11,Não Convertido,,0.0,Moderado,Gibraltar
84595,Indicação,2024-03-11,Não Convertido,,0.0,Conservador,Djibouti
84596,WhatsApp,2024-03-13,Não Convertido,,0.0,Moderado,Congo
84597,Instagram,2024-03-15,Não Convertido,,0.0,Conservador,Equatorial Guinea
84598,Google Ads,2024-03-14,Não Convertido,,0.0,Agressivo,Jordan
84599,TikTok,2024-03-14,Convertido,24.0,1966.02,Desconhecido,Korea
84600,YouTube Ads,2024-03-13,Não Convertido,,0.0,Conservador,Sudan
84601,Indicação,2024-03-15,Não Convertido,,0.0,Agressivo,Germany
84602,E-mail Marketing,2024-03-12,Não Convertido,,0.0,Conservador,Estonia
84603,E-mail Marketing,2024-03-11,Não Convertido,,0.0,Agressivo,Tuvalu
84604,Facebook,2024-03-16,Convertido,7.0,4663.78,Agressivo,Lebanon
84605,Google Ads,2024-03-13,Não Convertido,,0.0,Moderado,Gambia
84606,Orgânico,2024-03-15,Não Convertido,,0.0,Moderado,Norfolk Island
84607,Orgânico,2024-03-15,Não Convertido,,0.0,Conservador,British Virgin Islands
84608,Facebook,2024-03-11,Não Convertido,,0.0,Moderado,Sierra Leone
84609,Instagram,2024-03-15,Não Convertido,,0.0,Conservador,Gabon
84610,Indicação,2024-03-13,Não Convertido,,0.0,Moderado,Palau
84611,Orgânico,2024-03-16,Não Convertido,,0.0,Agressivo,Faroe Islands
84612,Facebook,2024-03-16,Não Convertido,,0.0,Agressivo,French Southern Territories
84613,WhatsApp,2024-03-14,Não Convertido,,0.0,Moderado,Cyprus
84614,E-mail Marketing,2024-03-16,Não Convertido,,0.0,Desconhecido,Burundi
84615,Orgânico,2024-03-13,Não Convertido,,0.0,Agressivo,Congo
84616,Facebook,2024-03-16,Não Convertido,,0.0,Desconhecido,Haiti
84617,E-mail Marketing,2024-03-15,Não Convertido,,0.0,Agressivo,Chile
84618,Facebook,2024-03-15,Convertido,11.0,3771.09,Agressivo,Panama
84619,TikTok,2024-03-14,Não Convertido,,0.0,Agressivo,Serbia
84620,Facebook,2024-03-13,Não Convertido,,0.0,Conservador,Tokelau
84621,WhatsApp,2024-03-15,Não Convertido,,0.0,Moderado,Bosnia and Herzegovina
84622,E-mail Marketing,2024-03-13,Não Convertido,,0.0,Desconhecido,Tokelau
84623,WhatsApp,2024-03-16,Não Convertido,,0.0,Conservador,Lebanon
84624,WhatsApp,2024-03-11,Não Convertido,,0.0,Moderado,Bahrain
84625,TikTok,2024-03-15,Não Convertido,,0.0,Desconhecido,Saint Pierre and Miquelon
84626,E-mail Marketing,2024-03-12,Convertido,2.0,1154.28,Desconhecido,Korea
84627,Indicação,2024-03-11,Não Convertido,,0.0,Moderado,Iceland
84628,Orgânico,2024-03-15,Não Convertido,,0.0,Desconhecido,El Salvador
84629,Facebook,2024-03-13,Não Convertido,,0.0,Conservador,Luxembourg
84630,Facebook,2024-03-16,Não Convertido,,0.0,Moderado,Tonga
84631,TikTok,2024-03-14,Não Convertido,,0.0,Conservador,Wallis and Futuna
84632,Orgânico,2024-03-14,Não Convertido,,0.0,Conservador,New Zealand
84633,Facebook,2024-03-15,Não Convertido,,0.0,Conservador,Spain
84634,Orgânico,2024-03-11,Não Convertido,,0.0,Moderado,Brunei Darussalam
84635,Google Ads,2024-03-15,Não Convertido,,0.0,Moderado,Guadeloupe
84636,TikTok,2024-03-12,Convertido,8.0,4962.13,Moderado,Tunisia
84637,TikTok,2024-03-15,Não Convertido,,0.0,Desconhecido,Sao Tome and Principe
84638,Orgânico,2024-03-11,Não Convertido,,0.0,Moderado,Zambia
84639,Google Ads,2024-03-14,Não Convertido,,0.0,Moderado,Vietnam
84640,Instagram,2024-03-13,Não Convertido,,0.0,Agressivo,Equatorial Guinea
84641,Orgânico,2024-03-13,Não Convertido,,0.0,Agressivo,Guam
84642,Google Ads,2024-03-11,Não Convertido,,0.0,Moderado,Mauritania
84643,Facebook,2024-03-16,Não Convertido,,0.0,Moderado,Guam
84644,Instagram,2024-03-16,Não Convertido,,0.0,Moderado,Israel
84645,Facebook,2024-03-14,Não Convertido,,0.0,Agressivo,Armenia
