lead_id,origem,data_cadastro,status_conversao,dias_ate_1o_trade,valor_deposito,perfil,pais
19390,Instagram,2023-07-24,Não Convertido,,0.0,Moderado,Vietnam
19391,Indicação,2023-07-24,Não Convertido,,0.0,Moderado,Tonga
19392,Instagram,2023-07-25,Não Convertido,,0.0,Agressivo,Uruguay
19393,Orgânico,2023-07-25,Convertido,2.0,1204.18,Desconhecido,Ecuador
19394,Instagram,2023-07-24,Não Convertido,,0.0,Moderado,Cocos (Keeling) Islands
19395,Indicação,2023-07-28,Não Convertido,,0.0,Moderado,Senegal
19396,Instagram,2023-07-29,Não Convertido,,0.0,Moderado,Israel
19397,Instagram,2023-07-27,Não Convertido,,0.0,Conservador,Benin
19398,Instagram,2023-07-25,Não Convertido,,0.0,Agressivo,Cook Islands
19399,Instagram,2023-07-28,Não Convertido,,0.0,Conservador,Somalia
19400,Instagram,2023-07-29,Não Convertido,,0.0,Conservador,Mozambique
19401,WhatsApp,2023-07-28,Não Convertido,,0.0,Agressivo,Guyana
19402,Orgânico,2023-07-25,Não Convertido,,0.0,Conservador,Saint Martin
19403,E-mail Marketing,2023-07-26,Não Convertido,,0.0,Agressivo,Djibouti
19404,E-mail Marketing,2023-07-27,Não Convertido,,0.0,Moderado,Palestinian Territory
19405,Google Ads,2023-07-26,Não Convertido,,0.0,Moderado,Costa Rica
19406,Orgânico,2023-07-29,Não Convertido,,0.0,Moderado,Swaziland
19407,Instagram,2023-07-25,Não Convertido,,0.0,Desconhecido,Kazakhstan
19408,Google Ads,2023-07-28,Não Convertido,,0.0,Agressivo,Dominica
19409,Facebook,2023-07-28,Convertido,20.0,8650.69,Agressivo,Thailand
19410,TikTok,2023-07-28,Não Convertido,,0.0,Moderado,Costa Rica
19411,TikTok,2023-07-26,Não Convertido,,0.0,Conservador,Lithuania
19412,TikTok,2023-07-26,Não Convertido,,0.0,Moderado,Saint Pierre and Miquelon
19413,E-mail Marketing,2023-07-24,Não Convertido,,0.0,Moderado,Greece
19414,WhatsApp,2023-07-27,Não Convertido,,0.0,Agressivo,Netherlands Antilles
19415,TikTok,2023-07-29,Não Convertido,,0.0,Moderado,Croatia
19416,TikTok,2023-07-29,Não Convertido,,0.0,Conservador,Saudi Arabia
19417,Instagram,2023-07-24,Não Convertido,,0.0,Conservador,Sudan
19418,TikTok,2023-07-25,Não Convertido,,0.0,Agressivo,Aruba
19419,Orgânico,2023-07-24,Não Convertido,,0.0,Agressivo,Burkina Faso
19420,TikTok,2023-07-26,Não Convertido,,0.0,Agressivo,Iran
19421,Facebook,2023-07-28,Não Convertido,,0.0,Conservador,Tunisia
19422,TikTok,2023-07-24,Não Convertido,,0.0,Moderado,Libyan Arab Jamahiriya
19423,Google Ads,2023-07-24,Não Convertido,,0.0,Moderado,Vietnam
19424,YouTube Ads,2023-07-29,Não Convertido,,0.0,Moderado,Eritrea
19425,WhatsApp,2023-07-25,Não Convertido,,0.0,Desconhecido,Dominican Republic
19426,Orgânico,2023-07-29,Não Convertido,,0.0,Desconhecido,Rwanda
19427,Instagram,2023-07-28,Não Convertido,,0.0,Conservador,Antarctica (the territory South of 60 deg S)
19428,TikTok,2023-07-29,Não Convertido,,0.0,Moderado,Montserrat
19429,Indicação,2023-07-28,Não Convertido,,0.0,Agressivo,Cyprus
19430,Instagram,2023-07-28,Convertido,27.0,7932.05,Agressivo,Bolivia
19431,Orgânico,2023-07-27,Não Convertido,,0.0,Moderado,Belgium
19432,TikTok,2023-07-26,Não Convertido,,0.0,Moderado,Uzbekistan
19433,TikTok,2023-07-28,Não Convertido,,0.0,Moderado,Cyprus
19434,E-mail Marketing,2023-07-28,Não Convertido,,0.0,Moderado,India
19435,TikTok,2023-07-28,Não Convertido,,0.0,Agressivo,Bhutan
19436,E-mail Marketing,2023-07-25,Não Convertido,,0.0,Moderado,Guinea
19437,TikTok,2023-07-28,Não Convertido,,0.0,Moderado,Swaziland
19438,YouTube Ads,2023-07-27,Não Convertido,,0.0,Moderado,Guatemala
19439,Indicação,2023-07-25,Não Convertido,,0.0,Agressivo,Romania
19440,WhatsApp,2023-07-26,Não Convertido,,0.0,Conservador,Anguilla
19441,Facebook,2023-07-25,Não Convertido,,0.0,Conservador,Poland
19442,YouTube Ads,2023-07-26,Não Convertido,,0.0,Conservador,Vietnam
19443,Instagram,2023-07-29,Não Convertido,,0.0,Moderado,Nigeria
19444,Google Ads,2023-07-24,Não Convertido,,0.0,Agressivo,Peru
19445,Instagram,2023-07-26,Não Convertido,,0.0,Moderado,Sao Tome and Principe
19446,Orgânico,2023-07-24,Não Convertido,,0.0,Agressivo,Nigeria
19447,Facebook,2023-07-25,Não Convertido,,0.0,Moderado,Bulgaria
19448,YouTube Ads,2023-07-25,Não Convertido,,0.0,Conservador,Botswana
19449,Facebook,2023-07-25,Não Convertido,,0.0,Moderado,Indonesia
19450,WhatsApp,2023-07-28,Não Convertido,,0.0,Agressivo,Antigua and Barbuda
19451,Indicação,2023-07-27,Não Convertido,,0.0,Conservador,Norfolk Island
19452,Instagram,2023-07-28,Não Convertido,,0.0,Conservador,French Polynesia
19453,Orgânico,2023-07-29,Não Convertido,,0.0,Agressivo,Western Sahara
19454,TikTok,2023-07-26,Não Convertido,,0.0,Agressivo,Guinea-Bissau
19455,Instagram,2023-07-29,Não Convertido,,0.0,Agressivo,Wallis and Futuna
19456,TikTok,2023-07-27,Não Convertido,,0.0,Conservador,Turks and Caicos Islands
19457,Indicação,2023-07-28,Não Convertido,,0.0,Conservador,Jordan
19458,Instagram,2023-07-26,Não Convertido,,0.0,Agressivo,Saint Barthelemy
19459,YouTube Ads,2023-07-25,Não Convertido,,0.0,Moderado,Iceland
19460,Google Ads,2023-07-28,Não Convertido,,0.0,Moderado,Guinea-Bissau
19461,Google Ads,2023-07-29,Não Convertido,,0.0,Agressivo,Kuwait
19462,Orgânico,2023-07-25,Não Convertido,,0.0,Desconhecido,Antigua and Barbuda
19463,Indicação,2023-07-28,Não Convertido,,0.0,Agressivo,Mongolia
19464,TikTok,2023-07-25,Não Convertido,,0.0,Moderado,Cambodia
19465,WhatsApp,2023-07-26,Não Convertido,,0.0,Desconhecido,Burundi
19466,Orgânico,2023-07-24,Não Convertido,,0.0,Conservador,United Arab Emirates
19467,Google Ads,2023-07-28,Convertido,28.0,2394.3,Moderado,Liechtenstein
19468,Google Ads,2023-07-27,Não Convertido,,0.0,Conservador,Antigua and Barbuda
19469,WhatsApp,2023-07-29,Não Convertido,,0.0,Agressivo,French Guiana
19470,E-mail Marketing,2023-07-24,Não Convertido,,0.0,Agressivo,India
19471,E-mail Marketing,2023-07-28,Não Convertido,,0.0,Desconhecido,Eritrea
19472,Orgânico,2023-07-29,Não Convertido,,0.0,Agressivo,Saudi Arabia
19473,WhatsApp,2023-07-27,Não Convertido,,0.0,Moderado,Mexico
19474,Orgânico,2023-07-26,Não Convertido,,0.0,Desconhecido,Bosnia and Herzegovina
19475,Instagram,2023-07-27,Não Convertido,,0.0,Agressivo,Pakistan
19476,Instagram,2023-07-25,Não Convertido,,0.0,Moderado,Antarctica (the territory South of 60 deg S)
19477,Orgânico,2023-07-24,Não Convertido,,0.0,Conservador,Micronesia
19478,WhatsApp,2023-07-28,Não Convertido,,0.0,Agressivo,Jersey
19479,WhatsApp,2023-07-29,Não Convertido,,0.0,Moderado,Chile
19480,Indicação,2023-07-27,Não Convertido,,0.0,Moderado,Ukraine
19481,Instagram,2023-07-26,Não Convertido,,0.0,Agressivo,Iran
19482,TikTok,2023-07-27,Não Convertido,,0.0,Conservador,Turkmenistan
19483,Orgânico,2023-07-29,Não Convertido,,0.0,Agressivo,San Marino
19484,Instagram,2023-07-28,Não Convertido,,0.0,Moderado,Saint Helena
19485,Orgânico,2023-07-24,Não Convertido,,0.0,Conservador,Russian Federation
19486,Instagram,2023-07-28,Não Convertido,,0.0,Moderado,United Arab Emirates
19487,Facebook,2023-07-28,Não Convertido,,0.0,Agressivo,Cuba
19488,Orgânico,2023-07-26,Não Convertido,,0.0,Conservador,Puerto Rico
19489,TikTok,2023-07-28,Convertido,12.0,8902.19,Conservador,United States of America
19490,Instagram,2023-07-24,Não Convertido,,0.0,Conservador,Finland
19491,TikTok,2023-07-27,Não Convertido,,0.0,Agressivo,Cape Verde
19492,YouTube Ads,2023-07-24,Não Convertido,,0.0,Agressivo,Panama
19493,E-mail Marketing,2023-07-24,Não Convertido,,0.0,Conservador,Serbia
19494,Orgânico,2023-07-28,Não Convertido,,0.0,Conservador,Kazakhstan
19495,WhatsApp,2023-07-26,Não Convertido,,0.0,Conservador,Rwanda
19496,TikTok,2023-07-24,Não Convertido,,0.0,Conservador,Canada
19497,Orgânico,2023-07-24,Não Convertido,,0.0,Conservador,Nicaragua
19498,YouTube Ads,2023-07-28,Não Convertido,,0.0,Desconhecido,Canada
19499,WhatsApp,2023-07-29,Não Convertido,,0.0,Conservador,Oman
19500,WhatsApp,2023-07-28,Não Convertido,,0.0,Moderado,Montenegro
19501,E-mail Marketing,2023-07-25,Não Convertido,,0.0,Agressivo,Malta
19502,WhatsApp,2023-07-29,Não Convertido,,0.0,Moderado,Marshall Islands
19503,WhatsApp,2023-07-26,Não Convertido,,0.0,Agressivo,Bahamas
19504,Instagram,2023-07-27,Não Convertido,,0.0,Agressivo,Gabon
19505,YouTube Ads,2023-07-27,Não Convertido,,0.0,Conservador,Sudan
19506,Orgânico,2023-07-27,Não Convertido,,0.0,Agressivo,Myanmar
19507,Orgânico,2023-07-29,Não Convertido,,0.0,Conservador,Comoros
19508,Facebook,2023-07-28,Não Convertido,,0.0,Moderado,Romania
19509,E-mail Marketing,2023-07-26,Não Convertido,,0.0,Agressivo,South Georgia and the South Sandwich Islands
19510,TikTok,2023-07-25,Não Convertido,,0.0,Agressivo,Italy
19511,E-mail Marketing,2023-07-24,Não Convertido,,0.0,Conservador,Netherlands
19512,Orgânico,2023-07-29,Não Convertido,,0.0,Conservador,Trinidad and Tobago
19513,Facebook,2023-07-25,Não Convertido,,0.0,Agressivo,Bhutan
19514,TikTok,2023-07-27,Não Convertido,,0.0,Moderado,Zambia
19515,Orgânico,2023-07-28,Não Convertido,,0.0,Conservador,Belgium
19516,Facebook,2023-07-25,Não Convertido,,0.0,Conservador,Wallis and Futuna
19517,Instagram,2023-07-28,Não Convertido,,0.0,Moderado,Comoros
19518,Instagram,2023-07-27,Não Convertido,,0.0,Desconhecido,China
19519,TikTok,2023-07-26,Não Convertido,,0.0,Moderado,South Georgia and the South Sandwich Islands
19520,E-mail Marketing,2023-07-25,Não Convertido,,0.0,Moderado,Chile
19521,Instagram,2023-07-28,Convertido,3.0,2254.65,Moderado,French Guiana
19522,E-mail Marketing,2023-07-27,Não Convertido,,0.0,Moderado,Sudan
19523,E-mail Marketing,2023-07-26,Não Convertido,,0.0,Moderado,Ireland
19524,Orgânico,2023-07-29,Não Convertido,,0.0,Moderado,Swaziland
19525,TikTok,2023-07-27,Não Convertido,,0.0,Agressivo,Maldives
19526,YouTube Ads,2023-07-24,Não Convertido,,0.0,Agressivo,Tunisia
19527,YouTube Ads,2023-07-25,Não Convertido,,0.0,Agressivo,Cook Islands
19528,Orgânico,2023-07-25,Não Convertido,,0.0,Moderado,Suriname
19529,TikTok,2023-07-28,Não Convertido,,0.0,Moderado,Mauritania
19530,Orgânico,2023-07-29,Não Convertido,,0.0,Moderado,Marshall Islands
19531,E-mail Marketing,2023-07-27,Não Convertido,,0.0,Agressivo,Japan
19532,Facebook,2023-07-26,Não Convertido,,0.0,Conservador,India
19533,E-mail Marketing,2023-07-26,Não Convertido,,0.0,Conservador,Kiribati
19534,Instagram,2023-07-28,Não Convertido,,0.0,Agressivo,Rwanda
19535,Orgânico,2023-07-26,Não Convertido,,0.0,Agressivo,Norfolk Island
19536,Instagram,2023-07-24,Não Convertido,,0.0,Moderado,Paraguay
19537,Orgânico,2023-07-27,Não Convertido,,0.0,Moderado,Macao
19538,Facebook,2023-07-29,Não Convertido,,0.0,Conservador,Pitcairn Islands
19539,Orgânico,2023-07-29,Não Convertido,,0.0,Agressivo,Botswana
19540,Orgânico,2023-07-27,Não Convertido,,0.0,Moderado,Uzbekistan
19541,TikTok,2023-07-25,Não Convertido,,0.0,Agressivo,Burundi
19542,Instagram,2023-07-25,Não Convertido,,0.0,Agressivo,Bolivia
19543,YouTube Ads,2023-07-26,Não Convertido,,0.0,Agressivo,Guernsey
19544,TikTok,2023-07-27,Não Convertido,,0.0,Moderado,San Marino
19545,Orgânico,2023-07-28,Não Convertido,,0.0,Conservador,Aruba
19546,Orgânico,2023-07-29,Não Convertido,,0.0,Conservador,Gibraltar
19547,YouTube Ads,2023-07-26,Não Convertido,,0.0,Moderado,Anguilla
19548,E-mail Marketing,2023-07-24,Não Convertido,,0.0,Moderado,Bahrain
19549,WhatsApp,2023-07-27,Não Convertido,,0.0,Moderado,Cuba
19550,Instagram,2023-07-28,Não Convertido,,0.0,Moderado,Guyana
19551,Orgânico,2023-07-24,Não Convertido,,0.0,Moderado,Wallis and Futuna
19552,WhatsApp,2023-07-24,Não Convertido,,0.0,Moderado,United Arab Emirates
19553,WhatsApp,2023-07-27,Não Convertido,,0.0,Agressivo,Tanzania
19554,Instagram,2023-07-26,Não Convertido,,0.0,Agressivo,Central African Republic
19555,Orgânico,2023-07-27,Não Convertido,,0.0,Agressivo,Sweden
19556,Google Ads,2023-07-28,Não Convertido,,0.0,Conservador,Cyprus
19557,Orgânico,2023-07-28,Não Convertido,,0.0,Desconhecido,British Indian Ocean Territory (Chagos Archipelago)
19558,E-mail Marketing,2023-07-24,Não Convertido,,0.0,Desconhecido,Mauritius
19559,TikTok,2023-07-24,Não Convertido,,0.0,Conservador,Brazil
19560,E-mail Marketing,2023-07-26,Não Convertido,,0.0,Conservador,Comoros
19561,Instagram,2023-07-25,Não Convertido,,0.0,Moderado,Togo
19562,Orgânico,2023-07-24,Não Convertido,,0.0,Conservador,Saint Vincent and the Grenadines
19563,Instagram,2023-07-28,Não Convertido,,0.0,Conservador,Slovenia
19564,Orgânico,2023-07-25,Não Convertido,,0.0,Moderado,Croatia
19565,Facebook,2023-07-26,Não Convertido,,0.0,Conservador,Seychelles
19566,Indicação,2023-07-29,Não Convertido,,0.0,Agressivo,Zambia
19567,WhatsApp,2023-07-29,Não Convertido,,0.0,Agressivo,Guinea-Bissau
19568,Instagram,2023-07-25,Não Convertido,,0.0,Conservador,Liechtenstein
19569,Orgânico,2023-07-24,Não Convertido,,0.0,Agressivo,French Polynesia
19570,Indicação,2023-07-27,Não Convertido,,0.0,Agressivo,France
19571,Orgânico,2023-07-28,Não Convertido,,0.0,Moderado,El Salvador
19572,E-mail Marketing,2023-07-24,Não Convertido,,0.0,Agressivo,Czech Republic
19573,WhatsApp,2023-07-26,Não Convertido,,0.0,Moderado,Bulgaria
19574,Instagram,2023-07-26,Não Convertido,,0.0,Moderado,Micronesia
19575,E-mail Marketing,2023-07-29,Não Convertido,,0.0,Moderado,Kazakhstan
19576,Indicação,2023-07-24,Não Convertido,,0.0,Moderado,Chad
19577,Facebook,2023-07-29,Não Convertido,,0.0,Agressivo,Mongolia
19578,Instagram,2023-07-24,Não Convertido,,0.0,Agressivo,Venezuela
19579,Instagram,2023-07-26,Não Convertido,,0.0,Agressivo,Denmark
19580,TikTok,2023-07-28,Não Convertido,,0.0,Agressivo,French Polynesia
19581,Orgânico,2023-07-27,Não Convertido,,0.0,Moderado,Bahamas
19582,Orgânico,2023-07-26,Não Convertido,,0.0,Moderado,Philippines
19583,E-mail Marketing,2023-07-26,Não Convertido,,0.0,Agressivo,San Marino
19584,Google Ads,2023-07-24,Não Convertido,,0.0,Moderado,Monaco
19585,YouTube Ads,2023-07-26,Não Convertido,,0.0,Agressivo,Bahamas
19586,Facebook,2023-07-25,Não Convertido,,0.0,Agressivo,Romania
19587,E-mail Marketing,2023-07-25,Não Convertido,,0.0,Moderado,Chad
19588,E-mail Marketing,2023-07-24,Não Convertido,,0.0,Agressivo,Botswana
19589,YouTube Ads,2023-07-25,Não Convertido,,0.0,Agressivo,Georgia
19590,E-mail Marketing,2023-07-24,Não Convertido,,0.0,Agressivo,Guatemala
19591,E-mail Marketing,2023-07-25,Não Convertido,,0.0,Moderado,Hong Kong
19592,Instagram,2023-07-26,Não Convertido,,0.0,Desconhecido,Equatorial Guinea
19593,Orgânico,2023-07-26,Não Convertido,,0.0,Moderado,Luxembourg
19594,Google Ads,2023-07-24,Não Convertido,,0.0,Moderado,United States Minor Outlying Islands
19595,TikTok,2023-07-25,Não Convertido,,0.0,Moderado,Palestinian Territory
19596,Instagram,2023-07-29,Não Convertido,,0.0,Moderado,Netherlands Antilles
19597,Orgânico,2023-07-25,Não Convertido,,0.0,Conservador,Kiribati
19598,Facebook,2023-07-26,Não Convertido,,0.0,Moderado,Bhutan
19599,YouTube Ads,2023-07-28,Não Convertido,,0.0,Agressivo,New Caledonia
19600,YouTube Ads,2023-07-28,Não Convertido,,0.0,Conservador,Congo
19601,WhatsApp,2023-07-28,Não Convertido,,0.0,Moderado,Namibia
19602,Instagram,2023-07-27,Não Convertido,,0.0,Conservador,Belize
19603,WhatsApp,2023-07-29,Não Convertido,,0.0,Moderado,Jordan
19604,YouTube Ads,2023-07-25,Não Convertido,,0.0,Moderado,Christmas Island
19605,YouTube Ads,2023-07-28,Convertido,29.0,3285.87,Moderado,Norfolk Island
19606,YouTube Ads,2023-07-29,Não Convertido,,0.0,Agressivo,Togo
19607,Instagram,2023-07-29,Convertido,21.0,74.47,Desconhecido,Philippines
19608,E-mail Marketing,2023-07-29,Não Convertido,,0.0,Agressivo,Jordan
19609,E-mail Marketing,2023-07-26,Não Convertido,,0.0,Moderado,Georgia
19610,TikTok,2023-07-27,Não Convertido,,0.0,Desconhecido,Poland
19611,WhatsApp,2023-07-25,Não Convertido,,0.0,Moderado,Congo
19612,Instagram,2023-07-29,Não Convertido,,0.0,Agressivo,Burundi
19613,WhatsApp,2023-07-25,Não Convertido,,0.0,Moderado,Thailand
19614,Orgânico,2023-07-27,Não Convertido,,0.0,Moderado,Guinea-Bissau
19615,YouTube Ads,2023-07-24,Não Convertido,,0.0,Conservador,Ireland
19616,Facebook,2023-07-25,Não Convertido,,0.0,Conservador,Hungary
19617,Orgânico,2023-07-28,Não Convertido,,0.0,Desconhecido,Zambia
19618,Indicação,2023-07-25,Não Convertido,,0.0,Conservador,Puerto Rico
19619,YouTube Ads,2023-07-25,Não Convertido,,0.0,Agressivo,Aruba
19620,TikTok,2023-07-25,Não Convertido,,0.0,Desconhecido,Isle of Man
19621,Instagram,2023-07-24,Não Convertido,,0.0,Moderado,Belize
19622,Google Ads,2023-07-26,Não Convertido,,0.0,Desconhecido,Bahrain
19623,E-mail Marketing,2023-07-29,Não Convertido,,0.0,Moderado,Netherlands Antilles
19624,TikTok,2023-07-29,Não Convertido,,0.0,Conservador,Brunei Darussalam
19625,E-mail Marketing,2023-07-26,Não Convertido,,0.0,Agressivo,Cambodia
19626,Instagram,2023-07-25,Não Convertido,,0.0,Moderado,Russian Federation
19627,Indicação,2023-07-25,Não Convertido,,0.0,Moderado,United States of America
19628,Orgânico,2023-07-29,Não Convertido,,0.0,Agressivo,Central African Republic
19629,Indicação,2023-07-26,Não Convertido,,0.0,Moderado,China
19630,Orgânico,2023-07-28,Não Convertido,,0.0,Conservador,Micronesia
19631,Orgânico,2023-07-25,Não Convertido,,0.0,Agressivo,Mauritius
19632,Orgânico,2023-07-24,Não Convertido,,0.0,Conservador,Malta
19633,Orgânico,2023-07-27,Não Convertido,,0.0,Conservador,Azerbaijan
19634,Instagram,2023-07-28,Não Convertido,,0.0,Moderado,Cyprus
19635,Orgânico,2023-07-28,Não Convertido,,0.0,Conservador,Namibia
19636,Facebook,2023-07-26,Não Convertido,,0.0,Agressivo,Samoa
19637,Orgânico,2023-07-28,Não Convertido,,0.0,Agressivo,Jersey
19638,Orgânico,2023-07-26,Não Convertido,,0.0,Agressivo,Jersey
19639,Facebook,2023-07-29,Não Convertido,,0.0,Moderado,Congo
19640,E-mail Marketing,2023-07-25,Não Convertido,,0.0,Agressivo,Angola
19641,Instagram,2023-07-26,Não Convertido,,0.0,Moderado,Israel
19642,Facebook,2023-07-29,Não Convertido,,0.0,Agressivo,Mayotte
19643,Orgânico,2023-07-29,Não Convertido,,0.0,Agressivo,Saint Helena
19644,Google Ads,2023-07-27,Não Convertido,,0.0,Conservador,Reunion
19645,TikTok,2023-07-29,Não Convertido,,0.0,Moderado,Palau
19646,Orgânico,2023-07-27,Não Convertido,,0.0,Agressivo,Serbia
19647,E-mail Marketing,2023-07-24,Não Convertido,,0.0,Agressivo,Slovakia (Slovak Republic)
19648,YouTube Ads,2023-07-29,Não Convertido,,0.0,Agressivo,Italy
19649,Instagram,2023-07-29,Não Convertido,,0.0,Moderado,Palau
19650,Instagram,2023-07-28,Não Convertido,,0.0,Agressivo,Afghanistan
19651,TikTok,2023-07-29,Não Convertido,,0.0,Agressivo,Uruguay
19652,TikTok,2023-07-26,Não Convertido,,0.0,Agressivo,Switzerland
19653,Orgânico,2023-07-26,Não Convertido,,0.0,Desconhecido,Antarctica (the territory South of 60 deg S)
19654,E-mail Marketing,2023-07-27,Não Convertido,,0.0,Agressivo,Uganda
19655,Instagram,2023-07-28,Não Convertido,,0.0,Conservador,South Georgia and the South Sandwich Islands
19656,Instagram,2023-07-29,Não Convertido,,0.0,Moderado,Fiji
19657,Instagram,2023-07-24,Não Convertido,,0.0,Conservador,Namibia
19658,TikTok,2023-07-27,Não Convertido,,0.0,Conservador,Australia
19659,Google Ads,2023-07-25,Não Convertido,,0.0,Desconhecido,Andorra
19660,TikTok,2023-07-25,Não Convertido,,0.0,Moderado,Northern Mariana Islands
19661,Indicação,2023-07-29,Não Convertido,,0.0,Desconhecido,Bolivia
19662,YouTube Ads,2023-07-27,Não Convertido,,0.0,Moderado,French Polynesia
19663,TikTok,2023-07-29,Não Convertido,,0.0,Moderado,Russian Federation
19664,YouTube Ads,2023-07-28,Não Convertido,,0.0,Agressivo,San Marino
19665,TikTok,2023-07-27,Não Convertido,,0.0,Conservador,Slovenia
19666,Instagram,2023-07-28,Não Convertido,,0.0,Agressivo,Saint Lucia
19667,Orgânico,2023-07-26,Não Convertido,,0.0,Moderado,Guinea-Bissau
19668,Google Ads,2023-07-24,Não Convertido,,0.0,Conservador,Swaziland
19669,Orgânico,2023-07-24,Não Convertido,,0.0,Moderado,British Virgin Islands
19670,YouTube Ads,2023-07-26,Não Convertido,,0.0,Moderado,Anguilla
19671,Orgânico,2023-07-25,Não Convertido,,0.0,Agressivo,Nigeria
19672,E-mail Marketing,2023-07-24,Não Convertido,,0.0,Moderado,Chile
19673,Instagram,2023-07-24,Não Convertido,,0.0,Desconhecido,Angola
19674,TikTok,2023-07-24,Não Convertido,,0.0,Agressivo,El Salvador
19675,YouTube Ads,2023-07-24,Não Convertido,,0.0,Desconhecido,Nepal
19676,TikTok,2023-07-26,Não Convertido,,0.0,Moderado,Netherlands
19677,Facebook,2023-07-29,Não Convertido,,0.0,Moderado,Libyan Arab Jamahiriya
19678,Facebook,2023-07-24,Não Convertido,,0.0,Conservador,Antigua and Barbuda
19679,Facebook,2023-07-27,Não Convertido,,0.0,Agressivo,Haiti
19680,YouTube Ads,2023-07-26,Não Convertido,,0.0,Conservador,Poland
19681,TikTok,2023-07-26,Não Convertido,,0.0,Desconhecido,Belize
19682,Facebook,2023-07-28,Não Convertido,,0.0,Agressivo,Cambodia
19683,Instagram,2023-07-25,Não Convertido,,0.0,Moderado,Indonesia
19684,TikTok,2023-07-25,Não Convertido,,0.0,Agressivo,Dominica
19685,Orgânico,2023-07-28,Não Convertido,,0.0,Conservador,Estonia
19686,E-mail Marketing,2023-07-25,Não Convertido,,0.0,Agressivo,Reunion
19687,WhatsApp,2023-07-29,Não Convertido,,0.0,Agressivo,United Arab Emirates
19688,E-mail Marketing,2023-07-26,Não Convertido,,0.0,Moderado,Greenland
19689,TikTok,2023-07-25,Não Convertido,,0.0,Moderado,Palau
19690,Instagram,2023-07-29,Não Convertido,,0.0,Agressivo,Montserrat
19691,TikTok,2023-07-26,Não Convertido,,0.0,Agressivo,Sri Lanka
19692,Instagram,2023-07-25,Não Convertido,,0.0,Agressivo,Faroe Islands
19693,YouTube Ads,2023-07-27,Não Convertido,,0.0,Moderado,Guinea
19694,TikTok,2023-07-29,Não Convertido,,0.0,Agressivo,Netherlands Antilles
19695,YouTube Ads,2023-07-29,Convertido,7.0,2165.12,Conservador,Cook Islands
19696,YouTube Ads,2023-07-27,Não Convertido,,0.0,Conservador,Venezuela
19697,TikTok,2023-07-28,Não Convertido,,0.0,Moderado,Micronesia
19698,Orgânico,2023-07-27,Não Convertido,,0.0,Moderado,French Polynesia
19699,Facebook,2023-07-28,Não Convertido,,0.0,Conservador,Guatemala
19700,TikTok,2023-07-27,Não Convertido,,0.0,Moderado,New Zealand
19701,E-mail Marketing,2023-07-27,Não Convertido,,0.0,Agressivo,Palau
19702,Orgânico,2023-07-26,Não Convertido,,0.0,Desconhecido,Norway
19703,WhatsApp,2023-07-29,Não Convertido,,0.0,Conservador,Macao
19704,YouTube Ads,2023-07-24,Não Convertido,,0.0,Conservador,Grenada
19705,Facebook,2023-07-25,Não Convertido,,0.0,Agressivo,United Kingdom
19706,Instagram,2023-07-24,Não Convertido,,0.0,Agressivo,Iraq
19707,Orgânico,2023-07-28,Não Convertido,,0.0,Desconhecido,United States Minor Outlying Islands
19708,E-mail Marketing,2023-07-26,Não Convertido,,0.0,Moderado,Northern Mariana Islands
19709,WhatsApp,2023-07-28,Não Convertido,,0.0,Agressivo,Saint Kitts and Nevis
19710,TikTok,2023-07-25,Não Convertido,,0.0,Conservador,French Guiana
19711,Facebook,2023-07-26,Não Convertido,,0.0,Conservador,United Kingdom
19712,Orgânico,2023-07-25,Não Convertido,,0.0,Moderado,Latvia
19713,Orgânico,2023-07-24,Não Convertido,,0.0,Agressivo,Zambia
19714,Orgânico,2023-07-27,Não Convertido,,0.0,Conservador,Greenland
19715,Orgânico,2023-07-25,Não Convertido,,0.0,Agressivo,Heard Island and McDonald Islands
19716,Facebook,2023-07-28,Não Convertido,,0.0,Conservador,Saint Barthelemy
19717,YouTube Ads,2023-07-27,Não Convertido,,0.0,Conservador,Libyan Arab Jamahiriya
19718,Indicação,2023-07-26,Não Convertido,,0.0,Agressivo,Eritrea
19719,Orgânico,2023-07-27,Não Convertido,,0.0,Moderado,Saint Martin
19720,TikTok,2023-07-25,Não Convertido,,0.0,Moderado,Qatar
19721,Instagram,2023-07-26,Não Convertido,,0.0,Moderado,Ecuador
19722,TikTok,2023-07-29,Não Convertido,,0.0,Agressivo,Turkmenistan
19723,Facebook,2023-07-24,Não Convertido,,0.0,Agressivo,Vietnam
19724,Instagram,2023-07-29,Não Convertido,,0.0,Moderado,Eritrea
19725,TikTok,2023-07-25,Não Convertido,,0.0,Moderado,Saudi Arabia
19726,Facebook,2023-07-29,Não Convertido,,0.0,Agressivo,Antigua and Barbuda
19727,TikTok,2023-07-26,Não Convertido,,0.0,Conservador,Iran
19728,Google Ads,2023-07-27,Não Convertido,,0.0,Moderado,Norway
19729,YouTube Ads,2023-07-28,Não Convertido,,0.0,Moderado,Dominican Republic
19730,YouTube Ads,2023-07-25,Não Convertido,,0.0,Conservador,Azerbaijan
19731,WhatsApp,2023-07-27,Não Convertido,,0.0,Conservador,Norway
19732,TikTok,2023-07-25,Não Convertido,,0.0,Moderado,Tuvalu
19733,Orgânico,2023-07-28,Não Convertido,,0.0,Moderado,Zimbabwe
19734,TikTok,2023-07-28,Não Convertido,,0.0,Moderado,Chile
19735,Orgânico,2023-07-24,Não Convertido,,0.0,Agressivo,Dominica
19736,YouTube Ads,2023-07-29,Não Convertido,,0.0,Moderado,Isle of Man
19737,Orgânico,2023-07-27,Não Convertido,,0.0,Agressivo,Gambia
19738,Instagram,2023-07-24,Não Convertido,,0.0,Agressivo,Guinea-Bissau
19739,Instagram,2023-07-28,Não Convertido,,0.0,Moderado,Indonesia
19740,Orgânico,2023-07-25,Não Convertido,,0.0,Moderado,Kuwait
19741,Google Ads,2023-07-26,Não Convertido,,0.0,Conservador,Andorra
19742,Facebook,2023-07-28,Não Convertido,,0.0,Moderado,Congo
19743,Instagram,2023-07-25,Não Convertido,,0.0,Moderado,Faroe Islands
19744,Instagram,2023-07-27,Não Convertido,,0.0,Moderado,Djibouti
19745,Google Ads,2023-07-27,Não Convertido,,0.0,Conservador,Bouvet Island (Bouvetoya)
19746,Instagram,2023-07-27,Não Convertido,,0.0,Conservador,Puerto Rico
19747,Google Ads,2023-07-26,Não Convertido,,0.0,Moderado,Bouvet Island (Bouvetoya)
19748,Google Ads,2023-07-28,Não Convertido,,0.0,Moderado,Bosnia and Herzegovina
19749,Facebook,2023-07-26,Não Convertido,,0.0,Conservador,Angola
19750,YouTube Ads,2023-07-25,Não Convertido,,0.0,Conservador,Comoros
19751,Instagram,2023-07-24,Não Convertido,,0.0,Agressivo,Portugal
19752,TikTok,2023-07-29,Não Convertido,,0.0,Moderado,British Virgin Islands
19753,Facebook,2023-07-24,Não Convertido,,0.0,Conservador,Falkland Islands (Malvinas)
19754,Orgânico,2023-07-29,Não Convertido,,0.0,Moderado,Turkmenistan
19755,Orgânico,2023-07-27,Não Convertido,,0.0,Agressivo,Saudi Arabia
19756,Instagram,2023-07-28,Não Convertido,,0.0,Moderado,Germany
19757,YouTube Ads,2023-07-28,Não Convertido,,0.0,Moderado,New Zealand
19758,TikTok,2023-07-24,Não Convertido,,0.0,Agressivo,Panama
19759,Orgânico,2023-07-27,Não Convertido,,0.0,Conservador,Nauru
19760,E-mail Marketing,2023-07-28,Não Convertido,,0.0,Conservador,United States Virgin Islands
19761,Google Ads,2023-07-24,Não Convertido,,0.0,Moderado,Belarus
19762,TikTok,2023-07-29,Não Convertido,,0.0,Conservador,Burkina Faso
19763,WhatsApp,2023-07-25,Não Convertido,,0.0,Conservador,Morocco
19764,Facebook,2023-07-29,Não Convertido,,0.0,Agressivo,Equatorial Guinea
19765,Orgânico,2023-07-27,Não Convertido,,0.0,Moderado,Honduras
19766,TikTok,2023-07-27,Não Convertido,,0.0,Agressivo,Mayotte
19767,Facebook,2023-07-29,Não Convertido,,0.0,Conservador,Vietnam
19768,Indicação,2023-07-29,Não Convertido,,0.0,Moderado,Rwanda
19769,Google Ads,2023-07-29,Não Convertido,,0.0,Agressivo,Uzbekistan
19770,Orgânico,2023-07-24,Não Convertido,,0.0,Agressivo,Portugal
19771,TikTok,2023-07-28,Não Convertido,,0.0,Agressivo,Canada
19772,Instagram,2023-07-24,Não Convertido,,0.0,Desconhecido,Syrian Arab Republic
19773,E-mail Marketing,2023-07-28,Não Convertido,,0.0,Agressivo,Turks and Caicos Islands
19774,Orgânico,2023-07-26,Não Convertido,,0.0,Conservador,Anguilla
19775,Facebook,2023-07-27,Não Convertido,,0.0,Agressivo,Isle of Man
19776,Facebook,2023-07-27,Não Convertido,,0.0,Agressivo,Colombia
19777,Orgânico,2023-07-27,Não Convertido,,0.0,Conservador,Holy See (Vatican City State)
19778,Google Ads,2023-07-26,Não Convertido,,0.0,Moderado,Mauritius
19779,Orgânico,2023-07-24,Não Convertido,,0.0,Moderado,Tunisia
19780,Orgânico,2023-07-24,Convertido,18.0,8628.61,Agressivo,Norfolk Island
19781,Instagram,2023-07-28,Não Convertido,,0.0,Moderado,Niue
19782,WhatsApp,2023-07-27,Não Convertido,,0.0,Moderado,Uganda
19783,E-mail Marketing,2023-07-24,Não Convertido,,0.0,Moderado,Lao People's Democratic Republic
19784,Orgânico,2023-07-27,Não Convertido,,0.0,Agressivo,Burkina Faso
19785,E-mail Marketing,2023-07-27,Não Convertido,,0.0,Agressivo,Bosnia and Herzegovina
19786,YouTube Ads,2023-07-25,Não Convertido,,0.0,Desconhecido,Bosnia and Herzegovina
19787,WhatsApp,2023-07-28,Não Convertido,,0.0,Agressivo,Iran
19788,Instagram,2023-07-29,Não Convertido,,0.0,Agressivo,Faroe Islands
19789,TikTok,2023-07-27,Não Convertido,,0.0,Moderado,Spain
19790,Facebook,2023-07-25,Não Convertido,,0.0,Agressivo,Monaco
19791,TikTok,2023-07-29,Não Convertido,,0.0,Moderado,French Guiana
19792,TikTok,2023-07-26,Não Convertido,,0.0,Conservador,Nicaragua
19793,Google Ads,2023-07-25,Não Convertido,,0.0,Moderado,Saint Vincent and the Grenadines
19794,TikTok,2023-07-24,Não Convertido,,0.0,Agressivo,Uzbekistan
19795,Instagram,2023-07-29,Convertido,14.0,6978.15,Moderado,Slovenia
19796,Google Ads,2023-07-29,Não Convertido,,0.0,Desconhecido,Malaysia
19797,Orgânico,2023-07-24,Não Convertido,,0.0,Desconhecido,Netherlands Antilles
19798,YouTube Ads,2023-07-29,Não Convertido,,0.0,Conservador,Ecuador
19799,WhatsApp,2023-07-26,Não Convertido,,0.0,Conservador,Guinea
19800,Orgânico,2023-07-24,Não Convertido,,0.0,Agressivo,Cameroon
19801,Google Ads,2023-07-24,Não Convertido,,0.0,Moderado,Estonia
19802,TikTok,2023-07-29,Não Convertido,,0.0,Desconhecido,Hong Kong
19803,E-mail Marketing,2023-07-28,Não Convertido,,0.0,Moderado,French Southern Territories
19804,Google Ads,2023-07-25,Não Convertido,,0.0,Moderado,Liechtenstein
19805,Orgânico,2023-07-26,Não Convertido,,0.0,Moderado,Anguilla
19806,Instagram,2023-07-27,Não Convertido,,0.0,Moderado,India
19807,Indicação,2023-07-24,Não Convertido,,0.0,Agressivo,Cocos (Keeling) Islands
19808,Instagram,2023-07-28,Não Convertido,,0.0,Conservador,Montserrat
19809,Indicação,2023-07-25,Não Convertido,,0.0,Conservador,Iraq
19810,E-mail Marketing,2023-07-28,Não Convertido,,0.0,Moderado,Greenland
19811,Orgânico,2023-07-29,Não Convertido,,0.0,Moderado,Micronesia
19812,Instagram,2023-07-26,Não Convertido,,0.0,Moderado,Singapore
19813,Facebook,2023-07-24,Não Convertido,,0.0,Conservador,Wallis and Futuna
19814,Google Ads,2023-07-28,Não Convertido,,0.0,Moderado,American Samoa
19815,Instagram,2023-07-29,Não Convertido,,0.0,Moderado,Cameroon
19816,Orgânico,2023-07-27,Não Convertido,,0.0,Agressivo,Somalia
19817,TikTok,2023-07-26,Não Convertido,,0.0,Agressivo,Cocos (Keeling) Islands
19818,Facebook,2023-07-29,Não Convertido,,0.0,Moderado,French Guiana
19819,Orgânico,2023-07-29,Não Convertido,,0.0,Moderado,United Kingdom
19820,Instagram,2023-07-29,Não Convertido,,0.0,Moderado,Nicaragua
19821,Instagram,2023-07-26,Não Convertido,,0.0,Conservador,Zimbabwe
19822,Facebook,2023-07-26,Não Convertido,,0.0,Moderado,South Georgia and the South Sandwich Islands
19823,Instagram,2023-07-27,Não Convertido,,0.0,Moderado,Bolivia
19824,WhatsApp,2023-07-29,Não Convertido,,0.0,Agressivo,Bahrain
19825,Instagram,2023-07-26,Não Convertido,,0.0,Moderado,Georgia
19826,Instagram,2023-07-24,Não Convertido,,0.0,Conservador,Portugal
19827,WhatsApp,2023-07-28,Não Convertido,,0.0,Moderado,Nauru
19828,WhatsApp,2023-07-27,Não Convertido,,0.0,Desconhecido,Albania
19829,TikTok,2023-07-25,Não Convertido,,0.0,Conservador,Montserrat
19830,Facebook,2023-07-26,Não Convertido,,0.0,Agressivo,Sri Lanka
19831,TikTok,2023-07-26,Não Convertido,,0.0,Agressivo,Finland
19832,Google Ads,2023-07-28,Não Convertido,,0.0,Desconhecido,South Africa
19833,TikTok,2023-07-26,Não Convertido,,0.0,Moderado,Finland
19834,Facebook,2023-07-29,Não Convertido,,0.0,Conservador,South Georgia and the South Sandwich Islands
19835,E-mail Marketing,2023-07-27,Não Convertido,,0.0,Moderado,Madagascar
19836,WhatsApp,2023-07-24,Não Convertido,,0.0,Agressivo,Tunisia
19837,Orgânico,2023-07-26,Não Convertido,,0.0,Moderado,Central African Republic
19838,WhatsApp,2023-07-24,Não Convertido,,0.0,Agressivo,Bangladesh
19839,WhatsApp,2023-07-29,Não Convertido,,0.0,Agressivo,Brunei Darussalam
19840,TikTok,2023-07-25,Não Convertido,,0.0,Moderado,Holy See (Vatican City State)
19841,Instagram,2023-07-24,Não Convertido,,0.0,Conservador,Brunei Darussalam
19842,E-mail Marketing,2023-07-28,Não Convertido,,0.0,Moderado,United Kingdom
19843,E-mail Marketing,2023-07-25,Não Convertido,,0.0,Desconhecido,Saint Vincent and the Grenadines
19844,Orgânico,2023-07-26,Não Convertido,,0.0,Moderado,Malawi
19845,Google Ads,2023-07-27,Não Convertido,,0.0,Moderado,Chile
19846,Google Ads,2023-07-28,Não Convertido,,0.0,Desconhecido,Djibouti
19847,TikTok,2023-07-27,Não Convertido,,0.0,Agressivo,Cameroon
19848,Indicação,2023-07-29,Não Convertido,,0.0,Moderado,Guatemala
19849,Facebook,2023-07-27,Não Convertido,,0.0,Conservador,Liberia
19850,Orgânico,2023-07-26,Não Convertido,,0.0,Moderado,Denmark
19851,Facebook,2023-07-29,Não Convertido,,0.0,Desconhecido,Angola
19852,Indicação,2023-07-24,Não Convertido,,0.0,Desconhecido,Bahamas
19853,Instagram,2023-07-24,Não Convertido,,0.0,Moderado,Vanuatu
19854,YouTube Ads,2023-07-28,Não Convertido,,0.0,Agressivo,Chile
19855,Orgânico,2023-07-26,Não Convertido,,0.0,Agressivo,Jamaica
19856,Instagram,2023-07-28,Não Convertido,,0.0,Moderado,Montenegro
19857,Instagram,2023-07-27,Não Convertido,,0.0,Conservador,Moldova
19858,WhatsApp,2023-07-26,Não Convertido,,0.0,Moderado,Afghanistan
19859,WhatsApp,2023-07-29,Não Convertido,,0.0,Agressivo,Iceland
19860,Facebook,2023-07-28,Não Convertido,,0.0,Agressivo,Bahrain
19861,Facebook,2023-07-26,Não Convertido,,0.0,Moderado,United States Minor Outlying Islands
19862,Instagram,2023-07-29,Não Convertido,,0.0,Conservador,Saudi Arabia
19863,WhatsApp,2023-07-29,Não Convertido,,0.0,Moderado,Fiji
19864,WhatsApp,2023-07-28,Não Convertido,,0.0,Agressivo,Uruguay
19865,Google Ads,2023-07-24,Não Convertido,,0.0,Moderado,Cocos (Keeling) Islands
19866,Instagram,2023-07-28,Não Convertido,,0.0,Moderado,Cuba
19867,Google Ads,2023-07-27,Não Convertido,,0.0,Moderado,Dominica
19868,E-mail Marketing,2023-07-27,Não Convertido,,0.0,Desconhecido,Ireland
19869,Google Ads,2023-07-29,Não Convertido,,0.0,Moderado,Saint Martin
19870,Instagram,2023-07-24,Não Convertido,,0.0,Moderado,Lebanon
19871,Instagram,2023-07-27,Não Convertido,,0.0,Moderado,Greece
19872,Orgânico,2023-07-29,Não Convertido,,0.0,Agressivo,Palau
19873,Facebook,2023-07-29,Não Convertido,,0.0,Moderado,Chile
19874,E-mail Marketing,2023-07-28,Não Convertido,,0.0,Moderado,Gabon
19875,Facebook,2023-07-28,Não Convertido,,0.0,Conservador,Azerbaijan
19876,Google Ads,2023-07-25,Não Convertido,,0.0,Agressivo,Botswana
19877,E-mail Marketing,2023-07-27,Não Convertido,,0.0,Agressivo,China
19878,E-mail Marketing,2023-07-24,Não Convertido,,0.0,Conservador,Albania
19879,WhatsApp,2023-07-24,Não Convertido,,0.0,Conservador,Lebanon
19880,E-mail Marketing,2023-07-29,Não Convertido,,0.0,Agressivo,Isle of Man
19881,Instagram,2023-07-25,Não Convertido,,0.0,Conservador,Bermuda
19882,TikTok,2023-07-25,Convertido,5.0,7169.52,Agressivo,Korea
19883,Instagram,2023-07-29,Não Convertido,,0.0,Moderado,Eritrea
19884,Orgânico,2023-07-29,Não Convertido,,0.0,Moderado,Guinea
19885,YouTube Ads,2023-07-29,Não Convertido,,0.0,Moderado,Antigua and Barbuda
19886,Google Ads,2023-07-26,Não Convertido,,0.0,Moderado,Latvia
19887,Orgânico,2023-07-26,Não Convertido,,0.0,Moderado,Ukraine
19888,TikTok,2023-07-26,Não Convertido,,0.0,Moderado,Estonia
19889,Google Ads,2023-07-28,Não Convertido,,0.0,Moderado,Grenada
19890,Facebook,2023-07-27,Não Convertido,,0.0,Moderado,Bhutan
19891,Instagram,2023-07-26,Não Convertido,,0.0,Agressivo,Philippines
19892,WhatsApp,2023-07-26,Não Convertido,,0.0,Desconhecido,Montserrat
19893,Google Ads,2023-07-26,Não Convertido,,0.0,Moderado,Turkey
19894,Facebook,2023-07-29,Não Convertido,,0.0,Agressivo,Sweden
19895,WhatsApp,2023-07-28,Não Convertido,,0.0,Desconhecido,Singapore
19896,Facebook,2023-07-29,Convertido,18.0,4020.41,Moderado,Pitcairn Islands
19897,E-mail Marketing,2023-07-29,Não Convertido,,0.0,Moderado,Canada
19898,Facebook,2023-07-25,Não Convertido,,0.0,Conservador,Austria
19899,YouTube Ads,2023-07-27,Não Convertido,,0.0,Agressivo,American Samoa
19900,E-mail Marketing,2023-07-28,Não Convertido,,0.0,Agressivo,Saint Barthelemy
19901,WhatsApp,2023-07-25,Não Convertido,,0.0,Desconhecido,Paraguay
19902,Facebook,2023-07-29,Não Convertido,,0.0,Moderado,Niue
19903,Orgânico,2023-07-26,Não Convertido,,0.0,Moderado,Namibia
19904,Google Ads,2023-07-27,Não Convertido,,0.0,Moderado,Malta
19905,Facebook,2023-07-28,Não Convertido,,0.0,Moderado,Martinique
19906,WhatsApp,2023-07-26,Não Convertido,,0.0,Moderado,Slovenia
19907,Facebook,2023-07-26,Não Convertido,,0.0,Desconhecido,Cape Verde
19908,E-mail Marketing,2023-07-25,Não Convertido,,0.0,Moderado,Eritrea
19909,Google Ads,2023-07-26,Não Convertido,,0.0,Agressivo,Turks and Caicos Islands
19910,TikTok,2023-07-28,Não Convertido,,0.0,Moderado,Guam
19911,Instagram,2023-07-28,Não Convertido,,0.0,Moderado,Maldives
19912,Instagram,2023-07-26,Não Convertido,,0.0,Agressivo,Malta
19913,WhatsApp,2023-07-28,Não Convertido,,0.0,Desconhecido,Zambia
19914,Instagram,2023-07-27,Não Convertido,,0.0,Desconhecido,Nepal
19915,Orgânico,2023-07-29,Não Convertido,,0.0,Moderado,Antarctica (the territory South of 60 deg S)
19916,Google Ads,2023-07-26,Não Convertido,,0.0,Moderado,Guadeloupe
19917,WhatsApp,2023-07-28,Não Convertido,,0.0,Desconhecido,Isle of Man
19918,Instagram,2023-07-29,Não Convertido,,0.0,Desconhecido,Belarus
19919,Orgânico,2023-07-24,Não Convertido,,0.0,Conservador,French Southern Territories
19920,WhatsApp,2023-07-29,Não Convertido,,0.0,Moderado,Tokelau
19921,YouTube Ads,2023-07-24,Não Convertido,,0.0,Desconhecido,Serbia
19922,YouTube Ads,2023-07-25,Não Convertido,,0.0,Agressivo,Somalia
19923,Facebook,2023-07-25,Não Convertido,,0.0,Agressivo,Grenada
19924,Instagram,2023-07-25,Não Convertido,,0.0,Moderado,Korea
19925,Orgânico,2023-07-25,Não Convertido,,0.0,Conservador,Ecuador
19926,Orgânico,2023-07-29,Não Convertido,,0.0,Agressivo,Mozambique
19927,Orgânico,2023-07-25,Não Convertido,,0.0,Agressivo,Antarctica (the territory South of 60 deg S)
19928,E-mail Marketing,2023-07-26,Não Convertido,,0.0,Agressivo,Kazakhstan
19929,Orgânico,2023-07-25,Não Convertido,,0.0,Desconhecido,Latvia
19930,Facebook,2023-07-29,Não Convertido,,0.0,Moderado,Switzerland
19931,Google Ads,2023-07-29,Não Convertido,,0.0,Moderado,Bhutan
19932,Instagram,2023-07-26,Não Convertido,,0.0,Conservador,Maldives
19933,Facebook,2023-07-25,Não Convertido,,0.0,Moderado,Burkina Faso
19934,WhatsApp,2023-07-27,Não Convertido,,0.0,Moderado,Austria
19935,Instagram,2023-07-25,Não Convertido,,0.0,Moderado,Liechtenstein
19936,Instagram,2023-07-27,Não Convertido,,0.0,Moderado,Tanzania
19937,Indicação,2023-07-27,Não Convertido,,0.0,Conservador,Saint Martin
19938,WhatsApp,2023-07-25,Não Convertido,,0.0,Conservador,Ethiopia
19939,Instagram,2023-07-27,Não Convertido,,0.0,Moderado,Aruba
19940,Google Ads,2023-07-26,Não Convertido,,0.0,Conservador,Qatar
19941,WhatsApp,2023-07-28,Não Convertido,,0.0,Moderado,Cayman Islands
19942,TikTok,2023-07-29,Não Convertido,,0.0,Agressivo,Cayman Islands
19943,Orgânico,2023-07-28,Não Convertido,,0.0,Moderado,Yemen
19944,TikTok,2023-07-24,Convertido,2.0,501.49,Moderado,Dominica
19945,YouTube Ads,2023-07-25,Não Convertido,,0.0,Agressivo,British Virgin Islands
19946,Indicação,2023-07-24,Não Convertido,,0.0,Agressivo,Guinea
19947,Instagram,2023-07-26,Não Convertido,,0.0,Moderado,South Georgia and the South Sandwich Islands
19948,Indicação,2023-07-28,Não Convertido,,0.0,Moderado,Guam
19949,YouTube Ads,2023-07-26,Não Convertido,,0.0,Moderado,Vanuatu
19950,Orgânico,2023-07-27,Não Convertido,,0.0,Conservador,Bolivia
19951,YouTube Ads,2023-07-29,Não Convertido,,0.0,Conservador,Madagascar
19952,TikTok,2023-07-24,Não Convertido,,0.0,Conservador,Qatar
19953,Orgânico,2023-07-24,Não Convertido,,0.0,Conservador,Congo
19954,YouTube Ads,2023-07-29,Não Convertido,,0.0,Moderado,Grenada
19955,Orgânico,2023-07-27,Não Convertido,,0.0,Conservador,Chile
19956,Facebook,2023-07-26,Não Convertido,,0.0,Agressivo,Mayotte
19957,YouTube Ads,2023-07-27,Não Convertido,,0.0,Moderado,Indonesia
19958,WhatsApp,2023-07-27,Não Convertido,,0.0,Moderado,Singapore
19959,E-mail Marketing,2023-07-26,Não Convertido,,0.0,Agressivo,Somalia
19960,WhatsApp,2023-07-26,Não Convertido,,0.0,Agressivo,Italy
19961,E-mail Marketing,2023-07-29,Não Convertido,,0.0,Desconhecido,Madagascar
19962,Orgânico,2023-07-24,Não Convertido,,0.0,Agressivo,Finland
19963,Orgânico,2023-07-26,Não Convertido,,0.0,Agressivo,Egypt
19964,E-mail Marketing,2023-07-25,Não Convertido,,0.0,Desconhecido,Eritrea
19965,Facebook,2023-07-27,Não Convertido,,0.0,Agressivo,San Marino
19966,Instagram,2023-07-29,Convertido,1.0,4958.03,Conservador,Fiji
19967,TikTok,2023-07-26,Não Convertido,,0.0,Agressivo,Turkey
19968,E-mail Marketing,2023-07-25,Não Convertido,,0.0,Moderado,Somalia
19969,Instagram,2023-07-29,Convertido,7.0,4733.64,Desconhecido,Paraguay
19970,Facebook,2023-07-24,Não Convertido,,0.0,Agressivo,Slovenia
19971,Indicação,2023-07-25,Não Convertido,,0.0,Conservador,Senegal
19972,TikTok,2023-07-29,Não Convertido,,0.0,Conservador,Liberia
19973,Orgânico,2023-07-29,Não Convertido,,0.0,Moderado,Swaziland
19974,Instagram,2023-07-29,Não Convertido,,0.0,Moderado,Hong Kong
19975,Indicação,2023-07-26,Não Convertido,,0.0,Moderado,Malaysia
19976,Google Ads,2023-07-29,Não Convertido,,0.0,Agressivo,Timor-Leste
19977,TikTok,2023-07-29,Não Convertido,,0.0,Moderado,Jersey
19978,TikTok,2023-07-29,Não Convertido,,0.0,Desconhecido,Taiwan
19979,Orgânico,2023-07-25,Não Convertido,,0.0,Agressivo,Turks and Caicos Islands
19980,YouTube Ads,2023-07-27,Não Convertido,,0.0,Moderado,Vanuatu
19981,TikTok,2023-07-27,Não Convertido,,0.0,Desconhecido,Syrian Arab Republic
19982,YouTube Ads,2023-07-27,Não Convertido,,0.0,Desconhecido,Montserrat
19983,YouTube Ads,2023-07-24,Não Convertido,,0.0,Moderado,Greenland
19984,Facebook,2023-07-24,Não Convertido,,0.0,Agressivo,Togo
19985,Indicação,2023-07-26,Não Convertido,,0.0,Agressivo,Lao People's Democratic Republic
19986,TikTok,2023-07-26,Não Convertido,,0.0,Moderado,Moldova
19987,WhatsApp,2023-07-27,Não Convertido,,0.0,Moderado,Morocco
19988,TikTok,2023-07-29,Não Convertido,,0.0,Moderado,Korea
19989,TikTok,2023-07-29,Não Convertido,,0.0,Agressivo,Australia
19990,Instagram,2023-07-28,Não Convertido,,0.0,Conservador,Christmas Island
19991,Orgânico,2023-07-25,Não Convertido,,0.0,Moderado,Micronesia
19992,Google Ads,2023-07-28,Não Convertido,,0.0,Agressivo,Uruguay
19993,TikTok,2023-07-24,Não Convertido,,0.0,Moderado,Nicaragua
19994,WhatsApp,2023-07-29,Não Convertido,,0.0,Agressivo,Suriname
19995,YouTube Ads,2023-07-27,Não Convertido,,0.0,Agressivo,Timor-Leste
19996,TikTok,2023-07-29,Não Convertido,,0.0,Moderado,Cuba
19997,Instagram,2023-07-27,Não Convertido,,0.0,Agressivo,Somalia
19998,WhatsApp,2023-07-29,Não Convertido,,0.0,Moderado,Albania
19999,Facebook,2023-07-25,Não Convertido,,0.0,Desconhecido,Kenya
20000,Google Ads,2023-07-26,Não Convertido,,0.0,Moderado,Tunisia
20001,E-mail Marketing,2023-07-24,Não Convertido,,0.0,Agressivo,Japan
20002,Instagram,2023-07-25,Não Convertido,,0.0,Moderado,United Arab Emirates
20003,Google Ads,2023-07-26,Não Convertido,,0.0,Agressivo,Uganda
20004,E-mail Marketing,2023-07-26,Não Convertido,,0.0,Agressivo,Venezuela
20005,Facebook,2023-07-25,Não Convertido,,0.0,Moderado,Malta
20006,WhatsApp,2023-07-24,Não Convertido,,0.0,Conservador,Nauru
20007,TikTok,2023-07-24,Não Convertido,,0.0,Moderado,Vanuatu
20008,Orgânico,2023-07-28,Não Convertido,,0.0,Agressivo,Latvia
20009,Orgânico,2023-07-29,Não Convertido,,0.0,Conservador,Uganda
20010,Google Ads,2023-07-26,Não Convertido,,0.0,Moderado,Isle of Man
20011,Google Ads,2023-07-24,Não Convertido,,0.0,Agressivo,Lesotho
20012,Orgânico,2023-07-24,Convertido,10.0,4746.07,Moderado,Andorra
20013,Instagram,2023-07-27,Não Convertido,,0.0,Conservador,Bulgaria
20014,Orgânico,2023-07-25,Não Convertido,,0.0,Moderado,Syrian Arab Republic
20015,TikTok,2023-07-25,Não Convertido,,0.0,Conservador,South Africa
20016,TikTok,2023-07-29,Não Convertido,,0.0,Moderado,Malawi
20017,YouTube Ads,2023-07-29,Não Convertido,,0.0,Conservador,Panama
20018,Indicação,2023-07-29,Não Convertido,,0.0,Moderado,United Kingdom
20019,Instagram,2023-07-24,Não Convertido,,0.0,Agressivo,Poland
20020,Google Ads,2023-07-27,Não Convertido,,0.0,Agressivo,Poland
20021,Orgânico,2023-07-24,Não Convertido,,0.0,Agressivo,Mozambique
20022,E-mail Marketing,2023-07-29,Não Convertido,,0.0,Moderado,Bolivia
20023,Google Ads,2023-07-26,Não Convertido,,0.0,Agressivo,Tonga
20024,E-mail Marketing,2023-07-24,Não Convertido,,0.0,Moderado,Switzerland
20025,E-mail Marketing,2023-07-28,Não Convertido,,0.0,Moderado,Suriname
20026,Instagram,2023-07-28,Não Convertido,,0.0,Desconhecido,Uruguay
20027,Instagram,2023-07-29,Não Convertido,,0.0,Moderado,Turkmenistan
20028,Orgânico,2023-07-28,Não Convertido,,0.0,Conservador,Croatia
20029,TikTok,2023-07-26,Não Convertido,,0.0,Moderado,Congo
20030,Indicação,2023-07-24,Não Convertido,,0.0,Agressivo,Guatemala
20031,Orgânico,2023-07-29,Não Convertido,,0.0,Agressivo,Tajikistan
20032,Indicação,2023-07-24,Não Convertido,,0.0,Desconhecido,Estonia
20033,E-mail Marketing,2023-07-25,Não Convertido,,0.0,Moderado,Gambia
20034,E-mail Marketing,2023-07-28,Não Convertido,,0.0,Desconhecido,Montenegro
20035,Orgânico,2023-07-27,Não Convertido,,0.0,Agressivo,Somalia
20036,Facebook,2023-07-25,Não Convertido,,0.0,Moderado,Tajikistan
20037,Google Ads,2023-07-27,Não Convertido,,0.0,Moderado,Falkland Islands (Malvinas)
20038,Instagram,2023-07-25,Convertido,12.0,7421.8,Agressivo,Svalbard & Jan Mayen Islands
20039,E-mail Marketing,2023-07-26,Não Convertido,,0.0,Agressivo,Uruguay
20040,TikTok,2023-07-24,Não Convertido,,0.0,Agressivo,Greece
20041,Google Ads,2023-07-27,Não Convertido,,0.0,Conservador,Luxembourg
20042,Instagram,2023-07-24,Não Convertido,,0.0,Moderado,Hong Kong
20043,YouTube Ads,2023-07-24,Não Convertido,,0.0,Moderado,Lesotho
20044,Google Ads,2023-07-29,Não Convertido,,0.0,Conservador,United States Minor Outlying Islands
20045,Orgânico,2023-07-29,Não Convertido,,0.0,Moderado,Namibia
20046,Indicação,2023-07-26,Não Convertido,,0.0,Agressivo,Myanmar
20047,Orgânico,2023-07-27,Não Convertido,,0.0,Moderado,Reunion
20048,E-mail Marketing,2023-07-25,Não Convertido,,0.0,Agressivo,Indonesia
20049,WhatsApp,2023-07-24,Não Convertido,,0.0,Moderado,Iran
20050,TikTok,2023-07-29,Não Convertido,,0.0,Agressivo,Dominica
20051,Instagram,2023-07-27,Não Convertido,,0.0,Conservador,Colombia
20052,E-mail Marketing,2023-07-27,Não Convertido,,0.0,Moderado,Christmas Island
20053,Instagram,2023-07-25,Não Convertido,,0.0,Moderado,Libyan Arab Jamahiriya
20054,YouTube Ads,2023-07-27,Não Convertido,,0.0,Moderado,Kazakhstan
20055,Indicação,2023-07-27,Não Convertido,,0.0,Agressivo,Namibia
20056,Orgânico,2023-07-28,Não Convertido,,0.0,Agressivo,Gambia
20057,WhatsApp,2023-07-27,Não Convertido,,0.0,Moderado,Austria
20058,E-mail Marketing,2023-07-24,Não Convertido,,0.0,Moderado,Martinique
20059,Orgânico,2023-07-29,Não Convertido,,0.0,Agressivo,Mayotte
20060,Instagram,2023-07-24,Não Convertido,,0.0,Moderado,Belgium
20061,E-mail Marketing,2023-07-28,Não Convertido,,0.0,Moderado,French Southern Territories
20062,Orgânico,2023-07-29,Não Convertido,,0.0,Moderado,Austria
20063,Facebook,2023-07-27,Não Convertido,,0.0,Desconhecido,Lesotho
20064,E-mail Marketing,2023-07-26,Não Convertido,,0.0,Desconhecido,Burkina Faso
20065,TikTok,2023-07-27,Não Convertido,,0.0,Moderado,Bouvet Island (Bouvetoya)
20066,Instagram,2023-07-29,Não Convertido,,0.0,Conservador,Belgium
20067,Facebook,2023-07-27,Não Convertido,,0.0,Agressivo,Burkina Faso
20068,Orgânico,2023-07-28,Não Convertido,,0.0,Agressivo,New Zealand
20069,TikTok,2023-07-24,Não Convertido,,0.0,Moderado,Philippines
20070,WhatsApp,2023-07-24,Não Convertido,,0.0,Desconhecido,Uruguay
20071,Orgânico,2023-07-26,Não Convertido,,0.0,Desconhecido,Cote d'Ivoire
20072,Google Ads,2023-07-27,Não Convertido,,0.0,Moderado,South Georgia and the South Sandwich Islands
20073,TikTok,2023-07-29,Não Convertido,,0.0,Conservador,Tuvalu
20074,TikTok,2023-07-29,Não Convertido,,0.0,Conservador,Martinique
20075,WhatsApp,2023-07-28,Não Convertido,,0.0,Conservador,Taiwan
20076,Google Ads,2023-07-26,Não Convertido,,0.0,Moderado,Swaziland
20077,YouTube Ads,2023-07-27,Não Convertido,,0.0,Agressivo,El Salvador
20078,Instagram,2023-07-25,Não Convertido,,0.0,Conservador,Suriname
20079,Instagram,2023-07-24,Não Convertido,,0.0,Moderado,Pitcairn Islands
20080,Facebook,2023-07-25,Não Convertido,,0.0,Agressivo,Mali
20081,Google Ads,2023-07-25,Não Convertido,,0.0,Moderado,Tanzania
20082,Facebook,2023-07-24,Não Convertido,,0.0,Agressivo,Estonia
20083,Orgânico,2023-07-26,Não Convertido,,0.0,Moderado,South Africa
20084,TikTok,2023-07-24,Não Convertido,,0.0,Moderado,Uganda
20085,E-mail Marketing,2023-07-29,Não Convertido,,0.0,Conservador,Norfolk Island
20086,E-mail Marketing,2023-07-26,Não Convertido,,0.0,Agressivo,Saint Lucia
20087,Orgânico,2023-07-29,Não Convertido,,0.0,Agressivo,Gambia
20088,E-mail Marketing,2023-07-24,Não Convertido,,0.0,Agressivo,Brazil
20089,E-mail Marketing,2023-07-24,Não Convertido,,0.0,Agressivo,Ukraine
20090,YouTube Ads,2023-07-26,Não Convertido,,0.0,Moderado,Algeria
20091,Instagram,2023-07-29,Não Convertido,,0.0,Moderado,Cook Islands
20092,TikTok,2023-07-24,Não Convertido,,0.0,Conservador,Montenegro
20093,TikTok,2023-07-28,Não Convertido,,0.0,Desconhecido,Egypt
20094,E-mail Marketing,2023-07-28,Não Convertido,,0.0,Agressivo,Netherlands Antilles
20095,Orgânico,2023-07-26,Convertido,6.0,727.38,Conservador,Tonga
20096,E-mail Marketing,2023-07-27,Não Convertido,,0.0,Agressivo,Yemen
20097,E-mail Marketing,2023-07-24,Não Convertido,,0.0,Moderado,Bangladesh
20098,TikTok,2023-07-25,Não Convertido,,0.0,Agressivo,Angola
20099,Instagram,2023-07-24,Não Convertido,,0.0,Agressivo,Morocco
20100,Google Ads,2023-07-29,Não Convertido,,0.0,Moderado,Tunisia
20101,Instagram,2023-07-24,Não Convertido,,0.0,Moderado,Saudi Arabia
20102,TikTok,2023-07-29,Não Convertido,,0.0,Agressivo,Congo
20103,Orgânico,2023-07-26,Não Convertido,,0.0,Agressivo,Slovakia (Slovak Republic)
20104,Orgânico,2023-07-27,Não Convertido,,0.0,Moderado,Martinique
20105,Orgânico,2023-07-26,Não Convertido,,0.0,Moderado,United Kingdom
20106,Indicação,2023-07-24,Não Convertido,,0.0,Conservador,Kiribati
20107,TikTok,2023-07-29,Não Convertido,,0.0,Desconhecido,Ghana
20108,Instagram,2023-07-25,Não Convertido,,0.0,Agressivo,Jordan
20109,WhatsApp,2023-07-28,Não Convertido,,0.0,Moderado,India
20110,YouTube Ads,2023-07-29,Não Convertido,,0.0,Agressivo,Oman
20111,TikTok,2023-07-29,Não Convertido,,0.0,Conservador,Malta
20112,Indicação,2023-07-27,Não Convertido,,0.0,Conservador,Cape Verde
20113,Facebook,2023-07-24,Não Convertido,,0.0,Moderado,Indonesia
20114,E-mail Marketing,2023-07-24,Não Convertido,,0.0,Moderado,Iceland
20115,Instagram,2023-07-29,Não Convertido,,0.0,Moderado,Syrian Arab Republic
20116,YouTube Ads,2023-07-24,Não Convertido,,0.0,Moderado,Timor-Leste
20117,Instagram,2023-07-28,Não Convertido,,0.0,Conservador,Oman
20118,E-mail Marketing,2023-07-28,Não Convertido,,0.0,Moderado,Cyprus
20119,Indicação,2023-07-26,Não Convertido,,0.0,Moderado,Cook Islands
20120,TikTok,2023-07-29,Não Convertido,,0.0,Agressivo,Kiribati
20121,Indicação,2023-07-26,Não Convertido,,0.0,Conservador,Dominica
20122,TikTok,2023-07-29,Não Convertido,,0.0,Moderado,Iran
20123,Instagram,2023-07-26,Não Convertido,,0.0,Moderado,Sierra Leone
20124,E-mail Marketing,2023-07-25,Não Convertido,,0.0,Desconhecido,Zimbabwe
20125,E-mail Marketing,2023-07-25,Não Convertido,,0.0,Moderado,Israel
20126,TikTok,2023-07-29,Não Convertido,,0.0,Moderado,Congo
20127,YouTube Ads,2023-07-24,Não Convertido,,0.0,Agressivo,Kenya
20128,Orgânico,2023-07-27,Não Convertido,,0.0,Agressivo,United Arab Emirates
20129,WhatsApp,2023-07-28,Não Convertido,,0.0,Agressivo,Peru
20130,Facebook,2023-07-24,Não Convertido,,0.0,Conservador,Fiji
20131,E-mail Marketing,2023-07-25,Não Convertido,,0.0,Conservador,Gibraltar
20132,Orgânico,2023-07-27,Não Convertido,,0.0,Moderado,Slovenia
20133,TikTok,2023-07-24,Não Convertido,,0.0,Conservador,Gambia
20134,Instagram,2023-07-26,Não Convertido,,0.0,Agressivo,Pitcairn Islands
20135,Orgânico,2023-07-28,Não Convertido,,0.0,Conservador,Mauritius
20136,E-mail Marketing,2023-07-26,Não Convertido,,0.0,Moderado,Colombia
20137,TikTok,2023-07-28,Não Convertido,,0.0,Desconhecido,Cocos (Keeling) Islands
20138,TikTok,2023-07-28,Não Convertido,,0.0,Agressivo,Solomon Islands
20139,Instagram,2023-07-25,Não Convertido,,0.0,Agressivo,Brunei Darussalam
20140,E-mail Marketing,2023-07-28,Não Convertido,,0.0,Agressivo,Reunion
20141,Orgânico,2023-07-29,Não Convertido,,0.0,Moderado,Bangladesh
20142,Instagram,2023-07-24,Não Convertido,,0.0,Agressivo,Spain
20143,Google Ads,2023-07-24,Não Convertido,,0.0,Conservador,Thailand
20144,Orgânico,2023-07-24,Não Convertido,,0.0,Conservador,Latvia
20145,Instagram,2023-07-29,Não Convertido,,0.0,Moderado,Bosnia and Herzegovina
20146,WhatsApp,2023-07-29,Não Convertido,,0.0,Agressivo,Argentina
20147,Instagram,2023-07-25,Não Convertido,,0.0,Moderado,Macao
20148,E-mail Marketing,2023-07-29,Não Convertido,,0.0,Conservador,Netherlands
20149,Orgânico,2023-07-26,Não Convertido,,0.0,Conservador,Guyana
20150,Orgânico,2023-07-25,Não Convertido,,0.0,Agressivo,Micronesia
20151,Indicação,2023-07-24,Não Convertido,,0.0,Agressivo,Equatorial Guinea
20152,WhatsApp,2023-07-28,Não Convertido,,0.0,Agressivo,Northern Mariana Islands
20153,Orgânico,2023-07-25,Não Convertido,,0.0,Moderado,Saint Barthelemy
20154,Indicação,2023-07-26,Não Convertido,,0.0,Agressivo,Portugal
20155,YouTube Ads,2023-07-28,Não Convertido,,0.0,Agressivo,Sao Tome and Principe
20156,Instagram,2023-07-25,Não Convertido,,0.0,Agressivo,Northern Mariana Islands
20157,Instagram,2023-07-27,Convertido,24.0,5412.04,Conservador,Macao
20158,Orgânico,2023-07-28,Não Convertido,,0.0,Agressivo,South Africa
20159,Instagram,2023-07-28,Não Convertido,,0.0,Moderado,Chad
20160,WhatsApp,2023-07-27,Não Convertido,,0.0,Agressivo,American Samoa
20161,YouTube Ads,2023-07-24,Não Convertido,,0.0,Agressivo,Congo
20162,Orgânico,2023-07-27,Não Convertido,,0.0,Desconhecido,British Indian Ocean Territory (Chagos Archipelago)
20163,Google Ads,2023-07-25,Não Convertido,,0.0,Moderado,Aruba
20164,TikTok,2023-07-25,Não Convertido,,0.0,Agressivo,Kiribati
20165,Instagram,2023-07-28,Não Convertido,,0.0,Conservador,China
20166,Facebook,2023-07-27,Não Convertido,,0.0,Moderado,Brunei Darussalam
20167,TikTok,2023-07-27,Não Convertido,,0.0,Desconhecido,Brunei Darussalam
20168,Orgânico,2023-07-27,Não Convertido,,0.0,Agressivo,Timor-Leste
20169,E-mail Marketing,2023-07-27,Não Convertido,,0.0,Agressivo,San Marino
20170,Instagram,2023-07-25,Não Convertido,,0.0,Conservador,Faroe Islands
20171,TikTok,2023-07-25,Não Convertido,,0.0,Moderado,Honduras
20172,Facebook,2023-07-27,Não Convertido,,0.0,Moderado,Northern Mariana Islands
20173,Google Ads,2023-07-25,Não Convertido,,0.0,Agressivo,Guam
20174,Orgânico,2023-07-27,Não Convertido,,0.0,Moderado,Faroe Islands
20175,WhatsApp,2023-07-29,Não Convertido,,0.0,Desconhecido,Singapore
20176,Facebook,2023-07-27,Não Convertido,,0.0,Moderado,American Samoa
20177,TikTok,2023-07-24,Não Convertido,,0.0,Conservador,Macao
20178,Indicação,2023-07-24,Não Convertido,,0.0,Desconhecido,Lithuania
20179,WhatsApp,2023-07-27,Não Convertido,,0.0,Conservador,Turks and Caicos Islands
20180,Google Ads,2023-07-24,Não Convertido,,0.0,Agressivo,Tonga
20181,Orgânico,2023-07-26,Não Convertido,,0.0,Conservador,Saint Vincent and the Grenadines
20182,Facebook,2023-07-25,Não Convertido,,0.0,Moderado,Israel
20183,Google Ads,2023-07-24,Não Convertido,,0.0,Moderado,Antigua and Barbuda
20184,Facebook,2023-07-29,Não Convertido,,0.0,Conservador,Syrian Arab Republic
20185,Facebook,2023-07-27,Não Convertido,,0.0,Moderado,Malaysia
20186,YouTube Ads,2023-07-28,Não Convertido,,0.0,Conservador,Yemen
20187,Google Ads,2023-07-29,Não Convertido,,0.0,Desconhecido,Denmark
20188,Instagram,2023-07-26,Não Convertido,,0.0,Conservador,Antigua and Barbuda
20189,Orgânico,2023-07-28,Não Convertido,,0.0,Conservador,Korea
20190,Instagram,2023-07-24,Não Convertido,,0.0,Moderado,Samoa
20191,Orgânico,2023-07-25,Não Convertido,,0.0,Agressivo,Slovakia (Slovak Republic)
20192,TikTok,2023-07-26,Não Convertido,,0.0,Moderado,Nauru
20193,E-mail Marketing,2023-07-28,Não Convertido,,0.0,Agressivo,San Marino
20194,E-mail Marketing,2023-07-24,Não Convertido,,0.0,Moderado,Belgium
20195,Indicação,2023-07-26,Não Convertido,,0.0,Moderado,Poland
20196,Instagram,2023-07-24,Não Convertido,,0.0,Agressivo,Suriname
20197,YouTube Ads,2023-07-25,Não Convertido,,0.0,Moderado,New Zealand
20198,Google Ads,2023-07-26,Não Convertido,,0.0,Conservador,Bermuda
20199,YouTube Ads,2023-07-28,Não Convertido,,0.0,Moderado,Angola
20200,TikTok,2023-07-25,Convertido,30.0,8857.6,Moderado,Andorra
20201,Google Ads,2023-07-28,Não Convertido,,0.0,Agressivo,Palestinian Territory
20202,E-mail Marketing,2023-07-25,Não Convertido,,0.0,Agressivo,Spain
20203,Instagram,2023-07-26,Não Convertido,,0.0,Moderado,Cape Verde
20204,E-mail Marketing,2023-07-29,Não Convertido,,0.0,Moderado,Luxembourg
20205,E-mail Marketing,2023-07-28,Não Convertido,,0.0,Agressivo,Somalia
20206,WhatsApp,2023-07-27,Não Convertido,,0.0,Agressivo,Indonesia
20207,Instagram,2023-07-25,Não Convertido,,0.0,Agressivo,Egypt
20208,Indicação,2023-07-25,Não Convertido,,0.0,Agressivo,Bahamas
20209,Orgânico,2023-07-28,Não Convertido,,0.0,Desconhecido,Congo
20210,E-mail Marketing,2023-07-27,Não Convertido,,0.0,Moderado,Aruba
20211,Orgânico,2023-07-28,Não Convertido,,0.0,Agressivo,Equatorial Guinea
20212,Indicação,2023-07-29,Não Convertido,,0.0,Agressivo,Lao People's Democratic Republic
20213,Orgânico,2023-07-25,Não Convertido,,0.0,Conservador,Christmas Island
20214,Indicação,2023-07-25,Não Convertido,,0.0,Agressivo,Kenya
20215,Instagram,2023-07-26,Não Convertido,,0.0,Conservador,Benin
20216,WhatsApp,2023-07-28,Não Convertido,,0.0,Conservador,Faroe Islands
20217,E-mail Marketing,2023-07-26,Não Convertido,,0.0,Agressivo,Madagascar
20218,YouTube Ads,2023-07-28,Não Convertido,,0.0,Moderado,Albania
20219,WhatsApp,2023-07-26,Não Convertido,,0.0,Moderado,France
20220,TikTok,2023-07-26,Não Convertido,,0.0,Agressivo,Kenya
20221,Google Ads,2023-07-27,Não Convertido,,0.0,Desconhecido,Gambia
20222,Orgânico,2023-07-27,Não Convertido,,0.0,Conservador,Kiribati
20223,E-mail Marketing,2023-07-25,Não Convertido,,0.0,Conservador,Ukraine
20224,Instagram,2023-07-25,Não Convertido,,0.0,Moderado,Turks and Caicos Islands
20225,Facebook,2023-07-26,Não Convertido,,0.0,Agressivo,Uruguay
20226,TikTok,2023-07-24,Não Convertido,,0.0,Agressivo,Solomon Islands
20227,Google Ads,2023-07-28,Não Convertido,,0.0,Agressivo,Ghana
20228,Facebook,2023-07-27,Não Convertido,,0.0,Desconhecido,Benin
20229,Facebook,2023-07-25,Não Convertido,,0.0,Agressivo,Sweden
20230,TikTok,2023-07-26,Não Convertido,,0.0,Moderado,Pitcairn Islands
20231,E-mail Marketing,2023-07-29,Não Convertido,,0.0,Moderado,Iceland
20232,E-mail Marketing,2023-07-29,Não Convertido,,0.0,Moderado,Thailand
20233,Instagram,2023-07-26,Não Convertido,,0.0,Agressivo,Angola
20234,TikTok,2023-07-28,Não Convertido,,0.0,Moderado,Svalbard & Jan Mayen Islands
20235,Google Ads,2023-07-25,Não Convertido,,0.0,Moderado,Guernsey
20236,Orgânico,2023-07-27,Não Convertido,,0.0,Agressivo,Wallis and Futuna
20237,E-mail Marketing,2023-07-28,Não Convertido,,0.0,Moderado,Saint Helena
20238,Facebook,2023-07-25,Convertido,24.0,1076.94,Desconhecido,China
20239,Orgânico,2023-07-27,Não Convertido,,0.0,Agressivo,Malaysia
20240,WhatsApp,2023-07-28,Não Convertido,,0.0,Agressivo,United States Virgin Islands
20241,E-mail Marketing,2023-07-27,Não Convertido,,0.0,Conservador,Zimbabwe
20242,TikTok,2023-07-24,Não Convertido,,0.0,Agressivo,Brunei Darussalam
20243,Instagram,2023-07-29,Não Convertido,,0.0,Moderado,San Marino
20244,Instagram,2023-07-28,Não Convertido,,0.0,Agressivo,British Indian Ocean Territory (Chagos Archipelago)
20245,E-mail Marketing,2023-07-24,Não Convertido,,0.0,Conservador,Switzerland
20246,Instagram,2023-07-29,Não Convertido,,0.0,Conservador,Cayman Islands
20247,YouTube Ads,2023-07-28,Não Convertido,,0.0,Agressivo,Bouvet Island (Bouvetoya)
20248,Google Ads,2023-07-25,Convertido,13.0,7300.64,Agressivo,Slovenia
20249,YouTube Ads,2023-07-29,Não Convertido,,0.0,Conservador,New Caledonia
20250,Orgânico,2023-07-26,Não Convertido,,0.0,Agressivo,Madagascar
20251,TikTok,2023-07-25,Não Convertido,,0.0,Agressivo,Western Sahara
20252,Google Ads,2023-07-27,Não Convertido,,0.0,Conservador,Namibia
20253,E-mail Marketing,2023-07-27,Não Convertido,,0.0,Desconhecido,Cuba
20254,Google Ads,2023-07-24,Não Convertido,,0.0,Conservador,Chile
20255,E-mail Marketing,2023-07-24,Não Convertido,,0.0,Conservador,Malaysia
20256,Google Ads,2023-07-25,Não Convertido,,0.0,Moderado,Wallis and Futuna
20257,E-mail Marketing,2023-07-28,Não Convertido,,0.0,Moderado,Christmas Island
20258,Google Ads,2023-07-26,Não Convertido,,0.0,Agressivo,Philippines
20259,YouTube Ads,2023-07-26,Não Convertido,,0.0,Conservador,Mali
20260,Facebook,2023-07-27,Não Convertido,,0.0,Agressivo,Chile
20261,Orgânico,2023-07-28,Não Convertido,,0.0,Moderado,Korea
20262,Google Ads,2023-07-28,Não Convertido,,0.0,Agressivo,Saint Vincent and the Grenadines
20263,Facebook,2023-07-27,Convertido,21.0,8828.99,Moderado,Italy
20264,Google Ads,2023-07-28,Não Convertido,,0.0,Moderado,Denmark
20265,YouTube Ads,2023-07-29,Não Convertido,,0.0,Agressivo,Tuvalu
20266,Facebook,2023-07-26,Não Convertido,,0.0,Conservador,Cambodia
20267,Instagram,2023-07-29,Não Convertido,,0.0,Agressivo,Tonga
20268,TikTok,2023-07-28,Não Convertido,,0.0,Conservador,Panama
20269,TikTok,2023-07-25,Não Convertido,,0.0,Agressivo,New Caledonia
20270,E-mail Marketing,2023-07-28,Não Convertido,,0.0,Conservador,Tokelau
20271,Orgânico,2023-07-26,Não Convertido,,0.0,Moderado,Canada
20272,E-mail Marketing,2023-07-28,Não Convertido,,0.0,Moderado,Ireland
20273,Orgânico,2023-07-25,Convertido,19.0,6252.11,Agressivo,Antarctica (the territory South of 60 deg S)
20274,Facebook,2023-07-25,Não Convertido,,0.0,Agressivo,Micronesia
20275,E-mail Marketing,2023-07-28,Não Convertido,,0.0,Moderado,Cape Verde
20276,YouTube Ads,2023-07-29,Não Convertido,,0.0,Moderado,Guam
20277,WhatsApp,2023-07-26,Não Convertido,,0.0,Moderado,Netherlands Antilles
20278,Google Ads,2023-07-24,Não Convertido,,0.0,Agressivo,Estonia
20279,E-mail Marketing,2023-07-27,Não Convertido,,0.0,Desconhecido,Barbados
20280,YouTube Ads,2023-07-25,Não Convertido,,0.0,Conservador,Finland
20281,Orgânico,2023-07-29,Não Convertido,,0.0,Moderado,Zimbabwe
20282,YouTube Ads,2023-07-27,Não Convertido,,0.0,Agressivo,French Guiana
20283,Instagram,2023-07-24,Não Convertido,,0.0,Agressivo,Lesotho
20284,YouTube Ads,2023-07-28,Não Convertido,,0.0,Moderado,Holy See (Vatican City State)
20285,Orgânico,2023-07-27,Não Convertido,,0.0,Conservador,Peru
20286,WhatsApp,2023-07-29,Não Convertido,,0.0,Agressivo,Sierra Leone
20287,Facebook,2023-07-25,Não Convertido,,0.0,Moderado,Czech Republic
20288,Google Ads,2023-07-25,Não Convertido,,0.0,Conservador,Ukraine
20289,YouTube Ads,2023-07-24,Não Convertido,,0.0,Moderado,Burundi
20290,YouTube Ads,2023-07-26,Não Convertido,,0.0,Moderado,Vanuatu
20291,Orgânico,2023-07-24,Não Convertido,,0.0,Desconhecido,Mexico
20292,TikTok,2023-07-27,Não Convertido,,0.0,Agressivo,France
20293,WhatsApp,2023-07-29,Não Convertido,,0.0,Moderado,Czech Republic
20294,YouTube Ads,2023-07-29,Não Convertido,,0.0,Moderado,Faroe Islands
20295,Google Ads,2023-07-28,Não Convertido,,0.0,Moderado,Martinique
20296,WhatsApp,2023-07-28,Não Convertido,,0.0,Conservador,Saint Martin
20297,TikTok,2023-07-24,Não Convertido,,0.0,Conservador,Ireland
20298,E-mail Marketing,2023-07-29,Não Convertido,,0.0,Desconhecido,Norway
20299,TikTok,2023-07-27,Não Convertido,,0.0,Agressivo,Ecuador
20300,Orgânico,2023-07-28,Não Convertido,,0.0,Agressivo,Tunisia
20301,YouTube Ads,2023-07-24,Não Convertido,,0.0,Conservador,Suriname
20302,Orgânico,2023-07-28,Não Convertido,,0.0,Conservador,Pakistan
20303,YouTube Ads,2023-07-29,Não Convertido,,0.0,Moderado,Lao People's Democratic Republic
20304,Google Ads,2023-07-26,Não Convertido,,0.0,Conservador,Myanmar
20305,WhatsApp,2023-07-27,Não Convertido,,0.0,Agressivo,Timor-Leste
20306,Facebook,2023-07-29,Não Convertido,,0.0,Moderado,Holy See (Vatican City State)
20307,E-mail Marketing,2023-07-27,Não Convertido,,0.0,Moderado,United Kingdom
20308,Indicação,2023-07-28,Não Convertido,,0.0,Agressivo,Bouvet Island (Bouvetoya)
20309,Google Ads,2023-07-28,Não Convertido,,0.0,Agressivo,Antigua and Barbuda
20310,Orgânico,2023-07-25,Não Convertido,,0.0,Desconhecido,Malta
20311,TikTok,2023-07-29,Não Convertido,,0.0,Agressivo,Philippines
20312,TikTok,2023-07-28,Convertido,12.0,8967.81,Desconhecido,French Southern Territories
20313,YouTube Ads,2023-07-28,Não Convertido,,0.0,Agressivo,Azerbaijan
20314,E-mail Marketing,2023-07-26,Não Convertido,,0.0,Moderado,Ireland
20315,TikTok,2023-07-26,Não Convertido,,0.0,Desconhecido,Cocos (Keeling) Islands
20316,Facebook,2023-07-27,Não Convertido,,0.0,Agressivo,Sudan
20317,Instagram,2023-07-29,Não Convertido,,0.0,Moderado,Mauritius
20318,Instagram,2023-07-27,Não Convertido,,0.0,Moderado,Jamaica
20319,Google Ads,2023-07-25,Convertido,26.0,8317.74,Moderado,Madagascar
20320,Facebook,2023-07-25,Não Convertido,,0.0,Moderado,Central African Republic
20321,E-mail Marketing,2023-07-25,Não Convertido,,0.0,Agressivo,Algeria
20322,E-mail Marketing,2023-07-25,Não Convertido,,0.0,Agressivo,Bahamas
20323,E-mail Marketing,2023-07-26,Não Convertido,,0.0,Conservador,Oman
20324,YouTube Ads,2023-07-26,Não Convertido,,0.0,Agressivo,Slovenia
20325,Facebook,2023-07-28,Não Convertido,,0.0,Agressivo,Kyrgyz Republic
20326,Facebook,2023-07-24,Não Convertido,,0.0,Moderado,Georgia
20327,Facebook,2023-07-27,Não Convertido,,0.0,Agressivo,Australia
20328,E-mail Marketing,2023-07-25,Convertido,4.0,8212.54,Conservador,Pakistan
20329,E-mail Marketing,2023-07-25,Não Convertido,,0.0,Agressivo,Belize
20330,Indicação,2023-07-28,Não Convertido,,0.0,Moderado,Cape Verde
20331,Orgânico,2023-07-27,Não Convertido,,0.0,Moderado,Croatia
20332,Orgânico,2023-07-27,Não Convertido,,0.0,Moderado,Reunion
20333,WhatsApp,2023-07-29,Não Convertido,,0.0,Agressivo,Uruguay
20334,TikTok,2023-07-29,Não Convertido,,0.0,Moderado,Libyan Arab Jamahiriya
20335,TikTok,2023-07-25,Não Convertido,,0.0,Moderado,Bolivia
20336,Instagram,2023-07-25,Não Convertido,,0.0,Agressivo,Sao Tome and Principe
20337,TikTok,2023-07-25,Não Convertido,,0.0,Moderado,Zambia
20338,Orgânico,2023-07-29,Não Convertido,,0.0,Conservador,Bahrain
20339,Orgânico,2023-07-26,Não Convertido,,0.0,Moderado,Monaco
20340,Orgânico,2023-07-27,Não Convertido,,0.0,Agressivo,Slovakia (Slovak Republic)
20341,E-mail Marketing,2023-07-25,Não Convertido,,0.0,Moderado,British Indian Ocean Territory (Chagos Archipelago)
20342,Instagram,2023-07-29,Não Convertido,,0.0,Conservador,Norfolk Island
20343,TikTok,2023-07-26,Não Convertido,,0.0,Agressivo,Cook Islands
20344,E-mail Marketing,2023-07-24,Não Convertido,,0.0,Moderado,Niue
20345,WhatsApp,2023-07-24,Não Convertido,,0.0,Moderado,Libyan Arab Jamahiriya
20346,E-mail Marketing,2023-07-29,Não Convertido,,0.0,Desconhecido,Mozambique
20347,Instagram,2023-07-26,Não Convertido,,0.0,Desconhecido,Lebanon
20348,Indicação,2023-07-24,Não Convertido,,0.0,Moderado,Argentina
20349,E-mail Marketing,2023-07-26,Não Convertido,,0.0,Agressivo,Guyana
20350,E-mail Marketing,2023-07-29,Convertido,28.0,4667.64,Moderado,Tokelau
20351,Orgânico,2023-07-25,Não Convertido,,0.0,Desconhecido,Mali
20352,YouTube Ads,2023-07-29,Não Convertido,,0.0,Moderado,Tonga
20353,Instagram,2023-07-28,Não Convertido,,0.0,Desconhecido,Antarctica (the territory South of 60 deg S)
20354,TikTok,2023-07-29,Não Convertido,,0.0,Conservador,Iraq
20355,Facebook,2023-07-27,Não Convertido,,0.0,Conservador,Papua New Guinea
20356,TikTok,2023-07-26,Não Convertido,,0.0,Agressivo,New Caledonia
20357,TikTok,2023-07-26,Não Convertido,,0.0,Moderado,Switzerland
20358,Instagram,2023-07-25,Não Convertido,,0.0,Agressivo,American Samoa
20359,Orgânico,2023-07-27,Não Convertido,,0.0,Conservador,Tanzania
20360,TikTok,2023-07-25,Não Convertido,,0.0,Moderado,Egypt
20361,E-mail Marketing,2023-07-26,Não Convertido,,0.0,Agressivo,Armenia
20362,TikTok,2023-07-25,Não Convertido,,0.0,Agressivo,Bahamas
20363,Instagram,2023-07-25,Não Convertido,,0.0,Conservador,Malta
20364,Orgânico,2023-07-29,Não Convertido,,0.0,Agressivo,Falkland Islands (Malvinas)
20365,Orgânico,2023-07-27,Não Convertido,,0.0,Moderado,Bangladesh
20366,Instagram,2023-07-29,Convertido,12.0,9589.62,Agressivo,Anguilla
20367,WhatsApp,2023-07-26,Não Convertido,,0.0,Agressivo,South Africa
20368,E-mail Marketing,2023-07-26,Convertido,25.0,6107.3,Agressivo,Central African Republic
20369,WhatsApp,2023-07-26,Não Convertido,,0.0,Agressivo,Bouvet Island (Bouvetoya)
20370,E-mail Marketing,2023-07-28,Não Convertido,,0.0,Moderado,Netherlands
20371,Google Ads,2023-07-28,Não Convertido,,0.0,Desconhecido,Bosnia and Herzegovina
20372,Orgânico,2023-07-24,Não Convertido,,0.0,Agressivo,Kuwait
20373,TikTok,2023-07-25,Não Convertido,,0.0,Moderado,Monaco
20374,E-mail Marketing,2023-07-24,Não Convertido,,0.0,Agressivo,Isle of Man
20375,YouTube Ads,2023-07-28,Não Convertido,,0.0,Conservador,Eritrea
20376,Google Ads,2023-07-25,Não Convertido,,0.0,Agressivo,Chad
20377,TikTok,2023-07-27,Não Convertido,,0.0,Moderado,Aruba
20378,E-mail Marketing,2023-07-25,Não Convertido,,0.0,Conservador,Jordan
20379,Indicação,2023-07-27,Não Convertido,,0.0,Conservador,Swaziland
20380,YouTube Ads,2023-07-29,Não Convertido,,0.0,Moderado,Egypt
20381,E-mail Marketing,2023-07-26,Não Convertido,,0.0,Agressivo,Dominica
20382,Indicação,2023-07-24,Não Convertido,,0.0,Agressivo,Venezuela
20383,WhatsApp,2023-07-29,Não Convertido,,0.0,Conservador,Switzerland
20384,Facebook,2023-07-26,Não Convertido,,0.0,Conservador,Mauritius
20385,Google Ads,2023-07-28,Não Convertido,,0.0,Moderado,Jamaica
20386,WhatsApp,2023-07-24,Não Convertido,,0.0,Moderado,Bulgaria
20387,Orgânico,2023-07-26,Não Convertido,,0.0,Moderado,United States Virgin Islands
20388,Instagram,2023-07-26,Não Convertido,,0.0,Conservador,Tokelau
20389,Orgânico,2023-07-24,Não Convertido,,0.0,Moderado,Cook Islands
20390,Google Ads,2023-07-25,Não Convertido,,0.0,Agressivo,Romania
20391,Orgânico,2023-07-27,Convertido,11.0,296.45,Moderado,Central African Republic
20392,E-mail Marketing,2023-07-25,Não Convertido,,0.0,Moderado,Ireland
20393,TikTok,2023-07-28,Não Convertido,,0.0,Moderado,Jersey
20394,E-mail Marketing,2023-07-28,Não Convertido,,0.0,Agressivo,Antigua and Barbuda
20395,Google Ads,2023-07-29,Convertido,24.0,8807.84,Moderado,Ecuador
20396,WhatsApp,2023-07-26,Não Convertido,,0.0,Agressivo,Bangladesh
20397,TikTok,2023-07-27,Não Convertido,,0.0,Agressivo,Western Sahara
20398,E-mail Marketing,2023-07-27,Não Convertido,,0.0,Conservador,Congo
20399,Instagram,2023-07-28,Não Convertido,,0.0,Agressivo,French Guiana
20400,Google Ads,2023-07-26,Não Convertido,,0.0,Agressivo,Samoa
20401,WhatsApp,2023-07-29,Não Convertido,,0.0,Moderado,France
20402,E-mail Marketing,2023-07-24,Não Convertido,,0.0,Conservador,Belarus
20403,Orgânico,2023-07-29,Não Convertido,,0.0,Agressivo,Venezuela
20404,Orgânico,2023-07-26,Não Convertido,,0.0,Agressivo,Latvia
20405,Google Ads,2023-07-27,Não Convertido,,0.0,Agressivo,Isle of Man
20406,Instagram,2023-07-25,Não Convertido,,0.0,Moderado,Namibia
20407,TikTok,2023-07-29,Não Convertido,,0.0,Moderado,South Africa
20408,YouTube Ads,2023-07-24,Não Convertido,,0.0,Conservador,Comoros
20409,YouTube Ads,2023-07-29,Não Convertido,,0.0,Moderado,Libyan Arab Jamahiriya
20410,YouTube Ads,2023-07-28,Não Convertido,,0.0,Agressivo,Turks and Caicos Islands
20411,Instagram,2023-07-25,Não Convertido,,0.0,Desconhecido,Tajikistan
20412,Google Ads,2023-07-25,Não Convertido,,0.0,Conservador,United Kingdom
20413,Orgânico,2023-07-26,Não Convertido,,0.0,Moderado,South Georgia and the South Sandwich Islands
20414,Instagram,2023-07-24,Não Convertido,,0.0,Conservador,Cambodia
20415,Indicação,2023-07-29,Convertido,26.0,425.94,Conservador,Turks and Caicos Islands
20416,Google Ads,2023-07-28,Não Convertido,,0.0,Agressivo,Afghanistan
20417,WhatsApp,2023-07-29,Não Convertido,,0.0,Moderado,French Guiana
20418,YouTube Ads,2023-07-28,Não Convertido,,0.0,Agressivo,Taiwan
20419,Google Ads,2023-07-29,Não Convertido,,0.0,Moderado,Saint Helena
20420,Orgânico,2023-07-26,Convertido,23.0,6404.73,Desconhecido,Senegal
20421,Orgânico,2023-07-29,Não Convertido,,0.0,Conservador,Ecuador
20422,Facebook,2023-07-24,Não Convertido,,0.0,Moderado,Argentina
20423,YouTube Ads,2023-07-28,Não Convertido,,0.0,Moderado,Andorra
20424,Facebook,2023-07-27,Não Convertido,,0.0,Agressivo,Cyprus
20425,WhatsApp,2023-07-28,Não Convertido,,0.0,Desconhecido,Bhutan
20426,E-mail Marketing,2023-07-29,Não Convertido,,0.0,Agressivo,Bouvet Island (Bouvetoya)
20427,Instagram,2023-07-29,Não Convertido,,0.0,Desconhecido,Bahamas
20428,Orgânico,2023-07-24,Não Convertido,,0.0,Conservador,Faroe Islands
20429,Google Ads,2023-07-25,Não Convertido,,0.0,Agressivo,Iran
20430,Orgânico,2023-07-26,Não Convertido,,0.0,Agressivo,Armenia
20431,Orgânico,2023-07-28,Não Convertido,,0.0,Conservador,Uganda
20432,E-mail Marketing,2023-07-28,Não Convertido,,0.0,Agressivo,Sri Lanka
20433,Indicação,2023-07-26,Não Convertido,,0.0,Agressivo,Dominican Republic
20434,Facebook,2023-07-26,Não Convertido,,0.0,Desconhecido,Slovakia (Slovak Republic)
20435,Orgânico,2023-07-27,Não Convertido,,0.0,Agressivo,Anguilla
20436,Facebook,2023-07-27,Não Convertido,,0.0,Agressivo,Moldova
20437,Orgânico,2023-07-26,Não Convertido,,0.0,Conservador,Hungary
20438,YouTube Ads,2023-07-27,Não Convertido,,0.0,Moderado,Portugal
20439,Instagram,2023-07-29,Não Convertido,,0.0,Agressivo,India
20440,Orgânico,2023-07-27,Não Convertido,,0.0,Conservador,Mongolia
20441,WhatsApp,2023-07-24,Não Convertido,,0.0,Moderado,Bhutan
20442,TikTok,2023-07-28,Convertido,6.0,3947.59,Moderado,Northern Mariana Islands
20443,Google Ads,2023-07-27,Não Convertido,,0.0,Moderado,French Guiana
20444,Google Ads,2023-07-29,Não Convertido,,0.0,Conservador,Haiti
20445,Facebook,2023-07-27,Não Convertido,,0.0,Moderado,Timor-Leste
20446,Orgânico,2023-07-29,Não Convertido,,0.0,Moderado,Mongolia
20447,YouTube Ads,2023-07-25,Não Convertido,,0.0,Agressivo,Georgia
20448,Orgânico,2023-07-25,Não Convertido,,0.0,Agressivo,Swaziland
20449,TikTok,2023-07-28,Não Convertido,,0.0,Moderado,Norway
20450,E-mail Marketing,2023-07-24,Não Convertido,,0.0,Conservador,Uganda
20451,Google Ads,2023-07-28,Não Convertido,,0.0,Conservador,French Guiana
20452,E-mail Marketing,2023-07-25,Não Convertido,,0.0,Desconhecido,Fiji
20453,WhatsApp,2023-07-24,Não Convertido,,0.0,Moderado,China
20454,Orgânico,2023-07-27,Convertido,13.0,3690.03,Moderado,Brunei Darussalam
20455,Indicação,2023-07-24,Não Convertido,,0.0,Agressivo,Indonesia
20456,E-mail Marketing,2023-07-25,Não Convertido,,0.0,Moderado,Chile
20457,Google Ads,2023-07-28,Não Convertido,,0.0,Conservador,Brunei Darussalam
20458,Google Ads,2023-07-24,Não Convertido,,0.0,Moderado,Holy See (Vatican City State)
20459,TikTok,2023-07-28,Não Convertido,,0.0,Agressivo,Slovakia (Slovak Republic)
20460,Instagram,2023-07-26,Não Convertido,,0.0,Moderado,Azerbaijan
20461,TikTok,2023-07-25,Não Convertido,,0.0,Desconhecido,Grenada
20462,Orgânico,2023-07-25,Não Convertido,,0.0,Agressivo,Nigeria
20463,TikTok,2023-07-24,Não Convertido,,0.0,Conservador,Kenya
20464,TikTok,2023-07-28,Não Convertido,,0.0,Moderado,United Arab Emirates
20465,Orgânico,2023-07-29,Não Convertido,,0.0,Desconhecido,Luxembourg
20466,Google Ads,2023-07-24,Não Convertido,,0.0,Moderado,United Arab Emirates
20467,E-mail Marketing,2023-07-27,Não Convertido,,0.0,Moderado,Iraq
20468,Instagram,2023-07-29,Não Convertido,,0.0,Agressivo,Norfolk Island
20469,Google Ads,2023-07-26,Não Convertido,,0.0,Agressivo,Cape Verde
20470,Indicação,2023-07-27,Convertido,29.0,5281.05,Moderado,Saint Martin
20471,Orgânico,2023-07-24,Não Convertido,,0.0,Conservador,Japan
20472,Orgânico,2023-07-28,Não Convertido,,0.0,Agressivo,Iraq
20473,E-mail Marketing,2023-07-29,Não Convertido,,0.0,Desconhecido,Italy
20474,Instagram,2023-07-28,Não Convertido,,0.0,Agressivo,Saint Kitts and Nevis
20475,YouTube Ads,2023-07-25,Não Convertido,,0.0,Agressivo,United Kingdom
20476,Orgânico,2023-07-27,Não Convertido,,0.0,Desconhecido,Heard Island and McDonald Islands
20477,Orgânico,2023-07-25,Não Convertido,,0.0,Moderado,France
20478,Google Ads,2023-07-28,Não Convertido,,0.0,Moderado,Gibraltar
20479,YouTube Ads,2023-07-28,Não Convertido,,0.0,Conservador,Liberia
20480,Orgânico,2023-07-27,Não Convertido,,0.0,Moderado,Belgium
20481,WhatsApp,2023-07-24,Não Convertido,,0.0,Conservador,Mauritania
20482,Instagram,2023-07-28,Não Convertido,,0.0,Desconhecido,Isle of Man
20483,WhatsApp,2023-07-28,Não Convertido,,0.0,Conservador,Belgium
20484,Orgânico,2023-07-29,Não Convertido,,0.0,Agressivo,Namibia
20485,YouTube Ads,2023-07-29,Não Convertido,,0.0,Conservador,Iraq
20486,E-mail Marketing,2023-07-28,Não Convertido,,0.0,Agressivo,Tuvalu
20487,Instagram,2023-07-27,Não Convertido,,0.0,Agressivo,Bulgaria
20488,E-mail Marketing,2023-07-27,Não Convertido,,0.0,Conservador,United States Minor Outlying Islands
20489,Orgânico,2023-07-28,Não Convertido,,0.0,Moderado,Cuba
20490,YouTube Ads,2023-07-28,Não Convertido,,0.0,Conservador,Guernsey
20491,E-mail Marketing,2023-07-29,Não Convertido,,0.0,Moderado,Belize
20492,Instagram,2023-07-27,Não Convertido,,0.0,Moderado,Bulgaria
20493,Facebook,2023-07-27,Não Convertido,,0.0,Moderado,Guyana
20494,Indicação,2023-07-28,Não Convertido,,0.0,Conservador,Libyan Arab Jamahiriya
20495,Orgânico,2023-07-25,Não Convertido,,0.0,Agressivo,Macao
20496,Indicação,2023-07-26,Não Convertido,,0.0,Desconhecido,North Macedonia
20497,TikTok,2023-07-26,Não Convertido,,0.0,Desconhecido,Cyprus
20498,E-mail Marketing,2023-07-26,Não Convertido,,0.0,Conservador,Italy
20499,WhatsApp,2023-07-27,Não Convertido,,0.0,Moderado,Lao People's Democratic Republic
20500,Instagram,2023-07-27,Não Convertido,,0.0,Moderado,Argentina
20501,Orgânico,2023-07-25,Não Convertido,,0.0,Conservador,Isle of Man
20502,Orgânico,2023-07-29,Não Convertido,,0.0,Moderado,Hong Kong
20503,TikTok,2023-07-27,Não Convertido,,0.0,Agressivo,Italy
20504,Google Ads,2023-07-26,Não Convertido,,0.0,Moderado,Saint Martin
20505,WhatsApp,2023-07-29,Não Convertido,,0.0,Agressivo,Ukraine
20506,Instagram,2023-07-28,Não Convertido,,0.0,Agressivo,French Guiana
20507,Facebook,2023-07-28,Não Convertido,,0.0,Moderado,Western Sahara
20508,Instagram,2023-07-26,Não Convertido,,0.0,Conservador,Kenya
20509,Google Ads,2023-07-24,Não Convertido,,0.0,Moderado,Paraguay
20510,Indicação,2023-07-28,Não Convertido,,0.0,Agressivo,Mauritius
20511,Instagram,2023-07-26,Não Convertido,,0.0,Moderado,Trinidad and Tobago
20512,TikTok,2023-07-28,Não Convertido,,0.0,Moderado,Hong Kong
20513,Instagram,2023-07-26,Não Convertido,,0.0,Moderado,Burundi
20514,TikTok,2023-07-24,Não Convertido,,0.0,Desconhecido,Israel
20515,Indicação,2023-07-27,Não Convertido,,0.0,Agressivo,Belize
20516,Facebook,2023-07-29,Não Convertido,,0.0,Moderado,Vietnam
20517,Orgânico,2023-07-29,Não Convertido,,0.0,Conservador,Solomon Islands
20518,Instagram,2023-07-28,Não Convertido,,0.0,Desconhecido,Liechtenstein
20519,WhatsApp,2023-07-27,Não Convertido,,0.0,Moderado,Liechtenstein
20520,WhatsApp,2023-07-28,Não Convertido,,0.0,Moderado,Wallis and Futuna
20521,E-mail Marketing,2023-07-24,Não Convertido,,0.0,Moderado,Thailand
20522,E-mail Marketing,2023-07-26,Não Convertido,,0.0,Moderado,Poland
20523,Facebook,2023-07-29,Não Convertido,,0.0,Moderado,Mozambique
20524,Indicação,2023-07-26,Não Convertido,,0.0,Conservador,Bangladesh
20525,Google Ads,2023-07-24,Não Convertido,,0.0,Agressivo,Oman
20526,Orgânico,2023-07-25,Não Convertido,,0.0,Moderado,Aruba
20527,E-mail Marketing,2023-07-24,Não Convertido,,0.0,Conservador,Germany
20528,TikTok,2023-07-25,Não Convertido,,0.0,Conservador,French Guiana
20529,Google Ads,2023-07-24,Não Convertido,,0.0,Moderado,Iceland
20530,E-mail Marketing,2023-07-27,Não Convertido,,0.0,Moderado,Trinidad and Tobago
20531,Facebook,2023-07-29,Não Convertido,,0.0,Conservador,Namibia
20532,TikTok,2023-07-25,Não Convertido,,0.0,Agressivo,Bangladesh
20533,WhatsApp,2023-07-27,Não Convertido,,0.0,Moderado,India
20534,Orgânico,2023-07-24,Não Convertido,,0.0,Agressivo,China
20535,E-mail Marketing,2023-07-27,Não Convertido,,0.0,Desconhecido,Burundi
20536,Orgânico,2023-07-24,Não Convertido,,0.0,Moderado,New Zealand
20537,TikTok,2023-07-25,Não Convertido,,0.0,Moderado,Mexico
20538,TikTok,2023-07-29,Não Convertido,,0.0,Moderado,Liechtenstein
20539,Instagram,2023-07-29,Não Convertido,,0.0,Moderado,Guatemala
20540,Google Ads,2023-07-25,Não Convertido,,0.0,Moderado,Germany
20541,Orgânico,2023-07-27,Não Convertido,,0.0,Moderado,Portugal
20542,YouTube Ads,2023-07-27,Não Convertido,,0.0,Agressivo,Uganda
20543,YouTube Ads,2023-07-26,Não Convertido,,0.0,Moderado,Pakistan
20544,Orgânico,2023-07-28,Não Convertido,,0.0,Moderado,Syrian Arab Republic
20545,Indicação,2023-07-27,Não Convertido,,0.0,Agressivo,Cuba
20546,TikTok,2023-07-28,Não Convertido,,0.0,Moderado,Guinea-Bissau
20547,Orgânico,2023-07-25,Não Convertido,,0.0,Agressivo,French Guiana
20548,WhatsApp,2023-07-26,Não Convertido,,0.0,Moderado,Taiwan
20549,Orgânico,2023-07-26,Não Convertido,,0.0,Conservador,French Polynesia
20550,TikTok,2023-07-27,Não Convertido,,0.0,Moderado,Christmas Island
20551,YouTube Ads,2023-07-29,Convertido,10.0,870.17,Moderado,Saint Pierre and Miquelon
20552,Facebook,2023-07-25,Não Convertido,,0.0,Desconhecido,Iceland
20553,E-mail Marketing,2023-07-26,Não Convertido,,0.0,Moderado,Slovakia (Slovak Republic)
20554,WhatsApp,2023-07-24,Não Convertido,,0.0,Moderado,Holy See (Vatican City State)
20555,Facebook,2023-07-28,Não Convertido,,0.0,Moderado,Guinea-Bissau
20556,YouTube Ads,2023-07-26,Não Convertido,,0.0,Moderado,United Kingdom
20557,E-mail Marketing,2023-07-27,Não Convertido,,0.0,Moderado,Kazakhstan
20558,WhatsApp,2023-07-29,Não Convertido,,0.0,Agressivo,Malta
20559,Google Ads,2023-07-25,Não Convertido,,0.0,Moderado,Burkina Faso
20560,Orgânico,2023-07-27,Não Convertido,,0.0,Agressivo,Burkina Faso
20561,TikTok,2023-07-26,Não Convertido,,0.0,Desconhecido,Ukraine
20562,WhatsApp,2023-07-25,Não Convertido,,0.0,Moderado,Yemen
20563,Facebook,2023-07-29,Não Convertido,,0.0,Agressivo,Andorra
20564,WhatsApp,2023-07-29,Não Convertido,,0.0,Agressivo,Jersey
20565,Orgânico,2023-07-25,Convertido,18.0,9831.21,Agressivo,Micronesia
20566,Google Ads,2023-07-29,Não Convertido,,0.0,Desconhecido,United States Virgin Islands
20567,Orgânico,2023-07-28,Não Convertido,,0.0,Agressivo,Albania
20568,TikTok,2023-07-27,Convertido,11.0,3855.62,Moderado,Qatar
20569,Instagram,2023-07-28,Não Convertido,,0.0,Moderado,Malta
20570,E-mail Marketing,2023-07-28,Não Convertido,,0.0,Moderado,Albania
20571,Google Ads,2023-07-28,Não Convertido,,0.0,Moderado,Belgium
20572,Facebook,2023-07-28,Não Convertido,,0.0,Agressivo,Namibia
20573,Orgânico,2023-07-28,Não Convertido,,0.0,Conservador,Mali
20574,Instagram,2023-07-27,Não Convertido,,0.0,Moderado,Austria
20575,Facebook,2023-07-28,Não Convertido,,0.0,Agressivo,Christmas Island
20576,Orgânico,2023-07-27,Não Convertido,,0.0,Moderado,French Southern Territories
20577,Google Ads,2023-07-26,Não Convertido,,0.0,Moderado,Lithuania
20578,WhatsApp,2023-07-29,Não Convertido,,0.0,Moderado,Norfolk Island
20579,YouTube Ads,2023-07-29,Não Convertido,,0.0,Moderado,Norway
20580,TikTok,2023-07-28,Convertido,30.0,3889.61,Conservador,Marshall Islands
20581,E-mail Marketing,2023-07-26,Não Convertido,,0.0,Agressivo,Macao
20582,Facebook,2023-07-24,Não Convertido,,0.0,Moderado,France
20583,Instagram,2023-07-29,Não Convertido,,0.0,Desconhecido,Fiji
20584,Indicação,2023-07-28,Não Convertido,,0.0,Agressivo,Libyan Arab Jamahiriya
20585,TikTok,2023-07-29,Não Convertido,,0.0,Conservador,Iran
20586,Google Ads,2023-07-26,Não Convertido,,0.0,Moderado,Peru
20587,YouTube Ads,2023-07-25,Não Convertido,,0.0,Moderado,Trinidad and Tobago
20588,Google Ads,2023-07-28,Não Convertido,,0.0,Desconhecido,Cocos (Keeling) Islands
20589,Facebook,2023-07-27,Não Convertido,,0.0,Agressivo,Somalia
20590,Facebook,2023-07-29,Não Convertido,,0.0,Moderado,Bahrain
20591,Orgânico,2023-07-28,Não Convertido,,0.0,Moderado,Jordan
20592,Indicação,2023-07-24,Não Convertido,,0.0,Moderado,Ukraine
20593,Instagram,2023-07-28,Não Convertido,,0.0,Conservador,Haiti
20594,Google Ads,2023-07-25,Não Convertido,,0.0,Desconhecido,Hungary
20595,Instagram,2023-07-26,Convertido,19.0,3335.63,Conservador,Fiji
20596,Google Ads,2023-07-26,Não Convertido,,0.0,Agressivo,Tanzania
20597,E-mail Marketing,2023-07-27,Não Convertido,,0.0,Agressivo,Solomon Islands
20598,Facebook,2023-07-25,Não Convertido,,0.0,Agressivo,Ghana
20599,Orgânico,2023-07-28,Convertido,11.0,3797.7,Conservador,Brazil
20600,TikTok,2023-07-27,Não Convertido,,0.0,Agressivo,Brazil
20601,E-mail Marketing,2023-07-26,Não Convertido,,0.0,Conservador,Netherlands
20602,Orgânico,2023-07-28,Não Convertido,,0.0,Conservador,Guadeloupe
20603,YouTube Ads,2023-07-26,Não Convertido,,0.0,Conservador,Georgia
20604,Facebook,2023-07-29,Não Convertido,,0.0,Moderado,British Indian Ocean Territory (Chagos Archipelago)
20605,Facebook,2023-07-25,Convertido,30.0,1640.77,Moderado,Egypt
20606,YouTube Ads,2023-07-25,Não Convertido,,0.0,Conservador,Ghana
20607,Facebook,2023-07-29,Não Convertido,,0.0,Moderado,Antigua and Barbuda
20608,E-mail Marketing,2023-07-25,Não Convertido,,0.0,Agressivo,Tanzania
20609,Orgânico,2023-07-25,Não Convertido,,0.0,Agressivo,France
20610,Facebook,2023-07-28,Não Convertido,,0.0,Conservador,Saint Barthelemy
20611,TikTok,2023-07-28,Não Convertido,,0.0,Desconhecido,Spain
20612,Orgânico,2023-07-28,Não Convertido,,0.0,Conservador,Italy
20613,Google Ads,2023-07-25,Não Convertido,,0.0,Agressivo,Antigua and Barbuda
20614,Instagram,2023-07-24,Não Convertido,,0.0,Conservador,Tokelau
20615,Google Ads,2023-07-25,Não Convertido,,0.0,Moderado,Albania
20616,E-mail Marketing,2023-07-25,Não Convertido,,0.0,Agressivo,North Macedonia
20617,Orgânico,2023-07-25,Não Convertido,,0.0,Agressivo,Isle of Man
20618,Orgânico,2023-07-24,Não Convertido,,0.0,Moderado,Belgium
20619,WhatsApp,2023-07-27,Não Convertido,,0.0,Agressivo,Lesotho
20620,Instagram,2023-07-27,Não Convertido,,0.0,Conservador,Saint Pierre and Miquelon
20621,E-mail Marketing,2023-07-28,Não Convertido,,0.0,Conservador,Suriname
20622,WhatsApp,2023-07-27,Não Convertido,,0.0,Conservador,Ecuador
20623,Orgânico,2023-07-29,Não Convertido,,0.0,Conservador,South Georgia and the South Sandwich Islands
20624,WhatsApp,2023-07-24,Não Convertido,,0.0,Conservador,Turkey
20625,Facebook,2023-07-24,Não Convertido,,0.0,Moderado,India
20626,Orgânico,2023-07-25,Não Convertido,,0.0,Agressivo,Timor-Leste
20627,Orgânico,2023-07-24,Não Convertido,,0.0,Conservador,Grenada
20628,WhatsApp,2023-07-25,Não Convertido,,0.0,Conservador,Barbados
20629,E-mail Marketing,2023-07-26,Não Convertido,,0.0,Agressivo,French Guiana
20630,TikTok,2023-07-29,Não Convertido,,0.0,Moderado,Uzbekistan
20631,Instagram,2023-07-24,Não Convertido,,0.0,Desconhecido,Somalia
20632,Orgânico,2023-07-29,Não Convertido,,0.0,Desconhecido,United Arab Emirates
20633,Google Ads,2023-07-28,Não Convertido,,0.0,Moderado,Maldives
20634,Indicação,2023-07-25,Não Convertido,,0.0,Moderado,United Arab Emirates
20635,Google Ads,2023-07-29,Não Convertido,,0.0,Agressivo,Austria
20636,Instagram,2023-07-24,Não Convertido,,0.0,Agressivo,New Zealand
20637,Orgânico,2023-07-27,Não Convertido,,0.0,Moderado,Poland
20638,WhatsApp,2023-07-26,Não Convertido,,0.0,Agressivo,Dominica
20639,Google Ads,2023-07-24,Não Convertido,,0.0,Moderado,Morocco
20640,Instagram,2023-07-28,Não Convertido,,0.0,Moderado,Slovenia
20641,Instagram,2023-07-29,Não Convertido,,0.0,Desconhecido,Moldova
20642,Google Ads,2023-07-26,Não Convertido,,0.0,Moderado,Czech Republic
20643,Instagram,2023-07-28,Não Convertido,,0.0,Moderado,Panama
20644,TikTok,2023-07-29,Não Convertido,,0.0,Agressivo,Romania
20645,YouTube Ads,2023-07-27,Não Convertido,,0.0,Agressivo,Turks and Caicos Islands
20646,Google Ads,2023-07-24,Não Convertido,,0.0,Conservador,Northern Mariana Islands
20647,TikTok,2023-07-26,Não Convertido,,0.0,Moderado,Tunisia
20648,WhatsApp,2023-07-27,Não Convertido,,0.0,Desconhecido,Congo
20649,Google Ads,2023-07-25,Não Convertido,,0.0,Agressivo,Albania
20650,TikTok,2023-07-29,Não Convertido,,0.0,Moderado,Andorra
20651,E-mail Marketing,2023-07-29,Convertido,14.0,1862.75,Conservador,Lao People's Democratic Republic
20652,Instagram,2023-07-29,Não Convertido,,0.0,Conservador,Kenya
20653,YouTube Ads,2023-07-29,Não Convertido,,0.0,Moderado,French Guiana
20654,YouTube Ads,2023-07-24,Não Convertido,,0.0,Moderado,Monaco
20655,Instagram,2023-07-29,Não Convertido,,0.0,Agressivo,Belgium
20656,WhatsApp,2023-07-27,Não Convertido,,0.0,Agressivo,Bahamas
20657,Orgânico,2023-07-28,Convertido,13.0,3781.36,Desconhecido,Pitcairn Islands
20658,YouTube Ads,2023-07-27,Não Convertido,,0.0,Moderado,Greece
20659,Facebook,2023-07-28,Não Convertido,,0.0,Agressivo,Bhutan
20660,E-mail Marketing,2023-07-25,Não Convertido,,0.0,Moderado,Hungary
20661,E-mail Marketing,2023-07-26,Não Convertido,,0.0,Moderado,Gibraltar
20662,WhatsApp,2023-07-25,Não Convertido,,0.0,Conservador,Sierra Leone
20663,Orgânico,2023-07-27,Não Convertido,,0.0,Desconhecido,Ethiopia
20664,Facebook,2023-07-28,Não Convertido,,0.0,Agressivo,Turks and Caicos Islands
20665,TikTok,2023-07-25,Não Convertido,,0.0,Agressivo,Lithuania
20666,TikTok,2023-07-27,Não Convertido,,0.0,Agressivo,French Southern Territories
20667,YouTube Ads,2023-07-25,Não Convertido,,0.0,Conservador,Cyprus
20668,Facebook,2023-07-29,Não Convertido,,0.0,Desconhecido,Greece
20669,Instagram,2023-07-28,Não Convertido,,0.0,Conservador,Brunei Darussalam
20670,Google Ads,2023-07-25,Não Convertido,,0.0,Moderado,Somalia
20671,Orgânico,2023-07-28,Não Convertido,,0.0,Moderado,Eritrea
20672,YouTube Ads,2023-07-28,Não Convertido,,0.0,Conservador,Philippines
20673,YouTube Ads,2023-07-27,Não Convertido,,0.0,Desconhecido,Papua New Guinea
20674,Google Ads,2023-07-28,Não Convertido,,0.0,Moderado,Martinique
20675,WhatsApp,2023-07-27,Não Convertido,,0.0,Conservador,Philippines
20676,Facebook,2023-07-28,Não Convertido,,0.0,Agressivo,Gabon
20677,Facebook,2023-07-28,Não Convertido,,0.0,Agressivo,Slovakia (Slovak Republic)
20678,E-mail Marketing,2023-07-27,Não Convertido,,0.0,Conservador,Bosnia and Herzegovina
20679,Orgânico,2023-07-28,Não Convertido,,0.0,Moderado,Cote d'Ivoire
20680,E-mail Marketing,2023-07-27,Não Convertido,,0.0,Agressivo,Kyrgyz Republic
20681,Facebook,2023-07-27,Não Convertido,,0.0,Moderado,Cote d'Ivoire
20682,Instagram,2023-07-24,Não Convertido,,0.0,Moderado,Monaco
20683,Google Ads,2023-07-28,Não Convertido,,0.0,Conservador,Greece
20684,Orgânico,2023-07-27,Não Convertido,,0.0,Moderado,Albania
20685,YouTube Ads,2023-07-25,Não Convertido,,0.0,Desconhecido,Chile
20686,TikTok,2023-07-29,Não Convertido,,0.0,Moderado,Guernsey
20687,Instagram,2023-07-26,Não Convertido,,0.0,Moderado,Romania
20688,Facebook,2023-07-25,Não Convertido,,0.0,Desconhecido,Cambodia
20689,YouTube Ads,2023-07-29,Não Convertido,,0.0,Agressivo,Eritrea
20690,Orgânico,2023-07-24,Não Convertido,,0.0,Moderado,Bhutan
20691,TikTok,2023-07-27,Não Convertido,,0.0,Moderado,Lebanon
20692,Facebook,2023-07-28,Não Convertido,,0.0,Conservador,Philippines
20693,Instagram,2023-07-26,Não Convertido,,0.0,Desconhecido,Cote d'Ivoire
20694,Instagram,2023-07-26,Não Convertido,,0.0,Moderado,Saint Pierre and Miquelon
20695,WhatsApp,2023-07-26,Não Convertido,,0.0,Agressivo,Moldova
20696,Instagram,2023-07-29,Não Convertido,,0.0,Conservador,Saint Pierre and Miquelon
20697,Google Ads,2023-07-25,Não Convertido,,0.0,Desconhecido,Singapore
20698,E-mail Marketing,2023-07-25,Não Convertido,,0.0,Moderado,Saint Lucia
20699,WhatsApp,2023-07-25,Não Convertido,,0.0,Agressivo,Greenland
20700,Orgânico,2023-07-29,Não Convertido,,0.0,Moderado,Antarctica (the territory South of 60 deg S)
20701,E-mail Marketing,2023-07-28,Não Convertido,,0.0,Conservador,Tuvalu
20702,TikTok,2023-07-29,Não Convertido,,0.0,Moderado,Netherlands
20703,Orgânico,2023-07-25,Não Convertido,,0.0,Agressivo,Palau
20704,TikTok,2023-07-26,Não Convertido,,0.0,Agressivo,Nauru
20705,YouTube Ads,2023-07-29,Não Convertido,,0.0,Moderado,Ireland
20706,Facebook,2023-07-28,Não Convertido,,0.0,Agressivo,El Salvador
20707,WhatsApp,2023-07-24,Não Convertido,,0.0,Moderado,Norfolk Island
20708,Facebook,2023-07-27,Convertido,22.0,1256.49,Moderado,Suriname
20709,Orgânico,2023-07-24,Não Convertido,,0.0,Moderado,Eritrea
20710,Facebook,2023-07-29,Não Convertido,,0.0,Conservador,Peru
20711,Instagram,2023-07-27,Não Convertido,,0.0,Agressivo,Gibraltar
20712,Instagram,2023-07-27,Não Convertido,,0.0,Conservador,Hungary
20713,Orgânico,2023-07-25,Não Convertido,,0.0,Desconhecido,Chad
20714,E-mail Marketing,2023-07-29,Não Convertido,,0.0,Conservador,Saint Barthelemy
20715,Orgânico,2023-07-26,Não Convertido,,0.0,Conservador,French Guiana
20716,E-mail Marketing,2023-07-28,Não Convertido,,0.0,Moderado,North Macedonia
20717,Google Ads,2023-07-24,Não Convertido,,0.0,Moderado,Serbia
20718,Instagram,2023-07-26,Não Convertido,,0.0,Agressivo,Dominica
20719,TikTok,2023-07-29,Não Convertido,,0.0,Agressivo,Timor-Leste
20720,Instagram,2023-07-24,Não Convertido,,0.0,Moderado,Finland
20721,WhatsApp,2023-07-29,Não Convertido,,0.0,Moderado,Russian Federation
20722,TikTok,2023-07-27,Convertido,1.0,341.17,Moderado,Malaysia
20723,WhatsApp,2023-07-27,Não Convertido,,0.0,Moderado,Timor-Leste
20724,Orgânico,2023-07-26,Não Convertido,,0.0,Moderado,United States of America
20725,Orgânico,2023-07-24,Não Convertido,,0.0,Moderado,Aruba
20726,Google Ads,2023-07-29,Não Convertido,,0.0,Conservador,Luxembourg
20727,Facebook,2023-07-29,Não Convertido,,0.0,Moderado,Gibraltar
20728,E-mail Marketing,2023-07-29,Não Convertido,,0.0,Moderado,Papua New Guinea
20729,YouTube Ads,2023-07-25,Não Convertido,,0.0,Moderado,Swaziland
20730,YouTube Ads,2023-07-28,Não Convertido,,0.0,Desconhecido,Guinea-Bissau
20731,Orgânico,2023-07-29,Não Convertido,,0.0,Agressivo,Afghanistan
20732,Orgânico,2023-07-25,Não Convertido,,0.0,Desconhecido,Papua New Guinea
20733,Orgânico,2023-07-24,Não Convertido,,0.0,Moderado,Northern Mariana Islands
20734,Google Ads,2023-07-24,Não Convertido,,0.0,Agressivo,Dominica
20735,E-mail Marketing,2023-07-24,Não Convertido,,0.0,Agressivo,Oman
20736,Google Ads,2023-07-24,Não Convertido,,0.0,Agressivo,Jersey
20737,Facebook,2023-07-24,Não Convertido,,0.0,Conservador,Aruba
20738,YouTube Ads,2023-07-28,Não Convertido,,0.0,Agressivo,Tonga
20739,YouTube Ads,2023-07-25,Não Convertido,,0.0,Moderado,Holy See (Vatican City State)
20740,TikTok,2023-07-24,Não Convertido,,0.0,Moderado,Nigeria
20741,Orgânico,2023-07-28,Não Convertido,,0.0,Agressivo,China
20742,Google Ads,2023-07-24,Não Convertido,,0.0,Agressivo,France
20743,Facebook,2023-07-26,Convertido,21.0,4902.42,Agressivo,Belize
20744,Google Ads,2023-07-27,Não Convertido,,0.0,Conservador,Nigeria
20745,WhatsApp,2023-07-29,Não Convertido,,0.0,Conservador,Saudi Arabia
20746,TikTok,2023-07-24,Não Convertido,,0.0,Agressivo,Honduras
20747,Orgânico,2023-07-25,Convertido,4.0,9635.81,Desconhecido,Yemen
20748,Google Ads,2023-07-25,Não Convertido,,0.0,Moderado,Morocco
20749,E-mail Marketing,2023-07-28,Não Convertido,,0.0,Moderado,Romania
20750,WhatsApp,2023-07-28,Não Convertido,,0.0,Desconhecido,Ghana
20751,Google Ads,2023-07-25,Não Convertido,,0.0,Desconhecido,Guinea-Bissau
20752,Facebook,2023-07-25,Não Convertido,,0.0,Agressivo,Brunei Darussalam
20753,E-mail Marketing,2023-07-25,Não Convertido,,0.0,Agressivo,Mali
20754,E-mail Marketing,2023-07-25,Não Convertido,,0.0,Desconhecido,Turks and Caicos Islands
20755,Google Ads,2023-07-28,Não Convertido,,0.0,Moderado,Eritrea
20756,Orgânico,2023-07-28,Convertido,30.0,277.81,Desconhecido,Trinidad and Tobago
20757,E-mail Marketing,2023-07-29,Não Convertido,,0.0,Conservador,Somalia
20758,Facebook,2023-07-29,Não Convertido,,0.0,Agressivo,Jordan
20759,YouTube Ads,2023-07-26,Não Convertido,,0.0,Conservador,South Africa
20760,Facebook,2023-07-29,Não Convertido,,0.0,Moderado,Japan
20761,E-mail Marketing,2023-07-24,Não Convertido,,0.0,Agressivo,Romania
20762,Orgânico,2023-07-28,Não Convertido,,0.0,Conservador,Jersey
20763,Orgânico,2023-07-25,Não Convertido,,0.0,Desconhecido,Papua New Guinea
20764,E-mail Marketing,2023-07-26,Não Convertido,,0.0,Agressivo,Zambia
20765,TikTok,2023-07-24,Não Convertido,,0.0,Agressivo,Sao Tome and Principe
20766,E-mail Marketing,2023-07-24,Convertido,5.0,8452.65,Moderado,United Arab Emirates
20767,E-mail Marketing,2023-07-26,Não Convertido,,0.0,Moderado,Mayotte
20768,Orgânico,2023-07-27,Não Convertido,,0.0,Moderado,Saint Martin
20769,Instagram,2023-07-27,Não Convertido,,0.0,Agressivo,Benin
20770,E-mail Marketing,2023-07-29,Não Convertido,,0.0,Agressivo,Martinique
20771,TikTok,2023-07-25,Não Convertido,,0.0,Moderado,Morocco
20772,Indicação,2023-07-29,Não Convertido,,0.0,Conservador,China
20773,YouTube Ads,2023-07-27,Convertido,29.0,3643.16,Agressivo,Montserrat
20774,Facebook,2023-07-24,Não Convertido,,0.0,Agressivo,Niger
20775,TikTok,2023-07-29,Não Convertido,,0.0,Agressivo,Iraq
20776,Instagram,2023-07-27,Não Convertido,,0.0,Agressivo,Qatar
20777,Orgânico,2023-07-29,Não Convertido,,0.0,Moderado,Madagascar
20778,Orgânico,2023-07-27,Não Convertido,,0.0,Conservador,Malaysia
20779,Google Ads,2023-07-27,Não Convertido,,0.0,Agressivo,Albania
20780,TikTok,2023-07-24,Não Convertido,,0.0,Conservador,Uruguay
20781,Orgânico,2023-07-28,Não Convertido,,0.0,Agressivo,Uruguay
20782,Orgânico,2023-07-28,Não Convertido,,0.0,Moderado,Gabon
20783,Indicação,2023-07-25,Não Convertido,,0.0,Conservador,Portugal
20784,Facebook,2023-07-27,Não Convertido,,0.0,Agressivo,Turks and Caicos Islands
20785,Orgânico,2023-07-27,Não Convertido,,0.0,Moderado,Seychelles
20786,TikTok,2023-07-27,Não Convertido,,0.0,Agressivo,Azerbaijan
20787,Instagram,2023-07-29,Convertido,13.0,8748.49,Agressivo,Russian Federation
20788,Instagram,2023-07-26,Não Convertido,,0.0,Moderado,Haiti
20789,Indicação,2023-07-27,Não Convertido,,0.0,Moderado,Malawi
20790,YouTube Ads,2023-07-26,Não Convertido,,0.0,Conservador,Brunei Darussalam
20791,Instagram,2023-07-25,Não Convertido,,0.0,Moderado,New Caledonia
20792,Instagram,2023-07-27,Não Convertido,,0.0,Conservador,Aruba
20793,WhatsApp,2023-07-26,Não Convertido,,0.0,Desconhecido,Brunei Darussalam
20794,Indicação,2023-07-28,Não Convertido,,0.0,Moderado,Dominican Republic
20795,Instagram,2023-07-26,Não Convertido,,0.0,Moderado,Kyrgyz Republic
20796,Orgânico,2023-07-28,Não Convertido,,0.0,Agressivo,Norfolk Island
20797,Facebook,2023-07-24,Não Convertido,,0.0,Conservador,Lao People's Democratic Republic
20798,E-mail Marketing,2023-07-25,Não Convertido,,0.0,Moderado,Canada
20799,TikTok,2023-07-27,Não Convertido,,0.0,Agressivo,Bahamas
20800,Orgânico,2023-07-26,Não Convertido,,0.0,Moderado,Bermuda
20801,Facebook,2023-07-27,Não Convertido,,0.0,Moderado,Suriname
20802,Google Ads,2023-07-27,Não Convertido,,0.0,Moderado,Monaco
20803,TikTok,2023-07-27,Não Convertido,,0.0,Agressivo,Saint Pierre and Miquelon
20804,Instagram,2023-07-24,Não Convertido,,0.0,Agressivo,Kenya
20805,E-mail Marketing,2023-07-28,Não Convertido,,0.0,Moderado,Puerto Rico
20806,Facebook,2023-07-27,Não Convertido,,0.0,Agressivo,Vietnam
20807,TikTok,2023-07-28,Não Convertido,,0.0,Moderado,Armenia
20808,Google Ads,2023-07-28,Não Convertido,,0.0,Agressivo,Bulgaria
20809,Instagram,2023-07-26,Não Convertido,,0.0,Conservador,Benin
20810,Orgânico,2023-07-25,Não Convertido,,0.0,Moderado,Burundi
20811,Google Ads,2023-07-24,Não Convertido,,0.0,Moderado,Armenia
20812,YouTube Ads,2023-07-27,Não Convertido,,0.0,Conservador,Iran
20813,TikTok,2023-07-28,Não Convertido,,0.0,Conservador,Niue
20814,Orgânico,2023-07-24,Não Convertido,,0.0,Agressivo,Armenia
20815,Orgânico,2023-07-25,Não Convertido,,0.0,Moderado,Seychelles
20816,Facebook,2023-07-29,Não Convertido,,0.0,Agressivo,British Virgin Islands
20817,Google Ads,2023-07-26,Não Convertido,,0.0,Agressivo,Aruba
20818,Instagram,2023-07-28,Não Convertido,,0.0,Moderado,Ukraine
20819,WhatsApp,2023-07-26,Não Convertido,,0.0,Agressivo,United Kingdom
20820,TikTok,2023-07-27,Não Convertido,,0.0,Moderado,South Georgia and the South Sandwich Islands
20821,E-mail Marketing,2023-07-29,Não Convertido,,0.0,Moderado,Chad
20822,Indicação,2023-07-27,Não Convertido,,0.0,Agressivo,Italy
20823,WhatsApp,2023-07-25,Não Convertido,,0.0,Agressivo,Afghanistan
20824,E-mail Marketing,2023-07-24,Convertido,15.0,744.41,Conservador,Armenia
20825,Facebook,2023-07-29,Não Convertido,,0.0,Agressivo,Myanmar
20826,Instagram,2023-07-26,Não Convertido,,0.0,Moderado,Burkina Faso
20827,Google Ads,2023-07-27,Não Convertido,,0.0,Moderado,Mali
20828,TikTok,2023-07-27,Não Convertido,,0.0,Agressivo,Estonia
20829,YouTube Ads,2023-07-27,Não Convertido,,0.0,Desconhecido,Cape Verde
20830,Facebook,2023-07-27,Não Convertido,,0.0,Agressivo,Switzerland
20831,WhatsApp,2023-07-25,Não Convertido,,0.0,Moderado,Yemen
20832,Facebook,2023-07-25,Não Convertido,,0.0,Moderado,Northern Mariana Islands
20833,Orgânico,2023-07-27,Não Convertido,,0.0,Moderado,Cook Islands
20834,Google Ads,2023-07-29,Não Convertido,,0.0,Agressivo,Mexico
20835,Orgânico,2023-07-25,Não Convertido,,0.0,Agressivo,Saint Pierre and Miquelon
20836,Indicação,2023-07-28,Não Convertido,,0.0,Conservador,Iran
20837,Orgânico,2023-07-26,Não Convertido,,0.0,Moderado,Armenia
20838,Google Ads,2023-07-25,Não Convertido,,0.0,Agressivo,Korea
20839,E-mail Marketing,2023-07-28,Não Convertido,,0.0,Agressivo,United Kingdom
20840,Google Ads,2023-07-28,Não Convertido,,0.0,Agressivo,Wallis and Futuna
20841,Orgânico,2023-07-25,Não Convertido,,0.0,Conservador,Ethiopia
