lead_id,origem,data_cadastro,status_conversao,dias_ate_1o_trade,valor_deposito,perfil,pais
72998,TikTok,2024-02-17,Não Convertido,,0.0,Agressivo,Marshall Islands
72999,WhatsApp,2024-02-15,Não Convertido,,0.0,Desconhecido,Botswana
73000,Facebook,2024-02-16,Não Convertido,,0.0,Conservador,Isle of Man
73001,Indicação,2024-02-17,Não Convertido,,0.0,Agressivo,Grenada
73002,Orgânico,2024-02-17,Não Convertido,,0.0,Agressivo,Mayotte
73003,WhatsApp,2024-02-13,Não Convertido,,0.0,Moderado,Saudi Arabia
73004,Instagram,2024-02-17,Não Convertido,,0.0,Conservador,Brazil
73005,TikTok,2024-02-14,Convertido,0.0,566.95,Agressivo,Suriname
73006,TikTok,2024-02-12,Não Convertido,,0.0,Moderado,Heard Island and McDonald Islands
73007,WhatsApp,2024-02-13,Não Convertido,,0.0,Conservador,Faroe Islands
73008,YouTube Ads,2024-02-15,Não Convertido,,0.0,Moderado,Papua New Guinea
73009,Orgânico,2024-02-14,Não Convertido,,0.0,Agressivo,Gambia
73010,TikTok,2024-02-16,Não Convertido,,0.0,Desconhecido,Sweden
73011,Google Ads,2024-02-15,Convertido,14.0,291.02,Conservador,Germany
73012,TikTok,2024-02-12,Não Convertido,,0.0,Moderado,Switzerland
73013,E-mail Marketing,2024-02-17,Não Convertido,,0.0,Moderado,Panama
73014,TikTok,2024-02-12,Não Convertido,,0.0,Moderado,Saint Pierre and Miquelon
73015,Orgânico,2024-02-16,Não Convertido,,0.0,Conservador,Somalia
73016,Orgânico,2024-02-12,Não Convertido,,0.0,Conservador,Serbia
73017,Instagram,2024-02-15,Não Convertido,,0.0,Conservador,Canada
73018,Google Ads,2024-02-12,Não Convertido,,0.0,Moderado,United Kingdom
73019,Instagram,2024-02-15,Não Convertido,,0.0,Moderado,Cook Islands
73020,YouTube Ads,2024-02-13,Não Convertido,,0.0,Conservador,Anguilla
73021,YouTube Ads,2024-02-12,Não Convertido,,0.0,Moderado,India
73022,Orgânico,2024-02-14,Não Convertido,,0.0,Moderado,Mexico
73023,Orgânico,2024-02-12,Não Convertido,,0.0,Conservador,United Arab Emirates
73024,Orgânico,2024-02-13,Não Convertido,,0.0,Moderado,Spain
73025,Google Ads,2024-02-17,Não Convertido,,0.0,Conservador,Niue
73026,TikTok,2024-02-17,Não Convertido,,0.0,Agressivo,Georgia
73027,YouTube Ads,2024-02-15,Não Convertido,,0.0,Moderado,Korea
73028,TikTok,2024-02-12,Não Convertido,,0.0,Moderado,Iran
73029,Google Ads,2024-02-15,Não Convertido,,0.0,Moderado,Monaco
73030,Instagram,2024-02-17,Não Convertido,,0.0,Agressivo,Slovakia (Slovak Republic)
73031,Instagram,2024-02-12,Não Convertido,,0.0,Moderado,New Zealand
73032,Google Ads,2024-02-15,Não Convertido,,0.0,Conservador,Peru
73033,Facebook,2024-02-14,Não Convertido,,0.0,Moderado,Moldova
73034,YouTube Ads,2024-02-16,Não Convertido,,0.0,Agressivo,San Marino
73035,E-mail Marketing,2024-02-14,Não Convertido,,0.0,Agressivo,United States Minor Outlying Islands
73036,TikTok,2024-02-17,Não Convertido,,0.0,Conservador,Cyprus
73037,Orgânico,2024-02-15,Não Convertido,,0.0,Moderado,Puerto Rico
73038,Instagram,2024-02-16,Não Convertido,,0.0,Moderado,Russian Federation
73039,Google Ads,2024-02-16,Não Convertido,,0.0,Moderado,Chile
73040,Instagram,2024-02-12,Não Convertido,,0.0,Moderado,Costa Rica
73041,Indicação,2024-02-16,Não Convertido,,0.0,Agressivo,Czech Republic
73042,Instagram,2024-02-13,Não Convertido,,0.0,Moderado,Austria
73043,YouTube Ads,2024-02-14,Não Convertido,,0.0,Agressivo,Bahamas
73044,Indicação,2024-02-15,Não Convertido,,0.0,Conservador,Niue
73045,Instagram,2024-02-12,Não Convertido,,0.0,Moderado,Panama
73046,Orgânico,2024-02-17,Não Convertido,,0.0,Moderado,Namibia
73047,Instagram,2024-02-15,Não Convertido,,0.0,Agressivo,Norfolk Island
73048,Instagram,2024-02-13,Não Convertido,,0.0,Moderado,Botswana
73049,Instagram,2024-02-17,Não Convertido,,0.0,Moderado,Thailand
73050,E-mail Marketing,2024-02-15,Não Convertido,,0.0,Desconhecido,Korea
73051,Orgânico,2024-02-12,Não Convertido,,0.0,Agressivo,China
73052,Indicação,2024-02-16,Não Convertido,,0.0,Moderado,Algeria
73053,WhatsApp,2024-02-17,Não Convertido,,0.0,Moderado,Azerbaijan
73054,Orgânico,2024-02-17,Não Convertido,,0.0,Moderado,Mayotte
73055,TikTok,2024-02-14,Não Convertido,,0.0,Moderado,Saint Kitts and Nevis
73056,TikTok,2024-02-13,Não Convertido,,0.0,Moderado,Poland
73057,YouTube Ads,2024-02-15,Não Convertido,,0.0,Agressivo,Saint Pierre and Miquelon
73058,TikTok,2024-02-16,Não Convertido,,0.0,Moderado,South Georgia and the South Sandwich Islands
73059,TikTok,2024-02-15,Convertido,15.0,5681.7,Moderado,Isle of Man
73060,E-mail Marketing,2024-02-13,Não Convertido,,0.0,Conservador,Qatar
73061,Orgânico,2024-02-14,Não Convertido,,0.0,Conservador,Congo
73062,Instagram,2024-02-15,Não Convertido,,0.0,Agressivo,Dominica
73063,YouTube Ads,2024-02-13,Não Convertido,,0.0,Moderado,Tanzania
73064,Orgânico,2024-02-13,Não Convertido,,0.0,Desconhecido,Congo
73065,TikTok,2024-02-12,Não Convertido,,0.0,Moderado,Djibouti
73066,Instagram,2024-02-13,Não Convertido,,0.0,Conservador,Russian Federation
73067,Instagram,2024-02-15,Não Convertido,,0.0,Agressivo,Mongolia
73068,Instagram,2024-02-16,Não Convertido,,0.0,Moderado,Barbados
73069,TikTok,2024-02-14,Não Convertido,,0.0,Conservador,Papua New Guinea
73070,E-mail Marketing,2024-02-15,Não Convertido,,0.0,Conservador,Latvia
73071,YouTube Ads,2024-02-16,Não Convertido,,0.0,Agressivo,Liechtenstein
73072,Facebook,2024-02-12,Não Convertido,,0.0,Moderado,Australia
73073,Instagram,2024-02-16,Não Convertido,,0.0,Conservador,United States of America
73074,TikTok,2024-02-14,Não Convertido,,0.0,Moderado,French Polynesia
73075,WhatsApp,2024-02-12,Não Convertido,,0.0,Conservador,Iran
73076,Instagram,2024-02-16,Não Convertido,,0.0,Agressivo,Jordan
73077,YouTube Ads,2024-02-14,Não Convertido,,0.0,Agressivo,Myanmar
73078,Instagram,2024-02-14,Não Convertido,,0.0,Conservador,Suriname
73079,Orgânico,2024-02-14,Não Convertido,,0.0,Moderado,Bangladesh
73080,Orgânico,2024-02-12,Convertido,20.0,1389.88,Moderado,Ghana
73081,Facebook,2024-02-14,Não Convertido,,0.0,Agressivo,Brazil
73082,Instagram,2024-02-17,Não Convertido,,0.0,Agressivo,France
73083,Facebook,2024-02-14,Não Convertido,,0.0,Moderado,Guyana
73084,Instagram,2024-02-17,Não Convertido,,0.0,Moderado,Panama
73085,TikTok,2024-02-12,Não Convertido,,0.0,Desconhecido,Sweden
73086,YouTube Ads,2024-02-13,Não Convertido,,0.0,Agressivo,Netherlands Antilles
73087,Google Ads,2024-02-12,Não Convertido,,0.0,Conservador,Christmas Island
73088,Facebook,2024-02-12,Não Convertido,,0.0,Moderado,Nauru
73089,Google Ads,2024-02-17,Não Convertido,,0.0,Moderado,Afghanistan
73090,YouTube Ads,2024-02-16,Não Convertido,,0.0,Moderado,Argentina
73091,Instagram,2024-02-17,Convertido,3.0,1408.58,Moderado,Latvia
73092,Orgânico,2024-02-14,Não Convertido,,0.0,Agressivo,Heard Island and McDonald Islands
73093,TikTok,2024-02-15,Não Convertido,,0.0,Agressivo,Afghanistan
73094,E-mail Marketing,2024-02-16,Não Convertido,,0.0,Agressivo,Gambia
73095,TikTok,2024-02-14,Não Convertido,,0.0,Agressivo,San Marino
73096,Google Ads,2024-02-17,Não Convertido,,0.0,Moderado,French Southern Territories
73097,Orgânico,2024-02-15,Não Convertido,,0.0,Agressivo,Slovakia (Slovak Republic)
73098,Instagram,2024-02-17,Não Convertido,,0.0,Moderado,New Zealand
73099,Orgânico,2024-02-15,Convertido,4.0,139.04,Moderado,Denmark
73100,Instagram,2024-02-13,Não Convertido,,0.0,Moderado,Wallis and Futuna
73101,TikTok,2024-02-16,Não Convertido,,0.0,Agressivo,Israel
73102,YouTube Ads,2024-02-17,Não Convertido,,0.0,Agressivo,Cocos (Keeling) Islands
73103,WhatsApp,2024-02-13,Não Convertido,,0.0,Moderado,French Southern Territories
73104,Google Ads,2024-02-17,Não Convertido,,0.0,Moderado,Serbia
73105,Instagram,2024-02-15,Não Convertido,,0.0,Desconhecido,Malta
73106,Orgânico,2024-02-14,Não Convertido,,0.0,Conservador,Cambodia
73107,Facebook,2024-02-16,Não Convertido,,0.0,Moderado,Bahrain
73108,Orgânico,2024-02-16,Não Convertido,,0.0,Conservador,Tonga
73109,TikTok,2024-02-13,Não Convertido,,0.0,Desconhecido,Liechtenstein
73110,Instagram,2024-02-13,Não Convertido,,0.0,Agressivo,Jordan
73111,Instagram,2024-02-13,Não Convertido,,0.0,Agressivo,Switzerland
73112,Orgânico,2024-02-13,Não Convertido,,0.0,Moderado,Eritrea
73113,WhatsApp,2024-02-17,Não Convertido,,0.0,Agressivo,Uzbekistan
73114,Facebook,2024-02-14,Não Convertido,,0.0,Agressivo,Morocco
73115,E-mail Marketing,2024-02-13,Não Convertido,,0.0,Moderado,Holy See (Vatican City State)
73116,TikTok,2024-02-12,Não Convertido,,0.0,Conservador,Ethiopia
73117,Facebook,2024-02-12,Não Convertido,,0.0,Moderado,American Samoa
73118,Google Ads,2024-02-17,Não Convertido,,0.0,Moderado,Svalbard & Jan Mayen Islands
73119,YouTube Ads,2024-02-15,Não Convertido,,0.0,Moderado,Reunion
73120,YouTube Ads,2024-02-16,Não Convertido,,0.0,Desconhecido,India
73121,E-mail Marketing,2024-02-17,Não Convertido,,0.0,Agressivo,Cayman Islands
73122,Google Ads,2024-02-14,Não Convertido,,0.0,Moderado,Sweden
73123,Google Ads,2024-02-15,Não Convertido,,0.0,Moderado,Fiji
73124,Facebook,2024-02-15,Não Convertido,,0.0,Agressivo,Iran
73125,Facebook,2024-02-14,Convertido,22.0,5852.2,Agressivo,Barbados
73126,YouTube Ads,2024-02-16,Convertido,21.0,4334.23,Moderado,Cook Islands
73127,Facebook,2024-02-15,Não Convertido,,0.0,Desconhecido,Fiji
73128,TikTok,2024-02-12,Não Convertido,,0.0,Conservador,Pakistan
73129,Facebook,2024-02-17,Não Convertido,,0.0,Moderado,Cameroon
73130,Google Ads,2024-02-12,Não Convertido,,0.0,Conservador,San Marino
73131,Orgânico,2024-02-17,Não Convertido,,0.0,Agressivo,Gibraltar
73132,E-mail Marketing,2024-02-15,Não Convertido,,0.0,Conservador,Tanzania
73133,TikTok,2024-02-16,Não Convertido,,0.0,Moderado,Sweden
73134,Orgânico,2024-02-14,Não Convertido,,0.0,Moderado,Ukraine
73135,WhatsApp,2024-02-12,Não Convertido,,0.0,Conservador,Bhutan
73136,Facebook,2024-02-15,Não Convertido,,0.0,Moderado,Iceland
73137,Indicação,2024-02-14,Não Convertido,,0.0,Conservador,Ethiopia
73138,Instagram,2024-02-13,Não Convertido,,0.0,Agressivo,Sierra Leone
73139,Google Ads,2024-02-15,Não Convertido,,0.0,Moderado,Belarus
73140,WhatsApp,2024-02-13,Não Convertido,,0.0,Conservador,Romania
73141,Instagram,2024-02-14,Não Convertido,,0.0,Moderado,Marshall Islands
73142,Google Ads,2024-02-14,Não Convertido,,0.0,Agressivo,Isle of Man
73143,WhatsApp,2024-02-15,Não Convertido,,0.0,Agressivo,Slovakia (Slovak Republic)
73144,Instagram,2024-02-12,Não Convertido,,0.0,Agressivo,Czech Republic
73145,Facebook,2024-02-14,Não Convertido,,0.0,Conservador,Egypt
73146,Instagram,2024-02-15,Não Convertido,,0.0,Agressivo,Equatorial Guinea
73147,TikTok,2024-02-12,Não Convertido,,0.0,Moderado,Saint Helena
73148,Orgânico,2024-02-16,Não Convertido,,0.0,Moderado,Oman
73149,YouTube Ads,2024-02-13,Não Convertido,,0.0,Conservador,Timor-Leste
73150,YouTube Ads,2024-02-12,Não Convertido,,0.0,Agressivo,Switzerland
73151,WhatsApp,2024-02-12,Não Convertido,,0.0,Moderado,Libyan Arab Jamahiriya
73152,Instagram,2024-02-14,Não Convertido,,0.0,Conservador,Indonesia
73153,Instagram,2024-02-16,Convertido,23.0,5465.17,Desconhecido,New Caledonia
73154,TikTok,2024-02-15,Não Convertido,,0.0,Conservador,Panama
73155,Indicação,2024-02-16,Não Convertido,,0.0,Moderado,Tanzania
73156,YouTube Ads,2024-02-12,Não Convertido,,0.0,Moderado,North Macedonia
73157,YouTube Ads,2024-02-13,Não Convertido,,0.0,Agressivo,Hungary
73158,E-mail Marketing,2024-02-12,Não Convertido,,0.0,Agressivo,Egypt
73159,Orgânico,2024-02-15,Não Convertido,,0.0,Moderado,Bahrain
73160,Orgânico,2024-02-15,Não Convertido,,0.0,Desconhecido,Liechtenstein
73161,Facebook,2024-02-15,Não Convertido,,0.0,Conservador,Mali
73162,TikTok,2024-02-17,Não Convertido,,0.0,Moderado,Antigua and Barbuda
73163,TikTok,2024-02-12,Não Convertido,,0.0,Moderado,Nigeria
73164,Instagram,2024-02-14,Não Convertido,,0.0,Moderado,Comoros
73165,Instagram,2024-02-16,Não Convertido,,0.0,Agressivo,Congo
73166,E-mail Marketing,2024-02-16,Não Convertido,,0.0,Conservador,Argentina
73167,Orgânico,2024-02-17,Não Convertido,,0.0,Conservador,Tokelau
73168,Indicação,2024-02-12,Não Convertido,,0.0,Desconhecido,Australia
73169,E-mail Marketing,2024-02-16,Não Convertido,,0.0,Conservador,Iran
73170,WhatsApp,2024-02-17,Não Convertido,,0.0,Agressivo,Belize
73171,TikTok,2024-02-17,Não Convertido,,0.0,Moderado,Germany
73172,Orgânico,2024-02-17,Não Convertido,,0.0,Agressivo,Bolivia
73173,Indicação,2024-02-17,Não Convertido,,0.0,Conservador,Mongolia
73174,Google Ads,2024-02-14,Não Convertido,,0.0,Desconhecido,Maldives
73175,Google Ads,2024-02-13,Não Convertido,,0.0,Conservador,Kiribati
73176,Orgânico,2024-02-16,Não Convertido,,0.0,Conservador,Swaziland
73177,TikTok,2024-02-15,Convertido,26.0,3873.6,Moderado,Wallis and Futuna
73178,TikTok,2024-02-15,Não Convertido,,0.0,Moderado,Holy See (Vatican City State)
73179,YouTube Ads,2024-02-15,Não Convertido,,0.0,Agressivo,Uruguay
73180,Google Ads,2024-02-15,Convertido,23.0,1306.89,Moderado,Oman
73181,Facebook,2024-02-17,Não Convertido,,0.0,Desconhecido,Central African Republic
73182,Orgânico,2024-02-12,Não Convertido,,0.0,Agressivo,Samoa
73183,Indicação,2024-02-13,Não Convertido,,0.0,Moderado,Palau
73184,Google Ads,2024-02-12,Não Convertido,,0.0,Agressivo,Argentina
73185,WhatsApp,2024-02-15,Não Convertido,,0.0,Conservador,Malta
73186,Orgânico,2024-02-12,Não Convertido,,0.0,Agressivo,Ethiopia
73187,Google Ads,2024-02-17,Não Convertido,,0.0,Conservador,Montserrat
73188,Orgânico,2024-02-15,Não Convertido,,0.0,Conservador,Brazil
73189,YouTube Ads,2024-02-13,Não Convertido,,0.0,Moderado,Malta
73190,Google Ads,2024-02-15,Não Convertido,,0.0,Moderado,Cuba
73191,E-mail Marketing,2024-02-13,Não Convertido,,0.0,Agressivo,China
73192,Orgânico,2024-02-14,Não Convertido,,0.0,Moderado,Norway
73193,Google Ads,2024-02-16,Não Convertido,,0.0,Moderado,Cayman Islands
73194,E-mail Marketing,2024-02-16,Não Convertido,,0.0,Desconhecido,Guinea
73195,Instagram,2024-02-17,Não Convertido,,0.0,Desconhecido,Saint Kitts and Nevis
73196,Orgânico,2024-02-12,Não Convertido,,0.0,Conservador,Indonesia
73197,YouTube Ads,2024-02-14,Não Convertido,,0.0,Agressivo,Vanuatu
73198,Instagram,2024-02-13,Não Convertido,,0.0,Agressivo,Cameroon
73199,Orgânico,2024-02-17,Não Convertido,,0.0,Agressivo,Norway
73200,Orgânico,2024-02-12,Não Convertido,,0.0,Moderado,Armenia
73201,Instagram,2024-02-15,Não Convertido,,0.0,Agressivo,Palestinian Territory
73202,TikTok,2024-02-15,Não Convertido,,0.0,Moderado,New Caledonia
73203,Instagram,2024-02-16,Não Convertido,,0.0,Moderado,Suriname
73204,Facebook,2024-02-17,Não Convertido,,0.0,Moderado,Bermuda
73205,WhatsApp,2024-02-14,Não Convertido,,0.0,Conservador,Senegal
73206,E-mail Marketing,2024-02-17,Não Convertido,,0.0,Moderado,Palau
73207,WhatsApp,2024-02-16,Não Convertido,,0.0,Agressivo,Cocos (Keeling) Islands
73208,Instagram,2024-02-13,Não Convertido,,0.0,Conservador,Maldives
73209,Indicação,2024-02-15,Não Convertido,,0.0,Agressivo,Cayman Islands
73210,Orgânico,2024-02-12,Não Convertido,,0.0,Agressivo,Guernsey
73211,E-mail Marketing,2024-02-12,Não Convertido,,0.0,Agressivo,Aruba
73212,TikTok,2024-02-15,Não Convertido,,0.0,Moderado,Slovenia
73213,E-mail Marketing,2024-02-17,Não Convertido,,0.0,Agressivo,Cayman Islands
73214,TikTok,2024-02-17,Não Convertido,,0.0,Agressivo,Saint Lucia
73215,Orgânico,2024-02-17,Não Convertido,,0.0,Moderado,Hungary
73216,Google Ads,2024-02-14,Não Convertido,,0.0,Conservador,Eritrea
73217,TikTok,2024-02-14,Não Convertido,,0.0,Conservador,Ukraine
73218,Orgânico,2024-02-15,Não Convertido,,0.0,Conservador,Reunion
73219,Orgânico,2024-02-12,Não Convertido,,0.0,Moderado,Iran
73220,Orgânico,2024-02-14,Não Convertido,,0.0,Desconhecido,Switzerland
73221,E-mail Marketing,2024-02-16,Não Convertido,,0.0,Agressivo,Slovenia
73222,TikTok,2024-02-16,Não Convertido,,0.0,Agressivo,Cape Verde
73223,Instagram,2024-02-16,Não Convertido,,0.0,Moderado,Malaysia
73224,Orgânico,2024-02-17,Não Convertido,,0.0,Agressivo,Lebanon
73225,E-mail Marketing,2024-02-12,Não Convertido,,0.0,Moderado,Cameroon
73226,E-mail Marketing,2024-02-17,Não Convertido,,0.0,Conservador,Faroe Islands
73227,Google Ads,2024-02-15,Não Convertido,,0.0,Agressivo,Peru
73228,Orgânico,2024-02-16,Não Convertido,,0.0,Agressivo,French Southern Territories
73229,TikTok,2024-02-17,Não Convertido,,0.0,Agressivo,Solomon Islands
73230,TikTok,2024-02-17,Não Convertido,,0.0,Desconhecido,Czech Republic
73231,WhatsApp,2024-02-15,Não Convertido,,0.0,Moderado,Canada
73232,Instagram,2024-02-17,Não Convertido,,0.0,Moderado,Samoa
73233,Orgânico,2024-02-12,Não Convertido,,0.0,Moderado,Falkland Islands (Malvinas)
73234,Google Ads,2024-02-15,Não Convertido,,0.0,Moderado,Tajikistan
73235,Indicação,2024-02-17,Não Convertido,,0.0,Agressivo,Mayotte
73236,Facebook,2024-02-13,Não Convertido,,0.0,Moderado,Cambodia
73237,Google Ads,2024-02-14,Não Convertido,,0.0,Moderado,Iraq
73238,Google Ads,2024-02-14,Não Convertido,,0.0,Desconhecido,Serbia
73239,TikTok,2024-02-17,Não Convertido,,0.0,Agressivo,Norway
73240,WhatsApp,2024-02-15,Não Convertido,,0.0,Desconhecido,Swaziland
73241,TikTok,2024-02-15,Convertido,4.0,850.04,Conservador,Puerto Rico
73242,E-mail Marketing,2024-02-16,Não Convertido,,0.0,Moderado,Pitcairn Islands
73243,Instagram,2024-02-17,Não Convertido,,0.0,Agressivo,South Africa
73244,WhatsApp,2024-02-17,Convertido,5.0,797.86,Conservador,Haiti
73245,WhatsApp,2024-02-13,Não Convertido,,0.0,Moderado,India
73246,Instagram,2024-02-15,Não Convertido,,0.0,Agressivo,Venezuela
73247,Google Ads,2024-02-15,Não Convertido,,0.0,Conservador,Macao
73248,E-mail Marketing,2024-02-16,Não Convertido,,0.0,Moderado,Maldives
73249,Orgânico,2024-02-16,Não Convertido,,0.0,Conservador,Mexico
73250,TikTok,2024-02-12,Não Convertido,,0.0,Agressivo,Trinidad and Tobago
73251,TikTok,2024-02-14,Não Convertido,,0.0,Agressivo,Jordan
73252,Google Ads,2024-02-16,Não Convertido,,0.0,Moderado,Tokelau
73253,WhatsApp,2024-02-17,Não Convertido,,0.0,Conservador,Peru
73254,TikTok,2024-02-16,Não Convertido,,0.0,Agressivo,Martinique
73255,TikTok,2024-02-12,Não Convertido,,0.0,Moderado,Suriname
73256,Orgânico,2024-02-14,Não Convertido,,0.0,Agressivo,Australia
73257,WhatsApp,2024-02-12,Não Convertido,,0.0,Moderado,Fiji
73258,YouTube Ads,2024-02-17,Não Convertido,,0.0,Desconhecido,Saint Kitts and Nevis
73259,WhatsApp,2024-02-17,Não Convertido,,0.0,Moderado,Vanuatu
73260,YouTube Ads,2024-02-13,Não Convertido,,0.0,Moderado,Senegal
73261,YouTube Ads,2024-02-14,Não Convertido,,0.0,Moderado,Angola
73262,E-mail Marketing,2024-02-12,Não Convertido,,0.0,Moderado,Gabon
73263,TikTok,2024-02-16,Não Convertido,,0.0,Agressivo,Antarctica (the territory South of 60 deg S)
73264,Instagram,2024-02-13,Não Convertido,,0.0,Moderado,Uzbekistan
73265,YouTube Ads,2024-02-12,Não Convertido,,0.0,Moderado,Saint Pierre and Miquelon
73266,Google Ads,2024-02-12,Não Convertido,,0.0,Conservador,Luxembourg
73267,Facebook,2024-02-15,Não Convertido,,0.0,Conservador,Ghana
73268,Instagram,2024-02-12,Não Convertido,,0.0,Moderado,Saint Pierre and Miquelon
73269,Orgânico,2024-02-14,Não Convertido,,0.0,Conservador,Israel
73270,Facebook,2024-02-12,Não Convertido,,0.0,Agressivo,Central African Republic
73271,Google Ads,2024-02-12,Não Convertido,,0.0,Conservador,Solomon Islands
73272,E-mail Marketing,2024-02-12,Não Convertido,,0.0,Moderado,Gibraltar
73273,Indicação,2024-02-12,Convertido,24.0,4546.6,Moderado,Maldives
73274,Google Ads,2024-02-15,Não Convertido,,0.0,Moderado,Japan
73275,Orgânico,2024-02-15,Não Convertido,,0.0,Agressivo,North Macedonia
73276,E-mail Marketing,2024-02-13,Não Convertido,,0.0,Conservador,Saint Barthelemy
73277,E-mail Marketing,2024-02-14,Não Convertido,,0.0,Moderado,Nauru
73278,Instagram,2024-02-14,Não Convertido,,0.0,Moderado,Western Sahara
73279,Orgânico,2024-02-13,Não Convertido,,0.0,Moderado,Trinidad and Tobago
73280,TikTok,2024-02-15,Não Convertido,,0.0,Conservador,Sri Lanka
73281,TikTok,2024-02-16,Não Convertido,,0.0,Moderado,Liberia
73282,YouTube Ads,2024-02-15,Não Convertido,,0.0,Agressivo,Japan
73283,Orgânico,2024-02-17,Não Convertido,,0.0,Agressivo,Christmas Island
73284,YouTube Ads,2024-02-13,Não Convertido,,0.0,Agressivo,Bhutan
73285,YouTube Ads,2024-02-13,Não Convertido,,0.0,Conservador,Hong Kong
73286,Orgânico,2024-02-14,Não Convertido,,0.0,Conservador,Ukraine
73287,Facebook,2024-02-17,Não Convertido,,0.0,Agressivo,Puerto Rico
73288,WhatsApp,2024-02-13,Não Convertido,,0.0,Conservador,United States Minor Outlying Islands
73289,YouTube Ads,2024-02-12,Não Convertido,,0.0,Moderado,United Arab Emirates
73290,Google Ads,2024-02-16,Não Convertido,,0.0,Conservador,Tunisia
73291,Indicação,2024-02-13,Não Convertido,,0.0,Agressivo,Benin
73292,WhatsApp,2024-02-14,Não Convertido,,0.0,Desconhecido,Belarus
73293,Orgânico,2024-02-13,Não Convertido,,0.0,Agressivo,Swaziland
73294,YouTube Ads,2024-02-16,Não Convertido,,0.0,Moderado,Bhutan
73295,TikTok,2024-02-12,Não Convertido,,0.0,Moderado,Lebanon
73296,Instagram,2024-02-14,Não Convertido,,0.0,Agressivo,Holy See (Vatican City State)
73297,Google Ads,2024-02-16,Não Convertido,,0.0,Moderado,Qatar
73298,E-mail Marketing,2024-02-17,Não Convertido,,0.0,Agressivo,Indonesia
73299,E-mail Marketing,2024-02-16,Não Convertido,,0.0,Desconhecido,Togo
73300,Orgânico,2024-02-17,Não Convertido,,0.0,Moderado,Luxembourg
73301,Instagram,2024-02-12,Não Convertido,,0.0,Moderado,Mozambique
73302,E-mail Marketing,2024-02-14,Não Convertido,,0.0,Agressivo,Ghana
73303,Instagram,2024-02-16,Não Convertido,,0.0,Moderado,Spain
73304,Instagram,2024-02-12,Não Convertido,,0.0,Agressivo,Iraq
73305,Orgânico,2024-02-14,Não Convertido,,0.0,Agressivo,Namibia
73306,Instagram,2024-02-12,Não Convertido,,0.0,Conservador,Turkmenistan
73307,WhatsApp,2024-02-14,Não Convertido,,0.0,Conservador,Tokelau
73308,TikTok,2024-02-14,Não Convertido,,0.0,Agressivo,Iran
73309,WhatsApp,2024-02-12,Não Convertido,,0.0,Agressivo,Bermuda
73310,Indicação,2024-02-12,Não Convertido,,0.0,Moderado,Sudan
73311,TikTok,2024-02-14,Não Convertido,,0.0,Agressivo,Qatar
73312,Orgânico,2024-02-17,Não Convertido,,0.0,Moderado,Fiji
73313,E-mail Marketing,2024-02-12,Não Convertido,,0.0,Conservador,Montenegro
73314,Orgânico,2024-02-16,Não Convertido,,0.0,Moderado,Cayman Islands
73315,WhatsApp,2024-02-17,Não Convertido,,0.0,Moderado,Spain
73316,YouTube Ads,2024-02-14,Não Convertido,,0.0,Agressivo,Ethiopia
73317,YouTube Ads,2024-02-15,Não Convertido,,0.0,Moderado,Armenia
73318,Orgânico,2024-02-15,Não Convertido,,0.0,Moderado,Switzerland
73319,Instagram,2024-02-13,Não Convertido,,0.0,Conservador,Rwanda
73320,TikTok,2024-02-15,Não Convertido,,0.0,Moderado,Kyrgyz Republic
73321,Google Ads,2024-02-12,Não Convertido,,0.0,Desconhecido,Christmas Island
73322,Facebook,2024-02-12,Não Convertido,,0.0,Moderado,Turks and Caicos Islands
73323,Orgânico,2024-02-14,Não Convertido,,0.0,Agressivo,Congo
73324,Orgânico,2024-02-15,Não Convertido,,0.0,Agressivo,Sao Tome and Principe
73325,Orgânico,2024-02-17,Não Convertido,,0.0,Moderado,France
73326,Orgânico,2024-02-14,Não Convertido,,0.0,Desconhecido,Denmark
73327,Google Ads,2024-02-13,Não Convertido,,0.0,Agressivo,French Polynesia
73328,Orgânico,2024-02-12,Não Convertido,,0.0,Agressivo,Niger
73329,WhatsApp,2024-02-14,Não Convertido,,0.0,Conservador,San Marino
73330,Google Ads,2024-02-13,Não Convertido,,0.0,Moderado,Trinidad and Tobago
73331,Orgânico,2024-02-14,Não Convertido,,0.0,Moderado,Mali
73332,Instagram,2024-02-14,Não Convertido,,0.0,Agressivo,Grenada
73333,E-mail Marketing,2024-02-15,Não Convertido,,0.0,Moderado,Cote d'Ivoire
73334,Facebook,2024-02-17,Não Convertido,,0.0,Moderado,Namibia
73335,Facebook,2024-02-16,Não Convertido,,0.0,Agressivo,Nicaragua
73336,Orgânico,2024-02-16,Não Convertido,,0.0,Desconhecido,Nepal
73337,Google Ads,2024-02-17,Não Convertido,,0.0,Agressivo,Gambia
73338,Orgânico,2024-02-14,Não Convertido,,0.0,Conservador,Iceland
73339,Orgânico,2024-02-12,Não Convertido,,0.0,Moderado,Guatemala
73340,YouTube Ads,2024-02-17,Não Convertido,,0.0,Moderado,Liberia
73341,Instagram,2024-02-13,Não Convertido,,0.0,Desconhecido,Belize
73342,WhatsApp,2024-02-16,Não Convertido,,0.0,Conservador,Madagascar
73343,Orgânico,2024-02-12,Não Convertido,,0.0,Moderado,Brunei Darussalam
73344,Google Ads,2024-02-12,Não Convertido,,0.0,Desconhecido,Belarus
73345,E-mail Marketing,2024-02-15,Não Convertido,,0.0,Moderado,Chile
73346,Google Ads,2024-02-14,Não Convertido,,0.0,Moderado,Timor-Leste
73347,Instagram,2024-02-14,Não Convertido,,0.0,Agressivo,French Guiana
73348,E-mail Marketing,2024-02-17,Não Convertido,,0.0,Agressivo,Guinea
73349,E-mail Marketing,2024-02-15,Não Convertido,,0.0,Agressivo,Malawi
73350,WhatsApp,2024-02-13,Não Convertido,,0.0,Agressivo,Ecuador
73351,WhatsApp,2024-02-14,Não Convertido,,0.0,Moderado,Anguilla
73352,WhatsApp,2024-02-16,Não Convertido,,0.0,Agressivo,South Georgia and the South Sandwich Islands
73353,Google Ads,2024-02-17,Não Convertido,,0.0,Agressivo,Botswana
73354,Google Ads,2024-02-14,Não Convertido,,0.0,Moderado,Mauritania
73355,Orgânico,2024-02-14,Não Convertido,,0.0,Agressivo,French Southern Territories
73356,WhatsApp,2024-02-12,Não Convertido,,0.0,Moderado,Albania
73357,Google Ads,2024-02-13,Não Convertido,,0.0,Moderado,Burkina Faso
73358,Orgânico,2024-02-14,Não Convertido,,0.0,Moderado,Belize
73359,Instagram,2024-02-16,Não Convertido,,0.0,Agressivo,Cuba
73360,E-mail Marketing,2024-02-14,Não Convertido,,0.0,Agressivo,Heard Island and McDonald Islands
73361,Instagram,2024-02-12,Não Convertido,,0.0,Conservador,Gambia
73362,Google Ads,2024-02-14,Convertido,29.0,9394.41,Agressivo,Aruba
73363,Indicação,2024-02-12,Não Convertido,,0.0,Desconhecido,Ireland
73364,WhatsApp,2024-02-17,Não Convertido,,0.0,Moderado,Bulgaria
73365,Orgânico,2024-02-13,Não Convertido,,0.0,Conservador,North Macedonia
73366,E-mail Marketing,2024-02-15,Não Convertido,,0.0,Moderado,Fiji
73367,Orgânico,2024-02-14,Não Convertido,,0.0,Conservador,Bouvet Island (Bouvetoya)
73368,Instagram,2024-02-17,Não Convertido,,0.0,Agressivo,El Salvador
73369,Instagram,2024-02-12,Não Convertido,,0.0,Moderado,Antigua and Barbuda
73370,Orgânico,2024-02-14,Não Convertido,,0.0,Moderado,Bahamas
73371,WhatsApp,2024-02-17,Não Convertido,,0.0,Moderado,Oman
73372,Instagram,2024-02-16,Não Convertido,,0.0,Moderado,Azerbaijan
73373,Instagram,2024-02-17,Não Convertido,,0.0,Moderado,Central African Republic
73374,Facebook,2024-02-12,Não Convertido,,0.0,Moderado,Saint Lucia
73375,Orgânico,2024-02-16,Não Convertido,,0.0,Conservador,Saudi Arabia
73376,Instagram,2024-02-14,Não Convertido,,0.0,Agressivo,Djibouti
73377,TikTok,2024-02-15,Não Convertido,,0.0,Conservador,Saint Vincent and the Grenadines
73378,Google Ads,2024-02-13,Não Convertido,,0.0,Agressivo,Puerto Rico
73379,Google Ads,2024-02-12,Não Convertido,,0.0,Conservador,Tajikistan
73380,E-mail Marketing,2024-02-14,Não Convertido,,0.0,Moderado,Saint Kitts and Nevis
73381,Orgânico,2024-02-16,Não Convertido,,0.0,Agressivo,Sudan
73382,TikTok,2024-02-14,Não Convertido,,0.0,Moderado,Korea
73383,Facebook,2024-02-14,Não Convertido,,0.0,Agressivo,Grenada
73384,Facebook,2024-02-12,Não Convertido,,0.0,Agressivo,Suriname
73385,TikTok,2024-02-14,Não Convertido,,0.0,Agressivo,Bermuda
73386,WhatsApp,2024-02-17,Não Convertido,,0.0,Conservador,Mauritania
73387,WhatsApp,2024-02-17,Não Convertido,,0.0,Conservador,Poland
73388,Instagram,2024-02-14,Não Convertido,,0.0,Moderado,Tunisia
73389,Google Ads,2024-02-12,Não Convertido,,0.0,Moderado,Greece
73390,Facebook,2024-02-13,Não Convertido,,0.0,Conservador,Guatemala
73391,Facebook,2024-02-15,Não Convertido,,0.0,Agressivo,Saint Barthelemy
73392,Facebook,2024-02-13,Convertido,14.0,7575.28,Agressivo,Fiji
73393,Facebook,2024-02-13,Não Convertido,,0.0,Agressivo,Indonesia
73394,Orgânico,2024-02-15,Não Convertido,,0.0,Moderado,Liechtenstein
73395,Orgânico,2024-02-12,Não Convertido,,0.0,Moderado,India
73396,WhatsApp,2024-02-14,Não Convertido,,0.0,Moderado,Cote d'Ivoire
73397,YouTube Ads,2024-02-14,Não Convertido,,0.0,Conservador,Mayotte
73398,Instagram,2024-02-16,Não Convertido,,0.0,Agressivo,El Salvador
73399,Instagram,2024-02-13,Não Convertido,,0.0,Conservador,Yemen
73400,E-mail Marketing,2024-02-13,Não Convertido,,0.0,Conservador,Georgia
73401,Orgânico,2024-02-15,Não Convertido,,0.0,Moderado,Mali
73402,E-mail Marketing,2024-02-13,Não Convertido,,0.0,Conservador,Congo
73403,Instagram,2024-02-17,Não Convertido,,0.0,Desconhecido,Micronesia
73404,WhatsApp,2024-02-16,Não Convertido,,0.0,Desconhecido,Haiti
73405,TikTok,2024-02-12,Não Convertido,,0.0,Moderado,Cameroon
73406,Orgânico,2024-02-17,Não Convertido,,0.0,Moderado,El Salvador
73407,Google Ads,2024-02-15,Não Convertido,,0.0,Moderado,Czech Republic
73408,Instagram,2024-02-14,Não Convertido,,0.0,Conservador,United States Minor Outlying Islands
73409,Google Ads,2024-02-12,Não Convertido,,0.0,Moderado,United Kingdom
73410,Google Ads,2024-02-17,Não Convertido,,0.0,Moderado,Sierra Leone
73411,Instagram,2024-02-17,Não Convertido,,0.0,Agressivo,New Zealand
73412,Facebook,2024-02-17,Convertido,2.0,4874.79,Moderado,British Indian Ocean Territory (Chagos Archipelago)
73413,TikTok,2024-02-15,Não Convertido,,0.0,Conservador,Belarus
73414,TikTok,2024-02-13,Não Convertido,,0.0,Moderado,Andorra
73415,Facebook,2024-02-14,Não Convertido,,0.0,Agressivo,Libyan Arab Jamahiriya
73416,Facebook,2024-02-17,Não Convertido,,0.0,Moderado,Rwanda
73417,YouTube Ads,2024-02-15,Não Convertido,,0.0,Conservador,Switzerland
73418,Orgânico,2024-02-13,Não Convertido,,0.0,Moderado,Egypt
73419,WhatsApp,2024-02-12,Não Convertido,,0.0,Conservador,Monaco
73420,WhatsApp,2024-02-15,Não Convertido,,0.0,Desconhecido,Estonia
73421,Orgânico,2024-02-14,Convertido,15.0,9468.79,Agressivo,Luxembourg
73422,YouTube Ads,2024-02-13,Não Convertido,,0.0,Agressivo,Ethiopia
73423,Orgânico,2024-02-16,Não Convertido,,0.0,Moderado,Malta
73424,Facebook,2024-02-12,Não Convertido,,0.0,Agressivo,Egypt
73425,Instagram,2024-02-15,Não Convertido,,0.0,Moderado,Syrian Arab Republic
73426,Instagram,2024-02-17,Não Convertido,,0.0,Moderado,Pitcairn Islands
73427,YouTube Ads,2024-02-12,Não Convertido,,0.0,Agressivo,Denmark
73428,WhatsApp,2024-02-15,Não Convertido,,0.0,Agressivo,Nicaragua
73429,Orgânico,2024-02-14,Não Convertido,,0.0,Agressivo,Australia
73430,Instagram,2024-02-16,Não Convertido,,0.0,Agressivo,Montserrat
73431,Facebook,2024-02-17,Não Convertido,,0.0,Moderado,El Salvador
73432,WhatsApp,2024-02-17,Não Convertido,,0.0,Conservador,Bouvet Island (Bouvetoya)
73433,Orgânico,2024-02-15,Não Convertido,,0.0,Agressivo,Guatemala
73434,TikTok,2024-02-13,Não Convertido,,0.0,Conservador,Cook Islands
73435,Instagram,2024-02-13,Não Convertido,,0.0,Desconhecido,Bangladesh
73436,Google Ads,2024-02-13,Não Convertido,,0.0,Moderado,Niger
73437,TikTok,2024-02-17,Não Convertido,,0.0,Agressivo,Kenya
73438,Instagram,2024-02-13,Não Convertido,,0.0,Agressivo,Venezuela
73439,Orgânico,2024-02-16,Não Convertido,,0.0,Conservador,Faroe Islands
73440,Orgânico,2024-02-16,Não Convertido,,0.0,Conservador,Saint Barthelemy
73441,E-mail Marketing,2024-02-17,Não Convertido,,0.0,Agressivo,Malta
73442,WhatsApp,2024-02-16,Não Convertido,,0.0,Conservador,Namibia
73443,TikTok,2024-02-15,Não Convertido,,0.0,Agressivo,Lesotho
73444,Google Ads,2024-02-12,Não Convertido,,0.0,Conservador,Cuba
73445,YouTube Ads,2024-02-13,Não Convertido,,0.0,Conservador,Sudan
73446,Instagram,2024-02-13,Não Convertido,,0.0,Moderado,Holy See (Vatican City State)
73447,Facebook,2024-02-17,Não Convertido,,0.0,Moderado,Bahamas
73448,TikTok,2024-02-13,Não Convertido,,0.0,Moderado,Grenada
73449,Facebook,2024-02-17,Não Convertido,,0.0,Conservador,India
73450,E-mail Marketing,2024-02-15,Não Convertido,,0.0,Moderado,Liberia
73451,Facebook,2024-02-14,Não Convertido,,0.0,Desconhecido,Holy See (Vatican City State)
73452,Google Ads,2024-02-17,Não Convertido,,0.0,Conservador,Lithuania
73453,Instagram,2024-02-15,Não Convertido,,0.0,Agressivo,Haiti
73454,TikTok,2024-02-12,Não Convertido,,0.0,Conservador,Turkmenistan
73455,E-mail Marketing,2024-02-16,Não Convertido,,0.0,Desconhecido,United Kingdom
73456,Orgânico,2024-02-12,Não Convertido,,0.0,Conservador,Tunisia
73457,TikTok,2024-02-17,Não Convertido,,0.0,Agressivo,Guinea-Bissau
73458,Orgânico,2024-02-17,Não Convertido,,0.0,Desconhecido,United States Virgin Islands
73459,Instagram,2024-02-12,Não Convertido,,0.0,Conservador,Tanzania
73460,Indicação,2024-02-16,Não Convertido,,0.0,Moderado,Isle of Man
73461,YouTube Ads,2024-02-13,Não Convertido,,0.0,Moderado,Brunei Darussalam
73462,WhatsApp,2024-02-14,Não Convertido,,0.0,Conservador,Slovenia
73463,Instagram,2024-02-12,Não Convertido,,0.0,Moderado,Mauritius
73464,YouTube Ads,2024-02-13,Não Convertido,,0.0,Desconhecido,Austria
73465,Indicação,2024-02-15,Não Convertido,,0.0,Conservador,Ghana
73466,Instagram,2024-02-13,Não Convertido,,0.0,Agressivo,Korea
73467,E-mail Marketing,2024-02-14,Não Convertido,,0.0,Moderado,Antarctica (the territory South of 60 deg S)
73468,E-mail Marketing,2024-02-15,Não Convertido,,0.0,Agressivo,Cyprus
73469,E-mail Marketing,2024-02-12,Não Convertido,,0.0,Moderado,Bouvet Island (Bouvetoya)
73470,Google Ads,2024-02-15,Não Convertido,,0.0,Moderado,Brunei Darussalam
73471,TikTok,2024-02-15,Não Convertido,,0.0,Agressivo,Burkina Faso
73472,Orgânico,2024-02-14,Não Convertido,,0.0,Moderado,Puerto Rico
73473,Indicação,2024-02-13,Não Convertido,,0.0,Moderado,Saint Barthelemy
73474,Orgânico,2024-02-17,Não Convertido,,0.0,Agressivo,Antigua and Barbuda
73475,Instagram,2024-02-15,Não Convertido,,0.0,Conservador,Antarctica (the territory South of 60 deg S)
73476,Google Ads,2024-02-14,Não Convertido,,0.0,Conservador,Taiwan
73477,TikTok,2024-02-12,Não Convertido,,0.0,Moderado,Tanzania
73478,Indicação,2024-02-17,Não Convertido,,0.0,Agressivo,Puerto Rico
73479,Instagram,2024-02-13,Não Convertido,,0.0,Moderado,Sao Tome and Principe
73480,E-mail Marketing,2024-02-15,Não Convertido,,0.0,Moderado,Armenia
73481,YouTube Ads,2024-02-15,Não Convertido,,0.0,Conservador,Gambia
73482,Orgânico,2024-02-15,Não Convertido,,0.0,Moderado,Wallis and Futuna
73483,WhatsApp,2024-02-14,Não Convertido,,0.0,Desconhecido,Chile
73484,WhatsApp,2024-02-15,Não Convertido,,0.0,Agressivo,Andorra
73485,Orgânico,2024-02-12,Não Convertido,,0.0,Moderado,Hungary
73486,Orgânico,2024-02-17,Não Convertido,,0.0,Conservador,Cape Verde
73487,WhatsApp,2024-02-16,Não Convertido,,0.0,Agressivo,Gabon
73488,YouTube Ads,2024-02-12,Não Convertido,,0.0,Agressivo,Micronesia
73489,YouTube Ads,2024-02-13,Não Convertido,,0.0,Moderado,Lesotho
73490,Indicação,2024-02-15,Não Convertido,,0.0,Conservador,Bosnia and Herzegovina
73491,TikTok,2024-02-16,Não Convertido,,0.0,Moderado,Saudi Arabia
73492,WhatsApp,2024-02-12,Não Convertido,,0.0,Moderado,New Zealand
73493,Instagram,2024-02-17,Não Convertido,,0.0,Conservador,Moldova
73494,Orgânico,2024-02-17,Não Convertido,,0.0,Moderado,Trinidad and Tobago
73495,Instagram,2024-02-14,Não Convertido,,0.0,Agressivo,Samoa
73496,Indicação,2024-02-15,Não Convertido,,0.0,Moderado,Iraq
73497,TikTok,2024-02-15,Não Convertido,,0.0,Desconhecido,New Caledonia
73498,E-mail Marketing,2024-02-12,Não Convertido,,0.0,Moderado,Chile
73499,E-mail Marketing,2024-02-12,Não Convertido,,0.0,Conservador,Dominican Republic
73500,Orgânico,2024-02-14,Não Convertido,,0.0,Desconhecido,Sri Lanka
73501,E-mail Marketing,2024-02-17,Não Convertido,,0.0,Moderado,Norway
73502,Indicação,2024-02-17,Não Convertido,,0.0,Desconhecido,Slovakia (Slovak Republic)
73503,E-mail Marketing,2024-02-13,Não Convertido,,0.0,Moderado,Norway
73504,Instagram,2024-02-14,Não Convertido,,0.0,Conservador,Somalia
73505,Orgânico,2024-02-14,Não Convertido,,0.0,Conservador,Pakistan
73506,Orgânico,2024-02-16,Não Convertido,,0.0,Desconhecido,Uganda
73507,Facebook,2024-02-14,Não Convertido,,0.0,Moderado,Somalia
73508,TikTok,2024-02-14,Não Convertido,,0.0,Moderado,Kuwait
73509,Orgânico,2024-02-14,Convertido,23.0,6748.59,Moderado,Jersey
73510,TikTok,2024-02-16,Não Convertido,,0.0,Conservador,Iraq
73511,Orgânico,2024-02-15,Convertido,29.0,8085.88,Agressivo,New Zealand
73512,Instagram,2024-02-16,Não Convertido,,0.0,Moderado,Suriname
73513,TikTok,2024-02-12,Não Convertido,,0.0,Conservador,Swaziland
73514,TikTok,2024-02-13,Não Convertido,,0.0,Agressivo,Germany
73515,Instagram,2024-02-15,Não Convertido,,0.0,Conservador,Sierra Leone
73516,E-mail Marketing,2024-02-13,Não Convertido,,0.0,Moderado,Thailand
73517,TikTok,2024-02-15,Não Convertido,,0.0,Agressivo,Pakistan
73518,TikTok,2024-02-16,Não Convertido,,0.0,Agressivo,Jordan
73519,Orgânico,2024-02-12,Não Convertido,,0.0,Desconhecido,Slovenia
73520,TikTok,2024-02-12,Não Convertido,,0.0,Desconhecido,Kuwait
73521,Facebook,2024-02-14,Convertido,14.0,5362.88,Desconhecido,United States Virgin Islands
73522,YouTube Ads,2024-02-15,Não Convertido,,0.0,Agressivo,Seychelles
73523,Indicação,2024-02-12,Não Convertido,,0.0,Desconhecido,Zimbabwe
73524,TikTok,2024-02-13,Não Convertido,,0.0,Moderado,Angola
73525,Indicação,2024-02-13,Não Convertido,,0.0,Moderado,Denmark
73526,TikTok,2024-02-17,Não Convertido,,0.0,Agressivo,Solomon Islands
73527,Orgânico,2024-02-17,Não Convertido,,0.0,Agressivo,Bouvet Island (Bouvetoya)
73528,Instagram,2024-02-12,Não Convertido,,0.0,Agressivo,Kuwait
73529,TikTok,2024-02-13,Não Convertido,,0.0,Desconhecido,Kenya
73530,Instagram,2024-02-13,Não Convertido,,0.0,Moderado,American Samoa
73531,Indicação,2024-02-14,Não Convertido,,0.0,Moderado,Liberia
73532,Instagram,2024-02-17,Não Convertido,,0.0,Conservador,Sweden
73533,Orgânico,2024-02-16,Não Convertido,,0.0,Moderado,Italy
73534,Orgânico,2024-02-13,Não Convertido,,0.0,Moderado,Russian Federation
73535,TikTok,2024-02-12,Não Convertido,,0.0,Conservador,Switzerland
73536,TikTok,2024-02-13,Não Convertido,,0.0,Moderado,Ukraine
73537,E-mail Marketing,2024-02-16,Não Convertido,,0.0,Agressivo,Honduras
73538,Indicação,2024-02-13,Não Convertido,,0.0,Moderado,Switzerland
73539,TikTok,2024-02-16,Não Convertido,,0.0,Desconhecido,Sri Lanka
73540,Google Ads,2024-02-12,Não Convertido,,0.0,Moderado,Benin
73541,E-mail Marketing,2024-02-17,Não Convertido,,0.0,Agressivo,United Kingdom
73542,E-mail Marketing,2024-02-14,Não Convertido,,0.0,Moderado,Bangladesh
73543,Orgânico,2024-02-13,Não Convertido,,0.0,Moderado,Seychelles
73544,YouTube Ads,2024-02-13,Não Convertido,,0.0,Moderado,Turkey
73545,E-mail Marketing,2024-02-14,Não Convertido,,0.0,Desconhecido,Montserrat
73546,Google Ads,2024-02-14,Não Convertido,,0.0,Moderado,United States Minor Outlying Islands
73547,Instagram,2024-02-16,Não Convertido,,0.0,Agressivo,Guernsey
73548,E-mail Marketing,2024-02-14,Não Convertido,,0.0,Conservador,Saint Kitts and Nevis
73549,E-mail Marketing,2024-02-17,Não Convertido,,0.0,Agressivo,Cocos (Keeling) Islands
73550,TikTok,2024-02-13,Não Convertido,,0.0,Conservador,Palestinian Territory
73551,Orgânico,2024-02-16,Não Convertido,,0.0,Moderado,Mauritania
73552,Orgânico,2024-02-12,Não Convertido,,0.0,Moderado,French Guiana
73553,Orgânico,2024-02-16,Não Convertido,,0.0,Moderado,Ireland
73554,E-mail Marketing,2024-02-17,Não Convertido,,0.0,Moderado,Belize
73555,Google Ads,2024-02-14,Não Convertido,,0.0,Desconhecido,Rwanda
73556,Facebook,2024-02-15,Não Convertido,,0.0,Agressivo,Marshall Islands
73557,YouTube Ads,2024-02-13,Não Convertido,,0.0,Desconhecido,North Macedonia
73558,Instagram,2024-02-14,Não Convertido,,0.0,Moderado,Algeria
73559,Orgânico,2024-02-12,Não Convertido,,0.0,Moderado,Ethiopia
73560,E-mail Marketing,2024-02-13,Não Convertido,,0.0,Conservador,Burundi
73561,Orgânico,2024-02-14,Não Convertido,,0.0,Moderado,Benin
73562,E-mail Marketing,2024-02-14,Não Convertido,,0.0,Desconhecido,Switzerland
73563,Instagram,2024-02-16,Não Convertido,,0.0,Moderado,Philippines
73564,TikTok,2024-02-12,Não Convertido,,0.0,Moderado,Brazil
73565,WhatsApp,2024-02-14,Não Convertido,,0.0,Conservador,Grenada
73566,Google Ads,2024-02-12,Não Convertido,,0.0,Conservador,Malawi
73567,Orgânico,2024-02-17,Não Convertido,,0.0,Desconhecido,Montserrat
73568,Facebook,2024-02-16,Não Convertido,,0.0,Desconhecido,Russian Federation
73569,Orgânico,2024-02-13,Não Convertido,,0.0,Agressivo,Falkland Islands (Malvinas)
73570,Google Ads,2024-02-15,Não Convertido,,0.0,Moderado,Botswana
73571,Orgânico,2024-02-13,Não Convertido,,0.0,Moderado,Czech Republic
73572,WhatsApp,2024-02-13,Convertido,17.0,3488.31,Desconhecido,Ghana
73573,Instagram,2024-02-15,Não Convertido,,0.0,Moderado,Lesotho
73574,TikTok,2024-02-12,Não Convertido,,0.0,Moderado,Portugal
73575,YouTube Ads,2024-02-13,Não Convertido,,0.0,Desconhecido,Bangladesh
73576,Google Ads,2024-02-12,Não Convertido,,0.0,Moderado,Ukraine
73577,Google Ads,2024-02-12,Não Convertido,,0.0,Conservador,Tunisia
73578,E-mail Marketing,2024-02-17,Não Convertido,,0.0,Moderado,Kyrgyz Republic
73579,Facebook,2024-02-17,Não Convertido,,0.0,Conservador,Faroe Islands
73580,Facebook,2024-02-17,Não Convertido,,0.0,Moderado,Barbados
73581,Orgânico,2024-02-13,Não Convertido,,0.0,Agressivo,Burundi
73582,Instagram,2024-02-13,Convertido,25.0,4233.38,Conservador,Brunei Darussalam
73583,TikTok,2024-02-17,Não Convertido,,0.0,Desconhecido,Vanuatu
73584,Orgânico,2024-02-13,Não Convertido,,0.0,Agressivo,Tanzania
73585,TikTok,2024-02-12,Não Convertido,,0.0,Conservador,Japan
73586,Indicação,2024-02-15,Não Convertido,,0.0,Moderado,Palestinian Territory
73587,TikTok,2024-02-12,Não Convertido,,0.0,Agressivo,Singapore
73588,YouTube Ads,2024-02-12,Não Convertido,,0.0,Conservador,Bhutan
73589,TikTok,2024-02-13,Não Convertido,,0.0,Conservador,Antigua and Barbuda
73590,E-mail Marketing,2024-02-15,Não Convertido,,0.0,Desconhecido,Mauritius
73591,WhatsApp,2024-02-14,Não Convertido,,0.0,Moderado,Tanzania
73592,Orgânico,2024-02-13,Não Convertido,,0.0,Moderado,Yemen
73593,Google Ads,2024-02-12,Não Convertido,,0.0,Conservador,Djibouti
73594,WhatsApp,2024-02-16,Não Convertido,,0.0,Agressivo,Kazakhstan
73595,E-mail Marketing,2024-02-12,Não Convertido,,0.0,Agressivo,Italy
73596,TikTok,2024-02-17,Não Convertido,,0.0,Conservador,Libyan Arab Jamahiriya
73597,TikTok,2024-02-15,Não Convertido,,0.0,Agressivo,Puerto Rico
73598,Indicação,2024-02-15,Não Convertido,,0.0,Desconhecido,Guadeloupe
73599,E-mail Marketing,2024-02-17,Não Convertido,,0.0,Conservador,Montserrat
73600,YouTube Ads,2024-02-16,Não Convertido,,0.0,Moderado,Palau
73601,WhatsApp,2024-02-17,Não Convertido,,0.0,Agressivo,Slovenia
73602,Orgânico,2024-02-13,Não Convertido,,0.0,Conservador,Finland
73603,WhatsApp,2024-02-13,Não Convertido,,0.0,Agressivo,Marshall Islands
73604,Orgânico,2024-02-15,Não Convertido,,0.0,Conservador,Tuvalu
73605,E-mail Marketing,2024-02-17,Não Convertido,,0.0,Conservador,Latvia
73606,Facebook,2024-02-16,Não Convertido,,0.0,Agressivo,Seychelles
73607,Google Ads,2024-02-17,Não Convertido,,0.0,Conservador,Austria
73608,WhatsApp,2024-02-16,Não Convertido,,0.0,Moderado,Nigeria
73609,Orgânico,2024-02-16,Não Convertido,,0.0,Moderado,French Southern Territories
73610,E-mail Marketing,2024-02-12,Não Convertido,,0.0,Moderado,Venezuela
73611,E-mail Marketing,2024-02-13,Não Convertido,,0.0,Agressivo,Bermuda
73612,Instagram,2024-02-13,Convertido,25.0,9375.54,Desconhecido,Sri Lanka
73613,Orgânico,2024-02-15,Não Convertido,,0.0,Agressivo,Egypt
73614,Orgânico,2024-02-13,Não Convertido,,0.0,Desconhecido,Egypt
73615,YouTube Ads,2024-02-15,Não Convertido,,0.0,Moderado,Nauru
73616,TikTok,2024-02-16,Não Convertido,,0.0,Agressivo,Jamaica
73617,YouTube Ads,2024-02-14,Não Convertido,,0.0,Desconhecido,Saint Vincent and the Grenadines
73618,Instagram,2024-02-16,Não Convertido,,0.0,Desconhecido,Ghana
73619,Instagram,2024-02-15,Não Convertido,,0.0,Moderado,Western Sahara
73620,YouTube Ads,2024-02-13,Não Convertido,,0.0,Moderado,Reunion
73621,Facebook,2024-02-17,Não Convertido,,0.0,Moderado,United States of America
73622,TikTok,2024-02-15,Não Convertido,,0.0,Agressivo,Palau
73623,Instagram,2024-02-16,Não Convertido,,0.0,Conservador,Antarctica (the territory South of 60 deg S)
73624,Orgânico,2024-02-16,Não Convertido,,0.0,Agressivo,Colombia
73625,TikTok,2024-02-14,Não Convertido,,0.0,Moderado,Denmark
73626,Facebook,2024-02-17,Não Convertido,,0.0,Conservador,Peru
73627,E-mail Marketing,2024-02-13,Não Convertido,,0.0,Agressivo,United States Minor Outlying Islands
73628,Facebook,2024-02-15,Não Convertido,,0.0,Conservador,Mongolia
73629,TikTok,2024-02-13,Não Convertido,,0.0,Moderado,Myanmar
73630,Instagram,2024-02-16,Convertido,9.0,8778.73,Moderado,Cook Islands
73631,Google Ads,2024-02-12,Não Convertido,,0.0,Agressivo,British Indian Ocean Territory (Chagos Archipelago)
73632,YouTube Ads,2024-02-13,Não Convertido,,0.0,Conservador,Cameroon
73633,TikTok,2024-02-13,Não Convertido,,0.0,Moderado,San Marino
73634,Instagram,2024-02-14,Não Convertido,,0.0,Moderado,Equatorial Guinea
73635,Facebook,2024-02-14,Não Convertido,,0.0,Moderado,Seychelles
73636,TikTok,2024-02-14,Não Convertido,,0.0,Conservador,Paraguay
73637,Instagram,2024-02-12,Não Convertido,,0.0,Desconhecido,Isle of Man
73638,E-mail Marketing,2024-02-12,Não Convertido,,0.0,Conservador,Libyan Arab Jamahiriya
73639,YouTube Ads,2024-02-16,Não Convertido,,0.0,Conservador,Cape Verde
73640,Orgânico,2024-02-15,Não Convertido,,0.0,Moderado,Seychelles
73641,WhatsApp,2024-02-17,Não Convertido,,0.0,Agressivo,Bangladesh
73642,E-mail Marketing,2024-02-16,Não Convertido,,0.0,Moderado,Serbia
73643,Orgânico,2024-02-14,Não Convertido,,0.0,Conservador,Yemen
73644,YouTube Ads,2024-02-17,Não Convertido,,0.0,Agressivo,Cameroon
73645,YouTube Ads,2024-02-14,Não Convertido,,0.0,Conservador,Zimbabwe
73646,Instagram,2024-02-13,Não Convertido,,0.0,Desconhecido,Greece
73647,TikTok,2024-02-15,Não Convertido,,0.0,Moderado,Comoros
73648,Orgânico,2024-02-13,Não Convertido,,0.0,Conservador,Qatar
73649,Instagram,2024-02-16,Não Convertido,,0.0,Moderado,Azerbaijan
73650,WhatsApp,2024-02-13,Não Convertido,,0.0,Agressivo,Bulgaria
73651,TikTok,2024-02-17,Não Convertido,,0.0,Agressivo,Seychelles
73652,E-mail Marketing,2024-02-12,Não Convertido,,0.0,Desconhecido,Andorra
73653,Instagram,2024-02-12,Não Convertido,,0.0,Moderado,Burundi
73654,Orgânico,2024-02-15,Não Convertido,,0.0,Moderado,Central African Republic
73655,YouTube Ads,2024-02-13,Não Convertido,,0.0,Desconhecido,Tanzania
73656,Instagram,2024-02-16,Não Convertido,,0.0,Agressivo,Greenland
73657,E-mail Marketing,2024-02-12,Não Convertido,,0.0,Moderado,Fiji
73658,WhatsApp,2024-02-13,Não Convertido,,0.0,Moderado,Grenada
73659,Instagram,2024-02-16,Não Convertido,,0.0,Conservador,Latvia
73660,Instagram,2024-02-16,Não Convertido,,0.0,Moderado,Saint Helena
73661,WhatsApp,2024-02-17,Não Convertido,,0.0,Desconhecido,Kiribati
73662,Facebook,2024-02-16,Não Convertido,,0.0,Moderado,Mauritius
73663,E-mail Marketing,2024-02-13,Não Convertido,,0.0,Agressivo,Bolivia
73664,YouTube Ads,2024-02-16,Não Convertido,,0.0,Moderado,Poland
73665,Instagram,2024-02-13,Não Convertido,,0.0,Agressivo,Northern Mariana Islands
73666,TikTok,2024-02-15,Não Convertido,,0.0,Moderado,Zambia
73667,Orgânico,2024-02-13,Não Convertido,,0.0,Moderado,Rwanda
73668,Instagram,2024-02-15,Não Convertido,,0.0,Agressivo,Lao People's Democratic Republic
73669,WhatsApp,2024-02-14,Não Convertido,,0.0,Agressivo,Bermuda
73670,Google Ads,2024-02-14,Não Convertido,,0.0,Agressivo,Guinea-Bissau
73671,Indicação,2024-02-13,Não Convertido,,0.0,Agressivo,Guinea-Bissau
73672,Facebook,2024-02-15,Não Convertido,,0.0,Conservador,Pakistan
73673,WhatsApp,2024-02-12,Não Convertido,,0.0,Moderado,Cuba
73674,YouTube Ads,2024-02-17,Não Convertido,,0.0,Moderado,Kiribati
73675,TikTok,2024-02-17,Não Convertido,,0.0,Agressivo,Saint Helena
73676,Orgânico,2024-02-13,Não Convertido,,0.0,Conservador,Saudi Arabia
73677,Instagram,2024-02-13,Não Convertido,,0.0,Moderado,Korea
73678,Instagram,2024-02-13,Não Convertido,,0.0,Moderado,Cocos (Keeling) Islands
73679,YouTube Ads,2024-02-12,Não Convertido,,0.0,Agressivo,New Caledonia
73680,E-mail Marketing,2024-02-12,Não Convertido,,0.0,Conservador,Mayotte
73681,TikTok,2024-02-14,Não Convertido,,0.0,Agressivo,Antigua and Barbuda
73682,YouTube Ads,2024-02-16,Não Convertido,,0.0,Desconhecido,Switzerland
73683,E-mail Marketing,2024-02-13,Não Convertido,,0.0,Agressivo,United States Virgin Islands
73684,YouTube Ads,2024-02-17,Não Convertido,,0.0,Agressivo,Vietnam
73685,WhatsApp,2024-02-12,Não Convertido,,0.0,Desconhecido,Timor-Leste
73686,Instagram,2024-02-12,Não Convertido,,0.0,Moderado,Antigua and Barbuda
73687,TikTok,2024-02-14,Não Convertido,,0.0,Moderado,Tuvalu
73688,Orgânico,2024-02-17,Convertido,8.0,9622.83,Desconhecido,Ghana
73689,Orgânico,2024-02-12,Não Convertido,,0.0,Agressivo,Chad
73690,YouTube Ads,2024-02-12,Não Convertido,,0.0,Moderado,Australia
73691,Orgânico,2024-02-12,Não Convertido,,0.0,Desconhecido,Samoa
73692,Orgânico,2024-02-13,Não Convertido,,0.0,Agressivo,Jersey
73693,WhatsApp,2024-02-16,Não Convertido,,0.0,Agressivo,Niue
73694,Facebook,2024-02-14,Não Convertido,,0.0,Agressivo,Bahrain
73695,Orgânico,2024-02-17,Não Convertido,,0.0,Conservador,Guatemala
73696,Instagram,2024-02-14,Não Convertido,,0.0,Agressivo,Saint Kitts and Nevis
73697,Facebook,2024-02-13,Não Convertido,,0.0,Moderado,Macao
73698,WhatsApp,2024-02-17,Não Convertido,,0.0,Agressivo,Micronesia
73699,YouTube Ads,2024-02-13,Não Convertido,,0.0,Moderado,Iceland
73700,Google Ads,2024-02-14,Não Convertido,,0.0,Conservador,Reunion
73701,Indicação,2024-02-14,Não Convertido,,0.0,Moderado,Wallis and Futuna
73702,Orgânico,2024-02-12,Não Convertido,,0.0,Moderado,Bermuda
73703,YouTube Ads,2024-02-12,Não Convertido,,0.0,Agressivo,Jamaica
73704,TikTok,2024-02-17,Não Convertido,,0.0,Desconhecido,Turkmenistan
73705,E-mail Marketing,2024-02-12,Não Convertido,,0.0,Moderado,Turks and Caicos Islands
73706,Google Ads,2024-02-13,Não Convertido,,0.0,Conservador,Sierra Leone
73707,Orgânico,2024-02-12,Convertido,11.0,7947.66,Agressivo,North Macedonia
73708,Orgânico,2024-02-16,Não Convertido,,0.0,Moderado,Algeria
73709,Facebook,2024-02-15,Convertido,6.0,5410.6,Moderado,Iraq
73710,E-mail Marketing,2024-02-17,Não Convertido,,0.0,Agressivo,Sweden
73711,Google Ads,2024-02-16,Não Convertido,,0.0,Conservador,Pakistan
73712,Orgânico,2024-02-16,Não Convertido,,0.0,Moderado,Georgia
73713,Orgânico,2024-02-13,Não Convertido,,0.0,Agressivo,Turkmenistan
73714,TikTok,2024-02-16,Não Convertido,,0.0,Moderado,Germany
73715,Orgânico,2024-02-14,Não Convertido,,0.0,Moderado,Mayotte
73716,E-mail Marketing,2024-02-14,Não Convertido,,0.0,Conservador,Uganda
73717,TikTok,2024-02-15,Não Convertido,,0.0,Agressivo,Christmas Island
73718,E-mail Marketing,2024-02-12,Não Convertido,,0.0,Conservador,Libyan Arab Jamahiriya
73719,E-mail Marketing,2024-02-13,Não Convertido,,0.0,Moderado,Sweden
73720,E-mail Marketing,2024-02-12,Não Convertido,,0.0,Moderado,Azerbaijan
73721,Google Ads,2024-02-14,Não Convertido,,0.0,Conservador,Oman
73722,TikTok,2024-02-13,Não Convertido,,0.0,Agressivo,Tuvalu
73723,TikTok,2024-02-13,Não Convertido,,0.0,Agressivo,French Polynesia
73724,Instagram,2024-02-17,Não Convertido,,0.0,Agressivo,Belize
73725,Orgânico,2024-02-13,Não Convertido,,0.0,Agressivo,Romania
73726,WhatsApp,2024-02-12,Não Convertido,,0.0,Conservador,Turkey
73727,Orgânico,2024-02-15,Não Convertido,,0.0,Moderado,Italy
73728,Google Ads,2024-02-17,Não Convertido,,0.0,Desconhecido,Uruguay
73729,Instagram,2024-02-14,Não Convertido,,0.0,Agressivo,India
73730,Indicação,2024-02-12,Não Convertido,,0.0,Agressivo,Latvia
73731,Orgânico,2024-02-14,Não Convertido,,0.0,Conservador,Uzbekistan
73732,Facebook,2024-02-17,Não Convertido,,0.0,Moderado,Hong Kong
73733,E-mail Marketing,2024-02-14,Não Convertido,,0.0,Desconhecido,Paraguay
73734,TikTok,2024-02-16,Não Convertido,,0.0,Conservador,Bolivia
73735,Instagram,2024-02-15,Não Convertido,,0.0,Moderado,Chad
73736,YouTube Ads,2024-02-15,Não Convertido,,0.0,Conservador,Bouvet Island (Bouvetoya)
73737,TikTok,2024-02-16,Não Convertido,,0.0,Conservador,Isle of Man
73738,Instagram,2024-02-13,Não Convertido,,0.0,Moderado,Haiti
73739,YouTube Ads,2024-02-12,Não Convertido,,0.0,Moderado,Montserrat
73740,Orgânico,2024-02-15,Não Convertido,,0.0,Moderado,Uzbekistan
73741,Orgânico,2024-02-16,Não Convertido,,0.0,Conservador,Norway
73742,Orgânico,2024-02-12,Não Convertido,,0.0,Moderado,Samoa
73743,Orgânico,2024-02-12,Não Convertido,,0.0,Moderado,Marshall Islands
73744,E-mail Marketing,2024-02-16,Não Convertido,,0.0,Moderado,Vietnam
73745,Instagram,2024-02-13,Não Convertido,,0.0,Conservador,Mauritius
73746,Indicação,2024-02-13,Não Convertido,,0.0,Desconhecido,Zimbabwe
73747,TikTok,2024-02-12,Não Convertido,,0.0,Moderado,Antarctica (the territory South of 60 deg S)
73748,Google Ads,2024-02-16,Não Convertido,,0.0,Conservador,Dominica
73749,Orgânico,2024-02-15,Não Convertido,,0.0,Desconhecido,Western Sahara
73750,Orgânico,2024-02-16,Não Convertido,,0.0,Moderado,Norfolk Island
73751,E-mail Marketing,2024-02-16,Não Convertido,,0.0,Moderado,Mali
73752,WhatsApp,2024-02-16,Não Convertido,,0.0,Agressivo,Christmas Island
73753,Google Ads,2024-02-15,Não Convertido,,0.0,Agressivo,Montenegro
73754,Instagram,2024-02-12,Não Convertido,,0.0,Agressivo,Bouvet Island (Bouvetoya)
73755,Instagram,2024-02-17,Não Convertido,,0.0,Conservador,North Macedonia
73756,Facebook,2024-02-14,Convertido,0.0,9578.66,Desconhecido,Belarus
73757,Google Ads,2024-02-17,Não Convertido,,0.0,Moderado,Anguilla
73758,YouTube Ads,2024-02-13,Não Convertido,,0.0,Conservador,Montserrat
73759,E-mail Marketing,2024-02-14,Não Convertido,,0.0,Moderado,North Macedonia
73760,YouTube Ads,2024-02-14,Não Convertido,,0.0,Agressivo,British Indian Ocean Territory (Chagos Archipelago)
73761,Facebook,2024-02-17,Convertido,9.0,6356.45,Agressivo,Singapore
73762,E-mail Marketing,2024-02-14,Não Convertido,,0.0,Moderado,Zambia
73763,Orgânico,2024-02-13,Não Convertido,,0.0,Conservador,Trinidad and Tobago
73764,Facebook,2024-02-16,Não Convertido,,0.0,Desconhecido,Nepal
73765,Orgânico,2024-02-13,Não Convertido,,0.0,Conservador,Ukraine
73766,E-mail Marketing,2024-02-14,Não Convertido,,0.0,Moderado,Niger
73767,Instagram,2024-02-16,Não Convertido,,0.0,Moderado,Bouvet Island (Bouvetoya)
73768,WhatsApp,2024-02-12,Não Convertido,,0.0,Conservador,French Guiana
73769,Facebook,2024-02-12,Não Convertido,,0.0,Moderado,Niger
73770,Orgânico,2024-02-14,Não Convertido,,0.0,Conservador,American Samoa
73771,Indicação,2024-02-14,Não Convertido,,0.0,Moderado,Comoros
73772,E-mail Marketing,2024-02-14,Não Convertido,,0.0,Agressivo,Italy
73773,E-mail Marketing,2024-02-13,Não Convertido,,0.0,Conservador,Dominican Republic
73774,Instagram,2024-02-17,Não Convertido,,0.0,Moderado,Montserrat
73775,Google Ads,2024-02-17,Não Convertido,,0.0,Desconhecido,Marshall Islands
73776,TikTok,2024-02-15,Não Convertido,,0.0,Moderado,Turks and Caicos Islands
73777,Orgânico,2024-02-12,Não Convertido,,0.0,Agressivo,Macao
73778,E-mail Marketing,2024-02-15,Não Convertido,,0.0,Desconhecido,Tunisia
73779,Facebook,2024-02-16,Não Convertido,,0.0,Conservador,Guam
73780,Facebook,2024-02-12,Não Convertido,,0.0,Moderado,Uruguay
73781,Orgânico,2024-02-12,Não Convertido,,0.0,Moderado,Guatemala
73782,Instagram,2024-02-16,Não Convertido,,0.0,Moderado,Cook Islands
73783,Orgânico,2024-02-17,Não Convertido,,0.0,Moderado,Mali
73784,Google Ads,2024-02-14,Não Convertido,,0.0,Moderado,Jersey
73785,YouTube Ads,2024-02-14,Não Convertido,,0.0,Moderado,Hong Kong
73786,TikTok,2024-02-17,Não Convertido,,0.0,Agressivo,Argentina
73787,TikTok,2024-02-12,Não Convertido,,0.0,Agressivo,Heard Island and McDonald Islands
73788,Facebook,2024-02-16,Não Convertido,,0.0,Moderado,Maldives
73789,TikTok,2024-02-14,Não Convertido,,0.0,Agressivo,Maldives
73790,Instagram,2024-02-15,Convertido,9.0,2200.83,Moderado,Wallis and Futuna
73791,Facebook,2024-02-14,Não Convertido,,0.0,Agressivo,Saint Martin
73792,Facebook,2024-02-13,Não Convertido,,0.0,Agressivo,Somalia
73793,Instagram,2024-02-17,Não Convertido,,0.0,Moderado,Rwanda
73794,Instagram,2024-02-15,Não Convertido,,0.0,Moderado,Botswana
73795,E-mail Marketing,2024-02-17,Não Convertido,,0.0,Moderado,Suriname
73796,Orgânico,2024-02-12,Não Convertido,,0.0,Moderado,British Virgin Islands
73797,TikTok,2024-02-14,Não Convertido,,0.0,Agressivo,Lithuania
73798,Instagram,2024-02-17,Convertido,6.0,156.48,Moderado,Kyrgyz Republic
73799,Facebook,2024-02-13,Não Convertido,,0.0,Moderado,Mauritania
73800,Instagram,2024-02-15,Não Convertido,,0.0,Moderado,Sweden
73801,Instagram,2024-02-17,Não Convertido,,0.0,Agressivo,Greenland
73802,Instagram,2024-02-12,Convertido,22.0,6589.48,Moderado,Cocos (Keeling) Islands
73803,E-mail Marketing,2024-02-16,Não Convertido,,0.0,Conservador,Spain
73804,Instagram,2024-02-16,Não Convertido,,0.0,Agressivo,China
73805,YouTube Ads,2024-02-13,Não Convertido,,0.0,Agressivo,Uganda
73806,TikTok,2024-02-17,Não Convertido,,0.0,Moderado,Russian Federation
73807,Orgânico,2024-02-14,Não Convertido,,0.0,Conservador,Mozambique
73808,TikTok,2024-02-15,Não Convertido,,0.0,Conservador,Tonga
73809,Google Ads,2024-02-12,Não Convertido,,0.0,Moderado,France
73810,Indicação,2024-02-16,Não Convertido,,0.0,Moderado,Cyprus
73811,Google Ads,2024-02-12,Não Convertido,,0.0,Agressivo,Gabon
73812,Instagram,2024-02-16,Não Convertido,,0.0,Desconhecido,Mali
73813,Indicação,2024-02-16,Não Convertido,,0.0,Moderado,Nigeria
73814,Facebook,2024-02-13,Não Convertido,,0.0,Agressivo,Venezuela
73815,TikTok,2024-02-15,Não Convertido,,0.0,Moderado,Bahrain
73816,Instagram,2024-02-13,Não Convertido,,0.0,Conservador,Norway
73817,TikTok,2024-02-16,Não Convertido,,0.0,Moderado,Timor-Leste
73818,Orgânico,2024-02-15,Convertido,1.0,4423.65,Conservador,Luxembourg
73819,Orgânico,2024-02-13,Não Convertido,,0.0,Moderado,Guinea
73820,Instagram,2024-02-17,Não Convertido,,0.0,Conservador,Seychelles
73821,Instagram,2024-02-12,Não Convertido,,0.0,Moderado,Holy See (Vatican City State)
73822,Instagram,2024-02-14,Não Convertido,,0.0,Moderado,France
73823,Facebook,2024-02-17,Não Convertido,,0.0,Conservador,Norway
73824,Instagram,2024-02-15,Não Convertido,,0.0,Agressivo,Wallis and Futuna
73825,Instagram,2024-02-16,Não Convertido,,0.0,Conservador,Cocos (Keeling) Islands
73826,WhatsApp,2024-02-12,Convertido,11.0,9721.34,Moderado,Botswana
73827,Facebook,2024-02-12,Não Convertido,,0.0,Moderado,Barbados
73828,Orgânico,2024-02-16,Não Convertido,,0.0,Agressivo,Anguilla
73829,Google Ads,2024-02-15,Não Convertido,,0.0,Conservador,Moldova
73830,Indicação,2024-02-12,Não Convertido,,0.0,Moderado,Eritrea
73831,Orgânico,2024-02-16,Não Convertido,,0.0,Desconhecido,United States Minor Outlying Islands
73832,Orgânico,2024-02-17,Não Convertido,,0.0,Agressivo,Iraq
73833,Instagram,2024-02-15,Não Convertido,,0.0,Conservador,Mongolia
73834,Facebook,2024-02-12,Não Convertido,,0.0,Agressivo,Saint Helena
73835,Google Ads,2024-02-14,Não Convertido,,0.0,Agressivo,Maldives
73836,Instagram,2024-02-13,Não Convertido,,0.0,Agressivo,Estonia
73837,E-mail Marketing,2024-02-12,Não Convertido,,0.0,Moderado,Heard Island and McDonald Islands
73838,Google Ads,2024-02-15,Não Convertido,,0.0,Moderado,Slovenia
73839,E-mail Marketing,2024-02-13,Não Convertido,,0.0,Agressivo,Albania
73840,Orgânico,2024-02-12,Não Convertido,,0.0,Agressivo,Holy See (Vatican City State)
73841,TikTok,2024-02-13,Não Convertido,,0.0,Moderado,Guam
73842,Instagram,2024-02-16,Não Convertido,,0.0,Moderado,Holy See (Vatican City State)
73843,Orgânico,2024-02-15,Não Convertido,,0.0,Conservador,Australia
73844,Orgânico,2024-02-15,Não Convertido,,0.0,Agressivo,United States Minor Outlying Islands
73845,YouTube Ads,2024-02-15,Não Convertido,,0.0,Moderado,Syrian Arab Republic
73846,TikTok,2024-02-12,Não Convertido,,0.0,Agressivo,Kiribati
73847,TikTok,2024-02-13,Não Convertido,,0.0,Moderado,Austria
73848,Instagram,2024-02-12,Não Convertido,,0.0,Desconhecido,Saint Pierre and Miquelon
73849,Google Ads,2024-02-13,Não Convertido,,0.0,Moderado,Antigua and Barbuda
73850,Instagram,2024-02-14,Não Convertido,,0.0,Agressivo,Niger
73851,E-mail Marketing,2024-02-16,Não Convertido,,0.0,Moderado,Japan
73852,E-mail Marketing,2024-02-17,Não Convertido,,0.0,Moderado,Saudi Arabia
73853,Indicação,2024-02-12,Não Convertido,,0.0,Moderado,Algeria
73854,Indicação,2024-02-16,Não Convertido,,0.0,Moderado,Kuwait
73855,E-mail Marketing,2024-02-17,Não Convertido,,0.0,Agressivo,Vanuatu
73856,YouTube Ads,2024-02-17,Não Convertido,,0.0,Agressivo,New Zealand
73857,Orgânico,2024-02-15,Não Convertido,,0.0,Agressivo,Burundi
73858,Orgânico,2024-02-16,Não Convertido,,0.0,Conservador,Germany
73859,Facebook,2024-02-16,Não Convertido,,0.0,Moderado,Iceland
73860,Facebook,2024-02-13,Não Convertido,,0.0,Moderado,Bangladesh
73861,TikTok,2024-02-13,Não Convertido,,0.0,Desconhecido,Kiribati
73862,YouTube Ads,2024-02-14,Não Convertido,,0.0,Agressivo,Samoa
73863,TikTok,2024-02-13,Não Convertido,,0.0,Conservador,Oman
73864,Google Ads,2024-02-13,Convertido,6.0,5500.53,Moderado,Paraguay
73865,Orgânico,2024-02-14,Não Convertido,,0.0,Moderado,Pitcairn Islands
73866,TikTok,2024-02-14,Não Convertido,,0.0,Moderado,Iraq
73867,Google Ads,2024-02-16,Não Convertido,,0.0,Moderado,Sierra Leone
73868,WhatsApp,2024-02-16,Não Convertido,,0.0,Moderado,Djibouti
73869,Instagram,2024-02-13,Convertido,27.0,7431.66,Conservador,Tanzania
73870,YouTube Ads,2024-02-15,Não Convertido,,0.0,Moderado,Cameroon
73871,Google Ads,2024-02-14,Não Convertido,,0.0,Agressivo,Faroe Islands
73872,Indicação,2024-02-14,Não Convertido,,0.0,Desconhecido,Armenia
73873,YouTube Ads,2024-02-17,Não Convertido,,0.0,Moderado,Saint Helena
73874,Instagram,2024-02-13,Não Convertido,,0.0,Agressivo,Uganda
73875,E-mail Marketing,2024-02-15,Não Convertido,,0.0,Agressivo,Falkland Islands (Malvinas)
73876,Instagram,2024-02-15,Não Convertido,,0.0,Agressivo,Sierra Leone
73877,Orgânico,2024-02-17,Não Convertido,,0.0,Moderado,Montserrat
73878,Instagram,2024-02-15,Não Convertido,,0.0,Agressivo,Guadeloupe
73879,WhatsApp,2024-02-14,Não Convertido,,0.0,Agressivo,Gabon
73880,Instagram,2024-02-14,Não Convertido,,0.0,Moderado,Armenia
73881,YouTube Ads,2024-02-13,Não Convertido,,0.0,Moderado,Saudi Arabia
73882,Orgânico,2024-02-14,Não Convertido,,0.0,Agressivo,Bahrain
73883,TikTok,2024-02-14,Não Convertido,,0.0,Moderado,Cyprus
73884,E-mail Marketing,2024-02-13,Não Convertido,,0.0,Agressivo,Swaziland
73885,Indicação,2024-02-12,Não Convertido,,0.0,Agressivo,Palau
73886,Facebook,2024-02-15,Não Convertido,,0.0,Moderado,Guatemala
73887,WhatsApp,2024-02-13,Não Convertido,,0.0,Moderado,Japan
73888,Instagram,2024-02-13,Não Convertido,,0.0,Moderado,Suriname
73889,TikTok,2024-02-12,Não Convertido,,0.0,Moderado,Turkmenistan
73890,Facebook,2024-02-16,Não Convertido,,0.0,Agressivo,Saint Martin
73891,TikTok,2024-02-14,Convertido,25.0,107.26,Moderado,Malawi
73892,E-mail Marketing,2024-02-17,Não Convertido,,0.0,Agressivo,Jordan
73893,TikTok,2024-02-16,Não Convertido,,0.0,Desconhecido,Honduras
73894,Orgânico,2024-02-14,Não Convertido,,0.0,Conservador,Chile
73895,Facebook,2024-02-12,Não Convertido,,0.0,Conservador,Tajikistan
73896,E-mail Marketing,2024-02-14,Não Convertido,,0.0,Agressivo,Honduras
73897,Facebook,2024-02-12,Não Convertido,,0.0,Desconhecido,Indonesia
73898,YouTube Ads,2024-02-15,Não Convertido,,0.0,Moderado,Dominican Republic
73899,Orgânico,2024-02-17,Convertido,20.0,4184.8,Agressivo,Greece
73900,Orgânico,2024-02-17,Não Convertido,,0.0,Desconhecido,Sierra Leone
73901,Google Ads,2024-02-16,Não Convertido,,0.0,Moderado,Serbia
73902,Orgânico,2024-02-13,Não Convertido,,0.0,Desconhecido,Falkland Islands (Malvinas)
73903,Instagram,2024-02-17,Não Convertido,,0.0,Moderado,Swaziland
73904,Facebook,2024-02-16,Convertido,15.0,1982.96,Conservador,Guernsey
73905,TikTok,2024-02-14,Não Convertido,,0.0,Desconhecido,Congo
73906,Orgânico,2024-02-13,Não Convertido,,0.0,Agressivo,Sudan
73907,Instagram,2024-02-15,Não Convertido,,0.0,Agressivo,Congo
73908,Google Ads,2024-02-16,Não Convertido,,0.0,Agressivo,Spain
73909,WhatsApp,2024-02-13,Não Convertido,,0.0,Moderado,Antigua and Barbuda
73910,E-mail Marketing,2024-02-12,Não Convertido,,0.0,Moderado,Dominica
73911,TikTok,2024-02-12,Convertido,5.0,7462.31,Desconhecido,Bulgaria
73912,E-mail Marketing,2024-02-13,Não Convertido,,0.0,Agressivo,Botswana
73913,Facebook,2024-02-15,Não Convertido,,0.0,Conservador,Congo
73914,Instagram,2024-02-13,Não Convertido,,0.0,Conservador,Antigua and Barbuda
73915,Instagram,2024-02-17,Não Convertido,,0.0,Conservador,French Southern Territories
73916,Google Ads,2024-02-16,Não Convertido,,0.0,Conservador,Comoros
73917,Instagram,2024-02-16,Não Convertido,,0.0,Conservador,Bosnia and Herzegovina
73918,Google Ads,2024-02-14,Não Convertido,,0.0,Conservador,Pakistan
73919,WhatsApp,2024-02-14,Não Convertido,,0.0,Conservador,Belgium
73920,Indicação,2024-02-15,Convertido,12.0,2973.98,Moderado,Angola
73921,Google Ads,2024-02-16,Não Convertido,,0.0,Agressivo,Uzbekistan
73922,Facebook,2024-02-16,Não Convertido,,0.0,Agressivo,Afghanistan
73923,Orgânico,2024-02-15,Não Convertido,,0.0,Agressivo,Yemen
73924,Instagram,2024-02-13,Convertido,24.0,9080.4,Moderado,Macao
73925,E-mail Marketing,2024-02-16,Não Convertido,,0.0,Desconhecido,North Macedonia
73926,Facebook,2024-02-15,Não Convertido,,0.0,Agressivo,Belize
73927,Facebook,2024-02-13,Não Convertido,,0.0,Desconhecido,Armenia
73928,Instagram,2024-02-12,Não Convertido,,0.0,Moderado,Burkina Faso
73929,Google Ads,2024-02-12,Convertido,26.0,8949.83,Agressivo,Korea
73930,TikTok,2024-02-12,Não Convertido,,0.0,Agressivo,Papua New Guinea
73931,Google Ads,2024-02-14,Não Convertido,,0.0,Conservador,Cayman Islands
73932,E-mail Marketing,2024-02-16,Não Convertido,,0.0,Moderado,Netherlands
73933,E-mail Marketing,2024-02-15,Não Convertido,,0.0,Agressivo,Antigua and Barbuda
73934,E-mail Marketing,2024-02-16,Não Convertido,,0.0,Desconhecido,Dominica
73935,TikTok,2024-02-14,Não Convertido,,0.0,Desconhecido,Bouvet Island (Bouvetoya)
73936,E-mail Marketing,2024-02-13,Não Convertido,,0.0,Agressivo,Korea
73937,Facebook,2024-02-14,Não Convertido,,0.0,Agressivo,Ghana
73938,Orgânico,2024-02-17,Não Convertido,,0.0,Moderado,Poland
73939,E-mail Marketing,2024-02-12,Não Convertido,,0.0,Desconhecido,United Arab Emirates
73940,TikTok,2024-02-13,Não Convertido,,0.0,Agressivo,Cyprus
73941,TikTok,2024-02-16,Não Convertido,,0.0,Conservador,Belarus
73942,E-mail Marketing,2024-02-15,Não Convertido,,0.0,Moderado,Monaco
73943,YouTube Ads,2024-02-14,Não Convertido,,0.0,Moderado,Nicaragua
73944,Facebook,2024-02-16,Não Convertido,,0.0,Desconhecido,Cocos (Keeling) Islands
73945,YouTube Ads,2024-02-15,Não Convertido,,0.0,Agressivo,Malta
73946,TikTok,2024-02-13,Não Convertido,,0.0,Agressivo,Netherlands Antilles
73947,Orgânico,2024-02-12,Não Convertido,,0.0,Agressivo,Montenegro
73948,Facebook,2024-02-12,Não Convertido,,0.0,Moderado,Rwanda
73949,YouTube Ads,2024-02-14,Não Convertido,,0.0,Moderado,British Indian Ocean Territory (Chagos Archipelago)
73950,Instagram,2024-02-14,Não Convertido,,0.0,Moderado,Sri Lanka
73951,TikTok,2024-02-12,Não Convertido,,0.0,Moderado,Saudi Arabia
73952,Orgânico,2024-02-17,Não Convertido,,0.0,Moderado,Germany
73953,Orgânico,2024-02-12,Não Convertido,,0.0,Agressivo,Trinidad and Tobago
73954,Facebook,2024-02-13,Não Convertido,,0.0,Desconhecido,Tonga
73955,YouTube Ads,2024-02-12,Não Convertido,,0.0,Moderado,Denmark
73956,E-mail Marketing,2024-02-14,Não Convertido,,0.0,Agressivo,Madagascar
73957,Orgânico,2024-02-12,Não Convertido,,0.0,Agressivo,Ecuador
73958,WhatsApp,2024-02-12,Não Convertido,,0.0,Moderado,Mozambique
73959,Google Ads,2024-02-13,Não Convertido,,0.0,Agressivo,Georgia
73960,Orgânico,2024-02-16,Não Convertido,,0.0,Conservador,Bhutan
73961,E-mail Marketing,2024-02-13,Não Convertido,,0.0,Agressivo,Guinea-Bissau
73962,WhatsApp,2024-02-13,Não Convertido,,0.0,Conservador,Aruba
73963,Orgânico,2024-02-12,Não Convertido,,0.0,Moderado,Moldova
73964,TikTok,2024-02-13,Convertido,10.0,5357.27,Conservador,Ethiopia
73965,Orgânico,2024-02-14,Não Convertido,,0.0,Moderado,Libyan Arab Jamahiriya
73966,Instagram,2024-02-17,Não Convertido,,0.0,Agressivo,Montenegro
73967,E-mail Marketing,2024-02-16,Convertido,23.0,8060.01,Moderado,Honduras
73968,Google Ads,2024-02-17,Não Convertido,,0.0,Moderado,Poland
73969,TikTok,2024-02-14,Não Convertido,,0.0,Agressivo,Vietnam
73970,E-mail Marketing,2024-02-15,Não Convertido,,0.0,Conservador,India
73971,WhatsApp,2024-02-16,Não Convertido,,0.0,Moderado,Costa Rica
73972,Orgânico,2024-02-17,Não Convertido,,0.0,Conservador,Poland
73973,Instagram,2024-02-14,Não Convertido,,0.0,Moderado,Niger
73974,Instagram,2024-02-12,Não Convertido,,0.0,Conservador,Zimbabwe
73975,Instagram,2024-02-17,Não Convertido,,0.0,Agressivo,Bulgaria
73976,YouTube Ads,2024-02-13,Não Convertido,,0.0,Agressivo,United States of America
73977,TikTok,2024-02-15,Não Convertido,,0.0,Moderado,Burkina Faso
73978,Orgânico,2024-02-12,Não Convertido,,0.0,Agressivo,Netherlands
73979,Facebook,2024-02-16,Não Convertido,,0.0,Desconhecido,Belgium
73980,Instagram,2024-02-14,Não Convertido,,0.0,Agressivo,Vanuatu
73981,Orgânico,2024-02-13,Não Convertido,,0.0,Moderado,Dominica
73982,TikTok,2024-02-13,Não Convertido,,0.0,Moderado,Australia
73983,Google Ads,2024-02-13,Não Convertido,,0.0,Moderado,Syrian Arab Republic
73984,Orgânico,2024-02-12,Não Convertido,,0.0,Agressivo,Andorra
73985,YouTube Ads,2024-02-12,Não Convertido,,0.0,Moderado,Montserrat
73986,Facebook,2024-02-15,Não Convertido,,0.0,Desconhecido,Haiti
73987,TikTok,2024-02-13,Não Convertido,,0.0,Conservador,Brazil
73988,WhatsApp,2024-02-16,Não Convertido,,0.0,Agressivo,Burkina Faso
73989,Orgânico,2024-02-16,Não Convertido,,0.0,Agressivo,Paraguay
73990,Orgânico,2024-02-13,Não Convertido,,0.0,Conservador,Sri Lanka
73991,Instagram,2024-02-12,Não Convertido,,0.0,Desconhecido,Monaco
73992,Google Ads,2024-02-13,Não Convertido,,0.0,Agressivo,Zimbabwe
73993,YouTube Ads,2024-02-15,Não Convertido,,0.0,Moderado,India
73994,TikTok,2024-02-16,Não Convertido,,0.0,Moderado,Hungary
73995,Instagram,2024-02-15,Não Convertido,,0.0,Agressivo,Burundi
73996,Instagram,2024-02-12,Não Convertido,,0.0,Moderado,Guernsey
73997,Google Ads,2024-02-12,Não Convertido,,0.0,Agressivo,Heard Island and McDonald Islands
73998,Facebook,2024-02-16,Não Convertido,,0.0,Moderado,Madagascar
73999,Orgânico,2024-02-13,Não Convertido,,0.0,Conservador,Montenegro
74000,WhatsApp,2024-02-14,Não Convertido,,0.0,Conservador,Chad
74001,Instagram,2024-02-13,Não Convertido,,0.0,Moderado,Angola
74002,WhatsApp,2024-02-15,Não Convertido,,0.0,Moderado,Sweden
74003,YouTube Ads,2024-02-17,Não Convertido,,0.0,Desconhecido,Malawi
74004,Instagram,2024-02-14,Não Convertido,,0.0,Agressivo,Cocos (Keeling) Islands
74005,E-mail Marketing,2024-02-17,Convertido,27.0,7562.67,Moderado,Liechtenstein
74006,TikTok,2024-02-13,Não Convertido,,0.0,Conservador,Zambia
74007,TikTok,2024-02-13,Não Convertido,,0.0,Moderado,United States of America
74008,Orgânico,2024-02-13,Não Convertido,,0.0,Moderado,Svalbard & Jan Mayen Islands
74009,Google Ads,2024-02-16,Não Convertido,,0.0,Agressivo,Cuba
74010,WhatsApp,2024-02-17,Não Convertido,,0.0,Moderado,Sao Tome and Principe
74011,Facebook,2024-02-14,Convertido,6.0,3558.95,Desconhecido,Cameroon
74012,TikTok,2024-02-17,Não Convertido,,0.0,Agressivo,Estonia
74013,Facebook,2024-02-13,Não Convertido,,0.0,Moderado,Hong Kong
74014,Google Ads,2024-02-13,Não Convertido,,0.0,Desconhecido,Israel
74015,Facebook,2024-02-17,Não Convertido,,0.0,Agressivo,Netherlands
74016,YouTube Ads,2024-02-15,Não Convertido,,0.0,Agressivo,Netherlands Antilles
74017,WhatsApp,2024-02-14,Não Convertido,,0.0,Moderado,Liberia
74018,YouTube Ads,2024-02-16,Não Convertido,,0.0,Moderado,Guatemala
74019,Instagram,2024-02-13,Não Convertido,,0.0,Conservador,Fiji
74020,TikTok,2024-02-16,Não Convertido,,0.0,Desconhecido,Benin
74021,Orgânico,2024-02-12,Não Convertido,,0.0,Agressivo,China
74022,YouTube Ads,2024-02-12,Não Convertido,,0.0,Agressivo,Uganda
74023,Indicação,2024-02-15,Não Convertido,,0.0,Agressivo,Netherlands Antilles
74024,Instagram,2024-02-15,Não Convertido,,0.0,Moderado,Micronesia
74025,Google Ads,2024-02-15,Não Convertido,,0.0,Conservador,Lao People's Democratic Republic
74026,Facebook,2024-02-17,Não Convertido,,0.0,Moderado,British Virgin Islands
74027,Facebook,2024-02-13,Não Convertido,,0.0,Conservador,Finland
74028,Facebook,2024-02-12,Não Convertido,,0.0,Conservador,Macao
74029,Orgânico,2024-02-12,Não Convertido,,0.0,Agressivo,Pitcairn Islands
74030,Orgânico,2024-02-16,Não Convertido,,0.0,Moderado,Burkina Faso
74031,Orgânico,2024-02-14,Não Convertido,,0.0,Conservador,Saint Kitts and Nevis
74032,Facebook,2024-02-16,Não Convertido,,0.0,Conservador,Venezuela
74033,TikTok,2024-02-17,Não Convertido,,0.0,Moderado,Austria
74034,Instagram,2024-02-15,Não Convertido,,0.0,Moderado,Korea
74035,Facebook,2024-02-17,Convertido,4.0,5395.21,Agressivo,Central African Republic
74036,WhatsApp,2024-02-15,Não Convertido,,0.0,Conservador,Finland
74037,Facebook,2024-02-15,Não Convertido,,0.0,Moderado,Jersey
74038,Google Ads,2024-02-13,Não Convertido,,0.0,Moderado,Norfolk Island
74039,Google Ads,2024-02-13,Convertido,5.0,3661.03,Conservador,Bosnia and Herzegovina
74040,E-mail Marketing,2024-02-14,Não Convertido,,0.0,Agressivo,Seychelles
74041,TikTok,2024-02-15,Não Convertido,,0.0,Desconhecido,China
74042,YouTube Ads,2024-02-13,Não Convertido,,0.0,Conservador,Greece
74043,Orgânico,2024-02-14,Não Convertido,,0.0,Desconhecido,Wallis and Futuna
74044,TikTok,2024-02-16,Não Convertido,,0.0,Desconhecido,Vanuatu
74045,Orgânico,2024-02-13,Não Convertido,,0.0,Moderado,Colombia
74046,E-mail Marketing,2024-02-16,Convertido,7.0,5241.98,Moderado,Ireland
74047,Orgânico,2024-02-17,Não Convertido,,0.0,Moderado,Italy
74048,Facebook,2024-02-16,Não Convertido,,0.0,Moderado,Lao People's Democratic Republic
74049,Instagram,2024-02-12,Não Convertido,,0.0,Conservador,Montenegro
74050,TikTok,2024-02-12,Não Convertido,,0.0,Moderado,Ecuador
74051,Google Ads,2024-02-12,Não Convertido,,0.0,Moderado,American Samoa
74052,TikTok,2024-02-17,Não Convertido,,0.0,Desconhecido,North Macedonia
74053,Indicação,2024-02-16,Não Convertido,,0.0,Agressivo,Bermuda
74054,YouTube Ads,2024-02-16,Não Convertido,,0.0,Conservador,Swaziland
74055,YouTube Ads,2024-02-15,Não Convertido,,0.0,Agressivo,United States of America
74056,Instagram,2024-02-17,Não Convertido,,0.0,Conservador,Indonesia
74057,YouTube Ads,2024-02-14,Não Convertido,,0.0,Desconhecido,Pitcairn Islands
74058,E-mail Marketing,2024-02-17,Não Convertido,,0.0,Agressivo,Jordan
74059,TikTok,2024-02-15,Não Convertido,,0.0,Moderado,San Marino
74060,E-mail Marketing,2024-02-13,Não Convertido,,0.0,Moderado,Gabon
74061,Indicação,2024-02-15,Não Convertido,,0.0,Moderado,Estonia
74062,Facebook,2024-02-17,Não Convertido,,0.0,Desconhecido,Paraguay
74063,E-mail Marketing,2024-02-16,Não Convertido,,0.0,Agressivo,El Salvador
74064,WhatsApp,2024-02-15,Não Convertido,,0.0,Conservador,Malawi
74065,Facebook,2024-02-13,Não Convertido,,0.0,Moderado,Venezuela
74066,E-mail Marketing,2024-02-12,Convertido,11.0,3230.9,Moderado,Tajikistan
74067,Orgânico,2024-02-17,Não Convertido,,0.0,Conservador,Jamaica
74068,WhatsApp,2024-02-12,Não Convertido,,0.0,Moderado,United States Virgin Islands
74069,Orgânico,2024-02-17,Não Convertido,,0.0,Conservador,Mauritius
74070,Instagram,2024-02-17,Não Convertido,,0.0,Desconhecido,Botswana
74071,Orgânico,2024-02-12,Não Convertido,,0.0,Agressivo,Solomon Islands
74072,Orgânico,2024-02-16,Não Convertido,,0.0,Moderado,Monaco
74073,E-mail Marketing,2024-02-14,Não Convertido,,0.0,Moderado,Faroe Islands
74074,YouTube Ads,2024-02-12,Não Convertido,,0.0,Conservador,Equatorial Guinea
74075,TikTok,2024-02-14,Não Convertido,,0.0,Moderado,Timor-Leste
74076,Instagram,2024-02-14,Não Convertido,,0.0,Conservador,Hong Kong
74077,E-mail Marketing,2024-02-16,Não Convertido,,0.0,Moderado,Cambodia
74078,TikTok,2024-02-16,Não Convertido,,0.0,Agressivo,Belize
74079,Google Ads,2024-02-16,Não Convertido,,0.0,Agressivo,Faroe Islands
74080,Facebook,2024-02-12,Não Convertido,,0.0,Conservador,Benin
74081,Indicação,2024-02-16,Não Convertido,,0.0,Moderado,Netherlands
74082,Indicação,2024-02-16,Não Convertido,,0.0,Moderado,Solomon Islands
74083,Google Ads,2024-02-16,Não Convertido,,0.0,Moderado,Bermuda
74084,Orgânico,2024-02-15,Não Convertido,,0.0,Moderado,Thailand
74085,WhatsApp,2024-02-13,Não Convertido,,0.0,Moderado,Chile
74086,E-mail Marketing,2024-02-13,Não Convertido,,0.0,Desconhecido,Czech Republic
74087,E-mail Marketing,2024-02-15,Não Convertido,,0.0,Conservador,Jersey
74088,WhatsApp,2024-02-17,Não Convertido,,0.0,Desconhecido,Papua New Guinea
74089,Instagram,2024-02-16,Não Convertido,,0.0,Moderado,Romania
74090,E-mail Marketing,2024-02-13,Não Convertido,,0.0,Moderado,Guam
74091,E-mail Marketing,2024-02-13,Não Convertido,,0.0,Moderado,Bahrain
74092,E-mail Marketing,2024-02-12,Não Convertido,,0.0,Moderado,Portugal
74093,WhatsApp,2024-02-14,Não Convertido,,0.0,Moderado,Argentina
74094,TikTok,2024-02-17,Não Convertido,,0.0,Moderado,Malaysia
74095,Orgânico,2024-02-15,Não Convertido,,0.0,Conservador,Yemen
74096,E-mail Marketing,2024-02-13,Não Convertido,,0.0,Agressivo,Holy See (Vatican City State)
74097,WhatsApp,2024-02-15,Não Convertido,,0.0,Conservador,Jamaica
74098,YouTube Ads,2024-02-12,Não Convertido,,0.0,Conservador,Belize
74099,Instagram,2024-02-12,Não Convertido,,0.0,Conservador,Uzbekistan
74100,Orgânico,2024-02-14,Não Convertido,,0.0,Agressivo,Kuwait
74101,Google Ads,2024-02-13,Não Convertido,,0.0,Moderado,Zimbabwe
74102,Google Ads,2024-02-16,Não Convertido,,0.0,Moderado,Zambia
74103,Instagram,2024-02-16,Não Convertido,,0.0,Agressivo,Antigua and Barbuda
74104,E-mail Marketing,2024-02-16,Não Convertido,,0.0,Conservador,Oman
74105,YouTube Ads,2024-02-16,Não Convertido,,0.0,Conservador,Hungary
74106,Orgânico,2024-02-16,Não Convertido,,0.0,Agressivo,Jordan
74107,Facebook,2024-02-13,Não Convertido,,0.0,Moderado,Thailand
74108,Instagram,2024-02-13,Não Convertido,,0.0,Moderado,Panama
74109,Indicação,2024-02-15,Não Convertido,,0.0,Moderado,Libyan Arab Jamahiriya
74110,Google Ads,2024-02-12,Não Convertido,,0.0,Moderado,Maldives
74111,Facebook,2024-02-16,Convertido,16.0,6389.03,Conservador,Mauritania
74112,Orgânico,2024-02-13,Não Convertido,,0.0,Agressivo,Luxembourg
74113,Orgânico,2024-02-13,Não Convertido,,0.0,Conservador,French Guiana
74114,Orgânico,2024-02-17,Não Convertido,,0.0,Conservador,Norfolk Island
74115,Instagram,2024-02-15,Não Convertido,,0.0,Conservador,Christmas Island
74116,Instagram,2024-02-15,Não Convertido,,0.0,Moderado,Bulgaria
74117,E-mail Marketing,2024-02-14,Não Convertido,,0.0,Moderado,Holy See (Vatican City State)
74118,E-mail Marketing,2024-02-15,Não Convertido,,0.0,Moderado,Central African Republic
74119,Orgânico,2024-02-13,Não Convertido,,0.0,Moderado,Norway
74120,TikTok,2024-02-15,Não Convertido,,0.0,Moderado,Ethiopia
74121,TikTok,2024-02-12,Não Convertido,,0.0,Conservador,Netherlands Antilles
74122,E-mail Marketing,2024-02-12,Não Convertido,,0.0,Agressivo,Malta
74123,YouTube Ads,2024-02-16,Não Convertido,,0.0,Moderado,Martinique
74124,TikTok,2024-02-15,Não Convertido,,0.0,Conservador,India
74125,Orgânico,2024-02-15,Não Convertido,,0.0,Agressivo,Zambia
74126,E-mail Marketing,2024-02-12,Não Convertido,,0.0,Conservador,Turks and Caicos Islands
74127,TikTok,2024-02-17,Não Convertido,,0.0,Moderado,Pitcairn Islands
74128,Orgânico,2024-02-16,Não Convertido,,0.0,Moderado,Iceland
74129,Facebook,2024-02-12,Não Convertido,,0.0,Desconhecido,Mauritius
74130,E-mail Marketing,2024-02-12,Não Convertido,,0.0,Agressivo,Sao Tome and Principe
74131,YouTube Ads,2024-02-15,Não Convertido,,0.0,Agressivo,Ukraine
74132,WhatsApp,2024-02-13,Não Convertido,,0.0,Agressivo,Saint Barthelemy
74133,E-mail Marketing,2024-02-13,Convertido,19.0,7588.3,Moderado,Syrian Arab Republic
74134,Orgânico,2024-02-17,Não Convertido,,0.0,Agressivo,Portugal
74135,Instagram,2024-02-15,Convertido,12.0,2909.99,Conservador,Guinea-Bissau
74136,YouTube Ads,2024-02-14,Não Convertido,,0.0,Agressivo,Guadeloupe
74137,E-mail Marketing,2024-02-12,Não Convertido,,0.0,Moderado,Portugal
74138,E-mail Marketing,2024-02-16,Não Convertido,,0.0,Moderado,Myanmar
74139,E-mail Marketing,2024-02-17,Não Convertido,,0.0,Conservador,United States Virgin Islands
74140,TikTok,2024-02-17,Convertido,10.0,6041.31,Agressivo,Afghanistan
74141,TikTok,2024-02-16,Não Convertido,,0.0,Moderado,Chad
74142,WhatsApp,2024-02-16,Não Convertido,,0.0,Moderado,Poland
74143,Orgânico,2024-02-12,Não Convertido,,0.0,Moderado,Ireland
74144,TikTok,2024-02-12,Não Convertido,,0.0,Agressivo,Hong Kong
74145,E-mail Marketing,2024-02-14,Não Convertido,,0.0,Agressivo,Poland
74146,Instagram,2024-02-17,Não Convertido,,0.0,Conservador,Guam
74147,WhatsApp,2024-02-14,Não Convertido,,0.0,Moderado,Iceland
74148,Facebook,2024-02-13,Não Convertido,,0.0,Moderado,Saint Barthelemy
74149,Google Ads,2024-02-16,Não Convertido,,0.0,Moderado,Tajikistan
74150,Facebook,2024-02-13,Não Convertido,,0.0,Agressivo,Montserrat
74151,Google Ads,2024-02-14,Não Convertido,,0.0,Agressivo,Yemen
74152,Facebook,2024-02-15,Não Convertido,,0.0,Conservador,Monaco
74153,Orgânico,2024-02-17,Não Convertido,,0.0,Desconhecido,Luxembourg
74154,Indicação,2024-02-12,Não Convertido,,0.0,Conservador,Sao Tome and Principe
74155,Orgânico,2024-02-17,Não Convertido,,0.0,Agressivo,Qatar
74156,Instagram,2024-02-17,Não Convertido,,0.0,Moderado,Palestinian Territory
74157,WhatsApp,2024-02-13,Não Convertido,,0.0,Desconhecido,Guyana
74158,Instagram,2024-02-12,Não Convertido,,0.0,Conservador,Guinea-Bissau
74159,TikTok,2024-02-15,Não Convertido,,0.0,Conservador,United Arab Emirates
74160,Facebook,2024-02-13,Não Convertido,,0.0,Desconhecido,Pitcairn Islands
74161,Orgânico,2024-02-14,Não Convertido,,0.0,Moderado,Guinea
74162,Orgânico,2024-02-15,Não Convertido,,0.0,Conservador,Honduras
74163,E-mail Marketing,2024-02-12,Convertido,14.0,6866.5,Agressivo,Brunei Darussalam
74164,Instagram,2024-02-14,Não Convertido,,0.0,Moderado,Guatemala
74165,Facebook,2024-02-13,Não Convertido,,0.0,Agressivo,Palestinian Territory
74166,Google Ads,2024-02-15,Não Convertido,,0.0,Moderado,United States of America
74167,Orgânico,2024-02-16,Não Convertido,,0.0,Moderado,Micronesia
74168,Orgânico,2024-02-16,Não Convertido,,0.0,Conservador,Namibia
74169,Google Ads,2024-02-15,Não Convertido,,0.0,Desconhecido,Guyana
74170,Orgânico,2024-02-14,Não Convertido,,0.0,Moderado,Maldives
74171,Orgânico,2024-02-14,Não Convertido,,0.0,Agressivo,Yemen
74172,Orgânico,2024-02-15,Não Convertido,,0.0,Agressivo,Brunei Darussalam
74173,Orgânico,2024-02-13,Não Convertido,,0.0,Moderado,Sierra Leone
74174,Instagram,2024-02-13,Não Convertido,,0.0,Moderado,Norfolk Island
74175,Instagram,2024-02-16,Não Convertido,,0.0,Moderado,Aruba
74176,Google Ads,2024-02-13,Não Convertido,,0.0,Agressivo,Micronesia
74177,Facebook,2024-02-15,Não Convertido,,0.0,Agressivo,Lesotho
74178,Facebook,2024-02-13,Não Convertido,,0.0,Desconhecido,Myanmar
74179,TikTok,2024-02-15,Não Convertido,,0.0,Moderado,Afghanistan
74180,Instagram,2024-02-15,Não Convertido,,0.0,Moderado,Colombia
74181,TikTok,2024-02-17,Não Convertido,,0.0,Agressivo,Eritrea
74182,Instagram,2024-02-14,Não Convertido,,0.0,Agressivo,Mayotte
74183,Google Ads,2024-02-12,Não Convertido,,0.0,Desconhecido,Macao
74184,Indicação,2024-02-14,Não Convertido,,0.0,Moderado,Saint Martin
74185,Google Ads,2024-02-17,Não Convertido,,0.0,Conservador,Poland
74186,Google Ads,2024-02-14,Não Convertido,,0.0,Moderado,Sweden
74187,E-mail Marketing,2024-02-13,Não Convertido,,0.0,Conservador,United States Virgin Islands
74188,TikTok,2024-02-17,Não Convertido,,0.0,Conservador,Sierra Leone
74189,TikTok,2024-02-13,Não Convertido,,0.0,Moderado,Slovakia (Slovak Republic)
74190,Google Ads,2024-02-14,Não Convertido,,0.0,Conservador,Guam
74191,WhatsApp,2024-02-12,Não Convertido,,0.0,Desconhecido,Qatar
74192,Orgânico,2024-02-17,Não Convertido,,0.0,Conservador,Burkina Faso
74193,YouTube Ads,2024-02-12,Não Convertido,,0.0,Conservador,Libyan Arab Jamahiriya
74194,TikTok,2024-02-14,Não Convertido,,0.0,Agressivo,China
74195,Google Ads,2024-02-16,Não Convertido,,0.0,Agressivo,Costa Rica
74196,E-mail Marketing,2024-02-17,Não Convertido,,0.0,Agressivo,Myanmar
74197,E-mail Marketing,2024-02-15,Não Convertido,,0.0,Agressivo,Czech Republic
74198,YouTube Ads,2024-02-16,Não Convertido,,0.0,Agressivo,Faroe Islands
74199,Orgânico,2024-02-16,Não Convertido,,0.0,Moderado,Andorra
74200,Indicação,2024-02-15,Não Convertido,,0.0,Agressivo,Belgium
74201,Orgânico,2024-02-13,Não Convertido,,0.0,Moderado,Grenada
74202,YouTube Ads,2024-02-13,Não Convertido,,0.0,Conservador,Andorra
74203,Facebook,2024-02-15,Não Convertido,,0.0,Agressivo,Ireland
74204,WhatsApp,2024-02-17,Não Convertido,,0.0,Moderado,Mauritius
74205,WhatsApp,2024-02-12,Não Convertido,,0.0,Agressivo,Yemen
74206,Instagram,2024-02-15,Não Convertido,,0.0,Agressivo,Saint Kitts and Nevis
74207,WhatsApp,2024-02-12,Não Convertido,,0.0,Agressivo,Colombia
74208,Instagram,2024-02-13,Não Convertido,,0.0,Agressivo,Svalbard & Jan Mayen Islands
74209,Indicação,2024-02-15,Não Convertido,,0.0,Conservador,North Macedonia
74210,Orgânico,2024-02-16,Não Convertido,,0.0,Agressivo,Thailand
74211,E-mail Marketing,2024-02-15,Não Convertido,,0.0,Agressivo,Dominican Republic
74212,Orgânico,2024-02-15,Não Convertido,,0.0,Desconhecido,Ecuador
74213,Orgânico,2024-02-17,Convertido,16.0,8342.27,Moderado,Marshall Islands
74214,E-mail Marketing,2024-02-12,Não Convertido,,0.0,Moderado,Bahrain
74215,Orgânico,2024-02-17,Não Convertido,,0.0,Agressivo,Malawi
74216,Facebook,2024-02-15,Não Convertido,,0.0,Conservador,Cook Islands
74217,Google Ads,2024-02-15,Não Convertido,,0.0,Moderado,Tuvalu
74218,Facebook,2024-02-17,Não Convertido,,0.0,Agressivo,Martinique
74219,Instagram,2024-02-12,Não Convertido,,0.0,Moderado,Malaysia
74220,YouTube Ads,2024-02-17,Não Convertido,,0.0,Conservador,Gambia
74221,E-mail Marketing,2024-02-12,Não Convertido,,0.0,Desconhecido,Saint Vincent and the Grenadines
74222,YouTube Ads,2024-02-15,Não Convertido,,0.0,Moderado,French Polynesia
74223,Facebook,2024-02-14,Não Convertido,,0.0,Agressivo,Romania
74224,E-mail Marketing,2024-02-12,Não Convertido,,0.0,Conservador,Mozambique
74225,TikTok,2024-02-15,Não Convertido,,0.0,Agressivo,Northern Mariana Islands
74226,Google Ads,2024-02-13,Não Convertido,,0.0,Agressivo,Puerto Rico
74227,Orgânico,2024-02-14,Não Convertido,,0.0,Agressivo,Myanmar
74228,Orgânico,2024-02-12,Não Convertido,,0.0,Moderado,Bermuda
74229,TikTok,2024-02-14,Não Convertido,,0.0,Agressivo,Guernsey
74230,Google Ads,2024-02-12,Não Convertido,,0.0,Conservador,Slovenia
74231,Orgânico,2024-02-13,Não Convertido,,0.0,Agressivo,Madagascar
74232,Facebook,2024-02-17,Não Convertido,,0.0,Moderado,French Polynesia
74233,Orgânico,2024-02-13,Não Convertido,,0.0,Moderado,Netherlands
74234,YouTube Ads,2024-02-14,Não Convertido,,0.0,Conservador,Falkland Islands (Malvinas)
74235,Orgânico,2024-02-16,Não Convertido,,0.0,Moderado,Gabon
74236,Orgânico,2024-02-13,Não Convertido,,0.0,Moderado,Benin
74237,TikTok,2024-02-13,Não Convertido,,0.0,Moderado,Jordan
74238,YouTube Ads,2024-02-17,Não Convertido,,0.0,Moderado,Sao Tome and Principe
74239,Instagram,2024-02-15,Convertido,21.0,7648.77,Moderado,Brunei Darussalam
74240,WhatsApp,2024-02-15,Não Convertido,,0.0,Agressivo,Afghanistan
74241,YouTube Ads,2024-02-17,Não Convertido,,0.0,Agressivo,Australia
74242,Instagram,2024-02-17,Não Convertido,,0.0,Conservador,Kyrgyz Republic
74243,Google Ads,2024-02-16,Não Convertido,,0.0,Moderado,Mongolia
74244,WhatsApp,2024-02-15,Não Convertido,,0.0,Agressivo,Northern Mariana Islands
74245,Google Ads,2024-02-15,Não Convertido,,0.0,Moderado,Albania
74246,WhatsApp,2024-02-13,Não Convertido,,0.0,Moderado,Brazil
74247,YouTube Ads,2024-02-16,Não Convertido,,0.0,Conservador,Kiribati
74248,WhatsApp,2024-02-13,Não Convertido,,0.0,Conservador,United States Virgin Islands
74249,Instagram,2024-02-12,Não Convertido,,0.0,Moderado,Swaziland
74250,Orgânico,2024-02-17,Convertido,5.0,7300.25,Conservador,Martinique
74251,Orgânico,2024-02-16,Não Convertido,,0.0,Moderado,Mali
74252,WhatsApp,2024-02-13,Não Convertido,,0.0,Conservador,Heard Island and McDonald Islands
74253,Orgânico,2024-02-15,Não Convertido,,0.0,Conservador,Jordan
74254,Google Ads,2024-02-17,Não Convertido,,0.0,Agressivo,Samoa
74255,E-mail Marketing,2024-02-14,Não Convertido,,0.0,Moderado,Syrian Arab Republic
74256,Orgânico,2024-02-15,Não Convertido,,0.0,Conservador,Brazil
74257,Orgânico,2024-02-13,Convertido,9.0,8210.69,Moderado,Cape Verde
74258,E-mail Marketing,2024-02-12,Não Convertido,,0.0,Agressivo,Australia
74259,E-mail Marketing,2024-02-13,Não Convertido,,0.0,Conservador,Cocos (Keeling) Islands
74260,E-mail Marketing,2024-02-16,Não Convertido,,0.0,Agressivo,Isle of Man
74261,Instagram,2024-02-17,Não Convertido,,0.0,Conservador,American Samoa
74262,Facebook,2024-02-17,Não Convertido,,0.0,Moderado,Mayotte
74263,Google Ads,2024-02-17,Não Convertido,,0.0,Agressivo,Austria
74264,YouTube Ads,2024-02-17,Não Convertido,,0.0,Moderado,Oman
74265,Orgânico,2024-02-14,Não Convertido,,0.0,Conservador,Monaco
74266,Instagram,2024-02-14,Não Convertido,,0.0,Desconhecido,Central African Republic
74267,WhatsApp,2024-02-12,Não Convertido,,0.0,Desconhecido,Isle of Man
74268,Orgânico,2024-02-12,Não Convertido,,0.0,Moderado,Uganda
74269,Instagram,2024-02-14,Não Convertido,,0.0,Agressivo,Guinea-Bissau
74270,Orgânico,2024-02-13,Não Convertido,,0.0,Agressivo,Guam
74271,Facebook,2024-02-12,Não Convertido,,0.0,Conservador,Palestinian Territory
74272,TikTok,2024-02-15,Não Convertido,,0.0,Moderado,British Virgin Islands
74273,TikTok,2024-02-12,Não Convertido,,0.0,Moderado,Kyrgyz Republic
74274,Orgânico,2024-02-14,Não Convertido,,0.0,Moderado,Belize
74275,E-mail Marketing,2024-02-14,Não Convertido,,0.0,Conservador,Marshall Islands
74276,E-mail Marketing,2024-02-16,Convertido,1.0,3918.29,Agressivo,Mexico
74277,WhatsApp,2024-02-14,Não Convertido,,0.0,Agressivo,Switzerland
74278,Orgânico,2024-02-16,Não Convertido,,0.0,Conservador,Trinidad and Tobago
74279,Google Ads,2024-02-16,Convertido,24.0,1882.59,Moderado,Cote d'Ivoire
74280,Indicação,2024-02-17,Não Convertido,,0.0,Moderado,Pitcairn Islands
74281,WhatsApp,2024-02-16,Não Convertido,,0.0,Moderado,Guatemala
74282,E-mail Marketing,2024-02-17,Não Convertido,,0.0,Moderado,Wallis and Futuna
74283,Orgânico,2024-02-12,Não Convertido,,0.0,Moderado,French Southern Territories
74284,TikTok,2024-02-12,Não Convertido,,0.0,Moderado,Argentina
74285,YouTube Ads,2024-02-12,Não Convertido,,0.0,Moderado,Comoros
74286,TikTok,2024-02-17,Não Convertido,,0.0,Conservador,Mayotte
74287,Facebook,2024-02-16,Não Convertido,,0.0,Conservador,Gabon
74288,Google Ads,2024-02-14,Não Convertido,,0.0,Moderado,Afghanistan
74289,Orgânico,2024-02-15,Não Convertido,,0.0,Agressivo,Greenland
74290,Instagram,2024-02-17,Não Convertido,,0.0,Agressivo,Guinea-Bissau
74291,WhatsApp,2024-02-14,Não Convertido,,0.0,Moderado,Germany
74292,E-mail Marketing,2024-02-12,Não Convertido,,0.0,Moderado,Angola
74293,E-mail Marketing,2024-02-15,Não Convertido,,0.0,Agressivo,American Samoa
74294,Orgânico,2024-02-16,Não Convertido,,0.0,Moderado,Brunei Darussalam
74295,Indicação,2024-02-15,Não Convertido,,0.0,Agressivo,French Polynesia
74296,Orgânico,2024-02-15,Não Convertido,,0.0,Moderado,Grenada
74297,TikTok,2024-02-14,Não Convertido,,0.0,Agressivo,Albania
74298,Facebook,2024-02-14,Não Convertido,,0.0,Moderado,Cook Islands
74299,WhatsApp,2024-02-14,Não Convertido,,0.0,Moderado,Cape Verde
74300,Facebook,2024-02-15,Não Convertido,,0.0,Conservador,Cocos (Keeling) Islands
74301,WhatsApp,2024-02-13,Não Convertido,,0.0,Desconhecido,Tunisia
74302,YouTube Ads,2024-02-15,Não Convertido,,0.0,Agressivo,Wallis and Futuna
74303,TikTok,2024-02-12,Não Convertido,,0.0,Moderado,French Southern Territories
74304,Orgânico,2024-02-12,Não Convertido,,0.0,Agressivo,Holy See (Vatican City State)
74305,Instagram,2024-02-16,Não Convertido,,0.0,Desconhecido,Botswana
74306,Indicação,2024-02-12,Não Convertido,,0.0,Agressivo,Malta
74307,TikTok,2024-02-16,Não Convertido,,0.0,Moderado,Chile
74308,WhatsApp,2024-02-13,Não Convertido,,0.0,Agressivo,Taiwan
74309,Instagram,2024-02-15,Não Convertido,,0.0,Agressivo,Reunion
74310,E-mail Marketing,2024-02-16,Não Convertido,,0.0,Moderado,Western Sahara
74311,TikTok,2024-02-15,Não Convertido,,0.0,Moderado,Cocos (Keeling) Islands
74312,YouTube Ads,2024-02-13,Não Convertido,,0.0,Agressivo,British Indian Ocean Territory (Chagos Archipelago)
74313,Orgânico,2024-02-13,Não Convertido,,0.0,Moderado,Syrian Arab Republic
74314,E-mail Marketing,2024-02-15,Não Convertido,,0.0,Conservador,Jordan
74315,Google Ads,2024-02-12,Não Convertido,,0.0,Moderado,Somalia
74316,E-mail Marketing,2024-02-17,Não Convertido,,0.0,Agressivo,Nigeria
74317,TikTok,2024-02-13,Não Convertido,,0.0,Conservador,Solomon Islands
74318,E-mail Marketing,2024-02-16,Convertido,22.0,1158.69,Moderado,Comoros
74319,Orgânico,2024-02-14,Não Convertido,,0.0,Desconhecido,Aruba
74320,Orgânico,2024-02-14,Não Convertido,,0.0,Agressivo,New Zealand
74321,Orgânico,2024-02-13,Não Convertido,,0.0,Agressivo,Congo
74322,E-mail Marketing,2024-02-16,Não Convertido,,0.0,Moderado,Falkland Islands (Malvinas)
74323,Google Ads,2024-02-15,Convertido,28.0,9859.17,Moderado,France
74324,Orgânico,2024-02-17,Não Convertido,,0.0,Conservador,Comoros
74325,Google Ads,2024-02-15,Não Convertido,,0.0,Desconhecido,Cook Islands
74326,Google Ads,2024-02-13,Não Convertido,,0.0,Conservador,Sri Lanka
74327,E-mail Marketing,2024-02-12,Não Convertido,,0.0,Conservador,Nigeria
74328,Google Ads,2024-02-17,Não Convertido,,0.0,Moderado,Mongolia
74329,Orgânico,2024-02-15,Não Convertido,,0.0,Desconhecido,Puerto Rico
74330,WhatsApp,2024-02-16,Não Convertido,,0.0,Moderado,Singapore
74331,Facebook,2024-02-13,Não Convertido,,0.0,Moderado,United States Virgin Islands
74332,Google Ads,2024-02-17,Não Convertido,,0.0,Desconhecido,Cuba
74333,Orgânico,2024-02-14,Não Convertido,,0.0,Moderado,Oman
74334,YouTube Ads,2024-02-12,Não Convertido,,0.0,Desconhecido,Myanmar
74335,Orgânico,2024-02-13,Não Convertido,,0.0,Moderado,Anguilla
74336,TikTok,2024-02-16,Não Convertido,,0.0,Conservador,Gabon
74337,Orgânico,2024-02-12,Não Convertido,,0.0,Moderado,Slovakia (Slovak Republic)
74338,Orgânico,2024-02-15,Não Convertido,,0.0,Agressivo,Central African Republic
74339,Instagram,2024-02-16,Não Convertido,,0.0,Agressivo,Sudan
74340,Instagram,2024-02-14,Não Convertido,,0.0,Moderado,Egypt
74341,YouTube Ads,2024-02-14,Não Convertido,,0.0,Moderado,Luxembourg
74342,WhatsApp,2024-02-12,Convertido,8.0,946.49,Conservador,Barbados
74343,E-mail Marketing,2024-02-14,Não Convertido,,0.0,Agressivo,Peru
74344,E-mail Marketing,2024-02-12,Não Convertido,,0.0,Desconhecido,Antarctica (the territory South of 60 deg S)
74345,TikTok,2024-02-16,Não Convertido,,0.0,Moderado,Switzerland
74346,Indicação,2024-02-14,Não Convertido,,0.0,Conservador,Philippines
74347,E-mail Marketing,2024-02-14,Não Convertido,,0.0,Conservador,Nepal
74348,TikTok,2024-02-15,Não Convertido,,0.0,Moderado,Palau
74349,TikTok,2024-02-16,Não Convertido,,0.0,Agressivo,Cook Islands
74350,YouTube Ads,2024-02-14,Não Convertido,,0.0,Agressivo,Malta
74351,YouTube Ads,2024-02-14,Não Convertido,,0.0,Moderado,Serbia
74352,E-mail Marketing,2024-02-17,Não Convertido,,0.0,Conservador,Central African Republic
74353,WhatsApp,2024-02-14,Não Convertido,,0.0,Agressivo,South Africa
74354,Orgânico,2024-02-14,Não Convertido,,0.0,Moderado,Slovenia
74355,Instagram,2024-02-16,Não Convertido,,0.0,Agressivo,Nicaragua
74356,Orgânico,2024-02-15,Não Convertido,,0.0,Moderado,Grenada
74357,WhatsApp,2024-02-14,Não Convertido,,0.0,Moderado,Slovakia (Slovak Republic)
74358,Orgânico,2024-02-17,Não Convertido,,0.0,Moderado,Sierra Leone
74359,Google Ads,2024-02-16,Não Convertido,,0.0,Moderado,Kenya
74360,WhatsApp,2024-02-12,Não Convertido,,0.0,Moderado,Solomon Islands
74361,E-mail Marketing,2024-02-17,Não Convertido,,0.0,Conservador,Swaziland
74362,Orgânico,2024-02-13,Não Convertido,,0.0,Agressivo,Kiribati
74363,E-mail Marketing,2024-02-15,Não Convertido,,0.0,Moderado,Faroe Islands
74364,E-mail Marketing,2024-02-16,Não Convertido,,0.0,Agressivo,Guernsey
74365,Orgânico,2024-02-16,Não Convertido,,0.0,Moderado,Liechtenstein
74366,WhatsApp,2024-02-13,Não Convertido,,0.0,Agressivo,Niger
74367,Orgânico,2024-02-12,Não Convertido,,0.0,Agressivo,Togo
74368,Orgânico,2024-02-13,Não Convertido,,0.0,Agressivo,Slovenia
74369,Google Ads,2024-02-14,Não Convertido,,0.0,Agressivo,Georgia
74370,TikTok,2024-02-15,Não Convertido,,0.0,Moderado,Bulgaria
74371,TikTok,2024-02-13,Não Convertido,,0.0,Desconhecido,Korea
74372,Google Ads,2024-02-15,Não Convertido,,0.0,Agressivo,Guinea
74373,YouTube Ads,2024-02-15,Não Convertido,,0.0,Moderado,Congo
74374,YouTube Ads,2024-02-14,Não Convertido,,0.0,Agressivo,Niger
74375,Facebook,2024-02-17,Não Convertido,,0.0,Moderado,United Arab Emirates
74376,Instagram,2024-02-15,Não Convertido,,0.0,Agressivo,Cambodia
74377,E-mail Marketing,2024-02-13,Não Convertido,,0.0,Agressivo,Liechtenstein
74378,WhatsApp,2024-02-15,Não Convertido,,0.0,Conservador,Brunei Darussalam
74379,Facebook,2024-02-17,Não Convertido,,0.0,Desconhecido,Slovakia (Slovak Republic)
74380,Orgânico,2024-02-17,Não Convertido,,0.0,Agressivo,Indonesia
74381,E-mail Marketing,2024-02-14,Não Convertido,,0.0,Agressivo,Micronesia
74382,E-mail Marketing,2024-02-12,Convertido,6.0,9296.29,Conservador,Djibouti
74383,TikTok,2024-02-16,Não Convertido,,0.0,Moderado,Russian Federation
74384,YouTube Ads,2024-02-14,Não Convertido,,0.0,Moderado,Wallis and Futuna
74385,Orgânico,2024-02-12,Não Convertido,,0.0,Moderado,Slovakia (Slovak Republic)
74386,Instagram,2024-02-17,Não Convertido,,0.0,Agressivo,Saint Pierre and Miquelon
74387,WhatsApp,2024-02-17,Não Convertido,,0.0,Moderado,Cote d'Ivoire
74388,Orgânico,2024-02-13,Não Convertido,,0.0,Conservador,Bulgaria
74389,WhatsApp,2024-02-17,Não Convertido,,0.0,Agressivo,Greenland
74390,WhatsApp,2024-02-15,Não Convertido,,0.0,Agressivo,Bolivia
74391,Facebook,2024-02-17,Não Convertido,,0.0,Agressivo,Kazakhstan
74392,TikTok,2024-02-13,Não Convertido,,0.0,Agressivo,Saint Vincent and the Grenadines
74393,Orgânico,2024-02-13,Não Convertido,,0.0,Agressivo,Tuvalu
74394,Google Ads,2024-02-13,Não Convertido,,0.0,Moderado,Guyana
74395,Orgânico,2024-02-13,Não Convertido,,0.0,Moderado,Western Sahara
74396,Instagram,2024-02-16,Não Convertido,,0.0,Agressivo,Guinea-Bissau
74397,Orgânico,2024-02-15,Não Convertido,,0.0,Moderado,Cocos (Keeling) Islands
74398,Google Ads,2024-02-17,Não Convertido,,0.0,Agressivo,Philippines
74399,Indicação,2024-02-17,Não Convertido,,0.0,Agressivo,Norway
74400,TikTok,2024-02-12,Não Convertido,,0.0,Desconhecido,Guam
74401,TikTok,2024-02-17,Não Convertido,,0.0,Agressivo,Trinidad and Tobago
74402,Instagram,2024-02-16,Não Convertido,,0.0,Moderado,Sudan
74403,E-mail Marketing,2024-02-17,Não Convertido,,0.0,Conservador,Benin
74404,WhatsApp,2024-02-15,Não Convertido,,0.0,Agressivo,Holy See (Vatican City State)
74405,Google Ads,2024-02-15,Convertido,14.0,4162.17,Agressivo,Cyprus
74406,Orgânico,2024-02-15,Não Convertido,,0.0,Agressivo,French Polynesia
74407,Instagram,2024-02-17,Não Convertido,,0.0,Moderado,Uganda
74408,E-mail Marketing,2024-02-15,Não Convertido,,0.0,Agressivo,Christmas Island
74409,Google Ads,2024-02-17,Não Convertido,,0.0,Agressivo,Liberia
74410,Instagram,2024-02-16,Não Convertido,,0.0,Moderado,Seychelles
74411,WhatsApp,2024-02-13,Não Convertido,,0.0,Moderado,Andorra
74412,TikTok,2024-02-17,Não Convertido,,0.0,Moderado,United Arab Emirates
74413,TikTok,2024-02-13,Não Convertido,,0.0,Agressivo,Cook Islands
74414,Instagram,2024-02-14,Não Convertido,,0.0,Conservador,Mongolia
74415,TikTok,2024-02-13,Não Convertido,,0.0,Agressivo,Algeria
74416,WhatsApp,2024-02-12,Não Convertido,,0.0,Moderado,Tonga
74417,Instagram,2024-02-14,Não Convertido,,0.0,Moderado,Myanmar
74418,Facebook,2024-02-14,Não Convertido,,0.0,Agressivo,Armenia
74419,Instagram,2024-02-12,Não Convertido,,0.0,Agressivo,Vanuatu
74420,Google Ads,2024-02-17,Não Convertido,,0.0,Agressivo,Gabon
74421,Orgânico,2024-02-15,Convertido,29.0,5585.9,Conservador,Antigua and Barbuda
74422,TikTok,2024-02-17,Não Convertido,,0.0,Agressivo,Seychelles
74423,Orgânico,2024-02-14,Não Convertido,,0.0,Moderado,Nicaragua
74424,YouTube Ads,2024-02-16,Não Convertido,,0.0,Agressivo,Nigeria
74425,Instagram,2024-02-13,Não Convertido,,0.0,Conservador,Latvia
74426,E-mail Marketing,2024-02-17,Não Convertido,,0.0,Desconhecido,Equatorial Guinea
74427,YouTube Ads,2024-02-17,Não Convertido,,0.0,Moderado,Heard Island and McDonald Islands
74428,Instagram,2024-02-17,Não Convertido,,0.0,Conservador,Uzbekistan
74429,WhatsApp,2024-02-13,Não Convertido,,0.0,Moderado,Chad
74430,Orgânico,2024-02-16,Não Convertido,,0.0,Agressivo,Korea
74431,Orgânico,2024-02-14,Não Convertido,,0.0,Conservador,Lao People's Democratic Republic
74432,Facebook,2024-02-16,Não Convertido,,0.0,Agressivo,Slovakia (Slovak Republic)
74433,Orgânico,2024-02-17,Não Convertido,,0.0,Moderado,Pitcairn Islands
74434,Facebook,2024-02-12,Não Convertido,,0.0,Moderado,Ireland
74435,WhatsApp,2024-02-15,Convertido,9.0,2151.09,Conservador,Heard Island and McDonald Islands
74436,Facebook,2024-02-16,Não Convertido,,0.0,Desconhecido,Guernsey
74437,TikTok,2024-02-17,Não Convertido,,0.0,Moderado,Uruguay
74438,Facebook,2024-02-15,Não Convertido,,0.0,Conservador,Swaziland
74439,E-mail Marketing,2024-02-13,Não Convertido,,0.0,Agressivo,Cambodia
74440,Facebook,2024-02-17,Não Convertido,,0.0,Moderado,Norfolk Island
74441,Orgânico,2024-02-16,Não Convertido,,0.0,Moderado,Panama
74442,YouTube Ads,2024-02-15,Não Convertido,,0.0,Desconhecido,Botswana
74443,YouTube Ads,2024-02-12,Não Convertido,,0.0,Desconhecido,Bhutan
74444,Orgânico,2024-02-13,Não Convertido,,0.0,Moderado,Saint Martin
74445,Orgânico,2024-02-12,Não Convertido,,0.0,Moderado,Cambodia
74446,E-mail Marketing,2024-02-16,Não Convertido,,0.0,Moderado,Mauritania
74447,YouTube Ads,2024-02-14,Não Convertido,,0.0,Moderado,Cuba
74448,YouTube Ads,2024-02-14,Não Convertido,,0.0,Moderado,Ghana
74449,Instagram,2024-02-17,Não Convertido,,0.0,Agressivo,New Zealand
74450,Orgânico,2024-02-13,Não Convertido,,0.0,Moderado,Cape Verde
74451,Instagram,2024-02-12,Não Convertido,,0.0,Moderado,Pitcairn Islands
74452,Orgânico,2024-02-16,Não Convertido,,0.0,Agressivo,Malaysia
74453,E-mail Marketing,2024-02-13,Não Convertido,,0.0,Moderado,Mexico
74454,Instagram,2024-02-16,Não Convertido,,0.0,Moderado,Solomon Islands
74455,Instagram,2024-02-14,Não Convertido,,0.0,Agressivo,Gambia
74456,E-mail Marketing,2024-02-12,Não Convertido,,0.0,Desconhecido,Saint Pierre and Miquelon
74457,Orgânico,2024-02-14,Não Convertido,,0.0,Conservador,Congo
74458,Instagram,2024-02-17,Não Convertido,,0.0,Conservador,Isle of Man
74459,TikTok,2024-02-16,Não Convertido,,0.0,Conservador,Kiribati
74460,Orgânico,2024-02-16,Não Convertido,,0.0,Moderado,Saint Vincent and the Grenadines
74461,Google Ads,2024-02-15,Não Convertido,,0.0,Agressivo,Turkey
74462,Orgânico,2024-02-15,Não Convertido,,0.0,Desconhecido,Jersey
74463,Google Ads,2024-02-17,Não Convertido,,0.0,Conservador,Gambia
74464,E-mail Marketing,2024-02-17,Não Convertido,,0.0,Agressivo,Namibia
74465,Instagram,2024-02-17,Não Convertido,,0.0,Agressivo,Bermuda
74466,E-mail Marketing,2024-02-17,Não Convertido,,0.0,Moderado,India
74467,YouTube Ads,2024-02-14,Não Convertido,,0.0,Moderado,Switzerland
74468,Instagram,2024-02-17,Não Convertido,,0.0,Desconhecido,Mauritania
74469,Facebook,2024-02-16,Não Convertido,,0.0,Desconhecido,British Virgin Islands
74470,Orgânico,2024-02-15,Não Convertido,,0.0,Moderado,Senegal
74471,WhatsApp,2024-02-16,Não Convertido,,0.0,Moderado,Anguilla
74472,Facebook,2024-02-14,Não Convertido,,0.0,Agressivo,Cook Islands
74473,Orgânico,2024-02-17,Não Convertido,,0.0,Moderado,Central African Republic
74474,Orgânico,2024-02-16,Não Convertido,,0.0,Moderado,French Guiana
74475,Indicação,2024-02-16,Não Convertido,,0.0,Moderado,Mayotte
74476,Google Ads,2024-02-14,Não Convertido,,0.0,Moderado,Brunei Darussalam
74477,Instagram,2024-02-15,Não Convertido,,0.0,Agressivo,Germany
74478,Google Ads,2024-02-16,Não Convertido,,0.0,Desconhecido,Grenada
74479,E-mail Marketing,2024-02-17,Não Convertido,,0.0,Agressivo,Niger
74480,E-mail Marketing,2024-02-16,Não Convertido,,0.0,Moderado,Netherlands Antilles
74481,E-mail Marketing,2024-02-13,Não Convertido,,0.0,Moderado,United States Virgin Islands
74482,E-mail Marketing,2024-02-16,Não Convertido,,0.0,Moderado,Denmark
74483,TikTok,2024-02-14,Não Convertido,,0.0,Moderado,Serbia
74484,Indicação,2024-02-15,Não Convertido,,0.0,Conservador,Turkmenistan
74485,YouTube Ads,2024-02-16,Não Convertido,,0.0,Conservador,China
74486,YouTube Ads,2024-02-15,Não Convertido,,0.0,Agressivo,Paraguay
74487,Facebook,2024-02-13,Não Convertido,,0.0,Moderado,Cocos (Keeling) Islands
74488,WhatsApp,2024-02-12,Não Convertido,,0.0,Agressivo,United Kingdom
74489,Instagram,2024-02-12,Não Convertido,,0.0,Agressivo,Taiwan
74490,Instagram,2024-02-13,Não Convertido,,0.0,Moderado,Bangladesh
74491,Orgânico,2024-02-17,Não Convertido,,0.0,Desconhecido,Kyrgyz Republic
74492,Facebook,2024-02-14,Não Convertido,,0.0,Desconhecido,Swaziland
74493,TikTok,2024-02-12,Não Convertido,,0.0,Moderado,China
74494,TikTok,2024-02-17,Não Convertido,,0.0,Moderado,Romania
74495,Orgânico,2024-02-12,Não Convertido,,0.0,Moderado,Brunei Darussalam
74496,Facebook,2024-02-14,Não Convertido,,0.0,Agressivo,Wallis and Futuna
74497,E-mail Marketing,2024-02-16,Não Convertido,,0.0,Moderado,Guinea-Bissau
74498,Instagram,2024-02-12,Não Convertido,,0.0,Conservador,Burundi
74499,Orgânico,2024-02-16,Não Convertido,,0.0,Agressivo,Mozambique
74500,Facebook,2024-02-15,Não Convertido,,0.0,Moderado,Spain
74501,Instagram,2024-02-16,Não Convertido,,0.0,Moderado,Mongolia
74502,Orgânico,2024-02-12,Não Convertido,,0.0,Moderado,Afghanistan
74503,TikTok,2024-02-12,Não Convertido,,0.0,Desconhecido,Antigua and Barbuda
74504,WhatsApp,2024-02-14,Não Convertido,,0.0,Moderado,Nigeria
74505,Instagram,2024-02-17,Não Convertido,,0.0,Moderado,Kenya
74506,TikTok,2024-02-14,Não Convertido,,0.0,Agressivo,Lebanon
74507,Google Ads,2024-02-15,Não Convertido,,0.0,Agressivo,Austria
74508,Facebook,2024-02-16,Não Convertido,,0.0,Moderado,Aruba
74509,TikTok,2024-02-16,Não Convertido,,0.0,Agressivo,South Africa
74510,Facebook,2024-02-13,Não Convertido,,0.0,Conservador,Dominican Republic
74511,Orgânico,2024-02-17,Não Convertido,,0.0,Agressivo,Taiwan
74512,WhatsApp,2024-02-16,Não Convertido,,0.0,Desconhecido,Solomon Islands
74513,TikTok,2024-02-17,Convertido,7.0,5856.36,Moderado,Jordan
74514,Google Ads,2024-02-14,Não Convertido,,0.0,Moderado,Mauritius
74515,Google Ads,2024-02-15,Não Convertido,,0.0,Moderado,Cote d'Ivoire
74516,Instagram,2024-02-13,Não Convertido,,0.0,Conservador,Wallis and Futuna
74517,TikTok,2024-02-16,Não Convertido,,0.0,Agressivo,Cote d'Ivoire
74518,Instagram,2024-02-13,Não Convertido,,0.0,Agressivo,Cote d'Ivoire
74519,Orgânico,2024-02-17,Não Convertido,,0.0,Desconhecido,Turks and Caicos Islands
74520,Instagram,2024-02-16,Não Convertido,,0.0,Desconhecido,Guyana
74521,E-mail Marketing,2024-02-16,Não Convertido,,0.0,Agressivo,Belgium
74522,E-mail Marketing,2024-02-17,Não Convertido,,0.0,Desconhecido,Switzerland
74523,E-mail Marketing,2024-02-15,Não Convertido,,0.0,Desconhecido,Egypt
74524,Facebook,2024-02-15,Não Convertido,,0.0,Conservador,Colombia
74525,Google Ads,2024-02-14,Não Convertido,,0.0,Moderado,Albania
74526,Instagram,2024-02-16,Não Convertido,,0.0,Desconhecido,Antigua and Barbuda
74527,TikTok,2024-02-17,Não Convertido,,0.0,Moderado,French Polynesia
74528,Facebook,2024-02-16,Não Convertido,,0.0,Moderado,Vanuatu
74529,TikTok,2024-02-15,Não Convertido,,0.0,Moderado,Kiribati
74530,Google Ads,2024-02-17,Não Convertido,,0.0,Agressivo,Greenland
74531,E-mail Marketing,2024-02-13,Não Convertido,,0.0,Agressivo,Guinea
74532,YouTube Ads,2024-02-13,Não Convertido,,0.0,Conservador,Dominica
74533,Facebook,2024-02-17,Não Convertido,,0.0,Moderado,Sao Tome and Principe
74534,Orgânico,2024-02-15,Não Convertido,,0.0,Conservador,Argentina
74535,TikTok,2024-02-13,Não Convertido,,0.0,Moderado,Turkmenistan
74536,Facebook,2024-02-12,Não Convertido,,0.0,Agressivo,Cayman Islands
74537,Instagram,2024-02-17,Não Convertido,,0.0,Conservador,Slovakia (Slovak Republic)
74538,E-mail Marketing,2024-02-12,Convertido,19.0,9599.54,Agressivo,Uzbekistan
74539,Google Ads,2024-02-17,Não Convertido,,0.0,Moderado,Svalbard & Jan Mayen Islands
74540,Google Ads,2024-02-15,Não Convertido,,0.0,Conservador,Gabon
74541,WhatsApp,2024-02-13,Convertido,3.0,734.6,Agressivo,Cambodia
74542,Instagram,2024-02-16,Não Convertido,,0.0,Desconhecido,Estonia
74543,Orgânico,2024-02-13,Não Convertido,,0.0,Moderado,Aruba
74544,Orgânico,2024-02-13,Não Convertido,,0.0,Conservador,Monaco
74545,Orgânico,2024-02-14,Não Convertido,,0.0,Agressivo,Qatar
74546,WhatsApp,2024-02-13,Não Convertido,,0.0,Conservador,Nigeria
74547,WhatsApp,2024-02-12,Não Convertido,,0.0,Conservador,Peru
74548,Google Ads,2024-02-12,Não Convertido,,0.0,Desconhecido,Yemen
74549,WhatsApp,2024-02-15,Não Convertido,,0.0,Moderado,Iceland
74550,TikTok,2024-02-16,Não Convertido,,0.0,Moderado,Japan
74551,TikTok,2024-02-17,Não Convertido,,0.0,Agressivo,Ecuador
74552,Orgânico,2024-02-13,Não Convertido,,0.0,Moderado,Argentina
74553,TikTok,2024-02-12,Não Convertido,,0.0,Conservador,Palau
74554,YouTube Ads,2024-02-13,Não Convertido,,0.0,Moderado,British Virgin Islands
74555,E-mail Marketing,2024-02-14,Não Convertido,,0.0,Desconhecido,Thailand
74556,Google Ads,2024-02-14,Não Convertido,,0.0,Desconhecido,Jamaica
74557,Google Ads,2024-02-13,Não Convertido,,0.0,Agressivo,Japan
74558,TikTok,2024-02-14,Não Convertido,,0.0,Desconhecido,Andorra
74559,YouTube Ads,2024-02-16,Não Convertido,,0.0,Agressivo,United States Minor Outlying Islands
74560,YouTube Ads,2024-02-15,Não Convertido,,0.0,Moderado,United States Virgin Islands
74561,Instagram,2024-02-15,Não Convertido,,0.0,Moderado,Armenia
74562,E-mail Marketing,2024-02-15,Não Convertido,,0.0,Moderado,Pitcairn Islands
74563,Facebook,2024-02-13,Não Convertido,,0.0,Conservador,Bhutan
74564,Instagram,2024-02-13,Não Convertido,,0.0,Moderado,Egypt
74565,Orgânico,2024-02-17,Não Convertido,,0.0,Conservador,Lithuania
74566,Facebook,2024-02-17,Não Convertido,,0.0,Moderado,Nicaragua
74567,WhatsApp,2024-02-15,Não Convertido,,0.0,Moderado,Togo
74568,YouTube Ads,2024-02-16,Não Convertido,,0.0,Conservador,Kuwait
74569,TikTok,2024-02-12,Não Convertido,,0.0,Moderado,Gibraltar
74570,Orgânico,2024-02-16,Não Convertido,,0.0,Moderado,Cameroon
74571,TikTok,2024-02-15,Não Convertido,,0.0,Conservador,Israel
74572,YouTube Ads,2024-02-17,Não Convertido,,0.0,Agressivo,Martinique
74573,Google Ads,2024-02-17,Não Convertido,,0.0,Agressivo,Saint Helena
74574,Instagram,2024-02-16,Não Convertido,,0.0,Agressivo,Guinea
74575,TikTok,2024-02-16,Não Convertido,,0.0,Agressivo,Denmark
74576,Google Ads,2024-02-12,Não Convertido,,0.0,Conservador,Venezuela
74577,Orgânico,2024-02-15,Não Convertido,,0.0,Moderado,United Kingdom
74578,Orgânico,2024-02-15,Não Convertido,,0.0,Moderado,Central African Republic
74579,Google Ads,2024-02-13,Não Convertido,,0.0,Moderado,Rwanda
74580,WhatsApp,2024-02-12,Não Convertido,,0.0,Moderado,New Caledonia
74581,Instagram,2024-02-15,Não Convertido,,0.0,Agressivo,Syrian Arab Republic
74582,Instagram,2024-02-13,Não Convertido,,0.0,Conservador,China
74583,TikTok,2024-02-14,Não Convertido,,0.0,Agressivo,Angola
74584,Instagram,2024-02-16,Não Convertido,,0.0,Desconhecido,Saint Pierre and Miquelon
74585,Orgânico,2024-02-15,Não Convertido,,0.0,Agressivo,Dominica
74586,TikTok,2024-02-13,Não Convertido,,0.0,Moderado,Micronesia
74587,YouTube Ads,2024-02-17,Não Convertido,,0.0,Agressivo,Netherlands
74588,Indicação,2024-02-17,Não Convertido,,0.0,Conservador,Israel
74589,WhatsApp,2024-02-13,Não Convertido,,0.0,Moderado,Armenia
74590,E-mail Marketing,2024-02-15,Não Convertido,,0.0,Conservador,Uganda
74591,Orgânico,2024-02-13,Não Convertido,,0.0,Agressivo,Wallis and Futuna
74592,WhatsApp,2024-02-16,Não Convertido,,0.0,Conservador,Dominica
74593,Orgânico,2024-02-16,Não Convertido,,0.0,Moderado,Korea
74594,Orgânico,2024-02-13,Não Convertido,,0.0,Conservador,Armenia
74595,Instagram,2024-02-13,Convertido,25.0,1115.09,Moderado,Belize
74596,YouTube Ads,2024-02-17,Não Convertido,,0.0,Agressivo,Sweden
74597,Orgânico,2024-02-15,Não Convertido,,0.0,Agressivo,Switzerland
74598,Orgânico,2024-02-13,Não Convertido,,0.0,Agressivo,Palestinian Territory
74599,Facebook,2024-02-17,Não Convertido,,0.0,Moderado,Norway
74600,Indicação,2024-02-12,Convertido,17.0,5056.08,Agressivo,Tunisia
74601,TikTok,2024-02-14,Não Convertido,,0.0,Desconhecido,Falkland Islands (Malvinas)
74602,Facebook,2024-02-15,Não Convertido,,0.0,Agressivo,Angola
74603,YouTube Ads,2024-02-15,Não Convertido,,0.0,Agressivo,Guadeloupe
74604,WhatsApp,2024-02-13,Não Convertido,,0.0,Conservador,Ukraine
74605,YouTube Ads,2024-02-14,Não Convertido,,0.0,Agressivo,Guernsey
74606,Google Ads,2024-02-14,Não Convertido,,0.0,Desconhecido,Israel
74607,Orgânico,2024-02-15,Não Convertido,,0.0,Moderado,Korea
74608,YouTube Ads,2024-02-13,Não Convertido,,0.0,Moderado,Thailand
74609,Instagram,2024-02-16,Não Convertido,,0.0,Moderado,Somalia
74610,Orgânico,2024-02-13,Não Convertido,,0.0,Moderado,Aruba
74611,E-mail Marketing,2024-02-14,Não Convertido,,0.0,Moderado,Bulgaria
74612,E-mail Marketing,2024-02-16,Não Convertido,,0.0,Agressivo,Bulgaria
74613,WhatsApp,2024-02-15,Não Convertido,,0.0,Agressivo,Andorra
74614,Facebook,2024-02-15,Não Convertido,,0.0,Conservador,Chad
74615,Orgânico,2024-02-12,Não Convertido,,0.0,Agressivo,Suriname
74616,Instagram,2024-02-13,Não Convertido,,0.0,Conservador,Andorra
74617,TikTok,2024-02-17,Não Convertido,,0.0,Conservador,Israel
74618,YouTube Ads,2024-02-13,Não Convertido,,0.0,Moderado,Northern Mariana Islands
74619,Facebook,2024-02-17,Não Convertido,,0.0,Agressivo,Monaco
74620,Facebook,2024-02-15,Não Convertido,,0.0,Moderado,Trinidad and Tobago
74621,E-mail Marketing,2024-02-12,Não Convertido,,0.0,Moderado,Russian Federation
74622,WhatsApp,2024-02-16,Não Convertido,,0.0,Conservador,Philippines
74623,Orgânico,2024-02-13,Não Convertido,,0.0,Moderado,Nauru
74624,TikTok,2024-02-13,Não Convertido,,0.0,Moderado,Netherlands Antilles
74625,YouTube Ads,2024-02-13,Não Convertido,,0.0,Agressivo,Netherlands Antilles
74626,YouTube Ads,2024-02-14,Não Convertido,,0.0,Agressivo,Colombia
74627,YouTube Ads,2024-02-13,Não Convertido,,0.0,Desconhecido,Afghanistan
74628,Instagram,2024-02-17,Não Convertido,,0.0,Moderado,Uzbekistan
74629,TikTok,2024-02-12,Não Convertido,,0.0,Moderado,Reunion
74630,Orgânico,2024-02-14,Não Convertido,,0.0,Moderado,Saint Pierre and Miquelon
74631,Instagram,2024-02-17,Não Convertido,,0.0,Agressivo,Brazil
74632,E-mail Marketing,2024-02-13,Não Convertido,,0.0,Moderado,Central African Republic
74633,TikTok,2024-02-17,Não Convertido,,0.0,Moderado,Nepal
74634,TikTok,2024-02-17,Não Convertido,,0.0,Moderado,Antarctica (the territory South of 60 deg S)
74635,Indicação,2024-02-14,Não Convertido,,0.0,Agressivo,Jamaica
74636,E-mail Marketing,2024-02-14,Não Convertido,,0.0,Agressivo,Gambia
74637,Orgânico,2024-02-12,Não Convertido,,0.0,Conservador,Zimbabwe
74638,YouTube Ads,2024-02-17,Não Convertido,,0.0,Agressivo,Tuvalu
74639,Orgânico,2024-02-17,Não Convertido,,0.0,Conservador,Guinea-Bissau
74640,Instagram,2024-02-16,Não Convertido,,0.0,Moderado,Zimbabwe
74641,WhatsApp,2024-02-17,Não Convertido,,0.0,Agressivo,Macao
74642,Instagram,2024-02-12,Não Convertido,,0.0,Agressivo,India
74643,Facebook,2024-02-13,Não Convertido,,0.0,Agressivo,Philippines
74644,E-mail Marketing,2024-02-16,Não Convertido,,0.0,Moderado,Monaco
74645,Facebook,2024-02-13,Não Convertido,,0.0,Moderado,Iran
74646,TikTok,2024-02-13,Não Convertido,,0.0,Moderado,Papua New Guinea
74647,Instagram,2024-02-12,Não Convertido,,0.0,Agressivo,Cayman Islands
74648,TikTok,2024-02-12,Não Convertido,,0.0,Moderado,Albania
74649,Instagram,2024-02-16,Não Convertido,,0.0,Agressivo,Solomon Islands
74650,Facebook,2024-02-13,Não Convertido,,0.0,Agressivo,Tokelau
74651,YouTube Ads,2024-02-15,Não Convertido,,0.0,Agressivo,Heard Island and McDonald Islands
74652,Indicação,2024-02-17,Não Convertido,,0.0,Moderado,Guadeloupe
74653,Orgânico,2024-02-16,Não Convertido,,0.0,Conservador,Niue
74654,YouTube Ads,2024-02-16,Não Convertido,,0.0,Moderado,Myanmar
74655,Facebook,2024-02-16,Não Convertido,,0.0,Agressivo,Yemen
74656,Google Ads,2024-02-17,Não Convertido,,0.0,Moderado,Macao
74657,Facebook,2024-02-14,Não Convertido,,0.0,Agressivo,Solomon Islands
74658,WhatsApp,2024-02-17,Não Convertido,,0.0,Conservador,Congo
74659,Indicação,2024-02-17,Não Convertido,,0.0,Conservador,Kazakhstan
74660,Instagram,2024-02-14,Não Convertido,,0.0,Moderado,Guam
74661,Instagram,2024-02-17,Não Convertido,,0.0,Moderado,Wallis and Futuna
74662,YouTube Ads,2024-02-12,Não Convertido,,0.0,Moderado,Hong Kong
74663,Google Ads,2024-02-15,Não Convertido,,0.0,Agressivo,Moldova
74664,Instagram,2024-02-15,Não Convertido,,0.0,Agressivo,Iceland
74665,E-mail Marketing,2024-02-12,Não Convertido,,0.0,Agressivo,Cuba
74666,Instagram,2024-02-15,Convertido,22.0,1107.26,Moderado,Egypt
74667,E-mail Marketing,2024-02-15,Não Convertido,,0.0,Moderado,American Samoa
74668,Instagram,2024-02-16,Não Convertido,,0.0,Agressivo,Tanzania
74669,WhatsApp,2024-02-13,Não Convertido,,0.0,Moderado,Grenada
74670,Facebook,2024-02-12,Não Convertido,,0.0,Moderado,Tanzania
74671,Orgânico,2024-02-14,Não Convertido,,0.0,Agressivo,Antarctica (the territory South of 60 deg S)
74672,WhatsApp,2024-02-12,Não Convertido,,0.0,Desconhecido,Equatorial Guinea
74673,Orgânico,2024-02-15,Não Convertido,,0.0,Moderado,Armenia
74674,Orgânico,2024-02-14,Não Convertido,,0.0,Agressivo,Korea
74675,YouTube Ads,2024-02-12,Não Convertido,,0.0,Agressivo,Hong Kong
74676,Facebook,2024-02-12,Não Convertido,,0.0,Conservador,Bosnia and Herzegovina
74677,Google Ads,2024-02-14,Não Convertido,,0.0,Moderado,Bouvet Island (Bouvetoya)
74678,E-mail Marketing,2024-02-15,Não Convertido,,0.0,Moderado,Guyana
74679,Instagram,2024-02-12,Não Convertido,,0.0,Conservador,Taiwan
74680,Orgânico,2024-02-17,Não Convertido,,0.0,Agressivo,Bolivia
74681,Instagram,2024-02-13,Não Convertido,,0.0,Moderado,United States Minor Outlying Islands
74682,Orgânico,2024-02-17,Não Convertido,,0.0,Moderado,India
74683,Instagram,2024-02-14,Não Convertido,,0.0,Desconhecido,Saint Kitts and Nevis
74684,WhatsApp,2024-02-13,Não Convertido,,0.0,Agressivo,Puerto Rico
74685,YouTube Ads,2024-02-16,Não Convertido,,0.0,Agressivo,United Kingdom
74686,YouTube Ads,2024-02-13,Convertido,6.0,8251.67,Desconhecido,Guatemala
74687,YouTube Ads,2024-02-13,Não Convertido,,0.0,Moderado,Djibouti
74688,E-mail Marketing,2024-02-12,Não Convertido,,0.0,Conservador,Malaysia
74689,E-mail Marketing,2024-02-12,Convertido,28.0,4277.51,Moderado,Reunion
74690,TikTok,2024-02-12,Não Convertido,,0.0,Conservador,Congo
74691,Orgânico,2024-02-14,Não Convertido,,0.0,Moderado,Ireland
74692,Google Ads,2024-02-15,Não Convertido,,0.0,Moderado,Papua New Guinea
74693,TikTok,2024-02-15,Não Convertido,,0.0,Agressivo,Bahrain
74694,TikTok,2024-02-16,Não Convertido,,0.0,Agressivo,Netherlands
74695,Google Ads,2024-02-12,Não Convertido,,0.0,Desconhecido,Poland
74696,Orgânico,2024-02-17,Não Convertido,,0.0,Agressivo,Tokelau
74697,TikTok,2024-02-14,Não Convertido,,0.0,Agressivo,Cocos (Keeling) Islands
74698,Instagram,2024-02-16,Não Convertido,,0.0,Conservador,Botswana
74699,YouTube Ads,2024-02-13,Não Convertido,,0.0,Desconhecido,Guadeloupe
74700,Instagram,2024-02-13,Não Convertido,,0.0,Agressivo,Botswana
74701,Google Ads,2024-02-12,Não Convertido,,0.0,Conservador,Venezuela
74702,Orgânico,2024-02-15,Não Convertido,,0.0,Moderado,Saudi Arabia
74703,Orgânico,2024-02-15,Não Convertido,,0.0,Conservador,Russian Federation
74704,Orgânico,2024-02-17,Não Convertido,,0.0,Conservador,Greece
74705,Facebook,2024-02-17,Não Convertido,,0.0,Conservador,Haiti
74706,Instagram,2024-02-14,Não Convertido,,0.0,Conservador,Greece
74707,WhatsApp,2024-02-15,Não Convertido,,0.0,Agressivo,Panama
74708,Facebook,2024-02-12,Não Convertido,,0.0,Moderado,Czech Republic
74709,Instagram,2024-02-13,Não Convertido,,0.0,Agressivo,Slovakia (Slovak Republic)
74710,Orgânico,2024-02-13,Não Convertido,,0.0,Agressivo,Albania
74711,Instagram,2024-02-13,Não Convertido,,0.0,Conservador,Niue
74712,Orgânico,2024-02-13,Não Convertido,,0.0,Conservador,Malawi
74713,Instagram,2024-02-13,Não Convertido,,0.0,Desconhecido,Guatemala
74714,Orgânico,2024-02-14,Não Convertido,,0.0,Conservador,French Polynesia
74715,Facebook,2024-02-16,Não Convertido,,0.0,Moderado,Iraq
74716,E-mail Marketing,2024-02-17,Não Convertido,,0.0,Conservador,Slovakia (Slovak Republic)
74717,E-mail Marketing,2024-02-16,Não Convertido,,0.0,Moderado,Aruba
74718,E-mail Marketing,2024-02-12,Não Convertido,,0.0,Moderado,Tonga
74719,Google Ads,2024-02-17,Não Convertido,,0.0,Conservador,Iceland
74720,Orgânico,2024-02-14,Convertido,3.0,6108.93,Moderado,Estonia
74721,TikTok,2024-02-17,Convertido,10.0,2361.58,Agressivo,Ghana
74722,Google Ads,2024-02-14,Não Convertido,,0.0,Desconhecido,Zambia
74723,Orgânico,2024-02-15,Não Convertido,,0.0,Moderado,Angola
74724,Orgânico,2024-02-17,Não Convertido,,0.0,Agressivo,Antigua and Barbuda
74725,Instagram,2024-02-13,Não Convertido,,0.0,Moderado,Australia
74726,Instagram,2024-02-13,Não Convertido,,0.0,Conservador,South Georgia and the South Sandwich Islands
74727,Orgânico,2024-02-16,Não Convertido,,0.0,Agressivo,Northern Mariana Islands
74728,TikTok,2024-02-14,Não Convertido,,0.0,Moderado,Niue
74729,Google Ads,2024-02-13,Não Convertido,,0.0,Moderado,Guinea-Bissau
74730,YouTube Ads,2024-02-14,Não Convertido,,0.0,Conservador,Tonga
74731,Orgânico,2024-02-14,Não Convertido,,0.0,Moderado,Kazakhstan
74732,YouTube Ads,2024-02-15,Não Convertido,,0.0,Agressivo,Iraq
74733,TikTok,2024-02-16,Não Convertido,,0.0,Moderado,San Marino
74734,YouTube Ads,2024-02-13,Não Convertido,,0.0,Conservador,Bouvet Island (Bouvetoya)
74735,Google Ads,2024-02-17,Não Convertido,,0.0,Moderado,Ethiopia
74736,Instagram,2024-02-15,Não Convertido,,0.0,Agressivo,Heard Island and McDonald Islands
74737,Instagram,2024-02-15,Não Convertido,,0.0,Agressivo,Central African Republic
74738,Google Ads,2024-02-17,Não Convertido,,0.0,Moderado,South Africa
74739,TikTok,2024-02-15,Não Convertido,,0.0,Moderado,Jamaica
74740,Indicação,2024-02-12,Não Convertido,,0.0,Moderado,Andorra
74741,TikTok,2024-02-16,Não Convertido,,0.0,Moderado,Heard Island and McDonald Islands
74742,Orgânico,2024-02-14,Não Convertido,,0.0,Moderado,Mozambique
74743,Facebook,2024-02-14,Não Convertido,,0.0,Moderado,Tonga
74744,Indicação,2024-02-14,Não Convertido,,0.0,Moderado,Norfolk Island
74745,Facebook,2024-02-17,Não Convertido,,0.0,Moderado,France
74746,YouTube Ads,2024-02-15,Não Convertido,,0.0,Moderado,Ireland
74747,Orgânico,2024-02-14,Não Convertido,,0.0,Desconhecido,Bouvet Island (Bouvetoya)
74748,E-mail Marketing,2024-02-16,Não Convertido,,0.0,Agressivo,Pakistan
74749,E-mail Marketing,2024-02-16,Não Convertido,,0.0,Conservador,British Virgin Islands
74750,Facebook,2024-02-14,Não Convertido,,0.0,Moderado,Saudi Arabia
74751,E-mail Marketing,2024-02-13,Não Convertido,,0.0,Moderado,Colombia
74752,Orgânico,2024-02-13,Não Convertido,,0.0,Desconhecido,Uruguay
74753,E-mail Marketing,2024-02-16,Não Convertido,,0.0,Moderado,Isle of Man
74754,Facebook,2024-02-12,Convertido,24.0,3806.9,Moderado,Martinique
74755,Instagram,2024-02-15,Convertido,18.0,2482.58,Moderado,Niger
74756,TikTok,2024-02-13,Não Convertido,,0.0,Conservador,Holy See (Vatican City State)
74757,Orgânico,2024-02-16,Não Convertido,,0.0,Conservador,Mozambique
74758,Orgânico,2024-02-14,Não Convertido,,0.0,Conservador,United States Minor Outlying Islands
74759,Orgânico,2024-02-16,Não Convertido,,0.0,Moderado,Somalia
74760,Instagram,2024-02-15,Não Convertido,,0.0,Agressivo,Dominican Republic
74761,Orgânico,2024-02-17,Convertido,12.0,2382.35,Moderado,Colombia
74762,Indicação,2024-02-15,Não Convertido,,0.0,Conservador,Wallis and Futuna
74763,Instagram,2024-02-16,Não Convertido,,0.0,Agressivo,Burkina Faso
74764,Instagram,2024-02-17,Não Convertido,,0.0,Moderado,Slovenia
74765,YouTube Ads,2024-02-16,Não Convertido,,0.0,Conservador,Greenland
74766,Google Ads,2024-02-17,Não Convertido,,0.0,Conservador,Grenada
74767,Google Ads,2024-02-12,Não Convertido,,0.0,Moderado,Cook Islands
74768,Google Ads,2024-02-17,Não Convertido,,0.0,Moderado,Panama
74769,Google Ads,2024-02-14,Não Convertido,,0.0,Moderado,Timor-Leste
74770,Indicação,2024-02-15,Convertido,22.0,1709.4,Agressivo,Russian Federation
74771,YouTube Ads,2024-02-15,Não Convertido,,0.0,Agressivo,Mayotte
74772,Orgânico,2024-02-12,Não Convertido,,0.0,Agressivo,Japan
74773,Instagram,2024-02-16,Não Convertido,,0.0,Agressivo,Vanuatu
74774,Facebook,2024-02-14,Não Convertido,,0.0,Agressivo,Holy See (Vatican City State)
74775,YouTube Ads,2024-02-17,Convertido,27.0,3558.92,Agressivo,United States Virgin Islands
74776,Google Ads,2024-02-13,Não Convertido,,0.0,Agressivo,Estonia
74777,Facebook,2024-02-17,Não Convertido,,0.0,Moderado,El Salvador
74778,Instagram,2024-02-13,Não Convertido,,0.0,Moderado,Sweden
74779,Orgânico,2024-02-17,Não Convertido,,0.0,Moderado,Kuwait
74780,Indicação,2024-02-14,Não Convertido,,0.0,Moderado,Albania
74781,TikTok,2024-02-16,Não Convertido,,0.0,Moderado,Mauritius
74782,E-mail Marketing,2024-02-13,Não Convertido,,0.0,Conservador,Serbia
74783,TikTok,2024-02-13,Não Convertido,,0.0,Moderado,Saint Helena
74784,Google Ads,2024-02-13,Não Convertido,,0.0,Conservador,Turkey
74785,Google Ads,2024-02-17,Não Convertido,,0.0,Moderado,Saint Helena
74786,E-mail Marketing,2024-02-16,Não Convertido,,0.0,Moderado,Brunei Darussalam
74787,Google Ads,2024-02-16,Não Convertido,,0.0,Agressivo,Mali
74788,E-mail Marketing,2024-02-16,Não Convertido,,0.0,Moderado,Guadeloupe
74789,YouTube Ads,2024-02-14,Não Convertido,,0.0,Moderado,Ireland
74790,WhatsApp,2024-02-13,Não Convertido,,0.0,Moderado,Western Sahara
74791,Orgânico,2024-02-16,Não Convertido,,0.0,Agressivo,Gambia
74792,Orgânico,2024-02-12,Não Convertido,,0.0,Moderado,Croatia
74793,E-mail Marketing,2024-02-17,Não Convertido,,0.0,Moderado,Sweden
74794,Instagram,2024-02-15,Não Convertido,,0.0,Agressivo,Yemen
74795,YouTube Ads,2024-02-16,Não Convertido,,0.0,Desconhecido,French Polynesia
74796,Indicação,2024-02-14,Não Convertido,,0.0,Moderado,Norway
74797,E-mail Marketing,2024-02-12,Não Convertido,,0.0,Moderado,Hong Kong
74798,YouTube Ads,2024-02-12,Não Convertido,,0.0,Moderado,New Zealand
74799,Orgânico,2024-02-17,Não Convertido,,0.0,Moderado,Greenland
74800,TikTok,2024-02-13,Não Convertido,,0.0,Conservador,Swaziland
74801,TikTok,2024-02-17,Não Convertido,,0.0,Moderado,Sierra Leone
74802,Facebook,2024-02-15,Não Convertido,,0.0,Moderado,Honduras
74803,YouTube Ads,2024-02-14,Não Convertido,,0.0,Moderado,Kazakhstan
74804,Facebook,2024-02-14,Não Convertido,,0.0,Agressivo,Cyprus
74805,Instagram,2024-02-13,Não Convertido,,0.0,Desconhecido,French Southern Territories
74806,WhatsApp,2024-02-14,Não Convertido,,0.0,Agressivo,Maldives
74807,Orgânico,2024-02-16,Não Convertido,,0.0,Conservador,Belarus
74808,TikTok,2024-02-16,Não Convertido,,0.0,Moderado,Maldives
74809,E-mail Marketing,2024-02-16,Não Convertido,,0.0,Desconhecido,Tuvalu
74810,TikTok,2024-02-15,Não Convertido,,0.0,Agressivo,Bolivia
74811,Facebook,2024-02-12,Não Convertido,,0.0,Moderado,Christmas Island
74812,Orgânico,2024-02-14,Não Convertido,,0.0,Desconhecido,Jersey
74813,TikTok,2024-02-13,Não Convertido,,0.0,Agressivo,Bermuda
74814,Indicação,2024-02-13,Não Convertido,,0.0,Desconhecido,Suriname
74815,TikTok,2024-02-13,Não Convertido,,0.0,Moderado,Benin
74816,E-mail Marketing,2024-02-14,Não Convertido,,0.0,Moderado,Israel
74817,WhatsApp,2024-02-17,Não Convertido,,0.0,Agressivo,Zimbabwe
74818,Facebook,2024-02-16,Não Convertido,,0.0,Moderado,Macao
74819,Orgânico,2024-02-12,Não Convertido,,0.0,Conservador,Christmas Island
74820,Facebook,2024-02-15,Não Convertido,,0.0,Conservador,South Africa
74821,TikTok,2024-02-16,Não Convertido,,0.0,Desconhecido,Central African Republic
74822,Indicação,2024-02-16,Não Convertido,,0.0,Agressivo,Christmas Island
74823,Instagram,2024-02-13,Não Convertido,,0.0,Conservador,Chad
74824,Orgânico,2024-02-13,Não Convertido,,0.0,Moderado,Yemen
74825,TikTok,2024-02-17,Não Convertido,,0.0,Moderado,Peru
74826,Orgânico,2024-02-13,Convertido,19.0,5434.73,Desconhecido,Iran
74827,Facebook,2024-02-16,Não Convertido,,0.0,Desconhecido,Colombia
74828,TikTok,2024-02-16,Não Convertido,,0.0,Moderado,Rwanda
74829,Instagram,2024-02-15,Não Convertido,,0.0,Moderado,Saudi Arabia
74830,YouTube Ads,2024-02-15,Não Convertido,,0.0,Agressivo,Greenland
74831,Instagram,2024-02-15,Não Convertido,,0.0,Moderado,Turkmenistan
74832,E-mail Marketing,2024-02-15,Convertido,4.0,7581.67,Moderado,Nigeria
74833,E-mail Marketing,2024-02-16,Não Convertido,,0.0,Desconhecido,Nigeria
74834,Indicação,2024-02-12,Não Convertido,,0.0,Conservador,French Guiana
74835,E-mail Marketing,2024-02-15,Não Convertido,,0.0,Conservador,Norfolk Island
74836,TikTok,2024-02-13,Não Convertido,,0.0,Desconhecido,Sierra Leone
74837,Instagram,2024-02-15,Não Convertido,,0.0,Moderado,Tokelau
74838,E-mail Marketing,2024-02-15,Não Convertido,,0.0,Conservador,Vanuatu
74839,Facebook,2024-02-15,Não Convertido,,0.0,Desconhecido,Western Sahara
74840,Instagram,2024-02-16,Não Convertido,,0.0,Agressivo,Czech Republic
74841,Facebook,2024-02-16,Não Convertido,,0.0,Moderado,Guinea
74842,YouTube Ads,2024-02-14,Não Convertido,,0.0,Agressivo,Papua New Guinea
74843,TikTok,2024-02-15,Não Convertido,,0.0,Desconhecido,Somalia
74844,YouTube Ads,2024-02-13,Não Convertido,,0.0,Moderado,Suriname
74845,Google Ads,2024-02-15,Não Convertido,,0.0,Agressivo,Hong Kong
74846,TikTok,2024-02-16,Não Convertido,,0.0,Moderado,Eritrea
74847,TikTok,2024-02-14,Não Convertido,,0.0,Conservador,Suriname
74848,E-mail Marketing,2024-02-15,Não Convertido,,0.0,Moderado,Western Sahara
74849,Instagram,2024-02-12,Não Convertido,,0.0,Agressivo,Benin
74850,YouTube Ads,2024-02-13,Não Convertido,,0.0,Moderado,Cuba
74851,WhatsApp,2024-02-13,Não Convertido,,0.0,Agressivo,Liberia
74852,Facebook,2024-02-14,Não Convertido,,0.0,Conservador,Kazakhstan
74853,Facebook,2024-02-17,Não Convertido,,0.0,Agressivo,Norfolk Island
74854,Indicação,2024-02-12,Não Convertido,,0.0,Conservador,China
74855,Orgânico,2024-02-16,Não Convertido,,0.0,Desconhecido,Sweden
74856,Orgânico,2024-02-14,Não Convertido,,0.0,Moderado,Andorra
74857,Instagram,2024-02-16,Não Convertido,,0.0,Conservador,Guatemala
74858,Facebook,2024-02-12,Não Convertido,,0.0,Agressivo,Tajikistan
74859,YouTube Ads,2024-02-17,Não Convertido,,0.0,Conservador,Swaziland
74860,YouTube Ads,2024-02-14,Não Convertido,,0.0,Conservador,Bermuda
74861,Instagram,2024-02-15,Não Convertido,,0.0,Agressivo,Saudi Arabia
74862,Instagram,2024-02-16,Não Convertido,,0.0,Moderado,Timor-Leste
74863,E-mail Marketing,2024-02-12,Não Convertido,,0.0,Conservador,Haiti
74864,Facebook,2024-02-12,Não Convertido,,0.0,Agressivo,Tunisia
74865,E-mail Marketing,2024-02-13,Não Convertido,,0.0,Agressivo,Heard Island and McDonald Islands
74866,Google Ads,2024-02-17,Não Convertido,,0.0,Conservador,Madagascar
74867,Orgânico,2024-02-16,Não Convertido,,0.0,Conservador,Portugal
74868,Orgânico,2024-02-16,Não Convertido,,0.0,Agressivo,China
74869,Google Ads,2024-02-15,Não Convertido,,0.0,Conservador,Saint Vincent and the Grenadines
74870,Instagram,2024-02-13,Não Convertido,,0.0,Moderado,Guernsey
74871,E-mail Marketing,2024-02-14,Não Convertido,,0.0,Moderado,Zimbabwe
74872,TikTok,2024-02-12,Não Convertido,,0.0,Moderado,Brunei Darussalam
74873,Google Ads,2024-02-12,Não Convertido,,0.0,Moderado,French Southern Territories
74874,Facebook,2024-02-13,Não Convertido,,0.0,Moderado,Malawi
74875,E-mail Marketing,2024-02-16,Não Convertido,,0.0,Agressivo,Malta
74876,Instagram,2024-02-17,Não Convertido,,0.0,Conservador,Tuvalu
74877,TikTok,2024-02-12,Não Convertido,,0.0,Conservador,Armenia
74878,YouTube Ads,2024-02-15,Não Convertido,,0.0,Agressivo,Madagascar
74879,Instagram,2024-02-16,Não Convertido,,0.0,Agressivo,Ecuador
74880,Google Ads,2024-02-16,Não Convertido,,0.0,Desconhecido,Chile
74881,Orgânico,2024-02-17,Não Convertido,,0.0,Agressivo,Singapore
74882,Instagram,2024-02-16,Não Convertido,,0.0,Conservador,Colombia
74883,E-mail Marketing,2024-02-14,Não Convertido,,0.0,Moderado,Svalbard & Jan Mayen Islands
74884,Instagram,2024-02-13,Não Convertido,,0.0,Conservador,American Samoa
74885,Indicação,2024-02-16,Não Convertido,,0.0,Conservador,Liberia
74886,Indicação,2024-02-15,Não Convertido,,0.0,Moderado,Barbados
74887,Google Ads,2024-02-15,Não Convertido,,0.0,Desconhecido,Greenland
74888,TikTok,2024-02-13,Não Convertido,,0.0,Conservador,Turkmenistan
74889,TikTok,2024-02-14,Não Convertido,,0.0,Moderado,Togo
74890,YouTube Ads,2024-02-15,Não Convertido,,0.0,Conservador,Paraguay
74891,Instagram,2024-02-16,Não Convertido,,0.0,Conservador,France
74892,Instagram,2024-02-12,Não Convertido,,0.0,Moderado,Libyan Arab Jamahiriya
74893,TikTok,2024-02-13,Não Convertido,,0.0,Moderado,Togo
74894,Instagram,2024-02-14,Não Convertido,,0.0,Agressivo,South Africa
74895,Orgânico,2024-02-16,Não Convertido,,0.0,Moderado,Comoros
74896,TikTok,2024-02-14,Não Convertido,,0.0,Moderado,Saint Pierre and Miquelon
74897,Google Ads,2024-02-13,Não Convertido,,0.0,Conservador,Russian Federation
74898,TikTok,2024-02-15,Não Convertido,,0.0,Moderado,Philippines
74899,Orgânico,2024-02-16,Não Convertido,,0.0,Desconhecido,Namibia
74900,TikTok,2024-02-17,Não Convertido,,0.0,Desconhecido,Maldives
74901,YouTube Ads,2024-02-14,Convertido,16.0,8856.3,Agressivo,South Georgia and the South Sandwich Islands
74902,E-mail Marketing,2024-02-13,Não Convertido,,0.0,Conservador,Northern Mariana Islands
74903,WhatsApp,2024-02-13,Não Convertido,,0.0,Moderado,Tajikistan
74904,Orgânico,2024-02-15,Não Convertido,,0.0,Conservador,Montserrat
74905,WhatsApp,2024-02-12,Não Convertido,,0.0,Conservador,Honduras
74906,Facebook,2024-02-13,Não Convertido,,0.0,Moderado,Georgia
74907,Instagram,2024-02-14,Não Convertido,,0.0,Moderado,Syrian Arab Republic
74908,Facebook,2024-02-16,Não Convertido,,0.0,Moderado,Congo
74909,Instagram,2024-02-16,Não Convertido,,0.0,Agressivo,Honduras
74910,Orgânico,2024-02-17,Não Convertido,,0.0,Moderado,Angola
74911,Orgânico,2024-02-14,Não Convertido,,0.0,Desconhecido,Tanzania
74912,TikTok,2024-02-14,Não Convertido,,0.0,Moderado,Benin
74913,WhatsApp,2024-02-12,Não Convertido,,0.0,Moderado,Iraq
74914,E-mail Marketing,2024-02-13,Não Convertido,,0.0,Conservador,Austria
74915,WhatsApp,2024-02-14,Não Convertido,,0.0,Conservador,Gabon
74916,YouTube Ads,2024-02-14,Não Convertido,,0.0,Agressivo,Cayman Islands
74917,Facebook,2024-02-16,Não Convertido,,0.0,Agressivo,Sao Tome and Principe
74918,YouTube Ads,2024-02-16,Não Convertido,,0.0,Moderado,Hong Kong
74919,Instagram,2024-02-12,Não Convertido,,0.0,Desconhecido,Djibouti
74920,Facebook,2024-02-12,Não Convertido,,0.0,Desconhecido,Nepal
74921,Facebook,2024-02-13,Não Convertido,,0.0,Agressivo,Kyrgyz Republic
74922,Indicação,2024-02-12,Não Convertido,,0.0,Agressivo,Saint Vincent and the Grenadines
74923,WhatsApp,2024-02-15,Não Convertido,,0.0,Moderado,Dominican Republic
74924,E-mail Marketing,2024-02-17,Não Convertido,,0.0,Moderado,Ghana
74925,Orgânico,2024-02-14,Não Convertido,,0.0,Desconhecido,Czech Republic
74926,Instagram,2024-02-12,Não Convertido,,0.0,Moderado,Belgium
74927,E-mail Marketing,2024-02-16,Não Convertido,,0.0,Desconhecido,Jamaica
74928,Orgânico,2024-02-12,Convertido,18.0,6121.76,Agressivo,Ethiopia
74929,Orgânico,2024-02-13,Não Convertido,,0.0,Conservador,Samoa
74930,YouTube Ads,2024-02-12,Não Convertido,,0.0,Moderado,Puerto Rico
74931,Google Ads,2024-02-15,Não Convertido,,0.0,Agressivo,Venezuela
74932,E-mail Marketing,2024-02-12,Não Convertido,,0.0,Agressivo,Slovakia (Slovak Republic)
74933,Instagram,2024-02-16,Não Convertido,,0.0,Moderado,Saint Kitts and Nevis
74934,Orgânico,2024-02-12,Convertido,21.0,7428.59,Moderado,Indonesia
74935,TikTok,2024-02-16,Não Convertido,,0.0,Moderado,Uzbekistan
74936,E-mail Marketing,2024-02-17,Não Convertido,,0.0,Conservador,Myanmar
74937,Orgânico,2024-02-15,Não Convertido,,0.0,Agressivo,Lao People's Democratic Republic
74938,Indicação,2024-02-12,Não Convertido,,0.0,Conservador,Senegal
74939,WhatsApp,2024-02-16,Não Convertido,,0.0,Agressivo,Anguilla
74940,Orgânico,2024-02-12,Não Convertido,,0.0,Moderado,Gibraltar
74941,Instagram,2024-02-15,Não Convertido,,0.0,Conservador,Grenada
74942,Indicação,2024-02-15,Não Convertido,,0.0,Desconhecido,United Arab Emirates
74943,YouTube Ads,2024-02-16,Não Convertido,,0.0,Conservador,Somalia
74944,Instagram,2024-02-15,Não Convertido,,0.0,Agressivo,Mongolia
74945,Orgânico,2024-02-14,Não Convertido,,0.0,Moderado,Isle of Man
74946,Instagram,2024-02-13,Não Convertido,,0.0,Agressivo,Mayotte
74947,Google Ads,2024-02-12,Não Convertido,,0.0,Moderado,Rwanda
74948,Orgânico,2024-02-15,Não Convertido,,0.0,Desconhecido,Mauritania
74949,TikTok,2024-02-15,Não Convertido,,0.0,Agressivo,Nicaragua
74950,E-mail Marketing,2024-02-14,Não Convertido,,0.0,Conservador,Isle of Man
74951,YouTube Ads,2024-02-17,Não Convertido,,0.0,Desconhecido,Netherlands Antilles
74952,Instagram,2024-02-14,Não Convertido,,0.0,Agressivo,Faroe Islands
74953,YouTube Ads,2024-02-17,Não Convertido,,0.0,Conservador,Switzerland
74954,TikTok,2024-02-17,Não Convertido,,0.0,Conservador,Lebanon
74955,E-mail Marketing,2024-02-13,Não Convertido,,0.0,Conservador,Madagascar
74956,Facebook,2024-02-17,Não Convertido,,0.0,Moderado,Jersey
74957,E-mail Marketing,2024-02-12,Não Convertido,,0.0,Conservador,Argentina
74958,TikTok,2024-02-13,Não Convertido,,0.0,Moderado,Turkmenistan
74959,YouTube Ads,2024-02-15,Não Convertido,,0.0,Conservador,Mongolia
74960,Indicação,2024-02-16,Não Convertido,,0.0,Agressivo,Montserrat
74961,TikTok,2024-02-16,Não Convertido,,0.0,Agressivo,Liberia
74962,TikTok,2024-02-16,Não Convertido,,0.0,Moderado,New Caledonia
74963,Instagram,2024-02-16,Não Convertido,,0.0,Agressivo,Kazakhstan
74964,WhatsApp,2024-02-13,Não Convertido,,0.0,Agressivo,India
74965,Indicação,2024-02-17,Não Convertido,,0.0,Desconhecido,Chile
74966,E-mail Marketing,2024-02-17,Não Convertido,,0.0,Moderado,Trinidad and Tobago
74967,Facebook,2024-02-16,Não Convertido,,0.0,Moderado,Nigeria
74968,Orgânico,2024-02-17,Não Convertido,,0.0,Conservador,Swaziland
74969,WhatsApp,2024-02-16,Não Convertido,,0.0,Agressivo,Mauritius
74970,Orgânico,2024-02-15,Não Convertido,,0.0,Agressivo,Finland
74971,YouTube Ads,2024-02-16,Não Convertido,,0.0,Moderado,Senegal
74972,Facebook,2024-02-15,Não Convertido,,0.0,Agressivo,Spain
74973,Google Ads,2024-02-12,Não Convertido,,0.0,Moderado,Jordan
74974,TikTok,2024-02-14,Não Convertido,,0.0,Moderado,Turks and Caicos Islands
74975,Indicação,2024-02-13,Convertido,22.0,2020.94,Desconhecido,United States Virgin Islands
74976,Google Ads,2024-02-15,Não Convertido,,0.0,Agressivo,Malawi
74977,Instagram,2024-02-12,Não Convertido,,0.0,Conservador,Central African Republic
74978,E-mail Marketing,2024-02-15,Não Convertido,,0.0,Conservador,Turkmenistan
74979,WhatsApp,2024-02-17,Convertido,23.0,2974.87,Agressivo,Romania
74980,E-mail Marketing,2024-02-15,Não Convertido,,0.0,Conservador,Tanzania
74981,Facebook,2024-02-15,Não Convertido,,0.0,Conservador,Palestinian Territory
74982,WhatsApp,2024-02-13,Convertido,7.0,1969.42,Conservador,Nauru
74983,Instagram,2024-02-12,Não Convertido,,0.0,Agressivo,Dominican Republic
74984,YouTube Ads,2024-02-16,Não Convertido,,0.0,Conservador,Saint Pierre and Miquelon
74985,Instagram,2024-02-16,Não Convertido,,0.0,Agressivo,Kyrgyz Republic
74986,TikTok,2024-02-12,Não Convertido,,0.0,Moderado,Belgium
74987,E-mail Marketing,2024-02-15,Não Convertido,,0.0,Moderado,Oman
74988,TikTok,2024-02-12,Não Convertido,,0.0,Moderado,Ukraine
74989,Instagram,2024-02-13,Não Convertido,,0.0,Conservador,Hong Kong
74990,Google Ads,2024-02-17,Convertido,8.0,7806.65,Agressivo,Suriname
74991,Google Ads,2024-02-12,Convertido,16.0,9344.74,Agressivo,Kyrgyz Republic
74992,Instagram,2024-02-14,Não Convertido,,0.0,Moderado,Bahamas
74993,YouTube Ads,2024-02-16,Não Convertido,,0.0,Moderado,Nauru
74994,YouTube Ads,2024-02-13,Não Convertido,,0.0,Moderado,Germany
74995,Orgânico,2024-02-13,Não Convertido,,0.0,Desconhecido,Sudan
74996,E-mail Marketing,2024-02-16,Não Convertido,,0.0,Agressivo,Malaysia
74997,WhatsApp,2024-02-15,Não Convertido,,0.0,Moderado,Mauritius
74998,YouTube Ads,2024-02-17,Não Convertido,,0.0,Conservador,Monaco
74999,Facebook,2024-02-15,Não Convertido,,0.0,Moderado,Finland
75000,TikTok,2024-02-12,Não Convertido,,0.0,Agressivo,Antarctica (the territory South of 60 deg S)
75001,WhatsApp,2024-02-13,Não Convertido,,0.0,Moderado,Tokelau
75002,Instagram,2024-02-16,Não Convertido,,0.0,Moderado,Egypt
75003,WhatsApp,2024-02-17,Não Convertido,,0.0,Moderado,Slovakia (Slovak Republic)
75004,Facebook,2024-02-17,Não Convertido,,0.0,Agressivo,Namibia
75005,E-mail Marketing,2024-02-15,Não Convertido,,0.0,Desconhecido,Faroe Islands
75006,Orgânico,2024-02-14,Não Convertido,,0.0,Conservador,Somalia
75007,YouTube Ads,2024-02-12,Não Convertido,,0.0,Desconhecido,Ireland
75008,E-mail Marketing,2024-02-13,Não Convertido,,0.0,Agressivo,Yemen
75009,E-mail Marketing,2024-02-12,Não Convertido,,0.0,Agressivo,Benin
75010,Google Ads,2024-02-14,Não Convertido,,0.0,Conservador,Christmas Island
75011,TikTok,2024-02-15,Não Convertido,,0.0,Moderado,China
75012,Orgânico,2024-02-12,Não Convertido,,0.0,Conservador,Moldova
75013,Instagram,2024-02-14,Não Convertido,,0.0,Moderado,Somalia
75014,YouTube Ads,2024-02-17,Não Convertido,,0.0,Conservador,Egypt
75015,Orgânico,2024-02-12,Não Convertido,,0.0,Moderado,Costa Rica
75016,E-mail Marketing,2024-02-14,Não Convertido,,0.0,Moderado,Turks and Caicos Islands
75017,TikTok,2024-02-12,Não Convertido,,0.0,Desconhecido,Dominica
75018,Orgânico,2024-02-12,Não Convertido,,0.0,Agressivo,Chile
75019,E-mail Marketing,2024-02-14,Não Convertido,,0.0,Conservador,United Kingdom
75020,YouTube Ads,2024-02-12,Não Convertido,,0.0,Moderado,Kazakhstan
75021,Indicação,2024-02-14,Não Convertido,,0.0,Moderado,Lithuania
75022,TikTok,2024-02-16,Não Convertido,,0.0,Moderado,Saint Pierre and Miquelon
75023,TikTok,2024-02-17,Não Convertido,,0.0,Moderado,Montserrat
75024,WhatsApp,2024-02-13,Não Convertido,,0.0,Moderado,Uruguay
75025,Facebook,2024-02-14,Não Convertido,,0.0,Conservador,French Polynesia
75026,Facebook,2024-02-13,Não Convertido,,0.0,Agressivo,Luxembourg
75027,Facebook,2024-02-17,Não Convertido,,0.0,Desconhecido,Turkmenistan
75028,WhatsApp,2024-02-12,Não Convertido,,0.0,Conservador,Mozambique
75029,YouTube Ads,2024-02-16,Não Convertido,,0.0,Agressivo,French Southern Territories
75030,Orgânico,2024-02-12,Convertido,30.0,9680.44,Moderado,Netherlands Antilles
75031,YouTube Ads,2024-02-15,Não Convertido,,0.0,Moderado,Trinidad and Tobago
75032,WhatsApp,2024-02-13,Convertido,13.0,9983.01,Desconhecido,Turkey
75033,YouTube Ads,2024-02-14,Não Convertido,,0.0,Moderado,Poland
75034,E-mail Marketing,2024-02-14,Não Convertido,,0.0,Agressivo,Mayotte
75035,YouTube Ads,2024-02-16,Não Convertido,,0.0,Agressivo,Canada
75036,TikTok,2024-02-15,Não Convertido,,0.0,Moderado,Iraq
75037,Google Ads,2024-02-13,Não Convertido,,0.0,Conservador,Suriname
75038,Google Ads,2024-02-16,Não Convertido,,0.0,Conservador,Ukraine
75039,Orgânico,2024-02-14,Não Convertido,,0.0,Agressivo,British Virgin Islands
75040,WhatsApp,2024-02-14,Não Convertido,,0.0,Desconhecido,Spain
75041,WhatsApp,2024-02-16,Não Convertido,,0.0,Agressivo,Guam
75042,E-mail Marketing,2024-02-16,Não Convertido,,0.0,Agressivo,Kenya
75043,YouTube Ads,2024-02-12,Não Convertido,,0.0,Desconhecido,Sao Tome and Principe
75044,Orgânico,2024-02-13,Não Convertido,,0.0,Agressivo,Chad
75045,Orgânico,2024-02-14,Não Convertido,,0.0,Moderado,Peru
75046,Indicação,2024-02-12,Não Convertido,,0.0,Conservador,Azerbaijan
75047,Orgânico,2024-02-13,Não Convertido,,0.0,Moderado,Marshall Islands
75048,Instagram,2024-02-17,Não Convertido,,0.0,Moderado,French Polynesia
75049,Instagram,2024-02-16,Não Convertido,,0.0,Moderado,New Caledonia
75050,Orgânico,2024-02-16,Não Convertido,,0.0,Agressivo,Tajikistan
75051,Orgânico,2024-02-13,Não Convertido,,0.0,Moderado,Saint Kitts and Nevis
75052,Orgânico,2024-02-16,Não Convertido,,0.0,Moderado,Bermuda
75053,E-mail Marketing,2024-02-13,Não Convertido,,0.0,Desconhecido,Timor-Leste
75054,E-mail Marketing,2024-02-16,Não Convertido,,0.0,Agressivo,Bolivia
75055,WhatsApp,2024-02-13,Não Convertido,,0.0,Desconhecido,Oman
75056,Google Ads,2024-02-15,Não Convertido,,0.0,Moderado,Comoros
75057,Facebook,2024-02-16,Não Convertido,,0.0,Agressivo,Lebanon
75058,Facebook,2024-02-13,Não Convertido,,0.0,Agressivo,Nauru
75059,YouTube Ads,2024-02-12,Não Convertido,,0.0,Moderado,Isle of Man
75060,Indicação,2024-02-13,Não Convertido,,0.0,Agressivo,Cuba
75061,WhatsApp,2024-02-17,Não Convertido,,0.0,Moderado,Mongolia
75062,Instagram,2024-02-13,Não Convertido,,0.0,Agressivo,Saint Vincent and the Grenadines
75063,TikTok,2024-02-17,Não Convertido,,0.0,Conservador,South Africa
75064,E-mail Marketing,2024-02-14,Não Convertido,,0.0,Agressivo,Montserrat
75065,YouTube Ads,2024-02-13,Não Convertido,,0.0,Moderado,Singapore
75066,E-mail Marketing,2024-02-17,Não Convertido,,0.0,Moderado,Trinidad and Tobago
75067,TikTok,2024-02-13,Não Convertido,,0.0,Moderado,Puerto Rico
75068,Google Ads,2024-02-16,Não Convertido,,0.0,Moderado,Timor-Leste
75069,Google Ads,2024-02-12,Não Convertido,,0.0,Agressivo,Iran
75070,Instagram,2024-02-16,Não Convertido,,0.0,Agressivo,Mauritania
75071,TikTok,2024-02-12,Não Convertido,,0.0,Conservador,Uzbekistan
75072,WhatsApp,2024-02-14,Não Convertido,,0.0,Moderado,Martinique
75073,YouTube Ads,2024-02-13,Não Convertido,,0.0,Desconhecido,Somalia
75074,Google Ads,2024-02-17,Não Convertido,,0.0,Agressivo,Togo
75075,TikTok,2024-02-14,Não Convertido,,0.0,Agressivo,Christmas Island
75076,Orgânico,2024-02-15,Não Convertido,,0.0,Moderado,Turks and Caicos Islands
75077,Facebook,2024-02-15,Não Convertido,,0.0,Agressivo,Vanuatu
75078,YouTube Ads,2024-02-13,Não Convertido,,0.0,Conservador,Bhutan
75079,YouTube Ads,2024-02-13,Não Convertido,,0.0,Moderado,Taiwan
75080,E-mail Marketing,2024-02-13,Não Convertido,,0.0,Conservador,Brunei Darussalam
75081,Orgânico,2024-02-13,Não Convertido,,0.0,Conservador,Aruba
75082,WhatsApp,2024-02-17,Não Convertido,,0.0,Agressivo,Samoa
75083,Instagram,2024-02-13,Não Convertido,,0.0,Moderado,Puerto Rico
75084,E-mail Marketing,2024-02-15,Não Convertido,,0.0,Agressivo,Rwanda
75085,Instagram,2024-02-16,Não Convertido,,0.0,Agressivo,Hong Kong
75086,YouTube Ads,2024-02-16,Convertido,3.0,2261.58,Conservador,New Caledonia
75087,Orgânico,2024-02-17,Não Convertido,,0.0,Agressivo,China
75088,Instagram,2024-02-17,Não Convertido,,0.0,Moderado,Liberia
75089,Google Ads,2024-02-13,Não Convertido,,0.0,Agressivo,Reunion
75090,Instagram,2024-02-16,Não Convertido,,0.0,Agressivo,Togo
75091,TikTok,2024-02-13,Não Convertido,,0.0,Moderado,Mongolia
75092,Orgânico,2024-02-13,Não Convertido,,0.0,Desconhecido,Iraq
75093,WhatsApp,2024-02-16,Não Convertido,,0.0,Agressivo,Grenada
75094,YouTube Ads,2024-02-13,Não Convertido,,0.0,Moderado,Vanuatu
75095,Orgânico,2024-02-17,Não Convertido,,0.0,Agressivo,New Zealand
75096,E-mail Marketing,2024-02-15,Não Convertido,,0.0,Moderado,Tonga
75097,WhatsApp,2024-02-17,Não Convertido,,0.0,Moderado,United States of America
75098,Instagram,2024-02-15,Não Convertido,,0.0,Desconhecido,Latvia
75099,Instagram,2024-02-17,Não Convertido,,0.0,Conservador,Peru
75100,Google Ads,2024-02-16,Não Convertido,,0.0,Moderado,Western Sahara
75101,Facebook,2024-02-12,Não Convertido,,0.0,Moderado,Botswana
75102,E-mail Marketing,2024-02-16,Não Convertido,,0.0,Agressivo,Guadeloupe
75103,WhatsApp,2024-02-17,Não Convertido,,0.0,Moderado,Armenia
75104,Google Ads,2024-02-15,Não Convertido,,0.0,Agressivo,Latvia
75105,Instagram,2024-02-17,Não Convertido,,0.0,Moderado,Suriname
75106,YouTube Ads,2024-02-15,Não Convertido,,0.0,Moderado,Cook Islands
75107,E-mail Marketing,2024-02-15,Não Convertido,,0.0,Desconhecido,New Zealand
75108,YouTube Ads,2024-02-12,Não Convertido,,0.0,Moderado,Niger
75109,E-mail Marketing,2024-02-14,Não Convertido,,0.0,Conservador,Saint Barthelemy
75110,TikTok,2024-02-16,Não Convertido,,0.0,Moderado,Peru
75111,WhatsApp,2024-02-16,Não Convertido,,0.0,Conservador,Cocos (Keeling) Islands
75112,YouTube Ads,2024-02-17,Não Convertido,,0.0,Agressivo,Benin
75113,YouTube Ads,2024-02-16,Não Convertido,,0.0,Moderado,United States Virgin Islands
75114,TikTok,2024-02-14,Não Convertido,,0.0,Conservador,South Georgia and the South Sandwich Islands
75115,Orgânico,2024-02-17,Não Convertido,,0.0,Agressivo,Congo
75116,Orgânico,2024-02-14,Não Convertido,,0.0,Moderado,Lesotho
75117,Orgânico,2024-02-14,Convertido,3.0,8909.69,Conservador,Solomon Islands
75118,Orgânico,2024-02-15,Não Convertido,,0.0,Moderado,Bouvet Island (Bouvetoya)
75119,WhatsApp,2024-02-12,Não Convertido,,0.0,Moderado,Jordan
75120,Orgânico,2024-02-14,Não Convertido,,0.0,Desconhecido,Christmas Island
75121,WhatsApp,2024-02-12,Não Convertido,,0.0,Conservador,Colombia
75122,Orgânico,2024-02-17,Não Convertido,,0.0,Agressivo,Marshall Islands
75123,Google Ads,2024-02-15,Não Convertido,,0.0,Moderado,Samoa
75124,Indicação,2024-02-16,Não Convertido,,0.0,Moderado,Heard Island and McDonald Islands
75125,Google Ads,2024-02-13,Não Convertido,,0.0,Conservador,Christmas Island
75126,Instagram,2024-02-13,Não Convertido,,0.0,Moderado,Heard Island and McDonald Islands
75127,Orgânico,2024-02-17,Convertido,10.0,4636.93,Moderado,Madagascar
75128,WhatsApp,2024-02-16,Não Convertido,,0.0,Agressivo,Guam
75129,Orgânico,2024-02-14,Não Convertido,,0.0,Conservador,Svalbard & Jan Mayen Islands
75130,Facebook,2024-02-17,Não Convertido,,0.0,Moderado,Bangladesh
75131,Orgânico,2024-02-15,Não Convertido,,0.0,Desconhecido,Mayotte
75132,Orgânico,2024-02-13,Não Convertido,,0.0,Moderado,Tunisia
75133,TikTok,2024-02-15,Não Convertido,,0.0,Desconhecido,Trinidad and Tobago
75134,E-mail Marketing,2024-02-13,Não Convertido,,0.0,Moderado,Antigua and Barbuda
75135,Google Ads,2024-02-17,Não Convertido,,0.0,Agressivo,Micronesia
75136,Orgânico,2024-02-14,Não Convertido,,0.0,Desconhecido,Jordan
75137,TikTok,2024-02-17,Não Convertido,,0.0,Conservador,Chile
75138,Facebook,2024-02-12,Não Convertido,,0.0,Moderado,Central African Republic
75139,Indicação,2024-02-15,Não Convertido,,0.0,Moderado,Pakistan
75140,Indicação,2024-02-14,Não Convertido,,0.0,Conservador,Czech Republic
75141,Orgânico,2024-02-13,Não Convertido,,0.0,Moderado,Zambia
75142,Facebook,2024-02-15,Convertido,1.0,5109.76,Moderado,United Arab Emirates
75143,E-mail Marketing,2024-02-12,Não Convertido,,0.0,Conservador,Kenya
75144,Facebook,2024-02-17,Não Convertido,,0.0,Moderado,Sweden
75145,Facebook,2024-02-17,Não Convertido,,0.0,Agressivo,South Georgia and the South Sandwich Islands
75146,TikTok,2024-02-15,Não Convertido,,0.0,Moderado,Korea
75147,Instagram,2024-02-13,Convertido,16.0,6911.88,Conservador,United States Minor Outlying Islands
75148,Orgânico,2024-02-12,Não Convertido,,0.0,Agressivo,Algeria
75149,Facebook,2024-02-12,Não Convertido,,0.0,Conservador,Portugal
75150,TikTok,2024-02-14,Não Convertido,,0.0,Conservador,Germany
75151,YouTube Ads,2024-02-14,Não Convertido,,0.0,Moderado,Central African Republic
75152,Facebook,2024-02-12,Não Convertido,,0.0,Moderado,Norfolk Island
75153,Indicação,2024-02-15,Não Convertido,,0.0,Conservador,Armenia
75154,TikTok,2024-02-13,Não Convertido,,0.0,Conservador,Bahamas
75155,Facebook,2024-02-13,Não Convertido,,0.0,Agressivo,Reunion
75156,Instagram,2024-02-13,Não Convertido,,0.0,Moderado,Kyrgyz Republic
75157,TikTok,2024-02-15,Não Convertido,,0.0,Conservador,Jersey
75158,Google Ads,2024-02-12,Não Convertido,,0.0,Desconhecido,Nauru
75159,Instagram,2024-02-15,Não Convertido,,0.0,Moderado,Kuwait
75160,Instagram,2024-02-16,Não Convertido,,0.0,Moderado,Colombia
75161,YouTube Ads,2024-02-16,Convertido,10.0,790.49,Agressivo,Honduras
75162,TikTok,2024-02-15,Não Convertido,,0.0,Moderado,Iran
75163,YouTube Ads,2024-02-14,Não Convertido,,0.0,Moderado,Heard Island and McDonald Islands
75164,E-mail Marketing,2024-02-17,Não Convertido,,0.0,Agressivo,Equatorial Guinea
75165,TikTok,2024-02-15,Não Convertido,,0.0,Moderado,Rwanda
75166,TikTok,2024-02-14,Não Convertido,,0.0,Agressivo,Mauritius
75167,Instagram,2024-02-14,Não Convertido,,0.0,Conservador,Mauritius
75168,Indicação,2024-02-12,Não Convertido,,0.0,Conservador,Lao People's Democratic Republic
75169,WhatsApp,2024-02-16,Não Convertido,,0.0,Moderado,North Macedonia
75170,Orgânico,2024-02-14,Não Convertido,,0.0,Moderado,Andorra
75171,Google Ads,2024-02-12,Não Convertido,,0.0,Moderado,Korea
75172,Orgânico,2024-02-17,Não Convertido,,0.0,Agressivo,Germany
75173,Google Ads,2024-02-13,Não Convertido,,0.0,Desconhecido,Sao Tome and Principe
75174,E-mail Marketing,2024-02-17,Não Convertido,,0.0,Desconhecido,Ghana
75175,TikTok,2024-02-15,Não Convertido,,0.0,Moderado,Timor-Leste
75176,Orgânico,2024-02-17,Não Convertido,,0.0,Agressivo,Zambia
75177,Instagram,2024-02-12,Não Convertido,,0.0,Moderado,Yemen
75178,Orgânico,2024-02-14,Não Convertido,,0.0,Conservador,Saint Barthelemy
75179,Google Ads,2024-02-15,Não Convertido,,0.0,Agressivo,Czech Republic
75180,Facebook,2024-02-14,Não Convertido,,0.0,Moderado,Congo
75181,WhatsApp,2024-02-15,Não Convertido,,0.0,Moderado,Western Sahara
75182,YouTube Ads,2024-02-17,Convertido,27.0,6532.66,Desconhecido,Somalia
75183,TikTok,2024-02-14,Não Convertido,,0.0,Agressivo,Morocco
75184,E-mail Marketing,2024-02-15,Não Convertido,,0.0,Moderado,Russian Federation
75185,TikTok,2024-02-14,Não Convertido,,0.0,Moderado,Haiti
75186,Orgânico,2024-02-14,Não Convertido,,0.0,Agressivo,Niue
75187,WhatsApp,2024-02-13,Não Convertido,,0.0,Conservador,Mali
75188,Indicação,2024-02-13,Não Convertido,,0.0,Moderado,Bahamas
75189,Instagram,2024-02-15,Convertido,18.0,8771.97,Moderado,Seychelles
75190,WhatsApp,2024-02-15,Não Convertido,,0.0,Conservador,Netherlands Antilles
75191,TikTok,2024-02-13,Não Convertido,,0.0,Agressivo,Gibraltar
75192,WhatsApp,2024-02-17,Não Convertido,,0.0,Agressivo,Anguilla
75193,Instagram,2024-02-14,Não Convertido,,0.0,Conservador,Estonia
75194,Facebook,2024-02-16,Não Convertido,,0.0,Moderado,Pakistan
75195,TikTok,2024-02-13,Não Convertido,,0.0,Desconhecido,Timor-Leste
75196,Facebook,2024-02-16,Não Convertido,,0.0,Moderado,Gambia
75197,Instagram,2024-02-12,Não Convertido,,0.0,Agressivo,Romania
75198,Instagram,2024-02-17,Não Convertido,,0.0,Moderado,South Africa
75199,Indicação,2024-02-17,Não Convertido,,0.0,Agressivo,Falkland Islands (Malvinas)
75200,TikTok,2024-02-16,Não Convertido,,0.0,Conservador,Panama
75201,Indicação,2024-02-16,Não Convertido,,0.0,Conservador,Luxembourg
75202,Facebook,2024-02-15,Não Convertido,,0.0,Conservador,Singapore
75203,Orgânico,2024-02-13,Não Convertido,,0.0,Agressivo,Botswana
75204,Orgânico,2024-02-13,Não Convertido,,0.0,Agressivo,Russian Federation
75205,TikTok,2024-02-15,Não Convertido,,0.0,Conservador,Greenland
75206,E-mail Marketing,2024-02-16,Não Convertido,,0.0,Moderado,Turkmenistan
75207,E-mail Marketing,2024-02-16,Não Convertido,,0.0,Moderado,Iraq
75208,Orgânico,2024-02-12,Não Convertido,,0.0,Moderado,Chile
75209,Facebook,2024-02-15,Não Convertido,,0.0,Moderado,Palau
75210,TikTok,2024-02-15,Não Convertido,,0.0,Agressivo,Equatorial Guinea
75211,Instagram,2024-02-15,Não Convertido,,0.0,Desconhecido,Madagascar
75212,Google Ads,2024-02-17,Não Convertido,,0.0,Moderado,Oman
75213,Google Ads,2024-02-14,Não Convertido,,0.0,Conservador,Slovenia
75214,TikTok,2024-02-12,Não Convertido,,0.0,Agressivo,Sudan
75215,Instagram,2024-02-13,Não Convertido,,0.0,Conservador,South Africa
75216,E-mail Marketing,2024-02-16,Não Convertido,,0.0,Agressivo,Greenland
75217,Instagram,2024-02-15,Não Convertido,,0.0,Conservador,Benin
75218,Instagram,2024-02-13,Não Convertido,,0.0,Moderado,Sweden
75219,TikTok,2024-02-15,Não Convertido,,0.0,Moderado,Australia
75220,TikTok,2024-02-17,Não Convertido,,0.0,Conservador,Korea
75221,Indicação,2024-02-17,Não Convertido,,0.0,Moderado,Trinidad and Tobago
75222,WhatsApp,2024-02-15,Não Convertido,,0.0,Agressivo,Haiti
75223,Instagram,2024-02-17,Não Convertido,,0.0,Desconhecido,United Kingdom
75224,E-mail Marketing,2024-02-17,Não Convertido,,0.0,Moderado,Tunisia
75225,Orgânico,2024-02-15,Não Convertido,,0.0,Conservador,Ukraine
75226,Facebook,2024-02-12,Não Convertido,,0.0,Moderado,Bhutan
75227,Instagram,2024-02-17,Não Convertido,,0.0,Moderado,Iraq
75228,Orgânico,2024-02-16,Não Convertido,,0.0,Moderado,Cyprus
75229,Orgânico,2024-02-12,Não Convertido,,0.0,Moderado,Tunisia
75230,Facebook,2024-02-17,Não Convertido,,0.0,Agressivo,American Samoa
75231,YouTube Ads,2024-02-17,Não Convertido,,0.0,Agressivo,Saudi Arabia
75232,Orgânico,2024-02-13,Não Convertido,,0.0,Agressivo,Bangladesh
75233,Google Ads,2024-02-17,Não Convertido,,0.0,Agressivo,Slovakia (Slovak Republic)
75234,WhatsApp,2024-02-14,Não Convertido,,0.0,Agressivo,Malaysia
75235,Instagram,2024-02-17,Não Convertido,,0.0,Moderado,Fiji
75236,Orgânico,2024-02-13,Não Convertido,,0.0,Agressivo,Argentina
75237,TikTok,2024-02-16,Não Convertido,,0.0,Moderado,Indonesia
75238,TikTok,2024-02-12,Não Convertido,,0.0,Moderado,Honduras
75239,Orgânico,2024-02-13,Não Convertido,,0.0,Conservador,Ukraine
75240,Google Ads,2024-02-13,Não Convertido,,0.0,Agressivo,Barbados
75241,TikTok,2024-02-14,Não Convertido,,0.0,Desconhecido,Colombia
75242,Facebook,2024-02-13,Não Convertido,,0.0,Agressivo,Sierra Leone
75243,Facebook,2024-02-14,Não Convertido,,0.0,Agressivo,Saint Barthelemy
75244,WhatsApp,2024-02-12,Não Convertido,,0.0,Agressivo,Canada
75245,Instagram,2024-02-16,Não Convertido,,0.0,Conservador,Gambia
75246,Instagram,2024-02-16,Não Convertido,,0.0,Moderado,Djibouti
75247,Orgânico,2024-02-17,Não Convertido,,0.0,Moderado,Tonga
75248,Instagram,2024-02-17,Não Convertido,,0.0,Moderado,United Arab Emirates
75249,Orgânico,2024-02-17,Não Convertido,,0.0,Moderado,Taiwan
75250,Google Ads,2024-02-13,Não Convertido,,0.0,Moderado,Portugal
75251,YouTube Ads,2024-02-12,Não Convertido,,0.0,Moderado,United States of America
75252,E-mail Marketing,2024-02-15,Não Convertido,,0.0,Conservador,Angola
75253,Google Ads,2024-02-13,Não Convertido,,0.0,Moderado,Latvia
75254,WhatsApp,2024-02-16,Não Convertido,,0.0,Agressivo,United States Virgin Islands
75255,Instagram,2024-02-14,Não Convertido,,0.0,Moderado,Timor-Leste
75256,Instagram,2024-02-14,Não Convertido,,0.0,Conservador,Liechtenstein
75257,E-mail Marketing,2024-02-14,Não Convertido,,0.0,Moderado,Cambodia
75258,Google Ads,2024-02-14,Não Convertido,,0.0,Moderado,Haiti
75259,Instagram,2024-02-17,Convertido,4.0,1731.6,Conservador,France
75260,Orgânico,2024-02-15,Não Convertido,,0.0,Conservador,Jamaica
75261,Google Ads,2024-02-14,Não Convertido,,0.0,Moderado,Vanuatu
75262,E-mail Marketing,2024-02-12,Não Convertido,,0.0,Conservador,Greenland
75263,Orgânico,2024-02-15,Não Convertido,,0.0,Moderado,Cocos (Keeling) Islands
75264,Orgânico,2024-02-14,Não Convertido,,0.0,Moderado,Italy
75265,Indicação,2024-02-16,Não Convertido,,0.0,Moderado,Saint Lucia
75266,Indicação,2024-02-15,Não Convertido,,0.0,Moderado,Lithuania
75267,Indicação,2024-02-13,Não Convertido,,0.0,Conservador,French Southern Territories
75268,Orgânico,2024-02-17,Não Convertido,,0.0,Agressivo,Kiribati
75269,Orgânico,2024-02-17,Não Convertido,,0.0,Moderado,Nauru
75270,Google Ads,2024-02-15,Não Convertido,,0.0,Desconhecido,Faroe Islands
