lead_id,origem,data_cadastro,status_conversao,dias_ate_1o_trade,valor_deposito,perfil,pais
42298,TikTok,2023-11-03,Convertido,1.0,3366.67,Moderado,Malaysia
42299,Orgânico,2023-10-31,Não Convertido,,0.0,Moderado,Kazakhstan
42300,Google Ads,2023-11-03,Não Convertido,,0.0,Agressivo,Antigua and Barbuda
42301,Orgânico,2023-11-03,Não Convertido,,0.0,Conservador,Russian Federation
42302,WhatsApp,2023-10-31,Não Convertido,,0.0,Moderado,Burkina Faso
42303,TikTok,2023-10-31,Não Convertido,,0.0,Moderado,Chile
42304,WhatsApp,2023-10-30,Não Convertido,,0.0,Conservador,Luxembourg
42305,WhatsApp,2023-11-03,Não Convertido,,0.0,Moderado,Saudi Arabia
42306,Orgânico,2023-11-03,Não Convertido,,0.0,Conservador,Palau
42307,Orgânico,2023-11-03,Não Convertido,,0.0,Moderado,Chad
42308,YouTube Ads,2023-11-03,Não Convertido,,0.0,Agressivo,Qatar
42309,WhatsApp,2023-11-02,Não Convertido,,0.0,Moderado,Portugal
42310,Facebook,2023-10-31,Não Convertido,,0.0,Agressivo,Angola
42311,Indicação,2023-10-30,Não Convertido,,0.0,Moderado,Taiwan
42312,TikTok,2023-11-01,Convertido,27.0,8372.37,Moderado,United States Minor Outlying Islands
42313,Google Ads,2023-11-04,Não Convertido,,0.0,Agressivo,Brazil
42314,Instagram,2023-11-03,Não Convertido,,0.0,Conservador,Cape Verde
42315,TikTok,2023-11-04,Não Convertido,,0.0,Agressivo,Tuvalu
42316,Orgânico,2023-11-04,Não Convertido,,0.0,Agressivo,Tonga
42317,Facebook,2023-10-30,Não Convertido,,0.0,Desconhecido,Papua New Guinea
42318,WhatsApp,2023-10-31,Não Convertido,,0.0,Agressivo,Bulgaria
42319,YouTube Ads,2023-10-31,Não Convertido,,0.0,Moderado,French Polynesia
42320,Google Ads,2023-11-01,Não Convertido,,0.0,Moderado,Bosnia and Herzegovina
42321,YouTube Ads,2023-11-02,Não Convertido,,0.0,Conservador,Thailand
42322,Instagram,2023-11-03,Não Convertido,,0.0,Conservador,Tanzania
42323,WhatsApp,2023-11-01,Não Convertido,,0.0,Conservador,British Indian Ocean Territory (Chagos Archipelago)
42324,Orgânico,2023-10-30,Convertido,10.0,2071.76,Moderado,Belarus
42325,TikTok,2023-11-02,Não Convertido,,0.0,Moderado,Guernsey
42326,Orgânico,2023-11-02,Não Convertido,,0.0,Agressivo,Cape Verde
42327,Orgânico,2023-11-03,Não Convertido,,0.0,Moderado,Taiwan
42328,E-mail Marketing,2023-11-04,Não Convertido,,0.0,Moderado,Zimbabwe
42329,Instagram,2023-10-30,Não Convertido,,0.0,Moderado,Papua New Guinea
42330,Instagram,2023-11-04,Convertido,30.0,8663.54,Agressivo,Swaziland
42331,WhatsApp,2023-11-01,Convertido,14.0,9358.34,Agressivo,Canada
42332,E-mail Marketing,2023-11-03,Não Convertido,,0.0,Conservador,Norfolk Island
42333,TikTok,2023-11-02,Não Convertido,,0.0,Conservador,Svalbard & Jan Mayen Islands
42334,TikTok,2023-11-01,Não Convertido,,0.0,Moderado,Niue
42335,Indicação,2023-11-03,Não Convertido,,0.0,Agressivo,Reunion
42336,TikTok,2023-10-31,Não Convertido,,0.0,Conservador,Afghanistan
42337,Instagram,2023-10-30,Convertido,30.0,6529.79,Agressivo,Norway
42338,Instagram,2023-10-31,Não Convertido,,0.0,Agressivo,Montenegro
42339,Orgânico,2023-11-03,Não Convertido,,0.0,Moderado,Bermuda
42340,TikTok,2023-11-03,Não Convertido,,0.0,Moderado,Czech Republic
42341,Instagram,2023-11-04,Não Convertido,,0.0,Conservador,Venezuela
42342,Orgânico,2023-11-01,Não Convertido,,0.0,Moderado,Ghana
42343,Facebook,2023-11-04,Não Convertido,,0.0,Conservador,Tokelau
42344,Orgânico,2023-11-02,Convertido,11.0,1408.26,Agressivo,Chile
42345,Indicação,2023-11-03,Não Convertido,,0.0,Moderado,Central African Republic
42346,Orgânico,2023-10-31,Não Convertido,,0.0,Moderado,Rwanda
42347,TikTok,2023-11-02,Não Convertido,,0.0,Agressivo,Cameroon
42348,YouTube Ads,2023-11-04,Convertido,23.0,8623.13,Moderado,Mayotte
42349,Facebook,2023-11-03,Não Convertido,,0.0,Conservador,British Virgin Islands
42350,Orgânico,2023-11-01,Não Convertido,,0.0,Agressivo,Papua New Guinea
42351,E-mail Marketing,2023-10-31,Não Convertido,,0.0,Conservador,Bahrain
42352,Orgânico,2023-11-03,Não Convertido,,0.0,Desconhecido,Luxembourg
42353,Instagram,2023-11-02,Não Convertido,,0.0,Moderado,Yemen
42354,TikTok,2023-11-04,Não Convertido,,0.0,Moderado,Saint Barthelemy
42355,Orgânico,2023-11-04,Não Convertido,,0.0,Conservador,Mauritania
42356,YouTube Ads,2023-10-30,Não Convertido,,0.0,Moderado,Falkland Islands (Malvinas)
42357,Google Ads,2023-11-03,Não Convertido,,0.0,Moderado,Guatemala
42358,E-mail Marketing,2023-10-30,Não Convertido,,0.0,Conservador,Canada
42359,Instagram,2023-11-03,Não Convertido,,0.0,Agressivo,Zimbabwe
42360,TikTok,2023-11-01,Não Convertido,,0.0,Moderado,Papua New Guinea
42361,Orgânico,2023-11-02,Não Convertido,,0.0,Agressivo,Georgia
42362,Instagram,2023-10-30,Não Convertido,,0.0,Moderado,Taiwan
42363,Orgânico,2023-11-02,Não Convertido,,0.0,Agressivo,Austria
42364,E-mail Marketing,2023-11-03,Não Convertido,,0.0,Agressivo,Armenia
42365,YouTube Ads,2023-11-03,Não Convertido,,0.0,Agressivo,Iceland
42366,Facebook,2023-11-04,Não Convertido,,0.0,Moderado,Korea
42367,TikTok,2023-11-01,Não Convertido,,0.0,Agressivo,Austria
42368,TikTok,2023-11-03,Não Convertido,,0.0,Desconhecido,Switzerland
42369,TikTok,2023-11-03,Não Convertido,,0.0,Desconhecido,Sri Lanka
42370,Google Ads,2023-11-03,Não Convertido,,0.0,Agressivo,Georgia
42371,YouTube Ads,2023-10-30,Não Convertido,,0.0,Moderado,Azerbaijan
42372,Orgânico,2023-10-30,Não Convertido,,0.0,Moderado,French Guiana
42373,TikTok,2023-11-01,Não Convertido,,0.0,Agressivo,Greece
42374,Google Ads,2023-11-03,Não Convertido,,0.0,Moderado,Iran
42375,E-mail Marketing,2023-10-30,Não Convertido,,0.0,Agressivo,Croatia
42376,Instagram,2023-11-02,Não Convertido,,0.0,Moderado,British Virgin Islands
42377,WhatsApp,2023-10-31,Não Convertido,,0.0,Moderado,Palau
42378,YouTube Ads,2023-10-30,Não Convertido,,0.0,Moderado,Egypt
42379,E-mail Marketing,2023-10-31,Não Convertido,,0.0,Moderado,Indonesia
42380,Instagram,2023-10-31,Não Convertido,,0.0,Agressivo,Angola
42381,Indicação,2023-11-01,Não Convertido,,0.0,Moderado,French Guiana
42382,YouTube Ads,2023-11-01,Não Convertido,,0.0,Conservador,Saint Lucia
42383,Orgânico,2023-11-03,Convertido,25.0,1208.88,Conservador,Tunisia
42384,Google Ads,2023-11-04,Não Convertido,,0.0,Moderado,Somalia
42385,Orgânico,2023-11-01,Não Convertido,,0.0,Agressivo,Saint Pierre and Miquelon
42386,Orgânico,2023-11-01,Não Convertido,,0.0,Moderado,Eritrea
42387,Facebook,2023-11-02,Não Convertido,,0.0,Moderado,North Macedonia
42388,E-mail Marketing,2023-10-30,Não Convertido,,0.0,Conservador,Bosnia and Herzegovina
42389,Orgânico,2023-10-31,Não Convertido,,0.0,Agressivo,Ecuador
42390,Instagram,2023-11-01,Não Convertido,,0.0,Agressivo,Samoa
42391,Indicação,2023-11-01,Não Convertido,,0.0,Moderado,Guernsey
42392,Google Ads,2023-11-02,Não Convertido,,0.0,Conservador,Chad
42393,E-mail Marketing,2023-11-02,Não Convertido,,0.0,Moderado,Guinea-Bissau
42394,YouTube Ads,2023-11-04,Não Convertido,,0.0,Desconhecido,Lesotho
42395,Orgânico,2023-11-01,Não Convertido,,0.0,Conservador,Western Sahara
42396,YouTube Ads,2023-11-01,Não Convertido,,0.0,Moderado,Algeria
42397,Orgânico,2023-11-04,Não Convertido,,0.0,Agressivo,Botswana
42398,Google Ads,2023-10-31,Não Convertido,,0.0,Agressivo,Ireland
42399,E-mail Marketing,2023-10-31,Não Convertido,,0.0,Moderado,Korea
42400,Instagram,2023-11-04,Não Convertido,,0.0,Conservador,Hong Kong
42401,E-mail Marketing,2023-11-04,Não Convertido,,0.0,Agressivo,Bhutan
42402,E-mail Marketing,2023-10-30,Não Convertido,,0.0,Moderado,United States Virgin Islands
42403,Facebook,2023-10-30,Não Convertido,,0.0,Conservador,Mongolia
42404,WhatsApp,2023-10-30,Não Convertido,,0.0,Agressivo,Brazil
42405,Orgânico,2023-11-02,Não Convertido,,0.0,Agressivo,Saint Lucia
42406,Instagram,2023-11-03,Não Convertido,,0.0,Agressivo,Falkland Islands (Malvinas)
42407,TikTok,2023-11-02,Não Convertido,,0.0,Moderado,Czech Republic
42408,WhatsApp,2023-11-02,Não Convertido,,0.0,Agressivo,Liberia
42409,Instagram,2023-10-31,Não Convertido,,0.0,Agressivo,Falkland Islands (Malvinas)
42410,WhatsApp,2023-10-30,Não Convertido,,0.0,Moderado,Mauritania
42411,WhatsApp,2023-10-31,Não Convertido,,0.0,Desconhecido,Lebanon
42412,YouTube Ads,2023-11-01,Não Convertido,,0.0,Moderado,Trinidad and Tobago
42413,Facebook,2023-11-04,Não Convertido,,0.0,Moderado,Canada
42414,Instagram,2023-11-03,Não Convertido,,0.0,Agressivo,Palau
42415,Orgânico,2023-10-30,Convertido,29.0,2101.81,Agressivo,Sweden
42416,WhatsApp,2023-11-01,Não Convertido,,0.0,Agressivo,Turks and Caicos Islands
42417,YouTube Ads,2023-10-30,Não Convertido,,0.0,Conservador,Tonga
42418,Orgânico,2023-11-01,Não Convertido,,0.0,Conservador,Denmark
42419,Instagram,2023-10-31,Não Convertido,,0.0,Moderado,Ethiopia
42420,WhatsApp,2023-11-02,Não Convertido,,0.0,Desconhecido,Holy See (Vatican City State)
42421,Google Ads,2023-11-02,Não Convertido,,0.0,Moderado,Guatemala
42422,Orgânico,2023-11-02,Não Convertido,,0.0,Desconhecido,Malawi
42423,Instagram,2023-10-31,Não Convertido,,0.0,Conservador,Libyan Arab Jamahiriya
42424,Orgânico,2023-11-03,Não Convertido,,0.0,Desconhecido,Chile
42425,TikTok,2023-11-02,Não Convertido,,0.0,Conservador,Kiribati
42426,TikTok,2023-11-02,Não Convertido,,0.0,Conservador,Solomon Islands
42427,Orgânico,2023-11-03,Não Convertido,,0.0,Agressivo,France
42428,Orgânico,2023-10-31,Não Convertido,,0.0,Moderado,Qatar
42429,TikTok,2023-10-30,Convertido,26.0,617.18,Moderado,Somalia
42430,Google Ads,2023-11-04,Não Convertido,,0.0,Moderado,Isle of Man
42431,Google Ads,2023-11-01,Não Convertido,,0.0,Conservador,Aruba
42432,TikTok,2023-11-01,Não Convertido,,0.0,Moderado,Eritrea
42433,Indicação,2023-11-01,Não Convertido,,0.0,Conservador,Iceland
42434,Instagram,2023-11-03,Não Convertido,,0.0,Moderado,Guernsey
42435,Facebook,2023-10-31,Não Convertido,,0.0,Moderado,India
42436,Google Ads,2023-10-30,Não Convertido,,0.0,Conservador,Pakistan
42437,Orgânico,2023-11-02,Não Convertido,,0.0,Moderado,Tuvalu
42438,E-mail Marketing,2023-10-30,Não Convertido,,0.0,Agressivo,Wallis and Futuna
42439,Google Ads,2023-11-02,Não Convertido,,0.0,Moderado,Morocco
42440,Indicação,2023-11-01,Não Convertido,,0.0,Agressivo,Vanuatu
42441,Google Ads,2023-11-04,Convertido,6.0,3473.01,Moderado,Solomon Islands
42442,Facebook,2023-11-01,Não Convertido,,0.0,Desconhecido,Uzbekistan
42443,Facebook,2023-10-31,Não Convertido,,0.0,Agressivo,Korea
42444,E-mail Marketing,2023-10-31,Não Convertido,,0.0,Agressivo,Barbados
42445,Google Ads,2023-10-31,Não Convertido,,0.0,Agressivo,Fiji
42446,Facebook,2023-11-04,Não Convertido,,0.0,Conservador,Germany
42447,E-mail Marketing,2023-11-01,Não Convertido,,0.0,Moderado,Russian Federation
42448,YouTube Ads,2023-11-04,Não Convertido,,0.0,Desconhecido,Samoa
42449,Facebook,2023-11-01,Não Convertido,,0.0,Moderado,Montenegro
42450,Google Ads,2023-11-04,Não Convertido,,0.0,Moderado,Antarctica (the territory South of 60 deg S)
42451,Google Ads,2023-10-30,Não Convertido,,0.0,Conservador,Reunion
42452,Orgânico,2023-10-30,Convertido,30.0,1270.67,Desconhecido,Angola
42453,Indicação,2023-11-01,Não Convertido,,0.0,Moderado,Guernsey
42454,Indicação,2023-11-01,Não Convertido,,0.0,Desconhecido,Congo
42455,Instagram,2023-11-04,Não Convertido,,0.0,Conservador,Ukraine
42456,WhatsApp,2023-10-30,Não Convertido,,0.0,Moderado,Isle of Man
42457,TikTok,2023-11-01,Não Convertido,,0.0,Moderado,Hong Kong
42458,E-mail Marketing,2023-10-31,Não Convertido,,0.0,Moderado,Burundi
42459,E-mail Marketing,2023-11-04,Não Convertido,,0.0,Agressivo,French Southern Territories
42460,Orgânico,2023-11-03,Não Convertido,,0.0,Moderado,Chad
42461,E-mail Marketing,2023-11-01,Não Convertido,,0.0,Moderado,Hong Kong
42462,YouTube Ads,2023-10-30,Não Convertido,,0.0,Conservador,Iceland
42463,Instagram,2023-10-30,Não Convertido,,0.0,Conservador,Slovakia (Slovak Republic)
42464,Facebook,2023-10-31,Não Convertido,,0.0,Moderado,Niue
42465,TikTok,2023-11-04,Não Convertido,,0.0,Desconhecido,Tokelau
42466,Facebook,2023-10-31,Não Convertido,,0.0,Agressivo,Sweden
42467,YouTube Ads,2023-11-02,Não Convertido,,0.0,Moderado,Ghana
42468,Instagram,2023-11-04,Não Convertido,,0.0,Agressivo,Cameroon
42469,YouTube Ads,2023-10-30,Não Convertido,,0.0,Agressivo,Mozambique
42470,YouTube Ads,2023-11-02,Não Convertido,,0.0,Agressivo,Aruba
42471,Facebook,2023-11-01,Não Convertido,,0.0,Moderado,Madagascar
42472,TikTok,2023-11-02,Não Convertido,,0.0,Agressivo,Lithuania
42473,Instagram,2023-10-30,Não Convertido,,0.0,Moderado,Turkmenistan
42474,Facebook,2023-11-01,Não Convertido,,0.0,Moderado,Grenada
42475,WhatsApp,2023-11-03,Não Convertido,,0.0,Moderado,India
42476,Orgânico,2023-11-01,Não Convertido,,0.0,Desconhecido,Hong Kong
42477,Orgânico,2023-11-04,Não Convertido,,0.0,Agressivo,United Arab Emirates
42478,WhatsApp,2023-10-31,Não Convertido,,0.0,Moderado,Cote d'Ivoire
42479,TikTok,2023-10-31,Não Convertido,,0.0,Conservador,Taiwan
42480,TikTok,2023-10-30,Não Convertido,,0.0,Desconhecido,Antarctica (the territory South of 60 deg S)
42481,WhatsApp,2023-11-04,Não Convertido,,0.0,Conservador,Dominican Republic
42482,Orgânico,2023-10-31,Não Convertido,,0.0,Moderado,Guatemala
42483,E-mail Marketing,2023-11-03,Não Convertido,,0.0,Moderado,Lao People's Democratic Republic
42484,Orgânico,2023-11-01,Convertido,8.0,2037.29,Moderado,Ghana
42485,Instagram,2023-11-03,Não Convertido,,0.0,Conservador,Heard Island and McDonald Islands
42486,E-mail Marketing,2023-11-01,Não Convertido,,0.0,Moderado,Nauru
42487,TikTok,2023-10-31,Não Convertido,,0.0,Moderado,Ghana
42488,Google Ads,2023-10-31,Não Convertido,,0.0,Moderado,Chile
42489,Google Ads,2023-11-04,Não Convertido,,0.0,Moderado,Kiribati
42490,TikTok,2023-10-30,Não Convertido,,0.0,Agressivo,Sao Tome and Principe
42491,WhatsApp,2023-11-03,Não Convertido,,0.0,Moderado,El Salvador
42492,Instagram,2023-10-30,Não Convertido,,0.0,Moderado,Sao Tome and Principe
42493,Indicação,2023-11-04,Não Convertido,,0.0,Conservador,Nicaragua
42494,Indicação,2023-10-31,Não Convertido,,0.0,Moderado,France
42495,WhatsApp,2023-10-30,Não Convertido,,0.0,Desconhecido,Comoros
42496,TikTok,2023-11-02,Não Convertido,,0.0,Moderado,Tunisia
42497,YouTube Ads,2023-11-01,Não Convertido,,0.0,Agressivo,Uzbekistan
42498,Facebook,2023-10-30,Não Convertido,,0.0,Agressivo,Madagascar
42499,Facebook,2023-10-31,Não Convertido,,0.0,Moderado,Kenya
42500,E-mail Marketing,2023-11-02,Não Convertido,,0.0,Desconhecido,Bulgaria
42501,WhatsApp,2023-11-01,Não Convertido,,0.0,Moderado,Iraq
42502,E-mail Marketing,2023-10-31,Não Convertido,,0.0,Desconhecido,Faroe Islands
42503,Orgânico,2023-10-31,Não Convertido,,0.0,Agressivo,Jordan
42504,Indicação,2023-10-31,Não Convertido,,0.0,Moderado,Iraq
42505,Orgânico,2023-11-03,Não Convertido,,0.0,Moderado,Bolivia
42506,Facebook,2023-10-30,Não Convertido,,0.0,Moderado,Solomon Islands
42507,TikTok,2023-11-02,Não Convertido,,0.0,Agressivo,Romania
42508,Orgânico,2023-10-31,Não Convertido,,0.0,Agressivo,Uzbekistan
42509,Orgânico,2023-11-03,Não Convertido,,0.0,Moderado,Mali
42510,WhatsApp,2023-11-01,Não Convertido,,0.0,Moderado,Nigeria
42511,Google Ads,2023-11-01,Não Convertido,,0.0,Agressivo,Saint Pierre and Miquelon
42512,TikTok,2023-10-30,Não Convertido,,0.0,Desconhecido,Niue
42513,Instagram,2023-11-01,Não Convertido,,0.0,Moderado,Gabon
42514,Facebook,2023-10-31,Não Convertido,,0.0,Agressivo,United States Virgin Islands
42515,TikTok,2023-11-01,Não Convertido,,0.0,Agressivo,Belize
42516,Indicação,2023-10-30,Não Convertido,,0.0,Moderado,Ethiopia
42517,YouTube Ads,2023-11-03,Não Convertido,,0.0,Moderado,Angola
42518,E-mail Marketing,2023-11-01,Não Convertido,,0.0,Conservador,Serbia
42519,YouTube Ads,2023-11-01,Não Convertido,,0.0,Moderado,Austria
42520,Google Ads,2023-10-31,Não Convertido,,0.0,Moderado,Austria
42521,TikTok,2023-11-03,Não Convertido,,0.0,Conservador,Suriname
42522,Google Ads,2023-10-30,Não Convertido,,0.0,Moderado,Mayotte
42523,Google Ads,2023-10-30,Não Convertido,,0.0,Agressivo,Algeria
42524,TikTok,2023-10-30,Não Convertido,,0.0,Moderado,Mozambique
42525,Facebook,2023-11-04,Convertido,7.0,9622.22,Moderado,Sierra Leone
42526,Instagram,2023-11-01,Não Convertido,,0.0,Agressivo,Guam
42527,WhatsApp,2023-10-30,Não Convertido,,0.0,Moderado,Taiwan
42528,Facebook,2023-11-02,Não Convertido,,0.0,Agressivo,Isle of Man
42529,WhatsApp,2023-11-02,Não Convertido,,0.0,Desconhecido,Guinea-Bissau
42530,Orgânico,2023-11-01,Não Convertido,,0.0,Moderado,Congo
42531,Instagram,2023-10-30,Não Convertido,,0.0,Agressivo,Martinique
42532,Orgânico,2023-11-01,Convertido,10.0,4934.29,Agressivo,Kyrgyz Republic
42533,TikTok,2023-11-01,Não Convertido,,0.0,Moderado,Tonga
42534,TikTok,2023-11-04,Não Convertido,,0.0,Agressivo,Cyprus
42535,Instagram,2023-11-01,Não Convertido,,0.0,Agressivo,Pakistan
42536,Indicação,2023-11-02,Não Convertido,,0.0,Moderado,Chile
42537,TikTok,2023-11-01,Não Convertido,,0.0,Moderado,Mauritius
42538,WhatsApp,2023-10-31,Não Convertido,,0.0,Conservador,Niger
42539,Indicação,2023-11-03,Não Convertido,,0.0,Conservador,Saint Martin
42540,Orgânico,2023-11-02,Não Convertido,,0.0,Moderado,Serbia
42541,Facebook,2023-11-03,Não Convertido,,0.0,Agressivo,Mauritania
42542,Instagram,2023-11-02,Não Convertido,,0.0,Moderado,Germany
42543,Facebook,2023-11-03,Não Convertido,,0.0,Agressivo,Cayman Islands
42544,Facebook,2023-11-03,Não Convertido,,0.0,Agressivo,Tajikistan
42545,Instagram,2023-11-03,Não Convertido,,0.0,Agressivo,Tuvalu
42546,Instagram,2023-11-02,Não Convertido,,0.0,Agressivo,Papua New Guinea
42547,Indicação,2023-11-01,Não Convertido,,0.0,Moderado,Christmas Island
42548,Orgânico,2023-10-30,Não Convertido,,0.0,Conservador,Jamaica
42549,Orgânico,2023-10-31,Convertido,26.0,5377.47,Moderado,Australia
42550,E-mail Marketing,2023-10-31,Não Convertido,,0.0,Moderado,Marshall Islands
42551,WhatsApp,2023-11-01,Não Convertido,,0.0,Conservador,Jamaica
42552,Instagram,2023-11-02,Não Convertido,,0.0,Moderado,Sweden
42553,TikTok,2023-11-03,Não Convertido,,0.0,Agressivo,Lebanon
42554,Instagram,2023-10-31,Não Convertido,,0.0,Moderado,Guinea
42555,Orgânico,2023-11-04,Não Convertido,,0.0,Moderado,Jamaica
42556,Instagram,2023-10-31,Não Convertido,,0.0,Agressivo,Liberia
42557,Instagram,2023-10-31,Não Convertido,,0.0,Agressivo,Jordan
42558,Indicação,2023-11-01,Não Convertido,,0.0,Agressivo,Heard Island and McDonald Islands
42559,Orgânico,2023-11-02,Não Convertido,,0.0,Moderado,Nepal
42560,E-mail Marketing,2023-11-02,Não Convertido,,0.0,Agressivo,Czech Republic
42561,E-mail Marketing,2023-11-01,Não Convertido,,0.0,Moderado,Saint Kitts and Nevis
42562,E-mail Marketing,2023-11-02,Não Convertido,,0.0,Moderado,Pakistan
42563,Google Ads,2023-11-04,Não Convertido,,0.0,Moderado,Northern Mariana Islands
42564,TikTok,2023-11-01,Não Convertido,,0.0,Agressivo,Kyrgyz Republic
42565,Orgânico,2023-11-04,Não Convertido,,0.0,Moderado,Bermuda
42566,WhatsApp,2023-11-03,Não Convertido,,0.0,Moderado,Hungary
42567,Facebook,2023-11-03,Não Convertido,,0.0,Conservador,Chad
42568,YouTube Ads,2023-10-31,Não Convertido,,0.0,Agressivo,Wallis and Futuna
42569,TikTok,2023-11-04,Não Convertido,,0.0,Agressivo,Thailand
42570,E-mail Marketing,2023-11-03,Não Convertido,,0.0,Agressivo,Bahrain
42571,WhatsApp,2023-11-02,Não Convertido,,0.0,Agressivo,Nicaragua
42572,Google Ads,2023-11-04,Não Convertido,,0.0,Agressivo,Germany
42573,Instagram,2023-11-02,Não Convertido,,0.0,Agressivo,Trinidad and Tobago
42574,Facebook,2023-10-30,Não Convertido,,0.0,Conservador,Myanmar
42575,Facebook,2023-11-02,Não Convertido,,0.0,Moderado,Taiwan
42576,Instagram,2023-10-31,Não Convertido,,0.0,Moderado,Burundi
42577,Orgânico,2023-11-03,Não Convertido,,0.0,Moderado,Argentina
42578,Instagram,2023-11-03,Não Convertido,,0.0,Agressivo,Ethiopia
42579,TikTok,2023-10-31,Não Convertido,,0.0,Moderado,Belize
42580,Orgânico,2023-11-03,Não Convertido,,0.0,Agressivo,Guyana
42581,YouTube Ads,2023-10-30,Não Convertido,,0.0,Conservador,Nicaragua
42582,Instagram,2023-10-30,Não Convertido,,0.0,Moderado,Jamaica
42583,Instagram,2023-11-04,Não Convertido,,0.0,Agressivo,Cayman Islands
42584,Instagram,2023-11-02,Não Convertido,,0.0,Agressivo,El Salvador
42585,E-mail Marketing,2023-11-01,Não Convertido,,0.0,Conservador,Oman
42586,Indicação,2023-10-30,Não Convertido,,0.0,Moderado,Bhutan
42587,Orgânico,2023-11-02,Não Convertido,,0.0,Agressivo,Mozambique
42588,Orgânico,2023-10-31,Não Convertido,,0.0,Conservador,Ethiopia
42589,TikTok,2023-10-31,Não Convertido,,0.0,Moderado,Isle of Man
42590,Orgânico,2023-11-03,Não Convertido,,0.0,Moderado,Liechtenstein
42591,Instagram,2023-11-04,Não Convertido,,0.0,Moderado,Saint Martin
42592,E-mail Marketing,2023-10-30,Não Convertido,,0.0,Moderado,Russian Federation
42593,WhatsApp,2023-10-30,Não Convertido,,0.0,Moderado,Iran
42594,Orgânico,2023-11-04,Não Convertido,,0.0,Agressivo,Lao People's Democratic Republic
42595,Facebook,2023-11-01,Não Convertido,,0.0,Moderado,San Marino
42596,Google Ads,2023-11-04,Não Convertido,,0.0,Moderado,American Samoa
42597,WhatsApp,2023-11-01,Não Convertido,,0.0,Agressivo,Christmas Island
42598,WhatsApp,2023-11-02,Não Convertido,,0.0,Conservador,Panama
42599,Orgânico,2023-11-01,Não Convertido,,0.0,Conservador,Canada
42600,TikTok,2023-11-02,Não Convertido,,0.0,Conservador,Jordan
42601,WhatsApp,2023-11-04,Não Convertido,,0.0,Agressivo,India
42602,YouTube Ads,2023-11-02,Não Convertido,,0.0,Agressivo,Andorra
42603,Google Ads,2023-11-03,Não Convertido,,0.0,Desconhecido,Namibia
42604,Facebook,2023-11-03,Não Convertido,,0.0,Agressivo,Palau
42605,Google Ads,2023-10-31,Não Convertido,,0.0,Conservador,New Zealand
42606,Facebook,2023-11-02,Não Convertido,,0.0,Moderado,Cyprus
42607,Orgânico,2023-10-31,Não Convertido,,0.0,Agressivo,Vanuatu
42608,Google Ads,2023-10-31,Não Convertido,,0.0,Moderado,Palestinian Territory
42609,TikTok,2023-11-03,Convertido,24.0,2971.85,Agressivo,Palau
42610,Instagram,2023-10-31,Não Convertido,,0.0,Moderado,Georgia
42611,Indicação,2023-11-04,Não Convertido,,0.0,Conservador,Cameroon
42612,Google Ads,2023-10-31,Não Convertido,,0.0,Moderado,Suriname
42613,YouTube Ads,2023-11-04,Não Convertido,,0.0,Conservador,India
42614,TikTok,2023-11-03,Não Convertido,,0.0,Agressivo,American Samoa
42615,E-mail Marketing,2023-11-01,Não Convertido,,0.0,Moderado,Kuwait
42616,WhatsApp,2023-11-04,Não Convertido,,0.0,Agressivo,Saudi Arabia
42617,Orgânico,2023-11-01,Convertido,14.0,3890.49,Moderado,Canada
42618,Orgânico,2023-10-31,Não Convertido,,0.0,Moderado,Tokelau
42619,Facebook,2023-11-04,Não Convertido,,0.0,Conservador,Holy See (Vatican City State)
42620,Indicação,2023-11-04,Não Convertido,,0.0,Agressivo,Monaco
42621,Orgânico,2023-11-03,Não Convertido,,0.0,Conservador,Christmas Island
42622,Google Ads,2023-10-31,Não Convertido,,0.0,Agressivo,Japan
42623,Orgânico,2023-11-03,Não Convertido,,0.0,Moderado,France
42624,Google Ads,2023-10-31,Não Convertido,,0.0,Agressivo,Mongolia
42625,Orgânico,2023-10-30,Não Convertido,,0.0,Agressivo,Belgium
42626,Orgânico,2023-11-02,Não Convertido,,0.0,Moderado,Cote d'Ivoire
42627,YouTube Ads,2023-11-01,Não Convertido,,0.0,Moderado,Sweden
42628,WhatsApp,2023-11-02,Não Convertido,,0.0,Conservador,Cayman Islands
42629,E-mail Marketing,2023-11-01,Não Convertido,,0.0,Desconhecido,Cayman Islands
42630,E-mail Marketing,2023-11-01,Não Convertido,,0.0,Agressivo,Tajikistan
42631,TikTok,2023-11-04,Não Convertido,,0.0,Conservador,New Caledonia
42632,Google Ads,2023-11-04,Não Convertido,,0.0,Desconhecido,Argentina
42633,Instagram,2023-11-02,Não Convertido,,0.0,Conservador,French Southern Territories
42634,Google Ads,2023-11-03,Não Convertido,,0.0,Conservador,Isle of Man
42635,E-mail Marketing,2023-11-03,Não Convertido,,0.0,Desconhecido,Trinidad and Tobago
42636,Facebook,2023-11-04,Convertido,6.0,265.06,Agressivo,Guernsey
42637,Facebook,2023-11-02,Não Convertido,,0.0,Agressivo,Papua New Guinea
42638,TikTok,2023-10-30,Não Convertido,,0.0,Conservador,Albania
42639,Instagram,2023-11-02,Não Convertido,,0.0,Agressivo,Pitcairn Islands
42640,TikTok,2023-11-01,Não Convertido,,0.0,Moderado,Rwanda
42641,TikTok,2023-11-02,Não Convertido,,0.0,Moderado,Monaco
42642,TikTok,2023-11-04,Não Convertido,,0.0,Agressivo,Burkina Faso
42643,Orgânico,2023-11-03,Não Convertido,,0.0,Conservador,Fiji
42644,TikTok,2023-11-01,Não Convertido,,0.0,Agressivo,Niger
42645,E-mail Marketing,2023-11-03,Não Convertido,,0.0,Moderado,Gambia
42646,E-mail Marketing,2023-11-02,Não Convertido,,0.0,Conservador,Bangladesh
42647,E-mail Marketing,2023-11-02,Não Convertido,,0.0,Agressivo,Nepal
42648,WhatsApp,2023-10-31,Não Convertido,,0.0,Agressivo,Cuba
42649,Orgânico,2023-11-02,Não Convertido,,0.0,Agressivo,Sudan
42650,TikTok,2023-11-04,Não Convertido,,0.0,Conservador,Bahrain
42651,TikTok,2023-11-03,Não Convertido,,0.0,Conservador,Nigeria
42652,E-mail Marketing,2023-11-02,Não Convertido,,0.0,Moderado,Switzerland
42653,Google Ads,2023-11-04,Não Convertido,,0.0,Conservador,Somalia
42654,Orgânico,2023-11-02,Não Convertido,,0.0,Desconhecido,Liechtenstein
42655,Orgânico,2023-11-02,Não Convertido,,0.0,Desconhecido,Mauritius
42656,Instagram,2023-11-01,Não Convertido,,0.0,Moderado,Guinea
42657,Orgânico,2023-11-03,Não Convertido,,0.0,Conservador,Saint Kitts and Nevis
42658,WhatsApp,2023-11-01,Não Convertido,,0.0,Agressivo,Gambia
42659,Orgânico,2023-11-02,Não Convertido,,0.0,Agressivo,Burkina Faso
42660,Orgânico,2023-10-30,Não Convertido,,0.0,Moderado,Tajikistan
42661,Facebook,2023-11-01,Não Convertido,,0.0,Moderado,Macao
42662,Facebook,2023-11-01,Não Convertido,,0.0,Conservador,Spain
42663,YouTube Ads,2023-11-01,Não Convertido,,0.0,Agressivo,Equatorial Guinea
42664,E-mail Marketing,2023-11-01,Não Convertido,,0.0,Conservador,Monaco
42665,Orgânico,2023-11-03,Não Convertido,,0.0,Moderado,Palestinian Territory
42666,Google Ads,2023-10-31,Não Convertido,,0.0,Conservador,Cayman Islands
42667,TikTok,2023-10-30,Não Convertido,,0.0,Conservador,Chile
42668,Instagram,2023-11-04,Não Convertido,,0.0,Moderado,Nigeria
42669,Facebook,2023-11-03,Não Convertido,,0.0,Moderado,Maldives
42670,YouTube Ads,2023-11-01,Não Convertido,,0.0,Moderado,Solomon Islands
42671,Orgânico,2023-11-04,Não Convertido,,0.0,Moderado,Timor-Leste
42672,Facebook,2023-11-04,Não Convertido,,0.0,Agressivo,Egypt
42673,WhatsApp,2023-11-03,Não Convertido,,0.0,Conservador,Saint Helena
42674,E-mail Marketing,2023-11-02,Não Convertido,,0.0,Conservador,Kuwait
42675,Instagram,2023-11-01,Não Convertido,,0.0,Agressivo,Vietnam
42676,Facebook,2023-11-02,Não Convertido,,0.0,Agressivo,Cocos (Keeling) Islands
42677,Google Ads,2023-10-31,Convertido,8.0,3758.7,Moderado,Portugal
42678,TikTok,2023-10-30,Não Convertido,,0.0,Conservador,Burundi
42679,E-mail Marketing,2023-11-03,Não Convertido,,0.0,Conservador,French Southern Territories
42680,YouTube Ads,2023-10-31,Não Convertido,,0.0,Moderado,Romania
42681,Facebook,2023-11-03,Não Convertido,,0.0,Conservador,Nicaragua
42682,E-mail Marketing,2023-11-02,Não Convertido,,0.0,Agressivo,Saint Barthelemy
42683,YouTube Ads,2023-10-30,Não Convertido,,0.0,Moderado,Zimbabwe
42684,Orgânico,2023-10-30,Não Convertido,,0.0,Desconhecido,Georgia
42685,WhatsApp,2023-11-03,Não Convertido,,0.0,Conservador,Turks and Caicos Islands
42686,Orgânico,2023-11-03,Não Convertido,,0.0,Conservador,Cote d'Ivoire
42687,Orgânico,2023-11-03,Não Convertido,,0.0,Moderado,Cambodia
42688,Instagram,2023-11-02,Não Convertido,,0.0,Moderado,Algeria
42689,YouTube Ads,2023-11-02,Não Convertido,,0.0,Moderado,Burkina Faso
42690,YouTube Ads,2023-11-01,Não Convertido,,0.0,Moderado,Kuwait
42691,Facebook,2023-11-01,Não Convertido,,0.0,Agressivo,Slovakia (Slovak Republic)
42692,WhatsApp,2023-11-03,Não Convertido,,0.0,Agressivo,Bangladesh
42693,TikTok,2023-11-02,Não Convertido,,0.0,Agressivo,Faroe Islands
42694,TikTok,2023-10-31,Não Convertido,,0.0,Moderado,Eritrea
42695,Orgânico,2023-10-31,Não Convertido,,0.0,Agressivo,Belarus
42696,E-mail Marketing,2023-11-04,Não Convertido,,0.0,Agressivo,United States Virgin Islands
42697,E-mail Marketing,2023-11-01,Não Convertido,,0.0,Moderado,Burkina Faso
42698,WhatsApp,2023-11-03,Não Convertido,,0.0,Agressivo,Guatemala
42699,E-mail Marketing,2023-11-01,Não Convertido,,0.0,Agressivo,Jamaica
42700,E-mail Marketing,2023-10-30,Não Convertido,,0.0,Moderado,Lao People's Democratic Republic
42701,Google Ads,2023-11-04,Não Convertido,,0.0,Conservador,Kazakhstan
42702,Instagram,2023-10-30,Não Convertido,,0.0,Agressivo,Armenia
42703,Indicação,2023-10-30,Não Convertido,,0.0,Moderado,Madagascar
42704,Instagram,2023-11-04,Não Convertido,,0.0,Desconhecido,France
42705,Google Ads,2023-10-30,Não Convertido,,0.0,Agressivo,Iraq
42706,YouTube Ads,2023-11-01,Não Convertido,,0.0,Moderado,Luxembourg
42707,Orgânico,2023-11-03,Não Convertido,,0.0,Desconhecido,Nauru
42708,TikTok,2023-11-03,Não Convertido,,0.0,Moderado,Estonia
42709,TikTok,2023-10-30,Não Convertido,,0.0,Agressivo,Nigeria
42710,WhatsApp,2023-11-01,Não Convertido,,0.0,Agressivo,United States of America
42711,WhatsApp,2023-10-30,Não Convertido,,0.0,Conservador,Solomon Islands
42712,WhatsApp,2023-10-30,Não Convertido,,0.0,Agressivo,Slovakia (Slovak Republic)
42713,Google Ads,2023-11-03,Não Convertido,,0.0,Agressivo,Comoros
42714,WhatsApp,2023-11-02,Não Convertido,,0.0,Agressivo,Israel
42715,E-mail Marketing,2023-10-30,Não Convertido,,0.0,Conservador,Algeria
42716,Orgânico,2023-10-31,Não Convertido,,0.0,Moderado,Saint Kitts and Nevis
42717,Facebook,2023-10-31,Não Convertido,,0.0,Moderado,Canada
42718,Orgânico,2023-11-02,Não Convertido,,0.0,Conservador,Montenegro
42719,Google Ads,2023-11-04,Não Convertido,,0.0,Moderado,Oman
42720,YouTube Ads,2023-11-04,Não Convertido,,0.0,Conservador,Israel
42721,Orgânico,2023-11-04,Não Convertido,,0.0,Agressivo,Central African Republic
42722,TikTok,2023-11-03,Não Convertido,,0.0,Agressivo,Georgia
42723,TikTok,2023-10-31,Não Convertido,,0.0,Moderado,Burundi
42724,Orgânico,2023-11-03,Não Convertido,,0.0,Moderado,Belgium
42725,Facebook,2023-11-04,Não Convertido,,0.0,Agressivo,United Kingdom
42726,Instagram,2023-11-03,Não Convertido,,0.0,Conservador,Luxembourg
42727,E-mail Marketing,2023-10-30,Não Convertido,,0.0,Conservador,Guadeloupe
42728,Google Ads,2023-11-03,Não Convertido,,0.0,Moderado,Albania
42729,Instagram,2023-11-03,Não Convertido,,0.0,Moderado,Portugal
42730,TikTok,2023-11-04,Convertido,5.0,5279.27,Agressivo,Australia
42731,Orgânico,2023-11-03,Não Convertido,,0.0,Agressivo,Saint Pierre and Miquelon
42732,E-mail Marketing,2023-11-03,Não Convertido,,0.0,Conservador,Azerbaijan
42733,Facebook,2023-11-01,Não Convertido,,0.0,Agressivo,Namibia
42734,Google Ads,2023-11-01,Não Convertido,,0.0,Moderado,Congo
42735,TikTok,2023-11-02,Não Convertido,,0.0,Conservador,New Zealand
42736,Instagram,2023-11-02,Não Convertido,,0.0,Desconhecido,Nigeria
42737,TikTok,2023-11-01,Não Convertido,,0.0,Conservador,Czech Republic
42738,Facebook,2023-11-02,Não Convertido,,0.0,Moderado,Saint Vincent and the Grenadines
42739,Orgânico,2023-11-02,Não Convertido,,0.0,Agressivo,Isle of Man
42740,Instagram,2023-10-30,Não Convertido,,0.0,Agressivo,Spain
42741,WhatsApp,2023-11-01,Não Convertido,,0.0,Agressivo,United States of America
42742,E-mail Marketing,2023-10-31,Não Convertido,,0.0,Moderado,Saint Barthelemy
42743,Orgânico,2023-10-30,Não Convertido,,0.0,Moderado,Nepal
42744,E-mail Marketing,2023-11-04,Não Convertido,,0.0,Desconhecido,Solomon Islands
42745,TikTok,2023-11-01,Não Convertido,,0.0,Desconhecido,Botswana
42746,Google Ads,2023-11-01,Não Convertido,,0.0,Agressivo,Gabon
42747,Google Ads,2023-11-04,Não Convertido,,0.0,Conservador,Albania
42748,Facebook,2023-11-04,Não Convertido,,0.0,Agressivo,Tokelau
42749,E-mail Marketing,2023-10-31,Convertido,5.0,3160.19,Moderado,Lesotho
42750,E-mail Marketing,2023-11-04,Não Convertido,,0.0,Agressivo,China
42751,Google Ads,2023-11-01,Convertido,5.0,5179.79,Desconhecido,United States Virgin Islands
42752,Orgânico,2023-10-31,Não Convertido,,0.0,Desconhecido,Costa Rica
42753,Facebook,2023-11-02,Não Convertido,,0.0,Agressivo,Falkland Islands (Malvinas)
42754,TikTok,2023-10-31,Não Convertido,,0.0,Conservador,Mexico
42755,Instagram,2023-11-01,Não Convertido,,0.0,Desconhecido,Zambia
42756,Orgânico,2023-11-03,Não Convertido,,0.0,Conservador,Antigua and Barbuda
42757,E-mail Marketing,2023-11-02,Convertido,3.0,7153.99,Moderado,Ghana
42758,Orgânico,2023-11-04,Não Convertido,,0.0,Agressivo,Lebanon
42759,Facebook,2023-11-03,Não Convertido,,0.0,Desconhecido,Malaysia
42760,TikTok,2023-11-02,Não Convertido,,0.0,Moderado,Finland
42761,Facebook,2023-10-30,Não Convertido,,0.0,Moderado,Barbados
42762,Facebook,2023-11-03,Não Convertido,,0.0,Moderado,Vietnam
42763,Orgânico,2023-11-02,Não Convertido,,0.0,Moderado,Palau
42764,Google Ads,2023-11-03,Não Convertido,,0.0,Agressivo,Bahamas
42765,Orgânico,2023-11-02,Não Convertido,,0.0,Agressivo,Western Sahara
42766,TikTok,2023-11-03,Não Convertido,,0.0,Agressivo,British Indian Ocean Territory (Chagos Archipelago)
42767,Orgânico,2023-11-03,Não Convertido,,0.0,Agressivo,Taiwan
42768,Instagram,2023-10-31,Não Convertido,,0.0,Conservador,Georgia
42769,Instagram,2023-11-03,Não Convertido,,0.0,Moderado,Cyprus
42770,Google Ads,2023-10-31,Não Convertido,,0.0,Conservador,San Marino
42771,YouTube Ads,2023-10-31,Não Convertido,,0.0,Conservador,Antarctica (the territory South of 60 deg S)
42772,Instagram,2023-11-03,Não Convertido,,0.0,Moderado,Montenegro
42773,Orgânico,2023-11-02,Não Convertido,,0.0,Moderado,Mongolia
42774,TikTok,2023-10-30,Não Convertido,,0.0,Agressivo,Norway
42775,Indicação,2023-11-01,Não Convertido,,0.0,Agressivo,Jersey
42776,Instagram,2023-11-03,Não Convertido,,0.0,Desconhecido,Eritrea
42777,YouTube Ads,2023-10-30,Não Convertido,,0.0,Moderado,Kiribati
42778,Indicação,2023-11-02,Não Convertido,,0.0,Moderado,Taiwan
42779,Orgânico,2023-10-30,Não Convertido,,0.0,Moderado,French Guiana
42780,Orgânico,2023-10-30,Não Convertido,,0.0,Moderado,Antarctica (the territory South of 60 deg S)
42781,Orgânico,2023-11-04,Não Convertido,,0.0,Moderado,Kenya
42782,TikTok,2023-11-01,Não Convertido,,0.0,Agressivo,Indonesia
42783,Instagram,2023-10-30,Não Convertido,,0.0,Conservador,Christmas Island
42784,Google Ads,2023-11-03,Não Convertido,,0.0,Agressivo,Saudi Arabia
42785,Orgânico,2023-11-03,Não Convertido,,0.0,Agressivo,Cyprus
42786,Facebook,2023-11-04,Não Convertido,,0.0,Agressivo,Chile
42787,Orgânico,2023-11-04,Não Convertido,,0.0,Desconhecido,Faroe Islands
42788,E-mail Marketing,2023-11-01,Não Convertido,,0.0,Conservador,Guadeloupe
42789,Instagram,2023-11-03,Não Convertido,,0.0,Agressivo,Kenya
42790,Google Ads,2023-11-01,Não Convertido,,0.0,Conservador,Gambia
42791,Facebook,2023-10-30,Não Convertido,,0.0,Agressivo,Malaysia
42792,E-mail Marketing,2023-11-01,Não Convertido,,0.0,Agressivo,Equatorial Guinea
42793,Instagram,2023-11-04,Não Convertido,,0.0,Agressivo,Djibouti
42794,WhatsApp,2023-11-01,Não Convertido,,0.0,Conservador,Algeria
42795,E-mail Marketing,2023-11-04,Não Convertido,,0.0,Desconhecido,Philippines
42796,Facebook,2023-10-30,Não Convertido,,0.0,Desconhecido,Sierra Leone
42797,Instagram,2023-11-03,Não Convertido,,0.0,Moderado,Burundi
42798,TikTok,2023-11-04,Convertido,26.0,383.65,Moderado,Macao
42799,Google Ads,2023-11-01,Não Convertido,,0.0,Agressivo,Kuwait
42800,TikTok,2023-10-30,Não Convertido,,0.0,Agressivo,Togo
42801,WhatsApp,2023-11-04,Não Convertido,,0.0,Agressivo,Greece
42802,Google Ads,2023-10-31,Não Convertido,,0.0,Moderado,Nigeria
42803,Orgânico,2023-11-01,Não Convertido,,0.0,Moderado,British Virgin Islands
42804,E-mail Marketing,2023-10-31,Não Convertido,,0.0,Moderado,Guinea
42805,Facebook,2023-11-03,Não Convertido,,0.0,Agressivo,Brazil
42806,Instagram,2023-11-01,Não Convertido,,0.0,Desconhecido,Qatar
42807,Facebook,2023-11-01,Não Convertido,,0.0,Conservador,Armenia
42808,Orgânico,2023-10-31,Não Convertido,,0.0,Agressivo,Djibouti
42809,WhatsApp,2023-11-04,Não Convertido,,0.0,Moderado,Lao People's Democratic Republic
42810,Indicação,2023-10-31,Convertido,19.0,9289.87,Moderado,Libyan Arab Jamahiriya
42811,Google Ads,2023-11-03,Não Convertido,,0.0,Moderado,Brunei Darussalam
42812,E-mail Marketing,2023-10-30,Não Convertido,,0.0,Agressivo,Mexico
42813,Orgânico,2023-10-31,Não Convertido,,0.0,Agressivo,Indonesia
42814,Indicação,2023-10-30,Não Convertido,,0.0,Moderado,Slovenia
42815,Orgânico,2023-11-04,Não Convertido,,0.0,Moderado,Trinidad and Tobago
42816,TikTok,2023-11-03,Convertido,16.0,5521.51,Conservador,Montenegro
42817,E-mail Marketing,2023-11-03,Não Convertido,,0.0,Moderado,Zambia
42818,YouTube Ads,2023-11-02,Não Convertido,,0.0,Agressivo,Trinidad and Tobago
42819,E-mail Marketing,2023-11-01,Não Convertido,,0.0,Desconhecido,Anguilla
42820,Orgânico,2023-11-01,Não Convertido,,0.0,Conservador,Nauru
42821,Google Ads,2023-11-03,Não Convertido,,0.0,Conservador,Croatia
42822,TikTok,2023-11-03,Não Convertido,,0.0,Desconhecido,Antarctica (the territory South of 60 deg S)
42823,Facebook,2023-10-30,Não Convertido,,0.0,Agressivo,Congo
42824,E-mail Marketing,2023-11-04,Não Convertido,,0.0,Agressivo,Swaziland
42825,Orgânico,2023-10-31,Não Convertido,,0.0,Conservador,Malaysia
42826,TikTok,2023-11-01,Não Convertido,,0.0,Moderado,Barbados
42827,Orgânico,2023-11-04,Não Convertido,,0.0,Agressivo,Falkland Islands (Malvinas)
42828,Indicação,2023-11-04,Não Convertido,,0.0,Desconhecido,Falkland Islands (Malvinas)
42829,Orgânico,2023-11-01,Não Convertido,,0.0,Moderado,British Indian Ocean Territory (Chagos Archipelago)
42830,Facebook,2023-11-02,Não Convertido,,0.0,Conservador,Tanzania
42831,Orgânico,2023-11-04,Não Convertido,,0.0,Moderado,Lithuania
42832,TikTok,2023-11-02,Não Convertido,,0.0,Desconhecido,Algeria
42833,Instagram,2023-10-30,Não Convertido,,0.0,Desconhecido,Korea
42834,YouTube Ads,2023-11-01,Não Convertido,,0.0,Agressivo,Guatemala
42835,YouTube Ads,2023-11-02,Não Convertido,,0.0,Conservador,Somalia
42836,Instagram,2023-11-01,Não Convertido,,0.0,Agressivo,Anguilla
42837,Facebook,2023-10-30,Não Convertido,,0.0,Desconhecido,Philippines
42838,Orgânico,2023-10-31,Não Convertido,,0.0,Conservador,Grenada
42839,Instagram,2023-11-02,Não Convertido,,0.0,Conservador,Malawi
42840,E-mail Marketing,2023-11-01,Não Convertido,,0.0,Desconhecido,Tunisia
42841,TikTok,2023-11-02,Não Convertido,,0.0,Agressivo,Lao People's Democratic Republic
42842,TikTok,2023-10-31,Não Convertido,,0.0,Desconhecido,Rwanda
42843,Orgânico,2023-11-01,Não Convertido,,0.0,Moderado,Mozambique
42844,Instagram,2023-11-03,Não Convertido,,0.0,Agressivo,Ireland
42845,Instagram,2023-10-30,Não Convertido,,0.0,Agressivo,Liberia
42846,Instagram,2023-11-04,Não Convertido,,0.0,Agressivo,Seychelles
42847,Orgânico,2023-11-01,Não Convertido,,0.0,Moderado,Ukraine
42848,Instagram,2023-10-30,Não Convertido,,0.0,Moderado,Jordan
42849,TikTok,2023-11-02,Não Convertido,,0.0,Agressivo,Kazakhstan
42850,Orgânico,2023-11-02,Não Convertido,,0.0,Desconhecido,Svalbard & Jan Mayen Islands
42851,YouTube Ads,2023-10-30,Não Convertido,,0.0,Moderado,Mozambique
42852,Orgânico,2023-11-03,Não Convertido,,0.0,Agressivo,Saint Pierre and Miquelon
42853,Instagram,2023-11-01,Convertido,8.0,7078.74,Agressivo,Maldives
42854,E-mail Marketing,2023-10-31,Não Convertido,,0.0,Moderado,Western Sahara
42855,Orgânico,2023-10-30,Não Convertido,,0.0,Desconhecido,Equatorial Guinea
42856,Orgânico,2023-10-31,Não Convertido,,0.0,Agressivo,Cape Verde
42857,TikTok,2023-10-31,Não Convertido,,0.0,Desconhecido,Tuvalu
42858,TikTok,2023-11-04,Não Convertido,,0.0,Desconhecido,Montserrat
42859,Instagram,2023-11-03,Não Convertido,,0.0,Moderado,United States Virgin Islands
42860,E-mail Marketing,2023-10-31,Não Convertido,,0.0,Conservador,Saudi Arabia
42861,YouTube Ads,2023-11-02,Convertido,26.0,4019.91,Agressivo,Macao
42862,Instagram,2023-10-31,Não Convertido,,0.0,Agressivo,El Salvador
42863,E-mail Marketing,2023-10-31,Não Convertido,,0.0,Conservador,Peru
42864,Orgânico,2023-11-04,Não Convertido,,0.0,Conservador,Albania
42865,E-mail Marketing,2023-11-02,Não Convertido,,0.0,Moderado,Equatorial Guinea
42866,TikTok,2023-10-31,Não Convertido,,0.0,Moderado,Eritrea
42867,E-mail Marketing,2023-11-01,Não Convertido,,0.0,Moderado,Mongolia
42868,TikTok,2023-11-03,Não Convertido,,0.0,Moderado,Timor-Leste
42869,YouTube Ads,2023-11-02,Não Convertido,,0.0,Agressivo,Tanzania
42870,E-mail Marketing,2023-10-31,Não Convertido,,0.0,Desconhecido,Palestinian Territory
42871,Orgânico,2023-11-03,Não Convertido,,0.0,Agressivo,Guinea-Bissau
42872,YouTube Ads,2023-10-31,Não Convertido,,0.0,Agressivo,Germany
42873,Instagram,2023-11-04,Não Convertido,,0.0,Agressivo,Argentina
42874,Indicação,2023-11-03,Não Convertido,,0.0,Agressivo,Panama
42875,Google Ads,2023-11-02,Não Convertido,,0.0,Conservador,Lebanon
42876,E-mail Marketing,2023-11-03,Não Convertido,,0.0,Desconhecido,Niue
42877,Orgânico,2023-10-31,Não Convertido,,0.0,Desconhecido,Mauritania
42878,Instagram,2023-11-02,Não Convertido,,0.0,Moderado,Netherlands Antilles
42879,TikTok,2023-11-01,Não Convertido,,0.0,Moderado,Oman
42880,YouTube Ads,2023-10-30,Não Convertido,,0.0,Moderado,Bosnia and Herzegovina
42881,Orgânico,2023-10-31,Não Convertido,,0.0,Moderado,Slovenia
42882,Google Ads,2023-10-30,Não Convertido,,0.0,Agressivo,Thailand
42883,Orgânico,2023-11-01,Não Convertido,,0.0,Moderado,Papua New Guinea
42884,Orgânico,2023-11-03,Não Convertido,,0.0,Moderado,Guam
42885,Facebook,2023-11-03,Não Convertido,,0.0,Desconhecido,Mayotte
42886,YouTube Ads,2023-10-31,Não Convertido,,0.0,Agressivo,Oman
42887,Instagram,2023-11-02,Não Convertido,,0.0,Agressivo,Bhutan
42888,YouTube Ads,2023-11-01,Não Convertido,,0.0,Moderado,Puerto Rico
42889,Google Ads,2023-10-30,Não Convertido,,0.0,Moderado,Guam
42890,Google Ads,2023-10-31,Não Convertido,,0.0,Conservador,Pakistan
42891,Orgânico,2023-10-30,Não Convertido,,0.0,Conservador,Cambodia
42892,Instagram,2023-11-04,Não Convertido,,0.0,Agressivo,Mauritius
42893,WhatsApp,2023-10-30,Não Convertido,,0.0,Moderado,United States Virgin Islands
42894,Facebook,2023-10-31,Não Convertido,,0.0,Moderado,Saint Lucia
42895,TikTok,2023-11-03,Não Convertido,,0.0,Moderado,Mauritius
42896,TikTok,2023-10-30,Não Convertido,,0.0,Moderado,Uzbekistan
42897,Facebook,2023-10-30,Não Convertido,,0.0,Conservador,Vietnam
42898,Orgânico,2023-10-31,Não Convertido,,0.0,Conservador,Tajikistan
42899,TikTok,2023-10-30,Não Convertido,,0.0,Moderado,Guadeloupe
42900,Orgânico,2023-11-03,Não Convertido,,0.0,Desconhecido,Falkland Islands (Malvinas)
42901,Google Ads,2023-10-31,Não Convertido,,0.0,Desconhecido,Cocos (Keeling) Islands
42902,Instagram,2023-10-30,Não Convertido,,0.0,Conservador,Germany
42903,TikTok,2023-10-31,Não Convertido,,0.0,Desconhecido,Malta
42904,YouTube Ads,2023-11-02,Não Convertido,,0.0,Moderado,Guam
42905,Google Ads,2023-11-02,Não Convertido,,0.0,Moderado,Czech Republic
42906,TikTok,2023-10-31,Não Convertido,,0.0,Moderado,Luxembourg
42907,Orgânico,2023-11-02,Não Convertido,,0.0,Agressivo,Trinidad and Tobago
42908,TikTok,2023-10-30,Não Convertido,,0.0,Agressivo,Sri Lanka
42909,TikTok,2023-10-31,Convertido,6.0,5892.03,Conservador,Spain
42910,Google Ads,2023-11-04,Não Convertido,,0.0,Moderado,Peru
42911,Google Ads,2023-11-04,Convertido,24.0,6431.07,Agressivo,Algeria
42912,Instagram,2023-11-04,Convertido,21.0,1208.28,Agressivo,Estonia
42913,YouTube Ads,2023-10-31,Não Convertido,,0.0,Agressivo,Tanzania
42914,Orgânico,2023-11-02,Não Convertido,,0.0,Moderado,Mauritius
42915,Orgânico,2023-11-01,Não Convertido,,0.0,Moderado,Lesotho
42916,Google Ads,2023-11-02,Não Convertido,,0.0,Agressivo,Cote d'Ivoire
42917,Instagram,2023-11-02,Não Convertido,,0.0,Moderado,Guadeloupe
42918,Indicação,2023-11-03,Não Convertido,,0.0,Conservador,Afghanistan
42919,Orgânico,2023-11-04,Não Convertido,,0.0,Agressivo,Ireland
42920,TikTok,2023-11-01,Não Convertido,,0.0,Moderado,Vanuatu
42921,YouTube Ads,2023-10-30,Não Convertido,,0.0,Moderado,Singapore
42922,Facebook,2023-10-31,Não Convertido,,0.0,Agressivo,Niue
42923,E-mail Marketing,2023-11-04,Não Convertido,,0.0,Moderado,Papua New Guinea
42924,Instagram,2023-11-01,Não Convertido,,0.0,Agressivo,Kazakhstan
42925,Indicação,2023-11-01,Não Convertido,,0.0,Conservador,Somalia
42926,E-mail Marketing,2023-11-04,Não Convertido,,0.0,Agressivo,Solomon Islands
42927,TikTok,2023-10-30,Não Convertido,,0.0,Moderado,Tokelau
42928,TikTok,2023-10-30,Não Convertido,,0.0,Desconhecido,British Virgin Islands
42929,TikTok,2023-11-04,Não Convertido,,0.0,Agressivo,Jamaica
42930,YouTube Ads,2023-11-01,Não Convertido,,0.0,Desconhecido,Norway
42931,Instagram,2023-11-02,Não Convertido,,0.0,Agressivo,Sudan
42932,YouTube Ads,2023-11-02,Não Convertido,,0.0,Conservador,Kuwait
42933,Instagram,2023-10-31,Convertido,17.0,5517.34,Moderado,Cambodia
42934,Indicação,2023-10-31,Convertido,19.0,753.11,Desconhecido,Guernsey
42935,WhatsApp,2023-11-01,Não Convertido,,0.0,Conservador,Sudan
42936,Google Ads,2023-11-01,Convertido,6.0,7497.75,Moderado,Liberia
42937,Instagram,2023-11-04,Não Convertido,,0.0,Agressivo,Isle of Man
42938,YouTube Ads,2023-11-04,Não Convertido,,0.0,Conservador,Oman
42939,E-mail Marketing,2023-11-03,Não Convertido,,0.0,Desconhecido,Seychelles
42940,Facebook,2023-11-01,Não Convertido,,0.0,Agressivo,Kazakhstan
42941,E-mail Marketing,2023-11-04,Não Convertido,,0.0,Conservador,Comoros
42942,TikTok,2023-11-03,Não Convertido,,0.0,Agressivo,Ireland
42943,Orgânico,2023-10-31,Não Convertido,,0.0,Conservador,Wallis and Futuna
42944,Orgânico,2023-11-03,Não Convertido,,0.0,Agressivo,Montserrat
42945,YouTube Ads,2023-10-31,Não Convertido,,0.0,Desconhecido,Antarctica (the territory South of 60 deg S)
42946,WhatsApp,2023-11-01,Não Convertido,,0.0,Agressivo,Falkland Islands (Malvinas)
42947,WhatsApp,2023-11-04,Não Convertido,,0.0,Conservador,Haiti
42948,WhatsApp,2023-11-03,Não Convertido,,0.0,Agressivo,Bosnia and Herzegovina
42949,WhatsApp,2023-11-03,Não Convertido,,0.0,Desconhecido,Chad
42950,Facebook,2023-11-02,Não Convertido,,0.0,Conservador,Afghanistan
42951,Facebook,2023-11-04,Não Convertido,,0.0,Conservador,Martinique
42952,Instagram,2023-11-02,Não Convertido,,0.0,Moderado,Afghanistan
42953,Instagram,2023-11-03,Não Convertido,,0.0,Conservador,Palestinian Territory
42954,Google Ads,2023-11-04,Não Convertido,,0.0,Conservador,Kenya
42955,Orgânico,2023-11-03,Não Convertido,,0.0,Moderado,Isle of Man
42956,YouTube Ads,2023-10-31,Não Convertido,,0.0,Moderado,Papua New Guinea
42957,WhatsApp,2023-10-31,Não Convertido,,0.0,Agressivo,Ghana
42958,TikTok,2023-11-01,Não Convertido,,0.0,Conservador,Cape Verde
42959,WhatsApp,2023-10-30,Não Convertido,,0.0,Desconhecido,Bolivia
42960,TikTok,2023-11-01,Não Convertido,,0.0,Moderado,Suriname
42961,TikTok,2023-11-02,Não Convertido,,0.0,Conservador,Grenada
42962,YouTube Ads,2023-11-01,Não Convertido,,0.0,Conservador,Thailand
42963,Instagram,2023-10-30,Não Convertido,,0.0,Agressivo,Tonga
42964,E-mail Marketing,2023-11-02,Não Convertido,,0.0,Agressivo,Mauritius
42965,Instagram,2023-11-02,Não Convertido,,0.0,Desconhecido,Malta
42966,Orgânico,2023-11-04,Não Convertido,,0.0,Conservador,Mexico
42967,Instagram,2023-11-04,Não Convertido,,0.0,Moderado,American Samoa
42968,Orgânico,2023-10-30,Não Convertido,,0.0,Agressivo,Zimbabwe
42969,Instagram,2023-11-03,Não Convertido,,0.0,Moderado,Gambia
42970,Orgânico,2023-11-03,Não Convertido,,0.0,Conservador,Estonia
42971,Google Ads,2023-11-03,Não Convertido,,0.0,Conservador,Saint Kitts and Nevis
42972,Facebook,2023-11-01,Não Convertido,,0.0,Agressivo,Austria
42973,Instagram,2023-11-02,Não Convertido,,0.0,Moderado,United States Minor Outlying Islands
42974,Orgânico,2023-10-30,Não Convertido,,0.0,Desconhecido,Tokelau
42975,Orgânico,2023-11-02,Não Convertido,,0.0,Conservador,Togo
42976,Orgânico,2023-11-01,Não Convertido,,0.0,Moderado,Peru
42977,E-mail Marketing,2023-11-04,Não Convertido,,0.0,Agressivo,Jamaica
42978,Google Ads,2023-11-02,Não Convertido,,0.0,Moderado,Sao Tome and Principe
42979,Orgânico,2023-10-31,Não Convertido,,0.0,Agressivo,Tajikistan
42980,E-mail Marketing,2023-11-02,Não Convertido,,0.0,Agressivo,Egypt
42981,TikTok,2023-11-04,Não Convertido,,0.0,Agressivo,Saudi Arabia
42982,TikTok,2023-11-01,Não Convertido,,0.0,Moderado,Liechtenstein
42983,TikTok,2023-11-03,Não Convertido,,0.0,Agressivo,Panama
42984,Orgânico,2023-11-03,Não Convertido,,0.0,Conservador,Jersey
42985,YouTube Ads,2023-11-02,Não Convertido,,0.0,Moderado,Moldova
42986,E-mail Marketing,2023-11-04,Não Convertido,,0.0,Agressivo,Brunei Darussalam
42987,Instagram,2023-10-31,Não Convertido,,0.0,Agressivo,Serbia
42988,Google Ads,2023-11-03,Não Convertido,,0.0,Conservador,Latvia
42989,Google Ads,2023-11-01,Não Convertido,,0.0,Moderado,Burundi
42990,Facebook,2023-11-01,Não Convertido,,0.0,Agressivo,Aruba
42991,WhatsApp,2023-11-02,Não Convertido,,0.0,Moderado,Dominican Republic
42992,TikTok,2023-10-30,Não Convertido,,0.0,Moderado,Sri Lanka
42993,TikTok,2023-11-02,Não Convertido,,0.0,Moderado,New Zealand
42994,E-mail Marketing,2023-11-04,Não Convertido,,0.0,Agressivo,United Kingdom
42995,TikTok,2023-11-03,Não Convertido,,0.0,Desconhecido,Saudi Arabia
42996,E-mail Marketing,2023-11-02,Não Convertido,,0.0,Moderado,French Southern Territories
42997,Google Ads,2023-11-03,Não Convertido,,0.0,Agressivo,Cook Islands
42998,YouTube Ads,2023-11-03,Não Convertido,,0.0,Desconhecido,Lithuania
42999,Google Ads,2023-11-04,Não Convertido,,0.0,Agressivo,Saint Helena
43000,Orgânico,2023-10-31,Não Convertido,,0.0,Agressivo,Tajikistan
43001,WhatsApp,2023-10-31,Não Convertido,,0.0,Conservador,Cambodia
43002,TikTok,2023-11-03,Não Convertido,,0.0,Agressivo,Mali
43003,Google Ads,2023-11-01,Não Convertido,,0.0,Agressivo,Cape Verde
43004,Instagram,2023-10-30,Não Convertido,,0.0,Conservador,Pitcairn Islands
43005,TikTok,2023-11-01,Não Convertido,,0.0,Conservador,Netherlands
43006,Google Ads,2023-11-04,Não Convertido,,0.0,Moderado,Congo
43007,Instagram,2023-10-31,Não Convertido,,0.0,Moderado,Brunei Darussalam
43008,TikTok,2023-10-31,Não Convertido,,0.0,Agressivo,Moldova
43009,Indicação,2023-11-02,Não Convertido,,0.0,Moderado,Mayotte
43010,WhatsApp,2023-11-01,Não Convertido,,0.0,Moderado,Tuvalu
43011,Indicação,2023-11-02,Não Convertido,,0.0,Agressivo,Guyana
43012,Google Ads,2023-10-31,Não Convertido,,0.0,Conservador,Guam
43013,Instagram,2023-10-30,Não Convertido,,0.0,Agressivo,Congo
43014,Instagram,2023-11-02,Não Convertido,,0.0,Desconhecido,French Guiana
43015,Facebook,2023-10-31,Convertido,25.0,1127.37,Moderado,Australia
43016,Instagram,2023-11-04,Não Convertido,,0.0,Moderado,Bahamas
43017,Orgânico,2023-10-30,Não Convertido,,0.0,Moderado,Sri Lanka
43018,Instagram,2023-10-31,Não Convertido,,0.0,Moderado,Saint Pierre and Miquelon
43019,Instagram,2023-11-02,Convertido,13.0,5096.62,Moderado,Cameroon
43020,Indicação,2023-11-03,Não Convertido,,0.0,Agressivo,Nauru
43021,E-mail Marketing,2023-11-02,Não Convertido,,0.0,Moderado,Sao Tome and Principe
43022,Facebook,2023-10-30,Não Convertido,,0.0,Conservador,Yemen
43023,Orgânico,2023-11-04,Não Convertido,,0.0,Moderado,Mauritania
43024,Instagram,2023-11-02,Convertido,14.0,9878.11,Conservador,United Arab Emirates
43025,Orgânico,2023-10-30,Não Convertido,,0.0,Conservador,Lithuania
43026,E-mail Marketing,2023-11-03,Não Convertido,,0.0,Moderado,Northern Mariana Islands
43027,E-mail Marketing,2023-11-03,Não Convertido,,0.0,Moderado,Colombia
43028,Instagram,2023-11-03,Não Convertido,,0.0,Agressivo,Argentina
43029,Orgânico,2023-11-04,Não Convertido,,0.0,Agressivo,Congo
43030,Facebook,2023-11-01,Não Convertido,,0.0,Agressivo,Korea
43031,Facebook,2023-10-31,Não Convertido,,0.0,Agressivo,Falkland Islands (Malvinas)
43032,Instagram,2023-11-02,Não Convertido,,0.0,Agressivo,Falkland Islands (Malvinas)
43033,Orgânico,2023-10-31,Não Convertido,,0.0,Moderado,United Kingdom
43034,TikTok,2023-11-03,Não Convertido,,0.0,Conservador,Liechtenstein
43035,Facebook,2023-11-01,Não Convertido,,0.0,Agressivo,Hungary
43036,WhatsApp,2023-11-01,Não Convertido,,0.0,Conservador,Turkey
43037,Orgânico,2023-11-04,Não Convertido,,0.0,Conservador,Palau
43038,Instagram,2023-10-31,Não Convertido,,0.0,Moderado,Georgia
43039,E-mail Marketing,2023-11-01,Convertido,5.0,7709.77,Moderado,Saint Vincent and the Grenadines
43040,E-mail Marketing,2023-10-31,Não Convertido,,0.0,Moderado,Malaysia
43041,Instagram,2023-11-04,Não Convertido,,0.0,Moderado,Canada
43042,Google Ads,2023-10-30,Não Convertido,,0.0,Moderado,French Southern Territories
43043,TikTok,2023-11-01,Não Convertido,,0.0,Moderado,Luxembourg
43044,Facebook,2023-10-30,Não Convertido,,0.0,Conservador,Senegal
43045,Instagram,2023-10-30,Não Convertido,,0.0,Agressivo,Falkland Islands (Malvinas)
43046,Orgânico,2023-10-31,Não Convertido,,0.0,Conservador,Turkey
43047,Facebook,2023-10-31,Não Convertido,,0.0,Moderado,Belarus
43048,Indicação,2023-11-03,Convertido,10.0,8644.24,Moderado,Dominican Republic
43049,Instagram,2023-11-04,Não Convertido,,0.0,Conservador,South Georgia and the South Sandwich Islands
43050,Indicação,2023-10-31,Não Convertido,,0.0,Conservador,Pakistan
43051,E-mail Marketing,2023-11-02,Não Convertido,,0.0,Moderado,Seychelles
43052,WhatsApp,2023-10-30,Não Convertido,,0.0,Moderado,Kyrgyz Republic
43053,Google Ads,2023-11-01,Não Convertido,,0.0,Agressivo,Cuba
43054,Facebook,2023-10-30,Não Convertido,,0.0,Moderado,Tajikistan
43055,Indicação,2023-11-04,Não Convertido,,0.0,Agressivo,Kiribati
43056,Orgânico,2023-10-30,Não Convertido,,0.0,Agressivo,Palestinian Territory
43057,Instagram,2023-11-02,Não Convertido,,0.0,Desconhecido,Kenya
43058,Facebook,2023-10-30,Não Convertido,,0.0,Moderado,Estonia
43059,Indicação,2023-11-02,Convertido,23.0,370.18,Desconhecido,Heard Island and McDonald Islands
43060,Orgânico,2023-10-30,Não Convertido,,0.0,Agressivo,Finland
43061,Facebook,2023-11-04,Não Convertido,,0.0,Agressivo,Spain
43062,Orgânico,2023-11-04,Não Convertido,,0.0,Conservador,Holy See (Vatican City State)
43063,Facebook,2023-11-01,Não Convertido,,0.0,Moderado,Cambodia
43064,E-mail Marketing,2023-10-30,Não Convertido,,0.0,Desconhecido,Lesotho
43065,Instagram,2023-11-03,Não Convertido,,0.0,Agressivo,Kyrgyz Republic
43066,Orgânico,2023-10-30,Não Convertido,,0.0,Moderado,Yemen
43067,E-mail Marketing,2023-10-30,Não Convertido,,0.0,Moderado,Lesotho
43068,Orgânico,2023-11-02,Não Convertido,,0.0,Moderado,Zambia
43069,Google Ads,2023-11-02,Não Convertido,,0.0,Agressivo,Lithuania
43070,TikTok,2023-11-04,Não Convertido,,0.0,Conservador,Japan
43071,Instagram,2023-11-01,Não Convertido,,0.0,Conservador,Heard Island and McDonald Islands
43072,E-mail Marketing,2023-10-30,Não Convertido,,0.0,Agressivo,Niger
43073,Facebook,2023-11-03,Não Convertido,,0.0,Conservador,Greece
43074,Orgânico,2023-11-03,Não Convertido,,0.0,Agressivo,Italy
43075,TikTok,2023-11-04,Não Convertido,,0.0,Moderado,Lithuania
43076,Instagram,2023-10-30,Não Convertido,,0.0,Moderado,Germany
43077,Instagram,2023-11-04,Não Convertido,,0.0,Agressivo,Holy See (Vatican City State)
43078,Instagram,2023-11-01,Não Convertido,,0.0,Conservador,Ukraine
43079,Facebook,2023-11-01,Não Convertido,,0.0,Agressivo,South Georgia and the South Sandwich Islands
43080,Orgânico,2023-11-03,Não Convertido,,0.0,Moderado,United Kingdom
43081,E-mail Marketing,2023-11-04,Não Convertido,,0.0,Agressivo,Slovakia (Slovak Republic)
43082,Instagram,2023-10-31,Não Convertido,,0.0,Agressivo,Botswana
43083,Orgânico,2023-11-02,Não Convertido,,0.0,Agressivo,Poland
43084,TikTok,2023-11-02,Não Convertido,,0.0,Moderado,Lithuania
43085,YouTube Ads,2023-11-03,Convertido,17.0,8849.17,Agressivo,Faroe Islands
43086,Indicação,2023-11-04,Não Convertido,,0.0,Desconhecido,Myanmar
43087,Indicação,2023-11-01,Não Convertido,,0.0,Moderado,Christmas Island
43088,Facebook,2023-11-03,Não Convertido,,0.0,Moderado,Cameroon
43089,Facebook,2023-11-02,Convertido,7.0,2695.86,Conservador,Belgium
43090,TikTok,2023-11-02,Não Convertido,,0.0,Conservador,Aruba
43091,Facebook,2023-10-30,Não Convertido,,0.0,Moderado,Algeria
43092,Orgânico,2023-11-02,Não Convertido,,0.0,Moderado,United States Virgin Islands
43093,Instagram,2023-11-02,Não Convertido,,0.0,Moderado,United Kingdom
43094,YouTube Ads,2023-11-01,Não Convertido,,0.0,Moderado,Micronesia
43095,Instagram,2023-10-31,Não Convertido,,0.0,Moderado,Kuwait
43096,E-mail Marketing,2023-10-30,Não Convertido,,0.0,Desconhecido,Suriname
43097,E-mail Marketing,2023-11-03,Não Convertido,,0.0,Moderado,Saint Vincent and the Grenadines
43098,Google Ads,2023-11-01,Não Convertido,,0.0,Agressivo,Egypt
43099,Instagram,2023-11-02,Não Convertido,,0.0,Desconhecido,Sierra Leone
43100,Orgânico,2023-11-04,Não Convertido,,0.0,Moderado,Aruba
43101,TikTok,2023-11-03,Convertido,14.0,2522.17,Moderado,Sao Tome and Principe
43102,TikTok,2023-11-01,Não Convertido,,0.0,Agressivo,Cayman Islands
43103,Instagram,2023-11-01,Não Convertido,,0.0,Agressivo,Northern Mariana Islands
43104,Instagram,2023-11-01,Convertido,13.0,1403.42,Moderado,Guinea
43105,WhatsApp,2023-11-01,Não Convertido,,0.0,Moderado,Tunisia
43106,E-mail Marketing,2023-11-04,Não Convertido,,0.0,Agressivo,Mauritius
43107,Orgânico,2023-10-30,Não Convertido,,0.0,Agressivo,China
43108,Orgânico,2023-11-04,Não Convertido,,0.0,Agressivo,Reunion
43109,Orgânico,2023-11-01,Não Convertido,,0.0,Agressivo,Djibouti
43110,Instagram,2023-10-30,Não Convertido,,0.0,Moderado,Philippines
43111,WhatsApp,2023-10-31,Não Convertido,,0.0,Moderado,Saint Barthelemy
43112,Instagram,2023-10-31,Não Convertido,,0.0,Conservador,Portugal
43113,Instagram,2023-10-30,Não Convertido,,0.0,Agressivo,Algeria
43114,E-mail Marketing,2023-10-30,Não Convertido,,0.0,Agressivo,Armenia
43115,WhatsApp,2023-11-04,Não Convertido,,0.0,Moderado,Kazakhstan
43116,E-mail Marketing,2023-11-01,Não Convertido,,0.0,Agressivo,Malawi
43117,Facebook,2023-10-31,Não Convertido,,0.0,Desconhecido,France
43118,E-mail Marketing,2023-11-01,Não Convertido,,0.0,Moderado,Equatorial Guinea
43119,TikTok,2023-11-01,Não Convertido,,0.0,Moderado,Argentina
43120,Orgânico,2023-11-03,Não Convertido,,0.0,Conservador,Comoros
43121,WhatsApp,2023-10-30,Não Convertido,,0.0,Moderado,Saudi Arabia
43122,TikTok,2023-11-02,Não Convertido,,0.0,Agressivo,Spain
43123,Orgânico,2023-11-01,Não Convertido,,0.0,Agressivo,Pitcairn Islands
43124,Google Ads,2023-11-02,Não Convertido,,0.0,Moderado,Reunion
43125,TikTok,2023-11-03,Não Convertido,,0.0,Agressivo,Pakistan
43126,TikTok,2023-11-04,Não Convertido,,0.0,Conservador,Antigua and Barbuda
43127,Google Ads,2023-11-01,Não Convertido,,0.0,Moderado,Kuwait
43128,Instagram,2023-11-03,Não Convertido,,0.0,Desconhecido,Montserrat
43129,Orgânico,2023-11-02,Não Convertido,,0.0,Conservador,Nepal
43130,Orgânico,2023-11-03,Não Convertido,,0.0,Moderado,Malawi
43131,Google Ads,2023-10-30,Não Convertido,,0.0,Desconhecido,Niger
43132,Indicação,2023-11-01,Não Convertido,,0.0,Agressivo,France
43133,Orgânico,2023-10-30,Não Convertido,,0.0,Conservador,Burundi
43134,E-mail Marketing,2023-10-30,Não Convertido,,0.0,Desconhecido,Antarctica (the territory South of 60 deg S)
43135,WhatsApp,2023-11-03,Não Convertido,,0.0,Conservador,Kuwait
43136,Indicação,2023-11-02,Não Convertido,,0.0,Agressivo,Lao People's Democratic Republic
43137,Instagram,2023-11-01,Não Convertido,,0.0,Agressivo,Luxembourg
43138,Instagram,2023-11-04,Não Convertido,,0.0,Conservador,Kiribati
43139,Instagram,2023-11-04,Não Convertido,,0.0,Moderado,Malaysia
43140,Instagram,2023-11-02,Não Convertido,,0.0,Conservador,Saint Helena
43141,TikTok,2023-11-03,Não Convertido,,0.0,Conservador,Honduras
43142,Facebook,2023-11-01,Não Convertido,,0.0,Moderado,El Salvador
43143,TikTok,2023-11-02,Não Convertido,,0.0,Moderado,United States Virgin Islands
43144,TikTok,2023-10-31,Não Convertido,,0.0,Agressivo,Azerbaijan
43145,WhatsApp,2023-11-03,Não Convertido,,0.0,Moderado,Kenya
43146,Indicação,2023-11-01,Não Convertido,,0.0,Conservador,Costa Rica
43147,YouTube Ads,2023-11-01,Não Convertido,,0.0,Desconhecido,Qatar
43148,Facebook,2023-11-04,Não Convertido,,0.0,Moderado,Macao
43149,Instagram,2023-10-30,Não Convertido,,0.0,Conservador,Turkey
43150,YouTube Ads,2023-10-30,Não Convertido,,0.0,Moderado,India
43151,Orgânico,2023-10-31,Não Convertido,,0.0,Moderado,Suriname
43152,Orgânico,2023-10-30,Não Convertido,,0.0,Moderado,Belarus
43153,TikTok,2023-10-31,Não Convertido,,0.0,Conservador,Colombia
43154,Orgânico,2023-10-30,Não Convertido,,0.0,Agressivo,New Caledonia
43155,WhatsApp,2023-11-01,Não Convertido,,0.0,Agressivo,Niger
43156,Google Ads,2023-11-02,Não Convertido,,0.0,Conservador,Niger
43157,WhatsApp,2023-11-04,Não Convertido,,0.0,Moderado,United Kingdom
43158,Instagram,2023-11-02,Não Convertido,,0.0,Moderado,France
43159,Orgânico,2023-10-31,Convertido,21.0,1176.74,Agressivo,Bahamas
43160,Instagram,2023-11-04,Não Convertido,,0.0,Conservador,Poland
43161,Orgânico,2023-10-30,Não Convertido,,0.0,Moderado,Niue
43162,WhatsApp,2023-11-02,Não Convertido,,0.0,Moderado,Tanzania
43163,E-mail Marketing,2023-11-02,Não Convertido,,0.0,Conservador,Afghanistan
43164,Facebook,2023-11-03,Não Convertido,,0.0,Conservador,Ukraine
43165,Google Ads,2023-11-04,Não Convertido,,0.0,Moderado,Lithuania
43166,Orgânico,2023-11-01,Não Convertido,,0.0,Moderado,Mali
43167,Instagram,2023-11-02,Não Convertido,,0.0,Moderado,El Salvador
43168,Instagram,2023-11-02,Não Convertido,,0.0,Conservador,Guinea-Bissau
43169,Facebook,2023-10-30,Não Convertido,,0.0,Moderado,United States Minor Outlying Islands
43170,Instagram,2023-10-30,Não Convertido,,0.0,Moderado,France
43171,TikTok,2023-10-31,Não Convertido,,0.0,Moderado,Nigeria
43172,Instagram,2023-10-30,Não Convertido,,0.0,Moderado,Niue
43173,TikTok,2023-10-31,Não Convertido,,0.0,Conservador,Lao People's Democratic Republic
43174,Google Ads,2023-10-31,Não Convertido,,0.0,Desconhecido,Armenia
43175,TikTok,2023-10-30,Não Convertido,,0.0,Agressivo,Poland
43176,WhatsApp,2023-11-04,Não Convertido,,0.0,Agressivo,Kazakhstan
43177,Indicação,2023-11-02,Não Convertido,,0.0,Desconhecido,Cote d'Ivoire
43178,Facebook,2023-11-01,Não Convertido,,0.0,Desconhecido,Svalbard & Jan Mayen Islands
43179,YouTube Ads,2023-11-02,Não Convertido,,0.0,Agressivo,Svalbard & Jan Mayen Islands
43180,TikTok,2023-11-04,Não Convertido,,0.0,Moderado,Philippines
43181,Indicação,2023-11-02,Não Convertido,,0.0,Agressivo,Kenya
43182,Indicação,2023-10-31,Não Convertido,,0.0,Desconhecido,Japan
43183,Indicação,2023-10-31,Convertido,11.0,5848.49,Moderado,Palau
43184,Instagram,2023-11-04,Não Convertido,,0.0,Moderado,Namibia
43185,Orgânico,2023-11-02,Não Convertido,,0.0,Agressivo,Saint Martin
43186,Orgânico,2023-11-03,Não Convertido,,0.0,Agressivo,Venezuela
43187,E-mail Marketing,2023-10-30,Não Convertido,,0.0,Moderado,Iraq
43188,Google Ads,2023-10-31,Não Convertido,,0.0,Agressivo,Belgium
43189,Google Ads,2023-11-03,Não Convertido,,0.0,Desconhecido,New Caledonia
43190,E-mail Marketing,2023-11-02,Não Convertido,,0.0,Moderado,Paraguay
43191,Orgânico,2023-11-04,Não Convertido,,0.0,Agressivo,Vanuatu
43192,Orgânico,2023-10-31,Não Convertido,,0.0,Moderado,Djibouti
43193,Orgânico,2023-11-02,Não Convertido,,0.0,Moderado,Anguilla
43194,E-mail Marketing,2023-10-31,Não Convertido,,0.0,Moderado,Belize
43195,Orgânico,2023-11-02,Não Convertido,,0.0,Moderado,Pakistan
43196,TikTok,2023-11-04,Não Convertido,,0.0,Agressivo,Puerto Rico
43197,Instagram,2023-11-02,Não Convertido,,0.0,Agressivo,Niue
43198,TikTok,2023-11-03,Não Convertido,,0.0,Agressivo,Uzbekistan
43199,Orgânico,2023-11-04,Não Convertido,,0.0,Moderado,British Virgin Islands
43200,Indicação,2023-10-30,Não Convertido,,0.0,Moderado,Kazakhstan
43201,Google Ads,2023-10-31,Não Convertido,,0.0,Agressivo,Israel
43202,Indicação,2023-11-03,Não Convertido,,0.0,Conservador,Spain
43203,Facebook,2023-10-31,Não Convertido,,0.0,Moderado,Central African Republic
43204,Instagram,2023-10-31,Não Convertido,,0.0,Moderado,Guadeloupe
43205,TikTok,2023-11-02,Convertido,0.0,4904.45,Moderado,Kuwait
43206,Instagram,2023-10-30,Não Convertido,,0.0,Moderado,France
43207,Google Ads,2023-11-04,Não Convertido,,0.0,Moderado,Jordan
43208,Instagram,2023-11-02,Não Convertido,,0.0,Moderado,Liberia
43209,Orgânico,2023-10-30,Convertido,25.0,2706.74,Agressivo,Grenada
43210,YouTube Ads,2023-10-31,Não Convertido,,0.0,Desconhecido,Papua New Guinea
43211,YouTube Ads,2023-11-02,Não Convertido,,0.0,Conservador,New Caledonia
43212,YouTube Ads,2023-11-03,Não Convertido,,0.0,Agressivo,Faroe Islands
43213,Google Ads,2023-11-03,Não Convertido,,0.0,Moderado,Luxembourg
43214,Google Ads,2023-11-03,Não Convertido,,0.0,Moderado,Andorra
43215,Instagram,2023-11-03,Convertido,27.0,6049.29,Agressivo,Saint Lucia
43216,YouTube Ads,2023-11-04,Não Convertido,,0.0,Moderado,Azerbaijan
43217,Google Ads,2023-11-03,Não Convertido,,0.0,Conservador,Sweden
43218,Facebook,2023-10-31,Não Convertido,,0.0,Conservador,Tonga
43219,Facebook,2023-10-30,Não Convertido,,0.0,Agressivo,Western Sahara
43220,Indicação,2023-10-31,Não Convertido,,0.0,Agressivo,Kiribati
43221,Facebook,2023-11-01,Não Convertido,,0.0,Desconhecido,Costa Rica
43222,Orgânico,2023-11-02,Não Convertido,,0.0,Agressivo,Puerto Rico
43223,Instagram,2023-11-04,Não Convertido,,0.0,Agressivo,Kiribati
43224,Facebook,2023-10-30,Não Convertido,,0.0,Agressivo,Moldova
43225,Instagram,2023-11-01,Não Convertido,,0.0,Agressivo,Micronesia
43226,Facebook,2023-11-04,Não Convertido,,0.0,Conservador,Martinique
43227,Facebook,2023-11-03,Não Convertido,,0.0,Agressivo,Philippines
43228,Instagram,2023-10-31,Não Convertido,,0.0,Conservador,Belarus
43229,Indicação,2023-11-02,Não Convertido,,0.0,Agressivo,Qatar
43230,Google Ads,2023-10-31,Não Convertido,,0.0,Agressivo,Croatia
43231,Orgânico,2023-10-30,Não Convertido,,0.0,Agressivo,Romania
43232,WhatsApp,2023-11-02,Não Convertido,,0.0,Conservador,Yemen
43233,TikTok,2023-11-02,Não Convertido,,0.0,Moderado,Svalbard & Jan Mayen Islands
43234,Orgânico,2023-10-30,Convertido,1.0,2050.14,Agressivo,Cape Verde
43235,E-mail Marketing,2023-11-03,Não Convertido,,0.0,Agressivo,Cocos (Keeling) Islands
43236,WhatsApp,2023-11-04,Não Convertido,,0.0,Moderado,Holy See (Vatican City State)
43237,TikTok,2023-11-01,Não Convertido,,0.0,Agressivo,Nigeria
43238,TikTok,2023-11-02,Não Convertido,,0.0,Moderado,Faroe Islands
43239,Google Ads,2023-10-30,Não Convertido,,0.0,Moderado,Rwanda
43240,Orgânico,2023-11-04,Convertido,20.0,7341.79,Moderado,Somalia
43241,E-mail Marketing,2023-11-02,Não Convertido,,0.0,Agressivo,Eritrea
43242,YouTube Ads,2023-11-02,Não Convertido,,0.0,Moderado,Azerbaijan
43243,Instagram,2023-10-30,Não Convertido,,0.0,Moderado,Angola
43244,Facebook,2023-11-02,Não Convertido,,0.0,Conservador,United States Minor Outlying Islands
43245,Instagram,2023-11-03,Não Convertido,,0.0,Conservador,Bermuda
43246,WhatsApp,2023-10-30,Não Convertido,,0.0,Agressivo,Guinea-Bissau
43247,Google Ads,2023-11-03,Não Convertido,,0.0,Moderado,Isle of Man
43248,WhatsApp,2023-10-30,Não Convertido,,0.0,Agressivo,Albania
43249,YouTube Ads,2023-11-03,Não Convertido,,0.0,Conservador,Ecuador
43250,YouTube Ads,2023-10-31,Não Convertido,,0.0,Agressivo,Panama
43251,Orgânico,2023-10-31,Não Convertido,,0.0,Moderado,Cameroon
43252,WhatsApp,2023-11-02,Não Convertido,,0.0,Agressivo,Vietnam
43253,WhatsApp,2023-11-03,Não Convertido,,0.0,Moderado,Myanmar
43254,Instagram,2023-10-31,Não Convertido,,0.0,Moderado,Ireland
43255,TikTok,2023-11-04,Não Convertido,,0.0,Moderado,Ecuador
43256,WhatsApp,2023-11-02,Não Convertido,,0.0,Conservador,Guinea
43257,YouTube Ads,2023-10-31,Não Convertido,,0.0,Agressivo,Northern Mariana Islands
43258,TikTok,2023-11-01,Não Convertido,,0.0,Agressivo,Honduras
43259,Google Ads,2023-10-31,Não Convertido,,0.0,Desconhecido,Turkey
43260,Google Ads,2023-10-30,Não Convertido,,0.0,Agressivo,Morocco
43261,Orgânico,2023-10-31,Não Convertido,,0.0,Agressivo,Reunion
43262,Instagram,2023-11-04,Não Convertido,,0.0,Conservador,Cook Islands
43263,TikTok,2023-11-02,Não Convertido,,0.0,Moderado,Nepal
43264,TikTok,2023-11-01,Não Convertido,,0.0,Desconhecido,Tonga
43265,TikTok,2023-10-31,Não Convertido,,0.0,Desconhecido,French Southern Territories
43266,Facebook,2023-11-02,Convertido,30.0,2404.96,Moderado,Austria
43267,E-mail Marketing,2023-10-30,Não Convertido,,0.0,Moderado,New Zealand
43268,Facebook,2023-11-02,Não Convertido,,0.0,Agressivo,Cambodia
43269,E-mail Marketing,2023-10-31,Não Convertido,,0.0,Desconhecido,Puerto Rico
43270,Indicação,2023-11-01,Não Convertido,,0.0,Moderado,Bermuda
43271,YouTube Ads,2023-11-04,Não Convertido,,0.0,Moderado,Isle of Man
43272,E-mail Marketing,2023-10-31,Não Convertido,,0.0,Agressivo,Antarctica (the territory South of 60 deg S)
43273,Orgânico,2023-11-04,Não Convertido,,0.0,Agressivo,Uruguay
43274,Orgânico,2023-11-02,Não Convertido,,0.0,Conservador,Georgia
43275,TikTok,2023-11-04,Não Convertido,,0.0,Moderado,Eritrea
43276,Instagram,2023-11-01,Não Convertido,,0.0,Moderado,Algeria
43277,Facebook,2023-10-31,Não Convertido,,0.0,Conservador,Suriname
43278,TikTok,2023-11-01,Não Convertido,,0.0,Agressivo,Dominica
43279,E-mail Marketing,2023-11-03,Não Convertido,,0.0,Agressivo,Kenya
43280,WhatsApp,2023-11-04,Não Convertido,,0.0,Agressivo,Seychelles
43281,Facebook,2023-11-04,Não Convertido,,0.0,Moderado,Slovenia
43282,TikTok,2023-11-04,Não Convertido,,0.0,Agressivo,Spain
43283,TikTok,2023-11-02,Não Convertido,,0.0,Moderado,Saint Vincent and the Grenadines
43284,E-mail Marketing,2023-11-04,Não Convertido,,0.0,Moderado,Wallis and Futuna
43285,TikTok,2023-11-01,Não Convertido,,0.0,Moderado,Japan
43286,Indicação,2023-11-04,Não Convertido,,0.0,Moderado,Norway
43287,E-mail Marketing,2023-11-02,Não Convertido,,0.0,Conservador,French Guiana
43288,Instagram,2023-11-02,Não Convertido,,0.0,Moderado,Heard Island and McDonald Islands
43289,Orgânico,2023-11-03,Não Convertido,,0.0,Desconhecido,Albania
43290,TikTok,2023-11-03,Não Convertido,,0.0,Conservador,Mexico
43291,Google Ads,2023-11-02,Não Convertido,,0.0,Desconhecido,Indonesia
43292,Indicação,2023-11-02,Não Convertido,,0.0,Conservador,Cayman Islands
43293,Orgânico,2023-11-01,Convertido,27.0,4182.5,Conservador,Nicaragua
43294,E-mail Marketing,2023-11-01,Não Convertido,,0.0,Conservador,Reunion
43295,YouTube Ads,2023-10-31,Não Convertido,,0.0,Agressivo,Belgium
43296,E-mail Marketing,2023-11-04,Não Convertido,,0.0,Agressivo,Mexico
43297,Orgânico,2023-11-02,Não Convertido,,0.0,Desconhecido,Malaysia
43298,Orgânico,2023-11-04,Não Convertido,,0.0,Moderado,Anguilla
43299,TikTok,2023-10-31,Não Convertido,,0.0,Agressivo,Argentina
43300,Orgânico,2023-11-01,Não Convertido,,0.0,Agressivo,Greece
43301,YouTube Ads,2023-11-03,Não Convertido,,0.0,Desconhecido,Netherlands
43302,TikTok,2023-11-01,Não Convertido,,0.0,Conservador,United Arab Emirates
43303,Instagram,2023-11-03,Não Convertido,,0.0,Agressivo,Seychelles
43304,YouTube Ads,2023-11-01,Não Convertido,,0.0,Conservador,Austria
43305,Indicação,2023-10-31,Não Convertido,,0.0,Conservador,Mongolia
43306,E-mail Marketing,2023-11-01,Não Convertido,,0.0,Moderado,North Macedonia
43307,Facebook,2023-10-30,Não Convertido,,0.0,Agressivo,Saint Pierre and Miquelon
43308,TikTok,2023-11-04,Não Convertido,,0.0,Moderado,Grenada
43309,Orgânico,2023-10-30,Não Convertido,,0.0,Conservador,Zambia
43310,E-mail Marketing,2023-11-04,Não Convertido,,0.0,Desconhecido,Brazil
43311,Google Ads,2023-11-03,Não Convertido,,0.0,Conservador,Egypt
43312,E-mail Marketing,2023-10-30,Não Convertido,,0.0,Moderado,South Georgia and the South Sandwich Islands
43313,Instagram,2023-11-03,Não Convertido,,0.0,Conservador,Northern Mariana Islands
43314,Facebook,2023-10-31,Não Convertido,,0.0,Moderado,Jamaica
43315,YouTube Ads,2023-10-30,Não Convertido,,0.0,Agressivo,Mozambique
43316,Instagram,2023-11-04,Não Convertido,,0.0,Moderado,Timor-Leste
43317,Instagram,2023-10-30,Não Convertido,,0.0,Agressivo,Timor-Leste
43318,Facebook,2023-11-01,Não Convertido,,0.0,Conservador,Kuwait
43319,E-mail Marketing,2023-11-03,Não Convertido,,0.0,Agressivo,Norway
43320,E-mail Marketing,2023-11-04,Não Convertido,,0.0,Conservador,Luxembourg
43321,E-mail Marketing,2023-11-04,Não Convertido,,0.0,Moderado,Saint Lucia
43322,E-mail Marketing,2023-11-01,Não Convertido,,0.0,Desconhecido,Guadeloupe
43323,WhatsApp,2023-11-01,Não Convertido,,0.0,Moderado,Samoa
43324,TikTok,2023-11-01,Não Convertido,,0.0,Moderado,Maldives
43325,WhatsApp,2023-10-31,Não Convertido,,0.0,Conservador,Iran
43326,Instagram,2023-10-31,Não Convertido,,0.0,Conservador,Croatia
43327,Indicação,2023-11-03,Não Convertido,,0.0,Conservador,Ghana
43328,Instagram,2023-11-03,Não Convertido,,0.0,Moderado,Myanmar
43329,Orgânico,2023-11-02,Não Convertido,,0.0,Moderado,Pakistan
43330,E-mail Marketing,2023-11-01,Não Convertido,,0.0,Agressivo,Vanuatu
43331,WhatsApp,2023-11-01,Não Convertido,,0.0,Desconhecido,Benin
43332,Facebook,2023-10-30,Não Convertido,,0.0,Moderado,Antarctica (the territory South of 60 deg S)
43333,Google Ads,2023-11-04,Não Convertido,,0.0,Agressivo,Benin
43334,Facebook,2023-10-30,Não Convertido,,0.0,Conservador,Uruguay
43335,Facebook,2023-11-01,Não Convertido,,0.0,Moderado,Aruba
43336,Instagram,2023-11-02,Não Convertido,,0.0,Moderado,Barbados
43337,Orgânico,2023-10-30,Não Convertido,,0.0,Moderado,Anguilla
43338,Instagram,2023-10-30,Não Convertido,,0.0,Agressivo,Micronesia
43339,YouTube Ads,2023-11-04,Não Convertido,,0.0,Moderado,Kyrgyz Republic
43340,YouTube Ads,2023-11-03,Não Convertido,,0.0,Desconhecido,New Zealand
43341,WhatsApp,2023-11-01,Não Convertido,,0.0,Agressivo,Isle of Man
43342,YouTube Ads,2023-11-02,Não Convertido,,0.0,Agressivo,North Macedonia
43343,TikTok,2023-10-30,Não Convertido,,0.0,Agressivo,Hong Kong
43344,Facebook,2023-10-31,Não Convertido,,0.0,Agressivo,Slovakia (Slovak Republic)
43345,Instagram,2023-11-01,Não Convertido,,0.0,Moderado,Nauru
43346,Orgânico,2023-10-30,Não Convertido,,0.0,Moderado,Chile
43347,Orgânico,2023-11-04,Não Convertido,,0.0,Agressivo,Maldives
43348,Instagram,2023-11-04,Não Convertido,,0.0,Conservador,Guernsey
43349,TikTok,2023-10-31,Não Convertido,,0.0,Moderado,Ukraine
43350,Instagram,2023-10-31,Não Convertido,,0.0,Moderado,Zimbabwe
43351,E-mail Marketing,2023-11-01,Convertido,27.0,4869.24,Moderado,Tuvalu
43352,WhatsApp,2023-11-02,Não Convertido,,0.0,Conservador,Sweden
43353,Instagram,2023-10-31,Não Convertido,,0.0,Agressivo,Malta
43354,E-mail Marketing,2023-11-01,Não Convertido,,0.0,Conservador,Oman
43355,Google Ads,2023-11-03,Não Convertido,,0.0,Conservador,Chile
43356,Orgânico,2023-11-04,Não Convertido,,0.0,Conservador,Ukraine
43357,E-mail Marketing,2023-11-04,Não Convertido,,0.0,Desconhecido,Bhutan
43358,Orgânico,2023-11-01,Não Convertido,,0.0,Moderado,Mongolia
43359,Facebook,2023-11-04,Não Convertido,,0.0,Moderado,Albania
43360,Orgânico,2023-11-04,Não Convertido,,0.0,Conservador,Lesotho
43361,WhatsApp,2023-10-30,Não Convertido,,0.0,Agressivo,Haiti
43362,TikTok,2023-11-03,Não Convertido,,0.0,Agressivo,Saint Helena
43363,Indicação,2023-11-04,Não Convertido,,0.0,Desconhecido,Ethiopia
43364,Facebook,2023-10-30,Não Convertido,,0.0,Agressivo,Ethiopia
43365,E-mail Marketing,2023-11-03,Não Convertido,,0.0,Conservador,Zimbabwe
43366,Orgânico,2023-10-30,Não Convertido,,0.0,Moderado,Gabon
43367,Google Ads,2023-11-04,Não Convertido,,0.0,Moderado,Norfolk Island
43368,Facebook,2023-11-03,Não Convertido,,0.0,Conservador,Switzerland
43369,Facebook,2023-10-31,Não Convertido,,0.0,Moderado,Poland
43370,YouTube Ads,2023-10-31,Não Convertido,,0.0,Agressivo,Cyprus
43371,TikTok,2023-11-04,Não Convertido,,0.0,Desconhecido,Palau
43372,Facebook,2023-10-31,Não Convertido,,0.0,Agressivo,Libyan Arab Jamahiriya
43373,TikTok,2023-11-03,Não Convertido,,0.0,Conservador,Cote d'Ivoire
43374,Facebook,2023-11-04,Não Convertido,,0.0,Agressivo,Estonia
43375,Orgânico,2023-11-02,Não Convertido,,0.0,Desconhecido,El Salvador
43376,Orgânico,2023-11-04,Não Convertido,,0.0,Moderado,Comoros
43377,Facebook,2023-11-03,Não Convertido,,0.0,Desconhecido,Thailand
43378,Facebook,2023-11-03,Não Convertido,,0.0,Desconhecido,Palestinian Territory
43379,YouTube Ads,2023-11-04,Não Convertido,,0.0,Moderado,Lebanon
43380,Orgânico,2023-11-04,Não Convertido,,0.0,Moderado,Saint Helena
43381,Instagram,2023-11-03,Não Convertido,,0.0,Moderado,Zambia
43382,Instagram,2023-10-31,Não Convertido,,0.0,Agressivo,United States Virgin Islands
43383,Facebook,2023-10-30,Não Convertido,,0.0,Desconhecido,Wallis and Futuna
43384,Google Ads,2023-11-02,Não Convertido,,0.0,Conservador,Norway
43385,WhatsApp,2023-11-02,Não Convertido,,0.0,Agressivo,French Polynesia
43386,Instagram,2023-11-03,Não Convertido,,0.0,Desconhecido,Heard Island and McDonald Islands
43387,YouTube Ads,2023-11-04,Não Convertido,,0.0,Moderado,Sao Tome and Principe
43388,YouTube Ads,2023-11-01,Não Convertido,,0.0,Agressivo,British Indian Ocean Territory (Chagos Archipelago)
43389,E-mail Marketing,2023-11-03,Não Convertido,,0.0,Agressivo,Australia
43390,Instagram,2023-10-31,Não Convertido,,0.0,Agressivo,Egypt
43391,Facebook,2023-11-03,Não Convertido,,0.0,Agressivo,Netherlands Antilles
43392,TikTok,2023-11-04,Não Convertido,,0.0,Moderado,Montserrat
43393,WhatsApp,2023-11-03,Não Convertido,,0.0,Moderado,Bouvet Island (Bouvetoya)
43394,Google Ads,2023-11-04,Não Convertido,,0.0,Agressivo,Fiji
43395,Google Ads,2023-10-31,Não Convertido,,0.0,Moderado,Hungary
43396,Google Ads,2023-11-04,Não Convertido,,0.0,Conservador,Georgia
43397,Instagram,2023-10-31,Não Convertido,,0.0,Agressivo,Netherlands Antilles
43398,Orgânico,2023-10-31,Não Convertido,,0.0,Conservador,Chile
43399,Orgânico,2023-10-30,Não Convertido,,0.0,Moderado,Lebanon
43400,Orgânico,2023-11-02,Não Convertido,,0.0,Conservador,Aruba
43401,Orgânico,2023-10-31,Não Convertido,,0.0,Conservador,Ireland
43402,Orgânico,2023-11-02,Não Convertido,,0.0,Moderado,Mozambique
43403,Instagram,2023-11-04,Não Convertido,,0.0,Desconhecido,Cambodia
43404,Google Ads,2023-10-30,Não Convertido,,0.0,Desconhecido,Benin
43405,TikTok,2023-11-04,Não Convertido,,0.0,Moderado,Slovenia
43406,Facebook,2023-11-04,Não Convertido,,0.0,Moderado,Norway
43407,TikTok,2023-11-04,Não Convertido,,0.0,Moderado,Cote d'Ivoire
43408,Orgânico,2023-11-02,Não Convertido,,0.0,Agressivo,Aruba
43409,E-mail Marketing,2023-11-02,Não Convertido,,0.0,Agressivo,Burundi
43410,WhatsApp,2023-11-01,Não Convertido,,0.0,Moderado,Sao Tome and Principe
43411,Instagram,2023-10-30,Não Convertido,,0.0,Moderado,Burundi
43412,Google Ads,2023-10-30,Não Convertido,,0.0,Agressivo,Dominica
43413,TikTok,2023-11-01,Não Convertido,,0.0,Conservador,Canada
43414,E-mail Marketing,2023-11-03,Não Convertido,,0.0,Moderado,Zambia
43415,TikTok,2023-10-30,Não Convertido,,0.0,Agressivo,Argentina
43416,Orgânico,2023-11-03,Não Convertido,,0.0,Conservador,Saint Kitts and Nevis
43417,WhatsApp,2023-11-03,Não Convertido,,0.0,Moderado,Korea
43418,TikTok,2023-11-02,Não Convertido,,0.0,Moderado,Ireland
43419,YouTube Ads,2023-11-04,Não Convertido,,0.0,Agressivo,Ireland
43420,E-mail Marketing,2023-11-01,Não Convertido,,0.0,Moderado,France
43421,Indicação,2023-11-02,Não Convertido,,0.0,Moderado,Hungary
43422,WhatsApp,2023-11-02,Não Convertido,,0.0,Agressivo,Bosnia and Herzegovina
43423,TikTok,2023-11-02,Não Convertido,,0.0,Agressivo,Antigua and Barbuda
43424,Instagram,2023-11-02,Não Convertido,,0.0,Agressivo,Mayotte
43425,Google Ads,2023-11-01,Não Convertido,,0.0,Agressivo,Tanzania
43426,WhatsApp,2023-11-02,Não Convertido,,0.0,Agressivo,Guinea-Bissau
43427,Google Ads,2023-10-30,Não Convertido,,0.0,Moderado,Taiwan
43428,Facebook,2023-10-30,Não Convertido,,0.0,Moderado,British Indian Ocean Territory (Chagos Archipelago)
43429,Google Ads,2023-11-04,Convertido,13.0,2743.21,Moderado,Ethiopia
43430,TikTok,2023-10-31,Não Convertido,,0.0,Moderado,Solomon Islands
43431,YouTube Ads,2023-10-31,Não Convertido,,0.0,Agressivo,Guadeloupe
43432,Orgânico,2023-11-04,Não Convertido,,0.0,Agressivo,Lithuania
43433,E-mail Marketing,2023-10-30,Não Convertido,,0.0,Moderado,Guam
43434,Orgânico,2023-11-01,Não Convertido,,0.0,Moderado,Cocos (Keeling) Islands
43435,Instagram,2023-11-04,Não Convertido,,0.0,Agressivo,Brazil
43436,Facebook,2023-11-03,Não Convertido,,0.0,Agressivo,Jamaica
43437,TikTok,2023-11-01,Não Convertido,,0.0,Agressivo,Nigeria
43438,TikTok,2023-10-30,Não Convertido,,0.0,Conservador,Ireland
43439,Facebook,2023-11-03,Não Convertido,,0.0,Conservador,Slovenia
43440,E-mail Marketing,2023-10-30,Não Convertido,,0.0,Moderado,Germany
43441,TikTok,2023-10-31,Não Convertido,,0.0,Moderado,Mozambique
43442,Orgânico,2023-11-01,Não Convertido,,0.0,Moderado,French Southern Territories
43443,Facebook,2023-11-02,Não Convertido,,0.0,Conservador,Sao Tome and Principe
43444,E-mail Marketing,2023-11-04,Não Convertido,,0.0,Moderado,Lao People's Democratic Republic
43445,Google Ads,2023-11-01,Não Convertido,,0.0,Desconhecido,Grenada
43446,Instagram,2023-10-31,Não Convertido,,0.0,Moderado,Saint Lucia
43447,Instagram,2023-11-03,Não Convertido,,0.0,Conservador,Botswana
43448,Instagram,2023-10-31,Não Convertido,,0.0,Conservador,Liberia
43449,Orgânico,2023-11-04,Não Convertido,,0.0,Agressivo,Turkey
43450,Google Ads,2023-11-03,Não Convertido,,0.0,Conservador,Azerbaijan
43451,Google Ads,2023-11-04,Não Convertido,,0.0,Moderado,Haiti
43452,WhatsApp,2023-11-01,Não Convertido,,0.0,Moderado,Grenada
43453,Instagram,2023-11-02,Não Convertido,,0.0,Agressivo,South Africa
43454,Facebook,2023-10-30,Não Convertido,,0.0,Moderado,Jersey
43455,TikTok,2023-10-31,Não Convertido,,0.0,Moderado,Malta
43456,TikTok,2023-11-03,Não Convertido,,0.0,Desconhecido,Portugal
43457,Facebook,2023-10-31,Não Convertido,,0.0,Moderado,Cameroon
43458,E-mail Marketing,2023-11-02,Não Convertido,,0.0,Agressivo,Israel
43459,E-mail Marketing,2023-11-02,Não Convertido,,0.0,Desconhecido,Philippines
43460,Instagram,2023-10-30,Não Convertido,,0.0,Agressivo,Mayotte
43461,E-mail Marketing,2023-11-03,Não Convertido,,0.0,Moderado,Argentina
43462,YouTube Ads,2023-11-02,Não Convertido,,0.0,Agressivo,Colombia
43463,Facebook,2023-11-02,Não Convertido,,0.0,Moderado,Peru
43464,Instagram,2023-11-04,Não Convertido,,0.0,Agressivo,Saint Vincent and the Grenadines
43465,Facebook,2023-10-31,Não Convertido,,0.0,Moderado,Georgia
43466,WhatsApp,2023-11-04,Não Convertido,,0.0,Moderado,New Caledonia
43467,TikTok,2023-11-01,Não Convertido,,0.0,Agressivo,Brazil
43468,WhatsApp,2023-11-02,Não Convertido,,0.0,Conservador,Sao Tome and Principe
43469,YouTube Ads,2023-11-03,Não Convertido,,0.0,Agressivo,Guam
43470,Orgânico,2023-11-04,Não Convertido,,0.0,Desconhecido,Vietnam
43471,Facebook,2023-11-01,Não Convertido,,0.0,Conservador,Somalia
43472,Orgânico,2023-11-03,Não Convertido,,0.0,Agressivo,Belize
43473,Instagram,2023-10-30,Não Convertido,,0.0,Agressivo,Cuba
43474,Orgânico,2023-11-01,Não Convertido,,0.0,Moderado,Cyprus
43475,TikTok,2023-11-03,Não Convertido,,0.0,Moderado,Bermuda
43476,TikTok,2023-11-04,Convertido,12.0,9943.88,Moderado,Singapore
43477,Google Ads,2023-11-04,Não Convertido,,0.0,Moderado,Romania
43478,WhatsApp,2023-11-04,Não Convertido,,0.0,Moderado,Zambia
43479,Orgânico,2023-11-01,Não Convertido,,0.0,Conservador,Seychelles
43480,TikTok,2023-11-01,Não Convertido,,0.0,Moderado,Guatemala
43481,Orgânico,2023-10-31,Não Convertido,,0.0,Agressivo,Turkmenistan
43482,YouTube Ads,2023-10-30,Não Convertido,,0.0,Moderado,Montserrat
43483,E-mail Marketing,2023-11-04,Não Convertido,,0.0,Moderado,British Indian Ocean Territory (Chagos Archipelago)
43484,E-mail Marketing,2023-11-04,Não Convertido,,0.0,Conservador,Philippines
43485,E-mail Marketing,2023-11-03,Não Convertido,,0.0,Moderado,Seychelles
43486,WhatsApp,2023-11-01,Não Convertido,,0.0,Moderado,Burkina Faso
43487,Facebook,2023-11-04,Não Convertido,,0.0,Moderado,Latvia
43488,Orgânico,2023-10-31,Não Convertido,,0.0,Moderado,Micronesia
43489,Google Ads,2023-10-30,Não Convertido,,0.0,Conservador,Suriname
43490,Indicação,2023-11-02,Não Convertido,,0.0,Moderado,Bangladesh
43491,Orgânico,2023-10-31,Não Convertido,,0.0,Moderado,Guernsey
43492,Facebook,2023-11-04,Não Convertido,,0.0,Agressivo,Iran
43493,Instagram,2023-11-01,Não Convertido,,0.0,Conservador,Guatemala
43494,Orgânico,2023-11-02,Não Convertido,,0.0,Conservador,Chad
43495,Orgânico,2023-11-01,Convertido,21.0,3641.72,Moderado,Nauru
43496,Instagram,2023-11-03,Não Convertido,,0.0,Moderado,Falkland Islands (Malvinas)
43497,Orgânico,2023-11-02,Não Convertido,,0.0,Desconhecido,Rwanda
43498,Instagram,2023-11-02,Não Convertido,,0.0,Desconhecido,Comoros
43499,WhatsApp,2023-11-04,Não Convertido,,0.0,Conservador,Turks and Caicos Islands
43500,TikTok,2023-11-04,Convertido,27.0,5605.97,Agressivo,Saint Helena
43501,Orgânico,2023-11-01,Não Convertido,,0.0,Moderado,Liberia
43502,Instagram,2023-11-03,Não Convertido,,0.0,Moderado,Cyprus
43503,Google Ads,2023-11-04,Não Convertido,,0.0,Conservador,Cocos (Keeling) Islands
43504,Indicação,2023-10-31,Não Convertido,,0.0,Conservador,Belize
43505,Orgânico,2023-10-31,Não Convertido,,0.0,Moderado,Austria
43506,TikTok,2023-10-31,Não Convertido,,0.0,Desconhecido,Liberia
43507,Facebook,2023-11-01,Não Convertido,,0.0,Moderado,Marshall Islands
43508,Google Ads,2023-10-31,Não Convertido,,0.0,Agressivo,Brunei Darussalam
43509,Instagram,2023-11-04,Não Convertido,,0.0,Agressivo,Greece
43510,Google Ads,2023-10-31,Não Convertido,,0.0,Moderado,Liberia
43511,Instagram,2023-11-02,Não Convertido,,0.0,Desconhecido,Libyan Arab Jamahiriya
43512,Facebook,2023-10-30,Não Convertido,,0.0,Conservador,Mexico
43513,YouTube Ads,2023-10-30,Não Convertido,,0.0,Conservador,Russian Federation
43514,Orgânico,2023-11-01,Não Convertido,,0.0,Agressivo,Liberia
43515,TikTok,2023-10-30,Não Convertido,,0.0,Desconhecido,Panama
43516,Instagram,2023-11-01,Não Convertido,,0.0,Agressivo,Ireland
43517,Facebook,2023-10-30,Não Convertido,,0.0,Moderado,Guatemala
43518,TikTok,2023-11-02,Não Convertido,,0.0,Agressivo,Zimbabwe
43519,YouTube Ads,2023-11-01,Não Convertido,,0.0,Conservador,Nauru
43520,Instagram,2023-11-02,Não Convertido,,0.0,Moderado,Ghana
43521,Instagram,2023-11-03,Não Convertido,,0.0,Moderado,Syrian Arab Republic
43522,Google Ads,2023-11-02,Não Convertido,,0.0,Agressivo,Maldives
43523,Instagram,2023-10-31,Não Convertido,,0.0,Agressivo,Liechtenstein
43524,Instagram,2023-11-02,Não Convertido,,0.0,Conservador,Croatia
43525,TikTok,2023-11-01,Não Convertido,,0.0,Moderado,Cyprus
43526,Instagram,2023-11-01,Não Convertido,,0.0,Desconhecido,Austria
43527,YouTube Ads,2023-10-31,Não Convertido,,0.0,Agressivo,Niue
43528,Instagram,2023-10-30,Não Convertido,,0.0,Moderado,Sao Tome and Principe
43529,TikTok,2023-11-03,Não Convertido,,0.0,Moderado,Zimbabwe
43530,Orgânico,2023-11-02,Não Convertido,,0.0,Agressivo,Holy See (Vatican City State)
43531,Instagram,2023-10-31,Não Convertido,,0.0,Moderado,Bulgaria
43532,Google Ads,2023-11-02,Não Convertido,,0.0,Agressivo,Portugal
43533,Instagram,2023-11-02,Não Convertido,,0.0,Moderado,Saint Barthelemy
43534,Orgânico,2023-10-30,Não Convertido,,0.0,Desconhecido,Swaziland
43535,E-mail Marketing,2023-11-02,Não Convertido,,0.0,Agressivo,Lithuania
43536,Orgânico,2023-11-01,Não Convertido,,0.0,Moderado,North Macedonia
43537,Google Ads,2023-10-30,Não Convertido,,0.0,Desconhecido,French Southern Territories
43538,TikTok,2023-10-31,Não Convertido,,0.0,Moderado,Liberia
43539,E-mail Marketing,2023-11-01,Não Convertido,,0.0,Moderado,Italy
43540,Instagram,2023-11-04,Convertido,24.0,3512.53,Moderado,Lao People's Democratic Republic
43541,Google Ads,2023-11-04,Não Convertido,,0.0,Moderado,French Guiana
43542,Facebook,2023-11-01,Não Convertido,,0.0,Desconhecido,Timor-Leste
43543,E-mail Marketing,2023-11-02,Não Convertido,,0.0,Moderado,Taiwan
43544,WhatsApp,2023-11-03,Não Convertido,,0.0,Moderado,Syrian Arab Republic
43545,Orgânico,2023-11-03,Não Convertido,,0.0,Agressivo,United States Virgin Islands
43546,YouTube Ads,2023-11-02,Não Convertido,,0.0,Agressivo,Canada
43547,Orgânico,2023-11-03,Não Convertido,,0.0,Moderado,Zambia
43548,Instagram,2023-10-30,Não Convertido,,0.0,Moderado,Armenia
43549,E-mail Marketing,2023-11-03,Não Convertido,,0.0,Agressivo,Belize
43550,Facebook,2023-11-01,Não Convertido,,0.0,Agressivo,United Kingdom
43551,WhatsApp,2023-11-03,Não Convertido,,0.0,Agressivo,Armenia
43552,Instagram,2023-11-01,Não Convertido,,0.0,Moderado,Tuvalu
43553,Instagram,2023-11-03,Não Convertido,,0.0,Moderado,Saint Vincent and the Grenadines
43554,Facebook,2023-10-30,Não Convertido,,0.0,Conservador,Pitcairn Islands
43555,Orgânico,2023-11-03,Não Convertido,,0.0,Agressivo,Namibia
43556,Instagram,2023-11-04,Não Convertido,,0.0,Moderado,Saudi Arabia
43557,Google Ads,2023-11-02,Não Convertido,,0.0,Agressivo,Saudi Arabia
43558,TikTok,2023-11-02,Não Convertido,,0.0,Moderado,Wallis and Futuna
43559,E-mail Marketing,2023-10-30,Não Convertido,,0.0,Moderado,Ethiopia
43560,Google Ads,2023-10-30,Não Convertido,,0.0,Desconhecido,Qatar
43561,Instagram,2023-10-31,Não Convertido,,0.0,Agressivo,Cameroon
43562,Indicação,2023-11-01,Não Convertido,,0.0,Desconhecido,Belarus
43563,YouTube Ads,2023-11-01,Não Convertido,,0.0,Moderado,Seychelles
43564,E-mail Marketing,2023-11-01,Não Convertido,,0.0,Moderado,Germany
43565,TikTok,2023-11-02,Não Convertido,,0.0,Agressivo,Guernsey
43566,Facebook,2023-11-03,Não Convertido,,0.0,Moderado,Switzerland
43567,E-mail Marketing,2023-10-31,Não Convertido,,0.0,Desconhecido,Guam
43568,Orgânico,2023-10-31,Não Convertido,,0.0,Moderado,United States of America
43569,Instagram,2023-11-01,Não Convertido,,0.0,Moderado,Armenia
43570,YouTube Ads,2023-11-01,Não Convertido,,0.0,Agressivo,Sudan
43571,Instagram,2023-11-01,Não Convertido,,0.0,Agressivo,Palestinian Territory
43572,TikTok,2023-11-04,Não Convertido,,0.0,Moderado,Barbados
43573,E-mail Marketing,2023-11-03,Não Convertido,,0.0,Conservador,Uruguay
43574,Instagram,2023-11-01,Não Convertido,,0.0,Moderado,Egypt
43575,WhatsApp,2023-11-04,Não Convertido,,0.0,Conservador,Lesotho
43576,TikTok,2023-10-31,Não Convertido,,0.0,Agressivo,Liechtenstein
43577,WhatsApp,2023-10-31,Não Convertido,,0.0,Moderado,Antigua and Barbuda
43578,Orgânico,2023-11-04,Não Convertido,,0.0,Moderado,France
43579,TikTok,2023-11-04,Convertido,11.0,9160.88,Conservador,Guernsey
43580,Facebook,2023-10-31,Não Convertido,,0.0,Desconhecido,Nepal
43581,YouTube Ads,2023-11-02,Não Convertido,,0.0,Moderado,Niue
43582,Google Ads,2023-10-31,Não Convertido,,0.0,Moderado,Burkina Faso
43583,WhatsApp,2023-10-30,Não Convertido,,0.0,Desconhecido,Fiji
43584,Instagram,2023-10-31,Não Convertido,,0.0,Conservador,China
43585,Instagram,2023-10-31,Não Convertido,,0.0,Conservador,Armenia
43586,Orgânico,2023-11-02,Não Convertido,,0.0,Moderado,Belize
43587,Orgânico,2023-11-03,Não Convertido,,0.0,Moderado,Portugal
43588,E-mail Marketing,2023-11-03,Não Convertido,,0.0,Conservador,Puerto Rico
43589,E-mail Marketing,2023-11-01,Não Convertido,,0.0,Moderado,Mexico
43590,Google Ads,2023-11-03,Não Convertido,,0.0,Agressivo,Bhutan
43591,Google Ads,2023-10-30,Não Convertido,,0.0,Moderado,Tunisia
43592,YouTube Ads,2023-11-01,Não Convertido,,0.0,Desconhecido,Slovakia (Slovak Republic)
43593,Google Ads,2023-11-02,Não Convertido,,0.0,Desconhecido,Finland
43594,Facebook,2023-10-31,Não Convertido,,0.0,Desconhecido,Christmas Island
43595,Orgânico,2023-10-31,Não Convertido,,0.0,Moderado,Mayotte
43596,WhatsApp,2023-10-31,Não Convertido,,0.0,Conservador,Anguilla
43597,WhatsApp,2023-10-31,Não Convertido,,0.0,Moderado,Indonesia
43598,Google Ads,2023-11-04,Não Convertido,,0.0,Moderado,Turkmenistan
43599,TikTok,2023-10-30,Não Convertido,,0.0,Agressivo,Jordan
43600,Instagram,2023-11-02,Não Convertido,,0.0,Agressivo,Monaco
43601,TikTok,2023-10-30,Não Convertido,,0.0,Conservador,Libyan Arab Jamahiriya
43602,TikTok,2023-10-30,Não Convertido,,0.0,Agressivo,British Indian Ocean Territory (Chagos Archipelago)
43603,Orgânico,2023-10-30,Não Convertido,,0.0,Moderado,Saint Pierre and Miquelon
43604,Instagram,2023-11-02,Não Convertido,,0.0,Agressivo,Korea
43605,YouTube Ads,2023-11-04,Não Convertido,,0.0,Moderado,Andorra
43606,Google Ads,2023-10-30,Não Convertido,,0.0,Agressivo,Tajikistan
43607,Facebook,2023-11-02,Não Convertido,,0.0,Conservador,Isle of Man
43608,TikTok,2023-10-31,Não Convertido,,0.0,Conservador,Liberia
43609,YouTube Ads,2023-11-04,Não Convertido,,0.0,Moderado,Mali
43610,Facebook,2023-10-30,Convertido,21.0,9059.66,Agressivo,Sweden
43611,Indicação,2023-11-03,Não Convertido,,0.0,Moderado,Venezuela
43612,Google Ads,2023-11-01,Convertido,23.0,8394.46,Agressivo,Netherlands Antilles
43613,Google Ads,2023-11-01,Não Convertido,,0.0,Moderado,Korea
43614,Facebook,2023-11-02,Não Convertido,,0.0,Conservador,Afghanistan
43615,Instagram,2023-11-02,Não Convertido,,0.0,Agressivo,Bolivia
43616,TikTok,2023-11-02,Não Convertido,,0.0,Moderado,Montenegro
43617,Orgânico,2023-11-03,Não Convertido,,0.0,Moderado,San Marino
43618,E-mail Marketing,2023-10-31,Não Convertido,,0.0,Agressivo,Monaco
43619,E-mail Marketing,2023-11-01,Convertido,15.0,3919.74,Moderado,Costa Rica
43620,Google Ads,2023-10-31,Não Convertido,,0.0,Moderado,Bahamas
43621,Orgânico,2023-11-04,Não Convertido,,0.0,Moderado,Spain
43622,E-mail Marketing,2023-10-30,Não Convertido,,0.0,Moderado,Bouvet Island (Bouvetoya)
43623,TikTok,2023-11-01,Não Convertido,,0.0,Moderado,Falkland Islands (Malvinas)
43624,Facebook,2023-10-30,Não Convertido,,0.0,Conservador,Guernsey
43625,E-mail Marketing,2023-11-03,Não Convertido,,0.0,Agressivo,Australia
43626,Instagram,2023-11-04,Não Convertido,,0.0,Moderado,Barbados
43627,Instagram,2023-11-03,Não Convertido,,0.0,Moderado,Spain
43628,E-mail Marketing,2023-10-31,Não Convertido,,0.0,Desconhecido,Brazil
43629,Orgânico,2023-11-03,Não Convertido,,0.0,Moderado,Cyprus
43630,YouTube Ads,2023-11-02,Não Convertido,,0.0,Moderado,Botswana
43631,Facebook,2023-11-01,Não Convertido,,0.0,Moderado,Tajikistan
43632,Orgânico,2023-11-04,Não Convertido,,0.0,Conservador,Cape Verde
43633,YouTube Ads,2023-10-30,Não Convertido,,0.0,Conservador,Timor-Leste
43634,Facebook,2023-11-04,Não Convertido,,0.0,Agressivo,Malaysia
43635,Orgânico,2023-11-01,Não Convertido,,0.0,Agressivo,Romania
43636,Google Ads,2023-11-02,Não Convertido,,0.0,Agressivo,Turkmenistan
43637,YouTube Ads,2023-11-01,Não Convertido,,0.0,Moderado,Liechtenstein
43638,Orgânico,2023-11-01,Não Convertido,,0.0,Conservador,Bolivia
43639,YouTube Ads,2023-11-04,Não Convertido,,0.0,Moderado,Malaysia
43640,Orgânico,2023-11-03,Não Convertido,,0.0,Moderado,Egypt
43641,Orgânico,2023-11-02,Não Convertido,,0.0,Moderado,Tokelau
43642,Google Ads,2023-10-31,Não Convertido,,0.0,Agressivo,Panama
43643,Facebook,2023-10-31,Não Convertido,,0.0,Agressivo,Slovakia (Slovak Republic)
43644,WhatsApp,2023-11-03,Não Convertido,,0.0,Conservador,Spain
43645,Facebook,2023-10-31,Não Convertido,,0.0,Agressivo,Marshall Islands
43646,E-mail Marketing,2023-11-01,Não Convertido,,0.0,Agressivo,Belgium
43647,TikTok,2023-10-30,Não Convertido,,0.0,Moderado,Samoa
43648,YouTube Ads,2023-11-03,Não Convertido,,0.0,Agressivo,Tokelau
43649,Instagram,2023-10-30,Não Convertido,,0.0,Moderado,Taiwan
43650,YouTube Ads,2023-11-01,Não Convertido,,0.0,Conservador,Malaysia
43651,Instagram,2023-10-31,Não Convertido,,0.0,Moderado,Belarus
43652,Orgânico,2023-10-31,Não Convertido,,0.0,Moderado,Dominica
43653,Orgânico,2023-11-04,Não Convertido,,0.0,Moderado,Egypt
43654,WhatsApp,2023-11-01,Não Convertido,,0.0,Agressivo,Azerbaijan
43655,Instagram,2023-11-04,Não Convertido,,0.0,Moderado,Russian Federation
43656,Orgânico,2023-11-01,Não Convertido,,0.0,Agressivo,Falkland Islands (Malvinas)
43657,Facebook,2023-10-31,Não Convertido,,0.0,Moderado,Chad
43658,Orgânico,2023-11-03,Não Convertido,,0.0,Agressivo,Papua New Guinea
43659,E-mail Marketing,2023-11-01,Não Convertido,,0.0,Agressivo,Tonga
43660,Orgânico,2023-10-30,Convertido,14.0,4720.86,Moderado,Christmas Island
43661,WhatsApp,2023-10-30,Não Convertido,,0.0,Conservador,Central African Republic
43662,WhatsApp,2023-11-02,Não Convertido,,0.0,Conservador,Malta
43663,Instagram,2023-11-01,Não Convertido,,0.0,Desconhecido,Jordan
43664,Orgânico,2023-10-31,Não Convertido,,0.0,Agressivo,Falkland Islands (Malvinas)
43665,Google Ads,2023-11-03,Não Convertido,,0.0,Conservador,Mali
43666,Orgânico,2023-11-01,Não Convertido,,0.0,Moderado,Sri Lanka
43667,TikTok,2023-11-04,Não Convertido,,0.0,Conservador,Anguilla
43668,Facebook,2023-11-04,Não Convertido,,0.0,Agressivo,South Africa
43669,YouTube Ads,2023-11-01,Não Convertido,,0.0,Moderado,Ghana
43670,E-mail Marketing,2023-11-03,Não Convertido,,0.0,Agressivo,Peru
43671,YouTube Ads,2023-11-01,Não Convertido,,0.0,Moderado,China
43672,E-mail Marketing,2023-11-03,Convertido,30.0,7229.84,Conservador,Bulgaria
43673,YouTube Ads,2023-11-02,Não Convertido,,0.0,Moderado,Turkey
43674,TikTok,2023-11-02,Convertido,6.0,1621.53,Moderado,Gabon
43675,WhatsApp,2023-10-31,Não Convertido,,0.0,Moderado,Congo
43676,E-mail Marketing,2023-11-02,Não Convertido,,0.0,Conservador,Niger
43677,E-mail Marketing,2023-11-01,Não Convertido,,0.0,Conservador,United Arab Emirates
43678,E-mail Marketing,2023-11-01,Não Convertido,,0.0,Agressivo,Serbia
43679,E-mail Marketing,2023-11-01,Não Convertido,,0.0,Conservador,El Salvador
43680,E-mail Marketing,2023-11-01,Convertido,24.0,9204.92,Moderado,India
43681,YouTube Ads,2023-11-03,Não Convertido,,0.0,Moderado,Poland
43682,TikTok,2023-10-30,Não Convertido,,0.0,Desconhecido,Eritrea
43683,WhatsApp,2023-10-31,Não Convertido,,0.0,Conservador,Namibia
43684,Instagram,2023-10-30,Não Convertido,,0.0,Moderado,Montserrat
43685,Indicação,2023-11-04,Não Convertido,,0.0,Desconhecido,Holy See (Vatican City State)
43686,Indicação,2023-11-02,Não Convertido,,0.0,Conservador,Papua New Guinea
43687,Orgânico,2023-11-03,Não Convertido,,0.0,Moderado,Australia
43688,WhatsApp,2023-10-31,Não Convertido,,0.0,Agressivo,Turkey
43689,Orgânico,2023-11-03,Não Convertido,,0.0,Moderado,Moldova
43690,Facebook,2023-11-02,Não Convertido,,0.0,Agressivo,Zimbabwe
43691,YouTube Ads,2023-11-01,Não Convertido,,0.0,Moderado,French Southern Territories
43692,E-mail Marketing,2023-11-04,Convertido,13.0,7840.42,Moderado,Gambia
43693,Indicação,2023-11-03,Não Convertido,,0.0,Moderado,Monaco
43694,Orgânico,2023-11-01,Não Convertido,,0.0,Agressivo,Sao Tome and Principe
43695,WhatsApp,2023-10-31,Não Convertido,,0.0,Agressivo,Maldives
43696,Facebook,2023-11-02,Não Convertido,,0.0,Desconhecido,Micronesia
43697,Indicação,2023-11-03,Não Convertido,,0.0,Agressivo,Niue
43698,TikTok,2023-11-01,Convertido,6.0,3459.93,Moderado,Belarus
43699,Google Ads,2023-11-03,Não Convertido,,0.0,Desconhecido,Guam
43700,Orgânico,2023-11-01,Convertido,13.0,9696.68,Moderado,Malta
43701,Orgânico,2023-10-30,Não Convertido,,0.0,Agressivo,Canada
43702,TikTok,2023-10-30,Não Convertido,,0.0,Moderado,Bahrain
43703,Orgânico,2023-11-03,Não Convertido,,0.0,Moderado,Venezuela
43704,TikTok,2023-10-30,Não Convertido,,0.0,Conservador,Saint Helena
43705,Orgânico,2023-10-31,Não Convertido,,0.0,Moderado,Korea
43706,E-mail Marketing,2023-11-04,Convertido,20.0,3371.72,Agressivo,Namibia
43707,E-mail Marketing,2023-10-30,Não Convertido,,0.0,Moderado,Madagascar
43708,Instagram,2023-11-02,Não Convertido,,0.0,Agressivo,Bahrain
43709,Orgânico,2023-11-02,Não Convertido,,0.0,Moderado,Albania
43710,E-mail Marketing,2023-11-04,Não Convertido,,0.0,Moderado,Venezuela
43711,WhatsApp,2023-11-01,Não Convertido,,0.0,Agressivo,Puerto Rico
43712,Orgânico,2023-11-01,Não Convertido,,0.0,Conservador,Mauritius
43713,Indicação,2023-11-02,Não Convertido,,0.0,Agressivo,British Virgin Islands
43714,TikTok,2023-11-01,Não Convertido,,0.0,Moderado,Guernsey
43715,E-mail Marketing,2023-11-04,Não Convertido,,0.0,Moderado,Paraguay
43716,Facebook,2023-11-03,Convertido,10.0,5787.59,Moderado,Singapore
43717,Orgânico,2023-11-03,Não Convertido,,0.0,Moderado,Egypt
43718,Instagram,2023-11-04,Não Convertido,,0.0,Agressivo,Suriname
43719,TikTok,2023-11-01,Não Convertido,,0.0,Conservador,Mexico
43720,TikTok,2023-10-30,Não Convertido,,0.0,Moderado,United States Virgin Islands
43721,E-mail Marketing,2023-11-03,Não Convertido,,0.0,Desconhecido,Togo
43722,YouTube Ads,2023-11-01,Não Convertido,,0.0,Conservador,Guadeloupe
43723,E-mail Marketing,2023-10-31,Não Convertido,,0.0,Agressivo,Comoros
43724,WhatsApp,2023-11-03,Convertido,15.0,4394.66,Conservador,Guyana
43725,Instagram,2023-11-04,Não Convertido,,0.0,Moderado,Swaziland
43726,TikTok,2023-11-04,Não Convertido,,0.0,Conservador,India
43727,Google Ads,2023-11-02,Convertido,15.0,6776.43,Moderado,Gambia
43728,Instagram,2023-10-30,Não Convertido,,0.0,Agressivo,Libyan Arab Jamahiriya
43729,Google Ads,2023-11-01,Convertido,11.0,3166.6,Agressivo,Paraguay
43730,Indicação,2023-11-01,Não Convertido,,0.0,Agressivo,Barbados
43731,TikTok,2023-11-04,Não Convertido,,0.0,Moderado,Barbados
43732,E-mail Marketing,2023-11-02,Não Convertido,,0.0,Conservador,Seychelles
43733,Indicação,2023-11-02,Não Convertido,,0.0,Conservador,Dominica
43734,Google Ads,2023-11-04,Não Convertido,,0.0,Conservador,French Southern Territories
43735,TikTok,2023-11-04,Não Convertido,,0.0,Moderado,Venezuela
43736,WhatsApp,2023-10-31,Não Convertido,,0.0,Conservador,United States Minor Outlying Islands
43737,Orgânico,2023-11-04,Não Convertido,,0.0,Moderado,Albania
43738,Orgânico,2023-10-31,Não Convertido,,0.0,Agressivo,Bouvet Island (Bouvetoya)
43739,Google Ads,2023-10-31,Não Convertido,,0.0,Moderado,Comoros
43740,Indicação,2023-11-01,Não Convertido,,0.0,Conservador,Palestinian Territory
43741,Instagram,2023-11-04,Não Convertido,,0.0,Conservador,Guatemala
43742,TikTok,2023-11-01,Não Convertido,,0.0,Moderado,Barbados
43743,Orgânico,2023-10-31,Não Convertido,,0.0,Agressivo,Switzerland
43744,WhatsApp,2023-11-04,Não Convertido,,0.0,Moderado,Niue
43745,YouTube Ads,2023-11-02,Convertido,21.0,5977.7,Agressivo,Kazakhstan
43746,Orgânico,2023-11-01,Convertido,13.0,3870.88,Moderado,Somalia
43747,Instagram,2023-10-30,Convertido,28.0,1854.45,Conservador,Northern Mariana Islands
43748,Orgânico,2023-11-01,Não Convertido,,0.0,Agressivo,Hungary
43749,Orgânico,2023-11-01,Não Convertido,,0.0,Conservador,Northern Mariana Islands
43750,Indicação,2023-11-03,Não Convertido,,0.0,Moderado,Niger
43751,WhatsApp,2023-11-01,Não Convertido,,0.0,Moderado,Angola
43752,Instagram,2023-11-01,Não Convertido,,0.0,Moderado,Cameroon
43753,Facebook,2023-10-30,Não Convertido,,0.0,Moderado,Papua New Guinea
43754,YouTube Ads,2023-11-04,Não Convertido,,0.0,Desconhecido,Greece
43755,WhatsApp,2023-11-01,Não Convertido,,0.0,Moderado,Burundi
43756,Instagram,2023-11-03,Não Convertido,,0.0,Conservador,Mali
43757,E-mail Marketing,2023-11-02,Não Convertido,,0.0,Agressivo,Martinique
43758,Orgânico,2023-11-03,Não Convertido,,0.0,Conservador,Turkey
43759,E-mail Marketing,2023-11-02,Não Convertido,,0.0,Agressivo,Guyana
43760,Orgânico,2023-10-31,Não Convertido,,0.0,Conservador,Sudan
43761,Indicação,2023-11-03,Não Convertido,,0.0,Agressivo,New Caledonia
43762,WhatsApp,2023-11-01,Não Convertido,,0.0,Desconhecido,Iceland
43763,Google Ads,2023-11-04,Não Convertido,,0.0,Agressivo,New Zealand
43764,WhatsApp,2023-10-31,Não Convertido,,0.0,Conservador,Guyana
43765,Instagram,2023-11-01,Não Convertido,,0.0,Moderado,Greece
43766,TikTok,2023-10-31,Não Convertido,,0.0,Conservador,Thailand
43767,YouTube Ads,2023-11-03,Não Convertido,,0.0,Moderado,Georgia
43768,TikTok,2023-10-30,Não Convertido,,0.0,Agressivo,Tunisia
43769,Orgânico,2023-10-31,Não Convertido,,0.0,Moderado,Hong Kong
43770,Google Ads,2023-10-31,Não Convertido,,0.0,Moderado,Korea
43771,WhatsApp,2023-10-30,Não Convertido,,0.0,Agressivo,Antigua and Barbuda
43772,Orgânico,2023-10-31,Não Convertido,,0.0,Agressivo,Lithuania
43773,Orgânico,2023-10-31,Não Convertido,,0.0,Moderado,Macao
43774,YouTube Ads,2023-10-31,Não Convertido,,0.0,Moderado,Antarctica (the territory South of 60 deg S)
43775,E-mail Marketing,2023-10-30,Não Convertido,,0.0,Moderado,Singapore
43776,TikTok,2023-11-02,Não Convertido,,0.0,Agressivo,Armenia
43777,WhatsApp,2023-11-04,Não Convertido,,0.0,Desconhecido,Greenland
43778,E-mail Marketing,2023-11-04,Não Convertido,,0.0,Moderado,Nauru
43779,TikTok,2023-10-31,Não Convertido,,0.0,Agressivo,Vietnam
43780,Google Ads,2023-11-02,Não Convertido,,0.0,Moderado,Spain
43781,Orgânico,2023-11-04,Não Convertido,,0.0,Conservador,Colombia
43782,Instagram,2023-11-01,Não Convertido,,0.0,Desconhecido,Aruba
43783,Instagram,2023-11-01,Não Convertido,,0.0,Moderado,Fiji
43784,Instagram,2023-10-30,Não Convertido,,0.0,Moderado,Ecuador
43785,Orgânico,2023-10-31,Não Convertido,,0.0,Moderado,Sierra Leone
43786,WhatsApp,2023-10-31,Não Convertido,,0.0,Agressivo,Anguilla
43787,Instagram,2023-11-03,Não Convertido,,0.0,Conservador,Guadeloupe
43788,E-mail Marketing,2023-11-01,Não Convertido,,0.0,Agressivo,Czech Republic
43789,E-mail Marketing,2023-11-04,Não Convertido,,0.0,Moderado,Turkey
43790,E-mail Marketing,2023-11-02,Não Convertido,,0.0,Desconhecido,Gibraltar
43791,Instagram,2023-11-04,Não Convertido,,0.0,Moderado,Namibia
43792,Facebook,2023-10-31,Não Convertido,,0.0,Conservador,Mayotte
43793,Orgânico,2023-11-04,Não Convertido,,0.0,Desconhecido,Oman
43794,Orgânico,2023-10-31,Não Convertido,,0.0,Moderado,Costa Rica
43795,Google Ads,2023-11-01,Não Convertido,,0.0,Moderado,Congo
43796,TikTok,2023-11-01,Convertido,15.0,6411.79,Agressivo,Cameroon
43797,E-mail Marketing,2023-10-30,Não Convertido,,0.0,Desconhecido,Ghana
43798,Orgânico,2023-11-03,Não Convertido,,0.0,Moderado,Hong Kong
43799,Instagram,2023-10-30,Não Convertido,,0.0,Agressivo,Belize
43800,Orgânico,2023-11-03,Não Convertido,,0.0,Agressivo,Tuvalu
43801,TikTok,2023-11-04,Não Convertido,,0.0,Desconhecido,Swaziland
43802,TikTok,2023-10-30,Não Convertido,,0.0,Moderado,British Indian Ocean Territory (Chagos Archipelago)
43803,Facebook,2023-10-30,Não Convertido,,0.0,Desconhecido,Yemen
43804,Facebook,2023-11-04,Não Convertido,,0.0,Agressivo,Suriname
43805,Facebook,2023-11-02,Não Convertido,,0.0,Moderado,Montenegro
43806,Facebook,2023-11-01,Convertido,26.0,5365.71,Desconhecido,Luxembourg
43807,Google Ads,2023-10-30,Não Convertido,,0.0,Conservador,Belize
43808,Facebook,2023-10-31,Não Convertido,,0.0,Moderado,Spain
43809,Instagram,2023-11-04,Não Convertido,,0.0,Desconhecido,Antigua and Barbuda
43810,Instagram,2023-10-31,Não Convertido,,0.0,Moderado,Saint Kitts and Nevis
43811,TikTok,2023-11-04,Não Convertido,,0.0,Agressivo,Bermuda
43812,Orgânico,2023-11-03,Não Convertido,,0.0,Conservador,Kenya
43813,Instagram,2023-11-03,Não Convertido,,0.0,Moderado,Denmark
43814,Orgânico,2023-11-04,Convertido,0.0,5143.2,Agressivo,Argentina
43815,Indicação,2023-10-31,Não Convertido,,0.0,Moderado,Ukraine
43816,E-mail Marketing,2023-11-01,Não Convertido,,0.0,Agressivo,Ecuador
43817,Facebook,2023-11-04,Não Convertido,,0.0,Moderado,American Samoa
43818,Orgânico,2023-11-01,Não Convertido,,0.0,Moderado,Bhutan
43819,Google Ads,2023-10-30,Não Convertido,,0.0,Agressivo,Oman
43820,Google Ads,2023-10-30,Não Convertido,,0.0,Conservador,Tajikistan
43821,Instagram,2023-11-02,Não Convertido,,0.0,Desconhecido,Western Sahara
43822,Facebook,2023-11-03,Não Convertido,,0.0,Moderado,Kuwait
43823,Orgânico,2023-10-31,Não Convertido,,0.0,Agressivo,Peru
43824,Orgânico,2023-11-04,Não Convertido,,0.0,Moderado,Venezuela
43825,TikTok,2023-11-03,Não Convertido,,0.0,Agressivo,Yemen
43826,Orgânico,2023-10-30,Não Convertido,,0.0,Agressivo,Macao
43827,Orgânico,2023-10-30,Não Convertido,,0.0,Agressivo,Germany
43828,YouTube Ads,2023-11-03,Não Convertido,,0.0,Moderado,Namibia
43829,Orgânico,2023-11-03,Não Convertido,,0.0,Agressivo,Bermuda
43830,Orgânico,2023-11-01,Não Convertido,,0.0,Agressivo,Tonga
43831,Instagram,2023-10-31,Não Convertido,,0.0,Desconhecido,Wallis and Futuna
43832,YouTube Ads,2023-11-04,Não Convertido,,0.0,Moderado,Tonga
43833,TikTok,2023-11-02,Não Convertido,,0.0,Moderado,Saudi Arabia
43834,Google Ads,2023-11-01,Não Convertido,,0.0,Conservador,Venezuela
43835,YouTube Ads,2023-10-31,Não Convertido,,0.0,Agressivo,Burundi
43836,Orgânico,2023-11-01,Não Convertido,,0.0,Moderado,Turkey
43837,Instagram,2023-11-01,Não Convertido,,0.0,Moderado,Jordan
43838,Instagram,2023-11-01,Não Convertido,,0.0,Agressivo,Pitcairn Islands
43839,Orgânico,2023-11-04,Não Convertido,,0.0,Desconhecido,Albania
43840,YouTube Ads,2023-11-03,Não Convertido,,0.0,Conservador,Israel
43841,Facebook,2023-11-01,Não Convertido,,0.0,Desconhecido,Botswana
43842,E-mail Marketing,2023-11-02,Não Convertido,,0.0,Agressivo,Saudi Arabia
43843,Orgânico,2023-11-04,Não Convertido,,0.0,Moderado,Cameroon
43844,E-mail Marketing,2023-11-03,Não Convertido,,0.0,Desconhecido,Guinea
43845,TikTok,2023-11-03,Não Convertido,,0.0,Moderado,Finland
43846,TikTok,2023-11-02,Não Convertido,,0.0,Moderado,Maldives
43847,Indicação,2023-11-04,Não Convertido,,0.0,Desconhecido,Gambia
43848,Orgânico,2023-10-30,Não Convertido,,0.0,Moderado,Guinea-Bissau
43849,YouTube Ads,2023-10-30,Não Convertido,,0.0,Moderado,Rwanda
43850,Orgânico,2023-10-30,Não Convertido,,0.0,Moderado,Madagascar
43851,WhatsApp,2023-10-30,Não Convertido,,0.0,Agressivo,Uganda
43852,Indicação,2023-11-04,Não Convertido,,0.0,Conservador,Venezuela
43853,WhatsApp,2023-11-02,Não Convertido,,0.0,Desconhecido,Myanmar
43854,Instagram,2023-11-02,Não Convertido,,0.0,Conservador,Ethiopia
43855,Google Ads,2023-10-31,Não Convertido,,0.0,Moderado,Germany
43856,Orgânico,2023-11-01,Não Convertido,,0.0,Moderado,Portugal
43857,Google Ads,2023-11-01,Não Convertido,,0.0,Agressivo,Nicaragua
43858,Orgânico,2023-11-01,Não Convertido,,0.0,Moderado,Portugal
43859,Instagram,2023-11-03,Não Convertido,,0.0,Moderado,Namibia
43860,Orgânico,2023-11-03,Não Convertido,,0.0,Agressivo,Holy See (Vatican City State)
43861,TikTok,2023-11-03,Não Convertido,,0.0,Agressivo,Cyprus
43862,Indicação,2023-11-01,Não Convertido,,0.0,Moderado,Norfolk Island
43863,WhatsApp,2023-11-01,Não Convertido,,0.0,Conservador,British Indian Ocean Territory (Chagos Archipelago)
43864,Facebook,2023-10-30,Não Convertido,,0.0,Moderado,Afghanistan
43865,WhatsApp,2023-10-30,Não Convertido,,0.0,Moderado,Wallis and Futuna
43866,WhatsApp,2023-11-04,Não Convertido,,0.0,Conservador,Pakistan
43867,TikTok,2023-11-03,Não Convertido,,0.0,Moderado,Falkland Islands (Malvinas)
43868,YouTube Ads,2023-11-04,Não Convertido,,0.0,Desconhecido,Cambodia
43869,TikTok,2023-10-31,Não Convertido,,0.0,Conservador,Guam
43870,WhatsApp,2023-10-31,Não Convertido,,0.0,Agressivo,Iraq
43871,Facebook,2023-11-04,Não Convertido,,0.0,Desconhecido,Syrian Arab Republic
43872,Orgânico,2023-11-02,Não Convertido,,0.0,Conservador,French Polynesia
43873,Orgânico,2023-11-01,Não Convertido,,0.0,Agressivo,Barbados
43874,TikTok,2023-10-30,Não Convertido,,0.0,Moderado,Togo
43875,Orgânico,2023-11-01,Não Convertido,,0.0,Moderado,Mongolia
43876,Instagram,2023-10-31,Não Convertido,,0.0,Conservador,Switzerland
43877,Google Ads,2023-10-31,Não Convertido,,0.0,Agressivo,Germany
43878,TikTok,2023-11-03,Não Convertido,,0.0,Conservador,Thailand
43879,Instagram,2023-11-02,Não Convertido,,0.0,Moderado,Guyana
43880,Instagram,2023-11-01,Não Convertido,,0.0,Moderado,Finland
43881,TikTok,2023-10-31,Não Convertido,,0.0,Conservador,Egypt
43882,YouTube Ads,2023-11-02,Não Convertido,,0.0,Moderado,China
43883,Orgânico,2023-11-04,Não Convertido,,0.0,Moderado,Iraq
43884,Instagram,2023-10-30,Não Convertido,,0.0,Moderado,Tuvalu
43885,Orgânico,2023-11-01,Não Convertido,,0.0,Moderado,Brunei Darussalam
43886,Instagram,2023-11-04,Não Convertido,,0.0,Moderado,Thailand
43887,Orgânico,2023-11-01,Não Convertido,,0.0,Moderado,Greece
43888,E-mail Marketing,2023-11-03,Não Convertido,,0.0,Agressivo,Anguilla
43889,Google Ads,2023-11-02,Não Convertido,,0.0,Moderado,Faroe Islands
43890,WhatsApp,2023-11-03,Não Convertido,,0.0,Moderado,San Marino
43891,Instagram,2023-10-31,Não Convertido,,0.0,Moderado,Japan
43892,Instagram,2023-11-01,Não Convertido,,0.0,Moderado,French Southern Territories
43893,Orgânico,2023-11-04,Não Convertido,,0.0,Moderado,Belize
43894,Instagram,2023-11-01,Não Convertido,,0.0,Conservador,Bolivia
43895,Orgânico,2023-11-02,Não Convertido,,0.0,Conservador,Libyan Arab Jamahiriya
43896,Indicação,2023-10-30,Não Convertido,,0.0,Desconhecido,Holy See (Vatican City State)
43897,E-mail Marketing,2023-11-01,Não Convertido,,0.0,Moderado,Puerto Rico
43898,Instagram,2023-10-30,Não Convertido,,0.0,Moderado,Belgium
43899,TikTok,2023-11-03,Não Convertido,,0.0,Agressivo,Nepal
43900,Google Ads,2023-10-30,Convertido,28.0,3091.66,Moderado,Liberia
43901,Instagram,2023-10-31,Não Convertido,,0.0,Conservador,Russian Federation
43902,Facebook,2023-11-02,Não Convertido,,0.0,Conservador,American Samoa
43903,E-mail Marketing,2023-11-01,Não Convertido,,0.0,Moderado,United States of America
43904,Instagram,2023-10-30,Não Convertido,,0.0,Moderado,Monaco
43905,Google Ads,2023-11-01,Não Convertido,,0.0,Moderado,Congo
43906,Facebook,2023-11-03,Não Convertido,,0.0,Conservador,Switzerland
43907,Orgânico,2023-10-31,Não Convertido,,0.0,Agressivo,Egypt
43908,Indicação,2023-11-02,Convertido,26.0,286.15,Conservador,Tokelau
43909,TikTok,2023-10-30,Não Convertido,,0.0,Moderado,Switzerland
43910,Facebook,2023-10-30,Não Convertido,,0.0,Moderado,Cyprus
43911,TikTok,2023-10-30,Não Convertido,,0.0,Moderado,Philippines
43912,Instagram,2023-11-04,Não Convertido,,0.0,Agressivo,Marshall Islands
43913,TikTok,2023-11-01,Não Convertido,,0.0,Conservador,Australia
43914,Instagram,2023-11-03,Convertido,1.0,291.32,Conservador,Venezuela
43915,Instagram,2023-10-30,Não Convertido,,0.0,Moderado,Sierra Leone
43916,Indicação,2023-11-02,Não Convertido,,0.0,Agressivo,Korea
43917,Indicação,2023-10-31,Não Convertido,,0.0,Moderado,United Arab Emirates
43918,Orgânico,2023-10-31,Não Convertido,,0.0,Moderado,Guinea
43919,Instagram,2023-10-31,Não Convertido,,0.0,Moderado,Western Sahara
43920,TikTok,2023-10-30,Não Convertido,,0.0,Conservador,Bermuda
43921,Instagram,2023-11-03,Não Convertido,,0.0,Conservador,Mongolia
43922,E-mail Marketing,2023-11-04,Não Convertido,,0.0,Conservador,Netherlands Antilles
43923,Indicação,2023-11-03,Não Convertido,,0.0,Agressivo,Guinea-Bissau
43924,YouTube Ads,2023-10-31,Não Convertido,,0.0,Moderado,Myanmar
43925,Facebook,2023-11-01,Não Convertido,,0.0,Agressivo,Vanuatu
43926,TikTok,2023-11-03,Não Convertido,,0.0,Moderado,Holy See (Vatican City State)
43927,TikTok,2023-11-04,Não Convertido,,0.0,Desconhecido,Sri Lanka
43928,Instagram,2023-11-02,Convertido,3.0,4771.5,Agressivo,Mali
43929,E-mail Marketing,2023-10-31,Não Convertido,,0.0,Agressivo,Congo
43930,Orgânico,2023-10-31,Não Convertido,,0.0,Agressivo,South Georgia and the South Sandwich Islands
43931,Facebook,2023-10-31,Não Convertido,,0.0,Desconhecido,Chile
43932,Orgânico,2023-10-30,Não Convertido,,0.0,Moderado,Tajikistan
43933,Orgânico,2023-10-30,Não Convertido,,0.0,Moderado,Cyprus
43934,WhatsApp,2023-11-03,Não Convertido,,0.0,Conservador,Argentina
43935,E-mail Marketing,2023-10-30,Não Convertido,,0.0,Moderado,Uzbekistan
43936,TikTok,2023-10-30,Não Convertido,,0.0,Moderado,Ukraine
43937,E-mail Marketing,2023-11-01,Não Convertido,,0.0,Agressivo,El Salvador
43938,TikTok,2023-10-30,Não Convertido,,0.0,Desconhecido,Slovenia
43939,E-mail Marketing,2023-10-30,Não Convertido,,0.0,Moderado,Philippines
43940,TikTok,2023-10-30,Não Convertido,,0.0,Desconhecido,Lesotho
43941,Orgânico,2023-11-03,Não Convertido,,0.0,Moderado,Cote d'Ivoire
43942,WhatsApp,2023-11-04,Não Convertido,,0.0,Moderado,Saint Barthelemy
43943,YouTube Ads,2023-11-01,Não Convertido,,0.0,Conservador,Sierra Leone
43944,Instagram,2023-11-04,Não Convertido,,0.0,Desconhecido,Dominica
43945,E-mail Marketing,2023-11-01,Não Convertido,,0.0,Desconhecido,Burundi
43946,Facebook,2023-11-03,Não Convertido,,0.0,Moderado,Botswana
43947,Orgânico,2023-11-01,Não Convertido,,0.0,Moderado,Kazakhstan
43948,TikTok,2023-10-30,Não Convertido,,0.0,Agressivo,Cayman Islands
43949,Instagram,2023-11-03,Não Convertido,,0.0,Agressivo,Aruba
43950,Orgânico,2023-11-01,Não Convertido,,0.0,Agressivo,Swaziland
43951,Google Ads,2023-10-31,Não Convertido,,0.0,Conservador,Morocco
43952,TikTok,2023-10-30,Não Convertido,,0.0,Moderado,Reunion
43953,Google Ads,2023-11-01,Não Convertido,,0.0,Moderado,Cook Islands
43954,Orgânico,2023-11-04,Não Convertido,,0.0,Agressivo,Zambia
43955,Facebook,2023-11-02,Não Convertido,,0.0,Moderado,Azerbaijan
43956,Google Ads,2023-10-30,Não Convertido,,0.0,Agressivo,Malawi
43957,Instagram,2023-11-03,Não Convertido,,0.0,Agressivo,Cocos (Keeling) Islands
43958,TikTok,2023-11-01,Não Convertido,,0.0,Moderado,Albania
43959,YouTube Ads,2023-11-04,Não Convertido,,0.0,Conservador,Solomon Islands
43960,Orgânico,2023-11-03,Convertido,17.0,602.86,Conservador,Kazakhstan
43961,Orgânico,2023-11-02,Não Convertido,,0.0,Conservador,Haiti
43962,YouTube Ads,2023-11-01,Não Convertido,,0.0,Moderado,Madagascar
43963,Instagram,2023-11-01,Não Convertido,,0.0,Agressivo,Iran
43964,Orgânico,2023-11-03,Não Convertido,,0.0,Agressivo,Germany
43965,Google Ads,2023-11-03,Não Convertido,,0.0,Agressivo,Belize
43966,Orgânico,2023-11-02,Não Convertido,,0.0,Agressivo,Botswana
43967,Orgânico,2023-11-02,Não Convertido,,0.0,Moderado,Cocos (Keeling) Islands
43968,Google Ads,2023-11-03,Não Convertido,,0.0,Moderado,Finland
43969,Orgânico,2023-10-31,Não Convertido,,0.0,Moderado,Jamaica
43970,Instagram,2023-11-04,Não Convertido,,0.0,Desconhecido,Reunion
43971,YouTube Ads,2023-11-03,Não Convertido,,0.0,Moderado,Malawi
43972,Orgânico,2023-10-30,Não Convertido,,0.0,Desconhecido,Romania
43973,Google Ads,2023-10-31,Não Convertido,,0.0,Conservador,Bangladesh
43974,WhatsApp,2023-10-31,Não Convertido,,0.0,Desconhecido,Bouvet Island (Bouvetoya)
43975,Instagram,2023-10-31,Não Convertido,,0.0,Desconhecido,Nigeria
43976,Instagram,2023-10-31,Não Convertido,,0.0,Moderado,Iceland
43977,TikTok,2023-11-02,Não Convertido,,0.0,Agressivo,Venezuela
43978,Google Ads,2023-10-31,Não Convertido,,0.0,Agressivo,Estonia
43979,Indicação,2023-10-30,Convertido,27.0,2500.14,Moderado,Dominican Republic
43980,TikTok,2023-10-30,Não Convertido,,0.0,Conservador,Botswana
43981,WhatsApp,2023-11-03,Não Convertido,,0.0,Moderado,British Virgin Islands
43982,Orgânico,2023-10-31,Não Convertido,,0.0,Conservador,Tajikistan
43983,TikTok,2023-11-04,Não Convertido,,0.0,Moderado,Saint Barthelemy
43984,E-mail Marketing,2023-11-03,Não Convertido,,0.0,Moderado,Timor-Leste
43985,WhatsApp,2023-10-30,Não Convertido,,0.0,Agressivo,Montserrat
43986,Google Ads,2023-10-30,Não Convertido,,0.0,Desconhecido,Cuba
43987,Indicação,2023-10-31,Não Convertido,,0.0,Agressivo,Malawi
43988,YouTube Ads,2023-11-03,Não Convertido,,0.0,Conservador,Albania
43989,Orgânico,2023-10-31,Não Convertido,,0.0,Desconhecido,Guyana
43990,YouTube Ads,2023-10-31,Não Convertido,,0.0,Moderado,Tanzania
43991,Orgânico,2023-11-03,Não Convertido,,0.0,Agressivo,Kazakhstan
43992,Orgânico,2023-11-01,Não Convertido,,0.0,Conservador,Kenya
43993,Instagram,2023-11-03,Não Convertido,,0.0,Moderado,Bosnia and Herzegovina
43994,YouTube Ads,2023-11-03,Não Convertido,,0.0,Moderado,Bangladesh
43995,Indicação,2023-10-31,Não Convertido,,0.0,Moderado,Swaziland
43996,Orgânico,2023-10-30,Não Convertido,,0.0,Conservador,South Georgia and the South Sandwich Islands
43997,Google Ads,2023-11-04,Não Convertido,,0.0,Moderado,Cocos (Keeling) Islands
43998,TikTok,2023-11-04,Não Convertido,,0.0,Agressivo,Canada
43999,Facebook,2023-11-01,Não Convertido,,0.0,Agressivo,New Caledonia
44000,Instagram,2023-11-03,Não Convertido,,0.0,Moderado,Dominica
44001,YouTube Ads,2023-10-31,Não Convertido,,0.0,Moderado,Sierra Leone
44002,Facebook,2023-11-04,Não Convertido,,0.0,Desconhecido,Cyprus
44003,Indicação,2023-10-30,Não Convertido,,0.0,Moderado,Pakistan
44004,TikTok,2023-11-03,Não Convertido,,0.0,Desconhecido,Niger
44005,WhatsApp,2023-11-03,Não Convertido,,0.0,Moderado,Luxembourg
44006,WhatsApp,2023-11-03,Não Convertido,,0.0,Agressivo,Djibouti
44007,Instagram,2023-10-30,Convertido,30.0,2175.05,Moderado,Timor-Leste
44008,Facebook,2023-11-01,Não Convertido,,0.0,Conservador,Micronesia
44009,WhatsApp,2023-11-04,Não Convertido,,0.0,Conservador,Sudan
44010,Orgânico,2023-11-02,Não Convertido,,0.0,Moderado,Hungary
44011,Facebook,2023-11-04,Não Convertido,,0.0,Conservador,Sri Lanka
44012,YouTube Ads,2023-11-02,Não Convertido,,0.0,Moderado,Lao People's Democratic Republic
44013,TikTok,2023-10-30,Não Convertido,,0.0,Moderado,Serbia
44014,Google Ads,2023-11-01,Convertido,9.0,328.74,Desconhecido,Bahamas
44015,Indicação,2023-11-03,Não Convertido,,0.0,Agressivo,Chile
44016,Google Ads,2023-10-31,Não Convertido,,0.0,Moderado,Algeria
44017,Facebook,2023-10-30,Não Convertido,,0.0,Conservador,Luxembourg
44018,TikTok,2023-11-01,Não Convertido,,0.0,Moderado,Hong Kong
44019,TikTok,2023-11-02,Convertido,3.0,4578.58,Agressivo,Timor-Leste
44020,Facebook,2023-11-04,Não Convertido,,0.0,Moderado,Northern Mariana Islands
44021,YouTube Ads,2023-11-02,Não Convertido,,0.0,Conservador,Sao Tome and Principe
44022,Google Ads,2023-11-01,Não Convertido,,0.0,Agressivo,Turkey
44023,Google Ads,2023-10-30,Não Convertido,,0.0,Agressivo,Dominica
44024,E-mail Marketing,2023-11-01,Não Convertido,,0.0,Conservador,Finland
44025,Facebook,2023-11-01,Não Convertido,,0.0,Moderado,United Arab Emirates
44026,Orgânico,2023-10-31,Não Convertido,,0.0,Moderado,Malaysia
44027,Facebook,2023-11-03,Não Convertido,,0.0,Moderado,South Africa
44028,E-mail Marketing,2023-11-03,Não Convertido,,0.0,Conservador,Mayotte
44029,Google Ads,2023-11-04,Não Convertido,,0.0,Conservador,Guadeloupe
44030,Orgânico,2023-10-30,Não Convertido,,0.0,Agressivo,French Polynesia
44031,Orgânico,2023-11-03,Não Convertido,,0.0,Moderado,Norway
44032,TikTok,2023-10-30,Não Convertido,,0.0,Desconhecido,Central African Republic
44033,TikTok,2023-11-02,Não Convertido,,0.0,Conservador,Dominica
44034,Facebook,2023-10-31,Não Convertido,,0.0,Moderado,Micronesia
44035,E-mail Marketing,2023-11-03,Não Convertido,,0.0,Moderado,Moldova
44036,Instagram,2023-11-02,Não Convertido,,0.0,Moderado,Mayotte
44037,Instagram,2023-10-30,Não Convertido,,0.0,Agressivo,Puerto Rico
44038,E-mail Marketing,2023-11-01,Não Convertido,,0.0,Moderado,Czech Republic
44039,TikTok,2023-11-01,Não Convertido,,0.0,Agressivo,Japan
44040,Google Ads,2023-11-02,Não Convertido,,0.0,Conservador,Guadeloupe
44041,Instagram,2023-10-30,Não Convertido,,0.0,Agressivo,France
44042,E-mail Marketing,2023-11-02,Não Convertido,,0.0,Conservador,Burkina Faso
44043,Orgânico,2023-11-02,Não Convertido,,0.0,Conservador,Niue
44044,TikTok,2023-11-04,Não Convertido,,0.0,Moderado,Bulgaria
44045,Facebook,2023-11-02,Convertido,4.0,9141.11,Agressivo,Equatorial Guinea
44046,Orgânico,2023-11-02,Não Convertido,,0.0,Agressivo,Turkmenistan
44047,Google Ads,2023-11-02,Não Convertido,,0.0,Agressivo,South Africa
44048,E-mail Marketing,2023-11-01,Não Convertido,,0.0,Agressivo,United States Minor Outlying Islands
44049,Facebook,2023-10-30,Não Convertido,,0.0,Moderado,Mozambique
44050,E-mail Marketing,2023-11-04,Não Convertido,,0.0,Moderado,Botswana
44051,E-mail Marketing,2023-10-31,Não Convertido,,0.0,Moderado,Somalia
44052,TikTok,2023-11-03,Não Convertido,,0.0,Agressivo,Lesotho
44053,TikTok,2023-11-04,Não Convertido,,0.0,Agressivo,Singapore
44054,WhatsApp,2023-11-02,Não Convertido,,0.0,Moderado,Switzerland
44055,Instagram,2023-11-02,Não Convertido,,0.0,Moderado,Liechtenstein
44056,Orgânico,2023-11-02,Não Convertido,,0.0,Conservador,Saudi Arabia
44057,Orgânico,2023-10-30,Não Convertido,,0.0,Agressivo,Saint Helena
44058,Facebook,2023-11-02,Não Convertido,,0.0,Desconhecido,Switzerland
44059,Orgânico,2023-11-03,Convertido,30.0,7120.57,Moderado,Kuwait
44060,TikTok,2023-11-04,Não Convertido,,0.0,Moderado,Macao
44061,Instagram,2023-11-03,Não Convertido,,0.0,Agressivo,Puerto Rico
44062,Instagram,2023-10-31,Não Convertido,,0.0,Moderado,Micronesia
44063,TikTok,2023-10-30,Não Convertido,,0.0,Agressivo,Israel
44064,Indicação,2023-11-03,Não Convertido,,0.0,Desconhecido,Burundi
44065,TikTok,2023-11-02,Não Convertido,,0.0,Moderado,Samoa
44066,Indicação,2023-10-31,Não Convertido,,0.0,Agressivo,Barbados
44067,Facebook,2023-11-04,Não Convertido,,0.0,Conservador,Guam
44068,Google Ads,2023-11-01,Não Convertido,,0.0,Moderado,Singapore
44069,Google Ads,2023-11-02,Não Convertido,,0.0,Conservador,Zambia
44070,Indicação,2023-11-01,Não Convertido,,0.0,Agressivo,Monaco
44071,E-mail Marketing,2023-11-01,Não Convertido,,0.0,Moderado,Colombia
44072,Orgânico,2023-11-03,Não Convertido,,0.0,Moderado,Mexico
44073,Orgânico,2023-11-02,Não Convertido,,0.0,Agressivo,Venezuela
44074,Orgânico,2023-11-01,Não Convertido,,0.0,Agressivo,Burkina Faso
44075,Google Ads,2023-11-03,Não Convertido,,0.0,Moderado,Palestinian Territory
44076,WhatsApp,2023-10-30,Não Convertido,,0.0,Conservador,Kenya
44077,Instagram,2023-11-03,Não Convertido,,0.0,Agressivo,Kuwait
44078,E-mail Marketing,2023-11-04,Não Convertido,,0.0,Agressivo,Germany
44079,Instagram,2023-11-03,Não Convertido,,0.0,Conservador,Madagascar
44080,YouTube Ads,2023-11-04,Não Convertido,,0.0,Conservador,Martinique
44081,Instagram,2023-11-03,Não Convertido,,0.0,Moderado,Bhutan
44082,YouTube Ads,2023-11-03,Não Convertido,,0.0,Moderado,New Caledonia
44083,Orgânico,2023-10-31,Convertido,0.0,386.83,Agressivo,Costa Rica
44084,Instagram,2023-11-02,Não Convertido,,0.0,Moderado,North Macedonia
44085,E-mail Marketing,2023-10-30,Não Convertido,,0.0,Moderado,Faroe Islands
44086,Orgânico,2023-11-01,Não Convertido,,0.0,Agressivo,Belize
44087,TikTok,2023-10-31,Não Convertido,,0.0,Agressivo,Paraguay
44088,Orgânico,2023-11-01,Não Convertido,,0.0,Moderado,United Kingdom
44089,YouTube Ads,2023-11-04,Não Convertido,,0.0,Moderado,Saint Martin
44090,TikTok,2023-11-02,Não Convertido,,0.0,Conservador,Rwanda
44091,Orgânico,2023-10-30,Não Convertido,,0.0,Moderado,Pakistan
44092,YouTube Ads,2023-11-01,Não Convertido,,0.0,Agressivo,Brunei Darussalam
44093,Orgânico,2023-11-04,Não Convertido,,0.0,Moderado,Aruba
44094,E-mail Marketing,2023-10-31,Não Convertido,,0.0,Desconhecido,Falkland Islands (Malvinas)
44095,Instagram,2023-11-04,Não Convertido,,0.0,Moderado,Paraguay
44096,Facebook,2023-11-02,Não Convertido,,0.0,Moderado,Vietnam
44097,Instagram,2023-10-30,Não Convertido,,0.0,Moderado,Ukraine
44098,E-mail Marketing,2023-11-04,Não Convertido,,0.0,Conservador,Ghana
44099,E-mail Marketing,2023-10-31,Não Convertido,,0.0,Moderado,Gabon
44100,Orgânico,2023-11-01,Não Convertido,,0.0,Conservador,Madagascar
44101,YouTube Ads,2023-11-01,Não Convertido,,0.0,Moderado,Saint Vincent and the Grenadines
44102,E-mail Marketing,2023-11-02,Não Convertido,,0.0,Conservador,Angola
44103,E-mail Marketing,2023-10-31,Não Convertido,,0.0,Conservador,Seychelles
44104,Orgânico,2023-11-01,Não Convertido,,0.0,Moderado,Niger
44105,E-mail Marketing,2023-10-31,Não Convertido,,0.0,Moderado,Mexico
44106,Orgânico,2023-11-03,Não Convertido,,0.0,Desconhecido,Egypt
44107,Instagram,2023-11-01,Não Convertido,,0.0,Moderado,Zimbabwe
44108,Instagram,2023-11-03,Não Convertido,,0.0,Conservador,Serbia
44109,Facebook,2023-11-03,Não Convertido,,0.0,Moderado,British Indian Ocean Territory (Chagos Archipelago)
44110,E-mail Marketing,2023-10-31,Não Convertido,,0.0,Desconhecido,Norfolk Island
44111,YouTube Ads,2023-10-31,Não Convertido,,0.0,Moderado,Niue
44112,Google Ads,2023-10-30,Não Convertido,,0.0,Agressivo,Turks and Caicos Islands
44113,Google Ads,2023-10-31,Não Convertido,,0.0,Moderado,Palau
44114,Instagram,2023-10-31,Não Convertido,,0.0,Conservador,Portugal
44115,Instagram,2023-11-03,Não Convertido,,0.0,Agressivo,Macao
44116,Google Ads,2023-11-04,Não Convertido,,0.0,Desconhecido,Cook Islands
44117,TikTok,2023-10-30,Convertido,29.0,701.67,Agressivo,Kenya
44118,Facebook,2023-11-04,Não Convertido,,0.0,Moderado,Brazil
44119,Google Ads,2023-11-01,Não Convertido,,0.0,Agressivo,Cuba
44120,E-mail Marketing,2023-11-04,Não Convertido,,0.0,Moderado,Bermuda
44121,E-mail Marketing,2023-11-02,Não Convertido,,0.0,Agressivo,Ghana
44122,Indicação,2023-11-01,Convertido,15.0,3483.16,Agressivo,Cameroon
44123,Orgânico,2023-10-31,Convertido,27.0,8932.94,Moderado,Turkmenistan
44124,YouTube Ads,2023-10-31,Não Convertido,,0.0,Conservador,Estonia
44125,YouTube Ads,2023-11-03,Não Convertido,,0.0,Desconhecido,Spain
44126,YouTube Ads,2023-11-02,Não Convertido,,0.0,Conservador,Antigua and Barbuda
44127,Google Ads,2023-11-01,Não Convertido,,0.0,Conservador,Venezuela
44128,Orgânico,2023-10-30,Não Convertido,,0.0,Conservador,Maldives
44129,E-mail Marketing,2023-11-04,Não Convertido,,0.0,Agressivo,Guam
44130,Orgânico,2023-11-04,Não Convertido,,0.0,Agressivo,Djibouti
44131,E-mail Marketing,2023-11-04,Não Convertido,,0.0,Moderado,Nigeria
44132,Google Ads,2023-11-03,Não Convertido,,0.0,Moderado,Finland
44133,WhatsApp,2023-11-01,Não Convertido,,0.0,Agressivo,Somalia
44134,YouTube Ads,2023-11-01,Não Convertido,,0.0,Moderado,Svalbard & Jan Mayen Islands
44135,YouTube Ads,2023-11-03,Não Convertido,,0.0,Conservador,Romania
44136,Orgânico,2023-11-04,Não Convertido,,0.0,Moderado,Moldova
44137,WhatsApp,2023-10-31,Não Convertido,,0.0,Agressivo,South Africa
44138,Google Ads,2023-11-01,Não Convertido,,0.0,Moderado,Pakistan
44139,Google Ads,2023-11-04,Não Convertido,,0.0,Agressivo,Israel
44140,Orgânico,2023-11-04,Não Convertido,,0.0,Moderado,Mongolia
44141,Orgânico,2023-11-01,Não Convertido,,0.0,Moderado,Croatia
44142,YouTube Ads,2023-11-01,Não Convertido,,0.0,Agressivo,Saudi Arabia
44143,Facebook,2023-11-02,Não Convertido,,0.0,Moderado,Saint Barthelemy
44144,YouTube Ads,2023-10-30,Não Convertido,,0.0,Moderado,China
44145,Facebook,2023-11-04,Não Convertido,,0.0,Conservador,Latvia
44146,TikTok,2023-11-01,Não Convertido,,0.0,Agressivo,Bouvet Island (Bouvetoya)
